throws,error
100,0.08
100,0.08
100,0.04
100,0.04
100,0.12
100,0.08
100,0
100,0.2
100,0.04
100,0.4
200,0.06
200,0.24
200,0.06
200,0.12
200,0.14
200,0
200,0.14
200,0.02
200,0.2
200,0.04
300,0.0533333
300,0.0133333
300,0.12
300,0.146667
300,0.0533333
300,0.04
300,0.0666667
300,0.0666667
300,0.0933333
300,0.0533333
400,0.02
400,0.02
400,0.04
400,0.01
400,0.14
400,0.02
400,0.08
400,0.06
400,0.04
400,0.02
500,0.064
500,0.072
500,0.16
500,0.032
500,0.04
500,0.096
500,0.008
500,0.096
500,0.024
500,0.064
600,0.0333333
600,0.0133333
600,0.0133333
600,0.0733333
600,0.0933333
600,0.00666667
600,0.0666667
600,0
600,0.0466667
600,0.0733333
700,0.0628571
700,0.0171429
700,0.04
700,0.0628571
700,0.0971429
700,0.0514286
700,0.131429
700,0.0685714
700,0.08
700,0.0571429
800,0.14
800,0.01
800,0.015
800,0.05
800,0.01
800,0.005
800,0.075
800,0.04
800,0.07
800,0.015
900,0.08
900,0.0266667
900,0.0577778
900,0.00444444
900,0.0311111
900,0.0533333
900,0.0311111
900,0.0177778
900,0.0222222
900,0.00888889
1000,0.096
1000,0.008
1000,0.028
1000,0.044
1000,0.016
1000,0.004
1000,0.06
1000,0.008
1000,0.052
1000,0.032
1100,0.0327273
1100,0.0727273
1100,0.0545455
1100,0.0763636
1100,0.0654545
1100,0.08
1100,0.0509091
1100,0.0436364
1100,0.0436364
1100,0.0472727
1200,0.00666667
1200,0.00666667
1200,0.0166667
1200,0.0266667
1200,0.0133333
1200,0.08
1200,0.0133333
1200,0.0266667
1200,0.0233333
1200,0.0133333
1300,0.04
1300,0.0707692
1300,0.0215385
1300,0.00923077
1300,0.0492308
1300,0.0153846
1300,0.04
1300,0.129231
1300,0
1300,0.00615385
1400,0.00857143
1400,0.0342857
1400,0.0314286
1400,0.0142857
1400,0.00285714
1400,0.0142857
1400,0.00285714
1400,0.0171429
1400,0.0342857
1400,0.04
1500,0.0533333
1500,0.008
1500,0.130667
1500,0.00266667
1500,0.0426667
1500,0.008
1500,0.016
1500,0.016
1500,0.0906667
1500,0.0533333
1600,0.035
1600,0.08
1600,0.0225
1600,0.0275
1600,0.0125
1600,0
1600,0.0375
1600,0.0275
1600,0.0325
1600,0.0125
1700,0.08
1700,0.0517647
1700,0.0329412
1700,0.141176
1700,0.0729412
1700,0.0305882
1700,0.0658824
1700,0.0141176
1700,0.0611765
1700,0.0282353
1800,0.0711111
1800,0.0244444
1800,0.0333333
1800,0.02
1800,0.0377778
1800,0.00666667
1800,0.0311111
1800,0.00444444
1800,0.0177778
1800,0.0488889
1900,0.0442105
1900,0.0547368
1900,0.00210526
1900,0.0421053
1900,0
1900,0.0210526
1900,0.0526316
1900,0.0547368
1900,0.00631579
1900,0
2000,0.01
2000,0.04
2000,0.02
2000,0.004
2000,0.008
2000,0.042
2000,0.042
2000,0.01
2000,0.054
2000,0.006
2100,0.0114286
2100,0.00380952
2100,0.00571429
2100,0.0228571
2100,0.00571429
2100,0.0114286
2100,0.00761905
2100,0.00190476
2100,0.0342857
2100,0.0361905
2200,0.0290909
2200,0.02
2200,0.0181818
2200,0.0527273
2200,0.0345455
2200,0.0181818
2200,0.0218182
2200,0.0181818
2200,0.00545455
2200,0.0127273
2300,0.0347826
2300,0.0365217
2300,0.0156522
2300,0.0730435
2300,0.0417391
2300,0.0347826
2300,0.04
2300,0.0278261
2300,0.00869565
2300,0.00695652
2400,0.0483333
2400,0.0366667
2400,0.103333
2400,0.01
2400,0.0316667
2400,0.00166667
2400,0.00333333
2400,0.015
2400,0.04
2400,0.0316667
2500,0.0256
2500,0.04
2500,0.0112
2500,0.0336
2500,0
2500,0.0368
2500,0.0416
2500,0.0224
2500,0.0192
2500,0.0016
2600,0.0276923
2600,0.0261538
2600,0.0307692
2600,0.0123077
2600,0.0246154
2600,0.0215385
2600,0
2600,0.101538
2600,0.00307692
2600,0.0123077
2700,0.0103704
2700,0
2700,0.0222222
2700,0.0251852
2700,0.0266667
2700,0.0592593
2700,0.0281481
2700,0.0207407
2700,0.0355556
2700,0.0162963
2800,0.0185714
2800,0.00714286
2800,0.0285714
2800,0.0157143
2800,0.0157143
2800,0.0371429
2800,0.0271429
2800,0.0314286
2800,0.00142857
2800,0.00285714
2900,0.0275862
2900,0.0427586
2900,0.0262069
2900,0.0165517
2900,0.0358621
2900,0.0124138
2900,0.0234483
2900,0.00551724
2900,0.0248276
2900,0.0206897
3000,0.0106667
3000,0.004
3000,0.0413333
3000,0.0426667
3000,0.00666667
3000,0.032
3000,0.0213333
3000,0.024
3000,0.0333333
3000,0.024
3100,0.0206452
3100,0.036129
3100,0.00516129
3100,0.0270968
3100,0.04
3100,0.0658065
3100,0.0219355
3100,0.0116129
3100,0.0374194
3100,0.00129032
3200,0.02125
3200,0.0325
3200,0.02875
3200,0.00125
3200,0
3200,0.00625
3200,0.01125
3200,0.08
3200,0.02375
3200,0.0275
3300,0.0181818
3300,0.0412121
3300,0.0206061
3300,0.0484848
3300,0.0121212
3300,0.0436364
3300,0.00727273
3300,0.0133333
3300,0.0593939
3300,0.00121212
3400,0.0270588
3400,0.0258824
3400,0.00470588
3400,0.00117647
3400,0.0435294
3400,0.0423529
3400,0.0223529
3400,0.0211765
3400,0.00117647
3400,0.0423529
3500,0.0228571
3500,0.00914286
3500,0.0468571
3500,0.0228571
3500,0.008
3500,0.0331429
3500,0.0354286
3500,0.00342857
3500,0.0182857
3500,0.0354286
3600,0.00666667
3600,0.0144444
3600,0.00444444
3600,0.0155556
3600,0.01
3600,0.0255556
3600,0.0711111
3600,0.00888889
3600,0.0111111
3600,0.0233333
3700,0.00216216
3700,0.00324324
3700,0.0118919
3700,0.0637838
3700,0.0475676
3700,0.0172973
3700,0.0108108
3700,0.00540541
3700,0.0518919
3700,0.0378378
3800,0.0210526
3800,0.0210526
3800,0.0242105
3800,0.0210526
3800,0.0115789
3800,0.00210526
3800,0.0105263
3800,0.0242105
3800,0.00842105
3800,0.00736842
3900,0.014359
3900,0.00717949
3900,0.0338462
3900,0.00717949
3900,0.00820513
3900,0.00205128
3900,0.0389744
3900,0.00512821
3900,0.0328205
3900,0.0441026
4000,0.014
4000,0.051
4000,0.007
4000,0.014
4000,0.057
4000,0.02
4000,0.014
4000,0.055
4000,0.034
4000,0.034
4100,0.00682927
4100,0.00780488
4100,0.0253659
4100,0.0302439
4100,0.0273171
4100,0.0165854
4100,0.0126829
4100,0.0341463
4100,0.0146341
4100,0.0117073
4200,0.0133333
4200,0.0104762
4200,0.0466667
4200,0.0142857
4200,0.0190476
4200,0.0114286
4200,0.00571429
4200,0.0447619
4200,0.012381
4200,0
4300,0.0139535
4300,0.0306977
4300,0.00930233
4300,0.0195349
4300,0.0390698
4300,0.0269767
4300,0.0167442
4300,0.0232558
4300,0.00186047
4300,0.00930233
4400,0.0427273
4400,0.00818182
4400,0.0409091
4400,0.0281818
4400,0.00545455
4400,0.0754545
4400,0.0272727
4400,0.0181818
4400,0.0127273
4400,0.00363636
4500,0.0373333
4500,0.0275556
4500,0.0106667
4500,0.0177778
4500,0.000888889
4500,0.0284444
4500,0.0142222
4500,0.0248889
4500,0.0133333
4500,0.0266667
4600,0.0721739
4600,0.0347826
4600,0.0365217
4600,0.0234783
4600,0.0269565
4600,0.0208696
4600,0.0391304
4600,0.0147826
4600,0.0321739
4600,0.0330435
4700,0.0374468
4700,0.00595745
4700,0.012766
4700,0.0280851
4700,0.0365957
4700,0.00425532
4700,0
4700,0.0102128
4700,0.0110638
4700,0.0119149
4800,0
4800,0.0075
4800,0.00583333
4800,0.065
4800,0.0175
4800,0.045
4800,0.0383333
4800,0.05
4800,0.0191667
4800,0.01
4900,0.00653061
4900,0.00816327
4900,0.0285714
4900,0.0579592
4900,0.0228571
4900,0.04
4900,0.0163265
4900,0.0497959
4900,0.0204082
4900,0.0138776
5000,0.0216
5000,0.0216
5000,0.0368
5000,0.0128
5000,0.0128
5000,0.0136
5000,0.0136
5000,0.0016
5000,0.0072
5000,0.0192
5100,0.00784314
5100,0.0266667
5100,0.0117647
5100,0.0188235
5100,0.0337255
5100,0.0368627
5100,0.0509804
5100,0.0360784
5100,0.0101961
5100,0
5200,0.00384615
5200,0.0184615
5200,0.0307692
5200,0.0384615
5200,0.0307692
5200,0
5200,0.0261538
5200,0.00769231
5200,0.00538462
5200,0.0338462
5300,0.0045283
5300,0.0415094
5300,0.010566
5300,0.000754717
5300,0.0150943
5300,0.0218868
5300,0.00377358
5300,0.0377358
5300,0.034717
5300,0.0188679
5400,0.0296296
5400,0.0451852
5400,0.042963
5400,0.00814815
5400,0.0125926
5400,0.00148148
5400,0.0148148
5400,0.0111111
5400,0.00814815
5400,0.0511111
5500,0.0203636
5500,0.00581818
5500,0.0116364
5500,0.0312727
5500,0.00145455
5500,0.0189091
5500,0.0116364
5500,0.0298182
5500,0.00581818
5500,0.000727273
5600,0.0135714
5600,0.00214286
5600,0.00357143
5600,0.005
5600,0.0428571
5600,0
5600,0.0257143
5600,0.0114286
5600,0.0357143
5600,0.00214286
5700,0.0203509
5700,0.0161404
5700,0.0119298
5700,0.0168421
5700,0.0364912
5700,0.00210526
5700,0.0273684
5700,0.00280702
5700,0.0189474
5700,0.0182456
5800,0.0365517
5800,0.0062069
5800,0.0372414
5800,0.0062069
5800,0.017931
5800,0.00551724
5800,0.0234483
5800,0.0158621
5800,0.0331034
5800,0.0365517
5900,0.0244068
5900,0.020339
5900,0.0630508
5900,0.00338983
5900,0.0298305
5900,0.0122034
5900,0.0413559
5900,0.020339
5900,0.0257627
5900,0.00813559
6000,0.000666667
6000,0.0153333
6000,0.0313333
6000,0.02
6000,0.034
6000,0.0146667
6000,0.00933333
6000,0.0206667
6000,0.0266667
6000,0.014
6100,0.00721311
6100,0.00393443
6100,0.00393443
6100,0.0222951
6100,0.024918
6100,0.0419672
6100,0
6100,0.000655738
6100,0.00262295
6100,0.000655738
6200,0.0167742
6200,0.00580645
6200,0.00322581
6200,0.0129032
6200,0.0116129
6200,0.016129
6200,0.00129032
6200,0.0116129
6200,0.00516129
6200,0.0270968
6300,0.0292063
6300,0.0152381
6300,0.0260317
6300,0.0228571
6300,0.0380952
6300,0.00380952
6300,0.00253968
6300,0.00190476
6300,0.00634921
6300,0.0438095
6400,0.02
6400,0.00125
6400,0.0275
6400,0.0225
6400,0.024375
6400,0.003125
6400,0.00125
6400,0.018125
6400,0.029375
6400,0.01625
6500,0.0492308
6500,0.0110769
6500,0.0172308
6500,0.0110769
6500,0.0116923
6500,0.0196923
6500,0.000615385
6500,0.0449231
6500,0.00492308
6500,0.0270769
6600,0.0272727
6600,0.00363636
6600,0.00727273
6600,0.00484848
6600,0.0030303
6600,0.00363636
6600,0.0381818
6600,0.0230303
6600,0.00242424
6600,0.0436364
6700,0.0316418
6700,0.0041791
6700,0.0322388
6700,0.0161194
6700,0.00597015
6700,0.0119403
6700,0.0143284
6700,0.0250746
6700,0.00835821
6700,0.0107463
6800,0.0117647
6800,0.0305882
6800,0.0176471
6800,0.0241176
6800,0.00352941
6800,0.00294118
6800,0.0141176
6800,0.0470588
6800,0.0135294
6800,0.0247059
6900,0.0191304
6900,0.0301449
6900,0.0162319
6900,0.00057971
6900,0.0127536
6900,0.0318841
6900,0.017971
6900,0.00985507
6900,0.0127536
6900,0.00869565
7000,0.00285714
7000,0.0211429
7000,0.0137143
7000,0.0325714
7000,0.0325714
7000,0.0131429
7000,0
7000,0.00914286
7000,0.0251429
7000,0.0302857
7100,0.0174648
7100,0.00788732
7100,0.0264789
7100,0.0180282
7100,0.00450704
7100,0.0107042
7100,0.00901408
7100,0.00169014
7100,0
7100,0.044507
7200,0.0322222
7200,0.0188889
7200,0.005
7200,0.0405556
7200,0.0177778
7200,0.00722222
7200,0.0294444
7200,0.01
7200,0.0111111
7200,0.00722222
7300,0.00657534
7300,0.0410959
7300,0.0334247
7300,0.0131507
7300,0.00273973
7300,0.00767123
7300,0.00164384
7300,0.0169863
7300,0.0126027
7300,0.0175342
7400,0.00864865
7400,0.00486486
7400,0.00810811
7400,0.00162162
7400,0.0135135
7400,0.0108108
7400,0.0194595
7400,0.0189189
7400,0.0389189
7400,0.012973
7500,0.0272
7500,0.00266667
7500,0.00693333
7500,0.024
7500,0.0154667
7500,0.0032
7500,0.0112
7500,0.00746667
7500,0.0117333
7500,0.0165333
7600,0.0189474
7600,0.0231579
7600,0.00578947
7600,0.00421053
7600,0.0305263
7600,0.00368421
7600,0.0184211
7600,0.0126316
7600,0.0305263
7600,0.0184211
7700,0.0207792
7700,0.00831169
7700,0.00519481
7700,0.0197403
7700,0.00207792
7700,0.025974
7700,0.0187013
7700,0.0322078
7700,0.014026
7700,0.0150649
7800,0.0174359
7800,0.0210256
7800,0.00820513
7800,0.0430769
7800,0.02
7800,0.0251282
7800,0.0189744
7800,0.00871795
7800,0.0261538
7800,0.0338462
7900,0.0106329
7900,0.0116456
7900,0.0121519
7900,0.0187342
7900,0.0126582
7900,0.0227848
7900,0.0192405
7900,0.0121519
7900,0.000506329
7900,0.00810127
8000,0.0025
8000,0.007
8000,0.0075
8000,0.005
8000,0.0125
8000,0.0045
8000,0.017
8000,0.006
8000,0.03
8000,0.007
8100,0.0202469
8100,0.0138272
8100,0.0128395
8100,0.00493827
8100,0.00691358
8100,0.0197531
8100,0.00395062
8100,0.0251852
8100,0.0138272
8100,0.00839506
8200,0.0102439
8200,0.0307317
8200,0.0165854
8200,0.0234146
8200,0.02
8200,0.00536585
8200,0.0121951
8200,0.00682927
8200,0.0180488
8200,0.0126829
8300,0.00578313
8300,0.0086747
8300,0.00722892
8300,0.0226506
8300,0.0255422
8300,0.0255422
8300,0.0120482
8300,0.0216867
8300,0.00915663
8300,0.0221687
8400,0.0147619
8400,0.00619048
8400,0.00428571
8400,0.00380952
8400,0.0238095
8400,0.0109524
8400,0.0238095
8400,0.0157143
8400,0.0104762
8400,0.00904762
8500,0.00329412
8500,0.0192941
8500,0.00611765
8500,0.0268235
8500,0.0277647
8500,0.0301176
8500,0.0122353
8500,0.0112941
8500,0.0272941
8500,0.00658824
8600,0.000465116
8600,0.032093
8600,0.00744186
8600,0.0111628
8600,0.015814
8600,0.00883721
8600,0.00139535
8600,0.0344186
8600,0.00232558
8600,0.00186047
8700,0.0105747
8700,0.0151724
8700,0.0358621
8700,0.0229885
8700,0.0427586
8700,0.00551724
8700,0.0110345
8700,0.0142529
8700,0.00873563
8700,0.0110345
8800,0.0204545
8800,0.0168182
8800,0.00863636
8800,0.0204545
8800,0.005
8800,0.0213636
8800,0.0295455
8800,0.0209091
8800,0.00772727
8800,0.00818182
8900,0.00764045
8900,0.0211236
8900,0.000449438
8900,0.0148315
8900,0.0175281
8900,0.00853933
8900,0.0202247
8900,0.00719101
8900,0.0094382
8900,0.00404494
9000,0.0177778
9000,0.0133333
9000,0.0111111
9000,0.0124444
9000,0.00177778
9000,0.0284444
9000,0.00222222
9000,0.0133333
9000,0.00888889
9000,0.0115556
9100,0.000879121
9100,0.00659341
9100,0.00923077
9100,0.0356044
9100,0.0167033
9100,0.0487912
9100,0.0136264
9100,0.0316484
9100,0.021978
9100,0.00307692
9200,0.0395652
9200,0.0186957
9200,0.0304348
9200,0.013913
9200,0.00478261
9200,0.0143478
9200,0.0169565
9200,0.00478261
9200,0.0073913
9200,0.00913043
9300,0.0309677
9300,0.0197849
9300,0.00774194
9300,0.0262366
9300,0.0288172
9300,0.0270968
9300,0.00903226
9300,0.0103226
9300,0.0141935
9300,0
9400,0
9400,0.0204255
9400,0.0417021
9400,0.00638298
9400,0.0365957
9400,0.0012766
9400,0.0187234
9400,0.00212766
9400,0.0361702
9400,0.00255319
9500,0.0290526
9500,0.00715789
9500,0.000842105
9500,0.0109474
9500,0.00252632
9500,0.0227368
9500,0.032
9500,0.0446316
9500,0.0126316
9500,0.00210526
9600,0.0175
9600,0.0075
9600,0.00541667
9600,0.00625
9600,0.00333333
9600,0.0145833
9600,0.0075
9600,0.00708333
9600,0.0133333
9600,0.0141667
9700,0.0164948
9700,0.00329897
9700,0.00907216
9700,0.0160825
9700,0.0206186
9700,0.000412371
9700,0.00206186
9700,0.0185567
9700,0.0379381
9700,0.00494845
9800,0.0167347
9800,0.00367347
9800,0.0265306
9800,0.0126531
9800,0.0118367
9800,0.0212245
9800,0.0102041
9800,0.0236735
9800,0.00816327
9800,0.0208163
9900,0.0145455
9900,0.00444444
9900,0.020202
9900,0.0020202
9900,0.0193939
9900,0.00646465
9900,0.0246465
9900,0.0185859
9900,0.00161616
9900,0.0226263
10000,0.0376
10000,0.0124
10000,0.0004
10000,0.0036
10000,0.0108
10000,0.0008
10000,0.0112
10000,0.0008
10000,0.018
10000,0.0252
10100,0.00910891
10100,0.00831683
10100,0.0308911
10100,0.0427723
10100,0.0194059
10100,0.0170297
10100,0.000792079
10100,0.0019802
10100,0.00950495
10100,0.0316832
10200,0.000392157
10200,0.0129412
10200,0.0227451
10200,0.02
10200,0.012549
10200,0.00470588
10200,0.0137255
10200,0.0133333
10200,0.0231373
10200,0.0247059
10300,0.00349515
10300,0.00349515
10300,0.0198058
10300,0.00699029
10300,0.0120388
10300,0.00116505
10300,0.0252427
10300,0.0229126
10300,0.00466019
10300,0.0015534
10400,0.00153846
10400,0.000769231
10400,0.0280769
10400,0.00192308
10400,0.0126923
10400,0.0242308
10400,0.0142308
10400,0.0196154
10400,0.0326923
10400,0.00615385
10500,0.0152381
10500,0.0118095
10500,0.0106667
10500,0.0087619
10500,0.0167619
10500,0.0198095
10500,0.00952381
10500,0.00457143
10500,0.0125714
10500,0.0182857
10600,0.0207547
10600,0.0237736
10600,0.0233962
10600,0.029434
10600,0.00641509
10600,0.0166038
10600,0.0215094
10600,0.010566
10600,0.0184906
10600,0.0392453
10700,0.00448598
10700,0.0254206
10700,0.0011215
10700,0.000373832
10700,0.0164486
10700,0.0205607
10700,0.00971963
10700,0.00897196
10700,0.0134579
10700,0.00261682
10800,0.022963
10800,0.0181481
10800,0.0140741
10800,0.0344444
10800,0.00222222
10800,0.0114815
10800,0.00481481
10800,0.0118519
10800,0.0174074
10800,0.0155556
10900,0.000733945
10900,0.0187156
10900,0.00110092
10900,0.00256881
10900,0.0253211
10900,0.00990826
10900,0.0381651
10900,0.00110092
10900,0.0121101
10900,0.0154128
11000,0.0145455
11000,0.00181818
11000,0.00690909
11000,0.0134545
11000,0.00145455
11000,0.00181818
11000,0.0105455
11000,0.0145455
11000,0.000363636
11000,0.004
11100,0.00504505
11100,0.00756757
11100,0.04
11100,0.00684685
11100,0.00468468
11100,0.00900901
11100,0.00576577
11100,0.00432432
11100,0.0133333
11100,0.000720721
11200,0.00392857
11200,0.0132143
11200,0.00928571
11200,0.00892857
11200,0.0125
11200,0.00714286
11200,0.00714286
11200,0.0121429
11200,0.00928571
11200,0.0267857
11300,0.00637168
11300,0.00106195
11300,0.00814159
11300,0.00637168
11300,0.0166372
11300,0.00106195
11300,0.000353982
11300,0.00106195
11300,0.00884956
11300,0.0346903
11400,0.0045614
11400,0.000350877
11400,0.025614
11400,0.00947368
11400,0.0403509
11400,0.0340351
11400,0.00315789
11400,0.017193
11400,0.00105263
11400,0.00105263
11500,0.0187826
11500,0.018087
11500,0.016
11500,0.0170435
11500,0.00452174
11500,0.0013913
11500,0.00278261
11500,0.00243478
11500,0.0093913
11500,0.00904348
11600,0.0106897
11600,0.0155172
11600,0.0124138
11600,0.00965517
11600,0.0234483
11600,0.0062069
11600,0.00862069
11600,0.0251724
11600,0.00931034
11600,0.0355172
11700,0.0136752
11700,0.00717949
11700,0.00239316
11700,0.00478632
11700,0.0211966
11700,0.00034188
11700,0.00239316
11700,0.0126496
11700,0.0287179
11700,0.014359
11800,0.0183051
11800,0.020339
11800,0.00338983
11800,0.0315254
11800,0.0257627
11800,0.0277966
11800,0.00576271
11800,0.0352542
11800,0.00677966
11800,0.0213559
11900,0.0383193
11900,0.0238655
11900,0.00941176
11900,0.00806723
11900,0.00470588
11900,0.0107563
11900,0.00672269
11900,0.027563
11900,0.00168067
11900,0.00773109
12000,0.0133333
12000,0.015
12000,0.021
12000,0.0113333
12000,0.00366667
12000,0.0183333
12000,0.00333333
12000,0.0143333
12000,0.00166667
12000,0.0223333
12100,0.0238017
12100,0.0185124
12100,0.0228099
12100,0.0218182
12100,0.0128926
12100,0.00991736
12100,0.00561983
12100,0.00628099
12100,0.0360331
12100,0.0122314
12200,0.0190164
12200,0.00852459
12200,0.0042623
12200,0.00622951
12200,0.0121311
12200,0.00655738
12200,0.0101639
12200,0.0108197
12200,0.00819672
12200,0.0101639
12300,0.0273171
12300,0.00520325
12300,0.000325203
12300,0.0139837
12300,0.0204878
12300,0.00162602
12300,0.00878049
12300,0.0162602
12300,0.00845528
12300,0.000650407
12400,0.00354839
12400,0.00967742
12400,0.0429032
12400,0.00774194
12400,0.0183871
12400,0.0016129
12400,0.00645161
12400,0.00774194
12400,0.0187097
12400,0.00580645
12500,0.01184
12500,0
12500,0.0304
12500,0.01664
12500,0.01184
12500,0.00256
12500,0.00256
12500,0.01056
12500,0.00544
12500,0.0192
12600,0
12600,0.00222222
12600,0.00126984
12600,0.00952381
12600,0.0228571
12600,0.00825397
12600,0.0114286
12600,0.0301587
12600,0.00761905
12600,0.0107937
12700,0.0466142
12700,0.00598425
12700,0.00220472
12700,0.00755906
12700,0.0119685
12700,0.000629921
12700,0.00440945
12700,0.00629921
12700,0.00598425
12700,0.00220472
12800,0.01125
12800,0.019375
12800,0.0053125
12800,0.000625
12800,0.0109375
12800,0.0028125
12800,0.0046875
12800,0.024375
12800,0.010625
12800,0.0059375
12900,0.0114729
12900,0.0192248
12900,0.0254264
12900,0.00372093
12900,0.0220155
12900,0.00527132
12900,0.00620155
12900,0.00806202
12900,0.0155039
12900,0.0096124
13000,0.0252308
13000,0.0166154
13000,0.00769231
13000,0.00184615
13000,0.00276923
13000,0.0132308
13000,0.0276923
13000,0.028
13000,0.00307692
13000,0.0107692
13100,0.0299237
13100,0.00152672
13100,0.0201527
13100,0.000610687
13100,0.00274809
13100,0.00671756
13100,0.0125191
13100,0.019542
13100,0.0021374
13100,0.030229
13200,0.0069697
13200,0.00636364
13200,0.00545455
13200,0.00757576
13200,0.0160606
13200,0.0112121
13200,0.00212121
13200,0.0151515
13200,0.010303
13200,0.0190909
13300,0.00451128
13300,0.0123308
13300,0.00661654
13300,0.0126316
13300,0.00330827
13300,0.00992481
13300,0.0270677
13300,0.0189474
13300,0.0117293
13300,0.0075188
13400,0.0176119
13400,0
13400,0.00925373
13400,0.0214925
13400,0.0038806
13400,0.0155224
13400,0.00746269
13400,0.0295522
13400,0.00537313
13400,0.00238806
13500,0.00148148
13500,0.00859259
13500,0.00533333
13500,0.00740741
13500,0.0195556
13500,0.00622222
13500,0.00355556
13500,0.00888889
13500,0.00740741
13500,0.00651852
13600,0.00647059
13600,0.00970588
13600,0.0302941
13600,0.0144118
13600,0.00617647
13600,0.00558824
13600,0.00852941
13600,0.0247059
13600,0.0194118
13600,0.0305882
13700,0.00905109
13700,0.0049635
13700,0.0166423
13700,0.010219
13700,0.00291971
13700,0.0116788
13700,0.0049635
13700,0.00525547
13700,0.00817518
13700,0.0175182
13800,0.00521739
13800,0.0304348
13800,0.00202899
13800,0.013913
13800,0.0197101
13800,0.00376812
13800,0.00115942
13800,0.0165217
13800,0.0171014
13800,0.00898551
13900,0.0143885
13900,0.0057554
13900,0.0115108
13900,0.0198561
13900,0.000863309
13900,0.0135252
13900,0.022446
13900,0.00028777
13900,0.025036
13900,0.0218705
14000,0.0145714
14000,0.0202857
14000,0.000285714
14000,0.004
14000,0.0351429
14000,0.0168571
14000,0.0402857
14000,0.00742857
14000,0.0425714
14000,0.0142857
14100,0.0215603
14100,0.00595745
14100,0.00453901
14100,0.00595745
14100,0.00368794
14100,0.00425532
14100,0.0070922
14100,0.000567376
14100,0.00624113
14100,0.0238298
14200,0.00676056
14200,0.00084507
14200,0.0160563
14200,0.0290141
14200,0.0104225
14200,0.0112676
14200,0.0374648
14200,0.0107042
14200,0.0056338
14200,0.0104225
14300,0.00167832
14300,0.00699301
14300,0.020979
14300,0.0151049
14300,0.00727273
14300,0.0013986
14300,0.00335664
14300,0.00503497
14300,0.0123077
14300,0.00839161
14400,0.00611111
14400,0.00333333
14400,0.00583333
14400,0.0105556
14400,0.0286111
14400,0.00333333
14400,0.0216667
14400,0.00277778
14400,0.0108333
14400,0.00361111
14500,0.00937931
14500,0.0104828
14500,0.00468966
14500,0.0176552
14500,0.000275862
14500,0.00468966
14500,0.0190345
14500,0.00855172
14500,0.000275862
14500,0.00275862
14600,0.00410959
14600,0.0106849
14600,0.0342466
14600,0.00191781
14600,0.00849315
14600,0.0164384
14600,0.0128767
14600,0.0232877
14600,0.0293151
14600,0.0224658
14700,0.0114286
14700,0.00190476
14700,0.0106122
14700,0.00734694
14700,0.0405442
14700,0.00680272
14700,0.00653061
14700,0.000272109
14700,0.0152381
14700,0.0269388
14800,0.00432432
14800,0.0232432
14800,0.0132432
14800,0.00027027
14800,0.00567568
14800,0.0143243
14800,0.0105405
14800,0.00513514
14800,0.0164865
14800,0.00216216
14900,0.0265772
14900,0.000268456
14900,0.0107383
14900,0.0120805
14900,0.021745
14900,0.00697987
14900,0.0126174
14900,0.0115436
14900,0.00375839
14900,0.00939597
15000,0.00106667
15000,0.0144
15000,0.0112
15000,0.0056
15000,0.0141333
15000,0.00533333
15000,0.000266667
15000,0.004
15000,0.0165333
15000,0.00373333
15100,0.0201325
15100,0.00450331
15100,0.0209272
15100,0.00397351
15100,0.00768212
15100,0.0137748
15100,0.00980132
15100,0.00821192
15100,0.0198675
15100,0.00900662
15200,0.0157895
15200,0.00605263
15200,0.0184211
15200,0.0194737
15200,0.00657895
15200,0.0121053
15200,0.00578947
15200,0.00131579
15200,0.0152632
15200,0.0168421
15300,0.0154248
15300,0.00888889
15300,0.00418301
15300,0.0164706
15300,0.00522876
15300,0.0248366
15300,0.0020915
15300,0.0287582
15300,0.00522876
15300,0.0169935
15400,0.0241558
15400,0.00519481
15400,0.0127273
15400,0.0142857
15400,0.0127273
15400,0.0109091
15400,0.00831169
15400,0.000779221
15400,0.00311688
15400,0.00493506
15500,0.00258065
15500,0.0172903
15500,0.00696774
15500,0.0141935
15500,0.0185806
15500,0
15500,0.00464516
15500,0.00877419
15500,0.00954839
15500,0.0247742
15600,0.02
15600,0.00769231
15600,0.00923077
15600,0.0117949
15600,0.00102564
15600,0.0123077
15600,0.0110256
15600,0.00333333
15600,0.00794872
15600,0.0164103
15700,0.0107006
15700,0.0196178
15700,0.0112102
15700,0.023949
15700,0.00789809
15700,0.00356688
15700,0.0203822
15700,0.00789809
15700,0.016051
15700,0.0180892
15800,0.00936709
15800,0.00379747
15800,0.00658228
15800,0.0134177
15800,0.0101266
15800,0.00607595
15800,0.0101266
15800,0.023038
15800,0.0108861
15800,0.0113924
15900,0.00930818
15900,0.00352201
15900,0.00150943
15900,0.00955975
15900,0.0233962
15900,0.0113208
15900,0.00704403
15900,0.0108176
15900,0.0115723
15900,0.0133333
16000,0.009
16000,0.004
16000,0.0085
16000,0.01925
16000,0.0055
16000,0.00175
16000,0.019
16000,0.0035
16000,0.0135
16000,0.00325
16100,0.000496894
16100,0.0104348
16100,0.00795031
16100,0.0280745
16100,0.0114286
16100,0.00397516
16100,0.00919255
16100,0.0206211
16100,0.00869565
16100,0.000745342
16200,0.00962963
16200,0.00740741
16200,0.00345679
16200,0.00765432
16200,0.00444444
16200,0.00271605
16200,0.00864198
16200,0.00197531
16200,0.0091358
16200,0.011358
16300,0.0196319
16300,0.0149693
16300,0.00319018
16300,0.0103067
16300,0.00613497
16300,0.00196319
16300,0.0184049
16300,0.00368098
16300,0.00588957
16300,0.0336196
16400,0.0317073
16400,0.00414634
16400,0.0114634
16400,0.00121951
16400,0.0139024
16400,0.0102439
16400,0.0173171
16400,0.0280488
16400,0.0241463
16400,0.0253659
16500,0.0288485
16500,0.00193939
16500,0.0172121
16500,0.0155152
16500,0.0109091
16500,0.0172121
16500,0.00509091
16500,0.0252121
16500,0.00363636
16500,0.0145455
16600,0.0115663
16600,0.000481928
16600,0.0204819
16600,0.00120482
16600,0.000963855
16600,0.0053012
16600,0.0146988
16600,0.00578313
16600,0.0185542
16600,0.0026506
16700,0.0141317
16700,0.00311377
16700,0.00694611
16700,0.0184431
16700,0.00766467
16700,0.0131737
16700,0.0160479
16700,0.00550898
16700,0.0148503
16700,0.00670659
16800,0.00380952
16800,0.000952381
16800,0.000714286
16800,0.01
16800,0.0159524
16800,0.00357143
16800,0.000714286
16800,0.00547619
16800,0.0245238
16800,0.00928571
16900,0.0016568
16900,0.00733728
16900,0.0149112
16900,0.0153846
16900,0.000710059
16900,0.0177515
16900,0.00923077
16900,0
16900,0.00710059
16900,0.00118343
17000,0.00282353
17000,0.00752941
17000,0.00423529
17000,0.00235294
17000,0.00752941
17000,0.00376471
17000,0.00541176
17000,0.0221176
17000,0.00611765
17000,0.0174118
17100,0.00748538
17100,0.0156725
17100,0.00678363
17100,0.00467836
17100,0.00608187
17100,0.0278363
17100,0.0107602
17100,0.0100585
17100,0.00467836
17100,0.00421053
17200,0.000697674
17200,0.0127907
17200,0.000232558
17200,0.00976744
17200,0.00232558
17200,0.00534884
17200,0.00906977
17200,0.0137209
17200,0.0213953
17200,0.0155814
17300,0.00531792
17300,0.00184971
17300,0.00184971
17300,0.0383815
17300,0.00901734
17300,0.0178035
17300,0.00924855
17300,0.00300578
17300,0.0217341
17300,0.0272832
17400,0.00367816
17400,0.00344828
17400,0.0112644
17400,0.00275862
17400,0.0101149
17400,0.00206897
17400,0.00298851
17400,0.000689655
17400,0.0248276
17400,0.00298851
17500,0.00411429
17500,0.0169143
17500,0.00868571
17500,0.00502857
17500,0.00457143
17500,0.0326857
17500,0.0187429
17500,0.00845714
17500,0.0064
17500,0.00571429
17600,0.0268182
17600,0.00204545
17600,0.00727273
17600,0.00113636
17600,0.015
17600,0.00818182
17600,0.00431818
17600,0.00840909
17600,0.00272727
17600,0.01
17700,0.00655367
17700,0.0126554
17700,0.00429379
17700,0.00587571
17700,0.0185311
17700,0.0106215
17700,0.00248588
17700,0.0133333
17700,0.00745763
17700,0.0176271
17800,0.00629213
17800,0.0260674
17800,0.00449438
17800,0.00494382
17800,0.00539326
17800,0.0107865
17800,0.00202247
17800,0.000224719
17800,0.00966292
17800,0.0011236
17900,0.0118436
17900,0.00223464
17900,0.00357542
17900,0.00648045
17900,0.00648045
17900,0.0189944
17900,0.00715084
17900,0.00402235
17900,0.0129609
17900,0.015419
18000,0.00777778
18000,0.00111111
18000,0.00133333
18000,0.0126667
18000,0.00466667
18000,0.022
18000,0.0131111
18000,0.00244444
18000,0.0128889
18000,0.00577778
18100,0.0123757
18100,0.0167956
18100,0.0172376
18100,0.00132597
18100,0.00375691
18100,0.0125967
18100,0.0143646
18100,0.0103867
18100,0.0081768
18100,0.0245304
18200,0.00637363
18200,0.012967
18200,0.0186813
18200,0.00351648
18200,0.00175824
18200,0.0151648
18200,0.00373626
18200,0.0210989
18200,0.00527473
18200,0.0204396
18300,0.0159563
18300,0.00174863
18300,0.00480874
18300,0.027541
18300,0.0168306
18300,0.00852459
18300,0.00502732
18300,0.0128962
18300,0.0187978
18300,0
18400,0.0115217
18400,0.0023913
18400,0.01
18400,0.0134783
18400,0.00478261
18400,0.0115217
18400,0.00826087
18400,0.00934783
18400,0.000217391
18400,0.011087
18500,0.0125405
18500,0.00324324
18500,0.00389189
18500,0.00497297
18500,0.000432432
18500,0.00864865
18500,0.0012973
18500,0.00389189
18500,0.00951351
18500,0.00345946
18600,0.0131183
18600,0.0109677
18600,0.0258065
18600,0.0219355
18600,0.00344086
18600,0.000215054
18600,0.0131183
18600,0.000215054
18600,0.0174194
18600,0.0129032
18700,0.0284492
18700,0.000855615
18700,0.0059893
18700,0.00663102
18700,0.0106952
18700,0.00941176
18700,0.00449198
18700,0.0196791
18700,0.00770053
18700,0.0117647
18800,0.00723404
18800,0.0187234
18800,0.0134043
18800,0.00276596
18800,0.000851064
18800,0.0257447
18800,0.00638298
18800,0.00361702
18800,0.0191489
18800,0.00404255
18900,0.0262434
18900,0.0010582
18900,0.00952381
18900,0.0175661
18900,0.0143915
18900,0.00783069
18900,0.0175661
18900,0.00550265
18900,0.00867725
18900,0.00867725
19000,0.0130526
19000,0.00821053
19000,0.00778947
19000,0.0109474
19000,0.000631579
19000,0.00126316
19000,0.00526316
19000,0.0111579
19000,0.0193684
19000,0.0151579
19100,0.00586387
19100,0.022199
19100,0.0134031
19100,0.00272251
19100,0.00942408
19100,0.00795812
19100,0.00146597
19100,0.00732984
19100,0.00712042
19100,0.0249215
19200,0.0229167
19200,0.0266667
19200,0.0025
19200,0.0127083
19200,0.0183333
19200,0.0108333
19200,0.00916667
19200,0.00625
19200,0.00229167
19200,0.0208333
19300,0.0080829
19300,0.000207254
19300,0.0026943
19300,0.00766839
19300,0.0140933
19300,0.00559585
19300,0.00497409
19300,0.00414508
19300,0.00849741
19300,0.0312953
19400,0.0418557
19400,0.0127835
19400,0.00824742
19400,0.00391753
19400,0.00618557
19400,0.0218557
19400,0.00948454
19400,0.00391753
19400,0.0014433
19400,0.00659794
19500,0.0137436
19500,0.0147692
19500,0.00923077
19500,0.000205128
19500,0.000205128
19500,0.00369231
19500,0.0129231
19500,0.00102564
19500,0.0186667
19500,0.00512821
19600,0.00918367
19600,0.00877551
19600,0.00959184
19600,0.00244898
19600,0.0171429
19600,0.0159184
19600,0.00714286
19600,0.0077551
19600,0.0055102
19600,0.0159184
19700,0.00142132
19700,0.00406091
19700,0.000203046
19700,0.00121827
19700,0.00324873
19700,0.0148223
19700,0.0158376
19700,0.0022335
19700,0.0198985
19700,0.00832487
19800,0.00707071
19800,0.000808081
19800,0.0131313
19800,0.0137374
19800,0.0109091
19800,0.0242424
19800,0.00585859
19800,0.0278788
19800,0.0155556
19800,0.0266667
19900,0.00201005
19900,0.00462312
19900,0.0150754
19900,0.0112563
19900,0.0172864
19900,0.0190955
19900,0.00562814
19900,0.00201005
19900,0.0038191
19900,0.0116583
20000,0.018
20000,0.0116
20000,0.0014
20000,0.0182
20000,0.013
20000,0.0228
20000,0.0206
20000,0.0192
20000,0.0112
20000,0
20100,0.00437811
20100,0.0193035
20100,0.0115423
20100,0.0242786
20100,0.0143284
20100,0.0113433
20100,0.00139303
20100,0.0121393
20100,0.0143284
20100,0
20200,0.0233663
20200,0.00752475
20200,0.00316832
20200,0.010297
20200,0.020396
20200,0.0128713
20200,0.0213861
20200,0.0205941
20200,0
20200,0.0174257
20300,0.00866995
20300,0.00689655
20300,0.0104433
20300,0.0120197
20300,0.0017734
20300,0.000591133
20300,0.0157635
20300,0.00669951
20300,0.0242365
20300,0.00472906
20400,0.0303922
20400,0.0160784
20400,0.0109804
20400,0.00960784
20400,0.0109804
20400,0.0170588
20400,0.00431373
20400,0.000980392
20400,0.00509804
20400,0.00333333
20500,0.000390244
20500,0.00780488
20500,0.0243902
20500,0.00526829
20500,0.00721951
20500,0.0302439
20500,0.0097561
20500,0.00858537
20500,0.0117073
20500,0.00390244
20600,0.0153398
20600,0.000970874
20600,0.0165049
20600,0.00194175
20600,0.0023301
20600,0.0145631
20600,0.0168932
20600,0.00893204
20600,0.00679612
20600,0.00679612
20700,0.0193237
20700,0.00869565
20700,0.00289855
20700,0.00502415
20700,0.0131401
20700,0.00463768
20700,0.0112077
20700,0.00888889
20700,0.00811594
20700,0.0162319
20800,0.00346154
20800,0.00865385
20800,0.00403846
20800,0.0117308
20800,0.00730769
20800,0.00615385
20800,0.00326923
20800,0.0165385
20800,0.0182692
20800,0.0138462
20900,0.0145455
20900,0.000574163
20900,0.00497608
20900,0.00937799
20900,0.000382775
20900,0.000956938
20900,0.00401914
20900,0.00995215
20900,0.00669856
20900,0.018756
21000,0.00285714
21000,0.0104762
21000,0.0184762
21000,0.00190476
21000,0.0047619
21000,0.015619
21000,0.000190476
21000,0.00380952
21000,0.0255238
21000,0.00171429
21100,0.0111848
21100,0.00663507
21100,0.0106161
21100,0.024455
21100,0.0197156
21100,0.0183886
21100,0.00720379
21100,0.00227488
21100,0.000379147
21100,0.00436019
21200,0.0045283
21200,0.00830189
21200,0.00169811
21200,0.0171698
21200,0.00396226
21200,0.00150943
21200,0.00301887
21200,0.00358491
21200,0.0167925
21200,0.00283019
21300,0.00901408
21300,0.00713615
21300,0.00300469
21300,0.010892
21300,0.000375587
21300,0.0184038
21300,0.00525822
21300,0
21300,0.00338028
21300,0.0140845
21400,0.00803738
21400,0.00542056
21400,0.0100935
21400,0.000747664
21400,0.00934579
21400,0.00280374
21400,0.00953271
21400,0.000934579
21400,0.011215
21400,0.00205607
21500,0.0275349
21500,0.0132093
21500,0.00260465
21500,0.0055814
21500,0.00911628
21500,0.00483721
21500,0.00744186
21500,0.019907
21500,0.00986047
21500,0.0100465
21600,0.00685185
21600,0.00611111
21600,0.00277778
21600,0.00981481
21600,0.0062963
21600,0.00185185
21600,0.00481481
21600,0.0138889
21600,0.005
21600,0.00925926
21700,0.0169585
21700,0.0254378
21700,0.0125346
21700,0.00110599
21700,0.00737327
21700,0.00331797
21700,0.00958525
21700,0.0040553
21700,0.00331797
21700,0.0171429
21800,0.00220183
21800,0.000550459
21800,0.0165138
21800,0.020367
21800,0.0124771
21800,0.0106422
21800,0.0115596
21800,0.00862385
21800,0.00330275
21800,0.00110092
21900,0.00401826
21900,0.00876712
21900,0.00456621
21900,0.0115068
21900,0.000547945
21900,0.00767123
21900,0.00146119
21900,0.0109589
21900,0.00401826
21900,0.00273973
22000,0.00490909
22000,0.00454545
22000,0.0187273
22000,0.00109091
22000,0.0181818
22000,0.0101818
22000,0.0181818
22000,0.0105455
22000,0.000545455
22000,0.000181818
22100,0.0180995
22100,0.0104977
22100,0.00361991
22100,0.0260633
22100,0.000542986
22100,0.0184615
22100,0.0152036
22100,0.00615385
22100,0.0121267
22100,0.0173756
22200,0.00198198
22200,0.00432432
22200,0.0147748
22200,0.0140541
22200,0.012973
22200,0.00738739
22200,0.0102703
22200,0.0151351
22200,0.0131532
22200,0.00162162
22300,0.0138117
22300,0.0222422
22300,0.00573991
22300,0.0107623
22300,0.00161435
22300,0.00107623
22300,0.00591928
22300,0.0044843
22300,0.00753363
22300,0.0109417
22400,0.00196429
22400,0.00803571
22400,0.00321429
22400,0.00446429
22400,0.00696429
22400,0.00964286
22400,0.0371429
22400,0.00446429
22400,0.00160714
22400,0.00339286
22500,0.0163556
22500,0.00604444
22500,0.00195556
22500,0.0096
22500,0.00213333
22500,0.00248889
22500,0.00248889
22500,0.000711111
22500,0.00284444
22500,0.0140444
22600,0.00902655
22600,0.00389381
22600,0.000353982
22600,0.00176991
22600,0.0139823
22600,0.0231858
22600,0.0132743
22600,0.00477876
22600,0.00141593
22600,0.0019469
22700,0.00669604
22700,0.0015859
22700,0.021674
22700,0.00105727
22700,0.00370044
22700,0.00493392
22700,0.0139207
22700,0.014978
22700,0.00229075
22700,0.00422907
22800,0.0108772
22800,0.0077193
22800,0.0182456
22800,0.0135088
22800,0.00684211
22800,0.00210526
22800,0.0119298
22800,0.000350877
22800,0.0045614
22800,0.00947368
22900,0.00227074
22900,0.0146725
22900,0.0232314
22900,0.0129258
22900,0.00331878
22900,0.00838428
22900,0.00489083
22900,0.00838428
22900,0.00279476
22900,0.00296943
23000,0.00695652
23000,0.0154783
23000,0.0281739
23000,0.00295652
23000,0.0168696
23000,0.0116522
23000,0.0198261
23000,0.00765217
23000,0.0104348
23000,0.00191304
23100,0.00502165
23100,0.0017316
23100,0.0197403
23100,0.00848485
23100,0.0131602
23100,0.00935065
23100,0.0124675
23100,0.00606061
23100,0.0166234
23100,0.0154113
23200,0.000689655
23200,0.00672414
23200,0.00396552
23200,0.00862069
23200,0.00482759
23200,0.0106897
23200,0.0131034
23200,0.00672414
23200,0.0127586
23200,0.00241379
23300,0.0039485
23300,0.0144206
23300,0.0139056
23300,0.00257511
23300,0.00755365
23300,0.00600858
23300,0.0159657
23300,0.0109871
23300,0.00120172
23300,0.00549356
23400,0.0117949
23400,0.00529915
23400,0.00153846
23400,0.0102564
23400,0.00717949
23400,0.0025641
23400,0.00700855
23400,0.0105983
23400,0.00512821
23400,0.0162393
23500,0.00817021
23500,0.0102128
23500,0.00834043
23500,0.00748936
23500,0.00323404
23500,0.00476596
23500,0.0170213
23500,0.0168511
23500,0.00323404
23500,0.0294468
23600,0.0186441
23600,0.00627119
23600,0.00694915
23600,0.0079661
23600,0.0132203
23600,0.00135593
23600,0.0135593
23600,0.000677966
23600,0.00220339
23600,0.0155932
23700,0.00827004
23700,0.0126582
23700,0.0194093
23700,0.00843882
23700,0.0167089
23700,0.0108017
23700,0.00523207
23700,0.00708861
23700,0.00135021
23700,0.0163713
23800,0.0097479
23800,0.00319328
23800,0.00235294
23800,0.00739496
23800,0.00957983
23800,0.00806723
23800,0.0163025
23800,0.0156303
23800,0.00655462
23800,0.00252101
23900,0.00953975
23900,0.00150628
23900,0.00820084
23900,0.00719665
23900,0.0138912
23900,0.00133891
23900,0.00368201
23900,0.0180753
23900,0.00736402
23900,0.00702929
24000,0.027
24000,0.00683333
24000,0.00633333
24000,0.00416667
24000,0.00183333
24000,0.00916667
24000,0.0133333
24000,0.00133333
24000,0.008
24000,0.00583333
24100,0.00614108
24100,0.013112
24100,0.0146058
24100,0.0126141
24100,0.0190871
24100,0.0053112
24100,0.0019917
24100,0.0013278
24100,0.0039834
24100,0.00431535
24200,0.00214876
24200,0.00231405
24200,0.00595041
24200,0.00909091
24200,0.0110744
24200,0.014876
24200,0.0193388
24200,0.0127273
24200,0.0165289
24200,0.00859504
24300,0.00477366
24300,0.0176132
24300,0.00213992
24300,0.000164609
24300,0.0018107
24300,0.0102058
24300,0.00757202
24300,0.00131687
24300,0.0072428
24300,0.0106996
24400,0.00131148
24400,0.0137705
24400,0.00901639
24400,0.01
24400,0.00163934
24400,0.00540984
24400,0.0052459
24400,0.0119672
24400,0.0047541
24400,0.0127869
24500,0.00522449
24500,0.00326531
24500,0.000979592
24500,0.0102857
24500,0.00702041
24500,0.00195918
24500,0.0102857
24500,0.00963265
24500,0.00783673
24500,0.0109388
24600,0.00601626
24600,0.000813008
24600,0.00845528
24600,0.018374
24600,0.0152846
24600,0.00650407
24600,0.0204878
24600,0.0162602
24600,0.0172358
24600,0.00097561
24700,0.0116599
24700,0.0168421
24700,0.000809717
24700,0.00825911
24700,0.000323887
24700,0.0273684
24700,0.00226721
24700,0.00194332
24700,0.00388664
24700,0.0275304
24800,0.00435484
24800,0.00951613
24800,0.00435484
24800,0.00741935
24800,0.00354839
24800,0.013871
24800,0.00451613
24800,0.00677419
24800,0.000645161
24800,0.00145161
24900,0.0109237
24900,0.0151004
24900,0.0160643
24900,0.00497992
24900,0.00208835
24900,0.0141365
24900,0.00433735
24900,0.0120482
24900,0.00594378
24900,0.00546185
25000,0.00128
25000,0.01744
25000,0.00096
25000,0.0096
25000,0.00016
25000,0.00576
25000,0.01696
25000,0.01712
25000,0.0072
25000,0.00992
25100,0.0108367
25100,0.00223108
25100,0.0125896
25100,0.00478088
25100,0.0116335
25100,0.0189641
25100,0.000478088
25100,0.000159363
25100,0.010996
25100,0.0130677
25200,0.00460317
25200,0.0255556
25200,0.00365079
25200,0.0131746
25200,0.00952381
25200,0.00555556
25200,0.00777778
25200,0.00539683
25200,0.00857143
25200,0.00111111
25300,0.00521739
25300,0.00743083
25300,0.00347826
25300,0.00758893
25300,0.0105929
25300,0.00932806
25300,0.0121739
25300,0.00679842
25300,0.0178656
25300,0.00411067
25400,0.00535433
25400,0.0124409
25400,0.00141732
25400,0.0125984
25400,0.015748
25400,0.0182677
25400,0
25400,0.00771654
25400,0.00440945
25400,0.0102362
25500,0.00690196
25500,0.0103529
25500,0.0150588
25500,0.00423529
25500,0.00172549
25500,0.00878431
25500,0.00313725
25500,0.0112941
25500,0.0211765
25500,0.00815686
25600,0.0015625
25600,0.0195312
25600,0.0009375
25600,0.00359375
25600,0.0323437
25600,0.0075
25600,0.006875
25600,0.00421875
25600,0.0125
25600,0.01375
25700,0.0247471
25700,0.0118288
25700,0.0105837
25700,0.00171206
25700,0.00233463
25700,0.00435798
25700,0.0219455
25700,0.00311284
25700,0.00560311
25700,0.00171206
25800,0.00496124
25800,0.00868217
25800,0.0102326
25800,0.000465116
25800,0.0255814
25800,0.00728682
25800,0.0096124
25800,0.000465116
25800,0.00511628
25800,0.00170543
25900,0.00787645
25900,0.00509653
25900,0.0046332
25900,0.0228571
25900,0.0109653
25900,0.00123552
25900,0.00015444
25900,0.0180695
25900,0.00432432
25900,0.0015444
26000,0.00707692
26000,0.0116923
26000,0.0284615
26000,0.00953846
26000,0.00753846
26000,0
26000,0.00661538
26000,0.0150769
26000,0.00276923
26000,0.00553846
26100,0.00291188
26100,0.0010728
26100,0.0165517
26100,0.0102682
26100,0.00796935
26100,0.0150192
26100,0.00582375
26100,0.0205364
26100,0.00597701
26100,0.0114943
26200,0.00122137
26200,0.00732824
26200,0.02
26200,0.0203053
26200,0.0163359
26200,0.00824427
26200,0.0170992
26200,0.00610687
26200,0.00320611
26200,0.0125191
26300,0.018251
26300,0.0141445
26300,0.000456274
26300,0.0136882
26300,0.0171863
26300,0.0112548
26300,0.00121673
26300,0.00547529
26300,0.0176426
26300,0.00958175
26400,0.0124242
26400,0.0131818
26400,0.0148485
26400,0.0243939
26400,0.00621212
26400,0.00727273
26400,0.00575758
26400,0.00333333
26400,0.0116667
26400,0.0122727
26500,0.00483019
26500,0.00890566
26500,0
26500,0.00196226
26500,0.0188679
26500,0.00286792
26500,0.00467925
26500,0.00739623
26500,0.0137358
26500,0.000754717
26600,0.013985
26600,0.00225564
26600,0.0245113
26600,0.0206015
26600,0.017594
26600,0.00120301
26600,0.00706767
26600,0.00451128
26600,0.000902256
26600,0.0087218
26700,0.00449438
26700,0.0127341
26700,0.00299625
26700,0.00464419
26700,0.0173783
26700,0
26700,0.0082397
26700,0.0058427
26700,0.0113858
26700,0.000898876
26800,0.0328358
26800,0.010597
26800,0.00791045
26800,0.000298507
26800,0.00791045
26800,0.0041791
26800,0.000895522
26800,0.00462687
26800,0.0147761
26800,0.011791
26900,0.00654275
26900,0.0171004
26900,0.02171
26900,0.0243866
26900,0.0120446
26900,0.00921933
26900,0.00639405
26900,0.0107063
26900,0.0126394
26900,0.00208178
27000,0.00474074
27000,0.000296296
27000,0.00711111
27000,0.0037037
27000,0.017037
27000,0.00592593
27000,0.0167407
27000,0.0140741
27000,0.0108148
27000,0.00607407
27100,0.0137269
27100,0.00811808
27100,0.00250923
27100,0.00354244
27100,0.0146125
27100,0.00915129
27100,0.0104797
27100,0.00413284
27100,0.0101845
27100,0.00885609
27200,0.00485294
27200,0.00838235
27200,0.0163235
27200,0.0101471
27200,0.0119118
27200,0.0139706
27200,0.00970588
27200,0.00426471
27200,0.00426471
27200,0.0075
27300,0.00937729
27300,0.00454212
27300,0.00322344
27300,0.0029304
27300,0.00893773
27300,0.00967033
27300,0.00732601
27300,0.00937729
27300,0.00190476
27300,0.0101099
27400,0.0147445
27400,0.00262774
27400,0.0105109
27400,0.0070073
27400,0.0145985
27400,0.00408759
27400,0.000875912
27400,0.0170803
27400,0.00627737
27400,0.00160584
27500,0.00829091
27500,0.0229818
27500,0.00785455
27500,0.0032
27500,0.00101818
27500,0.00683636
27500,0.00829091
27500,0.00625455
27500,0.00145455
27500,0.0139636
27600,0.0057971
27600,0.0026087
27600,0.00869565
27600,0.00202899
27600,0.000144928
27600,0.0104348
27600,0.00681159
27600,0.00724638
27600,0.00956522
27600,0.00231884
27700,0.00577617
27700,0.00577617
27700,0.00173285
27700,0.0103971
27700,0.00231047
27700,0.0114079
27700,0.000722022
27700,0.0220939
27700,0.000288809
27700,0.00707581
27800,0.00877698
27800,0.00661871
27800,0.0141007
27800,0.0047482
27800,0.00733813
27800,0.00402878
27800,0.00661871
27800,0.00748201
27800,0.0191367
27800,0.000431655
27900,0.00272401
27900,0.0101792
27900,0.00387097
27900,0.00702509
27900,0.00573477
27900,0.00659498
27900,0.00344086
27900,0.00616487
27900,0.00114695
27900,0.000286738
28000,0.00142857
28000,0.03
28000,0.0165714
28000,0.000857143
28000,0.0122857
28000,0.00471429
28000,0.00557143
28000,0.00442857
28000,0.009
28000,0.009
28100,0.00597865
28100,0.0058363
28100,0.00270463
28100,0.0163701
28100,0.0170819
28100,0.0111032
28100,0.00768683
28100,0.0166548
28100,0.00341637
28100,0.0152313
28200,0.00283688
28200,0.0197163
28200,0.0139007
28200,0.00992908
28200,0.0157447
28200,0.0048227
28200,0.00141844
28200,0.00553191
28200,0.00808511
28200,0.00539007
28300,0.00522968
28300,0.000424028
28300,0.00848057
28300,0.0069258
28300,0.00508834
28300,0.0117314
28300,0.00353357
28300,0.0261484
28300,0.0161131
28300,0.015265
28400,0.00183099
28400,0.00084507
28400,0.00746479
28400,0.0071831
28400,0.0205634
28400,0.000140845
28400,0.0028169
28400,0.00549296
28400,0.00943662
28400,0.00366197
28500,0.00575439
28500,0.00491228
28500,0.016
28500,0.00140351
28500,0.00673684
28500,0.013193
28500,0.0150175
28500,0.0143158
28500,0.00603509
28500,0.0143158
28600,0.0151049
28600,0.00013986
28600,0.00111888
28600,0.00881119
28600,0.0170629
28600,0
28600,0.0227972
28600,0.000839161
28600,0.0034965
28600,0.00041958
28700,0.000418118
28700,0.00501742
28700,0.0188153
28700,0
28700,0.00501742
28700,0.0158885
28700,0.0128223
28700,0.00418118
28700,0.0119861
28700,0.00487805
28800,0.0180556
28800,0.0115278
28800,0.0155556
28800,0.00791667
28800,0.00763889
28800,0.00166667
28800,0.0216667
28800,0.00972222
28800,0.00652778
28800,0.00236111
28900,0.0102422
28900,0.00318339
28900,0.013564
28900,0.00622837
28900,0.00387543
28900,0.00249135
28900,0.00733564
28900,0.00083045
28900,0.00152249
28900,0.0148097
29000,0.00289655
29000,0.0107586
29000,0.00137931
29000,0.0135172
29000,0.00675862
29000,0.0135172
29000,0.00551724
29000,0.000827586
29000,0.0126897
29000,0.00262069
29100,0.0104467
29100,0.00206186
29100,0.0019244
29100,0.00618557
29100,0.00123711
29100,0.0057732
29100,0.0160825
29100,0.0283162
29100,0.0153952
29100,0.0107216
29200,0.00739726
29200,0.0163014
29200,0.00424658
29200,0.00534247
29200,0.00342466
29200,0.0153425
29200,0.0039726
29200,0.0128767
29200,0.00849315
29200,0.00287671
29300,0.0021843
29300,0.0162457
29300,0.00846416
29300,0.00764505
29300,0.00600683
29300,0.00614334
29300,0.00668942
29300,0.00737201
29300,0.000136519
29300,0.0043686
29400,0.010068
29400,0.00789116
29400,0.0141497
29400,0.00870748
29400,0.0106122
29400,0.00285714
29400,0.0165986
29400,0.00721088
29400,0.00816327
29400,0.0103401
29500,0.0115254
29500,0.00122034
29500,0.00922034
29500,0.015322
29500,0
29500,0.00379661
29500,0.00488136
29500,0.00257627
29500,0.00976271
29500,0.00705085
29600,0.00445946
29600,0.00824324
29600,0.00689189
29600,0.0187838
29600,0.00162162
29600,0.000405405
29600,0.0162162
29600,0.00918919
29600,0.00756757
29600,0.0114865
29700,0.00228956
29700,0.0106397
29700,0.0165657
29700,0.00875421
29700,0.00282828
29700,0.0211448
29700,0.0114478
29700,0.00484848
29700,0.000942761
29700,0.0119865
29800,0.00711409
29800,0.0136913
29800,0.0201342
29800,0.00832215
29800,0.00107383
29800,0.0171812
29800,0.00362416
29800,0.00456376
29800,0.0233557
29800,0.00308725
29900,0.00856187
29900,0.0184615
29900,0.00856187
29900,0.00294314
29900,0.00789298
29900,0.0120401
29900,0.00602007
29900,0.00628763
29900,0.00909699
29900,0.00267559
30000,0.0212
30000,0.004
30000,0.000533333
30000,0.0224
30000,0.0036
30000,0.00746667
30000,0.00653333
30000,0.0036
30000,0.00493333
30000,0.00213333
30100,0.000265781
30100,0.00916944
30100,0.00744186
30100,0.00478405
30100,0.000398671
30100,0.000664452
30100,0.00013289
30100,0.00106312
30100,0.00757475
30100,0.00119601
30200,0.000794702
30200,0.000927152
30200,0.00437086
30200,0.00516556
30200,0.0165563
30200,0.0161589
30200,0.0010596
30200,0.00609272
30200,0.00238411
30200,0.0169536
30300,0.0110891
30300,0.00290429
30300,0.00422442
30300,0.00554455
30300,0.0153135
30300,0.00211221
30300,0.00277228
30300,0.00422442
30300,0.00686469
30300,0.00422442
30400,0.005
30400,0.025
30400,0.00197368
30400,0.0106579
30400,0.00684211
30400,0.00118421
30400,0.00381579
30400,0.00197368
30400,0.00263158
30400,0.0142105
30500,0.010623
30500,0.00957377
30500,0.0144262
30500,0.00472131
30500,0.00393443
30500,0.0170492
30500,0.0173115
30500,0.00852459
30500,0.016918
30500,0.00839344
30600,0.00627451
30600,0.00169935
30600,0.000784314
30600,0.000261438
30600,0.00169935
30600,0.00627451
30600,0.0141176
30600,0.0069281
30600,0.00535948
30600,0.000522876
30700,0.00143322
30700,0.00208469
30700,0.000130293
30700,0.00286645
30700,0.00599349
30700,0
30700,0.00508143
30700,0.000390879
30700,0.00273616
30700,0.007557
30800,0.00194805
30800,0.00506494
30800,0.0112987
30800,0.00753247
30800,0.00948052
30800,0.00142857
30800,0.00142857
30800,0.00506494
30800,0.00480519
30800,0.00142857
30900,0.00867314
30900,0.00220065
30900,0.0102265
30900,0.0113916
30900,0.00220065
30900,0.0160518
30900,0.0135922
30900,0.00660194
30900,0.00699029
30900,0.00789644
31000,0.000774194
31000,0.00167742
31000,0.0117419
31000,0.0130323
31000,0.00180645
31000,0.000774194
31000,0.0132903
31000,0.00580645
31000,0.000516129
31000,0.00103226
31100,0.00578778
31100,0.00257235
31100,0.000257235
31100,0.0021865
31100,0.00102894
31100,0.00270096
31100,0.0280386
31100,0.013119
31100,0.00141479
31100,0.0145338
31200,0.0189744
31200,0.0162821
31200,0.00346154
31200,0.0160256
31200,0.0253846
31200,0.00307692
31200,0.0214103
31200,0.00987179
31200,0.000128205
31200,0.00487179
31300,0.0135463
31300,0.0244089
31300,0.00523962
31300,0.00230032
31300,0.00511182
31300,0.0113738
31300,0.00945687
31300,0.00753994
31300,0.0100958
31300,0.00792332
31400,0.00649682
31400,0.0169427
31400,0.00917197
31400,0.00840764
31400,0.00382166
31400,0.000127389
31400,0.00089172
31400,0.00917197
31400,0.022293
31400,0.0100637
31500,0.000761905
31500,0.00380952
31500,0.0072381
31500,0.0130794
31500,0.00292063
31500,0.00673016
31500,0.00901587
31500,0.008
31500,0.0196825
31500,0.000253968
31600,0.011519
31600,0.0107595
31600,0.000886076
31600,0
31600,0.0162025
31600,0.0112658
31600,0.0317722
31600,0.00101266
31600,0.011519
31600,0.00658228
31700,0.00870662
31700,0.0112303
31700,0.0044164
31700,0.00315457
31700,0.0219558
31700,0.00555205
31700,0.0136278
31700,0.0051735
31700,0.00492114
31700,0.00656151
31800,0.0161006
31800,0.00377358
31800,0.0110692
31800,0.00666667
31800,0.00591195
31800,0.00125786
31800,0.0119497
31800,0.000503145
31800,0.00616352
31800,0.00465409
31900,0.0122884
31900,0.0076489
31900,0.000501567
31900,0.000376176
31900,0.00163009
31900,0.0147962
31900,0.000376176
31900,0.00288401
31900,0.00388715
31900,0.00363636
32000,0.011625
32000,0.00175
32000,0.0045
32000,0.0075
32000,0.001375
32000,0.003875
32000,0.0055
32000,0.008875
32000,0.007625
32000,0.005625
32100,0.00971963
32100,0.0107165
32100,0.0149533
32100,0.0115888
32100,0.0011215
32100,0.00274143
32100,0.0135826
32100,0.0176947
32100,0.000249221
32100,0.00523364
32200,0.00149068
32200,0.0152795
32200,0.00795031
32200,0.012795
32200,0.000124224
32200,0.00931677
32200,0.00881988
32200,0.00658385
32200,0.0185093
32200,0.00757764
32300,0.0234056
32300,0.0151084
32300,0.0157276
32300,0.000619195
32300,0.00346749
32300,0.0168421
32300,0.018452
32300,0.00346749
32300,0.0179567
32300,0.00408669
32400,0.0177778
32400,0.00135802
32400,0.00790123
32400,0.000864198
32400,0.00320988
32400,0.00185185
32400,0.00111111
32400,0.00469136
32400,0.0180247
32400,0.00296296
32500,0.00578462
32500,0.00270769
32500,0.000738462
32500,0.00541538
32500,0.00775385
32500,0.0048
32500,0.00307692
32500,0.00184615
32500,0.00393846
32500,0.00209231
32600,0.000858896
32600,0.000490798
32600,0.00417178
32600,0.011411
32600,0.000613497
32600,0.00760736
32600,0.0134969
32600,0.0263804
32600,0.000736196
32600,0.00306748
32700,0.00207951
32700,0.00146789
32700,0.00746177
32700,0.00342508
32700,0.00244648
32700,0.00195719
32700,0.00672783
32700,0.0238532
32700,0.00269113
32700,0.00464832
32800,0.00804878
32800,0.00865854
32800,0.00573171
32800,0.00768293
32800,0.00804878
32800,0.00756098
32800,0.0152439
32800,0.000365854
32800,0.000487805
32800,0.0114634
32900,0.000851064
32900,0.00960486
32900,0.00632219
32900,0.0128875
32900,0.00425532
32900,0.003769
32900,0.0099696
32900,0.00231003
32900,0.00389058
32900,0.0246809
33000,0.00642424
33000,0.0112727
33000,0.000121212
33000,0.00424242
33000,0.004
33000,0.00921212
33000,0.0124848
33000,0.00169697
33000,0.0117576
33000,0.0207273
33100,0.00205438
33100,0.0123263
33100,0.0166767
33100,0.00543807
33100,0.0117221
33100,0.0136556
33100,0.00145015
33100,0.00265861
33100,0.00422961
33100,0.0135347
33200,0.00289157
33200,0.013253
33200,0.0246988
33200,0.00409639
33200,0.00216867
33200,0.0118072
33200,0.00819277
33200,0.00566265
33200,0.00228916
33200,0.000843373
33300,0.0162162
33300,0.0110511
33300,0.000960961
33300,0.0106907
33300,0.0217417
33300,0.000600601
33300,0.00960961
33300,0.00564565
33300,0.00936937
33300,0.000840841
33400,0.0143713
33400,0.0118563
33400,0.00203593
33400,0.00874251
33400,0.00706587
33400,0.000598802
33400,0.00323353
33400,0.00347305
33400,0.0135329
33400,0.00658683
33500,0.0162388
33500,0.00465672
33500,0.0039403
33500,0.00537313
33500,0.0078806
33500,0.00143284
33500,0.0231642
33500,0.00131343
33500,0.00131343
33500,0.0182687
33600,0.00416667
33600,0.015119
33600,0.0111905
33600,0.000595238
33600,0.0097619
33600,0.0027381
33600,0.00678571
33600,0.00404762
33600,0.00630952
33600,0.0114286
33700,0.0130564
33700,0.0237389
33700,0.0134125
33700,0.0231454
33700,0.0111573
33700,0.00605341
33700,0.00379822
33700,0.00272997
33700,0.0188724
33700,0.00261128
33800,0.00426036
33800,0.00863905
33800,0.00485207
33800,0.0125444
33800,0.00804734
33800,0.00686391
33800,0.011716
33800,0.0197633
33800,0.00863905
33800,0.0160947
33900,0.0212389
33900,0.0178171
33900,0.0107375
33900,0.0110914
33900,0.00625369
33900,0.00483776
33900,0.00707965
33900,0.0142773
33900,0.00542773
33900,0.0120354
34000,0.0138824
34000,0.00705882
34000,0.00811765
34000,0.0144706
34000,0.002
34000,0.0207059
34000,0.00611765
34000,0.0168235
34000,0.0216471
34000,0.00423529
34100,0.00785924
34100,0.00621701
34100,0.022522
34100,0.00480938
34100,0.00234604
34100,0.00504399
34100,0.0182991
34100,0
34100,0.0165396
34100,0.00527859
34200,0.00128655
34200,0.00643275
34200,0.0169591
34200,0.014152
34200,0.0154386
34200,0.0102924
34200,0.00994152
34200,0.011462
34200,0.00654971
34200,0.00350877
34300,0.00758017
34300,0.0215743
34300,0.00536443
34300,0.00909621
34300,0.0120117
34300,0.00373178
34300,0.00676385
34300,0.0051312
34300,0.00419825
34300,0.00279883
34400,0.0136047
34400,0.00872093
34400,0.0155814
34400,0.00627907
34400,0.00465116
34400,0.0197674
34400,0.00267442
34400,0.00523256
34400,0.00732558
34400,0.0130233
34500,0.00707246
34500,0.00556522
34500,0.0297971
34500,0.00753623
34500,0.0066087
34500,0.0035942
34500,0.00266667
34500,0.00765217
34500,0.0187826
34500,0.00753623
34600,0.0017341
34600,0.00427746
34600,0.0065896
34600,0.00589595
34600,0.00809249
34600,0.00554913
34600,0.00242775
34600,0.0117919
34600,0.00601156
34600,0.0169942
34700,0.00841499
34700,0.0230548
34700,0.0101441
34700,0.0220173
34700,0.00276657
34700,0.00829971
34700,0.0132565
34700,0.00472622
34700,0.0102594
34700,0.00553314
34800,0.00241379
34800,0.0142529
34800,0.00413793
34800,0.0147126
34800,0.00137931
34800,0.0177011
34800,0.00505747
34800,0.000114943
34800,0.00413793
34800,0.00885057
34900,0.00504298
34900,0.00160458
34900,0.00767908
34900,0.00664756
34900,0.000114613
34900,0.00595989
34900,0.00160458
34900,0.0107736
34900,0.0077937
34900,0.00515759
35000,0.00205714
35000,0.0112
35000,0.00902857
35000,0.0108571
35000,0.0112
35000,0.0176
35000,0.00285714
35000,0.00742857
35000,0.00902857
35000,0.000914286
35100,0.00364672
35100,0.00125356
35100,0.00866097
35100,0.0166382
35100,0.0215385
35100,0.0120798
35100,0.0166382
35100,0.0177778
35100,0.0022792
35100,0.0022792
35200,0.00897727
35200,0.0130682
35200,0.00454545
35200,0.00409091
35200,0.000909091
35200,0.00772727
35200,0.0129545
35200,0.0188636
35200,0
35200,0.00443182
35300,0.0139377
35300,0.00759207
35300,0.00929178
35300,0.0163173
35300,0.00351275
35300,0.00362606
35300,0.00815864
35300,0.000679887
35300,0.00521246
35300,0.00305949
35400,0.00418079
35400,0.00937853
35400,0.0148023
35400,0.019661
35400,0.000564972
35400,0.0059887
35400,0.0124294
35400,0.0229379
35400,0.00135593
35400,0.00271186
35500,0.00833803
35500,0.00202817
35500,0.00349296
35500,0.000901408
35500,0.00338028
35500,0.0126197
35500,0.00180282
35500,0.0100282
35500,0.0028169
35500,0.00473239
35600,0.00101124
35600,0.0125843
35600,0.00393258
35600,0.0102247
35600,0.0113483
35600,0.0052809
35600,0.00393258
35600,0.00898876
35600,0.00876404
35600,0.00820225
35700,0.00492997
35700,0.000784314
35700,0.0138936
35700,0.0032493
35700,0.00806723
35700,0.000672269
35700,0.00392157
35700,0.0122129
35700,0.0087395
35700,0.0197199
35800,0.00458101
35800,0.000111732
35800,0.0049162
35800,0.00670391
35800,0.00346369
35800,0.00592179
35800,0.0165363
35800,0.000893855
35800,0.00536313
35800,0.00100559
35900,0.00311978
35900,0.00155989
35900,0.00267409
35900,0.00111421
35900,0.00746518
35900,0.0155989
35900,0.00245125
35900,0.0180501
35900,0.00222841
35900,0.00768802
36000,0.000111111
36000,0.007
36000,0.00733333
36000,0.00488889
36000,0.00522222
36000,0.0168889
36000,0.00122222
36000,0.00877778
36000,0.00355556
36000,0.00311111
36100,0.0182825
36100,0.00686981
36100,0.00476454
36100,0.00132964
36100,0.00720222
36100,0.0066482
36100,0.00764543
36100,0.00365651
36100,0.00853186
36100,0.00698061
36200,0.00220994
36200,0.00298343
36200,0.0164641
36200,0.00287293
36200,0
36200,0.00629834
36200,0.0164641
36200,0.0128177
36200,0.0201105
36200,0.00254144
36300,0.00606061
36300,0.0189532
36300,0.00837466
36300,0.0158678
36300,0.0117906
36300,0.00826446
36300,0.0116804
36300,0.0130028
36300,0.00881543
36300,0.00440771
36400,0.000549451
36400,0.0067033
36400,0.0185714
36400,0.0202198
36400,0.00373626
36400,0.0125275
36400,0.00285714
36400,0.0104396
36400,0.0163736
36400,0.000659341
36500,0.014137
36500,0.00558904
36500,0.00865753
36500,0.00230137
36500,0.000438356
36500,0.0089863
36500,0.0103014
36500,0.0113973
36500,0.00668493
36500,0.00964384
36600,0.00863388
36600,0.00338798
36600,0.00546448
36600,0.00218579
36600,0.00415301
36600,0.0169399
36600,0.00448087
36600,0.0155191
36600,0.00142077
36600,0.0135519
36700,0.00566757
36700,0.00861035
36700,0.00207084
36700,0.00283379
36700,0.0147139
36700,0.00784741
36700,0.00359673
36700,0.000435967
36700,0.0026158
36700,0.0189646
36800,0.00597826
36800,0.00815217
36800,0.00695652
36800,0.0127174
36800,0.0126087
36800,0.00836957
36800,0.00826087
36800,0.00956522
36800,0.011087
36800,0.00358696
36900,0.00910569
36900,0.0135501
36900,0.00856369
36900,0.0127913
36900,0.000542005
36900,0.00823848
36900,0.0107317
36900,0.00455285
36900,0.000433604
36900,0.00119241
37000,0.00162162
37000,0.00324324
37000,0.000648649
37000,0.00378378
37000,0.0112432
37000,0.00627027
37000,0.011027
37000,0.00259459
37000,0.00367568
37000,0.0115676
37100,0.00280323
37100,0.0158491
37100,0.00690027
37100,0.00657682
37100,0.0163881
37100,0.00948787
37100,0.00625337
37100,0.00463612
37100,0.00485175
37100,0.0025876
37200,0.00322581
37200,0.00731183
37200,0.00806452
37200,0.00365591
37200,0.0115054
37200,0.00247312
37200,0.00419355
37200,0.00408602
37200,0.0175269
37200,0.00591398
37300,0.0149062
37300,0.000965147
37300,0.00343164
37300,0.0127614
37300,0.00686327
37300,0.00643432
37300,0.00182306
37300,0.00117962
37300,0.012118
37300,0.00396783
37400,0.0139037
37400,0.0166845
37400,0.00374332
37400,0.0137968
37400,0.00299465
37400,0.0136898
37400,0.0158289
37400,0.00181818
37400,0.0114439
37400,0.00545455
37500,0.000853333
37500,0.0113067
37500,0.0113067
37500,0.00554667
37500,0.00768
37500,0.00117333
37500,0.01376
37500,0.00170667
37500,0.00245333
37500,0.00597333
37600,0.00382979
37600,0.00531915
37600,0.00159574
37600,0.00968085
37600,0.00531915
37600,0.00117021
37600,0.00351064
37600,0.0109574
37600,0.00446809
37600,0.00914894
37700,0.00679045
37700,0.00880637
37700,0.0157029
37700,0.00604775
37700,0.0148541
37700,0.0240849
37700,0.00403183
37700,0.0106101
37700,0.00403183
37700,0.0117772
37800,0.0174603
37800,0.00687831
37800,0.00243386
37800,0.00941799
37800,0.00148148
37800,0.00328042
37800,0.00835979
37800,0.00730159
37800,0.00402116
37800,0.00031746
37900,0.00453826
37900,0.010343
37900,0.00253298
37900,0.0140369
37900,0.0173087
37900,0.00369393
37900,0.00527704
37900,0.00833773
37900,0.0119261
37900,0.000105541
38000,0.00168421
38000,0.0130526
38000,0.00452632
38000,0.000631579
38000,0.00105263
38000,0.0128421
38000,0.0112632
38000,0.0122105
38000,0.0117895
38000,0.00494737
38100,0.0111286
38100,0.0024147
38100,0.00440945
38100,0.000629921
38100,0.00587927
38100,0.000839895
38100,0.00608924
38100,0.0101837
38100,0.0039895
38100,0.0165879
38200,0.00994764
38200,0.0086911
38200,0.00136126
38200,0.00837696
38200,0.00670157
38200,0.019267
38200,0.0117277
38200,0.00397906
38200,0.000314136
38200,0.0114136
38300,0.00198433
38300,0.0134726
38300,0.0143081
38300,0.00543081
38300,0.016188
38300,0.00469974
38300,0.00699739
38300,0.00584856
38300,0.0045953
38300,0.00804178
38400,0.0214583
38400,0.0009375
38400,0.00354167
38400,0.000520833
38400,0.000208333
38400,0.0189583
38400,0.003125
38400,0.00854167
38400,0.00229167
38400,0.00833333
38500,0.0169351
38500,0.00664935
38500,0.00446753
38500,0.00114286
38500,0.00197403
38500,0.0104935
38500,0.00519481
38500,0.0182857
38500,0.0151688
38500,0.00820779
38600,0.0042487
38600,0.000414508
38600,0.00196891
38600,0.0148187
38600,0.0042487
38600,0.00507772
38600,0.00445596
38600,0.00248705
38600,0.0126425
38600,0.000518135
38700,0.0163307
38700,0.0152972
38700,0.00237726
38700,0.00206718
38700,0.000103359
38700,0
38700,0.000620155
38700,0.0163307
38700,0.000723514
38700,0.0131266
38800,0.00484536
38800,0.0110309
38800,0.0042268
38800,0.0185567
38800,0.00680412
38800,0.000412371
38800,0.00298969
38800,0.00257732
38800,0.00701031
38800,0.00402062
38900,0.00935733
38900,0.00421594
38900,0.0116195
38900,0.0173779
38900,0.00287918
38900,0.00174807
38900,0.0134704
38900,0.00884319
38900,0.00709512
38900,0.00894602
39000,0.0133333
39000,0.00779487
39000,0.00912821
39000,0.00512821
39000,0.00748718
39000,0.00379487
39000,0.00635897
39000,0.0138462
39000,0.00615385
39000,0.00502564
39100,0.00460358
39100,0.00890026
39100,0.00276215
39100,0.0107417
39100,0.00460358
39100,0.00276215
39100,0.0149361
39100,0.00398977
39100,0.000613811
39100,0.00306905
39200,0.0027551
39200,0.00438776
39200,0.00112245
39200,0.00163265
39200,0.00153061
39200,0.00897959
39200,0.00418367
39200,0.000408163
39200,0.00336735
39200,0.00234694
39300,0.00783715
39300,0.00122137
39300,0.0150636
39300,0.00844784
39300,0.00305344
39300,0.0140458
39300,0.00773537
39300,0.0134351
39300,0.010687
39300,0.000101781
39400,0.00426396
39400,0.00923858
39400,0.00314721
39400,0.00467005
39400,0.00994924
39400,0.0093401
39400,0.0048731
39400,0.000609137
39400,0.00751269
39400,0.00944162
39500,0.0105316
39500,0.00344304
39500,0.00627848
39500,0.00506329
39500,0.0177215
39500,0.0171139
39500,0.00597468
39500,0.000911392
39500,0.0038481
39500,0.00405063
39600,0.019697
39600,0.000909091
39600,0.0109091
39600,0.00353535
39600,0.0020202
39600,0.0130303
39600,0.0107071
39600,0.0112121
39600,0.0191919
39600,0.0020202
39700,0.000403023
39700,0.0117884
39700,0.0130982
39700,0.00241814
39700,0.0097733
39700,0.00433249
39700,0.00987406
39700,0.0061461
39700,0.0171285
39700,0.0174307
39800,0.00552764
39800,0.0156784
39800,0.00301508
39800,0.0137688
39800,0.00854271
39800,0.000904523
39800,0.0040201
39800,0.00140704
39800,0.00462312
39800,0.00914573
39900,0.00912281
39900,0.0100251
39900,0.000902256
39900,0.000601504
39900,0.0079198
39900,0.00802005
39900,0.0156391
39900,0.00822055
39900,0.0171429
39900,0.0102256
40000,0.0001
40000,0.0158
40000,0.0026
40000,0.0025
40000,0.0065
40000,0.0068
40000,0.0021
40000,0.003
40000,0.0007
40000,0.0158
40100,0.0194514
40100,0.0156608
40100,0.0138653
40100,0.0190524
40100,0.0181546
40100,0.00339152
40100,0.0076808
40100,0.00259352
40100,0.0277307
40100,0.0103741
40200,0.0108458
40200,0.000497512
40200,0.00308458
40200,0.00606965
40200,0.0127363
40200,0.00248756
40200,0.00238806
40200,0.00557214
40200,0.00716418
40200,0.0125373
40300,0.00555831
40300,0.00406948
40300,0.0035732
40300,0.00992556
40300,0.0121092
40300,0.00387097
40300,0.00347395
40300,0.00833747
40300,0.00397022
40300,0.0197519
40400,0.0127723
40400,0.00732673
40400,0.010198
40400,0.0136634
40400,0.00970297
40400,0.0148515
40400,0.00247525
40400,0.0186139
40400,0.00247525
40400,0.00534653
40500,0.000197531
40500,0.00424691
40500,0.00434568
40500,0.0028642
40500,0.0117531
40500,0.00908642
40500,0.00691358
40500,0.00444444
40500,0.000691358
40500,0.00651852
40600,0.0134975
40600,0.00571429
40600,0.00453202
40600,0.00137931
40600,0.00344828
40600,0.00660099
40600,0.000985222
40600,0.0236453
40600,0.00837438
40600,0.00364532
40700,0.00029484
40700,0.000786241
40700,0.000884521
40700,0.0120885
40700,0.0128747
40700,0.00373464
40700,0.0124816
40700,0
40700,0.00707617
40700,0.00796069
40800,0.00196078
40800,0.00745098
40800,0.00941176
40800,0.00735294
40800,0.0134314
40800,0.00607843
40800,0.00421569
40800,0.00872549
40800,0.0285294
40800,0.00843137
40900,0.00488998
40900,0.0116381
40900,0.00107579
40900,0.00146699
40900,0.00977995
40900,0.000488998
40900,0.00254279
40900,0.000586797
40900,0.0117359
40900,0.00332518
41000,0.00760976
41000,0.0210732
41000,0.00097561
41000,0.0109268
41000,0.00282927
41000,0.011122
41000,0.00341463
41000,0.0134634
41000,0.00721951
41000,0.00243902
41100,0.0120681
41100,0.0163504
41100,0.00301703
41100,0.00895377
41100,0.0130414
41100,0.00136253
41100,0.00506083
41100,0.00136253
41100,0.00632603
41100,0.00214112
41200,0.0143689
41200,0.0206796
41200,0.00300971
41200,0.0068932
41200,0.00135922
41200,0.0109709
41200,0.000291262
41200,0.011165
41200,0.00300971
41200,0.0167961
41300,0.00193705
41300,0.00174334
41300,0.00116223
41300,0.000581114
41300,0.00561743
41300,0.000774818
41300,0.008523
41300,0.00290557
41300,0.00213075
41300,0.00377724
41400,0.0112077
41400,0.00608696
41400,0.00135266
41400,0.00328502
41400,0.00202899
41400,0.0152657
41400,0.00637681
41400,0.000772947
41400,0.00879227
41400,0.00115942
41500,0.000289157
41500,0.0184096
41500,0.00250602
41500,0.00645783
41500,0.00279518
41500,0.00346988
41500,0.00973494
41500,0.00327711
41500,0.019759
41500,0.00549398
41600,0.000384615
41600,0.00625
41600,0.000480769
41600,0.01375
41600,0.0255769
41600,0.00336538
41600,0.000865385
41600,0.00451923
41600,0.00557692
41600,0.00798077
41700,0.00239808
41700,0.00134293
41700,0.00786571
41700,0.00565947
41700,0.00258993
41700,0.00604317
41700,0.00057554
41700,0.0057554
41700,0.0125659
41700,0.0180336
41800,0.00392344
41800,0
41800,9.56938e-05
41800,0.0015311
41800,0.00287081
41800,0.00535885
41800,0.00803828
41800,0.00191388
41800,0.0116746
41800,0.00870813
41900,0.0113604
41900,0.0049642
41900,0.0027685
41900,9.54654e-05
41900,0.00257757
41900,0.0145107
41900,0.0024821
41900,0.00343675
41900,0.000668258
41900,0.00391408
42000,0.000857143
42000,0.00171429
42000,0.00933333
42000,0.00104762
42000,0.0128571
42000,0.00628571
42000,0.000857143
42000,0.00447619
42000,0.00190476
42000,0.00238095
42100,0.0123515
42100,0.000570071
42100,0.00456057
42100,0.00408551
42100,0.00845606
42100,0.0088361
42100,0.0106413
42100,0.00674584
42100,0.00389549
42100,0.0016152
42200,0.00123223
42200,0.00511848
42200,0.00881517
42200,0.00777251
42200,0.00417062
42200,0.00739336
42200,0.0123223
42200,0.00123223
42200,0.0150711
42200,0.0200948
42300,0.00624113
42300,0.00141844
42300,0.00501182
42300,0.0123877
42300,0.00170213
42300,0.000472813
42300,0.0134279
42300,0.00160757
42300,0.00907801
42300,0.00510638
42400,0.0138679
42400,0.0271698
42400,0.00367925
42400,0.00811321
42400,0.0118868
42400,0.00726415
42400,0.0134906
42400,0.00283019
42400,0.00745283
42400,0.0120755
42500,0.00263529
42500,0.00291765
42500,0.00950588
42500,0.00508235
42500,0.0195765
42500,0.00527059
42500,0.00348235
42500,0.00969412
42500,0.00583529
42500,0.00743529
42600,0.00807512
42600,0.00159624
42600,0.0143662
42600,0.00187793
42600,0.00178404
42600,0.00760563
42600,0.0110798
42600,0.0109859
42600,0.000187793
42600,0.00253521
42700,0.000843091
42700,0.00421546
42700,0.00711944
42700,0.00918033
42700,0.00224824
42700,0.0192037
42700,0.00721311
42700,0.00758782
42700,0.000843091
42700,0.00262295
42800,0.00373832
42800,0.0127103
42800,0.00850467
42800,0.00504673
42800,0.00906542
42800,0.00635514
42800,0.00308411
42800,0.00271028
42800,0.00738318
42800,0.00794393
42900,0.0106294
42900,0.00951049
42900,0.00634033
42900,0.0102564
42900,0.0032634
42900,9.32401e-05
42900,0.0140793
42900,0.0176224
42900,0.0193007
42900,0.00811189
43000,0.00669767
43000,0.0162791
43000,0.00204651
43000,0.00446512
43000,0.00297674
43000,0.00223256
43000,0.00260465
43000,0.00837209
43000,0.00130233
43000,0.00772093
43100,0.0117865
43100,0.012065
43100,0.0164269
43100,0.0087239
43100,0.00037123
43100,0.00993039
43100,0.00491879
43100,0.00890951
43100,0.00139211
43100,0.00232019
43200,0.00268519
43200,0.0062037
43200,0.0116667
43200,0.0119444
43200,0.0103704
43200,0.0152778
43200,0.00907407
43200,0.00712963
43200,0.00333333
43200,0.00907407
43300,0.0133025
43300,0.0118245
43300,0.0108083
43300,0.00378753
43300,0.00831409
43300,0.0139492
43300,0.00461894
43300,0.00886836
43300,0.00951501
43300,0.00637413
43400,0.00470046
43400,0.0103226
43400,0.00110599
43400,0.00239631
43400,0.00193548
43400,0.00599078
43400,0.000921659
43400,0.00525346
43400,0.000737327
43400,0.000921659
43500,0.0138851
43500,0.00257471
43500,0.012046
43500,0.00956322
43500,0.00386207
43500,0.00331034
43500,0.000735632
43500,0.00643678
43500,0.0205057
43500,0.00698851
43600,0.00477064
43600,0.0159633
43600,0.00412844
43600,0.00834862
43600,0.00559633
43600,0.0178899
43600,0.00559633
43600,0.00119266
43600,0.000458716
43600,0.00651376
43700,0.0116247
43700,0.00686499
43700,0.000366133
43700,0.00796339
43700,0.0016476
43700,0.0128146
43700,0.00796339
43700,0.00503432
43700,0.00100686
43700,0.000366133
43800,0.00621005
43800,0.00164384
43800,0.0026484
43800,0.00365297
43800,0.00538813
43800,0.00940639
43800,0.000365297
43800,0.00447489
43800,0.00958904
43800,0.0127854
43900,0.014123
43900,0.00182232
43900,0.00136674
43900,0.0174032
43900,9.11162e-05
43900,0.0111162
43900,0.00191344
43900,0.00446469
43900,0.00692483
43900,0.00191344
44000,0.0218182
44000,0.00936364
44000,0.0117273
44000,0.000818182
44000,0.00318182
44000,0.0224545
44000,0.00290909
44000,0.00245455
44000,0.00445455
44000,0.0147273
44100,0.0062585
44100,0.00879819
44100,0.00870748
44100,0.00961451
44100,0.0108844
44100,0.0111565
44100,0.00888889
44100,0.00145125
44100,0.00380952
44100,0.00453515
44200,0.000904977
44200,0.0128507
44200,0.0193665
44200,0.00425339
44200,0.00986425
44200,0.00361991
44200,0.00524887
44200,0.00280543
44200,0.00316742
44200,0.00642534
44300,0.0055079
44300,0.00352144
44300,0.0108352
44300,0.00288939
44300,0.00243792
44300,0.00162528
44300,0.00604966
44300,0.00261851
44300,0.00650113
44300,0.0110158
44400,0.0108108
44400,0.00423423
44400,0.0104505
44400,0.00846847
44400,0.00504505
44400,0.00324324
44400,0.00351351
44400,0.00378378
44400,0.0133333
44400,0.00153153
44500,0.0188764
44500,0.00332584
44500,0.000359551
44500,0.000629213
44500,0.00386517
44500,0.0065618
44500,0.00134831
44500,0.00485393
44500,0.00521348
44500,0.000808989
44600,0.0147085
44600,0.0149776
44600,0.0102242
44600,0.00251121
44600,0.00573991
44600,0.018565
44600,0.00878924
44600,0.00403587
44600,0.00269058
44600,0.000896861
44700,0.00187919
44700,0.00393736
44700,0.0166443
44700,0.0124385
44700,0.00098434
44700,0.000357942
44700,0.000178971
44700,0.0110962
44700,0.0141387
44700,0.0150336
44800,0.00455357
44800,0.00696429
44800,0.00133929
44800,0.000892857
44800,0.00116071
44800,0.00428571
44800,0.005
44800,0.0138393
44800,0.00375
44800,0.0127679
44900,0.00240535
44900,0.00365256
44900,0.0067706
44900,0.00481069
44900,0.0103341
44900,0.0054343
44900,0.00579065
44900,0.00293987
44900,0.00739421
44900,0.0114922
45000,0.0141333
45000,0.00613333
45000,0.00177778
45000,0.0135111
45000,0.00648889
45000,0.0136
45000,0.00266667
45000,0.00382222
45000,0.0056
45000,0.0048
45100,0.000798226
45100,0.0064745
45100,0.0075388
45100,0.00762749
45100,0.0156098
45100,0.00301552
45100,0.00274945
45100,0.0186253
45100,0.00337029
45100,0.00878049
45200,0.00115044
45200,0.0080531
45200,0.00185841
45200,0.00371681
45200,0.010885
45200,0.00787611
45200,0.00893805
45200,0.0122124
45200,8.84956e-05
45200,0.00778761
45300,0.00997792
45300,0.00891832
45300,0.00406181
45300,0.00891832
45300,0.00379691
45300,0.00927152
45300,0.0113907
45300,0.00520971
45300,0.0133333
45300,0.0173068
45400,0.00105727
45400,0.00202643
45400,0.00114537
45400,0.00299559
45400,0.00229075
45400,0.0122467
45400,8.81057e-05
45400,0.00273128
45400,0.0119824
45400,0.00511013
45500,0.00158242
45500,0.00246154
45500,0.0179341
45500,0.00210989
45500,0.00351648
45500,0.00123077
45500,0.016
45500,0.00545055
45500,0.0058022
45500,0.0036044
45600,0.00236842
45600,0.0182456
45600,0.00245614
45600,0.0111404
45600,0.0072807
45600,0.00491228
45600,0.00807018
45600,0.00780702
45600,0.00184211
45600,0.0110526
45700,0.00166302
45700,0.00262582
45700,0.0123414
45700,0.000612691
45700,0.0109409
45700,0.014267
45700,0.00245077
45700,0.00341357
45700,0.00525164
45700,0.00551422
45800,0.0104803
45800,0.020786
45800,0.00401747
45800,0.00637555
45800,0.00532751
45800,0.000960699
45800,0.000873362
45800,0.00803493
45800,0.0116157
45800,0.000436681
45900,0.0129847
45900,0.00880174
45900,0.00775599
45900,0.00139434
45900,0.000958606
45900,0.00409586
45900,0.00906318
45900,0.00470588
45900,0.00461874
45900,0.00679739
46000,0.00721739
46000,0.00130435
46000,0.0125217
46000,0.00365217
46000,0.00704348
46000,0.00747826
46000,0.00130435
46000,0.00582609
46000,0.004
46000,0.00669565
46100,0.000173536
46100,0.00286334
46100,0.00668113
46100,0.018308
46100,0.00477223
46100,0.0186551
46100,0.00824295
46100,0.0146638
46100,0.0105857
46100,0.00286334
46200,0.0102165
46200,0.00640693
46200,0.0118615
46200,0.0164502
46200,0.00450216
46200,0.00372294
46200,0.00510823
46200,0.000952381
46200,0.00025974
46200,0.00701299
46300,0.00768898
46300,0.0062203
46300,0.0107991
46300,0.00224622
46300,0.00596112
46300,0.00241901
46300,0.0062203
46300,0.000172786
46300,0.00967603
46300,0.00673866
46400,0.00258621
46400,0.00810345
46400,0.010431
46400,0.00163793
46400,8.62069e-05
46400,0.00862069
46400,0.00431034
46400,0.0112931
46400,0.0101724
46400,0.00275862
46500,0.0100645
46500,0.00378495
46500,0.00335484
46500,0.00722581
46500,0.00851613
46500,0.00447312
46500,0.0197849
46500,0.012129
46500,0.00490323
46500,0.00653763
46600,0.00695279
46600,0.00171674
46600,0.0145064
46600,0.00351931
46600,0.0105579
46600,0.00566524
46600,0.0100429
46600,0.00875536
46600,0.0139914
46600,0.00111588
46700,0.00471092
46700,0.004197
46700,0.00762313
46700,0.00805139
46700,0.00282655
46700,0.0040257
46700,0.00436831
46700,0.0108779
46700,0.00856531
46700,0.00882227
46800,0.00435897
46800,0.0202564
46800,0.00282051
46800,0.00145299
46800,0.00487179
46800,0.00384615
46800,0.0102564
46800,0.00196581
46800,0.00752137
46800,0.00470085
46900,0.0150959
46900,0.00682303
46900,0.000597015
46900,0.00929638
46900,0.00170576
46900,0.00153518
46900,0.00162047
46900,0.00861407
46900,0.013049
46900,0.0107463
47000,0.00442553
47000,0.00885106
47000,0.00195745
47000,0.00817021
47000,0.00442553
47000,0.00638298
47000,0.00757447
47000,0.0116596
47000,0.0134468
47000,0.0108085
47100,0.0062845
47100,0.017155
47100,0.0036518
47100,0.00832272
47100,0.00713376
47100,0.0112102
47100,0.0036518
47100,0.0036518
47100,0.011465
47100,0.00518047
47200,0.010678
47200,0.00466102
47200,0.00508475
47200,0.000508475
47200,0.00576271
47200,0.00135593
47200,0.000254237
47200,0.0059322
47200,0.00720339
47200,0.00237288
47300,0.0249471
47300,0.0121776
47300,0.0109937
47300,0.00245243
47300,0.00490486
47300,0.0030444
47300,0.00930233
47300,0.0126004
47300,0.0022833
47300,0.0147146
47400,0.0161181
47400,0.00345992
47400,0.00413502
47400,0.0114768
47400,0.0162869
47400,0.00649789
47400,0.00303797
47400,0.0176371
47400,0.0120675
47400,0.00438819
47500,0.00454737
47500,0.00168421
47500,0.00842105
47500,0.00858947
47500,0.00867368
47500,0.00218947
47500,0.00244211
47500,0.00294737
47500,0.00117895
47500,0.00606316
47600,0.00537815
47600,0.012437
47600,0.0157143
47600,0.00462185
47600,0.00991597
47600,0.00403361
47600,0.00831933
47600,0.00521008
47600,0.00512605
47600,0.00865546
47700,0.000419287
47700,0.00100629
47700,0.0133333
47700,0.0106499
47700,0.00863732
47700,0.00637317
47700,0.00184486
47700,0.00637317
47700,0.00654088
47700,0.00293501
47800,0.00309623
47800,0.00585774
47800,0.0106276
47800,0.010795
47800,0.00292887
47800,0.0104603
47800,0.00158996
47800,0.00351464
47800,0.0108787
47800,0.00435146
47900,0.000668058
47900,0.000417537
47900,0.00275574
47900,0.00442589
47900,0.0168685
47900,0.00158664
47900,0.00141962
47900,0.0135282
47900,0.0130271
47900,0.00475992
48000,0.0116667
48000,0.00675
48000,0.000666667
48000,0.0128333
48000,0.00025
48000,0.0131667
48000,0.0100833
48000,0.00516667
48000,0.00208333
48000,0.00133333
48100,0.00698545
48100,0.00307692
48100,0.00340956
48100,0.00108108
48100,0.00814969
48100,0.0209563
48100,0.00340956
48100,0.00548857
48100,0.00557173
48100,0.0109771
48200,0.00381743
48200,0.00763485
48200,0.00356846
48200,0.0163485
48200,0.0138589
48200,0.00688797
48200,0.00307054
48200,0.00224066
48200,0.00489627
48200,0.00846473
48300,0.00231884
48300,0.00165631
48300,0.0133333
48300,0
48300,0.00753623
48300,0.00612836
48300,0.013913
48300,0.00670807
48300,0.00256729
48300,0.00306418
48400,0.0031405
48400,0.00239669
48400,0.0113223
48400,0.0175207
48400,0.0208264
48400,0.00603306
48400,0.00421488
48400,0.0127273
48400,0.00694215
48400,0.00603306
48500,0.0114639
48500,0.0028866
48500,0.019299
48500,0.0129485
48500,0.00387629
48500,0.00206186
48500,0.0107216
48500,0.0163299
48500,0.00461856
48500,0
48600,0.000246914
48600,0.0115226
48600,0.00534979
48600,0.00987654
48600,0.00329218
48600,0.0120988
48600,0.0110288
48600,0.00872428
48600,8.23045e-05
48600,0.027572
48700,0.000410678
48700,0.00427105
48700,0.00328542
48700,0.00517454
48700,0.0147023
48700,0.00492813
48700,0.0137166
48700,0.00772074
48700,0.0110062
48700,0.00698152
48800,0.000327869
48800,0.00188525
48800,0.00639344
48800,0.00442623
48800,0.00836066
48800,0.00885246
48800,0.00114754
48800,0.0177049
48800,0.0136885
48800,0.00959016
48900,0.00351738
48900,0.00400818
48900,0.0120245
48900,0.00327198
48900,0.00253579
48900,0.0131697
48900,0.00605317
48900,0.0112883
48900,0.0122699
48900,0.000163599
49000,0.00971429
49000,0.0168163
49000,0.000734694
49000,0.00457143
49000,0.00816327
49000,0.00742857
49000,0.00636735
49000,0.00228571
49000,0.0075102
49000,0.00971429
49100,0.00586558
49100,0.0204481
49100,0.00480652
49100,0.0164562
49100,0.00472505
49100,0.00105906
49100,0.00391039
49100,0.0112424
49100,0.00570265
49100,0.00912424
49200,0.0112195
49200,0.00252033
49200,0.00186992
49200,0.00918699
49200,0.00178862
49200,0.00113821
49200,0.00422764
49200,0.00105691
49200,0.00804878
49200,0.014065
49300,0.00178499
49300,0.013144
49300,0.00819473
49300,0.00413793
49300,0.00900609
49300,0.00462475
49300,0.00340771
49300,0.00235294
49300,0.00657201
49300,0.000243408
49400,0.00299595
49400,0.0140081
49400,0.00259109
49400,0.00582996
49400,0.00502024
49400,0.0059919
49400,0.0162753
49400,0.000242915
49400,0.00591093
49400,0.00850202
49500,0.013899
49500,0.000969697
49500,0.00258586
49500,0.0059798
49500,0.00226263
49500,0.00816162
49500,0.0118788
49500,0.00476768
49500,0.00371717
49500,0.00476768
49600,0.0117742
49600,0.0145968
49600,0.00177419
49600,0.0116935
49600,0.0149194
49600,0.00451613
49600,0.00330645
49600,0.00104839
49600,0.0103226
49600,0.00806452
49700,0.00056338
49700,0.0103018
49700,0.0094165
49700,0.0084507
49700,0.000321932
49700,0.0191549
49700,0.0065996
49700,0.00249497
49700,0.00128773
49700,0.000643863
49800,0.00385542
49800,0.00666667
49800,0.00136546
49800,0.0217671
49800,0.0201606
49800,0.0037751
49800,0.00650602
49800,0.00168675
49800,0.00586345
49800,0.00971888
49900,0.0058517
49900,0.0121844
49900,0.00256513
49900,0.00208417
49900,0.00513026
49900,0.0178758
49900,0.00649299
49900,0.00665331
49900,0.0109018
49900,0.0012024
50000,0.00208
50000,0.00656
50000,0.01568
50000,0.01152
50000,0.01312
50000,0.01608
50000,0.008
50000,0.00752
50000,0.00432
50000,0.00944
50100,0.00143713
50100,0.00263473
50100,0.00151697
50100,0.0110978
50100,0.00343313
50100,0.000638723
50100,0.0133333
50100,0.00167665
50100,0.00870259
50100,0.00175649
50200,0.00358566
50200,0.00063745
50200,0.00111554
50200,0.0149004
50200,0.00318725
50200,0.00836653
50200,0.0110757
50200,0.000717131
50200,0.00247012
50200,0.00565737
50300,0.00055666
50300,0.00397614
50300,0.0128827
50300,0.0101789
50300,0.00262425
50300,0.00143141
50300,0.000954274
50300,0.00540755
50300,0.000238569
50300,0.0100199
50400,0.00722222
50400,0.0065873
50400,0.00960317
50400,0.000714286
50400,0.00269841
50400,0.0100794
50400,0.00365079
50400,0.00428571
50400,0.0136508
50400,0.0109524
50500,0.00182178
50500,0.00910891
50500,0.0060198
50500,0.00285149
50500,0.00887129
50500,0.00435644
50500,0.00316832
50500,0.00792079
50500,0.0069703
50500,0.00277228
50600,0.00237154
50600,0.00426877
50600,0.00450593
50600,0.00837945
50600,0.00924901
50600,0.00245059
50600,0.00798419
50600,0.00355731
50600,0.00798419
50600,0.0113043
50700,0.0108087
50700,0.005286
50700,0.00102564
50700,0.00149901
50700,0.0101775
50700,0.00457594
50700,0.000788955
50700,0.00362919
50700,0.00599606
50700,0.00402367
50800,0.00433071
50800,0.00267717
50800,0.0126772
50800,0.00905512
50800,0.00385827
50800,0.00937008
50800,0.00566929
50800,0.011811
50800,0.00393701
50800,0.0123622
50900,0.00149312
50900,0.00298625
50900,0.00463654
50900,0.00880157
50900,0.00510806
50900,0.00667976
50900,0.0181532
50900,0.000392927
50900,0.000628684
50900,0.00330059
51000,0.0101176
51000,0.00509804
51000,0.0107451
51000,0.016
51000,0.00282353
51000,0.0133333
51000,0.00956863
51000,0.00235294
51000,0.00172549
51000,0.00360784
51100,0.00383562
51100,0.00587084
51100,0.0100196
51100,0.0149511
51100,0.0105675
51100,0.023953
51100,0.000313112
51100,0.00547945
51100,0.00266145
51100,0.00547945
51200,0.00140625
51200,0.004375
51200,0.00796875
51200,0.00328125
51200,0.00625
51200,0.00296875
51200,0.00367187
51200,0.00851563
51200,0.00367187
51200,0.00179687
51300,0.00202729
51300,0.00725146
51300,0.000233918
51300,0.00132554
51300,0.00109162
51300,0.0042885
51300,0.00335283
51300,0.00576998
51300,0.0108382
51300,0.0034308
51400,0.000466926
51400,0.00171206
51400,0.00871595
51400,0.0161868
51400,0.00879377
51400,0.00964981
51400,0.00233463
51400,0.000389105
51400,0.0077821
51400,0.00280156
51500,0.0124272
51500,0.00217476
51500,0.00349515
51500,0.00520388
51500,0.00636893
51500,0.0115728
51500,0.00605825
51500,0.0048932
51500,0.00396117
51500,0.00318447
51600,0.000155039
51600,0.00813953
51600,0.00379845
51600,0.0113178
51600,0.01
51600,0.000930233
51600,0.00294574
51600,0.0103101
51600,0.00813953
51600,0.00821705
51700,0.00263056
51700,0.00804642
51700,0.000928433
51700,0.00208897
51700,0.0017795
51700,0.00147002
51700,0.00286267
51700,0.00812379
51700,0.0133075
51700,0.012766
51800,0.0216988
51800,0.00787645
51800,0.00779923
51800,0.000540541
51800,0.00370656
51800,0.00934363
51800,0.0181467
51800,0.00108108
51800,0.00648649
51800,0.00370656
51900,0.00169557
51900,0.0026975
51900,0.0088632
51900,0.00400771
51900,0.0209634
51900,0.00755299
51900,0.00955684
51900,0.0115607
51900,0.00477842
51900,0.00732177
52000,0.00384615
52000,0.00207692
52000,0.00515385
52000,0.00761538
52000,0.00853846
52000,0.0109231
52000,0.0136154
52000,0.00576923
52000,0.00407692
52000,0.00423077
52100,0.00261036
52100,0.00191939
52100,0.00660269
52100,0.000153551
52100,0.0081382
52100,0.0180422
52100,0.00084453
52100,0.0113628
52100,0.00330134
52100,0.00138196
52200,0.0174713
52200,0.022682
52200,0.00252874
52200,0.00743295
52200,0.0172414
52200,0.0112644
52200,0.00536398
52200,0.00781609
52200,0.00360153
52200,0.0123372
52300,0.00527725
52300,0.00237094
52300,0.000994264
52300,0.0008413
52300,0.00627151
52300,0.00107075
52300,0.00780115
52300,0.00902486
52300,0.000611855
52300,0.0150669
52400,0.00992366
52400,0.00221374
52400,0.0129008
52400,0.00358779
52400,0.00114504
52400,0.00259542
52400,0.00389313
52400,0.00335878
52400,0.000381679
52400,0.000534351
52500,0.0116571
52500,0.000228571
52500,0.000304762
52500,0.00457143
52500,0.00822857
52500,0.00662857
52500,0.00449524
52500,0.00838095
52500,0.00929524
52500,0.00350476
52600,0.00821293
52600,0.00152091
52600,0.000684411
52600,0.000456274
52600,0.000684411
52600,0.00996198
52600,0.00152091
52600,0.0101141
52600,0.001673
52600,0.001673
52700,0.000531309
52700,0.00242884
52700,0.0108539
52700,0.000303605
52700,0.00303605
52700,0.00394687
52700,0.0110816
52700,0.00485769
52700,0.000834915
52700,0.011537
52800,0.00522727
52800,7.57576e-05
52800,0.00484848
52800,0.00765152
52800,0.000454545
52800,0.0075
52800,0.00371212
52800,0.00954545
52800,0.0055303
52800,0.00181818
52900,0.00521739
52900,0.0130813
52900,0.00589792
52900,0.00173913
52900,0.00431002
52900,0.00627599
52900,0.00234405
52900,0.0010586
52900,0.0094518
52900,0.00287335
53000,0.0168302
53000,0.00241509
53000,0.00928302
53000,0.0085283
53000,0.00558491
53000,0.00301887
53000,0.0151698
53000,0.00483019
53000,0.00867925
53000,0.0133585
53100,0.0033145
53100,0.006629
53100,0.000903955
53100,0.00271186
53100,0.00391714
53100,0.0171751
53100,0.00354049
53100,0.00670433
53100,0.00218456
53100,0.0100188
53200,0.00541353
53200,0.000526316
53200,7.5188e-05
53200,0.00135338
53200,0.00781955
53200,0.00120301
53200,0.00398496
53200,0.00593985
53200,0.0018797
53200,0.0018797
53300,0.00457786
53300,0.0036773
53300,0.000825516
53300,0.00172608
53300,0.00322702
53300,0.00637899
53300,0.0035272
53300,0.0150094
53300,0.000900563
53300,0.00225141
53400,0.000674157
53400,0.0094382
53400,0.00988764
53400,0.00194757
53400,0.00636704
53400,0.0047191
53400,0.0011236
53400,0.00224719
53400,0.00179775
53400,0.00344569
53500,0.00904673
53500,0.0113645
53500,0.00628037
53500,0.00142056
53500,0.00785047
53500,0.00119626
53500,0.00164486
53500,0.00650467
53500,0.0117383
53500,0.00530841
53600,0.00350746
53600,0.010597
53600,0.00238806
53600,0.00985075
53600,0.0108955
53600,0.005
53600,0.00529851
53600,0.00380597
53600,0.0113433
53600,0.00343284
53700,0.000744879
53700,0.00350093
53700,0.00782123
53700,0.00335196
53700,0.000893855
53700,0.00439479
53700,0.00230912
53700,0.00275605
53700,0.00283054
53700,0.0118436
53800,0.00193309
53800,0.0174721
53800,0.0133086
53800,0.00104089
53800,0.00356877
53800,0.012119
53800,0.00788104
53800,0.00669145
53800,0.00542751
53800,0.00200743
53900,0.00794063
53900,0.00749536
53900,0.00178108
53900,0.0064564
53900,0.0019295
53900,0.00215213
53900,0.0083859
53900,0.00972171
53900,0.00526902
53900,0.0100928
54000,0.00622222
54000,0.00385185
54000,0.000148148
54000,0.00666667
54000,0.000592593
54000,0.00488889
54000,0.00103704
54000,0.000148148
54000,0.00992593
54000,0.00985185
54100,0.00184843
54100,0.00584104
54100,0.00887246
54100,0.00125693
54100,0.00968577
54100,0.00754159
54100,0.0124214
54100,0.0116081
54100,0.00162662
54100,0.000369686
54200,0.00671587
54200,0.00214022
54200,0.00118081
54200,0.0157196
54200,0.0107011
54200,0.00361624
54200,0.00464945
54200,7.38007e-05
54200,0.00265683
54200,0.00457565
54300,0.00265193
54300,0.00788214
54300,0.00611418
54300,0.00508287
54300,0.00493554
54300,0.00464088
54300,0.00220994
54300,0.0148803
54300,0.0153223
54300,0.00176796
54400,0.00485294
54400,0.0075
54400,0.0025
54400,0.00691176
54400,0.00683824
54400,0.00205882
54400,0.00147059
54400,0.00147059
54400,0.00316176
54400,0.000588235
54500,0.00154128
54500,0.00176147
54500,0.00433028
54500,0.00946789
54500,0.00814679
54500,0.000440367
54500,0.00447706
54500,0.00234862
54500,0.00388991
54500,0.00124771
54600,0.00871795
54600,0.00937729
54600,0.00974359
54600,0.00336996
54600,0.00945055
54600,0.00659341
54600,0.00336996
54600,0.00908425
54600,0.00981685
54600,0.0162637
54700,0.000731261
54700,0.00928702
54700,0.0130896
54700,0.0147715
54700,0.00314442
54700,0.00160878
54700,0.00321755
54700,0.000658135
54700,0.00957952
54700,0.00343693
54800,0.00167883
54800,0.00605839
54800,0.00715328
54800,0.00321168
54800,0.000364964
54800,0.00131387
54800,0.00481752
54800,0.000948905
54800,0.00715328
54800,0.0059854
54900,0.000437158
54900,0.0131876
54900,0.00240437
54900,0.0063388
54900,0.00903461
54900,0.00721311
54900,0.000145719
54900,0.0102732
54900,0.00145719
54900,0.00276867
55000,0.000654545
55000,0.0139636
55000,0.00101818
55000,0.0129455
55000,0.0140364
55000,0.00327273
55000,0.0008
55000,0.00741818
55000,0.00654545
55000,0.00356364
55100,0.00123412
55100,0.00210526
55100,0.0174229
55100,0.00108893
55100,0.0015245
55100,0.00377495
55100,0.00675136
55100,0.00421053
55100,0.0092196
55100,0.00268603
55200,0.00963768
55200,0.00152174
55200,0.00586957
55200,0.00565217
55200,0.00355072
55200,0.00963768
55200,0.011087
55200,0.00869565
55200,0.00514493
55200,0.00311594
55300,0.00433996
55300,0.0162025
55300,0.00658228
55300,7.23327e-05
55300,0.00282098
55300,0.0039783
55300,0.0079566
55300,0.00318264
55300,0.00339964
55300,0.0035443
55400,0.00252708
55400,0.00303249
55400,0.0066426
55400,0.00310469
55400,0.00303249
55400,0.00389892
55400,0.0033213
55400,0.0112635
55400,0.00483755
55400,0.00815884
55500,0.0036036
55500,0.00908108
55500,0.016
55500,0.00216216
55500,0.0049009
55500,0.00699099
55500,0.00778378
55500,0.00807207
55500,0.00230631
55500,0.0074955
55600,0.0028777
55600,0
55600,0.00863309
55600,0.00294964
55600,0.00467626
55600,0.0100719
55600,0.0152518
55600,0.0018705
55600,0.012518
55600,0.00496403
55700,0.00610413
55700,0.00043088
55700,0.00552962
55700,0.00825853
55700,0.00143627
55700,0.00560144
55700,0.0109874
55700,0.00725314
55700,0.00560144
55700,0.00854578
55800,0.00982079
55800,0.00078853
55800,0.00401434
55800,0.000860215
55800,0.00315412
55800,0.00172043
55800,0.0129032
55800,0.00752688
55800,0.00365591
55800,0.00078853
55900,0.00772809
55900,0.0135957
55900,0.00658318
55900,0.00500894
55900,0.00923077
55900,0.00472272
55900,0.00400716
55900,0.00450805
55900,0.000214669
55900,0.00257603
56000,0.00342857
56000,0.00342857
56000,0.00385714
56000,0.000285714
56000,0.00135714
56000,0.00385714
56000,0.00414286
56000,0.00235714
56000,0.00764286
56000,0.0100714
56100,0.000213904
56100,0.000713012
56100,0.0114795
56100,0.0164706
56100,0.00499109
56100,0.00278075
56100,0.00456328
56100,0.00456328
56100,0.00520499
56100,0.00156863
56200,0.00320285
56200,0.0107473
56200,0.00747331
56200,0.00355872
56200,0.0030605
56200,0.00412811
56200,0.00903915
56200,0.00676157
56200,0.00192171
56200,0.00120996
56300,0.0145648
56300,0.000639432
56300,0.00383659
56300,0.00468917
56300,0.00646536
56300,0.00490231
56300,0.00376554
56300,0.0100888
56300,0.0154885
56300,0.00838366
56400,0.00524823
56400,0.00156028
56400,0.00120567
56400,0.00475177
56400,0.000638298
56400,0.00765957
56400,0.00411348
56400,0.00574468
56400,0.0114894
56400,0.0070922
56500,0.00488496
56500,0.00495575
56500,0.0102655
56500,0.00481416
56500,0.000141593
56500,0.0019823
56500,0.00311504
56500,0.000637168
56500,0.00509735
56500,0.0128142
56600,0.00530035
56600,0.00402827
56600,0.000989399
56600,0.00756184
56600,0.0029682
56600,0.00219081
56600,0.000565371
56600,0.0110247
56600,0.000282686
56600,0.00240283
56700,0.0042328
56700,0.00359788
56700,0.00910053
56700,0.00627866
56700,0.00571429
56700,0.00324515
56700,0.00204586
56700,0.0010582
56700,0.00486772
56700,0.00465608
56800,0.0108451
56800,0.00591549
56800,0.000774648
56800,0.011831
56800,0.00549296
56800,0.0142958
56800,0.000352113
56800,0.00394366
56800,0.0111972
56800,0.00316901
56900,0.00731107
56900,0.000913884
56900,0.0193322
56900,0.010826
56900,0.00168717
56900,0.000210896
56900,7.02988e-05
56900,0
56900,0.00442882
56900,0.00253076
57000,0.000982456
57000,0.00385965
57000,0.000842105
57000,0.00785965
57000,0.00582456
57000,0.000561404
57000,0.0108772
57000,0.00863158
57000,0.00722807
57000,0.0128421
57100,0.000420315
57100,0.00609457
57100,0.00238179
57100,7.00525e-05
57100,0.000910683
57100,0.00812609
57100,0.00084063
57100,0.000910683
57100,0.00322242
57100,0.00301226
57200,0.00265734
57200,0.00524476
57200,0.00020979
57200,0.00447552
57200,0.00909091
57200,0.00713287
57200,0.00307692
57200,0.00258741
57200,0.00874126
57200,0.00559441
57300,0.00167539
57300,0.00272251
57300,0.000558464
57300,0.00104712
57300,0.000139616
57300,0.00642234
57300,0.000209424
57300,0.00935428
57300,0.00265271
57300,0.00139616
57400,0.00515679
57400,0.00243902
57400,0.00662021
57400,0.00926829
57400,0.00320557
57400,0.00627178
57400,0.0045993
57400,0.000557491
57400,0.00160279
57400,0.00731707
57500,0.0119652
57500,0.00313043
57500,0.00264348
57500,0.00730435
57500,0.0119652
57500,0.0016
57500,0.00542609
57500,0.00674783
57500,0.00876522
57500,0.00431304
57600,0.00659722
57600,0.00569444
57600,0.00861111
57600,0.00875
57600,0.0128472
57600,0.01625
57600,0.000763889
57600,0.00104167
57600,0.00895833
57600,0.00256944
57700,0.00492201
57700,0.00263432
57700,0.00235702
57700,0.00623917
57700,0.00596187
57700,0.00783362
57700,0.0060312
57700,0.00908146
57700,0.00526863
57700,0.00610052
57800,0.0179239
57800,0.00463668
57800,0.00546713
57800,0.0146713
57800,0.00546713
57800,0.0132872
57800,0.000138408
57800,0.0150173
57800,0.00491349
57800,0.0123875
57900,0.00525043
57900,0.00227979
57900,0.00338515
57900,0.0017962
57900,0.000345423
57900,0.0162349
57900,0.0035924
57900,0.00200345
57900,0.00677029
57900,0.00345423
58000,0.00365517
58000,0.00558621
58000,0.00193103
58000,0.000758621
58000,0.0107586
58000,0.0129655
58000,0.000482759
58000,0.000551724
58000,0.0042069
58000,0.0147586
58100,0.00337349
58100,0.00777969
58100,0.00296041
58100,0.00020654
58100,0.00612737
58100,0.0053012
58100,0.00172117
58100,0.0101205
58100,0.00172117
58100,0.00137694
58200,0.00563574
58200,0.00109966
58200,0.00109966
58200,0.00116838
58200,0.00323024
58200,0.00701031
58200,0.00460481
58200,0.0170447
58200,0.00742268
58200,0.0100344
58300,0.00617496
58300,0.00789022
58300,0.000823328
58300,0.00692967
58300,0.00548885
58300,0.0214065
58300,0.0112521
58300,0.000137221
58300,0.00562607
58300,0.0111835
58400,0.00452055
58400,0.00123288
58400,0.005
58400,0.00643836
58400,0.00390411
58400,0.00143836
58400,0.00239726
58400,0.000821918
58400,0.00438356
58400,0.00616438
58500,0.00847863
58500,0.00642735
58500,0.00977778
58500,0.00232479
58500,0.000478632
58500,0.00205128
58500,0.0031453
58500,0.00191453
58500,0.000888889
58500,0.0140855
58600,0.000819113
58600,0.00129693
58600,0.00559727
58600,0.00232082
58600,0.00477816
58600,0.00614334
58600,0.00163823
58600,0.0137201
58600,0.00430034
58600,0.00368601
58700,0.00170358
58700,0.00115843
58700,0.00252129
58700,0.00729131
58700,0.00190801
58700,0.00218058
58700,0.00504259
58700,0.00102215
58700,0.00177172
58700,0.0171721
58800,0.00408163
58800,0.00183673
58800,0.00761905
58800,0.0164626
58800,0.00605442
58800,0.00646259
58800,0.0014966
58800,0.0110204
58800,0
58800,0.0052381
58900,0.00794567
58900,0.00366723
58900,0.00563667
58900,0.00604414
58900,0.00427844
58900,0.00122241
58900,0.00325976
58900,0.0075382
58900,0.00584041
58900,0.0194228
59000,0.00345763
59000,0.00250847
59000,0.0109153
59000,0.00311864
59000,0.00677966
59000,0.0149831
59000,0.00189831
59000,0.0213559
59000,0.004
59000,0.00549153
59100,6.76819e-05
59100,0.000135364
59100,0.00575296
59100,0.00189509
59100,0.00974619
59100,0.00230118
59100,0.00676819
59100,0.000744501
59100,0.00886633
59100,0.00142132
59200,0.00162162
59200,0.0077027
59200,0.00344595
59200,0.00216216
59200,0.00864865
59200,0.022027
59200,0.0132432
59200,0.00871622
59200,0.00554054
59200,0.00209459
59300,0.0179427
59300,0.00296796
59300,0.0027656
59300,0.00458685
59300,0.00863406
59300,0.00445194
59300,0.00296796
59300,0.0136931
59300,0.0116695
59300,0.00971332
59400,0.0125926
59400,0.00242424
59400,0.00747475
59400,0.00915825
59400,0.00276094
59400,0.00720539
59400,0.00505051
59400,0.00902357
59400,0.0174411
59400,0.00296296
59500,0.00914286
59500,0.00678992
59500,0.00531092
59500,0.000268908
59500,0.0087395
59500,0.00544538
59500,0.00994958
59500,0.00396639
59500,0.00578151
59500,0.00463866
59600,0.00530201
59600,0.0172483
59600,0.00919463
59600,0.0107383
59600,0.00127517
59600,0.00751678
59600,0.00751678
59600,0.00865772
59600,0.00369128
59600,0.00342282
59700,0.00489112
59700,0.00509213
59700,0.0078392
59700,0.00281407
59700,0.00482412
59700,0.0137353
59700,0.00663317
59700,0.00294807
59700,0.0201005
59700,0.00777219
59800,0.00240803
59800,0.00628763
59800,0.0160535
59800,0.0102341
59800,0.000936455
59800,0.00862876
59800,0.000334448
59800,0.00180602
59800,0.00528428
59800,0.00100334
59900,0.00140234
59900,0.00834725
59900,0.01202
59900,0.0147579
59900,0.00106845
59900,0.00507513
59900,0.00734558
59900,0.000801336
59900,0.00280467
59900,0.000534224
60000,0.00646667
60000,0.00146667
60000,0.002
60000,0.0052
60000,0.00826667
60000,0.01
60000,0.00126667
60000,0.00886667
60000,0.00693333
60000,0.0026
60100,0.00472546
60100,0.00665557
60100,0.00985025
60100,0.010782
60100,0.000133111
60100,0.00625624
60100,0.0116473
60100,0.00126456
60100,0.00445923
60100,0.00146423
60200,0.00332226
60200,0.00179402
60200,0.0048505
60200,0.000332226
60200,0.0027907
60200,0.00192691
60200,0.00292359
60200,0.000863787
60200,0.00292359
60200,0.00943522
60300,0.00802653
60300,0.00331675
60300,6.6335e-05
60300,0.0177778
60300,0.00404643
60300,0.00311774
60300,0.00358209
60300,0.00351575
60300,0.0079602
60300,0.00563847
60400,0.00165563
60400,0.00649007
60400,0.0162252
60400,0.00529801
60400,0.000794702
60400,0.000529801
60400,0.0101325
60400,0.00211921
60400,0.00324503
60400,0.00596026
60500,0.00621488
60500,0.0021157
60500,0.00178512
60500,0.00191736
60500,0.00323967
60500,0.00555372
60500,0.000727273
60500,0.00304132
60500,0.0148099
60500,0.00958678
60600,0.0030363
60600,0.00838284
60600,0.00158416
60600,0.00534653
60600,0.00594059
60600,0.00316832
60600,0.00039604
60600,0.00138614
60600,0.0105611
60600,0.0124092
60700,0.000527183
60700,0.00863262
60700,0.0030972
60700,0.00118616
60700,0.00355848
60700,0.00408567
60700,0.00428336
60700,0.00230643
60700,0.000263591
60700,0.00639209
60800,0.00236842
60800,0.00526316
60800,0.00414474
60800,0.0122368
60800,0.00717105
60800,0.00203947
60800,0.0117105
60800,0.00203947
60800,0.00197368
60800,0.00565789
60900,0.0199672
60900,0.00216749
60900,0.00124795
60900,0.0070936
60900,0.000985222
60900,0.00518883
60900,0.00972085
60900,0.0114943
60900,0.0035468
60900,0.0063711
61000,0.00144262
61000,0.00786885
61000,0.0027541
61000,0.00190164
61000,0.0162623
61000,0.000983607
61000,0.00334426
61000,0.00406557
61000,0.00419672
61000,0.0129836
61100,0.00641571
61100,0.00209493
61100,0.00176759
61100,0.00595745
61100,0.00628478
61100,0.0133552
61100,0.0103437
61100,0.0133552
61100,0.00216039
61100,0.0122422
61200,0.00300654
61200,0.00189542
61200,0.00418301
61200,0.00738562
61200,0.00568627
61200,0.0126144
61200,0.0121569
61200,0.00294118
61200,0.0110458
61200,0.000326797
61300,0.00522023
61300,0.00424144
61300,0.00117455
61300,0.00861338
61300,0.00091354
61300,0.0033279
61300,0.00711256
61300,0.00822186
61300,0.0045677
61300,0.00730832
61400,0.00651466
61400,0.00488599
61400,0.00338762
61400,0.0125081
61400,0.00312704
61400,0.000521173
61400,0.00019544
61400,0.0132899
61400,0.00273616
61400,0.00325733
61500,0.00136585
61500,0.011122
61500,0.00565854
61500,0.00923577
61500,0.0145041
61500,0.00695935
61500,0.000650407
61500,0.00969106
61500,0.00364228
61500,0.000260163
61600,0.00344156
61600,0.00305195
61600,0.0011039
61600,0.00233766
61600,0.014026
61600,0.0124675
61600,0.00012987
61600,0.00194805
61600,0.0124675
61600,0.00480519
61700,0.00635332
61700,0.00142626
61700,0.00700162
61700,0.000907618
61700,0.00823339
61700,0.000842788
61700,0.0073906
61700,0.00272285
61700,0.00927066
61700,0.00693679
61800,0.0108738
61800,0.00187702
61800,0.00213592
61800,0.0118447
61800,0.000970874
61800,0.0133981
61800,0.00970874
61800,0.00122977
61800,0.0159871
61800,0.0002589
61900,0.00219709
61900,0.00646204
61900,0.00600969
61900,0.00684976
61900,0.0111793
61900,0.00639742
61900,0.00290792
61900,0.00387722
61900,0.00904685
61900,0.00426494
62000,0.00574194
62000,0.00219355
62000,0.000129032
62000,0.00258065
62000,0.00580645
62000,0.00270968
62000,0.00432258
62000,0.0125806
62000,0.00432258
62000,0.000129032
62100,0.000644122
62100,0.00115942
62100,0.0143639
62100,0.0202899
62100,0.000515298
62100,0.00502415
62100,0.00431562
62100,0.000644122
62100,0.00380032
62100,0.0130757
62200,0.00430868
62200,0.00893891
62200,0.00250804
62200,0.00675241
62200,0.0021865
62200,0.00212219
62200,0.0037299
62200,0.0154341
62200,0.0059164
62200,0.0029582
62300,0.0175923
62300,0.00166934
62300,0.00635634
62300,0.00494382
62300,0.0120064
62300,0.00545746
62300,0.0125201
62300,0.004687
62300,0.00545746
62300,0.0181059
62400,0.00384615
62400,0.00147436
62400,0.00160256
62400,0.0074359
62400,0.00301282
62400,0.000641026
62400,0.00025641
62400,0.0103846
62400,0.0139103
62400,0.00814103
62500,0.000832
62500,0.007616
62500,0.008704
62500,0.00448
62500,0.010688
62500,0.00672
62500,0.011328
62500,0.001216
62500,0.001984
62500,0.011904
62600,0.0056869
62600,0.00920128
62600,0.00306709
62600,0.00664537
62600,0.0107348
62600,0.00396166
62600,0.00230032
62600,0.00926518
62600,0.00670927
62600,0.00127796
62700,0.000446571
62700,0.000956938
62700,0.0111005
62700,0.0116746
62700,0.00727273
62700,0.00197767
62700,0.00382775
62700,0.00593301
62700,0.00178628
62700,0.000127592
62800,0.00133758
62800,0.00318471
62800,0.00350318
62800,0.00815287
62800,0.000764331
62800,0.00643312
62800,0.000127389
62800,0.00184713
62800,0.0133758
62800,0.0010828
62900,0.00324324
62900,0.000381558
62900,0.00426073
62900,0.00674086
62900,0.00158983
62900,0.00508744
62900,0.00712242
62900,0.0147536
62900,0.0113831
62900,0.00737679
63000,0.00190476
63000,0.00107937
63000,0.00203175
63000,0.00546032
63000,0.00806349
63000,0.00336508
63000,0.00361905
63000,0.0137778
63000,0.00196825
63000,0.00755556
63100,0.00228209
63100,0.0029794
63100,0.00621236
63100,0.00545166
63100,0.00386688
63100,0.00316957
63100,0.00234548
63100,0.00678288
63100,0.00494453
63100,0.00259905
63200,0.00139241
63200,0.00151899
63200,0.00683544
63200,0.00803797
63200,0.00436709
63200,0.0127848
63200,0.00772152
63200,0.000189873
63200,0.00563291
63200,0.00297468
63300,0.00183254
63300,0.00372828
63300,0.00271722
63300,0.00189573
63300,0.0028436
63300,0.00486572
63300,0.0182622
63300,0.0036019
63300,0.00827804
63300,0.00296998
63400,0.00100946
63400,0.0111041
63400,0.00176656
63400,0.00277603
63400,0.0044795
63400,0.0015142
63400,0.00504732
63400,0.00996845
63400,0.00182965
63400,0.000694006
63500,0.00951181
63500,0.00170079
63500,0.00270866
63500,0.00447244
63500,0.0105197
63500,0.00340157
63500,0.00825197
63500,0.00270866
63500,0.00327559
63500,0.00585827
63600,0.0128302
63600,0.00779874
63600,0.00597484
63600,0.0191195
63600,0.00761006
63600,0.0102516
63600,0.00716981
63600,0.00201258
63600,0.0036478
63600,0.00465409
63700,0.000188383
63700,0.00119309
63700,0.0104239
63700,0.0022606
63700,0.00125589
63700,0.000565149
63700,0.0119309
63700,0.0055259
63700,0.00276295
63700,0.00477237
63800,0.00721003
63800,0.000815047
63800,0.00532915
63800,0.00601881
63800,0.00194357
63800,0.00225705
63800,0.00351097
63800,0.0045768
63800,0.00526646
63800,0.00664577
63900,0.00162754
63900,6.25978e-05
63900,0.00338028
63900,0.000250391
63900,0.00350548
63900,0.00125196
63900,0.00625978
63900,6.25978e-05
63900,0.000500782
63900,0.00363067
64000,0.0051875
64000,0.0080625
64000,0.0085
64000,0.0040625
64000,0.0044375
64000,0.00375
64000,0.00175
64000,0.01025
64000,0.0101875
64000,0.001375
64100,0.0164119
64100,0.00162246
64100,0.00180967
64100,0.00137285
64100,0.0024337
64100,0.00567863
64100,0.00137285
64100,0.00174727
64100,0.000561622
64100,0.00624025
64200,0.0143302
64200,0.00168224
64200,0.00542056
64200,0.00560748
64200,0.00735202
64200,0.0152648
64200,0.00267913
64200,0.00380062
64200,0.00105919
64200,0.00361371
64300,0.00335925
64300,0.0127527
64300,0.0105754
64300,0.00497667
64300,0.00105754
64300,0.00230171
64300,0.00379471
64300,6.22084e-05
64300,0.0108865
64300,0.00939347
64400,0.00304348
64400,0.00279503
64400,0.00279503
64400,0.00546584
64400,0.0140994
64400,0.00341615
64400,0.000869565
64400,0.0078882
64400,0.00267081
64400,0.00546584
64500,0.00148837
64500,0.00911628
64500,0.00142636
64500,0.00651163
64500,0.00831008
64500,0.00489922
64500,0.00731783
64500,0.00396899
64500,0.000930233
64500,0.0136434
64600,0.00848297
64600,0.0130031
64600,6.19195e-05
64600,0.0100929
64600,0.00643963
64600,0.005387
64600,0.00743034
64600,0.00260062
64600,0.00520124
64600,0.0104025
64700,0.010881
64700,0.0102628
64700,0.00797527
64700,0.00210201
64700,0.0077898
64700,0.00191654
64700,0.00136012
64700,0.00049459
64700,0.0064915
64700,0.00531685
64800,0.0067284
64800,0.00901235
64800,0.0103704
64800,0.0126543
64800,0.00888889
64800,0.00765432
64800,0.00382716
64800,0.000246914
64800,0.00697531
64800,0.00845679
64900,0.00197227
64900,0.00542373
64900,0.00289676
64900,0.00930663
64900,0.00209553
64900,0.00160247
64900,0.0016641
64900,0.0215716
64900,0.0125116
64900,0.00795069
65000,0.00215385
65000,0.00646154
65000,0.00473846
65000,0.00473846
65000,0.00707692
65000,0.00203077
65000,0.00104615
65000,0.00301538
65000,0.000246154
65000,0.00153846
65100,0.0040553
65100,0.00344086
65100,0.0015361
65100,0.0081106
65100,0.00571429
65100,0.00835637
65100,0.00626728
65100,0.0035023
65100,0.000368664
65100,0.0015361
65200,0.00423313
65200,0.00546012
65200,0.000858896
65200,0.00141104
65200,0.0103067
65200,0.00153374
65200,0.000552147
65200,0.00595092
65200,0.00858896
65200,0
65300,0.0063706
65300,0.00630934
65300,0.00753446
65300,0.00330781
65300,0.000612557
65300,0.000122511
65300,0.000245023
65300,0.0134763
65300,0.000490046
65300,0.00545176
65400,0.000550459
65400,0.00122324
65400,0.000489297
65400,0.00721713
65400,0.0012844
65400,0.00929664
65400,0.0012844
65400,0.00183486
65400,0.0103976
65400,0.00293578
65500,0.00225954
65500,0.00726718
65500,6.10687e-05
65500,0.00189313
65500,0.0019542
65500,0.0134962
65500,0.00879389
65500,0.000671756
65500,0.0179542
65500,0.00421374
65600,0.000304878
65600,0.00707317
65600,0.000365854
65600,0.00237805
65600,0.00713415
65600,0.00469512
65600,0.00378049
65600,0.000182927
65600,0.00237805
65600,0.00128049
65700,0.00554033
65700,0.00432268
65700,0.00182648
65700,0.00407915
65700,0.00468798
65700,0.00651446
65700,0.0038965
65700,0.00231355
65700,0.00207002
65700,0.00395738
65800,0.00668693
65800,0.00613982
65800,0.00139818
65800,0.0112462
65800,0.00620061
65800,0.00577508
65800,0.00808511
65800,0.00255319
65800,0.00200608
65800,0.00802432
65900,0.0196662
65900,0.00194234
65900,0.00874052
65900,0.00115326
65900,0.00254932
65900,0.00400607
65900,0.00279211
65900,0.00206373
65900,0.000182094
65900,0.00412747
66000,0.00309091
66000,0.00406061
66000,0.0104848
66000,0.00660606
66000,0.00539394
66000,0.00539394
66000,0.000909091
66000,0.00442424
66000,0.0114545
66000,0.0148485
66100,0.00326778
66100,0.000181543
66100,0.00350983
66100,0.00139183
66100,0.00774584
66100,0.00260212
66100,0.000484115
66100,0.00357035
66100,0.012587
66100,0.00248109
66200,0.00229607
66200,0.00392749
66200,0.0036858
66200,0.0117825
66200,0.000362538
66200,0.000362538
66200,0.00386707
66200,0.000483384
66200,0.000543807
66200,0.000725076
66300,0.00235294
66300,0.00591252
66300,0.00295626
66300,6.03318e-05
66300,0.000784314
66300,0.0166516
66300,0.00874811
66300,0.00512821
66300,0.000482655
66300,0.00337858
66400,0.00289157
66400,0.00909639
66400,0.0127711
66400,0.00204819
66400,0.00554217
66400,0.00144578
66400,0.00198795
66400,0.0053012
66400,0.00403614
66400,0.0036747
66500,0.0161203
66500,0.00655639
66500,0.00108271
66500,0.00324812
66500,0.00697744
66500,0.00258647
66500,0.0179248
66500,0.00583459
66500,0.00192481
66500,0.00102256
66600,0.00198198
66600,0.00786787
66600,0.00612613
66600,0.0021021
66600,0.00522523
66600,0.00564565
66600,0.00876877
66600,0.00690691
66600,0.00642643
66600,0.00570571
66700,0.0168516
66700,0.00611694
66700,0.00125937
66700,0.00071964
66700,0.00569715
66700,0.00809595
66700,0.00647676
66700,0.0041979
66700,0.00125937
66700,0.00263868
66800,0.00335329
66800,0.00562874
66800,0.00149701
66800,0.0054491
66800,0.000179641
66800,0.00383234
66800,0.00898204
66800,5.98802e-05
66800,0.000718563
66800,0.00556886
66900,0.00460389
66900,0.0032287
66900,0.00651719
66900,0.00544096
66900,0.00430493
66900,0.0111211
66900,0.000956652
66900,0.0124963
66900,0.000657698
66900,0.00597907
67000,0.0126567
67000,0.00429851
67000,0.00471642
67000,0.00561194
67000,0.00943284
67000,0.00507463
67000,0.00292537
67000,0.00728358
67000,0.00131343
67000,0.00776119
67100,0.00304024
67100,0.00989568
67100,0.00298063
67100,0.00786885
67100,0.0125782
67100,0.00321908
67100,0.00113264
67100,0.00500745
67100,0.014307
67100,0.00548435
67200,0.00375
67200,0.000238095
67200,0.00202381
67200,0.0060119
67200,0.00238095
67200,0.0052381
67200,0.0104167
67200,0.000595238
67200,0.00464286
67200,0.00261905
67300,0.00106984
67300,0.00962853
67300,0.00261516
67300,0.000534918
67300,0.00843982
67300,0.00736999
67300,0.00736999
67300,0.00558692
67300,0.0134918
67300,0.00410104
67400,0.00178042
67400,0.0142433
67400,0.0101484
67400,0.00255193
67400,0.0095549
67400,0.0111573
67400,0.00480712
67400,0.00409496
67400,0.000771513
67400,0.00290801
67500,0.000651852
67500,0.00823704
67500,0.00485926
67500,0.00124444
67500,0.00337778
67500,0.00462222
67500,0.00278519
67500,0.00539259
67500,0.013037
67500,0.00420741
67600,0.0147929
67600,0.0105917
67600,0.000532544
67600,0.0035503
67600,0.00420118
67600,0.00609467
67600,0.00597633
67600,0.00337278
67600,0.00727811
67600,0.0167456
67700,0.00313146
67700,0.00460857
67700,0.00265879
67700,0.00454948
67700,0.00265879
67700,0.00921713
67700,0.00862629
67700,0.00389956
67700,0.00342688
67700,0.00194978
67800,0.00235988
67800,0.00182891
67800,0.00761062
67800,0.0110324
67800,0.000117994
67800,0.00442478
67800,0.0060177
67800,0.00519174
67800,5.89971e-05
67800,0.00371681
67900,0.00518409
67900,0.000942563
67900,0.00200295
67900,0.000942563
67900,0.00217968
67900,0.0113108
67900,0.00141384
67900,0.00612666
67900,0.00241532
67900,0.00653903
68000,0.0111176
68000,0.003
68000,0.00894118
68000,0.00941176
68000,0.003
68000,0.000882353
68000,0.0100588
68000,0.00570588
68000,0.00641176
68000,0.00670588
68100,0.00487518
68100,0.00146843
68100,0.00176211
68100,0.009163
68100,0.00469897
68100,0.0117474
68100,0.00328928
68100,0.00176211
68100,0.00452276
68100,0.00176211
68200,0.00803519
68200,0.00938416
68200,0.00363636
68200,0.00434018
68200,0.00293255
68200,0.00627566
68200,0.00891496
68200,0.00357771
68200,0.00123167
68200,0.00510264
68300,0.00286969
68300,0.00199122
68300,0.00351391
68300,0.00169839
68300,0.00491947
68300,0.0079063
68300,0.00761347
68300,0.00456808
68300,0.0133529
68300,0.0090776
68400,0.00368421
68400,0.00491228
68400,0.00491228
68400,0.00111111
68400,0.00497076
68400,0.00111111
68400,0.0166082
68400,0.00128655
68400,0.0125146
68400,0.00157895
68500,0.00478832
68500,0.0125547
68500,0.00110949
68500,0.00175182
68500,0.00175182
68500,0.00181022
68500,0.00338686
68500,0.0040292
68500,0.0136058
68500,0.00589781
68600,0.0112536
68600,0.000408163
68600,0.00682216
68600,0.0108455
68600,0.00746356
68600,0.0117201
68600,0.000932945
68600,0.00507289
68600,0.000233236
68600,0.00740525
68700,0.00331878
68700,0.00780204
68700,0.00186317
68700,0.00401747
68700,0.00622999
68700,0.0124017
68700,0.00355167
68700,0.0102475
68700,0.0019214
68700,0.000931587
68800,0.000174419
68800,0.0167442
68800,0.01
68800,0.000930233
68800,0.00261628
68800,0.0080814
68800,0.0123837
68800,0.000174419
68800,0.00104651
68800,0.00517442
68900,0.00603774
68900,0.00371553
68900,0.0022061
68900,0.00719884
68900,0.0095791
68900,0.0120755
68900,0.0107402
68900,0.0038897
68900,0.00597968
68900,0.000870827
69000,0.0053913
69000,0.000289855
69000,0.008
69000,0.00753623
69000,0.000753623
69000,0.00301449
69000,0.00295652
69000,0.00666667
69000,0.000289855
69000,0.000811594
69100,0.00463097
69100,0.00515195
69100,0.00260492
69100,0.0058466
69100,0.00324168
69100,0.00694645
69100,0.0089725
69100,0.0122721
69100,0.00393632
69100,0.00382055
69200,0.00369942
69200,0.00213873
69200,0.00132948
69200,0.0083237
69200,0.00208092
69200,0.00687861
69200,0.00317919
69200,0.00468208
69200,0.00653179
69200,0.00572254
69300,0.00352092
69300,0.000634921
69300,0.00923521
69300,0.0002886
69300,0.00155844
69300,0.00502165
69300,0.00167388
69300,0.00392496
69300,0.0100433
69300,0.000577201
69400,0.00259366
69400,0.0081268
69400,0.00662824
69400,0.00853026
69400,0.00829971
69400,0.0021902
69400,5.76369e-05
69400,0.000115274
69400,0.00455331
69400,0.0107781
69500,0.000633094
69500,0.00328058
69500,0.000172662
69500,0.00707914
69500,0.000633094
69500,0.00138129
69500,0.00402878
69500,0.0123165
69500,0.00028777
69500,0.0058705
69600,0.00183908
69600,0.0108621
69600,0.00494253
69600,0.00252874
69600,0.00597701
69600,0.00304598
69600,0.00597701
69600,0.00350575
69600,0.0122989
69600,0.005
69700,0.01033
69700,0.00298422
69700,0.00608321
69700,0.0103874
69700,0.00177905
69700,0.00952654
69700,0.00177905
69700,0.00619799
69700,0.00436155
69700,0.00637016
69800,0.000744986
69800,0.00584527
69800,0.00991404
69800,0.0237249
69800,0.00830946
69800,0.0025788
69800,0.000916905
69800,0.00292264
69800,0.00223496
69800,0.00297994
69900,0.0102432
69900,0.00864092
69900,0.000572246
69900,0.00343348
69900,0.00383405
69900,0.00875536
69900,0.0041774
69900,0.0074392
69900,0.00291845
69900,0.00114449
70000,0.0032
70000,0.00245714
70000,0.00668571
70000,0.00874286
70000,0.0141714
70000,0.0004
70000,0.00382857
70000,0.0101143
70000,0.00331429
70000,0.00137143
70100,0.00159772
70100,0.00524964
70100,0.00433666
70100,0.00199715
70100,0.00582026
70100,0.00422254
70100,0.00422254
70100,0.00399429
70100,0.00507846
70100,0.0129529
70200,0.00524217
70200,0.00626781
70200,0.00649573
70200,0.000740741
70200,0.00022792
70200,0.00188034
70200,0.00262108
70200,0.00222222
70200,0.0116809
70200,0.00262108
70300,0.0107539
70300,0.00318634
70300,0.00705548
70300,0.0143385
70300,0.00187767
70300,0.00221906
70300,0.000284495
70300,0.00972973
70300,0.00455192
70300,0.00199147
70400,0.00619318
70400,0.00778409
70400,0.00988636
70400,0.00534091
70400,0.000625
70400,0.0144886
70400,0.000170455
70400,0.000909091
70400,0.00403409
70400,0.00619318
70500,0.00187234
70500,0.00465248
70500,0.00743262
70500,0.00022695
70500,0.00209929
70500,0.0191206
70500,0.00788652
70500,0.00306383
70500,0.00221277
70500,0.000794326
70600,0.0011898
70600,0.00651558
70600,0.00566572
70600,0.00787535
70600,0.00351275
70600,0.00844193
70600,0.00453258
70600,0.00447592
70600,0.00175637
70600,0.011728
70700,0.0126167
70700,0.00192362
70700,0.00282885
70700,0.00554455
70700,0.00390382
70700,0.00226308
70700,0.000226308
70700,0.00480905
70700,0.0096181
70700,0.00514851
70800,0.00327684
70800,0.00672316
70800,0.000169492
70800,0.00435028
70800,0.0138418
70800,0.00418079
70800,0.00169492
70800,0.0040113
70800,0.00435028
70800,0.00158192
70900,0.0054725
70900,0.00344147
70900,0.0106065
70900,0.00265162
70900,0.000959097
70900,0.00389281
70900,0.00383639
70900,0.00282087
70900,0.00468265
70900,0.0035543
71000,0.00630986
71000,0.00416901
71000,0.0068169
71000,0.00495775
71000,0.00287324
71000,0.0063662
71000,0.00270423
71000,0.00315493
71000,0.00028169
71000,0.000169014
71100,0.013052
71100,0.00973277
71100,0.0106892
71100,0.014121
71100,0.0199719
71100,0.00461322
71100,0.0114768
71100,0.00421941
71100,0.0165963
71100,0.00838256
71200,0.00460674
71200,0.00792135
71200,0.0141011
71200,0.00488764
71200,0.00623596
71200,0.000224719
71200,0.00735955
71200,0.00820225
71200,0.00353933
71200,0.00561798
71300,0.00196353
71300,0.00791024
71300,0.00858345
71300,0.0164376
71300,0.00690042
71300,0.0145863
71300,0.00527349
71300,0.00650771
71300,0.000224404
71300,0.00734923
71400,0.00470588
71400,0.0037535
71400,0.00240896
71400,0.00268908
71400,0.0097479
71400,0.000952381
71400,0.00459384
71400,0.000728291
71400,0.0173669
71400,0.0101401
71500,0.000895105
71500,0.00167832
71500,0.00369231
71500,0.00151049
71500,0.016951
71500,0.00290909
71500,0.00341259
71500,0.00195804
71500,0.008
71500,0.00626573
71600,0.00715084
71600,0.0026257
71600,0.00256983
71600,0.00731844
71600,0.000446927
71600,0.00486034
71600,0.0022905
71600,0.00547486
71600,0.00296089
71600,0.000446927
71700,0.0103208
71700,0.000390516
71700,0.00262204
71700,0.00669456
71700,0.00189679
71700,0.00457462
71700,0.000781032
71700,0.0041841
71700,0.00262204
71700,0.00117155
71800,0.000167131
71800,0.00395543
71800,0.00824513
71800,0.00401114
71800,0.0166574
71800,0.000668524
71800,0.00668524
71800,0.00601671
71800,0.00573816
71800,0.00250696
71900,0.00650904
71900,0.00539638
71900,0.00751043
71900,0.00127955
71900,0.0037274
71900,0.00038943
71900,0.0121836
71900,0.0069541
71900,0.00823366
71900,0.00105702
72000,0.000611111
72000,0.0131111
72000,0.0112778
72000,0.00716667
72000,0.000388889
72000,0.00905556
72000,0.00822222
72000,0.0144444
72000,0.00311111
72000,0.000333333
72100,0.00038835
72100,0.000277393
72100,0.0059362
72100,0.0038835
72100,0.00277393
72100,0.00427184
72100,0.00116505
72100,0.00316227
72100,0.00737864
72100,0.00715673
72200,0.00936288
72200,0.00110803
72200,0.000110803
72200,0.00210526
72200,0.0157895
72200,0.000387812
72200,0.00116343
72200,0.00260388
72200,0.00033241
72200,0.00581717
72300,0.0033195
72300,0.0017704
72300,0.00746888
72300,0.00033195
72300,0.00271093
72300,0.00116183
72300,0.000497925
72300,0.0077455
72300,0.0042047
72300,0.00188105
72400,0.000110497
72400,0.00232044
72400,0.00276243
72400,0.00325967
72400,0.0133149
72400,0.00475138
72400,0.00392265
72400,0.00359116
72400,0.00535912
72400,0.0128177
72500,0.0073931
72500,0.00595862
72500,0.00204138
72500,0.00182069
72500,0.00783448
72500,0.00022069
72500,0.0136828
72500,0.00143448
72500,0.00474483
72500,0.00557241
72600,0.00512397
72600,0.00859504
72600,0.00446281
72600,5.50964e-05
72600,0.00253444
72600,0.00694215
72600,0.00181818
72600,0.00997245
72600,0.00220386
72600,0.00523416
72700,0.00731774
72700,0.00808803
72700,0.000990371
72700,0.00209078
72700,0.000495186
72700,0.0167813
72700,0.00588721
72700,0.00126547
72700,0.00313618
72700,0.00269601
72800,5.49451e-05
72800,0.00489011
72800,0.0125275
72800,0.00521978
72800,0.00395604
72800,0.00467033
72800,0.00197802
72800,0.000549451
72800,0.00120879
72800,0.0147802
72900,0.0036214
72900,0.00252401
72900,0.00241427
72900,0.0023594
72900,0.00263374
72900,0.00241427
72900,0.00702332
72900,0.0157476
72900,0.00685871
72900,0.000109739
73000,0.00947945
73000,0.0030137
73000,0.00980822
73000,0.00635616
73000,0.0060274
73000,0.0118356
73000,0.00361644
73000,0.00531507
73000,0.00734247
73000,0.00241096
73100,0.00410397
73100,0.000273598
73100,0.000711354
73100,0.000437756
73100,0.00366621
73100,0.00372093
73100,0.00295486
73100,0.00634747
73100,0.00142271
73100,0.00963064
73200,0.00704918
73200,0.00896175
73200,0.00655738
73200,0.00431694
73200,0.00131148
73200,0.00349727
73200,0.00759563
73200,0.00519126
73200,0.00770492
73200,0.00185792
73300,0.0031105
73300,0.00785812
73300,0.000927694
73300,0.00212824
73300,0.00223738
73300,0.00103683
73300,0.00261937
73300,0.00376535
73300,0.0184993
73300,0.00562074
73400,0.0167847
73400,0.00877384
73400,0.00888283
73400,0.00490463
73400,5.44959e-05
73400,0.00321526
73400,0.00850136
73400,0.00168937
73400,0.000599455
73400,0.00277929
73500,0.00163265
73500,0.00261224
73500,0.00277551
73500,0.00571429
73500,0.00919728
73500,0.00185034
73500,0.0126259
73500,0.00391837
73500,0.00212245
73500,0.00304762
73600,0.000597826
73600,0.00048913
73600,0.00456522
73600,0.00771739
73600,0.000326087
73600,0.00722826
73600,0.00543478
73600,0.00554348
73600,0.00206522
73600,0.00701087
73700,0.00200814
73700,0.00282225
73700,0.00868385
73700,0.00499322
73700,0.00602442
73700,0.00189959
73700,0.0016825
73700,5.42741e-05
73700,0.00103121
73700,0.00298507
73800,0.00688347
73800,0.0119783
73800,0.000596206
73800,0.00650407
73800,0.00520325
73800,0.00108401
73800,0.00184282
73800,0.000271003
73800,0.00894309
73800,0.00243902
73900,0.00985115
73900,0.00958051
73900,0.00335589
73900,0.00184032
73900,0.00303112
73900,0.002977
73900,0.00730717
73900,0.00427605
73900,0.00817321
73900,0.00373478
74000,0.00027027
74000,0.00881081
74000,0.00556757
74000,0.00318919
74000,0.00102703
74000,0.00232432
74000,0.002
74000,0.00637838
74000,0.000918919
74000,0.0072973
74100,0.00334683
74100,0.0048583
74100,0.00215924
74100,0.00431849
74100,0.00221323
74100,0.00809717
74100,0.000809717
74100,0.00502024
74100,0.0105263
74100,0.00134953
74200,0.011752
74200,0.00210243
74200,0.00097035
74200,0.00598383
74200,0.00398922
74200,0.0058221
74200,5.39084e-05
74200,0.00134771
74200,0.00398922
74200,0.00274933
74300,0.0103365
74300,0.00393001
74300,0.00549125
74300,0.0066218
74300,0.00570659
74300,0.000699865
74300,0.00247645
74300,0.00344549
74300,0.00107672
74300,0.0022611
74400,0.000268817
74400,0.00274194
74400,0.00408602
74400,0.010914
74400,0.00672043
74400,0.00655914
74400,0.00747312
74400,0.000591398
74400,0.00951613
74400,0.00908602
74500,0.00155705
74500,0.000751678
74500,0.00332886
74500,0.0018255
74500,0.00220134
74500,0.0138523
74500,0.000161074
74500,0.0106309
74500,0.00579866
74500,0.00316779
74600,0.00428954
74600,0.0044504
74600,0.00841823
74600,0.00520107
74600,0.00182306
74600,0.00686327
74600,0.00670241
74600,0.0063807
74600,0.00868633
74600,0.00075067
74700,0.00481928
74700,0.00888889
74700,0.00380187
74700,0.015743
74700,0.0010174
74700,0.00444444
74700,0.0107095
74700,0.00449799
74700,0.00139224
74700,0.0144043
74800,0.00609626
74800,0.00700535
74800,0.00165775
74800,0.00786096
74800,0.00759358
74800,0.0028877
74800,0.00652406
74800,0.00957219
74800,0.00245989
74800,0.00679144
74900,0.0102537
74900,0.00331108
74900,0.00987984
74900,0.00929239
74900,0.000640854
74900,0.000694259
74900,0.00886515
74900,0.00208278
74900,0.000267023
74900,0.0059279
75000,0.00261333
75000,0.00608
75000,0.0016
75000,0.00464
75000,0.00016
75000,0.00352
75000,0.00576
75000,0.00778667
75000,0.00298667
75000,0.00064
75100,0.00916112
75100,0.00516644
75100,0.01502
75100,0.00388815
75100,0.00362184
75100,0.00292943
75100,0.00713715
75100,0.00330226
75100,0.00202397
75100,0.0036751
75200,0.00239362
75200,0.014734
75200,0.000478723
75200,0.00787234
75200,0.00851064
75200,0.00457447
75200,0.0137234
75200,0.0037234
75200,0.00755319
75200,0.000797872
75300,0.00552457
75300,0.00568393
75300,0.00185923
75300,0.00185923
75300,0.00430279
75300,0.014077
75300,0
75300,0.00143426
75300,0.00499336
75300,0.00233732
75400,0.00397878
75400,0.00424403
75400,0.00185676
75400,0.014748
75400,0.000742706
75400,0.000689655
75400,0.00557029
75400,0.00795756
75400,0.00148541
75400,0.00583554
75500,0.00603974
75500,0.00100662
75500,0.00429139
75500,0.00328477
75500,0.00619868
75500,0.0110199
75500,0.00577483
75500,0.000529801
75500,0.00455629
75500,0.00699338
75600,0.00100529
75600,0.00619048
75600,0.0062963
75600,0.0031746
75600,0.0140212
75600,0.0026455
75600,0.00137566
75600,0.00613757
75600,0.00439153
75600,0.00116402
75700,0.00639366
75700,0.00914135
75700,0.00734478
75700,0.00142668
75700,5.28402e-05
75700,0.00856011
75700,0.00338177
75700,0.000211361
75700,0.00184941
75700,0.00871863
75800,0.000791557
75800,0.000158311
75800,0.0028496
75800,0.00116095
75800,0.00395778
75800,0.00437995
75800,0.000422164
75800,0.00601583
75800,0.00543536
75800,0.00290237
75900,0.00110672
75900,0.00247694
75900,0.00996047
75900,0.00758893
75900,0.0130171
75900,0.00758893
75900,0.00695652
75900,0.00421607
75900,0.00353096
75900,0.00453228
76000,0.00657895
76000,0.00657895
76000,0.005
76000,0.000736842
76000,0.00152632
76000,0.0146842
76000,0.00389474
76000,0.0203158
76000,0.00936842
76000,0.00642105
76100,0.00310118
76100,0.0182917
76100,0.0012615
76100,0.00583443
76100,0.00935611
76100,0.00304862
76100,0.00378449
76100,0.000998686
76100,0.00268068
76100,0.00147175
76200,0.00950131
76200,0.00299213
76200,0.0173753
76200,0.00220472
76200,0.00939633
76200,0.00965879
76200,0.000262467
76200,0.00430446
76200,0.00178478
76200,0.00131234
76300,0.00948886
76300,0.00157274
76300,0.00146789
76300,0.00377457
76300,0.0133683
76300,0.000262123
76300,0.00335518
76300,0.00078637
76300,0.0125819
76300,0.00178244
76400,0.00806283
76400,0.00052356
76400,0.00675393
76400,0.00136126
76400,0.00748691
76400,0.000157068
76400,0.0082199
76400,0.00314136
76400,0.00272251
76400,5.2356e-05
76500,0.00256209
76500,0.00104575
76500,0.00418301
76500,0.00622222
76500,5.22876e-05
76500,0.00318954
76500,0.00224837
76500,0.00575163
76500,0.0020915
76500,0.000784314
76600,0.00240209
76600,0.0073107
76600,0.0048564
76600,0.00767624
76600,0.00600522
76600,0.00198433
76600,0.00114883
76600,0.00569191
76600,0.00652742
76600,0.0115927
76700,0.000886571
76700,0.00323338
76700,0.00511082
76700,0.00558018
76700,0.00756193
76700,0.00917862
76700,0.00766623
76700,0.00370274
76700,0.0020339
76700,0.00312907
76800,0.00484375
76800,0.0090625
76800,0.01625
76800,0.00703125
76800,0.00598958
76800,0.000625
76800,0.00307292
76800,0.00125
76800,0.00078125
76800,0.0025
76900,0.00504551
76900,0.00603381
76900,0.00780234
76900,0.00176853
76900,0.00104031
76900,0.00728218
76900,0.00228869
76900,0.00296489
76900,0.00260078
76900,0.00509753
77000,0.000103896
77000,0.00181818
77000,0.0133506
77000,0.0014026
77000,0.00758442
77000,0.00135065
77000,0.00171429
77000,0.00768831
77000,0.00732468
77000,0.0025974
77100,0.00539559
77100,0.00601816
77100,0.00155642
77100,0.0064332
77100,0.00565499
77100,0.00773022
77100,0.00389105
77100,0.00684825
77100,0.00150454
77100,0.000570687
77200,0.0034715
77200,0.0092228
77200,0.00689119
77200,0.000466321
77200,0.00357513
77200,0.0038342
77200,0.00233161
77200,0.00378238
77200,0.00227979
77200,0.00694301
77300,0.00119017
77300,0.00688228
77300,0.0116947
77300,0.00336352
77300,0.00693402
77300,0.00776197
77300,0.00496766
77300,0.000517464
77300,0.00605433
77300,0.000310479
77400,0.00682171
77400,0.00335917
77400,0.00537468
77400,0.00795866
77400,0.00124031
77400,0.0140568
77400,0.00666667
77400,0.00170543
77400,0.00904393
77400,0.00103359
77500,0.00190968
77500,0.00221935
77500,0.0043871
77500,0.00211613
77500,0.00433548
77500,0.0138323
77500,0.00464516
77500,0.0104774
77500,0.00454194
77500,0.00712258
77600,0.00350515
77600,0.00247423
77600,0.0130412
77600,0.0056701
77600,0.00149485
77600,0.00520619
77600,0.000721649
77600,0.0057732
77600,0.00943299
77600,0.00587629
77700,0.000514801
77700,0.00633205
77700,0.00669241
77700,0.0046332
77700,0.00252252
77700,0.00890605
77700,0.0010296
77700,0.0107079
77700,0.00149292
77700,0.001287
77800,0.0077635
77800,0.0085347
77800,0.00473008
77800,0.00647815
77800,0.00550129
77800,0.00467866
77800,0.00365039
77800,0.0127506
77800,0.00508997
77800,0.00195373
77900,0.0148909
77900,0.000770218
77900,0.000308087
77900,0.00631579
77900,0.0109884
77900,0.000770218
77900,0.00328626
77900,0.00231065
77900,0.00929397
77900,0.0072914
78000,0.000769231
78000,0.0135385
78000,0.00835897
78000,0.00025641
78000,0.00164103
78000,0.0126154
78000,0.00307692
78000,0.000923077
78000,0.00389744
78000,0.00646154
78100,0.00102433
78100,0.00635083
78100,0.0096799
78100,0.00839949
78100,0.000512164
78100,0.000717029
78100,0.000409731
78100,0.00163892
78100,0.00266325
78100,0.00696543
78200,0.00659847
78200,0.000613811
78200,0.00383632
78200,0.0124297
78200,0.00132992
78200,0.00941176
78200,0.00659847
78200,0.00265985
78200,0.000153453
78200,0.00992327
78300,0.00316731
78300,0.00985951
78300,0.0116475
78300,0.010166
78300,0.00643678
78300,0.00306513
78300,0.0124138
78300,0.00454662
78300,0.00796935
78300,0.0159898
78400,0.00311224
78400,0.00836735
78400,0.00117347
78400,0.00112245
78400,0.000918367
78400,0.00795918
78400,0.00163265
78400,0.00290816
78400,0.0105102
78400,0.000306122
78500,0.00850955
78500,0.00912102
78500,0.00147771
78500,0.00453503
78500,0.00280255
78500,0.000866242
78500,0.0033121
78500,0.00524841
78500,0.00254777
78500,0.00947771
78600,0.00483461
78600,0.00503817
78600,0.00264631
78600,0.00783715
78600,0.00417303
78600,0.000559796
78600,0.000763359
78600,0.00834606
78600,0.0129771
78600,0.000356234
78700,0.00772554
78700,0.00269377
78700,0.00386277
78700,0.00421855
78700,0.00406607
78700,0.00670902
78700,0.00299873
78700,5.08259e-05
78700,0.00371029
78700,0.00299873
78800,0.00228426
78800,0.00431472
78800,0.000101523
78800,0.00832487
78800,0.00350254
78800,0.00563452
78800,0.00284264
78800,0.0064467
78800,0.00071066
78800,0.00497462
78900,0.00821293
78900,0.00375158
78900,0.000506971
78900,0.00653992
78900,0.00806084
78900,0.00897338
78900,0.00912548
78900,0.00304183
78900,0.00659062
78900,0.00557668
79000,0.00197468
79000,0.0142785
79000,0.00572152
79000,0.00465823
79000,0.00394937
79000,0.00744304
79000,0.00708861
79000,0.000506329
79000,0.00035443
79000,0.00167089
79100,0.00394437
79100,0.0138559
79100,0.00485461
79100,0.000353982
79100,0.00171934
79100,0.00981037
79100,0.00627054
79100,0.000303413
79100,0.00136536
79100,0.00348925
79200,0.00323232
79200,0.00191919
79200,5.05051e-05
79200,0.00777778
79200,0.00813131
79200,0.014798
79200,0.00242424
79200,0.00434343
79200,0.00489899
79200,0.00217172
79300,0.00373266
79300,0.0138209
79300,0.000958386
79300,0.00534678
79300,0.0014628
79300,0.00368222
79300,0.00443884
79300,0.00580076
79300,0.0120555
79300,0.0058512
79400,0.0018136
79400,0.00130982
79400,0.00821159
79400,0.00125945
79400,0.00775819
79400,0.00201511
79400,0
79400,0.00342569
79400,0.0141562
79400,0.002267
79500,0.0027673
79500,0.000251572
79500,0.0127799
79500,0.00291824
79500,0.00860377
79500,0.00221384
79500,0.00286792
79500,0.00447799
79500,0.00457862
79500,0.000352201
79600,0.00241206
79600,0.000301508
79600,5.02513e-05
79600,0.00160804
79600,0.0060804
79600,0.000201005
79600,0.00864322
79600,0.00366834
79600,0.00221106
79600,0.0115075
79700,0.00160602
79700,0.00938519
79700,0.00356336
79700,0.00818068
79700,0.0107905
79700,0.000150565
79700,0.00336261
79700,0.0046675
79700,0.00717691
79700,0.00401506
79800,0.00175439
79800,5.01253e-05
79800,0.00571429
79800,0.00481203
79800,0.00756892
79800,0.00486216
79800,0.00606516
79800,0.0115789
79800,0.00190476
79800,0.00681704
79900,0.00325407
79900,0.00785982
79900,0.0105131
79900,0.0057572
79900,0.00110138
79900,0.00390488
79900,0.0117647
79900,0.00140175
79900,0.00790989
79900,0.00175219
80000,0.00585
80000,0.0063
80000,0.0057
80000,0.00675
80000,0.00305
80000,0.0039
80000,0.002
80000,0.0009
80000,0.00635
80000,0.00405
80100,0.000948814
80100,0.00654182
80100,0.00464419
80100,0.00019975
80100,0.0118352
80100,0.000799001
80100,0.000299625
80100,0.00149813
80100,0.0105868
80100,0.00679151
80200,0.00932668
80200,0.00349127
80200,0.000149626
80200,0.00513716
80200,0.0155112
80200,0.00169576
80200,0.00189526
80200,0.0117207
80200,0.00179551
80200,0.000349127
80300,0.0011457
80300,0.00308842
80300,0.00268991
80300,0.000846824
80300,0.00742217
80300,0.00129514
80300,0.00119552
80300,0.00732254
80300,0.000697385
80300,0.00323786
80400,0.00039801
80400,0.0116418
80400,0.00442786
80400,0.000746269
80400,0.0038806
80400,0.00537313
80400,4.97512e-05
80400,0.00238806
80400,0.00104478
80400,0.00393035
80500,0.00268323
80500,0.000695652
80500,0.0061118
80500,0.00417391
80500,0.00944099
80500,0.0210683
80500,0.00442236
80500,0.00467081
80500,0.00213665
80500,0.00238509
80600,0.00923077
80600,0.00138958
80600,0.00784119
80600,0.00263027
80600,0.0137965
80600,0.00258065
80600,0.0017866
80600,0.000148883
80600,0.00168734
80600,0.00421836
80700,0.00198265
80700,0.00118959
80700,0.000991326
80700,0.00708798
80700,0.00327138
80700,0.00143742
80700,0.00148699
80700,0.00272615
80700,0.000198265
80700,0.00168525
80800,0.00178218
80800,0.00381188
80800,0.0080198
80800,0.00628713
80800,0.00450495
80800,0.00445545
80800,0.00485149
80800,0.00267327
80800,0.00455446
80800,0.00435644
80900,0.000642769
80900,0.00296663
80900,0.0108282
80900,0.00108776
80900,0.00766378
80900,0.00731768
80900,0.000197775
80900,0.00425216
80900,0.00326329
80900,0.00726823
81000,0.00488889
81000,0.00158025
81000,0.000148148
81000,0.00291358
81000,0.00222222
81000,9.87654e-05
81000,0.0141235
81000,0.00325926
81000,0.00375309
81000,0.00246914
81100,0.0065598
81100,0.00369914
81100,0.0107522
81100,0.0015783
81100,0.00478422
81100,0.00838471
81100,0.00596794
81100,0.00823674
81100,0.00374846
81100,0.000493218
81200,0.00374384
81200,0.00901478
81200,0.00817734
81200,0.000738916
81200,0.00182266
81200,0.0026601
81200,0.00610837
81200,0.00261084
81200,0.00044335
81200,0.00128079
81300,0.00521525
81300,0.0212546
81300,0.00177122
81300,0.00167282
81300,0.00196802
81300,0.00354244
81300,0.00541205
81300,0.00206642
81300,0.00511685
81300,0.00787208
81400,0.00137592
81400,0.0107125
81400,0.00830467
81400,0.00643735
81400,0.00039312
81400,0.00791155
81400,0.00501229
81400,0.00186732
81400,0.0123342
81400,0.00619165
81500,0.00809816
81500,0.00716564
81500,0.00230675
81500,0.00250307
81500,0.00593865
81500,0.00397546
81500,0.00294479
81500,0.000539877
81500,0.0038773
81500,0.00235583
81600,0.00215686
81600,0.0153922
81600,0.000833333
81600,0.000833333
81600,0.00455882
81600,0.00117647
81600,0.00612745
81600,0.00127451
81600,0.000539216
81600,0.00401961
81700,0.00117503
81700,0.00215422
81700,0.00587515
81700,0.00998776
81700,0.00920441
81700,0.00910649
81700,0.00494492
81700,0.00122399
81700,0.00925337
81700,0.00861689
81800,0.0118337
81800,0.00141809
81800,0.00244499
81800,0.000684597
81800,0.000782396
81800,0.00171149
81800,0.00684597
81800,0.00806846
81800,0.000146699
81800,0.00533007
81900,0.00249084
81900,0.0031746
81900,0.00761905
81900,0.00473748
81900,0.0126496
81900,0.00590965
81900,0.00888889
81900,0.0175336
81900,0.00117216
81900,0.0149939
82000,0.000878049
82000,0.000731707
82000,0.00312195
82000,0.00687805
82000,0.00126829
82000,0.000195122
82000,0.00268293
82000,0.0095122
82000,0.00668293
82000,0.0017561
82100,0.00511571
82100,0.00750305
82100,0.00545676
82100,0.00043849
82100,0.00589525
82100,0.00238733
82100,0.00341048
82100,0.00643118
82100,0.00838002
82100,0.0064799
82200,0.0107543
82200,0.0133333
82200,0.00880779
82200,0.00301703
82200,0.000583942
82200,0.00885645
82200,0.00948905
82200,0.0036983
82200,0.003309
82200,0.0127494
82300,0.00286756
82300,0.00140948
82300,0.0110328
82300,0.00320778
82300,0.0035966
82300,0.00165249
82300,0.00617254
82300,0.00583232
82300,0.00578372
82300,0.000680437
82400,0.00349515
82400,0.0144175
82400,0.0110194
82400,0.0057767
82400,0.00660194
82400,0.00223301
82400,0.00271845
82400,0.00165049
82400,0.00679612
82400,0.000533981
82500,0.000678788
82500,0.00688485
82500,0.00261818
82500,0.00688485
82500,0.00940606
82500,0.00276364
82500,0.00761212
82500,0.000581818
82500,0.00431515
82500,0.00407273
82600,0.0051816
82600,0.002954
82600,0.000290557
82600,0.00915254
82600,0.00566586
82600,0.00881356
82600,0.00736077
82600,0.000532688
82600,0.00421308
82600,0.00755448
82700,0.000918984
82700,0.00459492
82700,0.00759371
82700,0.00106409
82700,0.00962515
82700,0.00517533
82700,0.00140266
82700,0.00159613
82700,0.00967352
82700,0.00135429
82800,0.00797101
82800,0.00246377
82800,0.00425121
82800,0.00826087
82800,0.00338164
82800,0.0125121
82800,0.00396135
82800,0.000821256
82800,0.00207729
82800,0.00637681
82900,0.00839566
82900,0.0053076
82900,0.00443908
82900,0.00357057
82900,0.014813
82900,0.000337756
82900,0.0117732
82900,0.000723764
82900,0.00482509
82900,0.00173703
83000,0.0129157
83000,0.0106506
83000,0.00163855
83000,0.00457831
83000,0.00828916
83000,0.00293976
83000,0.00183133
83000,0.00896386
83000,0.00226506
83000,0.000481928
83100,0.00245487
83100,0.000192539
83100,0.00187726
83100,0.00620939
83100,0.00760529
83100,0.00288809
83100,0.00250301
83100,0.00154031
83100,0.00823105
83100,0.0138628
83200,0.00932692
83200,0.00600962
83200,0.00697115
83200,0.00182692
83200,0
83200,0.003125
83200,0.011875
83200,0.00355769
83200,0.00543269
83200,0.001875
83300,0.0057623
83300,0.00585834
83300,0.00187275
83300,0.0070108
83300,0.0084994
83300,0.010036
83300,0.00340936
83300,0.00585834
83300,0.00259304
83300,0.0110924
83400,0.00239808
83400,0.00532374
83400,0.00546763
83400,9.59233e-05
83400,0.00110312
83400,0.00935252
83400,0.00479616
83400,0.0215348
83400,0.000431655
83400,0.00330935
83500,0.00541317
83500,0.00325749
83500,0.00833533
83500,0.00263473
83500,0.00282635
83500,0.00330539
83500,0.00823952
83500,0.000718563
83500,0.00589222
83500,0.00143713
83600,0.000430622
83600,0.00473684
83600,0.000143541
83600,0.0131579
83600,4.78469e-05
83600,0.00358852
83600,0.000956938
83600,0.00947368
83600,0.00665072
83600,0.00181818
83700,0.00167264
83700,0.00864994
83700,0.00286738
83700,0.00554361
83700,0.00224612
83700,0.0121864
83700,0.00487455
83700,0.00382318
83700,0.00726404
83700,0.00172043
83800,0.00143198
83800,0.0021957
83800,0.00362768
83800,0.00463007
83800,0.000334129
83800,0.00787589
83800,0.00997613
83800,0.00105012
83800,0.00286396
83800,0.00315036
83900,0.00781883
83900,0.00943981
83900,0.00205006
83900,0.00343266
83900,0.00543504
83900,0.000238379
83900,0.00943981
83900,0.00390942
83900,0.00147795
83900,0.00424315
84000,0.000857143
84000,0.00942857
84000,0.00333333
84000,0.000952381
84000,0.0097619
84000,0.0022381
84000,0.00942857
84000,0.0118571
84000,0.00395238
84000,0.00209524
84100,0.000332937
84100,0.00494649
84100,0.00527943
84100,0.00546968
84100,0.00780024
84100,0.00366231
84100,4.75624e-05
84100,0.0067063
84100,0.00218787
84100,0.013365
84200,0.000570071
84200,0.0104988
84200,0.00926366
84200,0.00532067
84200,0.00308789
84200,0.00232779
84200,0.00142518
84200,0.00674584
84200,0.00232779
84200,0.000902613
84300,0.000806643
84300,0.000332147
84300,0.00450771
84300,0.00597865
84300,0.00147094
84300,0.00389087
84300,0.00365362
84300,0.00284698
84300,0.00322657
84300,0.00346382
84400,0.00194313
84400,0.00270142
84400,0.00255924
84400,0.00791469
84400,0.0232227
84400,0.000236967
84400,0.00331754
84400,0.00758294
84400,0.00890995
84400,0.0135071
84500,0.00468639
84500,0.00530178
84500,0.00236686
84500,0.00146746
84500,0.00123077
84500,0.00113609
84500,0.00373964
84500,0.00733728
84500,0.00624852
84500,0.000473373
84600,0.00165485
84600,0.00373522
84600,0.000189125
84600,0.00420804
84600,0.00945626
84600,0.00439716
84600,0.0103546
84600,0.00652482
84600,0.00723404
84600,0.00165485
84700,0.00557261
84700,0.00783943
84700,0.00930342
84700,0.00108619
84700,0.0119481
84700,0.000708383
84700,0.000991736
84700,0.000897285
84700,0.00288076
84700,0.00302243
84800,0.00268868
84800,0.00103774
84800,0.00127358
84800,0.00858491
84800,0.00179245
84800,0.00311321
84800,0.0070283
84800,0.000283019
84800,0.0065566
84800,0.00801887
84900,0.00928151
84900,0.0046172
84900,0.00259128
84900,0.00372203
84900,0.00457008
84900,0.00343934
84900,0.0102709
84900,0.00136631
84900,0.000282686
84900,0.00838634
85000,0.00164706
85000,0.0100235
85000,0.00508235
85000,0.0145882
85000,0.00141176
85000,0.00578824
85000,0.00192941
85000,0.00625882
85000,0.00221176
85000,0.00701176
85100,0.0013631
85100,0.0125969
85100,0.00474736
85100,0.00122209
85100,0.00103408
85100,0.000282021
85100,0.00549941
85100,0.00220917
85100,0.0181904
85100,0.00770858
85200,0.00173709
85200,0.00967136
85200,0.00699531
85200,0.00915493
85200,0.0138498
85200,0.000469484
85200,0.00215962
85200,0.00197183
85200,0.000751174
85200,0.00197183
85300,0.00604924
85300,0.00028136
85300,0.00497069
85300,0.00937866
85300,0.00295428
85300,0.000515826
85300,0.0104572
85300,0.000328253
85300,0.00989449
85300,0.00487691
85400,0.00168618
85400,4.68384e-05
85400,0.00234192
85400,0.00955504
85400,0.00210773
85400,0.000702576
85400,0.0024356
85400,0.00398126
85400,0.00173302
85400,0.00496487
85500,0.00159064
85500,0.00640936
85500,0.00149708
85500,0.0138012
85500,0.00154386
85500,0.0115088
85500,0.000233918
85500,0.00219883
85500,0.00846784
85500,0.00762573
85600,0.00383178
85600,0.0116355
85600,0.0103271
85600,0.00303738
85600,0.000981308
85600,0.00200935
85600,0.00598131
85600,0.00130841
85600,0.0064486
85600,0.00116822
85700,0.00415403
85700,0.00676779
85700,0.00345391
85700,0.00331389
85700,0.00350058
85700,0.00854142
85700,0.00345391
85700,0.00345391
85700,0.00233372
85700,0.0087748
85800,0.00522145
85800,0.00018648
85800,0.00167832
85800,0.00270396
85800,0.0102564
85800,0.00275058
85800,0.00205128
85800,0.00149184
85800,0.00317016
85800,0.00317016
85900,0.007078
85900,0.00232829
85900,0.00256112
85900,0.00754366
85900,0.00963912
85900,0.000931315
85900,0.00204889
85900,0.00521537
85900,0.00619325
85900,0.00279395
86000,0.00455814
86000,0.00181395
86000,0.00181395
86000,0.0127442
86000,0.000604651
86000,0.0124186
86000,0.00423256
86000,0.00111628
86000,0.00237209
86000,0.006
86100,0.0100813
86100,0.00766551
86100,0.00288037
86100,9.29152e-05
86100,0.00213705
86100,0.00775842
86100,0.00134727
86100,0.00743322
86100,0.00181185
86100,0.00181185
86200,0.00473318
86200,0.00296984
86200,0.00468677
86200,0.0116009
86200,0.005058
86200,0.000417633
86200,0.005058
86200,0.00116009
86200,0.0109049
86200,0.00607889
86300,0.0110776
86300,0.00375435
86300,0.0020394
86300,0.00736964
86300,0.00551564
86300,0.00523754
86300,0.00718424
86300,0.00393975
86300,0.00125145
86300,0.00755504
86400,0.00314815
86400,0.0102315
86400,0.00532407
86400,0.00300926
86400,0.00657407
86400,0.00199074
86400,0.000231481
86400,0.00939815
86400,0.00944444
86400,9.25926e-05
86500,0.000138728
86500,0.00633526
86500,0.00402312
86500,0.00406936
86500,0.0122081
86500,0.00934104
86500,0.00184971
86500,0.00504046
86500,0.00661272
86500,0.00545665
86600,0.00314088
86600,0.00374134
86600,0.00577367
86600,0.00133949
86600,0.00655889
86600,0.00595843
86600,0.00517321
86600,0.00341801
86600,0.0113164
86600,0.0048037
86700,0.00825836
86700,0.00807382
86700,0.00341407
86700,0.00770473
86700,0.00119954
86700,0.0021684
86700,0.000415225
86700,0.000645905
86700,0.000415225
86700,0.00465975
86800,0.00382488
86800,0.00193548
86800,0.00410138
86800,0.0192166
86800,0.00317972
86800,0.000691244
86800,0.00382488
86800,0.00806452
86800,0.00276498
86800,0.00165899
86900,0.00207135
86900,0.010817
86900,0.00455696
86900,0.000920598
86900,0.00133487
86900,0.00667434
86900,0.00501726
86900,0.00612198
86900,0.00883774
86900,0.00133487
87000,0.00326437
87000,0.00335632
87000,0.00413793
87000,0.00611494
87000,0.000551724
87000,0.00202299
87000,0.00174713
87000,0.00183908
87000,0.00409195
87000,0.0106667
87100,0.00156142
87100,0.00215844
87100,0.00560276
87100,0.00486797
87100,0.00537313
87100,0.00794489
87100,0.00280138
87100,0.00192882
87100,0.0190126
87100,0.00344432
87200,0.0110092
87200,0.000366972
87200,0.00573394
87200,0.000642202
87200,0.00302752
87200,0.00247706
87200,0.000550459
87200,0.000688073
87200,0.00165138
87200,0.00477064
87300,0.00210767
87300,0.0045819
87300,0.00792669
87300,0.00357388
87300,0.00219931
87300,0.00980527
87300,0.00526919
87300,0.00407789
87300,0.000962199
87300,0.000870561
87400,0.00654462
87400,0.00155606
87400,0.0012357
87400,0.00155606
87400,0.0102059
87400,0.00453089
87400,0.00604119
87400,0.00329519
87400,0.00384439
87400,0.00155606
87500,0.00224
87500,0.000868571
87500,0.00118857
87500,0.00237714
87500,0.00278857
87500,0.00818286
87500,0.000182857
87500,0.00123429
87500,0.00205714
87500,0.00306286
87600,0.00146119
87600,0.0069863
87600,0.00342466
87600,0.000730594
87600,0.00123288
87600,0.00515982
87600,0.0102283
87600,0.0118721
87600,0.00242009
87600,0.000136986
87700,0.00465222
87700,0.00159635
87700,0.00519954
87700,0.00396807
87700,0.000820981
87700,0.0133637
87700,0.0100798
87700,0.00246294
87700,0.00825542
87700,0.00729761
87800,0.00637813
87800,0.00665148
87800,0.00605923
87800,0.00583144
87800,0.00724374
87800,0.00182232
87800,0.00273349
87800,0.00200456
87800,0.00792711
87800,0.00683371
87900,0.0036405
87900,0.00668942
87900,0.00932878
87900,0.00600683
87900,0.000182025
87900,0.0127873
87900,0.007281
87900,0.0014562
87900,0.00354949
87900,0.00960182
88000,0.00804545
88000,0.00540909
88000,0.00777273
88000,0.00504545
88000,0.00322727
88000,0.00268182
88000,0.00222727
88000,0.00468182
88000,0.00513636
88000,0.00513636
88100,0.0155278
88100,0.0149376
88100,0.00363224
88100,0.00948922
88100,0.00744608
88100,0.00780931
88100,0.00217934
88100,0.00404086
88100,0.00644722
88100,0.0077639
88200,0.00362812
88200,0.00870748
88200,0.00263039
88200,0.00385488
88200,0.00507937
88200,0.00657596
88200,0.00435374
88200,0.00113379
88200,0.000770975
88200,0.00117914
88300,4.53001e-05
88300,0.00348811
88300,0.00588901
88300,0.0116421
88300,0.0015855
88300,0.000815402
88300,0.0017667
88300,0.000271801
88300,0.00570781
88300,0.00751982
88400,0.00660633
88400,0.00171946
88400,0.00276018
88400,0.00221719
88400,0.000904977
88400,0.00230769
88400,0.000678733
88400,0.00846154
88400,0.00737557
88400,0.00330317
88500,0.00189831
88500,0.00189831
88500,4.51977e-05
88500,0.00903955
88500,0.00917514
88500,0.00293785
88500,0.00112994
88500,0.00763842
88500,0.00329944
88500,0.00126554
88600,0.00920993
88600,0.00424379
88600,0.00374718
88600,0.00690745
88600,0.00501129
88600,0.000812641
88600,0.00198646
88600,0.000225734
88600,0.00514673
88600,0.00248307
88700,0.00275085
88700,0.0119955
88700,0.00960541
88700,0.00180383
88700,0.00166855
88700,0.00514092
88700,0.00947012
88700,0.00662909
88700,0.00595265
88700,0.00306652
88800,0.00878378
88800,0.00036036
88800,0.00761261
88800,0.00207207
88800,0.00148649
88800,0.00306306
88800,0.00247748
88800,0.00378378
88800,0.00184685
88800,0
88900,0.00935883
88900,0.00170979
88900,0.00728909
88900,0.00508436
88900,0.00071991
88900,0.000854893
88900,8.99888e-05
88900,0.00116985
88900,0.00391451
88900,0.00256468
89000,0.000629213
89000,0.00768539
89000,0.00364045
89000,0.0032809
89000,0.00238202
89000,0.0018427
89000,0.000449438
89000,0.000359551
89000,0.0028764
89000,0.0032809
89100,8.97868e-05
89100,0.00345679
89100,0.00444444
89100,0.00920314
89100,0.00314254
89100,0.00228956
89100,0.00233446
89100,0.00237935
89100,0.0140067
89100,0.00691358
89200,0.00757848
89200,0.00412556
89200,0.00578475
89200,0.00192825
89200,0.00860987
89200,0.00121076
89200,0.00403587
89200,0.00659193
89200,0.00479821
89200,0.00242152
89300,0.00223964
89300,0.00667413
89300,0.00443449
89300,0.00465845
89300,0.00255319
89300,0.00201568
89300,0.00179171
89300,0.00309071
89300,0.00223964
89300,0.00586786
89400,0.00478747
89400,0.00134228
89400,0.00818792
89400,0.00322148
89400,0.00420582
89400,0.00120805
89400,0.000850112
89400,0.0124385
89400,0.00353468
89400,0.00474273
89500,0.00777654
89500,0.00822346
89500,0.00335196
89500,0.00348603
89500,0.0061676
89500,0.000804469
89500,0.00804469
89500,0.00259218
89500,0.0043352
89500,0.00290503
89600,0.00232143
89600,0.00580357
89600,0.00415179
89600,0.00308036
89600,0.000669643
89600,0.00473214
89600,0.0075
89600,0.005
89600,0.00241071
89600,0.0028125
89700,0.00401338
89700,0.00588629
89700,0.00539576
89700,0.00312152
89700,0.00615385
89700,0.00303233
89700,0.00981048
89700,0.00401338
89700,0.00254181
89700,0.00329989
89800,0.00120267
89800,0.00311804
89800,0.00601336
89800,4.45434e-05
89800,0.0144766
89800,0.00463252
89800,0.00806236
89800,0.0150111
89800,0.0091314
89800,0.000267261
89900,0.00133482
89900,0.000845384
89900,0.000489433
89900,0.00649611
89900,0.00591769
89900,0.0101446
89900,0.00823137
89900,0.0065406
89900,0.00137931
89900,0.000400445
90000,0.00715556
90000,0.00377778
90000,0.000844444
90000,8.88889e-05
90000,0.0105778
90000,0.00897778
90000,0.00293333
90000,0.00902222
90000,0.00484444
90000,0.00426667
90100,0.0027081
90100,0.00306326
90100,0.00381798
90100,0.00443951
90100,0.00621532
90100,0.00830189
90100,0.00310766
90100,0.00554939
90100,0.00293008
90100,0.000754717
90200,0.00305987
90200,0.00496674
90200,0.00168514
90200,0.00279379
90200,0.00900222
90200,0.00514412
90200,0.00634146
90200,0.00403548
90200,0.0081153
90200,0.00385809
90300,0.000575858
90300,0.00589147
90300,0.00124031
90300,0.00394241
90300,0.00943522
90300,0.00717608
90300,0.00239203
90300,0.00425249
90300,0.000310078
90300,0.00248062
90400,0.00292035
90400,0.000442478
90400,0.0210619
90400,0.000884956
90400,0.00942478
90400,0.00827434
90400,0.00707965
90400,0.00632743
90400,0.0029646
90400,0.00915929
90500,0.00636464
90500,4.41989e-05
90500,0.00998895
90500,0.00525967
90500,0.00671823
90500,0.00225414
90500,0.00587845
90500,0.00300552
90500,0.00291713
90500,0.0121547
90600,0.00256071
90600,0.00710817
90600,0.00300221
90600,0.00481236
90600,0.00538631
90600,0.0106402
90600,0.000971302
90600,0.00282561
90600,0.00741722
90600,0.00295806
90700,0.00762955
90700,8.82029e-05
90700,0.0117751
90700,0.00149945
90700,0.00277839
90700,0.00149945
90700,0.00524807
90700,0.00326351
90700,0.00573319
90700,4.41014e-05
90800,0.00229075
90800,0.00409692
90800,0.0030837
90800,0.00202643
90800,0.00920705
90800,0.00198238
90800,0.00264317
90800,0.00176211
90800,0.00625551
90800,0.0137445
90900,0.00558856
90900,0.00409241
90900,0.0111771
90900,0.00255226
90900,0.00391639
90900,0.00994499
90900,0.000484048
90900,0.00228823
90900,0.0156216
90900,0.00519252
91000,0.0032967
91000,0.00325275
91000,0.00874725
91000,0.00883516
91000,0.00452747
91000,0.00241758
91000,0.00571429
91000,0.00206593
91000,0.000131868
91000,0.00382418
91100,0.000307355
91100,0.000263447
91100,0.00904501
91100,0.0033809
91100,0.00368825
91100,0.00469813
91100,0.0102305
91100,8.78156e-05
91100,0.000878156
91100,0.00276619
91200,0.00508772
91200,0.00385965
91200,0.00157895
91200,0.00311404
91200,0.000175439
91200,0.00105263
91200,0.00539474
91200,0.00438596
91200,0.00210526
91200,0.00539474
91300,0.00819277
91300,0.00784228
91300,0.00192771
91300,0.00201533
91300,0.00118291
91300,0.000438116
91300,0.000219058
91300,0.00635268
91300,0
91300,0.00135816
91400,0.00323851
91400,0.00332604
91400,0.000525164
91400,0.00919037
91400,0.00196937
91400,0.00319475
91400,0.00341357
91400,0.00380744
91400,0.00214442
91400,0.00389497
91500,0.0114973
91500,0.0016612
91500,0.00306011
91500,0.00738798
91500,0.00515847
91500,0.00157377
91500,0.0010929
91500,0.00214208
91500,0.000131148
91500,8.74317e-05
91600,0.00275109
91600,0.00362445
91600,0.00480349
91600,0.00982533
91600,0.00532751
91600,0.0050655
91600,0.00947598
91600,0.00637555
91600,0.00663755
91600,0.00318777
91700,0.000305344
91700,0.00440567
91700,0.00728462
91700,0.00161396
91700,0
91700,0.00248637
91700,0.00235551
91700,0.00261723
91700,0.00937841
91700,0.00222465
91800,0.0064488
91800,0.00296296
91800,0.0162092
91800,0.00662309
91800,0.000174292
91800,0.00405229
91800,4.3573e-05
91800,0.00954248
91800,0.00130719
91800,0.000915033
91900,0.00130577
91900,0.0091839
91900,0.00470076
91900,0.000304679
91900,0.00831338
91900,0.00665941
91900,0.00348205
91900,0.00457018
91900,0.00269859
91900,0.00678999
92000,0.00508696
92000,0.0053913
92000,0.00169565
92000,0.00547826
92000,0.00369565
92000,0.00317391
92000,0.00226087
92000,0.00969565
92000,0.00447826
92000,0.00547826
92100,0.00186754
92100,0.0076873
92100,0.00595005
92100,0.00733985
92100,0.0076873
92100,0.00490771
92100,0.00117264
92100,0.000304017
92100,0.00425624
92100,0.000347448
92200,0.00394794
92200,0.000130152
92200,0.00308026
92200,0.00021692
92200,0.00520607
92200,0.00455531
92200,0.00624729
92200,0.00403471
92200,0.00255965
92200,0.0081128
92300,0.0111809
92300,0.0105309
92300,0.00130011
92300,0.00195016
92300,0.00251354
92300,0.00498375
92300,0.007974
92300,0.00156013
92300,0.0156013
92300,0.00489707
92400,0.00181818
92400,0.00320346
92400,0.00242424
92400,0.00861472
92400,0.01
92400,0.0126407
92400,0.00623377
92400,0.00917749
92400,0.00160173
92400,0.00025974
92500,0.00778378
92500,0.00782703
92500,0.00423784
92500,0.00739459
92500,0.00441081
92500,0.00445405
92500,0.00432432
92500,0.00229189
92500,0.000562162
92500,0.000951351
92600,0.00302376
92600,0.00431965
92600,0.00241901
92600,0.00228942
92600,0.000950324
92600,0.00336933
92600,0.00466523
92600,0.00954644
92600,0.00341253
92600,0.00138229
92700,0.00245955
92700,0.000474649
92700,0.000992449
92700,0.0028479
92700,0.00440129
92700,0.0019849
92700,0.00440129
92700,0.0113484
92700,0.0031068
92700,0.00444444
92800,0.0105172
92800,0.00219828
92800,0.00150862
92800,0.00232759
92800,0.00237069
92800,0.00780172
92800,0.000560345
92800,0
92800,0.00426724
92800,0.00702586
92900,0.00228202
92900,0.0046071
92900,0.00348762
92900,0.00447793
92900,0.00185145
92900,0.00456405
92900,0.00202368
92900,0.00757804
92900,0.00434876
92900,0.00434876
93000,0.00748387
93000,0.00864516
93000,0.00748387
93000,0.00537634
93000,0.00756989
93000,0.00688172
93000,0.0036129
93000,0.00219355
93000,0.00533333
93000,0.0083871
93100,0.000601504
93100,0.000644468
93100,0.00270677
93100,0.00962406
93100,0.00296455
93100,0.00506982
93100,0.00773362
93100,0.000687433
93100,0.000730397
93100,0.000644468
93200,0.00656652
93200,0.00201717
93200,0.000686695
93200,0.00587983
93200,0.00107296
93200,0.00545064
93200,8.58369e-05
93200,0.00103004
93200,0.000729614
93200,0.00527897
93300,0.00565916
93300,0.00102894
93300,0.0120043
93300,0.00235798
93300,0.00188639
93300,0.00651661
93300,0.00287245
93300,0.00270096
93300,0.00724544
93300,0.00235798
93400,0.00496788
93400,0.00316916
93400,0.000813704
93400,0.000642398
93400,0.00873662
93400,0.00244111
93400,0.00698073
93400,0.00316916
93400,0.00244111
93400,0.00423983
93500,0.00145455
93500,0.00119786
93500,0.00462032
93500,0.00256684
93500,0.00342246
93500,0.00414973
93500,0.00239572
93500,0.00166845
93500,0.00645989
93500,0.00183957
93600,0.00384615
93600,0.00200855
93600,0.00222222
93600,0.00807692
93600,0.00354701
93600,0.00264957
93600,0.00294872
93600,0.000598291
93600,0.000726496
93600,0.00931624
93700,0.0129349
93700,0.0064461
93700,0.00516542
93700,0.0076841
93700,0.00153682
93700,0.00866596
93700,4.26894e-05
93700,0.0024333
93700,0.00452508
93700,0.00934899
93800,0.000597015
93800,0.00238806
93800,0.000383795
93800,0.000682303
93800,0.0137313
93800,0.00528785
93800,0.00592751
93800,0.00639659
93800,0.00759062
93800,0.00537313
93900,0.00609159
93900,0.00336528
93900,0.0029819
93900,0.00208733
93900,0.00268371
93900,0.0110756
93900,0.00894569
93900,0.000127796
93900,0.00822151
93900,0.00204473
94000,0.00187234
94000,0.000382979
94000,0.00123404
94000,0.00480851
94000,0.00519149
94000,0.000340426
94000,0.00565957
94000,0.00787234
94000,0.00382979
94000,0.0131064
94100,4.2508e-05
94100,0.00259299
94100,0.0042508
94100,0.00021254
94100,0.000680128
94100,0.00182784
94100,0.00680128
94100,0.000127524
94100,0.00735388
94100,0.00420829
94200,0.00666667
94200,0.00233546
94200,0.0101486
94200,0.00526539
94200,0.00390658
94200,0.00543524
94200,0.00645435
94200,0.00208068
94200,0.010828
94200,0.0101062
94300,0.00818664
94300,0.00742312
94300,0.00152704
94300,0.0030965
94300,0.00648993
94300,0.00678685
94300,0.00458112
94300,0.00984093
94300,0.00687169
94300,0.00186638
94400,0.00381356
94400,0.00105932
94400,0.00444915
94400,0.0111441
94400,0.00385593
94400,0.0020339
94400,0.000974576
94400,0.00881356
94400,0.00381356
94400,0.0107627
94500,0.00986243
94500,0.00359788
94500,0.00194709
94500,0.00304762
94500,0.00689947
94500,0.0010582
94500,0.0045291
94500,0.00283598
94500,0.000465608
94500,0.00325926
94600,0.00114165
94600,0.00871036
94600,0.000887949
94600,0.0032981
94600,0.00739958
94600,0.00224101
94600,0.0138266
94600,0.00630021
94600,0.00477801
94600,0.00317125
94700,0.00177402
94700,0.00249208
94700,0.00760296
94700,0.000718057
94700,0.00152059
94700,0.00325238
94700,0.00325238
94700,0.0018585
94700,0.00092925
94700,0.00663147
94800,0.00822785
94800,0.00434599
94800,0.00130802
94800,0.0100422
94800,0.00987342
94800,0.00383966
94800,0.00616034
94800,0.000759494
94800,0.00451477
94800,0.00244726
94900,0.00231823
94900,0.00349842
94900,0.00400421
94900,0.00703899
94900,0.00771338
94900,0.00615385
94900,0.00674394
94900,0.0180822
94900,0.00413066
94900,0.000758693
95000,0.000168421
95000,0.00530526
95000,0.00311579
95000,0.00509474
95000,0.00214737
95000,0.0125895
95000,0.00610526
95000,0.00210526
95000,0.00551579
95000,0.00492632
95100,0.00538381
95100,0.000925342
95100,0.00294427
95100,0.00929548
95100,0.00382755
95100,0.00332282
95100,0.00403785
95100,0.00542587
95100,0.00929548
95100,0.00529968
95200,0.00205882
95200,0.000294118
95200,0.010084
95200,0.00894958
95200,0.00306723
95200,0.000546218
95200,0.00222689
95200,0.00680672
95200,0.00441176
95200,0.00890756
95300,0.00117524
95300,0.00239244
95300,0.00537251
95300,0.0147324
95300,0.00134313
95300,0.00100735
95300,0.00109129
95300,0.00365163
95300,0.000671563
95300,0.00562434
95400,0.0030608
95400,0.0112369
95400,0.0067086
95400,0.0114046
95400,0.00410901
95400,0.00507338
95400,0.00754717
95400,0.00494759
95400,0.00104822
95400,0.00532495
95500,0.00305759
95500,0.00205236
95500,0.00196859
95500,0.00561257
95500,0.000251309
95500,0.000879581
95500,0.000921466
95500,0.0041466
95500,0.00779058
95500,0.00770681
95600,0.00221757
95600,0.00594142
95600,0.00121339
95600,0.00661088
95600,0.00531381
95600,0.00213389
95600,0.00439331
95600,0.00774059
95600,0.00368201
95600,0.000794979
95700,0.000626959
95700,0.000835946
95700,0.00576803
95700,0.00263323
95700,0.00171369
95700,0.0109927
95700,0.00555904
95700,0.00982236
95700,0.00183908
95700,0.00961338
95800,0.00400835
95800,0.00112735
95800,0.00196242
95800,0.0097286
95800,0.00371608
95800,0.00359081
95800,0.0111482
95800,0.00438413
95800,0.00175365
95800,0.00045929
95900,0.000458811
95900,0.00471324
95900,0.000375391
95900,0.00467153
95900,0.00492179
95900,0.00225235
95900,0.00337852
95900,0.00254432
95900,0.00171011
95900,0.000375391
96000,0.00670833
96000,0.003875
96000,0.000666667
96000,0.00704167
96000,0.00995833
96000,0.00104167
96000,0.01075
96000,0.00579167
96000,0.00916667
96000,0.00433333
96100,0.00145682
96100,0.0024974
96100,0.011155
96100,0.00507804
96100,0.00516129
96100,0.0124454
96100,0.00212279
96100,0.00462019
96100,0.000790843
96100,0.0132362
96200,0.00141372
96200,0.010104
96200,0.000997921
96200,0.0035343
96200,0.0127235
96200,0.00286902
96200,0.0116424
96200,0.00440748
96200,0.00245322
96200,0.00045738
96300,0.00253375
96300,0.00215992
96300,0.00128764
96300,0.00319834
96300,0.00124611
96300,0.00639668
96300,0.00128764
96300,0.00548287
96300,0.00880582
96300,0.00934579
96400,0.0053112
96400,0.00709544
96400,0.00780083
96400,0.00705394
96400,0.00302905
96400,0.0129876
96400,0.00211618
96400,0.000580913
96400,0.0141079
96400,0.00431535
96500,0.0081658
96500,0.00190674
96500,0.00290155
96500,0.0117306
96500,0.00281865
96500,0.00178238
96500,0.00327461
96500,0.00563731
96500,0.00675648
96500,0.00373057
96600,0.000952381
96600,0.00372671
96600,0.00563147
96600,0.000289855
96600,0.00559006
96600,0.00890269
96600,0.00749482
96600,0.00571429
96600,0.00356108
96600,0.0052588
96700,0.00206825
96700,0.00579111
96700,0.00504654
96700,0.000744571
96700,0.00583247
96700,0.00421923
96700,0.00347466
96700,0.0060393
96700,0.00405377
96700,0.0034333
96800,0.0113223
96800,0.00772727
96800,0.00491736
96800,0.00239669
96800,0.00194215
96800,0.00826446
96800,0.000123967
96800,0.0085124
96800,0.000413223
96800,0.00260331
96900,0.00160991
96900,0.00759546
96900,0.00144479
96900,0.0026419
96900,0.00763674
96900,0.00214654
96900,0.00255934
96900,0.00610939
96900,0.00293086
96900,0.00371517
97000,0.0119175
97000,0.00103093
97000,0.00284536
97000,0.0122474
97000,0.00292784
97000,4.12371e-05
97000,0.00482474
97000,0.00771134
97000,0.0102268
97000,0.00779381
97100,0.000741504
97100,0.00828012
97100,0.00828012
97100,0.00366632
97100,0.000205973
97100,0.00144181
97100,0.00523172
97100,0.000123584
97100,0.00341916
97100,0.00436663
97200,0.00205761
97200,0.0037037
97200,0.00292181
97200,0.00312757
97200,0.00176955
97200,0.00432099
97200,0.00378601
97200,0.00559671
97200,0.00213992
97200,0.0026749
97300,0.00390545
97300,0.00221994
97300,0.00645427
97300,0.00653649
97300,0.00316547
97300,0.00735868
97300,0.0070298
97300,0.0105242
97300,0.0102364
97300,0.00032888
97400,0.010308
97400,0.00349076
97400,0.00340862
97400,0.00328542
97400,0.00965092
97400,0.00533881
97400,0.0102669
97400,0.000123203
97400,0.00184805
97400,0.0116222
97500,0.00406154
97500,0.00315897
97500,0.000738462
97500,0.0032
97500,0.0096
97500,0.00135385
97500,0.00615385
97500,0.000246154
97500,0.000820513
97500,0.00139487
97600,0.0075
97600,0.00786885
97600,0.00295082
97600,0.00270492
97600,0.00586066
97600,0.00389344
97600,0.00553279
97600,0.00704918
97600,0.00180328
97600,0.000737705
97700,0.00904811
97700,0.000941658
97700,0.000859775
97700,0.00634596
97700,0.00806551
97700,0.00106448
97700,0.000204708
97700,0.00106448
97700,0.00724667
97700,0.00921187
97800,0.00638037
97800,0.012638
97800,0.00588957
97800,0.00441718
97800,0.00167689
97800,0.00290389
97800,0.00323108
97800,0.00314928
97800,0.00552147
97800,0.00171779
97900,0.00629213
97900,0.00040858
97900,0.00927477
97900,0.00829418
97900,0.00367722
97900,0.00143003
97900,0.00171604
97900,0.00388151
97900,0.00600613
97900,0.00020429
98000,0.00379592
98000,0.000571429
98000,0.000979592
98000,0.0136327
98000,0.00620408
98000,0.00738776
98000,0.000693878
98000,0.00465306
98000,0.00044898
98000,0.00444898
98100,0.0035474
98100,0.00077472
98100,0.00106014
98100,0.000366972
98100,0.00428135
98100,0.000570846
98100,0.00509684
98100,0.0033843
98100,0.00782875
98100,0.00721713
98200,0.0129939
98200,0.00936864
98200,0.00240326
98200,0.0099389
98200,0.00252546
98200,0.00342159
98200,0.00321792
98200,0.000366599
98200,0.00244399
98200,0.00207739
98300,0.00862665
98300,0.00516785
98300,0.00105799
98300,0.000651068
98300,0.00439471
98300,0.00325534
98300,0.00211597
98300,0.00268566
98300,0.00463886
98300,0.0100509
98400,0.00170732
98400,0.00589431
98400,0.000284553
98400,0.00146341
98400,0.00727642
98400,0.00308943
98400,0.000284553
98400,0.00434959
98400,0.00154472
98400,0.00105691
98500,0.00479188
98500,0.00552284
98500,0.00186802
98500,0.00649746
98500,0.00337056
98500,0.00353299
98500,0.00467005
98500,0.00170558
98500,0.000243655
98500,0.00284264
98600,0.00247465
98600,0.00815416
98600,0.00206897
98600,0.00356998
98600,0.000283976
98600,0.00206897
98600,0.0185396
98600,0.0053144
98600,0.00170385
98600,0.00105477
98700,0.0101317
98700,0.00316109
98700,0.00312057
98700,0.00656535
98700,4.05268e-05
98700,0.00413374
98700,0.00137791
98700,0.00198582
98700,0.000932118
98700,0.00182371
98800,0.00388664
98800,4.04858e-05
98800,0.000161943
98800,0.00392713
98800,0.00870445
98800,0.00522267
98800,0.00700405
98800,0.00688259
98800,0.00388664
98800,0.00230769
98900,0.0023458
98900,0.00331648
98900,0.00347826
98900,0.0016178
98900,0.00639029
98900,0.00327604
98900,0.00752275
98900,0.00618807
98900,0.0108392
98900,0.00380182
99000,0.00767677
99000,0.004
99000,0.00113131
99000,0.00694949
99000,0.000767677
99000,0.00937374
99000,0.00290909
99000,0.0118788
99000,0.00412121
99000,0.0080404
99100,0.00399596
99100,0.00448032
99100,0.0035116
99100,0.00266398
99100,0.020222
99100,0.0067003
99100,0.00819374
99100,0.00718466
99100,8.07265e-05
99100,0.00476287
99200,0.00721774
99200,0.00560484
99200,0.00548387
99200,0.00891129
99200,0.000362903
99200,0.00907258
99200,0.0132258
99200,0.00737903
99200,0.0021371
99200,0.00233871
99300,0.00145015
99300,0.0103525
99300,0.00753273
99300,0.00866062
99300,0
99300,0.00942598
99300,0.0029003
99300,0.00140987
99300,0.00173212
99300,0.000322256
99400,0.00160966
99400,0.00156942
99400,0.00285714
99400,0.00756539
99400,0.00362173
99400,0.00325956
99400,0.0061167
99400,0.00181087
99400,0.00853119
99400,0.00386318
99500,0.00124623
99500,0.00237186
99500,0.00534673
99500,0.000321608
99500,0.00502513
99500,0.00434171
99500,0.00526633
99500,0.00940704
99500,0.00446231
99500,0.000442211
99600,0.000481928
99600,0.00827309
99600,0.0060241
99600,0.000963855
99600,0.00136546
99600,0.0148193
99600,0.00156627
99600,0.0037751
99600,0.00381526
99600,0.00208835
99700,0.00324975
99700,0.0111133
99700,0.00252758
99700,0.00730191
99700,0.00738215
99700,0.0105918
99700,0.000280843
99700,0.00188566
99700,0.00168506
99700,0.00706118
99800,0.00456914
99800,0.0096994
99800,0.00124248
99800,0.00945892
99800,4.00802e-05
99800,0.00316633
99800,0.01002
99800,0.00553106
99800,0.00172345
99800,0.00637275
99900,0.000680681
99900,0.00388388
99900,0.00740741
99900,0.00536537
99900,0.0184985
99900,0.00236236
99900,0.000760761
99900,0.00108108
99900,0.00436436
99900,0.00324324
100000,0.0024
100000,0.01084
100000,0.00388
100000,0.00244
100000,0.0048
100000,0.00652
100000,0.0066
100000,0.00464
100000,0.00132
100000,0.00808
