100,0.0578027,0.0578027,0.0185916,0.0578027,0.0578027,0.0185916,0.0705351,0.0450703,0.0578027,0.0450703
200,0.0196056,0.00687316,0.000506957,0.0122254,0.00585924,0.0249578,0.0387041,0.000506957,0.0440564,0.031324
300,0.0483006,0.0143475,0.0355682,0.0143475,0.0270799,0.0111173,0.0238497,0.00585924,0.0111173,0.0355682
400,0.0132394,0.00904234,0.0408733,0.0227886,0.00585924,0.0196056,0.0122254,0.0345071,0.0249578,0.00369006
500,0.0211381,0.0196056,0.0593353,0.00432668,0.00840572,0.00585924,0.0211381,0.0145126,0.0185916,0.0491494
600,0.00373717,0.0259717,0.0143475,0.0228358,0.0196056,0.00161511,0.00899522,0.0132394,0.00161511,0.00475109
700,0.0214245,0.011316,0.0258673,0.00404033,0.0432514,0.010511,0.0359758,0.00687316,0.00222141,0.030519
800,0.0227886,0.0132394,0.0323379,0.0281409,0.0196056,0.00369006,0.013817,0.00585924,0.00426769,0.00904234
900,0.00161511,0.0101034,0.0115181,0.00262902,0.00302982,0.0295085,0.00828787,0.00121431,0.0214211,0.00585924
1000,0.00203952,0.0336112,0.00814639,0.0275043,0.00967896,0.0259717,0.0109522,0.00687316,0.0310647,0.000766282
1100,0.00803065,0.00224319,0.00354426,0.00238677,0.00817422,0.0197491,0.00803065,0.00687316,0.0161331,0.00455817
1200,0.0132865,0.0249107,0.031324,0.0196056,0.00156799,0.00373717,0.0196527,0.00904234,0.0154085,0.0132865
1300,0.000962165,0.00781807,0.0225093,0.00491433,0.0205505,0.0117702,0.00295549,0.0117702,0.00883199,0.00295549
1400,0.010511,0.020515,0.000506957,0.00131196,0.0185916,0.00778261,0.0131349,0.0277907,0.0185916,0.00778261
1500,0.00772198,0.0151963,0.0194405,0.0111173,8.25442e-05,0.00941963,0.000931371,0.0177428,0.000931371,0.0246985
1600,0.00506347,0.00130273,0.0122254,0.018014,0.0140351,0.00369006,0.00188037,0.0116478,0.00188037,0.0193874
1700,0.00211442,0.0278442,0.00211442,0.00436131,0.0173587,0.000132475,0.0211035,0.031589,0.0208385,0.00361235
1800,0.012532,0.00515189,0.0118246,0.00161511,0.0061658,0.00121431,0.0129328,0.0118246,0.00545844,0.00121431
1900,0.00719949,0.0232825,0.00116836,0.0122342,0.0175952,0.00183848,0.0249666,0.00317874,0.0410496,0.00786962
2000,0.00369006,0.00267614,0.000129662,0.0141353,0.0132394,0.00814639,0.0306874,0.0215154,0.0017802,0.0103156
2100,0.000402499,0.00646554,0.00161511,0.00505424,0.00384163,0.0141488,0.0208182,0.0010088,0.011316,0.00585924
2200,0.0201843,0.0168554,0.0168554,0.0128042,0.0138181,0.00629441,0.00238677,0.0120819,0.00687316,0.00817422
2300,0.00576599,0.00521241,0.00687316,0.00364491,0.0224667,0.0202524,0.0136094,0.00309133,0.0119486,0.0157305
2400,0.00692027,0.00904234,0.00687316,0.00740367,0.00952574,0.0265494,0.00745079,0.012756,0.00369006,0.00422057
2500,0.00534527,0.0140033,0.000252309,0.00891034,0.00840572,0.0114568,0.00280347,0.00840572,0.00891502,0.0196056
2600,0.00197608,0.0136946,0.0196056,0.0132049,0.00393491,0.00439012,0.00145187,0.00487983,0.000996665,0.0200953
2700,0.00828787,0.000742742,0.0130036,0.0101741,0.0186624,0.0105749,0.00916023,0.00498687,0.0167761,0.00397296
2800,0.00722343,0.000402499,0.0122254,0.00414478,0.0091468,0.0200603,0.00778261,0.00778261,0.0114204,0.00222141
2900,0.0117027,0.0226789,0.0115669,0.00336077,0.000726481,0.00204363,0.0159573,0.0120059,0.0142012,0.0146402
3000,0.00644874,0.00644874,0.0145126,0.0130743,0.0140882,0.00687316,0.0196056,0.000341869,0.0115417,0.00288835
3100,0.0039981,0.0154983,0.000519849,0.00687316,0.0144844,0.00544852,0.00235521,0.0153059,0.0118018,0.00668069
3200,0.0106339,0.00585924,0.00188037,0.000686705,0.00647527,0.0136372,0.00864445,0.0189895,0.00824656,0.00528161
3300,0.00547341,0.0010857,0.0126606,0.0128042,0.00470175,0.00725899,0.00224319,0.00315843,0.00315843,0.0126606
3400,0.0121159,0.0066082,0.0114765,0.00735717,0.00810613,0.00237937,0.000990971,0.0038773,0.010353,0.000242007
3500,0.000402499,0.000325066,0.0218657,0.0109522,0.00323533,0.0152402,0.00986085,0.00149385,0.0126937,0.00432668
3600,0.00126143,0.00373717,0.019299,0.00409085,0.00479821,0.0125791,0.00373717,0.0061658,0.00121431,0.00126143
3700,0.00687316,0.0144438,0.00551512,0.00413865,0.00205549,0.00826807,0.0127416,0.0134299,0.00274373,0.00241805
3800,0.0028524,0.0128956,0.00218227,0.00954493,0.00954493,0.00820468,0.000506957,0.00251734,0.000498232,0.00719949
3900,0.0173202,0.00164961,0.00847101,0.00357394,0.0074916,0.000309222,0.00164961,0.00491433,0.00915846,0.00161511
4000,0.00299445,0.00782808,0.0109522,0.00209851,0.0122844,0.0017802,0.00235783,0.0113295,0.00808741,0.00108459
4100,0.00283605,0.00904698,0.00873643,0.00625206,0.00337487,0.00625206,0.00966807,0.000972777,0.0095858,0.00935752
4200,0.00222141,0.000402499,0.00252457,0.0059637,0.00202272,0.00657,0.00293218,0.00252457,0.00111326,0.0067687
4300,0.00124721,0.00213552,0.00391213,0.00420824,0.00272772,0.00953808,0.00615534,0.0182955,0.00568875,0.00141771
4400,0.0122254,0.0104892,0.00397943,0.0123712,0.00643799,0.000506957,0.00571566,0.0132394,0.00441238,0.000939906
4500,0.000931371,0.012532,0.0147955,0.000648428,0.0188746,0.00376079,0.0115181,0.0126499,0.0071561,0.00246393
4600,0.00696641,0.00770353,0.0133326,0.00890394,0.000876999,0.0104714,0.00161412,0.0104714,0.00299808,0.000600207
4700,0.00470594,0.00152481,0.00389323,0.0131039,0.00748465,0.00389323,0.0103949,0.00687316,0.00822767,0.00172602
4800,0.00824656,0.0061245,0.0093076,0.00241088,0.0066079,0.00607738,0.00315954,0.00448583,0.00793419,0.00559398
4900,0.00585924,0.0139144,0.00222141,0.0141488,0.00895191,0.00557393,0.00767815,0.0105364,0.00011719,0.00505424
5000,0.0017802,0.00941963,0.00127558,0.00433135,0.00305811,0.00127558,0.00280347,0.00738713,0.0076371,0.0168044
5100,0.00437661,0.00437661,0.000132475,0.00212971,0.00436131,0.00635855,0.000866144,0.00835579,0.00837108,0.00136545
5200,0.002921,0.00491433,0.00271064,0.00638345,0.002921,0.00439012,0.00222093,0.00515918,0.0102666,0.00610409
5300,0.0131192,0.00567199,0.000867308,0.00561901,0.0171502,0.00182824,0.00591222,0.00375011,0.0118651,0.000146607
5400,0.00522266,0.0032656,0.00286481,0.0134751,0.00310059,0.00168588,0.00562346,0.00680238,0.00821709,0.00593001
5500,0.00447025,0.00687316,0.0100262,0.00122928,0.00493325,0.00895664,0.00863722,0.00678523,0.00386368,0.00224319
5600,0.0035856,0.00687316,0.00573633,0.00335823,0.00323533,0.00187114,0.00141641,0.000175135,0.0067687,0.00313087
5700,0.011667,0.00151215,0.00731991,5.1481e-05,0.0165813,0.00955366,0.00988,0.00161511,0.0055329,0.00116836
5800,0.00168828,0.017494,0.000506957,0.000726481,0.00160458,0.00190781,0.000506957,0.0114832,0.00520067,0.0111278
5900,0.00449932,0.00147807,0.00478022,0.00126227,0.0147072,0.00126227,0.00132737,0.000464158,0.0120524,0.0098944
6000,0.00432668,0.00305344,0.000294751,0.0019924,0.00649586,0.00161511,0.0017802,0.00644874,0.00135578,0.00203952
6100,0.00165496,0.000402593,0.00395097,0.00248987,0.00460687,0.00418942,0.00290733,0.00377196,0.0120913,0.00272832
6200,0.00750213,0.00810532,0.0013284,0.00317665,0.00256057,0.00954285,0.0039981,0.00750213,0.00256057,0.0013284
6300,0.0115215,0.00363953,0.00222482,0.010511,0.00525294,0.0117236,0.00626344,0.000405907,0.00182062,0.000402499
6400,0.00249639,0.00207931,0.00824656,0.000288817,0.010236,0.00327297,0.00486452,0.00764973,0.00207931,0.00764973
6500,0.00448806,0.0119316,0.00585924,0.00331276,0.000374516,0.00409629,0.00256373,0.0074263,0.000409016,0.000962165
6600,0.00200094,0.00475109,0.0138181,0.00354426,0.0138181,0.00552275,0.00513692,0.00224319,0.00566633,0.0106821
6700,0.0109902,0.00364255,0.00452899,0.00592298,0.00129838,0.00725323,0.00376885,0.00212226,0.00440269,0.00307244
6800,0.00912005,0.00612419,0.00294109,0.00369006,0.000429248,0.00623372,0.005672,0.00436131,0.00829337,0.00211442
6900,0.000507944,0.00124605,0.00299808,0.00668863,0.0123177,0.00576599,0.00733546,0.0107482,0.00262902,0.00189091
7000,0.00476789,0.00414478,0.000506957,0.00523613,0.00578181,0.0087695,0.00294898,0.00367654,0.000948174,0.00986085
7100,0.00615584,0.000417293,0.00382455,0.000479355,0.0065145,0.000300025,0.000775952,0.00729388,0.00364522,0.00334863
7200,0.00232246,0.00585924,0.00545844,0.000377237,0.00638976,0.00280586,0.00320666,0.00426769,0.00563528,0.00904234
7300,0.0129777,0.0019895,0.00149883,0.00132441,0.011615,0.0140242,0.00600107,0.000942998,0.00324299,0.00914057
7400,0.00429226,0.00704521,0.00687316,0.0111931,0.00104158,0.00499894,0.0058408,0.00241805,0.00153931,0.00207393
7500,0.00382206,0.00738713,0.0070476,0.0197753,0.00602433,0.00653362,0.00416159,0.00823128,0.00330808,0.00382206
7600,0.00451899,0.00905106,0.0023498,0.00720822,0.00335499,0.00452771,0.00686443,0.00770209,0.00234108,0.00401639
7700,0.00734744,0.00488889,0.000258924,0.00340068,0.00422746,0.00224319,0.0103456,0.00951885,0.00883564,0.00883564
7800,0.00504306,0.00164961,0.00964816,0.00422688,0.0011254,0.00145187,0.00507756,0.0034107,0.0119335,0.00716513
7900,0.00574497,0.000218306,0.0131588,0.00650392,0.00456988,0.0102577,0.00316626,0.000909881,0.000104033,0.00123222
8000,0.00241682,0.000188647,0.00878301,0.00130273,0.00146189,0.00856487,0.0035309,0.00273513,0.00750977,0.00130273
8100,0.00357216,0.00130073,0.00372935,0.00365858,0.0033442,0.00184307,0.0101741,0.00680238,0.0096318,0.00797349
8200,0.00578624,0.00803306,0.00205969,0.00554869,0.0120702,0.00290905,0.00182214,0.00640734,0.00733897,0.000269408
8300,0.000183353,0.0119953,0.00579934,0.00487892,0.00478542,0.00141057,0.00601264,0.000950365,0.000336756,0.0112283
8400,0.00429636,0.00222141,0.00778261,0.00187114,0.00399321,0.00585924,0.0104065,0.00581212,0.0027806,0.0035856
8500,0.00121566,0.00346255,0.00301318,0.00181483,0.0025638,0.00657357,0.00447647,0.00181483,0.000616489,0.00121566
8600,0.0110186,0.00970857,0.0111891,0.00733975,0.0147423,0.000677451,0.00568875,0.00882026,0.00363847,0.00289822
8700,0.00410305,0.00350712,0.00190781,0.00468845,0.00350712,0.0114205,0.00204363,0.00483479,0.00423887,0.00381035
8800,0.00759548,0.00296662,0.00368895,0.00470286,0.00122928,0.0168554,0.00513581,0.00441349,0.00745079,0.00412412
8900,0.00215215,0.00213966,0.00585924,0.00514394,0.000721548,0.00386888,0.00385639,0.00215215,0.00615785,0.00215215
9000,0.00857081,0.00319491,0.00333638,0.00758051,0.00220461,0.00133217,0.00232246,0.00206314,0.00486894,0.00387865
9100,0.000716832,0.00155633,0.00501974,0.00197608,0.000576916,0.00194158,0.00295549,0.00519416,0.00155633,0.0072929
9200,0.00322972,0.013471,0.00175252,0.00447528,0.00129219,0.000783749,0.00779678,0.00309133,0.00189091,0.0115335
9300,0.000109126,0.00298418,0.0104327,0.0129784,0.000246034,0.00558543,0.00722832,0.0057779,0.00353181,0.00358738
9400,0.00491108,0.00789101,0.000983004,0.00166026,0.00111845,0.00125391,0.00795676,0.000506957,0.0004412,0.00172602
9500,0.0179215,0.00459473,0.00245032,0.000439945,0.00848146,0.0107599,0.00116836,0.00901756,0.00700718,0.00679742
9600,0.002013,0.00992362,0.00479821,0.00315954,0.00833208,0.0043532,0.00315954,0.00532872,0.002013,0.00766893
9700,0.0056918,0.00070385,0.00074003,0.000966374,0.000214983,0.00375905,0.00175394,0.00651555,0.00625303,0.00346035
9800,0.00557393,0.00817238,0.00258572,0.000506957,0.00726292,0.00453455,0.00128649,0.000402499,0.00011719,0.00453455
9900,0.010217,0.00211458,0.000957093,0.000699872,0.00418731,0.00314346,0.00714534,0.000329008,0.00984615,0.00174372
10000,0.00636386,0.00878769,0.00916966,0.00216685,0.0114615,0.00802375,0.000124986,0.0050953,0.00827372,0.00636854
10100,0.0053604,0.00699922,0.000942771,0.00409976,0.0011949,0.000191799,0.00674709,0.00863804,0.00359551,0.000317862
10200,0.00273856,0.000242007,0.00762212,0.00113109,0.00512557,0.00612419,0.00124063,0.00511028,0.00710751,0.000756612
10300,0.002423,0.00177993,0.00934546,0.00810931,0.00894963,0.00116185,0.00363416,0.00808432,0.00919686,0.00131046
10400,0.000350031,0.00185365,0.000506957,0.0065938,0.00356763,0.00968897,0.0101442,0.00647137,0.000105177,0.0108787
10500,0.000688849,0.00185763,0.00864824,0.00610176,0.00275028,0.00505424,0.00626685,0.000688849,0.00549546,0.00682933
10600,0.00165515,9.36273e-05,0.0029093,0.00609947,0.00771397,0.00718053,0.0041776,9.36273e-05,0.00326965,0.00567199
10700,0.00550226,0.0017564,0.0003855,0.0172257,0.00330332,0.000209472,0.00401729,0.0017564,0.00526427,0.00383634
10800,0.00114354,0.00114354,0.00628369,0.00439741,0.00923101,0.00475109,0.00534055,0.00244036,0.00687316,0.00369006
10900,0.00126623,0.00453694,0.00126623,0.00266796,0.00177086,0.000798985,0.00317259,0.00512099,0.0104943,0.00504156
11000,0.000766282,0.00664166,0.00895664,0.000622706,0.00227102,0.00305344,0.000622706,7.17879e-05,0.00111353,0.00539624
11100,0.00457903,0.00230335,0.00287688,0.00310629,0.00262902,0.00494159,0.00675845,0.00803866,0.00652904,0.00161511
11200,0.000402499,0.00130273,0.00381296,0.0157404,0.00142564,0.000734322,0.0027806,0.00312165,0.000279593,0.001653
11300,0.00270414,0.000676141,0.0121689,0.00383107,0.00473248,0.00518318,0.00326752,0.00247879,0.0018029,0.00529586
11400,0.00396928,0.00653809,0.00161511,0.000163169,0.000833295,0.0106705,0.0046394,0.00183848,0.00418393,0.00452771
11500,0.0028699,0.00687316,0.00486279,0.00310879,0.000544849,0.000655566,0.0109522,0.00277665,0.00453064,0.00120915
11600,0.00456815,0.00377376,0.00673734,0.00618853,0.00190781,0.00783496,0.00654387,0.00237291,0.000480901,0.000506957
11700,0.00237688,0.00324747,0.00117981,0.00197608,0.00186726,0.00052687,0.000343722,0.00150628,0.00828787,0.00433571
11800,0.000506957,0.0108227,0.0097865,0.00223338,0.00460722,0.000506957,0.00266499,0.00600994,0.00445652,0.00806007
11900,0.00291434,0.00382634,0.00286338,0.000937474,0.0060172,0.00569621,0.00928308,0.00088144,0.00216538,0.00227237
12000,0.00231071,0.00432668,0.00426769,0.013876,0.00617755,0.00161511,0.0014029,0.00363107,0.00124968,0.00676705
12100,0.00186064,0.00150661,0.000980476,0.00371636,0.00385994,0.00319023,0.00143973,0.00217632,0.00470175,0.00613657
12200,0.00648542,0.00638106,0.0012375,0.00930325,0.00523306,0.000119226,0.00353351,0.00582952,0.00502433,0.0012375
12300,0.00151159,0.00366418,0.00306432,0.000351684,0.00710143,0.00283605,0.00252551,0.000786985,0.00161511,0.000165893
12400,0.000506957,0.00656511,0.00194449,0.00122572,0.0018547,0.00729677,0.00257346,0.0018547,0.00226542,0.00852894
12500,0.0104429,0.00157648,0.0059611,0.00524341,0.00168301,0.00188673,0.00331276,0.00575738,0.00524341,0.00646572
12600,0.00191826,0.00384163,0.00101221,0.00343402,0.000405907,0.00545504,0.00292877,0.00717631,0.00838892,1.7036e-06
12700,0.00395439,0.00134776,0.00546958,0.00165989,0.00115862,0.00226142,0.00727418,0.00486805,0.00144802,0.00285159
12800,0.0126425,0.00675449,0.0109323,0.00277561,0.000786177,0.00287509,0.00378953,0.0024772,0.00607738,0.0038698
12900,0.00697186,0.000655008,0.00447743,3.58967e-05,0.00351733,0.00460304,0.00161511,0.00250342,0.00812936,0.000331999
13000,0.00138843,0.0034107,0.00106011,0.00527159,0.00168226,0.00429218,0.0119661,0.00295549,0.00566336,0.000766282
13100,0.00512367,0.00551244,0.00395734,0.00269382,0.00560963,0.00590122,0.00304062,0.000416384,0.00405453,0.000263973
13200,0.000843448,0.000506957,0.00190448,0.0010857,0.00176091,0.00774127,0.00272548,0.00156799,7.17879e-05,0.00296551
13300,0.0031396,0.00174275,0.00371399,0.00438412,0.00758242,0.00486278,0.00202995,0.00480619,0.00404033,0.000746288
13400,0.00785462,0.0055429,0.00576422,0.0050991,0.00544789,0.00278739,0.00272365,0.00500408,0.00148842,0.00041194
13500,0.000106084,0.00284119,0.00302982,0.00328922,0.00321845,0.000837057,0.00875944,0.0035957,0.00199236,0.00130863
13600,0.000897351,0.00528161,0.00333149,0.00192718,0.00810613,0.0016304,0.00200489,0.00576562,0.00209851,0.00294109
13700,0.00232763,0.00437225,0.00231923,0.00603672,0.00622259,0.00315567,0.00891777,0.000181677,8.874e-05,0.00315567
13800,0.00041568,0.0105637,0.0021677,0.00189091,0.00659735,0.000507944,0.00253775,0.00604278,0.000230166,0.00401397
13900,0.00338604,0.00430836,0.00457684,0.000552757,0.00311756,0.00714796,0.00293436,0.000454842,0.00329444,0.000638042
14000,0.00203952,0.000493445,0.000402499,0.00778261,5.2229e-05,0.00323533,0.00504073,0.000948174,0.00159831,3.87167e-05
14100,0.00389323,0.0117494,0.00100361,0.00278902,7.9997e-05,0.000281206,0.00143451,0.00594954,0.00127451,0.00242781
14200,0.00182433,0.00810086,0.0092941,0.00373489,0.0047212,0.00765254,0.000775952,0.000658684,0.00236231,0.00720421
14300,7.17879e-05,0.00571566,0.00443464,0.00340068,0.00746192,0.00518144,0.00313357,0.00149639,0.000729552,0.00803065
14400,0.00492793,0.00607738,0.00333638,0.00165641,0.00771605,0.00201009,0.000418538,0.000200398,0.00112589,0.00462137
14500,0.00134115,0.00173219,0.00757563,0.00239486,0.00138095,0.00129314,0.00169239,0.00190781,0.000239424,0.000854092
14600,0.000419749,0.0033302,0.000681374,0.00460574,0.00280695,0.00289416,0.00568482,0.00577203,0.0062627,0.00451853
14700,0.0055994,0.00568601,0.00011719,0.000723495,0.000377035,0.0101645,0.00115657,0.00334741,0.00011719,0.00678654
14800,0.00104158,0.00465482,0.00336438,0.00997022,0.00188343,0.00431071,0.00465482,0.00560115,0.00233202,0.0058408
14900,0.00148966,0.00345506,0.00294235,0.000475744,0.00131875,0.00080604,0.00354051,0.000219387,0.00183147,0.000976945
15000,0.0011907,0.00382206,0.00186508,0.00186976,0.0104429,0.00313832,0.00297323,8.72211e-05,0.00432668,0.00296855
15100,0.00113729,0.00729476,0.00113729,0.00569267,0.00139232,0.00349827,0.00122161,0.00071569,0.00164322,0.000884331
15200,0.00418393,0.00158719,0.00167968,0.00762705,0.000674489,0.00577547,0.00175472,0.00025566,0.00234108,0.00151215
15300,0.00352913,0.00113109,0.00437661,0.00138075,0.00321155,0.00269695,0.00519349,0.00279546,4.92569e-05,0.00178155
15400,0.00612905,0.00199516,0.00778261,0.000258924,0.0059637,0.000754991,0.00794797,0.00122928,0.00315265,0.00166445
15500,0.00035556,0.000848427,0.00859819,0.00276593,0.00142344,0.0094736,0.00366952,0.000219452,0.00383381,5.51627e-05
15600,0.00732836,0.00308423,0.000880547,0.00536953,0.000472458,0.000833429,0.000833429,0.000145986,0.000554076,0.00883199
15700,0.00152068,2.018e-05,0.00229093,0.000466408,0.00541339,0.00395362,0.00727865,0.00488606,0.00504826,0.00176398
15800,0.0034417,0.00268275,0.000782399,0.00295819,0.00131281,0.000184618,0.000137721,0.010372,0.00227982,0.00376404
15900,0.00503136,0.00182824,0.00391027,0.00169519,0.00385729,0.00433776,0.00687316,0.000734251,0.00567199,0.00377721
16000,0.00456541,0.00305344,0.00291487,0.00130273,0.00522262,0.00305344,0.0014029,0.0038698,0.00416752,0.00100501
16100,0.000718832,0.001826,0.00119333,0.00529149,0.0121717,0.00173275,0.00253775,0.00309133,0.00609649,0.000546499
16200,0.00467249,0.00655877,0.000121803,0.000121803,0.00742332,0.00129291,0.0096318,0.000357588,0.00624439,0.00325778
16300,0.00609358,0.00546712,0.000780352,0.00390487,0.00695282,0.000157002,0.00335808,0.00304563,0.005,0.000547566
16400,0.00268078,0.00640734,0.00345715,0.0014386,0.0014386,0.000739867,0.00197741,0.0048546,0.00384533,0.00726134
16500,0.00147153,0.0025411,0.005407,0.000843448,0.00162586,0.000689116,0.00362143,5.37817e-06,0.00239753,0.00122928
16600,0.00165748,0.00616605,0.00472552,0.00118047,0.00187078,0.003575,0.00547573,0.00141057,0.00794697,0.000873664
16700,0.000369824,0.000697562,0.0031373,0.0034195,0.00237488,0.00441064,0.00428093,0.00654542,0.00374724,0.000697562
16800,0.000506957,0.00111326,0.00464663,0.00573633,0.000250923,0.00441927,0.00381296,0.000402499,0.000203805,0.00353848
16900,0.00800325,0.00397575,0.00318151,0.0025788,0.00250346,0.00344837,0.00872215,0.000962165,1.72499e-05,0.000208769
17000,0.00630862,0.00166504,0.00114076,0.00679826,0.00986901,0.00320323,0.00140571,0.00144035,0.00226421,0.0110674
17100,0.00608262,0.000349315,0.00329915,0.00131727,0.00302982,0.00146619,0.00322469,0.00478832,0.013351,0.00151215
17200,0.00376408,0.00171381,0.00376408,0.00176539,0.00304627,0.0055407,0.00968613,0.0109446,0.00193589,0.00753939
17300,0.00527046,0.00468168,0.00262094,0.000249366,0.00753553,0.00416649,0.000781002,0.00525401,0.000413013,0.00635797
17400,0.000224789,0.000444314,0.00372664,0.00255585,0.00783496,0.00607876,0.00285908,0.00117606,0.00183463,0.00175093
17500,0.00418116,0.00193039,0.00527251,0.00404033,0.00556821,0.00192571,0.00265795,0.00462238,0.00236225,0.00600008
17600,0.000939906,0.000650533,0.00159099,0.00217085,0.00202505,0.000867563,0.00680081,0.00571455,0.00426769,0.00846359
17700,0.00341347,0.00082383,0.00126227,0.00017642,0.000608026,0.000111318,0.0055064,0.00154317,0.000183252,0.000902597
17800,0.00243828,0.00986494,0.00379735,0.00256885,0.00858988,0.00507241,0.000852119,0.00143685,0.00465572,0.00494184
17900,0.00111157,0.00594846,0.00201818,0.00550359,0.0025161,0.00922047,0.00146722,0.00175174,0.00408097,0.00132496
18000,0.00425594,0.0057885,0.00524624,0.00111996,0.000648428,0.000624811,0.00295908,0.00567065,0.000577693,0.00107284
18100,0.00156821,0.000260751,0.00388959,0.00553661,0.000513041,0.00332683,0.000120061,0.00574764,0.00230075,0.000964198
18200,0.00494978,0.000716832,0.00463449,0.00327079,0.00155633,0.000472458,0.00131196,0.00330529,0.0051242,0.00113658
18300,0.00179411,0.00272832,1.48621e-05,0.00332478,0.000193866,0.00436842,0.0047163,0.00766821,0.00850313,0.00328493
18400,0.00440609,0.00322972,0.000230166,0.00302213,0.00472802,0.0024445,0.000299364,0.00126813,0.00322972,0.000714551
18500,0.00212432,0.00241805,0.00035334,0.00262452,0.000954312,0.000490987,0.00116078,0.00838728,0.00200511,0.000885488
18600,0.00298418,0.00168356,0.00435326,0.00167067,0.00358738,0.00318954,0.00305264,0.00305264,0.000862117,0.00229965
18700,0.00435391,0.00361235,0.00286338,0.00150163,0.00279529,0.0049667,0.00476984,0.00401347,0.00361235,0.00204633
18800,0.00118421,0.000779827,0.00104876,0.00016833,0.000170298,0.00416413,0.00849857,0.00585727,0.000983004,0.00016833
18900,0.00303323,0.00269298,0.00296586,0.0037069,0.000941437,0.00889417,0.00397296,0.000335132,0.000877477,0.00161852
19000,0.0024416,0.000230181,0.00237458,0.00425966,0.00096732,0.00773559,0.00418393,0.00157043,0.00385759,0.00084202
19100,0.000473627,0.00125958,0.00100692,0.00380671,0.000659623,0.00572592,0.00205952,0.00485931,0.0005263,0.00145956
19200,0.000241699,0.00121722,0.00621001,0.000374328,0.00349111,0.000573272,0.00594475,0.00227825,0.00083853,0.00415426
19300,0.00295652,0.000251709,0.00242875,0.00249472,0.00275861,0.00348429,0.00691478,0.00100174,0.00496,0.00350864
19400,0.00074003,0.00116327,0.000113172,0.00116327,0.00267278,0.00369342,0.00133071,0.00224954,0.001032,0.0037885
19500,0.00226805,0.00478374,0.00128864,0.00226805,0.00233335,0.00879749,0.00200687,0.002921,0.00207217,0.00592453
19600,0.00917226,0.00456002,0.00313087,0.000922189,0.000182151,0.00817238,0.0100817,0.000766802,0.00365056,0.00098715
19700,0.00402937,0.00383548,0.00049483,0.00262767,0.00810115,0.00719631,0.00411419,2.22215e-05,0.00107651,0.0061824
19800,0.000699872,0.0014865,0.00161511,0.00134292,0.0053448,0.0023075,0.00160014,0.00385082,0.00327207,0.00475109
19900,0.0024584,0.00111479,0.00181859,0.00573128,0.0056575,0.00771472,0.000932635,0.00630711,0.00456981,0.000155057
20000,0.00165287,0.0050953,0.00229417,0.00133456,0.0050953,0.000957268,0.0039447,0.009106,0.00420403,0.00139823
20100,0.00307205,0.00275532,0.00212187,0.00991334,0.00148881,0.00402223,0.00212187,0.00712654,0.00471942,0.00598632
20200,0.0039737,0.000753676,0.000186391,0.00271307,0.00201972,0.000380894,0.00440951,0.00440951,0.0049768,0.00270766
20300,0.00516931,0.00284862,0.0016673,0.0024723,0.00372672,0.00241995,8.88936e-05,0.00574417,0.0012806,0.00102971
20400,0.00280097,0.000866144,0.00223925,0.00535993,0.00656109,0.00138075,0.00011718,0.00356523,0.000616489,0.0061866
20500,0.00716353,8.30805e-05,0.00072434,0.00902681,0.00443073,0.000475903,0.00262956,0.00358137,0.000848558,0.00196652
20600,0.00384458,0.0071572,0.00291746,0.000692381,0.00112503,0.00400501,0.000692381,0.000383342,0.000383342,0.00365915
20700,1.58704e-05,0.00262902,0.00367468,0.00613505,0.00595052,0.00330562,0.0024445,0.00401397,0.00588901,0.00066073
20800,0.0015743,0.000411244,0.0070568,0.00809742,0.00277185,0.00463497,0.00763443,0.00271064,0.00864834,0.00120702
20900,0.00230411,0.0018994,0.0028524,0.006042,0.00248688,0.000476497,0.00084202,0.00269137,0.000863755,0.000680993
21000,0.00462983,3.87167e-05,0.00125133,0.0024033,0.00184083,0.000628218,0.00638811,0.00214398,0.00250776,0.00190146
21100,0.00670404,0.00717487,0.00483341,0.00138193,0.00614904,0.000235413,0.00101987,0.00228708,0.000428361,0.00362655
21200,0.00735362,0.000326782,0.00525866,0.000266724,0.000206665,0.00177526,0.00302941,0.00423058,0.00218859,0.00231579
21300,0.00382455,0.00107712,0.00244969,0.00107712,0.00334863,0.00185193,0.00525919,0.0041855,0.00460393,0.00125416
21400,0.00044746,0.000742483,0.00782511,0.00127796,0.00449081,0.00133992,0.00228941,0.00151841,0.0068112,0.00044746
21500,0.0078799,0.00384575,0.000714229,0.00391213,0.000714229,0.00319432,0.000943943,0.000418127,0.00260212,0.00243162
21600,0.00015328,0.00357216,0.00485715,0.00167405,0.00137932,0.00551739,0.000506957,0.00215745,0.00274692,0.00739184
21700,0.00481954,0.00544852,0.00229653,0.00568322,0.00198671,0.00139997,0.00534761,0.00198671,0.00292551,0.00216274
21800,0.00363983,0.00961821,0.00220072,0.00471215,0.00395288,0.000331741,0.00126623,0.00103261,0.00480794,0.000777963
21900,0.000710443,0.00161511,0.0019058,0.00364997,0.00228019,0.00178952,0.00344297,0.0019058,0.000161639,0.000187194
22000,0.00366001,0.00198165,0.00371788,0.00146078,0.00120145,0.000622706,0.00345856,0.000187537,0.00102783,0.00149082
22100,0.00260982,0.00401564,0.0002477,0.0015959,0.001135,0.00226414,0.00376207,7.48625e-05,0.00770285,0.00355473
22200,0.0015004,0.000334898,0.00270482,0.00440697,0.0013857,0.000334898,0.00390923,0.00597395,0.00549668,0.000679017
22300,0.00527447,0.00264806,0.00595962,0.00608762,0.00203381,0.00163414,3.54541e-05,0.00447513,0.00540247,0.00397507
22400,0.00961075,0.00159616,0.000175135,0.00153932,0.00175746,0.00352876,0.00908996,0.00961075,0.000118294,0.000222752
22500,0.00121899,0.00648171,0.00812278,0.00240735,0.00404841,0.00133217,0.00433135,0.00382206,0.00172829,0.000478663
22600,0.00383107,0.00140854,0.00354938,0.00484499,0.000957831,0.00388724,0.00191541,5.64229e-05,0.00304217,0.001014
22700,0.0016525,0.00507828,8.62835e-05,0.00687316,0.00445699,0.00311514,0.00289078,0.00271821,0.00378392,0.00563918
22800,0.00312289,0.000609919,0.00100083,0.00245277,0.00284367,0.00390471,0.00396928,0.00317874,0.00496574,0.00396055
22900,0.000299242,0.00270316,0.00359276,0.00598356,0.000701557,0.00403756,0.00520516,0.000423557,0.00147996,0.000521642
23000,0.00233378,0.00585924,0.000285524,0.0022056,0.00205699,0.00698387,0.000600207,0.000932357,0.00438203,0.000617674
23100,0.00130618,0.00343402,0.00288284,0.000402499,0.00389675,0.00312509,0.00555031,0.00244189,0.000258924,0.0110622
23200,0.00108459,0.00528161,0.00223709,0.000480901,0.000151615,0.00566577,0.00437745,0.00489744,0.00209851,0.00179805
23300,0.000449338,0.0026898,0.00930191,0.00135396,0.00348514,0.00277474,0.00105044,0.00353978,0.00137831,0.00536743
23400,0.00243129,0.00203049,0.00123422,0.00531512,0.00161511,0.00453344,0.000234898,0.00123422,0.00398932,0.0020849
23500,0.000696589,0.00606045,4.64239e-05,0.00331276,0.000603741,0.00396293,0.00260842,0.000588228,0.00363784,0.00260842
23600,0.0031617,0.00283799,0.000776712,3.25509e-05,0.00390586,0.00321565,0.00644155,0.000841813,0.00406771,0.00547043
23700,0.000594368,0.00258213,0.000909881,0.0027433,0.00440189,0.00209179,0.00735666,0.00703432,0.00564435,0.0039721
23800,0.00302387,0.00414478,0.00227237,0.00393333,0.000292968,0.00350535,0.00564271,0.00275639,0.00409382,8.15147e-05
23900,0.00420947,0.00122615,0.00154579,0.00474049,0.00154408,0.0035152,0.000640141,0.0049553,0.00207681,0.00213009
24000,0.000719164,0.00650179,0.0012968,0.00400837,0.00135578,0.00613043,0.00177426,0.000188647,0.00394938,0.00172121
24100,0.000100605,0.00279501,0.00686304,0.000100605,0.000840246,0.00127301,0.000744699,0.00417875,0.00364032,0.000734583
24200,0.00312335,0.00196586,0.00213797,0.000913599,0.000138665,0.00396516,0.00371636,0.00113832,0.0021237,0.00629441
24300,0.00509167,0.00386817,9.56045e-05,0.00540605,0.00215745,0.000690346,0.00161511,6.15855e-05,0.00336258,0.000742742
24400,0.00535988,8.95018e-05,0.00238551,0.00131941,0.00272832,0.00612015,0.00363787,0.00160278,0.00468151,0.00248987
24500,0.00149385,0.000506437,0.00063688,0.00427471,0.00336473,6.52212e-05,0.00378048,0.00375502,0.00164975,0.00679468
24600,0.000299927,0.00376769,0.000735228,0.00376769,0.000890501,0.00270202,0.00233972,0.00242199,0.000372924,0.000765746
24700,0.000188943,0.00673556,0.00769793,0.00218227,0.00419265,0.00333338,0.001323,1.72499e-05,0.00508602,0.00336788
24800,0.00230387,4.48946e-05,0.00549986,0.00394676,0.0018547,0.00190604,0.00153376,0.00842626,0.00534584,0.000763659
24900,0.000327988,0.00248439,0.00104387,0.0034048,0.00221995,0.00631945,0.0010015,0.00114613,0.00446985,0.000694694
25000,0.0050953,0.00259975,0.00335901,0.00193766,0.00020138,0.0032109,0.00448414,0.000511634,0.00631761,0.00845665
25100,0.0037281,0.00575717,0.00413453,0.0029672,0.00175038,0.00104021,0.00124249,0.00418464,0.000938753,0.000633774
25200,0.000860635,0.000961686,0.00273007,0.00232246,0.00267614,0.00015328,9.93472e-05,0.00333297,0.00465004,0.00111326
25300,0.000122114,0.00234384,0.0048024,0.00324971,0.00521241,0.00691608,0.00516208,0.0008844,0.00269612,0.00561501
25400,0.0050572,0.000345211,0.00371512,0.00150951,0.00511869,0.00225006,0.00194929,0.00435541,0.00240044,0.00270121
25500,0.00547509,0.00562488,0.000282268,0.00486062,0.00141538,0.000716351,0.000217042,0.00417688,0.00397716,0.00251387
25600,0.000755637,0.00398847,0.000636969,0.00483398,0.00170062,0.000904845,0.000288817,0.00204877,0.00115352,0.000885648
25700,0.00543643,0.00776492,0.00214356,0.00226571,0.0012518,0.00313441,0.00142349,0.00209402,0.007864,0.00147303
25800,0.00277707,0.00324367,0.00218487,0.000282649,0.00250342,0.000628101,0.00284887,0.00151641,0.00198747,0.00279952
25900,0.00982274,8.90988e-05,0.00348113,0.00362861,0.00502352,0.00010754,0.0001567,0.000433218,0.000549979,0.00143486
26000,0.00153534,0.000996665,0.00349417,0.00287202,0.00296997,0.00282305,0.00119255,0.00408182,0.00238232,0.00256373
26100,0.00137119,0.00272659,0.000580132,0.00160458,0.00327373,0.00282416,0.00229807,0.00381035,0.00262902,0.000346747
26200,0.000367787,0.00163131,0.00386677,0.000707966,0.00138832,0.00405453,0.00454712,0.000999547,0.00362378,0.00133311
26300,0.00145373,0.00198353,0.000966873,0.00241924,0.00155056,4.97823e-05,0.00164464,0.00159623,0.00184103,0.00343589
26400,0.00113282,0.000555186,0.00214563,0.00175979,0.00137396,0.00455706,0.00335134,0.00224208,0.00229031,0.00137396
26500,0.000627074,0.00312057,0.00293332,0.000290747,0.00364909,0.000723168,0.0011987,0.000915355,0.00403346,0.00350988
26600,0.00107263,0.00223014,0.00141641,0.000258901,0.00577223,0.000306767,0.000785429,0.00237374,0.00218227,0.000794154
26700,0.00735002,0.00258134,0.00215215,0.00261653,0.00134148,0.00137667,0.000673861,0.000530801,0.00657454,0.00315358
26800,0.00787084,0.00416515,0.00174219,0.00041194,0.00155215,0.00240731,0.00590675,0.0045765,0.000696993,0.00471903
26900,0.00379655,0.00486526,0.00117334,0.00237658,0.00284991,0.00190326,0.00237658,0.000936679,0.00138261,0.00337056
27000,0.000671968,0.0039258,0.00262902,0.00373717,0.00324206,0.000389026,0.000389026,0.000436183,0.0042559,0.00663737
27100,1.36358e-05,0.00198692,0.00255072,0.00123519,0.00308724,0.00621539,0.00377228,0.00475892,0.00217485,0.00513478
27200,0.000429248,0.00237937,7.95567e-06,0.00206761,0.000522869,0.000787819,0.00782527,0.00181765,0.00445493,0.00153678
27300,0.00039036,0.00273444,0.00194158,0.00081011,0.00169625,0.000822249,0.0010433,0.00081011,0.00320083,0.000915526
27400,0.00246703,0.000692832,0.00585085,0.000794163,0.00558043,0.00357388,0.00144472,0.00172354,0.00149119,0.00214175
27500,0.00219689,0.0013172,0.000946804,0.000993103,0.00474805,0.000951481,0.00322016,0.00219689,0.000807905,0.000951481
27600,0.00479722,0.00336713,0.00138346,0.0023061,0.00212157,0.00156898,0.00179865,0.00179964,0.00244548,0.000645353
27700,0.000116252,0.000759767,0.000759767,0.00485068,0.000897663,0.00397466,0.00218201,0.000667836,0.00264167,0.00149521
27800,0.000409042,0.000500642,0.00462264,0.000409042,0.00192676,0.00448524,0.00663784,0.00330076,0.00114816,0.00403356
27900,0.00176194,0.00418064,0.000793664,0.00550408,0.000392868,0.00107741,0.00188892,0.000565485,0.00129566,0.000119053
28000,0.00218945,0.00585924,0.00137094,0.00276709,0.00209851,0.00132547,0.004586,0.00263067,0.00168925,6.75613e-06
28100,0.00273278,0.00370138,3.11917e-05,0.00175301,0.00243268,0.00350307,0.00107335,0.00114689,0.00551382,0.00379201
28200,0.00127451,0.00527229,0.00134421,0.00118421,0.00172602,0.00104876,0.00486593,0.00346627,0.00687316,0.00140996
28300,0.00266489,0.000844388,0.00293484,0.00678317,0.000100418,0.000505336,0.00241907,0.00347473,0.000529453,0.000505336
28400,0.00388662,0.00648689,0.00420044,0.00186916,0.00177949,0.00657656,0.0029003,0.00516952,0.0015105,0.00149327
28500,0.00210653,0.00736458,0.000587582,0.00232991,0.002495,0.00539888,0.000453557,0.002495,0.00057397,0.0049968
28600,0.00131832,0.00354426,0.000239844,0.00406847,0.00211966,0.000249863,7.17879e-05,0.00590376,0.00224319,0.000516977
28700,0.00714579,0.000801773,0.00550433,0.00146078,0.00386287,0.00336842,0.00288687,0.00616979,0.00154951,0.00390078
28800,0.0052403,0.00404664,0.00289428,0.00126143,0.00108459,0.00364876,0.00210142,0.00245218,0.0065666,0.00444453
28900,0.00581518,0.00185008,0.000176532,0.0020263,0.00480249,0.00458221,0.00546273,0.000616489,0.00246748,0.00207097
29000,1.99004e-05,0.00419086,0.00129314,0.00248267,0.00788297,0.000287433,0.00441038,0.00199562,0.00199562,0.00199972
29100,0.00603426,0.000835112,0.000660096,0.000827538,0.00100255,0.00424034,0.00306656,0.00284779,0.00305899,0.007967
29200,0.00415868,0.00259995,0.00167325,0.0043331,0.000365124,0.00533599,0.00581564,0.00145523,0.00193487,0.00232731
29300,0.00500458,0.00165852,0.000745961,0.00100669,0.00335328,0.00157161,0.00270145,0.0035271,0.00168753,0.00443966
29400,3.05752e-05,0.00219595,0.00590255,0.00197941,0.00265449,0.00401486,0.00187495,0.00106995,0.00239464,0.00161511
29500,0.00359294,0.000377836,0.000291515,0.000744341,0.00357173,0.00389507,0.000226413,0.000183252,0.00102525,0.001996
29600,0.000611429,0.00327835,0.0016868,0.00323533,0.00637542,0.000463943,0.00227057,0.00175439,0.00721727,0.00429226
29700,0.00267189,0.00327207,0.000185432,0.00125718,0.00104283,0.0032013,0.00187233,0.00130005,0.00104283,0.00498687
29800,0.00187419,0.000262113,0.00145845,0.00111664,0.00268599,0.00517562,0.000848767,0.00392505,0.00101967,0.0056341
29900,0.00227416,0.00453916,0.00393491,0.00593632,0.00278516,0.00274258,0.0084994,0.000230166,0.00262291,0.00295549
30000,0.00526506,0.0011907,0.004454,0.00152555,0.00254882,0.000761605,0.00738245,0.00110114,0.000554076,0.00237905
30100,0.000443507,0.00408263,0.00183942,0.00260212,0.00086651,0.00103571,0.00230472,0.00124721,0.00733975,0.00293923
30200,0.00118152,0.00451011,0.0028237,0.00193834,0.00156096,0.000462728,0.00194041,0.00101288,0.000420568,0.00295018
30300,0.000228412,0.00464604,0.00338,0.00624284,0.000906158,0.000359884,0.00237149,0.00371616,0.00157309,0.000102349
30400,0.000372583,0.000506957,0.00518911,0.00532349,0.00226604,0.0023498,0.0015453,0.00162907,0.00175472,0.000456349
30500,0.00256134,0.00110025,0.00427291,0.00244813,0.000265335,0.00022359,0.000193866,0.00161321,0.0069149,0.00641395
30600,0.00265534,0.00279546,0.000298912,0.00119902,0.000964658,0.000658098,0.00225454,0.003862,0.000242007,0.00182315
30700,0.00287314,0.00581777,0.00432472,0.000923882,0.00167041,0.00175335,0.00196072,0.000550619,0.00529716,0.000882408
30800,0.00160133,0.00391631,0.00232587,7.17879e-05,0.000713652,0.00534361,0.0018298,0.000713652,0.000672313,0.00110526
30900,0.000156713,0.000939612,0.000255338,0.000486355,0.00312349,0.000774791,0.000857201,0.000131723,0.0015739,0.00206837
31000,0.000424813,0.0050249,0.000219452,0.000794463,0.00141055,0.00173912,0.00249132,0.000601993,0.000876608,0.00364134
31100,0.00114153,0.000537017,0.00139676,0.0115499,0.00311625,0.00486709,0.00400734,0.00495856,0.00172428,0.00270685
31200,0.00185365,0.00116621,0.000105177,0.00103747,0.00406365,0.00303711,0.000547766,0.00218643,0.00234336,0.005696
31300,0.0011812,0.00455753,0.000527297,0.00166935,0.000489668,0.00382531,0.00626603,0.00239851,0.00533042,0.00142528
31400,0.00383179,0.00298026,0.00123665,0.00257496,0.00261551,0.00322374,2.0369e-05,0.00379143,0.000344761,0.000831161
31500,0.00270646,0.00590307,0.000769689,0.00108964,0.00234608,0.00222141,4.21239e-05,0.00505424,0.00299281,0.00399991
31600,0.000184618,0.000500352,0.00146737,0.000379475,0.000265203,0.00251497,0.00248128,0.00231351,0.000500352,0.000580937
31700,0.0011599,0.00241481,0.00172222,0.0011599,0.00217382,0.00168205,0.00157134,0.00320833,0.00289679,7.54393e-05
31800,0.00358996,0.00399035,0.00682018,0.00142785,0.000426879,0.00118762,0.00475109,0.00318957,0.00162805,0.00257604
31900,0.0021872,0.00138893,0.00522062,0.00228311,0.000606741,0.0040393,0.00112562,0.00478158,0.000271355,0.00236293
32000,0.00010907,0.000408184,0.000487761,0.00233724,0.00462579,0.00188037,0.000347802,0.00174041,0.000984422,0.00339234
32100,0.00224975,0.00232907,0.00143908,0.003224,0.00903242,0.00165477,0.00244807,0.00342232,0.0032017,0.00282735
32200,0.00119333,0.00117916,0.0021677,0.00281454,0.000506957,0.00261683,0.00158875,0.00639866,0.00384262,0.000679291
32300,0.00266629,0.00297066,0.0026553,0.00172023,0.00241879,0.00203558,0.00337583,0.000143459,9.3056e-05,0.000813585
32400,0.00302982,0.00278621,0.000514778,0.00015328,0.00105712,0.00361146,0.00514406,0.00310059,0.000389065,0.00113572
32500,0.00256373,0.00115337,0.000644075,0.00178487,0.00142761,0.00503653,0.00330808,0.00119722,0.00194158,0.00452724
32600,0.000313228,0.00113341,0.00152398,0.000819409,0.000157002,0.00414076,0.000977187,0.00292846,0.00167865,0.000311675
32700,0.00266641,0.00157772,0.00710678,0.00360245,0.00219916,0.00130361,0.00173192,0.00149985,0.000954733,0.00149985
32800,0.00120105,0.00411242,0.000774046,0.000191772,0.000502318,0.0023656,0.00116223,0.00143396,0.00170568,2.31976e-06
32900,0.00229881,0.00183441,0.00234522,0.00335143,0.00167961,0.00153252,0.00079721,9.28971e-05,0.00144741,0.00195822
33000,0.00351643,0.00284977,0.000352625,0.00574349,0.00319701,0.00112429,0.00459676,0.00243611,0.00320777,0.00157653
33100,0.00171865,0.000680056,0.00221871,0.00229565,0.00168018,0.00428212,0.00210332,0.000795456,0.00112787,0.00129552
33200,0.000375106,0.000988716,0.00490048,0.000835313,0.00386501,0.00261624,0.00217758,0.00601264,0.000298405,0.0032682
33300,0.00446432,0.00186431,0.00230335,0.00320255,0.000123927,0.00293491,0.00218864,0.000926871,0.00220843,0.00402394
33400,0.00498246,0.00104065,0.000255462,0.000331703,0.00443341,0.00187931,0.000560429,0.000240111,0.00195555,0.00107877
33500,0.00166618,0.00261635,0.00156443,6.13915e-06,0.0018182,0.0040349,0.00152643,0.00212226,0.00521312,0.00205853
33600,9.0123e-05,0.00243955,0.000241699,0.00309298,0.00444794,9.93472e-05,0.000554076,0.00593503,0.00187114,0.000895122
33700,0.00015422,0.000714756,0.0059348,0.00203711,0.0030634,0.00181042,0.00143261,0.00442354,0.00547524,0.00226999
33800,0.00246579,0.00261647,0.000999835,0.000393948,0.00126035,0.000321778,0.005065,0.00318468,0.00126035,0.000698477
33900,0.000901324,0.0013522,0.000976441,0.00375595,0.00172761,0.00251635,0.00210337,0.000112761,0.00206564,0.00615971
34000,0.002414,0.00316297,0.000728834,0.00282593,0.00747233,0.00369006,0.00252916,0.000731647,0.00203952,0.000653937
34100,0.00149643,0.000525627,0.00145331,0.00474487,0.0021254,0.00298996,0.00432837,0.000781218,0.000519849,0.00355004
34200,0.00526357,0.0010654,0.00243415,0.000274856,0.00455622,0.00315023,0.000171894,0.000246353,0.00166106,0.000758836
34300,0.00405198,0.00498,0.00196157,0.00188733,0.001479,0.00222141,0.000970966,0.000154311,0.000328258,0.00181309
34400,0.00537807,0.0040086,0.00389756,0.000825503,0.000344336,0.00434172,0.00178783,0.00115862,0.0032459,0.00337938
34500,0.00194726,0.00309133,0.00549019,0.0002127,0.000323416,0.0017802,8.25442e-05,0.000931371,0.000414694,0.00191035
34600,0.00275169,0.00195856,0.00326687,0.00518041,0.00598998,0.0021629,0.0024573,0.00334047,0.000212567,0.00206896
34700,0.00114908,0.00287364,0.00321736,0.0040845,0.00222665,0.00244681,0.0025801,0.00569899,0.00281374,0.00401112
34800,0.00062725,0.00222656,0.000297964,0.00157852,0.00223709,0.00589583,0.00229974,0.00467791,0.00237291,0.00670075
34900,0.00166375,0.00578628,0.000350382,0.00188265,0.00234932,0.000131487,0.00206506,0.0019845,0.0034438,0.00312305
35000,0.00101625,0.000325066,0.000875417,0.000256986,0.00123452,0.000657147,0.00236225,0.0026169,0.00214866,0.00258052
35100,0.00125059,0.00545844,0.000416271,0.00110726,0.000198623,0.000599419,0.00429766,0.000198623,0.000561369,0.000851566
35200,0.00159099,0.00264108,0.00079633,0.00155593,0.00238788,0.000831391,0.00144742,0.00455706,0.00242405,0.000686705
35300,0.00145881,0.00175134,0.000452854,0.000881703,0.000849614,0.000484943,0.00416797,1.60447e-05,0.00146279,9.21626e-05
35400,0.00139931,0.00471512,0.00111157,0.00392384,0.00428352,0.00373717,0.00222655,0.000974531,0.00047099,0.00194565
35500,0.0062993,0.000202097,0.00134014,0.00180639,1.30982e-05,0.0016726,0.000560756,0.00124221,0.00701662,0.00246165
35600,0.00132956,0.000780588,0.000494467,0.00217543,0.00360604,0.00132956,0.00211639,0.000709058,0.000923649,0.000757313
35700,0.00302134,0.000473829,0.00312833,0.00391296,0.0031487,0.00247107,0.00202272,0.00105976,0.0045906,0.00066745
35800,0.00217853,0.00591289,0.000986787,0.0042588,0.00294288,0.00468558,0.00230271,0.00260531,0.00324549,0.00269392
35900,0.000823028,0.00307826,0.00160329,0.00217075,0.00124862,0.00243987,0.000752096,0.00165961,0.00194334,0.00209981
36000,0.000436222,0.00203952,0.00189805,0.0007899,0.00262902,0.0022871,2.35591e-05,0.00269976,0.00414984,0.00163873
36100,0.0024028,0.00235862,0.000568771,0.000568771,0.00437791,0.000286613,0.0009831,0.00260551,0.000559862,0.00197065
36200,0.002342,0.000366268,0.00346144,0.00110489,0.00054213,2.06281e-05,0.00019649,0.00212489,0.000893853,0.00322131
36300,0.00098375,0.000948675,0.00108898,0.000699872,0.00129943,7.17879e-05,0.00445295,0.00259395,0.000106863,0.000352392
36400,0.00299047,0.0011016,0.000577395,0.00383045,0.000926707,0.00152135,0.000192145,0.0010671,0.00141641,0.000926707
36500,0.00163836,0.00429179,0.00463833,0.0019895,0.00453368,0.00558247,0.000629049,0.00359183,0.000140683,0.00202208
36600,0.00231593,0.00415969,0.00265875,0.00297184,0.00112808,0.00321535,0.00255945,0.000641045,0.000501894,0.00262902
36700,0.0035348,0.00264059,0.00624087,0.00232054,0.00499191,0.00246712,0.00194672,0.002494,0.00141851,0.000940622
36800,0.00199471,0.00163817,0.00271074,0.00271074,0.00161412,0.00161412,0.00379385,0.00185631,0.000911598,0.00205336
36900,0.000213664,0.00273254,0.00442329,0.00334037,0.00113204,0.00287056,2.78722e-05,0.000869261,0.000648965,0.00606627
37000,0.0013857,0.00207393,0.00212432,0.000575781,0.00121364,0.00035334,0.00627218,0.00403541,0.00157373,0.00100717
37100,0.00331963,0.00477969,0.00421192,0.00355986,0.000489798,0.000112287,0.00331963,0.00204982,0.000402499,0.00405899
37200,7.48994e-05,0.0013284,0.00305264,0.00154665,0.00129418,0.00266325,0.0014782,0.00351892,0.000143353,0.00355315
37300,0.00048989,0.000773109,0.000285079,0.00101205,0.00421062,0.00097792,0.00335724,0.00285535,0.00308416,0.00308416
37400,0.00237937,0.000105832,0.000268651,0.00126332,0.00296551,0.00293147,0.000813352,0.00166445,0.00160376,0.00408896
37500,0.00120767,0.00103791,0.00232345,0.00300718,0.00150857,0.00164438,0.00562157,0.000834188,0.000834188,1.9315e-05
37600,0.00122004,0.00626559,0.000881416,0.00203078,0.00193116,0.00179571,0.000100604,0.00165829,0.0032837,0.00189533
37700,0.00356268,0.00146949,0.00163762,0.0020774,0.00231308,8.47957e-05,0.0011993,0.00167212,0.0008278,0.00258399
37800,0.00356876,0.00148378,0.0024572,0.00192167,0.00161511,0.0035048,0.00144669,0.0035048,0.00481505,0.00309719
37900,8.09501e-05,0.000994081,1.98341e-05,0.0072427,0.000349708,0.00250584,0.00247225,0.00448793,0.00139722,0.0015316
38000,0.00151215,0.000732776,0.000138388,0.000506957,0.00317874,0.0019055,0.000976046,0.000766282,0.000104882,0.000138388
38100,0.00139254,0.000757595,0.0018604,0.00204955,0.000323156,0.000389993,0.000122646,0.00176015,0.00118067,0.00105836
38200,0.000659623,0.00342609,0.00167354,0.00267346,0.00232617,4.03251e-05,0.000340303,0.0013929,0.000173649,0.0021735
38300,0.00338255,0.000241029,0.00145441,0.00492841,0.00270107,0.00137132,0.000423848,0.000274273,0.00155414,0.00103888
38400,0.00244404,0.00098512,0.00375637,0.000222503,0.000308014,9.59819e-06,0.00601107,0.00164827,0.00123642,0.000971159
38500,0.00316919,0.00136156,0.00247469,0.00118492,0.000291995,0.0060246,0.00245291,0.00495503,0.00072192,0.00392982
38600,0.00288191,0.00162846,0.000152752,0.00246174,0.00325339,0.00866301,0.00114232,0.00215623,0.00434191,1.21752e-05
38700,2.99038e-05,0.000891303,0.00345153,0.000134597,0.00157622,0.00480643,0.00144461,0.00299692,0.00509654,0.00138481
38800,0.00139634,0.000145987,0.0029353,0.00323064,1.80899e-05,0.00100255,0.000871292,0.00188857,0.000575953,0.00254488
38900,0.00301164,0.00376445,0.00104702,0.00117794,0.00674223,0.00235626,0.00104777,0.00153799,3.23565e-05,0.00261811
39000,0.00275776,0.00213932,0.00259452,0.00223726,0.00684051,0.00282491,0.00334541,0.00021128,0.00484903,0.000735488
39100,0.0019886,0.0023098,0.000230166,0.00432875,0.0023468,0.00325415,0.000681617,0.00035598,0.0012722,0.000686058
39200,0.00498226,0.00231885,0.00122153,0.00102665,0.00011719,0.000564902,0.00200107,0.00291052,0.00203355,0.0017737
39300,0.000296371,0.00129113,0.00109674,0.000578374,0.00198106,0.0014303,0.000902354,0.000707966,0.00145312,0.00129113
39400,0.00212274,0.00201367,0.00112096,0.00331843,0.00152893,0.00139967,0.00107651,0.00041001,0.00348,0.00302758
39500,0.0034417,0.00065201,0.000555308,0.00502116,0.000748712,0.00450542,0.00224904,0.00355306,0.000605113,7.17996e-05
39600,0.00264399,0.00328704,0.000732025,0.00415516,0.0021617,0.000746991,0.00201813,0.00270829,8.89747e-05,7.17879e-05
39700,0.000170206,0.00598753,7.39918e-05,0.00138892,0.00306902,0.00700144,0.000202278,0.00380666,0.000214652,0.0055706
39800,0.00118856,0.00109259,0.00198834,0.00156266,0.00626533,0.00239442,0.00374784,0.0060094,0.00111479,0.00025103
39900,0.00221418,0.00160788,0.000913072,0.00400119,0.000211035,1.23405e-05,0.00084925,0.0019589,0.00192699,0.00442326
40000,0.00187569,0.00617755,0.00286245,0.00225766,0.00646403,0.00175304,0.00228949,0.0048678,0.0031171,0.000825267
40100,0.000143951,0.00195166,0.00185854,0.00293809,0.000112199,0.00379539,0.00309685,0.00150713,0.00103086,8.04474e-05
40200,0.00123504,0.000285249,0.00190055,0.00380052,0.00117169,0.00209059,0.00386426,0.00041194,0.00329415,0.00228023
40300,0.00105695,0.00225752,0.000804195,0.00213405,0.00137289,0.00137579,0.00143608,0.0039981,0.00323694,0.00434563
40400,0.00548105,0.000312454,0.00207734,0.00239791,0.00539191,0.00233488,0.0033749,0.00201972,0.000879739,0.00270766
40500,0.000679866,0.00300628,0.000671968,0.00296694,0.00127719,0.00224387,0.0030927,0.00214955,0.000396924,0.00756479
40600,0.00165692,0.00119689,0.00244094,0.00104009,0.00410305,0.00238859,0.00206461,0.0018241,0.00181373,6.79093e-05
40700,0.0012734,0.00298116,0.00324427,0.00286886,0.00218063,0.000835434,0.00121084,0.000259489,0.0021365,0.00227448
40800,0.000694198,0.00108459,0.0025354,0.0025042,0.00133425,0.00284747,0.00330028,0.00038213,0.00194247,0.00170873
40900,0.00203018,0.000211217,0.00148757,0.00126966,0.00183001,0.000491392,0.000909483,0.00125192,0.00287071,0.00214131
41000,0.000786449,0.00141843,0.00505182,0.00252551,0.000941722,0.00557975,0.000735228,0.00373664,0.00200847,0.00197741
41100,0.00139826,0.00126594,0.00090259,0.000375946,0.0011814,0.00217273,0.00166867,0.0025135,0.00167707,0.00226567
41200,0.00504983,0.00193445,0.00260842,0.000451063,0.00344283,0.00409772,0.00251571,0.00242891,0.00103232,0.00572971
41300,0.00277634,1.72185e-06,0.00160139,0.00151235,0.00243722,0.00465691,0.00129654,0.00166649,0.00388274,0.00175898
41400,0.00441279,0.000630962,0.00327586,0.00432151,0.00438203,0.00226095,0.00173813,0.00755074,0.00213794,0.00127681
41500,0.00392637,0.000737061,0.00401987,0.00496951,9.2771e-05,0.00484678,0.000244714,0.00233099,0.00279119,0.00481756
41600,0.00194547,0.00295549,0.00427158,0.00169673,0.00127213,0.00274125,0.00258432,0.000227604,0.000288817,0.00108849
41700,0.000760175,0.00299542,0.00311124,0.000638042,0.00445471,0.000699109,0.00177409,0.00528542,0.00534649,0.000613824
41800,0.000415577,0.00138158,0.00281321,0.000833295,0.00110744,4.13276e-05,0.00458863,0.00327012,0.00266964,0.00516738
41900,0.0001575,0.00318513,0.000765252,0.000370213,0.00365207,0.000359089,0.00272932,0.00116029,0.00117955,0.000328701
42000,0.00132547,0.00294898,0.00373717,0.000628218,0.00388875,0.00137259,0.00605464,0.00123452,0.000493445,0.000402499
42100,0.00428659,0.00124792,0.000522079,0.000869109,0.00353051,0.00171592,0.000838866,0.00106646,0.000824511,0.002472
42200,0.00225691,0.00474289,0.00101987,0.00278174,0.00543684,0.00465238,0.0032224,0.00207588,0.000325928,0.00192502
42300,0.00432413,0.00163572,0.00266862,0.00444453,1.97966e-05,0.0011335,0.00148521,0.000832503,0.00356213,0.00495623
42400,0.00114465,0.00338976,0.00138488,0.00279626,0.00102453,0.00429064,0.000333861,0.00282629,0.00477819,0.0027362
42500,0.00145065,0.000971315,0.000551895,0.000316903,0.00261904,0.00112111,0.000731647,0.00151057,0.00112111,0.00294858
42600,0.00597879,0.000359802,0.00152544,0.00514192,0.00029774,0.00029774,0.00197148,0.00433494,0.0049327,0.00029774
42700,0.00126732,0.00213205,0.0025196,0.00147596,0.00499451,0.00135678,0.00627679,0.00126723,0.000790231,0.000611227
42800,0.00250011,0.00154816,0.00124821,0.00321408,0.0006557,2.85172e-05,0.00538573,0.00410654,0.000474746,0.00226212
42900,0.00340068,0.00125896,0.0013825,0.000606014,0.00271806,0.00218383,0.00146671,0.000160826,0.000427939,0.001798
43000,0.00157293,0.000559011,0.00266134,0.00086228,0.00417862,0.00257251,0.000477347,0.000884723,0.000566178,0.00500054
43100,0.000462645,0.00325959,0.00204838,4.90638e-05,0.00337775,0.0019988,0.00465754,0.00352546,0.00122122,0.00448029
43200,0.000613022,0.00147957,0.00106695,0.00239324,0.00264667,0.000241699,0.00285298,0.00422057,0.001733,0.00188037
43300,0.00124264,0.0044478,0.00160965,0.00277171,0.00136026,0.00284466,0.00682961,0.000198204,0.000478112,0.000389897
43400,0.00148798,0.00251479,0.00200316,6.68976e-05,0.000829668,0.000783885,0.000624307,0.000389608,0.00165111,0.00876363
43500,0.000580132,0.000210155,0.00342984,0.000619933,0.000433783,0.00184927,0.000415044,0.00236559,0.00138095,0.00230705
43600,0.000544341,0.00164586,4.78947e-05,0.000369125,0.00214231,0.000156524,0.0019963,0.00252195,0.00293897,0.000302538
43700,0.00457142,5.53507e-05,0.00029428,0.002124,0.00320203,9.03289e-05,0.00264845,0.00145387,0.000434118,0.00125577
43800,0.0019895,0.0023674,0.00344297,0.00111741,0.00300693,0.00155697,0.00678946,0.000739513,0.00085579,0.00187322
43900,0.00156557,0.000666475,0.0027849,0.00530698,0.000609665,0.00162358,0.00446589,0.000115414,0.00205863,0.00597525
44000,0.00308237,0.00218421,0.000592659,0.000217585,0.00175126,0.00409518,0.0014029,0.00102783,0.00108459,0.00247469
44100,0.0029432,8.49113e-05,0.00109542,0.00384163,0.00317758,0.00450568,0.00121091,0.000893317,0.00144529,0.000604601
44200,0.00174563,0.000414845,0.00108308,0.000939052,0.000996665,0.00255221,0.00277696,0.00127903,0.000414845,0.000213201
44300,0.00284937,0.0042577,0.000743289,0.00258273,0.000197204,0.00333001,0.00114567,0.000369652,0.00460259,0.00121112
44400,0.00108049,0.00104158,0.00118496,0.00176873,0.00291579,0.00153931,0.000840841,0.000668782,0.00339306,0.000496722
44500,0.00153881,0.00346831,3.48573e-05,0.00166575,0.00185354,0.000909343,0.00180881,0.00117934,0.00318219,0.00126518
44600,0.00177688,3.54541e-05,0.00229074,0.00147759,0.00454603,0.00354685,0.00251913,0.000606414,0.00116356,0.00256241
44700,0.00155814,0.00237267,0.00208783,0.000618165,0.00163208,0.00180298,0.000264842,0.000361808,0.000863009,0.000321811
44800,0.00107537,0.000203556,0.00205089,0.00318771,0.00255324,0.00293193,0.00064906,0.000771966,0.0016722,0.00565107
44900,0.000216152,0.00132208,0.000840011,0.00182557,0.000840011,0.00265487,0.00282502,0.00183251,0.00157035,0.000350993
45000,0.00296855,0.00625536,0.00515189,2.59558e-05,0.00359103,0.00161043,0.00048334,0.000846488,0.0017519,0.0006814
45100,0.000579954,0.000721112,0.000410566,0.00436055,0.0010857,0.000918732,0.00213269,0.00458882,0.00701673,0.00193507
45200,0.00354921,0.00112685,0.000760648,0.000845155,0.00225361,0.00115501,0.00191541,0.00349304,5.64229e-05,0.00177456
45300,0.00344205,0.00161511,0.000771904,0.000294087,0.0040323,0.00110919,0.00169943,0.000771904,0.000155622,0.000802079
45400,0.00249815,0.00373212,0.000731317,0.00240971,0.00263837,0.00263407,0.000310643,0.00283039,0.0022134,0.00331145
45500,0.00340323,0.000353049,0.00454403,0.00158431,0.00382298,0.0015778,0.00115805,0.00340323,0.00287155,0.0014099
45600,0.00427642,0.00137254,0.00215435,0.0028524,0.00130797,0.00114916,0.00384886,0.00354172,0.00239692,0.00105667
45700,0.000910939,0.003502,0.000771635,0.000102975,0.00363037,0.000287076,0.00467215,0.000314937,0.00170798,0.000621406
45800,0.00178576,0.00353716,8.99575e-05,0.00193944,0.000423557,0.000590357,0.00214716,0.00331476,0.00149464,0.000327042
45900,0.00286338,0.00298964,0.00140849,0.00237937,0.00730169,0.0021699,0.00011718,0.003862,0.00143623,0.00265676
46000,0.000932357,0.00166948,0.00316415,0.000600207,0.00334044,0.00360702,0.000839107,0.000987715,0.00314669,0.00011945
46100,0.00583162,0.00132971,0.00268305,0.00124685,0.000576005,0.0020122,0.00177162,0.00132172,0.00397315,0.00311696
46200,0.00373717,0.0027726,0.00076077,0.00130618,0.00130618,0.00436526,0.00375895,9.35679e-05,0.00147731,0.000203805
46300,0.0012357,0.00646424,0.00283069,0.00252819,0.00167927,0.0010157,0.00272069,0.0019232,0.0011807,0.0011257
46400,0.00152364,0.00171434,0.0039384,0.00440351,0.00171572,0.00220827,0.000177671,0.00174178,0.000782746,0.000205112
46500,0.00314927,0.000875808,0.00194369,0.00358658,0.00427191,0.000602793,0.000164689,0.000602793,0.0025195,0.00314847
46600,0.00214632,0.00159689,0.00206435,0.00233461,0.00189744,0.000889476,0.00348216,0.000780185,0.00228294,0.00334852
46700,0.000324602,0.00152937,0.000488187,0.00168781,0.00324187,0.00206951,0.0014697,0.00469202,0.000270073,0.000215545
46800,0.00143196,0.00290108,0.0047783,0.00322755,0.0010982,0.00328197,0.00360844,0.0020232,0.00185996,0.000581282
46900,0.00282811,0.00414892,0.000249052,0.000864015,0.000375351,0.00144356,0.0016336,0.00556061,0.00439325,0.00499051
47000,0.0020937,0.00041411,0.00161766,0.00331276,0.000847553,0.00352948,0.00046829,0.00141645,0.00532901,0.00285223
47100,0.00473757,0.00145291,0.000601572,0.00327781,0.00237202,0.00153401,0.00103409,0.00230463,0.00327781,0.00225057
47200,0.0013004,0.000679961,0.000221379,0.00148922,0.000868789,0.000938564,0.00138132,0.000302305,0.000992515,0.00175898
47300,0.00335583,0.000314053,0.000717829,0.00194709,0.00176765,0.000879339,0.00410056,0.00305973,0.00209067,0.00159715
47400,0.00112477,0.000164582,0.000272029,0.0011785,0.00426758,0.00639647,0.00125908,0.00046006,0.00046006,0.00230668
47500,0.00084202,0.00191422,0.00207505,0.00102966,0.0014096,0.000976046,0.000493555,0.00135599,0.00181168,0.00572522
47600,0.000509494,0.000215258,0.00109797,0.00214117,0.000562992,0.00326461,0.0013387,0.00305062,0.00224562,0.00157691
47700,0.0016414,0.00278959,0.000360554,0.00132108,0.00142826,0.000440226,0.000707558,0.00196211,0.00228202,0.0034565
47800,0.00093143,0.000213952,0.00282436,0.0027161,0.00316892,0.00484876,0.00479377,0.00122444,0.00114452,0.00189036
47900,0.000861974,0.00155309,0.000440504,0.00349734,0.00131385,0.00078606,0.000489838,0.00200497,0.000410094,0.00232394
48000,0.000135596,0.000554076,0.00137638,0.00153553,0.00020924,0.000851793,0.000851793,0.00195994,0.0028353,0.00161511
48100,0.00302688,0.00037981,0.000890782,0.00115549,0.00295549,0.00302688,0.00196805,0.000573134,0.00269079,0.000996665
48200,0.000189968,0.00465423,0.00295351,0.00135226,0.000850362,0.00242519,0.000496841,0.00230323,0.00297992,0.00173838
48300,0.00587143,7.19998e-05,0.00228633,0.000309249,0.000678304,0.000507944,0.00219505,0.00232686,0.000256527,0.000968276
48400,0.000124401,0.00204478,0.00107144,0.00288659,0.000270198,0.000229627,0.000691104,0.00112405,0.00597873,0.00174337
48500,0.00381156,0.00126508,0.00204272,0.00165886,0.0020789,0.000336317,0.00209523,0.00297148,0.00151767,0.000572588
48600,0.000899933,0.00033139,0.00449693,0.000768941,0.000873734,0.000873734,0.00258445,0.00308222,0.000750563,0.00124051
48700,0.000310873,0.00172268,0.00279461,0.000813342,0.000212018,0.00261732,0.00327093,0.000212018,5.51504e-05,0.0018534
48800,0.00301169,0.00121141,0.00215069,0.00243769,0.00491997,0.00256814,0.00223259,0.00150205,0.0036676,0.00170714
48900,0.000754315,0.000781905,0.00171926,0.000598089,0.00484377,0.00190152,0.00559886,0.000157002,0.00221397,0.00015545
49000,0.00100066,0.00180566,0.000818251,0.00063636,0.000428484,0.000247113,0.00468994,0.000454988,0.000429004,3.87167e-05
49100,0.0042022,0.0011397,0.00158312,0.00259186,0.000753307,0.00427742,0.00303528,0.000621065,0.00321681,0.0015546
49200,0.00112805,0.0012528,0.00182214,0.000713988,0.00374181,0.00174914,0.00356066,0.00109753,0.0025985,0.000812864
49300,0.00154624,0.00284424,0.000461531,0.000125788,0.0008231,0.00258598,0.00400643,0.000125788,0.00271511,0.0038773
49400,0.000446684,0.00150342,0.000764698,0.000755973,0.00263748,0.00107399,0.00202763,0.000945117,0.00256016,0.000755973
49500,0.000468374,0.00172875,0.000509062,0.00054554,0.00183164,0.00262902,0.00170303,0.00673379,0.0028348,0.00322063
49600,0.000519849,0.00164934,0.00077655,1.92245e-05,0.000250256,0.00235521,0.00299696,0.000571189,0.00263758,0.000814999
49700,0.00164698,0.00510548,0.00367084,0.00103214,0.0013908,3.30151e-05,0.00288749,0.000596622,0.00100652,0.00548976
49800,0.00373717,0.000685927,0.00380511,0.00135067,0.00245005,0.00022572,0.00245882,0.000839329,0.00209212,0.00184521
49900,0.0011321,0.00123416,0.000494199,0.000679528,0.00166793,0.00531669,0.000545231,0.00177671,0.0015981,0.00383677
50000,0.00142369,0.00208577,0.00241682,0.000659746,0.00369006,0.000511634,0.000104198,0.000588029,0.00409749,2.33843e-06
50100,0.00390237,0.00105336,0.000827276,0.00441064,0.00034441,0.00235211,0.00179036,0.00268249,0.00219699,0.00293399
50200,0.00205412,0.00266284,0.000127126,0.00213021,0.00489543,0.000177853,0.00109031,0.00106495,0.000177234,0.00136993
50300,0.000771345,1.19573e-05,0.00234075,0.000923222,0.00183449,0.00130431,0.00307622,0.000646178,0.00261919,1.33556e-05
50400,0.000351974,0.00164378,0.00181721,0.00139115,0.00265429,0.00297929,0.0010088,0.00113512,0.000481695,0.00419531
50500,0.00401872,0.00235468,0.000973392,0.00432668,0.00384223,0.00175498,0.00101841,0.000166586,0.00213317,0.00111926
50600,0.000330818,0.00420589,0.000373742,0.00307357,7.91892e-05,0.00350133,5.40263e-05,0.00118635,0.00399719,0.00241933
50700,0.000334335,0.0010375,0.00197608,0.000594854,0.000619967,0.00068592,0.00167472,0.00599419,0.00569283,0.00197608
50800,0.000696104,0.000119637,0.000320147,0.00240044,0.00164853,0.000105937,0.000156065,0.00201078,8.08733e-05,0.000105937
50900,0.00329608,0.00115651,0.001445,0.00101976,6.92031e-05,0.00242057,0.00131993,0.00618443,0.00129492,0.00192028
51000,0.00165537,0.00141538,0.000491662,0.000681716,0.00089111,0.000631785,0.00261373,0.00143068,0.00373717,0.00198959
51100,0.000651666,9.58331e-05,0.00333499,0.00286158,0.00147391,0.00144133,0.00017825,0.00105033,0.00410741,0.00126691
51200,0.00135814,0.00112866,0.00254613,0.00501373,0.00197984,0.0033419,6.50057e-05,0.000457221,0.00117839,0.00436716
51300,0.000150759,0.001218,0.00126395,0.00138805,0.00178516,0.00458976,0.000444909,0.000320811,0.000423773,0.000374134
51400,0.00603264,0.00395186,0.00333087,0.0023648,0.00110147,0.000680356,1.32378e-05,0.00395186,0.00144826,0.00256467
51500,0.0030658,0.000222374,0.00323859,0.00343664,0.000469605,0.00274413,0.00207687,0.00306553,0.00440085,0.00158214
51600,0.00100046,0.00287354,0.00156576,0.00218487,0.00284887,0.00181474,0.00218264,0.00178783,0.00122254,0.00334237
51700,0.00265767,0.000593153,0.000121043,0.00362233,2.6722e-05,0.00236633,0.00549402,0.0011554,0.00384398,0.000864056
51800,0.00549054,0.00217839,0.00165608,0.00323533,0.00291579,8.29606e-05,0.00123822,0.00143486,0.000187419,0.00315545
51900,4.04003e-06,0.000175768,0.00196664,0.00360225,0.00159866,0.00579372,0.00112446,0.000584741,0.00267809,0.00095273
52000,0.000874238,8.06916e-05,0.00328828,0.000986651,0.00394938,0.00182917,0.0022354,0.000325545,0.00165777,0.00404732
52100,0.00197354,0.00176553,0.000849373,0.00538241,0.000641368,0.0013137,0.00453957,0.00183885,0.00164334,5.48474e-05
52200,0.00124924,0.000189867,0.00192167,0.00141998,0.0029949,0.0018241,0.0027022,0.00258024,0.00372664,0.00198098
52300,0.000162528,0.00110341,0.00476372,0.000153956,0.000153956,0.00129817,0.00141989,0.000153956,0.00129817,0.00259702
52400,0.00063507,0.00457142,0.000124803,0.000871434,0.00350229,0.000409764,0.0018257,0.000336868,0.000100504,0.00449191
52500,0.00132408,0.00285197,0.0023865,0.000645021,0.00306556,0.000911795,0.000979875,0.000203805,0.0040599,0.000426752
52600,0.0030486,0.000630728,9.81945e-05,0.000485492,0.000170813,0.000316049,0.00120893,0.00353272,0.00193786,0.000485492
52700,0.000447368,0.000156635,0.00233105,0.00095392,0.00187201,0.00552019,0.00167954,0.00078561,0.00346657,0.00279009
52800,0.00332723,0.0026038,0.00301374,0.00571455,0.00183325,0.00144631,0.00173568,0.000457618,0.000844559,0.000603415
52900,0.00138244,0.00316353,0.000446785,0.000901067,0.00345539,0.000302373,0.00152686,0.00138547,0.00448732,0.000828861
53000,0.00165515,0.000598118,0.000987425,0.00105456,0.00149192,0.0041776,0.000790306,0.000357885,0.00161203,0.00422565
53100,0.00413965,0.00231731,0.000967699,0.000200398,0.00258107,8.57275e-06,0.000488136,8.73398e-05,0.000590881,0.00123829
53200,0.000546098,4.35033e-05,0.000234968,0.002278,0.000115303,0.00095296,0.00141641,0.00128802,0.00136855,4.36283e-06
53300,0.0025149,0.00188053,0.000925,0.000877224,0.000710007,0.000579954,0.000699395,0.00398269,0.0021433,0.000102191
53400,0.000732901,0.000864609,0.00213966,0.00126995,0.0019966,0.000899805,0.00233041,0.00446497,0.00340337,0.00100767
53500,0.00109003,0.00139942,0.000852041,0.0003855,0.00339852,0.000590253,0.000138075,0.00114706,0.00286058,4.71832e-06
53600,5.56225e-05,0.000799538,7.93769e-05,0.00083952,0.00184474,0.000269413,0.00239109,0.00197973,0.0026999,0.00083952
53700,0.00216044,0.000352841,0.00028171,0.00142543,0.00108786,0.00133059,0.00132496,0.00178108,0.000239915,0.00410468
53800,0.00211999,0.00107495,0.000676351,0.00244758,0.0015956,0.000984011,0.000956614,0.00105128,0.000889346,0.00112601
53900,0.00467813,0.00141826,0.00188886,0.00262299,0.00326079,2.27012e-05,0.00342431,0.0019361,0.00011719,0.000969434
54000,0.00392584,0.000176819,0.00182735,0.00251113,0.00102568,0.0037136,0.000978489,0.000436222,0.0023225,0.00187447
54100,0.00124639,0.00183477,0.00186022,0.0011071,0.00364887,0.00207012,0.0038117,0.00101105,0.00129538,0.000422672
54200,0.00351009,0.000244771,0.00113745,0.00240977,0.000573652,0.00184597,0.00236279,0.0021006,0.000600923,0.0015368
54300,0.0003958,0.00189649,0.000682819,0.00417661,0.000565578,0.00229511,0.00224821,0.00257649,0.00126338,0.00128683
54400,0.00118571,0.00120162,0.00148997,0.00230166,0.000499464,0.00301131,0.002957,0.00195808,0.000288817,0.000904845
54500,0.00380337,0.00105597,0.00021493,0.00020559,0.0043734,0.000588725,0.00121016,0.00110269,0.00334546,0.00342957
54600,0.00239583,0.000740151,0.000332541,0.00110208,0.0044834,0.0042847,0.000659013,0.00313087,0.00138191,0.00156847
54700,0.00118061,0.00184537,0.00286955,0.00112379,0.00317215,0.00152976,0.000645243,0.00113406,0.00422987,0.000914301
54800,0.000143603,0.00292332,0.00309436,0.0025832,0.00300142,0.000297849,0.000948409,0.000701226,0.00199395,0.000437254
54900,0.000687429,0.00388139,0.00305301,0.00117446,0.000617854,0.00197965,0.00330159,0.00221157,0.000704089,0.00159192
55000,0.000946804,0.00148393,0.00377576,0.00192377,0.00250252,0.000877354,0.00416463,0.00194692,0.00203484,0.00323863
55100,0.00393847,0.00308348,0.000382693,0.000911344,0.00197713,0.00116553,0.00121175,0.00262415,0.00183848,0.00278308
55200,0.00186883,0.00246855,0.000599221,0.00179865,0.00193705,0.00043776,0.00454448,0.00177558,0.00297501,0.00106054
55300,0.000817784,0.00440956,0.00130044,0.00355767,0.00270577,0.00157673,0.0010702,0.00332742,0.00123137,0.00160061
55400,0.00418418,0.00255241,0.002205,0.000139235,0.0001852,0.000780072,0.00110451,0.00123973,0.000136557,0.000415027
55500,0.00310629,0.00340453,0.00250982,0.000816664,0.000816664,0.00129393,0.00437256,0.00186746,0.000330398,0.00248688
55600,0.00275116,0.00316336,0.00162906,0.00141664,0.00169144,0.000867042,0.000569342,0.00230974,4.89575e-05,0.00339236
55700,0.00208753,0.00172178,0.00160749,0.00302474,0.000381234,0.0014556,0.000213097,0.000990299,0.00438154,0.00240755
55800,0.00241374,0.000461322,0.00321236,9.62349e-05,0.000588302,0.000565485,0.00249212,0.000953389,0.00140975,0.00202583
55900,0.0040143,0.000518346,0.00312599,0.00072334,0.000131135,0.000392738,0.00295549,0.00194158,0.000962165,0.00206719
56000,0.000484221,0.00416752,0.0017802,0.000211384,0.00162104,9.77018e-05,0.000938949,0.00209851,0.00440411,5.2229e-05
56100,0.00260633,0.000956928,0.000904135,0.00136545,0.000314042,0.000563697,0.00156232,0.00340808,0.00147153,0.000934232
56200,0.00186629,0.00227409,0.00193984,5.94303e-05,0.000308641,0.000212436,0.000671129,0.00146407,0.00286313,0.000535196
56300,0.000250654,0.00122311,0.00113265,0.00300594,0.00133619,0.000250654,0.000273269,0.00137765,0.000721802,0.000680344
56400,0.00235812,0.00326113,0.000416657,0.00186147,0.00123133,0.00267614,0.0038049,0.000981036,0.00215691,0.000418625
56500,0.000157662,0.00288442,0.00173513,0.00132949,0.00678318,0.00247879,0.00200555,2.26201e-05,0.00141963,0.00234358
56600,0.000415354,0.000527831,0.00223748,0.00372218,0.00142765,0.00183419,0.00106934,0.00190005,0.00415121,0.00178757
56700,0.00181721,0.0031455,0.00132318,0.000537234,0.000537234,0.00105372,0.00516652,0.00150283,0.000514778,0.00107958
56800,0.00106218,0.00258648,0.00465395,0.000775952,8.61497e-06,0.000882846,0.00655933,0.00119667,0.00310205,8.61497e-06
56900,0.0012342,0.00185379,0.00225658,0.00192788,0.00243559,0.00295722,0.00207756,0.00286075,0.000667824,0.00246493
57000,0.00140046,0.00131111,0.00385759,0.000149557,0.00096732,0.000341869,0.00104306,0.00376824,0.00112368,0.000976046
57100,0.00325033,0.00210129,0.00155565,0.000540405,0.00185601,0.000953589,0.000228227,0.00245807,0.00269287,0.00147694
57200,0.00226545,6.17687e-05,0.000506957,0.000996665,0.00244353,0.00191932,0.00038342,0.00120702,0.000294382,0.000351141
57300,0.000659623,0.00201508,0.00269569,0.00254837,6.99421e-06,0.000829156,0.00127357,0.000392976,0.000651391,0.00159289
57400,0.000994959,0.000529139,8.55018e-05,0.00126114,0.00337487,0.000152047,0.000269408,0.000240775,0.000779591,0.00146078
57500,0.000650889,0.00182916,0.00528351,0.000234843,0.000761605,0.0045085,0.000163736,0.000296596,0.0002127,3.55534e-05
57600,0.00278667,8.69652e-05,0.00108459,0.00278376,0.00316245,0.00318164,0.00154879,0.00422057,0.00132775,0.000841439
57700,0.00234951,0.00175486,0.00056327,0.00162246,0.00118113,0.00148892,0.00199645,0.000959322,0.00471063,0.00268051
57800,0.00266574,0.00431725,0.00107908,0.000110447,0.00273121,0.000814745,0.00171791,0.0011672,0.00266574,0.00299616
57900,0.00405603,0.000210088,0.000495962,0.00381414,0.00128761,0.00249708,0.000539943,0.00108734,0.00174941,0.00187899
58000,0.00329081,0.00182,0.00191191,0.00474377,0.00247857,0.00247857,0.000327234,0.00351033,0.000638672,0.00336077
58100,0.000715146,0.0015479,0.000517915,0.00281311,2.99509e-05,0.0014544,0.0012411,0.000709304,0.00137258,0.000555902
58200,0.00300093,1.80899e-05,0.00120702,0.00163699,6.9418e-05,0.00190708,0.00041945,0.00327776,0.00127265,0.000105598
58300,0.00322597,0.0010764,0.00194998,0.00260516,0.00116376,0.00149135,0.000430519,0.000224664,0.00038684,0.00040868
58400,0.00372264,0.000550561,0.00115,0.000724978,0.00372264,0.00176046,0.00140084,9.27185e-05,0.00317759,0.000179927
58500,0.00221549,8.25442e-05,0.000822547,2.62797e-05,0.0017457,0.00139746,0.000256662,9.1574e-05,0.00149725,0.000635693
58600,0.00396894,0.00102842,0.00202789,0.00133989,0.00270873,0.000702506,0.00381684,0.00157161,0.00370092,9.41323e-05
58700,0.00182478,6.22996e-05,0.00216629,0.00179755,0.00201446,0.000870397,0.00364125,0.00114683,0.00199831,0.000176297
58800,0.000207616,0.00399702,0.00304044,0.00206603,0.00165842,0.00618405,0.00384163,0.00119988,0.000748959,0.00304425
58900,0.00492763,0.00159861,0.000625851,0.00134129,0.000712319,0.00123321,0.00144938,0.000649551,2.05756e-05,0.00127436
59000,0.00270851,0.000464158,0.000593279,0.00104683,0.000355895,0.00108999,0.00108963,0.000183613,0.00106805,3.25509e-05
59100,0.00178881,0.00486958,0.00105632,0.00105632,0.000927062,0.00254285,0.00157202,0.00163665,0.00140103,8.54976e-05
59200,0.00261162,0.00194795,0.00319539,0.000894091,0.00364704,0.000786554,0.000313391,0.00422774,0.0017974,0.00319232
59300,0.000920874,0.000904174,0.00321829,0.000749105,0.000877932,0.00083499,0.00281034,0.000345924,0.000749105,0.000985288
59400,0.00245754,0.00146506,0.00123575,0.000185432,0.00303629,0.00150793,0.00270829,0.00121431,3.53872e-05,0.000714838
59500,0.000958873,0.00110867,0.000295505,0.0038345,0.00282058,0.00059509,0.0037489,0.0024568,0.00148061,0.00335556
59600,0.000112572,0.00477957,0.00152254,6.98458e-05,0.00208783,0.00205661,0.00324143,0.00158662,0.0002506,0.000774827
59700,0.0017546,0.000176384,0.000378125,0.00291607,0.000474966,0.00110325,0.00120009,0.000762017,0.000164852,0.00123122
59800,0.00143058,0.000706666,0.00199737,0.000741165,0.00210383,0.000451166,0.000791832,0.00342391,0.00147316,0.00284904
59900,0.00179295,0.000247634,0.00138908,0.000517585,9.88411e-05,0.00194812,0.000390049,0.0066032,0.00204802,0.00156551
60000,0.00231539,0.00242149,0.000422075,0.00424179,0.00532405,0.00706414,0.00231539,0.00131334,0.00131334,0.00316422
60100,0.00132558,0.00185223,0.000732386,0.00365298,0.00496946,0.00151326,0.000178584,0.000287493,0.00166454,0.00132259
60200,0.00198747,0.000212148,0.00236817,0.000126255,0.0004448,0.000275598,0.00196632,0.00190287,0.000867803,0.00395573
60300,0.00165734,0.00193223,0.00136212,0.00199518,0.0044023,0.000242628,0.00387442,0.00153065,0.000432664,0.00106651
60400,0.00421499,0.00227562,0.00421706,0.00132908,0.00225661,0.00183294,0.000359397,0.00139232,0.00153781,0.000148595
60500,0.00144347,0.00110301,0.00129241,0.00102257,0.0011451,0.00194482,0.00121197,0.00344277,0.00116614,0.00232737
60600,0.00151546,3.9317e-05,0.00232947,0.000102349,0.00090075,0.000927168,0.00101121,8.67463e-05,0.0022034,0.0023925
60700,0.00208357,0.00508313,0.00213259,0.00267797,0.00564948,0.000342568,0.00467068,0.0021465,0.000342568,0.00474752
60800,0.00133589,0.000381309,0.00281052,0.00132367,0.000875178,0.0043724,0.00307403,0.000821079,0.00258016,0.000581997
60900,0.00228413,0.00183456,0.000862455,8.88936e-05,0.000695198,0.0025454,0.000757919,0.00314132,0.00111334,0.00066376
61000,0.00101676,0.00172643,0.00191429,0.00045319,0.00372137,0.000661918,0.00422231,0.000641045,0.00168468,0.000870646
61100,0.000809117,0.000434022,0.00139978,0.00126757,0.000378684,0.00104552,0.00169152,0.000524554,0.00418497,0.000788279
61200,0.00540154,0.00497994,0.000132475,0.00307143,0.00515189,0.00335718,0.00101178,0.00200489,0.00277466,0.00265534
61300,0.000164242,0.00330061,0.00170127,0.00124816,0.0047584,0.00220361,0.00180512,0.00307213,0.00259825,0.00178435
61400,0.00146304,0.00208295,0.00280874,0.00490535,0.00113125,0.00187777,0.00208514,0.000778724,0.00148378,0.000465484
61500,0.00207058,0.000662767,0.00256745,0.00211198,0.0024634,0.00151159,0.00275378,0.00105559,0.000186596,0.000911204
61600,0.00399899,0.000920347,0.00178735,0.000567855,0.000300263,0.00244878,0.00153932,0.00298729,0.00151865,0.00139463
61700,2.2012e-05,0.00353013,0.00140462,0.000310916,0.0003288,0.00229197,0.00127805,0.000847451,0.00191777,0.00115699
61800,0.000275941,0.00167692,0.000873416,0.000857201,0.00210957,0.00266584,0.00268644,0.000136111,0.00149149,0.00227878
61900,0.00277385,0.00145741,0.00357605,0.000614069,0.000655208,0.000778624,0.00171026,0.000764074,0.00212165,0.00211563
62000,0.00282754,0.0014029,1.40905e-05,0.00332041,0.000219452,0.000301596,0.00126679,0.000301596,0.00145162,0.00243735
62100,0.00303908,0.00126656,0.00196366,0.00166538,8.66448e-05,0.00100002,0.00305032,0.0004557,0.00523291,0.00110253
62200,8.66752e-05,0.00118247,0.00580871,0.00138717,0.00151958,0.000455137,0.0018471,0.000373256,0.00257444,0.000700778
62300,0.0021601,0.00209084,0.000790807,0.00444112,0.000741986,0.00127335,0.0031127,0.00236447,0.000300313,0.000484248
62400,0.000302913,0.00193527,0.00075812,0.00232296,0.000513267,0.00218643,0.00134985,0.00122111,0.00016639,0.0033903
62500,0.000904208,0.00328771,0.00395998,0.000619002,0.0041637,0.00149967,0.00451002,0.00371552,0.00145892,0.00218763
62600,0.000608654,0.00162867,0.00506601,0.00171003,0.0014629,0.00522567,0.00116086,0.000873065,0.00154426,0.00363921
62700,0.000680993,0.00212278,0.00161511,0.00163399,0.000234243,0.00210105,0.00502666,0.00130908,0.00220401,0.00331946
62800,0.000466408,0.00127739,0.00186535,0.000304023,0.000608141,0.00312218,0.000446134,0.00225038,0.000770337,0.00154077
62900,0.000252128,0.00035514,2.94631e-05,0.000778428,0.000314656,0.00363259,5.1506e-05,0.00468519,0.00140774,0.00306761
63000,0.00085053,0.00129515,0.00102901,0.00226183,0.00689337,0.000749479,0.00175999,0.000725862,0.00226183,0.000261028
63100,0.00233308,0.00126364,0.00164201,0.00101649,0.00289806,0.0030343,0.000960965,0.00113756,0.000774353,0.000512038
63200,0.00424754,0.00176956,0.00253512,0.00178971,0.00117178,0.00416696,0.00148752,0.000419768,0.00251497,0.00152781
63300,0.0013417,0.00110033,0.00131339,0.00141396,0.000991563,0.00111225,0.00189671,0.000597472,0.00156296,0.00403703
63400,0.00421246,0.00167175,0.000316431,0.00350957,0.00160172,0.000446709,0.000286048,0.000296348,0.000698001,0.00388084
63500,0.00167994,0.000565772,0.0019005,0.00236168,0.00347317,0.00289169,0.000416728,0.00168863,0.00176883,0.000176116
63600,0.00228869,0.000226685,0.000987425,0.000226685,0.00206848,0.00185534,0.00175524,0.00142785,0.000506957,0.000206665
63700,0.00366055,0.00268114,0.00133646,0.001242,0.00146187,0.00250125,0.00191612,0.000322547,0.00123652,0.000696844
63800,0.000746438,5.18311e-05,0.00455817,0.00354426,0.00314125,0.00314512,0.00164449,0.00292172,0.0050011,0.00236293
63900,0.00049928,0.00238992,0.000758312,0.00394411,0.0015132,0.00209332,0.000457144,0.00300989,0.0012166,0.00657656
64000,0.0021184,0.00172121,0.000904845,0.000526852,0.000148859,6.92813e-05,0.0014228,0.00102421,0.0014228,0.00164163
64100,0.00266124,0.000199076,0.00101347,0.00506559,0.00462771,0.0012717,0.000655048,0.000396824,0.000775112,0.00313796
64200,0.00615919,0.00155561,0.0032017,0.00225221,7.06448e-05,0.000725114,0.000226841,0.00254969,0.00207125,0.00245053
64300,0.000275204,0.000833683,0.00102766,0.000497057,0.0015425,0.00027924,0.000928655,0.00206138,0.00332464,0.00122568
64400,0.000936311,0.00334835,0.000210395,0.00243889,0.000249937,0.000560666,9.17706e-05,0.00106054,0.00188531,0.00178646
64500,0.00079319,0.00305614,0.000766282,0.00045044,0.00287848,0.00204939,0.000253038,0.000983424,0.00260212,0.000970851
64600,0.000526667,0.000971262,0.000143459,0.00156255,0.000822311,0.00242977,0.00356194,0.00119679,0.00403497,0.00328601
64700,0.00256343,2.48188e-05,0.000379043,0.00222888,0.0017369,0.000772626,0.00172662,0.00185498,0.00292705,0.00243507
64800,0.00182342,0.0032656,0.00202773,0.0026172,0.000349767,0.00137932,0.00426769,0.000750563,0.000239695,0.0053995
64900,0.00056225,0.000575622,0.000346447,2.63046e-05,0.000581868,0.00269442,0.00119004,0.00190968,7.17879e-05,0.00273366
65000,0.00121214,0.00146678,0.00368026,0.00225499,0.0021132,0.00142761,0.00360191,0.00133434,0.00106011,0.000115191
65100,0.000653644,0.00264858,0.000950129,0.00370784,0.00243344,0.000731877,0.000891455,0.00454573,0.000770993,0.00229653
65200,0.000567094,0.000780352,0.00105375,0.00187548,0.00105375,0.00169973,0.000860018,0.00447274,0.00169973,0.00070224
65300,0.00100416,0.00338296,0.00121864,0.00117965,0.00371443,0.00184259,0.0017256,0.000828677,0.0017451,0.000887172
65400,0.00262902,0.00225757,0.0014983,0.00305733,1.8692e-05,0.000661152,0.00404867,1.8692e-05,0.000117587,0.00373873
65500,0.00275214,0.000105364,0.000652748,0.000941231,0.00100265,0.000999547,8.17007e-06,0.00251887,0.00127479,0.000902354
65600,0.0020791,0.00120569,0.000871092,0.0027926,0.00213733,0.00158923,0.000468139,0.000759276,0.000347045,0.000293457
65700,0.00202208,0.000219778,0.000536027,0.00178952,0.00175077,0.00171201,0.00155697,0.00357862,0.00299106,0.000529851
65800,0.00431894,0.00323533,0.00148611,0.00114551,0.000197355,0.00144741,0.00046055,0.00307282,0.00213237,3.85361e-06
65900,0.00301909,0.000990403,0.000430101,0.00176323,0.000149523,5.04334e-06,0.00143478,0.000700592,0.000748467,0.00420689
66000,0.000236876,0.00255186,3.32048e-05,0.00133649,0.00334281,0.00015971,0.00436526,0.000515493,0.00234819,0.00152941
66100,0.000978884,0.00101741,0.00261618,0.00159528,0.000812512,0.00282807,0.00356702,0.000593638,0.00282807,0.00218014
66200,0.00176256,0.00272422,0.00141092,0.00293579,0.00229565,0.00212799,0.000473937,0.00194945,0.000506957,0.00354581
66300,0.000731715,0.00105428,0.00117341,0.000612581,0.000362926,0.00193767,0.000193997,0.000616489,0.00493744,0.000136384
66400,6.83014e-05,0.004958,0.00125717,0.00474707,0.000758612,0.00133387,0.00114212,0.000145003,0.00119964,0.00123799
66500,0.00030592,0.000363359,0.00116836,0.00126324,0.000862014,0.000632257,0.000650556,0.00189508,0.00193337,0.00202995
66600,0.00243785,4.74562e-05,0.000946665,0.000525399,0.00285844,0.00201726,0.00197902,0.000889312,0.00169158,0.00148196
66700,0.000380683,0.00231087,0.00286445,0.000325611,0.00108698,0.000459235,0.000285238,0.00112735,0.00095555,0.00118242
66800,0.00237117,0.0032289,0.00113224,0.00195555,0.00250831,0.00256549,0.00145998,0.000674792,6.85665e-05,0.00105971
66900,0.000154866,0.000397062,0.00262902,0.00437997,0.00278128,0.000516473,0.000587382,0.00100609,0.00219129,0.000211962
67000,0.000253186,0.0023503,0.00698718,0.000709271,0.00257835,0.000868025,0.00206525,0.000773007,0.000373932,0.00132411
67100,0.000250791,0.00204521,0.000269767,0.000876975,0.00230012,0.000963625,0.00114263,0.000754897,0.00417867,0.000432318
67200,0.000307764,0.00029854,0.00253429,0.000383552,0.00134985,0.00231615,0.00222141,0.00156799,0.000705652,0.00115116
67300,0.00179168,0.000611011,0.0018029,0.0015079,0.000762362,0.0015079,0.000478579,0.000921417,0.00123533,0.00302141
67400,0.00149547,0.000431394,0.000828101,2.19849e-05,0.000488067,0.000639193,0.00413399,0.0024716,0.00293117,0.00251557
67500,0.00355798,0.00372774,0.000176858,0.000516389,0.000252309,0.00179906,0.000256986,0.000535252,0.00168588,0.00095491
67600,0.00243129,0.00126352,0.00231828,0.00105634,0.000208769,0.000299773,0.00113168,0.000130259,0.00421743,0.00115051
67700,0.000555643,0.00271679,0.00219019,0.00568831,0.00115747,0.000873696,0.00159003,0.00196451,0.0011558,0.0024723
67800,0.00105156,0.00206581,0.00131464,0.00332403,0.00219727,0.00214076,0.000300554,0.000394281,0.000638583,0.00099539
67900,8.50444e-05,0.00169637,0.00120882,0.000422575,0.00196021,0.000383748,0.00102131,0.000796285,0.000985125,0.000310065
68000,0.00297573,2.01305e-05,5.47659e-05,0.002414,0.00164913,0.000766282,0.00243273,0.00254789,0.000953523,0.00102842
68100,0.00357825,0.000591092,0.00142814,0.000609789,0.00266642,0.000721968,0.00270381,0.00201203,0.0011146,0.000455918
68200,2.88894e-06,0.0020565,0.00123506,0.000843003,0.00263525,0.00100525,0.000127795,0.000314487,0.00239255,0.00211251
68300,0.00163479,0.000255292,0.00213087,0.000143441,0.00290244,0.000807294,0.00182121,0.00191442,0.00190716,0.00152294
68400,0.00591508,0.00347657,0.000461003,0.000562801,8.87102e-05,0.00269476,0.000107325,0.000283582,0.000405159,0.00289952
68500,7.85469e-05,0.00078487,0.000888,0.000144502,0.00439083,0.0016213,0.00136108,0.00111105,0.000357359,0.0016213
68600,0.0016646,0.00158346,0.00150922,0.00198013,0.000878164,0.00214717,0.000476741,0.00178762,0.0015649,0.00043962
68700,0.000330891,0.000910842,0.00100351,0.000725509,0.00189311,0.00444529,0.00621137,0.000910842,0.000243642,0.00177649
68800,0.000918035,0.000840072,1.12215e-05,0.00493392,0.0014878,0.00343097,0.000451438,0.000636502,0.000895592,0.0016768
68900,0.00376859,0.00230871,0.00256742,1.72499e-05,0.000980645,7.51478e-05,0.00332509,0.0012024,0.00112848,0.00240357
69000,0.000913904,0.000709938,0.00198416,0.00310978,0.00176273,0.00179964,0.00118971,0.000691485,0.00225997,0.0018171
69100,0.000792561,0.00204505,0.00130801,0.00171338,0.0046436,0.000258206,0.00432988,0.000313002,0.00243248,0.00213766
69200,0.00197696,0.00267614,0.000725803,0.000157368,0.000249366,0.0022365,0.00122453,0.00114899,0.000764549,8.18239e-05
69300,0.00352929,1.7036e-06,0.00113741,0.00262902,0.000512737,0.000549482,0.00141641,0.000314042,0.00319858,0.000733211
69400,0.00265349,0.000470265,0.000873885,0.000690421,0.000873885,9.84735e-05,0.000850676,0.00215813,0.00207988,0.0029972
69500,0.000766282,0.000626037,0.00116932,0.000876202,0.002513,0.00157868,0.00249468,0.000253322,0.0014258,0.00241508
69600,0.000543545,0.00150535,0.00293225,0.00487138,0.00522672,0.00531819,0.000836243,0.000517488,0.00151311,0.0012387
69700,0.00294566,0.00274472,0.00182214,0.000954509,0.00344794,0.000296882,0.000780896,0.000388219,0.00102758,0.00109144
69800,0.0014631,0.000890024,0.00421753,0.00151782,0.00202858,0.00307897,0.000160374,6.91673e-05,0.00142662,0.00419929
69900,0.00181548,0.00221007,0.00191863,0.00252587,0.00150582,0.00105044,0.00179113,0.000176111,0.00383736,0.000169977
70000,0.000238797,0.00303525,0.00123452,0.00113006,0.00271252,0.000306877,0.00245319,0.00203952,0.00118463,0.00108901
70100,4.37961e-05,0.00233236,0.000791711,0.00144236,0.0018815,0.000606855,0.000643181,0.00131844,0.000155999,0.00347986
70200,0.00270157,0.000418046,0.000508732,0.000871479,0.00168588,0.00137932,0.000688331,0.00174029,0.00106921,0.0039911
70300,0.00401187,0.00147592,0.00225472,0.00194682,0.00138537,0.00176571,0.0013857,0.000226229,0.000497902,4.51137e-05
70400,0.00202616,7.28984e-05,0.000939906,0.00245911,0.00153674,0.00305594,0.00213357,0.000415418,0.000994163,0.000324989
70500,0.00145257,0.00273738,0.000552108,2.58166e-05,0.00307798,0.00172347,0.00138033,0.00224976,0.000748222,0.00210528
70600,0.00205395,0.000777476,0.00100795,0.000881703,0.000128232,0.0017654,0.0011021,0.0047411,0.00172933,0.000921752
70700,0.00129035,0.00109225,0.0043699,0.000870735,0.00110485,0.00289316,0.00251497,0.00181261,0.000816707,0.00202331
70800,8.65017e-05,0.00264701,0.00228733,0.00314372,0.00269413,0.00119033,0.0012263,0.000392223,0.00359331,0.000848646
70900,0.000102897,0.00261705,0.000731435,0.00165701,0.000354312,0.000282479,2.28108e-05,0.00270684,0.000292185,0.000713477
71000,0.00056902,0.000748349,0.000112432,0.00270304,0.00257751,0.000829751,0.00113461,0.0033045,0.00282031,0.000335891
71100,0.000146675,0.00200225,0.0032737,0.000612276,0.000623358,0.000307844,0.00133967,0.000630183,0.000701814,0.0020628
71200,0.00245616,0.00113285,0.000852119,0.000149306,0.000762706,0.00290861,0.0015853,0.00414251,0.000565997,0.000667901
71300,0.00312308,5.55538e-05,0.000787711,0.00253775,0.00130558,0.000176594,0.00146233,0.00123019,0.00283736,0.00135915
71400,0.00272072,0.00286085,0.000631785,0.0025424,0.000901809,0.000402499,0.00247107,0.00161257,0.00131196,0.000990971
71500,0.000588207,0.00256373,0.00507459,0.000534784,0.0015487,0.00284865,0.00179912,0.00546747,0.00194158,0.00281415
71600,0.000293565,0.00214266,0.000258,0.00185844,0.00418797,0.00226744,0.000329131,0.000560305,0.00447249,0.000560003
71700,0.00254023,0.000123447,0.000301026,0.00394311,0.000799962,0.00301798,0.00154408,0.00324883,0.000904794,0.0026823
71800,0.00121628,0.00259634,0.00121628,0.00222395,0.00165649,0.00215614,0.000503832,9.59694e-05,0.00116308,0.00137588
71900,0.000900867,0.00248145,0.00074149,0.000108517,0.00219812,0.000976232,0.00157379,0.00180853,0.000427269,1.54427e-05
72000,0.000182714,0.00242857,0.00105516,0.00126736,0.000960805,0.000182714,4.71764e-05,0.00421464,0.00225173,0.0034896
72100,0.000879302,0.00294545,0.00093228,0.00173428,0.00042749,0.00271588,0.000172928,0.00165631,0.0013561,0.00134578
72200,0.00175904,7.49942e-05,0.00144161,0.001036,0.00161796,0.00223518,0.000383513,0.00335509,2.20895e-05,0.00441318
72300,0.0030869,0.00220637,0.000216384,0.00216103,0.000973636,0.000797531,0.000550984,0.000198774,8.29946e-05,0.00343911
72400,3.04188e-06,0.00306304,0.00186718,0.00143903,0.00128075,0.00133351,0.00112247,0.00186109,0.00146269,0.00366097
72500,0.000959463,0.00181532,0.000766282,0.00317227,0.00170995,0.00262785,0.00083653,0.00468259,0.00167483,0.00301421
72600,0.00175214,0.000896061,0.00112078,5.09763e-05,0.00021209,0.00138712,0.000314042,0.00152742,0.000527769,0.00306747
72700,0.00540201,9.72622e-05,0.00228646,2.53331e-05,0.0019168,0.000147928,0.00333728,0.000480687,0.00120062,9.72622e-05
72800,0.000384531,0.00290303,0.000297083,0.00437215,0.00122403,0.000350031,0.00104913,0.000926707,0.00129447,0.00300796
72900,6.15855e-05,0.000637037,0.000689434,0.0028377,0.00131819,0.0023312,0.00262902,0.000375966,0.00309968,0.000864089
73000,0.00271975,0.00179534,0.0027046,0.000140683,0.000591866,0.000731399,0.00167555,0.00116974,0.00141392,0.00200464
73100,0.00329883,0.00168266,0.000285551,0.000149893,0.00497462,0.000163627,0.00342075,0.00345559,0.00192651,0.000651325
73200,0.00130202,0.000814985,0.00224636,0.000733079,0.00214199,1.48621e-05,0.00217172,0.00408505,0.00108096,0.00171947
73300,0.000266019,0.00209634,0.000915158,0.000897788,0.000596054,0.000821867,0.000856607,0.00163827,0.00115834,0.00207897
73400,0.00139163,0.000967503,0.000489611,0.00199876,3.90634e-06,0.00171341,0.000134866,0.000940622,0.000707304,0.000759344
73500,0.000688849,0.00239464,0.00117389,0.000186482,0.00211748,0.00240382,0.00263716,0.00159779,0.00174555,0.00081011
73600,0.00313647,0.000195567,0.000236919,0.00190821,0.000998095,0.000922144,0.00189767,0.00256559,0.00116434,0.00115379
73700,0.00208771,0.00131029,0.000849207,0.00551372,0.00338341,0.000601975,3.72359e-05,0.00181129,0.00181129,0.00219673
73800,0.00082149,0.00173588,0.000666217,0.000631712,0.000127401,0.000493692,0.0018739,1.06197e-05,0.000696736,0.00193892
73900,1.85339e-05,0.00122197,0.000604327,0.00237894,0.00356775,0.00120474,0.00175608,0.00444644,0.00118751,0.00111859
74000,5.96029e-05,0.000697458,0.00205549,0.00260732,0.000542605,4.36327e-05,0.00035334,0.00129967,0.00372447,0.00389776
74100,0.00194171,0.0010309,0.0033507,0.00285226,0.00121991,0.00216496,0.00300691,0.002251,0.00269762,0.00285226
74200,0.00036818,0.00110604,0.00285632,0.00143357,2.64896e-05,0.000797169,9.33007e-06,0.00211846,0.000505457,0.00227289
74300,0.0010953,0.00180076,0.000806846,3.57045e-05,0.0020064,0.00411418,4.99778e-05,0.000584071,0.000941074,0.0021749
74400,2.35591e-05,0.0013284,9.20128e-05,0.00224831,0.000164689,0.00139686,0.00179046,0.00077655,0.00295418,0.00276171
74500,0.000823131,0.000395869,0.000276236,0.00551743,0.00102822,0.000583864,0.000116845,0.000703498,0.000737679,0.00184298
74600,0.00166062,0.00296469,0.000670704,0.00157528,0.00360632,0.000482961,0.00242866,0.00286228,0.00173582,0.00183823
74700,0.000626516,9.81297e-05,0.00337071,0.00121431,0.000762873,0.000558337,0.00096741,0.000856374,0.00116318,0.0012484
74800,0.00177398,0.00207297,0.00145056,0.00229426,0.000599467,0.00152827,0.00144316,0.0026347,0.00217511,0.000259029
74900,0.000844478,0.00228337,0.00104243,0.00112743,0.00184743,0.000566455,0.00328633,0.00128042,0.000929474,0.000368501
75000,0.000358846,0.00282044,0.00101625,0.00214138,0.00188673,4.85911e-05,0.00103791,0.000286263,0.000324892,0.00116904
75100,0.00175307,0.00109519,0.00129531,0.000823925,0.0012275,0.00238369,0.00328224,0.00243455,0.000806972,0.00333311
75200,0.000388438,0.00204968,3.28788e-05,0.00137243,0.00137243,0.00104876,0.000593582,0.00223396,0.000153366,0.00257455
75300,0.00183431,0.00354272,0.00264655,0.00318702,0.00333982,0.00244303,0.0010233,0.00117486,0.000346942,0.00213867
75400,0.000152342,0.000321206,0.00148637,0.00265154,0.00278663,0.00192542,0.000371866,0.00297165,0.00222938,0.000219887
75500,9.37869e-05,5.799e-05,0.00115416,0.000717759,0.000768351,4.31946e-05,0.00110356,0.000194972,0.000563913,0.00206689
75600,0.00401005,0.000237489,0.00106274,0.000789861,0.00224166,0.00144669,0.000928002,0.00441425,0.00215745,0.000335132
75700,0.00241598,0.000645181,0.000431269,0.00234396,0.00305038,0.00111613,0.00291582,0.000830196,0.00130114,0.000649924
75800,0.00157591,0.000876499,0.000120618,0.000590944,0.000355781,0.00271813,0.00226461,0.00451545,0.00142474,0.000248924
75900,0.00124605,0.000876999,0.00105215,0.00140443,0.00188351,0.00020599,0.00222642,0.00111185,0.00132056,0.00289743
76000,0.00159591,0.0017802,0.00135264,0.00189747,0.00121862,0.000222154,0.000297194,0.00482054,7.94029e-05,0.00178822
76100,0.000565516,0.000789706,0.00508292,0.000522008,0.000923555,0.000314549,0.000481861,0.00194415,0.00263013,0.0015928
76200,0.00308017,0.00393234,0.000323156,0.000907978,0.000289738,0.00129229,0.000278374,0.000478884,0.00114191,5.58095e-05
76300,0.00280547,0.00265127,0.0023716,0.000435874,0.00177086,0.000369125,0.00128693,3.53793e-05,0.00188366,0.00300572
76400,0.000126329,0.00190685,0.000992932,0.00110959,0.00122357,0.00335675,0.00325675,0.0017902,0.00180686,0.00024031
76500,9.91879e-05,0.000515279,0.00229615,0.000516627,0.0024293,0.00274688,6.7407e-07,0.00109781,0.00178155,0.000283616
76600,0.00153752,0.00140454,0.00102226,0.00168714,0.000988993,0.000108031,0.0012217,7.47873e-05,0.00027425,0.00293376
76700,0.0033705,0.000165353,0.000432256,0.0032696,0.00134397,0.00416601,0.000465457,0.00187648,0.00185988,0.00139507
76800,0.0031098,0.000753019,0.000819334,0.00297456,0.00072248,0.00206535,0.000606429,0.00213166,0.00120326,0.00116749
76900,4.77048e-05,0.000312618,0.000660317,5.16376e-05,0.000792773,0.00235307,0.00155833,0.00110736,0.000117866,0.00026688
77000,0.00245816,0.00159831,0.00113006,0.00376447,7.70323e-05,0.000986489,0.00230409,0.00213874,0.00298205,0.00526396
77100,0.000729898,9.58084e-05,0.000426091,0.00231525,0.00130789,0.00169768,0.00211053,0.00203451,0.00163162,0.00140042
77200,0.00284107,0.00105122,0.000457479,0.00326988,0.000292552,0.00210675,0.000935769,0.00211539,0.00232116,0.00280808
77300,0.000835462,0.00176702,0.00366123,9.42489e-05,0.0017908,0.00166819,0.00488743,0.000581079,0.001099,0.000696379
77400,0.000770159,0.00460903,0.000737259,1.94466e-05,0.000605658,0.00106626,0.0010887,0.00148351,0.000704359,0.00279352
77500,0.00198202,0.000301596,0.00257346,0.000700567,0.00116058,0.000963429,0.00099161,0.00133662,0.000618422,0.00141876
77600,0.00111404,0.00283685,0.00221673,0.000326472,0.00106482,0.000785889,0.00244643,0.00119945,0.00070385,0.000444691
77700,0.000615525,0.00103952,0.000105485,0.000990362,0.00374331,0.00276012,0.000744563,0.000943258,0.00271301,0.00356306
77800,0.00247082,0.000294954,0.00189803,0.00166891,0.0035026,0.00161981,0.000474975,0.00124416,0.000506957,0.00137508
77900,0.00165869,0.00216593,0.00125008,0.00379983,0.000106516,0.001626,0.00205096,0.00221441,0.00141408,0.000465543
78000,0.000931371,0.000751811,0.00163143,0.00210482,0.000327398,0.00101299,0.000423487,0.0048635,0.00226805,0.00427771
78100,0.000237963,0.000466201,0.00126503,0.00409855,0.00015645,0.0017052,0.00338438,0.00243883,0.000544566,0.00142491
78200,0.00270056,0.00167925,0.00152827,0.00147943,0.00318902,0.000632771,0.0019886,0.00156528,0.000148757,0.000116193
78300,0.00147449,0.00250947,0.00166389,0.000980928,0.00218998,0.000157345,0.000872831,0.00129562,0.000824048,0.000509358
78400,0.00166924,0.00123777,9.39337e-05,0.00110083,0.00255324,0.00143265,0.0026182,0.00359261,0.00214723,0.000776026
78500,0.00375899,0.00125287,1.22592e-05,0.00212873,0.00138263,0.0017719,0.00122873,0.001853,0.000263474,0.00109897
78600,0.00164089,0.000215376,8.5784e-05,0.00168948,0.000157201,0.000523156,0.00190007,0.000409764,0.000335389,0.00374675
78700,0.001599,0.000191479,0.00391783,0.00176611,0.000773901,0.00190639,0.00196025,0.000471835,0.00232703,0.00111897
78800,0.000797799,0.00228432,0.00191672,0.00209043,0.00232067,0.00218738,0.00154509,0.000624093,0.00158953,0.000426168
78900,0.000853911,0.00241924,0.00334181,0.00343589,0.00166352,0.00132464,0.00454937,0.0013085,0.00174421,0.000792102
79000,0.00149155,0.00133038,0.00224904,0.00205419,0.00184612,0.000395592,0.000732595,0.000186072,0.000635893,0.002167
79100,0.000981976,0.00112685,0.00358945,0.000225267,0.00125545,0.000724431,0.00333208,0.00141658,0.000708165,0.00283308
79200,0.000635567,0.00126254,0.000941016,0.000972058,0.00397943,0.00187344,0.00343173,0.00171268,0.000490881,0.00130966
79300,0.00038415,0.00126723,0.00137962,0.00200819,0.00181552,0.00179946,0.000980609,0.00173285,0.00046443,0.00266649
79400,0.000166545,0.0011965,0.0016455,0.00313682,0.000330564,0.000310867,0.00348595,0.000391045,0.00219071,0.00288025
79500,0.000766282,0.00385729,0.00259206,0.0009905,0.00144387,1.35493e-05,0.000558079,0.000253783,0.00118269,0.00147097
79600,0.000410985,0.00234024,0.000906844,0.000180848,0.00218028,0.003898,0.00258017,0.000100871,0.00154046,0.000308812
79700,0.000467019,0.00113052,0.000842964,0.000770552,0.000619308,0.000906866,0.000539431,0.00168115,0.000339216,0.00207307
79800,1.23405e-05,0.00021976,0.00325128,0.00180657,6.02067e-05,0.000147213,0.000593964,0.000762244,0.00039527,0.00180657
79900,3.68627e-05,0.00326177,0.0028415,0.00308053,0.000514925,0.00161447,0.000387442,0.000753956,0.00213035,0.00379762
80000,0.000968507,0.000432057,0.00108459,0.00189161,4.5408e-05,0.00100034,0.000559381,0.000888929,0.000761605,0.00263963
80100,0.00138916,0.000740849,0.000391145,6.98277e-05,0.000451323,0.00135737,0.000212888,0.00274029,5.39321e-05,0.00132558
80200,0.00139814,0.000969492,0.00225543,8.04474e-05,0.00120763,0.000887977,0.000618088,0.000745094,0.000252945,0.00225543
80300,0.00273473,0.00152967,0.00195866,0.000214492,0.0029893,0.000847862,0.00135613,0.00214893,0.00451061,0.000198636
80400,0.00128255,0.00107667,0.00269198,0.00256529,0.00106084,0.000871193,0.0012192,1.56409e-05,0.0014413,0.00372173
80500,0.000402499,0.00125825,0.00127241,0.0013057,0.0012566,0.000671382,0.000657215,0.00301389,0.00352003,0.00182765
80600,0.00123071,0.000285799,0.000835789,0.00199188,0.00112014,1.45285e-06,0.0012939,0.00178652,0.000980868,0.00162855
80700,0.00138261,0.00366618,0.00106706,0.00235665,0.000179361,6.89192e-05,0.00262902,0.000372849,0.0031339,0.00129956
80800,0.00253432,0.00154157,0.002587,0.00041241,0.000359728,0.00190941,0.00214037,0.000916663,0.000585747,0.00392102
80900,0.000209141,0.000492433,0.00365586,0.00108141,0.00022488,0.002444,0.00355234,0.00116919,0.000901633,0.000341704
81000,0.00196093,0.00116716,0.0029434,0.000153241,0.0020238,9.03649e-05,0.000703406,0.00107284,0.000334048,0.00190595
81100,0.00238962,0.00250866,0.00316804,0.00216983,0.000223075,0.00271275,0.00253092,0.00164518,1.24192e-05,0.000678364
81200,0.00142172,0.000198656,0.00246699,0.00176138,0.000245697,0.00241995,0.00257676,0.00153148,0.00205931,0.00129097
81300,0.00112557,0.00284828,0.000138924,0.00225316,0.00283667,0.00219052,0.000894702,0.000973007,0.00055016,0.00264468
81400,0.000853876,0.00172701,0.000209764,0.00097901,0.00124492,0.00416713,0.000431548,0.00249626,0.0019488,0.00061645
81500,0.000984998,0.00088971,0.00271755,0.000186695,0.00156303,0.000452278,0.000467901,0.00231136,0.00235978,0.00137401
81600,0.00325316,0.0006633,0.00330028,0.00116261,0.000163682,0.00358083,0.00142787,0.00194247,0.000912954,0.000959765
81700,0.000530334,0.0020576,0.00199433,0.00210342,0.00149563,0.00183848,0.00084202,0.000561503,0.000296569,0.00132513
81800,0.000738265,0.00196792,2.44338e-05,0.000195652,0.00111183,0.00066261,0.00157879,0.000226782,8.45231e-05,0.00126748
81900,0.00101221,0.00147519,0.00360844,0.00121091,4.49352e-05,0.00211259,0.00110549,0.00345298,0.00130418,0.00113658
82000,0.000600121,0.00137649,0.00179572,5.4439e-06,0.00158923,0.00095261,0.00474591,0.000631176,0.00146501,0.00297116
82100,0.00014251,0.00334688,0.00072596,0.00175538,0.00122223,0.00392069,0.00248428,0.00127462,0.00014251,0.000514712
82200,0.00123497,0.00138277,0.000708321,0.00183906,0.00178549,0.00156864,0.00203333,0.000599895,0.00284588,0.000630874
82300,0.00163574,0.00116446,0.00222362,0.000181489,0.00023622,0.00315187,0.00396466,0.000537316,0.000367138,0.000506374
82400,8.97551e-05,0.00217577,0.00115594,0.00176448,0.000806457,0.00044515,0.000336986,0.000862352,0.000497418,0.00143407
82500,0.000874315,0.000885071,0.000982347,0.000411318,0.000318719,0.000349586,0.00221233,0.00190834,0.00124003,0.00346709
82600,0.000167838,0.00160139,0.00306577,0.000895764,0.000587474,0.00163566,0.00165108,0.00388618,0.002206,0.000448743
82700,0.000609244,0.000208951,0.00162537,0.00173314,0.000285931,0.00107112,8.80471e-06,0.000763203,0.0014692,0.000930344
82800,0.000537712,0.000769358,0.000691485,0.00227535,0.00309133,0.00212157,0.000400303,0.000292662,0.00118356,0.00272227
82900,0.000975399,0.00105219,0.00304883,0.00278749,0.000468561,0.000576072,0.000299376,0.000667986,0.00106755,0.000437605
83000,0.00303664,0.00114979,0.00345082,0.000967164,0.00108989,0.000430256,0.00110523,0.000598999,0.000138792,0.00122795
83100,0.00198551,0.00111217,0.000389366,0.000772411,0.00454157,0.000619193,0.000787733,0.00274892,0.000741767,0.000713801
83200,0.00134475,7.45703e-05,0.00163551,0.00232806,0.00284448,0.000350031,0.00150168,0.00174653,0.00228215,0.0002468
83300,0.00072859,0.00142659,0.0017374,0.00048403,0.00213481,0.00231312,0.00215009,0.000417784,0.000682735,0.00024965
83400,0.000836509,0.000439576,0.00257691,0.000598557,0.00247004,0.00417096,0.00177409,0.00240897,0.00155404,0.00192044
83500,0.00415894,0.000964511,0.000934014,0.00194041,0.000949263,0.00050706,0.00069004,0.00215388,0.00104827,0.000369824
83600,0.000400346,0.000391621,0.00178629,0.0011379,1.08673e-05,0.00330058,0.00203648,0.00150342,0.00205171,0.000476497
83700,0.000849226,0.000535061,0.00125995,0.00143257,0.00288763,0.000468928,0.000185186,0.000423292,0.00136643,0.0022183
83800,0.00181769,0.00256219,0.0013163,0.00119068,0.000765252,0.00104281,0.0018744,0.0016313,0.00274451,0.00220866
83900,0.000211032,0.000335293,0.000256559,0.00229296,0.000271734,0.000138009,7.73063e-05,0.000426347,0.00253577,0.000347613
84000,0.00120585,0.00103747,0.000159978,0.00215914,0.00184083,0.000688849,0.00241682,0.00181216,0.000476642,0.00153768
84100,0.000105758,0.00128665,0.000877877,0.000257592,0.000424127,0.00207434,0.00119581,0.000983854,0.000635644,0.00145318
84200,0.00263834,0.000416228,0.000385985,0.00272983,0.00156547,0.00177641,0.000597687,0.000173515,0.00179153,0.00145962
84300,0.00383535,0.000816583,0.00208332,4.62954e-05,0.00273278,0.000754199,0.000590028,0.00164728,0.00113179,0.00133011
84400,0.000869016,0.000714991,0.000144899,0.00183451,0.000687987,0.00112547,0.00129142,0.00444118,0.0003561,0.00148437
84500,0.00275961,0.00221717,0.000675875,0.00199115,0.000645739,0.00129366,0.000785714,0.00117748,0.00115805,0.000785714
84600,0.000130705,0.00160562,0.00100361,0.000130705,7.9997e-05,0.00201197,0.000236055,0.000522007,0.000290699,0.000320799
84700,0.00119093,0.0016419,0.000252176,0.000778308,0.000237144,0.00034237,0.00163515,0.00171706,0.00207109,0.000673082
84800,0.00206054,0.00115259,0.00103247,0.00198547,0.00191833,0.000829344,3.35688e-05,0.000484007,0.000567016,0.000957396
84900,0.000310375,0.000940247,0.0017892,0.00182507,0.000439471,0.000874382,0.000589441,0.0016601,0.000520332,1.04368e-05
85000,0.00260873,0.00271359,0.000566875,0.000556572,0.00254882,0.000167111,0.000911398,0.00109583,0.000986295,0.00023733
85100,0.00199913,0.00160664,0.00102662,0.00313621,0.000248608,0.00153531,0.00143058,0.00134081,0.000323416,0.00144206
85200,0.000282795,0.00488559,0.000925393,0.000524187,0.00241981,0.00183927,0.00263131,0.00082307,0.000344858,0.000300025
85300,0.000812953,0.000336396,0.00120214,0.00126185,0.000366249,0.000633834,0.00433673,0.00114134,9.75702e-05,0.00284407
85400,0.000924319,0.000715591,0.00107341,0.000715591,7.44986e-05,0.00281787,0.000924319,0.00195314,0.00113305,0.00011932
85500,0.000737779,0.00271837,0.00194401,0.000259965,0.000544187,9.74359e-05,0.00419137,0.000603753,0.00130366,0.0041033
85600,0.00107218,0.00138208,0.000712735,0.00214067,0.00234891,0.000611077,0.00347935,0.000340877,0.00160519,0.000328466
85700,0.00153587,0.00323321,0.00462976,0.002249,0.00309585,0.00241607,0.000648098,0.00033246,0.000822739,0.000852452
85800,0.000576335,0.00303971,0.0020603,0.00354426,0.000269523,0.00080375,0.001348,0.00163477,0.000977005,0.0041972
85900,0.00349366,0.000632947,0.00349366,0.00157558,0.00218929,0.00150147,6.96982e-05,0.00197579,0.000692237,0.00138889
86000,0.000980721,0.000729034,0.000100052,0.00203188,0.000595788,0.000958749,0.000381349,0.0020911,0.0025577,4.79989e-05
86100,0.00123062,0.00123896,0.00153472,0.000543927,0.000801773,0.00111232,0.00322699,0.00066223,0.000129866,0.00115023
86200,0.00130458,0.00151137,0.000418333,0.00210747,0.000300167,0.0023438,0.00074329,0.00130985,0.0028112,0.00193972
86300,0.000252855,0.00146265,0.00166512,0.00376014,0.00149216,0.000234015,0.00106022,2.04336e-06,0.00219625,0.00110448
86400,0.00165641,0.00125852,0.00152378,0.00118484,0.00062485,0.00108459,0.00114063,0.00167115,0.00369006,0.00167115
86500,0.00207459,0.00264865,0.00189969,0.00294477,5.80116e-05,0.00142693,0.000781002,0.000457172,7.27312e-05,0.0030608
86600,0.000198764,0.000419302,0.00058047,0.00262412,0.00152143,0.00233063,0.00125735,0.00122794,0.000860378,0.00069809
86700,0.00356829,0.000499005,0.000425577,0.00218785,0.001836,0.000131865,0.000631785,0.0026431,0.00399417,0.000205903
86800,0.00160711,0.00222141,0.000857228,5.2229e-05,0.00163467,0.00132662,0.000813222,0.000169578,0.00072521,0.000653644
86900,0.00110035,0.00247468,0.00288787,0.00174503,0.00156627,3.07746e-05,6.00781e-05,1.47103e-06,0.00214063,0.000587542
87000,0.000463053,0.00264366,0.000902101,0.00138095,0.000550862,0.00183874,0.000931371,0.00410715,0.000199624,6.79093e-05
87100,0.00190299,0.0030432,0.0036519,0.000772129,0.00121594,0.000762775,0.00157613,0.00301397,0.00155215,0.00129838
87200,0.00052974,0.00284318,0.00147065,0.00232571,0.00193147,0.00259495,0.00134742,0.00154365,0.00309958,0.00216509
87300,3.99668e-05,0.00233733,0.000317075,0.000776773,0.000528834,0.000339234,0.00189222,0.0010393,0.000353819,0.000871292
87400,0.00212984,0.00107511,0.00043996,0.00126449,0.00298935,0.00154128,0.00245034,0.00183264,0.00041955,0.000667205
87500,0.00297808,0.00058699,0.000911795,0.00287155,0.00206135,0.000155127,0.000878016,0.000208656,0.000121348,0.00408398
87600,0.000699423,0.00128081,0.00116453,0.00313774,0.00246914,0.000306986,0.000873839,0.00258542,0.00159706,0.000786631
87700,0.00028428,0.00090856,0.00234585,0.00231682,0.000238372,0.00338881,0.000821451,0.00105139,2.29542e-05,0.00180633
87800,2.96014e-05,0.000870694,0.00327796,0.000811491,0.000187922,0.000464649,0.00168278,0.00159577,0.00446589,7.19097e-05
87900,0.0005142,0.000673578,0.00223797,0.00144125,0.00112257,0.00034042,0.00189033,0.00181786,0.00138335,0.000499756
88000,0.000188647,0.0025615,0.00250363,0.000347802,0.00101336,0.00123039,0.000144131,0.0011714,0.000969954,0.00037674
88100,0.00227735,0.00094549,0.00102001,0.00169926,0.000788775,0.0038671,0.0012946,0.00120789,0.000829872,0.00169926
88200,0.000936625,0.00186052,0.000806702,0.00205159,0.00212036,0.000680187,0.000777831,0.000940032,0.00255344,0.000546858
88300,0.000759298,0.00255718,0.000293323,0.000283456,0.0017254,0.000254617,0.00161005,0.00432091,0.000134709,0.00164875
88400,0.00310824,0.00053007,0.000161281,0.000515667,0.000486861,0.00106299,0.000659699,0.00180324,0.00254651,0.00205681
88500,0.00082383,0.00371559,0.00161511,0.00119789,0.00103963,0.00178775,0.000751895,0.000212026,0.00142808,0.0014493
88600,0.0025907,0.00331564,0.00108818,0.00139794,0.000154092,0.00370364,0.000110981,0.00365413,0.0016135,0.000894965
88700,0.0021649,0.00100744,0.00317496,0.00451903,0.00383526,0.000973477,0.00334196,0.000490677,0.000485426,0.000562449
88800,0.0023566,0.00122387,0.0010088,0.00509521,0.00278674,0.000248868,0.00191211,0.00032056,0.00349342,6.65739e-05
88900,0.00136208,0.000943783,0.00445271,0.00264812,0.000101734,0.00116157,0.000774875,0.00126183,0.00098675,0.0047678
89000,0.000365712,0.00218258,0.00155312,0.00252411,0.00436959,0.000494467,4.91634e-05,0.00185173,0.000580303,0.00138144
89100,0.000629098,9.96922e-05,0.00135721,0.00107209,0.000114658,0.000271172,0.000500488,0.00190023,0.000386168,0.00388654
89200,0.000521231,0.001106,0.000106824,0.00120592,0.00114882,0.00167696,0.00259096,0.00122066,0.00227647,0.000634961
89300,0.00297912,0.00146778,0.00123965,0.000911714,0.00123965,0.000469716,0.000114862,0.000612296,0.00305201,0.00182423
89400,0.000549684,0.00108815,0.00164359,0.00163208,0.0017745,0.00130178,0.000746343,0.00205661,0.00163208,0.000717859
89500,0.00207509,0.00217853,0.00112579,0.00294674,0.00160948,0.000286452,0.00153835,0.00220312,0.00156295,0.00424132
89600,0.00250562,0.000516182,0.00242534,0.00232088,0.000615653,0.00185693,0.000535378,0.00064906,0.00374191,0.000828807
89700,0.00159283,0.000244361,0.00123797,0.000905387,0.000641804,0.00293519,0.00218289,0.00258644,0.00135961,0.00113861
89800,0.000521136,0.000272866,0.00103157,0.000598975,0.000301224,0.000783296,0.000939261,0.00215168,0.000180849,0.000436064
89900,0.000698156,0.00234686,0.00136962,0.00176037,0.00504615,0.00272925,0.00160458,0.00355905,3.25022e-05,0.00191616
90000,0.0007899,0.00166702,6.83971e-05,0.00158214,0.00317129,0.00379376,0.00132749,0.000313575,0.000605987,0.00385035
90100,0.00242531,0.00151735,0.000192547,0.000344446,0.000376255,0.00231226,0.000528154,0.0048665,0.0018989,0.00106869
90200,0.000241177,0.000678765,0.000916314,0.00205969,0.00169268,0.000873967,0.000591652,0.000932848,0.0028667,0.000184714
90300,0.00136001,0.000106397,0.000712702,0.00106391,0.00124851,0.000134597,0.00370192,0.00186891,0.00285592,0.00175611
90400,0.000971746,0.00343654,0.00288741,0.0013522,0.00104234,0.00102808,0.000661887,0.00207051,0.0018029,0.000549211
90500,0.000739095,0.00151194,0.00117428,6.28349e-05,0.00169578,0.00163951,0.00272282,0.000344214,0.000963247,0.000105042
90600,0.00235994,0.00127783,0.000647492,0.00039453,0.00210905,0.00164528,0.000814064,0.00101288,0.00113936,0.00117945
90700,0.000286185,0.00028937,0.00079155,0.00144048,0.00105827,0.000721361,0.00124076,0.00159171,0.000359559,0.000707323
90800,2.14875e-06,0.00298464,0.00399855,0.00160071,0.00268044,0.00141842,3.01937e-05,0.00387235,0.000138076,0.00046489
90900,0.00273567,0.000289848,0.00437449,0.00328735,0.00213878,0.00216138,0.000766088,0.00213337,0.00230686,0.000808109
91000,0.00163376,6.67e-05,0.00018515,0.00437613,0.00120002,0.00392092,0.0011086,0.00108061,0.000444474,0.0014444
91100,0.000178515,0.00061178,0.00404232,0.000150562,0.000150562,0.00214155,1.07993e-05,0.000590181,0.00177817,0.000164538
91200,0.000135247,0.00215959,0.00144234,0.00130797,0.00137777,0.000381309,0.00112647,0.00167095,0.000735568,0.00188037
91300,0.00158775,0.000137397,0.0013269,0.000778898,0.000183353,0.00100615,0.0016337,0.000685397,0.000810908,0.00197823
91400,0.00164925,0.00291992,0.000468171,0.000284071,3.33234e-05,0.00074678,0.00163532,0.000980591,0.00181642,0.00349107
91500,0.000905434,0.00025142,0.00134883,0.000806134,0.000613215,0.00172454,0.00186369,0.00115401,0.00062713,0.00383964
91600,0.00300974,0.00125834,0.00150776,0.00378814,0.00146606,0.000424342,0.000438242,0.00284294,0.000799642,4.90424e-05
91700,0.00031919,0.000833251,0.000388936,0.00272159,0.000416706,0.000985663,0.000458039,0.0018885,0.00077739,0.00202735
91800,0.00114354,0.00172607,0.000713577,0.00108949,0.00171362,0.000257303,0.00231002,0.00103401,0.00243342,0.000186528
91900,0.00223186,0.000566776,6.80093e-05,0.00196862,0.00171924,0.000264502,0.00453172,0.00145347,8.43915e-05,0.000264502
92000,0.00165201,0.00282838,0.000724763,0.00248239,0.00304981,0.00353782,0.00169716,0.00355166,0.000576155,0.00407756
92100,0.00508979,0.00128332,0.000112958,0.00191925,0.00052297,0.000218831,0.00166131,0.00100683,0.00320965,0.000329427
92200,0.000410291,0.000203148,5.12426e-05,6.50521e-05,0.00072791,0.000935053,0.000514949,0.0028822,0.00161971,1.78051e-05
92300,0.000300025,0.000127606,0.000872514,0.000941487,0.000934576,0.00154845,0.00130015,9.31068e-05,0.00300376,2.41339e-05
92400,0.000837669,0.00154043,0.00100302,0.00109948,0.0018987,0.00122928,0.00395187,6.60086e-05,0.00151287,0.00304241
92500,0.00228949,0.000793812,0.00150958,0.00183526,0.00261076,0.000229457,0.00108287,0.00140855,0.000555134,0.0015784
92600,0.00144195,0.000506957,0.00286176,0.000125537,0.000314459,0.00380693,0.00115678,0.000648033,0.00232552,0.00353193
92700,0.000747321,0.00300235,0.000433894,0.0021483,0.000870936,0.000788526,0.00229938,0.000324013,0.000280329,0.00229938
92800,0.00247034,0.000371139,0.000782746,0.00102971,6.92933e-05,0.000781362,0.00120807,0.00286823,0.000137895,0.00117925
92900,0.000404166,0.00147319,0.000349344,0.00244657,0.00377601,0.00169277,0.00256963,0.000911269,0.00252881,0.00185695
93000,2.69818e-05,0.00138237,0.00019207,0.000314487,0.00128653,0.00120519,1.40905e-05,0.0016288,0.00182047,0.000985334
93100,4.69223e-05,0.00185405,0.00238741,0.00430017,0.000732612,0.00129144,0.000320443,0.000224711,0.000648668,0.000294979
93200,0.000640598,0.00438679,0.00016245,0.00154225,0.00376905,8.3455e-05,0.0010944,0.00146325,0.000684555,0.000749889
93300,0.000254493,0.00132853,0.00039096,0.00035002,1.84416e-05,0.00150593,0.000673484,0.00171064,0.00217868,0.00190169
93400,0.00226036,0.00082899,0.00228763,0.00249725,0.00109314,0.00149696,0.00127036,0.00253814,0.000275211,0.000147384
93500,0.000758882,0.00164402,0.00140631,0.00332638,0.00237937,0.00404811,0.000350356,0.00265172,5.077e-05,0.00158333
93600,0.000309222,0.00175114,0.000493354,0.0011599,0.00025481,0.000248501,9.1574e-05,0.00108459,0.00216652,0.00225445
93700,0.00107088,0.00123916,0.0027203,0.00220394,0.000124906,0.00149734,0.000491795,0.000682034,0.00226666,0.00281542
93800,0.0042398,0.00333035,3.60019e-05,0.00280509,0.000809719,0.000792011,0.0012128,1.8294e-05,0.000388925,0.000493383
93900,0.00176121,0.000595094,0.00101544,0.00233376,0.00501855,0.00191342,0.00177477,0.000364582,0.000662892,0.00135443
94000,0.000197388,0.00226979,0.00309604,0.000899765,0.00363784,0.000644376,0.000969459,0.00315022,0.00367848,0.00156544
94100,4.0148e-05,0.00181356,0.000865521,0.000473131,0.00278777,0.00115055,0.000473131,0.000743745,0.000852879,0.00135263
94200,0.00245331,0.00212892,0.00269642,0.00311542,0.0017773,0.00168269,0.000817644,0.00116926,0.000952997,0.00038531
94300,0.00126856,0.00101328,0.00386221,0.00132256,0.000674468,0.002458,0.000431432,0.00120231,0.00541494,0.00163311
94400,0.00167805,0.00257058,0.00389237,0.000747399,0.0023278,0.00263802,0.00139715,0.000925076,2.13999e-05,0.000426031
94500,0.00302982,0.00285466,0.000779756,0.000446327,0.00101221,0.00594349,0.00229219,0.00095491,0.00157469,0.00179367
94600,0.00190671,0.000340972,0.000812043,0.001153,0.000381349,0.00163305,0.000973554,0.000197396,0.00307766,0.00126966
94700,0.00110526,0.000494694,0.00123971,0.00197364,0.00209465,0.00136071,4.31056e-05,0.00140105,0.000373689,0.00229632
94800,0.00127251,0.00202464,0.000668127,0.00211865,0.00283049,0.00279019,0.000130895,0.000191444,0.00266932,0.000366044
94900,0.001909,0.00286158,0.000331583,0.00131866,0.000559666,0.000607582,0.00210258,0.000184,0.000138,0.00133208
95000,0.000833295,0.00112815,0.00123537,0.000614178,0.000667788,0.00124877,0.000189974,2.44666e-05,0.000922436,0.000386335
95100,0.000932299,0.000821585,0.00119646,0.000205718,0.00180255,0.00103941,0.00157494,0.000513652,0.0023247,0.000316431
95200,0.00203163,0.00176415,0.00211188,0.000827942,0.000440086,1.46429e-05,0.00138967,5.47659e-05,0.00355631,0.00209851
95300,0.00281161,0.000287982,0.000473557,0.0017977,0.0021436,0.00235883,0.000301343,0.00267801,0.00129001,0.000139548
95400,0.00117427,0.00185494,0.00120137,0.0010942,0.000560343,0.00218859,0.000373494,0.000173299,0.000760944,0.000667519
95500,0.00457933,0.000566297,0.00209952,0.00352608,0.000246977,0.00108626,0.00152688,0.00303278,0.00147355,0.00465933
95600,0.00163902,0.00125279,0.00117288,0.00103798,0.000998022,0.0010513,0.000385376,0.000278829,0.00199862,0.00243641
95700,0.000207606,0.00100588,0.00218998,0.000939353,0.000194302,0.000470923,8.7866e-05,0.00200094,0.00177476,0.00192111
95800,0.00265621,0.00105187,0.00269608,0.000702487,0.00099488,0.00180944,0.00130439,0.00111833,0.000892385,0.00191576
95900,0.000553426,0.000938451,0.00119071,0.00151775,0.00299635,0.00346103,0.000261338,0.000287891,0.00176161,0.000885345
96000,0.000898911,0.000434709,0.00042738,0.000593864,0.000666112,0.00160185,0.000567338,0.000262292,0.0010448,0.00185384
96100,0.00107004,0.000175372,0.00205048,0.00149402,0.00169902,0.00226873,0.00228198,0.000924304,0.000307863,0.00220249
96200,0.00143343,0.00122167,0.00248423,0.000493722,0.00144667,0.000573134,0.0016107,0.000626075,0.00393491,0.00102314
96300,0.000659006,0.00166385,0.00179606,0.00174732,0.00182665,0.00334714,0.00123168,0.00187954,9.04772e-05,0.00165063
96400,0.000203176,0.00296362,0.00433724,0.0011044,0.00182775,0.000731491,0.000784323,0.000388086,0.000430802,0.000272307
96500,0.000370456,0.003126,0.000777438,0.00159752,0.0007267,0.00311485,0.00114688,0.00127882,0.000344068,0.000555175
96600,0.000414694,0.000679291,0.00384163,0.000560666,0.00124605,0.00112743,0.000981457,0.00135051,0.00327586,0.00265637
96700,0.00156683,0.00181706,0.00209357,0.000487207,0.00150106,0.00281775,0.00121132,0.000447706,7.89698e-05,0.000526708
96800,0.00158553,0.00107144,0.000375424,0.00140027,0.00176967,0.001283,0.00209851,0.000334854,0.00230785,0.0019264
96900,0.000169739,0.000182878,9.09002e-05,0.000828881,2.73573e-05,0.000196018,0.000894579,0.00304949,0.00131505,0.000723763
97000,0.000756355,0.00302718,0.000756355,0.00131758,0.00165886,0.000950049,0.00321095,0.000953248,0.000700651,0.00155705
97100,0.000207683,0.00171564,0.00123047,0.00127405,0.0016763,0.00126094,6.34434e-05,0.000496161,0.00173299,0.000933119
97200,0.000108704,0.00165968,0.000475481,6.15855e-05,0.0030744,0.000200398,0.000527877,0.000271172,0.000750563,0.000978528
97300,2.30139e-05,0.00139701,0.000180042,0.00237844,0.00288201,0.0013379,0.00301964,0.00259413,0.00120073,0.00110913
97400,0.00124473,0.00175455,0.00236894,0.000363162,0.00116629,0.0019972,0.00136238,0.00194491,0.000238162,0.00141467
97500,0.0007924,0.000178633,0.00116643,0.000387575,0.00173264,0.000387575,0.000866076,0.00216358,0.000883812,0.00373903
97600,0.000536682,0.000676549,0.00113314,0.000911367,0.00139405,0.000810637,0.000719318,0.00161946,0.000976595,0.00122446
97700,0.00228584,3.12845e-05,0.0020643,0.0016212,0.00108948,0.000633354,0.000646387,0.00135012,0.000503033,0.00103735
97800,0.00347525,1.3795e-05,0.00317737,0.000454882,0.000677754,0.000755867,0.00324091,0.000196058,0.000495491,0.000962616
97900,0.000774085,0.0013068,0.0010857,0.000722063,0.00262087,0.00126829,0.000994664,0.001788,0.00325762,0.000864609
98000,0.00242929,0.00150736,0.00281906,0.00133794,0.0016113,0.000480453,0.00131248,0.00122101,0.000948174,0.000415492
98100,0.00109595,0.001409,0.000617279,0.00146091,0.00151128,0.00227704,0.00135708,0.000526426,0.000422594,0.00136851
98200,0.000491408,0.00152867,0.0013238,0.00209916,0.00275004,0.000387681,0.00134973,3.76054e-05,0.0001154,0.00308715
98300,0.00147193,0.000470963,0.00425312,0.00217137,0.000898399,0.00275062,0.00154603,0.00258585,0.00135174,0.000224864
98400,0.000994016,0.00142566,0.00044226,0.00108459,0.0010116,0.000985716,0.00226208,0.000812864,0.00171032,0.00134338
98500,0.00159356,0.000895545,8.6853e-05,0.00170264,0.00172283,0.00309301,0.00138674,0.000539273,0.00118559,0.000637019
98600,0.00115262,0.00171411,0.000933092,0.00113302,0.00188198,0.00143002,0.00185615,0.00676316,0.00184324,0.00101057
98700,0.00156351,0.00295153,0.00119711,0.00300832,0.000268306,0.00402743,0.00175182,0.000229605,0.00131321,0.00183441
98800,0.00160236,0.00122863,0.00101371,0.00198024,0.0017225,0.000420909,0.00115131,0.00170961,0.000962165,0.00210911
98900,0.000268788,2.4182e-05,0.00261499,0.000461898,0.00203253,0.000449024,0.00142745,9.16841e-05,0.00329731,0.000194676
99000,0.00152508,0.00162797,0.000532679,5.37817e-06,0.000689116,0.000920614,0.000661289,0.000110371,0.000146849,0.00015971
99100,0.00124572,0.00122002,5.39711e-07,0.00196521,9.04759e-05,0.00111832,0.00161939,0.00151553,0.000925598,0.00203053
99200,0.00149531,0.000738045,0.00173912,0.00152098,0.000109126,0.000584024,0.0023167,0.00067387,0.00179046,0.000712375
99300,0.00170486,0.0023854,0.00257677,0.000692879,0.00184687,0.000192815,0.000422649,0.00315377,0.00103811,6.36283e-05
99400,0.000276391,0.00215737,0.000863632,0.0012627,0.00073554,0.000417293,0.00121147,2.02058e-05,7.3966e-06,0.000581829
99500,0.0024554,0.00131953,0.000129464,1.50048e-06,0.000817468,0.000167853,0.000356798,0.00131953,0.00263755,0.00028002
99600,0.00048139,0.000673143,0.00133789,0.000941597,0.000634793,0.00106542,0.000583659,0.000238503,0.00165346,0.00193871
99700,0.000865894,0.00177261,0.000303983,0.00135621,0.000687104,0.000814811,0.000303983,0.000942518,0.00062325,0.000232387
99800,0.00118313,0.000628497,0.000443168,0.000130938,0.0019486,0.00155982,0.000590223,0.00172568,0.000762116,0.00178275
99900,0.000327849,0.00205549,0.000271172,0.00051333,0.000385879,0.000780978,0.00121431,0.000417065,0.00315727,0.00087589
100000,0.000532422,0.00119451,0.000723408,0.000868141,0.00201406,0.0027398,0.000409775,0.00421208,0.000392366,0.00108459
