energy,magnet
-388,-11
-612,59
-772,111
-692,109
-772,103
-808,171
-868,235
-864,279
-852,283
-900,313
-884,319
-844,323
-884,397
-904,389
-924,455
-884,455
-828,429
-832,439
-864,459
-880,467
-1048,555
-1088,573
-1020,521
-1108,575
-996,537
-1004,541
-1012,521
-1016,547
-1028,535
-1048,551
-1052,527
-936,485
-936,471
-984,525
-936,499
-928,489
-936,507
-1060,561
-1008,527
-972,523
-964,509
-916,477
-1000,507
-996,539
-920,471
-888,471
-820,433
-880,445
-944,507
-976,511
-1036,535
-952,509
-916,479
-952,487
-1008,517
-952,499
-960,499
-984,509
-1020,531
-956,481
-892,469
-1004,499
-1016,515
-920,497
-976,513
-1044,541
-932,483
-900,461
-952,505
-864,419
-800,393
-840,437
-892,425
-848,421
-840,439
-964,479
-1040,525
-948,503
-984,503
-996,501
-904,453
-944,483
-952,489
-992,493
-1024,523
-1000,499
-1028,513
-1012,517
-892,469
-880,453
-876,393
-844,335
-876,311
-884,361
-908,359
-780,277
-788,287
-804,257
-896,309
-920,327
-864,317
-856,387
-892,383
-908,439
-928,437
-872,373
-800,337
-900,381
-908,349
-924,355
-980,361
-920,347
-912,371
-916,373
-848,381
-840,383
-828,367
-804,367
-836,323
-864,367
-824,363
-824,349
-792,363
-840,373
-904,435
-916,437
-916,471
-964,499
-936,491
-960,485
-900,467
-864,411
-880,407
-956,467
-956,509
-1060,543
-1040,541
-996,529
-960,499
-956,493
-920,473
-840,417
-868,409
-892,449
-968,521
-960,473
-884,465
-1036,541
-972,497
-916,477
-896,487
-988,483
-792,383
-840,385
-792,271
-864,267
-836,269
-812,297
-808,279
-812,327
-836,401
-868,369
-812,293
-840,279
-872,263
-816,279
-788,247
-860,291
-868,303
-876,261
-852,267
-804,279
-812,305
-868,297
-924,285
-928,285
-924,297
-796,233
-800,241
-780,287
-812,329
-808,335
-876,351
-928,367
-908,321
-876,375
-884,417
-904,433
-956,471
-836,377
-880,393
-840,409
-804,435
-956,501
-988,521
-996,501
-1036,525
-1016,531
-1064,551
-992,527
-984,517
-968,523
-952,515
-960,515
-968,513
-944,481
-956,491
-908,463
-868,455
-992,521
-880,475
-952,495
-960,513
-980,525
-984,499
-956,465
-952,459
-960,451
-876,437
-908,443
-960,441
-996,479
-848,419
-964,481
-856,445
-928,495
-980,501
-916,487
-948,509
-968,491
-916,459
-856,407
-840,369
-848,453
-808,389
-832,405
-924,443
-884,459
-892,463
-896,421
-848,389
-960,501
-968,493
-860,429
-840,393
-892,459
-888,441
-968,489
-908,455
-940,427
-956,459
-956,441
-840,407
-920,451
-956,501
-852,479
-864,485
-892,503
-936,487
-876,433
-948,465
-928,463
-920,471
-960,475
-932,467
-888,443
-904,437
-912,449
-920,461
-844,439
-916,467
-1012,505
-896,435
-852,427
-832,421
-844,433
-776,361
-820,359
-752,355
-856,371
-888,403
-868,409
-872,383
-856,393
-876,399
-828,337
-928,413
-924,383
-884,371
-840,395
-864,413
-896,395
-852,379
-824,389
-792,383
-788,393
-800,397
-748,381
-832,411
-900,447
-908,459
-880,421
-952,489
-952,519
-992,523
-1024,545
-892,467
-888,449
-936,465
-916,455
-904,413
-896,443
-936,481
-960,503
-932,499
-924,473
-952,509
-964,525
-952,515
-944,495
-924,469
-860,449
-840,443
-956,453
-956,501
-1004,531
-956,519
-980,509
-928,485
-972,505
-920,487
-920,461
-892,429
-908,451
-924,479
-868,467
-908,459
-852,419
-828,427
-860,429
-876,447
-892,493
-912,469
-876,425
-864,383
-848,379
-848,355
-860,377
-900,385
-876,415
-864,435
-832,437
-860,421
-924,477
-912,459
-960,501
-880,475
-1020,531
-964,507
-984,505
-916,447
-844,405
-924,417
-892,443
-904,473
-960,481
-968,477
-848,401
-888,421
-872,435
-804,359
-860,385
-864,413
-936,469
-976,509
-956,503
-944,489
-976,519
-928,485
-968,487
-920,441
-944,475
-940,505
-956,509
-1004,521
-888,441
-976,495
-1016,493
-960,455
-772,385
-848,437
-928,487
-968,499
-928,487
-900,441
-896,445
-960,509
-888,465
-912,477
-932,483
-900,475
-976,519
-956,505
-940,505
-952,515
-960,499
-940,479
-956,493
-928,477
-880,479
-1000,493
-856,451
-912,493
-916,475
-912,477
-920,485
-888,449
-868,435
-868,439
-948,467
-984,483
-928,493
-912,489
-908,445
-864,439
-788,405
-832,383
-832,413
-864,479
-972,521
-972,513
-1080,559
-980,513
-928,493
-944,469
-984,481
-1048,557
-1012,531
-1012,531
-944,517
-976,503
-992,521
-912,481
-968,487
-968,489
-980,479
-816,421
-908,483
-916,469
-964,507
-904,485
-836,451
-856,451
-1004,489
-912,469
-964,491
-992,523
-944,497
-928,489
-988,511
-976,499
-936,475
-1068,539
-1072,535
-960,495
-980,453
-876,395
-920,385
-872,339
-824,325
-800,317
-852,319
-828,301
-816,309
-872,307
-852,327
-876,331
-832,273
-852,305
-844,289
-708,239
-704,255
-780,249
-784,229
-764,221
-804,293
-836,305
-776,347
-888,471
-852,433
-944,429
-832,417
-904,431
-900,391
-828,353
-772,335
-664,329
-752,359
-880,397
-856,417
-908,437
-940,457
-964,495
-920,477
-844,431
-820,409
-872,409
-864,383
-764,319
-788,355
-840,409
-868,423
-848,431
-832,393
-852,461
-860,463
-948,475
-928,465
-876,415
-884,441
-888,407
-804,341
-844,349
-836,305
-880,273
-872,309
-844,261
-804,223
-812,259
-892,281
-848,317
-892,321
-812,301
-784,211
-808,155
-828,183
-824,187
-812,191
-764,213
-772,167
-828,69
-836,117
-844,113
-756,99
-736,165
-712,123
-804,123
-800,111
-796,83
-728,75
-748,137
-696,57
-764,9
-776,91
-824,15
-756,-71
-784,-99
-768,-65
-784,-117
-768,-149
-764,-139
-756,-129
-832,-251
-788,-217
-708,-209
-836,-255
-872,-237
-748,-127
-752,-147
-740,-103
-712,-155
-740,-175
-812,-273
-796,-301
-780,-283
-796,-325
-820,-303
-892,-385
-880,-377
-912,-381
-824,-367
-872,-361
-912,-405
-1000,-481
-936,-453
-948,-497
-876,-451
-888,-449
-988,-487
-940,-469
-960,-493
-872,-425
-800,-423
-948,-493
-992,-507
-1004,-521
-1004,-527
-892,-471
-956,-481
-992,-491
-944,-493
-952,-513
-936,-489
-916,-501
-912,-495
-936,-481
-868,-435
-856,-431
-992,-525
-1016,-521
-952,-483
-924,-489
-864,-451
-964,-509
-936,-443
-932,-437
-932,-399
-892,-371
-924,-407
-876,-409
-904,-431
-844,-411
-780,-363
-828,-393
-916,-439
-928,-473
-916,-443
-956,-495
-960,-513
-920,-427
-940,-435
-924,-465
-876,-425
-916,-421
-868,-371
-756,-347
-796,-337
-852,-403
-980,-475
-864,-437
-940,-455
-996,-487
-864,-433
-860,-441
-828,-411
-876,-447
-980,-499
-968,-479
-976,-467
-1000,-511
-944,-497
-1008,-527
-1056,-551
-968,-519
-920,-491
-968,-507
-1012,-533
-976,-519
-912,-495
-868,-461
-1028,-543
-1000,-527
-1016,-527
-948,-491
-944,-489
-904,-469
-864,-457
-808,-383
-856,-385
-820,-345
-828,-335
-836,-375
-836,-357
-924,-393
-940,-451
-848,-433
-872,-433
-900,-427
-852,-431
-868,-455
-1028,-543
-1024,-523
-960,-487
-896,-447
-864,-437
-896,-401
-864,-383
-940,-441
-908,-445
-940,-443
-892,-453
-868,-455
-896,-433
-884,-419
-848,-385
-880,-391
-916,-399
-856,-347
-852,-387
-868,-391
-848,-379
-800,-329
-788,-275
-872,-273
-812,-305
-832,-337
-868,-389
-860,-353
-864,-351
-880,-407
-884,-459
-924,-469
-868,-409
-908,-433
-884,-421
-876,-391
-920,-463
-924,-387
-860,-341
-944,-393
-868,-421
-820,-403
-888,-441
-908,-453
-848,-429
-884,-411
-876,-363
-852,-381
-908,-393
-892,-413
-880,-389
-864,-375
-844,-297
-796,-239
-892,-299
-848,-279
-916,-299
-884,-287
-816,-269
-776,-267
-824,-283
-772,-267
-836,-353
-816,-321
-808,-285
-800,-221
-808,-305
-912,-367
-904,-395
-956,-433
-904,-413
-848,-379
-868,-373
-844,-397
-888,-417
-916,-447
-844,-417
-816,-367
-844,-409
-928,-477
-912,-483
-952,-493
-880,-491
-840,-427
-848,-375
-868,-409
-816,-371
-824,-373
-812,-373
-804,-383
-904,-419
-936,-413
-976,-437
-924,-431
-932,-473
-900,-465
-908,-435
-936,-441
-872,-393
-860,-399
-848,-427
-836,-453
-948,-483
-964,-493
-968,-487
-928,-459
-824,-385
-880,-389
-852,-325
-908,-397
-940,-423
-872,-359
-848,-343
-748,-301
-720,-287
-792,-359
-880,-447
-932,-449
-944,-479
-912,-481
-952,-487
-924,-475
-912,-465
-924,-461
-996,-475
-980,-471
-816,-367
-896,-417
-872,-375
-872,-405
-892,-431
-828,-411
-824,-377
-960,-467
-880,-463
-916,-471
-832,-417
-944,-461
-896,-465
-948,-505
-912,-495
-1000,-521
-944,-509
-1016,-533
-968,-515
-968,-459
-1040,-489
-964,-441
-916,-409
-956,-417
-1028,-459
-912,-423
-952,-465
-972,-505
-908,-467
-928,-489
-908,-453
-948,-473
-920,-497
-1044,-547
-1008,-523
-956,-513
-968,-505
-932,-457
-888,-471
-848,-445
-948,-509
-900,-485
-944,-495
-896,-481
-896,-485
-892,-471
-952,-511
-964,-525
-964,-519
-916,-463
-908,-447
-972,-477
-1040,-511
-916,-467
-956,-493
-944,-495
-904,-475
-916,-453
-1012,-525
-928,-475
-936,-477
-956,-475
-848,-429
-880,-423
-888,-453
-872,-441
-880,-471
-924,-487
-940,-513
-912,-497
-900,-479
-956,-493
-940,-447
-908,-437
-992,-461
-1004,-525
-964,-493
-956,-495
-932,-487
-1096,-565
-1000,-523
-1008,-505
-1004,-535
-984,-507
-992,-503
-936,-493
-904,-483
-1000,-527
-876,-443
-888,-429
-880,-439
-960,-481
-920,-467
-884,-481
-1004,-481
-952,-481
-916,-471
-936,-489
-984,-521
-920,-483
-968,-477
-844,-397
-856,-439
-908,-467
-920,-459
-880,-443
-852,-425
-824,-385
-872,-431
-964,-505
-980,-515
-932,-479
-972,-489
-1088,-563
-1072,-565
-964,-531
-988,-513
-952,-491
-968,-509
-1024,-533
-920,-461
-932,-491
-932,-497
-896,-469
-960,-517
-960,-519
-932,-519
-944,-513
-936,-497
-1028,-541
-1092,-567
-1044,-557
-1012,-541
-988,-517
-948,-451
-932,-439
-904,-433
-904,-469
-952,-493
-984,-513
-964,-477
-976,-499
-1036,-533
-988,-491
-940,-449
-944,-455
-1012,-519
-944,-479
-876,-433
-972,-467
-960,-503
-940,-495
-964,-469
-924,-481
-936,-483
-920,-459
-856,-455
-904,-435
-852,-459
-912,-477
-1008,-497
-972,-513
-996,-531
-984,-513
-1044,-549
-976,-515
-948,-511
-1044,-551
-1084,-565
-1052,-553
-1052,-567
-964,-515
-968,-499
-940,-503
-1084,-555
-1048,-549
-1008,-525
-1004,-539
-1024,-545
-1000,-531
-964,-495
-980,-519
-912,-491
-892,-485
-1000,-537
-988,-519
-992,-505
-940,-475
-892,-453
-912,-451
-832,-439
-828,-433
-884,-429
-892,-411
-928,-433
-864,-445
-848,-403
-804,-365
-820,-369
-868,-385
-856,-383
-820,-331
-956,-379
-896,-347
-912,-365
-840,-339
-816,-295
-840,-349
-844,-357
-904,-367
-896,-421
-972,-461
-944,-483
-956,-477
-996,-515
-940,-497
-920,-493
-1000,-525
-1048,-541
-1024,-523
-972,-505
-1004,-497
-972,-491
-900,-463
-928,-463
-916,-465
-864,-449
-976,-513
-1008,-515
-1028,-543
-976,-507
-1008,-507
-1028,-523
-996,-491
-928,-401
-864,-417
-920,-435
-848,-381
-812,-363
-868,-399
-792,-321
-828,-367
-836,-365
-884,-439
-808,-409
-792,-399
-944,-473
-948,-509
-964,-521
-972,-519
-1012,-535
-972,-515
-928,-499
-944,-473
-956,-485
-968,-509
-980,-525
-1040,-531
-952,-459
-992,-491
-956,-475
-916,-469
-924,-467
-868,-477
-868,-467
-916,-495
-972,-483
-984,-491
-912,-431
-924,-455
-948,-473
-952,-473
-956,-477
-884,-423
-804,-365
-828,-311
-880,-287
-836,-295
-876,-337
-864,-323
-888,-359
-868,-359
-920,-359
-836,-307
-880,-273
-840,-243
-832,-211
-804,-145
-736,-171
-688,-145
-744,-177
-700,-175
-812,-205
-780,-211
-808,-251
-808,-269
-836,-337
-844,-411
-900,-439
-880,-447
-784,-359
-788,-317
-816,-355
-872,-391
-888,-401
-816,-345
-840,-383
-952,-433
-856,-405
-828,-399
-956,-481
-1012,-525
-1012,-511
-988,-503
-936,-471
-944,-505
-896,-477
-992,-481
-1016,-495
-1028,-493
-968,-487
-988,-495
-1008,-511
-876,-443
-888,-443
-932,-481
-872,-445
-908,-443
-912,-427
-920,-433
-968,-481
-968,-505
-980,-511
-1004,-531
-996,-527
-1004,-529
-1052,-547
-1028,-551
-1000,-529
-956,-497
-864,-423
-860,-437
-836,-405
-892,-431
-884,-449
-960,-455
-980,-493
-1000,-525
-1000,-527
-1012,-525
-944,-451
-920,-437
-868,-375
-744,-279
-828,-261
-904,-295
-888,-309
-864,-325
-872,-289
-916,-293
-888,-323
-836,-365
-844,-327
-892,-357
-856,-361
-808,-369
-836,-387
-820,-325
-876,-299
-840,-257
-812,-213
-780,-189
-860,-223
-848,-243
-896,-257
-900,-325
-852,-255
-800,-237
-812,-293
-836,-325
-816,-305
-920,-377
-844,-367
-796,-349
-800,-401
-864,-471
-912,-465
-944,-465
-880,-485
-860,-465
-992,-487
-920,-469
-924,-465
-1020,-507
-976,-493
-988,-501
-968,-497
-1004,-519
-924,-469
-900,-433
-908,-447
-860,-385
-900,-425
-884,-385
-800,-309
-856,-351
-812,-379
-904,-345
-808,-335
-888,-415
-852,-439
-908,-475
-956,-497
-952,-495
-964,-497
-956,-495
-916,-493
-960,-509
-872,-459
-928,-479
-956,-483
-884,-401
-812,-405
-876,-379
-892,-325
-844,-229
-872,-265
-896,-283
-880,-259
-904,-297
-880,-301
-864,-313
-796,-227
-792,-235
-764,-129
-812,-111
-824,-117
-812,-67
-836,-81
-792,-31
-820,-15
-856,-9
-856,-33
-732,-53
-696,15
-740,45
-772,133
-800,147
-760,109
-812,145
-872,159
-856,71
-864,107
-876,137
-808,199
-872,229
-816,149
-816,127
-796,117
-800,147
-780,97
-772,165
-864,287
-832,199
-764,151
-704,101
-728,105
-764,149
-740,147
-712,179
-868,327
-868,313
-832,363
-960,445
-948,453
-904,441
-924,435
-936,431
-916,399
-924,431
-920,431
-884,409
-956,463
-964,477
-1044,503
-976,473
-988,479
-964,447
-956,431
-920,431
-956,475
-904,465
-972,479
-936,469
-948,469
-1008,497
-988,511
-996,515
-1008,511
-952,471
-896,457
-864,429
-908,459
-876,441
-828,413
-872,425
-836,431
-892,465
-932,475
-916,479
-924,475
-884,421
-924,421
-888,405
-920,435
-912,437
-900,439
-856,373
-912,393
-792,353
-812,401
-900,455
-888,475
-852,431
-916,481
-948,517
-1008,531
-1004,513
-952,463
-900,427
-1016,515
-980,499
-1020,539
-964,511
-1028,543
-988,493
-1076,525
-1012,501
-976,481
-996,511
-892,447
-900,457
-948,483
-916,419
-900,437
-920,423
-980,433
-908,439
-896,417
-904,451
-908,489
-964,499
-892,433
-968,451
-944,495
-888,469
-952,517
-1120,569
-1092,567
-1068,561
-1024,541
-988,511
-904,489
-948,501
-940,493
-904,487
-976,517
-920,503
-1000,513
-972,511
-988,519
-964,521
-928,487
-944,407
-976,477
-952,489
-956,491
-884,475
-940,505
-904,423
-960,457
-972,451
-856,395
-900,437
-840,397
-828,429
-844,393
-912,369
-868,363
-924,415
-972,441
-864,433
-956,495
-996,517
-952,489
-940,501
-892,481
-824,459
-888,445
-988,453
-932,381
-872,401
-964,451
-912,399
-864,397
-844,439
-916,489
-904,489
-820,447
-924,439
-832,325
-836,341
-840,337
-832,323
-828,331
-760,259
-752,151
-688,79
-768,15
-756,-73
-712,-103
-748,-149
-732,-155
-800,-213
-852,-273
-832,-275
-864,-267
-820,-259
-828,-269
-868,-257
-896,-307
-856,-335
-832,-351
-884,-391
-840,-411
-924,-457
-804,-413
-880,-415
-936,-479
-916,-465
-884,-439
-872,-429
-840,-365
-900,-363
-892,-289
-880,-225
-872,-221
-856,-199
-884,-179
-920,-223
-820,-169
-808,-163
-856,-221
-832,-185
-812,-207
-708,-125
-800,-159
-776,-193
-836,-215
-820,-187
-816,-163
-840,-165
-820,-175
-836,-179
-848,-193
-796,-117
-852,-141
-832,-223
-864,-263
-856,-261
-776,-207
-840,-203
-816,-159
-812,-159
-760,-115
-780,-107
-720,-19
-756,-73
-820,-79
-784,-47
-820,-189
-828,-231
-796,-181
-792,-207
-780,-253
-780,-193
-696,-153
-748,-215
-728,-113
-748,-161
-880,-191
-896,-173
-864,-141
-824,-75
-840,-91
-748,-141
-804,-141
-912,-97
-880,-141
-904,-181
-904,-165
-920,-187
-844,-155
-836,-125
-812,-135
-816,-227
-828,-181
-828,-245
-932,-397
-836,-343
-848,-361
-908,-389
-880,-395
-888,-427
-928,-447
-824,-385
-816,-377
-796,-375
-860,-379
-876,-377
-936,-405
-864,-393
-888,-409
-912,-393
-848,-377
-800,-311
-800,-335
-840,-347
-856,-295
-816,-275
-804,-273
-900,-355
-884,-307
-824,-279
-796,-215
-856,-227
-876,-243
-812,-207
-796,-179
-828,-149
-884,-195
-808,-115
-852,-119
-828,-69
-772,-97
-756,-125
-792,-103
-720,-123
-804,-139
-796,-113
-820,-47
-828,-63
-912,-15
-896,-3
-844,105
-840,157
-784,137
-848,171
-888,275
-848,265
-848,283
-900,287
-908,313
-836,257
-796,187
-856,175
-772,183
-748,147
-732,137
-764,73
-860,145
-764,123
-732,69
-704,81
-724,57
-728,113
-804,127
-796,95
-808,41
-832,-41
-864,-23
-824,-21
-796,-25
-792,49
-760,43
-728,15
-656,-95
-704,-71
-756,-101
-788,-85
-764,27
-744,-45
-832,-9
-776,13
-740,11
-684,57
-680,67
-676,9
-752,-19
-732,-121
-760,-149
-808,-221
-780,-261
-772,-291
-800,-283
-752,-235
-812,-291
-824,-299
-848,-335
-848,-369
-916,-425
-892,-407
-892,-409
-916,-391
-864,-403
-844,-401
-936,-445
-948,-463
-932,-475
-892,-459
-896,-455
-956,-487
-968,-501
-1024,-539
-1020,-545
-992,-515
-964,-503
-972,-507
-972,-537
-932,-503
-964,-521
-952,-481
-880,-461
-916,-445
-844,-399
-800,-375
-832,-387
-884,-441
-924,-469
-924,-475
-896,-473
-976,-517
-936,-493
-976,-519
-956,-479
-940,-445
-888,-417
-936,-445
-892,-455
-1000,-513
-944,-489
-1056,-551
-956,-487
-944,-451
-880,-415
-876,-433
-852,-435
-828,-391
-864,-413
-836,-425
-868,-389
-916,-401
-924,-427
-936,-425
-876,-337
-864,-343
-804,-303
-836,-281
-912,-259
-888,-283
-856,-287
-828,-241
-868,-215
-756,-127
-768,-79
-728,-39
-764,-103
-764,-167
-836,-129
-816,-193
-836,-227
-752,-227
-840,-253
-884,-267
-908,-257
-844,-237
-852,-179
-864,-167
-836,-189
-860,-155
-864,-175
-816,-169
-804,-145
-744,-181
-672,-157
-804,-285
-796,-269
-708,-253
-740,-263
-736,-335
-888,-421
-912,-469
-1016,-515
-984,-525
-932,-495
-1008,-501
-884,-473
-900,-477
-928,-489
-900,-461
-984,-487
-912,-483
-888,-461
-960,-487
-984,-501
-956,-503
-936,-475
-884,-445
-904,-469
-876,-445
-852,-355
-876,-389
-832,-367
-836,-413
-868,-415
-828,-385
-928,-421
-976,-459
-804,-373
-924,-427
-900,-451
-804,-375
-904,-461
-880,-433
-868,-415
-828,-347
-816,-351
-872,-403
-808,-353
-876,-459
-932,-501
-984,-493
-960,-485
-824,-391
-908,-423
-864,-359
-856,-295
-820,-281
-820,-271
-816,-317
-804,-361
-836,-403
-828,-433
-920,-487
-988,-521
-992,-517
-948,-505
-960,-513
-944,-497
-988,-493
-964,-441
-956,-437
-936,-405
-924,-401
-928,-387
-936,-431
-960,-427
-856,-407
-912,-429
-852,-365
-924,-385
-936,-397
-936,-387
-876,-359
-848,-391
-896,-415
-928,-421
-900,-365
-864,-421
-844,-395
-860,-445
-940,-467
-956,-503
-1016,-525
-924,-469
-944,-479
-892,-449
-936,-473
-916,-477
-900,-465
-976,-501
-1048,-555
-1012,-537
-988,-531
-916,-479
-928,-491
-952,-495
-992,-513
-952,-485
-972,-473
-1040,-541
-1008,-531
-1004,-529
-992,-511
-904,-471
-976,-503
-1024,-541
-952,-503
-1000,-519
-1012,-509
-964,-481
-964,-491
-952,-505
-1048,-545
-924,-499
-940,-499
-1008,-521
-992,-527
-924,-509
-912,-481
-928,-501
-936,-489
-880,-469
-900,-431
-856,-395
-900,-447
-908,-479
-920,-499
-896,-445
-916,-463
-888,-467
-972,-473
-888,-419
-904,-469
-932,-493
-976,-531
-940,-493
-912,-457
-860,-417
-932,-483
-1040,-531
-940,-487
-928,-469
-988,-505
-888,-437
-884,-429
-916,-425
-820,-357
-784,-351
-856,-361
-820,-331
-852,-365
-844,-391
-940,-493
-1068,-557
-1044,-539
-972,-507
-1028,-529
-960,-499
-992,-513
-920,-507
-916,-473
-916,-463
-944,-491
-952,-493
-860,-461
-900,-469
-860,-433
-960,-503
-1044,-539
-1016,-533
-948,-495
-968,-505
-1044,-535
-928,-499
-952,-501
-884,-457
-856,-413
-852,-367
-900,-409
-852,-381
-808,-341
-844,-391
-896,-451
-968,-503
-980,-507
-944,-475
-1000,-507
-964,-463
-900,-427
-972,-499
-988,-519
-1004,-531
-944,-487
-1024,-527
-996,-489
-952,-509
-1044,-545
-996,-527
-1008,-537
-912,-495
-896,-485
-936,-493
-1032,-543
-964,-503
-976,-503
-948,-493
-932,-507
-920,-489
-1048,-545
-832,-465
-936,-505
-928,-495
-936,-511
-900,-479
-960,-489
-944,-469
-912,-437
-968,-495
-976,-465
-960,-477
-1020,-499
-904,-463
-916,-481
-904,-467
-916,-463
-968,-503
-1012,-515
-1008,-503
-924,-483
-900,-473
-944,-493
-932,-455
-968,-489
-936,-487
-992,-467
-1008,-459
-956,-497
-948,-473
-940,-481
-944,-431
-956,-443
-940,-435
-904,-433
-920,-451
-972,-473
-928,-475
-924,-483
-872,-431
-916,-439
-924,-415
-912,-447
-916,-413
-864,-431
-868,-423
-884,-421
-812,-413
-832,-421
-936,-469
-1012,-521
-972,-497
-856,-451
-916,-497
-860,-475
-884,-449
-924,-495
-984,-533
-964,-509
-992,-517
-996,-535
-1044,-553
-1048,-545
-1008,-531
-880,-451
-896,-465
-920,-473
-932,-467
-980,-485
-980,-507
-1004,-537
-1016,-529
-940,-513
-1024,-533
-928,-503
-920,-487
-980,-513
-1012,-541
-948,-477
-884,-433
-940,-481
-924,-469
-960,-487
-1028,-543
-968,-503
-944,-441
-908,-451
-844,-399
-896,-439
-916,-455
-924,-481
-972,-487
-872,-441
-968,-469
-960,-475
-948,-483
-928,-491
-892,-471
-932,-493
-976,-517
-956,-499
-940,-503
-1016,-531
-952,-491
-928,-477
-884,-413
-936,-453
-940,-475
-880,-461
-880,-407
-868,-409
-852,-373
-912,-417
-856,-393
-920,-427
-908,-461
-992,-513
-956,-495
-1016,-509
-968,-489
-1056,-545
-964,-505
-964,-513
-824,-437
-792,-377
-860,-373
-832,-347
-844,-353
-820,-329
-800,-287
-816,-301
-804,-277
-772,-275
-888,-343
-920,-341
-936,-377
-916,-367
-864,-307
-788,-231
-788,-215
-812,-269
-804,-243
-784,-255
-832,-247
-768,-189
-792,-145
-800,-49
-728,-7
-788,11
-772,-65
-732,-59
-756,-5
-788,-19
-732,-19
-780,29
-760,55
-732,43
-884,37
-816,109
-776,103
-660,57
-636,109
-712,193
-708,229
-748,231
-716,245
-764,235
-792,223
-836,223
-736,181
-812,311
-784,353
-824,399
-816,403
-952,471
-932,453
-960,419
-928,407
-936,397
-920,383
-840,331
-888,367
-800,333
-888,309
-808,207
-760,231
-852,233
-884,303
-892,247
-828,233
-792,161
-728,107
-672,97
-748,91
-732,33
-820,45
-808,13
-784,55
-784,33
-748,67
-804,95
-748,81
-828,73
-868,73
-820,63
-832,107
-804,163
-796,161
-724,195
-736,165
-744,141
-820,177
-788,145
-848,153
-832,85
-804,-7
-728,-57
-756,-117
-744,-133
-848,-171
-848,-183
-844,-187
-844,-165
-872,-179
-892,-293
-916,-367
-932,-395
-1000,-459
-988,-511
-996,-487
-956,-477
-1036,-487
-1048,-491
-1012,-483
-908,-425
-900,-407
-948,-367
-872,-371
-900,-441
-1008,-531
-980,-501
-1028,-531
-936,-485
-884,-469
-884,-445
-920,-461
-888,-399
-856,-307
-884,-369
-884,-309
-844,-267
-852,-303
-888,-307
-820,-249
-736,-233
-872,-297
-872,-375
-952,-471
-960,-463
-940,-469
-880,-453
-896,-417
-884,-415
-944,-425
-960,-417
-972,-443
-936,-415
-968,-427
-864,-381
-852,-397
-936,-401
-884,-431
-988,-491
-940,-469
-828,-407
-884,-439
-908,-405
-908,-423
-912,-417
-876,-391
-952,-493
-956,-497
-980,-485
-1020,-493
-1048,-517
-1032,-545
-1048,-551
-972,-505
-956,-503
-936,-485
-840,-439
-904,-437
-924,-443
-984,-447
-976,-501
-984,-473
-956,-487
-948,-487
-972,-493
-864,-413
-872,-393
-844,-377
-792,-297
-892,-317
-908,-319
-824,-291
-832,-321
-812,-333
-820,-357
-872,-369
-892,-369
-932,-383
-988,-395
-992,-439
-916,-427
-936,-471
-996,-523
-980,-511
-1036,-545
-964,-501
-896,-485
-808,-397
-936,-467
-920,-469
-900,-479
-892,-473
-908,-495
-1012,-543
-1032,-539
-988,-513
-912,-489
-968,-509
-984,-509
-968,-501
-916,-483
-936,-447
-980,-475
-960,-503
-980,-513
-900,-443
-984,-491
-932,-465
-860,-421
-956,-419
-996,-455
-956,-473
-904,-457
-940,-461
-928,-463
-952,-497
-988,-505
-948,-491
-940,-483
-880,-495
-916,-461
-908,-485
-968,-515
-1052,-549
-1076,-567
-980,-513
-968,-515
-1008,-523
-916,-497
-960,-499
-1008,-515
-992,-541
-1060,-545
-1068,-555
-1004,-525
-992,-517
-968,-489
-912,-463
-968,-453
-840,-413
-808,-323
-788,-285
-792,-251
-856,-217
-864,-263
-836,-281
-904,-355
-908,-319
-884,-279
-892,-329
-836,-297
-876,-339
-868,-387
-852,-385
-924,-479
-948,-505
-976,-507
-940,-471
-948,-471
-1024,-527
-940,-511
-952,-517
-940,-509
-964,-513
-964,-485
-956,-501
-976,-509
-940,-469
-896,-465
-992,-477
-984,-497
-1044,-551
-888,-467
-916,-467
-772,-319
-808,-371
-896,-389
-912,-407
-936,-439
-896,-361
-876,-375
-896,-435
-892,-447
-888,-449
-908,-479
-992,-501
-932,-493
-860,-437
-924,-485
-916,-475
-900,-461
-928,-463
-916,-481
-1024,-499
-976,-483
-928,-465
-936,-489
-1032,-545
-992,-507
-1036,-521
-972,-489
-1044,-541
-988,-503
-996,-513
-1020,-525
-1004,-527
-968,-513
-1008,-519
-1068,-531
-1016,-527
-988,-491
-888,-463
-848,-389
-840,-345
-856,-347
-836,-347
-780,-349
-872,-441
-844,-395
-872,-429
-844,-383
-836,-385
-900,-433
-892,-403
-856,-367
-856,-361
-808,-361
-812,-399
-812,-411
-820,-399
-880,-463
-928,-433
-836,-403
-964,-477
-888,-447
-984,-505
-956,-485
-1060,-545
-940,-485
-876,-457
-872,-473
-964,-495
-968,-505
-964,-497
-1008,-529
-988,-517
-1056,-543
-1020,-537
-936,-483
-916,-479
-928,-473
-928,-447
-940,-455
-1044,-507
-1024,-461
-924,-445
-952,-461
-916,-439
-964,-383
-892,-399
-868,-403
-944,-457
-956,-439
-956,-389
-984,-389
-936,-421
-872,-381
-920,-429
-960,-415
-932,-365
-912,-341
-912,-347
-960,-367
-968,-361
-868,-335
-872,-363
-980,-463
-980,-513
-956,-501
-1072,-535
-1016,-513
-984,-509
-1040,-513
-912,-433
-1012,-497
-1012,-521
-936,-507
-956,-495
-912,-463
-828,-389
-872,-371
-860,-381
-852,-337
-776,-321
-836,-371
-876,-357
-860,-305
-892,-347
-832,-323
-888,-355
-868,-365
-860,-429
-928,-487
-936,-495
-888,-467
-856,-435
-860,-439
-1000,-487
-968,-483
-964,-501
-904,-485
-1000,-533
-1044,-547
-932,-511
-888,-465
-880,-435
-892,-423
-944,-455
-892,-403
-768,-359
-816,-347
-792,-407
-844,-435
-916,-459
-928,-427
-896,-407
-932,-397
-856,-359
-744,-293
-804,-339
-844,-387
-840,-401
-864,-425
-872,-455
-972,-509
-988,-511
-980,-503
-1024,-517
-960,-499
-912,-487
-1024,-527
-964,-511
-980,-511
-976,-513
-1040,-513
-1028,-541
-1060,-561
-1076,-567
-1004,-539
-928,-503
-920,-475
-996,-535
-1100,-567
-1000,-523
-940,-509
-1048,-551
-1052,-555
-936,-497
-1004,-495
-944,-517
-908,-483
-968,-493
-916,-493
-828,-413
-844,-403
-900,-401
-920,-437
-872,-425
-944,-381
-940,-401
-968,-413
-944,-419
-968,-395
-940,-421
-928,-439
-904,-411
-944,-393
-908,-351
-956,-377
-1000,-391
-916,-347
-888,-319
-864,-299
-892,-327
-952,-361
-932,-373
-872,-303
-856,-333
-860,-357
-840,-353
-792,-325
-852,-355
-856,-359
-896,-413
-904,-409
-868,-385
-908,-431
-932,-449
-924,-477
-920,-439
-896,-471
-916,-487
-988,-521
-904,-425
-1032,-491
-1080,-521
-1032,-503
-1064,-509
-952,-475
-884,-459
-932,-485
-904,-451
-880,-395
-812,-365
-840,-345
-912,-363
-872,-249
-848,-185
-876,-195
-816,-173
-864,-239
-832,-247
-908,-295
-848,-295
-816,-235
-868,-277
-816,-229
-748,-251
-812,-185
-796,-171
-860,-223
-764,-231
-780,-225
-868,-215
-896,-181
-840,-197
-840,-163
-840,-229
-828,-195
-764,-139
-800,-157
-732,-179
-832,-181
-784,-135
-724,-209
-812,-249
-840,-221
-832,-227
-832,-257
-824,-269
-752,-213
-776,-213
-772,-183
-804,-245
-764,-265
-772,-253
-760,-313
-784,-339
-864,-317
-812,-277
-796,-251
-788,-279
-816,-309
-840,-341
-824,-313
-840,-339
-792,-299
-772,-305
-836,-325
-936,-435
-908,-445
-928,-463
-1036,-533
-1040,-543
-992,-531
-980,-509
-896,-475
-916,-471
-980,-475
-904,-453
-912,-465
-964,-497
-976,-503
-1012,-521
-940,-503
-968,-497
-980,-507
-936,-485
-860,-417
-956,-479
-952,-495
-992,-507
-1052,-551
-1012,-535
-984,-513
-1036,-529
-1024,-527
-984,-517
-944,-503
-960,-519
-944,-517
-956,-519
-1024,-531
-880,-451
-948,-493
-932,-489
-840,-431
-828,-439
-876,-433
-892,-413
-872,-389
-928,-451
-872,-437
-872,-393
-852,-309
-868,-287
-872,-251
-904,-181
-828,-121
-796,-45
-728,-47
-740,-45
-784,-33
-760,5
-748,-67
-756,-75
-820,-87
-808,-79
-852,-107
-804,-101
-832,-99
-836,-119
-868,-95
-756,5
-740,33
-720,-37
-752,-59
-780,-95
-780,-91
-732,-99
-748,-157
-816,-121
-784,-101
-756,-89
-776,-77
-792,-67
-756,-95
-796,-125
-784,-65
-844,-7
-852,-59
-852,-59
-888,5
-852,13
-816,-3
-820,-105
-872,-167
-868,-185
-908,-141
-792,-169
-828,-227
-848,-255
-872,-229
-804,-209
-832,-287
-908,-323
-864,-305
-900,-337
-812,-247
-792,-225
-768,-179
-808,-157
-868,-173
-836,-175
-824,-189
-852,-183
-816,-199
-852,-201
-824,-217
-796,-245
-900,-339
-900,-333
-904,-271
-952,-287
-924,-273
-872,-255
-884,-305
-788,-259
-880,-357
-828,-335
-784,-333
-780,-253
-884,-267
-840,-279
-944,-351
-916,-365
-828,-341
-956,-459
-956,-459
-864,-415
-892,-379
-820,-357
-832,-335
-884,-357
-880,-391
-800,-359
-796,-331
-876,-377
-884,-397
-872,-377
-856,-371
-892,-391
-892,-403
-880,-381
-824,-329
-860,-359
-924,-381
-932,-407
-896,-391
-884,-389
-904,-421
-956,-427
-940,-407
-912,-371
-928,-415
-956,-419
-836,-375
-880,-401
-820,-305
-812,-291
-808,-227
-892,-281
-880,-335
-840,-369
-928,-437
-992,-501
-916,-475
-908,-443
-864,-431
-892,-399
-928,-443
-852,-391
-964,-421
-948,-459
-944,-459
-872,-415
-904,-473
-936,-497
-1000,-515
-980,-477
-912,-433
-872,-421
-840,-405
-880,-439
-948,-493
-984,-507
-984,-521
-1016,-539
-1016,-529
-1000,-507
-888,-469
-1016,-535
-1032,-537
-1024,-533
-1016,-545
-1064,-561
-944,-523
-980,-515
-1060,-545
-1012,-531
-920,-493
-888,-443
-888,-457
-948,-455
-972,-481
-984,-507
-992,-499
-964,-499
-952,-479
-976,-509
-932,-477
-908,-483
-992,-511
-1036,-515
-984,-487
-984,-511
-952,-513
-936,-489
-920,-483
-1016,-527
-948,-471
-944,-433
-860,-417
-904,-399
-856,-425
-920,-459
-892,-451
-880,-433
-944,-459
-948,-439
-904,-465
-916,-453
-916,-443
-892,-439
-916,-473
-852,-429
-800,-411
-892,-479
-940,-489
-956,-505
-940,-487
-996,-513
-900,-453
-884,-473
-848,-441
-852,-417
-920,-439
-924,-459
-868,-457
-860,-439
-848,-447
-916,-479
-940,-509
-984,-521
-972,-527
-916,-495
-972,-509
-1024,-535
-860,-441
-904,-461
-940,-463
-868,-439
-872,-421
-848,-433
-840,-413
-824,-385
-888,-389
-856,-391
-840,-445
-808,-401
-784,-397
-788,-375
-812,-387
-860,-421
-876,-415
-920,-471
-892,-443
-888,-433
-916,-483
-924,-467
-916,-467
-932,-483
-932,-503
-920,-473
-912,-479
-880,-485
-992,-529
-1044,-547
-1012,-487
-1028,-513
-1028,-533
-952,-501
-1020,-517
-948,-491
-868,-433
-860,-379
-872,-377
-864,-375
-796,-355
-900,-469
-944,-505
-884,-469
-876,-453
-916,-461
-868,-419
-896,-417
-796,-385
-884,-431
-872,-467
-900,-489
-944,-505
-908,-473
-904,-473
-956,-501
-1004,-519
-992,-513
-1040,-551
-1076,-563
-1024,-549
-1032,-517
-928,-469
-912,-489
-980,-525
-1036,-541
-1036,-531
-1028,-545
-968,-503
-968,-489
-988,-499
-968,-505
-924,-479
-1064,-547
-988,-517
-948,-515
-908,-495
-960,-507
-952,-513
-992,-513
-980,-469
-856,-409
-872,-407
-876,-379
-904,-403
-892,-399
-868,-363
-928,-375
-916,-399
-868,-407
-932,-419
-948,-437
-952,-471
-952,-461
-908,-485
-956,-509
-1028,-525
-948,-471
-900,-463
-984,-499
-912,-439
-876,-423
-908,-435
-912,-413
-888,-395
-820,-355
-792,-315
-860,-385
-860,-407
-828,-385
-856,-407
-872,-397
-936,-443
-868,-437
-916,-461
-888,-437
-868,-453
-936,-461
-956,-503
-928,-483
-1004,-513
-896,-463
-940,-453
-824,-365
-800,-305
-776,-299
-812,-319
-832,-389
-884,-445
-924,-435
-844,-409
-816,-397
-856,-459
-904,-479
-836,-429
-976,-519
-964,-521
-972,-519
-960,-521
-964,-509
-964,-517
-948,-519
-944,-499
-968,-505
-984,-515
-1052,-541
-1012,-525
-988,-531
-924,-503
-908,-461
-860,-415
-868,-435
-876,-373
-816,-319
-816,-301
-772,-225
-852,-277
-880,-313
-756,-283
-804,-327
-876,-325
-860,-327
-852,-319
-836,-281
-888,-271
-896,-189
-864,-191
-844,-231
-804,-241
-900,-309
-836,-243
-864,-247
-860,-287
-892,-267
-856,-207
-928,-289
-940,-307
-844,-261
-792,-287
-824,-309
-852,-337
-884,-391
-932,-431
-952,-433
-928,-431
-828,-385
-816,-395
-812,-373
-752,-393
-768,-347
-840,-367
-872,-427
-988,-511
-968,-511
-1012,-523
-1044,-545
-960,-499
-960,-495
-940,-497
-1084,-533
-952,-495
-904,-453
-940,-465
-932,-463
-944,-461
-924,-457
-924,-483
-996,-519
-968,-505
-968,-513
-1020,-537
-968,-503
-920,-477
-952,-461
-936,-491
-904,-497
-900,-489
-940,-485
-948,-451
-940,-441
-856,-405
-880,-461
-872,-421
-828,-415
-928,-467
-936,-491
-888,-453
-816,-433
-848,-429
-840,-439
-956,-473
-1060,-563
-1056,-561
-928,-509
-988,-507
-972,-505
-996,-505
-1000,-523
-980,-521
-984,-521
-928,-511
-956,-511
-992,-521
-1012,-541
-864,-477
-928,-491
-964,-485
-916,-491
-1036,-549
-1012,-531
-1100,-569
-1068,-547
-1032,-517
-1000,-487
-940,-439
-804,-367
-808,-363
-888,-367
-892,-379
-904,-383
-864,-371
-920,-391
-856,-409
-864,-393
-912,-415
-872,-381
-940,-429
-820,-365
-876,-373
-856,-371
-796,-315
-844,-301
-788,-277
-772,-245
-836,-295
-852,-307
-824,-293
-840,-313
-816,-301
-744,-279
-716,-249
-836,-377
-888,-409
-932,-447
-932,-481
-1032,-495
-1028,-499
-1016,-485
-1032,-519
-952,-509
-956,-491
-956,-479
-944,-493
-928,-465
-952,-501
-928,-499
-872,-457
-972,-495
-952,-489
-980,-515
-1032,-523
-912,-475
-1036,-521
-868,-429
-868,-439
-976,-457
-912,-389
-872,-413
-888,-433
-860,-431
-820,-401
-944,-477
-984,-475
-980,-443
-960,-473
-1016,-511
-976,-529
-996,-523
-916,-481
-912,-453
-856,-443
-824,-431
-904,-447
-888,-479
-884,-427
-808,-373
-904,-429
-884,-389
-892,-437
-848,-371
-848,-413
-936,-477
-964,-501
-980,-519
-952,-503
-964,-503
-964,-497
-964,-501
-912,-471
-860,-411
-824,-351
-776,-361
-752,-323
-788,-339
-888,-401
-904,-457
-988,-491
-952,-487
-1036,-533
-1016,-541
-1064,-531
-1092,-561
-1064,-565
-992,-521
-956,-495
-872,-455
-936,-495
-1020,-539
-1092,-559
-916,-491
-864,-445
-816,-433
-972,-505
-988,-523
-1036,-553
-1104,-573
-1040,-539
-988,-525
-1016,-533
-1032,-521
-1100,-555
-1068,-561
-1048,-553
-1000,-533
-1048,-545
-980,-507
-924,-477
-928,-457
-864,-419
-900,-399
-888,-365
-880,-365
-916,-379
-868,-365
-916,-405
-848,-381
-860,-415
-856,-341
-852,-375
-904,-305
-852,-343
-820,-323
-872,-367
-892,-381
-936,-475
-1016,-521
-920,-457
-932,-487
-928,-493
-920,-467
-896,-433
-888,-429
-952,-421
-964,-449
-968,-469
-884,-421
-840,-361
-860,-349
-824,-317
-788,-279
-780,-291
-864,-365
-896,-381
-892,-387
-856,-371
-884,-363
-796,-335
-788,-335
-876,-351
-876,-363
-856,-339
-824,-333
-804,-277
-864,-251
-856,-211
-800,-179
-760,-153
-808,-199
-776,-189
-748,-253
-776,-301
-868,-383
-860,-383
-952,-471
-916,-463
-904,-489
-984,-495
-900,-467
-888,-439
-920,-475
-944,-473
-848,-431
-836,-381
-932,-449
-920,-435
-964,-495
-932,-475
-904,-497
-876,-491
-972,-493
-892,-401
-808,-331
-836,-403
-808,-323
-856,-387
-888,-463
-940,-507
-944,-495
-968,-505
-936,-485
-908,-471
-968,-469
-944,-491
-900,-467
-964,-495
-924,-455
-968,-497
-904,-471
-912,-453
-928,-479
-828,-403
-884,-447
-940,-469
-964,-505
-904,-485
-1032,-531
-996,-519
-944,-475
-980,-533
-996,-511
-1012,-529
-1060,-547
-1052,-545
-1064,-567
-988,-521
-996,-531
-1032,-547
-920,-507
-872,-491
-900,-495
-888,-465
-976,-505
-904,-469
-944,-475
-908,-417
-844,-429
-896,-441
-1008,-511
-992,-525
-976,-501
-956,-513
-972,-521
-976,-525
-904,-467
-836,-441
-888,-483
-904,-483
-980,-509
-972,-499
-884,-451
-800,-411
-828,-447
-856,-455
-832,-411
-772,-415
-824,-443
-920,-489
-952,-499
-940,-501
-956,-511
-916,-485
-880,-485
-880,-473
-836,-445
-820,-459
-888,-465
-844,-409
-948,-519
-968,-525
-992,-531
-952,-519
-1016,-545
-936,-501
-952,-483
-1068,-543
-1044,-543
-1088,-561
-1060,-551
-912,-505
-940,-493
-928,-485
-872,-433
-872,-405
-832,-395
-852,-435
-904,-473
-912,-471
-924,-483
-972,-507
-984,-519
-992,-517
-1024,-537
-968,-513
-960,-523
-1056,-551
-1004,-541
-928,-515
-964,-513
-924,-485
-908,-481
-960,-507
-988,-507
-1040,-541
-1000,-523
-1048,-527
-964,-513
-1080,-537
-984,-525
-1016,-535
-984,-513
-996,-523
-1012,-525
-936,-505
-960,-523
-948,-507
-964,-521
-896,-495
-908,-495
-828,-431
-884,-447
-936,-481
-952,-489
-992,-509
-948,-501
-952,-497
-996,-511
-916,-489
-896,-485
-972,-505
-960,-507
-960,-493
-892,-449
-924,-427
-996,-497
-968,-459
-980,-445
-872,-349
-872,-347
-892,-333
-964,-333
-1004,-407
-888,-323
-908,-329
-868,-345
-936,-393
-984,-333
-908,-275
-892,-329
-848,-315
-836,-251
-880,-245
-812,-223
-880,-225
-852,-207
-860,-185
-800,-169
-852,-221
-808,-199
-820,-171
-868,-149
-832,-167
-860,-157
-900,-195
-796,-231
-740,-245
-800,-233
-840,-283
-836,-317
-904,-397
-868,-379
-812,-339
-752,-313
-788,-273
-856,-389
-864,-395
-868,-389
-872,-375
-940,-339
-864,-289
-892,-281
-836,-271
-920,-285
-912,-283
-856,-269
-848,-227
-900,-261
-848,-317
-884,-345
-888,-347
-884,-385
-824,-333
-824,-323
-876,-245
-924,-259
-876,-269
-844,-291
-872,-277
-868,-269
-844,-147
-804,-79
-844,-127
-780,-143
-784,-219
-808,-191
-764,-183
-764,-219
-796,-129
-824,-245
-840,-339
-804,-339
-760,-283
-776,-319
-856,-391
-880,-419
-876,-439
-880,-429
-880,-423
-876,-423
-920,-469
-992,-487
-1024,-529
-944,-437
-904,-419
-944,-433
-908,-467
-920,-477
-992,-519
-960,-509
-956,-495
-1012,-507
-1004,-517
-964,-495
-984,-519
-968,-501
-928,-481
-1040,-543
-1016,-527
-992,-515
-892,-463
-912,-473
-916,-487
-988,-511
-980,-511
-1000,-533
-992,-531
-1040,-549
-964,-515
-952,-505
-876,-441
-880,-431
-892,-449
-932,-463
-928,-475
-960,-507
-1032,-555
-1028,-549
-1024,-543
-1060,-557
-1044,-557
-1000,-539
-992,-511
-1032,-529
-936,-479
-928,-477
-956,-463
-984,-455
-948,-467
-984,-519
-980,-523
-1052,-549
-992,-531
-968,-509
-932,-457
-900,-413
-936,-421
-884,-385
-892,-369
-896,-405
-916,-427
-868,-367
-832,-365
-796,-313
-844,-311
-840,-345
-896,-281
-840,-349
-840,-307
-792,-295
-784,-263
-828,-297
-860,-287
-904,-323
-908,-299
-896,-311
-860,-299
-872,-297
-792,-263
-752,-277
-776,-263
-788,-249
-736,-269
-720,-223
-796,-241
-724,-215
-724,-211
-736,-227
-796,-245
-816,-259
-808,-217
-852,-153
-728,-141
-764,-127
-816,-75
-816,-47
-784,-27
-804,9
-788,-13
-816,25
-812,39
-772,-3
-788,13
-768,-33
-848,-61
-824,-137
-804,-109
-768,-69
-800,-115
-784,-97
-812,-37
-796,-35
-708,13
-648,19
-664,15
-700,17
-692,-83
-684,-25
-672,-59
-764,53
-776,133
-764,101
-692,95
-688,77
-672,31
-724,-91
-716,-117
-720,-75
-808,-121
-800,-175
-792,-53
-832,-87
-812,-175
-896,-275
-900,-345
-896,-377
-848,-345
-792,-311
-804,-353
-820,-387
-900,-481
-948,-509
-920,-493
-924,-487
-1000,-497
-956,-479
-940,-475
-876,-443
-972,-491
-1016,-511
-1012,-509
-876,-463
-788,-415
-756,-373
-796,-391
-884,-437
-836,-421
-812,-349
-856,-389
-796,-369
-920,-449
-972,-499
-924,-491
-920,-471
-944,-495
-924,-483
-852,-433
-912,-409
-864,-379
-860,-353
-856,-331
-824,-273
-884,-233
-776,-195
-752,-207
-780,-245
-860,-313
-860,-309
-908,-355
-844,-361
-888,-457
-856,-441
-828,-431
-920,-415
-868,-405
-856,-427
-880,-441
-928,-477
-920,-403
-908,-445
-892,-437
-908,-407
-948,-483
-916,-439
-856,-441
-888,-459
-920,-455
-936,-485
-832,-433
-880,-417
-808,-383
-928,-443
-884,-443
-976,-475
-1044,-515
-1008,-507
-976,-493
-872,-449
-840,-413
-812,-365
-828,-353
-856,-437
-820,-427
-920,-447
-948,-423
-872,-399
-808,-379
-788,-285
-776,-293
-712,-253
-752,-243
-788,-247
-852,-269
-836,-277
-816,-269
-812,-309
-824,-333
-876,-375
-880,-423
-884,-455
-916,-461
-876,-417
-848,-431
-916,-487
-896,-479
-932,-455
-916,-447
-972,-481
-988,-521
-1008,-521
-904,-491
-948,-493
-972,-517
-972,-513
-980,-513
-972,-525
-920,-469
-976,-471
-1060,-527
-900,-453
-904,-409
-872,-385
-816,-365
-956,-467
-896,-455
-852,-423
-844,-423
-864,-455
-952,-499
-960,-483
-932,-475
-936,-487
-904,-483
-912,-473
-912,-455
-984,-487
-980,-479
-944,-439
-904,-429
-864,-459
-928,-459
-892,-377
-888,-341
-880,-373
-928,-419
-924,-433
-888,-393
-908,-323
-828,-333
-844,-321
-808,-261
-832,-269
-792,-213
-796,-223
-808,-257
-740,-209
-784,-129
-800,-193
-796,-149
-760,-191
-800,-171
-808,-203
-884,-259
-812,-235
-856,-301
-868,-319
-936,-357
-876,-369
-848,-413
-848,-457
-888,-467
-944,-487
-1012,-509
-1024,-529
-1020,-531
-1008,-531
-956,-497
-948,-475
-972,-473
-888,-429
-972,-469
-1016,-479
-940,-477
-900,-451
-864,-399
-872,-397
-816,-395
-844,-393
-856,-427
-880,-463
-864,-447
-872,-425
-900,-435
-956,-467
-956,-473
-908,-465
-852,-419
-780,-365
-768,-375
-832,-355
-808,-341
-752,-307
-856,-421
-876,-395
-912,-387
-928,-469
-852,-457
-924,-481
-908,-449
-788,-397
-832,-413
-920,-451
-912,-399
-924,-421
-988,-439
-924,-445
-928,-443
-916,-477
-872,-459
-892,-441
-924,-459
-884,-445
-892,-475
-956,-499
-876,-397
-832,-377
-924,-459
-864,-449
-888,-459
-812,-395
-828,-375
-868,-435
-896,-467
-892,-437
-832,-413
-840,-435
-868,-415
-896,-453
-872,-439
-856,-429
-1060,-521
-1012,-515
-984,-489
-928,-475
-936,-491
-1032,-529
-988,-519
-932,-489
-944,-497
-940,-465
-920,-485
-984,-531
-1000,-541
-976,-507
-964,-511
-1032,-549
-964,-521
-968,-493
-1004,-531
-1008,-511
-988,-495
-904,-479
-888,-473
-964,-507
-1016,-529
-980,-515
-976,-487
-924,-473
-1000,-523
-968,-519
-928,-483
-852,-443
-932,-445
-956,-421
-968,-359
-940,-309
-908,-261
-928,-321
-864,-313
-852,-381
-912,-403
-808,-367
-824,-365
-824,-331
-764,-257
-868,-335
-860,-333
-816,-277
-836,-321
-808,-329
-812,-337
-844,-325
-912,-357
-844,-337
-924,-449
-952,-477
-964,-495
-1028,-511
-1016,-533
-1080,-571
-1028,-549
-1072,-553
-1060,-549
-984,-527
-952,-525
-984,-507
-992,-485
-928,-405
-868,-379
-840,-347
-808,-349
-824,-371
-864,-409
-884,-423
-936,-433
-876,-395
-836,-389
-868,-429
-864,-449
-984,-515
-988,-509
-952,-477
-996,-521
-988,-513
-1032,-525
-868,-485
-940,-501
-936,-463
-916,-431
-888,-451
-880,-445
-928,-483
-888,-453
-936,-499
-844,-439
-936,-481
-916,-487
-908,-485
-940,-469
-912,-455
-952,-493
-928,-455
-916,-459
-936,-491
-928,-509
-916,-505
-1012,-533
-1008,-517
-920,-485
-960,-489
-896,-453
-952,-483
-912,-435
-1004,-465
-908,-413
-924,-425
-920,-441
-916,-437
-868,-437
-976,-505
-888,-429
-868,-431
-884,-447
-996,-537
-932,-513
-952,-521
-928,-505
-996,-537
-956,-515
-860,-445
-924,-487
-912,-475
-972,-487
-952,-469
-916,-465
-992,-515
-936,-497
-1004,-505
-1000,-515
-1020,-533
-1000,-519
-992,-509
-940,-489
-924,-461
-1008,-509
-916,-417
-872,-379
-884,-341
-832,-283
-836,-245
-940,-303
-892,-309
-848,-249
-788,-245
-820,-263
-900,-251
-864,-277
-764,-241
-804,-307
-804,-357
-824,-393
-876,-431
-964,-457
-976,-453
-952,-443
-944,-449
-840,-393
-852,-403
-832,-391
-888,-415
-868,-433
-884,-415
-848,-393
-856,-425
-852,-391
-884,-383
-828,-373
-932,-387
-924,-437
-884,-463
-908,-483
-904,-467
-964,-503
-948,-501
-896,-465
-828,-413
-852,-391
-828,-387
-828,-359
-920,-419
-920,-387
-892,-371
-876,-389
-852,-369
-860,-415
-904,-429
-876,-409
-932,-487
-944,-491
-1004,-533
-996,-519
-908,-503
-1004,-521
-932,-501
-1048,-555
-1020,-549
-940,-501
-992,-525
-980,-529
-940,-493
-868,-435
-880,-441
-900,-461
-952,-505
-940,-489
-960,-465
-884,-423
-980,-493
-956,-499
-916,-449
-876,-417
-936,-463
-888,-435
-924,-465
-896,-453
-1012,-539
-1044,-559
-1040,-553
-1016,-549
-1044,-557
-1036,-551
-980,-523
-968,-495
-980,-473
-960,-449
-904,-443
-936,-475
-904,-425
-864,-415
-792,-393
-780,-387
-880,-421
-868,-425
-896,-445
-908,-487
-944,-505
-900,-475
-940,-475
-900,-457
-940,-461
-924,-487
-928,-493
-900,-457
-892,-445
-944,-451
-1008,-509
-912,-449
-956,-493
-936,-471
-936,-431
-864,-325
-872,-351
-932,-395
-952,-431
-952,-451
-972,-495
-904,-471
-844,-439
-904,-467
-904,-435
-928,-459
-900,-461
-912,-481
-896,-463
-924,-449
-816,-423
-924,-457
-936,-483
-928,-475
-880,-463
-972,-511
-892,-465
-856,-435
-836,-445
-912,-493
-868,-419
-904,-425
-916,-439
-904,-469
-888,-463
-940,-489
-924,-477
-852,-427
-816,-395
-876,-307
-876,-337
-844,-319
-800,-345
-892,-333
-856,-343
-812,-365
-812,-357
-888,-395
-948,-429
-848,-385
-868,-381
-840,-369
-904,-407
-824,-297
-868,-363
-860,-405
-856,-391
-788,-355
-860,-385
-868,-397
-904,-449
-948,-491
-908,-455
-1000,-475
-924,-469
-944,-445
-956,-463
-956,-475
-884,-447
-892,-395
-884,-409
-916,-425
-896,-383
-944,-439
-964,-455
-988,-485
-964,-463
-1012,-481
-972,-463
-892,-441
-940,-405
-860,-355
-936,-395
-912,-369
-980,-415
-984,-447
-1008,-429
-956,-399
-880,-393
-924,-429
-904,-439
-948,-477
-944,-431
-896,-383
-888,-413
-872,-427
-888,-439
-916,-405
-884,-399
-800,-355
-856,-387
-972,-495
-980,-499
-960,-501
-996,-513
-964,-525
-1000,-523
-964,-493
-1032,-515
-988,-491
-948,-483
-888,-467
-1064,-541
-1064,-559
-1012,-539
-948,-475
-848,-439
-860,-415
-908,-399
-920,-405
-928,-345
-852,-277
-852,-271
-836,-223
-876,-297
-828,-315
-780,-255
-828,-219
-796,-233
-804,-289
-876,-357
-812,-357
-836,-385
-828,-371
-812,-371
-848,-403
-948,-437
-788,-359
-864,-405
-900,-379
-900,-379
-884,-379
-852,-353
-900,-377
-940,-383
-884,-411
-844,-319
-744,-261
-708,-199
-808,-233
-784,-233
-784,-285
-880,-381
-880,-407
-924,-489
-864,-453
-912,-445
-960,-463
-988,-467
-932,-457
-900,-435
-860,-415
-812,-377
-832,-385
-776,-365
-772,-325
-780,-331
-832,-373
-860,-357
-936,-349
-812,-287
-816,-273
-848,-273
-780,-281
-840,-305
-952,-353
-872,-351
-888,-403
-836,-361
-736,-333
-796,-333
-748,-291
-836,-265
-900,-293
-884,-257
-856,-267
-788,-199
-776,-189
-800,-187
-892,-153
-876,-159
-864,-175
-740,-89
-768,-75
-816,-63
-852,-21
-792,-101
-788,-47
-820,-73
-800,-91
-804,-119
-840,-171
-836,-215
-840,-283
-812,-281
-800,-291
-828,-299
-824,-363
-984,-467
-912,-411
-912,-403
-892,-387
-852,-323
-952,-435
-900,-375
-916,-367
-876,-321
-836,-305
-892,-307
-840,-299
-836,-307
-792,-315
-876,-331
-896,-327
-924,-403
-888,-413
-912,-429
-888,-461
-1012,-523
-1072,-551
-972,-493
-864,-395
-876,-417
-884,-397
-888,-397
-896,-381
-868,-369
-932,-425
-908,-421
-864,-365
-840,-377
-796,-347
-824,-321
-868,-305
-844,-263
-836,-275
-868,-325
-836,-309
-864,-375
-904,-439
-944,-431
-940,-401
-944,-383
-992,-375
-940,-339
-936,-269
-760,-225
-816,-221
-804,-221
-764,-215
-820,-265
-772,-197
-776,-139
-860,-111
-780,-195
-780,-199
-764,-185
-764,-171
-824,-187
-776,-213
-816,-187
-852,-191
-828,-127
-872,-189
-892,-159
-880,-109
-880,-135
-888,-123
-920,-107
-864,-89
-816,-69
-824,-153
-804,-221
-848,-229
-800,-221
-868,-237
-844,-249
-808,-275
-872,-313
-836,-309
-888,-339
-980,-447
-912,-425
-940,-447
-992,-509
-920,-497
-924,-485
-996,-521
-900,-469
-908,-463
-880,-435
-888,-461
-868,-447
-864,-389
-804,-401
-836,-405
-888,-455
-884,-473
-924,-487
-924,-493
-912,-455
-972,-449
-976,-475
-952,-491
-996,-517
-884,-467
-836,-471
-852,-459
-816,-437
-820,-415
-780,-399
-804,-419
-872,-427
-968,-483
-952,-473
-944,-493
-904,-487
-972,-499
-988,-513
-1008,-531
-1008,-531
-920,-467
-980,-531
-984,-513
-1048,-541
-1076,-557
-964,-523
-972,-515
-964,-507
-964,-487
-920,-473
-936,-489
-980,-531
-1040,-553
-1052,-559
-1020,-547
-940,-465
-892,-445
-924,-465
-936,-497
-976,-485
-952,-507
-952,-485
-892,-455
-1008,-471
-904,-405
-908,-389
-892,-467
-964,-499
-884,-459
-904,-455
-928,-463
-960,-515
-960,-509
-912,-469
-928,-479
-1012,-541
-1044,-531
-948,-455
-924,-443
-876,-435
-884,-443
-952,-455
-948,-441
-964,-479
-924,-469
-856,-369
-816,-363
-812,-365
-844,-429
-840,-429
-912,-489
-944,-485
-1024,-537
-1004,-531
-1020,-525
-984,-511
-916,-475
-928,-457
-920,-485
-876,-475
-836,-425
-932,-475
-884,-441
-800,-401
-852,-309
-828,-227
-812,-221
-796,-163
-816,-107
-720,-121
-792,-161
-820,-159
-860,-191
-884,-251
-848,-221
-836,-247
-820,-249
-760,-241
-824,-277
-808,-271
-796,-277
-844,-297
-800,-291
-816,-329
-836,-329
-848,-233
-832,-209
-820,-191
-804,-171
-784,-185
-816,-207
-808,-175
-864,-195
-876,-177
-872,-217
-860,-241
-852,-299
-852,-257
-844,-299
-796,-223
-740,-243
-772,-253
-808,-233
-772,-197
-820,-223
-856,-235
-808,-235
-740,-217
-852,-305
-916,-321
-868,-289
-876,-295
-864,-301
-892,-275
-924,-265
-856,-245
-796,-295
-768,-229
-780,-219
-744,-255
-764,-301
-824,-337
-832,-311
-888,-287
-836,-237
-812,-291
-840,-295
-820,-243
-888,-277
-900,-281
-920,-325
-920,-349
-992,-325
-932,-331
-920,-371
-904,-361
-824,-323
-864,-333
-816,-317
-800,-235
-788,-271
-824,-329
-896,-315
-872,-331
-872,-303
-836,-269
-828,-247
-868,-317
-812,-339
-740,-349
-784,-357
-740,-293
-736,-289
-808,-337
-888,-371
-868,-349
-864,-327
-864,-325
-904,-319
-844,-347
-864,-317
-772,-287
-912,-291
-884,-341
-952,-353
-916,-461
-980,-487
-992,-515
-1000,-519
-884,-463
-900,-477
-852,-475
-928,-501
-884,-483
-928,-463
-948,-517
-936,-465
-844,-429
-864,-459
-936,-507
-908,-483
-968,-505
-836,-453
-848,-425
-896,-425
-820,-403
-932,-435
-876,-395
-956,-363
-856,-343
-816,-341
-832,-235
-836,-259
-852,-259
-844,-187
-872,-285
-872,-321
-868,-365
-776,-361
-828,-353
-892,-387
-912,-425
-940,-447
-944,-503
-944,-509
-936,-493
-912,-455
-876,-411
-812,-353
-852,-449
-904,-449
-952,-497
-968,-503
-1056,-549
-1052,-549
-1088,-573
-924,-503
-956,-503
-900,-481
-988,-519
-924,-481
-880,-469
-912,-483
-940,-511
-908,-477
-908,-447
-868,-427
-904,-427
-888,-425
-880,-435
-868,-391
-924,-417
-860,-375
-968,-429
-984,-487
-936,-455
-936,-479
-956,-497
-988,-509
-1016,-523
-960,-489
-1008,-509
-976,-477
-980,-529
-920,-509
-1008,-541
-1028,-541
-900,-475
-880,-445
-872,-423
-928,-427
-876,-457
-912,-437
-924,-433
-792,-371
-820,-425
-836,-467
-936,-491
-848,-441
-864,-451
-876,-451
-940,-457
-892,-433
-940,-473
-848,-439
-896,-455
-860,-455
-908,-479
-928,-477
-896,-489
-948,-493
-964,-521
-1012,-539
-988,-535
-1004,-535
-984,-519
-988,-527
-1100,-575
-1040,-545
-1000,-527
-1008,-505
-1032,-535
-972,-509
-992,-499
-908,-417
-880,-443
-968,-479
-940,-497
-880,-449
-836,-411
-820,-341
-808,-307
-792,-299
-744,-287
-784,-313
-884,-399
-904,-347
-796,-329
-840,-325
-888,-335
-824,-321
-884,-395
-944,-429
-920,-459
-920,-461
-1036,-511
-940,-441
-824,-381
-860,-365
-808,-331
-880,-359
-876,-359
-904,-369
-940,-341
-900,-265
-788,-311
-692,-253
-776,-289
-852,-325
-896,-341
-868,-385
-900,-421
-832,-419
-900,-443
-916,-465
-936,-493
-1008,-537
-932,-489
-932,-451
-912,-459
-884,-449
-896,-485
-964,-505
-924,-461
-904,-413
-872,-379
-872,-413
-876,-413
-964,-481
-916,-425
-876,-439
-888,-441
-888,-471
-880,-465
-864,-449
-976,-485
-996,-495
-964,-471
-1004,-523
-892,-485
-896,-487
-904,-461
-936,-483
-904,-475
-940,-461
-908,-455
-908,-477
-992,-511
-872,-445
-944,-487
-912,-481
-956,-505
-1016,-531
-952,-505
-952,-521
-980,-513
-892,-441
-908,-421
-904,-401
-940,-471
-976,-487
-884,-439
-884,-415
-840,-415
-876,-393
-784,-315
-828,-313
-824,-305
-888,-381
-852,-359
-872,-433
-892,-447
-912,-475
-908,-487
-1032,-541
-1000,-535
-968,-523
-1084,-545
-1000,-477
-984,-493
-932,-485
-860,-419
-892,-425
-888,-417
-876,-401
-844,-341
-820,-351
-864,-347
-920,-351
-832,-323
-808,-305
-784,-287
-744,-255
-700,-185
-708,-131
-720,-137
-792,-123
-724,-133
-732,-69
-736,-15
-696,9
-724,5
-848,103
-860,105
-844,75
-856,23
-856,55
-812,43
-780,65
-792,61
-796,43
-880,61
-868,85
-900,93
-900,85
-852,11
-848,-69
-852,-115
-904,-115
-872,-85
-804,-127
-728,-127
-788,-155
-760,-145
-756,-121
-684,-125
-796,-127
-692,-147
-728,-261
-744,-303
-784,-363
-784,-411
-888,-435
-872,-417
-928,-455
-920,-441
-972,-435
-936,-471
-996,-507
-1056,-523
-892,-441
-912,-435
-908,-389
-896,-393
-900,-427
-836,-419
-852,-423
-948,-463
-816,-403
-928,-459
-888,-459
-1028,-543
-992,-529
-888,-493
-848,-463
-904,-483
-988,-513
-1060,-553
-1088,-571
-1020,-533
-956,-511
-932,-493
-1040,-553
-1020,-549
-1032,-533
-996,-523
-960,-493
-908,-469
-868,-443
-820,-471
-900,-507
-932,-521
-892,-491
-908,-497
-924,-453
-840,-411
-860,-339
-872,-385
-800,-353
-820,-323
-856,-345
-904,-327
-824,-279
-776,-297
-880,-385
-872,-381
-900,-419
-948,-477
-876,-447
-832,-383
-808,-345
-896,-423
-868,-391
-836,-359
-812,-289
-888,-295
-824,-229
-836,-243
-844,-299
-848,-267
-804,-235
-720,-179
-768,-109
-740,-111
-684,-89
-732,-53
-700,-49
-760,87
-776,51
-792,123
-684,85
-724,133
-728,87
-688,71
-736,-1
-784,155
-900,179
-868,183
-844,189
-788,197
-784,187
-852,149
-780,147
-856,171
-812,155
-828,101
-868,103
-852,145
-812,191
-780,213
-772,199
-836,203
-812,199
-844,189
-844,195
-828,193
-824,181
-852,201
-824,177
-724,83
-848,143
-864,255
-868,203
-848,133
-888,93
-816,161
-816,93
-780,21
-712,13
-796,43
-760,-43
-756,-61
-796,-45
-776,1
-796,39
-756,37
-736,63
-768,45
-800,49
-780,-39
-760,-5
-756,-15
-836,-31
-808,-25
-848,-49
-792,-25
-840,-93
-844,-109
-880,-173
-876,-175
-848,-161
-792,-143
-708,-107
-748,-93
-764,-87
-840,-119
-868,-157
-816,-161
-772,-237
-736,-193
-744,-187
-812,-237
-712,-113
-764,-71
-860,-21
-872,15
-836,29
-848,95
-844,117
-828,63
-756,-3
-804,-39
-836,-97
-744,-69
-768,-111
-752,-93
-780,-123
-732,-153
-800,-149
-744,-177
-788,-129
-764,-69
-784,-35
-848,39
-828,-31
-812,-51
-880,-111
-776,-155
-824,-151
-748,-113
-760,-133
-796,-51
-836,-11
-808,13
-796,99
-828,87
-824,141
-876,233
-916,257
-876,221
-848,277
-808,223
-808,239
-852,287
-884,341
-820,309
-764,285
-852,267
-844,269
-848,305
-800,355
-856,381
-820,321
-780,359
-860,399
-860,377
-852,399
-872,435
-896,453
-840,401
-948,449
-956,461
-980,511
-968,497
-980,523
-928,489
-952,517
-1012,529
-984,491
-940,483
-892,451
-960,417
-868,403
-896,385
-828,365
-780,327
-896,367
-784,319
-812,315
-832,331
-820,369
-812,357
-844,337
-880,357
-880,353
-844,349
-900,365
-832,335
-860,313
-920,307
-864,317
-840,409
-876,441
-924,463
-868,431
-940,475
-932,475
-900,433
-836,399
-800,411
-820,421
-992,513
-896,457
-904,397
-892,367
-828,299
-852,325
-884,313
-856,317
-788,299
-808,319
-908,375
-944,397
-948,399
-916,407
-872,407
-984,487
-1056,497
-984,453
-920,415
-952,469
-832,439
-848,409
-920,423
-976,449
-872,401
-852,407
-916,375
-848,349
-824,297
-800,313
-864,297
-840,297
-804,247
-784,223
-816,279
-832,225
-868,161
-824,193
-840,199
-804,243
-904,265
-824,305
-832,345
-920,411
-912,447
-848,413
-868,365
-820,345
-856,401
-928,455
-908,475
-948,493
-932,483
-936,471
-948,489
-1004,517
-956,483
-932,469
-916,475
-916,491
-960,487
-996,525
-1000,517
-1008,517
-940,489
-928,491
-964,507
-904,477
-876,439
-948,481
-932,463
-904,413
-832,399
-916,467
-928,455
-944,479
-916,441
-976,493
-1040,539
-996,531
-948,515
-928,501
-952,503
-884,457
-1000,525
-980,525
-1016,519
-1024,543
-980,525
-1024,527
-1000,541
-928,503
-880,473
-912,471
-824,389
-856,411
-904,419
-980,423
-940,465
-968,489
-860,367
-860,365
-928,471
-844,395
-776,367
-820,353
-844,363
-892,401
-804,345
-792,385
-852,389
-872,373
-832,375
-812,329
-796,303
-732,267
-812,315
-792,293
-836,319
-784,351
-808,347
-848,383
-816,313
-844,379
-900,395
-868,393
-816,361
-816,329
-844,375
-808,347
-784,327
-752,313
-864,389
-864,431
-928,463
-936,493
-868,455
-928,463
-912,457
-856,429
-888,441
-832,381
-824,361
-768,307
-784,313
-768,181
-752,129
-808,93
-840,37
-788,51
-784,33
-764,-77
-740,-131
-792,-311
-788,-335
-800,-315
-856,-311
-888,-355
-832,-333
-868,-381
-832,-367
-840,-411
-840,-413
-836,-399
-796,-391
-928,-417
-880,-399
-876,-455
-924,-451
-1036,-485
-948,-459
-968,-477
-964,-487
-884,-401
-864,-415
-828,-405
-688,-323
-736,-311
-784,-299
-772,-289
-760,-265
-688,-249
-764,-271
-808,-241
-800,-273
-712,-199
-852,-217
-788,-211
-800,-203
-800,-313
-868,-413
-848,-423
-908,-435
-864,-463
-912,-479
-952,-493
-964,-515
-944,-517
-964,-501
-968,-499
-1012,-529
-920,-479
-1000,-519
-980,-493
-984,-481
-968,-513
-992,-529
-952,-507
-892,-481
-924,-473
-940,-471
-856,-393
-796,-385
-848,-435
-956,-487
-872,-433
-872,-427
-864,-417
-976,-499
-880,-449
-896,-453
-908,-459
-916,-477
-900,-473
-904,-479
-900,-479
-1048,-539
-988,-519
-996,-513
-940,-499
-888,-447
-912,-463
-892,-479
-916,-471
-932,-499
-1008,-509
-924,-461
-960,-465
-916,-455
-792,-383
-808,-411
-924,-503
-896,-469
-892,-441
-864,-405
-892,-391
-864,-419
-832,-421
-808,-379
-892,-425
-892,-451
-892,-467
-976,-501
-1028,-537
-1004,-509
-924,-471
-864,-423
-912,-419
-928,-437
-964,-495
-960,-507
-972,-521
-968,-467
-936,-463
-880,-455
-984,-521
-940,-483
-820,-437
-880,-479
-948,-485
-872,-447
-892,-461
-908,-483
-1016,-529
-1008,-539
-956,-493
-836,-455
-928,-455
-896,-425
-888,-377
-884,-403
-944,-437
-864,-379
-880,-415
-848,-401
-884,-401
-944,-425
-904,-407
-832,-353
-768,-305
-712,-283
-808,-297
-812,-249
-772,-229
-748,-191
-784,-155
-848,-127
-892,-83
-908,-91
-864,-45
-840,-79
-780,-89
-836,3
-820,-21
-708,-23
-752,57
-732,-15
-800,63
-836,43
-852,67
-816,87
-816,47
-756,45
-764,57
-708,-9
-760,-27
-712,-17
-836,61
-760,107
-728,77
-784,99
-768,81
-740,5
-772,-41
-804,-47
-840,-47
-756,-105
-724,-137
-768,-119
-760,-61
-740,-81
-784,-99
-804,-95
-764,-157
-808,-181
-760,-179
-808,-191
-820,-167
-792,-119
-816,-227
-828,-341
-924,-395
-944,-429
-924,-425
-924,-463
-852,-449
-904,-451
-864,-415
-840,-381
-848,-405
-888,-407
-952,-459
-916,-461
-920,-445
-888,-427
-796,-335
-820,-407
-824,-437
-844,-421
-868,-409
-880,-393
-772,-355
-820,-379
-888,-415
-936,-461
-932,-459
-876,-461
-944,-491
-956,-487
-968,-499
-880,-443
-904,-445
-876,-441
-980,-511
-956,-509
-1032,-543
-976,-527
-944,-519
-996,-523
-968,-527
-1012,-527
-968,-505
-960,-481
-900,-459
-888,-457
-888,-447
-912,-431
-892,-385
-876,-395
-884,-403
-820,-367
-788,-361
-744,-297
-804,-309
-808,-293
-892,-347
-860,-269
-872,-367
-912,-339
-920,-401
-940,-385
-912,-345
-920,-343
-896,-307
-932,-383
-836,-357
-852,-329
-868,-365
-868,-391
-904,-397
-888,-429
-996,-487
-888,-455
-848,-427
-848,-419
-748,-379
-836,-393
-928,-419
-896,-425
-860,-393
-872,-435
-920,-449
-892,-451
-936,-457
-960,-459
-956,-475
-996,-513
-940,-483
-1020,-531
-984,-517
-952,-507
-964,-483
-1028,-503
-976,-511
-1076,-557
-1044,-549
-956,-499
-960,-493
-960,-501
-972,-485
-984,-489
-876,-447
-1020,-517
-1064,-547
-992,-523
-1068,-555
-988,-519
-1056,-547
-1036,-551
-992,-517
-944,-519
-972,-507
-968,-497
-940,-505
-960,-509
-924,-491
-884,-469
-912,-451
-928,-467
-896,-467
-920,-473
-924,-475
-988,-495
-912,-465
-856,-429
-772,-369
-824,-419
-836,-453
-884,-469
-884,-467
-968,-487
-1020,-545
-976,-507
-972,-501
-956,-507
-912,-483
-880,-419
-884,-461
-948,-485
-996,-517
-1068,-539
-1020,-539
-1024,-533
-1008,-531
-940,-505
-1004,-513
-1016,-527
-956,-519
-1032,-553
-956,-509
-916,-491
-976,-507
-992,-541
-1056,-543
-1020,-511
-872,-457
-860,-421
-904,-441
-892,-469
-900,-461
-956,-499
-896,-459
-984,-513
-944,-481
-980,-509
-932,-475
-852,-443
-912,-455
-904,-459
-1024,-527
-1032,-547
-972,-523
-856,-421
-876,-439
-816,-429
-828,-423
-852,-421
-988,-471
-944,-453
-988,-487
-908,-459
-880,-455
-948,-471
-964,-495
-980,-499
-952,-467
-864,-423
-880,-435
-932,-479
-912,-449
-860,-449
-936,-445
-880,-405
-920,-415
-780,-329
-832,-343
-832,-321
-864,-363
-916,-377
-788,-355
-880,-373
-912,-451
-936,-497
-928,-491
-956,-483
-920,-479
-1012,-507
-800,-403
-928,-455
-900,-433
-896,-447
-940,-451
-852,-401
-884,-437
-956,-483
-1076,-539
-1032,-547
-888,-445
-888,-405
-948,-449
-868,-409
-972,-465
-884,-425
-1000,-457
-928,-429
-908,-395
-876,-401
-816,-387
-924,-485
-832,-375
-992,-469
-1012,-523
-928,-487
-1000,-537
-988,-529
-904,-497
-972,-513
-1060,-547
-1024,-535
-924,-501
-940,-493
-892,-469
-936,-483
-948,-507
-940,-505
-1012,-525
-896,-467
-840,-403
-876,-375
-852,-341
-824,-325
-820,-281
-744,-217
-740,-223
-804,-263
-788,-283
-748,-255
-872,-327
-952,-363
-844,-331
-800,-349
-908,-431
-960,-457
-868,-389
-808,-351
-824,-367
-852,-375
-888,-393
-836,-371
-884,-405
-852,-393
-884,-393
-964,-411
-968,-433
-940,-403
-880,-443
-832,-379
-828,-385
-804,-335
-812,-355
-864,-387
-860,-393
-884,-423
-972,-471
-1048,-521
-1040,-519
-1024,-537
-980,-493
-1032,-545
-972,-497
-940,-483
-932,-465
-900,-447
-924,-423
-956,-457
-980,-507
-916,-465
-964,-469
-972,-463
-940,-485
-956,-495
-936,-485
-904,-463
-924,-467
-896,-445
-948,-485
-956,-485
-912,-481
-1016,-525
-980,-511
-948,-505
-996,-497
-912,-479
-940,-449
-952,-445
-872,-389
-808,-355
-864,-391
-832,-405
-784,-345
-928,-407
-884,-415
-976,-411
-992,-395
-996,-487
-960,-495
-980,-509
-980,-477
-964,-469
-932,-423
-840,-385
-832,-377
-956,-441
-948,-479
-972,-491
-916,-485
-864,-471
-912,-495
-936,-501
-988,-519
-984,-525
-1052,-541
-1000,-533
-928,-481
-960,-503
-968,-515
-900,-461
-956,-507
-996,-477
-964,-489
-944,-477
-912,-445
-832,-367
-864,-395
-964,-471
-872,-417
-836,-375
-904,-451
-896,-431
-988,-489
-1008,-493
-1004,-531
-1000,-529
-968,-519
-1020,-501
-956,-485
-940,-497
-940,-497
-864,-467
-980,-485
-900,-449
-808,-409
-828,-431
-976,-487
-892,-427
-936,-487
-992,-495
-936,-469
-924,-483
-928,-483
-964,-501
-928,-507
-960,-513
-876,-465
-916,-457
-852,-395
-928,-471
-996,-499
-1020,-541
-952,-499
-912,-499
-844,-465
-912,-481
-900,-443
-960,-509
-916,-455
-836,-403
-952,-429
-864,-427
-980,-515
-976,-515
-896,-489
-944,-513
-1028,-553
-1000,-527
-1052,-559
-1056,-551
-1032,-541
-1004,-523
-964,-485
-1016,-525
-980,-515
-1004,-501
-932,-487
-920,-487
-980,-521
-1004,-527
-960,-521
-980,-511
-940,-495
-984,-505
-1092,-553
-1048,-537
-1044,-545
-1028,-537
-1016,-543
-952,-497
-936,-485
-984,-519
-916,-471
-932,-473
-928,-497
-932,-495
-948,-503
-904,-463
-968,-497
-952,-505
-980,-523
-1024,-545
-1048,-551
-1056,-559
-1004,-537
-1000,-533
-908,-467
-964,-501
-896,-479
-908,-469
-944,-467
-908,-455
-856,-421
-820,-407
-776,-323
-840,-263
-904,-309
-860,-271
-888,-229
-852,-277
-888,-329
-928,-331
-908,-273
-900,-263
-804,-281
-820,-297
-992,-375
-884,-353
-960,-411
-1008,-427
-960,-387
-964,-379
-884,-309
-832,-375
-752,-273
-760,-167
-744,-203
-748,-161
-764,-235
-832,-285
-796,-283
-828,-245
-884,-305
-828,-335
-868,-361
-828,-349
-800,-307
-856,-345
-828,-287
-784,-237
-736,-163
-784,-201
-728,-155
-696,-119
-764,-97
-760,-123
-828,-225
-876,-245
-924,-247
-820,-227
-804,-259
-860,-307
-792,-331
-892,-361
-872,-395
-916,-407
-932,-499
-944,-501
-904,-473
-864,-449
-872,-431
-928,-439
-940,-465
-820,-425
-888,-465
-920,-441
-896,-431
-896,-427
-900,-395
-844,-413
-900,-461
-864,-411
-784,-381
-840,-439
-768,-373
-804,-389
-824,-383
-836,-385
-800,-301
-860,-325
-868,-351
-840,-369
-944,-437
-880,-423
-840,-397
-840,-411
-904,-471
-988,-507
-880,-427
-884,-437
-908,-459
-864,-429
-972,-485
-968,-485
-1068,-549
-984,-517
-916,-461
-908,-449
-896,-415
-940,-425
-852,-355
-808,-407
-804,-407
-828,-399
-876,-399
-848,-417
-940,-453
-956,-453
-896,-431
-916,-427
-816,-431
-840,-439
-844,-393
-800,-379
-832,-407
-888,-423
-824,-391
-876,-449
-928,-447
-884,-393
-936,-399
-880,-413
-940,-439
-1004,-515
-988,-511
-936,-467
-920,-455
-864,-411
-856,-389
-824,-393
-956,-483
-1016,-523
-1032,-535
-992,-523
-968,-527
-1008,-517
-964,-491
-1012,-523
-1060,-555
-1076,-551
-988,-495
-1020,-531
-940,-515
-960,-517
-948,-479
-908,-475
-1028,-539
-1024,-519
-996,-513
-964,-509
-956,-495
-932,-501
-896,-487
-896,-491
-964,-521
-1020,-539
-912,-497
-944,-511
-904,-485
-1040,-549
-1088,-567
-1096,-575
-992,-531
-944,-503
-924,-469
-948,-493
-948,-475
-980,-489
-864,-445
-908,-435
-872,-415
-824,-421
-928,-487
-932,-477
-952,-471
-936,-471
-916,-451
-960,-481
-1000,-525
-1068,-553
-908,-477
-932,-495
-968,-517
-1004,-519
-1040,-543
-964,-509
-984,-515
-968,-505
-1024,-533
-1012,-547
-940,-507
-1020,-535
-956,-527
-940,-465
-932,-471
-976,-489
-956,-513
-1012,-529
-1072,-553
-1016,-517
-976,-509
-1004,-525
-1076,-535
-960,-513
-876,-455
-896,-439
-896,-409
-972,-445
-936,-465
-920,-495
-904,-475
-860,-453
-896,-451
-904,-453
-900,-453
-924,-435
-864,-381
-868,-389
-852,-347
-780,-349
-740,-293
-748,-289
-884,-395
-872,-379
-840,-347
-996,-437
-972,-465
-900,-439
-896,-409
-848,-401
-908,-447
-888,-431
-912,-439
-844,-401
-728,-279
-784,-319
-752,-315
-836,-315
-728,-309
-844,-353
-872,-385
-884,-405
-872,-433
-956,-455
-996,-495
-912,-473
-996,-509
-992,-515
-940,-495
-928,-491
-1000,-523
-964,-503
-836,-449
-828,-433
-804,-419
-780,-393
-840,-401
-820,-319
-772,-347
-820,-407
-896,-461
-1000,-527
-924,-457
-892,-411
-896,-399
-904,-425
-896,-463
-760,-371
-884,-381
-916,-393
-920,-357
-892,-411
-828,-413
-876,-371
-904,-397
-880,-379
-852,-329
-800,-289
-724,-249
-704,-243
-820,-323
-864,-343
-948,-369
-920,-417
-956,-409
-936,-417
-852,-357
-880,-353
-968,-395
-904,-371
-892,-361
-912,-333
-912,-295
-904,-211
-892,-255
-888,-231
-880,-277
-836,-267
-824,-297
-852,-337
-832,-399
-808,-373
-896,-367
-868,-397
-872,-419
-848,-449
-896,-475
-956,-511
-888,-467
-1044,-531
-920,-481
-928,-481
-892,-455
-944,-483
-856,-443
-824,-433
-916,-449
-876,-449
-980,-509
-992,-515
-936,-485
-1024,-523
-964,-509
-1000,-539
-1000,-535
-1028,-545
-956,-505
-908,-489
-996,-535
-1008,-531
-1044,-551
-1044,-555
-1040,-557
-1032,-517
-932,-461
-876,-467
-872,-463
-892,-437
-872,-439
-876,-445
-912,-473
-932,-477
-880,-455
-892,-473
-880,-495
-972,-519
-956,-509
-988,-517
-932,-473
-912,-481
-856,-447
-888,-447
-860,-403
-864,-433
-876,-451
-868,-413
-892,-467
-832,-429
-892,-465
-832,-421
-832,-407
-940,-477
-976,-479
-928,-469
-952,-481
-924,-491
-860,-469
-812,-409
-848,-437
-836,-391
-844,-415
-808,-393
-860,-435
-952,-459
-872,-431
-856,-399
-856,-365
-872,-369
-888,-343
-848,-297
-808,-317
-832,-333
-868,-343
-836,-343
-900,-383
-912,-415
-928,-445
-960,-475
-1008,-511
-1004,-507
-952,-499
-1000,-511
-1000,-497
-864,-423
-856,-439
-968,-503
-984,-501
-912,-469
-976,-517
-1016,-521
-972,-505
-1004,-525
-916,-471
-924,-451
-928,-461
-956,-473
-988,-527
-936,-471
-948,-475
-888,-407
-888,-463
-932,-473
-948,-491
-984,-527
-828,-463
-828,-423
-912,-471
-940,-491
-992,-497
-932,-451
-884,-457
-904,-445
-836,-443
-928,-487
-908,-471
-948,-475
-920,-487
-972,-467
-948,-449
-964,-467
-988,-479
-908,-451
-932,-459
-1008,-519
-964,-495
-964,-471
-948,-467
-916,-477
-988,-517
-1004,-535
-1000,-533
-916,-483
-932,-481
-884,-453
-964,-505
-948,-499
-1092,-569
-1104,-577
-1056,-563
-1032,-535
-984,-527
-1044,-549
-992,-531
-944,-495
-964,-513
-956,-497
-920,-469
-1012,-509
-1044,-543
-984,-493
-960,-475
-984,-505
-1000,-517
-964,-487
-872,-439
-868,-409
-872,-369
-856,-357
-876,-389
-840,-399
-852,-431
-856,-407
-808,-341
-808,-305
-756,-345
-864,-395
-868,-395
-920,-411
-840,-411
-780,-359
-816,-423
-824,-417
-860,-395
-836,-407
-812,-417
-932,-465
-940,-497
-864,-429
-912,-403
-872,-371
-804,-375
-880,-455
-888,-459
-872,-445
-876,-425
-872,-379
-860,-373
-836,-345
-836,-335
-860,-387
-884,-391
-896,-401
-828,-385
-792,-341
-844,-381
-868,-411
-884,-437
-912,-437
-864,-425
-976,-491
-896,-461
-956,-481
-892,-453
-912,-469
-872,-467
-904,-487
-980,-513
-968,-487
-972,-509
-876,-451
-908,-491
-992,-511
-1036,-545
-1040,-561
-1092,-571
-932,-501
-808,-415
-800,-405
-824,-383
-904,-421
-780,-395
-928,-471
-936,-453
-792,-383
-912,-455
-932,-475
-964,-465
-928,-455
-924,-457
-928,-477
-992,-519
-920,-491
-944,-477
-852,-451
-932,-469
-848,-433
-852,-423
-856,-423
-976,-479
-948,-473
-908,-463
-892,-471
-892,-445
-948,-467
-884,-431
-912,-441
-948,-477
-920,-465
-888,-457
-804,-417
-816,-393
-828,-403
-812,-363
-780,-331
-736,-275
-732,-247
-712,-195
-768,-113
-728,-191
-772,-211
-812,-167
-864,-167
-828,-249
-784,-283
-792,-307
-912,-391
-972,-391
-948,-419
-988,-443
-940,-447
-940,-447
-932,-429
-960,-429
-908,-431
-960,-433
-936,-391
-876,-373
-912,-383
-900,-411
-884,-399
-820,-349
-812,-355
-820,-347
-816,-357
-788,-259
-780,-209
-796,-251
-800,-173
-828,-251
-848,-297
-812,-271
-856,-305
-728,-257
-724,-309
-728,-267
-720,-253
-764,-227
-760,-155
-800,-249
-864,-253
-872,-227
-836,-199
-812,-165
-792,-149
-812,-83
-740,-71
-760,-21
-780,-43
-804,-29
-760,-7
-760,65
-840,147
-852,243
-780,225
-860,265
-784,237
-788,201
-764,235
-792,235
-804,195
-744,177
-708,141
-752,107
-744,135
-776,211
-760,229
-796,233
-812,285
-828,193
-788,177
-824,239
-776,301
-844,375
-832,409
-936,463
-896,465
-972,485
-912,485
-960,485
-876,461
-920,459
-896,425
-932,451
-840,421
-884,437
-832,383
-832,391
-940,451
-1004,519
-928,497
-1024,525
-964,477
-956,469
-892,425
-936,445
-964,441
-920,419
-864,395
-904,415
-964,445
-940,449
-880,389
-828,373
-904,441
-820,385
-840,423
-864,393
-924,391
-912,411
-928,439
-892,395
-856,423
-884,413
-848,407
-868,439
-884,467
-936,511
-964,511
-992,491
-956,483
-964,471
-932,471
-916,425
-980,503
-936,499
-988,529
-944,499
-920,499
-860,437
-936,477
-984,509
-932,493
-868,431
-928,453
-916,479
-884,435
-884,411
-816,363
-808,369
-916,431
-992,475
-916,451
-1012,465
-960,417
-872,375
-892,359
-864,355
-876,355
-880,391
-888,447
-936,481
-960,495
-976,529
-1028,527
-1016,537
-1032,519
-984,501
-880,465
-812,381
-916,425
-940,445
-912,447
-936,437
-984,501
-944,471
-932,495
-928,491
-1028,513
-992,525
-996,525
-1008,529
-964,507
-1012,531
-1040,549
-956,503
-800,451
-912,459
-844,381
-832,381
-784,367
-836,371
-836,329
-816,305
-856,323
-856,297
-896,287
-864,245
-852,279
-900,293
-844,271
-740,277
-780,265
-772,275
-784,273
-860,279
-884,275
-884,207
-924,213
-876,217
-884,173
-900,175
-896,171
-868,193
-804,197
-820,169
-796,151
-832,117
-864,129
-776,55
-848,73
-880,81
-876,61
-824,91
-828,37
-720,57
-728,73
-740,103
-772,19
-856,55
-840,69
-820,29
-792,79
-712,45
-696,59
-668,29
-768,73
-764,-5
-832,15
-868,-29
-932,-1
-908,-3
-872,-25
-808,13
-832,-27
-816,-101
-788,-153
-756,-157
-664,-145
-824,-123
-864,-85
-908,-151
-864,-105
-848,-63
-796,-103
-800,-1
-772,-5
-768,7
-744,-11
-744,-45
-736,-21
-752,-85
-792,-127
-712,-227
-748,-207
-800,-267
-880,-303
-872,-327
-900,-347
-852,-361
-912,-419
-912,-389
-872,-377
-840,-379
-940,-399
-992,-449
-976,-459
-932,-431
-880,-419
-896,-403
-856,-433
-892,-457
-900,-469
-880,-447
-848,-451
-976,-489
-924,-463
-936,-451
-920,-403
-884,-411
-932,-429
-780,-373
-844,-399
-844,-353
-832,-333
-860,-365
-860,-375
-876,-399
-944,-473
-1008,-523
-1016,-539
-972,-493
-988,-501
-928,-479
-912,-467
-888,-443
-876,-421
-884,-433
-884,-421
-880,-377
-896,-451
-844,-447
-920,-483
-828,-419
-872,-387
-884,-423
-940,-451
-856,-419
-780,-365
-836,-383
-868,-431
-840,-405
-892,-447
-852,-399
-936,-457
-916,-445
-796,-375
-908,-441
-1040,-517
-928,-481
-908,-463
-940,-471
-992,-515
-1000,-531
-1072,-567
-1000,-483
-1016,-501
-944,-467
-964,-507
-920,-493
-876,-475
-924,-487
-912,-463
-972,-503
-988,-499
-896,-463
-880,-479
-924,-481
-928,-511
-956,-493
-992,-509
-1028,-525
-952,-505
-900,-473
-856,-453
-808,-417
-872,-443
-880,-411
-908,-379
-840,-365
-924,-363
-888,-369
-752,-299
-764,-343
-880,-365
-892,-413
-828,-379
-908,-399
-884,-423
-840,-415
-868,-441
-916,-437
-848,-441
-812,-421
-804,-421
-884,-433
-924,-479
-888,-439
-836,-397
-848,-365
-840,-265
-804,-275
-792,-331
-824,-299
-796,-263
-808,-257
-736,-271
-828,-307
-868,-341
-872,-301
-760,-235
-720,-145
-768,-193
-844,-191
-776,-255
-840,-321
-784,-297
-824,-317
-852,-275
-808,-225
-820,-221
-744,-199
-800,-259
-836,-249
-840,-247
-812,-233
-868,-215
-708,-261
-868,-273
-884,-241
-840,-215
-844,-195
-904,-215
-940,-237
-888,-273
-884,-325
-912,-323
-816,-309
-804,-333
-872,-387
-940,-399
-852,-399
-844,-369
-896,-389
-908,-399
-828,-371
-804,-361
-900,-445
-856,-409
-928,-429
-1012,-501
-944,-501
-932,-507
-908,-469
-940,-463
-896,-397
-932,-419
-996,-485
-892,-445
-912,-469
-932,-483
-912,-483
-936,-503
-868,-437
-876,-459
-908,-459
-928,-439
-892,-423
-892,-385
-956,-389
-960,-407
-944,-423
-908,-403
-880,-377
-840,-379
-896,-429
-936,-469
-940,-487
-1032,-529
-1012,-527
-980,-515
-944,-469
-888,-463
-912,-497
-932,-501
-964,-507
-908,-473
-940,-481
-924,-477
-832,-451
-888,-439
-936,-481
-924,-451
-932,-453
-944,-495
-832,-421
-856,-403
-884,-461
-832,-397
-876,-437
-824,-383
-844,-413
-904,-433
-932,-485
-1020,-541
-1012,-541
-1016,-529
-1024,-537
-960,-493
-1024,-521
-976,-531
-988,-511
-1028,-529
-928,-443
-924,-463
-888,-477
-936,-465
-956,-465
-928,-421
-856,-325
-804,-309
-852,-293
-852,-273
-852,-325
-872,-329
-804,-299
-812,-329
-812,-301
-792,-245
-832,-263
-812,-309
-892,-341
-856,-331
-936,-395
-892,-349
-900,-349
-932,-417
-968,-413
-844,-363
-824,-381
-848,-407
-860,-437
-780,-367
-796,-293
-856,-297
-816,-343
-904,-393
-848,-403
-892,-405
-876,-419
-880,-409
-864,-417
-916,-433
-832,-395
-884,-343
-836,-381
-892,-449
-956,-481
-960,-477
-916,-475
-876,-455
-952,-487
-1040,-541
-1032,-549
-932,-505
-1012,-523
-1008,-529
-1012,-509
-976,-513
-1012,-527
-920,-493
-928,-503
-992,-525
-908,-479
-860,-441
-952,-473
-904,-445
-960,-455
-948,-475
-892,-479
-872,-503
-964,-503
-916,-489
-968,-507
-924,-505
-1004,-529
-936,-489
-848,-451
-844,-441
-804,-427
-824,-437
-828,-439
-864,-423
-844,-429
-824,-423
-844,-397
-880,-417
-880,-443
-1004,-529
-944,-507
-952,-501
-944,-491
-1000,-517
-900,-485
-924,-497
-940,-503
-908,-499
-836,-465
-936,-503
-916,-483
-864,-433
-820,-407
-868,-449
-828,-413
-864,-433
-848,-433
-980,-493
-920,-491
-964,-501
-900,-493
-972,-503
-940,-465
-916,-453
-952,-493
-968,-461
-964,-467
-964,-461
-996,-441
-1024,-487
-988,-479
-976,-441
-936,-375
-920,-381
-880,-415
-824,-377
-828,-387
-924,-385
-844,-303
-820,-331
-880,-341
-892,-359
-952,-349
-908,-317
-884,-291
-852,-309
-824,-275
-820,-287
-836,-315
-832,-273
-780,-229
-784,-267
-820,-307
-820,-321
-832,-329
-820,-379
-876,-419
-900,-425
-880,-391
-932,-431
-892,-425
-936,-475
-996,-489
-964,-479
-984,-483
-964,-503
-988,-497
-964,-499
-952,-501
-944,-505
-904,-455
-860,-451
-832,-431
-880,-443
-904,-421
-856,-349
-844,-359
-852,-327
-872,-319
-876,-293
-860,-279
-868,-169
-900,-181
-812,-177
-832,-279
-848,-235
-816,-311
-844,-251
-828,-319
-728,-241
-908,-435
-908,-421
-900,-399
-888,-373
-892,-391
-884,-369
-852,-289
-936,-357
-832,-335
-788,-319
-864,-365
-836,-335
-784,-305
-784,-255
-708,-271
-836,-373
-836,-371
-872,-385
-940,-505
-888,-459
-920,-471
-996,-525
-1004,-513
-1012,-527
-1012,-539
-968,-497
-1024,-535
-1048,-547
-1032,-513
-984,-507
-1020,-541
-1000,-525
-940,-479
-984,-489
-988,-531
-1016,-551
-960,-509
-892,-491
-880,-471
-940,-505
-1044,-519
-952,-455
-976,-479
-916,-469
-892,-443
-964,-491
-1068,-555
-948,-509
-992,-523
-968,-523
-1032,-521
-972,-481
-896,-433
-936,-457
-856,-417
-840,-381
-840,-341
-912,-325
-848,-289
-776,-257
-804,-179
-756,-107
-712,-69
-720,-15
-728,-71
-768,-77
-800,-73
-784,-23
-784,-39
-756,-5
-804,65
-804,51
-788,119
-792,135
-836,139
-760,171
-768,209
-820,223
-796,231
-832,307
-880,369
-892,373
-912,415
-968,463
-940,461
-828,451
-900,475
-928,495
-1004,539
-968,493
-912,463
-884,435
-852,383
-836,341
-800,345
-848,323
-860,311
-848,303
-840,345
-760,323
-864,403
-860,349
-812,351
-924,395
-904,401
-896,387
-876,397
-860,397
-828,321
-800,313
-760,299
-776,315
-864,427
-924,473
-864,431
-888,447
-864,437
-900,481
-992,519
-912,479
-932,495
-988,533
-980,511
-1036,551
-928,483
-924,485
-952,513
-1032,539
-1076,557
-1044,553
-1024,549
-944,505
-916,479
-912,485
-892,489
-936,479
-824,427
-932,473
-928,477
-900,475
-968,513
-916,459
-860,427
-868,449
-872,455
-916,467
-932,445
-892,449
-912,465
-900,467
-848,451
-956,473
-1032,507
-936,479
-940,453
-900,461
-876,409
-848,415
-832,405
-800,401
-872,425
-912,465
-936,453
-956,461
-940,421
-936,377
-948,393
-876,367
-952,393
-912,413
-968,493
-948,489
-904,475
-932,495
-1028,541
-1060,551
-1052,553
-992,523
-964,503
-928,489
-980,523
-988,519
-928,481
-920,471
-880,457
-904,453
-924,423
-948,463
-936,469
-936,491
-1016,527
-968,509
-900,471
-892,453
-916,451
-920,455
-904,441
-896,409
-932,449
-1060,515
-1040,525
-1060,565
-944,511
-856,469
-864,487
-928,485
-872,447
-1008,505
-924,465
-952,451
-976,479
-968,481
-932,487
-956,493
-900,461
-928,497
-1032,541
-916,457
-876,401
-904,345
-944,321
-900,297
-876,323
-816,327
-920,365
-876,325
-848,323
-860,343
-852,339
-912,369
-844,361
-824,307
-812,301
-868,355
-824,315
-824,357
-868,359
-836,339
-852,413
-828,425
-740,337
-864,411
-816,387
-788,345
-800,353
-852,379
-860,387
-860,377
-832,379
-860,393
-844,383
-856,395
-856,381
-828,401
-852,399
-776,377
-848,393
-936,477
-1008,499
-976,481
-1028,485
-1012,475
-892,423
-860,387
-908,423
-1004,483
-980,509
-992,519
-920,479
-852,437
-964,473
-948,455
-896,413
-876,407
-832,425
-852,439
-888,425
-892,445
-1012,523
-1012,515
-972,483
-1044,499
-856,435
-876,449
-964,495
-860,451
-916,477
-984,523
-932,501
-1072,539
-1072,547
-1028,555
-1068,555
-936,491
-1016,539
-1020,533
-1020,521
-1012,497
-992,519
-932,477
-872,433
-896,425
-840,377
-856,427
-884,451
-960,485
-960,497
-944,491
-960,467
-952,477
-904,447
-880,441
-960,497
-888,467
-900,485
-904,483
-980,495
-864,453
-944,433
-920,413
-924,437
-948,375
-900,365
-832,361
-956,409
-928,399
-880,429
-884,427
-940,457
-988,497
-972,505
-1008,509
-896,457
-940,497
-968,521
-948,485
-992,519
-1032,553
-1012,551
-948,507
-888,453
-960,505
-972,499
-960,471
-904,485
-940,477
-936,433
-928,437
-936,441
-908,433
-920,467
-828,427
-868,451
-852,399
-816,389
-804,353
-920,447
-888,391
-800,393
-796,331
-780,305
-880,349
-888,351
-820,339
-772,329
-832,289
-836,287
-952,321
-868,327
-908,395
-888,361
-852,393
-900,441
-892,441
-884,435
-872,421
-860,439
-872,407
-868,401
-864,413
-784,399
-828,401
-856,367
-844,383
-888,427
-920,377
-916,411
-892,401
-868,375
-788,335
-908,435
-880,447
-944,509
-840,441
-808,393
-884,449
-1004,495
-804,405
-864,421
-888,433
-844,425
-864,459
-904,481
-1016,509
-924,481
-944,503
-972,525
-1004,531
-968,525
-940,503
-932,485
-936,493
-920,477
-992,487
-952,505
-932,511
-1032,553
-944,459
-936,475
-912,477
-928,467
-956,437
-988,487
-1020,525
-1000,521
-988,525
-952,511
-992,519
-1008,523
-1036,543
-1040,519
-920,491
-948,467
-888,451
-812,375
-856,357
-900,441
-880,435
-968,503
-1020,523
-924,483
-960,525
-940,503
-896,467
-940,475
-908,453
-964,465
-896,411
-860,357
-844,381
-880,403
-884,367
-856,377
-956,449
-936,473
-992,501
-1008,519
-1072,549
-944,501
-940,491
-932,483
-928,455
-952,475
-944,413
-868,423
-916,417
-892,461
-964,489
-912,465
-836,429
-976,521
-896,465
-872,475
-940,483
-844,445
-900,447
-824,391
-876,441
-852,451
-924,455
-888,473
-912,483
-1004,529
-976,529
-1016,537
-1000,531
-1020,527
-912,497
-1032,549
-992,531
-956,481
-972,491
-976,493
-984,523
-956,517
-972,515
-984,531
-948,495
-956,469
-1000,519
-1060,543
-976,489
-960,483
-1024,531
-864,465
-944,489
-952,483
-936,439
-904,445
-928,459
-968,479
-956,487
-940,485
-964,485
-940,483
-936,479
-940,467
-968,503
-932,479
-868,417
-896,421
-872,411
-820,387
-804,359
-868,393
-840,367
-900,357
-808,341
-848,323
-788,275
-796,289
-804,321
-796,245
-860,259
-832,231
-836,247
-840,285
-892,321
-792,261
-788,281
-760,285
-740,239
-772,257
-792,285
-756,245
-760,229
-796,267
-708,265
-752,255
-764,213
-804,287
-824,333
-712,315
-756,315
-764,237
-792,251
-792,245
-884,249
-844,257
-804,275
-792,259
-860,267
-772,207
-828,157
-844,175
-800,201
-804,235
-868,251
-816,221
-828,187
-816,269
-908,319
-900,329
-884,315
-900,343
-928,393
-888,385
-812,365
-768,377
-796,415
-856,435
-904,397
-888,369
-848,363
-852,349
-776,305
-804,313
-828,283
-788,263
-784,265
-804,305
-812,291
-852,351
-820,367
-840,367
-848,345
-920,351
-920,359
-872,339
-820,255
-836,225
-868,283
-708,269
-744,335
-864,341
-928,413
-888,353
-892,411
-896,397
-968,471
-920,471
-948,501
-896,469
-904,431
-960,463
-880,435
-928,459
-896,379
-840,377
-912,425
-1000,481
-1036,479
-908,441
-936,403
-944,417
-900,459
-956,503
-952,501
-1016,523
-996,513
-952,503
-936,471
-936,469
-880,473
-888,465
-968,507
-908,477
-904,469
-980,513
-972,507
-992,513
-972,511
-1004,517
-916,477
-916,469
-928,447
-936,435
-844,395
-896,445
-812,417
-848,427
-852,437
-840,413
-940,473
-872,445
-900,461
-940,475
-940,433
-916,423
-840,383
-892,429
-924,435
-884,455
-832,411
-860,351
-828,303
-856,291
-704,259
-812,345
-740,331
-820,365
-812,379
-816,323
-804,333
-844,363
-888,409
-812,339
-780,369
-840,391
-876,463
-892,477
-980,511
-940,483
-928,479
-900,447
-860,447
-896,469
-956,501
-920,459
-876,449
-860,443
-860,441
-904,479
-948,473
-976,495
-1012,507
-936,465
-936,475
-892,451
-916,461
-912,475
-912,463
-900,455
-920,403
-832,387
-812,365
-784,307
-784,365
-820,351
-856,309
-780,261
-768,211
-796,219
-808,261
-776,299
-876,349
-820,309
-836,307
-792,265
-840,205
-768,247
-796,265
-816,327
-764,305
-828,387
-912,457
-892,455
-964,455
-964,453
-824,405
-912,415
-900,429
-928,423
-892,387
-880,349
-852,331
-868,341
-892,311
-912,301
-880,307
-900,307
-836,293
-956,373
-940,353
-876,369
-884,397
-904,371
-816,385
-900,429
-932,475
-904,473
-904,499
-924,477
-1012,493
-1032,523
-932,465
-888,455
-936,471
-968,509
-1036,537
-1012,531
-1000,531
-972,527
-920,497
-924,489
-924,473
-876,427
-884,437
-964,471
-988,475
-944,443
-860,429
-960,485
-912,439
-888,385
-932,395
-868,353
-884,369
-972,377
-900,369
-928,377
-916,351
-848,327
-864,343
-816,285
-800,325
-824,355
-812,323
-892,343
-880,383
-968,433
-960,411
-904,399
-868,411
-780,395
-820,397
-840,421
-816,421
-904,445
-844,411
-856,407
-956,477
-936,479
-856,453
-896,483
-924,479
-932,463
-904,451
-940,503
-1016,519
-1064,557
-988,517
-972,525
-964,525
-900,503
-908,497
-1020,533
-920,497
-924,491
-992,507
-1000,499
-916,481
-1000,523
-1056,551
-1008,525
-952,503
-1032,547
-1004,531
-912,503
-984,531
-952,513
-1000,519
-1068,539
-980,519
-1016,517
-1092,557
-1028,535
-1016,531
-1032,547
-1020,545
-984,537
-960,517
-976,515
-1048,545
-960,517
-1012,533
-904,493
-936,497
-928,447
-992,489
-1012,517
-956,503
-892,479
-884,469
-852,463
-860,437
-884,455
-864,473
-924,457
-820,403
-860,443
-904,471
-904,479
-924,477
-932,481
-936,459
-916,471
-948,497
-956,465
-948,441
-1012,477
-948,475
-1020,509
-928,491
-1012,497
-972,489
-944,481
-888,463
-940,467
-1048,537
-964,493
-904,457
-900,449
-996,509
-980,523
-908,479
-980,523
-948,485
-992,485
-1008,499
-916,461
-876,439
-848,435
-948,479
-968,505
-1032,547
-976,501
-900,493
-972,507
-952,517
-832,441
-904,473
-960,519
-1060,557
-1040,547
-960,493
-884,457
-864,423
-836,385
-856,427
-924,447
-940,451
-836,411
-816,387
-872,421
-948,451
-916,431
-920,457
-948,451
-888,435
-968,501
-872,439
-912,457
-956,463
-896,447
-860,399
-888,435
-856,429
-912,445
-908,439
-940,427
-884,451
-936,477
-1004,513
-960,501
-956,513
-892,477
-960,489
-972,499
-884,455
-932,465
-884,439
-828,409
-856,437
-952,501
-944,477
-892,449
-876,445
-848,375
-808,319
-840,395
-840,399
-840,383
-896,421
-832,383
-800,383
-860,451
-824,443
-956,499
-976,509
-1044,533
-1052,545
-1064,543
-1000,515
-948,455
-976,473
-964,467
-892,431
-992,445
-968,403
-932,425
-868,385
-904,395
-872,415
-848,375
-900,365
-880,417
-952,423
-992,525
-968,493
-1040,551
-1092,569
-972,511
-952,463
-864,455
-952,513
-980,489
-996,471
-908,435
-892,397
-844,371
-856,431
-936,483
-952,495
-900,461
-908,467
-884,483
-856,419
-772,367
-728,349
-724,323
-768,375
-796,361
-816,393
-824,379
-816,405
-808,415
-912,457
-872,461
-904,439
-900,445
-856,415
-844,375
-800,345
-824,327
-836,353
-816,295
-896,401
-944,443
-1000,487
-1000,477
-940,487
-968,501
-1000,501
-920,449
-912,407
-944,459
-984,491
-1116,569
-1060,561
-1024,517
-1016,509
-1012,535
-900,463
-908,421
-880,415
-780,331
-788,361
-848,341
-836,345
-848,389
-876,445
-856,451
-936,513
-880,487
-900,485
-992,531
-932,497
-920,481
-1000,537
-1012,537
-1020,549
-1008,539
-1004,533
-1028,555
-996,533
-996,535
-996,521
-1052,543
-1036,527
-1028,535
-980,519
-964,507
-980,519
-952,503
-928,507
-884,479
-928,473
-872,437
-872,427
-920,433
-1000,477
-980,485
-916,471
-896,485
-988,483
-1012,517
-972,487
-964,491
-956,471
-992,491
-952,461
-904,439
-908,449
-980,471
-944,475
-856,449
-964,473
-912,465
-948,461
-884,435
-904,439
-820,425
-904,423
-960,479
-968,501
-936,463
-908,429
-904,449
-876,437
-860,443
-952,493
-952,489
-848,423
-924,449
-868,433
-884,421
-888,431
-836,397
-904,437
-876,437
-968,495
-912,471
-936,451
-892,383
-868,385
-900,445
-928,477
-916,481
-972,527
-1020,521
-972,491
-984,477
-1016,531
-1020,549
-988,527
-976,521
-852,475
-960,517
-924,493
-840,425
-884,435
-880,413
-896,475
-904,459
-880,435
-888,437
-896,437
-988,501
-968,513
-1004,545
-956,521
-1028,547
-988,517
-948,493
-948,503
-940,493
-964,511
-900,491
-956,503
-908,475
-916,501
-904,471
-976,489
-940,485
-904,439
-892,461
-964,507
-1000,519
-1056,535
-992,507
-968,457
-896,427
-944,475
-992,515
-848,469
-808,435
-888,485
-944,483
-972,481
-936,469
-916,471
-948,463
-912,407
-944,433
-896,387
-920,349
-944,307
-900,301
-864,295
-816,269
-748,267
-776,315
-808,377
-924,385
-860,361
-788,341
-740,291
-832,373
-768,333
-872,395
-932,399
-848,405
-780,385
-832,395
-948,435
-900,377
-816,279
-780,281
-776,285
-896,351
-940,347
-948,361
-896,363
-832,353
-816,375
-828,379
-860,433
-752,291
-720,255
-784,287
-836,341
-812,383
-864,373
-840,373
-892,423
-1016,531
-984,511
-1020,525
-1044,529
-956,493
-880,453
-896,441
-960,467
-936,445
-908,451
-896,417
-828,331
-888,333
-840,361
-912,409
-924,393
-896,395
-852,373
-884,429
-864,431
-880,437
-908,471
-932,483
-836,445
-836,407
-876,427
-800,387
-936,449
-848,419
-860,389
-904,343
-840,317
-816,305
-908,373
-876,397
-976,471
-928,455
-888,381
-908,361
-872,309
-904,291
-848,221
-896,331
-896,345
-868,315
-784,299
-812,297
-884,351
-884,341
-868,373
-868,351
-892,405
-896,427
-888,427
-816,381
-868,369
-852,349
-896,379
-932,391
-932,415
-872,341
-916,383
-888,359
-832,345
-920,397
-880,387
-864,357
-896,367
-928,403
-852,367
-860,431
-948,471
-928,439
-844,361
-932,391
-780,313
-864,245
-860,297
-832,313
-836,295
-876,345
-892,337
-848,355
-864,385
-912,451
-968,493
-980,493
-872,423
-844,407
-820,365
-884,365
-780,331
-788,299
-832,427
-860,443
-856,415
-920,463
-900,463
-928,467
-976,507
-956,483
-928,489
-916,479
-1004,537
-980,515
-992,517
-960,511
-1012,523
-1032,553
-980,531
-920,495
-900,469
-904,481
-868,433
-816,379
-892,457
-844,453
-860,431
-932,459
-896,455
-908,463
-872,425
-888,431
-920,405
-928,433
-836,415
-936,455
-952,473
-904,467
-892,439
-824,373
-800,277
-836,283
-860,289
-824,311
-840,365
-936,395
-932,411
-848,431
-932,483
-932,483
-952,493
-996,525
-952,483
-876,429
-944,461
-1024,499
-996,497
-1032,527
-972,505
-1032,547
-944,505
-812,427
-892,441
-896,445
-844,435
-788,399
-788,345
-836,423
-932,485
-904,475
-1000,531
-1060,521
-968,505
-936,511
-992,519
-968,507
-944,487
-888,467
-944,487
-980,515
-1032,529
-968,499
-968,513
-968,493
-936,477
-980,489
-920,485
-908,459
-940,479
-936,483
-1044,511
-864,443
-824,399
-884,423
-832,373
-744,307
-816,361
-828,387
-860,405
-892,389
-912,399
-968,469
-984,493
-980,505
-1004,527
-928,507
-916,493
-896,429
-888,441
-924,453
-944,461
-944,443
-900,407
-876,367
-904,395
-928,415
-972,439
-840,397
-888,443
-892,441
-816,355
-848,309
-820,355
-880,333
-856,263
-812,277
-820,331
-852,345
-828,313
-824,343
-780,281
-724,243
-804,299
-756,259
-836,277
-852,295
-836,341
-876,389
-948,401
-928,403
-912,443
-928,427
-848,401
-844,415
-828,393
-756,303
-788,311
-816,317
-868,367
-888,349
-952,387
-860,347
-836,337
-800,321
-784,335
-844,375
-928,439
-920,449
-944,477
-936,475
-944,457
-968,487
-936,457
-916,441
-928,445
-840,423
-840,425
-836,399
-864,411
-896,435
-912,469
-888,467
-924,495
-936,499
-848,461
-940,471
-916,469
-928,475
-924,461
-972,475
-964,449
-884,423
-888,453
-936,475
-884,481
-912,493
-1040,539
-964,511
-908,489
-892,451
-920,451
-1000,465
-1024,485
-864,421
-840,411
-892,429
-860,401
-828,381
-764,349
-708,307
-884,391
-864,323
-872,349
-948,395
-932,441
-840,433
-880,443
-892,425
-812,381
-864,381
-796,371
-768,307
-836,331
-860,347
-824,355
-804,335
-912,365
-872,387
-852,373
-840,371
-924,477
-904,461
-884,451
-940,485
-972,499
-912,439
-960,441
-932,437
-908,411
-888,415
-908,439
-916,457
-864,335
-912,349
-860,321
-756,245
-824,157
-824,147
-728,27
-780,-7
-836,67
-860,171
-792,165
-792,167
-772,151
-848,145
-832,163
-684,133
-732,159
-764,143
-748,161
-760,155
-764,169
-736,173
-752,157
-804,195
-872,277
-848,259
-760,189
-832,203
-868,257
-796,225
-748,203
-776,135
-704,65
-680,11
-788,1
-776,1
-800,55
-820,39
-756,23
-788,35
-796,43
-820,99
-820,83
-800,159
-832,209
-812,263
-848,339
-844,319
-852,329
-860,419
-840,419
-828,417
-804,359
-744,299
-844,363
-884,427
-892,401
-872,377
-840,327
-864,329
-852,349
-876,401
-864,381
-848,407
-848,375
-792,321
-844,315
-852,361
-948,453
-932,415
-880,425
-828,427
-792,411
-876,429
-772,329
-852,379
-880,427
-896,469
-880,469
-964,507
-1008,529
-896,471
-924,459
-900,461
-912,449
-944,467
-904,435
-968,489
-984,485
-944,475
-924,487
-892,473
-992,495
-936,481
-952,513
-936,499
-936,507
-1004,541
-984,529
-972,517
-876,459
-956,517
-904,489
-928,467
-872,417
-856,401
-880,441
-864,391
-928,413
-940,415
-920,419
-936,437
-912,427
-936,453
-980,483
-892,491
-928,453
-868,409
-960,485
-976,493
-900,457
-912,475
-1040,545
-952,501
-964,509
-920,461
-896,483
-996,521
-924,467
-952,425
-956,467
-896,431
-936,439
-936,477
-1004,533
-960,517
-968,477
-988,527
-1016,535
-1044,535
-912,463
-972,507
-940,465
-872,433
-836,409
-856,427
-852,403
-848,347
-880,341
-860,363
-812,309
-816,297
-832,359
-824,313
-820,271
-772,289
-776,299
-724,291
-816,265
-824,287
-912,355
-884,341
-876,317
-872,337
-816,309
-852,335
-908,345
-880,295
-840,237
-852,225
-820,203
-792,233
-784,181
-824,143
-768,161
-776,159
-832,199
-796,199
-768,137
-816,181
-760,155
-816,199
-796,257
-684,257
-796,283
-876,307
-784,267
-772,279
-744,243
-752,181
-740,173
-788,205
-720,125
-792,59
-760,9
-804,71
-728,35
-680,-13
-736,89
-788,35
-856,91
-828,121
-808,197
-832,141
-864,123
-736,77
-800,149
-784,119
-792,129
-740,143
-752,123
-764,155
-768,155
-720,103
-736,177
-740,161
-760,213
-788,277
-848,379
-832,381
-824,379
-864,417
-888,407
-820,401
-868,485
-888,475
-852,435
-1012,511
-908,491
-872,455
-892,425
-820,389
-848,343
-860,267
-844,227
-852,277
-844,257
-788,189
-868,283
-848,305
-936,275
-900,255
-888,203
-840,245
-824,207
-880,225
-852,259
-856,295
-832,297
-816,269
-820,281
-848,303
-872,315
-864,267
-796,235
-824,135
-820,189
-788,195
-768,215
-768,245
-820,275
-852,369
-816,377
-920,427
-808,421
-868,383
-772,329
-836,301
-848,365
-900,375
-908,411
-992,511
-988,521
-916,487
-996,537
-972,509
-952,475
-1032,481
-928,485
-952,501
-1060,555
-1080,567
-1076,567
-944,495
-952,475
-932,481
-904,459
-948,459
-912,489
-976,503
-1060,541
-1084,559
-1064,535
-992,511
-928,495
-980,501
-1056,517
-1012,521
-1048,551
-1048,545
-1044,553
-1080,559
-1068,549
-1012,533
-880,491
-1000,529
-944,489
-964,497
-944,465
-964,517
-956,521
-1004,515
-1016,499
-936,463
-848,399
-944,439
-908,469
-968,489
-876,453
-908,463
-884,453
-912,483
-916,483
-948,499
-864,419
-876,425
-808,419
-952,471
-932,431
-856,341
-912,387
-848,375
-888,401
-872,427
-852,387
-844,401
-872,427
-872,441
-952,481
-844,433
-832,411
-772,407
-772,343
-860,403
-864,409
-824,347
-908,411
-876,437
-900,479
-932,515
-964,513
-1008,503
-916,455
-924,469
-908,491
-960,507
-1004,519
-1012,519
-1012,531
-972,533
-1040,533
-912,485
-1016,517
-944,509
-976,517
-1032,511
-960,477
-952,491
-896,455
-908,445
-992,501
-1000,503
-1008,503
-1052,505
-992,491
-1004,467
-924,449
-900,437
-928,453
-968,437
-956,459
-1004,443
-980,441
-952,467
-964,447
-1016,481
-956,465
-956,431
-984,485
-960,455
-944,429
-888,403
-924,439
-824,379
-924,407
-944,437
-916,467
-1056,555
-1064,549
-1016,531
-1028,537
-984,519
-968,505
-936,485
-956,505
-904,473
-892,465
-976,505
-976,503
-972,513
-916,487
-908,457
-836,439
-808,423
-800,415
-868,417
-836,371
-864,401
-860,385
-876,419
-952,455
-924,435
-888,391
-904,423
-928,451
-880,429
-872,427
-832,347
-788,371
-828,387
-920,401
-940,389
-884,383
-916,407
-860,399
-948,479
-868,455
-868,459
-852,403
-984,401
-884,343
-908,371
-896,395
-896,377
-916,399
-872,405
-904,451
-916,451
-928,499
-940,503
-1044,563
-1052,561
-968,501
-1056,559
-1004,533
-1012,549
-1004,519
-1012,533
-976,485
-920,481
-916,477
-856,477
-980,501
-952,501
-984,519
-1056,527
-1052,475
-960,457
-992,451
-920,409
-916,403
-836,365
-804,393
-788,409
-832,449
-908,467
-908,479
-860,483
-1024,543
-956,507
-880,475
-1056,517
-952,467
-880,433
-900,469
-940,487
-960,517
-924,493
-988,529
-1008,533
-1020,521
-996,529
-1032,535
-972,517
-940,505
-952,503
-1048,547
-984,525
-1020,539
-1056,549
-1016,533
-1004,533
-1024,519
-1012,513
-848,421
-976,493
-924,461
-884,441
-900,449
-884,455
-868,401
-880,461
-864,419
-900,461
-972,465
-892,433
-920,431
-964,503
-912,487
-1044,551
-948,515
-972,523
-940,471
-876,419
-864,431
-872,439
-948,463
-996,503
-952,445
-928,449
-832,379
-804,351
-828,339
-804,305
-940,375
-932,345
-1020,359
-964,387
-888,373
-908,313
-828,263
-868,257
-836,225
-836,259
-832,215
-832,263
-804,231
-872,263
-816,251
-868,263
-792,267
-832,341
-852,347
-820,327
-800,291
-760,165
-836,145
-828,137
-784,113
-752,151
-772,107
-816,99
-744,83
-736,111
-788,121
-756,95
-724,103
-796,121
-808,97
-824,111
-792,99
-788,93
-776,71
-840,35
-796,21
-804,-71
-772,-99
-764,-101
-804,-137
-788,-89
-784,-105
-796,-93
-844,-81
-864,-115
-816,-55
-856,-17
-776,5
-728,-7
-776,-63
-732,-23
-792,-37
-800,-51
-828,-71
-832,-117
-896,-119
-888,-99
-844,-45
-820,-33
-896,-17
-844,-3
-816,-19
-812,-35
-736,53
-752,9
-852,-19
-852,49
-872,27
-852,-5
-784,25
-816,103
-820,29
-816,-19
-880,61
-868,39
-732,15
-764,73
-760,45
-760,33
-832,55
-840,31
-848,15
-764,1
-804,-5
-804,-105
-784,-161
-804,-127
-784,-109
-776,-73
-844,-155
-804,-241
-728,-271
-764,-361
-812,-409
-888,-471
-832,-393
-868,-409
-816,-387
-892,-427
-924,-463
-924,-477
-928,-473
-972,-521
-940,-487
-964,-501
-972,-499
-984,-503
-988,-511
-1016,-525
-1036,-531
-988,-501
-940,-509
-1004,-533
-976,-509
-1072,-555
-1012,-541
-1016,-531
-912,-469
-988,-501
-972,-515
-980,-535
-940,-507
-880,-485
-1000,-529
-976,-499
-980,-487
-968,-475
-988,-493
-968,-501
-868,-473
-968,-491
-920,-501
-996,-537
-1040,-549
-872,-447
-904,-443
-888,-411
-908,-421
-996,-507
-1032,-527
-944,-477
-1012,-507
-956,-475
-988,-493
-960,-439
-892,-449
-972,-511
-936,-485
-872,-457
-1028,-515
-988,-515
-988,-513
-1056,-533
-992,-503
-1000,-539
-948,-497
-952,-517
-984,-513
-916,-501
-984,-519
-904,-471
-1000,-511
-1040,-531
-1040,-521
-968,-501
-948,-511
-1000,-521
-944,-507
-900,-483
-936,-477
-916,-481
-960,-505
-896,-497
-944,-515
-988,-531
-964,-507
-956,-499
-972,-507
-936,-473
-948,-497
-972,-513
-884,-489
-804,-391
-832,-431
-888,-467
-948,-487
-920,-497
-932,-481
-960,-515
-920,-463
-888,-409
-920,-427
-904,-433
-896,-395
-864,-341
-876,-259
-900,-235
-816,-179
-800,-117
-916,-119
-816,-63
-904,-57
-796,-131
-732,-123
-848,-133
-812,-135
-768,-137
-832,-101
-816,-149
-764,-197
-856,-257
-820,-295
-888,-391
-844,-391
-868,-413
-872,-427
-824,-351
-820,-379
-856,-371
-860,-321
-844,-355
-916,-407
-900,-385
-872,-377
-932,-387
-904,-439
-948,-433
-960,-429
-928,-449
-940,-417
-924,-427
-884,-399
-816,-371
-820,-341
-880,-405
-880,-359
-848,-383
-824,-359
-736,-331
-832,-385
-844,-407
-860,-395
-960,-421
-900,-391
-908,-445
-876,-433
-920,-461
-1008,-537
-976,-519
-992,-521
-912,-471
-1072,-525
-960,-489
-996,-501
-880,-449
-860,-391
-916,-371
-912,-369
-936,-395
-1004,-449
-928,-427
-860,-429
-776,-385
-800,-323
-868,-303
-864,-313
-920,-353
-844,-345
-916,-395
-904,-383
-872,-421
-888,-435
-884,-443
-936,-455
-820,-451
-948,-511
-940,-501
-984,-519
-1052,-539
-972,-517
-888,-483
-956,-505
-980,-535
-896,-503
-1004,-507
-884,-457
-924,-461
-812,-411
-884,-419
-948,-435
-852,-431
-892,-461
-940,-487
-952,-487
-988,-487
-968,-461
-880,-447
-976,-493
-944,-487
-896,-421
-912,-441
-856,-453
-972,-493
-892,-449
-884,-431
-820,-395
-828,-387
-856,-377
-748,-313
-788,-329
-800,-301
-824,-321
-880,-357
-840,-351
-836,-359
-784,-369
-796,-391
-884,-467
-888,-467
-940,-479
-948,-499
-1016,-521
-1020,-533
-1048,-551
-972,-503
-1032,-539
-1060,-553
-952,-483
-880,-453
-912,-443
-848,-399
-904,-433
-896,-449
-916,-477
-968,-509
-916,-443
-928,-439
-888,-417
-884,-421
-864,-431
-876,-443
-964,-505
-876,-441
-928,-471
-952,-441
-908,-421
-908,-437
-828,-411
-824,-421
-912,-461
-896,-449
-912,-477
-948,-485
-828,-443
-876,-449
-892,-453
-952,-481
-904,-467
-936,-507
-920,-489
-988,-511
-984,-519
-896,-467
-848,-463
-900,-465
-928,-473
-932,-465
-900,-423
-908,-413
-892,-407
-904,-421
-884,-411
-852,-381
-936,-463
-964,-421
-988,-437
-956,-433
-1028,-497
-1028,-525
-1012,-529
-1076,-543
-1032,-539
-1008,-525
-1028,-539
-1032,-531
-988,-541
-1036,-549
-1032,-543
-996,-537
-976,-483
-992,-511
-956,-483
-912,-433
-952,-425
-956,-465
-1000,-505
-940,-495
-884,-453
-968,-493
-924,-479
-920,-511
-932,-501
-932,-501
-880,-475
-892,-453
-844,-441
-916,-455
-952,-493
-1020,-517
-1020,-521
-1036,-549
-984,-493
-900,-473
-916,-491
-960,-515
-976,-503
-984,-537
-956,-521
-1048,-525
-992,-523
-992,-531
-936,-469
-936,-455
-976,-505
-940,-473
-964,-483
-972,-499
-984,-507
-1020,-527
-1020,-517
-956,-473
-908,-433
-948,-469
-844,-433
-848,-435
-876,-415
-892,-389
-880,-401
-824,-351
-816,-377
-848,-333
-856,-289
-880,-311
-828,-337
-844,-311
-960,-403
-916,-349
-944,-367
-912,-403
-932,-383
-836,-335
-892,-339
-868,-303
-752,-311
-752,-217
-764,-269
-824,-265
-792,-273
-832,-353
-744,-309
-892,-361
-848,-337
-792,-315
-816,-323
-780,-317
-840,-355
-796,-337
-844,-331
-872,-339
-908,-363
-912,-357
-848,-409
-856,-395
-816,-321
-840,-333
-884,-383
-844,-387
-732,-291
-800,-275
-788,-337
-836,-433
-932,-489
-868,-449
-1000,-493
-892,-451
-952,-511
-944,-505
-920,-465
-948,-487
-940,-493
-912,-483
-932,-491
-968,-493
-916,-479
-912,-449
-984,-497
-1004,-523
-964,-485
-1000,-505
-920,-447
-944,-415
-932,-423
-964,-463
-896,-417
-920,-419
-896,-375
-896,-339
-880,-415
-884,-441
-888,-439
-964,-473
-864,-435
-840,-421
-948,-437
-1000,-487
-988,-505
-968,-503
-856,-459
-892,-445
-852,-385
-880,-383
-852,-393
-820,-413
-784,-409
-860,-451
-972,-505
-980,-509
-1060,-547
-848,-445
-972,-513
-820,-471
-856,-471
-944,-491
-968,-499
-988,-473
-968,-457
-892,-451
-884,-477
-992,-529
-996,-527
-948,-477
-948,-471
-964,-485
-904,-477
-932,-519
-924,-491
-884,-389
-824,-321
-812,-303
-836,-339
-832,-349
-892,-349
-808,-353
-756,-299
-736,-285
-860,-365
-936,-381
-916,-399
-868,-369
-816,-315
-860,-381
-872,-355
-908,-393
-948,-467
-908,-417
-984,-509
-924,-497
-876,-481
-928,-481
-928,-503
-968,-515
-996,-519
-936,-497
-1088,-561
-948,-515
-896,-483
-1032,-543
-908,-507
-936,-503
-896,-457
-960,-475
-976,-489
-1040,-543
-988,-527
-1048,-555
-992,-519
-1032,-525
-992,-501
-996,-519
-1004,-529
-992,-531
-1016,-511
-1008,-507
-1036,-539
-980,-521
-1000,-511
-928,-469
-920,-465
-888,-459
-888,-459
-872,-465
-876,-411
-896,-443
-876,-433
-892,-417
-916,-431
-864,-429
-884,-435
-712,-301
-736,-223
-684,-239
-732,-175
-784,-111
-772,-145
-792,-167
-864,-235
-840,-249
-860,-235
-796,-261
-836,-337
-872,-373
-848,-303
-936,-277
-936,-307
-920,-319
-892,-321
-816,-303
-876,-257
-844,-263
-892,-283
-924,-309
-876,-305
-920,-305
-912,-231
-856,-245
-764,-247
-828,-273
-772,-259
-868,-281
-904,-345
-864,-313
-860,-325
-812,-215
-828,-201
-804,-73
-784,-135
-852,-123
-856,-187
-804,-139
-812,-131
-760,-157
-780,-133
-728,-101
-676,25
-728,39
-724,107
-736,159
-832,271
-768,315
-816,297
-704,325
-808,321
-852,371
-848,369
-900,393
-836,389
-808,435
-908,473
-888,477
-912,471
-964,481
-900,467
-856,443
-908,449
-848,399
-872,409
-916,359
-920,379
-872,311
-796,269
-884,307
-804,291
-852,323
-892,331
-956,337
-876,329
-880,333
-820,213
-828,217
-872,247
-880,281
-852,259
-900,277
-908,311
-816,331
-908,421
-876,445
-864,431
-828,375
-832,393
-904,405
-912,397
-896,413
-980,439
-924,419
-928,401
-880,341
-884,389
-888,367
-872,397
-920,431
-828,401
-828,415
-844,425
-964,481
-1028,525
-980,503
-960,491
-984,461
-860,455
-940,495
-984,501
-888,435
-884,445
-852,431
-900,457
-892,429
-860,431
-828,367
-832,359
-824,395
-896,409
-928,427
-948,457
-900,431
-968,511
-988,507
-976,527
-976,517
-988,535
-960,485
-976,501
-888,433
-856,375
-928,415
-836,429
-908,457
-984,503
-912,457
-972,481
-900,449
-912,499
-892,467
-900,465
-848,439
-884,433
-820,415
-796,377
-856,393
-916,369
-888,385
-916,375
-916,305
-844,249
-856,259
-840,265
-852,205
-824,235
-716,179
-712,179
-764,223
-816,249
-836,293
-808,201
-776,219
-824,251
-792,239
-788,255
-776,237
-800,343
-824,397
-960,489
-876,423
-844,421
-848,409
-812,403
-952,475
-948,483
-948,475
-932,467
-976,463
-920,475
-960,495
-832,437
-888,451
-912,455
-924,467
-968,469
-992,507
-912,477
-988,505
-940,481
-1032,539
-1012,539
-988,513
-988,507
-944,471
-960,491
-952,501
-1052,539
-928,495
-920,485
-980,519
-964,513
-1028,537
-968,501
-964,507
-924,455
-952,425
-904,401
-856,367
-856,361
-836,309
-908,377
-896,363
-924,363
-920,371
-900,393
-836,371
-820,315
-824,323
-844,325
-848,309
-876,347
-860,283
-808,295
-880,311
-820,295
-812,265
-732,235
-776,217
-840,239
-844,257
-832,321
-784,307
-848,331
-800,375
-768,381
-748,303
-780,289
-756,265
-716,277
-688,299
-744,301
-824,319
-888,431
-904,463
-956,467
-904,471
-952,477
-1016,517
-960,485
-972,519
-968,497
-960,457
-988,497
-972,521
-1000,529
-1020,527
-1024,541
-1060,551
-1012,529
-980,525
-1012,537
-952,503
-1004,499
-984,489
-896,441
-872,415
-916,421
-980,483
-968,477
-964,497
-904,451
-896,445
-904,477
-892,459
-968,479
-892,433
-952,469
-952,479
-940,501
-968,491
-1096,537
-1060,531
-1020,517
-1052,537
-1016,525
-960,503
-804,443
-840,431
-928,471
-876,467
-796,413
-840,433
-956,493
-928,475
-904,467
-960,507
-980,523
-984,501
-912,421
-916,415
-880,385
-916,427
-908,441
-940,469
-956,481
-904,453
-864,423
-916,449
-884,465
-888,415
-892,439
-864,425
-860,425
-952,457
-940,479
-1008,513
-1012,517
-1028,527
-976,503
-948,497
-996,525
-1008,531
-928,501
-988,509
-892,471
-1000,509
-956,487
-952,451
-968,419
-924,401
-828,339
-824,321
-772,299
-888,303
-852,303
-912,331
-940,381
-912,369
-896,419
-940,439
-972,457
-984,489
-948,487
-952,507
-1016,529
-920,481
-884,429
-884,403
-900,401
-860,449
-828,399
-852,403
-824,441
-872,453
-920,435
-988,477
-928,489
-1000,497
-944,489
-1064,529
-984,521
-964,479
-904,443
-916,453
-844,411
-792,381
-840,373
-804,285
-832,333
-844,381
-912,447
-888,415
-968,479
-888,445
-892,427
-868,419
-944,481
-880,421
-808,383
-836,395
-872,419
-932,453
-976,467
-976,481
-916,487
-880,473
-984,519
-968,519
-976,521
-1012,533
-932,479
-968,509
-908,489
-972,523
-980,529
-1024,551
-936,477
-952,513
-896,451
-964,473
-924,483
-960,477
-948,487
-968,465
-888,431
-920,463
-868,441
-852,427
-852,387
-904,411
-904,369
-920,375
-908,413
-860,391
-812,367
-748,339
-888,363
-816,385
-872,383
-908,389
-916,385
-904,341
-932,319
-820,265
-808,277
-848,303
-840,371
-900,445
-928,481
-856,447
-900,455
-912,459
-820,441
-928,467
-928,431
-884,401
-844,367
-856,401
-912,435
-884,445
-872,447
-884,449
-832,383
-824,369
-884,419
-928,459
-876,445
-976,473
-852,411
-884,441
-880,459
-916,465
-864,461
-896,461
-880,461
-912,481
-980,499
-984,511
-1068,551
-1012,537
-1004,535
-976,519
-908,481
-936,481
-876,441
-916,463
-920,469
-816,429
-888,417
-968,423
-948,371
-872,365
-856,415
-872,397
-896,381
-864,387
-852,381
-904,389
-920,435
-904,411
-824,375
-856,381
-940,463
-932,461
-896,459
-980,481
-952,485
-816,401
-864,419
-896,433
-872,437
-888,419
-832,403
-808,393
-808,403
-884,441
-800,417
-828,441
-952,487
-908,455
-860,417
-908,457
-876,441
-988,505
-956,487
-968,493
-976,507
-1008,513
-912,457
-884,401
-912,433
-900,473
-992,523
-1016,503
-948,499
-992,503
-960,491
-976,483
-980,493
-956,465
-904,469
-884,433
-920,411
-908,397
-952,437
-948,357
-980,383
-920,369
-868,357
-912,401
-796,331
-796,361
-856,393
-896,449
-884,435
-900,405
-800,395
-816,363
-872,367
-864,357
-952,439
-860,421
-788,399
-876,429
-820,349
-796,283
-784,317
-796,373
-884,371
-920,361
-828,339
-856,395
-884,399
-852,383
-816,391
-812,375
-904,449
-976,489
-992,507
-944,505
-912,483
-940,479
-920,489
-920,487
-892,459
-908,465
-956,483
-880,413
-936,475
-988,475
-968,447
-932,449
-948,437
-868,367
-920,429
-944,451
-944,455
-892,439
-892,403
-1000,439
-864,393
-892,447
-904,421
-952,435
-888,401
-872,353
-876,361
-848,313
-848,301
-852,345
-868,307
-868,319
-880,355
-796,289
-800,329
-848,421
-908,435
-892,431
-948,457
-1024,491
-992,467
-900,421
-916,399
-992,469
-976,459
-988,491
-996,473
-1032,537
-1024,547
-1028,535
-1032,547
-1024,527
-1004,531
-912,497
-948,493
-924,499
-924,497
-1004,529
-1040,543
-956,505
-904,483
-872,483
-956,519
-948,495
-1000,483
-876,449
-824,393
-852,379
-904,457
-912,497
-844,437
-828,433
-956,479
-992,519
-988,535
-1016,541
-996,533
-1004,537
-1008,543
-1016,549
-1068,565
-1012,531
-1032,515
-1052,513
-1032,515
-944,485
-976,515
-1000,509
-956,497
-916,481
-912,467
-944,467
-836,433
-960,493
-952,517
-924,487
-972,481
-960,475
-964,509
-968,491
-1016,527
-928,471
-956,455
-952,423
-984,445
-888,347
-884,371
-808,349
-880,399
-900,443
-916,453
-932,463
-888,443
-948,479
-928,455
-892,397
-808,355
-856,399
-872,411
-884,409
-856,423
-840,419
-884,425
-908,457
-888,435
-856,331
-840,271
-828,247
-812,243
-856,277
-860,257
-816,263
-852,343
-896,405
-968,465
-836,421
-832,445
-972,485
-880,467
-872,443
-884,441
-784,351
-792,319
-844,405
-824,393
-852,343
-808,335
-804,311
-744,265
-748,253
-844,269
-836,279
-876,265
-912,275
-896,257
-824,281
-808,273
-824,277
-884,313
-888,275
-884,271
-852,325
-912,363
-888,369
-868,301
-856,277
-872,293
-868,285
-872,223
-828,231
-844,239
-824,233
-804,179
-792,203
-844,293
-768,331
-808,401
-808,375
-768,353
-808,381
-856,405
-852,379
-872,383
-924,467
-848,447
-916,489
-992,537
-1012,553
-1032,537
-988,525
-960,505
-952,475
-948,501
-900,505
-836,443
-828,405
-916,467
-836,417
-872,459
-928,505
-980,491
-1028,521
-952,473
-820,417
-852,385
-776,343
-668,211
-788,299
-816,275
-824,265
-800,297
-852,299
-768,177
-764,161
-724,167
-824,143
-880,99
-920,93
-900,-21
-828,95
-824,71
-836,67
-836,99
-836,13
-816,-17
-780,-35
-852,-65
-816,-101
-828,-133
-748,-173
-840,-259
-880,-269
-896,-285
-868,-247
-816,-257
-800,-257
-804,-279
-764,-279
-752,-217
-752,-245
-744,-269
-736,-271
-764,-261
-708,-213
-700,-201
-768,-229
-788,-175
-876,-175
-752,-157
-804,-181
-720,-179
-804,-181
-816,-147
-868,-175
-828,-171
-832,-103
-756,-75
-796,5
-828,-5
-792,-17
-720,-33
-728,-53
-692,-79
-736,-93
-736,-9
-808,81
-792,53
-792,65
-780,-19
-884,-21
-836,-3
-792,53
-800,17
-744,-3
-784,-117
-704,-79
-772,-101
-840,-107
-788,-61
-756,-159
-772,-165
-720,-153
-828,-207
-836,-273
-784,-301
-760,-223
-836,-243
-876,-315
-848,-347
-884,-401
-832,-283
-916,-321
-876,-297
-788,-315
-884,-323
-964,-283
-816,-225
-808,-237
-756,-235
-772,-209
-768,-227
-724,-229
-764,-221
-780,-231
-764,-239
-764,-245
-756,-291
-760,-289
-772,-297
-804,-333
-836,-343
-816,-313
-828,-375
-876,-397
-792,-373
-872,-407
-952,-465
-988,-511
-920,-491
-960,-485
-928,-445
-944,-493
-992,-521
-992,-517
-1008,-525
-1044,-543
-1016,-549
-1000,-533
-980,-515
-1004,-527
-984,-491
-960,-531
-1024,-539
-920,-489
-840,-439
-812,-389
-872,-393
-828,-377
-888,-397
-880,-439
-880,-417
-944,-433
-884,-457
-892,-431
-884,-465
-940,-469
-884,-453
-912,-465
-932,-485
-892,-441
-948,-427
-952,-461
-948,-427
-900,-415
-916,-419
-884,-419
-884,-445
-896,-425
-908,-467
-964,-461
-936,-461
-984,-521
-960,-517
-936,-501
-940,-481
-912,-483
-932,-475
-916,-477
-940,-495
-900,-449
-848,-421
-868,-439
-812,-377
-824,-415
-860,-433
-876,-435
-932,-461
-1064,-547
-980,-513
-956,-525
-976,-509
-960,-473
-824,-379
-856,-409
-936,-439
-960,-445
-948,-461
-944,-459
-912,-439
-908,-427
-908,-435
-932,-443
-940,-411
-892,-417
-872,-355
-824,-365
-912,-411
-856,-413
-940,-489
-908,-417
-892,-425
-852,-423
-940,-455
-992,-487
-984,-453
-948,-473
-864,-419
-924,-445
-1020,-527
-912,-481
-904,-453
-924,-475
-916,-469
-836,-419
-848,-417
-848,-415
-928,-433
-940,-469
-916,-459
-856,-465
-896,-473
-896,-467
-976,-485
-872,-443
-828,-391
-908,-449
-964,-469
-1008,-539
-940,-497
-1008,-513
-1016,-535
-1044,-529
-948,-491
-948,-477
-932,-481
-920,-431
-956,-475
-848,-401
-856,-355
-900,-377
-872,-405
-860,-383
-884,-371
-908,-317
-800,-271
-788,-297
-944,-369
-872,-337
-884,-357
-828,-313
-948,-417
-900,-399
-892,-431
-816,-379
-848,-413
-904,-437
-1020,-497
-992,-499
-1028,-521
-988,-503
-920,-479
-824,-405
-824,-415
-912,-447
-972,-483
-936,-473
-960,-497
-880,-443
-920,-473
-928,-475
-876,-441
-872,-439
-964,-467
-904,-447
-996,-519
-924,-491
-932,-487
-928,-475
-868,-455
-872,-461
-888,-453
-868,-421
-884,-429
-876,-413
-828,-383
-912,-431
-904,-439
-912,-447
-888,-405
-916,-375
-932,-323
-904,-389
-932,-445
-940,-457
-808,-399
-784,-317
-840,-319
-800,-255
-756,-153
-744,-149
-732,-133
-824,-165
-868,-197
-892,-199
-888,-239
-872,-255
-852,-297
-832,-339
-884,-413
-888,-399
-912,-415
-920,-445
-988,-515
-924,-485
-956,-491
-936,-495
-924,-453
-924,-445
-940,-481
-924,-485
-916,-455
-944,-499
-1000,-503
-1000,-485
-996,-493
-1008,-511
-984,-521
-1004,-513
-992,-501
-976,-505
-928,-507
-948,-487
-856,-485
-828,-421
-876,-439
-936,-455
-928,-461
-924,-495
-880,-455
-940,-501
-956,-507
-984,-523
-972,-509
-972,-499
-980,-489
-980,-507
-960,-479
-948,-457
-908,-417
-928,-409
-920,-381
-956,-353
-924,-353
-840,-303
-824,-255
-772,-223
-836,-221
-876,-247
-900,-219
-896,-281
-800,-303
-772,-237
-720,-191
-772,-183
-900,-235
-848,-175
-844,-153
-796,-89
-832,-81
-808,-85
-752,-101
-732,-67
-760,-129
-732,-121
-744,-125
-796,-233
-748,-203
-752,-201
-828,-277
-820,-305
-828,-329
-828,-351
-868,-365
-876,-409
-896,-429
-800,-389
-824,-341
-816,-351
-864,-393
-844,-399
-836,-389
-796,-363
-852,-419
-924,-469
-932,-461
-944,-481
-904,-469
-948,-493
-924,-475
-864,-471
-948,-481
-968,-497
-904,-461
-872,-467
-844,-427
-868,-425
-876,-417
-964,-505
-984,-509
-1020,-537
-988,-503
-1020,-529
-1004,-533
-892,-479
-912,-469
-880,-461
-896,-487
-940,-499
-980,-505
-932,-489
-932,-481
-936,-485
-988,-513
-936,-439
-960,-465
-968,-495
-992,-523
-900,-471
-1008,-531
-972,-531
-1056,-539
-1032,-535
-988,-485
-1028,-537
-972,-499
-968,-493
-988,-505
-944,-473
-960,-495
-952,-487
-944,-503
-984,-507
-948,-483
-884,-473
-852,-423
-884,-393
-812,-385
-888,-423
-892,-439
-884,-449
-896,-467
-964,-497
-896,-469
-892,-491
-952,-497
-916,-479
-972,-485
-1000,-523
-1008,-541
-944,-495
-920,-479
-1028,-535
-936,-483
-900,-469
-944,-485
-940,-479
-916,-489
-988,-497
-904,-447
-952,-473
-936,-461
-916,-493
-916,-487
-936,-463
-992,-487
-980,-465
-912,-441
-964,-469
-964,-457
-860,-391
-900,-375
-908,-421
-964,-439
-988,-457
-1000,-479
-932,-455
-904,-447
-956,-507
-936,-483
-912,-459
-1004,-513
-908,-491
-888,-471
-860,-447
-852,-407
-852,-403
-876,-409
-884,-437
-944,-457
-976,-501
-968,-487
-940,-473
-940,-497
-916,-489
-916,-489
-1012,-505
-988,-493
-968,-479
-972,-461
-940,-487
-932,-471
-860,-443
-888,-457
-928,-511
-904,-499
-876,-439
-856,-441
-900,-441
-984,-483
-912,-473
-932,-491
-936,-477
-968,-501
-912,-479
-1000,-497
-964,-509
-1028,-557
-1048,-539
-1000,-527
-908,-489
-944,-489
-980,-499
-1048,-537
-952,-509
-888,-465
-928,-473
-956,-485
-900,-447
-996,-499
-956,-509
-1012,-521
-920,-477
-972,-519
-924,-493
-924,-483
-988,-501
-972,-521
-840,-443
-960,-465
-1012,-477
-960,-505
-952,-479
-916,-483
-952,-469
-1012,-487
-904,-447
-924,-429
-892,-421
-860,-395
-848,-391
-880,-421
-892,-377
-844,-339
-760,-313
-840,-283
-864,-321
-800,-265
-880,-283
-836,-299
-832,-299
-924,-377
-892,-369
-936,-411
-880,-361
-920,-441
-904,-441
-944,-475
-956,-499
-972,-513
-1004,-529
-1000,-527
-1012,-529
-1048,-509
-996,-457
-928,-439
-884,-469
-832,-421
-900,-441
-908,-439
-932,-477
-860,-425
-796,-427
-836,-419
-880,-405
-848,-391
-816,-331
-820,-323
-800,-271
-716,-223
-768,-221
-868,-237
-872,-309
-896,-323
-856,-275
-796,-213
-780,-181
-908,-269
-860,-265
-888,-313
-992,-391
-960,-375
-904,-335
-916,-311
-876,-315
-856,-339
-852,-275
-852,-285
-832,-299
-812,-345
-868,-373
-884,-385
-804,-365
-876,-357
-848,-339
-784,-323
-824,-295
-792,-307
-768,-305
-780,-313
-812,-383
-812,-383
-808,-391
-908,-453
-852,-391
-880,-421
-888,-417
-892,-395
-780,-247
-780,-257
-816,-259
-836,-281
-812,-273
-880,-301
-916,-365
-988,-413
-868,-373
-872,-375
-908,-375
-920,-407
-936,-413
-980,-445
-868,-415
-900,-419
-924,-423
-960,-447
-1016,-537
-1056,-539
-884,-443
-908,-449
-876,-449
-880,-421
-940,-457
-964,-461
-864,-433
-944,-469
-980,-475
-976,-487
-876,-433
-876,-405
-944,-479
-860,-449
-792,-391
-812,-417
-892,-443
-900,-479
-980,-509
-956,-499
-964,-513
-944,-501
-892,-483
-928,-497
-972,-515
-996,-523
-932,-513
-1024,-535
-976,-489
-828,-417
-896,-433
-968,-467
-916,-455
-868,-435
-916,-453
-868,-439
-936,-503
-960,-523
-980,-509
-908,-481
-892,-473
-928,-465
-908,-457
-924,-413
-848,-353
-820,-281
-824,-277
-840,-295
-764,-213
-856,-249
-888,-233
-848,-233
-812,-203
-824,-267
-792,-259
-756,-211
-760,-201
-756,-239
-732,-285
-776,-327
-776,-323
-840,-415
-792,-385
-912,-475
-952,-485
-996,-517
-904,-437
-820,-387
-976,-471
-1028,-507
-1052,-527
-900,-447
-852,-437
-924,-447
-816,-405
-872,-427
-908,-453
-948,-491
-888,-487
-928,-473
-944,-479
-1016,-511
-1000,-481
-944,-459
-920,-497
-976,-515
-956,-493
-1004,-525
-1016,-531
-1040,-543
-964,-469
-888,-421
-916,-471
-900,-477
-916,-457
-892,-459
-880,-459
-948,-457
-908,-459
-952,-447
-844,-429
-884,-435
-912,-411
-856,-391
-864,-409
-928,-445
-1024,-499
-1004,-459
-964,-443
-932,-431
-932,-465
-872,-469
-896,-467
-876,-441
-956,-485
-836,-389
-852,-369
-996,-481
-896,-469
-872,-437
-896,-423
-920,-437
-872,-415
-792,-373
-900,-463
-924,-467
-956,-471
-880,-457
-884,-449
-960,-481
-928,-499
-1000,-543
-912,-501
-900,-477
-904,-461
-860,-433
-848,-457
-896,-461
-956,-515
-944,-507
-932,-491
-984,-495
-944,-493
-860,-403
-844,-357
-892,-419
-920,-427
-876,-401
-876,-437
-944,-479
-920,-463
-964,-495
-964,-499
-872,-459
-900,-459
-944,-481
-896,-489
-1012,-521
-956,-501
-940,-465
-940,-477
-936,-475
-896,-431
-972,-489
-984,-503
-864,-469
-976,-505
-996,-523
-996,-523
-1012,-523
-924,-475
-976,-487
-888,-451
-872,-433
-836,-425
-812,-407
-848,-413
-888,-457
-944,-497
-900,-453
-920,-429
-956,-437
-848,-365
-928,-385
-836,-333
-784,-253
-872,-269
-848,-359
-848,-359
-800,-371
-896,-421
-860,-409
-872,-415
-900,-443
-804,-397
-712,-341
-832,-329
-856,-297
-824,-267
-836,-293
-820,-281
-888,-327
-796,-287
-796,-315
-884,-369
-784,-319
-788,-327
-860,-379
-764,-313
-820,-379
-772,-351
-888,-425
-880,-459
-844,-445
-816,-415
-892,-443
-836,-429
-868,-463
-780,-399
-816,-393
-920,-433
-868,-395
-876,-445
-968,-517
-976,-511
-912,-453
-992,-511
-920,-453
-888,-411
-940,-449
-848,-423
-892,-437
-908,-463
-920,-483
-876,-453
-884,-401
-916,-417
-888,-449
-840,-399
-924,-445
-964,-463
-1004,-477
-1044,-523
-1032,-513
-956,-481
-928,-499
-904,-481
-944,-507
-948,-505
-924,-495
-1024,-505
-948,-461
-888,-451
-880,-445
-876,-419
-932,-437
-940,-439
-988,-437
-988,-455
-964,-433
-920,-399
-896,-397
-868,-455
-1004,-529
-988,-523
-992,-541
-940,-507
-936,-515
-980,-519
-912,-445
-872,-385
-900,-429
-892,-449
-884,-425
-864,-349
-868,-329
-880,-375
-852,-385
-936,-451
-976,-501
-920,-485
-944,-481
-960,-501
-888,-439
-888,-443
-916,-417
-880,-395
-868,-397
-868,-453
-1012,-511
-1008,-477
-964,-437
-880,-401
-824,-383
-852,-367
-864,-313
-892,-329
-868,-345
-852,-325
-840,-269
-856,-227
-856,-277
-832,-263
-900,-229
-884,-239
-836,-257
-876,-269
-900,-291
-868,-329
-880,-321
-780,-309
-860,-371
-816,-331
-824,-309
-800,-341
-784,-289
-804,-275
-764,-247
-812,-319
-864,-377
-908,-409
-924,-409
-900,-441
-916,-485
-852,-479
-960,-487
-952,-493
-960,-501
-984,-513
-916,-475
-880,-473
-892,-489
-992,-519
-976,-509
-1056,-557
-1036,-543
-1004,-507
-932,-503
-892,-479
-976,-517
-968,-509
-900,-479
-936,-501
-976,-529
-984,-507
-952,-475
-876,-433
-828,-373
-848,-403
-896,-391
-880,-383
-916,-409
-940,-473
-1008,-517
-996,-511
-1016,-537
-964,-501
-980,-523
-944,-487
-1024,-511
-972,-481
-904,-465
-948,-503
-948,-489
-988,-491
-1028,-523
-980,-535
-972,-527
-1008,-529
-900,-477
-888,-443
-888,-441
-884,-419
-856,-421
-888,-431
-796,-349
-724,-297
-804,-313
-828,-353
-836,-379
-808,-369
-828,-361
-868,-347
-804,-251
-744,-195
-784,-169
-820,-123
-752,-161
-812,-233
-868,-311
-880,-229
-752,-223
-820,-245
-888,-273
-848,-367
-824,-335
-912,-391
-852,-359
-848,-391
-872,-389
-868,-417
-908,-449
-976,-493
-940,-475
-928,-445
-924,-451
-936,-447
-860,-411
-908,-419
-956,-443
-840,-349
-868,-339
-824,-305
-820,-295
-828,-281
-816,-287
-868,-269
-840,-221
-836,-165
-820,-99
-804,-105
-760,-123
-796,-119
-868,-163
-948,-241
-928,-257
-816,-237
-764,-225
-844,-169
-800,-143
-808,-167
-832,-149
-812,-129
-792,-85
-824,-55
-796,-59
-808,-77
-800,-67
-740,-1
-760,71
-744,115
-704,65
-680,73
-720,213
-776,313
-824,359
-828,399
-832,383
-856,375
-828,367
-792,355
-864,449
-896,487
-1028,531
-1020,541
-912,479
-936,445
-868,407
-872,415
-876,423
-888,439
-920,435
-824,335
-872,379
-880,393
-848,371
-908,401
-928,431
-1012,519
-1056,539
-984,525
-1008,505
-992,513
-1016,513
-976,501
-1004,525
-1000,519
-1012,533
-932,493
-956,505
-988,521
-948,495
-888,419
-860,391
-796,351
-844,427
-852,425
-932,431
-868,409
-860,407
-860,363
-892,431
-888,421
-864,449
-912,449
-940,425
-840,399
-896,443
-880,435
-908,441
-920,467
-920,457
-900,461
-960,513
-892,473
-932,459
-972,487
-904,479
-984,517
-992,523
-1052,547
-1000,523
-1088,565
-1060,555
-1028,539
-928,469
-876,401
-892,411
-864,403
-816,365
-852,351
-876,327
-828,303
-772,263
-712,263
-756,301
-804,355
-872,355
-884,331
-872,333
-868,307
-796,229
-888,267
-804,211
-848,261
-824,231
-888,241
-864,285
-872,345
-808,371
-892,371
-848,317
-848,313
-816,337
-888,355
-900,415
-996,459
-940,451
-860,443
-896,441
-860,379
-896,445
-944,463
-888,475
-912,447
-864,393
-876,395
-916,401
-884,353
-876,345
-864,283
-844,257
-880,303
-856,251
-756,263
-820,293
-836,291
-816,329
-812,303
-764,307
-800,329
-844,337
-792,319
-840,383
-796,371
-824,359
-740,325
-772,277
-796,199
-824,205
-812,207
-896,233
-872,231
-832,287
-808,315
-788,295
-764,243
-844,327
-824,357
-744,323
-740,249
-764,279
-808,293
-876,381
-940,475
-940,501
-864,467
-940,489
-888,473
-872,433
-888,453
-844,421
-876,399
-896,423
-928,449
-816,409
-888,463
-840,443
-760,413
-900,453
-776,409
-780,387
-824,385
-784,347
-824,349
-816,317
-788,325
-868,359
-816,371
-924,495
-956,497
-900,451
-876,381
-852,399
-956,479
-948,497
-1000,519
-1000,523
-1052,547
-1028,545
-1076,563
-1076,559
-1012,543
-1000,531
-972,509
-1020,527
-1076,555
-1036,533
-1008,521
-960,501
-1016,543
-1020,505
-996,471
-964,479
-928,473
-944,483
-856,447
-908,501
-972,515
-924,459
-976,481
-868,383
-892,377
-808,361
-840,391
-900,433
-920,459
-936,447
-836,379
-952,463
-920,443
-892,431
-940,431
-912,407
-908,437
-892,429
-956,445
-912,437
-912,453
-1056,547
-908,445
-864,457
-876,449
-868,437
-824,415
-900,471
-988,497
-856,421
-888,379
-920,377
-944,387
-968,399
-932,377
-916,383
-864,375
-864,367
-876,299
-864,351
-876,373
-948,355
-948,343
-856,315
-936,353
-980,395
-872,357
-872,423
-928,487
-1012,523
-904,463
-840,445
-856,459
-952,487
-1040,521
-956,485
-984,501
-1020,543
-964,531
-1064,561
-1016,541
-996,533
-1032,551
-1008,533
-980,525
-1072,563
-1040,557
-908,489
-848,447
-860,421
-920,475
-920,493
-940,505
-888,465
-888,475
-788,399
-744,391
-772,361
-824,413
-912,469
-948,485
-960,501
-944,505
-976,515
-996,525
-1044,543
-1044,537
-960,501
-1012,533
-972,527
-992,519
-952,495
-904,481
-1024,531
-948,505
-936,479
-872,427
-900,473
-1016,511
-984,511
-920,497
-928,495
-964,513
-928,491
-940,505
-928,491
-868,455
-924,443
-880,415
-904,449
-900,433
-888,421
-948,433
-948,413
-892,387
-924,451
-948,489
-1000,543
-968,501
-948,485
-892,491
-876,469
-872,471
-996,527
-948,515
-964,511
-976,491
-920,483
-884,483
-1012,523
-1008,531
-1052,531
-992,509
-940,503
-968,489
-956,477
-996,523
-1024,547
-1016,545
-1092,573
-1068,563
-1096,555
-968,515
-936,465
-848,393
-924,351
-948,375
-884,391
-904,427
-920,437
-948,433
-904,379
-828,313
-872,317
-848,311
-844,305
-792,263
-864,251
-920,281
-876,263
-804,217
-856,295
-888,317
-832,319
-792,281
-788,311
-832,253
-804,287
-820,267
-732,287
-804,293
-868,309
-864,269
-864,271
-880,339
-812,397
-808,363
-812,383
-836,351
-896,433
-892,449
-836,437
-860,451
-868,449
-960,479
-980,451
-940,459
-960,475
-956,485
-908,505
-928,493
-928,501
-984,493
-1020,531
-980,493
-860,421
-844,427
-980,495
-968,481
-1012,513
-1056,549
-1004,541
-884,469
-900,473
-960,507
-876,455
-884,429
-880,435
-900,467
-924,475
-996,523
-920,481
-1004,531
-1012,545
-1092,573
-1028,535
-1016,515
-1044,527
-992,517
-972,499
-908,483
-928,479
-980,507
-944,477
-924,467
-840,443
-872,475
-932,505
-960,507
-1044,545
-1028,527
-940,485
-936,487
-920,465
-1032,539
-1040,537
-1048,543
-992,523
-1052,559
-1092,573
-996,533
-980,531
-984,521
-940,523
-1012,541
-1020,545
-976,525
-1084,569
-1056,553
-1052,563
-1036,537
-920,487
-960,493
-1000,507
-1016,509
-936,487
-908,467
-1016,505
-988,499
-932,455
-872,439
-820,371
-836,361
-848,295
-840,281
-776,257
-808,267
-764,283
-840,319
-820,323
-876,277
-892,329
-888,357
-916,407
-888,431
-928,439
-928,465
-928,463
-936,453
-872,431
-924,459
-968,521
-1024,535
-928,471
-932,487
-920,475
-884,445
-952,501
-992,509
-984,519
-952,509
-952,497
-996,523
-952,501
-976,515
-948,509
-992,523
-980,505
-1052,555
-1060,557
-1100,569
-1000,531
-988,525
-952,521
-1016,533
-1012,541
-1076,563
-1076,565
-1064,557
-1132,577
-1040,557
-964,497
-952,477
-920,445
-992,489
-924,491
-872,445
-888,423
-860,435
-864,445
-940,495
-892,459
-900,475
-916,461
-956,485
-884,443
-848,419
-968,501
-920,501
-1016,513
-1020,521
-1000,485
-1036,517
-1072,565
-984,509
-972,503
-1028,539
-960,509
-984,525
-872,459
-884,473
-896,465
-892,475
-1016,547
-1008,525
-1024,533
-944,515
-952,491
-980,521
-956,513
-1000,503
-912,439
-844,437
-904,461
-884,443
-900,437
-872,437
-848,413
-908,481
-864,427
-844,359
-796,293
-784,295
-840,341
-856,273
-788,267
-796,243
-880,279
-888,337
-872,337
-908,305
-848,245
-752,217
-684,91
-672,25
-692,17
-684,57
-700,55
-832,99
-856,47
-820,13
-764,-17
-800,77
-776,21
-772,77
-736,103
-792,129
-816,147
-796,89
-852,131
-804,127
-828,181
-812,153
-816,163
-848,81
-784,47
-844,-23
-784,-39
-748,-63
-776,-23
-792,-1
-772,-11
-704,-53
-680,-71
-700,-121
-720,-109
-832,-65
-812,-79
-740,-39
-804,63
-764,157
-772,189
-780,155
-752,221
-744,219
-804,247
-780,261
-800,269
-892,313
-876,319
-880,353
-920,327
-912,391
-912,421
-848,403
-904,485
-1012,523
-944,509
-948,501
-1036,529
-980,513
-1016,525
-952,523
-920,487
-956,471
-940,499
-1004,537
-1032,527
-972,495
-948,485
-896,413
-836,339
-824,407
-792,421
-880,431
-916,463
-900,455
-900,445
-900,405
-860,379
-804,367
-728,289
-800,333
-772,239
-740,253
-808,291
-776,249
-788,183
-800,187
-708,143
-736,131
-772,139
-756,135
-744,171
-760,161
-808,189
-820,205
-824,209
-784,227
-768,271
-852,259
-892,253
-828,241
-924,275
-812,251
-828,207
-728,141
-764,33
-796,-41
-780,-5
-804,43
-776,73
-788,39
-776,17
-780,35
-800,13
-760,61
-716,101
-772,97
-824,83
-836,51
-788,27
-812,35
-752,3
-792,37
-856,69
-852,183
-712,191
-732,171
-748,201
-800,261
-792,277
-844,347
-904,459
-940,473
-972,503
-964,523
-1064,551
-976,513
-996,519
-956,517
-928,513
-920,499
-964,513
-992,527
-1008,535
-936,499
-920,505
-976,523
-948,491
-908,461
-932,483
-860,451
-1024,509
-932,479
-1004,527
-1016,539
-996,539
-1072,567
-1008,535
-1036,545
-896,463
-912,425
-948,423
-892,437
-940,485
-952,499
-912,475
-836,461
-900,461
-912,469
-1000,535
-1000,527
-1032,543
-936,517
-992,529
-976,523
-928,493
-992,521
-1004,545
-1008,515
-972,509
-1036,543
-1036,533
-932,503
-928,497
-928,501
-900,479
-888,475
-920,479
-972,491
-980,487
-1064,537
-1048,555
-1068,529
-940,455
-956,481
-980,487
-956,493
-956,487
-900,491
-936,487
-880,441
-948,475
-976,503
-964,479
-956,503
-1020,539
-1008,523
-1040,527
-1024,535
-940,479
-968,475
-1044,535
-972,505
-944,491
-892,469
-836,389
-864,391
-840,337
-844,305
-800,275
-824,333
-760,313
-796,345
-816,359
-868,409
-896,411
-920,445
-952,443
-908,427
-932,431
-988,441
-876,401
-872,381
-892,341
-932,357
-856,367
-880,363
-768,301
-840,341
-816,355
-712,285
-776,325
-836,379
-884,447
-892,461
-900,447
-864,413
-956,437
-948,419
-1004,451
-868,429
-840,427
-828,339
-784,319
-840,363
-824,363
-872,379
-828,379
-804,361
-836,389
-936,489
-848,429
-884,381
-920,391
-848,375
-964,471
-1012,531
-1072,555
-1040,533
-988,509
-1044,545
-964,511
-992,433
-956,447
-968,401
-936,353
-968,371
-920,339
-868,293
-872,299
-836,313
-872,403
-876,367
-880,393
-888,409
-964,401
-904,375
-900,341
-932,337
-796,299
-804,269
-832,317
-760,303
-832,389
-912,443
-892,441
-968,485
-948,453
-888,433
-952,465
-908,437
-912,455
-860,405
-936,441
-872,453
-992,501
-972,509
-900,513
-976,515
-964,521
-944,501
-872,459
-864,455
-884,433
-992,503
-968,503
-1004,509
-1004,521
-1008,527
-1036,531
-1008,527
-1004,519
-1052,535
-1036,523
-1004,497
-1004,519
-964,515
-996,517
-1012,513
-932,487
-976,519
-1016,527
-988,529
-992,529
-912,503
-948,515
-956,495
-900,467
-924,507
-1016,545
-940,519
-1020,539
-1012,539
-980,533
-972,519
-1000,511
-848,437
-904,459
-964,489
-996,507
-968,511
-968,513
-928,499
-932,487
-944,505
-960,511
-948,503
-1028,549
-960,501
-928,485
-972,501
-1052,559
-948,509
-948,463
-996,485
-1008,505
-964,493
-948,487
-948,495
-960,513
-884,423
-912,455
-1012,499
-968,451
-964,417
-996,451
-916,447
-956,385
-816,327
-908,371
-952,415
-948,401
-916,371
-900,369
-896,399
-936,421
-812,411
-848,407
-956,471
-992,507
-984,499
-964,505
-884,439
-944,475
-908,449
-916,469
-932,513
-916,475
-944,479
-920,453
-836,395
-876,403
-932,459
-840,415
-968,481
-1020,493
-1028,511
-884,485
-828,411
-860,437
-908,475
-880,457
-868,389
-956,471
-908,451
-888,439
-884,443
-816,445
-888,449
-980,521
-904,487
-980,505
-948,479
-932,485
-976,509
-996,505
-1008,501
-892,429
-904,437
-920,463
-964,465
-980,433
-832,363
-836,311
-896,345
-876,317
-852,235
-812,199
-772,161
-768,217
-784,251
-796,295
-772,245
-844,181
-800,175
-828,261
-764,243
-752,151
-756,113
-720,33
-752,41
-692,13
-792,129
-836,187
-776,193
-764,205
-748,203
-796,185
-776,173
-768,121
-712,115
-752,129
-672,19
-748,3
-736,25
-764,55
-716,3
-684,-23
-712,43
-796,117
-740,75
-780,123
-796,67
-836,65
-848,41
-884,105
-832,89
-788,95
-776,133
-700,117
-752,91
-792,1
-864,-61
-840,-31
-788,39
-712,55
-664,161
-712,187
-752,267
-752,281
-712,277
-804,313
-868,351
-844,313
-840,331
-880,331
-876,343
-860,333
-940,427
-972,485
-872,449
-824,339
-848,423
-956,491
-960,483
-992,509
-980,537
-832,453
-944,497
-948,493
-1016,529
-988,509
-960,463
-928,437
-972,479
-888,439
-968,445
-1028,491
-952,461
-1028,481
-988,475
-1004,479
-1020,489
-948,477
-1044,535
-932,465
-936,473
-908,471
-876,465
-908,483
-844,449
-872,417
-896,451
-864,475
-796,421
-920,461
-944,483
-900,467
-924,489
-924,487
-852,441
-956,481
-900,429
-872,397
-900,395
-884,353
-828,331
-808,327
-936,399
-968,409
-980,409
-904,361
-936,419
-896,435
-916,433
-884,473
-900,451
-920,413
-836,361
-900,377
-880,349
-836,347
-868,373
-916,335
-936,405
-976,429
-956,423
-904,391
-908,423
-996,515
-948,503
-1004,499
-964,501
-924,473
-912,457
-892,469
-912,485
-976,513
-1064,555
-1036,553
-964,499
-896,467
-840,401
-864,413
-896,455
-964,511
-964,487
-928,479
-856,421
-936,473
-932,469
-960,495
-928,471
-868,433
-808,377
-872,419
-920,467
-988,503
-900,451
-968,509
-948,467
-976,503
-952,497
-968,463
-884,445
-836,385
-876,321
-872,345
-940,409
-900,451
-976,499
-1008,511
-960,473
-928,489
-1004,511
-992,489
-944,467
-948,469
-940,465
-860,453
-912,401
-892,395
-880,409
-900,413
-864,363
-876,327
-884,307
-896,301
-792,267
-696,107
-744,107
-848,175
-780,131
-748,193
-856,317
-844,313
-768,293
-896,425
-936,423
-948,445
-944,471
-912,473
-984,515
-960,509
-984,519
-992,495
-984,523
-1040,557
-992,533
-956,499
-1108,575
-1048,525
-964,519
-956,503
-928,477
-1000,521
-1004,509
-964,469
-984,467
-916,431
-868,379
-848,407
-872,403
-932,439
-948,443
-960,451
-984,493
-1008,503
-1016,529
-992,523
-1000,539
-984,537
-944,509
-904,481
-916,469
-1028,541
-1096,563
-928,477
-960,503
-1012,541
-1024,525
-1028,539
-1004,531
-996,527
-972,515
-900,501
-932,489
-944,483
-884,479
-956,513
-1016,531
-1000,513
-1008,493
-964,469
-920,447
-928,453
-1004,505
-928,475
-860,447
-868,439
-908,491
-968,477
-1068,523
-932,493
-916,473
-960,495
-940,501
-948,495
-916,469
-944,487
-964,507
-960,513
-944,519
-984,523
-992,527
-976,521
-1048,545
-944,489
-984,505
-792,409
-912,413
-944,413
-936,405
-920,427
-912,425
-912,421
-900,433
-852,439
-860,427
-804,423
-836,437
-876,443
-832,453
-932,491
-916,481
-880,419
-824,361
-884,359
-840,255
-836,289
-796,249
-848,245
-864,299
-908,363
-944,337
-792,241
-808,219
-796,223
-876,269
-920,311
-852,181
-888,143
-880,147
-812,157
-836,297
-788,337
-872,369
-848,371
-872,375
-960,465
-912,449
-936,489
-1052,527
-912,465
-928,443
-920,425
-948,423
-960,411
-864,363
-948,393
-1016,425
-972,451
-912,451
-956,487
-972,493
-904,481
-936,483
-952,487
-992,507
-988,487
-924,453
-932,457
-904,415
-836,377
-888,403
-924,437
-964,487
-1020,513
-884,453
-928,487
-1000,521
-932,493
-952,519
-892,469
-848,401
-796,405
-816,397
-936,423
-888,383
-940,459
-848,383
-888,405
-900,393
-864,389
-784,349
-812,365
-936,443
-944,409
-952,401
-932,403
-900,447
-852,435
-920,441
-908,485
-968,503
-892,441
-932,429
-920,409
-1020,477
-972,467
-988,497
-1016,509
-948,481
-900,443
-892,467
-992,515
-988,495
-984,479
-924,473
-900,425
-936,479
-960,511
-932,469
-1028,533
-1012,537
-1012,519
-996,531
-944,517
-964,527
-1032,541
-1036,541
-976,519
-928,483
-912,485
-936,503
-980,523
-976,531
-868,487
-860,481
-928,491
-988,495
-912,467
-1024,499
-904,451
-856,457
-948,475
-980,507
-1032,497
-1100,501
-1036,471
-1008,447
-992,415
-1056,465
-964,491
-984,509
-996,513
-1060,533
-1028,551
-1004,535
-884,447
-896,457
-832,441
-924,479
-984,515
-940,483
-940,475
-940,475
-916,427
-948,449
-1044,487
-1060,513
-896,461
-932,495
-980,521
-1008,529
-964,493
-908,481
-916,473
-860,401
-864,389
-892,429
-884,399
-968,457
-944,477
-944,477
-876,391
-932,447
-916,409
-932,435
-936,421
-868,365
-952,423
-920,397
-840,361
-876,357
-920,393
-868,387
-932,467
-868,385
-848,345
-744,303
-872,399
-904,391
-920,403
-844,407
-816,363
-840,323
-856,317
-900,421
-896,417
-852,347
-900,339
-984,433
-936,419
-908,433
-880,433
-856,409
-840,437
-832,443
-924,449
-876,449
-932,463
-908,471
-892,477
-932,501
-944,507
-896,465
-988,531
-908,485
-892,487
-920,495
-976,515
-928,497
-936,489
-928,473
-956,495
-1032,533
-988,511
-1004,525
-1008,537
-1088,555
-972,505
-948,483
-960,503
-976,515
-980,517
-1036,529
-1044,531
-944,499
-916,475
-848,433
-872,445
-924,429
-840,413
-836,391
-788,343
-788,311
-804,293
-780,261
-760,189
-732,177
-776,147
-788,81
-744,17
-724,29
-680,-31
-756,-71
-820,-11
-740,-77
-776,-69
-724,-131
-816,-217
-772,-257
-716,-229
-776,-249
-820,-349
-812,-271
-856,-317
-864,-365
-808,-313
-776,-293
-860,-371
-884,-431
-932,-459
-932,-475
-848,-425
-884,-401
-888,-381
-804,-345
-808,-283
-868,-347
-892,-403
-892,-449
-940,-483
-932,-471
-896,-469
-816,-413
-980,-489
-932,-483
-928,-457
-844,-425
-884,-445
-912,-485
-924,-489
-912,-491
-1016,-509
-1008,-489
-944,-471
-904,-439
-836,-375
-812,-393
-836,-429
-932,-417
-992,-465
-888,-423
-856,-361
-844,-381
-884,-409
-936,-413
-984,-511
-1032,-515
-940,-473
-992,-511
-948,-513
-1016,-541
-912,-469
-900,-471
-984,-507
-976,-497
-1040,-527
-1016,-513
-956,-493
-944,-495
-904,-453
-952,-459
-984,-513
-956,-501
-992,-527
-936,-489
-888,-477
-948,-507
-988,-513
-952,-519
-1044,-533
-1000,-535
-956,-511
-936,-501
-856,-435
-840,-407
-816,-345
-780,-303
-812,-297
-896,-275
-760,-229
-776,-201
-828,-225
-844,-193
-824,-177
-800,-159
-744,-107
-748,-75
-724,-75
-800,-173
-740,-239
-764,-199
-792,-225
-740,-241
-860,-365
-896,-423
-956,-465
-948,-477
-1052,-519
-984,-445
-988,-469
-860,-407
-912,-437
-964,-469
-928,-473
-972,-497
-892,-465
-888,-469
-888,-477
-860,-457
-948,-483
-952,-451
-848,-429
-976,-447
-928,-421
-892,-361
-872,-345
-820,-271
-808,-261
-804,-239
-880,-297
-908,-317
-952,-375
-952,-347
-868,-305
-848,-333
-832,-345
-844,-381
-848,-363
-792,-373
-820,-375
-832,-387
-832,-379
-832,-371
-784,-401
-808,-393
-780,-373
-816,-353
-752,-339
-732,-295
-788,-293
-836,-355
-912,-385
-888,-403
-832,-367
-840,-417
-888,-393
-916,-407
-812,-349
-760,-325
-896,-339
-856,-277
-820,-259
-824,-281
-752,-239
-776,-243
-740,-225
-808,-229
-732,-183
-776,-151
-804,-131
-820,-159
-760,-109
-856,-187
-824,-227
-832,-185
-848,-177
-788,-145
-796,-125
-760,-93
-840,-175
-824,-163
-752,-139
-748,-169
-712,-197
-712,-147
-772,-175
-812,-171
-868,-197
-868,-205
-916,-189
-896,-199
-816,-117
-824,-119
-904,-77
-864,-59
-860,-67
-852,-59
-724,-11
-728,59
-728,83
-808,77
-796,47
-808,7
-836,73
-804,81
-844,81
-812,53
-772,-3
-792,-61
-824,-103
-860,-89
-888,-141
-840,-113
-780,-99
-860,-59
-840,-85
-900,-89
-908,-155
-804,-119
-756,-129
-844,-49
-756,-115
-792,-137
-748,-125
-752,-75
-772,-23
-784,27
-836,57
-808,13
-840,1
-796,-89
-844,-107
-852,-143
-768,-161
-792,-299
-832,-295
-912,-347
-936,-331
-816,-255
-860,-269
-844,-267
-916,-377
-904,-429
-864,-395
-820,-345
-796,-343
-808,-325
-812,-303
-720,-251
-748,-191
-752,-261
-836,-269
-864,-271
-916,-263
-900,-261
-848,-265
-896,-271
-800,-255
-796,-281
-832,-297
-756,-287
-712,-315
-696,-257
-784,-253
-800,-313
-836,-339
-824,-391
-912,-367
-896,-421
-948,-465
-996,-523
-948,-457
-932,-477
-972,-483
-988,-499
-948,-503
-932,-467
-880,-395
-816,-339
-920,-359
-916,-345
-828,-343
-720,-325
-820,-341
-840,-339
-784,-329
-856,-299
-700,-209
-672,-231
-752,-201
-764,-177
-808,-245
-804,-233
-820,-211
-836,-205
-816,-213
-832,-185
-824,-141
-812,-201
-792,-153
-864,-197
-760,-201
-880,-183
-860,-161
-824,-145
-816,-151
-724,-145
-768,-165
-824,-227
-852,-241
-852,-277
-816,-251
-748,-177
-748,-157
-712,-65
-684,33
-764,17
-808,35
-804,63
-760,-3
-760,79
-740,7
-668,-83
-700,-51
-772,-41
-760,-83
-792,-237
-864,-297
-896,-307
-808,-335
-784,-305
-680,-193
-816,-201
-840,-269
-820,-295
-848,-329
-780,-299
-784,-291
-752,-277
-800,-303
-868,-325
-924,-319
-860,-395
-904,-393
-916,-395
-960,-419
-876,-365
-928,-407
-812,-367
-776,-331
-788,-315
-820,-367
-924,-415
-908,-461
-992,-475
-988,-493
-948,-495
-844,-439
-756,-373
-952,-449
-892,-453
-868,-389
-872,-395
-860,-333
-868,-405
-812,-333
-924,-339
-892,-349
-928,-361
-864,-351
-892,-363
-768,-335
-780,-331
-832,-369
-852,-389
-812,-393
-808,-363
-820,-341
-892,-411
-896,-449
-980,-523
-944,-471
-920,-473
-924,-495
-892,-467
-936,-465
-976,-499
-1032,-541
-988,-505
-868,-441
-924,-417
-968,-445
-948,-481
-908,-455
-872,-459
-836,-425
-960,-461
-904,-401
-856,-349
-940,-417
-980,-481
-884,-441
-852,-455
-832,-431
-892,-465
-928,-483
-972,-471
-904,-471
-1064,-549
-1044,-555
-980,-527
-1028,-531
-964,-503
-948,-483
-856,-373
-796,-349
-820,-367
-904,-433
-912,-433
-828,-395
-824,-383
-872,-377
-816,-353
-904,-355
-912,-335
-876,-309
-912,-355
-876,-339
-848,-365
-900,-377
-936,-397
-904,-399
-832,-405
-884,-459
-952,-503
-948,-481
-952,-477
-904,-429
-904,-439
-924,-455
-1020,-539
-956,-513
-948,-511
-952,-491
-892,-463
-924,-455
-896,-453
-900,-485
-932,-461
-920,-453
-832,-405
-844,-425
-932,-447
-968,-489
-964,-497
-908,-451
-864,-403
-920,-429
-844,-389
-920,-431
-932,-459
-988,-461
-912,-427
-848,-397
-840,-357
-860,-385
-892,-405
-880,-415
-876,-395
-868,-335
-776,-265
-736,-215
-744,-223
-816,-243
-756,-249
-708,-217
-828,-167
-828,-163
-804,-183
-788,-131
-824,-207
-780,-203
-816,-191
-804,-153
-820,-213
-768,-151
-852,-133
-840,-175
-840,-227
-852,-243
-736,-161
-804,-113
-796,-81
-796,-137
-808,-195
-788,-121
-820,-81
-832,-25
-724,-73
-796,-39
-724,-15
-740,-25
-652,-99
-648,-167
-692,-175
-772,-257
-784,-287
-856,-305
-804,-295
-864,-349
-836,-297
-780,-237
-724,-227
-780,-261
-816,-263
-856,-335
-884,-367
-888,-301
-856,-263
-884,-311
-928,-369
-836,-363
-884,-403
-892,-431
-828,-379
-932,-437
-952,-449
-864,-435
-912,-465
-944,-441
-896,-429
-964,-455
-940,-421
-896,-421
-924,-463
-912,-427
-912,-457
-928,-475
-980,-489
-976,-499
-980,-499
-1004,-521
-1016,-521
-912,-465
-848,-403
-932,-433
-944,-469
-888,-455
-908,-419
-904,-409
-936,-427
-892,-399
-856,-423
-940,-499
-924,-491
-948,-503
-1024,-527
-1008,-533
-1000,-533
-1016,-535
-1016,-551
-1008,-553
-1028,-549
-988,-531
-1020,-531
-1036,-551
-1000,-501
-916,-449
-924,-435
-840,-363
-888,-401
-864,-391
-820,-333
-832,-361
-792,-365
-796,-371
-788,-307
-792,-369
-956,-429
-920,-447
-872,-399
-884,-403
-992,-445
-968,-449
-1004,-441
-968,-423
-896,-407
-920,-435
-960,-481
-916,-435
-1012,-445
-968,-419
-884,-419
-864,-383
-912,-361
-948,-411
-896,-353
-812,-329
-848,-379
-860,-401
-888,-441
-940,-475
-932,-487
-920,-475
-888,-453
-856,-429
-820,-421
-972,-503
-948,-509
-1036,-551
-996,-527
-960,-501
-1024,-541
-1012,-537
-1020,-523
-956,-487
-940,-491
-928,-467
-956,-467
-944,-481
-880,-445
-928,-463
-1032,-499
-932,-441
-944,-451
-940,-461
-992,-501
-932,-461
-952,-485
-760,-395
-976,-495
-980,-509
-944,-513
-1080,-557
-960,-501
-980,-467
-972,-513
-1008,-539
-956,-499
-880,-467
-896,-441
-808,-423
-884,-445
-948,-453
-1012,-491
-892,-469
-992,-465
-956,-457
-1000,-503
-892,-435
-1016,-471
-984,-465
-848,-437
-884,-429
-836,-379
-956,-475
-1064,-537
-976,-475
-920,-455
-804,-357
-852,-413
-812,-413
-892,-431
-940,-473
-896,-451
-960,-499
-904,-437
-884,-459
-940,-505
-988,-531
-1012,-529
-948,-485
-932,-503
-960,-491
-904,-465
-924,-477
-900,-423
-924,-429
-880,-413
-908,-461
-968,-503
-932,-455
-896,-443
-880,-429
-920,-451
-896,-457
-1032,-541
-1028,-551
-992,-549
-936,-501
-980,-531
-900,-491
-868,-421
-836,-381
-820,-341
-864,-341
-808,-323
-820,-315
-848,-287
-792,-173
-696,-163
-780,-231
-792,-255
-804,-201
-820,-301
-852,-325
-908,-401
-868,-379
-800,-353
-832,-381
-852,-395
-844,-407
-808,-417
-888,-437
-920,-457
-892,-479
-964,-477
-1012,-521
-1048,-555
-1044,-551
-1020,-535
-952,-493
-1012,-529
-928,-481
-1044,-543
-992,-523
-952,-515
-1048,-545
-956,-511
-900,-461
-864,-451
-956,-511
-980,-501
-1000,-513
-964,-501
-940,-491
-924,-503
-952,-509
-968,-511
-1028,-555
-1032,-551
-1008,-533
-1020,-527
-1004,-515
-972,-507
-992,-529
-940,-517
-1016,-537
-932,-505
-920,-479
-840,-409
-888,-423
-820,-411
-872,-431
-876,-457
-916,-469
-964,-503
-996,-529
-1004,-525
-952,-499
-916,-463
-944,-455
-924,-459
-932,-469
-900,-473
-888,-477
-936,-479
-880,-445
-920,-475
-948,-495
-936,-479
-916,-475
-972,-511
-1036,-545
-912,-475
-976,-511
-936,-491
-940,-507
-1008,-515
-1032,-539
-1008,-533
-936,-499
-952,-521
-936,-509
-1028,-537
-980,-505
-928,-465
-952,-499
-944,-497
-916,-471
-980,-501
-1020,-535
-1008,-527
-1000,-527
-972,-511
-988,-517
-972,-515
-1008,-529
-1040,-525
-924,-453
-908,-445
-880,-415
-960,-431
-996,-503
-940,-489
-948,-507
-920,-509
-964,-515
-964,-501
-1004,-525
-1020,-539
-1056,-555
-1020,-549
-1112,-579
-960,-475
-912,-451
-928,-471
-960,-487
-972,-501
-912,-479
-996,-501
-988,-519
-1008,-537
-928,-495
-944,-497
-1004,-519
-964,-517
-972,-499
-984,-515
-972,-475
-932,-439
-936,-443
-1000,-443
-1020,-487
-964,-457
-956,-421
-992,-453
-996,-475
-968,-509
-964,-525
-1052,-555
-1020,-547
-1088,-571
-1036,-545
-1048,-561
-1012,-543
-1020,-539
-964,-493
-1056,-539
-1000,-541
-964,-517
-960,-515
-1016,-543
-976,-507
-1032,-531
-984,-511
-1000,-515
-1036,-525
-1012,-499
-1024,-523
-908,-495
-936,-503
-916,-465
-928,-465
-968,-511
-872,-457
-940,-487
-940,-501
-992,-515
-868,-413
-916,-439
-868,-437
-892,-435
-868,-447
-928,-449
-908,-443
-952,-491
-1024,-535
-1024,-535
-980,-485
-948,-433
-896,-395
-892,-379
-852,-375
-896,-423
-956,-463
-904,-475
-952,-481
-872,-423
-916,-457
-924,-475
-968,-517
-1016,-511
-1080,-555
-1028,-549
-1024,-551
-1068,-561
-968,-511
-908,-493
-904,-473
-984,-495
-912,-477
-836,-439
-896,-463
-864,-451
-908,-475
-884,-475
-860,-437
-936,-491
-1012,-507
-1004,-519
-1004,-479
-860,-399
-912,-377
-896,-359
-900,-389
-956,-443
-972,-487
-976,-523
-904,-469
-840,-437
-924,-481
-1012,-525
-968,-529
-1012,-533
-956,-519
-1012,-519
-956,-507
-892,-465
-896,-481
-900,-467
-952,-475
-928,-469
-856,-435
-884,-455
-908,-459
-872,-447
-884,-463
-948,-497
-980,-493
-976,-505
-1036,-543
-1032,-531
-988,-505
-936,-497
-964,-473
-928,-425
-848,-391
-880,-361
-828,-285
-892,-317
-864,-293
-816,-253
-832,-277
-912,-357
-848,-377
-880,-373
-844,-349
-896,-365
-928,-437
-904,-441
-928,-467
-1016,-519
-1040,-543
-988,-525
-1032,-541
-1064,-543
-976,-513
-956,-487
-916,-479
-884,-451
-892,-467
-836,-439
-780,-399
-924,-445
-916,-459
-852,-403
-800,-383
-912,-465
-844,-425
-856,-411
-940,-459
-932,-455
-924,-473
-988,-513
-900,-455
-936,-455
-860,-411
-828,-419
-872,-427
-892,-441
-868,-381
-900,-393
-924,-399
-812,-389
-792,-351
-860,-409
-872,-395
-836,-403
-852,-405
-844,-421
-904,-451
-868,-427
-880,-467
-860,-457
-836,-429
-888,-449
-776,-399
-932,-437
-992,-473
-1004,-459
-928,-437
-976,-475
-956,-423
-860,-375
-928,-407
-876,-403
-912,-381
-908,-389
-856,-429
-928,-421
-832,-331
-832,-337
-880,-365
-960,-401
-964,-401
-892,-393
-944,-421
-992,-513
-972,-471
-984,-505
-1016,-505
-936,-469
-944,-499
-1064,-553
-1036,-535
-988,-529
-944,-493
-968,-509
-960,-487
-960,-477
-944,-477
-1040,-543
-960,-503
-872,-451
-832,-417
-840,-443
-864,-447
-876,-417
-856,-381
-800,-317
-824,-359
-804,-307
-784,-335
-848,-309
-860,-321
-908,-373
-848,-341
-948,-347
-896,-339
-960,-425
-928,-433
-952,-455
-960,-439
-928,-425
-908,-449
-896,-459
-852,-441
-832,-405
-944,-443
-832,-395
-784,-355
-824,-407
-816,-387
-752,-337
-828,-405
-896,-457
-900,-437
-872,-403
-892,-399
-892,-393
-868,-393
-892,-387
-888,-407
-844,-395
-844,-401
-932,-497
-856,-467
-988,-525
-928,-479
-948,-501
-972,-531
-1040,-541
-1012,-525
-940,-493
-928,-473
-920,-459
-892,-471
-976,-509
-1000,-529
-1072,-565
-1048,-555
-996,-537
-1008,-531
-980,-499
-1004,-493
-988,-473
-828,-411
-900,-477
-924,-477
-928,-483
-944,-497
-848,-437
-868,-455
-892,-443
-964,-475
-892,-447
-920,-439
-920,-491
-980,-503
-932,-489
-948,-497
-980,-505
-936,-467
-844,-445
-964,-517
-1024,-485
-956,-473
-952,-497
-940,-469
-952,-467
-888,-441
-908,-429
-932,-485
-876,-417
-804,-373
-820,-347
-816,-349
-840,-359
-852,-355
-860,-369
-884,-429
-960,-457
-940,-481
-912,-483
-912,-493
-796,-423
-780,-379
-904,-427
-832,-413
-908,-439
-868,-427
-832,-399
-840,-339
-764,-289
-768,-293
-768,-247
-780,-209
-792,-185
-764,-159
-776,-273
-844,-315
-840,-323
-804,-343
-780,-351
-860,-397
-872,-395
-956,-437
-868,-405
-860,-425
-908,-417
-896,-393
-868,-421
-868,-357
-880,-367
-828,-335
-848,-331
-844,-371
-808,-363
-840,-373
-924,-429
-940,-469
-848,-437
-892,-477
-996,-511
-964,-485
-972,-473
-904,-441
-1000,-503
-1064,-543
-940,-475
-932,-483
-1076,-551
-1016,-525
-1008,-523
-960,-491
-932,-479
-924,-483
-892,-467
-912,-475
-936,-495
-872,-471
-924,-499
-852,-469
-916,-497
-1004,-543
-1036,-547
-1020,-545
-1044,-559
-976,-531
-992,-533
-976,-533
-980,-531
-1012,-533
-936,-505
-976,-505
-944,-483
-928,-479
-1032,-529
-1072,-567
-996,-547
-1060,-561
-1056,-543
-1016,-537
-1012,-543
-960,-491
-928,-441
-976,-483
-904,-475
-932,-471
-864,-425
-884,-449
-860,-451
-940,-481
-896,-441
-936,-471
-1004,-503
-972,-457
-984,-513
-960,-505
-956,-493
-864,-419
-856,-371
-888,-359
-900,-401
-956,-407
-840,-385
-860,-429
-848,-443
-892,-429
-804,-411
-912,-471
-904,-463
-920,-497
-964,-497
-960,-483
-1072,-549
-1040,-525
-924,-485
-920,-489
-924,-491
-892,-493
-976,-523
-1024,-551
-1004,-537
-936,-503
-916,-483
-888,-485
-960,-509
-940,-507
-984,-531
-980,-511
-1012,-501
-992,-493
-996,-509
-816,-399
-844,-399
-900,-465
-892,-445
-948,-505
-1012,-537
-1044,-549
-980,-527
-896,-477
-964,-491
-1016,-519
-976,-497
-936,-451
-924,-475
-940,-481
-928,-507
-896,-459
-984,-511
-896,-471
-908,-469
-948,-501
-924,-487
-868,-481
-904,-489
-944,-483
-884,-445
-860,-465
-812,-449
-1008,-545
-1052,-549
-1000,-531
-972,-519
-988,-515
-964,-509
-992,-527
-980,-527
-996,-517
-916,-497
-976,-511
-972,-507
-940,-483
-956,-493
-1048,-523
-908,-469
-984,-481
-968,-499
-936,-465
-868,-439
-856,-439
-880,-427
-1044,-535
-896,-473
-952,-483
-976,-497
-956,-507
-848,-423
-928,-455
-892,-457
-952,-479
-992,-511
-960,-505
-932,-453
-848,-423
-864,-469
-880,-463
-944,-471
-960,-479
-1008,-503
-920,-453
-920,-435
-972,-445
-944,-461
-964,-433
-900,-441
-936,-491
-884,-449
-948,-471
-964,-519
-1032,-525
-1000,-525
-992,-509
-828,-399
-816,-345
-876,-363
-940,-421
-916,-421
-908,-457
-960,-507
-924,-475
-892,-445
-880,-379
-912,-411
-836,-397
-844,-381
-860,-403
-832,-371
-828,-341
-852,-335
-840,-329
-804,-321
-764,-259
-836,-247
-908,-291
-828,-305
-864,-289
-784,-259
-860,-241
-820,-245
-820,-307
-900,-317
-880,-267
-872,-273
-824,-197
-764,-115
-848,-167
-788,-119
-764,-121
-772,-173
-848,-95
-772,-55
-820,-65
-892,-119
-832,-181
-776,-171
-820,-233
-900,-279
-872,-281
-924,-285
-840,-237
-868,-281
-884,-325
-896,-303
-884,-299
-888,-267
-828,-227
-824,-215
-804,-167
-736,-167
-764,-153
-768,-177
-764,-127
-756,-101
-868,-213
-852,-209
-880,-211
-896,-239
-920,-311
-876,-297
-812,-311
-840,-309
-892,-313
-916,-373
-908,-329
-828,-291
-852,-299
-928,-345
-908,-373
-760,-327
-848,-405
-796,-311
-812,-293
-840,-253
-828,-255
-848,-319
-836,-361
-924,-299
-876,-295
-856,-273
-900,-341
-840,-327
-888,-379
-940,-423
-1020,-497
-900,-481
-884,-449
-876,-461
-944,-477
-972,-503
-852,-405
-868,-395
-876,-415
-808,-349
-860,-353
-796,-379
-916,-405
-868,-393
-808,-369
-896,-371
-924,-403
-876,-389
-820,-283
-772,-269
-768,-339
-824,-333
-784,-361
-808,-319
-816,-279
-748,-231
-704,-215
-856,-255
-808,-243
-864,-293
-784,-205
-712,-219
-760,-241
-732,-217
-748,-209
-816,-171
-780,-119
-808,-123
-812,-129
-804,-127
-824,-145
-836,-173
-824,-121
-848,-103
-832,-39
-812,-125
-840,-131
-820,-87
-796,-145
-824,-139
-824,-149
-852,-215
-928,-209
-876,-243
-896,-251
-832,-205
-784,-207
-720,-179
-796,-247
-872,-337
-928,-319
-868,-323
-908,-377
-980,-437
-936,-423
-956,-475
-952,-463
-976,-505
-940,-489
-976,-513
-884,-439
-820,-429
-848,-401
-908,-435
-932,-429
-872,-409
-936,-425
-912,-425
-940,-447
-920,-421
-900,-425
-904,-427
-920,-405
-892,-405
-900,-423
-992,-493
-944,-493
-912,-489
-880,-459
-868,-411
-824,-353
-920,-367
-824,-335
-788,-327
-844,-347
-804,-317
-868,-295
-924,-291
-872,-305
-908,-361
-900,-365
-896,-387
-912,-407
-876,-455
-920,-459
-932,-489
-976,-495
-944,-475
-860,-451
-968,-497
-1004,-499
-904,-463
-924,-483
-988,-517
-980,-495
-1028,-523
-976,-501
-976,-477
-908,-459
-924,-481
-892,-453
-936,-477
-884,-435
-900,-419
-888,-423
-888,-399
-908,-417
-912,-421
-832,-401
-860,-391
-884,-431
-880,-381
-932,-381
-892,-307
-796,-287
-792,-247
-804,-263
-856,-325
-868,-347
-892,-395
-900,-393
-856,-363
-832,-351
-808,-349
-832,-363
-856,-391
-844,-397
-868,-369
-880,-389
-884,-395
-932,-407
-944,-437
-908,-427
-968,-423
-956,-435
-956,-473
-948,-493
-984,-473
-980,-515
-908,-461
-1000,-501
-940,-511
-940,-503
-924,-489
-892,-447
-864,-429
-888,-451
-872,-413
-948,-445
-956,-505
-916,-489
-988,-525
-864,-465
-884,-461
-872,-441
-868,-419
-856,-397
-852,-335
-912,-419
-892,-405
-764,-351
-816,-363
-900,-465
-888,-437
-956,-471
-972,-471
-1004,-483
-940,-489
-940,-485
-912,-449
-980,-515
-1052,-533
-960,-485
-976,-515
-972,-505
-988,-513
-872,-455
-1000,-509
-960,-519
-980,-505
-908,-487
-1012,-527
-972,-529
-1016,-545
-952,-509
-960,-507
-1036,-543
-940,-509
-908,-491
-988,-521
-900,-479
-892,-459
-916,-483
-912,-443
-988,-467
-1056,-497
-912,-443
-920,-403
-916,-433
-832,-415
-880,-429
-856,-417
-888,-387
-824,-309
-836,-367
-836,-421
-964,-493
-1000,-505
-916,-495
-976,-521
-920,-477
-1016,-529
-916,-491
-876,-433
-904,-441
-892,-437
-920,-415
-888,-447
-896,-441
-924,-445
-916,-441
-844,-403
-892,-445
-928,-445
-900,-417
-908,-413
-868,-399
-856,-383
-900,-359
-876,-387
-908,-421
-812,-377
-936,-409
-920,-369
-908,-311
-800,-253
-760,-223
-804,-269
-872,-285
-808,-199
-816,-123
-792,-121
-792,-163
-792,-137
-804,-119
-776,-223
-716,-235
-792,-257
-816,-271
-880,-309
-848,-285
-820,-279
-892,-237
-864,-237
-828,-281
-824,-269
-836,-291
-852,-267
-844,-327
-820,-279
-784,-351
-892,-371
-904,-393
-884,-369
-916,-317
-900,-249
-872,-247
-800,-187
-788,-197
-792,-153
-756,-59
-816,-47
-736,-63
-768,-139
-848,-161
-804,-193
-816,-237
-832,-257
-880,-349
-848,-339
-884,-349
-900,-383
-884,-401
-892,-387
-916,-387
-796,-301
-892,-327
-948,-361
-896,-353
-840,-329
-776,-303
-812,-311
-852,-355
-772,-273
-752,-313
-824,-323
-772,-319
-796,-341
-884,-411
-872,-439
-852,-433
-836,-419
-868,-433
-952,-463
-936,-467
-952,-479
-976,-499
-984,-531
-964,-507
-876,-441
-800,-387
-876,-383
-888,-367
-864,-351
-896,-389
-836,-397
-960,-445
-892,-407
-908,-423
-948,-445
-924,-435
-860,-407
-916,-467
-980,-523
-1008,-539
-968,-515
-880,-405
-900,-443
-952,-429
-940,-427
-864,-343
-872,-379
-912,-387
-864,-367
-872,-391
-844,-361
-840,-339
-840,-435
-816,-401
-776,-321
-900,-391
-852,-401
-752,-355
-844,-391
-824,-415
-924,-435
-936,-379
-884,-351
-916,-375
-864,-383
-892,-427
-976,-465
-916,-467
-888,-443
-864,-415
-832,-417
-852,-409
-840,-383
-880,-381
-892,-437
-824,-351
-852,-387
-916,-373
-864,-297
-792,-313
-844,-387
-912,-407
-928,-433
-880,-439
-796,-405
-848,-399
-900,-409
-916,-361
-892,-377
-808,-325
-872,-339
-844,-295
-880,-257
-816,-265
-908,-339
-812,-331
-884,-361
-844,-407
-900,-429
-948,-449
-912,-381
-888,-345
-892,-333
-920,-335
-892,-367
-916,-423
-880,-373
-860,-377
-916,-449
-916,-483
-916,-471
-1028,-489
-972,-511
-968,-501
-852,-459
-856,-429
-864,-421
-904,-393
-960,-405
-800,-359
-808,-315
-748,-267
-784,-257
-788,-317
-828,-337
-792,-289
-788,-299
-776,-323
-856,-335
-892,-301
-860,-325
-908,-335
-884,-339
-796,-263
-840,-251
-832,-259
-808,-327
-860,-367
-852,-319
-892,-331
-892,-331
-812,-307
-840,-329
-864,-325
-868,-311
-876,-299
-812,-325
-908,-313
-860,-337
-816,-321
-836,-299
-836,-375
-908,-409
-984,-443
-912,-439
-860,-369
-836,-399
-784,-355
-852,-407
-856,-373
-864,-375
-808,-341
-816,-335
-868,-337
-900,-369
-916,-435
-816,-423
-904,-469
-940,-469
-1024,-509
-964,-461
-1032,-509
-1016,-505
-996,-497
-956,-489
-912,-421
-916,-445
-924,-439
-956,-459
-988,-501
-1048,-509
-964,-469
-1132,-581
-1004,-529
-1004,-533
-964,-511
-1020,-533
-920,-477
-868,-431
-892,-479
-940,-489
-960,-489
-944,-493
-848,-455
-884,-459
-888,-449
-880,-401
-844,-365
-900,-347
-856,-289
-888,-347
-784,-315
-748,-273
-780,-281
-744,-293
-700,-291
-760,-327
-756,-323
-788,-317
-744,-307
-864,-399
-892,-369
-868,-287
-840,-301
-836,-377
-832,-373
-812,-349
-808,-335
-940,-355
-920,-449
-932,-451
-872,-415
-820,-417
-736,-363
-824,-337
-748,-287
-772,-317
-788,-283
-804,-305
-860,-359
-912,-407
-876,-441
-956,-463
-904,-409
-864,-415
-884,-425
-956,-443
-880,-397
-896,-401
-820,-339
-872,-335
-868,-285
-924,-283
-836,-243
-856,-235
-832,-211
-808,-201
-748,-227
-800,-255
-820,-249
-784,-261
-748,-155
-704,-167
-784,-215
-800,-337
-884,-459
-932,-501
-972,-519
-948,-483
-1012,-513
-956,-493
-980,-487
-964,-489
-920,-473
-844,-435
-872,-445
-912,-477
-976,-487
-932,-465
-1008,-503
-924,-461
-900,-423
-932,-445
-968,-469
-904,-471
-1020,-529
-972,-521
-952,-509
-1020,-529
-1060,-549
-1020,-527
-968,-495
-840,-397
-836,-389
-848,-443
-864,-379
-904,-339
-916,-351
-896,-341
-916,-315
-920,-341
-900,-389
-868,-379
-960,-457
-928,-419
-976,-481
-892,-389
-912,-441
-892,-415
-948,-449
-912,-433
-884,-441
-976,-509
-936,-519
-1032,-523
-1020,-529
-1028,-543
-1076,-565
-984,-527
-936,-487
-984,-517
-944,-487
-980,-497
-1012,-515
-992,-509
-988,-511
-1012,-513
-1008,-511
-932,-483
-992,-511
-976,-503
-1000,-515
-948,-485
-1004,-517
-956,-475
-920,-459
-900,-455
-916,-455
-896,-453
-964,-463
-960,-493
-940,-503
-964,-511
-1000,-493
-980,-513
-916,-503
-936,-507
-976,-497
-944,-503
-956,-511
-944,-495
-992,-507
-980,-519
-980,-507
-948,-503
-932,-457
-816,-411
-832,-405
-832,-413
-904,-449
-900,-465
-952,-499
-1000,-511
-936,-493
-964,-513
-1004,-513
-972,-505
-968,-499
-916,-453
-952,-495
-928,-469
-992,-497
-1012,-531
-1012,-525
-952,-495
-948,-481
-936,-453
-1024,-517
-924,-441
-872,-397
-852,-359
-780,-231
-728,-203
-788,-145
-748,-193
-804,-263
-796,-267
-892,-369
-1004,-441
-924,-459
-908,-479
-952,-507
-916,-483
-984,-523
-996,-509
-932,-487
-936,-463
-920,-483
-880,-467
-964,-465
-916,-429
-940,-433
-992,-467
-940,-449
-908,-447
-940,-447
-956,-441
-972,-473
-904,-443
-892,-439
-848,-397
-944,-475
-980,-507
-988,-525
-1040,-543
-968,-495
-908,-455
-848,-409
-880,-459
-944,-499
-996,-527
-988,-515
-920,-473
-932,-477
-788,-399
-952,-453
-944,-491
-944,-487
-872,-423
-800,-379
-888,-487
-984,-521
-992,-521
-848,-457
-892,-463
-936,-473
-832,-463
-1048,-551
-992,-539
-988,-495
-940,-477
-904,-411
-836,-381
-808,-355
-740,-349
-828,-357
-804,-307
-820,-251
-868,-347
-872,-403
-892,-411
-888,-367
-856,-357
-848,-343
-872,-399
-944,-449
-908,-473
-972,-495
-904,-473
-876,-445
-1016,-471
-972,-495
-936,-479
-788,-405
-868,-443
-984,-493
-1000,-525
-1032,-531
-960,-469
-864,-383
-892,-367
-896,-353
-820,-343
-836,-329
-816,-367
-808,-317
-800,-289
-880,-305
-848,-325
-840,-345
-828,-301
-816,-305
-864,-341
-772,-273
-776,-305
-744,-213
-772,-269
-792,-289
-840,-331
-812,-293
-804,-347
-776,-331
-932,-451
-940,-491
-944,-499
-896,-483
-888,-455
-940,-453
-916,-437
-816,-403
-864,-417
-840,-375
-808,-357
-808,-375
-784,-365
-952,-443
-984,-457
-944,-423
-832,-367
-912,-401
-876,-395
-904,-365
-844,-335
-836,-297
-876,-239
-936,-243
-876,-215
-784,-251
-772,-225
-776,-225
-780,-173
-796,-183
-780,-123
-784,-95
-804,-185
-792,-187
-756,-159
-756,-137
-708,-101
-780,-111
-808,-187
-856,-173
-788,-173
-880,-175
-788,-139
-752,-131
-704,-47
-688,-23
-728,-107
-712,-131
-780,-183
-752,-215
-812,-269
-800,-303
-804,-275
-816,-333
-844,-319
-872,-315
-876,-311
-900,-357
-876,-347
-916,-369
-928,-363
-872,-341
-860,-317
-876,-349
-932,-365
-960,-413
-880,-437
-976,-509
-864,-431
-900,-399
-884,-353
-888,-365
-932,-437
-844,-373
-852,-419
-908,-419
-928,-439
-968,-465
-940,-459
-936,-451
-1000,-499
-1000,-503
-948,-511
-1012,-525
-1020,-523
-996,-499
-916,-457
-912,-447
-944,-469
-932,-483
-892,-473
-912,-477
-812,-387
-912,-417
-960,-473
-984,-485
-996,-529
-916,-505
-840,-407
-804,-421
-800,-395
-892,-463
-912,-439
-876,-409
-856,-337
-828,-343
-776,-325
-868,-383
-828,-377
-860,-383
-916,-439
-1012,-469
-1000,-517
-912,-429
-900,-429
-952,-429
-960,-449
-988,-465
-1004,-495
-908,-437
-960,-485
-968,-469
-1024,-519
-972,-517
-1048,-539
-932,-485
-908,-481
-1000,-521
-980,-511
-1000,-507
-1012,-533
-976,-513
-972,-499
-984,-515
-920,-485
-932,-489
-896,-469
-932,-501
-996,-517
-1004,-523
-1020,-543
-1072,-565
-1012,-541
-912,-511
-912,-499
-1020,-521
-940,-491
-992,-525
-1044,-543
-968,-509
-992,-525
-992,-529
-1004,-539
-996,-511
-964,-499
-892,-467
-932,-485
-952,-469
-956,-451
-804,-375
-784,-349
-816,-349
-872,-329
-848,-343
-848,-355
-824,-323
-772,-313
-816,-301
-836,-353
-796,-339
-824,-293
-816,-259
-796,-263
-852,-369
-848,-395
-820,-409
-896,-435
-904,-457
-908,-455
-844,-409
-784,-349
-872,-397
-852,-383
-828,-375
-836,-353
-800,-307
-840,-313
-836,-289
-880,-325
-832,-295
-812,-269
-768,-237
-868,-265
-844,-219
-848,-227
-848,-225
-748,-249
-804,-291
-772,-277
-792,-341
-780,-327
-788,-307
-792,-299
-792,-293
-864,-311
-908,-295
-852,-297
-820,-249
-788,-245
-812,-201
-844,-215
-780,-245
-796,-199
-796,-169
-844,-217
-876,-229
-884,-209
-868,-193
-904,-247
-824,-233
-932,-313
-936,-253
-884,-287
-908,-265
-928,-325
-964,-327
-848,-277
-860,-311
-892,-339
-912,-345
-856,-335
-876,-345
-916,-371
-832,-363
-796,-265
-752,-117
-788,-87
-720,-91
-792,-13
-828,21
-756,35
-812,-11
-840,7
-832,-1
-824,-19
-820,-5
-796,-19
-700,-37
-660,17
-756,55
-716,19
-792,-35
-776,-15
-784,-107
-792,-165
-792,-169
-744,-155
-712,-135
-760,-145
-848,-183
-724,-7
-716,19
-728,-31
-768,-15
-744,-9
-856,-95
-856,-59
-852,-111
-780,-93
-832,-141
-808,-81
-872,-57
-856,-67
-792,-35
-868,9
-792,71
-784,41
-824,11
-828,-73
-848,-75
-848,-139
-904,-145
-864,-65
-852,-95
-824,-105
-812,-169
-832,-159
-828,-163
-848,-207
-856,-131
-820,-153
-836,-135
-744,-139
-700,-141
-760,-71
-748,-53
-812,21
-748,119
-788,71
-780,61
-784,81
-780,13
-744,-3
-772,-55
-732,-83
-796,-127
-728,-127
-724,-103
-652,-109
-756,-83
-704,-143
-716,-127
-732,-139
-776,-131
-696,-129
-796,-151
-736,-179
-776,-191
-764,-117
-828,-139
-836,-71
-780,-129
-864,-183
-764,-131
-872,-71
-808,-45
-744,-43
-828,-101
-856,-75
-800,-73
-756,3
-796,-29
-724,-93
-756,-171
-752,-233
-800,-139
-752,-217
-800,-217
-760,-191
-648,-139
-724,-301
-784,-295
-772,-203
-816,-299
-860,-269
-868,-233
-804,-205
-800,-269
-792,-293
-804,-301
-896,-359
-864,-347
-872,-377
-776,-201
-756,-159
-744,-211
-728,-155
-752,-205
-808,-241
-772,-267
-816,-225
-788,-231
-748,-253
-740,-283
-776,-283
-772,-279
-768,-241
-764,-263
-880,-323
-872,-327
-900,-385
-896,-357
-840,-365
-888,-413
-836,-397
-928,-451
-1052,-521
-932,-459
-936,-469
-980,-495
-880,-447
-868,-425
-908,-449
-860,-435
-880,-437
-820,-409
-904,-429
-1024,-521
-896,-453
-940,-479
-956,-471
-876,-445
-912,-483
-932,-473
-884,-489
-900,-491
-980,-525
-940,-479
-992,-515
-952,-473
-976,-509
-964,-517
-984,-493
-904,-465
-928,-475
-1024,-535
-1056,-553
-1032,-545
-908,-471
-944,-471
-908,-443
-900,-443
-944,-461
-900,-411
-836,-367
-788,-325
-856,-415
-848,-397
-796,-377
-868,-417
-936,-385
-916,-317
-912,-283
-852,-297
-932,-323
-920,-395
-880,-343
-796,-215
-800,-235
-832,-157
-904,-259
-900,-255
-928,-233
-868,-239
-840,-267
-772,-265
-796,-239
-828,-295
-836,-287
-804,-277
-772,-251
-824,-195
-752,-171
-800,-189
-740,-183
-812,-149
-800,-143
-752,-113
-800,-127
-756,-157
-752,-135
-808,-95
-784,-93
-888,-107
-808,-59
-732,-55
-824,-39
-780,-35
-752,-49
-800,-33
-828,-93
-832,-135
-840,-177
-940,-187
-852,-191
-856,-171
-756,-165
-740,-111
-708,-87
-784,-113
-760,-25
-776,37
-768,37
-744,33
-680,1
-728,-11
-728,-25
-748,-93
-740,-117
-716,-103
-672,-143
-668,-83
-668,-67
-672,-5
-680,87
-684,93
-728,-21
-740,-3
-796,-7
-780,3
-800,7
-764,-5
-724,19
-804,-23
-792,-59
-788,1
-740,13
-708,33
-728,45
-828,-85
-868,-141
-784,-183
-816,-183
-816,-189
-772,-149
-776,-195
-752,-253
-776,-279
-880,-351
-828,-353
-876,-377
-916,-421
-876,-417
-832,-341
-800,-327
-752,-291
-740,-309
-792,-253
-788,-243
-792,-259
-836,-335
-804,-343
-864,-399
-904,-389
-868,-375
-924,-327
-840,-339
-824,-369
-860,-421
-952,-497
-944,-487
-916,-481
-884,-481
-996,-515
-1024,-529
-984,-517
-920,-511
-944,-495
-964,-509
-1012,-503
-972,-507
-1016,-521
-988,-531
-912,-451
-956,-489
-1088,-551
-980,-491
-988,-485
-980,-453
-940,-449
-956,-461
-872,-355
-880,-419
-940,-459
-968,-489
-916,-413
-876,-443
-1000,-479
-928,-439
-880,-427
-888,-425
-844,-407
-812,-415
-988,-503
-896,-467
-836,-435
-908,-471
-952,-465
-940,-485
-904,-477
-928,-499
-920,-471
-972,-503
-928,-485
-948,-503
-1036,-535
-1012,-513
-960,-515
-872,-439
-892,-413
-884,-459
-944,-503
-1004,-519
-972,-461
-936,-403
-852,-357
-916,-359
-844,-347
-912,-379
-892,-389
-924,-371
-960,-383
-960,-377
-948,-379
-904,-317
-908,-275
-828,-305
-816,-255
-824,-251
-896,-381
-756,-273
-804,-365
-824,-405
-792,-367
-876,-363
-868,-377
-956,-419
-876,-397
-932,-403
-920,-419
-932,-423
-928,-415
-924,-427
-980,-489
-996,-495
-1028,-537
-948,-509
-992,-521
-936,-507
-980,-513
-968,-525
-968,-519
-912,-481
-992,-525
-1036,-537
-944,-513
-816,-445
-864,-439
-876,-417
-984,-507
-1008,-535
-1064,-541
-952,-499
-988,-507
-892,-471
-884,-467
-868,-479
-940,-503
-856,-435
-812,-403
-812,-393
-828,-391
-860,-387
-828,-417
-840,-417
-916,-441
-884,-381
-856,-323
-828,-363
-828,-317
-844,-293
-856,-337
-824,-325
-764,-237
-852,-285
-804,-215
-912,-247
-876,-199
-840,-159
-828,-115
-832,-129
-800,-121
-808,-101
-808,-113
-828,-137
-756,-127
-716,-67
-676,-61
-680,-21
-752,-69
-824,-125
-768,-155
-772,-113
-792,-155
-744,-161
-804,-257
-780,-261
-784,-309
-804,-325
-876,-329
-972,-411
-956,-385
-860,-309
-892,-271
-752,-209
-768,-203
-796,-157
-812,-125
-848,-237
-752,-167
-760,-201
-728,-151
-712,-109
-708,-145
-732,-177
-792,-173
-780,-209
-812,-157
-808,-111
-724,-55
-732,-23
-816,-137
-780,-111
-764,-75
-720,-53
-828,-93
-760,-129
-808,-131
-756,-47
-752,-41
-748,-15
-776,7
-692,-37
-736,-105
-740,-165
-744,-233
-816,-237
-828,-297
-848,-315
-924,-397
-932,-395
-852,-399
-924,-485
-944,-517
-1032,-541
-1020,-547
-1016,-537
-1044,-549
-1028,-535
-976,-521
-1020,-511
-980,-503
-952,-479
-920,-451
-908,-445
-896,-407
-924,-409
-804,-341
-860,-357
-924,-385
-944,-463
-960,-503
-960,-509
-932,-457
-896,-423
-892,-415
-820,-325
-780,-327
-812,-337
-872,-395
-888,-451
-900,-447
-788,-399
-872,-401
-988,-501
-1080,-545
-944,-487
-856,-453
-900,-469
-904,-465
-1036,-537
-1016,-529
-1008,-505
-936,-483
-932,-477
-860,-445
-928,-453
-912,-461
-880,-439
-984,-443
-976,-467
-912,-409
-976,-489
-964,-507
-964,-513
-1028,-531
-932,-487
-944,-511
-1024,-535
-1004,-525
-1008,-535
-1048,-559
-1112,-579
-1020,-535
-980,-511
-944,-521
-960,-521
-944,-507
-988,-529
-924,-495
-956,-505
-1000,-529
-940,-505
-860,-477
-940,-497
-960,-457
-964,-431
-880,-381
-880,-435
-928,-449
-876,-481
-916,-479
-848,-425
-840,-371
-772,-351
-928,-433
-960,-497
-1080,-547
-1012,-541
-952,-497
-976,-511
-1028,-551
-1052,-539
-968,-487
-932,-473
-928,-469
-892,-449
-956,-491
-988,-527
-956,-519
-984,-535
-864,-483
-896,-467
-964,-505
-848,-411
-896,-419
-832,-383
-792,-369
-832,-381
-864,-433
-808,-431
-820,-409
-844,-391
-912,-369
-852,-289
-844,-265
-868,-337
-996,-385
-948,-367
-872,-339
-872,-285
-816,-307
-856,-277
-876,-227
-900,-251
-880,-269
-744,-251
-888,-283
-928,-351
-848,-349
-792,-291
-716,-331
-744,-299
-768,-353
-840,-435
-832,-447
-928,-505
-1000,-525
-1036,-537
-948,-505
-960,-511
-904,-449
-952,-477
-952,-477
-976,-453
-956,-467
-924,-481
-1008,-515
-932,-487
-996,-525
-916,-511
-992,-531
-984,-533
-980,-507
-1016,-527
-980,-501
-996,-499
-1012,-527
-980,-521
-936,-479
-960,-493
-920,-477
-932,-449
-968,-467
-928,-405
-964,-485
-944,-459
-968,-471
-848,-435
-924,-485
-876,-477
-980,-501
-908,-469
-980,-521
-1016,-533
-964,-505
-960,-501
-896,-459
-940,-487
-928,-483
-864,-449
-936,-505
-1044,-543
-1032,-545
-1004,-533
-952,-503
-964,-491
-928,-487
-876,-431
-864,-377
-932,-411
-912,-397
-928,-431
-928,-383
-900,-407
-876,-415
-908,-409
-812,-353
-848,-365
-856,-359
-876,-329
-880,-389
-884,-461
-964,-503
-952,-483
-960,-497
-924,-431
-920,-467
-952,-475
-968,-471
-884,-435
-880,-451
-860,-447
-824,-405
-800,-377
-936,-467
-864,-435
-900,-437
-920,-439
-1056,-531
-972,-505
-824,-421
-852,-373
-876,-281
-840,-309
-784,-243
-764,-209
-776,-257
-820,-285
-888,-375
-856,-345
-840,-237
-788,-153
-784,-89
-700,-95
-748,-197
-712,-233
-744,-295
-812,-329
-788,-309
-852,-327
-900,-353
-924,-355
-900,-323
-804,-333
-816,-319
-904,-393
-832,-379
-868,-431
-948,-455
-924,-439
-900,-411
-904,-421
-908,-427
-892,-421
-832,-411
-856,-433
-872,-439
-940,-481
-988,-525
-944,-517
-960,-511
-916,-495
-932,-479
-940,-469
-948,-461
-964,-499
-988,-515
-1000,-533
-1044,-541
-1020,-531
-952,-509
-1048,-543
-1032,-537
-1080,-565
-1020,-543
-1064,-555
-980,-503
-972,-519
-988,-527
-1004,-517
-932,-503
-896,-477
-960,-479
-944,-411
-972,-425
-936,-423
-860,-407
-952,-461
-848,-445
-880,-433
-904,-423
-868,-383
-868,-395
-832,-385
-788,-355
-900,-457
-928,-467
-920,-487
-1040,-537
-972,-515
-1076,-559
-1004,-541
-912,-505
-1008,-493
-996,-511
-976,-495
-1000,-503
-952,-481
-928,-439
-860,-449
-932,-515
-908,-483
-956,-459
-940,-413
-904,-407
-808,-345
-844,-387
-808,-363
-860,-443
-924,-471
-924,-471
-888,-483
-908,-485
-972,-521
-940,-503
-952,-519
-1044,-549
-1000,-493
-940,-461
-972,-427
-904,-407
-840,-357
-836,-359
-804,-265
-812,-215
-816,-235
-836,-267
-884,-267
-912,-263
-904,-243
-832,-227
-828,-221
-760,-225
-864,-267
-852,-289
-884,-315
-848,-345
-816,-315
-772,-257
-772,-243
-792,-247
-860,-301
-864,-315
-884,-365
-888,-393
-868,-385
-952,-385
-860,-361
-960,-373
-936,-359
-840,-347
-812,-341
-948,-425
-864,-469
-892,-461
-876,-451
-920,-489
-912,-473
-940,-431
-896,-435
-908,-475
-976,-519
-1008,-521
-1020,-525
-924,-483
-940,-479
-928,-481
-908,-463
-816,-409
-844,-371
-928,-401
-880,-397
-916,-451
-924,-453
-880,-457
-828,-379
-864,-421
-920,-473
-908,-477
-932,-503
-948,-503
-1024,-505
-996,-523
-952,-515
-980,-523
-968,-529
-908,-499
-912,-489
-984,-495
-984,-517
-940,-505
-992,-523
-984,-509
-984,-529
-1088,-567
-1024,-547
-908,-483
-920,-457
-960,-499
-888,-483
-936,-495
-936,-503
-912,-481
-892,-469
-944,-499
-1016,-521
-912,-463
-932,-461
-952,-449
-948,-461
-928,-471
-928,-461
-828,-417
-880,-437
-852,-407
-856,-409
-856,-417
-888,-449
-888,-485
-952,-505
-1004,-515
-872,-465
-944,-469
-928,-469
-904,-453
-936,-479
-992,-465
-992,-505
-956,-489
-924,-433
-916,-437
-924,-401
-904,-445
-952,-433
-832,-349
-796,-369
-848,-397
-956,-451
-952,-423
-936,-431
-908,-401
-892,-383
-932,-427
-880,-431
-868,-413
-832,-427
-868,-427
-912,-469
-920,-457
-944,-443
-880,-403
-880,-431
-896,-463
-944,-499
-896,-473
-992,-519
-1024,-547
-964,-517
-1024,-525
-968,-517
-924,-471
-860,-403
-876,-383
-904,-415
-948,-493
-912,-493
-868,-465
-840,-443
-844,-429
-832,-441
-868,-461
-876,-481
-920,-477
-952,-483
-908,-443
-952,-455
-924,-423
-852,-423
-868,-377
-876,-401
-836,-377
-744,-333
-780,-353
-808,-351
-796,-331
-788,-331
-812,-351
-896,-371
-812,-285
-880,-323
-880,-333
-896,-291
-860,-313
-896,-307
-828,-305
-764,-225
-944,-291
-896,-241
-852,-197
-768,-227
-784,-271
-796,-331
-800,-317
-860,-369
-820,-375
-868,-411
-880,-413
-908,-461
-880,-473
-960,-471
-1048,-503
-924,-459
-952,-471
-904,-427
-924,-459
-868,-453
-904,-459
-880,-475
-824,-453
-944,-483
-876,-469
-944,-483
-928,-481
-896,-449
-1020,-527
-964,-503
-940,-491
-1004,-489
-956,-479
-964,-493
-880,-459
-948,-501
-936,-485
-876,-431
-908,-427
-1004,-497
-952,-477
-1016,-495
-940,-429
-916,-373
-868,-377
-932,-417
-988,-465
-932,-481
-908,-459
-976,-465
-940,-459
-924,-451
-964,-503
-1032,-547
-1020,-531
-892,-477
-956,-515
-880,-481
-868,-419
-880,-447
-912,-471
-876,-449
-860,-447
-840,-401
-936,-443
-924,-441
-892,-431
-1016,-485
-980,-465
-932,-429
-920,-489
-888,-451
-876,-457
-856,-467
-884,-451
-844,-453
-920,-475
-936,-497
-944,-497
-976,-469
-880,-401
-880,-379
-844,-331
-804,-325
-788,-315
-860,-369
-944,-395
-976,-385
-924,-383
-840,-271
-872,-265
-876,-275
-892,-255
-856,-225
-792,-267
-748,-259
-848,-255
-816,-185
-820,-173
-896,-107
-860,-141
-892,-79
-804,-143
-816,-105
-772,-47
-756,-69
-688,-135
-800,-87
-820,-89
-884,-65
-768,-1
-768,41
-788,55
-752,-21
-808,-61
-800,-177
-780,-95
-824,-17
-812,9
-804,17
-792,107
-824,19
-796,-3
-708,53
-772,23
-780,17
-804,-27
-740,-17
-804,-43
-776,-9
-716,11
-808,41
-788,13
-748,-21
-728,37
-796,113
-804,141
-780,133
-704,51
-692,45
-800,95
-820,79
-756,93
-832,31
-832,27
-780,-25
-804,-7
-720,-63
-828,-15
-880,-33
-840,-27
-788,-75
-800,-83
-884,-141
-844,-97
-840,-47
-808,5
-772,29
-760,89
-796,169
-804,183
-780,153
-804,163
-848,121
-896,63
-880,39
-816,-7
-844,17
-792,-1
-804,-63
-780,-57
-748,-39
-784,-43
-752,-67
-760,-83
-796,-29
-796,9
-724,81
-800,181
-768,259
-860,287
-892,305
-900,347
-852,289
-856,309
-864,353
-836,385
-892,465
-984,523
-904,471
-880,473
-904,455
-852,425
-860,421
-928,443
-816,399
-816,395
-828,431
-808,433
-800,389
-860,367
-840,387
-876,395
-872,409
-848,443
-904,465
-928,473
-940,457
-932,485
-1016,523
-960,493
-948,483
-816,401
-928,479
-924,475
-860,453
-908,469
-936,459
-976,509
-960,511
-1044,543
-1060,551
-1032,541
-1068,553
-1112,579
-1052,551
-1004,525
-952,497
-984,501
-904,477
-916,495
-928,457
-1032,521
-932,505
-972,505
-1000,531
-1020,531
-1048,539
-1020,519
-964,507
-988,519
-980,487
-932,449
-924,497
-844,461
-876,465
-928,491
-924,501
-1024,501
-992,457
-996,463
-1048,497
-988,475
-1016,507
-1020,539
-1056,541
-1024,539
-932,473
-880,449
-884,437
-884,435
-912,459
-944,489
-992,507
-1060,551
-1040,527
-1036,509
-900,449
-932,451
-972,501
-1028,521
-980,523
-904,479
-932,451
-980,453
-988,419
-932,491
-1008,539
-1036,547
-1012,527
-1052,547
-908,459
-836,425
-804,379
-836,381
-920,479
-920,461
-912,485
-976,485
-952,475
-956,481
-904,477
-920,443
-864,399
-792,381
-844,415
-976,445
-928,473
-1012,537
-1036,543
-948,503
-960,483
-976,489
-1004,505
-940,477
-924,477
-956,495
-924,467
-984,489
-968,489
-920,477
-904,455
-944,515
-960,499
-916,469
-944,483
-1000,501
-884,459
-868,449
-988,515
-956,493
-964,499
-1048,547
-1056,553
-1004,543
-1000,525
-980,515
-1032,545
-1060,533
-1004,515
-964,487
-976,499
-1080,559
-988,525
-1016,547
-1028,527
-940,489
-872,447
-904,405
-940,423
-924,317
-804,283
-796,273
-840,261
-904,245
-824,233
-796,247
-812,241
-884,281
-900,305
-840,281
-844,289
-852,283
-860,325
-800,319
-828,287
-768,297
-808,387
-836,383
-848,445
-916,485
-976,507
-968,493
-956,505
-936,491
-984,493
-932,499
-1012,543
-964,497
-984,479
-968,491
-888,451
-992,493
-892,473
-884,423
-908,465
-908,463
-920,493
-940,481
-892,465
-864,439
-932,443
-896,427
-964,479
-936,461
-904,445
-896,445
-876,445
-868,439
-932,507
-1000,503
-1036,545
-1088,567
-1044,555
-1080,563
-1060,555
-1008,529
-1028,531
-1036,541
-984,509
-928,457
-964,469
-812,387
-884,441
-904,405
-888,401
-840,359
-804,279
-776,253
-824,329
-856,341
-836,289
-844,291
-912,347
-740,313
-800,301
-880,389
-896,369
-900,423
-840,411
-844,439
-840,413
-912,449
-852,387
-856,417
-832,381
-756,349
-700,289
-824,369
-884,413
-980,473
-980,507
-976,505
-976,501
-900,479
-960,503
-984,507
-988,521
-996,523
-988,523
-1100,573
-1124,579
-1100,575
-1012,547
-1040,537
-1048,559
-1000,537
-956,515
-960,487
-996,489
-908,433
-908,429
-776,371
-916,443
-888,405
-928,415
-928,427
-816,397
-880,403
-904,447
-944,469
-936,485
-968,495
-980,525
-960,505
-940,503
-912,457
-928,449
-912,459
-944,483
-932,473
-908,459
-908,467
-948,481
-904,459
-864,421
-916,473
-836,435
-984,499
-1024,543
-944,487
-972,529
-1036,547
-904,505
-888,467
-1000,509
-900,447
-828,411
-948,511
-968,497
-932,489
-1068,543
-1012,539
-992,519
-972,529
-984,531
-908,475
-892,453
-1016,515
-992,511
-1020,517
-1040,527
-1024,533
-1020,533
-948,505
-1016,539
-948,469
-932,441
-952,453
-916,431
-808,369
-932,469
-972,493
-1000,529
-932,487
-936,465
-896,419
-892,403
-868,367
-836,351
-960,447
-928,441
-884,405
-864,419
-1016,447
-980,421
-908,401
-824,377
-868,323
-884,333
-860,335
-840,351
-904,371
-884,391
-912,379
-916,357
-836,333
-820,265
-844,301
-876,231
-924,299
-900,279
-960,249
-940,259
-856,239
-812,283
-792,259
-792,325
-956,455
-952,431
-1012,511
-928,471
-932,495
-936,481
-872,415
-880,453
-876,445
-956,467
-984,479
-920,449
-916,405
-952,459
-1016,507
-1024,501
-936,455
-908,425
-928,447
-864,371
-904,381
-912,407
-844,367
-884,393
-820,403
-860,417
-816,379
-792,315
-764,223
-828,325
-852,335
-760,265
-772,247
-788,299
-800,297
-788,331
-740,301
-844,343
-776,283
-740,299
-856,329
-896,353
-864,341
-880,385
-920,459
-964,471
-928,425
-880,385
-924,385
-816,385
-824,389
-776,335
-804,337
-808,293
-748,187
-736,231
-832,247
-816,237
-796,229
-868,281
-868,207
-856,191
-832,199
-780,183
-732,215
-796,243
-856,195
-824,195
-856,205
-856,205
-800,155
-880,149
-820,151
-816,169
-732,133
-820,177
-736,127
-832,177
-852,165
-884,185
-908,201
-912,245
-904,299
-860,195
-804,275
-856,277
-800,325
-824,351
-912,389
-896,399
-872,383
-804,347
-864,357
-916,423
-872,407
-924,477
-912,455
-876,457
-888,429
-900,431
-920,419
-852,383
-784,385
-760,339
-772,393
-776,409
-900,467
-936,497
-932,491
-972,513
-920,483
-868,453
-836,369
-832,361
-876,427
-944,429
-1008,479
-808,401
-836,365
-900,413
-844,365
-908,419
-868,433
-952,485
-912,471
-924,481
-892,473
-960,511
-936,511
-1024,537
-1036,533
-1000,535
-1052,545
-1068,539
-912,487
-904,489
-1008,533
-1076,565
-992,497
-968,447
-960,431
-932,445
-972,445
-976,489
-980,493
-984,507
-992,507
-968,505
-948,505
-1000,529
-1052,559
-1012,535
-1044,545
-964,515
-896,459
-916,427
-892,429
-888,445
-948,481
-904,491
-992,521
-900,483
-940,475
-900,459
-828,419
-928,445
-968,495
-940,493
-980,515
-948,485
-968,501
-904,467
-932,501
-936,499
-968,513
-948,495
-940,461
-988,481
-992,509
-968,483
-1000,515
-968,511
-912,479
-988,535
-964,515
-908,455
-996,513
-1044,543
-1040,537
-988,515
-960,509
-956,493
-1036,527
-984,479
-936,437
-932,439
-896,421
-856,433
-868,447
-916,465
-944,483
-1032,531
-1044,551
-932,499
-940,495
-1020,547
-992,529
-980,493
-912,503
-912,469
-912,433
-932,425
-964,467
-988,487
-980,491
-1000,511
-1020,523
-1012,533
-1088,559
-900,477
-884,447
-948,453
-848,435
-912,435
-888,459
-852,453
-884,485
-908,503
-956,495
-980,481
-912,445
-888,449
-844,427
-912,465
-916,435
-900,447
-920,447
-868,443
-828,383
-888,449
-876,475
-820,451
-856,447
-904,453
-908,429
-932,473
-892,431
-844,431
-860,427
-948,475
-960,495
-992,509
-964,499
-1060,553
-1100,569
-1028,543
-1012,513
-936,525
-936,495
-916,469
-864,471
-864,467
-980,513
-956,511
-1080,559
-1056,547
-1020,535
-972,497
-948,485
-932,435
-896,437
-876,407
-896,443
-952,475
-968,477
-1008,547
-960,509
-936,481
-940,487
-984,475
-1012,483
-980,479
-908,457
-1004,507
-960,487
-928,473
-948,485
-940,441
-892,405
-928,447
-996,503
-972,493
-1000,491
-876,455
-856,471
-884,471
-916,481
-900,459
-888,459
-912,465
-868,453
-812,407
-804,355
-896,401
-896,397
-872,347
-896,375
-868,367
-856,383
-884,407
-872,419
-932,447
-924,457
-892,417
-772,367
-860,415
-880,437
-864,449
-832,411
-940,477
-884,437
-836,405
-744,331
-752,307
-864,369
-848,353
-804,307
-856,313
-848,291
-880,321
-772,353
-872,409
-840,417
-900,421
-884,419
-812,391
-772,385
-852,439
-904,455
-944,473
-944,465
-940,461
-840,421
-864,431
-908,437
-860,423
-876,449
-952,499
-968,509
-960,513
-916,461
-848,443
-824,389
-916,445
-892,453
-892,455
-800,401
-820,411
-924,475
-928,489
-944,491
-952,503
-952,433
-900,459
-940,479
-992,503
-1008,513
-952,493
-896,483
-820,413
-884,441
-824,389
-928,431
-852,397
-872,409
-768,371
-948,423
-880,441
-928,457
-912,483
-984,515
-976,493
-1000,451
-908,429
-916,489
-1028,547
-1028,541
-1092,569
-1012,519
-1020,541
-996,519
-1012,521
-972,475
-928,451
-1000,491
-1016,485
-1048,507
-928,455
-972,475
-1016,487
-940,417
-840,411
-896,425
-888,451
-916,467
-880,439
-832,401
-824,413
-888,415
-780,349
-880,389
-864,375
-824,335
-796,345
-832,339
-868,321
-844,331
-892,289
-852,301
-812,309
-824,293
-788,233
-852,297
-780,303
-820,333
-852,359
-908,391
-872,375
-896,409
-872,381
-912,411
-884,335
-784,315
-800,371
-820,413
-856,417
-880,355
-900,413
-944,449
-920,465
-988,511
-992,517
-1012,543
-944,497
-940,467
-916,477
-988,475
-900,397
-916,319
-828,269
-844,339
-844,289
-772,299
-852,319
-804,289
-816,253
-892,261
-840,185
-800,135
-852,249
-876,295
-916,349
-860,321
-844,265
-904,289
-836,341
-908,371
-876,397
-840,339
-864,343
-844,387
-812,365
-872,447
-804,407
-836,421
-852,453
-916,473
-992,505
-976,505
-1044,543
-936,495
-964,499
-964,509
-1000,499
-940,445
-896,451
-972,475
-996,489
-808,385
-896,369
-940,381
-836,391
-836,357
-824,377
-888,427
-876,399
-920,401
-876,399
-868,401
-928,435
-960,369
-888,351
-916,417
-960,437
-1000,437
-944,415
-852,339
-836,309
-864,367
-872,385
-852,429
-968,507
-992,515
-984,507
-936,471
-916,465
-1004,509
-968,495
-984,513
-916,481
-952,491
-944,477
-968,517
-980,531
-1024,537
-952,509
-928,485
-916,475
-860,433
-816,443
-924,463
-916,465
-924,473
-868,411
-848,413
-844,377
-912,427
-832,419
-944,485
-1036,519
-1016,533
-872,473
-856,461
-876,467
-988,511
-932,509
-988,519
-1064,557
-1084,565
-1076,571
-1016,541
-1044,545
-988,501
-1004,545
-984,525
-928,515
-940,499
-884,461
-936,471
-964,481
-936,487
-908,485
-816,427
-900,491
-956,493
-932,497
-1060,561
-1008,533
-992,537
-896,487
-984,527
-1008,535
-1124,579
-968,521
-960,507
-1036,519
-908,483
-964,501
-956,501
-948,481
-1000,497
-976,499
-992,513
-912,467
-952,491
-952,499
-856,423
-1004,475
-1008,479
-948,469
-984,487
-840,395
-932,439
-944,463
-1020,531
-968,505
-964,491
-1032,533
-1024,519
-940,493
-892,469
-824,425
-960,471
-952,467
-868,437
-872,395
-768,385
-868,423
-920,429
-960,463
-940,449
-952,501
-956,511
-1016,537
-916,485
-872,479
-940,505
-904,485
-888,445
-896,461
-932,469
-1020,517
-972,493
-1004,505
-888,399
-980,463
-896,479
-904,487
-932,495
-960,505
-988,519
-1048,541
-1020,519
-1068,547
-1000,535
-1008,527
-968,483
-928,417
-976,483
-988,475
-960,485
-976,519
-972,511
-964,465
-872,393
-944,445
-1000,469
-960,473
-884,433
-904,465
-1012,517
-1020,521
-1000,503
-864,461
-884,463
-916,487
-1016,535
-940,487
-868,417
-844,419
-884,401
-828,311
-808,223
-828,239
-792,281
-848,363
-844,367
-780,295
-864,351
-868,415
-940,401
-876,373
-896,417
-972,493
-956,467
-1012,509
-892,465
-864,469
-924,501
-940,499
-904,469
-956,503
-904,469
-880,445
-812,403
-804,375
-844,379
-956,431
-940,441
-956,483
-992,505
-924,501
-992,519
-960,509
-948,487
-1020,525
-960,457
-912,429
-908,427
-792,403
-864,435
-900,445
-980,489
-1000,503
-956,477
-948,451
-992,475
-924,451
-816,427
-876,419
-856,403
-848,351
-924,401
-848,411
-812,403
-860,393
-768,339
-836,369
-804,351
-812,363
-836,373
-856,437
-904,457
-904,399
-928,433
-892,435
-988,471
-904,449
-972,479
-956,483
-928,457
-980,469
-972,505
-984,517
-996,527
-932,501
-984,515
-964,519
-944,481
-900,459
-944,443
-896,331
-900,345
-920,331
-860,287
-924,307
-816,309
-836,297
-880,315
-844,323
-780,353
-784,351
-804,391
-828,377
-888,415
-864,383
-884,381
-816,359
-848,337
-852,373
-808,411
-848,441
-896,487
-980,515
-936,489
-1020,535
-976,495
-1012,491
-972,479
-956,445
-888,423
-840,397
-888,437
-880,401
-848,417
-908,483
-944,495
-948,499
-908,479
-884,483
-924,481
-948,503
-984,521
-960,489
-1012,527
-928,507
-904,481
-932,487
-968,513
-1032,539
-972,527
-996,529
-1000,523
-944,517
-996,531
-1060,565
-1040,551
-984,523
-916,467
-940,479
-908,463
-956,441
-888,411
-888,407
-928,349
-760,269
-764,245
-772,249
-872,299
-832,247
-888,287
-952,347
-864,335
-852,361
-864,411
-900,439
-884,423
-820,377
-832,385
-868,421
-924,405
-888,381
-788,267
-784,271
-736,239
-848,341
-904,375
-888,387
-900,405
-892,373
-856,323
-824,295
-812,345
-872,371
-836,385
-940,491
-956,477
-916,469
-988,509
-936,501
-948,497
-924,485
-964,477
-956,417
-904,427
-876,427
-900,435
-924,481
-896,413
-892,415
-952,461
-972,495
-1008,509
-932,495
-960,509
-984,491
-900,373
-960,483
-940,483
-896,487
-924,497
-948,505
-884,463
-964,489
-804,427
-880,397
-888,343
-892,341
-928,347
-956,399
-944,387
-876,339
-916,311
-896,241
-936,233
-928,213
-928,171
-912,187
-872,179
-796,171
-732,173
-684,157
-704,147
-752,227
-768,259
-816,315
-852,297
-896,281
-836,349
-920,337
-912,265
-888,333
-880,333
-804,317
-844,355
-844,371
-864,391
-900,403
-904,351
-788,339
-884,411
-884,439
-892,427
-916,445
-960,487
-948,493
-972,513
-976,529
-984,531
-928,495
-956,521
-1016,545
-964,531
-960,527
-916,503
-908,467
-984,501
-952,493
-976,501
-972,531
-1028,541
-928,481
-904,471
-916,449
-1024,507
-956,487
-928,485
-876,455
-984,529
-952,501
-896,479
-988,505
-944,467
-884,435
-940,467
-936,463
-860,443
-976,521
-964,497
-1012,523
-984,513
-1000,531
-932,497
-992,513
-908,453
-908,421
-820,387
-780,347
-832,381
-852,379
-908,347
-880,363
-880,349
-896,357
-956,365
-916,395
-840,337
-936,355
-948,349
-848,319
-840,309
-900,361
-832,307
-868,273
-864,217
-912,247
-868,259
-868,221
-824,141
-816,95
-824,109
-860,167
-868,193
-852,145
-812,161
-824,225
-756,209
-856,127
-820,167
-792,181
-808,203
-792,221
-796,247
-844,255
-864,309
-884,331
-828,377
-788,371
-872,387
-892,425
-884,365
-836,393
-868,459
-1020,539
-980,523
-984,527
-1016,525
-976,487
-872,437
-960,451
-896,435
-864,395
-840,415
-844,397
-796,393
-844,419
-940,455
-948,493
-952,483
-920,479
-956,525
-984,517
-996,499
-864,447
-872,431
-988,491
-916,447
-916,443
-996,489
-932,487
-976,467
-928,455
-904,417
-848,391
-856,393
-880,397
-912,459
-964,489
-864,441
-872,453
-900,471
-932,475
-972,529
-956,517
-956,521
-920,461
-844,363
-916,415
-860,397
-868,403
-864,415
-908,381
-924,367
-928,397
-848,385
-864,445
-916,443
-832,383
-924,359
-924,335
-912,399
-928,433
-916,457
-944,447
-924,463
-868,431
-928,475
-888,441
-848,453
-860,419
-864,395
-852,379
-920,411
-960,371
-928,355
-868,339
-864,301
-776,215
-852,195
-836,227
-836,203
-884,181
-860,119
-840,127
-792,77
-764,113
-860,173
-824,197
-900,269
-928,273
-904,261
-844,249
-792,313
-900,345
-964,391
-916,355
-836,295
-756,191
-764,227
-760,271
-820,179
-824,203
-804,119
-796,79
-768,-11
-768,29
-816,93
-848,99
-840,87
-780,29
-780,69
-772,33
-724,37
-712,-37
-772,-43
-784,-69
-832,-41
-812,21
-824,45
-836,25
-812,-75
-772,-101
-800,-25
-776,-63
-816,-45
-784,-59
-824,-81
-836,-105
-860,-177
-820,-181
-808,-225
-792,-239
-840,-211
-824,-233
-840,-245
-784,-219
-772,-191
-816,-189
-844,-255
-852,-247
-752,-195
-764,-135
-848,-205
-884,-181
-816,-151
-768,-195
-772,-193
-784,-171
-764,-237
-772,-267
-880,-313
-880,-313
-744,-309
-856,-337
-868,-297
-980,-383
-968,-411
-804,-309
-956,-347
-892,-319
-936,-359
-936,-335
-864,-303
-920,-377
-860,-313
-900,-289
-880,-289
-924,-289
-868,-257
-912,-271
-856,-259
-892,-259
-932,-281
-904,-327
-804,-317
-808,-267
-884,-223
-892,-193
-928,-253
-828,-339
-828,-337
-788,-287
-852,-315
-864,-291
-888,-271
-884,-305
-872,-345
-844,-359
-944,-411
-972,-385
-912,-389
-928,-401
-868,-379
-912,-397
-884,-393
-916,-413
-948,-455
-876,-445
-812,-421
-812,-399
-808,-385
-832,-387
-876,-409
-916,-441
-848,-423
-948,-447
-888,-447
-972,-509
-940,-495
-904,-469
-888,-471
-864,-457
-912,-433
-928,-449
-884,-433
-904,-445
-836,-429
-908,-445
-876,-381
-852,-365
-808,-347
-820,-287
-844,-357
-892,-315
-840,-277
-832,-275
-856,-289
-832,-277
-700,-191
-772,-237
-836,-217
-908,-223
-848,-167
-848,-169
-780,-141
-848,-175
-872,-151
-808,-93
-764,-25
-672,-59
-724,-129
-740,-127
-792,-89
-788,-93
-888,-101
-808,-31
-816,-1
-780,43
-764,51
-764,111
-732,59
-792,169
-880,255
-852,235
-836,207
-796,211
-864,177
-784,95
-792,19
-784,21
-664,-27
-688,17
-708,33
-680,-3
-768,-61
-744,-157
-768,-219
-732,-233
-768,-191
-736,-103
-804,-223
-832,-231
-792,-203
-784,-287
-836,-249
-824,-249
-892,-307
-876,-309
-840,-339
-940,-425
-868,-389
-840,-395
-840,-405
-844,-321
-844,-355
-860,-395
-860,-397
-860,-433
-956,-499
-964,-463
-944,-455
-920,-463
-912,-457
-932,-455
-912,-463
-940,-493
-888,-465
-908,-475
-988,-515
-940,-461
-896,-395
-764,-317
-840,-337
-840,-339
-900,-399
-952,-457
-924,-449
-860,-459
-908,-471
-888,-463
-920,-465
-892,-457
-960,-525
-936,-501
-964,-511
-976,-515
-888,-467
-936,-505
-936,-497
-1060,-545
-992,-519
-888,-485
-944,-501
-964,-515
-872,-441
-980,-529
-924,-505
-1016,-533
-888,-459
-836,-417
-928,-451
-944,-463
-932,-477
-872,-453
-848,-461
-900,-447
-936,-471
-936,-455
-1000,-495
-932,-485
-968,-495
-1008,-533
-940,-509
-908,-499
-972,-509
-960,-501
-940,-505
-932,-489
-904,-491
-896,-449
-908,-481
-932,-457
-884,-433
-904,-449
-972,-473
-880,-423
-948,-473
-1060,-535
-1064,-539
-1092,-541
-984,-483
-944,-475
-980,-463
-916,-461
-920,-441
-880,-399
-804,-401
-908,-431
-828,-425
-844,-417
-796,-413
-876,-459
-896,-479
-956,-493
-992,-527
-976,-507
-912,-487
-900,-465
-920,-473
-940,-501
-944,-481
-964,-477
-940,-501
-968,-519
-1044,-553
-980,-523
-1016,-539
-996,-531
-996,-521
-936,-507
-1080,-549
-952,-493
-920,-485
-896,-479
-916,-471
-840,-405
-828,-415
-904,-479
-852,-437
-848,-445
-856,-437
-844,-407
-872,-435
-856,-427
-868,-457
-956,-469
-968,-467
-968,-439
-884,-425
-980,-509
-1012,-523
-996,-519
-940,-497
-992,-519
-968,-515
-924,-501
-972,-505
-1012,-533
-860,-449
-860,-447
-928,-425
-936,-419
-856,-405
-904,-433
-892,-445
-836,-423
-960,-457
-932,-431
-908,-415
-904,-395
-860,-397
-892,-455
-860,-429
-912,-437
-952,-451
-916,-455
-920,-443
-884,-387
-836,-353
-864,-407
-884,-403
-900,-407
-904,-431
-900,-397
-908,-377
-936,-391
-892,-359
-852,-393
-900,-437
-948,-487
-924,-475
-932,-481
-968,-495
-912,-477
-1144,-585
-1048,-557
-976,-517
-996,-513
-916,-463
-1016,-505
-920,-479
-932,-503
-956,-515
-960,-515
-984,-513
-984,-507
-1000,-535
-1040,-541
-1024,-527
-1040,-541
-904,-485
-1060,-547
-1000,-533
-1024,-529
-1040,-537
-1000,-515
-952,-495
-956,-507
-1004,-529
-1020,-543
-1008,-543
-968,-527
-976,-515
-1032,-539
-944,-505
-912,-483
-872,-443
-852,-455
-948,-489
-1012,-525
-952,-497
-1004,-507
-996,-499
-980,-511
-972,-533
-964,-507
-944,-491
-988,-513
-972,-485
-984,-515
-948,-483
-988,-521
-1060,-555
-1020,-529
-952,-507
-912,-487
-920,-471
-904,-463
-980,-479
-956,-469
-880,-425
-828,-399
-832,-387
-880,-401
-892,-387
-908,-401
-876,-447
-940,-439
-876,-327
-900,-389
-852,-339
-828,-365
-872,-393
-832,-403
-832,-407
-796,-413
-788,-381
-788,-395
-904,-411
-936,-379
-880,-393
-776,-327
-832,-381
-820,-341
-952,-447
-952,-465
-912,-463
-1028,-535
-968,-507
-960,-521
-948,-503
-944,-457
-756,-387
-844,-425
-888,-463
-908,-437
-880,-427
-828,-391
-880,-433
-864,-401
-920,-423
-844,-407
-792,-397
-772,-343
-820,-387
-864,-373
-796,-337
-804,-309
-868,-289
-868,-297
-908,-273
-836,-251
-852,-253
-840,-235
-868,-257
-820,-177
-856,-193
-760,-203
-760,-173
-748,-179
-748,-161
-740,-123
-812,-129
-848,-123
-864,-129
-776,-123
-832,-39
-836,-49
-768,5
-780,85
-840,23
-796,33
-724,101
-824,57
-832,49
-844,65
-836,91
-812,-7
-816,23
-776,93
-724,93
-708,101
-724,109
-760,59
-768,43
-728,37
-712,53
-772,3
-816,19
-832,3
-748,47
-740,39
-764,59
-756,83
-680,89
-708,107
-728,89
-704,75
-744,73
-848,79
-868,65
-796,73
-816,63
-776,71
-784,37
-776,23
-756,9
-784,9
-808,53
-780,151
-768,107
-784,109
-812,147
-764,171
-836,145
-844,169
-832,231
-792,213
-772,209
-772,161
-820,157
-824,141
-848,113
-916,153
-900,121
-856,167
-940,243
-892,227
-852,117
-820,149
-816,217
-756,151
-808,143
-808,117
-752,95
-816,107
-768,141
-712,121
-768,91
-816,23
-752,25
-808,63
-720,-11
-820,-17
-776,-59
-808,-43
-788,77
-768,67
-812,-31
-732,-5
-724,29
-748,15
-756,-11
-776,-39
-848,-47
-788,-71
-756,-145
-704,-99
-732,-167
-764,-235
-700,-255
-788,-213
-868,-317
-888,-399
-884,-385
-832,-351
-828,-359
-864,-361
-880,-361
-820,-327
-828,-355
-872,-315
-872,-369
-936,-361
-884,-323
-796,-265
-768,-249
-836,-259
-916,-287
-800,-295
-792,-217
-704,-169
-756,-219
-764,-265
-832,-343
-856,-379
-904,-433
-968,-503
-908,-447
-864,-411
-960,-481
-1004,-471
-980,-439
-964,-439
-932,-425
-864,-441
-912,-493
-892,-465
-944,-519
-948,-527
-964,-523
-1000,-521
-1016,-525
-1016,-529
-1028,-531
-996,-537
-872,-471
-876,-449
-888,-449
-992,-515
-964,-497
-936,-491
-956,-473
-936,-435
-784,-335
-800,-329
-768,-301
-788,-313
-840,-385
-848,-417
-932,-447
-860,-399
-956,-485
-984,-493
-952,-465
-908,-437
-908,-455
-928,-491
-936,-453
-944,-423
-980,-459
-864,-405
-948,-495
-948,-473
-888,-449
-940,-461
-912,-467
-916,-463
-844,-397
-864,-413
-840,-369
-840,-385
-908,-487
-808,-413
-824,-423
-812,-403
-816,-407
-752,-331
-764,-373
-756,-361
-888,-477
-900,-473
-944,-515
-948,-505
-972,-503
-920,-463
-812,-425
-840,-427
-836,-413
-840,-443
-948,-425
-924,-439
-928,-449
-912,-431
-828,-413
-848,-423
-856,-455
-876,-415
-832,-429
-812,-415
-788,-413
-852,-401
-884,-421
-936,-479
-952,-487
-992,-495
-960,-479
-984,-487
-916,-455
-952,-477
-960,-473
-988,-525
-1020,-533
-992,-529
-1024,-531
-928,-463
-968,-477
-984,-501
-1008,-537
-996,-535
-1072,-559
-1052,-559
-936,-503
-892,-477
-840,-443
-952,-483
-928,-455
-912,-453
-956,-475
-976,-447
-988,-463
-964,-469
-960,-493
-936,-489
-976,-509
-948,-489
-924,-483
-848,-459
-888,-463
-880,-475
-1012,-529
-964,-491
-896,-473
-936,-491
-1068,-545
-984,-507
-1088,-555
-988,-495
-888,-463
-896,-463
-888,-453
-944,-507
-976,-497
-956,-493
-932,-497
-960,-479
-908,-481
-916,-475
-924,-463
-1020,-491
-940,-495
-908,-479
-908,-421
-892,-401
-892,-457
-860,-403
-836,-393
-836,-385
-832,-361
-808,-349
-888,-375
-964,-421
-868,-369
-800,-347
-840,-301
-824,-295
-900,-343
-932,-337
-848,-285
-868,-255
-752,-245
-932,-369
-892,-383
-952,-413
-956,-447
-860,-447
-948,-501
-908,-483
-900,-483
-892,-455
-948,-509
-888,-467
-876,-437
-880,-451
-884,-455
-952,-501
-856,-469
-936,-483
-1008,-523
-992,-503
-1012,-527
-952,-515
-984,-499
-964,-531
-980,-531
-1036,-531
-968,-503
-952,-479
-976,-469
-920,-447
-912,-483
-968,-471
-880,-429
-832,-393
-868,-441
-964,-407
-888,-303
-788,-297
-796,-285
-772,-275
-868,-377
-912,-435
-980,-497
-904,-485
-928,-497
-960,-503
-1004,-527
-916,-483
-916,-487
-952,-485
-932,-485
-904,-443
-856,-439
-880,-441
-988,-489
-928,-463
-916,-447
-856,-403
-876,-405
-912,-385
-876,-315
-784,-257
-792,-255
-764,-181
-824,-187
-720,-119
-784,-71
-812,-65
-804,-101
-868,-183
-752,-221
-736,-237
-808,-235
-836,-221
-900,-235
-836,-199
-804,-267
-712,-255
-820,-311
-780,-263
-704,-279
-684,-245
-760,-309
-756,-337
-864,-383
-792,-283
-788,-343
-924,-431
-1016,-467
-964,-453
-880,-449
-964,-469
-964,-503
-992,-525
-984,-523
-952,-483
-1024,-517
-1076,-557
-1064,-553
-952,-499
-1036,-551
-992,-477
-964,-437
-1020,-485
-992,-491
-912,-479
-968,-489
-1020,-527
-1008,-525
-1004,-529
-1008,-541
-968,-519
-912,-491
-916,-485
-952,-513
-912,-489
-884,-477
-908,-447
-976,-485
-976,-521
-956,-493
-964,-455
-908,-443
-856,-415
-900,-475
-928,-469
-896,-473
-916,-497
-908,-479
-884,-451
-968,-519
-892,-459
-920,-465
-956,-491
-952,-485
-948,-417
-832,-387
-852,-373
-824,-397
-812,-369
-868,-385
-868,-385
-880,-423
-920,-419
-936,-461
-992,-529
-1068,-561
-1036,-535
-1044,-539
-1000,-519
-1024,-537
-944,-479
-880,-427
-868,-423
-836,-409
-912,-437
-984,-471
-948,-467
-912,-481
-924,-495
-952,-489
-1000,-493
-964,-489
-920,-455
-996,-501
-888,-415
-884,-399
-840,-375
-796,-355
-792,-309
-812,-359
-804,-393
-796,-395
-884,-373
-844,-393
-820,-393
-852,-393
-804,-343
-784,-323
-840,-353
-912,-465
-1008,-547
-1036,-537
-996,-505
-920,-493
-896,-477
-928,-481
-876,-457
-880,-469
-836,-433
-900,-489
-856,-441
-904,-401
-788,-375
-816,-361
-656,-319
-752,-339
-736,-341
-800,-351
-808,-377
-868,-395
-924,-457
-840,-409
-900,-443
-856,-401
-840,-413
-948,-447
-912,-409
-928,-425
-996,-459
-868,-407
-792,-385
-912,-437
-844,-387
-844,-397
-948,-477
-988,-511
-1012,-531
-968,-511
-992,-517
-920,-485
-988,-501
-964,-493
-908,-469
-940,-491
-940,-491
-1036,-515
-1024,-483
-952,-439
-936,-447
-944,-477
-888,-433
-824,-407
-872,-441
-844,-433
-912,-439
-924,-457
-864,-431
-988,-477
-964,-453
-944,-479
-1040,-505
-952,-445
-884,-405
-812,-351
-872,-389
-852,-421
-916,-465
-1024,-503
-968,-517
-928,-499
-924,-493
-1012,-519
-988,-515
-988,-519
-924,-453
-940,-457
-960,-507
-956,-513
-964,-515
-896,-493
-820,-429
-892,-461
-896,-453
-968,-489
-1004,-521
-1028,-541
-952,-519
-1012,-539
-1008,-529
-1012,-527
-988,-531
-932,-503
-856,-435
-900,-439
-864,-425
-940,-487
-964,-461
-916,-453
-904,-443
-900,-425
-836,-405
-940,-451
-924,-425
-884,-413
-896,-441
-948,-445
-864,-383
-948,-399
-960,-399
-912,-419
-924,-449
-876,-413
-924,-431
-848,-365
-884,-393
-840,-403
-828,-405
-808,-397
-760,-383
-828,-375
-872,-413
-904,-435
-864,-421
-916,-441
-1016,-483
-1052,-523
-1040,-527
-996,-493
-924,-481
-1048,-529
-972,-507
-956,-499
-920,-501
-1036,-531
-1020,-537
-1028,-539
-976,-533
-1008,-537
-984,-515
-1004,-483
-1016,-539
-1012,-535
-976,-499
-980,-513
-904,-495
-912,-491
-928,-503
-924,-479
-980,-513
-1044,-525
-948,-451
-944,-451
-872,-409
-924,-453
-932,-455
-952,-425
-976,-475
-1024,-515
-1056,-541
-972,-509
-900,-463
-928,-463
-988,-535
-940,-485
-964,-503
-960,-481
-964,-457
-992,-479
-928,-417
-912,-369
-828,-289
-888,-315
-872,-315
-876,-289
-880,-301
-852,-233
-808,-189
-860,-167
-812,-129
-824,-131
-796,-143
-748,-173
-740,-127
-736,-145
-776,-195
-856,-251
-848,-185
-828,-187
-880,-165
-824,-127
-776,-145
-772,-175
-872,-243
-844,-373
-856,-385
-860,-397
-856,-363
-968,-399
-912,-399
-944,-425
-976,-453
-944,-451
-948,-463
-836,-383
-764,-293
-836,-321
-856,-295
-896,-297
-824,-269
-884,-253
-816,-189
-808,-179
-924,-249
-912,-235
-820,-201
-784,-205
-776,-257
-896,-257
-912,-295
-920,-309
-836,-383
-932,-433
-924,-427
-816,-359
-924,-357
-880,-387
-880,-409
-968,-447
-956,-471
-980,-487
-948,-475
-852,-437
-880,-447
-996,-489
-948,-473
-932,-485
-900,-449
-904,-469
-928,-477
-888,-431
-880,-389
-864,-375
-836,-355
-860,-373
-888,-375
-868,-321
-888,-321
-832,-299
-864,-277
-956,-319
-824,-311
-912,-373
-968,-485
-980,-483
-872,-433
-808,-407
-772,-329
-880,-393
-812,-315
-832,-301
-880,-267
-788,-243
-724,-237
-856,-365
-972,-493
-1012,-527
-1012,-541
-948,-493
-932,-489
-944,-479
-908,-445
-888,-421
-904,-465
-904,-485
-928,-499
-912,-489
-928,-485
-960,-517
-976,-517
-1020,-525
-992,-523
-1024,-541
-1004,-537
-988,-511
-1036,-543
-992,-525
-1008,-519
-1016,-529
-924,-505
-952,-499
-940,-495
-960,-473
-948,-459
-832,-365
-772,-347
-768,-363
-768,-357
-828,-399
-904,-481
-916,-439
-884,-429
-972,-461
-928,-447
-964,-495
-888,-427
-880,-431
-948,-467
-952,-477
-944,-487
-928,-461
-936,-469
-860,-417
-812,-433
-928,-469
-980,-529
-976,-505
-992,-515
-924,-489
-984,-531
-948,-517
-1036,-561
-1048,-561
-1080,-549
-1072,-559
-1040,-541
-1040,-547
-1092,-563
-960,-513
-1012,-533
-992,-525
-988,-523
-1048,-543
-1092,-563
-980,-527
-940,-499
-960,-481
-968,-495
-936,-473
-948,-499
-1048,-541
-1000,-527
-880,-433
-896,-389
-888,-407
-896,-441
-888,-457
-980,-509
-908,-489
-984,-513
-964,-497
-996,-535
-932,-509
-1000,-519
-1044,-549
-900,-487
-936,-459
-1004,-527
-980,-517
-940,-485
-936,-457
-968,-455
-944,-447
-852,-401
-904,-425
-988,-467
-920,-425
-920,-411
-872,-403
-928,-463
-900,-441
-920,-437
-944,-459
-844,-407
-900,-413
-924,-399
-920,-395
-916,-393
-828,-347
-848,-305
-868,-319
-908,-339
-756,-219
-824,-249
-824,-247
-836,-223
-896,-289
-872,-299
-836,-361
-844,-337
-804,-273
-828,-299
-780,-249
-884,-263
-900,-275
-880,-239
-848,-245
-840,-221
-892,-245
-832,-181
-836,-239
-928,-275
-832,-189
-728,-151
-712,-163
-712,-141
-812,-203
-828,-223
-800,-189
-888,-167
-836,-123
-832,-51
-796,-61
-832,-63
-812,-17
-884,-31
-800,-11
-784,-35
-784,-77
-748,-57
-780,-131
-804,-233
-876,-225
-880,-237
-856,-209
-828,-167
-736,-147
-780,-107
-836,-189
-920,-293
-976,-291
-892,-247
-856,-209
-956,-219
-872,-227
-904,-225
-876,-233
-800,-239
-844,-225
-820,-273
-848,-305
-880,-353
-900,-325
-892,-395
-928,-367
-864,-355
-952,-367
-960,-473
-852,-387
-880,-415
-960,-447
-896,-411
-872,-449
-880,-435
-860,-393
-980,-481
-964,-475
-944,-467
-960,-447
-1000,-465
-900,-481
-944,-489
-988,-537
-868,-465
-940,-485
-892,-467
-940,-489
-864,-455
-908,-469
-916,-471
-912,-469
-884,-439
-860,-443
-908,-455
-952,-513
-976,-523
-1012,-525
-1032,-537
-1008,-515
-960,-473
-892,-471
-936,-457
-900,-441
-836,-415
-856,-391
-884,-419
-924,-429
-972,-443
-944,-465
-1024,-527
-968,-513
-912,-493
-944,-493
-1028,-545
-968,-513
-964,-469
-900,-457
-988,-521
-968,-461
-988,-471
-944,-441
-916,-405
-848,-367
-964,-405
-864,-375
-808,-339
-808,-297
-844,-307
-880,-317
-820,-331
-860,-315
-920,-331
-920,-307
-860,-323
-856,-277
-836,-291
-876,-297
-880,-311
-968,-333
-932,-331
-964,-335
-892,-289
-860,-259
-776,-177
-756,-187
-788,-149
-688,-151
-756,-119
-836,-163
-804,-101
-788,-89
-808,-39
-796,-45
-868,-67
-740,-121
-792,-115
-872,-161
-916,-189
-848,-169
-880,-191
-876,-167
-868,-203
-816,-211
-780,-195
-780,-225
-820,-209
-796,-277
-836,-305
-884,-381
-928,-415
-924,-393
-904,-303
-868,-413
-940,-461
-992,-511
-980,-497
-972,-513
-904,-477
-900,-475
-1016,-537
-964,-503
-996,-541
-1084,-557
-1016,-517
-956,-501
-976,-509
-964,-493
-956,-475
-908,-441
-912,-473
-1040,-537
-928,-483
-936,-475
-988,-519
-1008,-535
-928,-461
-980,-449
-876,-403
-916,-439
-920,-417
-980,-401
-936,-375
-916,-355
-876,-335
-904,-375
-896,-411
-828,-363
-920,-381
-884,-331
-868,-335
-904,-319
-880,-293
-892,-317
-828,-297
-920,-367
-844,-357
-888,-379
-856,-383
-892,-415
-880,-375
-824,-297
-816,-265
-824,-237
-876,-277
-912,-299
-936,-345
-884,-305
-748,-249
-784,-325
-856,-357
-932,-357
-884,-337
-840,-331
-880,-389
-900,-421
-924,-469
-920,-491
-956,-501
-972,-521
-908,-497
-964,-491
-940,-467
-956,-445
-884,-423
-860,-431
-904,-447
-880,-417
-892,-403
-908,-427
-864,-413
-908,-421
-888,-445
-976,-443
-912,-401
-956,-439
-920,-429
-888,-417
-820,-367
-828,-427
-844,-447
-860,-445
-980,-489
-880,-413
-804,-361
-824,-373
-880,-363
-888,-379
-832,-385
-792,-375
-884,-427
-824,-403
-872,-409
-892,-443
-972,-497
-960,-497
-1020,-519
-1016,-515
-968,-521
-992,-543
-1056,-553
-1072,-561
-1076,-559
-1000,-529
-952,-507
-940,-495
-1000,-517
-992,-519
-984,-523
-1028,-533
-928,-509
-976,-487
-812,-415
-928,-469
-904,-449
-920,-455
-956,-485
-1012,-523
-984,-511
-984,-503
-1040,-529
-960,-503
-968,-489
-908,-475
-892,-453
-936,-409
-984,-481
-904,-429
-944,-411
-944,-471
-908,-443
-876,-389
-832,-415
-868,-425
-900,-399
-920,-435
-964,-415
-932,-415
-856,-371
-896,-381
-868,-387
-940,-381
-952,-381
-928,-387
-948,-439
-900,-415
-972,-455
-924,-403
-908,-441
-1064,-517
-972,-489
-980,-469
-868,-415
-880,-439
-884,-439
-900,-457
-896,-437
-1016,-495
-940,-487
-940,-483
-964,-503
-992,-507
-1048,-557
-1048,-559
-1100,-573
-984,-509
-952,-483
-968,-523
-956,-527
-980,-523
-876,-461
-876,-437
-920,-469
-976,-475
-880,-455
-952,-487
-984,-461
-888,-439
-948,-481
-976,-477
-1016,-535
-1048,-547
-1060,-537
-968,-501
-948,-505
-936,-483
-944,-501
-944,-485
-952,-497
-924,-493
-976,-501
-976,-511
-916,-475
-852,-463
-960,-499
-968,-529
-924,-503
-892,-461
-928,-465
-888,-449
-944,-475
-840,-429
-872,-449
-912,-457
-948,-439
-936,-491
-912,-441
-948,-441
-964,-439
-960,-489
-1028,-513
-920,-477
-924,-463
-856,-421
-896,-423
-908,-465
-868,-419
-844,-443
-856,-469
-904,-455
-1008,-525
-924,-477
-908,-447
-948,-479
-900,-451
-872,-349
-808,-343
-844,-315
-856,-345
-768,-335
-840,-337
-784,-341
-840,-395
-836,-385
-816,-375
-880,-393
-872,-449
-948,-505
-956,-489
-960,-503
-952,-487
-952,-487
-976,-521
-964,-495
-872,-455
-892,-471
-936,-487
-944,-467
-900,-471
-916,-427
-920,-437
-952,-465
-992,-521
-1012,-543
-1044,-533
-1020,-539
-972,-521
-944,-507
-1008,-525
-936,-483
-912,-463
-968,-493
-936,-475
-920,-475
-944,-461
-912,-465
-892,-469
-900,-417
-944,-419
-840,-399
-856,-407
-936,-447
-876,-433
-852,-417
-896,-445
-972,-453
-936,-489
-976,-497
-996,-505
-940,-445
-908,-451
-916,-473
-992,-487
-940,-449
-1096,-537
-1028,-477
-928,-451
-884,-439
-912,-473
-936,-433
-952,-433
-916,-385
-916,-393
-864,-387
-804,-347
-892,-323
-852,-331
-804,-319
-792,-297
-768,-277
-856,-343
-844,-345
-824,-347
-784,-321
-860,-309
-856,-367
-876,-373
-948,-421
-940,-413
-872,-419
-836,-399
-928,-469
-988,-523
-956,-473
-884,-419
-916,-397
-860,-399
-904,-413
-944,-437
-896,-393
-944,-447
-936,-451
-876,-461
-804,-389
-888,-407
-868,-391
-940,-443
-872,-417
-980,-473
-980,-513
-960,-499
-960,-505
-932,-453
-872,-421
-852,-431
-932,-443
-1008,-487
-920,-461
-960,-485
-980,-527
-1004,-537
-1036,-545
-1004,-537
-932,-495
-932,-507
-968,-513
-948,-511
-1012,-527
-984,-509
-952,-491
-944,-501
-828,-461
-908,-501
-1048,-515
-988,-509
-908,-471
-904,-471
-892,-453
-868,-467
-864,-439
-904,-483
-896,-473
-844,-475
-872,-429
-844,-395
-880,-393
-956,-385
-924,-339
-808,-293
-836,-371
-900,-405
-920,-365
-864,-329
-876,-339
-856,-301
-844,-275
-892,-335
-880,-323
-920,-337
-900,-313
-876,-281
-936,-339
-952,-347
-936,-449
-976,-499
-996,-517
-960,-519
-992,-519
-1024,-529
-1016,-545
-1004,-497
-976,-471
-948,-459
-972,-481
-960,-499
-940,-497
-944,-509
-932,-481
-780,-429
-864,-435
-896,-439
-928,-475
-956,-481
-848,-407
-848,-403
-904,-427
-900,-451
-996,-507
-992,-509
-928,-459
-924,-441
-948,-445
-940,-443
-952,-439
-904,-381
-812,-301
-800,-277
-828,-261
-784,-189
-780,-131
-748,-85
-748,-29
-736,29
-776,13
-772,41
-728,113
-792,205
-740,131
-812,179
-812,143
-852,259
-832,289
-792,211
-880,199
-816,189
-828,171
-756,171
-772,153
-812,81
-784,25
-800,91
-784,33
-780,7
-836,57
-864,91
-796,221
-932,361
-916,377
-924,423
-936,425
-884,429
-796,409
-876,477
-984,525
-944,499
-888,471
-928,465
-812,391
-792,333
-884,401
-892,421
-944,503
-968,519
-924,473
-952,491
-936,467
-952,493
-948,503
-880,481
-1008,527
-1012,535
-1024,523
-972,521
-1036,525
-992,475
-964,481
-968,499
-1000,507
-976,481
-872,407
-896,401
-904,395
-932,379
-880,407
-920,455
-948,423
-956,431
-964,455
-884,459
-872,395
-884,447
-916,455
-984,505
-944,489
-896,449
-940,461
-864,417
-840,429
-820,393
-892,479
-940,501
-992,499
-976,501
-996,455
-944,427
-900,401
-864,419
-912,465
-944,473
-1016,497
-940,489
-1012,527
-1024,533
-956,525
-932,513
-996,541
-916,499
-920,501
-920,503
-1008,539
-1064,539
-972,497
-968,485
-1028,529
-1008,525
-1000,533
-1056,561
-984,527
-964,525
-944,509
-912,465
-884,429
-892,467
-900,465
-868,445
-836,453
-824,433
-892,443
-832,403
-904,461
-880,397
-848,405
-876,383
-916,393
-912,369
-768,319
-760,329
-732,311
-824,383
-852,427
-908,477
-892,457
-920,489
-948,513
-992,523
-968,503
-904,471
-952,503
-944,501
-1020,535
-908,495
-920,493
-944,487
-920,473
-916,433
-892,451
-988,485
-968,487
-908,453
-960,469
-984,491
-920,461
-900,465
-840,385
-808,355
-804,377
-904,431
-912,421
-896,373
-836,363
-936,325
-856,321
-880,359
-888,325
-888,255
-916,217
-920,213
-852,211
-856,247
-772,227
-904,205
-836,213
-832,161
-744,165
-820,197
-804,211
-824,247
-780,271
-780,257
-760,265
-868,269
-848,277
-912,311
-884,373
-892,377
-904,323
-792,303
-888,341
-916,367
-884,397
-916,427
-852,353
-872,403
-892,409
-848,379
-884,419
-896,447
-944,501
-1008,503
-992,519
-916,471
-980,515
-1040,531
-1012,521
-1012,523
-1024,539
-904,483
-868,409
-832,383
-928,451
-928,391
-940,373
-900,413
-888,463
-1048,533
-1004,509
-1004,517
-908,477
-1024,497
-952,471
-864,423
-912,439
-860,405
-884,433
-916,419
-844,369
-788,309
-824,339
-860,361
-852,411
-812,329
-888,333
-840,277
-824,329
-776,343
-848,373
-796,411
-884,449
-840,437
-948,467
-948,453
-824,363
-808,387
-832,443
-852,439
-832,393
-844,343
-808,307
-904,379
-876,347
-808,377
-864,401
-868,429
-860,401
-928,457
-924,429
-900,415
-892,401
-916,381
-920,369
-940,399
-1068,513
-1016,497
-940,491
-972,487
-1040,539
-1036,547
-988,521
-1004,535
-956,503
-956,483
-924,447
-952,433
-900,457
-924,497
-968,481
-936,487
-948,447
-964,463
-916,473
-944,499
-968,491
-964,483
-964,491
-944,465
-976,495
-1012,531
-1000,539
-960,505
-892,447
-836,423
-928,425
-864,375
-856,339
-832,305
-824,281
-884,265
-804,251
-784,295
-824,349
-844,329
-808,291
-824,311
-832,361
-856,387
-844,391
-952,445
-956,415
-936,419
-880,357
-832,377
-816,353
-820,353
-844,439
-896,413
-792,369
-816,361
-816,319
-836,361
-852,367
-844,365
-888,331
-928,337
-960,315
-908,321
-916,303
-988,343
-928,317
-904,243
-832,253
-924,269
-924,273
-832,225
-748,219
-736,309
-736,315
-824,377
-832,421
-844,459
-836,425
-916,481
-872,457
-936,487
-908,463
-964,507
-940,499
-1016,499
-948,475
-936,463
-908,431
-908,475
-916,479
-896,491
-996,527
-948,511
-908,439
-860,433
-968,507
-1000,521
-960,511
-936,493
-908,489
-960,469
-1016,521
-1024,543
-864,473
-908,501
-1064,561
-1020,547
-956,519
-956,499
-908,439
-888,425
-936,467
-868,473
-956,487
-980,497
-912,501
-928,469
-876,427
-880,421
-800,371
-792,377
-852,399
-960,445
-892,399
-916,431
-944,491
-952,509
-1012,533
-1012,541
-924,507
-968,511
-1036,559
-948,501
-1016,507
-1032,527
-900,485
-896,469
-912,481
-956,509
-936,493
-840,457
-924,493
-924,493
-888,485
-1008,523
-984,511
-984,497
-952,457
-904,411
-920,417
-896,415
-916,421
-956,391
-852,399
-820,361
-916,429
-844,403
-920,435
-928,421
-796,379
-756,335
-756,345
-780,331
-808,361
-844,375
-868,355
-832,329
-848,291
-848,357
-836,357
-776,361
-888,397
-924,445
-984,475
-1020,495
-1016,497
-956,421
-908,433
-868,401
-860,367
-896,375
-908,407
-864,421
-976,435
-924,443
-976,481
-1020,477
-960,421
-936,429
-780,355
-848,389
-908,431
-872,415
-896,359
-860,319
-784,319
-812,375
-784,369
-796,391
-816,361
-796,357
-832,391
-916,453
-868,431
-904,403
-892,389
-828,379
-760,371
-824,415
-796,389
-812,339
-688,269
-696,213
-836,267
-844,283
-744,223
-844,325
-868,333
-888,367
-844,365
-800,333
-888,399
-848,399
-812,377
-892,473
-924,465
-788,307
-776,317
-872,351
-900,305
-836,273
-916,343
-948,393
-860,395
-836,349
-856,347
-848,313
-876,351
-856,367
-888,383
-864,401
-784,341
-788,393
-776,359
-872,403
-972,495
-1040,533
-1084,561
-1040,537
-988,515
-980,515
-988,519
-996,537
-984,531
-1040,547
-984,525
-920,465
-884,441
-944,471
-920,485
-896,461
-912,457
-928,489
-932,499
-992,527
-996,537
-1056,565
-1064,565
-1016,541
-1016,519
-940,467
-932,465
-936,451
-932,479
-916,485
-904,455
-944,483
-904,467
-860,423
-916,461
-960,467
-840,381
-792,383
-880,421
-948,439
-876,399
-964,447
-1008,479
-848,405
-888,459
-864,439
-932,437
-960,473
-884,457
-860,409
-928,397
-812,365
-888,355
-872,381
-796,319
-840,359
-844,339
-856,355
-864,331
-884,355
-928,409
-932,423
-864,381
-788,331
-824,369
-784,269
-808,217
-844,251
-832,187
-820,171
-796,177
-860,237
-880,265
-888,263
-924,201
-852,209
-876,193
-768,143
-808,221
-792,231
-772,241
-768,141
-768,105
-784,141
-816,151
-824,101
-892,119
-836,183
-848,169
-864,149
-844,169
-832,187
-780,131
-760,49
-740,-25
-720,-13
-736,-57
-748,-5
-712,39
-716,51
-740,145
-820,125
-820,133
-756,75
-812,71
-868,7
-788,-23
-800,-47
-784,-55
-796,-73
-820,-53
-820,25
-824,59
-804,35
-808,43
-792,67
-812,67
-824,87
-812,111
-832,83
-832,81
-804,135
-840,211
-868,257
-880,303
-892,277
-804,293
-872,361
-944,411
-832,379
-912,407
-928,465
-976,527
-1088,573
-1044,553
-1056,557
-984,541
-920,471
-960,477
-932,457
-932,493
-1020,523
-1024,527
-984,519
-956,459
-896,439
-864,395
-876,423
-868,429
-872,459
-864,461
-932,513
-964,517
-1008,517
-952,483
-952,477
-908,471
-920,497
-948,471
-996,499
-952,499
-1036,527
-972,483
-1048,527
-928,479
-900,473
-904,467
-928,483
-944,481
-908,435
-932,389
-868,377
-860,357
-892,395
-964,441
-948,465
-880,435
-880,447
-960,489
-996,527
-960,507
-952,497
-984,525
-984,519
-1024,549
-912,495
-888,479
-944,513
-952,489
-880,433
-952,491
-912,483
-1012,537
-956,487
-1000,529
-928,505
-964,511
-904,473
-948,479
-932,471
-980,501
-1032,521
-1004,525
-924,487
-984,505
-996,517
-988,525
-1024,539
-1064,549
-988,485
-908,475
-1044,541
-1024,549
-1076,557
-976,525
-964,505
-964,501
-912,491
-924,495
-1048,537
-976,507
-1036,545
-960,509
-912,473
-880,447
-876,429
-868,423
-808,399
-840,385
-872,397
-920,441
-904,431
-876,421
-960,467
-976,511
-1008,529
-1008,515
-956,503
-932,505
-912,491
-960,495
-972,487
-968,481
-956,501
-944,491
-964,507
-1020,521
-988,497
-968,497
-988,511
-928,463
-864,433
-856,435
-904,449
-936,477
-980,485
-936,483
-1008,533
-936,487
-980,475
-956,497
-1024,541
-1056,551
-972,513
-872,471
-944,497
-976,503
-980,503
-1048,539
-980,529
-1024,515
-960,481
-940,489
-1004,513
-964,503
-956,519
-952,503
-876,439
-880,421
-884,401
-856,411
-876,461
-868,407
-848,329
-860,315
-784,315
-740,281
-832,357
-840,331
-952,449
-908,429
-896,465
-956,469
-1016,509
-948,487
-844,447
-928,461
-840,423
-868,417
-884,441
-912,421
-996,495
-944,483
-920,499
-908,485
-868,461
-948,487
-856,461
-872,433
-892,437
-832,385
-892,399
-852,367
-828,281
-836,319
-840,297
-912,411
-848,399
-924,451
-960,493
-964,483
-800,421
-824,415
-840,413
-920,469
-968,493
-924,475
-956,491
-936,503
-1008,533
-892,489
-912,445
-912,445
-960,469
-952,491
-940,473
-928,471
-904,477
-812,443
-836,455
-952,513
-992,513
-932,499
-964,487
-1012,531
-1052,547
-1016,531
-1036,519
-1064,557
-964,503
-1012,515
-1036,527
-928,471
-856,433
-988,493
-984,507
-952,467
-972,493
-900,489
-976,529
-1032,553
-996,511
-936,503
-964,493
-916,471
-844,431
-784,373
-812,401
-896,451
-840,461
-952,507
-880,471
-1008,513
-916,425
-964,481
-944,459
-896,455
-916,461
-904,481
-952,505
-936,481
-912,461
-904,429
-852,421
-880,413
-904,399
-1012,367
-924,355
-916,365
-880,337
-848,341
-820,303
-836,331
-840,373
-840,365
-792,279
-808,317
-732,285
-716,259
-812,309
-840,377
-904,409
-920,461
-896,441
-916,471
-952,505
-1004,521
-888,465
-908,457
-872,449
-976,505
-984,503
-1028,537
-1000,511
-896,483
-896,457
-924,467
-916,437
-900,419
-804,393
-764,295
-812,283
-812,319
-860,383
-904,429
-952,459
-984,461
-904,437
-900,411
-868,403
-908,423
-916,391
-828,363
-692,315
-828,403
-880,403
-816,347
-832,325
-892,337
-908,373
-864,373
-924,423
-928,435
-896,413
-984,507
-968,491
-936,469
-908,435
-936,409
-892,389
-940,447
-964,475
-916,437
-940,459
-888,455
-972,493
-1104,545
-964,497
-984,497
-984,523
-1020,531
-960,519
-984,527
-1008,513
-980,475
-956,501
-948,507
-904,467
-908,481
-892,453
-960,487
-912,431
-904,425
-896,437
-872,449
-864,401
-820,363
-788,289
-844,321
-924,369
-884,389
-864,403
-904,365
-888,403
-956,459
-920,451
-996,467
-916,421
-940,447
-948,417
-884,423
-900,449
-816,357
-800,341
-840,317
-876,331
-852,313
-900,355
-900,333
-876,347
-848,363
-896,423
-868,447
-1060,557
-1040,545
-1028,515
-952,491
-1032,511
-964,499
-988,497
-928,475
-864,435
-912,429
-900,413
-820,389
-972,487
-1028,539
-1032,547
-996,531
-1012,539
-992,517
-900,451
-872,465
-912,489
-896,445
-888,369
-892,291
-892,311
-908,285
-944,297
-880,289
-932,297
-920,289
-852,331
-820,361
-864,425
-968,457
-916,403
-884,373
-812,339
-888,349
-852,391
-856,387
-904,455
-988,507
-900,487
-964,531
-980,523
-932,489
-880,449
-920,457
-980,485
-916,413
-948,423
-928,413
-972,451
-984,483
-968,485
-956,469
-1020,513
-1032,527
-948,497
-852,435
-880,439
-920,489
-892,449
-860,405
-920,449
-932,461
-836,435
-896,463
-844,449
-828,449
-868,467
-996,527
-1016,523
-876,451
-884,401
-980,433
-932,409
-944,427
-1016,453
-908,381
-864,351
-856,373
-904,373
-904,367
-932,401
-848,349
-832,387
-856,399
-920,423
-880,395
-940,387
-868,371
-740,309
-828,351
-944,421
-868,403
-836,423
-892,455
-860,429
-868,427
-916,439
-916,457
-852,455
-864,455
-924,489
-932,501
-1008,529
-952,509
-860,477
-912,501
-988,515
-972,517
-896,495
-936,493
-976,525
-1036,543
-1040,535
-996,435
-1000,445
-956,435
-912,417
-960,425
-880,407
-924,435
-956,455
-912,451
-904,443
-748,345
-728,351
-840,377
-784,375
-876,443
-884,437
-912,427
-852,369
-788,313
-812,317
-788,279
-780,215
-772,215
-756,249
-792,269
-804,267
-892,347
-772,231
-828,321
-788,303
-812,343
-796,369
-896,415
-920,421
-912,397
-860,383
-880,387
-892,379
-816,335
-872,359
-864,349
-864,357
-876,365
-804,305
-756,293
-808,265
-772,157
-764,119
-760,213
-792,203
-800,121
-828,227
-764,205
-860,281
-828,299
-892,359
-876,343
-896,363
-892,397
-740,287
-864,355
-912,369
-820,227
-784,265
-812,289
-796,267
-800,281
-820,331
-828,371
-844,383
-820,385
-828,361
-820,361
-776,333
-788,345
-800,357
-840,373
-824,361
-860,423
-840,451
-936,449
-844,395
-964,459
-956,485
-928,505
-936,481
-912,467
-832,453
-888,483
-980,491
-940,489
-916,451
-840,381
-908,407
-968,437
-920,423
-892,391
-840,381
-824,327
-880,383
-896,367
-872,379
-936,447
-884,453
-952,475
-892,455
-868,381
-884,339
-928,383
-860,341
-848,339
-872,373
-896,373
-860,409
-852,405
-844,393
-832,361
-876,343
-860,273
-840,283
-892,311
-912,319
-856,343
-888,379
-840,401
-872,445
-872,365
-832,331
-904,385
-856,391
-868,417
-864,431
-912,455
-924,465
-880,421
-916,473
-928,477
-1000,535
-932,495
-964,491
-972,505
-992,469
-952,465
-896,475
-940,463
-848,433
-904,489
-876,455
-860,437
-936,511
-928,483
-928,487
-956,505
-992,523
-932,489
-1020,539
-1028,537
-980,529
-960,511
-956,513
-872,445
-928,439
-844,391
-852,423
-932,447
-952,473
-964,441
-912,433
-1012,509
-1068,555
-1072,561
-1020,547
-1060,563
-1148,593
-992,503
-1016,523
-952,497
-972,489
-1004,509
-1032,521
-1064,543
-1036,525
-1016,535
-1044,521
-1000,489
-896,437
-864,443
-848,409
-848,379
-884,389
-852,381
-804,401
-900,473
-904,481
-836,467
-1028,537
-928,493
-976,499
-1000,487
-1012,523
-972,501
-884,457
-916,495
-916,483
-964,509
-904,485
-988,467
-992,511
-968,509
-992,523
-1048,549
-908,511
-1000,533
-1008,525
-940,489
-968,511
-964,523
-908,483
-832,449
-840,419
-912,439
-828,405
-864,359
-916,381
-848,293
-824,301
-856,233
-808,221
-876,221
-816,225
-780,201
-808,213
-788,211
-852,233
-832,181
-872,149
-840,155
-864,157
-828,197
-820,151
-840,117
-800,91
-824,89
-888,45
-872,69
-856,171
-836,187
-872,267
-836,273
-832,229
-788,205
-784,263
-828,247
-888,231
-884,289
-840,211
-800,181
-812,205
-820,153
-816,149
-824,179
-872,147
-804,149
-816,189
-796,191
-840,231
-908,285
-816,223
-816,183
-832,137
-892,145
-792,229
-860,203
-948,315
-936,271
-892,249
-808,187
-796,155
-812,219
-836,207
-820,195
-840,101
-792,43
-796,-11
-724,-61
-768,-119
-736,11
-788,-41
-756,-49
-724,35
-772,53
-728,63
-692,101
-724,171
-760,207
-816,207
-788,201
-784,195
-804,185
-800,217
-780,215
-828,237
-796,261
-844,307
-844,259
-724,169
-716,177
-720,161
-752,129
-732,77
-756,57
-788,-1
-856,-21
-816,-67
-884,-71
-932,-55
-764,-7
-788,-83
-824,-89
-804,-141
-796,-157
-880,-189
-780,-135
-784,-209
-808,-215
-864,-267
-892,-351
-940,-399
-964,-405
-976,-451
-884,-447
-840,-427
-844,-407
-896,-443
-808,-387
-804,-365
-832,-351
-804,-277
-872,-321
-908,-349
-824,-261
-780,-135
-752,-99
-748,-143
-836,-223
-876,-277
-932,-307
-828,-183
-800,-223
-820,-301
-764,-339
-836,-399
-872,-419
-868,-401
-876,-365
-824,-421
-892,-421
-884,-397
-888,-403
-896,-411
-892,-431
-892,-419
-828,-401
-868,-321
-788,-295
-812,-337
-812,-299
-884,-341
-852,-361
-820,-397
-836,-409
-900,-465
-928,-479
-912,-477
-920,-491
-1016,-521
-1012,-525
-936,-455
-996,-507
-940,-467
-896,-439
-924,-441
-904,-415
-816,-405
-836,-461
-896,-477
-948,-463
-904,-491
-884,-477
-900,-489
-928,-481
-960,-505
-892,-473
-904,-451
-936,-477
-1048,-559
-1004,-545
-940,-513
-936,-501
-1000,-535
-1028,-547
-1036,-533
-1048,-539
-968,-487
-984,-509
-968,-481
-840,-409
-868,-417
-908,-429
-1020,-489
-1028,-479
-1060,-517
-924,-461
-920,-457
-880,-431
-892,-403
-848,-443
-960,-493
-924,-491
-916,-487
-984,-515
-976,-517
-976,-523
-1072,-565
-1012,-505
-944,-471
-976,-503
-976,-491
-920,-475
-912,-425
-944,-439
-964,-451
-912,-415
-940,-451
-896,-419
-840,-391
-832,-403
-904,-451
-912,-493
-956,-479
-932,-495
-980,-517
-880,-459
-876,-451
-932,-491
-892,-455
-896,-445
-912,-411
-908,-343
-800,-209
-768,-151
-752,-87
-836,-131
-728,-185
-784,-181
-828,-221
-808,-163
-756,-165
-832,-113
-800,-89
-748,-73
-760,-61
-700,-57
-760,-45
-748,-31
-764,-63
-756,-25
-792,-15
-760,23
-740,11
-728,47
-804,93
-828,127
-844,187
-860,139
-816,109
-796,5
-740,7
-696,21
-712,25
-840,29
-824,41
-776,33
-872,89
-760,-35
-736,23
-800,129
-824,49
-816,53
-836,7
-836,21
-820,59
-780,153
-928,241
-856,205
-868,205
-872,193
-824,119
-748,119
-772,241
-824,259
-812,253
-880,329
-828,319
-848,345
-800,281
-804,307
-848,357
-812,357
-864,321
-808,313
-852,329
-844,375
-804,325
-832,353
-812,349
-816,327
-896,345
-844,329
-788,283
-824,301
-808,305
-828,243
-808,235
-848,243
-840,259
-816,217
-880,257
-964,331
-892,317
-796,309
-804,269
-776,295
-732,261
-832,291
-768,245
-768,227
-872,219
-816,139
-808,97
-796,97
-756,123
-772,157
-720,177
-752,141
-772,109
-872,77
-892,67
-908,53
-872,93
-796,167
-832,95
-876,157
-824,137
-828,199
-808,199
-820,173
-868,207
-840,175
-840,115
-760,65
-820,45
-824,19
-816,141
-800,83
-808,77
-816,81
-808,83
-844,69
-824,85
-808,111
-760,113
-764,107
-768,107
-780,73
-900,79
-820,81
-784,89
-772,125
-788,173
-812,211
-836,313
-844,377
-828,343
-764,313
-876,319
-828,305
-768,263
-808,269
-780,331
-832,397
-860,451
-944,465
-864,451
-928,501
-980,513
-940,501
-948,491
-932,501
-928,505
-976,511
-948,503
-976,507
-896,427
-952,439
-944,475
-884,447
-832,395
-952,489
-884,441
-892,449
-972,487
-1004,535
-936,503
-996,533
-976,509
-992,497
-908,477
-932,451
-884,355
-864,361
-848,345
-852,357
-856,347
-832,387
-904,441
-896,461
-948,507
-984,515
-996,507
-956,501
-944,469
-956,449
-920,427
-916,445
-932,475
-944,445
-884,409
-888,413
-896,377
-852,349
-892,415
-840,395
-892,439
-876,437
-820,435
-924,479
-1004,527
-996,519
-928,471
-952,493
-996,537
-996,535
-1100,561
-1008,525
-984,519
-972,481
-924,465
-944,469
-908,457
-968,501
-964,503
-892,481
-952,507
-968,507
-936,441
-924,455
-984,501
-1028,545
-1012,531
-1036,535
-1020,547
-1100,579
-1064,543
-928,495
-980,515
-1044,545
-944,503
-968,509
-1024,517
-924,459
-1008,533
-1008,535
-908,473
-872,439
-808,409
-940,493
-836,423
-908,451
-960,451
-980,479
-1008,485
-916,491
-924,493
-972,485
-996,501
-988,487
-916,459
-904,441
-804,381
-784,315
-736,307
-808,375
-816,383
-852,343
-868,337
-856,393
-904,415
-872,405
-880,407
-916,465
-944,499
-1032,539
-1044,557
-992,527
-988,541
-1048,541
-984,523
-956,517
-932,491
-948,505
-1000,525
-1000,519
-932,487
-980,501
-836,425
-908,461
-868,437
-832,411
-864,459
-912,467
-1048,541
-1000,505
-904,463
-980,523
-912,495
-980,509
-824,407
-900,453
-940,481
-896,433
-912,433
-924,473
-996,499
-972,479
-900,447
-900,443
-952,459
-904,463
-964,493
-948,465
-972,453
-888,421
-924,401
-856,411
-896,449
-924,435
-972,457
-1024,491
-936,435
-992,483
-940,467
-924,445
-860,353
-872,337
-868,351
-844,381
-780,333
-792,329
-816,343
-884,409
-912,405
-844,415
-800,413
-868,427
-928,481
-968,497
-1016,521
-948,467
-944,477
-992,505
-1024,515
-924,459
-988,489
-976,501
-964,517
-912,481
-944,479
-968,519
-932,461
-948,449
-868,427
-852,417
-908,485
-944,483
-844,413
-852,409
-804,379
-924,445
-984,483
-936,461
-916,453
-1004,495
-924,507
-1024,521
-1032,541
-952,491
-920,473
-844,397
-864,371
-868,401
-896,389
-896,367
-840,371
-840,347
-756,289
-776,283
-820,345
-848,363
-836,303
-856,251
-808,257
-820,271
-724,237
-792,179
-816,171
-864,241
-836,215
-872,263
-804,251
-800,227
-868,283
-828,277
-804,257
-828,235
-856,307
-832,271
-864,245
-804,189
-796,115
-764,69
-712,47
-800,9
-888,37
-872,-99
-848,-121
-816,-167
-844,-231
-848,-269
-796,-233
-784,-187
-772,-181
-780,-199
-772,-187
-796,-223
-808,-227
-848,-253
-780,-287
-820,-327
-888,-389
-856,-405
-868,-387
-740,-335
-748,-301
-752,-255
-680,-217
-692,-159
-720,-177
-768,-239
-852,-273
-800,-229
-812,-143
-836,-155
-780,-213
-780,-217
-740,-157
-724,-179
-740,-229
-816,-237
-728,-187
-768,-185
-816,-131
-816,-129
-828,-95
-772,-95
-696,-89
-640,-55
-692,21
-804,-47
-836,-157
-752,-135
-824,-153
-832,-209
-792,-295
-820,-281
-928,-391
-836,-365
-796,-363
-868,-403
-908,-417
-912,-401
-920,-351
-816,-349
-788,-339
-828,-401
-868,-427
-916,-453
-892,-473
-908,-489
-888,-485
-988,-517
-1000,-529
-1004,-525
-948,-503
-892,-451
-904,-467
-876,-455
-824,-433
-876,-455
-884,-447
-904,-417
-864,-415
-876,-409
-868,-423
-884,-431
-892,-427
-904,-421
-904,-471
-936,-463
-892,-435
-896,-449
-928,-423
-940,-463
-904,-465
-880,-427
-848,-403
-816,-403
-908,-465
-908,-451
-940,-457
-900,-407
-812,-313
-792,-311
-808,-313
-836,-349
-928,-391
-920,-359
-872,-357
-940,-411
-956,-441
-968,-461
-928,-455
-980,-507
-996,-505
-992,-471
-996,-487
-968,-481
-908,-417
-932,-409
-840,-359
-944,-437
-908,-417
-796,-377
-916,-469
-772,-373
-832,-391
-876,-399
-840,-371
-828,-379
-864,-363
-824,-341
-828,-391
-796,-293
-916,-367
-908,-379
-824,-391
-768,-329
-780,-357
-800,-395
-904,-475
-880,-473
-984,-519
-956,-487
-1020,-529
-936,-513
-904,-447
-948,-461
-852,-421
-916,-381
-892,-351
-924,-347
-908,-363
-820,-371
-852,-369
-784,-357
-880,-377
-896,-333
-900,-361
-788,-303
-820,-293
-876,-329
-780,-225
-748,-251
-780,-185
-808,-209
-796,-261
-736,-253
-776,-295
-904,-339
-864,-341
-944,-399
-892,-391
-856,-353
-800,-327
-824,-295
-760,-347
-776,-385
-820,-413
-824,-411
-816,-349
-780,-345
-788,-299
-816,-227
-860,-265
-812,-245
-752,-223
-780,-299
-808,-283
-792,-283
-844,-257
-828,-205
-788,-135
-824,-129
-824,-177
-876,-239
-832,-239
-840,-247
-812,-259
-800,-255
-868,-301
-860,-307
-828,-369
-836,-347
-852,-311
-856,-241
-768,-187
-800,-137
-808,-201
-844,-211
-872,-291
-876,-315
-872,-321
-900,-291
-800,-309
-904,-371
-888,-399
-912,-399
-804,-405
-852,-467
-840,-449
-860,-405
-748,-351
-840,-387
-912,-423
-872,-411
-868,-425
-852,-459
-968,-501
-1020,-525
-976,-537
-1024,-535
-1056,-555
-932,-475
-996,-479
-984,-473
-1008,-523
-1016,-545
-964,-525
-984,-525
-928,-497
-888,-467
-1004,-525
-988,-531
-964,-523
-968,-511
-980,-505
-1036,-543
-1012,-525
-1000,-517
-1000,-507
-1004,-501
-976,-479
-936,-477
-916,-473
-932,-473
-864,-463
-900,-467
-960,-481
-964,-501
-984,-497
-1044,-513
-972,-463
-932,-449
-900,-407
-944,-429
-1028,-541
-1000,-531
-1048,-561
-884,-475
-948,-499
-1000,-527
-952,-477
-948,-479
-1048,-531
-960,-511
-964,-495
-972,-491
-956,-493
-932,-459
-964,-507
-940,-459
-912,-449
-896,-453
-840,-397
-896,-405
-880,-419
-960,-455
-936,-445
-892,-417
-844,-407
-920,-411
-956,-447
-900,-413
-900,-407
-968,-461
-848,-425
-836,-431
-792,-439
-948,-505
-968,-511
-1028,-539
-1064,-565
-1020,-531
-956,-507
-940,-483
-924,-487
-980,-511
-980,-511
-980,-481
-904,-465
-936,-437
-952,-431
-932,-397
-908,-389
-984,-483
-852,-423
-900,-459
-868,-439
-896,-463
-872,-481
-924,-513
-992,-505
-996,-513
-896,-475
-1004,-533
-968,-503
-884,-439
-960,-455
-940,-455
-920,-483
-900,-463
-936,-501
-908,-447
-908,-463
-952,-505
-980,-515
-928,-497
-920,-467
-964,-511
-928,-487
-924,-483
-936,-459
-944,-467
-912,-451
-932,-489
-960,-463
-936,-481
-1024,-527
-1012,-535
-980,-489
-908,-473
-952,-491
-964,-529
-960,-519
-1040,-545
-964,-489
-884,-421
-896,-417
-892,-403
-860,-387
-920,-403
-944,-405
-980,-443
-960,-435
-856,-367
-872,-395
-820,-345
-820,-387
-932,-411
-872,-403
-912,-411
-948,-395
-952,-413
-944,-411
-940,-423
-972,-479
-948,-477
-888,-399
-928,-413
-932,-403
-940,-425
-964,-459
-924,-431
-976,-473
-964,-489
-860,-459
-880,-433
-828,-427
-940,-461
-992,-485
-956,-465
-1000,-505
-860,-439
-792,-411
-804,-413
-900,-443
-992,-491
-968,-473
-984,-497
-940,-469
-952,-457
-920,-401
-876,-371
-876,-405
-840,-375
-860,-409
-864,-459
-904,-477
-964,-495
-960,-477
-820,-441
-852,-431
-860,-451
-908,-457
-948,-479
-892,-439
-840,-397
-864,-433
-896,-435
-924,-459
-972,-485
-976,-479
-972,-487
-936,-479
-924,-491
-780,-389
-896,-463
-972,-515
-996,-515
-1020,-527
-960,-469
-968,-493
-1028,-505
-1012,-531
-952,-511
-1048,-545
-968,-477
-1028,-509
-892,-479
-876,-433
-800,-371
-824,-373
-844,-359
-864,-337
-756,-283
-776,-281
-792,-283
-784,-287
-832,-261
-828,-269
-896,-333
-844,-335
-916,-385
-808,-327
-748,-215
-840,-253
-808,-285
-832,-273
-804,-305
-776,-313
-788,-359
-832,-387
-808,-385
-964,-485
-824,-463
-832,-445
-932,-447
-968,-439
-892,-415
-968,-437
-880,-405
-816,-365
-856,-395
-856,-405
-872,-421
-860,-419
-952,-447
-908,-421
-912,-377
-832,-317
-908,-333
-788,-315
-832,-277
-816,-249
-852,-293
-924,-335
-884,-313
-876,-313
-824,-293
-780,-293
-804,-255
-792,-313
-784,-351
-832,-371
-896,-437
-896,-391
-872,-399
-828,-385
-848,-383
-840,-377
-804,-391
-848,-435
-820,-427
-944,-463
-964,-477
-972,-481
-1032,-525
-992,-513
-976,-499
-912,-437
-924,-459
-936,-491
-936,-481
-960,-501
-860,-455
-992,-513
-936,-479
-832,-443
-964,-507
-908,-469
-944,-475
-948,-453
-976,-487
-1000,-497
-852,-411
-836,-383
-812,-417
-912,-451
-988,-487
-912,-445
-928,-485
-952,-489
-952,-479
-984,-489
-952,-497
-972,-523
-1048,-553
-1024,-539
-996,-513
-912,-479
-924,-511
-984,-509
-956,-479
-964,-483
-920,-465
-924,-427
-904,-467
-956,-513
-884,-475
-956,-525
-952,-507
-984,-517
-944,-465
-948,-493
-896,-479
-956,-499
-924,-441
-864,-425
-884,-427
-936,-487
-940,-503
-920,-509
-992,-517
-1040,-557
-868,-483
-904,-481
-892,-471
-916,-461
-864,-465
-908,-481
-940,-495
-896,-441
-924,-413
-776,-371
-864,-377
-964,-437
-908,-445
-960,-453
-984,-501
-1024,-535
-1020,-519
-1044,-545
-1012,-545
-1020,-547
-1012,-537
-988,-517
-1064,-553
-964,-475
-876,-385
-848,-377
-772,-379
-888,-423
-780,-367
-788,-419
-900,-421
-832,-407
-816,-419
-864,-433
-868,-395
-944,-385
-860,-387
-892,-365
-924,-423
-916,-429
-952,-457
-1016,-489
-916,-447
-920,-459
-824,-417
-916,-437
-816,-395
-904,-445
-944,-483
-1012,-515
-1012,-523
-996,-533
-924,-483
-924,-447
-828,-399
-876,-431
-904,-449
-896,-441
-880,-431
-888,-425
-828,-401
-792,-381
-900,-443
-840,-421
-844,-409
-884,-429
-792,-341
-840,-361
-712,-263
-772,-309
-804,-341
-884,-313
-788,-265
-760,-223
-752,-157
-848,-227
-856,-301
-932,-351
-816,-319
-764,-303
-784,-273
-872,-325
-860,-355
-860,-327
-832,-279
-844,-275
-836,-293
-840,-319
-848,-323
-772,-283
-864,-361
-884,-417
-888,-411
-904,-427
-900,-403
-920,-409
-832,-389
-852,-359
-892,-423
-976,-475
-964,-457
-964,-445
-856,-415
-880,-413
-908,-435
-772,-305
-776,-329
-784,-345
-804,-371
-844,-369
-876,-403
-900,-413
-872,-443
-940,-503
-1036,-545
-892,-471
-944,-469
-932,-409
-904,-389
-956,-507
-976,-497
-1008,-481
-960,-475
-980,-495
-960,-491
-968,-515
-1024,-535
-1036,-533
-916,-477
-880,-465
-920,-467
-988,-503
-964,-499
-1000,-507
-1024,-525
-900,-461
-932,-473
-940,-465
-892,-463
-944,-489
-940,-497
-996,-529
-1076,-565
-1092,-573
-1060,-561
-1040,-547
-992,-511
-828,-425
-960,-489
-956,-509
-988,-501
-972,-501
-904,-499
-908,-491
-1004,-503
-972,-493
-1032,-497
-988,-497
-1008,-515
-972,-527
-1052,-533
-976,-513
-952,-481
-952,-491
-976,-505
-968,-513
-928,-481
-936,-497
-888,-471
-904,-479
-920,-437
-936,-461
-948,-481
-984,-519
-1016,-543
-964,-507
-876,-475
-924,-511
-956,-505
-936,-485
-920,-455
-884,-457
-936,-481
-924,-445
-896,-433
-908,-409
-884,-421
-904,-397
-860,-347
-824,-349
-872,-363
-888,-391
-908,-415
-824,-379
-924,-355
-776,-351
-812,-393
-892,-433
-896,-431
-1000,-487
-924,-473
-820,-441
-888,-445
-888,-421
-952,-451
-840,-415
-856,-419
-848,-391
-792,-353
-812,-353
-900,-365
-872,-309
-888,-309
-888,-307
-924,-265
-812,-293
-744,-285
-824,-295
-828,-289
-808,-241
-844,-275
-740,-239
-724,-137
-792,-139
-700,-67
-744,-19
-800,-25
-760,-21
-804,79
-748,173
-684,171
-768,277
-816,277
-820,247
-800,275
-808,331
-824,327
-776,323
-772,311
-916,383
-900,363
-832,315
-840,327
-876,331
-872,367
-896,371
-860,341
-788,325
-748,349
-852,385
-944,453
-900,405
-848,419
-824,375
-816,369
-928,445
-888,433
-876,391
-796,333
-812,325
-772,265
-860,335
-880,371
-868,389
-872,403
-876,393
-944,421
-936,433
-944,463
-928,469
-956,463
-1012,505
-1040,529
-1064,541
-1040,555
-988,525
-1032,551
-964,523
-956,509
-888,471
-1000,491
-904,427
-880,395
-892,435
-912,467
-912,471
-900,427
-908,455
-864,445
-916,451
-900,433
-920,467
-972,489
-880,445
-860,405
-880,419
-808,371
-916,445
-952,457
-1000,513
-976,511
-992,515
-912,459
-872,389
-908,407
-952,453
-1004,491
-1024,521
-996,525
-996,505
-956,451
-892,411
-928,441
-944,417
-1012,393
-836,311
-776,297
-804,299
-836,269
-728,157
-812,227
-848,263
-784,271
-816,337
-812,267
-912,255
-824,267
-780,141
-804,153
-836,181
-836,247
-796,303
-812,303
-852,329
-892,377
-828,337
-860,295
-816,299
-792,311
-888,331
-856,351
-772,301
-792,245
-812,217
-732,211
-752,223
-736,215
-708,137
-788,189
-720,205
-740,217
-684,173
-716,159
-812,159
-784,91
-824,157
-824,205
-788,189
-804,239
-828,259
-828,347
-848,335
-884,357
-912,343
-892,377
-880,395
-944,445
-904,415
-996,493
-1020,497
-948,473
-900,461
-964,513
-964,523
-1016,527
-1000,523
-1004,527
-944,491
-908,477
-888,477
-940,483
-812,401
-944,455
-988,503
-940,513
-1020,531
-988,519
-980,521
-988,491
-916,469
-976,487
-956,429
-992,485
-940,487
-908,451
-976,433
-996,515
-968,517
-908,475
-840,399
-908,453
-828,401
-832,355
-896,333
-888,319
-856,349
-896,405
-968,475
-892,471
-832,413
-928,469
-964,471
-936,481
-956,471
-892,447
-968,505
-968,511
-892,443
-940,481
-932,503
-948,509
-856,433
-900,457
-884,477
-940,473
-956,465
-900,425
-932,451
-848,417
-852,353
-920,381
-884,357
-808,361
-988,421
-940,399
-916,415
-836,399
-848,389
-856,399
-884,403
-884,425
-916,391
-884,409
-940,423
-920,367
-920,387
-924,417
-908,441
-912,411
-920,387
-836,349
-844,349
-884,475
-988,525
-1056,553
-1040,551
-920,499
-912,467
-916,491
-896,443
-912,467
-896,447
-988,523
-920,495
-980,517
-940,489
-988,517
-940,479
-948,499
-952,503
-936,505
-980,485
-996,523
-952,497
-920,471
-908,499
-972,507
-972,511
-900,483
-868,449
-840,361
-844,371
-736,325
-780,353
-856,387
-924,441
-896,407
-840,369
-940,489
-988,533
-904,483
-1012,525
-1040,539
-1000,525
-936,503
-960,473
-1016,513
-1000,511
-1008,527
-988,529
-948,495
-940,473
-928,463
-940,463
-920,429
-940,419
-1012,525
-956,523
-952,491
-1036,487
-992,517
-944,487
-1020,525
-1004,535
-920,473
-984,509
-984,487
-904,459
-884,479
-900,465
-840,427
-860,423
-816,383
-840,339
-816,309
-824,277
-792,235
-852,323
-856,291
-880,275
-776,237
-704,233
-712,167
-712,121
-772,97
-836,65
-868,53
-868,35
-852,59
-888,-25
-812,13
-880,59
-908,97
-952,153
-828,125
-828,121
-816,65
-864,-17
-900,61
-848,51
-836,71
-824,47
-868,33
-836,5
-768,-5
-836,-19
-820,-89
-848,-89
-808,-35
-832,-57
-804,-27
-772,-37
-836,-71
-816,-83
-788,-41
-816,-27
-780,-43
-828,-117
-820,-187
-812,-251
-848,-293
-884,-267
-908,-193
-880,-221
-860,-209
-872,-243
-804,-271
-828,-253
-832,-277
-916,-361
-848,-367
-784,-257
-764,-199
-812,-201
-796,-181
-756,-189
-772,-225
-836,-261
-864,-291
-836,-297
-764,-285
-800,-267
-912,-333
-796,-309
-836,-349
-860,-405
-888,-381
-912,-433
-880,-409
-892,-405
-940,-435
-912,-467
-932,-453
-888,-391
-872,-391
-880,-389
-888,-425
-872,-385
-872,-361
-884,-379
-860,-363
-848,-397
-888,-423
-860,-383
-812,-357
-808,-367
-836,-309
-824,-275
-768,-311
-828,-325
-796,-239
-852,-235
-780,-129
-684,-79
-772,-85
-788,-45
-780,-7
-788,35
-812,-1
-820,-1
-828,-3
-880,-77
-776,-95
-752,-87
-744,-107
-768,-17
-760,33
-776,45
-788,43
-740,7
-748,-33
-748,47
-836,47
-852,37
-804,77
-764,85
-760,69
-744,-1
-760,17
-752,-3
-744,67
-752,121
-768,161
-692,229
-748,267
-712,267
-824,381
-808,313
-848,319
-884,335
-872,261
-868,213
-928,263
-908,265
-832,215
-872,217
-892,281
-864,321
-852,273
-864,189
-852,125
-904,139
-916,193
-880,191
-916,243
-840,167
-884,169
-876,253
-900,319
-856,269
-800,233
-812,217
-764,201
-728,99
-820,99
-844,115
-916,9
-792,-59
-860,-121
-844,-101
-804,-19
-876,-1
-896,-19
-840,-7
-844,-49
-732,-35
-756,19
-828,19
-784,-57
-788,-13
-788,-127
-820,-93
-796,-117
-836,-137
-844,-137
-856,-133
-836,-243
-876,-319
-824,-323
-868,-319
-784,-247
-720,-199
-772,-223
-816,-237
-812,-165
-792,-181
-776,-241
-820,-185
-816,-271
-864,-195
-880,-267
-832,-243
-848,-229
-780,-195
-808,-177
-820,-195
-804,-209
-780,-135
-776,-113
-832,-129
-820,-77
-840,-157
-860,-233
-792,-145
-768,-109
-840,-117
-892,-175
-888,-143
-848,-145
-964,-183
-892,-115
-844,-137
-868,-145
-804,-129
-868,-233
-876,-305
-880,-311
-832,-287
-864,-207
-768,-175
-808,-281
-780,-243
-780,-251
-732,-249
-876,-297
-852,-275
-812,-297
-840,-335
-824,-295
-836,-345
-824,-295
-836,-265
-756,-185
-824,-173
-656,-187
-692,-201
-740,-159
-820,-147
-804,-149
-780,-161
-816,-161
-840,-201
-832,-243
-932,-285
-948,-313
-868,-291
-840,-347
-820,-369
-844,-323
-872,-337
-932,-353
-804,-273
-808,-291
-844,-291
-844,-291
-920,-301
-868,-245
-852,-253
-948,-261
-964,-295
-896,-271
-904,-273
-912,-297
-924,-327
-896,-383
-892,-425
-944,-481
-900,-421
-928,-441
-848,-445
-856,-457
-912,-487
-980,-521
-928,-467
-932,-459
-988,-503
-972,-509
-940,-491
-872,-445
-792,-385
-900,-423
-820,-385
-788,-277
-764,-255
-840,-349
-956,-363
-908,-423
-912,-431
-984,-479
-888,-397
-876,-379
-808,-403
-888,-439
-904,-467
-876,-449
-844,-349
-828,-379
-856,-389
-936,-437
-932,-439
-868,-389
-908,-397
-912,-373
-892,-345
-824,-309
-796,-275
-804,-247
-884,-271
-908,-273
-848,-257
-872,-241
-844,-297
-916,-297
-892,-253
-944,-249
-864,-203
-856,-213
-856,-171
-856,-161
-772,-189
-816,-157
-824,-175
-828,-169
-880,-191
-920,-203
-936,-255
-924,-367
-976,-419
-944,-419
-940,-415
-940,-407
-992,-475
-972,-511
-988,-515
-964,-519
-1040,-549
-992,-523
-1044,-549
-1016,-527
-912,-497
-964,-509
-1020,-523
-1012,-527
-1000,-511
-964,-503
-1032,-533
-1036,-547
-1040,-547
-916,-491
-1024,-545
-1056,-559
-1012,-545
-932,-487
-944,-503
-904,-495
-992,-531
-1012,-539
-952,-517
-948,-501
-988,-503
-928,-461
-820,-399
-748,-363
-856,-397
-852,-373
-920,-433
-812,-417
-848,-421
-872,-455
-828,-401
-916,-461
-904,-445
-876,-417
-948,-449
-952,-423
-904,-427
-852,-373
-824,-273
-788,-275
-784,-211
-852,-275
-856,-273
-828,-273
-848,-285
-864,-263
-904,-309
-880,-285
-748,-187
-812,-191
-856,-207
-892,-245
-840,-171
-900,-189
-900,-175
-916,-209
-796,-165
-812,-271
-844,-257
-748,-219
-796,-211
-936,-299
-880,-345
-884,-381
-844,-369
-852,-353
-840,-315
-776,-287
-848,-225
-920,-265
-872,-271
-940,-323
-832,-261
-824,-229
-812,-203
-876,-273
-804,-289
-776,-207
-780,-199
-728,-171
-812,-149
-864,-155
-760,-145
-856,-159
-864,-211
-872,-87
-904,-93
-840,-47
-776,-117
-800,-207
-848,-239
-824,-219
-800,-185
-760,-99
-844,-105
-776,-67
-788,23
-768,27
-788,-3
-880,-31
-796,5
-868,5
-796,19
-816,87
-792,59
-828,89
-808,11
-828,-35
-796,-99
-812,-95
-812,-47
-736,-5
-744,-31
-768,-53
-840,-51
-800,-19
-828,-1
-804,27
-788,121
-796,137
-796,129
-824,135
-888,161
-860,197
-824,209
-744,247
-792,255
-752,285
-792,277
-840,261
-800,241
-772,249
-788,197
-848,249
-888,283
-928,345
-908,337
-956,387
-872,397
-820,347
-764,333
-800,405
-856,453
-924,495
-928,483
-900,481
-948,445
-944,439
-1028,491
-976,487
-996,515
-1032,519
-1008,523
-1012,533
-984,499
-1112,565
-1060,553
-1084,567
-1036,537
-1060,549
-1000,525
-972,511
-956,519
-1076,565
-1064,551
-1104,575
-1100,571
-1144,587
-1016,539
-968,525
-892,483
-940,503
-928,477
-936,471
-932,459
-764,369
-824,391
-828,413
-912,491
-880,483
-884,483
-940,481
-988,501
-964,513
-900,467
-888,459
-900,443
-888,455
-980,503
-932,467
-992,523
-968,517
-944,483
-932,453
-912,473
-868,473
-884,479
-1076,557
-1084,567
-988,527
-992,533
-1012,537
-944,499
-1036,541
-1024,523
-980,483
-976,489
-916,425
-928,459
-876,471
-904,477
-864,453
-944,463
-880,463
-988,525
-976,511
-884,449
-916,479
-820,293
-836,321
-860,363
-828,355
-852,395
-864,375
-860,391
-788,341
-820,423
-840,439
-924,467
-916,429
-856,435
-944,441
-880,397
-848,401
-816,395
-872,399
-732,355
-836,373
-908,371
-836,331
-872,379
-976,449
-940,475
-892,461
-980,503
-992,479
-868,419
-884,439
-980,509
-884,473
-884,445
-860,407
-936,459
-996,495
-932,487
-960,495
-948,487
-1008,499
-952,469
-872,439
-864,443
-952,489
-956,513
-952,503
-992,529
-980,527
-924,481
-1024,541
-1024,539
-1056,531
-940,453
-884,413
-844,365
-852,355
-736,301
-800,289
-772,287
-820,313
-820,337
-768,281
-780,277
-768,279
-860,355
-844,387
-976,447
-996,507
-1012,521
-960,489
-980,529
-900,495
-872,445
-956,511
-1004,517
-1012,533
-1016,527
-1040,521
-980,489
-992,483
-820,367
-844,391
-760,371
-840,367
-912,419
-876,385
-828,351
-936,365
-932,401
-968,435
-972,431
-904,415
-896,375
-892,311
-932,297
-884,327
-856,273
-768,295
-708,209
-756,235
-824,251
-820,233
-812,237
-772,169
-748,133
-768,73
-772,41
-796,113
-796,195
-840,257
-804,275
-792,223
-824,231
-812,239
-736,221
-808,245
-820,285
-844,277
-764,279
-756,199
-744,257
-764,189
-804,157
-832,111
-808,111
-776,35
-720,35
-704,39
-732,19
-760,61
-784,51
-784,113
-756,91
-768,153
-832,205
-844,219
-856,259
-820,211
-820,223
-832,277
-828,255
-820,283
-792,221
-832,137
-892,169
-880,171
-828,203
-844,215
-784,227
-808,247
-744,201
-848,219
-836,223
-792,265
-772,227
-720,221
-804,231
-768,193
-752,199
-820,283
-836,261
-808,307
-868,349
-808,331
-836,391
-804,383
-828,413
-876,437
-924,459
-1028,527
-1040,525
-936,495
-848,427
-900,467
-984,505
-996,507
-924,477
-1016,499
-980,511
-1060,537
-940,477
-980,529
-1008,529
-1008,521
-1032,555
-1008,533
-1012,539
-956,501
-920,475
-960,481
-1012,473
-904,419
-972,455
-916,429
-964,453
-928,459
-940,473
-964,501
-968,477
-948,453
-800,423
-824,403
-860,355
-852,317
-792,329
-724,283
-744,295
-864,357
-780,339
-852,293
-888,367
-904,417
-964,473
-880,387
-972,473
-880,439
-960,515
-1032,547
-1032,521
-1020,505
-996,491
-972,521
-956,485
-1008,509
-964,497
-940,465
-860,415
-916,453
-936,485
-1004,517
-976,521
-1008,541
-984,517
-916,509
-908,485
-976,527
-984,533
-992,521
-964,493
-900,453
-972,489
-880,415
-976,511
-1000,525
-1004,517
-1016,537
-960,501
-908,461
-876,453
-872,455
-968,487
-880,449
-828,407
-956,481
-864,393
-984,477
-1036,511
-980,463
-952,421
-1028,499
-1032,533
-948,483
-892,429
-832,379
-864,423
-832,371
-816,331
-832,377
-880,403
-856,407
-820,351
-820,335
-876,323
-924,375
-804,381
-852,347
-880,317
-912,353
-876,331
-920,401
-988,481
-932,427
-912,425
-864,413
-884,407
-876,427
-864,413
-872,365
-916,399
-932,441
-948,441
-944,447
-936,481
-948,489
-880,377
-828,393
-788,383
-824,365
-884,453
-864,461
-932,455
-884,431
-924,455
-856,419
-920,441
-984,455
-864,407
-828,361
-920,435
-972,505
-964,517
-1032,549
-1116,581
-976,515
-948,491
-948,511
-1052,531
-984,513
-912,475
-860,477
-868,471
-988,511
-960,491
-936,485
-900,477
-884,451
-824,383
-800,339
-860,335
-804,327
-820,371
-860,329
-936,361
-896,347
-856,395
-888,407
-944,391
-908,349
-916,351
-876,393
-796,367
-848,399
-856,367
-804,309
-824,277
-748,193
-740,175
-780,191
-836,161
-800,167
-792,181
-716,191
-744,137
-744,127
-700,97
-772,115
-732,125
-740,59
-732,71
-796,55
-780,41
-728,29
-756,-31
-752,-83
-772,-47
-768,-57
-740,-71
-812,-97
-804,-167
-720,-185
-760,-187
-820,-223
-868,-261
-860,-277
-852,-277
-804,-239
-756,-233
-824,-187
-784,-165
-728,-125
-828,-169
-768,-115
-840,-149
-800,-193
-748,-193
-800,-235
-868,-295
-828,-291
-868,-353
-856,-381
-896,-367
-872,-401
-880,-421
-896,-445
-880,-397
-820,-389
-864,-401
-900,-435
-836,-415
-952,-465
-992,-497
-1008,-509
-956,-467
-980,-507
-960,-503
-912,-487
-932,-475
-860,-441
-852,-401
-880,-423
-908,-451
-940,-459
-964,-451
-1044,-493
-1012,-505
-964,-493
-964,-495
-984,-489
-908,-497
-984,-527
-1068,-549
-1040,-551
-1072,-561
-984,-519
-956,-481
-860,-431
-932,-475
-980,-475
-1000,-483
-944,-477
-840,-407
-836,-435
-808,-329
-804,-315
-888,-329
-820,-311
-828,-313
-792,-327
-932,-351
-920,-337
-868,-349
-844,-329
-840,-347
-724,-273
-832,-287
-908,-297
-892,-317
-880,-293
-828,-273
-800,-279
-720,-57
-812,-15
-760,-93
-796,-117
-728,-53
-724,-29
-756,-75
-824,-75
-812,-113
-780,-155
-764,-189
-760,-179
-768,-207
-896,-255
-852,-211
-844,-265
-840,-291
-836,-261
-796,-289
-852,-317
-876,-377
-904,-459
-892,-425
-924,-415
-900,-411
-892,-387
-880,-383
-944,-405
-912,-409
-908,-423
-896,-453
-924,-469
-872,-443
-860,-389
-892,-391
-856,-355
-856,-283
-864,-221
-852,-191
-848,-205
-772,-173
-796,-215
-752,-205
-776,-159
-784,-93
-860,-135
-836,-197
-900,-219
-848,-119
-840,-29
-776,35
-792,-3
-844,-135
-852,-189
-868,-213
-832,-239
-868,-257
-892,-253
-912,-231
-868,-159
-844,-155
-896,-145
-864,-151
-892,-69
-888,7
-816,-33
-764,-83
-800,-93
-688,-67
-676,-101
-780,-121
-812,-73
-772,-69
-816,-25
-824,43
-788,53
-764,37
-756,31
-740,53
-780,99
-796,59
-736,1
-776,11
-796,-47
-856,-57
-808,-105
-832,-87
-748,-43
-816,15
-804,-33
-836,-21
-832,-59
-768,-41
-860,-73
-848,-27
-796,-81
-780,-135
-816,-159
-812,-147
-768,-137
-848,-125
-840,-59
-748,-15
-848,-91
-780,-63
-740,-85
-800,-117
-928,-253
-856,-185
-812,-181
-776,-49
-828,-117
-832,-161
-848,-207
-880,-223
-860,-219
-920,-227
-868,-227
-772,-157
-752,-137
-792,-71
-748,-91
-712,-49
-808,-71
-844,-69
-752,-17
-788,-17
-788,15
-784,-15
-820,-11
-832,-39
-856,-41
-868,-33
-924,-19
-840,-19
-812,-13
-884,-31
-752,-37
-880,-127
-856,-179
-784,-145
-804,-125
-784,-207
-804,-231
-820,-293
-872,-299
-900,-333
-836,-319
-840,-317
-904,-405
-912,-427
-892,-443
-836,-407
-856,-425
-896,-445
-920,-499
-952,-483
-924,-491
-920,-481
-940,-475
-944,-511
-984,-537
-1068,-563
-996,-529
-956,-453
-992,-453
-972,-465
-960,-443
-964,-445
-984,-499
-1020,-507
-944,-473
-948,-503
-968,-497
-928,-457
-980,-507
-904,-475
-940,-489
-1052,-529
-936,-495
-960,-497
-860,-447
-872,-463
-872,-417
-868,-407
-864,-453
-836,-419
-924,-465
-968,-497
-888,-465
-880,-453
-1008,-523
-1020,-527
-984,-529
-984,-525
-940,-505
-944,-501
-928,-467
-940,-479
-984,-503
-916,-471
-888,-471
-896,-487
-924,-485
-904,-475
-900,-469
-828,-429
-720,-313
-856,-283
-792,-281
-752,-261
-824,-279
-788,-247
-760,-273
-808,-281
-776,-287
-860,-325
-840,-345
-844,-365
-876,-383
-808,-381
-868,-415
-876,-433
-912,-473
-904,-473
-904,-457
-868,-431
-860,-455
-956,-471
-872,-449
-848,-463
-932,-489
-940,-499
-960,-517
-952,-521
-968,-529
-980,-531
-992,-535
-1000,-521
-936,-503
-960,-503
-996,-533
-940,-505
-932,-493
-880,-465
-888,-445
-904,-377
-896,-399
-928,-431
-912,-429
-920,-449
-888,-435
-876,-457
-956,-447
-972,-459
-944,-461
-936,-443
-940,-477
-1008,-503
-896,-457
-856,-435
-908,-453
-928,-469
-1004,-523
-1012,-541
-968,-511
-956,-497
-904,-485
-836,-439
-872,-441
-920,-389
-872,-365
-816,-361
-944,-407
-932,-427
-832,-353
-832,-321
-856,-325
-848,-343
-820,-297
-840,-345
-880,-403
-864,-431
-1016,-517
-984,-513
-924,-495
-932,-503
-976,-515
-908,-471
-940,-475
-940,-491
-996,-501
-900,-477
-924,-483
-928,-481
-952,-525
-1008,-539
-868,-455
-888,-405
-864,-401
-848,-421
-880,-451
-896,-403
-912,-483
-912,-467
-892,-449
-880,-457
-884,-457
-924,-487
-952,-469
-940,-481
-908,-451
-892,-467
-904,-471
-896,-455
-876,-417
-996,-523
-1016,-531
-976,-523
-956,-495
-928,-467
-976,-509
-928,-471
-924,-479
-992,-487
-892,-435
-892,-423
-904,-425
-980,-463
-984,-457
-900,-417
-936,-441
-816,-383
-852,-419
-816,-393
-872,-411
-916,-431
-892,-425
-792,-341
-892,-399
-900,-437
-960,-469
-1048,-531
-948,-491
-988,-525
-1020,-543
-1000,-519
-964,-525
-1012,-545
-1032,-541
-1012,-527
-1048,-553
-1012,-537
-1044,-541
-952,-523
-948,-499
-880,-463
-924,-473
-856,-445
-848,-443
-864,-451
-920,-451
-884,-453
-924,-499
-984,-531
-964,-509
-960,-495
-944,-499
-908,-463
-944,-455
-988,-459
-984,-461
-964,-481
-900,-455
-944,-469
-884,-463
-976,-513
-932,-493
-936,-487
-940,-485
-976,-471
-908,-453
-912,-455
-976,-471
-956,-477
-916,-471
-1036,-525
-1036,-535
-988,-523
-948,-507
-1028,-543
-932,-493
-952,-489
-888,-433
-836,-403
-836,-431
-900,-483
-928,-491
-972,-501
-868,-483
-928,-469
-896,-469
-852,-427
-848,-423
-916,-439
-968,-473
-928,-483
-1012,-485
-932,-427
-916,-421
-860,-387
-880,-419
-960,-497
-988,-505
-936,-475
-920,-465
-868,-457
-960,-507
-992,-527
-1012,-513
-944,-491
-916,-473
-868,-467
-948,-503
-1000,-521
-992,-523
-912,-493
-996,-531
-1008,-527
-1076,-561
-1080,-549
-972,-515
-1016,-543
-1040,-551
-936,-517
-1044,-553
-1004,-517
-912,-495
-996,-525
-988,-521
-1056,-553
-1008,-541
-968,-531
-904,-493
-892,-485
-840,-439
-928,-475
-860,-463
-908,-481
-892,-467
-976,-485
-972,-521
-960,-527
-1016,-543
-1024,-547
-964,-505
-996,-485
-900,-441
-936,-479
-848,-467
-920,-473
-944,-507
-1016,-527
-964,-509
-1060,-549
-1016,-553
-956,-519
-936,-497
-888,-477
-896,-453
-864,-421
-904,-487
-948,-487
-988,-529
-976,-511
-960,-489
-940,-471
-908,-477
-944,-493
-968,-487
-968,-467
-896,-475
-988,-513
-972,-521
-1100,-573
-1128,-583
-1052,-547
-1076,-555
-1044,-545
-1016,-527
-924,-481
-952,-523
-1032,-541
-896,-455
-888,-451
-944,-493
-1012,-539
-1028,-553
-1008,-545
-996,-507
-960,-511
-924,-467
-928,-485
-932,-491
-940,-499
-956,-485
-908,-457
-972,-497
-856,-399
-876,-361
-908,-361
-912,-363
-824,-319
-856,-309
-844,-331
-852,-319
-796,-351
-772,-309
-868,-375
-900,-325
-932,-369
-932,-379
-836,-335
-872,-359
-840,-347
-864,-361
-908,-449
-916,-439
-948,-469
-1008,-513
-968,-491
-996,-501
-996,-485
-912,-453
-900,-477
-888,-427
-932,-495
-908,-501
-900,-457
-936,-497
-1016,-539
-1000,-521
-944,-509
-988,-521
-1056,-553
-1036,-545
-988,-527
-968,-511
-1000,-531
-1052,-551
-1036,-551
-996,-533
-900,-497
-940,-479
-1012,-533
-940,-487
-828,-397
-936,-467
-1000,-493
-996,-487
-948,-465
-976,-483
-940,-483
-984,-469
-920,-437
-912,-443
-896,-421
-860,-371
-892,-401
-836,-335
-820,-373
-808,-297
-804,-267
-940,-343
-900,-371
-824,-329
-824,-385
-932,-469
-820,-397
-864,-363
-904,-391
-836,-389
-840,-405
-920,-407
-884,-387
-884,-399
-916,-475
-996,-501
-992,-495
-980,-507
-932,-457
-984,-489
-924,-397
-912,-395
-900,-423
-936,-443
-908,-445
-912,-417
-872,-443
-924,-453
-792,-373
-844,-433
-928,-485
-1008,-527
-924,-453
-884,-417
-1028,-523
-1032,-523
-948,-509
-1004,-525
-1008,-503
-996,-523
-948,-513
-876,-475
-904,-487
-928,-479
-920,-491
-864,-455
-860,-423
-940,-467
-892,-417
-844,-425
-856,-427
-920,-477
-972,-509
-940,-515
-968,-511
-996,-527
-868,-485
-972,-521
-932,-465
-932,-469
-880,-459
-944,-483
-1012,-527
-1004,-527
-976,-503
-988,-511
-932,-487
-1008,-531
-924,-507
-940,-499
-924,-493
-952,-501
-968,-495
-924,-487
-912,-449
-956,-461
-940,-437
-892,-433
-856,-423
-912,-411
-940,-411
-924,-427
-908,-435
-844,-395
-828,-401
-936,-457
-936,-453
-936,-489
-984,-529
-1112,-565
-1116,-573
-1024,-537
-972,-501
-916,-485
-992,-527
-992,-535
-1088,-559
-1036,-539
-1044,-533
-1032,-529
-916,-461
-868,-439
-976,-495
-932,-493
-920,-487
-968,-493
-868,-455
-968,-507
-952,-495
-1008,-481
-940,-421
-900,-399
-820,-419
-856,-473
-928,-509
-936,-473
-916,-471
-960,-479
-820,-415
-840,-409
-764,-359
-844,-391
-956,-479
-980,-487
-936,-445
-1020,-475
-920,-461
-1044,-491
-1012,-451
-984,-387
-920,-381
-776,-343
-748,-375
-744,-333
-784,-301
-776,-315
-884,-335
-884,-333
-860,-245
-780,-191
-764,-245
-784,-321
-760,-327
-780,-337
-820,-309
-896,-423
-928,-473
-960,-471
-916,-481
-936,-495
-928,-487
-964,-513
-972,-513
-1072,-555
-1020,-531
-928,-499
-968,-513
-904,-477
-892,-475
-1048,-543
-936,-481
-936,-449
-896,-419
-888,-415
-836,-415
-972,-479
-860,-381
-840,-395
-832,-405
-860,-443
-960,-489
-976,-515
-988,-527
-952,-495
-900,-489
-868,-469
-952,-497
-1000,-537
-904,-487
-908,-487
-896,-473
-1004,-521
-912,-473
-888,-469
-912,-477
-940,-471
-880,-465
-824,-435
-768,-385
-856,-409
-880,-409
-800,-371
-796,-371
-796,-401
-900,-425
-824,-383
-756,-321
-784,-295
-864,-383
-916,-411
-936,-433
-916,-461
-968,-501
-1024,-537
-996,-529
-1040,-537
-876,-475
-956,-497
-916,-479
-984,-515
-996,-509
-988,-507
-920,-441
-952,-477
-912,-471
-920,-457
-920,-479
-800,-413
-856,-389
-796,-365
-840,-403
-896,-447
-908,-453
-840,-379
-900,-337
-868,-355
-836,-249
-804,-229
-756,-221
-752,-229
-800,-175
-848,-175
-840,-137
-800,-215
-864,-241
-840,-303
-860,-325
-896,-373
-916,-393
-948,-447
-944,-445
-980,-401
-896,-383
-988,-385
-988,-409
-932,-393
-892,-417
-892,-431
-940,-411
-876,-433
-888,-433
-908,-481
-892,-451
-1012,-523
-1008,-519
-916,-483
-908,-461
-924,-453
-956,-459
-968,-493
-900,-461
-948,-487
-984,-517
-960,-479
-904,-475
-984,-489
-972,-483
-892,-415
-884,-363
-792,-297
-712,-223
-760,-189
-800,-195
-832,-281
-788,-267
-916,-351
-872,-369
-868,-419
-828,-405
-752,-311
-768,-293
-756,-261
-712,-227
-804,-281
-828,-249
-836,-267
-920,-319
-852,-383
-840,-343
-852,-331
-884,-379
-844,-363
-832,-361
-804,-313
-860,-335
-924,-415
-840,-391
-868,-385
-864,-399
-876,-385
-876,-381
-928,-427
-908,-389
-884,-399
-924,-365
-864,-321
-828,-293
-784,-247
-808,-239
-776,-229
-776,-239
-868,-285
-840,-281
-816,-279
-816,-261
-780,-291
-800,-369
-828,-381
-852,-389
-916,-419
-944,-411
-920,-461
-816,-443
-876,-489
-908,-491
-984,-491
-972,-517
-972,-499
-972,-499
-920,-461
-900,-465
-924,-489
-972,-503
-952,-509
-868,-471
-920,-479
-972,-521
-908,-481
-956,-495
-896,-439
-828,-441
-880,-453
-828,-405
-880,-421
-824,-387
-868,-427
-888,-449
-848,-389
-788,-369
-828,-369
-848,-429
-948,-483
-872,-457
-932,-445
-944,-449
-892,-431
-956,-481
-916,-487
-900,-499
-916,-485
-888,-467
-932,-459
-888,-411
-868,-401
-856,-343
-884,-363
-956,-379
-904,-349
-932,-393
-948,-421
-916,-335
-864,-403
-944,-455
-896,-467
-980,-461
-1004,-485
-944,-479
-912,-479
-904,-481
-888,-479
-932,-505
-1024,-525
-964,-523
-940,-501
-904,-439
-924,-433
-916,-465
-952,-499
-964,-493
-964,-489
-1008,-533
-1008,-531
-1000,-537
-1040,-551
-1148,-591
-1068,-561
-976,-515
-984,-521
-940,-489
-1032,-505
-940,-457
-904,-433
-904,-439
-920,-449
-928,-377
-856,-347
-940,-349
-948,-327
-916,-341
-920,-373
-968,-393
-864,-387
-796,-383
-856,-397
-848,-389
-888,-427
-904,-469
-1000,-509
-972,-517
-1052,-557
-920,-515
-868,-461
-908,-493
-968,-525
-1080,-563
-1052,-559
-1028,-553
-1052,-559
-1040,-553
-988,-519
-1004,-529
-996,-539
-964,-515
-992,-513
-988,-497
-1000,-517
-988,-513
-1004,-521
-880,-463
-968,-513
-988,-529
-1000,-529
-1076,-569
-1044,-525
-948,-503
-956,-485
-1000,-499
-980,-499
-992,-449
-920,-449
-908,-417
-924,-441
-876,-401
-852,-353
-824,-313
-860,-323
-864,-325
-840,-379
-868,-369
-876,-351
-828,-313
-768,-347
-816,-357
-868,-363
-836,-355
-840,-335
-824,-327
-788,-375
-760,-371
-812,-363
-820,-389
-780,-347
-840,-299
-780,-311
-848,-373
-844,-391
-840,-369
-752,-313
-784,-279
-744,-239
-796,-267
-708,-247
-776,-279
-804,-285
-828,-291
-800,-295
-744,-311
-832,-371
-804,-269
-852,-265
-872,-345
-836,-341
-900,-297
-860,-309
-900,-341
-864,-341
-892,-353
-872,-319
-924,-267
-828,-217
-796,-251
-828,-307
-856,-273
-880,-275
-760,-245
-860,-249
-904,-291
-876,-295
-812,-273
-872,-329
-928,-347
-900,-299
-860,-253
-824,-191
-808,-227
-820,-201
-912,-187
-824,-253
-884,-237
-820,-227
-876,-245
-800,-213
-744,-169
-708,-113
-748,-161
-720,-245
-776,-311
-828,-311
-876,-281
-928,-331
-856,-287
-908,-299
-844,-291
-844,-291
-788,-295
-872,-371
-796,-303
-768,-299
-744,-277
-904,-377
-908,-349
-940,-381
-884,-423
-968,-447
-944,-445
-884,-417
-912,-459
-908,-453
-876,-461
-944,-501
-1008,-533
-960,-497
-964,-491
-1020,-545
-968,-485
-912,-435
-920,-457
-1000,-495
-924,-469
-928,-461
-896,-473
-904,-455
-900,-403
-992,-415
-880,-325
-936,-311
-872,-287
-912,-251
-788,-211
-888,-241
-908,-283
-876,-237
-840,-171
-864,-223
-888,-271
-844,-291
-892,-315
-816,-225
-824,-261
-736,-267
-816,-307
-860,-349
-800,-327
-776,-317
-772,-359
-816,-319
-792,-353
-832,-381
-908,-453
-948,-497
-1024,-535
-1044,-551
-960,-509
-892,-473
-948,-509
-888,-451
-820,-377
-976,-513
-1052,-551
-924,-499
-924,-505
-960,-493
-904,-475
-988,-513
-928,-509
-964,-491
-968,-499
-952,-497
-1016,-527
-960,-527
-980,-501
-940,-491
-920,-503
-872,-481
-908,-483
-952,-501
-932,-511
-920,-501
-904,-467
-976,-509
-972,-503
-964,-517
-924,-491
-856,-409
-932,-463
-948,-459
-884,-421
-976,-449
-916,-427
-936,-471
-924,-411
-956,-487
-940,-477
-916,-469
-968,-515
-1040,-547
-952,-521
-980,-525
-1004,-537
-1048,-555
-1056,-551
-1036,-537
-928,-471
-984,-511
-952,-503
-932,-519
-1040,-555
-1036,-547
-1056,-559
-1044,-553
-940,-505
-932,-499
-924,-495
-936,-497
-896,-481
-992,-525
-916,-467
-832,-421
-836,-415
-900,-449
-892,-443
-864,-435
-960,-505
-916,-495
-868,-469
-912,-469
-932,-487
-916,-481
-952,-489
-944,-485
-972,-503
-912,-495
-932,-511
-896,-463
-880,-453
-956,-495
-1028,-521
-996,-537
-1036,-549
-924,-493
-944,-483
-956,-489
-1016,-531
-1008,-483
-960,-483
-1004,-519
-956,-491
-884,-411
-940,-481
-916,-439
-944,-451
-988,-439
-1012,-481
-956,-503
-920,-473
-944,-461
-856,-379
-896,-379
-832,-347
-876,-349
-844,-343
-840,-295
-828,-287
-824,-219
-852,-263
-800,-233
-800,-223
-880,-191
-868,-217
-836,-231
-828,-297
-824,-301
-856,-283
-896,-327
-892,-331
-824,-349
-784,-367
-792,-351
-832,-399
-888,-437
-840,-437
-856,-407
-844,-363
-896,-385
-852,-339
-904,-413
-860,-411
-752,-371
-828,-379
-940,-425
-924,-435
-952,-463
-996,-501
-972,-477
-948,-451
-960,-493
-924,-481
-872,-475
-892,-469
-908,-473
-988,-501
-932,-509
-924,-503
-964,-485
-924,-437
-892,-437
-940,-495
-948,-505
-1008,-543
-892,-491
-1008,-539
-1028,-555
-1020,-535
-960,-519
-960,-479
-980,-515
-980,-509
-960,-497
-944,-523
-972,-527
-1008,-539
-1020,-535
-1020,-549
-1016,-551
-1008,-541
-956,-503
-908,-485
-884,-471
-912,-499
-984,-517
-1036,-541
-1024,-543
-964,-523
-964,-507
-928,-491
-904,-483
-988,-509
-964,-499
-984,-509
-980,-461
-1036,-507
-972,-441
-948,-405
-948,-427
-988,-455
-880,-421
-932,-489
-892,-477
-828,-409
-916,-409
-868,-401
-924,-439
-940,-423
-836,-353
-816,-337
-796,-367
-792,-325
-816,-307
-808,-293
-856,-315
-860,-317
-932,-355
-916,-323
-940,-329
-916,-351
-908,-351
-908,-277
-840,-217
-872,-283
-792,-317
-824,-315
-820,-305
-836,-337
-824,-305
-852,-293
-840,-341
-796,-353
-840,-299
-800,-315
-828,-351
-804,-371
-840,-387
-852,-433
-880,-441
-908,-475
-888,-459
-872,-435
-952,-457
-956,-469
-996,-479
-1028,-511
-1008,-523
-984,-487
-928,-497
-1024,-545
-984,-501
-928,-471
-928,-477
-956,-505
-964,-497
-956,-489
-940,-457
-936,-451
-964,-425
-892,-375
-892,-347
-908,-331
-984,-391
-864,-391
-900,-405
-948,-431
-944,-437
-944,-429
-876,-421
-968,-479
-1044,-531
-948,-501
-924,-483
-960,-485
-980,-485
-1012,-491
-1020,-497
-960,-473
-872,-455
-872,-429
-928,-443
-936,-441
-916,-431
-892,-419
-804,-379
-872,-435
-892,-439
-884,-443
-868,-419
-888,-453
-900,-461
-920,-467
-836,-425
-800,-379
-844,-393
-880,-361
-772,-363
-852,-373
-840,-327
-856,-315
-892,-325
-852,-319
-840,-265
-856,-287
-884,-359
-820,-315
-848,-301
-820,-243
-756,-183
-780,-221
-752,-243
-776,-315
-852,-365
-868,-405
-880,-447
-968,-491
-924,-457
-848,-389
-840,-405
-840,-403
-876,-431
-912,-421
-836,-395
-824,-381
-840,-387
-868,-347
-864,-353
-876,-363
-792,-369
-876,-399
-884,-423
-900,-433
-952,-469
-920,-453
-968,-509
-988,-515
-1068,-555
-1024,-515
-976,-481
-968,-501
-996,-535
-1008,-535
-1060,-559
-1048,-541
-1064,-563
-1004,-521
-1024,-539
-980,-513
-1004,-523
-1016,-539
-936,-497
-880,-453
-972,-499
-988,-515
-1056,-553
-1068,-559
-1076,-571
-960,-503
-960,-461
-828,-393
-756,-345
-784,-367
-876,-393
-880,-441
-836,-399
-884,-391
-912,-395
-916,-417
-932,-443
-836,-397
-908,-443
-936,-447
-828,-387
-900,-389
-900,-371
-816,-351
-916,-361
-916,-393
-832,-359
-876,-343
-872,-333
-900,-329
-876,-337
-872,-345
-896,-321
-900,-417
-956,-447
-872,-417
-872,-465
-860,-445
-920,-439
-900,-417
-896,-457
-956,-461
-920,-439
-936,-455
-1016,-501
-996,-499
-944,-489
-888,-435
-912,-477
-964,-511
-976,-491
-920,-479
-980,-519
-984,-531
-972,-525
-940,-487
-956,-475
-972,-455
-1024,-513
-972,-505
-964,-501
-916,-477
-928,-485
-940,-507
-980,-525
-988,-517
-932,-495
-940,-479
-892,-423
-940,-409
-964,-411
-864,-347
-852,-321
-812,-347
-836,-319
-928,-337
-852,-339
-904,-375
-824,-319
-968,-425
-916,-407
-864,-335
-832,-335
-848,-333
-876,-361
-916,-361
-888,-339
-820,-371
-856,-403
-836,-387
-828,-393
-816,-409
-944,-471
-940,-461
-988,-497
-968,-493
-1000,-535
-1020,-543
-1020,-533
-1052,-535
-980,-489
-1020,-509
-960,-495
-1016,-489
-1008,-493
-940,-457
-944,-475
-964,-477
-864,-409
-876,-451
-764,-317
-896,-387
-876,-341
-848,-337
-828,-263
-828,-237
-880,-229
-828,-295
-832,-287
-848,-291
-780,-329
-800,-369
-932,-435
-884,-451
-976,-511
-960,-505
-1020,-533
-1012,-527
-968,-515
-892,-477
-948,-467
-860,-455
-872,-415
-796,-365
-800,-375
-812,-361
-844,-341
-884,-351
-860,-243
-836,-297
-772,-215
-812,-189
-820,-279
-832,-321
-820,-329
-860,-375
-840,-337
-916,-345
-848,-311
-808,-307
-816,-301
-872,-273
-908,-223
-896,-289
-796,-233
-808,-303
-844,-369
-856,-351
-860,-439
-864,-419
-824,-357
-836,-357
-856,-313
-796,-305
-844,-259
-884,-239
-788,-233
-812,-215
-844,-277
-784,-235
-716,-195
-808,-245
-792,-225
-780,-197
-784,-231
-724,-201
-752,-165
-772,-141
-712,-147
-716,-139
-672,-191
-676,-229
-656,-239
-768,-213
-836,-303
-816,-297
-868,-363
-884,-407
-876,-415
-868,-461
-900,-485
-900,-499
-856,-479
-944,-507
-1064,-541
-1008,-505
-956,-439
-972,-449
-888,-417
-896,-463
-928,-467
-972,-511
-968,-513
-1052,-541
-1060,-563
-972,-521
-972,-513
-1044,-529
-952,-499
-928,-459
-860,-429
-956,-489
-996,-529
-900,-501
-904,-473
-876,-467
-940,-505
-920,-485
-888,-415
-956,-489
-788,-421
-920,-465
-804,-421
-848,-433
-804,-403
-764,-335
-832,-345
-796,-353
-820,-355
-764,-367
-752,-373
-840,-393
-904,-403
-864,-399
-900,-451
-932,-487
-924,-473
-1020,-497
-1040,-489
-884,-377
-932,-429
-980,-481
-916,-465
-984,-491
-888,-457
-864,-409
-820,-355
-804,-387
-776,-403
-920,-449
-868,-409
-852,-379
-780,-325
-860,-443
-900,-447
-964,-461
-1004,-495
-952,-445
-980,-461
-904,-443
-940,-399
-900,-347
-952,-401
-936,-401
-960,-439
-960,-481
-916,-465
-1016,-491
-1008,-483
-1000,-497
-916,-461
-988,-513
-956,-515
-840,-449
-896,-461
-948,-503
-920,-491
-912,-495
-840,-433
-960,-501
-928,-501
-992,-537
-1000,-527
-964,-531
-956,-513
-984,-513
-936,-477
-972,-445
-876,-419
-868,-429
-912,-455
-968,-493
-964,-503
-976,-503
-1044,-543
-1076,-559
-1012,-533
-972,-519
-968,-507
-880,-473
-912,-471
-932,-509
-968,-517
-1036,-561
-960,-527
-992,-501
-916,-469
-968,-489
-948,-487
-932,-509
-900,-489
-956,-515
-936,-495
-952,-497
-952,-479
-968,-483
-912,-479
-988,-497
-964,-513
-940,-485
-936,-463
-944,-445
-908,-401
-816,-339
-864,-373
-808,-385
-804,-367
-848,-329
-804,-323
-856,-319
-876,-253
-852,-271
-920,-281
-840,-257
-796,-197
-760,-169
-744,-167
-720,-105
-764,-67
-700,-63
-676,-73
-716,-117
-740,-185
-660,-157
-764,-225
-808,-211
-856,-269
-848,-145
-868,-171
-892,-167
-904,-95
-864,-85
-816,-93
-748,-85
-924,-175
-924,-157
-876,-153
-916,-225
-840,-275
-860,-233
-816,-211
-828,-181
-788,-173
-892,-165
-840,-101
-848,-143
-804,-143
-796,-159
-772,-195
-836,-191
-760,-199
-744,-109
-792,-111
-800,-127
-844,-91
-808,-93
-796,-89
-752,-63
-724,-89
-764,-81
-776,-45
-760,-33
-804,65
-796,49
-840,49
-820,115
-824,141
-872,173
-772,225
-784,219
-800,233
-852,207
-828,201
-868,205
-904,243
-896,245
-840,289
-816,257
-776,217
-812,233
-824,169
-788,313
-772,315
-808,311
-856,307
-860,311
-832,307
-820,343
-764,319
-772,319
-796,325
-852,325
-888,371
-876,349
-868,387
-836,355
-824,315
-856,325
-892,357
-912,389
-908,415
-864,425
-888,423
-900,427
-900,367
-924,359
-848,351
-780,361
-844,335
-852,295
-804,281
-792,239
-828,291
-888,367
-876,361
-864,351
-848,307
-788,307
-820,335
-840,391
-844,403
-900,399
-848,369
-880,431
-916,449
-888,415
-912,455
-940,463
-968,481
-944,451
-992,439
-852,387
-816,383
-856,445
-996,471
-936,445
-916,403
-876,395
-904,437
-940,375
-888,325
-776,247
-800,279
-816,231
-832,289
-792,233
-856,297
-892,325
-896,339
-864,329
-880,345
-904,343
-872,303
-880,301
-876,357
-876,341
-860,303
-836,269
-836,245
-832,303
-752,307
-796,333
-800,299
-808,303
-912,313
-856,275
-808,271
-840,295
-896,357
-904,337
-872,331
-848,243
-792,283
-820,233
-864,209
-836,211
-732,167
-820,167
-876,131
-836,85
-828,119
-852,127
-840,163
-840,133
-864,139
-828,139
-896,77
-880,99
-884,81
-804,27
-788,87
-772,85
-904,139
-924,217
-908,295
-892,277
-920,331
-800,351
-800,373
-880,423
-716,351
-744,369
-720,345
-800,365
-824,389
-756,369
-884,417
-964,489
-904,453
-832,405
-868,421
-860,413
-888,439
-940,441
-980,457
-1000,475
-964,479
-960,493
-940,503
-976,497
-908,463
-912,399
-940,417
-868,413
-900,437
-956,457
-940,437
-928,399
-856,339
-904,381
-812,305
-924,375
-944,407
-816,409
-916,475
-948,485
-948,491
-984,537
-908,499
-960,507
-960,517
-976,515
-952,505
-1016,533
-960,517
-968,505
-1012,519
-952,509
-972,525
-1000,535
-988,513
-892,467
-936,491
-868,463
-952,515
-888,463
-880,453
-960,465
-964,427
-844,367
-856,357
-888,377
-904,375
-840,331
-784,279
-760,217
-720,151
-732,155
-832,289
-812,293
-876,379
-836,339
-840,335
-824,327
-804,329
-764,289
-768,281
-768,281
-828,375
-824,377
-860,359
-904,357
-904,365
-960,381
-924,401
-884,429
-940,467
-924,495
-968,523
-972,503
-976,509
-900,449
-912,459
-808,341
-840,343
-896,379
-864,349
-844,371
-784,303
-808,339
-808,387
-808,377
-856,431
-976,505
-912,399
-856,351
-920,469
-888,425
-960,457
-884,389
-904,421
-1020,489
-980,497
-964,485
-960,457
-908,427
-932,487
-984,503
-924,483
-868,461
-828,431
-868,423
-828,429
-964,501
-928,491
-948,457
-916,407
-924,367
-976,367
-904,309
-868,315
-844,313
-816,299
-860,289
-836,225
-768,261
-924,345
-872,279
-900,329
-1004,367
-984,315
-964,347
-828,341
-820,341
-788,341
-792,341
-816,319
-860,375
-844,361
-864,407
-848,439
-736,371
-736,359
-812,403
-872,385
-880,377
-852,375
-888,437
-936,455
-956,493
-1016,509
-940,487
-904,463
-880,463
-896,467
-900,493
-824,459
-880,459
-960,519
-948,501
-912,503
-928,491
-912,475
-844,443
-884,431
-760,331
-848,329
-868,299
-844,319
-824,321
-856,307
-844,321
-860,333
-844,345
-832,371
-832,353
-908,419
-920,433
-888,443
-944,477
-1008,515
-912,489
-908,483
-916,503
-976,503
-972,507
-904,437
-924,441
-888,463
-932,457
-904,427
-860,435
-908,431
-872,435
-896,461
-880,445
-884,459
-972,489
-956,457
-868,405
-888,395
-808,265
-928,403
-948,381
-960,455
-896,435
-908,435
-868,403
-848,417
-828,369
-904,403
-848,399
-940,463
-908,445
-916,447
-936,483
-956,479
-952,489
-948,489
-992,509
-992,527
-1028,551
-1016,539
-1008,513
-872,447
-812,427
-848,463
-912,461
-816,443
-816,427
-888,467
-872,457
-940,493
-884,453
-884,409
-912,473
-928,477
-1024,531
-988,499
-940,463
-952,437
-988,491
-1008,519
-1072,537
-1016,535
-1000,529
-1028,535
-1016,523
-960,511
-1060,547
-1024,521
-1012,515
-900,457
-860,403
-948,439
-904,445
-828,401
-916,481
-932,463
-984,499
-1012,527
-964,503
-1028,531
-1060,561
-944,515
-1028,541
-1000,541
-872,475
-976,501
-1020,535
-976,507
-900,445
-920,501
-928,467
-908,419
-836,407
-872,447
-980,499
-1000,515
-1036,521
-1052,539
-1036,535
-988,531
-1012,523
-980,507
-1016,527
-976,521
-972,501
-988,513
-904,485
-896,477
-932,473
-888,455
-896,493
-944,487
-948,509
-860,467
-992,529
-1060,547
-936,501
-936,481
-932,491
-920,493
-952,509
-964,519
-944,509
-968,525
-984,519
-960,499
-940,505
-960,511
-936,505
-928,493
-940,503
-904,475
-948,483
-956,505
-940,475
-924,461
-952,485
-1036,531
-1016,525
-1024,525
-956,523
-988,495
-956,497
-908,393
-988,427
-932,449
-892,445
-856,415
-860,419
-912,425
-792,405
-896,465
-956,507
-956,487
-864,461
-820,455
-880,465
-880,463
-984,477
-1076,497
-944,443
-956,473
-948,475
-892,445
-892,475
-892,449
-908,485
-928,477
-916,437
-848,397
-900,433
-980,483
-928,471
-872,411
-876,415
-948,439
-944,433
-872,403
-860,437
-928,483
-1008,529
-1000,529
-900,475
-972,501
-1008,533
-1024,537
-976,523
-948,479
-912,489
-960,513
-948,489
-892,435
-860,393
-808,401
-904,417
-912,417
-832,365
-764,303
-856,411
-828,381
-836,375
-904,417
-860,411
-824,363
-836,379
-832,417
-840,401
-868,415
-808,361
-852,425
-880,443
-872,461
-900,433
-780,365
-820,383
-772,393
-804,387
-820,405
-884,453
-956,515
-960,503
-932,455
-880,457
-960,463
-852,441
-924,435
-920,423
-872,399
-1016,447
-924,419
-916,411
-992,507
-976,473
-904,437
-924,447
-956,437
-1068,499
-1024,533
-912,493
-860,477
-944,503
-892,461
-860,429
-852,417
-928,439
-856,399
-768,363
-860,401
-860,387
-896,399
-864,371
-976,423
-912,427
-960,435
-944,431
-940,459
-928,451
-924,475
-844,401
-852,415
-880,415
-908,427
-964,469
-912,405
-956,401
-936,425
-904,325
-856,311
-920,381
-848,353
-868,347
-840,317
-812,293
-832,295
-840,293
-796,313
-792,343
-860,351
-888,399
-852,385
-876,407
-868,401
-956,475
-952,469
-960,467
-876,441
-868,469
-920,453
-984,507
-936,481
-884,423
-880,429
-996,491
-1060,533
-976,475
-1004,499
-952,475
-916,463
-968,515
-980,517
-956,513
-944,495
-956,489
-984,509
-1000,503
-1028,533
-984,519
-1000,521
-924,471
-892,425
-936,451
-988,481
-992,497
-964,487
-868,453
-820,345
-796,359
-888,429
-912,443
-944,455
-900,421
-808,365
-872,435
-872,419
-832,423
-948,501
-904,451
-988,505
-1028,509
-904,459
-804,375
-844,385
-860,381
-896,395
-892,371
-912,365
-880,337
-888,333
-728,307
-820,335
-860,389
-944,451
-872,407
-840,425
-836,419
-864,443
-888,479
-900,475
-928,473
-988,485
-940,479
-936,461
-904,427
-856,459
-864,465
-984,515
-928,475
-912,445
-844,423
-860,421
-860,429
-896,425
-860,399
-900,435
-872,419
-888,429
-936,443
-996,513
-1040,509
-1036,511
-944,463
-916,425
-888,451
-1056,545
-1000,515
-1016,547
-1020,543
-1028,533
-1028,529
-952,511
-952,503
-988,531
-1040,553
-1012,533
-960,533
-1080,565
-964,521
-1044,553
-1032,549
-1052,547
-932,473
-948,479
-928,465
-940,491
-944,511
-944,491
-876,457
-876,453
-940,483
-856,431
-816,369
-804,315
-892,371
-856,371
-896,435
-884,395
-944,427
-984,403
-960,383
-1008,457
-1004,461
-888,389
-892,403
-940,455
-1000,531
-996,519
-952,493
-908,463
-904,459
-896,471
-972,483
-944,473
-868,421
-952,471
-940,461
-900,451
-980,513
-972,501
-928,459
-880,475
-944,483
-980,505
-1000,535
-992,531
-1000,523
-984,515
-980,489
-1004,517
-932,507
-968,485
-892,465
-940,479
-944,469
-948,489
-996,513
-1012,525
-952,489
-928,441
-792,407
-808,369
-860,317
-876,289
-856,283
-832,209
-880,187
-832,181
-900,179
-864,203
-836,199
-772,163
-788,267
-820,293
-800,407
-796,409
-832,423
-832,451
-868,411
-852,417
-864,369
-856,363
-856,421
-892,425
-884,453
-984,445
-900,435
-956,467
-984,509
-972,503
-1028,531
-960,495
-960,521
-940,501
-928,483
-856,417
-780,393
-876,411
-924,439
-904,453
-896,471
-1008,507
-996,513
-908,491
-932,505
-924,509
-932,501
-916,483
-880,469
-848,441
-832,437
-928,445
-924,429
-844,407
-872,403
-900,405
-868,411
-920,467
-936,493
-1008,535
-988,543
-988,527
-936,487
-888,425
-952,453
-996,521
-932,503
-956,523
-960,517
-1016,533
-1016,537
-888,479
-856,453
-880,451
-796,371
-864,419
-864,391
-852,393
-828,421
-808,377
-852,391
-840,427
-800,399
-780,351
-816,395
-856,447
-896,465
-868,437
-940,439
-924,437
-980,481
-932,447
-816,405
-952,445
-920,469
-852,413
-972,451
-928,485
-892,483
-944,481
-944,497
-944,467
-988,515
-984,521
-964,513
-984,521
-1096,567
-1076,565
-1012,511
-932,485
-948,499
-996,519
-1008,533
-980,497
-964,473
-884,457
-864,427
-900,421
-868,429
-968,473
-908,477
-892,457
-1004,515
-876,483
-864,483
-900,479
-844,431
-868,471
-972,511
-1024,527
-988,521
-1040,533
-1004,511
-976,505
-896,481
-904,479
-916,477
-1008,463
-1008,445
-988,419
-932,409
-892,403
-856,373
-884,399
-876,377
-932,433
-928,427
-916,409
-912,459
-956,503
-936,503
-956,491
-852,401
-912,357
-888,333
-924,387
-904,337
-892,359
-916,331
-880,283
-852,241
-840,269
-772,313
-808,331
-816,343
-828,231
-860,273
-868,277
-936,269
-864,255
-912,227
-888,269
-976,319
-972,335
-932,331
-924,335
-884,353
-852,259
-816,243
-756,199
-800,275
-888,315
-888,405
-920,421
-928,421
-968,481
-904,433
-980,487
-1004,519
-928,477
-828,433
-852,423
-912,459
-888,473
-920,477
-924,489
-960,519
-924,457
-876,439
-860,423
-872,433
-912,439
-924,451
-920,427
-964,459
-1004,481
-996,505
-936,475
-932,489
-920,455
-988,455
-860,357
-892,387
-884,303
-896,401
-912,335
-952,323
-936,329
-880,357
-924,387
-964,403
-836,385
-812,393
-940,481
-928,501
-912,461
-1020,533
-1000,511
-1040,519
-964,493
-916,485
-976,511
-1000,515
-964,499
-952,503
-864,443
-872,437
-860,429
-932,465
-936,465
-956,495
-880,455
-936,481
-972,511
-920,487
-988,483
-1056,491
-1004,483
-960,491
-884,491
-956,493
-876,457
-940,497
-1080,547
-1024,505
-1000,525
-952,511
-1000,531
-1012,535
-992,507
-948,511
-1016,527
-936,469
-1000,481
-980,505
-952,485
-992,511
-992,517
-976,511
-964,513
-980,521
-968,503
-1060,537
-1012,541
-1020,541
-1084,547
-1008,501
-948,485
-944,475
-976,487
-972,441
-912,421
-924,459
-916,475
-900,431
-924,493
-992,515
-1012,535
-968,483
-920,441
-940,453
-964,501
-896,479
-1020,523
-932,507
-884,475
-940,509
-1008,511
-1008,501
-968,511
-920,487
-900,459
-948,465
-944,459
-900,467
-896,451
-856,415
-964,511
-984,531
-968,517
-984,513
-936,495
-976,501
-916,473
-916,413
-888,415
-800,353
-844,351
-788,351
-784,319
-736,253
-740,275
-676,219
-788,209
-736,195
-848,325
-828,373
-820,335
-768,293
-868,281
-872,305
-864,261
-784,163
-724,231
-788,185
-728,179
-712,105
-688,47
-796,11
-828,-9
-816,13
-784,45
-760,97
-816,155
-748,125
-724,99
-820,65
-836,55
-868,51
-716,7
-700,-9
-696,33
-776,97
-816,129
-844,95
-888,91
-840,131
-836,95
-812,119
-756,85
-760,67
-720,13
-780,-45
-780,-47
-684,-55
-728,-153
-728,-83
-840,-83
-748,-105
-752,-87
-756,-113
-824,-185
-892,-233
-872,-177
-844,-197
-820,-237
-868,-257
-840,-265
-832,-177
-848,-93
-840,-21
-784,49
-728,81
-788,115
-844,125
-792,61
-812,17
-840,55
-844,51
-940,31
-920,17
-860,-3
-828,55
-880,49
-884,35
-784,31
-724,87
-720,107
-720,199
-776,195
-736,157
-816,239
-844,247
-672,259
-724,179
-804,193
-812,203
-844,281
-792,195
-828,195
-688,81
-748,79
-816,113
-804,181
-744,143
-768,147
-740,123
-772,99
-816,95
-832,61
-828,83
-864,29
-868,11
-844,-35
-856,-3
-732,-15
-860,-3
-816,-31
-848,-131
-860,-103
-828,-91
-860,-105
-840,-141
-812,-87
-876,-107
-792,-131
-856,-87
-812,-63
-752,1
-876,73
-836,107
-776,131
-764,137
-772,195
-844,225
-848,139
-860,135
-860,129
-784,141
-848,199
-816,151
-756,117
-740,105
-740,55
-752,39
-696,79
-728,77
-704,81
-636,57
-640,83
-696,71
-656,107
-732,123
-744,167
-676,197
-728,147
-792,211
-844,207
-756,181
-820,247
-804,235
-848,227
-840,263
-756,251
-752,261
-788,279
-828,255
-808,237
-900,247
-852,317
-816,333
-816,349
-852,329
-876,317
-864,275
-872,223
-876,227
-824,223
-760,161
-776,147
-808,179
-772,181
-712,145
-752,199
-772,239
-852,257
-872,331
-904,297
-832,257
-908,349
-928,431
-916,405
-912,425
-952,467
-920,465
-892,453
-920,491
-912,481
-952,507
-1032,551
-1068,565
-988,513
-1064,553
-1000,523
-944,509
-992,511
-920,455
-924,427
-868,393
-908,369
-916,409
-888,419
-864,403
-888,429
-984,483
-904,421
-924,373
-848,395
-888,359
-912,381
-980,413
-992,443
-884,359
-840,359
-808,339
-856,375
-892,387
-888,435
-888,421
-872,407
-896,425
-832,417
-868,431
-872,431
-896,443
-944,497
-988,517
-904,453
-820,447
-904,477
-944,489
-924,453
-804,403
-896,437
-916,455
-920,435
-940,453
-856,453
-884,461
-848,433
-884,445
-888,451
-992,489
-1016,483
-960,465
-912,445
-888,431
-820,397
-796,419
-876,433
-856,445
-864,425
-892,431
-1008,489
-972,483
-1004,495
-944,445
-880,415
-956,443
-968,445
-960,479
-944,483
-856,441
-948,485
-952,507
-1004,505
-900,473
-888,461
-912,449
-948,473
-976,517
-944,503
-908,479
-972,511
-1048,527
-1000,499
-924,449
-928,467
-912,465
-920,447
-944,469
-900,479
-956,495
-1028,529
-1012,505
-968,493
-952,439
-964,447
-980,451
-884,447
-860,439
-888,445
-852,437
-852,391
-848,337
-844,373
-892,381
-876,417
-840,381
-828,375
-892,449
-868,445
-876,375
-868,343
-876,377
-868,395
-900,441
-940,473
-960,479
-960,499
-916,475
-844,401
-932,475
-960,511
-968,487
-912,483
-856,415
-884,375
-1004,409
-944,439
-932,399
-848,349
-864,361
-832,377
-976,463
-944,471
-952,481
-916,479
-996,525
-880,473
-804,413
-840,433
-912,445
-816,425
-932,473
-916,483
-924,457
-968,501
-928,469
-832,423
-892,439
-904,459
-876,419
-928,471
-848,445
-768,321
-748,265
-808,345
-744,345
-900,409
-836,353
-940,481
-1048,503
-988,503
-956,499
-1012,519
-956,485
-920,459
-908,471
-952,479
-816,441
-924,485
-1008,533
-980,501
-964,509
-888,453
-1012,519
-892,481
-984,509
-1000,515
-976,499
-1004,501
-972,453
-908,433
-900,399
-824,397
-772,351
-824,385
-804,349
-900,405
-868,351
-852,357
-800,329
-848,311
-856,297
-880,395
-856,393
-840,413
-928,475
-924,467
-860,435
-896,467
-868,465
-892,489
-912,461
-852,455
-800,405
-828,405
-948,501
-984,507
-1020,517
-932,469
-944,499
-952,503
-872,479
-784,389
-888,451
-864,405
-896,415
-876,417
-804,377
-920,407
-868,365
-924,357
-792,245
-736,251
-836,313
-860,317
-832,247
-832,303
-888,383
-840,367
-868,359
-780,351
-820,387
-924,463
-988,509
-1004,511
-1012,515
-984,477
-980,491
-880,465
-940,447
-920,457
-1020,513
-992,521
-988,493
-912,453
-876,403
-816,409
-832,389
-900,449
-960,489
-936,497
-972,509
-960,485
-1000,521
-1008,529
-964,501
-960,491
-916,459
-816,419
-968,489
-1024,539
-1044,539
-1032,543
-984,525
-992,537
-1044,537
-1028,533
-940,481
-988,511
-892,483
-912,509
-928,489
-988,501
-1052,545
-1068,555
-1004,507
-1020,525
-980,489
-912,457
-976,477
-928,443
-944,467
-996,499
-916,437
-940,471
-872,435
-880,425
-808,409
-816,419
-928,441
-792,371
-840,403
-864,403
-880,403
-904,443
-892,447
-968,441
-908,401
-844,385
-920,359
-948,365
-928,401
-820,389
-888,405
-792,295
-796,237
-820,187
-816,139
-808,101
-788,123
-800,131
-808,151
-824,201
-804,123
-856,105
-824,127
-792,115
-756,-37
-732,43
-816,-21
-792,-81
-788,-149
-760,-101
-756,-49
-780,-27
-788,-61
-788,-107
-692,-103
-756,-51
-836,-99
-852,-109
-824,-101
-828,-177
-872,-227
-832,-283
-848,-267
-872,-323
-876,-381
-928,-427
-944,-435
-960,-477
-900,-465
-956,-499
-968,-525
-1020,-537
-1016,-537
-976,-505
-908,-459
-944,-451
-960,-433
-828,-367
-888,-375
-908,-383
-984,-451
-908,-449
-888,-399
-920,-383
-964,-417
-892,-429
-940,-463
-904,-433
-892,-361
-852,-339
-896,-325
-900,-355
-960,-415
-952,-413
-856,-387
-868,-405
-880,-397
-848,-323
-888,-379
-880,-409
-892,-359
-800,-301
-904,-357
-836,-309
-872,-245
-800,-205
-824,-247
-796,-191
-860,-191
-916,-255
-852,-271
-836,-295
-848,-313
-924,-273
-896,-261
-828,-281
-812,-329
-772,-265
-744,-251
-724,-175
-764,-183
-828,-215
-780,-261
-772,-275
-816,-317
-808,-359
-804,-367
-864,-421
-944,-481
-908,-439
-964,-463
-852,-417
-816,-429
-968,-493
-948,-491
-1116,-577
-1004,-531
-1024,-543
-1120,-575
-1040,-551
-1060,-541
-940,-485
-924,-459
-896,-455
-828,-399
-912,-391
-960,-431
-928,-417
-948,-421
-956,-405
-896,-385
-852,-365
-932,-397
-988,-443
-984,-457
-996,-449
-956,-407
-860,-417
-888,-425
-880,-441
-952,-455
-892,-449
-948,-477
-944,-473
-964,-485
-932,-483
-952,-483
-912,-453
-892,-473
-888,-489
-896,-493
-968,-503
-976,-499
-952,-499
-892,-479
-868,-455
-896,-459
-920,-481
-984,-527
-860,-463
-892,-443
-956,-483
-1044,-527
-1028,-539
-888,-465
-820,-421
-908,-481
-960,-495
-972,-493
-972,-495
-920,-481
-900,-459
-972,-477
-960,-505
-940,-503
-920,-489
-956,-479
-940,-487
-972,-483
-972,-507
-956,-521
-992,-531
-1040,-553
-980,-533
-944,-509
-948,-505
-936,-517
-1004,-535
-972,-509
-948,-501
-936,-481
-956,-475
-884,-453
-920,-477
-880,-413
-888,-407
-840,-395
-840,-405
-932,-443
-884,-443
-880,-431
-912,-457
-876,-423
-764,-365
-872,-457
-924,-443
-920,-411
-876,-363
-892,-349
-864,-311
-892,-365
-852,-335
-896,-327
-840,-301
-824,-295
-868,-317
-912,-383
-864,-337
-832,-357
-860,-385
-860,-399
-936,-461
-880,-427
-920,-407
-876,-369
-880,-405
-908,-401
-860,-423
-836,-419
-924,-457
-864,-431
-936,-457
-952,-445
-936,-433
-928,-471
-944,-463
-848,-403
-864,-435
-812,-399
-792,-397
-772,-359
-824,-349
-820,-279
-756,-171
-764,-205
-852,-261
-892,-347
-888,-359
-864,-325
-836,-295
-852,-321
-896,-237
-884,-311
-844,-289
-860,-335
-872,-341
-816,-365
-824,-361
-836,-321
-868,-343
-760,-289
-756,-301
-728,-309
-812,-377
-844,-391
-860,-419
-928,-481
-876,-467
-940,-481
-932,-499
-924,-463
-948,-477
-1016,-513
-1016,-527
-948,-473
-936,-419
-992,-481
-936,-493
-848,-419
-796,-413
-896,-455
-936,-417
-968,-471
-980,-505
-1004,-517
-932,-471
-904,-457
-900,-411
-832,-367
-784,-319
-800,-285
-740,-271
-820,-263
-840,-179
-904,-239
-896,-213
-816,-227
-884,-291
-844,-293
-880,-265
-852,-187
-856,-225
-912,-239
-920,-243
-844,-205
-832,-215
-784,-221
-832,-209
-816,-201
-832,-267
-832,-325
-828,-339
-912,-363
-868,-349
-892,-361
-832,-311
-876,-375
-916,-413
-888,-417
-936,-405
-928,-423
-888,-427
-884,-431
-916,-469
-964,-499
-996,-537
-956,-511
-960,-501
-940,-475
-1028,-513
-964,-469
-924,-469
-932,-485
-996,-533
-908,-479
-888,-475
-916,-493
-824,-421
-776,-407
-868,-435
-892,-453
-928,-469
-908,-475
-920,-461
-936,-461
-848,-421
-924,-491
-936,-477
-948,-497
-944,-519
-876,-483
-856,-447
-964,-499
-1052,-551
-1092,-555
-1008,-535
-956,-481
-892,-447
-924,-459
-948,-495
-948,-477
-972,-459
-1000,-493
-1056,-537
-960,-519
-912,-493
-948,-507
-888,-471
-956,-505
-996,-535
-952,-461
-904,-449
-880,-409
-828,-347
-808,-315
-808,-271
-764,-277
-800,-185
-816,-259
-900,-295
-860,-291
-880,-295
-868,-331
-904,-327
-916,-355
-920,-369
-844,-351
-748,-331
-780,-371
-840,-381
-956,-419
-988,-441
-928,-463
-864,-445
-900,-465
-916,-445
-924,-461
-856,-455
-940,-465
-948,-485
-968,-483
-984,-493
-960,-487
-964,-487
-928,-459
-912,-413
-904,-403
-916,-429
-948,-473
-916,-429
-920,-393
-948,-411
-952,-397
-832,-309
-880,-315
-832,-357
-872,-407
-820,-375
-852,-425
-844,-447
-876,-441
-912,-473
-924,-461
-876,-413
-876,-435
-928,-445
-880,-437
-880,-429
-940,-453
-912,-453
-952,-483
-908,-469
-936,-487
-1000,-525
-964,-497
-964,-485
-928,-479
-916,-471
-852,-441
-916,-445
-876,-451
-832,-433
-764,-409
-924,-487
-1016,-531
-972,-529
-1004,-517
-952,-491
-1008,-519
-900,-407
-908,-445
-904,-449
-888,-439
-968,-503
-888,-465
-868,-405
-932,-473
-972,-513
-956,-497
-1000,-523
-972,-497
-1000,-515
-1028,-543
-992,-523
-1040,-535
-1032,-537
-976,-511
-936,-501
-852,-449
-864,-451
-980,-497
-892,-447
-900,-405
-896,-409
-928,-465
-952,-481
-964,-469
-928,-425
-900,-429
-908,-419
-824,-403
-828,-365
-944,-443
-948,-447
-932,-443
-884,-433
-844,-427
-856,-385
-836,-331
-856,-359
-828,-365
-832,-309
-848,-315
-856,-367
-916,-395
-968,-407
-968,-431
-948,-413
-960,-431
-916,-363
-960,-373
-876,-383
-916,-381
-868,-305
-860,-291
-864,-223
-816,-213
-772,-239
-804,-215
-752,-267
-788,-145
-708,-187
-720,-221
-704,-259
-776,-295
-832,-375
-864,-377
-888,-361
-916,-385
-868,-391
-940,-411
-952,-403
-932,-389
-988,-409
-920,-451
-928,-489
-984,-515
-972,-505
-904,-479
-996,-533
-944,-503
-900,-473
-988,-529
-948,-497
-928,-489
-1004,-533
-996,-515
-1036,-547
-1020,-543
-1112,-573
-1044,-533
-1012,-499
-972,-495
-980,-507
-904,-497
-888,-491
-960,-507
-900,-489
-876,-465
-940,-495
-928,-479
-968,-515
-912,-487
-992,-497
-1000,-453
-936,-453
-900,-423
-908,-473
-996,-501
-1060,-531
-968,-497
-896,-477
-832,-397
-832,-321
-736,-365
-880,-433
-796,-367
-812,-379
-828,-359
-784,-349
-884,-411
-932,-425
-900,-427
-888,-379
-936,-453
-880,-413
-880,-427
-900,-389
-928,-467
-880,-433
-836,-365
-856,-297
-852,-379
-848,-329
-844,-285
-824,-297
-864,-297
-824,-271
-796,-275
-836,-263
-812,-225
-812,-259
-796,-281
-824,-323
-824,-305
-812,-317
-808,-329
-848,-405
-860,-351
-856,-335
-844,-273
-884,-317
-876,-319
-932,-381
-940,-391
-940,-433
-936,-445
-980,-509
-980,-503
-976,-539
-1016,-535
-1032,-547
-916,-483
-972,-487
-912,-477
-916,-453
-928,-471
-936,-443
-944,-461
-944,-453
-996,-463
-892,-381
-844,-351
-808,-373
-820,-395
-800,-407
-780,-399
-852,-425
-836,-437
-924,-481
-916,-479
-944,-479
-964,-481
-944,-491
-892,-463
-860,-441
-968,-497
-1044,-531
-976,-521
-900,-497
-984,-517
-976,-523
-964,-523
-900,-493
-936,-503
-988,-495
-936,-449
-872,-433
-924,-425
-860,-405
-812,-365
-840,-393
-860,-425
-876,-447
-968,-491
-912,-443
-920,-467
-892,-443
-836,-383
-876,-441
-844,-407
-852,-399
-884,-441
-964,-495
-1016,-527
-968,-515
-916,-455
-932,-481
-928,-463
-912,-463
-964,-503
-1004,-523
-948,-509
-912,-489
-980,-509
-976,-483
-948,-501
-1008,-533
-924,-509
-1012,-541
-984,-523
-908,-455
-904,-441
-860,-399
-884,-431
-944,-479
-936,-413
-920,-349
-892,-297
-880,-305
-928,-365
-836,-401
-860,-371
-868,-413
-916,-413
-796,-353
-816,-357
-788,-331
-824,-315
-868,-311
-832,-307
-880,-267
-816,-259
-776,-195
-848,-209
-808,-263
-820,-309
-760,-295
-868,-401
-852,-399
-932,-437
-952,-417
-940,-453
-920,-441
-884,-471
-944,-503
-920,-491
-912,-461
-876,-479
-948,-483
-920,-467
-936,-495
-916,-471
-888,-467
-980,-511
-1016,-537
-948,-463
-948,-481
-960,-493
-944,-495
-932,-467
-988,-509
-948,-491
-952,-505
-960,-531
-992,-513
-1016,-545
-1004,-543
-980,-521
-876,-489
-856,-463
-980,-525
-1012,-531
-1024,-551
-1016,-553
-972,-519
-936,-497
-852,-389
-900,-381
-908,-407
-924,-489
-996,-515
-952,-493
-812,-433
-916,-429
-984,-477
-968,-469
-964,-451
-924,-407
-920,-437
-968,-487
-928,-453
-904,-427
-1036,-509
-1060,-547
-1084,-565
-1020,-517
-980,-519
-916,-479
-884,-451
-896,-427
-800,-363
-796,-377
-792,-401
-836,-415
-824,-359
-896,-391
-868,-317
-776,-199
-800,-253
-816,-223
-880,-299
-816,-245
-760,-245
-872,-315
-808,-215
-676,-119
-732,-203
-756,-201
-832,-263
-848,-209
-848,-239
-772,-207
-808,-271
-748,-253
-760,-227
-816,-269
-900,-341
-856,-359
-868,-375
-912,-413
-896,-429
-896,-441
-896,-389
-852,-397
-844,-359
-804,-357
-828,-345
-892,-425
-972,-463
-932,-425
-932,-415
-948,-407
-856,-385
-828,-353
-852,-403
-856,-403
-816,-329
-888,-369
-856,-413
-948,-467
-956,-451
-936,-471
-888,-461
-956,-513
-1056,-553
-964,-509
-956,-503
-964,-507
-940,-485
-928,-481
-912,-473
-936,-475
-924,-423
-856,-339
-836,-323
-796,-313
-808,-315
-824,-351
-900,-361
-932,-405
-908,-425
-900,-451
-896,-411
-912,-423
-924,-439
-876,-441
-972,-489
-968,-485
-996,-515
-936,-497
-900,-473
-936,-501
-1004,-513
-860,-447
-988,-513
-976,-529
-964,-501
-988,-535
-980,-525
-992,-519
-1016,-543
-1016,-529
-964,-515
-884,-487
-916,-487
-952,-495
-956,-485
-1008,-531
-1000,-527
-1032,-537
-1028,-535
-1016,-497
-1024,-549
-1016,-541
-1060,-557
-924,-497
-1044,-527
-1044,-535
-948,-511
-1008,-537
-932,-491
-852,-459
-884,-421
-900,-421
-876,-401
-824,-333
-884,-409
-888,-391
-844,-329
-880,-347
-936,-375
-916,-385
-792,-287
-812,-277
-888,-299
-848,-387
-932,-451
-916,-401
-892,-339
-976,-411
-940,-409
-932,-429
-936,-407
-876,-399
-844,-353
-764,-291
-780,-277
-740,-245
-772,-269
-828,-355
-800,-383
-888,-427
-864,-433
-888,-471
-944,-503
-972,-529
-1004,-545
-996,-545
-968,-523
-928,-495
-900,-475
-956,-485
-1012,-525
-1020,-543
-1028,-549
-1056,-557
-968,-515
-972,-503
-1000,-509
-872,-447
-948,-471
-920,-437
-940,-469
-932,-471
-868,-435
-932,-441
-876,-443
-928,-469
-1028,-519
-948,-493
-964,-507
-992,-509
-980,-515
-944,-519
-976,-525
-928,-491
-976,-513
-996,-531
-976,-501
-920,-471
-972,-483
-964,-487
-944,-485
-944,-467
-908,-461
-940,-469
-916,-479
-900,-465
-884,-453
-904,-473
-1000,-509
-908,-445
-940,-467
-956,-479
-964,-487
-944,-477
-912,-469
-924,-459
-844,-351
-844,-275
-808,-313
-856,-339
-824,-347
-856,-389
-852,-353
-848,-399
-936,-475
-960,-473
-960,-487
-908,-471
-900,-435
-1064,-525
-1060,-553
-1012,-531
-892,-491
-1000,-535
-1044,-549
-944,-503
-980,-479
-980,-527
-1036,-539
-1032,-541
-1036,-549
-1036,-533
-956,-507
-864,-483
-908,-445
-912,-433
-832,-357
-800,-383
-932,-491
-968,-497
-960,-511
-1032,-527
-992,-503
-1004,-507
-952,-493
-956,-485
-932,-491
-996,-501
-904,-453
-880,-453
-816,-411
-896,-437
-892,-413
-944,-445
-956,-443
-824,-357
-756,-343
-796,-373
-796,-343
-792,-337
-840,-371
-856,-381
-948,-457
-936,-469
-980,-485
-956,-507
-996,-497
-1028,-543
-976,-513
-1088,-543
-1080,-551
-960,-507
-940,-467
-900,-481
-816,-431
-880,-385
-864,-399
-804,-297
-820,-243
-872,-341
-964,-441
-920,-447
-980,-487
-992,-495
-944,-513
-936,-479
-932,-499
-940,-479
-992,-517
-1028,-537
-992,-505
-884,-471
-972,-515
-976,-505
-1044,-551
-1064,-549
-1008,-533
-996,-501
-980,-501
-900,-459
-960,-507
-924,-469
-828,-433
-844,-433
-856,-403
-908,-479
-1016,-539
-948,-515
-1008,-541
-944,-497
-856,-435
-876,-443
-936,-477
-976,-489
-872,-465
-964,-477
-984,-435
-936,-425
-912,-439
-916,-425
-872,-413
-896,-459
-944,-497
-944,-489
-908,-457
-952,-505
-1012,-513
-996,-523
-1020,-555
-952,-503
-948,-485
-924,-451
-872,-427
-900,-407
-820,-393
-792,-393
-920,-427
-924,-419
-872,-449
-812,-423
-852,-413
-924,-485
-956,-505
-988,-523
-1060,-565
-1072,-557
-1004,-521
-964,-507
-972,-519
-944,-491
-868,-455
-876,-455
-920,-451
-836,-433
-908,-509
-976,-515
-908,-477
-876,-441
-884,-447
-956,-487
-924,-487
-896,-475
-956,-507
-948,-507
-976,-527
-984,-505
-980,-501
-932,-473
-968,-467
-944,-435
-852,-393
-836,-331
-888,-383
-952,-393
-884,-341
-936,-339
-896,-347
-852,-309
-756,-247
-784,-253
-804,-289
-888,-311
-896,-317
-844,-331
-824,-289
-828,-255
-800,-235
-868,-301
-884,-301
-868,-311
-880,-363
-864,-313
-792,-193
-748,-243
-880,-289
-848,-205
-824,-197
-848,-227
-880,-211
-800,-205
-788,-115
-772,-69
-732,-33
-740,-99
-744,-71
-816,-93
-812,-95
-792,-195
-856,-247
-772,-189
-676,-147
-732,-127
-716,-181
-824,-241
-792,-299
-916,-347
-876,-357
-872,-343
-892,-345
-892,-365
-852,-325
-820,-361
-780,-277
-796,-183
-764,-137
-868,-203
-804,-181
-792,-161
-796,-245
-804,-243
-908,-295
-916,-325
-940,-391
-884,-347
-864,-389
-828,-363
-808,-329
-904,-321
-856,-335
-864,-369
-820,-367
-872,-391
-888,-383
-824,-371
-856,-363
-836,-375
-880,-411
-888,-433
-888,-447
-912,-461
-956,-479
-872,-439
-928,-465
-868,-409
-848,-407
-896,-415
-796,-301
-760,-287
-800,-303
-776,-325
-824,-289
-752,-265
-816,-295
-804,-273
-728,-225
-812,-205
-808,-291
-800,-271
-864,-253
-840,-215
-828,-205
-736,-103
-752,17
-836,1
-872,-47
-788,-51
-820,-55
-804,-17
-788,-51
-824,-81
-720,-57
-784,33
-828,121
-788,83
-748,25
-752,33
-712,13
-728,-29
-792,81
-808,87
-776,129
-788,107
-884,55
-800,27
-820,31
-824,31
-820,3
-836,7
-860,67
-800,-1
-780,-53
-800,-27
-824,-109
-868,-61
-860,-45
-908,7
-792,3
-800,-5
-744,37
-780,49
-776,101
-684,-41
-736,-45
-728,-81
-712,-35
-752,-111
-700,-19
-664,-29
-688,-75
-736,35
-756,119
-832,203
-800,191
-864,159
-908,113
-948,153
-916,177
-820,149
-840,229
-808,297
-836,303
-816,277
-840,335
-904,389
-948,421
-924,383
-880,407
-916,465
-956,487
-936,479
-968,511
-1004,547
-972,521
-944,507
-848,429
-788,409
-832,403
-872,455
-908,433
-868,411
-788,385
-828,345
-736,301
-752,229
-688,165
-684,197
-912,313
-856,329
-788,291
-832,311
-852,347
-956,369
-924,405
-896,431
-956,469
-888,431
-916,463
-864,455
-924,479
-848,425
-852,407
-848,417
-824,381
-872,405
-848,385
-908,411
-912,455
-916,463
-860,427
-964,439
-852,389
-876,419
-820,373
-772,307
-728,297
-812,303
-804,235
-808,257
-816,329
-840,337
-852,317
-820,329
-844,315
-820,393
-864,397
-872,343
-832,359
-872,441
-956,503
-944,493
-984,527
-988,501
-924,493
-864,429
-912,461
-940,483
-968,507
-936,473
-1004,493
-916,433
-932,467
-1032,535
-1072,545
-972,507
-996,509
-1068,551
-1124,577
-976,513
-920,505
-920,479
-976,507
-984,513
-984,511
-928,499
-964,505
-996,519
-984,503
-916,485
-920,469
-916,445
-1004,495
-996,487
-892,433
-876,407
-932,423
-940,463
-920,449
-876,461
-912,495
-1000,543
-964,491
-992,501
-960,485
-932,473
-924,441
-884,399
-984,473
-948,453
-996,489
-988,481
-912,453
-916,437
-872,393
-884,371
-868,415
-972,503
-992,523
-940,513
-1000,519
-948,481
-888,431
-852,387
-840,395
-900,415
-912,409
-880,395
-848,361
-880,379
-940,435
-932,437
-964,491
-1028,525
-1032,525
-1008,533
-1072,555
-996,533
-920,491
-968,495
-988,485
-960,487
-952,505
-884,445
-868,425
-824,369
-808,345
-792,321
-816,305
-900,345
-868,367
-864,397
-960,475
-924,451
-844,379
-836,419
-844,421
-860,421
-892,431
-900,443
-936,431
-884,397
-912,425
-936,387
-920,423
-1068,519
-988,487
-996,485
-984,489
-952,439
-888,431
-916,477
-1000,515
-968,507
-968,515
-944,497
-928,481
-864,461
-924,481
-928,489
-920,461
-872,417
-940,457
-988,487
-912,411
-960,479
-892,451
-916,459
-800,355
-784,371
-752,325
-772,325
-728,309
-764,351
-788,359
-900,411
-868,405
-880,417
-852,417
-860,429
-904,479
-904,501
-848,463
-864,453
-956,471
-1044,501
-996,509
-956,511
-932,469
-876,423
-984,483
-1016,459
-932,463
-1028,515
-972,497
-932,471
-976,495
-964,475
-908,469
-948,489
-896,463
-840,433
-828,393
-828,417
-832,369
-860,319
-772,243
-732,187
-752,155
-700,73
-716,23
-744,27
-732,33
-768,27
-772,43
-756,5
-796,63
-824,143
-828,155
-812,215
-792,147
-852,209
-796,227
-788,159
-764,201
-740,139
-752,97
-780,179
-772,201
-904,245
-820,177
-752,165
-776,145
-856,153
-776,131
-720,45
-748,81
-784,121
-828,85
-944,41
-792,37
-732,23
-808,63
-816,25
-808,45
-752,61
-732,83
-656,13
-628,-19
-748,93
-728,91
-772,17
-676,-23
-664,47
-756,45
-756,27
-860,-43
-744,25
-744,11
-772,75
-820,77
-788,21
-804,7
-796,21
-692,-15
-704,-91
-680,-15
-712,7
-756,-47
-740,-81
-800,-43
-836,5
-824,45
-732,19
-716,57
-684,107
-764,171
-732,161
-740,169
-812,193
-796,157
-756,157
-820,183
-768,153
-748,71
-864,117
-772,87
-756,117
-868,139
-812,175
-868,215
-836,267
-848,333
-820,299
-796,289
-876,367
-848,367
-900,395
-860,395
-904,385
-892,341
-864,337
-844,401
-924,401
-864,401
-864,431
-924,467
-908,475
-944,489
-968,491
-912,453
-936,467
-896,447
-976,495
-928,495
-1016,529
-916,467
-948,499
-992,485
-1028,535
-952,443
-872,379
-880,329
-944,389
-824,377
-852,389
-944,435
-944,457
-920,427
-864,415
-924,467
-960,519
-964,519
-936,487
-872,463
-876,465
-1012,521
-956,509
-1000,511
-876,467
-960,509
-932,477
-880,441
-900,467
-932,501
-956,495
-1016,523
-1004,527
-1028,545
-1024,535
-1020,543
-940,509
-1016,535
-1000,523
-932,493
-1020,545
-1100,567
-1016,539
-980,515
-1004,521
-952,471
-912,455
-936,435
-900,389
-868,351
-876,359
-864,397
-908,397
-908,435
-916,449
-824,375
-776,293
-828,365
-796,417
-856,441
-888,465
-976,503
-1000,519
-1048,541
-1024,515
-960,473
-892,425
-916,425
-912,421
-916,411
-880,397
-796,381
-880,405
-916,459
-912,451
-1032,505
-1008,537
-988,523
-992,537
-1016,531
-996,507
-1052,551
-884,463
-916,415
-912,439
-788,331
-796,307
-848,331
-856,357
-780,309
-936,401
-932,413
-940,429
-916,397
-876,421
-864,427
-936,489
-856,445
-868,421
-880,437
-944,497
-964,495
-904,479
-888,475
-928,461
-936,457
-952,407
-868,381
-820,341
-812,331
-768,307
-796,309
-844,307
-836,295
-780,285
-856,361
-884,359
-840,349
-916,417
-996,479
-932,481
-936,445
-940,449
-948,463
-872,399
-892,337
-848,343
-896,383
-896,377
-908,429
-928,445
-924,445
-904,433
-1008,477
-992,455
-964,439
-900,405
-860,397
-992,471
-1028,501
-976,459
-968,457
-992,527
-960,511
-996,537
-1000,525
-940,483
-1004,529
-1076,565
-1008,537
-1024,527
-988,527
-908,487
-896,491
-904,495
-924,475
-1000,535
-992,503
-920,441
-876,421
-868,397
-832,397
-896,421
-896,411
-952,461
-908,437
-904,443
-872,427
-908,461
-952,477
-888,481
-864,443
-892,449
-960,485
-936,487
-836,453
-924,457
-852,431
-808,379
-840,373
-928,405
-888,393
-828,359
-836,395
-972,491
-1040,537
-952,501
-980,519
-964,505
-1036,525
-1052,541
-972,507
-1044,547
-1104,569
-1016,529
-948,503
-956,515
-976,523
-972,507
-948,503
-992,521
-940,497
-944,483
-872,445
-960,517
-1012,523
-1024,503
-1004,519
-936,497
-976,507
-1012,507
-988,495
-872,433
-872,453
-912,473
-976,495
-944,485
-920,473
-928,487
-900,461
-904,463
-956,481
-1016,509
-1004,509
-964,507
-956,499
-888,475
-952,491
-924,473
-900,455
-944,495
-972,511
-876,471
-868,479
-836,411
-800,389
-820,381
-864,409
-880,387
-808,357
-824,351
-836,335
-804,289
-788,235
-792,311
-804,387
-824,371
-812,373
-808,355
-820,419
-896,425
-992,485
-1040,533
-1020,535
-992,527
-1052,539
-1020,541
-1028,529
-1020,545
-1060,543
-1000,531
-964,505
-912,479
-992,485
-1036,511
-932,487
-976,525
-948,521
-980,521
-1040,545
-1036,553
-940,473
-768,383
-808,369
-848,397
-868,387
-828,381
-800,343
-800,363
-876,357
-876,373
-844,379
-856,365
-908,409
-988,479
-996,505
-1008,503
-956,481
-996,465
-880,431
-952,451
-892,393
-824,327
-796,271
-932,315
-896,343
-860,365
-852,343
-832,345
-912,455
-904,397
-984,449
-924,385
-948,363
-956,363
-852,395
-860,377
-864,397
-924,409
-916,415
-892,383
-840,355
-832,379
-848,379
-912,401
-844,395
-872,357
-828,305
-856,281
-792,261
-808,257
-912,323
-912,303
-796,295
-872,301
-812,289
-836,273
-836,321
-816,347
-828,313
-788,311
-792,281
-764,283
-792,275
-828,305
-844,297
-856,299
-912,301
-848,259
-872,231
-848,259
-916,405
-912,391
-952,441
-848,381
-896,389
-880,403
-968,469
-932,475
-900,365
-880,363
-916,371
-932,399
-888,391
-832,341
-832,271
-852,253
-864,283
-852,291
-880,361
-844,321
-868,355
-852,319
-804,285
-832,325
-852,351
-852,353
-832,321
-804,351
-856,363
-908,409
-836,385
-932,355
-868,391
-804,357
-844,391
-844,419
-784,409
-824,407
-808,341
-840,339
-808,311
-848,305
-844,345
-868,341
-864,329
-820,267
-800,283
-904,343
-892,373
-836,415
-920,455
-876,423
-864,383
-924,445
-936,465
-936,481
-956,515
-912,475
-952,499
-956,499
-920,477
-924,511
-940,479
-1012,511
-964,493
-944,495
-952,479
-972,479
-908,457
-900,461
-928,479
-900,443
-984,501
-856,425
-704,323
-820,431
-912,481
-936,509
-944,493
-924,489
-876,423
-916,419
-960,461
-992,517
-944,477
-932,491
-1040,543
-1020,525
-988,531
-936,491
-1068,545
-1024,511
-1032,539
-984,515
-984,523
-940,497
-872,461
-924,487
-1020,541
-1016,537
-1016,519
-1024,535
-948,489
-812,429
-836,441
-896,489
-836,433
-756,339
-820,371
-840,383
-864,399
-812,269
-888,289
-808,291
-828,333
-876,371
-900,369
-760,327
-812,319
-792,327
-812,351
-936,411
-836,327
-872,345
-844,335
-836,331
-820,341
-932,359
-948,387
-912,329
-876,337
-840,301
-916,327
-964,399
-908,395
-836,379
-788,359
-772,317
-856,369
-868,423
-876,419
-872,401
-848,407
-856,461
-940,449
-972,489
-972,481
-988,509
-988,515
-1036,551
-944,483
-916,463
-852,439
-844,447
-884,479
-832,455
-932,509
-972,525
-1000,521
-1036,513
-1096,561
-1020,515
-940,469
-864,433
-964,465
-856,411
-840,397
-748,355
-832,337
-852,315
-796,259
-788,285
-840,303
-844,327
-816,291
-788,223
-828,269
-820,233
-868,295
-952,369
-936,363
-956,381
-924,427
-884,433
-896,447
-900,469
-844,427
-860,417
-920,459
-916,475
-948,479
-892,457
-936,487
-944,463
-952,475
-932,425
-912,461
-892,437
-824,427
-820,383
-760,323
-800,325
-800,355
-836,355
-816,331
-924,367
-908,419
-868,371
-932,407
-880,301
-928,285
-932,337
-920,333
-860,299
-852,393
-868,411
-844,399
-920,445
-856,423
-836,407
-872,417
-860,407
-916,461
-956,477
-980,481
-904,445
-860,447
-900,461
-952,479
-848,449
-856,417
-896,433
-816,397
-940,477
-1004,483
-1072,521
-936,441
-908,451
-896,395
-872,375
-884,377
-840,349
-760,323
-848,361
-840,319
-828,311
-844,335
-812,307
-884,369
-928,445
-844,421
-856,427
-900,439
-912,469
-904,457
-904,479
-936,469
-856,439
-868,397
-908,421
-888,459
-896,453
-912,471
-976,517
-944,491
-940,497
-1004,531
-940,493
-952,477
-932,419
-908,423
-920,427
-948,475
-896,465
-904,457
-900,453
-884,399
-896,385
-920,385
-888,393
-900,419
-920,471
-996,497
-1008,507
-892,457
-956,437
-900,451
-916,429
-900,403
-936,491
-1068,525
-1028,523
-916,463
-892,467
-892,459
-888,463
-1008,517
-1000,519
-900,463
-860,403
-780,365
-788,309
-856,389
-892,393
-980,457
-936,463
-932,467
-924,447
-864,405
-884,407
-852,395
-788,373
-820,445
-872,455
-864,419
-840,389
-940,449
-948,479
-948,483
-908,455
-884,433
-916,451
-964,473
-920,419
-884,389
-908,421
-880,455
-944,503
-992,523
-960,511
-992,523
-1032,541
-984,511
-1008,475
-1024,469
-940,491
-968,509
-884,457
-868,431
-896,383
-940,445
-944,449
-940,437
-888,389
-884,353
-904,323
-884,343
-876,327
-832,313
-792,345
-816,329
-848,343
-848,335
-792,339
-828,437
-884,417
-924,337
-852,319
-912,369
-868,371
-820,371
-840,363
-884,403
-900,415
-884,415
-848,427
-940,483
-904,471
-948,509
-976,527
-996,531
-992,529
-1032,543
-1028,539
-848,473
-940,515
-1068,555
-1060,557
-988,529
-972,517
-1016,529
-968,503
-980,531
-988,531
-840,459
-984,509
-948,507
-880,459
-904,453
-900,411
-816,413
-924,469
-896,459
-924,461
-900,447
-936,451
-904,445
-856,431
-920,475
-840,437
-876,417
-952,451
-932,439
-936,493
-948,497
-952,505
-956,497
-1024,531
-1012,539
-1008,541
-1028,537
-1000,503
-1020,535
-1012,513
-992,519
-1028,537
-928,491
-952,489
-928,457
-928,485
-904,415
-860,395
-868,421
-908,459
-912,469
-840,435
-868,369
-872,339
-896,351
-908,355
-836,277
-836,251
-792,205
-840,277
-824,193
-756,213
-796,207
-940,221
-804,135
-776,163
-736,211
-796,155
-852,209
-852,195
-864,185
-800,279
-828,329
-916,381
-816,311
-856,375
-908,415
-880,355
-920,319
-856,377
-904,433
-956,461
-980,491
-960,481
-880,431
-852,399
-812,351
-832,363
-840,347
-876,383
-912,393
-876,387
-816,391
-956,449
-872,401
-960,443
-912,437
-932,459
-1024,493
-940,477
-948,499
-912,481
-936,483
-884,453
-940,487
-1020,533
-1036,529
-956,501
-968,511
-996,497
-952,487
-944,485
-936,491
-844,441
-956,463
-904,411
-844,343
-812,317
-852,297
-900,277
-832,321
-868,287
-808,335
-856,401
-968,463
-908,433
-960,475
-1008,525
-944,487
-972,485
-888,479
-936,495
-856,451
-884,467
-888,471
-896,459
-880,461
-892,429
-896,429
-840,393
-920,421
-900,423
-928,453
-900,455
-932,479
-868,465
-880,499
-964,517
-940,509
-868,467
-900,489
-904,503
-864,467
-940,481
-940,487
-1032,541
-976,531
-1016,537
-984,515
-996,525
-996,519
-1004,525
-996,527
-964,505
-932,501
-1020,537
-1040,549
-968,499
-920,459
-868,425
-952,457
-980,523
-960,499
-1020,515
-952,501
-928,489
-1032,541
-1052,561
-960,523
-1076,565
-1016,527
-1000,535
-944,479
-892,465
-920,483
-968,471
-1020,525
-928,473
-880,427
-908,455
-1016,511
-1032,519
-1000,545
-1052,547
-1052,547
-964,513
-900,501
-984,509
-1012,543
-1060,565
-1028,539
-1012,531
-1016,543
-948,497
-960,517
-972,523
-1032,535
-916,505
-924,489
-948,507
-1048,539
-1016,529
-896,467
-948,481
-992,473
-948,431
-868,423
-840,379
-876,415
-988,505
-904,471
-956,471
-960,495
-928,479
-952,493
-920,451
-956,471
-924,491
-896,489
-848,461
-884,451
-908,445
-972,501
-924,499
-1000,525
-1000,533
-904,491
-912,465
-904,477
-1004,523
-980,515
-1044,531
-956,503
-976,485
-1036,549
-1032,555
-1024,543
-1036,543
-964,509
-1008,523
-896,485
-948,507
-992,533
-1012,527
-964,521
-980,513
-964,505
-1056,555
-992,519
-940,417
-844,405
-848,447
-900,447
-956,435
-944,437
-900,373
-892,347
-844,323
-812,339
-912,415
-920,457
-1028,535
-964,499
-1024,527
-952,499
-924,479
-940,487
-952,451
-856,441
-892,417
-732,287
-844,311
-852,279
-916,323
-984,331
-904,339
-972,367
-940,385
-900,417
-940,471
-948,449
-908,399
-844,353
-904,333
-876,375
-848,343
-820,341
-832,341
-768,319
-828,325
-896,329
-856,347
-880,413
-880,429
-908,451
-860,467
-928,507
-932,517
-1012,543
-1000,533
-1008,531
-984,517
-956,471
-908,441
-1000,465
-896,433
-796,389
-736,319
-636,189
-660,93
-760,155
-772,229
-792,269
-776,209
-720,189
-680,173
-748,185
-772,189
-684,149
-724,133
-776,169
-756,237
-816,315
-840,381
-868,411
-984,451
-924,443
-936,491
-968,477
-936,457
-928,467
-852,421
-872,393
-864,321
-872,349
-896,337
-844,327
-856,361
-756,311
-748,247
-752,247
-780,281
-864,307
-804,199
-728,145
-756,161
-800,185
-776,155
-732,153
-716,101
-716,117
-788,219
-816,265
-864,163
-796,165
-824,219
-860,207
-900,173
-760,187
-760,161
-800,175
-776,149
-800,189
-800,141
-776,151
-716,81
-700,55
-736,45
-672,73
-652,83
-660,109
-696,257
-692,267
-748,189
-820,245
-824,249
-728,265
-788,303
-752,269
-804,307
-848,393
-832,341
-872,367
-908,351
-876,333
-916,327
-936,371
-880,377
-864,411
-828,443
-796,383
-912,427
-988,509
-1016,531
-1036,537
-996,515
-960,505
-948,497
-904,473
-952,473
-948,473
-948,475
-1004,527
-1096,565
-1088,551
-960,509
-1008,521
-884,465
-860,451
-776,383
-744,367
-844,439
-876,419
-876,433
-936,469
-976,475
-968,485
-972,449
-988,447
-864,365
-840,331
-884,357
-928,311
-948,345
-888,357
-844,353
-948,337
-852,321
-800,303
-884,341
-948,379
-964,399
-916,379
-880,363
-880,347
-852,313
-832,329
-836,317
-844,359
-836,383
-928,451
-900,443
-976,493
-956,485
-936,489
-940,467
-908,453
-876,409
-896,443
-924,459
-984,487
-960,499
-956,501
-988,499
-972,511
-916,481
-900,469
-924,449
-960,493
-960,485
-884,459
-968,495
-940,487
-916,487
-944,467
-896,467
-912,489
-1048,555
-992,539
-912,495
-1024,543
-904,475
-936,479
-968,505
-1000,527
-1044,547
-992,517
-944,493
-944,493
-924,495
-952,507
-896,497
-928,501
-848,461
-896,457
-952,487
-976,513
-988,507
-1032,535
-1020,523
-984,497
-984,483
-872,463
-868,443
-920,493
-840,455
-876,457
-964,487
-988,487
-1016,503
-1008,513
-944,497
-900,475
-964,491
-876,453
-844,429
-888,447
-884,475
-880,455
-904,475
-944,471
-992,515
-1000,533
-876,465
-900,461
-916,457
-896,429
-884,451
-1008,495
-988,511
-1056,531
-1008,505
-984,501
-968,507
-968,507
-924,465
-840,445
-872,431
-948,501
-940,469
-876,461
-908,479
-932,483
-956,511
-956,473
-1008,509
-932,473
-1020,511
-992,483
-868,455
-940,501
-1008,531
-988,509
-1016,533
-1008,537
-972,519
-904,493
-924,475
-912,475
-832,445
-984,491
-936,467
-984,497
-896,465
-908,461
-848,459
-928,497
-924,483
-912,455
-924,473
-988,499
-1060,529
-988,487
-992,489
-920,449
-884,451
-860,473
-932,503
-1100,569
-1052,559
-1016,533
-1084,569
-1024,537
-920,491
-912,473
-924,455
-952,489
-936,465
-944,465
-908,439
-892,431
-932,461
-916,485
-928,501
-952,509
-1012,525
-948,475
-1020,523
-1000,505
-948,509
-864,477
-940,515
-1024,529
-1004,535
-1032,535
-960,521
-1036,553
-1004,535
-968,507
-948,475
-868,433
-812,389
-864,411
-916,445
-864,449
-972,501
-1012,527
-916,477
-856,485
-948,513
-904,503
-908,491
-936,481
-924,499
-1036,543
-1032,537
-1004,525
-964,511
-1004,527
-936,503
-964,481
-944,499
-948,481
-988,513
-928,509
-976,531
-1016,549
-1068,567
-940,503
-968,493
-976,487
-968,509
-920,505
-1024,547
-1020,533
-956,529
-948,517
-1000,525
-940,477
-880,417
-860,367
-896,373
-864,335
-856,365
-848,449
-948,451
-904,469
-936,475
-976,487
-964,499
-964,499
-948,483
-884,477
-988,511
-936,491
-888,413
-980,437
-868,417
-820,409
-828,373
-852,359
-880,349
-812,337
-792,325
-816,357
-916,407
-784,335
-872,387
-828,373
-816,389
-888,393
-848,413
-872,471
-880,465
-904,441
-1008,507
-996,509
-1076,561
-972,505
-960,507
-1000,519
-940,503
-1008,533
-988,519
-1040,547
-936,501
-948,497
-944,483
-880,451
-928,481
-936,471
-980,515
-884,433
-972,479
-984,495
-948,489
-912,489
-948,503
-904,497
-860,461
-960,501
-952,505
-992,519
-960,499
-968,503
-944,473
-992,527
-972,513
-1008,531
-936,505
-928,501
-952,499
-1000,507
-1036,551
-1064,557
-1004,529
-884,477
-912,497
-960,509
-960,513
-940,493
-972,513
-920,467
-960,477
-896,467
-968,513
-864,447
-936,471
-944,451
-984,485
-924,493
-1000,533
-1056,565
-964,509
-952,511
-1020,549
-1028,527
-948,459
-928,427
-856,383
-788,359
-872,351
-872,329
-796,327
-808,367
-784,353
-808,321
-860,279
-852,221
-912,291
-856,305
-860,295
-952,375
-864,341
-836,353
-852,385
-848,357
-796,337
-888,411
-888,423
-924,447
-1032,519
-952,447
-924,479
-940,489
-964,515
-900,461
-908,467
-956,505
-960,509
-876,477
-952,489
-944,439
-912,437
-832,421
-904,475
-932,481
-996,515
-1068,563
-936,505
-1048,541
-952,435
-976,471
-960,487
-916,489
-892,425
-916,403
-896,383
-896,397
-868,363
-840,271
-864,275
-864,273
-832,243
-844,225
-856,263
-836,305
-936,355
-888,279
-868,235
-800,189
-768,211
-812,215
-772,203
-724,181
-744,193
-768,215
-764,245
-796,231
-888,279
-832,227
-876,235
-812,221
-728,199
-756,231
-740,197
-776,161
-800,111
-828,111
-816,117
-856,51
-796,29
-732,-37
-684,-17
-712,-1
-792,-65
-800,-93
-824,-93
-808,-91
-768,-119
-824,-99
-816,-181
-880,-221
-836,-159
-812,-113
-784,-71
-792,-103
-804,-119
-800,-99
-812,-123
-844,-153
-800,-145
-820,-181
-768,-179
-784,-169
-824,-173
-872,-165
-884,-177
-836,-157
-844,-193
-880,-255
-960,-285
-904,-297
-892,-263
-860,-265
-824,-229
-748,-191
-776,-165
-776,-227
-772,-205
-872,-295
-876,-355
-820,-287
-780,-297
-840,-329
-856,-349
-900,-411
-880,-379
-860,-347
-792,-331
-868,-397
-856,-409
-892,-441
-892,-425
-904,-437
-1016,-495
-972,-473
-1004,-473
-932,-423
-968,-387
-956,-441
-940,-409
-852,-419
-840,-399
-928,-415
-904,-465
-948,-433
-948,-447
-876,-407
-928,-481
-976,-513
-1032,-517
-1036,-539
-968,-499
-968,-517
-912,-493
-896,-473
-892,-465
-916,-477
-924,-479
-980,-485
-1020,-527
-980,-493
-968,-475
-920,-441
-896,-409
-844,-427
-856,-437
-900,-465
-936,-483
-896,-429
-920,-419
-936,-477
-920,-461
-856,-419
-828,-375
-864,-373
-956,-451
-836,-423
-924,-459
-876,-441
-964,-457
-856,-393
-956,-425
-1016,-429
-956,-407
-944,-399
-976,-447
-976,-463
-892,-417
-912,-461
-972,-395
-932,-421
-924,-485
-980,-519
-984,-521
-912,-461
-964,-495
-996,-483
-944,-459
-948,-461
-924,-415
-964,-455
-1008,-507
-1016,-521
-980,-477
-964,-505
-1000,-505
-980,-497
-940,-483
-992,-511
-1004,-529
-996,-533
-1048,-553
-1100,-575
-984,-525
-1020,-541
-996,-505
-912,-475
-884,-425
-892,-433
-952,-465
-1004,-495
-948,-479
-920,-461
-884,-453
-932,-451
-1004,-529
-912,-475
-924,-481
-948,-477
-956,-505
-988,-505
-984,-501
-1016,-525
-988,-497
-1012,-499
-916,-429
-948,-431
-924,-445
-1012,-499
-988,-487
-968,-497
-924,-459
-928,-487
-924,-499
-988,-511
-996,-501
-944,-445
-876,-455
-944,-491
-916,-475
-912,-479
-920,-491
-960,-519
-936,-501
-908,-505
-852,-473
-916,-465
-976,-493
-924,-417
-1020,-497
-988,-521
-908,-481
-904,-429
-960,-449
-880,-427
-828,-379
-928,-461
-932,-469
-944,-461
-956,-473
-844,-437
-888,-417
-856,-399
-940,-441
-880,-431
-868,-419
-940,-473
-924,-461
-864,-455
-852,-417
-808,-357
-784,-299
-816,-289
-748,-249
-764,-227
-780,-217
-840,-263
-864,-267
-876,-307
-948,-309
-916,-289
-904,-289
-896,-319
-840,-335
-844,-287
-880,-283
-828,-267
-780,-207
-692,-247
-724,-277
-868,-341
-860,-321
-840,-349
-756,-303
-836,-305
-892,-359
-832,-373
-944,-467
-968,-479
-968,-463
-932,-477
-864,-427
-816,-351
-864,-331
-784,-357
-820,-403
-884,-401
-944,-427
-900,-421
-932,-441
-968,-463
-884,-421
-824,-385
-796,-359
-776,-301
-856,-303
-868,-283
-872,-227
-824,-227
-844,-267
-864,-275
-820,-283
-804,-293
-896,-285
-804,-277
-896,-311
-840,-337
-792,-279
-816,-269
-868,-273
-860,-325
-788,-299
-876,-351
-884,-365
-876,-375
-852,-307
-864,-305
-784,-253
-796,-213
-812,-235
-840,-275
-848,-299
-784,-279
-848,-295
-816,-245
-828,-303
-900,-323
-844,-295
-836,-279
-812,-269
-780,-277
-844,-299
-892,-301
-808,-253
-788,-235
-824,-263
-752,-191
-772,-171
-748,-159
-796,-165
-744,-177
-740,-157
-744,-103
-664,-63
-712,7
-700,-19
-788,-113
-788,-149
-832,-91
-880,-175
-800,-231
-712,-139
-784,-123
-844,-33
-900,-29
-864,-71
-900,-75
-908,-41
-788,-1
-724,-7
-760,-11
-836,-165
-800,-217
-796,-249
-804,-247
-820,-203
-816,-237
-816,-189
-808,-209
-812,-279
-760,-263
-804,-265
-772,-261
-852,-421
-920,-427
-988,-449
-912,-395
-876,-381
-888,-423
-880,-451
-860,-445
-928,-503
-996,-525
-936,-505
-856,-439
-900,-443
-820,-401
-796,-317
-752,-271
-760,-279
-780,-227
-724,-149
-640,-73
-712,-107
-780,-239
-792,-249
-844,-289
-836,-357
-884,-439
-796,-387
-852,-401
-832,-365
-848,-327
-896,-389
-912,-437
-884,-411
-852,-371
-872,-407
-852,-381
-824,-355
-880,-369
-800,-315
-864,-383
-844,-383
-908,-409
-804,-329
-856,-387
-888,-385
-872,-349
-816,-317
-872,-339
-856,-333
-848,-331
-856,-345
-876,-343
-844,-319
-756,-285
-808,-293
-852,-345
-832,-315
-800,-361
-904,-427
-888,-439
-848,-415
-872,-417
-880,-429
-876,-409
-928,-419
-932,-397
-860,-397
-848,-361
-800,-365
-860,-383
-840,-337
-836,-401
-832,-377
-816,-377
-812,-371
-736,-329
-760,-377
-792,-347
-816,-335
-788,-337
-936,-431
-892,-403
-892,-381
-804,-369
-888,-429
-972,-451
-972,-495
-968,-477
-1056,-529
-1004,-509
-868,-465
-1020,-535
-1016,-523
-1064,-545
-916,-503
-936,-481
-980,-485
-896,-469
-996,-495
-936,-491
-952,-479
-948,-463
-916,-467
-900,-485
-900,-497
-916,-497
-1004,-515
-992,-539
-972,-533
-980,-517
-924,-485
-996,-481
-1016,-511
-936,-461
-852,-419
-1008,-489
-812,-355
-788,-331
-772,-325
-808,-329
-852,-385
-880,-415
-984,-495
-932,-467
-940,-443
-932,-461
-900,-439
-884,-455
-908,-461
-860,-425
-852,-443
-944,-471
-964,-489
-992,-503
-1048,-555
-992,-529
-1004,-533
-1012,-541
-1048,-549
-876,-451
-880,-463
-952,-497
-912,-459
-968,-495
-1084,-551
-1004,-535
-996,-527
-900,-479
-892,-445
-908,-445
-904,-443
-924,-479
-964,-483
-924,-475
-988,-487
-924,-489
-936,-475
-856,-475
-904,-455
-864,-457
-940,-491
-900,-469
-924,-467
-976,-487
-956,-489
-844,-445
-848,-453
-1004,-511
-972,-507
-952,-471
-972,-505
-988,-519
-1016,-537
-844,-463
-952,-487
-896,-437
-928,-487
-1084,-567
-1100,-573
-1044,-545
-1028,-545
-980,-533
-864,-463
-904,-451
-876,-463
-956,-511
-1028,-543
-1040,-553
-988,-525
-1028,-539
-992,-535
-968,-517
-1016,-547
-992,-523
-944,-517
-912,-465
-984,-477
-1016,-521
-948,-487
-972,-497
-988,-475
-1008,-473
-1072,-503
-936,-467
-884,-453
-912,-445
-816,-411
-820,-365
-916,-411
-876,-385
-916,-411
-976,-451
-884,-419
-816,-393
-896,-453
-936,-453
-948,-461
-944,-465
-976,-465
-924,-477
-996,-515
-1024,-523
-968,-509
-996,-519
-968,-503
-968,-501
-940,-487
-900,-463
-932,-505
-916,-501
-876,-463
-900,-435
-888,-435
-832,-397
-856,-393
-880,-449
-960,-517
-960,-505
-876,-441
-852,-413
-808,-391
-928,-489
-928,-463
-948,-483
-992,-511
-976,-513
-892,-433
-868,-435
-904,-443
-904,-467
-844,-439
-916,-447
-820,-403
-832,-387
-868,-417
-920,-473
-912,-465
-1004,-519
-932,-499
-888,-493
-912,-501
-892,-449
-948,-447
-932,-461
-1020,-509
-1004,-525
-900,-465
-948,-469
-904,-481
-912,-507
-948,-509
-984,-517
-964,-523
-1016,-529
-996,-527
-940,-491
-896,-483
-880,-461
-956,-495
-880,-471
-968,-511
-996,-529
-1036,-543
-1104,-581
-1036,-551
-1012,-545
-1004,-505
-1004,-489
-940,-449
-956,-473
-968,-447
-920,-477
-928,-483
-952,-485
-852,-417
-912,-411
-952,-457
-940,-433
-988,-497
-996,-499
-936,-489
-880,-473
-936,-493
-1028,-525
-1004,-495
-968,-479
-868,-429
-916,-449
-916,-453
-908,-453
-844,-443
-884,-443
-884,-469
-820,-423
-864,-459
-920,-497
-952,-481
-1052,-521
-972,-477
-944,-483
-940,-477
-824,-425
-804,-413
-796,-373
-936,-469
-920,-497
-980,-509
-1040,-553
-1028,-545
-972,-521
-1060,-551
-880,-477
-928,-495
-1012,-501
-1024,-499
-964,-485
-988,-505
-1008,-523
-948,-471
-1052,-553
-1012,-535
-972,-507
-924,-497
-932,-507
-1040,-543
-936,-497
-948,-481
-920,-487
-952,-507
-980,-519
-1024,-515
-944,-507
-1004,-535
-984,-513
-968,-529
-1008,-535
-1036,-533
-1008,-533
-968,-469
-996,-487
-1024,-499
-872,-439
-1000,-505
-980,-517
-1024,-547
-1028,-541
-1016,-537
-920,-475
-964,-509
-956,-519
-992,-511
-1000,-505
-960,-475
-908,-467
-936,-475
-860,-433
-848,-447
-912,-449
-920,-451
-924,-419
-868,-377
-888,-389
-868,-347
-832,-309
-876,-269
-904,-293
-876,-269
-840,-265
-804,-209
-824,-235
-856,-251
-804,-251
-792,-277
-820,-249
-812,-315
-896,-369
-1008,-409
-928,-403
-948,-387
-932,-409
-892,-437
-948,-445
-856,-411
-840,-373
-936,-359
-920,-345
-884,-349
-904,-315
-928,-361
-944,-355
-860,-341
-948,-295
-844,-269
-888,-217
-812,-225
-792,-211
-804,-219
-820,-221
-836,-303
-848,-281
-908,-281
-916,-273
-860,-299
-824,-313
-756,-331
-856,-377
-808,-379
-856,-371
-908,-407
-912,-433
-976,-481
-940,-443
-932,-421
-892,-421
-872,-379
-868,-389
-788,-367
-820,-339
-812,-303
-824,-337
-844,-365
-888,-359
-860,-295
-896,-275
-852,-243
-796,-199
-760,-237
-808,-271
-760,-305
-860,-387
-880,-397
-852,-387
-828,-383
-864,-407
-928,-483
-940,-511
-876,-455
-908,-471
-852,-449
-976,-483
-1008,-501
-960,-497
-988,-511
-1044,-547
-992,-489
-876,-469
-916,-473
-944,-489
-920,-473
-940,-519
-992,-541
-1000,-537
-992,-529
-968,-501
-980,-471
-1020,-507
-1040,-535
-1064,-537
-1056,-531
-1048,-553
-968,-511
-928,-485
-912,-457
-968,-485
-928,-441
-908,-453
-836,-411
-956,-469
-944,-467
-952,-463
-960,-449
-844,-387
-880,-407
-940,-429
-952,-377
-884,-359
-860,-425
-912,-435
-920,-445
-964,-493
-952,-503
-944,-503
-912,-445
-924,-447
-912,-439
-952,-453
-932,-457
-984,-497
-960,-489
-960,-501
-1076,-527
-980,-481
-932,-457
-864,-377
-800,-295
-872,-279
-844,-245
-784,-271
-792,-287
-820,-317
-908,-367
-952,-407
-928,-461
-872,-429
-908,-397
-992,-411
-916,-397
-872,-419
-936,-503
-1028,-535
-972,-483
-960,-467
-960,-449
-964,-441
-968,-473
-1040,-525
-968,-479
-964,-493
-900,-437
-864,-417
-852,-409
-836,-397
-812,-341
-888,-379
-788,-313
-840,-377
-964,-425
-904,-427
-892,-385
-812,-335
-840,-333
-840,-333
-888,-375
-816,-351
-908,-431
-920,-425
-900,-435
-816,-355
-808,-383
-948,-475
-1008,-521
-1008,-545
-952,-505
-960,-501
-896,-481
-964,-473
-940,-505
-844,-477
-864,-451
-904,-447
-928,-471
-912,-469
-872,-469
-856,-437
-900,-483
-944,-515
-1028,-555
-920,-493
-1024,-541
-1044,-551
-1104,-555
-1016,-543
-1044,-545
-1000,-543
-1036,-549
-944,-501
-960,-495
-976,-491
-924,-473
-896,-455
-868,-433
-884,-463
-912,-461
-932,-487
-968,-481
-956,-497
-948,-485
-984,-505
-916,-469
-892,-417
-904,-445
-848,-429
-888,-457
-936,-483
-984,-523
-936,-465
-1008,-515
-1008,-531
-1020,-539
-1020,-529
-976,-497
-996,-491
-892,-433
-976,-515
-980,-517
-920,-479
-936,-503
-992,-513
-920,-471
-936,-483
-908,-459
-936,-459
-908,-459
-824,-425
-880,-415
-952,-449
-928,-443
-960,-471
-892,-417
-856,-429
-892,-433
-912,-445
-796,-323
-872,-365
-848,-297
-816,-259
-856,-317
-840,-327
-804,-293
-800,-247
-892,-341
-944,-407
-876,-375
-852,-381
-892,-425
-892,-461
-932,-449
-1012,-513
-980,-513
-1080,-571
-984,-523
-888,-457
-880,-389
-856,-313
-796,-301
-856,-313
-892,-399
-864,-325
-832,-249
-840,-185
-792,-173
-816,-223
-800,-281
-808,-299
-784,-297
-780,-271
-752,-231
-856,-257
-804,-225
-772,-245
-780,-247
-764,-261
-832,-323
-876,-395
-856,-431
-888,-471
-936,-507
-928,-491
-980,-523
-1008,-535
-984,-525
-980,-513
-1016,-517
-920,-481
-1008,-517
-1004,-521
-940,-487
-888,-441
-916,-451
-940,-479
-984,-489
-984,-499
-972,-495
-944,-489
-936,-491
-960,-485
-944,-487
-956,-511
-948,-485
-992,-507
-992,-495
-900,-457
-908,-443
-832,-411
-840,-411
-960,-473
-1000,-477
-928,-461
-928,-465
-836,-423
-940,-467
-948,-451
-952,-477
-932,-447
-964,-449
-1028,-463
-876,-381
-848,-373
-896,-401
-832,-401
-876,-431
-916,-465
-976,-481
-932,-455
-852,-413
-868,-419
-928,-483
-980,-481
-964,-455
-836,-435
-952,-473
-896,-471
-960,-501
-972,-519
-988,-539
-924,-489
-872,-451
-964,-465
-888,-463
-880,-453
-912,-457
-900,-477
-892,-461
-908,-475
-920,-489
-964,-511
-900,-491
-936,-479
-984,-513
-940,-493
-992,-495
-920,-483
-960,-503
-832,-433
-876,-459
-868,-431
-908,-461
-896,-431
-916,-489
-844,-447
-812,-401
-804,-399
-836,-437
-880,-445
-940,-497
-1024,-531
-1000,-487
-912,-457
-872,-387
-928,-449
-816,-419
-796,-417
-828,-411
-872,-451
-908,-437
-972,-497
-956,-509
-868,-479
-984,-513
-1028,-507
-932,-423
-964,-451
-908,-415
-900,-401
-880,-439
-896,-413
-896,-401
-860,-407
-896,-407
-916,-431
-960,-445
-888,-449
-888,-447
-828,-445
-964,-495
-976,-503
-956,-503
-972,-505
-932,-515
-1032,-535
-932,-493
-912,-491
-1008,-545
-1016,-549
-924,-491
-972,-505
-972,-493
-972,-441
-916,-441
-1000,-461
-932,-417
-916,-361
-984,-375
-924,-363
-916,-351
-868,-307
-856,-321
-796,-349
-832,-349
-868,-367
-844,-353
-920,-391
-880,-379
-956,-377
-940,-389
-944,-421
-920,-423
-876,-437
-788,-407
-872,-441
-952,-479
-888,-453
-876,-467
-920,-451
-908,-425
-856,-393
-856,-383
-784,-353
-840,-325
-816,-337
-868,-399
-848,-389
-824,-387
-832,-383
-848,-391
-852,-399
-868,-385
-876,-309
-908,-349
-832,-321
-816,-323
-820,-329
-820,-359
-788,-399
-836,-429
-892,-459
-992,-505
-932,-465
-960,-501
-872,-461
-860,-467
-980,-517
-1008,-523
-1044,-535
-992,-533
-1028,-535
-996,-521
-1012,-535
-1016,-525
-992,-529
-964,-505
-896,-471
-968,-481
-964,-483
-832,-407
-848,-431
-832,-425
-892,-435
-952,-471
-980,-501
-976,-493
-952,-459
-984,-473
-952,-473
-1020,-527
-972,-477
-984,-505
-1036,-521
-892,-483
-992,-491
-1040,-525
-1032,-545
-852,-469
-792,-367
-808,-365
-796,-373
-844,-379
-820,-373
-872,-389
-804,-307
-832,-261
-836,-259
-920,-317
-864,-317
-920,-339
-908,-309
-864,-321
-896,-305
-824,-261
-816,-283
-772,-341
-820,-369
-856,-411
-852,-389
-904,-431
-892,-449
-996,-447
-972,-473
-972,-485
-924,-457
-888,-443
-908,-445
-868,-369
-900,-401
-872,-431
-952,-443
-968,-501
-936,-507
-928,-495
-984,-517
-1068,-539
-1008,-515
-960,-497
-944,-485
-1028,-525
-1056,-543
-972,-503
-1028,-541
-1048,-537
-880,-479
-960,-511
-880,-457
-1000,-521
-988,-529
-1008,-507
-1048,-557
-956,-511
-972,-527
-920,-485
-944,-499
-976,-505
-1012,-513
-1000,-505
-1012,-531
-960,-499
-972,-511
-1024,-503
-952,-503
-972,-515
-1016,-533
-1036,-537
-1052,-543
-1032,-553
-1000,-537
-968,-499
-1044,-547
-1060,-559
-1056,-541
-1032,-545
-932,-467
-944,-493
-896,-465
-940,-481
-884,-457
-852,-445
-836,-423
-856,-403
-828,-369
-812,-319
-856,-357
-952,-441
-952,-433
-1024,-489
-936,-415
-992,-403
-916,-397
-896,-381
-776,-285
-748,-257
-772,-295
-816,-299
-832,-259
-728,-185
-836,-189
-884,-225
-732,-241
-728,-221
-784,-287
-756,-237
-820,-307
-856,-363
-900,-415
-916,-419
-916,-345
-892,-365
-840,-323
-792,-301
-816,-293
-836,-289
-896,-277
-904,-299
-832,-321
-900,-329
-876,-367
-920,-419
-936,-431
-796,-371
-852,-407
-856,-393
-892,-401
-788,-315
-792,-329
-812,-263
-828,-273
-848,-267
-868,-267
-876,-257
-912,-229
-888,-171
-868,-177
-848,-163
-832,-159
-800,-215
-844,-279
-832,-283
-780,-241
-860,-245
-784,-267
-832,-253
-804,-223
-752,-215
-764,-213
-796,-257
-824,-275
-852,-273
-804,-225
-744,-245
-864,-249
-848,-235
-792,-239
-704,-201
-740,-227
-764,-273
-820,-365
-832,-331
-856,-341
-904,-373
-928,-387
-868,-439
-848,-419
-888,-413
-872,-417
-924,-427
-828,-363
-752,-259
-720,-247
-820,-323
-836,-315
-816,-295
-868,-311
-848,-275
-828,-273
-868,-319
-868,-351
-716,-317
-764,-327
-812,-349
-780,-307
-912,-375
-952,-371
-896,-329
-848,-325
-756,-371
-816,-371
-836,-357
-868,-387
-892,-433
-812,-395
-884,-405
-844,-389
-908,-425
-924,-445
-880,-447
-900,-475
-968,-505
-940,-513
-916,-501
-932,-477
-948,-487
-908,-487
-976,-501
-1000,-507
-952,-495
-908,-473
-928,-475
-976,-521
-920,-487
-888,-473
-956,-511
-968,-489
-992,-505
-972,-515
-916,-483
-900,-455
-904,-485
-936,-463
-896,-461
-1028,-523
-932,-475
-944,-475
-868,-409
-888,-445
-924,-485
-984,-503
-956,-501
-928,-497
-944,-489
-936,-499
-988,-509
-972,-521
-964,-513
-928,-491
-904,-459
-920,-471
-900,-465
-924,-445
-880,-401
-860,-371
-920,-409
-988,-421
-932,-377
-904,-341
-1000,-447
-980,-403
-948,-413
-932,-411
-956,-395
-924,-353
-904,-361
-888,-387
-956,-409
-908,-419
-832,-409
-840,-449
-852,-445
-872,-449
-856,-445
-900,-459
-904,-487
-972,-505
-928,-491
-1024,-535
-928,-491
-920,-487
-928,-497
-916,-487
-952,-523
-980,-507
-964,-523
-976,-531
-912,-493
-940,-479
-916,-441
-908,-451
-944,-487
-984,-499
-952,-471
-904,-457
-892,-479
-872,-451
-948,-449
-868,-421
-840,-379
-888,-365
-900,-353
-844,-317
-868,-309
-852,-295
-848,-271
-812,-245
-820,-275
-808,-241
-760,-221
-780,-257
-784,-273
-848,-343
-884,-355
-904,-359
-956,-343
-912,-343
-868,-295
-832,-295
-740,-269
-768,-263
-800,-373
-816,-301
-772,-273
-812,-335
-792,-377
-848,-441
-944,-475
-1004,-503
-960,-495
-916,-453
-984,-517
-972,-499
-996,-509
-1100,-553
-980,-501
-1016,-535
-868,-393
-832,-401
-868,-443
-896,-447
-936,-457
-916,-447
-916,-457
-920,-479
-956,-503
-916,-481
-1028,-533
-1024,-531
-976,-519
-964,-499
-992,-521
-932,-483
-916,-505
-920,-501
-948,-487
-928,-507
-976,-517
-1016,-529
-1008,-509
-1008,-541
-992,-537
-1008,-521
-992,-503
-968,-519
-980,-493
-940,-467
-912,-495
-848,-449
-880,-461
-952,-501
-980,-509
-896,-469
-876,-467
-860,-437
-952,-501
-1044,-541
-940,-509
-1004,-541
-1000,-531
-952,-503
-1024,-549
-1016,-523
-1008,-511
-912,-479
-880,-457
-912,-465
-872,-455
-836,-415
-868,-445
-880,-431
-904,-461
-916,-481
-988,-525
-1088,-563
-992,-527
-968,-503
-996,-459
-952,-455
-952,-463
-984,-497
-944,-455
-980,-477
-956,-459
-996,-477
-916,-471
-968,-501
-880,-463
-864,-431
-788,-387
-848,-411
-964,-485
-948,-481
-948,-453
-904,-425
-876,-421
-916,-469
-888,-483
-852,-431
-848,-445
-940,-477
-960,-473
-964,-445
-964,-441
-900,-439
-764,-403
-812,-365
-864,-417
-872,-379
-924,-409
-880,-397
-948,-459
-988,-451
-932,-423
-896,-327
-812,-185
-824,-177
-876,-227
-880,-283
-824,-271
-876,-339
-912,-331
-876,-319
-824,-267
-776,-313
-844,-329
-812,-333
-872,-407
-848,-357
-880,-377
-828,-385
-836,-355
-812,-401
-816,-331
-820,-357
-904,-443
-972,-509
-988,-529
-972,-507
-952,-471
-1068,-503
-976,-477
-928,-453
-884,-409
-900,-439
-876,-405
-808,-353
-808,-369
-820,-343
-816,-349
-820,-329
-804,-373
-780,-365
-692,-261
-776,-289
-824,-349
-840,-357
-816,-291
-872,-353
-872,-363
-832,-377
-844,-371
-880,-369
-920,-415
-928,-425
-952,-479
-832,-427
-892,-477
-924,-491
-960,-515
-1032,-543
-984,-525
-1004,-539
-1088,-553
-936,-509
-1032,-545
-892,-501
-964,-531
-1056,-565
-952,-499
-932,-465
-1000,-501
-888,-451
-972,-497
-972,-475
-940,-445
-928,-477
-1000,-523
-956,-499
-1052,-553
-1036,-547
-1056,-553
-900,-469
-960,-501
-880,-451
-864,-427
-912,-445
-992,-477
-856,-445
-916,-479
-964,-485
-932,-487
-928,-497
-980,-515
-984,-531
-900,-461
-996,-519
-1028,-519
-1020,-513
-1016,-531
-924,-469
-916,-469
-980,-463
-984,-431
-860,-367
-872,-315
-844,-263
-776,-261
-852,-295
-932,-377
-932,-377
-880,-313
-876,-265
-908,-277
-848,-285
-780,-253
-804,-269
-860,-271
-832,-251
-780,-267
-736,-267
-772,-295
-820,-291
-892,-337
-864,-363
-788,-365
-896,-473
-1000,-521
-980,-527
-976,-525
-1028,-541
-1024,-531
-1096,-545
-996,-529
-1028,-527
-972,-495
-960,-495
-912,-453
-916,-455
-896,-431
-924,-463
-764,-371
-756,-325
-704,-273
-756,-297
-872,-347
-864,-381
-796,-351
-812,-389
-876,-417
-904,-441
-800,-409
-892,-447
-972,-491
-964,-485
-908,-445
-756,-373
-820,-407
-872,-407
-924,-457
-912,-485
-1028,-535
-996,-501
-908,-465
-908,-463
-984,-509
-1032,-521
-928,-493
-952,-479
-1036,-549
-980,-521
-904,-465
-904,-451
-916,-431
-904,-441
-920,-483
-932,-501
-972,-505
-984,-525
-1036,-533
-952,-493
-972,-481
-832,-437
-1000,-515
-1064,-541
-940,-493
-1036,-529
-1008,-523
-944,-473
-896,-425
-948,-437
-816,-413
-836,-395
-820,-357
-892,-435
-944,-467
-884,-413
-984,-509
-900,-463
-836,-435
-872,-461
-932,-485
-968,-511
-996,-509
-972,-487
-988,-505
-944,-501
-960,-521
-1012,-537
-996,-515
-988,-513
-968,-523
-988,-517
-1044,-541
-1020,-527
-1016,-525
-980,-483
-980,-495
-912,-467
-868,-439
-884,-467
-948,-495
-940,-495
-924,-483
-1040,-537
-1020,-541
-1004,-533
-1004,-533
-980,-517
-924,-461
-988,-471
-980,-449
-952,-431
-936,-409
-1044,-465
-948,-415
-888,-429
-968,-447
-1040,-487
-944,-451
-888,-431
-892,-423
-880,-451
-932,-495
-888,-473
-844,-447
-940,-477
-976,-485
-1028,-501
-892,-439
-880,-425
-884,-461
-892,-429
-964,-395
-908,-387
-916,-443
-880,-413
-912,-437
-924,-441
-884,-409
-868,-407
-976,-455
-932,-445
-952,-421
-948,-455
-992,-497
-948,-469
-924,-461
-900,-407
-844,-413
-904,-455
-960,-495
-976,-513
-984,-521
-940,-485
-904,-457
-900,-473
-916,-497
-1024,-543
-1004,-525
-892,-489
-972,-511
-992,-537
-996,-525
-996,-533
-956,-515
-920,-475
-908,-425
-904,-421
-972,-463
-868,-433
-900,-449
-916,-421
-880,-393
-820,-331
-916,-433
-848,-415
-888,-437
-936,-493
-880,-429
-856,-395
-1020,-489
-1012,-531
-948,-507
-1000,-517
-968,-509
-980,-517
-988,-523
-1024,-533
-1036,-547
-972,-501
-948,-487
-976,-493
-972,-513
-972,-501
-984,-511
-936,-505
-956,-483
-1000,-505
-960,-495
-972,-519
-932,-477
-928,-479
-936,-483
-900,-489
-908,-501
-804,-427
-812,-435
-856,-453
-884,-465
-940,-487
-864,-459
-972,-517
-940,-497
-960,-459
-916,-427
-928,-475
-1080,-553
-952,-489
-948,-473
-1044,-553
-1032,-537
-960,-523
-968,-509
-924,-473
-880,-467
-932,-497
-956,-503
-940,-467
-864,-431
-960,-481
-972,-489
-1064,-551
-944,-501
-984,-503
-956,-509
-964,-509
-952,-507
-908,-453
-984,-493
-1024,-551
-988,-517
-1008,-523
-896,-501
-852,-453
-848,-421
-936,-451
-920,-427
-908,-457
-860,-425
-924,-433
-932,-391
-876,-321
-832,-279
-876,-369
-864,-353
-848,-329
-920,-339
-868,-299
-848,-287
-832,-285
-808,-291
-820,-303
-820,-355
-808,-373
-880,-361
-884,-343
-876,-347
-872,-377
-884,-415
-880,-389
-852,-365
-916,-369
-920,-415
-960,-423
-896,-407
-840,-363
-812,-337
-792,-289
-796,-299
-788,-289
-764,-251
-784,-245
-800,-267
-876,-379
-888,-337
-860,-351
-848,-287
-852,-201
-860,-211
-816,-275
-808,-349
-940,-427
-916,-441
-936,-429
-920,-409
-968,-481
-944,-463
-944,-477
-824,-367
-840,-371
-792,-357
-848,-387
-932,-457
-928,-473
-912,-477
-940,-493
-928,-507
-988,-529
-968,-491
-892,-479
-940,-469
-912,-475
-916,-481
-960,-501
-992,-517
-928,-495
-864,-449
-948,-497
-948,-487
-876,-439
-876,-441
-920,-449
-852,-457
-828,-429
-928,-471
-952,-495
-952,-459
-956,-439
-1012,-459
-924,-421
-972,-459
-976,-471
-1004,-523
-968,-489
-836,-421
-960,-471
-976,-475
-960,-463
-1008,-519
-972,-517
-1008,-535
-972,-519
-1004,-539
-980,-513
-952,-493
-968,-503
-1000,-507
-924,-461
-964,-469
-964,-499
-1028,-541
-1084,-553
-1036,-539
-968,-501
-956,-489
-1000,-491
-956,-467
-948,-413
-948,-459
-904,-389
-860,-369
-896,-363
-856,-331
-876,-375
-908,-439
-792,-373
-824,-351
-800,-397
-884,-463
-824,-411
-836,-419
-848,-421
-952,-475
-944,-513
-924,-511
-972,-499
-920,-481
-928,-481
-852,-413
-864,-417
-852,-427
-900,-433
-864,-429
-868,-453
-840,-447
-928,-471
-940,-477
-932,-491
-948,-499
-980,-485
-980,-489
-948,-483
-928,-473
-1008,-519
-948,-489
-912,-477
-952,-477
-980,-497
-968,-481
-936,-489
-1000,-505
-1012,-515
-944,-503
-920,-509
-928,-519
-976,-521
-936,-495
-952,-469
-936,-457
-1008,-491
-916,-463
-876,-485
-948,-505
-984,-535
-960,-505
-984,-477
-996,-505
-1020,-525
-932,-491
-920,-487
-904,-481
-952,-473
-944,-465
-960,-421
-920,-417
-840,-401
-760,-369
-816,-383
-812,-383
-824,-359
-780,-301
-768,-237
-832,-295
-804,-283
-788,-297
-848,-345
-880,-365
-772,-301
-860,-293
-852,-335
-820,-285
-868,-279
-880,-331
-872,-369
-824,-337
-924,-329
-852,-295
-884,-335
-888,-325
-872,-263
-796,-221
-812,-269
-832,-271
-836,-263
-828,-215
-768,-119
-844,-173
-868,-235
-876,-295
-824,-277
-920,-309
-928,-285
-964,-309
-968,-349
-864,-313
-816,-257
-768,-253
-812,-285
-848,-325
-800,-313
-868,-365
-908,-347
-844,-371
-924,-431
-952,-431
-928,-431
-880,-401
-864,-401
-848,-385
-824,-385
-844,-329
-832,-309
-872,-311
-816,-281
-792,-269
-776,-195
-764,-185
-776,-199
-768,-277
-836,-319
-816,-359
-824,-369
-924,-397
-896,-437
-876,-443
-912,-453
-1008,-493
-992,-479
-996,-489
-960,-471
-916,-485
-868,-461
-904,-471
-960,-501
-996,-521
-880,-485
-976,-527
-1020,-529
-1036,-531
-956,-513
-956,-501
-996,-507
-952,-485
-968,-491
-1040,-539
-1000,-527
-1056,-551
-968,-513
-936,-493
-932,-447
-912,-419
-912,-413
-896,-407
-912,-393
-852,-345
-912,-381
-868,-333
-852,-317
-908,-327
-868,-319
-860,-359
-852,-369
-896,-419
-796,-373
-880,-343
-808,-371
-752,-305
-788,-303
-752,-301
-776,-295
-800,-267
-800,-265
-784,-217
-784,-179
-848,-179
-832,-199
-712,-207
-780,-109
-832,-153
-836,-137
-888,-141
-788,-165
-804,-161
-816,-81
-804,-87
-836,-29
-832,5
-828,27
-764,45
-752,87
-812,83
-832,91
-780,103
-804,183
-864,197
-816,213
-812,205
-796,165
-788,201
-764,147
-784,191
-780,207
-788,199
-792,147
-844,209
-816,135
-800,237
-788,199
-788,271
-816,201
-812,175
-836,219
-820,247
-844,229
-832,259
-860,273
-840,291
-864,297
-784,261
-752,257
-792,311
-916,385
-880,375
-880,383
-880,393
-904,457
-864,395
-724,341
-776,351
-768,349
-820,309
-876,277
-892,305
-900,373
-864,363
-840,409
-940,505
-876,479
-936,491
-888,461
-952,461
-1024,511
-1084,559
-900,493
-964,497
-916,485
-944,483
-932,467
-960,489
-928,483
-868,455
-960,475
-888,451
-952,513
-952,501
-872,425
-920,457
-932,471
-1040,529
-952,493
-1052,547
-1000,533
-960,525
-860,463
-928,489
-908,465
-780,391
-924,475
-908,479
-952,473
-904,499
-944,491
-960,493
-932,499
-984,507
-940,461
-872,431
-924,437
-952,413
-912,417
-916,441
-976,499
-928,487
-916,477
-904,465
-896,435
-868,381
-900,395
-860,405
-836,399
-864,445
-868,425
-856,415
-888,411
-916,465
-928,501
-940,477
-936,469
-936,473
-988,509
-984,497
-920,491
-944,511
-980,519
-976,515
-892,485
-896,455
-908,415
-960,423
-824,365
-844,405
-852,389
-876,389
-868,385
-784,321
-764,297
-824,315
-828,323
-836,317
-892,407
-932,423
-840,351
-860,313
-920,357
-964,403
-920,387
-920,359
-968,443
-856,415
-860,425
-912,453
-780,369
-864,405
-816,361
-764,323
-808,369
-820,379
-884,385
-904,417
-908,453
-996,501
-992,523
-960,509
-964,501
-976,507
-928,487
-956,503
-996,523
-964,495
-920,469
-964,519
-920,497
-936,479
-960,485
-908,453
-820,427
-856,443
-908,459
-916,451
-948,469
-968,457
-840,449
-808,393
-888,393
-848,375
-876,391
-820,357
-828,421
-872,437
-876,409
-908,417
-964,451
-980,485
-952,487
-952,505
-1000,517
-936,471
-940,489
-940,467
-776,391
-780,305
-848,319
-824,349
-908,431
-1016,491
-1032,517
-1044,527
-932,469
-880,435
-904,397
-828,377
-844,383
-812,299
-848,337
-792,311
-852,381
-872,389
-844,267
-756,215
-788,159
-796,201
-796,215
-864,173
-880,171
-876,153
-888,123
-828,167
-860,159
-876,117
-872,91
-872,89
-840,111
-824,37
-820,25
-868,13
-840,5
-804,35
-772,73
-648,91
-640,141
-684,209
-736,137
-804,123
-860,97
-844,129
-824,99
-736,151
-836,231
-816,215
-824,239
-808,211
-752,239
-820,267
-752,257
-768,207
-804,301
-880,335
-896,363
-868,363
-876,389
-884,341
-952,417
-868,411
-868,371
-904,365
-940,367
-896,409
-812,379
-880,411
-960,471
-920,457
-848,407
-848,343
-796,337
-852,383
-868,387
-856,379
-884,387
-876,337
-816,341
-844,333
-728,273
-760,337
-844,351
-824,355
-880,377
-836,377
-912,375
-932,329
-872,299
-884,335
-848,335
-864,401
-920,417
-940,387
-880,331
-812,295
-876,283
-904,299
-904,321
-892,321
-896,285
-840,279
-888,307
-768,239
-764,199
-848,251
-852,221
-812,249
-812,201
-784,231
-804,231
-800,275
-800,261
-808,245
-748,271
-760,251
-756,275
-716,319
-800,335
-836,337
-884,371
-812,345
-844,335
-836,343
-856,361
-856,357
-820,389
-820,383
-880,351
-872,345
-880,349
-792,377
-864,375
-816,335
-896,333
-876,319
-920,397
-920,435
-996,469
-896,465
-904,413
-888,435
-948,459
-896,457
-844,443
-956,509
-1040,537
-1028,527
-1008,519
-1012,529
-892,465
-964,461
-996,473
-980,463
-864,445
-868,449
-948,463
-900,463
-856,441
-884,433
-896,435
-904,421
-960,459
-840,365
-872,389
-932,417
-940,421
-904,425
-856,361
-776,333
-868,361
-908,353
-892,345
-888,341
-868,347
-836,335
-776,299
-872,359
-960,393
-868,375
-860,391
-928,431
-964,475
-968,465
-928,455
-988,521
-952,499
-980,497
-908,469
-760,381
-872,403
-892,423
-948,477
-904,465
-916,481
-940,481
-928,501
-828,455
-812,403
-904,467
-864,467
-964,493
-920,477
-860,459
-896,451
-932,443
-936,455
-952,465
-856,427
-888,457
-876,475
-980,527
-916,493
-988,521
-984,509
-976,521
-928,505
-952,493
-904,463
-848,409
-924,447
-904,475
-904,465
-896,457
-860,437
-1004,489
-1004,487
-956,489
-980,525
-960,505
-952,499
-948,491
-924,491
-976,521
-900,481
-912,473
-904,439
-936,485
-876,451
-964,469
-1024,531
-1104,573
-1044,547
-1076,567
-1084,561
-1016,527
-956,515
-928,481
-944,507
-1028,527
-1040,537
-1064,545
-888,477
-868,407
-904,413
-856,389
-828,407
-740,383
-832,327
-764,237
-848,263
-852,293
-848,281
-848,313
-872,349
-936,377
-888,349
-868,335
-844,355
-908,337
-872,199
-860,159
-824,179
-792,139
-828,133
-824,165
-864,97
-924,99
-884,79
-888,33
-860,11
-864,57
-856,3
-780,1
-796,-15
-756,-11
-784,95
-856,39
-796,65
-848,-21
-844,7
-784,-13
-780,-49
-748,-99
-816,-135
-804,-173
-808,-147
-816,-155
-808,-187
-832,-199
-812,-189
-828,-163
-820,-209
-820,-137
-904,-187
-840,-171
-788,-99
-796,-119
-852,-179
-820,-171
-780,-147
-856,-227
-812,-183
-748,-163
-772,-289
-836,-327
-816,-243
-912,-447
-948,-465
-892,-481
-920,-475
-944,-503
-868,-463
-892,-473
-912,-479
-960,-501
-948,-475
-860,-397
-888,-421
-920,-449
-972,-463
-936,-431
-876,-387
-884,-419
-960,-457
-984,-471
-968,-499
-984,-493
-952,-473
-968,-505
-992,-511
-1024,-511
-948,-483
-948,-467
-920,-441
-988,-493
-920,-473
-852,-411
-876,-397
-904,-443
-876,-415
-936,-459
-916,-383
-948,-393
-932,-375
-888,-383
-944,-399
-804,-351
-764,-297
-816,-309
-808,-327
-812,-255
-836,-201
-896,-251
-828,-295
-772,-301
-768,-279
-784,-287
-792,-349
-896,-423
-924,-435
-944,-419
-864,-377
-920,-437
-900,-477
-928,-497
-1012,-523
-996,-531
-980,-517
-1060,-555
-1048,-547
-1084,-539
-960,-489
-964,-463
-876,-385
-924,-453
-896,-439
-852,-435
-912,-461
-852,-413
-792,-375
-796,-355
-804,-345
-760,-375
-908,-453
-904,-439
-868,-421
-892,-413
-892,-359
-948,-355
-872,-321
-824,-319
-912,-397
-976,-433
-980,-407
-836,-377
-832,-359
-832,-389
-928,-457
-968,-429
-940,-425
-944,-421
-876,-331
-832,-277
-808,-257
-892,-319
-832,-345
-804,-343
-820,-351
-884,-395
-872,-423
-912,-437
-924,-477
-988,-515
-992,-513
-952,-467
-932,-491
-888,-451
-816,-421
-888,-453
-916,-467
-948,-419
-932,-451
-920,-479
-976,-519
-1012,-549
-1032,-547
-1080,-567
-1056,-549
-968,-501
-1028,-537
-1040,-551
-1012,-527
-968,-507
-948,-491
-832,-449
-900,-481
-940,-489
-984,-507
-896,-469
-932,-479
-964,-507
-904,-433
-960,-501
-864,-403
-868,-427
-868,-409
-904,-459
-980,-517
-988,-521
-964,-523
-964,-531
-936,-497
-992,-499
-892,-427
-868,-439
-952,-503
-924,-473
-884,-449
-904,-411
-880,-427
-864,-427
-872,-409
-856,-381
-888,-419
-876,-433
-828,-377
-852,-373
-864,-417
-924,-451
-896,-449
-876,-471
-892,-461
-936,-505
-968,-501
-928,-495
-948,-501
-900,-477
-980,-519
-1012,-523
-956,-485
-992,-517
-1000,-509
-944,-487
-872,-467
-924,-475
-984,-503
-1016,-523
-960,-509
-1040,-541
-964,-485
-1056,-493
-920,-433
-980,-451
-872,-421
-916,-439
-940,-461
-904,-411
-840,-401
-884,-413
-868,-425
-800,-367
-952,-413
-884,-399
-848,-365
-872,-373
-844,-399
-848,-395
-836,-391
-868,-347
-876,-379
-896,-397
-848,-429
-896,-427
-940,-501
-956,-497
-996,-473
-952,-467
-864,-437
-936,-497
-952,-493
-1028,-525
-1032,-529
-1044,-529
-996,-489
-956,-467
-916,-491
-916,-473
-956,-491
-1012,-517
-980,-521
-1032,-547
-964,-513
-1060,-553
-1016,-533
-928,-461
-856,-355
-820,-343
-888,-343
-892,-377
-896,-343
-868,-319
-848,-285
-864,-295
-840,-271
-916,-329
-880,-349
-868,-355
-804,-333
-824,-335
-916,-403
-940,-415
-880,-429
-900,-425
-860,-417
-872,-383
-816,-345
-876,-321
-764,-293
-748,-249
-788,-225
-836,-231
-840,-309
-888,-373
-840,-363
-800,-347
-828,-397
-816,-337
-812,-317
-796,-391
-956,-475
-796,-409
-912,-461
-956,-485
-1028,-541
-988,-523
-1028,-553
-1012,-527
-968,-497
-1028,-515
-1016,-519
-892,-449
-944,-479
-848,-445
-864,-449
-880,-437
-900,-459
-980,-495
-944,-457
-940,-481
-1016,-539
-1020,-539
-1020,-549
-1024,-545
-992,-513
-924,-499
-932,-499
-1024,-523
-888,-487
-912,-489
-1004,-509
-1012,-519
-1036,-535
-1068,-541
-1028,-529
-1076,-561
-996,-517
-1012,-531
-924,-445
-932,-493
-964,-511
-1000,-531
-944,-495
-972,-487
-1000,-493
-968,-477
-952,-463
-956,-423
-864,-403
-980,-479
-968,-467
-992,-503
-904,-457
-896,-473
-1020,-527
-976,-501
-904,-473
-920,-471
-948,-475
-972,-465
-940,-457
-912,-469
-952,-491
-844,-467
-924,-487
-952,-495
-948,-505
-1008,-537
-1040,-529
-976,-499
-908,-477
-840,-411
-868,-375
-960,-471
-976,-469
-964,-453
-984,-507
-956,-507
-1004,-535
-1044,-543
-1016,-521
-960,-517
-1072,-555
-1096,-565
-1052,-561
-1044,-553
-928,-511
-888,-491
-908,-475
-892,-467
-936,-489
-956,-507
-880,-457
-984,-511
-1028,-539
-1076,-567
-964,-517
-1012,-521
-940,-457
-932,-459
-920,-489
-912,-491
-848,-467
-912,-475
-868,-463
-980,-507
-1040,-545
-1028,-549
-936,-515
-932,-505
-956,-515
-964,-511
-984,-503
-1008,-505
-968,-499
-968,-517
-1004,-517
-972,-495
-964,-483
-972,-499
-940,-511
-944,-489
-880,-459
-900,-453
-976,-471
-972,-507
-1012,-521
-908,-481
-920,-495
-952,-515
-912,-485
-920,-475
-932,-483
-916,-465
-868,-431
-920,-431
-904,-375
-884,-363
-884,-389
-912,-421
-948,-449
-888,-425
-964,-459
-980,-465
-964,-499
-1016,-503
-896,-473
-952,-491
-952,-491
-940,-477
-1028,-535
-952,-499
-904,-487
-976,-509
-952,-511
-880,-429
-904,-439
-848,-415
-908,-457
-864,-411
-888,-389
-904,-405
-920,-457
-884,-435
-948,-489
-932,-469
-976,-483
-868,-443
-944,-493
-988,-493
-888,-443
-868,-429
-908,-461
-896,-455
-860,-401
-860,-441
-884,-447
-936,-453
-892,-463
-896,-475
-928,-479
-980,-495
-976,-509
-920,-493
-952,-515
-1008,-539
-908,-477
-964,-521
-1028,-537
-892,-483
-912,-467
-780,-397
-876,-427
-932,-443
-924,-451
-988,-475
-952,-445
-968,-471
-916,-463
-1004,-479
-900,-413
-880,-423
-856,-397
-820,-409
-892,-423
-840,-397
-892,-429
-916,-405
-876,-385
-880,-397
-844,-379
-792,-357
-808,-401
-848,-433
-816,-447
-952,-501
-872,-445
-852,-425
-860,-449
-944,-513
-1004,-537
-900,-473
-848,-453
-912,-471
-828,-395
-872,-379
-948,-375
-944,-439
-904,-415
-840,-435
-876,-487
-944,-517
-1036,-541
-1044,-543
-984,-521
-1032,-547
-1036,-555
-988,-529
-1072,-567
-976,-515
-996,-495
-988,-489
-988,-515
-976,-515
-920,-495
-796,-435
-856,-449
-844,-407
-860,-385
-892,-395
-812,-367
-916,-431
-788,-379
-904,-447
-904,-465
-924,-477
-944,-477
-848,-437
-916,-465
-920,-461
-904,-453
-864,-445
-912,-499
-1008,-531
-992,-493
-896,-447
-844,-457
-900,-493
-892,-485
-872,-445
-936,-479
-888,-455
-924,-495
-1004,-523
-948,-511
-948,-503
-984,-497
-924,-485
-948,-509
-992,-509
-984,-497
-1020,-517
-1004,-539
-1036,-525
-1012,-533
-1096,-569
-1088,-549
-968,-483
-916,-459
-936,-487
-1008,-525
-992,-509
-936,-479
-1004,-521
-996,-535
-1016,-535
-968,-509
-944,-487
-908,-453
-924,-413
-980,-465
-992,-461
-912,-431
-836,-395
-964,-441
-984,-399
-880,-277
-896,-299
-780,-269
-808,-281
-864,-327
-912,-407
-908,-447
-924,-479
-944,-473
-960,-477
-968,-459
-908,-445
-844,-407
-936,-419
-948,-433
-932,-473
-812,-363
-880,-391
-780,-325
-852,-355
-888,-359
-896,-407
-988,-471
-932,-463
-972,-517
-1012,-537
-1012,-517
-1000,-525
-944,-501
-976,-515
-1024,-535
-1024,-535
-1028,-539
-1040,-539
-1124,-575
-1020,-539
-968,-519
-984,-533
-964,-509
-928,-483
-1012,-505
-960,-487
-924,-491
-1048,-545
-956,-501
-952,-477
-932,-495
-920,-483
-860,-441
-864,-433
-912,-461
-852,-421
-828,-449
-880,-455
-904,-417
-908,-419
-892,-425
-840,-395
-800,-385
-796,-343
-820,-363
-808,-397
-848,-427
-964,-495
-936,-489
-908,-485
-996,-519
-876,-465
-964,-507
-1016,-543
-1052,-553
-1044,-539
-928,-491
-956,-495
-908,-479
-976,-503
-988,-519
-924,-475
-980,-519
-956,-481
-924,-479
-944,-495
-964,-507
-948,-493
-980,-513
-1008,-523
-992,-497
-940,-507
-972,-529
-936,-485
-904,-481
-936,-489
-932,-495
-932,-511
-896,-465
-1024,-515
-1008,-521
-976,-513
-980,-505
-916,-479
-996,-491
-968,-447
-920,-375
-896,-403
-920,-419
-932,-449
-900,-421
-952,-451
-888,-365
-884,-357
-832,-369
-880,-419
-796,-335
-872,-421
-876,-421
-928,-487
-1032,-533
-1068,-561
-1032,-541
-1028,-533
-1020,-533
-932,-505
-956,-513
-972,-509
-916,-503
-868,-467
-956,-467
-864,-335
-808,-323
-824,-361
-848,-365
-920,-457
-956,-483
-960,-509
-936,-495
-868,-453
-832,-395
-808,-361
-868,-391
-884,-403
-932,-451
-836,-391
-852,-423
-956,-485
-892,-453
-892,-475
-1000,-521
-980,-523
-952,-517
-884,-463
-912,-489
-976,-523
-1124,-581
-1088,-573
-1100,-577
-1108,-575
-1004,-539
-992,-537
-1028,-543
-1036,-547
-948,-499
-968,-469
-916,-461
-1024,-513
-940,-459
-840,-385
-828,-351
-740,-259
-848,-291
-816,-281
-844,-235
-896,-279
-872,-303
-868,-329
-936,-343
-892,-317
-852,-361
-932,-363
-1036,-455
-1016,-467
-972,-475
-948,-459
-892,-443
-868,-439
-928,-485
-888,-469
-892,-467
-920,-467
-872,-445
-960,-501
-944,-507
-952,-511
-968,-507
-900,-471
-888,-405
-892,-415
-908,-405
-852,-371
-864,-369
-920,-399
-884,-367
-844,-261
-860,-251
-872,-341
-816,-251
-776,-233
-824,-299
-876,-307
-820,-297
-888,-267
-880,-287
-812,-241
-828,-267
-804,-279
-796,-343
-832,-335
-776,-283
-780,-237
-772,-227
-744,-161
-736,-171
-800,-141
-840,-127
-848,-45
-768,-85
-748,-69
-788,-109
-796,-85
-788,-139
-760,-155
-796,-193
-788,-289
-780,-251
-768,-247
-756,-205
-704,-151
-688,-53
-760,29
-792,61
-832,43
-860,55
-760,25
-788,99
-816,119
-780,101
-752,51
-812,61
-752,75
-756,75
-708,23
-716,-5
-732,71
-756,87
-788,89
-784,-41
-776,-55
-740,13
-748,-37
-768,-185
-768,-213
-792,-159
-704,-121
-760,-177
-744,-301
-828,-363
-880,-381
-836,-335
-896,-395
-904,-409
-860,-343
-880,-343
-864,-345
-792,-331
-788,-233
-800,-187
-828,-205
-712,-141
-840,-177
-808,-159
-768,-155
-776,-203
-784,-215
-804,-289
-744,-235
-776,-181
-764,-157
-792,-177
-792,-229
-788,-297
-792,-229
-836,-231
-840,-235
-824,-181
-756,-229
-804,-287
-800,-315
-836,-367
-812,-387
-876,-421
-940,-437
-876,-403
-912,-403
-840,-381
-920,-397
-976,-435
-1048,-481
-1036,-483
-900,-431
-908,-433
-816,-387
-920,-371
-892,-351
-912,-345
-940,-321
-924,-331
-876,-359
-808,-319
-796,-331
-816,-327
-876,-371
-916,-393
-824,-351
-812,-313
-732,-251
-832,-233
-824,-271
-852,-239
-932,-255
-856,-259
-788,-325
-860,-361
-856,-399
-864,-393
-924,-465
-932,-481
-896,-481
-992,-539
-1004,-515
-1064,-543
-968,-511
-996,-525
-976,-513
-984,-499
-976,-487
-976,-503
-952,-499
-924,-497
-956,-505
-924,-487
-864,-455
-972,-505
-1036,-543
-936,-489
-984,-513
-964,-523
-936,-503
-900,-453
-948,-489
-924,-463
-1000,-501
-988,-503
-976,-487
-980,-475
-984,-465
-888,-429
-884,-433
-852,-421
-812,-395
-820,-411
-916,-453
-816,-427
-928,-461
-912,-467
-856,-419
-848,-441
-964,-447
-968,-419
-944,-427
-1016,-517
-1032,-545
-1032,-545
-1068,-561
-1032,-553
-940,-485
-860,-399
-880,-421
-868,-417
-904,-409
-956,-371
-892,-371
-896,-387
-784,-307
-784,-259
-840,-239
-808,-177
-784,-95
-800,-157
-848,-189
-780,-159
-764,-199
-768,-203
-860,-211
-848,-107
-864,-39
-872,-167
-912,-123
-840,-117
-744,-77
-796,-71
-896,-7
-892,-9
-860,-7
-868,-39
-832,-59
-840,-89
-844,-15
-928,-53
-860,-47
-844,-45
-892,-67
-908,-65
-888,-93
-872,-191
-816,-215
-904,-309
-912,-293
-828,-291
-912,-315
-864,-337
-936,-313
-832,-279
-844,-249
-816,-287
-852,-369
-836,-387
-820,-393
-860,-407
-840,-403
-880,-427
-912,-453
-904,-423
-880,-427
-908,-441
-988,-469
-916,-427
-960,-473
-992,-503
-916,-445
-944,-449
-900,-441
-920,-431
-908,-441
-916,-461
-904,-463
-936,-491
-952,-479
-896,-479
-912,-443
-900,-473
-888,-443
-832,-423
-908,-465
-864,-421
-924,-445
-832,-387
-912,-419
-908,-459
-964,-425
-884,-383
-864,-353
-844,-303
-780,-259
-792,-315
-880,-393
-760,-321
-744,-243
-756,-181
-756,-217
-776,-183
-812,-171
-724,-163
-752,-167
-788,-145
-692,-75
-696,-49
-776,-11
-804,71
-772,67
-720,77
-756,105
-772,205
-796,211
-792,197
-808,279
-788,193
-820,217
-832,241
-828,255
-856,241
-900,185
-824,147
-860,159
-824,251
-864,231
-852,197
-856,171
-824,181
-844,185
-780,109
-752,103
-840,193
-844,245
-844,241
-808,235
-836,147
-848,209
-844,243
-856,237
-844,269
-828,271
-912,309
-880,313
-848,303
-904,369
-1044,483
-996,481
-928,483
-960,497
-904,491
-988,521
-944,495
-980,525
-1024,537
-1052,547
-1024,549
-956,519
-924,497
-920,475
-948,497
-928,493
-1064,561
-1016,529
-940,503
-916,467
-924,487
-956,487
-916,469
-920,483
-928,491
-912,495
-980,515
-996,511
-952,493
-972,509
-960,467
-940,467
-996,513
-1004,509
-1008,507
-1008,507
-940,489
-968,491
-928,455
-868,417
-804,385
-896,375
-836,367
-888,387
-860,381
-788,379
-840,393
-768,387
-804,373
-800,353
-852,357
-792,351
-840,307
-856,267
-920,259
-808,223
-788,219
-856,275
-792,261
-816,265
-836,329
-892,437
-924,471
-940,507
-964,499
-968,503
-920,501
-916,487
-872,445
-872,447
-912,427
-900,453
-944,483
-948,499
-892,457
-956,489
-1000,499
-1012,513
-1060,555
-1084,567
-1008,501
-1004,513
-1032,533
-1020,537
-868,479
-868,455
-920,465
-960,459
-916,449
-892,447
-844,439
-880,435
-852,395
-796,365
-944,387
-940,365
-896,355
-916,345
-880,275
-812,219
-760,159
-752,83
-788,67
-752,69
-792,151
-816,123
-764,85
-772,89
-796,41
-836,17
-804,21
-820,41
-796,63
-832,45
-788,49
-864,43
-848,67
-804,51
-828,73
-824,163
-748,97
-804,41
-752,29
-752,101
-748,175
-732,121
-680,163
-688,175
-756,235
-896,397
-900,411
-936,457
-856,429
-860,383
-924,459
-948,467
-940,479
-1012,521
-936,481
-992,539
-892,465
-904,461
-988,521
-980,511
-952,469
-888,453
-844,409
-904,431
-964,471
-1028,495
-968,477
-860,449
-868,385
-836,389
-764,349
-884,385
-920,429
-892,435
-888,427
-952,451
-908,471
-904,471
-940,501
-964,503
-976,491
-1052,547
-976,497
-892,477
-900,437
-968,527
-1044,551
-968,517
-872,481
-988,507
-992,533
-1048,541
-952,487
-868,467
-936,485
-904,465
-976,483
-956,487
-924,469
-908,441
-920,485
-988,535
-1032,549
-1028,543
-1060,547
-992,513
-968,505
-912,475
-940,507
-1008,523
-1024,541
-980,517
-1044,541
-1004,495
-1016,495
-920,469
-928,515
-924,505
-1028,541
-1024,545
-972,511
-1092,569
-1080,567
-968,509
-900,467
-968,517
-984,521
-1068,555
-1000,531
-988,535
-976,527
-968,511
-968,521
-996,527
-964,511
-1016,519
-1028,539
-968,497
-936,491
-928,499
-1016,525
-1008,517
-908,465
-1024,505
-952,489
-860,435
-796,353
-792,357
-912,417
-844,343
-900,381
-904,383
-828,375
-764,385
-764,381
-928,483
-884,405
-880,427
-868,447
-960,481
-872,443
-1008,507
-996,509
-952,485
-884,455
-932,489
-852,419
-864,447
-928,467
-932,485
-872,439
-876,431
-860,443
-904,481
-908,435
-864,415
-900,473
-880,435
-900,445
-960,491
-928,459
-928,479
-928,443
-912,467
-1000,519
-1008,529
-920,501
-940,479
-928,489
-1060,551
-1048,555
-988,515
-888,473
-880,477
-884,479
-928,473
-916,441
-968,475
-980,453
-900,419
-832,387
-892,389
-924,443
-816,389
-924,461
-948,483
-888,465
-1036,521
-936,489
-952,493
-936,445
-880,393
-888,387
-856,353
-872,389
-864,375
-932,365
-960,363
-848,335
-820,313
-828,305
-868,323
-872,313
-904,317
-892,275
-848,237
-820,163
-848,171
-816,207
-824,243
-864,253
-908,203
-784,181
-784,205
-864,237
-904,225
-860,247
-864,303
-832,267
-744,325
-776,347
-964,475
-920,445
-840,387
-892,429
-908,429
-880,439
-896,451
-900,481
-896,475
-944,491
-1004,535
-920,487
-928,477
-852,459
-952,503
-904,463
-820,441
-820,427
-792,431
-900,481
-992,519
-944,481
-932,489
-860,443
-884,427
-904,443
-888,479
-828,409
-756,319
-784,309
-784,269
-728,225
-756,261
-752,273
-748,281
-716,195
-740,159
-728,215
-696,251
-768,245
-800,275
-808,255
-736,223
-696,223
-724,235
-784,313
-772,269
-688,181
-720,221
-784,225
-784,181
-800,155
-816,271
-816,333
-772,323
-896,327
-884,385
-916,369
-884,369
-968,397
-976,421
-920,389
-896,397
-924,395
-900,407
-896,409
-852,397
-856,395
-792,383
-820,367
-828,395
-796,371
-748,351
-804,383
-804,359
-816,337
-744,239
-792,131
-824,91
-808,97
-828,135
-832,185
-840,237
-884,327
-928,383
-944,423
-984,423
-824,383
-768,323
-916,395
-876,449
-928,491
-980,513
-932,501
-940,519
-1008,515
-960,505
-944,501
-1004,535
-1100,557
-988,501
-968,501
-984,515
-940,523
-1000,531
-932,489
-872,421
-884,393
-828,433
-900,433
-920,399
-936,447
-916,449
-900,441
-904,459
-940,459
-876,415
-848,403
-776,327
-812,307
-900,361
-948,401
-896,419
-880,437
-948,451
-968,445
-904,407
-896,413
-828,351
-812,357
-944,405
-908,367
-876,315
-856,293
-904,323
-932,373
-908,379
-900,401
-944,363
-928,325
-916,325
-896,331
-860,311
-844,313
-844,345
-880,391
-892,439
-924,453
-956,481
-948,453
-944,441
-908,397
-848,301
-820,279
-784,285
-856,349
-908,363
-912,333
-932,369
-892,337
-836,369
-900,443
-972,467
-1020,529
-964,491
-1048,549
-992,513
-1028,529
-996,511
-880,447
-936,467
-888,455
-1012,509
-940,497
-1032,523
-1028,527
-1032,545
-956,505
-916,497
-976,511
-1016,541
-1056,561
-1004,537
-880,477
-828,459
-920,477
-980,511
-952,509
-920,493
-924,491
-976,503
-876,467
-952,483
-896,453
-876,429
-944,479
-892,449
-972,513
-940,509
-952,507
-968,493
-996,533
-900,463
-936,463
-936,451
-920,479
-944,483
-876,455
-956,495
-1000,509
-1028,539
-1020,545
-1072,565
-1016,523
-872,437
-848,425
-904,413
-916,457
-972,483
-884,443
-916,507
-932,507
-908,455
-956,493
-956,497
-884,459
-932,495
-988,511
-960,511
-920,481
-904,439
-960,471
-948,473
-948,465
-1044,537
-1072,557
-992,477
-872,441
-788,371
-836,367
-824,387
-800,367
-792,389
-832,423
-872,451
-892,449
-868,425
-888,375
-872,371
-856,377
-920,413
-840,375
-872,411
-888,341
-832,317
-896,317
-868,337
-844,275
-880,343
-888,369
-860,307
-852,357
-864,399
-908,413
-812,385
-932,471
-972,485
-944,469
-932,495
-840,443
-948,467
-988,511
-920,461
-948,485
-916,453
-960,459
-892,407
-820,369
-800,365
-736,353
-776,297
-828,357
-832,369
-852,379
-884,413
-852,367
-852,297
-856,315
-812,253
-840,275
-824,205
-864,267
-852,279
-916,253
-864,281
-844,229
-896,237
-820,239
-880,339
-908,323
-960,319
-900,289
-860,233
-876,333
-884,385
-864,333
-832,321
-840,337
-828,289
-812,321
-808,357
-784,351
-720,277
-772,323
-824,275
-828,325
-872,313
-868,297
-900,337
-908,409
-868,347
-868,303
-760,249
-844,275
-760,253
-792,257
-756,325
-836,309
-828,301
-896,231
-856,267
-892,331
-832,309
-776,289
-740,277
-788,243
-752,267
-800,293
-788,285
-760,317
-840,305
-844,359
-788,355
-908,473
-840,467
-932,487
-940,505
-888,451
-804,417
-940,489
-848,445
-936,497
-936,477
-968,481
-964,449
-952,441
-932,429
-940,455
-988,505
-964,521
-904,495
-848,467
-892,481
-912,473
-880,455
-956,473
-984,503
-956,445
-880,381
-848,361
-940,417
-872,419
-824,407
-800,437
-856,467
-856,433
-884,445
-944,427
-984,433
-872,355
-824,399
-944,469
-908,391
-904,381
-932,395
-964,481
-880,459
-1032,527
-1036,539
-1020,541
-1012,505
-1008,515
-928,495
-920,509
-988,517
-1052,549
-944,497
-948,461
-988,509
-968,483
-876,403
-848,373
-852,413
-884,429
-876,423
-936,463
-932,449
-952,465
-1012,461
-876,343
-884,397
-856,373
-804,361
-812,371
-928,483
-972,511
-1016,525
-984,527
-988,517
-1044,555
-1012,519
-924,469
-940,477
-892,451
-876,447
-916,441
-984,507
-916,481
-992,499
-952,497
-944,471
-992,489
-1008,487
-948,459
-900,437
-896,455
-940,461
-964,473
-932,489
-836,437
-908,469
-932,471
-956,463
-928,467
-980,503
-944,495
-960,501
-916,465
-852,409
-888,431
-864,403
-780,393
-864,429
-860,411
-960,493
-940,499
-948,507
-956,521
-936,505
-948,503
-976,515
-912,489
-836,447
-828,467
-856,455
-872,451
-860,449
-872,483
-880,449
-944,491
-920,481
-844,431
-896,417
-948,433
-992,463
-936,449
-936,435
-1032,537
-1016,535
-992,539
-1012,529
-1068,531
-976,481
-972,473
-1024,525
-968,515
-936,451
-940,455
-828,383
-920,395
-940,411
-892,431
-892,439
-916,469
-1012,515
-928,517
-836,445
-884,427
-940,479
-1036,531
-1040,521
-980,507
-1056,551
-1052,547
-1080,561
-1028,539
-868,477
-904,495
-1008,523
-996,511
-936,487
-968,507
-984,517
-928,499
-956,505
-972,533
-1048,525
-920,427
-904,393
-812,329
-824,309
-804,253
-772,229
-748,255
-784,283
-780,249
-724,293
-756,309
-784,321
-780,363
-876,385
-932,443
-836,413
-892,427
-900,429
-908,427
-908,455
-912,409
-968,469
-976,487
-924,477
-944,485
-1032,535
-996,533
-916,487
-836,453
-928,499
-864,449
-892,447
-912,463
-940,511
-896,481
-920,489
-1060,545
-992,517
-980,523
-1036,547
-948,489
-872,455
-944,475
-932,485
-1016,527
-912,495
-892,485
-888,485
-952,489
-932,505
-980,489
-1032,531
-976,497
-996,483
-984,519
-984,505
-936,495
-880,427
-920,457
-864,435
-900,453
-924,461
-936,469
-940,425
-928,437
-956,485
-964,463
-912,451
-848,409
-908,421
-980,475
-1012,483
-964,491
-936,437
-868,403
-900,399
-884,373
-920,373
-828,351
-872,409
-820,377
-872,357
-860,355
-880,425
-864,425
-920,443
-904,451
-952,471
-868,447
-928,499
-1032,547
-1016,541
-1004,525
-960,525
-968,509
-1000,503
-996,489
-980,447
-888,459
-964,463
-964,501
-1016,523
-928,461
-892,479
-860,441
-796,373
-860,397
-924,451
-888,465
-936,491
-940,457
-928,495
-908,471
-960,511
-1028,525
-1004,535
-1032,539
-948,485
-888,425
-904,425
-984,453
-972,467
-928,447
-908,437
-920,477
-960,489
-952,517
-956,519
-960,525
-896,467
-880,473
-908,461
-944,471
-928,491
-960,509
-924,497
-976,501
-972,505
-828,443
-920,443
-928,481
-964,481
-928,497
-1000,509
-976,507
-960,501
-816,449
-888,461
-908,433
-888,427
-900,445
-952,473
-1000,501
-948,473
-984,499
-964,467
-904,443
-920,463
-932,451
-948,451
-892,405
-964,425
-872,391
-888,365
-844,305
-856,337
-788,301
-808,349
-860,353
-820,349
-872,351
-860,311
-820,337
-744,351
-852,375
-836,349
-876,405
-932,423
-904,389
-924,363
-860,365
-796,323
-800,333
-856,341
-872,365
-820,373
-772,365
-880,417
-976,479
-920,447
-908,443
-880,443
-932,477
-896,451
-904,465
-992,517
-992,507
-992,515
-1036,537
-1028,539
-1032,533
-996,523
-1040,547
-1072,565
-992,541
-992,513
-928,497
-824,445
-800,425
-844,391
-820,357
-856,355
-792,305
-852,359
-924,421
-968,443
-884,475
-920,489
-960,493
-956,463
-984,483
-1016,499
-952,473
-988,503
-956,509
-996,529
-992,507
-996,519
-1016,545
-984,489
-992,483
-948,469
-872,463
-904,487
-904,477
-956,503
-968,507
-988,501
-884,427
-900,425
-880,433
-876,465
-900,481
-936,487
-944,495
-968,517
-968,523
-912,491
-976,489
-1016,519
-896,485
-964,503
-928,483
-1040,541
-1028,535
-964,493
-952,513
-976,493
-992,511
-992,513
-1048,547
-928,493
-920,471
-768,371
-940,443
-980,461
-940,491
-1016,523
-1084,571
-960,537
-976,539
-940,513
-948,493
-916,467
-924,489
-976,499
-936,473
-832,419
-944,479
-944,479
-972,487
-1040,525
-904,453
-964,505
-972,515
-964,519
-968,517
-1032,535
-976,515
-956,499
-968,485
-900,469
-1032,529
-1044,547
-944,491
-976,515
-960,511
-920,495
-1000,527
-944,485
-952,485
-936,469
-900,449
-876,431
-884,421
-892,449
-964,495
-972,523
-948,499
-972,505
-1020,539
-972,521
-948,499
-916,491
-928,459
-972,445
-940,449
-924,467
-956,449
-940,479
-976,511
-928,481
-864,441
-900,453
-884,429
-912,441
-808,395
-844,421
-860,401
-840,391
-912,449
-892,419
-948,453
-940,411
-908,413
-884,403
-868,407
-884,421
-876,443
-852,429
-908,455
-888,429
-864,459
-860,457
-836,413
-876,453
-888,427
-900,453
-864,441
-948,489
-920,451
-984,469
-944,455
-952,485
-888,471
-928,475
-896,445
-892,411
-808,383
-848,377
-868,379
-880,337
-824,327
-796,329
-760,333
-852,363
-884,347
-876,369
-920,385
-832,317
-796,243
-840,175
-848,179
-800,111
-836,195
-884,267
-856,291
-848,221
-860,223
-832,173
-820,219
-848,279
-804,253
-864,215
-880,243
-848,279
-856,259
-836,209
-864,177
-800,127
-816,95
-820,141
-836,171
-828,157
-836,181
-876,221
-900,219
-864,295
-820,261
-812,257
-796,241
-776,331
-820,371
-844,381
-872,419
-900,431
-808,381
-900,391
-884,373
-904,367
-860,319
-892,321
-896,333
-924,429
-936,459
-912,465
-988,531
-964,523
-968,517
-996,501
-968,477
-896,463
-936,499
-992,505
-952,497
-952,463
-888,445
-896,441
-996,519
-916,471
-908,455
-836,347
-820,351
-792,301
-812,283
-800,259
-788,231
-832,339
-792,329
-812,285
-816,225
-856,219
-836,289
-824,259
-752,233
-816,317
-864,331
-856,347
-808,371
-844,401
-928,485
-988,523
-976,493
-976,503
-888,439
-920,469
-1024,531
-952,479
-912,483
-964,519
-1028,529
-996,507
-944,475
-1000,473
-948,465
-980,501
-1000,541
-968,487
-972,487
-928,451
-916,445
-860,415
-824,373
-824,377
-780,369
-860,403
-868,405
-916,457
-932,477
-900,485
-884,469
-952,515
-976,513
-952,513
-980,519
-876,425
-812,391
-812,375
-864,445
-976,509
-940,453
-964,483
-912,453
-880,461
-992,523
-988,503
-976,477
-968,461
-924,449
-880,427
-880,447
-864,401
-900,403
-884,261
-924,315
-904,277
-952,357
-928,377
-968,437
-948,439
-944,455
-968,507
-968,515
-968,495
-968,477
-920,453
-952,451
-956,473
-920,483
-996,531
-960,503
-872,453
-856,435
-780,421
-816,421
-848,425
-860,449
-836,405
-804,343
-748,289
-720,253
-704,241
-788,243
-828,303
-804,355
-824,381
-816,403
-744,341
-816,421
-852,429
-936,457
-876,411
-876,431
-888,401
-916,439
-876,371
-844,379
-796,317
-792,327
-836,309
-736,269
-856,285
-792,315
-756,293
-876,331
-864,309
-832,245
-844,265
-848,295
-856,371
-856,375
-812,307
-772,363
-820,361
-876,391
-860,359
-780,335
-816,379
-896,473
-912,481
-940,499
-1004,527
-1028,543
-996,539
-976,521
-1088,563
-928,463
-888,443
-880,421
-876,411
-912,445
-988,503
-976,511
-996,515
-976,511
-988,493
-968,471
-908,451
-920,407
-920,433
-976,467
-928,447
-824,405
-784,383
-896,425
-1012,489
-980,483
-1028,501
-960,497
-952,503
-924,471
-924,489
-936,443
-888,429
-924,463
-916,465
-932,455
-860,439
-988,463
-948,433
-912,417
-896,415
-956,479
-892,433
-884,389
-932,393
-836,361
-892,367
-860,355
-868,373
-908,403
-904,389
-928,441
-848,415
-868,389
-932,409
-892,381
-896,373
-912,415
-884,435
-848,393
-936,457
-1012,521
-968,515
-940,481
-1012,499
-968,471
-996,511
-960,461
-952,453
-932,473
-892,443
-864,427
-900,425
-908,419
-956,407
-972,437
-1008,429
-1020,413
-884,387
-808,369
-804,335
-816,355
-784,325
-844,327
-836,355
-856,373
-828,367
-840,411
-828,355
-868,357
-912,369
-860,361
-832,359
-828,349
-840,279
-804,281
-824,305
-708,285
-736,269
-780,293
-828,321
-800,257
-888,319
-932,335
-912,341
-892,331
-904,411
-824,437
-876,449
-884,449
-944,483
-1000,517
-912,461
-912,459
-952,475
-996,517
-1028,535
-996,539
-960,491
-956,489
-912,441
-984,431
-968,433
-956,477
-980,501
-988,519
-964,495
-948,441
-944,457
-948,471
-1020,525
-1000,527
-1012,539
-1020,547
-924,507
-924,497
-928,489
-988,529
-876,469
-836,419
-816,419
-792,373
-760,337
-832,365
-844,309
-792,273
-860,333
-928,379
-896,371
-820,397
-812,411
-848,417
-924,413
-936,417
-884,397
-812,381
-868,425
-824,435
-876,463
-888,463
-988,527
-948,467
-840,443
-908,451
-764,381
-908,411
-896,409
-812,325
-848,321
-872,361
-864,393
-932,475
-852,419
-900,397
-820,379
-864,409
-900,407
-900,377
-868,359
-920,355
-876,311
-836,359
-828,303
-844,325
-848,323
-840,339
-828,353
-788,299
-880,323
-800,255
-828,265
-844,245
-840,225
-800,153
-816,115
-836,149
-804,191
-800,193
-712,121
-800,27
-840,69
-844,121
-860,197
-864,173
-864,245
-848,209
-828,253
-796,261
-800,251
-792,197
-772,161
-796,207
-760,127
-828,147
-792,71
-796,-7
-784,-41
-772,-43
-752,-73
-732,45
-756,75
-760,63
-736,51
-740,55
-792,111
-776,217
-828,271
-852,279
-828,219
-820,211
-780,109
-820,163
-716,89
-708,129
-736,125
-784,181
-828,213
-736,173
-768,251
-828,337
-820,387
-784,331
-792,295
-844,323
-840,331
-872,375
-860,347
-840,265
-732,223
-852,275
-796,205
-852,263
-932,421
-924,385
-904,387
-860,349
-888,367
-880,403
-896,425
-868,407
-832,373
-844,361
-784,363
-836,397
-844,333
-804,365
-828,389
-784,381
-844,377
-836,375
-828,355
-856,355
-848,349
-912,403
-900,437
-892,447
-896,483
-920,495
-956,475
-920,461
-952,499
-860,425
-908,427
-856,391
-900,375
-920,447
-936,413
-912,419
-996,473
-1008,451
-924,423
-880,431
-920,381
-888,367
-848,369
-836,377
-844,417
-904,463
-900,437
-856,391
-904,397
-920,433
-844,367
-948,411
-904,409
-948,403
-944,407
-992,423
-908,461
-964,479
-932,461
-888,415
-908,455
-900,449
-940,441
-832,441
-924,477
-932,485
-892,423
-908,431
-976,461
-964,489
-1052,545
-1048,551
-980,497
-968,467
-956,469
-892,441
-1000,507
-1040,529
-988,521
-940,463
-980,501
-1008,525
-928,493
-952,507
-1012,541
-980,527
-960,493
-1004,509
-1036,547
-1000,527
-1024,545
-1060,567
-1004,537
-896,491
-1016,531
-932,479
-948,487
-896,467
-872,423
-836,393
-872,369
-824,297
-884,365
-876,361
-856,389
-868,411
-928,443
-952,495
-904,485
-848,463
-864,471
-888,469
-940,511
-908,503
-1004,503
-1016,499
-960,513
-1076,561
-1032,549
-1056,541
-1064,553
-1004,523
-952,463
-948,489
-1012,513
-908,477
-968,501
-980,515
-972,515
-900,489
-916,479
-880,461
-864,441
-880,389
-824,413
-816,399
-832,381
-900,471
-896,475
-928,439
-888,377
-876,401
-928,433
-1020,475
-932,485
-1000,531
-1044,547
-976,507
-1016,527
-1032,533
-944,493
-1004,521
-1032,533
-1084,551
-1024,529
-1072,555
-1008,519
-892,459
-864,437
-900,463
-928,507
-952,449
-888,385
-868,261
-824,309
-824,197
-828,97
-792,51
-836,69
-936,93
-856,117
-876,107
-864,93
-892,113
-900,79
-816,97
-840,47
-796,45
-836,105
-804,101
-800,153
-852,241
-864,229
-924,303
-852,283
-896,279
-884,285
-832,239
-836,287
-836,319
-748,189
-724,215
-832,275
-772,197
-728,233
-740,257
-772,243
-796,283
-840,245
-832,243
-864,279
-840,249
-764,229
-740,281
-832,365
-840,357
-916,447
-928,485
-888,455
-960,491
-1000,519
-924,453
-916,427
-952,461
-964,449
-968,469
-900,455
-844,421
-904,435
-888,453
-944,491
-928,453
-976,479
-936,479
-924,469
-980,521
-992,527
-1056,551
-1000,523
-968,497
-1008,511
-1028,495
-888,463
-880,437
-872,459
-888,457
-888,441
-932,459
-920,467
-868,411
-928,437
-944,463
-888,457
-912,473
-952,493
-912,455
-924,437
-864,397
-872,383
-924,423
-832,389
-916,485
-932,491
-1036,547
-1020,537
-908,469
-1000,491
-1000,469
-924,431
-844,397
-920,441
-924,405
-948,437
-940,459
-868,409
-960,491
-872,451
-904,471
-1024,547
-1056,555
-956,473
-960,487
-1008,491
-928,451
-964,461
-896,417
-908,425
-984,441
-912,391
-824,313
-876,315
-816,329
-892,345
-928,307
-816,309
-960,427
-920,433
-972,465
-944,469
-872,329
-848,259
-820,267
-848,313
-856,329
-876,303
-956,333
-944,383
-916,321
-844,265
-836,247
-860,255
-896,247
-892,195
-840,249
-764,223
-800,189
-740,191
-748,221
-768,213
-812,337
-812,321
-788,319
-860,387
-804,397
-924,457
-976,457
-936,421
-840,351
-836,343
-856,401
-880,429
-836,417
-840,435
-940,507
-988,525
-1028,551
-1008,547
-1008,531
-1044,543
-988,527
-908,489
-848,475
-988,511
-1004,519
-1008,517
-996,511
-948,483
-908,479
-972,525
-1040,551
-972,519
-888,439
-920,455
-956,491
-956,497
-968,501
-992,523
-952,483
-924,489
-936,487
-1056,535
-980,481
-896,441
-872,417
-888,409
-880,411
-956,425
-980,447
-936,397
-836,365
-784,337
-872,395
-884,435
-920,417
-1052,511
-1040,517
-992,519
-984,537
-1000,503
-900,445
-928,481
-972,507
-904,447
-876,447
-860,401
-912,411
-1012,487
-992,519
-884,469
-912,477
-960,513
-908,477
-916,463
-892,467
-864,477
-916,489
-912,457
-924,485
-996,493
-996,517
-976,515
-1000,503
-944,477
-948,501
-896,463
-932,449
-960,457
-912,415
-896,417
-816,383
-828,389
-928,403
-848,369
-868,331
-844,355
-884,419
-892,445
-880,441
-932,473
-900,467
-852,447
-868,437
-956,495
-1008,531
-980,513
-932,509
-948,503
-980,521
-960,515
-1032,553
-1056,561
-1000,511
-964,521
-940,483
-984,495
-968,499
-980,515
-952,469
-940,477
-948,501
-932,499
-936,505
-948,513
-908,489
-884,477
-940,515
-916,477
-876,441
-912,439
-916,453
-848,409
-928,431
-944,483
-936,499
-904,465
-944,493
-952,503
-1008,529
-956,503
-1020,529
-932,445
-904,395
-896,387
-800,289
-792,353
-680,319
-788,385
-824,377
-744,331
-824,403
-896,425
-960,441
-900,435
-988,469
-976,519
-1040,557
-1048,545
-980,527
-924,495
-940,451
-920,459
-920,501
-972,465
-980,507
-892,467
-976,501
-960,505
-1012,541
-1008,537
-1000,525
-948,499
-920,461
-1020,511
-1052,515
-1000,525
-892,477
-900,483
-972,513
-972,505
-884,459
-928,487
-884,467
-848,445
-904,473
-944,499
-940,509
-924,485
-928,489
-920,455
-904,439
-924,433
-940,441
-916,437
-916,483
-984,497
-968,493
-968,489
-880,457
-1000,471
-896,457
-896,445
-960,489
-904,467
-844,467
-924,501
-880,481
-896,439
-856,365
-796,291
-712,199
-856,197
-832,161
-872,155
-796,181
-824,215
-776,235
-740,203
-764,203
-760,107
-752,49
-828,99
-800,155
-796,131
-832,173
-908,235
-924,265
-828,249
-872,213
-888,277
-916,337
-896,287
-856,307
-864,323
-872,315
-880,339
-884,361
-940,439
-804,345
-820,349
-844,335
-816,317
-840,369
-816,319
-844,369
-876,405
-908,425
-896,467
-896,445
-896,457
-920,499
-992,515
-1076,565
-928,495
-936,503
-1000,523
-1000,521
-908,483
-872,477
-888,465
-928,459
-972,507
-972,503
-940,475
-972,497
-1052,549
-1108,579
-1024,523
-916,481
-852,433
-956,485
-936,477
-916,467
-936,459
-1004,509
-984,513
-900,471
-920,447
-892,431
-848,379
-856,371
-840,371
-832,403
-868,457
-920,483
-988,487
-948,473
-944,469
-952,459
-1028,493
-948,425
-968,427
-916,411
-868,387
-880,411
-820,385
-832,403
-848,407
-884,373
-908,435
-816,389
-920,423
-940,443
-968,457
-928,427
-932,427
-980,441
-904,371
-852,363
-924,415
-888,423
-832,265
-800,281
-780,205
-828,159
-872,179
-804,233
-888,253
-836,233
-844,257
-904,331
-892,363
-912,399
-856,335
-816,331
-768,339
-800,363
-884,411
-904,441
-960,445
-900,437
-904,447
-884,449
-808,387
-912,461
-968,505
-964,511
-972,511
-996,517
-944,503
-932,489
-956,523
-1004,539
-1004,545
-972,519
-964,523
-972,521
-920,429
-880,397
-984,451
-988,483
-964,505
-964,491
-936,489
-872,493
-824,461
-968,525
-1036,541
-1008,519
-880,463
-888,455
-920,489
-948,509
-1024,531
-940,497
-872,457
-896,419
-872,381
-856,375
-848,345
-856,391
-840,377
-800,343
-868,403
-880,335
-832,333
-872,375
-796,337
-800,337
-872,357
-936,329
-916,309
-832,301
-848,267
-876,365
-852,375
-764,329
-712,295
-752,371
-836,423
-876,457
-908,445
-888,449
-864,413
-884,391
-956,469
-908,445
-868,441
-836,389
-884,401
-824,361
-848,421
-876,423
-944,451
-900,449
-980,475
-872,427
-828,447
-908,485
-872,453
-860,429
-868,429
-856,399
-932,437
-868,371
-936,449
-908,437
-884,391
-868,415
-784,317
-832,353
-828,383
-924,429
-880,377
-860,407
-888,371
-916,389
-876,393
-1036,497
-988,467
-896,365
-796,357
-768,349
-856,397
-872,423
-876,435
-876,397
-812,369
-860,375
-808,351
-836,343
-916,391
-888,375
-848,363
-832,341
-836,327
-840,373
-860,395
-900,483
-892,451
-872,439
-948,497
-860,433
-908,443
-896,443
-972,443
-944,477
-896,427
-904,475
-892,455
-988,503
-952,511
-964,503
-952,483
-936,475
-948,465
-880,441
-1008,483
-996,467
-928,427
-908,445
-868,441
-956,463
-928,449
-904,443
-916,457
-848,459
-924,495
-932,463
-864,419
-936,447
-912,425
-944,463
-960,479
-876,425
-876,439
-960,479
-988,501
-980,499
-908,429
-920,475
-984,495
-988,515
-944,483
-912,467
-876,431
-928,461
-904,457
-888,481
-952,511
-920,483
-988,509
-1012,533
-940,483
-916,495
-916,475
-856,457
-832,461
-956,493
-960,489
-956,489
-956,495
-992,513
-980,485
-940,469
-928,441
-912,461
-956,441
-868,427
-892,441
-856,447
-832,431
-804,387
-896,397
-828,407
-912,461
-836,433
-868,429
-836,439
-940,497
-876,469
-996,497
-972,501
-912,449
-916,473
-996,507
-988,499
-976,507
-1024,527
-892,471
-876,479
-880,465
-904,471
-888,463
-864,417
-876,465
-1000,513
-952,491
-968,495
-952,519
-1028,549
-980,503
-956,499
-936,447
-976,465
-952,465
-980,489
-892,461
-868,439
-972,483
-900,415
-992,457
-984,435
-908,405
-932,421
-948,413
-884,411
-904,433
-852,375
-796,363
-844,403
-812,335
-824,373
-892,373
-892,343
-920,381
-880,379
-864,341
-840,309
-876,183
-916,139
-888,199
-832,145
-828,95
-820,111
-820,211
-896,225
-908,269
-884,269
-932,297
-956,355
-844,295
-796,279
-836,309
-832,333
-876,329
-880,345
-836,337
-796,283
-872,305
-832,243
-812,285
-776,245
-808,247
-832,241
-876,157
-796,131
-840,149
-860,191
-816,197
-792,237
-800,241
-828,259
-868,331
-816,289
-880,313
-860,303
-848,311
-808,379
-824,309
-884,391
-888,407
-884,381
-892,417
-872,423
-844,389
-868,369
-908,357
-920,389
-944,443
-1000,423
-1012,457
-948,445
-952,469
-1028,521
-912,441
-948,453
-916,401
-972,453
-964,461
-976,475
-936,511
-988,521
-960,475
-912,403
-972,431
-856,343
-852,331
-828,215
-824,169
-804,185
-800,201
-840,269
-788,213
-796,213
-808,179
-788,255
-784,299
-828,303
-836,371
-852,359
-892,423
-940,443
-932,467
-916,439
-924,457
-888,433
-880,453
-892,443
-776,385
-752,339
-908,381
-896,341
-928,337
-892,359
-948,399
-1012,513
-960,493
-912,481
-980,495
-848,397
-908,395
-948,403
-828,399
-840,405
-948,467
-948,487
-952,501
-928,493
-1032,533
-988,503
-900,485
-860,477
-904,473
-956,499
-972,491
-940,465
-836,415
-804,403
-864,425
-904,447
-1012,541
-912,485
-916,507
-1028,531
-980,525
-952,505
-940,513
-1020,529
-956,493
-888,461
-920,489
-896,471
-848,441
-892,437
-872,389
-896,433
-916,475
-920,473
-940,503
-968,501
-932,489
-964,501
-920,479
-864,447
-904,439
-896,353
-956,435
-940,429
-860,389
-876,425
-936,483
-1012,533
-1100,571
-1096,551
-1072,565
-1028,549
-996,531
-1016,545
-952,507
-888,453
-908,479
-1000,513
-1064,553
-1056,543
-1044,549
-1000,531
-992,519
-896,467
-972,487
-952,467
-968,475
-920,469
-968,505
-948,483
-912,437
-872,409
-760,305
-700,265
-688,231
-728,211
-768,109
-728,175
-824,147
-892,127
-800,129
-780,105
-824,171
-852,191
-820,225
-852,189
-844,215
-832,209
-884,247
-888,241
-876,171
-864,173
-836,213
-904,191
-800,207
-840,275
-792,291
-932,311
-876,355
-896,345
-816,327
-820,337
-836,363
-904,477
-956,501
-1020,517
-988,513
-984,517
-944,489
-956,477
-968,455
-912,459
-884,441
-844,433
-856,417
-840,405
-884,387
-860,331
-800,331
-856,385
-860,365
-860,405
-972,445
-1016,441
-908,465
-952,501
-924,515
-1008,539
-1076,565
-1020,545
-924,497
-884,485
-1000,503
-988,501
-976,475
-944,499
-888,473
-896,497
-984,521
-896,473
-892,465
-972,491
-952,477
-924,439
-892,439
-860,457
-968,511
-984,517
-1000,537
-1124,585
-1012,535
-1008,529
-944,493
-932,481
-960,519
-972,493
-1040,529
-952,467
-948,451
-840,411
-876,413
-828,377
-860,357
-880,377
-860,369
-840,395
-872,333
-840,261
-808,245
-888,283
-872,291
-816,247
-776,275
-812,265
-848,355
-940,361
-928,325
-852,325
-908,389
-920,347
-872,283
-844,297
-840,227
-888,295
-884,319
-888,335
-896,345
-848,327
-864,341
-840,329
-732,283
-720,311
-812,371
-964,415
-908,383
-868,383
-912,405
-896,417
-916,401
-932,433
-928,419
-896,401
-872,363
-916,409
-820,337
-864,435
-936,441
-888,437
-896,467
-888,449
-1000,467
-960,431
-976,447
-936,441
-932,461
-924,457
-888,453
-956,479
-904,479
-1040,545
-988,533
-1004,531
-1024,539
-896,503
-824,451
-824,447
-944,487
-872,459
-924,441
-884,423
-944,433
-900,445
-908,405
-872,419
-908,421
-888,389
-912,371
-860,359
-888,379
-944,357
-908,331
-880,353
-868,387
-856,381
-852,417
-868,447
-1004,495
-932,471
-912,469
-876,473
-916,485
-964,517
-860,465
-928,463
-964,491
-952,501
-980,509
-1048,543
-936,489
-940,481
-944,463
-944,485
-932,425
-820,339
-780,315
-840,291
-804,217
-756,185
-844,191
-808,83
-852,57
-840,109
-920,155
-884,181
-888,159
-872,177
-804,113
-892,69
-820,121
-892,61
-872,29
-800,47
-880,75
-744,77
-784,91
-856,135
-784,111
-816,149
-764,93
-788,143
-780,137
-816,277
-780,265
-776,193
-804,249
-892,241
-876,257
-852,289
-824,327
-824,383
-892,353
-848,423
-888,443
-904,425
-808,395
-900,431
-948,469
-928,455
-944,485
-904,449
-904,457
-984,499
-876,421
-960,491
-984,507
-932,493
-912,465
-888,437
-900,457
-796,377
-816,365
-856,309
-816,319
-828,285
-804,321
-856,413
-860,451
-928,489
-920,483
-956,501
-960,499
-880,469
-848,455
-844,443
-928,467
-912,483
-864,465
-976,525
-952,497
-944,515
-864,449
-932,409
-968,417
-928,415
-848,363
-912,383
-844,379
-812,317
-852,367
-828,287
-788,229
-816,193
-836,163
-776,227
-780,243
-800,239
-796,219
-788,209
-832,295
-796,339
-872,365
-816,391
-848,415
-864,413
-912,461
-940,461
-960,475
-836,451
-968,525
-892,461
-888,457
-860,433
-844,417
-892,421
-880,433
-856,421
-864,345
-820,309
-840,351
-832,375
-836,349
-856,391
-820,401
-840,437
-944,449
-912,415
-944,449
-884,423
-828,365
-876,353
-820,275
-856,299
-856,313
-916,375
-960,375
-924,363
-852,407
-928,465
-928,437
-920,439
-920,467
-924,481
-912,483
-1016,537
-1004,527
-884,479
-1012,499
-880,409
-824,375
-824,323
-796,283
-824,285
-828,267
-868,231
-856,209
-876,215
-800,221
-796,205
-736,253
-828,247
-872,351
-920,419
-900,417
-780,361
-896,379
-944,399
-912,381
-880,423
-944,387
-948,361
-924,371
-836,343
-876,393
-776,311
-828,387
-892,433
-888,393
-872,403
-848,411
-832,397
-972,455
-984,473
-928,471
-900,425
-876,391
-904,391
-904,391
-932,465
-1020,517
-1044,543
-1008,509
-968,501
-912,491
-984,497
-944,477
-924,459
-864,399
-924,483
-968,507
-928,499
-892,477
-896,469
-972,479
-988,485
-932,477
-824,429
-932,443
-816,405
-836,395
-884,425
-824,387
-840,395
-808,435
-808,409
-852,443
-856,405
-980,495
-896,467
-928,475
-896,451
-904,417
-828,359
-776,343
-860,367
-984,425
-884,405
-936,459
-900,435
-960,471
-876,441
-884,413
-920,449
-888,453
-860,417
-880,363
-792,307
-888,399
-872,405
-832,331
-904,349
-844,299
-888,323
-868,287
-924,331
-868,313
-880,299
-880,313
-908,337
-820,279
-776,243
-812,349
-828,365
-884,393
-864,449
-896,445
-816,403
-904,467
-900,491
-940,507
-928,507
-932,455
-884,441
-884,435
-944,479
-920,469
-836,379
-968,375
-904,321
-876,377
-916,383
-904,351
-968,415
-968,405
-940,365
-920,437
-932,413
-884,383
-832,355
-780,367
-836,425
-860,459
-856,477
-856,443
-852,411
-884,419
-816,357
-872,389
-828,371
-888,399
-928,413
-852,399
-840,401
-904,453
-876,423
-900,449
-932,489
-952,499
-1000,535
-1032,551
-1044,547
-1004,515
-992,527
-948,475
-900,425
-896,427
-860,393
-832,387
-920,459
-964,511
-968,459
-936,415
-804,347
-816,395
-892,435
-912,453
-936,463
-892,389
-860,379
-964,477
-1012,503
-948,483
-896,447
-860,443
-900,479
-900,471
-896,447
-900,471
-880,463
-896,479
-892,491
-920,469
-968,511
-924,479
-1000,459
-956,469
-952,489
-940,503
-980,505
-988,511
-916,501
-888,495
-968,505
-992,537
-992,523
-1004,525
-924,501
-936,513
-944,523
-996,537
-880,477
-960,511
-932,483
-920,461
-936,493
-936,495
-904,495
-1000,539
-1036,545
-984,525
-948,511
-928,499
-932,497
-924,493
-904,479
-1000,517
-988,519
-1048,527
-908,457
-912,475
-980,503
-1012,499
-928,451
-1016,523
-988,515
-908,485
-988,519
-976,519
-984,509
-1004,521
-960,509
-1068,547
-1060,561
-1008,547
-1048,543
-992,493
-1024,513
-976,479
-952,473
-928,495
-872,461
-932,479
-848,435
-912,453
-896,433
-892,413
-872,415
-932,449
-900,409
-892,451
-916,477
-924,461
-960,489
-928,485
-940,479
-932,495
-916,493
-956,511
-1064,557
-1072,551
-1008,501
-928,467
-864,423
-840,401
-840,409
-864,417
-916,451
-892,405
-884,419
-824,419
-728,319
-812,337
-840,367
-808,413
-792,429
-896,425
-892,413
-860,405
-824,351
-804,331
-856,367
-888,425
-868,403
-916,465
-944,495
-872,435
-912,459
-916,459
-988,497
-1084,567
-1036,551
-1044,545
-1048,539
-980,511
-944,515
-980,501
-892,427
-892,433
-876,403
-960,469
-920,471
-892,443
-1008,483
-924,471
-924,461
-880,427
-796,359
-852,325
-828,311
-852,295
-928,309
-884,353
-844,377
-856,359
-956,379
-904,371
-888,313
-844,289
-908,267
-876,255
-892,239
-908,193
-856,175
-788,183
-804,133
-740,145
-784,155
-816,161
-840,207
-848,287
-804,273
-836,271
-804,287
-828,257
-868,241
-872,285
-844,277
-884,229
-768,163
-784,171
-756,87
-784,89
-788,47
-812,79
-816,131
-800,195
-824,245
-776,223
-692,169
-728,219
-816,261
-796,259
-872,361
-848,357
-868,351
-880,357
-896,365
-912,403
-820,411
-828,403
-908,445
-916,459
-892,435
-832,437
-868,435
-896,441
-884,431
-868,429
-932,477
-976,519
-980,531
-1040,539
-996,515
-904,445
-828,425
-916,443
-844,413
-840,411
-844,359
-800,253
-808,311
-852,329
-892,311
-840,329
-868,359
-820,363
-872,343
-808,303
-756,311
-832,397
-800,369
-864,431
-988,505
-932,479
-900,439
-840,405
-876,389
-916,461
-1024,529
-976,531
-1008,541
-992,523
-1036,539
-1036,551
-1036,529
-972,509
-1016,545
-988,529
-912,493
-928,501
-968,503
-932,487
-860,401
-828,305
-884,317
-804,289
-932,303
-876,243
-944,197
-888,201
-836,271
-936,337
-920,317
-884,255
-912,153
-784,123
-796,119
-844,133
-812,103
-808,93
-836,87
-928,143
-856,161
-872,159
-848,169
-796,207
-912,265
-804,209
-824,211
-836,197
-844,161
-828,239
-784,267
-856,259
-824,247
-856,311
-828,299
-828,283
-832,227
-740,179
-728,105
-728,51
-792,5
-764,11
-752,21
-748,29
-808,49
-824,23
-852,25
-844,7
-780,35
-796,-27
-816,11
-776,3
-792,43
-776,63
-728,27
-684,-19
-808,-43
-808,-59
-804,-79
-752,-63
-832,-77
-812,-93
-712,-21
-752,-43
-804,-57
-772,-81
-764,-15
-756,-57
-824,1
-828,-39
-816,-71
-836,-129
-788,-99
-708,-105
-736,-7
-684,3
-692,41
-676,39
-756,123
-776,107
-852,155
-876,233
-808,235
-808,225
-832,273
-848,321
-816,291
-836,367
-896,371
-868,389
-888,417
-872,399
-944,421
-844,393
-860,379
-920,427
-912,375
-844,301
-828,217
-808,175
-828,201
-800,201
-808,255
-900,243
-916,295
-900,293
-804,291
-756,253
-812,289
-832,267
-836,163
-776,135
-788,105
-764,149
-824,179
-768,183
-820,173
-844,203
-816,187
-816,181
-808,199
-820,233
-888,333
-832,339
-872,395
-936,407
-936,403
-940,395
-924,391
-936,407
-960,477
-1052,537
-1004,527
-1004,535
-896,451
-916,435
-860,401
-876,425
-936,401
-856,399
-948,421
-928,437
-876,439
-848,451
-808,427
-876,421
-848,413
-964,407
-876,351
-900,429
-924,421
-860,397
-816,383
-920,435
-912,439
-976,483
-892,461
-956,499
-924,477
-808,395
-856,381
-860,377
-816,377
-828,345
-844,313
-888,363
-796,313
-912,375
-852,381
-784,379
-796,359
-848,309
-744,317
-772,335
-776,317
-784,303
-776,339
-820,315
-852,347
-868,355
-892,421
-868,413
-940,485
-844,459
-924,479
-936,477
-972,465
-984,495
-976,503
-1032,519
-984,529
-976,499
-900,459
-852,395
-860,383
-816,375
-728,277
-840,401
-872,403
-844,391
-876,385
-812,313
-880,295
-896,273
-828,219
-836,177
-880,137
-824,111
-840,119
-852,169
-820,171
-776,145
-832,195
-828,291
-772,219
-792,189
-864,187
-824,233
-808,133
-752,177
-740,171
-772,121
-852,171
-828,153
-784,121
-840,131
-796,149
-816,127
-780,125
-828,161
-880,165
-884,123
-856,89
-816,65
-844,77
-844,133
-872,139
-840,135
-868,205
-784,151
-832,233
-828,233
-820,243
-880,251
-880,263
-940,331
-904,345
-872,283
-904,315
-892,325
-860,341
-868,351
-892,405
-948,435
-908,405
-780,365
-820,371
-752,361
-836,393
-908,451
-1028,535
-992,489
-964,457
-952,483
-1044,559
-992,519
-1036,529
-916,467
-860,467
-820,425
-836,381
-924,467
-880,439
-892,447
-904,449
-904,457
-900,459
-928,483
-956,499
-1052,547
-1012,539
-988,523
-968,511
-976,511
-928,505
-900,493
-972,505
-964,509
-944,471
-952,515
-948,499
-900,447
-904,435
-888,409
-876,379
-900,411
-880,453
-876,485
-956,519
-996,533
-1004,531
-1080,573
-984,525
-996,493
-944,461
-952,493
-972,497
-920,443
-844,447
-880,459
-924,461
-1008,507
-1016,519
-1020,535
-936,477
-900,475
-952,477
-856,439
-960,481
-948,483
-920,471
-848,445
-1012,531
-936,479
-1048,549
-956,451
-940,443
-1012,403
-920,395
-944,415
-868,303
-860,259
-812,247
-848,239
-892,239
-936,237
-844,195
-864,223
-840,197
-804,129
-772,121
-716,63
-692,63
-728,43
-668,11
-796,47
-824,17
-796,51
-816,65
-800,29
-812,59
-748,39
-856,47
-708,-35
-764,-23
-776,11
-772,-81
-796,-89
-796,-65
-824,-95
-700,-63
-772,-37
-880,-7
-804,7
-848,31
-824,67
-852,61
-852,89
-812,123
-804,93
-780,69
-796,53
-736,85
-756,107
-728,101
-796,91
-792,101
-804,167
-728,147
-748,187
-740,185
-856,173
-808,171
-816,247
-876,369
-832,379
-876,367
-840,345
-872,333
-844,293
-824,285
-868,259
-880,237
-844,273
-856,279
-844,293
-904,293
-856,359
-916,291
-840,337
-824,319
-880,331
-820,367
-840,359
-840,375
-776,363
-868,465
-896,479
-864,443
-912,457
-896,469
-964,493
-900,493
-940,497
-968,443
-952,441
-884,459
-1004,535
-916,475
-984,493
-1012,499
-936,469
-1020,485
-1004,489
-956,459
-904,461
-920,497
-1024,533
-920,471
-944,489
-964,511
-968,495
-912,489
-908,459
-892,487
-836,451
-964,503
-972,491
-984,485
-940,445
-900,449
-904,389
-884,321
-836,239
-824,271
-848,289
-848,295
-876,341
-856,413
-856,401
-840,391
-932,411
-832,365
-868,379
-888,399
-876,423
-936,477
-932,461
-912,425
-972,461
-944,439
-1004,517
-896,469
-816,383
-888,379
-916,391
-884,405
-832,399
-824,357
-888,371
-844,345
-904,391
-876,319
-824,251
-764,215
-736,227
-768,237
-728,221
-768,269
-780,277
-760,281
-732,261
-812,279
-864,311
-828,225
-740,219
-720,199
-768,247
-752,249
-832,287
-816,221
-832,167
-824,173
-820,157
-780,165
-844,179
-844,239
-888,269
-840,241
-844,247
-844,295
-812,253
-832,295
-844,315
-924,401
-796,349
-832,403
-868,389
-804,347
-800,347
-856,343
-872,403
-940,421
-820,405
-864,435
-904,431
-892,431
-872,437
-868,449
-828,425
-836,445
-892,467
-956,513
-928,499
-952,505
-992,515
-1000,523
-1072,551
-968,497
-940,475
-876,421
-872,435
-920,449
-968,471
-1016,511
-968,495
-848,431
-864,425
-848,423
-808,393
-836,423
-952,507
-904,463
-872,451
-960,487
-988,515
-992,515
-964,489
-940,481
-928,489
-976,501
-968,499
-1028,517
-836,419
-900,409
-788,341
-860,361
-800,329
-876,345
-892,299
-960,337
-888,309
-904,351
-876,369
-852,341
-896,343
-900,383
-948,433
-900,389
-920,363
-888,305
-704,151
-736,179
-776,207
-796,179
-800,213
-820,243
-804,221
-900,289
-896,341
-916,325
-888,317
-876,329
-792,271
-808,281
-784,263
-896,305
-888,279
-788,193
-804,201
-876,255
-804,249
-756,277
-784,203
-836,241
-864,279
-940,377
-896,383
-936,409
-944,363
-860,357
-824,323
-840,347
-804,349
-800,307
-900,407
-876,397
-912,433
-916,445
-976,493
-940,471
-876,445
-932,479
-908,459
-924,475
-952,455
-904,423
-888,459
-1012,535
-1088,575
-1008,535
-912,497
-900,455
-880,433
-840,399
-836,417
-876,447
-832,435
-884,435
-928,433
-984,487
-980,505
-964,513
-892,477
-848,421
-844,403
-772,435
-848,471
-848,439
-960,491
-952,483
-936,523
-924,497
-1016,543
-1008,547
-1008,501
-996,501
-968,477
-920,491
-956,497
-936,475
-900,477
-888,463
-1004,533
-976,521
-1040,541
-924,513
-880,479
-936,437
-884,403
-864,429
-876,425
-828,353
-780,335
-876,439
-920,477
-940,493
-968,507
-940,511
-1044,549
-1016,519
-976,489
-948,505
-984,497
-916,459
-1012,541
-1068,559
-980,511
-1024,531
-1012,507
-1012,505
-1000,537
-1024,527
-988,519
-1016,527
-1008,533
-952,505
-1048,555
-908,507
-980,521
-880,469
-920,487
-912,463
-808,407
-880,415
-972,459
-896,425
-1000,503
-1012,505
-960,513
-928,495
-1012,529
-996,501
-924,475
-936,481
-880,453
-928,485
-968,513
-1104,579
-1136,585
-984,519
-956,487
-948,483
-984,471
-936,423
-932,415
-944,441
-900,439
-920,465
-956,509
-880,465
-888,465
-920,511
-984,515
-980,517
-1020,523
-976,513
-924,501
-1036,555
-952,521
-928,465
-968,499
-984,511
-900,479
-968,501
-912,469
-880,477
-888,447
-988,467
-932,417
-980,469
-960,487
-1008,519
-972,499
-976,493
-948,455
-908,431
-912,419
-920,469
-944,485
-928,431
-884,365
-920,417
-928,465
-892,433
-860,423
-888,425
-812,393
-888,455
-964,483
-912,463
-964,503
-916,489
-928,501
-880,477
-900,487
-904,469
-936,485
-844,419
-828,373
-828,389
-836,411
-904,429
-908,447
-904,457
-888,453
-852,481
-876,495
-932,493
-1000,537
-1036,537
-1032,523
-924,463
-924,463
-868,429
-912,401
-880,379
-900,371
-912,377
-884,357
-916,331
-876,379
-828,367
-716,265
-784,251
-776,299
-804,319
-788,387
-908,453
-980,461
-1004,515
-900,461
-864,447
-884,455
-932,429
-876,407
-920,401
-868,419
-856,403
-904,413
-884,373
-852,291
-808,301
-852,357
-844,349
-868,395
-892,459
-948,499
-928,485
-1012,505
-1016,533
-1028,543
-984,535
-944,499
-952,517
-956,505
-1008,521
-988,523
-932,493
-976,509
-1056,557
-944,523
-988,515
-964,501
-996,529
-1036,527
-908,477
-920,483
-968,503
-992,533
-992,525
-956,483
-1016,525
-1020,529
-1000,531
-988,449
-980,499
-992,507
-1032,539
-992,509
-948,505
-892,465
-904,433
-928,437
-904,441
-1016,459
-928,423
-920,455
-920,455
-904,461
-896,449
-976,485
-920,439
-900,447
-840,419
-864,461
-876,463
-824,411
-904,445
-852,407
-812,439
-904,473
-948,501
-948,483
-924,493
-920,475
-968,517
-1016,519
-988,517
-992,519
-916,495
-1032,535
-972,509
-904,457
-924,481
-992,495
-952,495
-904,461
-980,459
-836,413
-824,419
-868,457
-892,485
-904,477
-856,411
-872,361
-860,367
-852,293
-892,285
-852,263
-900,307
-836,293
-892,279
-804,273
-828,279
-868,237
-788,183
-816,217
-836,227
-876,305
-824,373
-928,451
-840,415
-876,393
-920,387
-864,323
-768,221
-836,239
-844,231
-772,259
-804,305
-856,381
-824,387
-792,385
-820,417
-948,449
-1000,525
-988,515
-924,473
-968,501
-952,499
-964,509
-972,487
-872,427
-952,463
-924,443
-884,391
-964,405
-912,405
-848,369
-916,461
-956,487
-996,513
-1032,529
-960,497
-912,461
-944,479
-960,495
-896,477
-976,529
-976,517
-980,519
-932,501
-916,465
-972,499
-932,457
-904,405
-836,389
-812,361
-744,315
-828,391
-836,407
-932,483
-920,471
-840,451
-904,477
-864,477
-988,525
-912,455
-916,463
-908,463
-908,449
-952,477
-992,523
-1028,543
-1000,537
-972,505
-1000,523
-988,499
-952,475
-864,415
-888,437
-948,487
-980,513
-920,485
-956,497
-944,477
-956,421
-976,401
-980,407
-900,349
-872,379
-812,343
-736,315
-788,361
-828,375
-876,405
-980,437
-992,491
-1020,499
-968,467
-988,431
-924,395
-840,271
-816,255
-844,293
-836,343
-868,381
-912,411
-884,421
-896,417
-912,421
-880,423
-872,439
-972,479
-948,443
-848,419
-980,467
-900,433
-908,461
-924,507
-924,455
-880,459
-940,465
-940,463
-912,497
-944,497
-928,489
-852,451
-888,475
-916,501
-948,499
-852,435
-888,451
-908,471
-912,463
-876,451
-920,455
-884,413
-896,429
-832,411
-844,403
-864,433
-852,419
-896,447
-832,361
-840,387
-824,393
-848,467
-844,417
-828,417
-868,455
-868,435
-1020,503
-988,465
-916,405
-780,283
-836,327
-760,271
-872,403
-916,455
-916,445
-844,409
-928,439
-868,389
-904,377
-844,333
-892,375
-900,355
-876,285
-864,289
-896,345
-908,397
-924,315
-872,235
-808,183
-792,119
-744,47
-712,33
-712,-5
-828,49
-828,-19
-776,21
-788,65
-768,141
-748,69
-804,85
-752,137
-704,175
-692,173
-708,173
-668,89
-688,125
-860,107
-780,81
-772,147
-816,189
-764,221
-800,245
-808,239
-768,241
-836,143
-800,219
-776,223
-736,167
-748,213
-772,251
-856,293
-912,331
-892,377
-828,397
-876,435
-864,395
-904,377
-948,437
-872,421
-932,399
-960,435
-932,401
-896,371
-860,361
-836,271
-776,225
-800,229
-804,169
-908,195
-884,215
-900,171
-936,227
-888,221
-816,237
-768,227
-808,257
-772,261
-932,323
-904,317
-888,297
-864,279
-812,275
-880,315
-856,269
-856,257
-844,313
-828,301
-864,309
-912,307
-912,335
-904,429
-992,491
-948,447
-980,483
-964,477
-924,479
-996,533
-948,465
-964,449
-892,443
-900,421
-872,463
-896,465
-936,497
-952,509
-908,483
-980,467
-960,453
-924,383
-812,361
-908,473
-960,483
-880,461
-932,479
-896,447
-908,447
-936,471
-984,431
-884,403
-916,387
-988,421
-952,411
-868,347
-968,329
-932,287
-896,227
-928,193
-892,163
-820,151
-804,157
-852,165
-864,143
-876,199
-864,191
-876,93
-824,51
-792,73
-828,133
-860,121
-804,177
-816,203
-756,161
-768,169
-808,207
-852,211
-820,155
-840,153
-776,123
-784,115
-824,123
-832,161
-748,129
-696,79
-708,79
-708,99
-772,151
-800,159
-804,149
-828,159
-860,149
-804,75
-788,121
-864,279
-776,253
-840,255
-872,325
-884,323
-820,345
-944,433
-936,443
-996,459
-904,439
-948,423
-928,459
-900,459
-924,427
-864,445
-940,427
-972,453
-988,479
-1032,511
-996,517
-1012,493
-1024,503
-980,495
-964,509
-1032,513
-952,511
-992,541
-1032,549
-996,529
-1088,571
-1064,555
-1032,531
-1036,531
-976,487
-912,429
-916,493
-856,461
-876,429
-924,463
-844,403
-892,391
-904,399
-844,367
-808,361
-824,377
-784,303
-764,297
-760,291
-828,317
-840,331
-888,397
-916,389
-888,383
-936,383
-932,325
-912,297
-940,335
-888,331
-892,343
-884,325
-852,345
-844,319
-828,357
-896,353
-880,389
-752,297
-772,277
-804,277
-784,257
-752,221
-724,241
-836,283
-824,331
-840,307
-816,273
-812,243
-832,303
-896,327
-860,323
-816,297
-924,319
-968,267
-904,265
-856,255
-824,297
-908,293
-940,297
-884,313
-916,329
-904,345
-844,271
-864,279
-824,251
-792,289
-884,381
-876,445
-848,413
-808,411
-888,391
-920,371
-872,337
-840,283
-792,243
-756,281
-792,339
-764,253
-740,231
-792,161
-768,181
-852,239
-780,233
-800,207
-808,207
-772,183
-816,249
-756,249
-868,323
-852,351
-920,391
-872,357
-844,353
-780,337
-776,241
-724,253
-828,289
-872,283
-896,293
-860,269
-800,235
-728,141
-832,69
-844,39
-832,119
-812,97
-860,133
-844,147
-872,139
-828,125
-768,115
-784,95
-756,63
-736,79
-704,65
-768,97
-772,95
-768,39
-764,33
-776,169
-828,123
-732,137
-796,245
-804,269
-892,353
-872,349
-908,409
-900,435
-924,453
-876,443
-868,439
-928,493
-956,501
-888,409
-856,381
-876,391
-912,429
-836,407
-924,467
-856,405
-912,411
-804,377
-884,465
-980,531
-1032,539
-952,507
-844,453
-892,465
-868,453
-864,457
-872,413
-880,413
-1004,511
-1004,519
-932,471
-1044,531
-964,501
-964,497
-1076,533
-980,511
-1004,499
-960,517
-984,515
-1028,531
-1036,549
-1096,569
-1060,567
-1032,543
-1100,563
-1064,555
-984,517
-996,511
-944,499
-912,455
-892,443
-948,459
-832,415
-912,457
-924,489
-904,461
-856,441
-840,427
-948,511
-976,501
-888,469
-900,485
-944,497
-872,471
-852,461
-848,449
-932,475
-912,485
-972,481
-768,389
-900,419
-892,429
-932,439
-920,451
-920,459
-884,345
-848,303
-832,277
-848,285
-872,283
-824,241
-844,203
-808,187
-804,321
-788,237
-896,235
-848,207
-744,151
-744,235
-772,271
-852,287
-804,267
-832,305
-820,271
-868,287
-836,237
-852,225
-772,155
-836,93
-848,121
-808,167
-736,137
-840,131
-824,131
-904,13
-864,129
-804,233
-788,257
-876,315
-836,279
-776,295
-784,247
-836,255
-840,241
-908,267
-864,207
-804,185
-808,225
-868,303
-864,305
-852,361
-832,367
-956,429
-924,451
-932,499
-944,479
-972,469
-928,457
-860,421
-904,459
-916,471
-976,495
-900,445
-872,395
-872,411
-956,505
-932,485
-828,417
-800,417
-884,453
-912,467
-916,447
-920,395
-824,369
-796,301
-868,299
-868,259
-828,327
-856,349
-768,283
-796,309
-784,247
-804,251
-768,217
-764,89
-744,61
-712,-19
-696,13
-728,-59
-668,-9
-676,21
-788,31
-784,13
-804,41
-784,75
-888,151
-828,93
-828,49
-816,29
-784,-25
-748,-33
-816,-75
-772,-47
-792,-107
-872,-103
-888,-43
-904,-25
-900,-97
-928,-125
-900,-135
-912,-165
-844,-143
-800,-127
-784,-105
-824,-175
-864,-165
-860,-113
-904,-205
-824,-173
-816,-231
-784,-221
-828,-201
-848,-221
-788,-189
-780,-231
-876,-295
-784,-281
-816,-281
-816,-269
-824,-229
-848,-299
-832,-299
-816,-239
-812,-229
-820,-239
-816,-209
-796,-201
-792,-233
-840,-253
-832,-263
-784,-281
-892,-405
-892,-469
-896,-469
-876,-429
-916,-385
-988,-359
-932,-349
-920,-401
-824,-359
-932,-441
-988,-439
-964,-463
-880,-407
-976,-439
-840,-383
-872,-367
-948,-417
-960,-393
-892,-357
-904,-403
-868,-403
-880,-399
-880,-355
-868,-333
-892,-327
-876,-309
-820,-301
-892,-389
-824,-387
-864,-419
-896,-431
-904,-427
-940,-423
-948,-397
-936,-381
-892,-383
-944,-413
-844,-401
-848,-387
-828,-403
-884,-415
-912,-431
-956,-481
-940,-483
-980,-479
-952,-433
-980,-433
-936,-407
-896,-401
-928,-401
-892,-413
-932,-457
-928,-435
-936,-469
-912,-441
-896,-457
-916,-481
-916,-453
-876,-425
-932,-441
-892,-427
-956,-469
-940,-447
-920,-451
-920,-501
-912,-489
-928,-507
-932,-489
-1016,-513
-964,-501
-948,-493
-976,-499
-904,-483
-900,-487
-984,-519
-936,-491
-928,-479
-908,-445
-788,-403
-972,-457
-900,-459
-956,-507
-948,-497
-936,-497
-992,-493
-944,-495
-920,-425
-912,-433
-872,-425
-876,-427
-840,-399
-920,-433
-908,-425
-932,-431
-888,-433
-828,-385
-964,-501
-908,-479
-996,-507
-916,-469
-920,-473
-916,-465
-928,-449
-956,-441
-840,-379
-904,-455
-888,-425
-840,-323
-844,-301
-724,-249
-796,-225
-840,-271
-860,-351
-936,-341
-928,-349
-892,-353
-868,-399
-836,-381
-908,-431
-956,-445
-888,-419
-880,-389
-896,-411
-868,-431
-848,-413
-904,-455
-904,-449
-824,-425
-952,-469
-952,-481
-904,-427
-824,-339
-880,-343
-832,-341
-832,-385
-876,-431
-948,-485
-908,-467
-824,-403
-800,-383
-860,-449
-856,-417
-912,-493
-948,-513
-968,-525
-964,-519
-1060,-551
-1084,-567
-1004,-529
-912,-489
-904,-479
-908,-495
-888,-465
-1064,-555
-1020,-531
-892,-425
-756,-297
-844,-317
-852,-315
-828,-267
-812,-213
-792,-181
-816,-207
-728,-169
-820,-159
-816,-141
-848,-231
-848,-275
-892,-361
-892,-361
-756,-259
-728,-213
-824,-281
-824,-329
-804,-369
-852,-451
-832,-431
-868,-465
-920,-455
-936,-469
-920,-461
-940,-503
-964,-501
-884,-445
-912,-471
-968,-481
-1012,-511
-948,-471
-888,-443
-828,-401
-880,-393
-908,-467
-944,-503
-936,-495
-988,-529
-916,-493
-988,-491
-932,-467
-940,-461
-884,-441
-900,-409
-860,-397
-900,-377
-936,-405
-904,-399
-932,-439
-932,-445
-888,-415
-932,-483
-980,-511
-1040,-553
-1016,-541
-976,-527
-992,-525
-916,-473
-992,-483
-988,-493
-940,-483
-1000,-511
-1012,-523
-976,-501
-916,-475
-976,-503
-1004,-501
-980,-501
-916,-471
-1000,-509
-976,-497
-1020,-533
-1048,-561
-1032,-545
-1080,-563
-948,-491
-996,-497
-896,-461
-904,-473
-940,-493
-932,-477
-984,-511
-964,-471
-976,-483
-952,-453
-1020,-483
-920,-419
-868,-395
-844,-345
-812,-349
-860,-379
-888,-407
-880,-397
-936,-383
-932,-433
-924,-445
-996,-527
-916,-485
-884,-453
-940,-495
-892,-451
-884,-451
-832,-431
-828,-393
-900,-457
-856,-457
-920,-477
-976,-491
-936,-493
-1032,-545
-984,-491
-956,-495
-932,-467
-904,-449
-968,-479
-920,-439
-828,-405
-844,-437
-884,-437
-904,-477
-912,-469
-932,-467
-948,-475
-968,-477
-944,-463
-876,-447
-808,-375
-916,-411
-856,-325
-872,-375
-876,-361
-836,-361
-900,-397
-872,-377
-904,-381
-880,-379
-928,-337
-868,-301
-884,-257
-880,-225
-848,-297
-848,-309
-860,-363
-820,-353
-868,-327
-912,-307
-836,-263
-844,-257
-800,-199
-748,-209
-888,-195
-832,-215
-852,-173
-892,-223
-816,-223
-832,-191
-808,-171
-788,-107
-828,-81
-804,-59
-820,-137
-772,-119
-852,-129
-832,-129
-840,-121
-832,-15
-820,49
-788,-13
-688,29
-808,-29
-832,-81
-796,-49
-752,-73
-844,11
-840,7
-772,5
-832,55
-880,55
-860,29
-844,-5
-756,-5
-852,41
-800,41
-816,11
-848,37
-880,5
-828,-35
-804,-29
-864,-53
-808,-51
-772,-73
-792,-59
-804,-33
-788,-97
-796,-143
-832,-229
-812,-207
-848,-241
-840,-277
-928,-315
-892,-303
-808,-251
-804,-197
-836,-277
-912,-317
-864,-323
-912,-393
-936,-381
-860,-325
-836,-325
-900,-355
-924,-365
-956,-367
-864,-355
-856,-369
-856,-385
-908,-377
-840,-421
-876,-415
-752,-347
-788,-363
-868,-361
-888,-347
-968,-365
-884,-301
-880,-321
-884,-277
-908,-363
-796,-319
-808,-321
-808,-307
-752,-287
-768,-309
-772,-289
-772,-277
-824,-233
-804,-245
-864,-319
-844,-325
-872,-335
-904,-363
-884,-373
-924,-379
-868,-347
-820,-311
-788,-321
-700,-263
-688,-207
-780,-297
-796,-295
-744,-275
-804,-323
-876,-333
-880,-347
-848,-385
-860,-413
-912,-451
-928,-413
-836,-343
-844,-351
-944,-481
-964,-497
-980,-527
-940,-509
-904,-481
-948,-493
-908,-481
-824,-377
-944,-449
-980,-511
-988,-509
-968,-497
-976,-497
-924,-469
-836,-405
-816,-299
-792,-297
-820,-307
-824,-315
-856,-357
-864,-329
-896,-341
-880,-343
-928,-433
-948,-467
-928,-451
-916,-485
-932,-471
-884,-409
-848,-381
-868,-429
-884,-421
-932,-423
-916,-425
-860,-385
-812,-381
-988,-469
-908,-447
-868,-411
-844,-409
-828,-415
-800,-377
-792,-339
-760,-255
-796,-291
-824,-289
-864,-307
-848,-319
-856,-315
-876,-353
-928,-353
-920,-303
-888,-331
-880,-397
-924,-415
-944,-415
-856,-359
-888,-341
-828,-373
-852,-387
-876,-387
-896,-423
-864,-431
-884,-457
-920,-471
-924,-493
-984,-521
-952,-489
-988,-527
-956,-513
-892,-487
-848,-457
-788,-425
-788,-411
-940,-465
-900,-453
-976,-477
-980,-479
-956,-455
-948,-451
-1028,-521
-1008,-531
-988,-515
-1028,-543
-932,-485
-952,-493
-876,-419
-844,-393
-900,-387
-956,-439
-848,-433
-872,-437
-940,-491
-984,-477
-972,-457
-972,-471
-936,-467
-836,-381
-868,-403
-872,-365
-884,-391
-792,-361
-876,-419
-764,-363
-812,-353
-836,-397
-812,-403
-848,-367
-828,-363
-836,-329
-836,-321
-836,-283
-836,-241
-880,-245
-860,-295
-948,-355
-900,-389
-920,-385
-920,-423
-884,-417
-996,-491
-984,-479
-952,-405
-904,-411
-844,-413
-928,-461
-932,-429
-920,-451
-936,-451
-908,-455
-864,-427
-788,-389
-892,-433
-916,-459
-952,-455
-912,-439
-824,-389
-888,-443
-920,-439
-904,-403
-908,-397
-848,-383
-828,-363
-868,-399
-880,-359
-852,-371
-832,-357
-868,-339
-828,-355
-804,-365
-844,-427
-816,-453
-892,-481
-1044,-509
-948,-465
-928,-477
-952,-483
-900,-447
-900,-463
-896,-491
-956,-509
-972,-519
-1016,-513
-948,-475
-940,-469
-860,-449
-844,-429
-840,-407
-840,-361
-892,-427
-900,-435
-952,-441
-884,-393
-944,-449
-896,-447
-908,-433
-944,-481
-988,-509
-1024,-529
-928,-461
-964,-489
-944,-459
-980,-491
-920,-467
-932,-449
-1068,-515
-960,-493
-956,-473
-892,-471
-1004,-541
-1004,-517
-972,-525
-920,-485
-1008,-521
-1056,-559
-1020,-539
-964,-519
-884,-455
-968,-439
-964,-475
-948,-471
-900,-485
-948,-509
-1000,-525
-960,-507
-1028,-521
-1004,-505
-928,-475
-872,-459
-788,-391
-928,-467
-964,-487
-956,-495
-932,-497
-1024,-541
-960,-495
-972,-503
-848,-427
-924,-473
-876,-411
-844,-433
-872,-447
-924,-455
-900,-383
-848,-317
-800,-309
-776,-395
-768,-373
-832,-401
-812,-425
-840,-423
-872,-445
-872,-455
-892,-443
-944,-451
-932,-463
-916,-443
-916,-409
-924,-417
-908,-471
-924,-475
-912,-463
-912,-461
-908,-463
-1000,-483
-872,-415
-916,-389
-860,-377
-884,-427
-900,-437
-808,-345
-852,-389
-804,-373
-912,-427
-928,-449
-880,-415
-900,-441
-992,-469
-948,-495
-920,-469
-904,-441
-900,-437
-876,-435
-924,-465
-964,-475
-932,-495
-964,-521
-988,-519
-972,-519
-1012,-537
-920,-469
-872,-451
-880,-423
-832,-397
-828,-381
-936,-461
-872,-457
-888,-423
-948,-479
-844,-431
-876,-371
-796,-373
-772,-385
-832,-371
-796,-355
-896,-441
-880,-443
-900,-433
-932,-445
-840,-327
-756,-355
-772,-355
-828,-401
-924,-463
-896,-415
-892,-369
-976,-415
-900,-359
-872,-367
-916,-439
-976,-491
-988,-519
-976,-501
-980,-517
-1000,-537
-996,-517
-892,-445
-872,-447
-884,-397
-852,-349
-872,-347
-860,-363
-840,-375
-852,-379
-880,-453
-1008,-499
-924,-491
-960,-483
-920,-431
-992,-471
-828,-381
-916,-447
-948,-489
-980,-501
-928,-473
-920,-449
-884,-455
-1008,-527
-1056,-555
-988,-525
-976,-507
-1004,-515
-1044,-543
-900,-487
-964,-511
-944,-495
-916,-481
-976,-525
-952,-499
-932,-489
-952,-507
-892,-483
-936,-503
-956,-501
-956,-503
-920,-495
-984,-523
-960,-507
-960,-497
-1044,-527
-944,-495
-912,-473
-952,-493
-936,-477
-912,-471
-940,-487
-864,-477
-868,-477
-852,-467
-884,-491
-864,-473
-948,-477
-992,-515
-1020,-505
-908,-477
-980,-497
-936,-487
-984,-525
-988,-507
-936,-497
-932,-491
-972,-521
-948,-499
-944,-465
-904,-435
-884,-423
-912,-465
-956,-487
-928,-487
-972,-515
-900,-491
-868,-451
-1024,-533
-948,-491
-912,-439
-896,-415
-876,-407
-864,-377
-844,-375
-888,-351
-888,-389
-888,-401
-920,-427
-756,-371
-808,-405
-892,-425
-872,-415
-924,-415
-968,-425
-952,-473
-924,-421
-992,-515
-1000,-517
-940,-505
-976,-519
-1000,-533
-1032,-537
-1036,-545
-988,-521
-1076,-561
-1052,-537
-1036,-535
-1000,-517
-1032,-549
-988,-517
-964,-497
-904,-481
-944,-511
-872,-461
-956,-483
-868,-431
-880,-425
-904,-445
-956,-489
-1056,-543
-1068,-549
-1024,-521
-964,-481
-920,-473
-992,-513
-1024,-529
-1028,-533
-896,-455
-952,-481
-992,-527
-1020,-543
-1076,-557
-1048,-565
-1012,-531
-996,-515
-948,-493
-860,-425
-836,-407
-792,-391
-920,-451
-980,-503
-1044,-551
-956,-501
-1044,-539
-1052,-555
-1048,-527
-956,-477
-984,-505
-976,-519
-984,-485
-948,-485
-1000,-513
-936,-479
-932,-481
-968,-505
-900,-487
-956,-505
-976,-519
-992,-537
-1032,-551
-1052,-553
-1024,-537
-1008,-537
-948,-511
-964,-521
-944,-503
-940,-495
-992,-529
-1048,-549
-900,-481
-876,-447
-752,-359
-776,-371
-844,-421
-984,-513
-952,-501
-972,-493
-908,-461
-844,-425
-812,-415
-904,-463
-940,-491
-852,-427
-904,-425
-904,-371
-816,-347
-892,-373
-824,-397
-832,-439
-816,-425
-780,-337
-788,-389
-796,-391
-880,-441
-892,-405
-940,-421
-984,-455
-944,-429
-956,-433
-836,-401
-884,-395
-952,-409
-928,-437
-892,-463
-840,-449
-948,-495
-832,-387
-920,-431
-932,-437
-824,-391
-772,-355
-828,-389
-904,-433
-1020,-503
-1040,-555
-1068,-561
-1036,-553
-1012,-541
-1024,-541
-1060,-525
-908,-493
-908,-469
-900,-463
-892,-469
-980,-517
-976,-495
-920,-423
-920,-421
-956,-381
-944,-417
-936,-403
-940,-459
-904,-437
-844,-359
-800,-313
-800,-353
-880,-437
-888,-467
-828,-403
-880,-425
-796,-359
-920,-429
-884,-467
-960,-495
-908,-461
-912,-457
-796,-415
-944,-489
-900,-471
-908,-451
-968,-517
-1024,-543
-1016,-499
-968,-493
-900,-475
-1000,-529
-952,-477
-940,-497
-884,-457
-932,-459
-884,-409
-880,-429
-988,-465
-892,-457
-1004,-519
-1032,-503
-984,-495
-1020,-531
-1068,-557
-960,-519
-1032,-545
-1060,-555
-1036,-533
-1048,-547
-960,-505
-1000,-525
-964,-507
-968,-491
-1000,-495
-1012,-513
-904,-473
-948,-489
-948,-489
-1012,-503
-984,-499
-912,-469
-964,-509
-992,-505
-956,-489
-948,-495
-820,-379
-900,-385
-836,-343
-868,-345
-844,-297
-768,-239
-816,-279
-928,-259
-940,-225
-844,-207
-876,-293
-848,-333
-792,-343
-760,-375
-820,-385
-860,-411
-828,-377
-868,-387
-836,-405
-908,-463
-900,-459
-872,-415
-884,-391
-844,-347
-920,-393
-900,-431
-972,-423
-960,-417
-820,-313
-812,-287
-836,-255
-776,-217
-760,-179
-872,-227
-948,-281
-836,-279
-856,-273
-868,-309
-780,-313
-780,-277
-796,-341
-860,-373
-856,-337
-840,-363
-844,-355
-792,-397
-884,-393
-876,-429
-884,-403
-904,-399
-896,-439
-956,-493
-844,-431
-960,-489
-904,-451
-884,-425
-928,-455
-932,-453
-956,-465
-904,-455
-928,-483
-1020,-517
-1016,-539
-1040,-541
-972,-501
-968,-529
-928,-491
-972,-505
-932,-477
-988,-505
-1008,-539
-872,-475
-872,-473
-868,-461
-932,-499
-888,-451
-828,-407
-884,-413
-832,-393
-816,-341
-860,-355
-788,-315
-840,-307
-844,-241
-852,-281
-912,-349
-804,-331
-860,-351
-860,-315
-788,-327
-812,-299
-728,-237
-768,-179
-816,-225
-896,-193
-820,-157
-816,-65
-856,-61
-804,-65
-796,-59
-856,-175
-836,-255
-748,-285
-904,-365
-956,-421
-872,-401
-904,-431
-824,-405
-920,-467
-892,-453
-912,-467
-912,-501
-776,-407
-772,-399
-852,-399
-812,-365
-776,-397
-896,-467
-992,-509
-956,-473
-900,-457
-956,-489
-952,-507
-916,-495
-900,-501
-880,-461
-856,-445
-932,-489
-988,-469
-940,-427
-948,-417
-908,-403
-924,-421
-936,-415
-964,-427
-960,-415
-960,-417
-984,-397
-908,-373
-804,-317
-752,-249
-716,-217
-656,-159
-780,-209
-800,-191
-820,-243
-764,-169
-768,-221
-792,-189
-792,-179
-724,-119
-804,-117
-788,-83
-796,-133
-812,-161
-820,-189
-768,-189
-840,-173
-740,-141
-704,-153
-728,-201
-752,-293
-804,-289
-796,-255
-852,-321
-924,-317
-912,-319
-860,-275
-804,-259
-788,-331
-904,-379
-908,-377
-888,-365
-836,-361
-888,-407
-884,-433
-896,-437
-848,-383
-928,-395
-848,-315
-856,-389
-896,-377
-852,-383
-908,-465
-888,-433
-872,-453
-892,-447
-960,-517
-992,-509
-952,-497
-1040,-519
-872,-451
-948,-469
-952,-471
-916,-469
-892,-477
-808,-369
-836,-313
-816,-387
-996,-481
-936,-463
-940,-451
-900,-455
-912,-477
-972,-483
-916,-469
-904,-443
-920,-461
-896,-453
-1004,-485
-1016,-535
-1028,-551
-980,-533
-1024,-547
-940,-517
-868,-471
-828,-435
-924,-479
-920,-491
-924,-469
-904,-471
-948,-449
-952,-479
-1020,-521
-896,-457
-892,-447
-940,-439
-880,-423
-864,-407
-812,-345
-800,-371
-904,-429
-896,-437
-964,-481
-960,-483
-1032,-535
-932,-475
-968,-495
-936,-451
-884,-435
-880,-423
-912,-477
-1032,-529
-968,-497
-964,-481
-964,-501
-920,-499
-876,-479
-920,-451
-896,-413
-852,-393
-848,-397
-852,-407
-936,-493
-984,-523
-844,-427
-876,-447
-944,-511
-1036,-553
-940,-509
-1072,-553
-908,-485
-976,-505
-1032,-519
-988,-521
-944,-497
-896,-477
-912,-447
-928,-453
-932,-473
-976,-485
-936,-453
-884,-401
-860,-325
-832,-311
-832,-297
-804,-259
-748,-201
-824,-191
-776,-237
-848,-347
-856,-255
-864,-253
-868,-273
-860,-269
-844,-241
-872,-289
-828,-315
-812,-311
-820,-351
-752,-343
-740,-361
-784,-369
-880,-399
-832,-363
-924,-417
-956,-453
-940,-459
-928,-481
-1028,-545
-1000,-541
-992,-529
-916,-473
-932,-457
-880,-431
-1008,-515
-976,-507
-948,-487
-1004,-533
-996,-525
-968,-505
-1020,-505
-1068,-539
-904,-435
-872,-433
-892,-397
-780,-333
-800,-291
-776,-273
-800,-309
-840,-327
-908,-403
-924,-411
-912,-419
-952,-399
-944,-423
-988,-453
-920,-411
-948,-409
-912,-477
-956,-491
-872,-463
-928,-467
-900,-455
-864,-427
-868,-429
-940,-475
-936,-453
-1024,-525
-916,-491
-996,-521
-892,-481
-988,-509
-1004,-525
-1040,-539
-988,-533
-960,-505
-1004,-527
-1016,-543
-1072,-561
-1024,-525
-972,-465
-892,-441
-948,-467
-916,-473
-936,-499
-932,-477
-948,-467
-924,-439
-972,-497
-996,-499
-972,-489
-936,-469
-908,-415
-836,-393
-804,-361
-900,-401
-984,-463
-908,-423
-836,-443
-908,-489
-1000,-525
-988,-511
-980,-509
-1024,-537
-976,-513
-1024,-539
-888,-431
-960,-445
-1004,-473
-892,-423
-940,-441
-916,-461
-896,-423
-880,-381
-832,-349
-856,-337
-872,-259
-908,-231
-836,-261
-820,-253
-836,-203
-812,-199
-796,-183
-768,-153
-812,-167
-792,-151
-824,-189
-756,-105
-744,-83
-800,-161
-744,-189
-796,-235
-772,-295
-812,-395
-864,-459
-908,-473
-896,-445
-964,-463
-896,-453
-840,-401
-884,-399
-876,-401
-892,-387
-896,-367
-900,-371
-844,-403
-832,-371
-868,-399
-908,-383
-856,-371
-868,-363
-828,-389
-908,-443
-892,-455
-860,-421
-880,-429
-864,-419
-896,-455
-888,-435
-888,-435
-912,-455
-872,-407
-916,-459
-912,-439
-880,-421
-928,-459
-860,-431
-800,-343
-844,-397
-860,-385
-1000,-489
-956,-501
-944,-509
-896,-477
-980,-495
-932,-471
-964,-491
-976,-479
-884,-429
-928,-425
-908,-425
-840,-375
-856,-429
-900,-461
-940,-475
-984,-501
-980,-475
-900,-453
-820,-415
-848,-425
-876,-465
-948,-501
-1000,-507
-996,-501
-956,-471
-948,-397
-984,-469
-956,-495
-980,-495
-948,-469
-960,-491
-920,-483
-996,-497
-880,-401
-832,-405
-888,-425
-848,-441
-820,-389
-804,-349
-840,-355
-888,-419
-884,-417
-896,-421
-892,-457
-840,-427
-872,-385
-760,-301
-776,-347
-796,-303
-764,-269
-788,-233
-760,-183
-768,-139
-772,-81
-800,-103
-760,-139
-816,-141
-840,-163
-788,-135
-788,-127
-816,-171
-820,-179
-796,-177
-812,-133
-824,-113
-808,27
-820,19
-808,9
-808,15
-764,49
-832,63
-772,125
-764,175
-760,177
-796,307
-820,333
-868,383
-808,357
-848,273
-752,247
-788,247
-832,281
-800,281
-772,237
-800,199
-816,197
-772,185
-804,241
-852,219
-832,261
-888,325
-920,343
-884,317
-856,271
-884,297
-848,263
-816,205
-800,233
-824,193
-836,253
-876,269
-844,275
-848,291
-868,307
-848,301
-892,351
-900,347
-832,333
-816,341
-864,403
-860,411
-868,391
-872,449
-816,405
-780,355
-764,341
-800,329
-820,351
-716,291
-744,273
-748,257
-812,299
-820,355
-852,375
-864,407
-784,407
-856,403
-884,459
-880,435
-944,479
-892,477
-952,491
-1000,441
-944,471
-1032,535
-1064,557
-1028,547
-912,493
-856,447
-836,451
-880,465
-888,485
-936,507
-944,489
-892,441
-820,383
-832,377
-944,445
-904,441
-932,453
-936,495
-952,487
-884,437
-832,389
-852,405
-856,395
-848,437
-884,411
-908,395
-956,393
-944,435
-956,493
-1040,545
-936,485
-916,435
-976,423
-964,491
-1008,513
-932,487
-964,485
-980,519
-976,513
-916,477
-1004,513
-932,485
-916,471
-976,505
-984,501
-984,527
-948,513
-996,533
-944,473
-940,505
-944,473
-856,391
-872,429
-840,391
-808,367
-880,457
-856,447
-828,411
-868,391
-932,457
-928,469
-908,419
-940,423
-924,431
-888,391
-944,433
-932,429
-896,431
-960,453
-936,459
-928,437
-928,445
-896,411
-860,397
-888,395
-884,355
-864,339
-904,423
-944,435
-940,461
-896,453
-956,457
-1000,477
-960,485
-920,439
-852,365
-800,405
-848,429
-908,437
-792,373
-852,405
-852,431
-788,383
-864,369
-852,417
-928,493
-936,443
-944,407
-888,397
-856,359
-860,381
-924,401
-860,385
-940,447
-900,415
-912,399
-960,397
-896,351
-788,293
-816,315
-848,283
-872,297
-768,283
-932,423
-900,471
-1008,519
-1040,517
-1012,477
-892,377
-804,389
-860,435
-768,353
-792,369
-848,405
-908,463
-924,479
-960,485
-1044,505
-944,433
-932,415
-888,387
-896,363
-900,313
-924,279
-816,253
-784,229
-796,313
-780,313
-784,321
-848,371
-1032,487
-992,497
-972,493
-1008,539
-1048,549
-1032,535
-1008,525
-1020,537
-916,505
-856,473
-924,497
-920,487
-984,507
-964,465
-904,465
-908,471
-1000,509
-1040,525
-1064,551
-1028,533
-980,515
-920,495
-900,491
-812,441
-872,455
-948,471
-968,489
-924,507
-964,517
-1024,521
-1008,515
-964,505
-876,391
-872,375
-876,393
-792,387
-744,347
-740,397
-868,425
-916,441
-988,449
-884,445
-920,435
-936,449
-932,401
-948,409
-904,427
-948,447
-964,491
-932,457
-908,429
-856,401
-784,337
-828,405
-864,465
-944,495
-996,511
-936,501
-916,489
-1008,511
-1004,517
-900,477
-960,509
-976,527
-968,529
-944,489
-1004,495
-996,515
-1040,545
-1012,521
-948,501
-948,495
-956,475
-944,465
-944,473
-880,433
-884,419
-900,463
-868,449
-912,473
-988,503
-856,453
-944,513
-1012,533
-992,513
-948,493
-976,507
-980,509
-936,505
-960,507
-940,505
-932,473
-924,483
-932,445
-992,487
-1008,497
-988,497
-964,509
-964,485
-892,455
-920,467
-1012,525
-996,515
-916,465
-860,419
-916,433
-956,417
-864,381
-848,425
-912,405
-908,457
-872,433
-880,427
-936,481
-904,479
-932,491
-1000,521
-932,477
-956,479
-900,473
-892,457
-936,487
-844,443
-876,449
-844,459
-948,481
-964,479
-840,439
-904,443
-924,471
-888,439
-832,419
-848,389
-848,383
-852,421
-808,391
-844,293
-840,349
-856,349
-844,359
-792,347
-756,313
-776,285
-816,305
-916,327
-868,359
-812,293
-852,333
-828,273
-856,261
-908,333
-908,333
-860,323
-872,309
-852,281
-832,281
-840,295
-788,339
-900,459
-864,469
-932,479
-932,503
-968,529
-888,473
-940,507
-1020,549
-1020,545
-932,503
-908,479
-920,443
-952,485
-908,491
-912,495
-968,509
-964,515
-932,491
-908,471
-1028,529
-992,509
-860,451
-896,443
-908,415
-928,409
-904,407
-856,367
-856,371
-804,339
-872,325
-904,357
-896,357
-864,357
-888,343
-884,369
-924,407
-872,411
-788,369
-792,367
-844,419
-868,455
-896,487
-940,493
-964,503
-1036,529
-1032,539
-956,471
-940,465
-952,449
-976,465
-1016,493
-1044,539
-1056,561
-1060,557
-1000,517
-944,511
-944,495
-996,519
-944,509
-1020,539
-1016,523
-1020,529
-928,487
-872,465
-896,459
-916,453
-848,427
-952,457
-892,475
-900,485
-932,505
-852,457
-944,491
-928,479
-940,473
-904,413
-840,387
-880,415
-908,431
-876,383
-876,355
-860,369
-876,409
-920,451
-916,443
-964,479
-900,455
-896,439
-868,425
-852,393
-900,443
-952,485
-964,485
-984,511
-956,499
-1000,477
-960,489
-876,459
-948,501
-976,531
-1004,539
-916,491
-908,497
-1012,537
-964,499
-992,521
-988,481
-956,461
-960,485
-892,449
-896,389
-860,397
-912,401
-936,429
-920,425
-852,383
-856,385
-876,377
-844,329
-860,361
-876,387
-840,419
-900,433
-920,439
-912,463
-944,471
-960,471
-900,429
-896,435
-904,473
-948,485
-920,475
-964,465
-932,481
-820,431
-768,381
-836,423
-908,451
-812,397
-884,441
-840,427
-936,461
-892,431
-928,481
-944,487
-872,465
-860,439
-936,477
-904,469
-1056,537
-1072,553
-1040,549
-1020,539
-1008,535
-964,511
-880,455
-976,503
-952,501
-944,495
-996,505
-928,491
-920,489
-900,479
-876,443
-836,397
-872,379
-848,389
-864,415
-904,393
-1016,475
-1004,513
-996,485
-916,451
-876,449
-920,471
-984,507
-948,469
-936,491
-952,487
-1012,543
-1016,533
-1036,557
-1096,569
-1084,563
-976,527
-1024,543
-968,495
-936,479
-860,421
-788,363
-776,361
-808,361
-788,317
-728,313
-816,307
-796,259
-816,347
-780,333
-772,373
-860,431
-864,417
-820,397
-876,405
-880,423
-932,487
-924,475
-904,463
-916,439
-884,433
-892,473
-992,507
-1012,521
-992,527
-1000,519
-968,509
-936,499
-1044,537
-1004,533
-1032,545
-988,523
-1024,545
-1044,557
-988,527
-1048,533
-976,515
-968,517
-1012,525
-1024,539
-1036,545
-1012,525
-1004,519
-900,481
-928,481
-972,483
-924,401
-948,421
-904,419
-932,407
-976,459
-1060,545
-1048,537
-1068,541
-1024,533
-980,509
-944,495
-900,471
-884,463
-836,413
-824,371
-820,387
-856,389
-896,437
-892,467
-880,431
-928,455
-844,409
-976,483
-1000,523
-1024,531
-988,485
-936,425
-944,481
-908,477
-860,435
-896,437
-972,475
-880,433
-880,487
-996,527
-952,511
-920,495
-916,475
-932,469
-996,513
-980,497
-1040,545
-952,479
-916,449
-852,431
-912,461
-944,443
-864,335
-820,319
-772,375
-820,395
-852,419
-792,367
-796,325
-780,261
-796,167
-804,165
-756,145
-764,127
-712,81
-792,133
-768,91
-732,119
-732,91
-828,39
-912,51
-836,75
-820,111
-836,17
-836,-13
-816,-41
-900,-49
-864,-41
-864,-97
-832,-77
-780,-137
-832,-191
-856,-173
-868,-179
-872,-173
-780,-157
-852,-263
-904,-269
-920,-321
-924,-339
-932,-435
-932,-503
-1024,-535
-948,-511
-936,-477
-936,-487
-888,-469
-972,-489
-956,-495
-904,-485
-944,-509
-868,-469
-964,-509
-928,-493
-920,-479
-1004,-517
-932,-483
-948,-493
-984,-485
-976,-499
-960,-469
-836,-421
-832,-417
-916,-423
-840,-395
-916,-453
-956,-465
-892,-439
-848,-351
-828,-365
-904,-477
-944,-491
-876,-425
-904,-425
-900,-439
-904,-387
-852,-309
-868,-295
-836,-241
-848,-295
-776,-293
-764,-285
-836,-279
-816,-311
-856,-271
-900,-383
-944,-449
-944,-473
-848,-423
-804,-411
-812,-379
-796,-337
-880,-449
-952,-485
-924,-453
-892,-457
-896,-465
-932,-469
-948,-459
-824,-409
-776,-349
-740,-333
-788,-315
-792,-327
-784,-369
-816,-357
-752,-289
-764,-227
-720,-259
-780,-353
-788,-363
-796,-363
-804,-353
-820,-289
-760,-255
-800,-355
-840,-395
-876,-407
-792,-333
-852,-299
-772,-245
-852,-227
-784,-217
-756,-211
-776,-139
-764,-129
-728,-129
-748,-223
-796,-239
-804,-275
-812,-313
-860,-389
-896,-431
-924,-483
-848,-421
-804,-397
-856,-401
-828,-389
-892,-455
-896,-469
-928,-461
-816,-391
-880,-391
-832,-389
-856,-381
-860,-397
-936,-399
-888,-377
-824,-371
-852,-415
-952,-509
-992,-507
-936,-507
-956,-489
-892,-455
-868,-433
-952,-505
-940,-497
-940,-455
-920,-467
-956,-459
-960,-451
-916,-457
-936,-453
-984,-445
-908,-397
-856,-353
-836,-367
-780,-355
-844,-377
-912,-443
-920,-405
-896,-357
-772,-295
-864,-267
-844,-271
-828,-259
-864,-291
-808,-295
-828,-271
-800,-223
-788,-267
-712,-203
-800,-175
-804,-135
-840,-193
-816,-179
-780,-155
-804,-81
-784,-23
-812,-57
-796,7
-768,17
-660,9
-708,79
-796,113
-716,119
-724,161
-692,145
-720,171
-764,155
-784,167
-776,157
-784,121
-800,145
-788,217
-720,203
-768,273
-844,263
-832,209
-796,175
-864,229
-900,201
-912,213
-836,211
-864,215
-860,231
-784,179
-860,233
-892,257
-796,243
-888,309
-820,251
-776,241
-828,225
-804,269
-832,331
-872,385
-824,343
-776,321
-796,295
-888,381
-856,355
-880,405
-796,365
-780,345
-800,339
-912,373
-872,381
-900,399
-972,455
-972,499
-1048,553
-1060,551
-1092,549
-1060,523
-964,477
-944,477
-884,445
-1004,509
-916,477
-956,471
-1008,525
-1032,545
-896,495
-920,467
-992,513
-988,533
-964,513
-940,473
-884,397
-968,411
-932,407
-1008,501
-996,507
-936,485
-956,481
-992,521
-920,475
-960,495
-968,457
-912,485
-904,489
-916,479
-836,403
-828,365
-852,321
-852,347
-844,391
-836,417
-868,451
-868,451
-848,423
-864,423
-868,455
-824,433
-868,479
-1000,531
-924,493
-964,501
-976,477
-964,509
-996,519
-1004,529
-988,515
-916,497
-1000,527
-992,527
-956,501
-948,493
-916,479
-968,481
-984,495
-1012,525
-852,443
-976,493
-992,507
-996,519
-956,513
-984,511
-908,437
-912,463
-900,471
-892,437
-948,453
-852,437
-836,391
-764,297
-768,313
-764,329
-840,303
-848,269
-900,245
-824,295
-832,281
-764,213
-804,265
-852,323
-904,363
-836,341
-832,393
-780,389
-848,425
-880,377
-856,345
-880,425
-864,443
-900,415
-832,383
-828,351
-844,353
-836,369
-808,349
-864,411
-884,403
-932,419
-852,383
-852,417
-916,465
-968,483
-980,497
-944,479
-856,391
-900,433
-928,445
-964,477
-960,469
-992,503
-952,491
-1004,505
-988,519
-984,537
-1056,553
-1040,549
-980,501
-956,505
-900,461
-880,451
-880,423
-852,397
-884,453
-936,469
-932,491
-952,497
-952,501
-952,507
-988,511
-1008,531
-980,527
-992,529
-1020,525
-960,511
-1000,523
-932,505
-964,513
-912,471
-888,449
-916,471
-900,475
-904,449
-916,429
-932,463
-916,473
-980,501
-1000,513
-968,525
-1016,537
-1028,543
-1008,529
-1060,555
-1048,531
-932,495
-952,503
-992,475
-884,475
-896,477
-952,473
-868,447
-908,471
-1024,519
-968,511
-944,489
-956,473
-892,443
-984,495
-988,531
-996,517
-1040,545
-964,503
-984,503
-1040,551
-1088,575
-1068,559
-1020,539
-1032,539
-956,503
-972,513
-1016,545
-1036,535
-972,481
-984,415
-952,379
-936,373
-852,341
-912,331
-812,309
-916,399
-816,407
-912,437
-884,413
-848,379
-788,367
-772,307
-756,307
-804,355
-868,397
-872,403
-956,427
-916,417
-944,413
-872,409
-952,427
-856,325
-864,305
-828,269
-836,237
-772,179
-748,149
-692,163
-752,129
-784,81
-792,111
-764,73
-788,15
-872,-55
-812,-27
-812,-55
-652,-33
-792,-17
-780,15
-700,3
-724,75
-740,77
-824,119
-840,191
-804,133
-788,105
-776,101
-836,81
-872,15
-808,-55
-804,-35
-776,-11
-812,7
-800,-75
-784,-161
-836,-177
-832,-197
-904,-193
-856,-203
-812,-199
-844,-275
-884,-307
-808,-325
-804,-357
-988,-433
-944,-421
-900,-395
-824,-391
-816,-387
-748,-311
-752,-229
-772,-253
-764,-257
-864,-305
-860,-361
-804,-381
-828,-391
-900,-457
-932,-491
-884,-479
-972,-503
-1000,-521
-984,-493
-876,-453
-900,-435
-876,-413
-944,-463
-920,-467
-852,-461
-852,-473
-884,-483
-872,-465
-876,-473
-1028,-541
-996,-477
-960,-459
-988,-517
-980,-515
-988,-503
-960,-501
-1008,-525
-1032,-533
-1000,-519
-960,-475
-940,-483
-928,-489
-900,-459
-888,-459
-912,-489
-1004,-537
-928,-509
-892,-467
-828,-415
-952,-495
-964,-505
-980,-509
-988,-511
-948,-479
-928,-469
-908,-485
-928,-457
-844,-401
-976,-471
-876,-457
-936,-497
-1048,-533
-976,-499
-972,-473
-1040,-507
-944,-433
-916,-407
-980,-499
-980,-509
-964,-505
-936,-509
-968,-521
-1012,-533
-928,-483
-892,-465
-848,-393
-784,-311
-808,-295
-780,-135
-788,-135
-784,-131
-760,-91
-676,-35
-756,-31
-780,-17
-736,9
-712,-89
-716,-99
-832,-221
-796,-237
-856,-265
-776,-233
-820,-271
-892,-363
-908,-383
-932,-401
-896,-347
-912,-411
-916,-467
-1056,-531
-980,-509
-980,-533
-932,-483
-964,-485
-904,-473
-968,-497
-924,-455
-992,-509
-892,-479
-976,-523
-948,-509
-968,-501
-984,-503
-920,-489
-876,-481
-920,-461
-976,-491
-964,-499
-1016,-537
-948,-517
-888,-455
-884,-457
-868,-455
-868,-419
-896,-439
-904,-457
-912,-457
-928,-445
-908,-425
-892,-407
-896,-369
-800,-341
-920,-369
-904,-339
-892,-343
-812,-307
-840,-335
-836,-343
-848,-323
-816,-287
-804,-287
-832,-247
-880,-283
-840,-251
-860,-243
-860,-215
-820,-205
-880,-263
-788,-267
-808,-289
-872,-297
-880,-323
-872,-277
-876,-261
-880,-191
-812,-223
-772,-285
-824,-323
-908,-325
-840,-319
-820,-339
-692,-257
-780,-247
-792,-223
-892,-293
-840,-269
-816,-279
-880,-327
-868,-367
-908,-421
-852,-411
-892,-427
-868,-435
-960,-505
-980,-513
-924,-487
-868,-457
-932,-507
-976,-521
-1032,-547
-1052,-555
-1052,-545
-968,-483
-876,-469
-980,-503
-936,-491
-916,-483
-908,-473
-868,-473
-928,-513
-936,-505
-868,-465
-916,-493
-1000,-533
-944,-491
-928,-493
-1044,-543
-1060,-561
-936,-501
-988,-509
-1012,-487
-944,-495
-996,-517
-900,-455
-836,-395
-900,-403
-916,-425
-984,-503
-924,-483
-984,-499
-812,-423
-820,-403
-836,-419
-880,-419
-860,-407
-860,-403
-908,-383
-952,-419
-868,-335
-928,-305
-892,-303
-848,-341
-820,-311
-924,-383
-892,-379
-896,-453
-912,-493
-832,-449
-952,-507
-900,-459
-876,-415
-804,-365
-804,-375
-924,-473
-956,-481
-852,-417
-832,-397
-840,-415
-960,-495
-1044,-553
-964,-533
-1020,-531
-968,-513
-1000,-507
-956,-451
-904,-431
-840,-339
-776,-241
-796,-207
-788,-221
-716,-207
-812,-227
-744,-165
-788,-179
-800,-177
-852,-223
-828,-135
-852,-173
-832,-103
-820,-107
-796,-105
-844,-115
-812,-201
-840,-209
-940,-263
-904,-189
-904,-209
-840,-167
-896,-233
-836,-193
-880,-239
-900,-247
-876,-287
-832,-311
-816,-231
-816,-249
-848,-301
-792,-263
-832,-299
-912,-365
-864,-383
-868,-401
-936,-437
-952,-435
-896,-403
-960,-431
-864,-383
-924,-375
-864,-411
-932,-433
-940,-459
-972,-491
-956,-483
-1000,-535
-972,-505
-968,-509
-888,-477
-916,-491
-980,-513
-972,-519
-976,-501
-980,-505
-892,-477
-952,-519
-932,-519
-948,-513
-996,-533
-996,-533
-980,-507
-876,-447
-948,-509
-868,-453
-808,-411
-788,-399
-792,-417
-796,-327
-756,-283
-788,-265
-752,-211
-716,-141
-728,-89
-688,-139
-712,-237
-748,-231
-752,-281
-736,-297
-736,-329
-776,-337
-744,-253
-832,-289
-828,-309
-888,-317
-872,-319
-780,-235
-772,-269
-716,-293
-752,-289
-868,-359
-860,-339
-892,-369
-916,-415
-876,-399
-932,-475
-904,-429
-940,-443
-896,-445
-968,-475
-956,-489
-960,-497
-952,-497
-1044,-549
-1024,-545
-976,-515
-868,-449
-884,-439
-892,-463
-912,-463
-924,-487
-944,-491
-968,-499
-944,-483
-904,-451
-924,-477
-940,-487
-952,-497
-996,-503
-868,-437
-932,-475
-872,-427
-948,-449
-1008,-537
-1020,-519
-916,-459
-900,-453
-932,-445
-824,-399
-864,-407
-892,-387
-796,-365
-856,-351
-876,-377
-892,-383
-888,-381
-848,-391
-772,-375
-876,-427
-880,-469
-888,-457
-928,-475
-924,-479
-988,-513
-952,-507
-1000,-535
-980,-511
-860,-455
-888,-457
-896,-479
-948,-489
-856,-445
-888,-437
-932,-491
-944,-485
-948,-477
-888,-451
-888,-457
-908,-451
-856,-445
-940,-495
-972,-529
-996,-529
-1016,-519
-1036,-519
-988,-493
-960,-489
-892,-485
-1008,-533
-1048,-553
-1004,-519
-984,-521
-988,-535
-936,-507
-884,-473
-916,-457
-892,-435
-992,-481
-984,-495
-936,-485
-964,-507
-988,-541
-996,-539
-1012,-533
-964,-513
-956,-503
-956,-477
-996,-535
-988,-525
-984,-515
-920,-491
-916,-477
-992,-513
-916,-479
-896,-467
-912,-441
-916,-435
-928,-455
-960,-517
-928,-473
-860,-429
-920,-475
-928,-447
-868,-443
-928,-453
-944,-459
-800,-361
-852,-403
-876,-439
-720,-333
-856,-407
-896,-429
-904,-429
-980,-461
-824,-389
-880,-429
-936,-459
-932,-461
-976,-475
-884,-449
-844,-439
-712,-337
-780,-347
-876,-397
-860,-401
-836,-313
-880,-291
-816,-279
-828,-281
-972,-341
-892,-309
-900,-367
-936,-359
-896,-369
-836,-341
-808,-355
-936,-459
-1004,-533
-1008,-541
-1024,-537
-1048,-549
-932,-505
-924,-489
-940,-493
-928,-503
-920,-493
-876,-477
-880,-449
-788,-391
-856,-385
-896,-375
-828,-387
-896,-425
-908,-441
-944,-491
-956,-507
-852,-423
-884,-455
-960,-509
-904,-477
-924,-467
-956,-491
-960,-495
-912,-503
-1008,-533
-1024,-545
-1020,-541
-988,-533
-996,-525
-976,-505
-940,-479
-884,-463
-1004,-537
-912,-495
-880,-477
-952,-501
-956,-493
-916,-493
-936,-491
-992,-473
-924,-457
-952,-483
-992,-517
-992,-497
-924,-449
-868,-395
-816,-343
-836,-339
-796,-303
-792,-337
-836,-371
-772,-321
-824,-327
-792,-315
-760,-273
-812,-277
-840,-291
-832,-289
-840,-385
-840,-395
-848,-385
-812,-351
-864,-335
-952,-361
-840,-281
-948,-361
-892,-351
-972,-407
-888,-399
-924,-401
-856,-361
-800,-327
-900,-413
-852,-427
-936,-473
-936,-471
-932,-487
-1020,-539
-1016,-543
-972,-521
-976,-535
-892,-489
-904,-477
-852,-443
-936,-497
-1024,-531
-960,-515
-920,-505
-992,-501
-956,-501
-1004,-519
-1000,-531
-996,-533
-984,-521
-952,-517
-988,-513
-1012,-545
-1028,-549
-936,-457
-868,-387
-824,-357
-904,-435
-852,-411
-940,-477
-908,-467
-852,-439
-932,-463
-912,-437
-908,-443
-936,-465
-960,-481
-992,-513
-916,-437
-952,-453
-936,-471
-892,-469
-836,-439
-868,-425
-852,-399
-828,-389
-908,-411
-956,-503
-968,-505
-1016,-531
-964,-505
-952,-511
-1004,-527
-980,-507
-1092,-567
-1020,-547
-1052,-545
-968,-503
-944,-489
-872,-455
-860,-445
-940,-495
-892,-461
-948,-479
-888,-443
-896,-459
-960,-495
-968,-479
-864,-427
-868,-391
-816,-377
-852,-403
-888,-395
-908,-407
-940,-463
-812,-373
-792,-397
-916,-479
-836,-413
-888,-399
-852,-347
-852,-319
-824,-301
-908,-377
-872,-365
-932,-379
-856,-309
-800,-343
-872,-327
-944,-301
-880,-247
-904,-275
-880,-283
-772,-243
-848,-213
-856,-233
-876,-255
-864,-251
-924,-333
-880,-333
-932,-319
-816,-317
-916,-349
-860,-375
-920,-373
-928,-347
-948,-355
-912,-321
-924,-325
-892,-363
-868,-341
-920,-431
-948,-485
-1000,-459
-916,-443
-908,-419
-928,-451
-1004,-513
-920,-489
-904,-421
-876,-407
-948,-459
-920,-459
-900,-413
-852,-393
-904,-425
-880,-463
-872,-483
-916,-461
-968,-489
-1028,-521
-1036,-519
-948,-505
-980,-515
-1016,-513
-1028,-541
-1036,-559
-1012,-539
-980,-515
-1012,-535
-1032,-533
-1048,-543
-1036,-535
-988,-515
-928,-479
-1012,-513
-924,-421
-876,-419
-900,-465
-824,-427
-836,-421
-908,-487
-996,-491
-1024,-497
-984,-487
-964,-471
-1024,-525
-1040,-535
-1080,-559
-976,-513
-1012,-517
-988,-491
-924,-449
-836,-395
-908,-427
-908,-467
-844,-449
-892,-419
-868,-427
-792,-377
-816,-323
-872,-367
-856,-341
-828,-349
-840,-331
-792,-301
-792,-251
-792,-197
-792,-231
-848,-309
-900,-343
-868,-335
-860,-331
-792,-359
-916,-337
-868,-269
-848,-231
-880,-213
-868,-195
-844,-195
-816,-143
-744,-125
-788,-163
-816,-141
-832,-217
-764,-169
-852,-185
-844,-139
-864,-165
-844,-187
-824,-145
-800,-151
-832,-173
-816,-167
-812,-165
-824,-127
-784,-153
-812,-193
-808,-243
-828,-233
-800,-245
-796,-251
-892,-233
-828,-233
-896,-279
-836,-301
-880,-339
-856,-383
-876,-397
-792,-393
-804,-415
-940,-447
-944,-469
-932,-483
-892,-469
-948,-465
-928,-445
-864,-383
-864,-371
-816,-351
-748,-349
-784,-363
-740,-309
-764,-291
-768,-235
-752,-233
-740,-181
-700,-87
-632,-95
-648,-79
-640,-67
-640,-9
-620,-3
-692,-5
-780,17
-812,-11
-796,-27
-872,-101
-852,-159
-748,-115
-724,-73
-804,-73
-788,-133
-796,-161
-824,-197
-920,-207
-916,-249
-856,-233
-816,-267
-856,-291
-876,-327
-840,-299
-808,-271
-784,-263
-732,-237
-732,-265
-876,-359
-908,-403
-952,-477
-912,-455
-900,-475
-836,-451
-996,-519
-1048,-495
-952,-475
-912,-453
-920,-377
-896,-351
-840,-341
-804,-297
-820,-289
-836,-275
-804,-167
-864,-211
-792,-213
-756,-163
-788,-133
-812,-85
-852,-59
-868,-65
-804,-75
-800,-75
-880,-201
-836,-189
-856,-217
-864,-299
-900,-323
-928,-431
-940,-445
-940,-441
-960,-409
-928,-381
-880,-395
-904,-397
-928,-359
-868,-347
-768,-231
-740,-287
-824,-349
-828,-377
-804,-369
-848,-381
-728,-353
-848,-425
-840,-415
-840,-387
-836,-373
-896,-379
-924,-357
-912,-405
-928,-415
-896,-439
-832,-439
-792,-409
-872,-483
-888,-483
-884,-491
-916,-487
-908,-477
-864,-453
-928,-495
-984,-523
-1008,-523
-1020,-523
-980,-523
-904,-455
-908,-481
-928,-471
-944,-493
-940,-459
-860,-447
-920,-483
-896,-461
-1072,-531
-988,-503
-948,-499
-940,-499
-932,-491
-928,-497
-964,-511
-1012,-523
-1040,-541
-972,-531
-964,-513
-940,-497
-820,-411
-880,-437
-908,-445
-972,-489
-916,-437
-892,-445
-808,-369
-884,-365
-876,-391
-900,-409
-880,-439
-968,-475
-1008,-481
-920,-437
-892,-465
-880,-447
-896,-463
-932,-463
-904,-445
-900,-469
-860,-467
-908,-491
-880,-461
-968,-505
-940,-473
-940,-493
-956,-505
-944,-505
-976,-513
-936,-499
-892,-443
-988,-459
-916,-441
-840,-399
-832,-403
-884,-447
-892,-435
-916,-429
-920,-451
-928,-453
-884,-407
-804,-363
-892,-461
-888,-451
-880,-463
-928,-411
-924,-413
-848,-387
-836,-375
-892,-435
-908,-459
-908,-449
-936,-493
-968,-487
-896,-469
-952,-489
-908,-461
-984,-499
-864,-455
-924,-451
-964,-495
-988,-529
-920,-511
-968,-531
-956,-521
-992,-503
-932,-483
-984,-489
-1056,-537
-996,-513
-972,-513
-928,-507
-920,-481
-956,-477
-964,-475
-844,-411
-868,-391
-932,-457
-880,-445
-864,-475
-876,-453
-832,-421
-920,-459
-908,-453
-940,-457
-968,-473
-944,-437
-932,-415
-992,-447
-1040,-447
-1008,-429
-984,-407
-900,-377
-888,-333
-856,-317
-884,-339
-844,-365
-860,-339
-824,-421
-836,-421
-896,-483
-948,-513
-1004,-537
-996,-525
-972,-485
-960,-483
-1008,-525
-924,-471
-944,-485
-876,-443
-912,-459
-908,-419
-872,-385
-928,-395
-972,-415
-880,-355
-960,-353
-872,-391
-920,-441
-848,-379
-888,-433
-892,-455
-852,-413
-852,-407
-840,-411
-880,-471
-812,-419
-904,-449
-892,-465
-928,-477
-904,-461
-976,-507
-1044,-525
-992,-523
-952,-509
-1016,-519
-1056,-535
-1056,-547
-932,-499
-928,-479
-872,-467
-856,-437
-740,-361
-832,-383
-832,-297
-812,-239
-848,-257
-812,-321
-848,-317
-904,-355
-884,-393
-840,-379
-880,-301
-924,-325
-920,-353
-896,-359
-900,-409
-780,-325
-832,-387
-848,-427
-960,-471
-928,-455
-828,-391
-776,-365
-796,-425
-820,-433
-896,-467
-900,-479
-1008,-531
-996,-501
-908,-475
-840,-401
-860,-403
-948,-471
-1008,-519
-1008,-529
-1016,-537
-964,-529
-960,-499
-996,-517
-964,-505
-988,-531
-992,-519
-924,-477
-912,-481
-952,-513
-940,-501
-868,-469
-880,-435
-916,-425
-924,-485
-920,-493
-932,-493
-972,-503
-1024,-519
-980,-525
-924,-487
-916,-485
-972,-519
-1032,-549
-996,-519
-944,-489
-952,-497
-876,-457
-856,-435
-876,-467
-896,-461
-816,-403
-860,-427
-828,-423
-924,-473
-872,-447
-888,-407
-884,-423
-912,-447
-932,-435
-872,-413
-888,-445
-892,-407
-884,-379
-940,-393
-952,-357
-892,-367
-884,-407
-912,-407
-916,-407
-868,-365
-848,-273
-832,-327
-896,-237
-896,-299
-864,-313
-844,-343
-828,-347
-812,-293
-852,-253
-848,-281
-808,-325
-800,-329
-848,-349
-764,-289
-808,-281
-784,-303
-804,-311
-840,-325
-848,-361
-864,-367
-916,-337
-912,-389
-872,-439
-880,-427
-848,-403
-892,-439
-840,-413
-892,-441
-920,-477
-968,-523
-984,-519
-912,-471
-892,-449
-872,-453
-972,-505
-1040,-531
-1016,-515
-1048,-523
-976,-507
-1072,-547
-1032,-535
-1084,-557
-980,-519
-952,-457
-920,-459
-928,-429
-856,-383
-908,-433
-848,-381
-892,-397
-924,-421
-944,-433
-888,-361
-888,-349
-860,-425
-940,-501
-996,-515
-956,-521
-996,-535
-1084,-565
-1008,-541
-980,-517
-1032,-555
-1032,-527
-972,-511
-1000,-531
-960,-511
-936,-459
-932,-469
-924,-467
-944,-463
-872,-397
-808,-351
-820,-337
-864,-373
-816,-379
-928,-425
-948,-467
-980,-455
-956,-507
-816,-415
-824,-415
-900,-435
-1000,-517
-960,-499
-976,-481
-1020,-515
-1016,-523
-1000,-511
-984,-511
-988,-515
-1020,-541
-916,-477
-896,-491
-988,-525
-1004,-535
-948,-499
-1072,-523
-1040,-529
-900,-437
-880,-397
-884,-397
-956,-469
-1024,-501
-964,-509
-944,-491
-948,-473
-844,-439
-856,-445
-832,-425
-888,-413
-904,-429
-840,-421
-880,-457
-936,-483
-948,-473
-872,-451
-796,-359
-816,-369
-824,-389
-836,-401
-804,-375
-856,-415
-892,-453
-964,-449
-876,-389
-876,-389
-884,-397
-912,-347
-888,-305
-912,-373
-900,-317
-848,-275
-804,-173
-836,-247
-840,-231
-804,-229
-736,-177
-760,-173
-704,-137
-760,-159
-836,-177
-856,-197
-812,-161
-836,-127
-892,-185
-852,-167
-756,-123
-692,-117
-656,-89
-740,-67
-780,-39
-824,-125
-832,-259
-820,-297
-884,-347
-892,-387
-816,-331
-968,-451
-924,-419
-820,-389
-852,-431
-944,-481
-1020,-519
-968,-509
-968,-493
-956,-471
-884,-473
-924,-481
-964,-485
-944,-471
-924,-471
-952,-483
-876,-453
-848,-429
-880,-423
-964,-511
-1020,-541
-948,-519
-968,-509
-880,-471
-888,-437
-896,-419
-868,-375
-852,-377
-828,-337
-832,-353
-784,-325
-928,-423
-916,-403
-996,-465
-1016,-493
-968,-501
-884,-451
-932,-481
-928,-477
-928,-481
-916,-469
-972,-519
-968,-513
-936,-487
-980,-467
-924,-439
-920,-419
-892,-435
-800,-383
-860,-393
-840,-403
-844,-421
-804,-393
-916,-459
-904,-455
-900,-429
-976,-473
-968,-429
-976,-461
-936,-451
-928,-447
-868,-451
-880,-471
-912,-479
-1048,-519
-996,-517
-960,-471
-964,-483
-1032,-525
-996,-517
-900,-479
-924,-473
-900,-443
-932,-453
-892,-413
-868,-401
-900,-383
-872,-373
-856,-403
-792,-387
-896,-407
-988,-465
-956,-453
-932,-469
-952,-457
-952,-487
-928,-471
-852,-433
-892,-451
-860,-455
-892,-477
-884,-473
-864,-457
-888,-441
-908,-435
-872,-425
-840,-387
-868,-347
-840,-307
-852,-351
-864,-323
-836,-361
-872,-401
-948,-403
-940,-411
-924,-403
-924,-441
-888,-437
-872,-459
-864,-423
-1000,-469
-928,-473
-968,-511
-1072,-559
-1028,-537
-984,-527
-1016,-537
-980,-527
-1068,-557
-1004,-517
-1092,-551
-1012,-533
-1000,-525
-928,-511
-932,-499
-984,-511
-908,-491
-964,-525
-952,-507
-888,-455
-884,-465
-900,-487
-916,-503
-1012,-525
-1008,-523
-968,-483
-980,-513
-1004,-531
-996,-501
-964,-501
-916,-479
-924,-447
-904,-399
-900,-439
-932,-449
-968,-465
-924,-433
-748,-363
-864,-407
-1012,-507
-972,-491
-968,-525
-996,-495
-952,-481
-856,-419
-824,-401
-896,-403
-852,-375
-896,-377
-804,-341
-804,-315
-832,-331
-844,-349
-840,-357
-864,-395
-792,-363
-900,-409
-896,-417
-844,-377
-780,-337
-856,-391
-868,-405
-960,-507
-968,-495
-852,-437
-940,-463
-980,-529
-1040,-541
-1000,-547
-1032,-549
-1036,-555
-1008,-529
-976,-521
-952,-509
-968,-515
-1068,-555
-968,-515
-892,-477
-792,-375
-808,-345
-872,-379
-816,-377
-720,-299
-756,-241
-792,-241
-824,-265
-744,-219
-704,-205
-696,-193
-676,-203
-724,-221
-804,-203
-796,-237
-744,-207
-716,-175
-688,-115
-676,-151
-784,-149
-736,-217
-780,-209
-736,-261
-820,-375
-900,-403
-868,-423
-816,-385
-820,-347
-848,-355
-840,-359
-928,-415
-924,-449
-920,-435
-916,-431
-880,-413
-900,-393
-892,-361
-936,-383
-896,-387
-964,-443
-976,-495
-960,-505
-972,-491
-932,-459
-916,-493
-1004,-525
-1020,-533
-1056,-545
-896,-485
-936,-485
-988,-525
-972,-517
-1052,-559
-1068,-555
-1016,-529
-1012,-541
-916,-501
-888,-497
-852,-453
-880,-439
-988,-513
-976,-507
-1000,-507
-996,-529
-892,-477
-940,-499
-932,-501
-1016,-517
-1004,-503
-964,-515
-928,-511
-1088,-561
-1064,-557
-1000,-493
-916,-445
-964,-497
-928,-497
-976,-521
-904,-451
-844,-417
-852,-409
-832,-239
-840,-237
-908,-271
-788,-275
-800,-273
-780,-243
-824,-289
-796,-261
-768,-233
-836,-185
-792,-83
-868,-131
-784,-131
-828,-171
-764,-123
-796,-119
-796,-101
-800,-147
-784,-89
-812,-109
-784,-123
-744,-153
-764,-229
-752,-221
-792,-229
-752,-261
-836,-267
-796,-277
-788,-303
-788,-283
-740,-309
-824,-321
-880,-373
-944,-441
-860,-447
-944,-457
-900,-449
-928,-495
-940,-489
-872,-439
-832,-475
-968,-501
-1016,-537
-1020,-537
-968,-513
-848,-433
-924,-463
-980,-441
-920,-417
-892,-383
-928,-429
-924,-439
-988,-495
-968,-499
-932,-507
-1008,-541
-1060,-547
-1100,-569
-1056,-563
-1064,-551
-1032,-529
-1032,-535
-1032,-543
-996,-537
-976,-515
-968,-523
-964,-529
-892,-473
-916,-459
-944,-455
-1008,-487
-1004,-477
-920,-413
-896,-415
-900,-431
-872,-401
-876,-429
-920,-467
-892,-471
-944,-507
-992,-527
-920,-469
-908,-485
-932,-517
-948,-511
-984,-521
-1068,-563
-1036,-541
-1020,-533
-1016,-537
-1008,-539
-1004,-519
-912,-469
-896,-425
-924,-443
-908,-449
-940,-445
-956,-463
-952,-449
-940,-435
-972,-497
-996,-513
-1028,-519
-976,-509
-892,-455
-900,-453
-924,-447
-888,-433
-884,-431
-876,-415
-884,-401
-920,-435
-868,-357
-892,-331
-876,-385
-928,-395
-824,-347
-844,-267
-824,-241
-820,-191
-784,-121
-788,-155
-732,-271
-740,-207
-840,-229
-708,-197
-748,-271
-864,-283
-888,-301
-872,-279
-868,-347
-908,-409
-892,-453
-904,-453
-936,-489
-980,-523
-988,-527
-1004,-539
-988,-531
-972,-501
-932,-489
-1012,-513
-908,-439
-960,-485
-988,-521
-980,-479
-884,-423
-916,-457
-936,-473
-928,-469
-848,-405
-892,-425
-836,-317
-904,-315
-900,-267
-828,-227
-792,-217
-824,-273
-836,-307
-860,-343
-796,-321
-812,-341
-828,-319
-780,-317
-756,-333
-888,-313
-848,-291
-816,-321
-880,-375
-916,-417
-860,-379
-928,-403
-948,-483
-952,-511
-956,-499
-912,-473
-948,-477
-928,-475
-884,-443
-888,-443
-956,-503
-976,-533
-984,-527
-888,-485
-956,-513
-980,-505
-932,-463
-944,-457
-972,-505
-1024,-535
-1020,-527
-904,-485
-900,-469
-904,-489
-964,-487
-952,-505
-860,-431
-856,-399
-828,-383
-820,-399
-840,-375
-804,-341
-792,-371
-888,-433
-880,-431
-904,-435
-852,-427
-860,-425
-796,-377
-792,-321
-788,-297
-808,-271
-728,-215
-832,-275
-884,-339
-776,-307
-844,-389
-876,-353
-872,-335
-916,-351
-780,-303
-812,-313
-784,-337
-828,-357
-848,-387
-784,-343
-832,-295
-904,-263
-828,-203
-848,-175
-752,-165
-844,-111
-796,-97
-788,-105
-752,-87
-896,-145
-832,-149
-772,-179
-768,-227
-800,-197
-832,-227
-808,-193
-756,-171
-808,-187
-788,-173
-812,-109
-744,-113
-824,-129
-764,-33
-812,-77
-840,-141
-844,-161
-824,-177
-768,-197
-840,-219
-796,-235
-860,-269
-860,-247
-908,-229
-860,-249
-868,-167
-908,-221
-840,-181
-800,-199
-824,-197
-740,-229
-832,-291
-820,-231
-808,-255
-820,-225
-848,-333
-916,-401
-860,-411
-940,-411
-896,-413
-944,-449
-932,-435
-940,-413
-792,-359
-836,-369
-884,-427
-924,-471
-892,-465
-908,-467
-888,-461
-860,-459
-892,-443
-812,-417
-856,-407
-888,-407
-896,-433
-908,-451
-908,-451
-908,-455
-924,-449
-896,-427
-960,-491
-968,-481
-924,-493
-908,-491
-940,-481
-856,-403
-916,-449
-932,-443
-968,-475
-936,-457
-1004,-501
-1020,-517
-948,-491
-948,-497
-968,-487
-956,-491
-924,-489
-964,-505
-916,-471
-912,-449
-784,-355
-828,-373
-884,-397
-904,-451
-896,-429
-832,-415
-876,-441
-964,-515
-956,-461
-972,-477
-948,-519
-980,-517
-1044,-551
-1040,-555
-984,-519
-876,-463
-860,-449
-892,-445
-924,-451
-884,-457
-864,-427
-848,-431
-888,-463
-964,-479
-924,-459
-864,-459
-912,-443
-880,-381
-844,-361
-856,-359
-860,-339
-820,-311
-876,-403
-944,-415
-932,-427
-896,-389
-948,-417
-908,-397
-976,-429
-896,-405
-864,-385
-856,-367
-908,-433
-932,-423
-836,-389
-816,-351
-924,-423
-956,-479
-928,-481
-788,-381
-844,-385
-880,-391
-940,-475
-1012,-509
-1000,-531
-936,-491
-884,-451
-944,-471
-952,-481
-964,-491
-920,-449
-744,-325
-824,-369
-840,-331
-844,-365
-768,-337
-760,-373
-812,-401
-920,-435
-868,-453
-844,-401
-880,-425
-960,-465
-928,-467
-944,-467
-892,-455
-900,-461
-932,-441
-924,-451
-908,-433
-892,-445
-956,-457
-984,-487
-924,-489
-976,-527
-1020,-543
-960,-517
-992,-523
-952,-501
-932,-477
-1000,-521
-924,-487
-940,-483
-884,-447
-964,-473
-892,-455
-896,-447
-856,-459
-884,-469
-816,-399
-928,-389
-936,-365
-848,-357
-828,-321
-852,-343
-868,-301
-832,-243
-780,-263
-800,-179
-760,-185
-816,-153
-852,-199
-808,-91
-808,-41
-708,-65
-824,-73
-732,-11
-760,13
-800,5
-812,35
-856,-45
-804,-43
-744,-55
-736,-55
-764,-109
-832,-59
-848,-61
-912,9
-828,-61
-808,-103
-796,-113
-868,-147
-880,-143
-788,-81
-756,-81
-764,-135
-804,-101
-824,-201
-784,-245
-800,-255
-852,-283
-840,-287
-796,-279
-828,-319
-900,-437
-960,-465
-952,-481
-1036,-531
-984,-521
-884,-491
-1000,-503
-892,-447
-920,-433
-932,-449
-824,-381
-868,-383
-876,-383
-804,-373
-824,-277
-800,-287
-884,-291
-848,-271
-832,-245
-788,-267
-740,-201
-792,-131
-824,-159
-820,-157
-864,-147
-820,-117
-832,-117
-812,-151
-788,-147
-816,-123
-812,-125
-824,-95
-796,-99
-780,-81
-848,-117
-844,-95
-836,-91
-884,-55
-860,-131
-904,-161
-904,-155
-864,-139
-852,-137
-756,-103
-748,-85
-752,-157
-732,-185
-788,-253
-848,-225
-880,-253
-916,-291
-840,-313
-884,-381
-836,-429
-980,-501
-952,-467
-944,-479
-932,-501
-876,-479
-956,-499
-924,-477
-924,-465
-896,-467
-1000,-479
-908,-425
-864,-447
-892,-463
-952,-459
-924,-445
-952,-473
-976,-487
-952,-497
-880,-439
-860,-427
-840,-379
-808,-333
-904,-409
-936,-433
-880,-393
-896,-397
-908,-449
-944,-495
-948,-505
-908,-461
-940,-469
-908,-451
-884,-433
-912,-471
-948,-511
-1020,-545
-992,-487
-1012,-501
-960,-463
-904,-449
-896,-487
-928,-497
-924,-477
-816,-419
-816,-411
-792,-357
-760,-343
-836,-427
-932,-435
-932,-463
-908,-421
-848,-357
-756,-273
-808,-273
-804,-287
-820,-285
-816,-311
-844,-319
-844,-327
-864,-335
-928,-405
-828,-363
-892,-407
-800,-383
-816,-345
-864,-361
-884,-343
-824,-287
-816,-325
-828,-373
-880,-349
-940,-341
-812,-305
-944,-415
-924,-417
-940,-403
-920,-405
-876,-419
-904,-451
-980,-467
-1024,-527
-976,-515
-912,-509
-1016,-537
-992,-527
-900,-463
-868,-449
-896,-469
-904,-467
-928,-461
-876,-443
-860,-391
-776,-377
-888,-433
-888,-437
-928,-477
-960,-481
-1000,-495
-932,-473
-1036,-519
-956,-451
-864,-415
-848,-395
-836,-401
-940,-477
-1000,-513
-992,-515
-960,-511
-920,-471
-896,-457
-916,-473
-988,-495
-1024,-521
-1012,-535
-952,-515
-972,-513
-880,-455
-896,-477
-1032,-531
-1000,-505
-1040,-519
-1008,-473
-972,-483
-1000,-515
-928,-485
-920,-447
-940,-473
-964,-469
-948,-453
-928,-461
-924,-455
-872,-431
-872,-433
-896,-451
-924,-451
-900,-433
-1016,-503
-996,-499
-904,-489
-1000,-529
-980,-523
-980,-519
-1000,-525
-1072,-559
-1080,-561
-1024,-533
-968,-513
-984,-531
-988,-537
-988,-535
-992,-539
-1016,-549
-1020,-545
-1012,-531
-1060,-559
-1004,-531
-984,-515
-952,-491
-992,-509
-856,-463
-920,-473
-872,-467
-808,-437
-976,-507
-960,-507
-936,-499
-884,-465
-844,-449
-904,-459
-804,-389
-772,-379
-864,-409
-920,-433
-912,-445
-936,-485
-916,-487
-1000,-485
-952,-493
-892,-409
-920,-453
-932,-487
-968,-453
-956,-441
-836,-417
-828,-441
-832,-449
-944,-479
-960,-501
-936,-483
-956,-499
-968,-497
-928,-493
-1004,-521
-964,-503
-996,-523
-912,-473
-984,-483
-928,-453
-936,-501
-948,-509
-968,-495
-1020,-495
-988,-485
-972,-475
-956,-505
-924,-453
-964,-499
-976,-471
-1016,-467
-976,-471
-972,-463
-904,-447
-888,-433
-956,-457
-936,-455
-880,-427
-872,-433
-876,-443
-780,-391
-884,-403
-840,-375
-880,-417
-936,-463
-916,-471
-948,-505
-1068,-537
-1096,-551
-1040,-515
-1020,-505
-996,-531
-952,-505
-888,-481
-944,-505
-952,-505
-1072,-561
-1048,-535
-1024,-489
-1016,-431
-956,-441
-932,-465
-944,-473
-824,-417
-868,-405
-892,-393
-968,-441
-916,-465
-880,-443
-952,-481
-936,-479
-976,-499
-900,-459
-940,-441
-896,-415
-896,-377
-876,-377
-896,-395
-924,-423
-904,-453
-868,-409
-908,-435
-932,-463
-960,-503
-924,-479
-1020,-523
-1008,-521
-924,-453
-872,-435
-964,-509
-928,-487
-900,-471
-912,-479
-864,-455
-904,-449
-980,-489
-900,-441
-864,-401
-804,-243
-888,-337
-900,-443
-948,-421
-844,-379
-828,-387
-800,-339
-776,-321
-864,-403
-884,-415
-956,-445
-928,-453
-940,-449
-932,-447
-892,-439
-908,-473
-916,-469
-944,-491
-920,-469
-916,-439
-824,-375
-812,-361
-748,-313
-804,-339
-788,-311
-784,-387
-920,-445
-852,-383
-852,-377
-844,-355
-852,-337
-860,-387
-880,-387
-808,-359
-792,-375
-948,-455
-912,-435
-960,-409
-864,-369
-912,-405
-960,-457
-936,-451
-904,-453
-824,-421
-944,-461
-996,-497
-936,-501
-928,-469
-1004,-501
-932,-481
-908,-469
-928,-485
-904,-465
-936,-509
-940,-489
-948,-475
-996,-501
-912,-451
-988,-493
-832,-433
-868,-409
-916,-425
-956,-443
-896,-417
-864,-407
-884,-413
-980,-459
-960,-443
-872,-393
-776,-297
-772,-327
-784,-377
-860,-401
-932,-413
-848,-395
-768,-391
-836,-415
-880,-449
-884,-443
-856,-439
-860,-435
-928,-469
-952,-519
-956,-503
-872,-469
-828,-395
-964,-515
-1064,-553
-1032,-551
-1056,-557
-996,-533
-1080,-565
-1008,-549
-1008,-547
-1084,-563
-984,-527
-1016,-531
-936,-495
-904,-473
-924,-503
-940,-491
-884,-483
-876,-471
-1020,-523
-1020,-523
-1040,-535
-940,-503
-896,-453
-992,-513
-972,-523
-924,-479
-940,-483
-888,-451
-864,-457
-896,-487
-932,-489
-908,-473
-1012,-525
-964,-509
-1036,-537
-1052,-529
-1036,-505
-920,-475
-916,-453
-920,-445
-968,-501
-996,-517
-996,-513
-984,-515
-924,-463
-916,-489
-940,-501
-948,-501
-936,-499
-964,-521
-948,-497
-872,-459
-908,-483
-976,-495
-860,-447
-768,-397
-860,-461
-916,-429
-924,-441
-880,-411
-888,-413
-872,-397
-816,-333
-884,-375
-832,-369
-816,-331
-900,-317
-916,-325
-924,-383
-824,-337
-816,-351
-832,-317
-924,-365
-828,-323
-828,-311
-912,-369
-848,-323
-908,-407
-944,-437
-872,-413
-908,-411
-968,-469
-964,-453
-904,-417
-908,-395
-864,-391
-912,-383
-800,-343
-804,-325
-840,-281
-860,-307
-900,-363
-960,-395
-940,-397
-972,-427
-996,-417
-968,-411
-972,-451
-872,-391
-964,-403
-868,-383
-920,-419
-888,-459
-968,-505
-1028,-541
-1052,-545
-1000,-521
-876,-459
-868,-445
-864,-409
-864,-431
-900,-431
-856,-421
-908,-415
-848,-341
-888,-359
-912,-409
-928,-409
-860,-399
-912,-395
-876,-409
-764,-353
-900,-441
-868,-413
-900,-395
-920,-469
-856,-469
-916,-473
-960,-499
-988,-511
-880,-481
-908,-475
-920,-491
-996,-529
-976,-519
-924,-503
-860,-471
-896,-459
-1008,-547
-1032,-525
-976,-525
-968,-513
-944,-523
-1016,-541
-988,-519
-1028,-547
-1036,-545
-1048,-553
-996,-531
-988,-525
-968,-505
-912,-459
-900,-445
-740,-359
-728,-355
-776,-389
-844,-415
-904,-447
-960,-475
-912,-455
-892,-471
-908,-477
-868,-463
-924,-501
-900,-459
-1000,-481
-924,-419
-892,-421
-884,-429
-932,-499
-920,-459
-900,-481
-984,-503
-980,-493
-1012,-507
-948,-487
-976,-497
-944,-515
-920,-477
-952,-509
-936,-503
-928,-483
-1020,-499
-944,-469
-1012,-517
-1032,-529
-1052,-521
-1016,-505
-988,-519
-956,-507
-964,-519
-1000,-531
-984,-535
-1016,-535
-1004,-493
-972,-499
-952,-503
-1004,-507
-876,-411
-944,-459
-904,-443
-928,-469
-1000,-503
-968,-499
-932,-477
-896,-445
-928,-459
-852,-389
-880,-393
-924,-425
-948,-475
-900,-455
-828,-367
-856,-345
-788,-285
-924,-349
-960,-413
-908,-415
-864,-361
-868,-399
-868,-393
-904,-451
-856,-407
-944,-455
-956,-429
-916,-401
-1004,-453
-960,-461
-1028,-457
-936,-437
-884,-395
-892,-403
-828,-437
-904,-493
-952,-503
-960,-485
-936,-473
-972,-471
-908,-419
-816,-385
-832,-349
-868,-343
-868,-371
-864,-423
-920,-451
-960,-491
-996,-503
-952,-519
-1060,-549
-1056,-537
-1044,-547
-940,-503
-924,-475
-928,-479
-956,-485
-980,-501
-932,-479
-932,-471
-964,-515
-916,-467
-844,-437
-820,-403
-892,-427
-916,-465
-880,-455
-892,-457
-928,-435
-964,-449
-968,-449
-956,-497
-952,-487
-1036,-527
-940,-501
-912,-485
-976,-525
-1056,-551
-1032,-537
-1100,-549
-964,-505
-1036,-529
-964,-493
-856,-467
-932,-513
-1008,-535
-940,-497
-972,-517
-1040,-547
-1004,-529
-984,-501
-908,-477
-884,-463
-976,-513
-948,-493
-932,-467
-920,-485
-956,-481
-924,-495
-988,-527
-1028,-523
-1028,-539
-968,-529
-996,-527
-856,-465
-928,-493
-852,-451
-880,-435
-952,-517
-980,-499
-1012,-539
-948,-501
-1020,-549
-1072,-555
-1016,-527
-984,-505
-900,-473
-952,-505
-984,-539
-1032,-537
-1052,-541
-988,-499
-868,-451
-868,-457
-968,-525
-972,-519
-892,-489
-928,-493
-948,-501
-960,-515
-968,-523
-972,-515
-952,-493
-972,-485
-876,-453
-884,-487
-1040,-545
-1044,-543
-924,-473
-972,-507
-932,-493
-904,-457
-932,-465
-920,-471
-920,-439
-840,-427
-892,-421
-976,-475
-896,-441
-936,-449
-828,-385
-820,-403
-888,-451
-876,-423
-788,-347
-852,-369
-892,-429
-932,-417
-864,-391
-884,-367
-812,-309
-796,-287
-900,-317
-944,-389
-960,-435
-904,-423
-944,-439
-1020,-477
-948,-443
-832,-389
-800,-371
-864,-449
-836,-459
-776,-401
-880,-445
-936,-461
-924,-425
-896,-379
-936,-395
-872,-381
-872,-411
-856,-427
-844,-419
-952,-451
-860,-369
-952,-423
-912,-447
-800,-359
-860,-435
-920,-479
-936,-425
-836,-397
-792,-353
-824,-293
-812,-323
-780,-273
-908,-345
-856,-343
-852,-345
-844,-309
-884,-361
-884,-363
-868,-343
-1008,-469
-916,-435
-888,-439
-864,-429
-848,-385
-848,-319
-844,-331
-812,-355
-952,-459
-892,-465
-888,-447
-860,-473
-796,-419
-864,-445
-880,-421
-924,-381
-784,-297
-836,-333
-784,-353
-880,-395
-896,-333
-904,-309
-844,-271
-868,-297
-804,-269
-860,-323
-872,-271
-832,-203
-848,-171
-800,-209
-848,-195
-756,-155
-816,-195
-840,-179
-836,-127
-880,-133
-844,-135
-808,-61
-780,-135
-888,-181
-880,-225
-880,-231
-840,-221
-876,-215
-776,-169
-836,-259
-888,-311
-912,-271
-884,-207
-880,-215
-836,-181
-800,-189
-832,-213
-844,-217
-796,-261
-816,-263
-860,-331
-760,-283
-704,-249
-768,-261
-792,-385
-852,-417
-804,-383
-752,-373
-804,-351
-860,-399
-816,-353
-868,-375
-792,-337
-884,-401
-908,-489
-944,-509
-900,-471
-988,-525
-1024,-541
-1012,-519
-996,-525
-920,-493
-968,-507
-920,-473
-920,-485
-848,-445
-916,-481
-956,-503
-960,-511
-964,-513
-964,-507
-924,-481
-876,-473
-968,-513
-916,-477
-984,-507
-1000,-511
-888,-459
-952,-499
-916,-497
-1044,-521
-884,-433
-928,-377
-916,-351
-908,-423
-916,-425
-888,-387
-924,-389
-832,-373
-820,-399
-840,-405
-924,-437
-920,-451
-952,-503
-888,-459
-904,-459
-908,-469
-920,-493
-1044,-555
-976,-527
-928,-481
-976,-511
-1060,-549
-1088,-527
-1044,-523
-1028,-525
-992,-513
-1000,-513
-980,-493
-952,-473
-1016,-507
-924,-493
-892,-473
-944,-471
-836,-417
-912,-445
-876,-379
-956,-457
-896,-447
-980,-497
-968,-505
-988,-501
-948,-485
-920,-461
-836,-397
-792,-341
-796,-289
-748,-269
-876,-257
-836,-243
-848,-281
-752,-233
-848,-175
-828,-119
-744,-71
-792,-57
-780,-39
-832,-115
-888,-55
-864,-47
-888,-29
-840,49
-824,45
-788,-5
-872,-47
-904,-47
-852,-69
-880,-117
-936,-133
-888,-147
-836,-159
-804,-107
-764,-83
-736,-21
-748,-7
-780,-21
-852,-9
-892,5
-804,37
-772,65
-824,53
-780,19
-784,57
-772,-63
-764,-65
-812,-57
-896,-135
-856,-95
-820,-177
-848,-197
-776,-189
-828,-225
-836,-257
-832,-305
-744,-299
-780,-279
-832,-323
-912,-427
-1000,-469
-880,-389
-848,-401
-860,-343
-884,-389
-864,-399
-824,-325
-804,-375
-836,-427
-848,-423
-980,-503
-992,-529
-1004,-545
-1024,-543
-988,-523
-1004,-537
-948,-517
-1008,-527
-1020,-537
-1008,-533
-956,-475
-936,-475
-960,-479
-944,-473
-964,-475
-864,-407
-864,-413
-820,-375
-884,-395
-892,-383
-860,-389
-832,-343
-900,-429
-892,-381
-888,-395
-864,-385
-852,-389
-980,-417
-936,-399
-940,-397
-980,-415
-988,-433
-928,-395
-908,-393
-896,-411
-912,-433
-872,-419
-956,-465
-1000,-495
-960,-485
-980,-477
-1000,-517
-976,-505
-972,-517
-948,-517
-860,-473
-892,-447
-944,-441
-956,-477
-916,-487
-920,-465
-900,-467
-920,-441
-812,-407
-892,-419
-880,-409
-892,-441
-928,-459
-932,-469
-972,-493
-1052,-533
-992,-521
-892,-487
-896,-463
-884,-413
-908,-447
-964,-491
-916,-487
-984,-519
-968,-503
-976,-507
-892,-459
-888,-479
-884,-475
-856,-475
-852,-473
-928,-501
-964,-511
-888,-457
-936,-473
-928,-485
-968,-519
-972,-503
-1080,-551
-968,-513
-928,-509
-928,-503
-920,-499
-996,-543
-968,-513
-948,-477
-1036,-537
-944,-457
-856,-417
-920,-451
-976,-501
-920,-485
-988,-527
-1064,-553
-964,-509
-1028,-507
-1016,-509
-1012,-527
-960,-499
-884,-439
-944,-457
-980,-507
-932,-453
-924,-447
-904,-437
-884,-419
-884,-441
-908,-483
-872,-487
-968,-505
-1008,-547
-944,-525
-952,-525
-904,-489
-948,-497
-924,-479
-972,-509
-968,-487
-976,-507
-936,-503
-1040,-533
-1012,-489
-976,-505
-936,-497
-996,-499
-916,-469
-876,-437
-996,-485
-948,-463
-956,-417
-924,-351
-864,-303
-892,-355
-956,-389
-900,-449
-856,-415
-832,-407
-1004,-499
-932,-463
-872,-421
-892,-387
-856,-369
-896,-351
-912,-331
-808,-355
-876,-401
-900,-419
-924,-421
-928,-441
-948,-461
-924,-459
-1012,-487
-900,-413
-868,-403
-908,-427
-768,-311
-812,-321
-868,-413
-872,-455
-824,-401
-892,-453
-868,-441
-832,-441
-820,-413
-876,-421
-904,-451
-888,-451
-780,-381
-776,-257
-696,-219
-796,-255
-764,-179
-732,-185
-748,-79
-792,-157
-768,-157
-888,-365
-924,-403
-836,-381
-840,-355
-864,-405
-820,-307
-784,-367
-900,-383
-964,-409
-880,-359
-864,-393
-780,-347
-852,-367
-840,-335
-888,-347
-868,-307
-824,-311
-828,-241
-800,-241
-832,-169
-900,-241
-868,-225
-816,-225
-776,-185
-848,-325
-868,-261
-896,-319
-976,-347
-940,-343
-920,-349
-808,-321
-856,-329
-912,-373
-952,-387
-928,-413
-824,-399
-768,-361
-920,-441
-900,-421
-972,-453
-924,-441
-944,-501
-1024,-529
-936,-485
-972,-523
-964,-507
-928,-439
-940,-439
-824,-347
-744,-295
-864,-341
-860,-405
-872,-403
-896,-419
-976,-477
-904,-415
-872,-425
-904,-435
-992,-501
-932,-457
-964,-471
-1000,-533
-992,-537
-1056,-553
-1048,-545
-952,-519
-1008,-535
-996,-525
-944,-509
-880,-465
-892,-463
-976,-495
-1012,-519
-964,-523
-976,-489
-868,-437
-856,-395
-864,-437
-840,-457
-936,-485
-844,-441
-888,-473
-952,-465
-940,-459
-948,-469
-892,-409
-888,-381
-844,-333
-872,-321
-840,-331
-824,-285
-920,-285
-892,-271
-820,-287
-744,-267
-756,-259
-740,-317
-748,-337
-760,-293
-844,-281
-844,-285
-812,-319
-912,-401
-880,-425
-924,-447
-920,-447
-936,-437
-976,-457
-928,-393
-820,-387
-864,-391
-820,-321
-844,-357
-792,-315
-840,-321
-940,-403
-892,-407
-936,-401
-904,-385
-896,-421
-800,-411
-888,-457
-808,-405
-924,-445
-876,-387
-988,-415
-996,-429
-936,-449
-824,-423
-1000,-525
-916,-483
-956,-487
-956,-455
-936,-467
-960,-469
-1012,-525
-980,-519
-900,-465
-920,-489
-1024,-525
-832,-455
-876,-477
-932,-505
-908,-499
-1032,-539
-924,-505
-892,-485
-972,-519
-1048,-545
-1048,-553
-1048,-547
-1064,-557
-1004,-545
-1028,-529
-1056,-539
-1012,-529
-908,-467
-876,-453
-876,-473
-892,-471
-1016,-541
-1004,-537
-916,-475
-948,-439
-912,-435
-876,-437
-900,-449
-944,-479
-968,-505
-988,-495
-920,-477
-820,-431
-868,-469
-944,-489
-1012,-533
-1028,-547
-1072,-555
-1020,-533
-1008,-521
-988,-507
-928,-499
-984,-533
-992,-543
-1000,-527
-1016,-545
-976,-513
-944,-495
-948,-449
-884,-399
-860,-389
-892,-423
-940,-441
-1016,-499
-1004,-483
-956,-463
-916,-431
-924,-455
-944,-447
-900,-441
-924,-429
-948,-427
-988,-483
-900,-443
-888,-413
-896,-429
-912,-431
-944,-447
-908,-467
-932,-489
-888,-453
-832,-383
-832,-333
-856,-261
-796,-207
-792,-229
-864,-277
-780,-235
-800,-231
-764,-235
-752,-191
-836,-137
-868,-109
-856,-23
-796,-37
-828,-23
-808,49
-804,7
-788,43
-816,23
-808,-9
-748,21
-856,-1
-876,41
-876,47
-876,17
-844,53
-856,7
-844,47
-848,11
-904,29
-816,101
-884,109
-788,107
-752,45
-816,1
-780,-73
-660,-41
-672,39
-736,41
-720,69
-760,9
-732,65
-780,163
-836,147
-856,145
-856,139
-860,229
-852,323
-832,305
-824,319
-792,291
-868,329
-800,309
-868,369
-808,347
-788,291
-808,307
-804,331
-828,305
-832,349
-956,409
-864,367
-908,387
-932,327
-860,323
-904,325
-856,303
-892,363
-936,411
-888,407
-912,407
-796,343
-808,373
-912,445
-948,479
-876,457
-888,457
-992,513
-1020,521
-956,475
-884,423
-944,437
-940,407
-772,377
-900,429
-932,471
-928,479
-980,499
-944,475
-920,441
-892,423
-828,427
-868,429
-924,443
-892,413
-916,441
-948,479
-888,415
-872,421
-824,359
-836,339
-748,235
-740,213
-788,277
-784,287
-836,377
-828,417
-860,423
-884,407
-904,407
-932,433
-956,433
-984,441
-900,441
-952,411
-924,409
-880,411
-924,439
-960,461
-864,425
-828,431
-856,405
-856,385
-900,407
-892,397
-872,395
-956,437
-948,461
-952,465
-940,429
-960,461
-932,457
-920,453
-928,463
-908,483
-968,525
-948,501
-924,475
-920,475
-964,489
-1008,521
-956,513
-996,525
-1000,535
-988,527
-1024,543
-1028,549
-1012,535
-1052,553
-984,503
-1028,529
-960,519
-984,525
-940,497
-992,539
-976,531
-900,475
-916,493
-1020,529
-964,501
-912,475
-912,451
-964,491
-912,483
-896,467
-1036,533
-1052,553
-1020,543
-956,523
-976,499
-1028,525
-1020,545
-996,515
-940,499
-912,483
-948,517
-904,461
-900,417
-832,371
-828,353
-916,423
-924,447
-908,439
-900,413
-892,397
-832,369
-880,401
-816,359
-808,315
-840,341
-888,401
-900,453
-944,463
-888,457
-896,463
-908,463
-928,447
-884,447
-904,465
-920,467
-940,491
-864,477
-912,465
-936,471
-892,435
-900,467
-876,481
-916,485
-992,523
-1040,541
-1064,547
-1044,521
-976,485
-992,495
-912,415
-892,441
-868,431
-900,437
-928,457
-896,409
-916,433
-1024,495
-1024,517
-1024,519
-948,509
-944,501
-820,413
-868,415
-916,463
-924,453
-972,473
-928,445
-888,433
-848,427
-864,411
-772,377
-796,393
-840,373
-900,431
-988,499
-984,517
-916,489
-1020,527
-1024,529
-1024,531
-1040,543
-1004,527
-956,513
-996,531
-900,477
-928,497
-976,505
-904,469
-916,491
-1040,543
-1040,551
-924,485
-860,437
-836,385
-812,373
-820,339
-840,357
-896,363
-872,361
-824,345
-852,345
-864,365
-968,399
-884,425
-940,455
-936,477
-932,501
-936,483
-900,467
-952,491
-944,495
-872,445
-880,421
-896,419
-844,383
-860,385
-908,415
-888,403
-964,387
-872,343
-856,365
-860,383
-836,383
-876,385
-900,423
-920,407
-940,399
-916,389
-932,349
-912,369
-864,357
-884,385
-880,383
-928,473
-988,507
-948,489
-992,499
-976,495
-920,487
-956,475
-924,463
-920,473
-876,455
-920,463
-948,463
-944,477
-904,455
-832,389
-868,435
-876,409
-928,435
-932,405
-844,373
-776,349
-848,371
-836,359
-856,365
-844,355
-800,341
-828,341
-916,367
-888,363
-880,407
-840,407
-840,369
-908,395
-900,375
-868,341
-832,351
-932,355
-956,391
-856,375
-748,327
-768,357
-844,401
-808,435
-744,351
-820,333
-832,331
-896,385
-876,385
-904,393
-876,379
-968,441
-980,465
-1000,509
-1044,539
-1032,523
-956,481
-944,433
-940,475
-908,453
-840,365
-864,417
-864,421
-844,435
-932,433
-960,475
-936,475
-912,473
-812,415
-888,425
-924,467
-900,439
-912,471
-972,499
-992,509
-920,465
-940,485
-908,453
-976,477
-904,417
-868,393
-920,439
-992,495
-908,485
-884,469
-964,501
-920,459
-940,495
-916,475
-888,473
-884,469
-1000,537
-968,503
-948,509
-992,535
-964,517
-956,483
-860,403
-836,415
-872,379
-868,339
-812,341
-760,273
-740,289
-844,347
-904,339
-872,391
-840,393
-880,459
-916,445
-852,435
-920,467
-924,457
-908,413
-892,415
-844,407
-928,463
-916,473
-872,437
-1000,477
-940,453
-948,445
-944,473
-896,457
-856,443
-924,493
-948,511
-920,483
-904,427
-920,409
-996,479
-936,465
-908,463
-872,449
-972,495
-932,451
-896,445
-840,423
-876,461
-888,385
-872,343
-876,341
-792,319
-848,341
-852,351
-844,387
-808,379
-784,349
-800,333
-796,311
-828,339
-880,357
-884,337
-868,347
-800,353
-812,381
-840,349
-820,387
-840,395
-848,351
-856,389
-884,387
-904,365
-836,349
-832,363
-912,447
-940,455
-864,413
-880,433
-892,445
-976,487
-968,489
-888,447
-928,483
-944,505
-916,499
-972,497
-940,501
-932,491
-900,449
-948,495
-892,453
-944,473
-996,517
-1032,543
-972,503
-992,507
-1036,537
-1016,515
-940,469
-920,463
-884,455
-960,511
-868,443
-936,473
-992,487
-988,511
-972,511
-876,479
-936,501
-1040,529
-956,509
-972,497
-956,487
-1004,509
-916,489
-876,443
-1012,491
-964,425
-884,415
-836,409
-888,443
-940,483
-880,429
-876,425
-904,453
-896,457
-884,467
-840,437
-948,465
-888,411
-860,439
-900,453
-916,469
-880,419
-916,469
-880,407
-940,445
-912,411
-884,401
-860,377
-880,415
-904,391
-904,425
-884,425
-948,459
-936,453
-956,475
-956,499
-1036,539
-940,495
-940,503
-920,491
-948,515
-924,501
-940,499
-984,513
-928,473
-868,461
-948,495
-928,473
-868,439
-928,473
-864,409
-896,405
-788,373
-804,427
-908,467
-932,505
-968,501
-900,469
-876,461
-960,507
-940,495
-980,507
-980,513
-1004,527
-1008,525
-1008,529
-984,515
-936,475
-976,513
-956,501
-936,507
-1028,537
-1024,543
-992,525
-984,521
-976,523
-948,493
-904,467
-848,443
-900,493
-920,471
-944,499
-1044,535
-948,509
-1052,531
-944,491
-928,493
-972,503
-952,499
-904,453
-956,447
-908,449
-936,439
-900,425
-904,407
-868,381
-848,303
-884,309
-848,299
-768,231
-764,217
-664,165
-736,159
-756,153
-768,107
-816,123
-904,197
-864,293
-796,321
-820,275
-768,275
-736,213
-776,253
-764,261
-852,313
-796,291
-760,305
-824,289
-848,341
-904,321
-908,337
-936,341
-860,327
-836,255
-836,207
-868,317
-876,323
-868,361
-856,323
-876,343
-888,277
-852,275
-896,301
-832,309
-800,307
-888,315
-872,339
-876,425
-844,365
-860,375
-852,337
-868,363
-808,345
-856,401
-812,345
-872,387
-924,421
-888,401
-900,433
-872,431
-876,425
-956,481
-960,477
-960,513
-968,467
-912,383
-840,381
-860,381
-820,377
-864,439
-952,489
-1040,547
-996,517
-1000,509
-968,505
-964,465
-968,497
-952,487
-1016,543
-1016,529
-988,539
-1020,545
-964,523
-940,503
-896,463
-884,469
-976,495
-960,473
-920,449
-888,417
-864,433
-948,513
-1004,505
-876,421
-944,465
-1036,525
-964,465
-848,395
-828,427
-832,397
-904,393
-936,409
-876,349
-860,327
-792,325
-912,375
-872,361
-836,331
-872,351
-852,371
-992,445
-904,401
-848,397
-888,387
-900,419
-900,407
-912,407
-928,447
-896,393
-872,375
-888,367
-900,381
-828,379
-848,435
-744,397
-840,421
-940,501
-940,495
-1004,525
-988,525
-1040,545
-980,521
-1004,525
-972,523
-984,529
-932,495
-892,473
-972,503
-1008,469
-1028,479
-1008,459
-868,373
-876,411
-884,419
-860,363
-916,375
-872,425
-896,413
-888,459
-880,461
-936,479
-940,467
-972,473
-904,461
-892,475
-1004,495
-976,497
-932,479
-1000,505
-964,509
-952,517
-1040,549
-1008,539
-1028,543
-1020,535
-960,453
-856,435
-876,439
-840,425
-916,441
-852,421
-944,429
-932,389
-996,413
-952,405
-952,335
-928,329
-932,297
-920,333
-868,283
-928,323
-944,311
-892,289
-856,269
-928,335
-792,309
-840,369
-872,403
-872,393
-924,421
-932,469
-860,441
-956,465
-956,465
-980,501
-984,507
-944,503
-936,485
-912,493
-932,505
-960,509
-924,481
-872,439
-852,431
-952,485
-988,511
-988,523
-996,535
-972,533
-968,507
-940,489
-928,463
-840,399
-868,427
-896,421
-924,479
-960,497
-1000,527
-1024,531
-1012,513
-996,513
-956,505
-884,461
-864,429
-920,467
-832,431
-876,453
-880,461
-948,469
-1012,525
-924,499
-928,467
-952,489
-880,459
-892,453
-904,473
-964,515
-1000,519
-1068,553
-1020,513
-968,499
-1004,525
-1012,525
-976,515
-976,485
-928,417
-872,391
-944,421
-964,451
-956,493
-924,483
-928,507
-860,463
-964,525
-984,527
-860,449
-924,461
-968,479
-876,451
-844,407
-872,385
-848,409
-940,457
-976,491
-956,487
-956,519
-944,493
-912,461
-872,439
-908,459
-824,427
-820,419
-852,435
-956,487
-896,471
-924,477
-908,483
-928,515
-1056,557
-980,515
-980,525
-980,527
-1028,539
-980,521
-908,503
-1008,523
-976,513
-980,505
-976,499
-964,509
-1048,529
-924,473
-968,477
-924,409
-920,409
-900,473
-964,489
-964,485
-864,423
-948,465
-936,471
-992,517
-1008,547
-948,507
-852,451
-940,473
-880,463
-964,521
-952,525
-1020,539
-964,497
-948,505
-932,475
-892,453
-904,447
-820,379
-828,387
-916,491
-964,525
-888,483
-1052,561
-1000,537
-992,531
-1012,527
-972,517
-936,489
-960,507
-960,461
-952,481
-908,447
-928,455
-924,489
-920,491
-976,517
-976,497
-960,495
-952,459
-892,437
-888,447
-892,461
-924,463
-1020,479
-972,463
-928,467
-884,429
-844,349
-864,351
-900,419
-928,433
-912,461
-912,429
-936,479
-936,481
-904,455
-940,485
-972,497
-992,523
-984,503
-976,511
-988,495
-1028,521
-1016,533
-992,523
-948,493
-984,507
-1012,523
-964,517
-996,519
-948,495
-916,467
-836,407
-804,373
-784,363
-852,399
-892,357
-856,259
-808,211
-812,241
-804,273
-868,313
-844,335
-816,323
-844,355
-884,341
-828,391
-952,445
-892,381
-916,369
-880,383
-876,373
-844,305
-768,317
-744,315
-796,281
-744,281
-776,255
-740,179
-864,137
-788,167
-804,123
-848,129
-780,117
-824,131
-820,123
-816,85
-760,-3
-824,11
-832,13
-900,-11
-824,15
-792,3
-800,121
-800,103
-804,167
-800,117
-804,149
-792,207
-748,147
-712,175
-772,193
-812,157
-824,133
-832,141
-836,79
-868,113
-872,117
-876,193
-844,161
-856,173
-860,203
-836,187
-784,199
-784,183
-816,229
-836,189
-888,121
-880,131
-776,201
-812,239
-760,227
-848,263
-780,295
-856,363
-952,415
-900,423
-992,449
-956,425
-888,439
-904,425
-924,453
-964,487
-864,425
-864,427
-924,475
-932,487
-888,461
-892,475
-948,493
-972,473
-988,493
-888,445
-908,453
-904,409
-900,395
-904,381
-800,337
-848,359
-892,377
-812,309
-868,263
-796,249
-836,281
-832,273
-792,293
-820,315
-848,311
-828,259
-804,193
-876,205
-800,181
-824,233
-888,283
-836,297
-844,259
-868,301
-824,347
-824,351
-844,351
-856,321
-924,363
-848,315
-868,347
-852,325
-908,339
-868,333
-896,323
-900,379
-824,353
-836,363
-836,347
-860,323
-872,347
-864,339
-868,347
-912,397
-892,371
-884,393
-884,389
-876,397
-924,433
-996,481
-972,487
-892,421
-884,439
-872,425
-820,421
-888,455
-936,457
-916,441
-936,465
-884,447
-888,473
-960,497
-896,465
-864,407
-856,405
-860,397
-812,363
-760,313
-816,379
-944,391
-876,347
-908,337
-832,291
-828,209
-820,225
-892,253
-836,259
-832,191
-788,151
-756,103
-788,139
-820,245
-848,261
-844,325
-784,321
-832,333
-856,381
-828,391
-784,363
-872,439
-912,447
-920,457
-908,471
-892,461
-888,485
-856,445
-960,497
-936,469
-884,475
-976,505
-1068,551
-1024,545
-948,521
-1040,545
-1008,527
-940,509
-976,519
-1040,541
-1072,559
-916,501
-960,511
-992,531
-960,509
-936,471
-920,469
-904,451
-900,487
-956,511
-956,523
-1064,565
-1016,537
-944,497
-944,503
-924,481
-976,507
-976,499
-968,477
-972,511
-1004,505
-1024,535
-944,487
-992,499
-912,489
-1040,519
-972,517
-1076,555
-1016,539
-960,489
-860,385
-824,377
-848,357
-860,437
-984,519
-992,525
-936,479
-904,483
-928,505
-980,517
-944,509
-932,469
-1012,499
-1032,535
-1052,539
-1028,539
-960,521
-960,521
-976,513
-932,479
-968,519
-968,505
-864,443
-876,423
-816,399
-840,387
-888,401
-944,427
-948,477
-940,473
-1028,513
-940,473
-1008,477
-980,443
-932,433
-896,385
-932,433
-880,389
-856,361
-868,285
-852,287
-884,277
-844,255
-796,263
-808,277
-776,197
-784,265
-816,197
-848,205
-800,191
-800,167
-820,217
-812,257
-868,293
-840,265
-824,223
-768,247
-724,233
-748,191
-740,159
-720,177
-772,167
-780,117
-800,45
-808,105
-820,115
-892,115
-784,79
-808,15
-872,65
-844,77
-764,37
-804,35
-716,31
-724,121
-860,107
-876,21
-924,27
-900,41
-848,27
-752,-21
-824,39
-800,95
-792,159
-724,119
-808,157
-796,137
-836,133
-836,201
-860,217
-780,219
-788,189
-772,219
-752,225
-748,257
-724,271
-780,339
-864,409
-844,355
-816,299
-792,281
-756,277
-756,287
-788,263
-852,351
-856,335
-900,369
-924,425
-964,471
-884,441
-924,467
-916,473
-928,477
-936,473
-944,475
-944,449
-892,437
-960,475
-912,465
-908,451
-888,427
-812,395
-856,409
-840,395
-864,419
-896,431
-876,415
-900,407
-860,357
-800,321
-772,297
-740,283
-796,319
-888,355
-836,337
-880,357
-824,331
-908,317
-844,317
-860,323
-828,349
-900,411
-896,457
-872,429
-872,475
-872,473
-980,527
-980,507
-900,483
-924,481
-956,477
-876,405
-964,503
-944,497
-980,491
-920,425
-932,447
-960,459
-928,453
-888,451
-996,521
-1036,549
-928,489
-916,455
-976,471
-896,465
-948,509
-936,483
-956,483
-880,435
-932,499
-840,441
-952,451
-968,455
-888,447
-944,469
-1040,529
-984,513
-1012,535
-984,525
-1016,533
-976,513
-968,503
-852,451
-908,491
-976,515
-1016,537
-964,503
-960,515
-976,519
-948,509
-956,487
-888,475
-968,511
-948,493
-948,507
-940,489
-880,413
-856,401
-848,419
-1004,519
-1068,565
-964,517
-960,513
-960,511
-892,457
-856,451
-820,451
-892,487
-1000,521
-944,501
-988,515
-952,499
-1004,521
-848,439
-880,421
-884,423
-880,397
-872,373
-908,385
-968,373
-932,381
-892,435
-892,419
-920,415
-864,401
-860,411
-852,387
-880,395
-896,427
-924,475
-932,477
-916,469
-964,477
-924,485
-968,481
-948,483
-948,491
-920,465
-876,423
-864,439
-896,457
-832,417
-868,453
-940,497
-968,509
-1064,537
-996,533
-952,499
-980,489
-928,477
-956,449
-920,429
-940,437
-972,479
-1012,515
-884,455
-796,393
-800,357
-852,409
-872,431
-812,359
-828,401
-804,361
-908,453
-916,471
-920,479
-852,447
-884,449
-880,457
-972,507
-928,465
-816,411
-784,403
-808,387
-844,445
-796,413
-816,425
-848,435
-948,475
-916,489
-888,453
-936,453
-928,427
-932,429
-960,365
-912,433
-948,467
-1016,483
-996,495
-908,477
-916,463
-952,479
-852,379
-940,409
-896,427
-948,445
-928,457
-884,459
-952,513
-996,505
-916,461
-892,443
-820,409
-872,377
-896,347
-928,319
-932,371
-912,339
-892,379
-852,351
-912,313
-924,267
-880,265
-868,337
-892,401
-804,407
-912,463
-932,439
-840,419
-888,421
-904,455
-872,421
-904,451
-1008,511
-1008,507
-996,505
-944,493
-944,483
-940,425
-880,377
-856,289
-824,279
-756,241
-752,269
-796,227
-792,219
-828,245
-760,227
-764,317
-784,361
-800,319
-888,355
-876,365
-816,347
-848,367
-772,347
-792,325
-808,295
-796,267
-816,333
-884,357
-892,381
-884,421
-828,437
-876,433
-904,449
-920,447
-864,447
-920,491
-952,489
-1020,495
-952,469
-904,395
-836,427
-924,447
-932,487
-984,511
-840,447
-1008,535
-908,485
-964,481
-928,443
-932,449
-964,469
-948,495
-880,487
-876,479
-844,473
-860,449
-880,421
-816,381
-792,385
-868,395
-820,353
-792,383
-852,423
-864,435
-912,447
-860,425
-808,389
-808,415
-916,475
-932,445
-948,497
-884,473
-904,475
-928,483
-916,481
-912,497
-964,513
-984,497
-880,439
-936,473
-952,455
-860,419
-832,419
-844,417
-912,411
-868,383
-836,385
-856,413
-808,407
-876,401
-956,449
-812,317
-852,337
-816,285
-796,281
-816,189
-848,277
-872,353
-808,263
-820,265
-840,271
-828,279
-788,267
-708,225
-800,243
-788,187
-732,199
-828,239
-784,231
-744,249
-692,243
-824,319
-804,249
-788,191
-780,193
-764,275
-768,239
-796,317
-884,425
-948,475
-912,409
-868,417
-1020,517
-960,479
-932,465
-988,503
-952,523
-904,487
-880,461
-984,513
-976,525
-1084,565
-1032,523
-940,463
-916,391
-908,401
-892,411
-852,409
-892,385
-844,341
-816,363
-836,367
-860,403
-844,361
-948,431
-964,471
-948,483
-884,431
-832,355
-852,341
-836,325
-840,347
-912,411
-968,499
-952,505
-928,459
-980,525
-1032,529
-1016,525
-1044,529
-964,499
-920,491
-1012,535
-988,513
-972,503
-936,467
-972,471
-852,401
-892,431
-820,383
-888,437
-836,415
-824,409
-916,435
-920,447
-912,451
-896,461
-880,441
-876,443
-888,443
-896,425
-912,449
-908,425
-888,423
-824,393
-916,409
-900,427
-912,417
-920,393
-816,357
-800,361
-968,473
-1036,501
-1048,515
-992,493
-1012,515
-996,523
-920,465
-976,485
-896,455
-856,449
-952,467
-952,395
-868,327
-764,281
-708,291
-776,217
-800,239
-788,275
-784,219
-804,231
-848,271
-824,313
-752,299
-784,267
-784,205
-816,195
-804,177
-820,169
-840,189
-840,221
-852,143
-880,91
-816,109
-812,65
-872,-45
-856,-109
-792,-133
-732,-93
-772,-65
-788,-79
-856,-59
-704,-25
-812,-59
-792,-63
-736,-89
-776,-155
-760,-137
-736,-99
-724,-131
-796,-75
-828,-23
-808,-49
-796,13
-764,-45
-828,-167
-780,-115
-784,-111
-796,-95
-768,-71
-840,-93
-828,-59
-784,-87
-764,-97
-852,-123
-924,-103
-904,-217
-840,-181
-808,-117
-840,-103
-852,-155
-832,-211
-768,-227
-676,-171
-740,-203
-708,-221
-716,-241
-760,-263
-812,-293
-872,-413
-856,-403
-844,-393
-880,-455
-916,-465
-836,-433
-864,-403
-948,-437
-1012,-451
-948,-467
-868,-439
-864,-427
-856,-477
-852,-475
-860,-477
-1028,-547
-980,-513
-988,-505
-968,-471
-928,-435
-860,-413
-860,-399
-820,-365
-812,-389
-768,-371
-776,-371
-828,-371
-780,-359
-812,-387
-864,-407
-804,-339
-904,-403
-812,-305
-788,-229
-748,-215
-732,-87
-780,-115
-836,-99
-816,-101
-812,-61
-784,-31
-804,-17
-784,1
-736,-17
-760,99
-760,167
-844,153
-812,175
-856,215
-896,293
-920,313
-880,315
-844,307
-816,283
-860,303
-868,275
-780,261
-872,311
-804,235
-836,291
-828,287
-824,365
-816,333
-832,311
-844,321
-872,321
-856,327
-892,371
-872,407
-936,465
-940,421
-912,399
-944,441
-916,459
-888,461
-976,517
-956,513
-928,483
-948,493
-888,453
-848,451
-928,501
-1036,545
-1012,547
-980,509
-1000,509
-1004,539
-996,529
-936,515
-940,483
-948,479
-972,497
-964,467
-972,481
-972,503
-956,499
-1020,515
-996,513
-1000,495
-948,469
-936,393
-880,377
-868,373
-828,343
-892,419
-932,477
-952,471
-916,457
-984,529
-996,529
-1008,527
-920,507
-1020,539
-876,469
-1016,481
-952,471
-892,451
-960,471
-952,473
-988,487
-868,417
-928,505
-996,533
-948,519
-1004,521
-976,515
-952,511
-1056,557
-992,521
-976,507
-888,467
-860,429
-928,487
-940,497
-924,479
-940,483
-940,475
-968,485
-1016,537
-1028,525
-864,453
-984,493
-980,511
-1060,541
-940,477
-968,505
-980,501
-936,485
-848,419
-936,467
-900,489
-976,523
-916,481
-900,483
-976,499
-992,513
-1044,531
-1060,531
-924,473
-936,461
-972,515
-980,511
-972,511
-1036,539
-1084,565
-1044,541
-1064,563
-1000,535
-1036,521
-1032,497
-924,437
-940,467
-928,463
-876,483
-912,481
-896,479
-920,499
-1040,539
-1044,551
-1068,567
-1032,547
-1084,575
-1056,529
-1052,507
-920,469
-904,467
-932,477
-988,485
-964,489
-828,397
-868,413
-792,333
-780,291
-752,249
-744,285
-808,327
-776,279
-852,345
-820,369
-840,411
-876,471
-940,503
-908,485
-984,523
-1036,541
-1048,529
-960,497
-964,505
-932,505
-972,529
-940,513
-900,455
-908,455
-896,459
-900,445
-956,499
-968,489
-964,513
-972,515
-968,527
-996,527
-976,513
-972,519
-980,503
-920,447
-944,449
-992,477
-884,395
-916,371
-912,421
-892,357
-880,393
-864,433
-896,477
-864,439
-840,425
-872,467
-944,509
-960,513
-924,497
-948,495
-872,437
-960,489
-912,485
-1000,517
-1004,489
-972,437
-768,293
-880,373
-892,399
-864,377
-900,443
-960,503
-956,493
-968,513
-936,501
-1060,549
-1032,535
-960,511
-940,511
-880,467
-908,485
-916,449
-904,447
-896,433
-964,469
-916,453
-932,481
-944,493
-992,525
-1040,537
-996,519
-992,529
-988,503
-964,505
-984,479
-876,409
-764,401
-816,423
-792,395
-784,307
-868,379
-848,387
-904,391
-892,395
-948,423
-924,447
-940,467
-888,491
-968,521
-1020,541
-1020,539
-1008,541
-1064,557
-980,531
-960,511
-956,497
-1008,543
-1016,545
-980,523
-956,511
-928,479
-972,463
-940,455
-928,473
-928,473
-980,505
-1040,533
-1088,565
-1000,517
-968,511
-924,485
-884,467
-892,483
-892,463
-956,483
-972,497
-996,503
-1024,523
-932,477
-944,485
-928,499
-1016,523
-936,463
-892,477
-912,485
-984,519
-940,507
-900,495
-988,535
-1028,543
-968,523
-984,535
-1012,529
-1020,527
-952,513
-916,475
-964,507
-964,485
-988,515
-1048,537
-1008,535
-964,521
-988,541
-1056,557
-1108,571
-1040,545
-976,507
-984,509
-1004,513
-1076,543
-992,507
-880,467
-924,481
-980,529
-964,511
-972,491
-956,481
-980,471
-1024,497
-976,475
-924,443
-936,467
-932,447
-968,457
-964,455
-964,487
-972,521
-1020,527
-968,519
-1048,545
-1028,537
-972,503
-1036,537
-1020,537
-984,499
-1004,527
-1008,513
-980,507
-936,487
-932,455
-888,445
-908,409
-860,375
-888,393
-860,357
-804,355
-800,277
-700,217
-688,187
-752,227
-804,261
-800,231
-856,237
-856,263
-880,231
-820,251
-788,267
-828,273
-848,195
-864,215
-796,143
-784,171
-768,197
-712,201
-804,191
-728,125
-792,89
-724,43
-760,41
-792,21
-796,-91
-840,-87
-796,-125
-820,-141
-812,-211
-820,-225
-848,-227
-864,-273
-860,-293
-796,-315
-772,-385
-772,-331
-840,-347
-820,-331
-792,-299
-840,-355
-892,-405
-880,-387
-896,-427
-896,-341
-924,-309
-908,-247
-848,-233
-884,-207
-936,-245
-940,-263
-928,-259
-836,-247
-856,-255
-844,-235
-772,-191
-800,-209
-760,-149
-724,-65
-720,-119
-808,-61
-824,-75
-856,-49
-760,-143
-756,-175
-792,-197
-800,-143
-812,-143
-796,-219
-724,-185
-820,-243
-784,-175
-764,-209
-820,-251
-868,-309
-808,-287
-840,-379
-860,-401
-840,-355
-932,-423
-996,-449
-1012,-457
-1012,-483
-1016,-447
-972,-467
-980,-461
-844,-383
-860,-321
-772,-219
-784,-281
-788,-287
-780,-341
-812,-331
-892,-361
-848,-355
-868,-327
-868,-317
-888,-357
-952,-481
-928,-459
-972,-469
-936,-459
-884,-425
-908,-427
-984,-493
-988,-497
-936,-441
-900,-497
-1024,-551
-1044,-547
-988,-507
-828,-341
-812,-275
-844,-275
-784,-291
-808,-277
-796,-299
-784,-319
-768,-319
-752,-281
-760,-279
-724,-263
-816,-321
-796,-283
-724,-309
-720,-311
-760,-273
-804,-303
-764,-275
-748,-283
-780,-285
-856,-339
-868,-317
-816,-279
-868,-309
-836,-329
-820,-353
-864,-395
-832,-357
-880,-385
-820,-393
-900,-433
-900,-455
-868,-437
-908,-427
-820,-363
-800,-319
-832,-351
-896,-421
-932,-467
-900,-457
-812,-423
-812,-385
-888,-443
-936,-499
-956,-507
-1016,-541
-996,-541
-920,-473
-944,-483
-1020,-529
-968,-515
-980,-481
-920,-469
-940,-509
-980,-513
-1000,-529
-1056,-545
-1052,-559
-1104,-575
-960,-499
-988,-523
-1044,-523
-908,-479
-984,-527
-996,-499
-1056,-541
-1028,-537
-1020,-531
-1072,-563
-1016,-533
-988,-525
-1084,-565
-1108,-573
-1028,-543
-976,-521
-908,-481
-892,-483
-948,-503
-956,-499
-1000,-513
-1004,-535
-932,-515
-884,-493
-924,-475
-972,-505
-1004,-527
-1032,-539
-944,-499
-992,-533
-1000,-541
-944,-505
-996,-515
-1012,-533
-1032,-525
-944,-489
-912,-437
-928,-453
-976,-507
-996,-525
-1076,-561
-1068,-565
-1084,-561
-1044,-553
-980,-523
-968,-519
-936,-501
-964,-521
-1032,-549
-1012,-547
-988,-539
-1028,-543
-1008,-505
-964,-479
-956,-471
-940,-461
-932,-463
-952,-465
-884,-491
-1008,-539
-976,-529
-972,-507
-992,-529
-944,-501
-976,-497
-936,-477
-984,-475
-924,-415
-944,-401
-908,-409
-900,-431
-916,-441
-1016,-463
-920,-407
-940,-455
-900,-427
-928,-459
-844,-427
-900,-463
-912,-473
-980,-509
-1012,-507
-932,-485
-980,-503
-916,-477
-988,-475
-948,-449
-868,-381
-908,-401
-840,-355
-816,-357
-840,-413
-788,-377
-796,-391
-784,-373
-816,-391
-908,-461
-816,-401
-876,-423
-872,-423
-824,-433
-932,-441
-936,-463
-900,-437
-812,-369
-836,-375
-872,-369
-916,-347
-876,-349
-896,-355
-860,-311
-936,-357
-924,-385
-856,-287
-816,-285
-868,-285
-912,-241
-824,-195
-780,-201
-888,-179
-844,-163
-856,-143
-888,-235
-944,-281
-900,-239
-900,-259
-780,-267
-880,-337
-852,-315
-872,-363
-808,-363
-812,-329
-820,-379
-876,-403
-936,-441
-932,-487
-940,-459
-908,-417
-880,-361
-848,-325
-828,-287
-832,-329
-840,-341
-828,-337
-800,-323
-796,-283
-836,-315
-820,-343
-888,-377
-884,-399
-1008,-481
-1024,-517
-1020,-517
-976,-503
-1016,-523
-1048,-555
-1004,-529
-956,-497
-956,-479
-964,-503
-964,-517
-948,-515
-940,-503
-1020,-537
-980,-507
-940,-489
-880,-465
-892,-459
-844,-389
-800,-341
-856,-419
-896,-417
-904,-413
-888,-383
-912,-385
-912,-419
-804,-403
-888,-423
-844,-409
-860,-423
-872,-447
-864,-429
-960,-501
-924,-485
-928,-497
-960,-505
-892,-461
-932,-493
-940,-461
-992,-473
-952,-455
-1016,-481
-928,-459
-912,-419
-956,-465
-940,-485
-1016,-509
-932,-489
-896,-453
-844,-415
-948,-459
-880,-427
-892,-413
-928,-469
-944,-413
-928,-441
-948,-447
-932,-443
-976,-451
-880,-441
-908,-467
-916,-493
-960,-507
-900,-467
-892,-407
-944,-427
-900,-435
-940,-467
-924,-439
-880,-461
-888,-477
-876,-437
-952,-495
-1024,-543
-1012,-539
-1000,-547
-956,-511
-932,-495
-936,-453
-796,-351
-808,-375
-768,-315
-852,-369
-816,-383
-852,-373
-904,-437
-872,-425
-868,-429
-880,-439
-828,-389
-868,-429
-816,-407
-832,-427
-880,-473
-884,-449
-944,-501
-936,-449
-896,-427
-896,-405
-1004,-483
-976,-477
-956,-507
-976,-521
-956,-527
-1036,-545
-1020,-547
-980,-517
-968,-519
-856,-445
-836,-415
-856,-401
-912,-449
-988,-499
-940,-509
-944,-501
-1008,-499
-952,-497
-924,-485
-912,-503
-964,-527
-1028,-541
-940,-505
-876,-467
-960,-489
-976,-487
-1064,-565
-1008,-543
-988,-525
-1020,-543
-1036,-541
-1016,-527
-1020,-531
-960,-505
-920,-479
-992,-495
-980,-505
-988,-499
-972,-479
-996,-499
-836,-455
-928,-493
-952,-475
-920,-447
-896,-419
-936,-459
-920,-443
-912,-433
-912,-395
-880,-389
-860,-395
-852,-423
-896,-447
-908,-475
-868,-461
-836,-449
-876,-433
-900,-439
-952,-435
-916,-473
-992,-511
-928,-507
-980,-523
-996,-539
-920,-503
-864,-471
-880,-465
-976,-483
-884,-451
-916,-461
-932,-465
-816,-371
-844,-347
-864,-347
-824,-333
-788,-335
-820,-337
-844,-367
-844,-365
-800,-339
-932,-385
-896,-339
-884,-361
-800,-329
-856,-347
-788,-325
-872,-355
-968,-389
-992,-377
-936,-311
-936,-321
-888,-313
-932,-397
-984,-495
-956,-501
-892,-467
-744,-407
-852,-429
-928,-465
-880,-419
-892,-457
-992,-519
-920,-489
-976,-521
-1092,-567
-988,-523
-980,-523
-920,-485
-952,-479
-956,-479
-976,-467
-976,-497
-904,-425
-924,-463
-948,-489
-932,-491
-876,-457
-1000,-509
-876,-443
-888,-455
-884,-437
-860,-461
-932,-475
-828,-425
-916,-481
-900,-441
-908,-435
-884,-419
-976,-459
-1008,-489
-1004,-493
-1016,-515
-972,-491
-1000,-521
-920,-489
-856,-469
-988,-519
-960,-501
-932,-467
-1000,-509
-1004,-535
-972,-501
-980,-457
-932,-457
-948,-483
-948,-499
-932,-469
-884,-403
-868,-421
-916,-485
-984,-531
-904,-455
-776,-401
-872,-463
-944,-497
-916,-487
-940,-491
-940,-491
-928,-459
-872,-427
-944,-469
-928,-459
-960,-475
-904,-411
-816,-353
-780,-249
-748,-255
-816,-331
-848,-307
-836,-219
-868,-219
-828,-271
-840,-279
-736,-277
-720,-247
-748,-271
-804,-369
-968,-427
-908,-381
-892,-393
-856,-401
-828,-399
-848,-371
-876,-371
-860,-395
-900,-433
-904,-409
-936,-383
-860,-377
-896,-359
-808,-327
-904,-343
-888,-351
-868,-361
-916,-363
-868,-399
-820,-311
-796,-281
-836,-227
-924,-263
-896,-285
-880,-355
-800,-333
-832,-379
-864,-381
-900,-415
-832,-357
-932,-443
-916,-447
-924,-447
-900,-431
-820,-415
-772,-373
-824,-357
-912,-375
-816,-333
-892,-387
-836,-363
-788,-315
-808,-325
-860,-323
-920,-395
-924,-369
-888,-323
-856,-333
-904,-319
-836,-319
-848,-333
-780,-323
-828,-341
-828,-289
-824,-299
-748,-303
-832,-291
-864,-305
-896,-347
-792,-339
-880,-345
-880,-293
-868,-315
-916,-323
-844,-331
-784,-311
-852,-305
-784,-313
-844,-347
-816,-369
-800,-363
-908,-419
-932,-467
-920,-481
-892,-443
-904,-475
-968,-479
-944,-455
-900,-463
-896,-459
-868,-459
-916,-495
-1008,-537
-1048,-551
-1092,-567
-1024,-527
-1060,-553
-1044,-531
-984,-521
-960,-411
-912,-471
-960,-469
-944,-483
-912,-431
-924,-441
-852,-399
-856,-413
-908,-445
-852,-419
-836,-355
-768,-305
-804,-299
-820,-329
-848,-397
-832,-397
-900,-411
-884,-413
-836,-415
-772,-389
-876,-447
-896,-485
-968,-517
-916,-479
-952,-515
-924,-485
-932,-463
-880,-415
-880,-377
-868,-435
-932,-465
-932,-461
-1008,-463
-1020,-473
-964,-421
-940,-433
-940,-447
-792,-413
-844,-433
-932,-489
-916,-415
-864,-361
-880,-401
-936,-469
-876,-469
-868,-429
-804,-395
-872,-449
-924,-475
-888,-453
-792,-359
-920,-425
-968,-525
-992,-543
-1052,-551
-1040,-551
-1076,-565
-1076,-561
-980,-501
-940,-467
-988,-461
-900,-357
-940,-403
-972,-413
-860,-379
-916,-397
-832,-367
-780,-311
-872,-339
-924,-351
-872,-433
-956,-449
-928,-481
-864,-447
-924,-449
-928,-477
-1020,-533
-1096,-557
-988,-509
-996,-519
-1020,-533
-1040,-535
-1040,-533
-964,-507
-984,-519
-940,-519
-984,-541
-1020,-539
-1000,-525
-912,-479
-968,-507
-912,-479
-880,-469
-904,-463
-912,-403
-900,-397
-900,-423
-944,-479
-908,-497
-940,-499
-960,-467
-904,-467
-932,-505
-996,-521
-988,-511
-916,-457
-888,-447
-936,-489
-888,-469
-1004,-523
-920,-491
-956,-495
-1024,-503
-916,-491
-896,-449
-892,-425
-1008,-455
-924,-413
-904,-441
-928,-473
-908,-477
-900,-483
-888,-479
-916,-499
-992,-509
-952,-477
-916,-463
-940,-477
-904,-447
-840,-407
-796,-401
-796,-401
-852,-457
-892,-463
-904,-449
-984,-485
-964,-501
-916,-469
-928,-489
-940,-495
-976,-505
-952,-491
-936,-487
-948,-501
-1000,-497
-980,-513
-1044,-545
-1020,-547
-1060,-561
-1052,-549
-1028,-541
-1008,-509
-968,-459
-956,-427
-892,-427
-912,-431
-836,-399
-740,-341
-812,-337
-852,-307
-920,-349
-828,-285
-832,-315
-836,-357
-864,-395
-836,-425
-928,-467
-876,-443
-912,-481
-932,-473
-944,-471
-980,-479
-992,-495
-1020,-497
-868,-441
-964,-459
-932,-409
-908,-399
-900,-413
-908,-439
-960,-479
-940,-459
-932,-461
-944,-463
-932,-485
-912,-467
-936,-449
-896,-467
-900,-479
-868,-471
-824,-441
-916,-465
-988,-479
-1012,-511
-912,-477
-936,-475
-904,-437
-956,-467
-932,-469
-940,-513
-940,-497
-920,-483
-936,-463
-876,-439
-832,-407
-876,-413
-876,-417
-980,-481
-912,-413
-900,-413
-752,-285
-764,-261
-816,-265
-780,-247
-856,-303
-716,-221
-800,-267
-800,-311
-880,-381
-776,-399
-836,-427
-916,-437
-992,-485
-1020,-509
-1016,-525
-976,-493
-936,-469
-856,-375
-724,-299
-804,-293
-864,-367
-928,-337
-848,-351
-892,-389
-844,-379
-876,-427
-900,-373
-908,-383
-904,-345
-856,-335
-792,-287
-796,-267
-716,-213
-784,-219
-828,-319
-856,-307
-828,-299
-800,-311
-804,-239
-748,-285
-672,-277
-672,-231
-708,-235
-688,-251
-812,-319
-748,-303
-748,-303
-832,-363
-876,-361
-756,-323
-844,-351
-892,-355
-892,-371
-848,-377
-796,-303
-764,-271
-784,-211
-776,-235
-824,-353
-820,-357
-892,-361
-788,-315
-792,-297
-868,-301
-792,-301
-844,-333
-860,-345
-864,-277
-844,-225
-840,-247
-840,-253
-844,-229
-812,-201
-816,-173
-764,-237
-792,-225
-808,-259
-836,-273
-776,-241
-880,-329
-900,-369
-872,-349
-828,-325
-816,-319
-756,-267
-848,-257
-856,-241
-808,-205
-768,-133
-808,-139
-720,-107
-764,-123
-784,-85
-808,-67
-776,-9
-816,-23
-808,19
-780,29
-852,89
-848,131
-864,107
-820,113
-740,21
-820,37
-848,11
-868,45
-896,25
-816,15
-848,-45
-800,-123
-848,-197
-816,-209
-852,-193
-816,-139
-748,-109
-812,-137
-856,-71
-924,-211
-912,-203
-880,-173
-864,-181
-772,-163
-724,-193
-764,-155
-792,-163
-732,-157
-812,-211
-844,-197
-784,-249
-856,-319
-860,-323
-836,-333
-916,-425
-896,-445
-868,-433
-876,-465
-984,-501
-952,-499
-884,-479
-1004,-537
-1080,-561
-1028,-541
-976,-503
-956,-487
-928,-471
-904,-425
-836,-411
-860,-435
-852,-439
-896,-449
-848,-401
-884,-411
-932,-453
-944,-419
-952,-429
-1020,-489
-940,-453
-908,-441
-1024,-499
-1016,-527
-1036,-541
-896,-463
-856,-453
-844,-417
-900,-439
-916,-443
-904,-475
-976,-523
-996,-531
-960,-505
-900,-473
-892,-469
-1004,-527
-1012,-523
-980,-519
-1044,-529
-892,-473
-864,-451
-828,-437
-904,-445
-904,-475
-912,-503
-948,-519
-1056,-561
-992,-531
-996,-547
-972,-537
-1032,-543
-944,-487
-956,-467
-1008,-471
-944,-477
-856,-467
-984,-513
-956,-493
-948,-499
-944,-511
-884,-451
-980,-483
-944,-459
-936,-443
-908,-441
-864,-391
-856,-393
-856,-389
-840,-397
-832,-403
-796,-355
-756,-319
-780,-283
-860,-337
-912,-373
-844,-353
-804,-315
-820,-319
-816,-373
-888,-413
-988,-533
-976,-513
-1052,-539
-1052,-543
-1020,-491
-936,-427
-968,-421
-932,-373
-980,-401
-860,-363
-784,-339
-864,-355
-948,-373
-848,-397
-860,-379
-880,-393
-796,-361
-896,-359
-896,-379
-1000,-499
-864,-435
-896,-451
-908,-423
-916,-403
-860,-367
-940,-425
-892,-397
-948,-445
-928,-469
-900,-429
-848,-441
-868,-433
-924,-483
-904,-477
-876,-417
-848,-375
-852,-381
-840,-323
-784,-279
-800,-293
-932,-383
-888,-427
-852,-359
-868,-349
-808,-331
-824,-375
-824,-383
-920,-439
-932,-479
-988,-451
-988,-453
-964,-421
-872,-389
-904,-367
-820,-323
-848,-313
-840,-297
-908,-321
-872,-303
-896,-317
-888,-271
-896,-287
-808,-287
-888,-343
-808,-295
-788,-263
-736,-221
-744,-273
-800,-373
-864,-387
-896,-443
-916,-473
-988,-511
-996,-517
-980,-487
-944,-481
-1048,-515
-1000,-505
-992,-509
-980,-505
-1024,-531
-988,-509
-872,-453
-920,-477
-936,-471
-860,-421
-804,-355
-836,-371
-856,-417
-876,-421
-904,-461
-948,-457
-1016,-507
-896,-467
-892,-441
-972,-473
-868,-429
-860,-381
-884,-425
-884,-421
-904,-437
-852,-417
-836,-415
-944,-495
-1004,-531
-1080,-565
-976,-523
-828,-437
-928,-457
-912,-473
-940,-471
-964,-485
-932,-495
-956,-489
-980,-515
-964,-517
-1028,-541
-1028,-525
-908,-487
-892,-461
-940,-443
-928,-411
-888,-417
-864,-387
-900,-393
-940,-503
-964,-521
-936,-509
-968,-521
-944,-507
-976,-513
-1008,-535
-988,-531
-1048,-549
-992,-535
-968,-509
-944,-501
-1028,-529
-1012,-527
-1004,-519
-972,-501
-992,-511
-1004,-525
-1076,-561
-916,-499
-908,-455
-916,-463
-952,-499
-892,-441
-868,-423
-944,-445
-880,-433
-816,-375
-796,-365
-808,-385
-836,-381
-856,-377
-776,-405
-772,-401
-864,-415
-804,-395
-872,-425
-892,-429
-892,-455
-904,-451
-804,-413
-852,-413
-956,-481
-908,-471
-932,-481
-928,-473
-868,-449
-908,-405
-928,-407
-776,-283
-808,-277
-784,-215
-836,-231
-788,-191
-840,-315
-888,-337
-800,-293
-836,-297
-756,-301
-848,-403
-820,-417
-892,-395
-824,-373
-896,-399
-860,-393
-896,-423
-900,-423
-888,-435
-912,-453
-956,-469
-876,-459
-1016,-503
-912,-435
-848,-391
-844,-369
-836,-387
-824,-391
-880,-409
-964,-451
-940,-425
-972,-459
-984,-485
-888,-471
-988,-521
-912,-495
-896,-475
-892,-475
-860,-465
-864,-475
-844,-455
-952,-493
-940,-505
-952,-503
-964,-507
-960,-479
-964,-507
-1000,-497
-968,-481
-964,-497
-908,-483
-944,-507
-992,-537
-1024,-527
-1024,-541
-1056,-547
-1028,-531
-1000,-529
-1012,-553
-1000,-527
-936,-471
-864,-437
-936,-493
-908,-487
-880,-459
-928,-443
-976,-491
-896,-413
-860,-403
-912,-427
-868,-411
-888,-373
-896,-399
-948,-459
-904,-451
-1020,-489
-980,-467
-956,-465
-892,-461
-924,-445
-964,-455
-956,-507
-984,-525
-932,-511
-992,-517
-916,-495
-892,-485
-1016,-473
-1008,-455
-1004,-481
-968,-471
-904,-443
-812,-349
-888,-377
-880,-367
-848,-353
-880,-385
-860,-377
-908,-371
-888,-343
-896,-395
-852,-395
-864,-439
-964,-479
-912,-415
-908,-429
-864,-419
-984,-469
-936,-439
-1032,-481
-1004,-469
-932,-461
-928,-411
-924,-429
-948,-457
-968,-471
-984,-489
-972,-511
-980,-525
-928,-507
-968,-527
-996,-503
-980,-505
-932,-481
-1008,-539
-984,-523
-952,-497
-968,-507
-952,-475
-904,-461
-856,-443
-916,-475
-948,-489
-980,-523
-936,-497
-1008,-511
-980,-517
-920,-489
-976,-503
-884,-465
-988,-517
-948,-493
-920,-487
-896,-497
-936,-509
-952,-517
-992,-511
-1020,-541
-964,-507
-1040,-545
-976,-503
-1020,-535
-992,-529
-948,-465
-940,-481
-1008,-515
-952,-507
-892,-459
-900,-443
-948,-471
-864,-475
-924,-499
-956,-511
-928,-501
-988,-531
-972,-497
-980,-509
-1020,-541
-992,-533
-948,-507
-944,-495
-996,-515
-952,-501
-976,-497
-900,-465
-920,-471
-972,-507
-1016,-539
-1068,-563
-1032,-547
-1072,-563
-976,-529
-976,-523
-956,-523
-1072,-561
-936,-499
-908,-487
-944,-505
-888,-475
-952,-483
-912,-475
-876,-429
-884,-475
-936,-479
-932,-499
-980,-517
-956,-529
-936,-495
-948,-503
-984,-499
-916,-463
-884,-441
-960,-493
-952,-499
-956,-483
-1004,-501
-1012,-533
-920,-477
-920,-451
-956,-437
-948,-415
-940,-433
-956,-437
-948,-451
-944,-481
-904,-467
-976,-505
-952,-471
-932,-445
-896,-463
-948,-485
-876,-419
-880,-373
-920,-401
-872,-403
-864,-407
-844,-463
-904,-481
-872,-453
-996,-513
-972,-513
-944,-485
-940,-491
-936,-481
-940,-499
-864,-431
-812,-377
-872,-441
-932,-487
-948,-431
-912,-423
-948,-479
-952,-469
-928,-455
-892,-407
-940,-447
-908,-433
-824,-383
-828,-391
-828,-363
-836,-373
-848,-425
-952,-461
-916,-409
-924,-431
-852,-315
-796,-311
-840,-331
-836,-345
-880,-419
-960,-439
-896,-437
-956,-437
-828,-359
-736,-331
-840,-311
-940,-335
-900,-323
-876,-287
-852,-331
-836,-269
-792,-251
-792,-299
-840,-281
-796,-313
-716,-263
-788,-307
-816,-295
-796,-305
-740,-283
-828,-355
-876,-361
-840,-375
-908,-419
-900,-439
-956,-473
-984,-497
-892,-451
-848,-433
-948,-493
-996,-517
-964,-515
-892,-487
-980,-505
-996,-485
-900,-471
-900,-449
-860,-413
-940,-443
-864,-441
-1000,-495
-912,-467
-876,-435
-932,-441
-836,-435
-928,-501
-984,-511
-952,-489
-952,-487
-952,-445
-896,-419
-936,-475
-940,-461
-940,-479
-884,-461
-936,-453
-824,-387
-848,-371
-844,-315
-840,-337
-808,-351
-896,-443
-868,-421
-832,-409
-876,-435
-928,-431
-872,-417
-948,-467
-964,-479
-928,-477
-840,-401
-808,-347
-764,-321
-820,-317
-788,-345
-824,-339
-812,-401
-888,-453
-892,-443
-880,-419
-860,-433
-880,-445
-952,-487
-1048,-533
-1008,-523
-896,-489
-872,-447
-984,-495
-856,-417
-940,-449
-884,-401
-824,-445
-888,-467
-876,-459
-980,-525
-956,-519
-988,-511
-940,-481
-956,-469
-956,-483
-1016,-529
-952,-495
-944,-523
-936,-509
-956,-513
-1048,-527
-988,-507
-996,-519
-976,-519
-1020,-541
-1024,-513
-876,-469
-904,-481
-880,-467
-936,-491
-948,-511
-972,-527
-1092,-563
-1052,-547
-1028,-531
-1012,-535
-1004,-513
-1052,-545
-952,-491
-924,-479
-980,-503
-960,-479
-992,-481
-960,-523
-1040,-549
-1068,-561
-1036,-535
-944,-473
-912,-419
-864,-385
-928,-451
-956,-509
-916,-479
-976,-513
-996,-513
-924,-511
-956,-523
-1036,-551
-916,-499
-928,-491
-1000,-535
-944,-485
-908,-415
-960,-433
-948,-401
-960,-395
-936,-405
-884,-337
-880,-375
-916,-407
-940,-467
-916,-459
-880,-435
-888,-417
-940,-455
-900,-395
-852,-365
-936,-441
-948,-415
-896,-379
-904,-337
-892,-293
-932,-297
-964,-319
-900,-351
-932,-351
-848,-351
-844,-359
-936,-453
-960,-445
-940,-441
-952,-501
-908,-481
-988,-499
-1048,-529
-924,-475
-924,-479
-996,-513
-964,-505
-964,-513
-960,-519
-976,-529
-932,-501
-1040,-549
-992,-537
-984,-499
-972,-513
-980,-513
-980,-511
-936,-439
-884,-431
-836,-391
-832,-373
-884,-367
-844,-339
-876,-349
-824,-345
-836,-335
-796,-367
-844,-419
-820,-389
-884,-395
-848,-353
-932,-397
-932,-431
-872,-407
-880,-429
-840,-377
-844,-359
-808,-397
-832,-409
-820,-399
-896,-427
-896,-397
-864,-351
-820,-339
-928,-385
-912,-425
-920,-415
-904,-449
-980,-453
-972,-475
-1000,-519
-956,-493
-988,-509
-1000,-523
-1092,-563
-964,-523
-932,-495
-936,-499
-928,-487
-928,-457
-932,-449
-1016,-471
-932,-445
-864,-381
-892,-365
-916,-369
-916,-365
-876,-389
-900,-377
-924,-421
-900,-401
-988,-451
-964,-441
-1012,-499
-908,-467
-976,-485
-968,-425
-848,-349
-844,-355
-808,-307
-936,-421
-976,-427
-948,-487
-988,-515
-968,-515
-992,-521
-968,-501
-992,-509
-956,-479
-856,-435
-940,-479
-968,-469
-980,-481
-952,-485
-924,-495
-860,-467
-892,-475
-960,-517
-996,-519
-1028,-523
-940,-453
-912,-425
-840,-369
-900,-407
-880,-405
-808,-351
-824,-347
-784,-367
-880,-385
-872,-345
-868,-371
-916,-401
-940,-445
-956,-453
-1044,-505
-976,-501
-928,-491
-920,-489
-908,-477
-996,-503
-1008,-489
-996,-527
-1000,-527
-992,-523
-1088,-561
-1048,-545
-1012,-515
-1008,-523
-960,-509
-872,-471
-956,-489
-916,-481
-1016,-535
-980,-499
-908,-441
-856,-445
-960,-473
-936,-483
-860,-459
-964,-507
-972,-519
-1040,-523
-1064,-547
-1000,-529
-1008,-523
-992,-503
-956,-513
-872,-483
-984,-515
-1052,-555
-932,-503
-924,-487
-964,-489
-964,-491
-1012,-519
-988,-503
-1028,-507
-968,-483
-1004,-509
-944,-491
-988,-517
-1000,-535
-956,-513
-844,-469
-1036,-537
-924,-477
-884,-449
-932,-455
-932,-467
-868,-435
-808,-365
-816,-419
-948,-487
-936,-453
-916,-445
-816,-375
-828,-427
-828,-407
-816,-385
-832,-315
-736,-329
-808,-391
-836,-423
-844,-427
-936,-421
-868,-381
-860,-383
-972,-437
-956,-429
-864,-339
-820,-323
-880,-341
-900,-343
-788,-281
-788,-293
-856,-347
-904,-379
-880,-441
-932,-481
-856,-411
-892,-451
-912,-461
-852,-465
-964,-525
-960,-499
-1012,-525
-1024,-511
-948,-487
-964,-491
-1020,-517
-1028,-547
-1012,-551
-1056,-551
-1044,-551
-1060,-547
-972,-515
-956,-491
-988,-497
-1076,-551
-1060,-527
-1032,-483
-952,-405
-892,-405
-888,-431
-864,-417
-900,-435
-800,-313
-856,-341
-728,-307
-804,-279
-828,-349
-852,-379
-820,-301
-876,-413
-984,-449
-884,-443
-912,-441
-860,-421
-876,-439
-912,-445
-940,-421
-892,-395
-852,-343
-836,-283
-892,-303
-876,-325
-860,-303
-836,-263
-884,-301
-820,-311
-832,-291
-792,-269
-752,-271
-792,-309
-772,-297
-816,-355
-844,-403
-808,-335
-848,-291
-792,-253
-812,-225
-860,-261
-872,-279
-776,-237
-888,-319
-772,-303
-856,-297
-836,-303
-896,-335
-808,-287
-760,-289
-824,-335
-824,-263
-784,-303
-852,-311
-864,-337
-828,-311
-756,-205
-732,-215
-812,-33
-824,-93
-788,-93
-840,-149
-840,-169
-872,-261
-860,-229
-800,-185
-844,-183
-844,-117
-808,-65
-664,-115
-824,-119
-780,-65
-832,-63
-856,-41
-828,-59
-828,-65
-860,-51
-824,-109
-840,-89
-904,-101
-816,-103
-804,-169
-872,-151
-848,-135
-820,-157
-840,-173
-796,-239
-732,-229
-776,-197
-872,-319
-868,-369
-932,-379
-932,-431
-876,-419
-900,-381
-856,-411
-952,-427
-932,-387
-872,-341
-848,-339
-828,-309
-800,-301
-812,-333
-820,-383
-912,-429
-908,-419
-904,-435
-924,-441
-844,-379
-944,-461
-1008,-513
-972,-489
-1076,-557
-1052,-555
-1036,-529
-952,-473
-936,-479
-988,-499
-952,-509
-1008,-545
-1104,-575
-1072,-549
-1052,-529
-984,-509
-988,-473
-964,-503
-1012,-527
-984,-495
-888,-435
-884,-445
-836,-431
-812,-441
-872,-453
-840,-413
-888,-381
-864,-343
-828,-321
-820,-285
-864,-291
-792,-281
-768,-343
-804,-345
-844,-425
-832,-409
-852,-455
-936,-499
-920,-473
-992,-519
-908,-489
-1044,-549
-1044,-541
-1068,-557
-964,-501
-932,-507
-980,-495
-932,-493
-916,-465
-912,-445
-956,-489
-1000,-503
-948,-495
-980,-495
-892,-469
-988,-485
-868,-399
-820,-371
-852,-413
-944,-481
-948,-481
-948,-485
-972,-495
-964,-517
-916,-499
-912,-497
-976,-519
-964,-519
-960,-505
-940,-481
-944,-499
-1016,-533
-1040,-533
-1004,-535
-1076,-559
-944,-509
-944,-489
-952,-487
-912,-495
-1008,-537
-952,-507
-920,-473
-936,-487
-880,-439
-940,-467
-896,-443
-920,-445
-888,-443
-1044,-511
-944,-447
-840,-439
-880,-439
-916,-439
-952,-445
-892,-449
-860,-407
-864,-437
-944,-509
-924,-485
-776,-411
-888,-467
-912,-483
-992,-525
-968,-511
-992,-517
-904,-481
-1012,-553
-1044,-551
-1028,-537
-968,-511
-964,-521
-960,-521
-992,-529
-988,-523
-1032,-545
-1008,-529
-900,-481
-900,-471
-932,-487
-916,-491
-1032,-551
-948,-509
-964,-515
-928,-471
-936,-469
-904,-461
-920,-475
-952,-497
-932,-487
-960,-531
-912,-487
-988,-531
-1032,-531
-892,-449
-852,-439
-944,-471
-980,-487
-1056,-529
-956,-485
-900,-419
-912,-403
-864,-415
-928,-453
-908,-451
-928,-467
-908,-465
-864,-455
-968,-495
-984,-531
-988,-525
-1048,-547
-864,-459
-984,-513
-964,-509
-1008,-525
-1048,-539
-944,-523
-924,-501
-1024,-549
-1048,-551
-1076,-565
-1020,-523
-1052,-553
-1060,-549
-1016,-527
-1036,-545
-984,-511
-968,-485
-972,-513
-980,-519
-932,-501
-956,-513
-1004,-539
-1056,-565
-928,-489
-996,-517
-1000,-535
-1008,-539
-824,-411
-828,-395
-944,-423
-924,-415
-876,-415
-836,-379
-868,-381
-800,-351
-856,-289
-832,-289
-820,-271
-788,-249
-712,-189
-776,-159
-688,-133
-716,-87
-708,-91
-792,-99
-764,-101
-796,-133
-804,-121
-788,-175
-752,-155
-692,-153
-752,-115
-724,-107
-784,-137
-804,-139
-824,-85
-776,-53
-724,-37
-812,33
-832,19
-832,97
-764,131
-792,145
-828,123
-788,127
-808,117
-768,107
-776,109
-792,95
-812,69
-736,75
-700,23
-708,51
-684,-53
-716,-131
-664,-79
-636,41
-732,-77
-736,25
-692,41
-740,21
-852,-45
-832,-15
-808,73
-832,93
-768,81
-820,87
-828,137
-820,113
-792,157
-720,169
-796,199
-812,223
-820,233
-856,257
-788,293
-764,351
-756,363
-716,319
-764,285
-804,241
-760,157
-740,201
-812,161
-856,245
-780,201
-764,205
-816,289
-800,293
-756,293
-808,363
-828,363
-836,333
-856,369
-784,341
-784,395
-840,443
-840,375
-860,405
-856,401
-840,359
-852,359
-888,427
-964,489
-932,485
-1032,541
-988,499
-1012,497
-992,435
-988,439
-944,433
-928,449
-820,417
-812,403
-904,455
-1000,507
-924,493
-984,511
-940,479
-932,485
-956,469
-924,445
-960,473
-868,419
-836,343
-840,331
-800,259
-764,191
-832,297
-932,373
-1004,435
-964,451
-932,439
-956,415
-976,493
-956,471
-936,461
-876,439
-884,443
-916,479
-984,497
-920,485
-964,527
-1012,529
-1036,547
-1060,553
-988,525
-968,523
-932,497
-996,521
-992,519
-928,483
-984,511
-1004,511
-996,527
-968,511
-832,395
-856,359
-924,385
-788,315
-752,239
-712,165
-672,71
-732,43
-804,57
-752,79
-760,171
-796,195
-828,265
-840,259
-812,207
-828,159
-864,155
-836,191
-784,235
-744,243
-708,193
-700,155
-728,185
-724,161
-716,161
-764,211
-792,285
-788,269
-832,293
-872,311
-812,359
-896,417
-916,445
-872,433
-988,513
-1004,525
-948,491
-956,497
-960,499
-956,483
-912,473
-844,423
-864,431
-964,505
-988,505
-1008,535
-972,517
-940,491
-904,481
-932,469
-908,421
-920,407
-856,397
-900,423
-924,411
-900,419
-928,457
-944,465
-1004,515
-1056,541
-992,525
-984,531
-1004,539
-964,511
-1052,541
-984,521
-1048,555
-992,539
-1028,541
-984,493
-952,477
-984,483
-904,441
-984,489
-996,497
-1016,515
-1004,539
-988,525
-996,529
-1020,525
-916,449
-900,431
-792,383
-904,469
-980,511
-1036,545
-1012,543
-1056,555
-976,521
-1032,533
-924,493
-1012,475
-956,457
-936,431
-880,437
-944,449
-968,485
-900,487
-1000,513
-916,477
-996,507
-932,485
-956,507
-872,461
-968,501
-976,497
-980,485
-896,459
-856,443
-908,467
-880,455
-912,453
-848,447
-916,453
-892,447
-924,475
-972,499
-972,499
-904,451
-848,411
-896,467
-900,399
-896,421
-880,439
-900,461
-916,493
-952,501
-960,515
-1016,535
-916,481
-888,471
-912,493
-908,485
-952,479
-908,447
-928,477
-904,467
-812,387
-824,403
-836,385
-880,449
-916,421
-912,365
-928,405
-964,393
-960,417
-924,403
-856,379
-864,357
-804,357
-808,383
-888,411
-896,423
-864,421
-848,399
-912,403
-824,343
-844,355
-908,401
-888,415
-928,425
-884,419
-908,473
-936,491
-932,445
-936,457
-948,469
-920,433
-852,367
-856,401
-840,389
-832,365
-860,333
-796,325
-792,351
-900,427
-952,439
-1024,487
-904,427
-948,405
-956,445
-940,431
-992,463
-880,389
-840,363
-840,371
-800,387
-932,423
-968,441
-888,431
-860,405
-796,411
-896,425
-868,435
-880,463
-980,521
-1016,533
-972,519
-1032,545
-1032,527
-948,497
-1024,531
-964,519
-932,489
-924,455
-828,413
-864,427
-864,427
-928,399
-916,423
-904,453
-892,455
-932,471
-984,467
-924,417
-932,379
-908,367
-896,327
-836,313
-872,281
-828,353
-840,355
-912,397
-880,359
-864,391
-864,429
-920,417
-952,391
-932,391
-940,395
-928,375
-908,375
-848,313
-968,399
-900,383
-848,355
-800,327
-852,289
-948,311
-892,301
-820,279
-828,209
-832,237
-804,293
-860,339
-836,317
-796,319
-788,319
-808,329
-816,299
-856,213
-844,179
-840,227
-808,265
-752,247
-856,361
-832,405
-896,393
-840,397
-788,379
-820,383
-824,359
-844,393
-884,467
-912,445
-888,461
-880,461
-968,505
-928,465
-940,409
-916,383
-832,327
-792,363
-852,397
-1012,481
-948,463
-980,455
-932,429
-960,415
-976,425
-936,477
-972,473
-932,475
-992,513
-1040,547
-980,535
-932,515
-960,507
-968,487
-972,523
-988,515
-956,515
-1128,585
-1004,531
-968,501
-936,493
-980,523
-960,499
-992,501
-940,513
-848,465
-864,461
-892,467
-924,483
-940,479
-948,485
-992,513
-956,487
-952,489
-956,425
-876,399
-928,433
-888,375
-864,439
-824,429
-868,453
-864,415
-864,473
-940,509
-908,489
-868,457
-824,433
-832,429
-896,451
-1008,487
-992,467
-952,421
-884,361
-904,345
-888,285
-868,283
-800,277
-836,213
-796,213
-828,183
-744,75
-764,107
-756,151
-752,187
-780,107
-772,63
-800,77
-756,61
-776,43
-720,31
-724,109
-776,153
-788,185
-812,229
-784,199
-736,205
-900,235
-732,187
-748,223
-744,195
-764,237
-772,219
-820,231
-768,201
-720,235
-804,223
-788,191
-808,169
-816,147
-832,123
-812,131
-712,87
-784,127
-772,105
-776,71
-748,121
-792,185
-792,183
-820,129
-884,153
-792,165
-768,179
-784,175
-788,229
-752,239
-808,279
-892,329
-852,243
-768,207
-844,191
-832,143
-844,179
-776,209
-808,187
-800,209
-860,265
-844,321
-840,327
-788,311
-784,269
-836,319
-944,361
-820,299
-852,297
-816,309
-808,237
-876,291
-852,261
-808,289
-864,363
-888,425
-860,403
-936,417
-908,409
-900,447
-948,443
-876,389
-956,467
-848,439
-876,479
-912,481
-988,491
-980,499
-904,459
-876,445
-872,399
-896,425
-892,427
-884,431
-788,397
-776,381
-688,329
-856,419
-904,441
-968,495
-952,489
-956,489
-872,453
-928,469
-848,401
-888,413
-932,437
-908,459
-900,451
-920,445
-896,475
-964,477
-920,455
-924,471
-928,479
-940,485
-932,493
-1016,511
-1020,489
-944,453
-928,421
-940,451
-980,505
-960,489
-960,487
-920,451
-944,469
-900,447
-868,433
-996,495
-936,473
-1044,541
-1000,495
-920,473
-896,453
-916,463
-976,489
-964,473
-872,445
-884,449
-956,461
-936,479
-964,521
-924,483
-1004,515
-924,497
-1016,545
-960,521
-980,519
-1016,535
-960,521
-968,509
-992,505
-968,493
-928,499
-932,487
-956,463
-968,485
-1020,519
-952,505
-916,473
-892,435
-840,425
-852,431
-968,485
-960,479
-916,447
-832,443
-900,453
-848,367
-760,273
-748,275
-760,249
-828,295
-828,287
-864,319
-824,367
-840,415
-828,405
-852,419
-940,475
-992,503
-896,445
-976,449
-972,481
-888,461
-916,461
-960,511
-920,499
-932,507
-820,467
-956,517
-908,463
-936,503
-984,487
-928,403
-868,467
-944,467
-908,495
-944,481
-964,483
-956,489
-968,507
-976,505
-912,493
-960,443
-924,435
-860,425
-988,497
-1008,511
-1016,521
-992,517
-976,515
-1036,547
-992,531
-952,471
-892,455
-856,397
-916,375
-896,409
-896,433
-884,413
-800,353
-828,397
-760,415
-880,437
-904,483
-932,479
-884,459
-944,481
-944,503
-956,489
-1076,547
-1072,551
-976,519
-932,483
-956,489
-940,425
-872,399
-932,465
-1032,513
-940,489
-896,457
-932,501
-1004,537
-976,527
-1064,547
-1012,523
-960,487
-912,497
-1012,527
-1076,541
-1040,541
-1028,549
-1000,535
-1048,543
-920,493
-952,497
-928,489
-972,519
-1024,549
-1016,541
-992,527
-972,511
-976,505
-960,487
-952,469
-836,415
-928,451
-948,497
-892,473
-988,515
-972,483
-936,493
-936,503
-936,509
-940,489
-920,477
-952,469
-1008,489
-924,447
-896,437
-892,475
-948,501
-980,453
-928,441
-924,435
-900,431
-940,473
-912,437
-940,475
-936,459
-912,435
-956,439
-916,425
-916,397
-872,321
-924,313
-860,265
-864,243
-880,287
-816,251
-744,221
-820,317
-824,289
-776,285
-808,269
-788,273
-812,199
-796,289
-860,331
-776,211
-820,179
-752,171
-792,205
-844,239
-836,239
-848,335
-844,341
-916,335
-892,371
-924,335
-868,381
-844,347
-808,333
-724,249
-692,205
-768,285
-772,299
-780,297
-844,305
-888,319
-868,287
-808,241
-808,227
-768,215
-748,269
-788,307
-816,305
-788,267
-780,199
-756,127
-736,77
-776,131
-788,31
-760,59
-732,67
-764,91
-844,179
-952,173
-824,131
-904,171
-808,151
-836,151
-816,121
-864,139
-816,87
-848,121
-856,165
-880,189
-864,123
-840,61
-796,17
-764,29
-756,55
-740,39
-760,55
-764,75
-852,101
-828,77
-880,125
-900,163
-852,111
-808,75
-788,53
-740,37
-680,39
-724,123
-784,171
-744,47
-764,39
-828,87
-832,83
-868,145
-768,119
-820,25
-844,63
-960,135
-876,127
-860,165
-904,227
-828,231
-876,221
-936,253
-860,375
-868,355
-888,327
-896,393
-892,417
-912,441
-864,437
-1004,513
-1028,547
-956,505
-876,445
-864,421
-892,445
-840,403
-840,379
-824,391
-896,417
-876,417
-788,341
-764,289
-804,321
-828,383
-804,375
-836,427
-928,463
-848,469
-860,443
-852,399
-856,399
-820,391
-796,343
-880,411
-824,391
-896,457
-884,473
-924,473
-980,499
-1000,471
-900,409
-848,363
-928,455
-944,465
-900,461
-916,461
-948,477
-952,465
-976,489
-924,487
-908,473
-936,497
-924,507
-936,507
-960,489
-964,493
-884,483
-896,493
-952,505
-816,421
-812,423
-888,467
-800,429
-856,435
-980,531
-984,495
-896,481
-924,471
-852,423
-836,383
-852,439
-904,457
-844,415
-952,457
-944,457
-960,453
-928,433
-924,439
-860,357
-856,313
-924,371
-912,323
-912,343
-832,373
-812,371
-856,361
-892,365
-836,375
-880,349
-836,337
-764,335
-800,345
-840,353
-840,333
-728,263
-812,299
-832,297
-796,229
-792,241
-856,237
-828,327
-816,333
-784,377
-772,351
-836,343
-876,383
-824,325
-840,285
-916,275
-868,233
-844,217
-820,281
-836,247
-792,277
-832,275
-836,307
-812,275
-748,243
-788,263
-796,277
-792,249
-820,223
-768,215
-860,273
-900,243
-852,251
-852,209
-892,201
-828,201
-872,233
-804,269
-804,297
-824,323
-884,291
-904,265
-772,211
-796,201
-820,265
-808,283
-764,271
-776,289
-888,313
-844,231
-924,149
-824,101
-800,157
-860,241
-884,271
-804,179
-800,191
-848,107
-876,163
-920,165
-916,181
-812,151
-852,117
-812,109
-924,149
-852,125
-840,195
-832,235
-868,277
-872,227
-836,219
-796,281
-892,357
-880,419
-904,461
-872,457
-808,427
-876,439
-924,467
-936,457
-964,411
-948,359
-864,297
-860,259
-876,271
-932,299
-928,325
-804,309
-828,329
-856,381
-832,369
-896,423
-840,405
-868,443
-832,461
-896,471
-844,401
-908,407
-888,413
-928,455
-912,473
-996,503
-1024,535
-1004,513
-1044,543
-1004,515
-1012,531
-948,511
-1008,539
-948,487
-996,515
-1000,513
-1064,559
-1020,537
-984,513
-1020,525
-964,499
-1020,541
-1044,537
-1056,541
-956,513
-960,505
-1020,539
-996,533
-1040,537
-1032,531
-988,511
-1068,547
-1064,567
-1080,573
-1036,547
-1012,545
-952,513
-1028,551
-1000,525
-940,493
-884,469
-956,491
-904,455
-972,509
-988,533
-1080,565
-968,513
-972,509
-988,519
-996,527
-992,525
-1020,531
-996,521
-1056,555
-1008,547
-996,529
-868,447
-896,479
-936,465
-1012,521
-976,499
-1016,517
-952,495
-1012,531
-988,527
-944,493
-972,517
-972,523
-936,507
-1052,551
-1016,535
-1072,547
-1084,553
-1044,531
-876,443
-884,469
-984,513
-1028,549
-1020,513
-952,455
-888,413
-868,399
-912,439
-912,483
-916,495
-748,405
-864,433
-856,453
-880,439
-1004,511
-976,509
-884,479
-952,497
-1052,525
-1056,555
-960,511
-924,491
-980,517
-1016,529
-1012,525
-948,501
-936,505
-936,501
-972,517
-940,507
-984,529
-936,475
-912,461
-892,457
-888,479
-1024,549
-1016,523
-1016,533
-980,527
-992,539
-1008,529
-972,517
-984,507
-1004,503
-960,491
-884,423
-920,413
-880,431
-828,391
-832,291
-832,229
-768,195
-828,263
-792,241
-824,321
-876,325
-896,321
-860,305
-820,315
-868,347
-776,349
-936,435
-980,481
-948,461
-944,493
-976,511
-960,503
-1008,529
-968,475
-956,475
-932,473
-908,449
-952,497
-916,473
-924,497
-904,485
-872,457
-856,417
-948,493
-1084,567
-980,531
-884,469
-928,475
-888,479
-820,437
-892,497
-892,471
-932,485
-956,515
-968,487
-956,465
-872,443
-824,381
-824,371
-908,391
-976,387
-920,415
-944,451
-884,415
-912,395
-880,427
-928,437
-832,381
-812,375
-764,335
-832,307
-776,239
-776,251
-860,285
-784,211
-792,145
-828,135
-816,117
-824,101
-744,7
-748,63
-776,87
-796,103
-804,73
-748,21
-692,59
-724,83
-776,-5
-760,29
-752,-39
-744,-101
-780,-151
-736,-171
-780,-179
-828,-193
-864,-203
-812,-93
-820,-71
-884,-59
-832,-105
-864,-113
-840,-169
-832,-203
-860,-215
-856,-237
-888,-211
-864,-285
-872,-281
-792,-235
-676,-277
-748,-235
-804,-251
-864,-293
-764,-259
-808,-305
-820,-215
-884,-285
-792,-179
-776,-135
-844,-93
-808,-129
-752,-115
-740,-115
-820,-59
-808,-75
-780,-103
-784,-95
-840,-69
-884,-23
-832,-19
-852,15
-860,5
-820,-1
-748,-5
-732,11
-724,43
-744,17
-776,-3
-700,9
-672,43
-628,15
-708,67
-688,133
-764,161
-760,181
-816,229
-804,79
-716,93
-736,91
-784,63
-812,83
-800,105
-792,129
-820,93
-816,67
-772,41
-752,43
-732,107
-748,91
-740,149
-720,117
-736,119
-792,191
-852,209
-856,221
-844,205
-764,213
-824,189
-760,111
-724,223
-792,251
-796,255
-780,157
-780,173
-788,129
-768,99
-756,77
-780,199
-824,185
-828,175
-788,117
-808,107
-856,161
-900,203
-904,195
-820,221
-800,243
-800,281
-852,331
-900,349
-896,391
-864,353
-888,375
-848,365
-808,361
-800,321
-824,329
-892,401
-828,301
-816,245
-788,273
-820,279
-796,287
-756,341
-744,273
-788,269
-832,331
-892,357
-828,343
-956,437
-912,405
-912,367
-892,311
-868,249
-876,255
-756,197
-752,267
-752,297
-888,341
-928,341
-840,285
-968,371
-932,369
-1000,453
-920,447
-856,417
-816,377
-876,415
-876,405
-824,387
-896,449
-864,445
-988,541
-860,479
-924,499
-948,505
-932,487
-896,449
-920,469
-920,481
-900,477
-960,519
-896,475
-964,511
-976,513
-992,523
-976,509
-972,489
-968,499
-1004,483
-996,505
-944,467
-908,455
-924,491
-904,493
-916,483
-948,479
-888,449
-876,427
-892,409
-884,435
-824,373
-788,337
-776,321
-812,393
-820,391
-936,421
-1004,455
-892,427
-956,465
-948,461
-952,481
-876,455
-984,501
-1004,531
-960,515
-904,453
-868,437
-792,407
-820,421
-876,443
-920,491
-964,499
-940,431
-936,411
-816,411
-824,405
-872,407
-880,415
-852,405
-864,377
-872,403
-856,383
-856,343
-864,413
-820,387
-888,425
-944,489
-952,491
-988,491
-808,425
-904,459
-956,489
-932,483
-928,461
-832,431
-836,411
-872,431
-860,433
-996,509
-844,399
-752,351
-820,417
-852,449
-808,409
-788,359
-816,359
-864,379
-820,353
-844,367
-900,433
-852,343
-880,301
-912,253
-868,187
-824,283
-908,355
-844,297
-824,269
-864,277
-912,273
-860,167
-840,163
-820,179
-840,231
-796,199
-856,301
-880,369
-900,381
-908,409
-952,469
-968,503
-992,513
-904,459
-820,429
-864,441
-860,413
-908,409
-904,329
-924,361
-820,337
-828,379
-808,363
-768,359
-816,389
-836,349
-796,383
-900,475
-944,489
-960,505
-936,495
-996,503
-940,477
-984,507
-960,503
-976,523
-1020,533
-1020,537
-932,477
-824,415
-920,443
-960,475
-992,473
-940,421
-924,447
-976,475
-976,491
-888,409
-948,443
-892,449
-952,503
-1024,525
-1008,535
-996,541
-996,521
-992,521
-1000,527
-944,499
-960,511
-860,439
-852,423
-956,489
-940,487
-936,463
-900,417
-892,439
-888,451
-952,449
-932,473
-996,523
-1024,535
-1024,523
-1068,561
-1060,553
-996,533
-1096,571
-1016,551
-1000,533
-1000,501
-980,483
-928,501
-968,523
-952,501
-924,497
-992,517
-980,511
-904,497
-980,525
-1064,563
-988,521
-984,527
-1012,527
-1036,555
-1008,537
-964,499
-896,473
-924,481
-920,459
-964,495
-1088,547
-996,505
-976,471
-948,471
-888,465
-832,439
-884,479
-1020,529
-1000,507
-940,475
-940,501
-908,459
-924,475
-888,465
-884,453
-836,425
-844,447
-856,397
-832,393
-800,393
-824,447
-852,445
-896,429
-856,385
-824,381
-776,355
-860,413
-868,407
-936,447
-908,401
-960,465
-860,445
-840,387
-840,385
-936,435
-980,461
-920,443
-868,421
-800,369
-824,311
-808,299
-816,329
-864,333
-860,399
-764,389
-916,441
-872,401
-892,407
-816,391
-872,431
-892,443
-868,387
-848,393
-876,415
-868,405
-808,403
-920,429
-900,443
-900,449
-888,417
-896,429
-936,449
-968,477
-984,535
-916,503
-940,489
-1004,495
-892,433
-940,433
-960,481
-948,463
-776,419
-860,471
-920,499
-924,499
-960,489
-952,491
-916,493
-924,497
-948,481
-908,459
-924,483
-920,461
-912,455
-872,411
-896,433
-972,495
-1008,513
-988,521
-980,523
-900,465
-856,425
-912,465
-956,503
-916,479
-1008,513
-972,511
-956,505
-976,517
-928,491
-864,449
-956,499
-904,479
-948,497
-1008,537
-924,493
-960,511
-876,459
-872,411
-892,431
-840,437
-900,433
-920,457
-868,449
-940,487
-912,457
-984,507
-936,457
-952,465
-884,431
-924,449
-828,401
-836,433
-888,431
-964,505
-1000,523
-960,473
-940,437
-912,439
-912,435
-900,465
-1016,517
-1004,529
-944,505
-904,485
-900,437
-940,451
-904,451
-904,463
-916,477
-960,511
-964,529
-924,507
-900,503
-984,513
-928,489
-880,473
-844,405
-872,407
-932,441
-876,433
-888,437
-968,483
-860,441
-940,481
-900,451
-920,455
-856,435
-848,415
-864,425
-884,473
-884,475
-912,499
-924,495
-956,501
-944,503
-936,475
-976,517
-920,473
-964,497
-912,469
-872,475
-840,455
-920,427
-920,469
-928,461
-972,507
-1000,513
-928,463
-952,501
-984,515
-1032,537
-984,537
-996,527
-964,511
-908,479
-916,469
-956,511
-972,509
-1000,527
-968,513
-1080,539
-1028,541
-976,475
-892,423
-984,473
-976,483
-988,487
-972,503
-960,507
-892,503
-844,471
-884,489
-960,503
-972,511
-1052,559
-1044,553
-948,505
-1012,531
-996,513
-1036,533
-1008,521
-948,493
-900,457
-920,451
-1008,497
-984,503
-952,489
-908,441
-900,449
-908,479
-1016,527
-952,503
-984,515
-1024,529
-1040,555
-988,523
-868,473
-916,481
-956,503
-988,529
-1036,547
-948,489
-1008,509
-1072,569
-1024,533
-1024,519
-936,493
-924,473
-944,487
-984,523
-976,521
-944,513
-972,517
-936,473
-984,503
-940,445
-936,431
-944,447
-856,421
-920,447
-884,453
-920,451
-888,441
-864,431
-896,453
-976,513
-1068,551
-1068,553
-1052,543
-1004,529
-936,503
-880,431
-876,465
-912,475
-992,489
-976,473
-932,455
-900,443
-980,491
-1016,515
-888,451
-964,519
-948,489
-872,435
-856,415
-888,443
-940,481
-928,501
-1056,545
-1020,539
-968,511
-984,501
-928,485
-940,491
-1004,519
-1000,539
-968,503
-976,487
-868,441
-928,441
-916,417
-920,433
-960,491
-1012,523
-964,519
-972,495
-892,485
-960,497
-956,493
-836,403
-892,407
-916,401
-940,419
-876,387
-880,429
-864,451
-872,403
-868,367
-816,321
-760,303
-756,293
-800,289
-812,303
-868,345
-868,359
-872,395
-868,457
-872,447
-876,439
-916,447
-960,435
-848,381
-880,321
-920,315
-880,353
-916,383
-876,339
-844,335
-932,385
-904,391
-892,359
-952,423
-932,489
-868,495
-968,505
-852,431
-828,393
-828,391
-784,367
-848,345
-904,369
-896,445
-936,481
-880,449
-928,485
-888,439
-912,475
-944,471
-948,445
-932,439
-928,459
-800,395
-912,479
-940,489
-1000,527
-1000,521
-956,515
-988,527
-968,507
-976,495
-996,505
-1004,523
-1016,535
-1008,529
-1028,541
-1032,551
-976,527
-992,537
-1020,531
-1004,505
-932,477
-892,451
-912,443
-892,451
-884,433
-900,439
-908,463
-784,343
-832,343
-936,443
-968,453
-892,361
-912,351
-920,289
-888,283
-892,317
-908,323
-908,299
-812,275
-884,305
-864,243
-836,193
-800,163
-792,133
-840,155
-772,171
-732,203
-756,171
-776,191
-824,149
-804,219
-784,255
-760,257
-872,293
-836,265
-856,325
-884,313
-840,295
-748,213
-716,185
-712,107
-760,95
-804,121
-820,67
-816,13
-888,17
-824,17
-868,47
-880,-5
-916,3
-872,47
-864,15
-816,19
-740,45
-716,193
-800,189
-820,235
-780,251
-800,227
-844,255
-856,211
-836,197
-868,247
-900,277
-836,309
-932,329
-944,439
-924,385
-972,457
-1068,487
-968,465
-896,465
-956,481
-904,395
-928,447
-936,449
-908,427
-904,441
-844,401
-864,445
-880,465
-936,451
-888,451
-744,367
-844,387
-876,383
-940,461
-864,423
-924,475
-956,475
-920,473
-856,461
-948,521
-988,509
-1028,531
-1020,545
-1012,535
-976,501
-952,483
-904,463
-944,479
-952,479
-864,435
-856,441
-920,431
-924,433
-956,365
-880,291
-836,317
-920,395
-924,409
-884,385
-904,447
-904,439
-852,413
-940,463
-912,487
-920,451
-912,475
-976,481
-900,437
-988,483
-968,477
-1032,535
-1024,539
-992,503
-964,515
-944,515
-908,489
-896,451
-892,467
-920,487
-908,471
-940,497
-944,499
-1016,519
-960,483
-964,475
-1016,463
-1004,519
-1024,535
-912,465
-932,453
-948,501
-940,519
-860,455
-936,489
-928,487
-912,477
-916,493
-848,453
-896,457
-852,423
-936,433
-916,421
-900,421
-876,355
-808,309
-808,277
-828,295
-920,365
-880,393
-880,369
-832,351
-888,373
-924,427
-924,453
-1056,553
-1028,539
-964,531
-1060,543
-996,533
-948,487
-984,515
-1008,505
-952,509
-940,475
-948,459
-896,455
-944,437
-940,445
-900,467
-944,493
-952,521
-948,519
-1016,545
-1020,539
-920,487
-920,475
-828,417
-928,453
-928,455
-788,377
-768,299
-764,289
-784,339
-872,393
-852,407
-864,345
-900,315
-908,359
-848,361
-852,373
-872,405
-824,379
-868,423
-952,495
-1040,515
-1012,525
-904,453
-904,441
-892,467
-876,453
-892,467
-944,489
-996,521
-1016,525
-924,487
-952,491
-880,459
-944,469
-968,505
-932,469
-964,501
-876,483
-944,499
-960,509
-984,503
-1016,511
-900,423
-884,423
-868,417
-896,423
-868,371
-808,371
-892,371
-844,393
-884,427
-972,487
-952,487
-944,479
-1000,493
-912,481
-904,473
-956,513
-932,481
-948,471
-1020,501
-892,447
-856,423
-888,433
-884,457
-876,451
-940,491
-976,481
-888,453
-896,445
-868,417
-808,359
-840,295
-728,267
-800,313
-804,313
-808,295
-748,235
-792,237
-824,261
-808,275
-840,305
-840,311
-828,369
-908,397
-888,399
-920,429
-920,431
-944,465
-932,453
-936,451
-908,399
-908,433
-908,467
-968,433
-944,377
-876,409
-860,415
-896,435
-928,475
-956,465
-1012,479
-948,467
-808,409
-820,447
-816,433
-832,451
-892,421
-912,423
-780,323
-852,407
-880,447
-876,435
-908,451
-872,437
-932,453
-860,425
-884,457
-852,419
-856,403
-896,371
-880,439
-908,449
-924,437
-968,479
-968,493
-992,499
-1016,519
-956,465
-968,481
-924,433
-952,473
-904,483
-916,489
-892,497
-980,527
-980,533
-980,537
-952,499
-960,475
-988,515
-920,509
-964,519
-1008,517
-868,459
-860,463
-868,473
-956,503
-1008,519
-936,489
-928,471
-884,453
-892,441
-932,441
-816,375
-904,381
-924,423
-924,455
-928,451
-936,467
-848,433
-872,437
-860,407
-880,389
-872,401
-996,493
-988,519
-980,525
-1028,529
-928,489
-984,489
-960,485
-984,517
-904,475
-892,447
-868,397
-900,359
-844,349
-876,363
-860,353
-832,337
-808,381
-908,457
-912,435
-948,453
-924,419
-892,379
-892,365
-924,355
-856,347
-908,331
-884,349
-844,355
-872,403
-884,425
-892,459
-876,433
-892,427
-984,501
-896,493
-840,459
-868,459
-936,471
-980,513
-1052,559
-1092,561
-924,497
-1032,535
-1028,517
-1040,537
-960,515
-992,495
-944,443
-924,459
-900,445
-968,491
-916,499
-924,477
-948,501
-984,507
-988,499
-940,499
-940,503
-872,469
-880,445
-840,407
-880,441
-968,491
-936,495
-956,489
-952,515
-880,457
-956,447
-752,365
-796,413
-724,321
-824,287
-852,255
-816,241
-820,295
-776,265
-772,345
-892,413
-916,409
-840,379
-892,331
-956,363
-964,387
-856,367
-824,357
-832,351
-936,451
-948,403
-924,429
-928,409
-920,391
-848,315
-796,365
-860,443
-856,437
-940,487
-924,489
-896,471
-856,431
-932,449
-1008,507
-980,505
-972,519
-1012,523
-988,529
-868,467
-948,499
-920,453
-964,481
-868,463
-920,471
-904,449
-960,499
-960,485
-996,481
-888,407
-852,389
-844,361
-868,329
-920,331
-924,367
-888,331
-912,417
-988,441
-920,457
-852,391
-820,381
-796,387
-828,385
-852,401
-708,279
-792,381
-808,321
-872,399
-872,429
-924,469
-1068,533
-904,475
-944,475
-940,485
-920,467
-1004,523
-980,513
-980,493
-824,411
-1048,533
-1020,531
-972,505
-928,501
-848,461
-920,473
-940,487
-872,429
-916,461
-924,453
-892,437
-884,473
-916,501
-932,495
-1040,533
-1004,519
-980,523
-992,511
-936,489
-948,489
-920,461
-1008,533
-944,523
-948,517
-944,505
-1060,545
-936,511
-940,493
-916,447
-928,487
-904,453
-932,427
-900,431
-936,449
-888,413
-876,429
-912,441
-844,453
-892,455
-916,477
-916,453
-936,473
-960,485
-996,507
-940,501
-880,481
-876,443
-836,457
-892,467
-916,461
-960,495
-904,477
-964,507
-940,489
-928,455
-1000,507
-1024,523
-992,541
-1056,553
-1048,559
-1076,575
-1080,567
-1056,555
-920,487
-868,447
-860,419
-896,465
-928,453
-876,443
-940,507
-932,465
-1000,499
-980,445
-928,413
-912,415
-936,465
-996,513
-972,493
-956,477
-972,509
-1044,545
-968,493
-972,483
-1012,523
-1052,547
-992,525
-1012,515
-928,473
-1004,537
-1000,527
-912,487
-920,491
-884,465
-948,497
-1036,525
-1056,551
-984,537
-1004,539
-1048,549
-1036,545
-1008,541
-1000,525
-976,517
-872,439
-812,437
-868,449
-988,533
-964,511
-996,531
-1020,535
-940,479
-936,465
-884,425
-864,435
-884,461
-880,461
-900,455
-824,395
-860,383
-848,363
-876,389
-916,399
-912,455
-976,499
-1020,533
-956,497
-1008,525
-1048,553
-1008,533
-964,513
-976,507
-956,459
-908,405
-880,415
-920,405
-936,387
-848,379
-752,313
-784,315
-896,389
-900,397
-876,391
-832,395
-860,341
-872,359
-876,397
-936,401
-940,413
-980,455
-924,443
-932,451
-848,411
-856,373
-860,339
-860,349
-804,281
-808,237
-744,215
-864,169
-812,201
-752,139
-824,279
-844,305
-828,289
-876,305
-908,337
-848,323
-840,327
-860,329
-792,365
-836,391
-940,467
-916,443
-864,421
-808,395
-892,467
-892,477
-972,513
-960,515
-1028,543
-964,505
-960,501
-960,489
-976,513
-976,499
-976,521
-948,495
-1024,535
-992,521
-948,499
-924,463
-956,453
-948,431
-848,403
-832,431
-944,499
-1004,523
-1064,561
-988,529
-1000,517
-960,495
-980,499
-956,469
-944,497
-920,473
-820,431
-968,499
-1004,537
-1020,551
-1028,535
-1000,541
-1028,543
-1068,549
-1032,539
-960,501
-1008,521
-944,475
-928,497
-964,503
-952,509
-980,509
-940,487
-916,467
-868,447
-876,453
-824,425
-940,481
-1000,507
-1048,543
-1052,545
-944,507
-1012,539
-968,505
-948,503
-936,503
-920,483
-972,497
-884,451
-924,457
-968,507
-1020,525
-1012,529
-952,495
-936,461
-1004,483
-996,499
-924,455
-1004,507
-988,525
-996,525
-1076,553
-1024,541
-912,499
-960,473
-964,463
-916,451
-936,465
-944,503
-1012,505
-936,491
-932,463
-900,463
-916,475
-864,409
-876,423
-932,453
-880,467
-736,381
-816,397
-716,335
-828,395
-880,409
-904,435
-952,437
-916,415
-924,437
-916,403
-940,427
-892,411
-900,381
-900,375
-964,417
-860,361
-884,311
-848,279
-808,231
-768,237
-888,207
-800,191
-824,261
-816,219
-852,253
-852,201
-820,261
-776,237
-836,249
-740,131
-836,161
-780,61
-732,7
-792,43
-816,99
-812,145
-784,125
-760,101
-816,67
-796,117
-768,117
-816,119
-848,179
-908,115
-820,103
-832,85
-832,33
-816,-7
-820,-3
-808,27
-824,85
-780,103
-796,105
-832,45
-876,63
-856,127
-768,133
-772,129
-728,143
-760,207
-812,137
-792,219
-768,183
-716,131
-744,125
-756,143
-792,209
-760,247
-768,281
-716,307
-760,335
-768,301
-812,337
-808,377
-840,411
-860,413
-956,487
-996,499
-956,483
-916,445
-1000,459
-984,417
-904,435
-816,393
-800,389
-924,451
-988,519
-960,517
-872,471
-880,425
-888,439
-916,455
-940,459
-892,451
-916,495
-884,487
-904,485
-964,511
-972,495
-980,501
-956,501
-944,457
-904,445
-952,469
-916,467
-896,457
-956,507
-992,519
-1004,515
-992,529
-964,517
-908,459
-968,499
-1032,509
-960,495
-960,501
-972,521
-1048,557
-964,523
-1012,531
-988,531
-1008,533
-968,505
-1028,529
-1032,549
-1056,557
-972,531
-1016,535
-944,503
-860,455
-928,437
-840,411
-892,371
-784,349
-836,343
-820,301
-868,333
-804,295
-852,333
-852,399
-844,405
-828,383
-832,371
-844,351
-904,355
-904,359
-900,393
-912,407
-956,417
-836,337
-876,381
-840,369
-872,279
-868,279
-836,325
-844,313
-940,325
-944,345
-852,329
-780,265
-844,163
-840,157
-728,123
-764,183
-760,185
-820,233
-792,239
-832,225
-792,229
-764,149
-804,243
-840,279
-840,259
-888,301
-832,303
-824,245
-864,245
-864,277
-832,265
-776,329
-812,357
-920,453
-948,487
-1008,519
-920,475
-860,459
-904,465
-892,473
-932,489
-944,493
-892,463
-936,457
-964,471
-952,491
-940,485
-920,479
-888,463
-912,463
-876,413
-952,431
-880,441
-856,375
-796,361
-832,363
-844,349
-816,363
-888,379
-856,349
-812,283
-780,295
-800,295
-784,283
-768,221
-764,267
-828,327
-884,355
-868,377
-864,429
-848,381
-956,461
-932,387
-860,389
-820,387
-852,297
-780,251
-800,255
-836,325
-872,359
-880,363
-908,371
-888,317
-852,283
-924,281
-880,339
-840,339
-844,351
-884,367
-848,363
-888,399
-820,323
-816,339
-808,335
-812,363
-792,341
-840,351
-848,319
-808,301
-776,279
-756,205
-728,183
-816,271
-824,299
-804,357
-812,393
-816,439
-900,465
-864,447
-872,447
-988,493
-988,517
-960,505
-924,499
-936,485
-1100,567
-1064,557
-1012,523
-968,521
-960,525
-924,501
-968,509
-952,513
-936,499
-1028,543
-1040,541
-972,467
-916,459
-980,503
-952,491
-836,433
-880,447
-796,365
-768,379
-732,355
-756,379
-796,379
-748,343
-852,337
-804,319
-820,291
-932,445
-1060,517
-980,521
-956,519
-936,505
-976,525
-972,513
-1044,549
-976,511
-1020,525
-1004,527
-964,515
-936,483
-996,515
-848,455
-840,455
-860,447
-944,471
-916,431
-944,491
-920,439
-936,457
-916,431
-980,459
-984,473
-956,491
-952,501
-956,499
-940,501
-904,465
-904,403
-980,477
-916,449
-952,497
-1068,559
-960,499
-876,445
-876,399
-820,385
-884,369
-836,381
-944,403
-876,377
-860,365
-860,367
-900,421
-856,385
-868,363
-732,287
-740,223
-796,269
-840,285
-824,241
-820,213
-912,217
-900,205
-892,235
-984,341
-940,331
-884,299
-892,319
-868,289
-912,307
-848,317
-876,351
-856,357
-852,341
-848,399
-888,335
-848,307
-836,235
-936,321
-956,347
-868,321
-892,297
-868,337
-784,273
-864,327
-852,307
-780,257
-856,243
-880,279
-972,361
-848,381
-892,433
-932,467
-912,459
-888,455
-956,483
-916,463
-924,489
-1004,525
-988,519
-1036,533
-924,491
-796,423
-888,469
-836,411
-956,479
-976,493
-944,497
-916,483
-828,449
-864,441
-876,487
-936,503
-916,485
-852,461
-816,451
-860,437
-960,521
-1020,515
-916,467
-980,493
-1016,529
-904,487
-1008,515
-940,485
-928,457
-972,503
-1008,543
-1004,531
-976,511
-916,483
-908,471
-1000,509
-972,479
-936,451
-884,417
-876,389
-860,433
-844,435
-920,471
-996,515
-968,503
-908,463
-912,477
-1000,539
-964,509
-944,467
-944,437
-952,437
-964,455
-916,401
-872,383
-832,387
-860,401
-852,437
-944,469
-896,453
-940,505
-912,479
-912,451
-844,409
-872,395
-780,355
-836,437
-888,439
-872,435
-816,395
-844,411
-892,435
-1004,507
-980,491
-884,439
-888,437
-892,415
-856,401
-896,411
-872,451
-988,533
-952,497
-928,457
-964,503
-964,497
-968,497
-976,497
-996,493
-996,507
-964,497
-884,435
-900,431
-864,393
-940,433
-884,403
-840,419
-828,399
-832,423
-916,473
-864,451
-900,453
-912,461
-904,463
-896,467
-1044,545
-1040,539
-948,489
-932,483
-948,499
-984,497
-1068,535
-980,517
-928,501
-972,523
-976,541
-1008,537
-948,493
-988,527
-1072,571
-984,523
-1020,537
-900,457
-912,453
-904,479
-864,429
-928,449
-980,485
-976,481
-936,489
-960,477
-892,405
-948,417
-876,403
-836,417
-956,467
-1028,533
-1008,527
-908,473
-1020,541
-1028,525
-1060,545
-1004,509
-1032,537
-972,503
-940,485
-988,513
-936,477
-1028,515
-1036,537
-944,487
-876,467
-892,451
-912,483
-964,499
-940,487
-992,519
-1008,541
-996,521
-948,475
-984,499
-932,445
-992,487
-988,473
-976,457
-968,471
-968,499
-980,507
-920,457
-912,423
-888,435
-904,431
-940,471
-1012,501
-1004,503
-956,505
-992,513
-1004,535
-1000,525
-1012,543
-1100,567
-1040,541
-964,495
-996,529
-1032,547
-1048,555
-984,529
-976,497
-944,483
-944,449
-928,429
-952,469
-972,487
-900,455
-928,465
-936,419
-904,415
-892,395
-928,457
-968,451
-940,409
-908,417
-904,367
-804,359
-824,393
-912,461
-964,505
-984,517
-932,455
-960,489
-836,369
-728,307
-836,281
-836,315
-864,373
-924,437
-996,451
-948,403
-876,401
-884,393
-904,417
-884,369
-900,359
-912,363
-892,375
-892,363
-888,411
-868,395
-836,363
-840,297
-824,299
-796,361
-808,379
-860,421
-932,449
-928,459
-888,443
-924,481
-872,451
-892,449
-804,397
-840,383
-892,415
-936,429
-852,449
-884,469
-844,447
-836,417
-952,467
-876,459
-840,433
-924,485
-916,489
-872,439
-956,471
-1044,551
-960,501
-956,493
-960,531
-968,527
-1000,523
-996,517
-900,483
-1016,545
-1004,515
-996,505
-892,497
-800,421
-852,437
-860,439
-912,467
-852,449
-988,511
-984,509
-1044,545
-1020,541
-1008,519
-1056,549
-1052,529
-988,517
-940,497
-1004,533
-1048,547
-1000,517
-972,517
-952,499
-956,483
-992,493
-940,445
-940,463
-916,455
-948,465
-900,473
-860,417
-916,475
-920,463
-964,479
-920,485
-888,389
-884,371
-940,421
-968,447
-916,447
-952,431
-920,465
-956,493
-1088,567
-1048,563
-980,533
-912,501
-924,485
-1036,529
-996,501
-984,453
-1020,461
-952,441
-932,415
-912,403
-840,377
-840,377
-888,407
-872,345
-864,387
-828,393
-932,493
-952,519
-984,519
-964,515
-980,527
-920,495
-876,459
-892,459
-948,479
-992,499
-964,493
-900,443
-964,487
-848,457
-804,415
-840,415
-884,435
-1000,505
-908,459
-868,399
-824,347
-872,393
-836,399
-864,449
-936,473
-952,503
-880,465
-832,411
-896,413
-852,383
-812,369
-832,373
-936,397
-912,419
-908,457
-944,485
-960,487
-916,459
-816,421
-792,407
-756,403
-840,393
-824,395
-860,435
-896,457
-884,411
-932,459
-932,475
-872,435
-1008,515
-928,477
-1028,513
-896,457
-968,505
-872,445
-920,459
-948,491
-908,455
-908,453
-924,459
-880,441
-872,461
-968,497
-980,467
-1012,497
-1012,501
-972,471
-932,439
-984,427
-976,459
-964,483
-980,507
-972,481
-940,481
-896,443
-880,449
-956,441
-904,409
-912,405
-868,417
-896,391
-936,453
-892,441
-896,473
-876,481
-988,529
-988,519
-968,473
-932,461
-876,411
-840,393
-848,369
-820,359
-800,353
-860,357
-896,347
-736,255
-700,237
-736,315
-796,339
-900,447
-844,445
-996,493
-1028,511
-964,485
-932,481
-860,447
-972,507
-976,519
-920,481
-932,453
-820,393
-892,343
-908,307
-796,269
-848,197
-832,163
-856,181
-828,219
-900,275
-832,279
-840,345
-888,371
-856,355
-900,433
-936,421
-920,463
-932,489
-976,509
-884,463
-904,441
-932,483
-928,457
-832,425
-828,415
-848,439
-916,475
-940,479
-948,487
-880,449
-868,421
-1036,541
-1056,553
-996,511
-1036,537
-1044,539
-1024,541
-972,529
-992,539
-1064,551
-912,491
-828,431
-844,451
-812,395
-844,355
-880,315
-856,373
-840,347
-832,393
-776,305
-792,257
-760,195
-760,183
-864,273
-852,337
-840,385
-924,433
-848,437
-1008,511
-992,525
-900,499
-940,489
-1020,539
-948,515
-948,499
-968,523
-1000,511
-924,443
-928,403
-912,383
-872,341
-884,389
-924,455
-996,491
-896,447
-800,397
-780,339
-828,353
-852,397
-812,357
-792,333
-804,313
-868,323
-876,303
-848,239
-832,255
-856,285
-816,293
-852,303
-816,341
-804,307
-852,355
-844,395
-788,361
-764,351
-816,363
-848,377
-832,405
-900,453
-964,449
-904,447
-924,467
-996,503
-980,513
-1008,529
-964,495
-932,445
-904,401
-888,379
-856,425
-952,493
-944,473
-868,427
-836,445
-912,469
-920,435
-924,441
-928,427
-912,435
-924,481
-872,431
-856,367
-856,327
-888,323
-896,347
-844,337
-832,301
-908,343
-868,305
-860,377
-856,401
-904,403
-968,449
-952,451
-928,449
-872,399
-928,417
-884,391
-876,353
-816,349
-896,403
-968,449
-988,505
-920,493
-876,467
-1000,533
-1000,525
-1000,535
-1004,531
-1056,555
-1120,567
-1028,537
-1076,555
-1008,507
-988,511
-952,489
-880,473
-940,473
-960,503
-964,505
-1012,533
-1056,551
-1008,535
-912,479
-912,487
-896,469
-936,463
-916,453
-824,407
-748,305
-768,293
-780,291
-908,367
-784,315
-872,359
-904,469
-944,501
-980,535
-924,503
-928,469
-876,411
-836,397
-868,399
-952,417
-916,409
-892,429
-864,381
-880,385
-824,381
-916,425
-936,409
-904,409
-868,413
-912,445
-908,415
-844,357
-920,377
-904,369
-828,309
-844,359
-892,423
-920,449
-952,497
-980,495
-932,497
-988,523
-1020,539
-1036,539
-1076,563
-1032,535
-1020,525
-1016,515
-964,497
-980,471
-1012,517
-904,461
-900,459
-920,491
-956,501
-948,497
-992,499
-948,463
-912,469
-904,449
-956,459
-912,441
-876,433
-912,453
-852,379
-864,375
-892,407
-828,435
-880,443
-864,475
-872,479
-956,497
-944,491
-944,475
-900,451
-964,505
-1024,509
-1084,561
-960,497
-864,403
-848,397
-820,401
-872,377
-860,349
-788,291
-840,399
-880,437
-944,457
-968,421
-916,405
-888,401
-892,373
-920,375
-840,331
-852,339
-828,311
-768,225
-756,165
-696,119
-748,187
-740,193
-780,181
-728,155
-856,119
-888,141
-868,121
-820,135
-792,201
-844,239
-752,209
-808,225
-804,225
-788,189
-792,209
-848,171
-816,141
-804,21
-740,-9
-744,-31
-752,-65
-744,-145
-708,-209
-800,-209
-796,-215
-816,-199
-788,-185
-828,-195
-848,-197
-848,-189
-752,-203
-784,-219
-816,-251
-900,-303
-828,-339
-912,-429
-924,-379
-852,-333
-848,-341
-964,-351
-884,-341
-916,-329
-888,-317
-868,-339
-876,-307
-844,-355
-856,-385
-824,-393
-856,-419
-876,-425
-952,-481
-896,-407
-796,-389
-852,-389
-844,-393
-836,-419
-888,-445
-928,-453
-920,-451
-920,-407
-916,-411
-936,-409
-824,-377
-836,-411
-852,-397
-856,-355
-804,-353
-820,-343
-852,-327
-968,-373
-856,-311
-856,-341
-840,-335
-812,-275
-792,-257
-812,-329
-836,-373
-872,-353
-912,-393
-976,-393
-864,-383
-868,-329
-816,-297
-840,-385
-840,-365
-788,-331
-804,-327
-852,-353
-860,-353
-792,-399
-876,-453
-856,-397
-812,-389
-764,-323
-824,-313
-800,-343
-764,-363
-848,-433
-844,-433
-932,-487
-972,-479
-968,-479
-932,-481
-920,-477
-1012,-509
-1000,-529
-996,-525
-1016,-537
-1020,-523
-936,-457
-1012,-517
-936,-491
-916,-471
-964,-479
-908,-449
-960,-509
-900,-485
-960,-501
-972,-493
-1008,-519
-988,-513
-916,-459
-952,-479
-944,-475
-960,-481
-1040,-525
-964,-513
-964,-495
-1036,-511
-1008,-525
-880,-477
-876,-461
-904,-451
-932,-461
-880,-441
-820,-409
-820,-399
-788,-367
-824,-397
-884,-421
-828,-423
-904,-469
-876,-433
-912,-459
-936,-471
-1008,-521
-948,-511
-1016,-535
-964,-513
-968,-513
-940,-493
-904,-459
-948,-485
-860,-413
-900,-445
-976,-489
-940,-487
-944,-499
-900,-481
-888,-441
-860,-433
-868,-457
-948,-497
-980,-519
-964,-479
-1028,-543
-1008,-537
-1008,-523
-1008,-521
-1000,-513
-1012,-537
-880,-471
-924,-485
-964,-499
-932,-469
-944,-443
-868,-387
-760,-365
-828,-347
-824,-309
-816,-319
-856,-323
-784,-291
-864,-335
-872,-347
-836,-339
-892,-361
-820,-341
-788,-271
-792,-313
-788,-309
-752,-321
-768,-349
-764,-303
-748,-363
-908,-371
-868,-395
-900,-427
-960,-453
-984,-457
-1000,-497
-1092,-571
-1120,-575
-1048,-551
-1000,-537
-1092,-567
-964,-481
-1008,-519
-924,-483
-936,-489
-984,-521
-1032,-539
-1032,-545
-1064,-565
-1024,-545
-980,-519
-952,-503
-984,-527
-1016,-529
-980,-529
-940,-511
-932,-511
-868,-485
-904,-479
-912,-429
-984,-491
-964,-481
-964,-501
-1040,-545
-1076,-551
-1064,-555
-1028,-535
-1000,-487
-940,-467
-960,-435
-908,-419
-904,-427
-996,-483
-1024,-497
-976,-497
-972,-497
-924,-473
-896,-449
-940,-467
-980,-461
-892,-417
-952,-465
-968,-489
-844,-417
-804,-407
-844,-393
-784,-369
-892,-397
-892,-443
-940,-461
-912,-451
-924,-455
-784,-379
-920,-461
-852,-441
-920,-469
-888,-483
-912,-473
-1020,-525
-968,-505
-984,-531
-952,-481
-960,-461
-1016,-527
-932,-475
-924,-477
-948,-459
-932,-471
-884,-443
-904,-453
-908,-481
-960,-481
-1016,-493
-916,-453
-888,-441
-968,-485
-1040,-533
-988,-513
-960,-533
-972,-525
-968,-529
-1032,-549
-948,-511
-968,-529
-1036,-537
-988,-509
-968,-515
-984,-531
-936,-495
-952,-519
-964,-493
-948,-491
-964,-511
-976,-509
-1032,-545
-1032,-537
-940,-391
-932,-419
-900,-421
-884,-407
-772,-349
-788,-275
-788,-297
-852,-337
-908,-395
-860,-401
-980,-471
-1048,-513
-1044,-515
-1008,-487
-908,-451
-876,-351
-904,-379
-876,-411
-864,-393
-996,-445
-988,-429
-976,-455
-1008,-461
-932,-417
-864,-399
-872,-427
-856,-397
-856,-371
-960,-445
-928,-415
-880,-383
-916,-427
-936,-389
-832,-395
-876,-413
-912,-463
-948,-497
-952,-501
-1000,-533
-1020,-539
-960,-505
-928,-489
-864,-437
-916,-435
-896,-441
-892,-445
-852,-447
-776,-305
-860,-357
-876,-301
-792,-311
-792,-315
-776,-311
-708,-251
-716,-231
-740,-203
-800,-245
-776,-305
-804,-285
-852,-321
-812,-339
-720,-299
-808,-369
-868,-415
-864,-393
-924,-455
-976,-513
-952,-495
-888,-467
-872,-427
-936,-461
-876,-377
-936,-399
-920,-403
-916,-417
-896,-417
-900,-379
-724,-231
-764,-331
-816,-357
-836,-379
-864,-365
-828,-357
-892,-371
-952,-413
-864,-401
-876,-437
-876,-465
-948,-489
-912,-491
-856,-465
-888,-447
-860,-435
-920,-463
-920,-489
-928,-469
-920,-455
-956,-473
-924,-435
-820,-387
-852,-427
-884,-467
-804,-459
-772,-431
-896,-479
-928,-481
-872,-433
-896,-431
-924,-431
-928,-495
-904,-459
-960,-519
-916,-483
-992,-495
-928,-455
-868,-411
-920,-379
-944,-325
-896,-319
-848,-299
-748,-249
-724,-233
-716,-197
-728,-237
-804,-257
-832,-221
-832,-229
-908,-291
-856,-295
-844,-317
-796,-331
-944,-415
-868,-375
-868,-381
-888,-411
-868,-423
-860,-351
-852,-331
-852,-329
-848,-303
-884,-319
-860,-313
-908,-435
-892,-345
-920,-387
-864,-373
-844,-353
-868,-397
-860,-379
-900,-405
-928,-431
-904,-445
-944,-423
-960,-401
-1008,-437
-988,-439
-1000,-427
-960,-403
-848,-347
-828,-299
-796,-307
-860,-329
-880,-343
-848,-331
-796,-299
-820,-279
-780,-235
-808,-249
-772,-289
-828,-293
-796,-263
-700,-137
-764,-223
-800,-217
-792,-177
-776,-201
-800,-195
-800,-211
-824,-217
-832,-187
-800,-151
-836,-215
-736,-167
-756,-163
-800,-197
-788,-195
-796,-221
-788,-163
-896,-195
-840,-153
-784,-55
-804,-61
-896,-75
-796,-75
-764,-35
-792,-63
-712,-77
-708,-77
-744,-69
-716,-47
-724,1
-716,-5
-772,-1
-728,-9
-724,-1
-812,35
-840,103
-776,117
-796,71
-820,141
-876,297
-844,319
-812,309
-756,333
-864,313
-764,251
-716,173
-704,225
-816,235
-812,297
-784,189
-784,199
-780,143
-820,193
-796,245
-824,317
-912,381
-868,347
-784,305
-796,325
-860,303
-812,247
-800,211
-836,255
-768,281
-736,211
-832,263
-776,243
-780,243
-792,263
-824,249
-820,297
-820,273
-812,251
-800,173
-864,133
-832,129
-744,145
-796,203
-804,199
-776,235
-772,253
-728,253
-772,287
-776,289
-856,367
-852,389
-896,447
-928,487
-988,517
-900,455
-852,405
-876,399
-792,293
-892,335
-824,305
-876,311
-832,281
-752,285
-784,271
-820,267
-804,227
-768,159
-788,193
-740,179
-784,187
-852,285
-856,289
-840,333
-860,313
-856,285
-864,301
-860,351
-836,371
-852,355
-900,385
-876,433
-924,449
-892,473
-1012,539
-1000,525
-1012,541
-936,515
-976,527
-1040,553
-1008,539
-992,525
-988,513
-1016,529
-968,475
-900,415
-820,363
-880,379
-804,291
-816,291
-800,299
-852,323
-820,337
-900,337
-912,389
-928,407
-928,399
-868,399
-996,457
-1016,497
-988,513
-1044,541
-1008,509
-960,503
-944,509
-976,527
-988,507
-972,515
-1008,523
-1076,567
-1056,557
-980,521
-972,509
-1036,529
-944,517
-984,525
-1012,521
-968,501
-992,519
-904,473
-908,465
-876,467
-988,505
-924,499
-992,527
-980,509
-924,491
-916,485
-980,505
-896,489
-896,487
-936,483
-936,429
-928,467
-944,473
-968,505
-952,477
-928,473
-972,503
-996,513
-972,527
-1076,547
-952,509
-936,471
-776,373
-836,417
-776,363
-780,347
-764,267
-836,245
-792,221
-764,285
-800,345
-840,411
-868,453
-944,425
-888,397
-940,413
-916,363
-844,281
-876,269
-856,299
-836,253
-820,299
-836,355
-900,419
-936,459
-928,447
-916,411
-884,387
-932,365
-944,387
-940,373
-904,363
-884,383
-840,361
-836,355
-824,351
-868,379
-836,391
-784,313
-844,327
-816,301
-884,325
-852,349
-780,343
-800,379
-928,433
-924,427
-872,419
-824,375
-824,381
-800,377
-912,447
-876,457
-992,517
-936,497
-1060,539
-1088,563
-1036,551
-992,533
-1016,535
-948,511
-940,487
-976,509
-864,479
-924,511
-976,511
-916,459
-936,455
-908,439
-936,435
-892,381
-888,411
-852,357
-868,371
-924,407
-836,377
-780,311
-776,283
-780,233
-800,261
-848,235
-808,199
-840,249
-792,235
-800,205
-836,297
-940,355
-980,375
-864,339
-876,309
-872,287
-864,251
-824,253
-772,301
-828,245
-848,197
-784,225
-852,235
-844,257
-872,223
-756,163
-764,133
-784,171
-780,157
-740,129
-752,135
-752,87
-764,123
-752,81
-724,95
-792,135
-744,171
-808,143
-824,189
-876,241
-848,235
-800,213
-824,275
-788,299
-808,317
-900,333
-868,349
-852,415
-836,391
-820,301
-756,283
-728,239
-812,231
-828,267
-844,317
-828,359
-936,431
-880,437
-896,453
-984,477
-892,437
-880,441
-992,531
-932,505
-920,493
-1008,531
-996,517
-988,515
-980,515
-892,469
-952,467
-948,455
-984,465
-952,441
-960,453
-840,409
-864,409
-892,447
-952,451
-940,451
-1008,519
-1000,503
-932,471
-896,459
-748,349
-896,463
-928,459
-944,499
-888,445
-864,439
-932,441
-892,383
-800,369
-740,281
-844,337
-848,365
-860,345
-864,367
-900,365
-936,455
-1004,531
-976,527
-956,523
-872,451
-952,479
-900,459
-924,411
-848,391
-804,393
-900,431
-904,453
-864,441
-904,477
-860,445
-828,433
-840,441
-800,391
-812,351
-804,401
-884,445
-928,481
-892,433
-940,455
-912,435
-872,439
-884,441
-944,443
-852,411
-848,449
-912,463
-872,451
-864,409
-848,425
-996,491
-1068,523
-980,519
-1064,565
-964,517
-888,461
-928,481
-920,477
-916,445
-872,441
-884,433
-896,449
-948,481
-1012,521
-948,521
-908,503
-972,497
-904,463
-892,475
-968,517
-1040,539
-1032,549
-1000,529
-976,519
-860,443
-780,433
-840,449
-836,407
-856,381
-864,367
-796,269
-820,259
-840,139
-800,131
-756,135
-760,183
-808,225
-748,191
-820,229
-800,307
-740,359
-884,427
-964,469
-884,451
-940,483
-996,531
-1044,539
-1076,567
-1044,555
-1024,529
-964,521
-956,507
-972,507
-980,527
-1068,565
-1084,567
-952,499
-1060,539
-940,483
-936,459
-972,479
-944,493
-920,477
-936,513
-996,523
-980,513
-956,483
-956,473
-908,441
-900,441
-848,395
-872,415
-932,471
-864,443
-936,485
-864,363
-788,243
-820,281
-772,287
-872,305
-920,267
-860,269
-876,249
-824,327
-808,365
-920,409
-848,423
-824,395
-820,413
-852,447
-872,457
-924,475
-944,453
-944,437
-940,459
-888,421
-948,489
-944,479
-916,453
-944,451
-880,415
-916,445
-896,461
-932,473
-928,477
-844,397
-864,423
-900,455
-936,479
-900,443
-900,421
-876,433
-840,391
-864,369
-856,377
-900,423
-872,397
-872,419
-868,415
-964,451
-900,401
-844,369
-812,273
-740,207
-740,143
-796,147
-808,85
-744,27
-772,33
-704,15
-712,195
-780,193
-776,239
-864,305
-796,261
-796,287
-804,291
-840,247
-792,297
-824,271
-796,291
-892,361
-884,411
-888,421
-952,439
-1000,517
-1000,523
-940,487
-1012,485
-1008,489
-1008,483
-972,499
-940,443
-976,463
-1036,523
-1048,479
-956,459
-872,427
-848,393
-788,351
-848,377
-896,377
-936,435
-976,443
-924,437
-976,471
-956,491
-1000,499
-932,461
-1000,523
-972,523
-892,469
-904,503
-944,507
-952,507
-892,483
-924,477
-904,479
-892,465
-912,461
-904,459
-940,471
-952,481
-864,451
-836,421
-996,491
-932,463
-856,423
-920,409
-916,417
-872,373
-816,337
-832,337
-840,347
-836,323
-788,343
-880,391
-876,387
-804,369
-780,355
-836,427
-844,391
-844,355
-820,339
-792,365
-772,371
-808,369
-840,389
-812,373
-844,389
-920,433
-900,447
-912,457
-904,457
-920,487
-944,489
-952,507
-1056,549
-892,457
-820,437
-868,439
-928,415
-968,481
-1000,489
-964,511
-920,485
-968,515
-1008,539
-940,509
-992,519
-984,513
-972,501
-928,465
-872,417
-896,401
-848,323
-908,283
-920,297
-896,357
-972,407
-980,487
-824,411
-812,401
-904,465
-916,477
-900,471
-880,457
-864,433
-868,427
-900,455
-820,403
-904,429
-792,317
-820,361
-824,275
-760,269
-788,221
-796,195
-768,209
-768,225
-732,229
-796,195
-716,143
-728,129
-748,101
-784,123
-800,133
-768,245
-804,271
-784,245
-780,263
-728,231
-848,323
-852,331
-900,329
-904,325
-824,325
-804,275
-800,233
-876,239
-856,289
-748,255
-908,347
-808,309
-904,333
-880,339
-772,353
-864,389
-852,359
-856,337
-836,377
-888,427
-908,451
-852,383
-876,351
-840,379
-828,387
-920,391
-944,449
-1020,509
-1000,475
-992,505
-852,443
-940,485
-992,513
-984,515
-972,503
-980,515
-1000,517
-964,507
-1008,537
-964,523
-992,517
-956,491
-984,477
-932,471
-932,481
-912,449
-952,489
-952,495
-952,467
-944,451
-912,455
-908,473
-904,471
-904,475
-904,479
-952,471
-936,473
-984,517
-1012,527
-1028,519
-932,509
-1020,519
-992,509
-944,469
-940,459
-940,485
-992,483
-912,465
-940,499
-876,463
-872,439
-880,403
-880,373
-900,425
-932,457
-960,497
-860,427
-844,395
-912,443
-924,479
-948,473
-900,449
-912,457
-936,487
-948,507
-996,527
-988,519
-1032,541
-1040,545
-984,519
-992,521
-976,501
-976,521
-1052,551
-1072,559
-988,503
-964,473
-936,469
-940,467
-968,483
-1004,503
-904,487
-960,481
-932,487
-980,503
-1012,507
-948,481
-984,517
-1016,503
-984,505
-988,521
-952,507
-980,511
-1004,523
-948,507
-904,457
-860,451
-880,447
-916,473
-944,491
-1036,529
-952,497
-1052,539
-1084,561
-1076,567
-1076,553
-992,519
-936,473
-960,471
-896,445
-912,423
-880,425
-936,431
-964,465
-940,477
-948,511
-948,507
-1000,519
-1008,541
-1000,523
-932,505
-1000,521
-1004,513
-960,471
-968,475
-956,459
-940,461
-916,451
-932,461
-968,493
-956,511
-980,521
-940,461
-852,401
-936,447
-1032,487
-1028,501
-1012,519
-1020,527
-1008,525
-1112,569
-1024,545
-992,533
-1052,549
-992,525
-1004,527
-1080,567
-932,503
-884,505
-880,475
-936,495
-940,465
-912,423
-920,423
-892,391
-912,395
-808,357
-820,313
-856,371
-728,311
-736,279
-736,259
-824,187
-788,205
-812,253
-712,41
-760,-39
-796,-7
-864,-25
-848,-89
-856,-97
-780,-103
-856,-133
-820,-103
-756,-151
-692,-99
-768,-123
-760,-143
-740,-131
-764,-185
-784,-255
-792,-283
-764,-263
-856,-291
-832,-273
-768,-261
-796,-349
-828,-339
-836,-295
-812,-287
-820,-301
-816,-263
-808,-257
-820,-207
-932,-369
-908,-381
-900,-381
-904,-395
-796,-357
-820,-373
-880,-441
-952,-475
-912,-401
-932,-439
-864,-423
-884,-447
-892,-443
-824,-417
-752,-373
-824,-411
-932,-481
-956,-501
-912,-491
-888,-453
-948,-469
-920,-507
-896,-479
-952,-501
-944,-483
-960,-495
-936,-495
-936,-473
-904,-445
-872,-429
-900,-465
-864,-445
-944,-485
-908,-453
-888,-419
-916,-461
-932,-475
-912,-461
-1044,-541
-960,-497
-972,-503
-956,-487
-996,-517
-1004,-521
-952,-495
-1004,-527
-952,-507
-1016,-535
-1012,-529
-904,-475
-920,-469
-980,-457
-1000,-489
-1000,-507
-1056,-543
-1000,-519
-1040,-523
-1008,-531
-1032,-545
-1028,-549
-992,-527
-976,-517
-964,-511
-980,-477
-972,-509
-920,-493
-904,-435
-944,-461
-920,-451
-916,-429
-896,-373
-868,-393
-872,-451
-968,-487
-984,-531
-960,-529
-948,-493
-988,-481
-932,-457
-900,-435
-812,-427
-856,-439
-924,-485
-900,-463
-960,-501
-1028,-529
-1020,-531
-956,-505
-924,-429
-888,-399
-816,-389
-844,-437
-968,-477
-952,-437
-924,-405
-912,-353
-828,-343
-892,-367
-948,-339
-908,-379
-900,-451
-964,-489
-968,-499
-1012,-527
-1056,-547
-988,-531
-976,-507
-920,-471
-932,-495
-988,-495
-916,-409
-924,-385
-896,-353
-884,-309
-868,-285
-796,-285
-888,-273
-800,-257
-828,-243
-848,-271
-852,-269
-864,-359
-916,-385
-964,-379
-968,-351
-1004,-343
-916,-305
-856,-365
-864,-413
-952,-419
-852,-395
-848,-403
-916,-441
-864,-395
-912,-467
-964,-485
-988,-525
-948,-495
-952,-461
-992,-499
-1004,-521
-1000,-509
-912,-481
-916,-475
-848,-437
-868,-483
-908,-501
-988,-535
-1008,-539
-948,-499
-1024,-511
-968,-503
-904,-449
-920,-425
-884,-353
-856,-367
-904,-377
-924,-397
-856,-347
-892,-367
-928,-385
-888,-321
-908,-301
-896,-337
-912,-335
-916,-357
-880,-341
-876,-349
-924,-369
-896,-355
-924,-373
-880,-323
-928,-367
-844,-305
-868,-347
-848,-347
-816,-329
-784,-271
-844,-269
-792,-315
-816,-337
-892,-357
-872,-337
-868,-375
-940,-423
-872,-389
-900,-373
-868,-317
-856,-283
-868,-287
-852,-315
-868,-297
-848,-255
-816,-269
-920,-329
-880,-231
-884,-253
-796,-259
-756,-219
-820,-267
-844,-237
-844,-221
-828,-231
-908,-199
-868,-241
-844,-247
-720,-173
-848,-231
-856,-161
-832,-175
-768,-165
-792,-79
-816,-53
-864,-3
-872,31
-800,117
-764,119
-808,95
-796,47
-760,77
-740,111
-856,139
-764,131
-844,159
-884,155
-864,247
-780,167
-880,181
-832,119
-772,119
-744,79
-768,79
-840,31
-812,1
-752,99
-776,149
-760,237
-672,197
-808,241
-856,295
-912,303
-900,293
-860,279
-840,241
-808,211
-816,197
-808,161
-804,177
-748,199
-804,247
-808,179
-788,147
-828,141
-780,101
-800,105
-796,105
-808,119
-856,153
-884,197
-840,191
-772,197
-796,239
-784,239
-868,283
-872,273
-824,281
-844,323
-804,357
-784,289
-724,283
-788,335
-784,409
-764,341
-840,373
-864,413
-880,427
-888,407
-828,463
-892,473
-932,501
-896,473
-972,505
-1004,533
-980,513
-948,437
-920,427
-936,413
-864,383
-876,435
-912,439
-912,405
-912,423
-912,415
-844,393
-884,415
-828,387
-808,387
-876,443
-904,437
-896,387
-936,459
-920,467
-848,429
-856,403
-888,409
-896,401
-876,335
-840,343
-816,297
-860,321
-832,341
-872,277
-836,265
-820,219
-852,63
-848,-7
-892,95
-924,149
-840,119
-832,121
-788,121
-780,77
-820,49
-836,35
-788,85
-716,35
-796,3
-784,-57
-780,-75
-788,-11
-856,-25
-860,-1
-780,41
-728,-37
-776,7
-776,-13
-784,-5
-712,23
-752,29
-740,113
-744,197
-736,131
-720,151
-780,211
-696,265
-768,273
-756,253
-816,271
-856,275
-756,245
-744,135
-736,111
-740,91
-696,77
-716,99
-740,25
-716,97
-732,163
-808,237
-816,199
-828,251
-804,253
-780,287
-832,293
-840,345
-880,391
-920,435
-836,423
-872,459
-952,505
-928,477
-896,411
-880,425
-888,461
-872,445
-888,423
-896,439
-884,377
-824,371
-768,315
-812,309
-852,337
-756,293
-744,331
-832,365
-848,343
-800,283
-832,267
-828,313
-888,377
-900,411
-868,385
-872,409
-868,439
-832,435
-888,467
-848,381
-860,391
-876,415
-936,411
-884,391
-940,419
-864,365
-864,393
-868,373
-824,269
-852,367
-852,389
-852,395
-852,393
-832,385
-904,455
-892,463
-980,491
-920,465
-952,481
-892,443
-892,457
-972,501
-1040,499
-920,457
-944,483
-916,451
-912,471
-880,451
-888,451
-876,417
-892,451
-888,447
-888,441
-904,445
-888,445
-956,451
-928,471
-960,487
-896,451
-932,469
-952,473
-896,477
-956,473
-892,423
-940,435
-964,441
-952,415
-940,431
-952,399
-892,395
-912,357
-856,357
-900,349
-944,439
-916,445
-852,415
-888,415
-840,401
-832,383
-884,449
-1008,509
-1072,531
-916,495
-992,533
-1052,555
-944,481
-944,467
-916,495
-1004,535
-892,497
-892,475
-856,411
-860,411
-872,403
-848,369
-860,397
-932,465
-884,435
-812,359
-844,405
-856,431
-848,437
-932,483
-912,483
-940,507
-908,495
-960,485
-848,461
-956,507
-1012,533
-936,497
-972,513
-984,521
-1024,543
-1024,545
-956,523
-992,535
-1056,559
-1128,583
-1048,553
-996,523
-976,495
-944,465
-956,479
-984,519
-1124,567
-1044,549
-1060,543
-964,525
-980,519
-984,507
-916,467
-968,521
-984,531
-952,501
-932,481
-880,447
-920,457
-924,407
-864,373
-836,341
-864,319
-840,265
-836,283
-768,215
-864,301
-848,335
-916,361
-900,327
-884,289
-840,247
-852,283
-940,321
-988,323
-912,317
-920,281
-848,237
-828,249
-812,187
-780,187
-816,209
-784,237
-844,257
-852,277
-792,255
-828,267
-808,321
-968,467
-932,441
-896,457
-864,403
-948,461
-912,457
-896,437
-868,411
-868,415
-812,381
-912,439
-1000,507
-980,515
-916,477
-900,439
-824,427
-856,451
-888,477
-880,449
-876,413
-864,423
-880,351
-808,319
-760,357
-852,411
-868,449
-816,421
-956,463
-928,479
-908,473
-788,383
-876,427
-880,453
-864,415
-860,385
-896,407
-764,363
-944,445
-968,487
-1020,543
-1020,539
-956,509
-976,509
-884,473
-900,467
-1008,513
-924,499
-956,499
-924,455
-864,433
-884,425
-968,491
-960,513
-936,459
-904,463
-836,425
-856,429
-916,479
-888,475
-852,469
-864,455
-932,439
-896,423
-808,403
-852,389
-824,369
-836,415
-780,397
-848,383
-900,425
-864,401
-900,407
-936,399
-904,357
-828,327
-828,331
-828,349
-852,285
-856,265
-820,221
-820,175
-856,227
-828,217
-816,177
-820,229
-820,249
-832,201
-872,199
-780,165
-792,177
-768,209
-820,245
-824,267
-824,269
-800,267
-936,305
-876,331
-864,311
-928,369
-860,339
-872,355
-948,399
-1000,449
-892,405
-920,433
-940,425
-872,429
-900,453
-892,469
-956,479
-936,471
-876,441
-864,445
-968,505
-960,491
-976,481
-912,477
-1012,529
-988,521
-972,495
-916,475
-928,497
-856,397
-948,415
-844,377
-868,369
-844,415
-896,427
-836,407
-912,469
-916,483
-916,435
-896,413
-864,425
-864,391
-812,359
-804,401
-864,411
-916,471
-864,457
-852,437
-844,371
-844,395
-884,421
-856,457
-932,441
-824,327
-844,405
-940,481
-956,479
-972,489
-984,513
-980,503
-1000,509
-988,517
-1008,525
-984,501
-1000,537
-1032,543
-968,499
-1024,527
-1052,547
-1024,513
-964,505
-968,509
-952,497
-948,513
-1032,555
-1012,525
-888,463
-948,509
-976,529
-1044,547
-936,489
-988,517
-1056,533
-1068,551
-1004,545
-964,497
-904,477
-940,497
-956,493
-1028,535
-1000,529
-976,519
-880,475
-912,477
-892,455
-908,461
-904,467
-952,489
-948,495
-884,489
-1024,525
-988,497
-1072,565
-1076,555
-916,477
-972,509
-976,501
-964,495
-964,503
-992,479
-1012,517
-956,483
-956,461
-884,403
-968,483
-956,457
-864,415
-852,391
-924,399
-900,387
-912,413
-912,453
-1024,521
-1012,523
-968,497
-928,487
-896,425
-948,485
-1016,521
-976,517
-996,511
-1000,529
-1028,541
-1072,555
-1016,527
-1004,543
-996,529
-988,517
-936,493
-948,479
-948,485
-932,465
-964,511
-996,509
-948,479
-964,489
-940,465
-964,503
-924,485
-880,459
-896,425
-916,419
-904,431
-980,461
-996,487
-924,457
-1000,491
-1000,497
-948,487
-964,507
-984,499
-984,473
-988,523
-992,517
-960,491
-868,475
-944,517
-936,499
-940,503
-952,493
-968,499
-976,487
-980,501
-992,519
-1000,533
-1028,517
-900,455
-928,481
-940,459
-900,411
-868,379
-932,421
-904,441
-816,355
-824,385
-900,445
-928,423
-980,473
-876,451
-900,475
-944,515
-1064,561
-984,537
-960,507
-956,529
-1004,541
-1044,555
-984,517
-1000,521
-932,467
-876,451
-872,443
-912,471
-992,533
-1028,519
-908,475
-924,445
-844,427
-856,433
-860,389
-860,371
-860,361
-848,399
-824,399
-848,379
-832,379
-916,383
-940,349
-920,385
-920,443
-864,403
-928,405
-844,347
-836,339
-868,327
-844,301
-812,283
-872,263
-868,241
-828,259
-896,271
-968,323
-828,303
-800,267
-752,299
-844,321
-852,343
-868,389
-892,369
-824,365
-728,235
-684,157
-740,135
-824,203
-808,177
-824,215
-788,201
-788,241
-824,259
-908,291
-852,221
-832,259
-896,309
-884,325
-860,333
-896,351
-892,401
-972,441
-1020,465
-988,451
-916,401
-892,439
-896,447
-904,445
-960,511
-944,465
-892,441
-1000,513
-960,519
-1008,539
-952,515
-1052,549
-992,521
-1028,547
-996,535
-792,407
-816,385
-768,339
-800,321
-868,365
-804,373
-864,447
-944,449
-884,411
-916,405
-936,469
-928,463
-912,463
-956,481
-1016,519
-1020,515
-972,515
-904,449
-856,427
-820,351
-788,319
-776,315
-840,377
-856,427
-868,429
-908,487
-924,489
-980,489
-912,433
-920,463
-948,467
-968,507
-976,485
-936,499
-984,519
-964,509
-892,471
-1036,503
-924,431
-872,409
-952,443
-904,405
-852,405
-932,495
-900,439
-948,483
-968,517
-1028,535
-1048,541
-980,517
-1028,515
-968,489
-1068,545
-944,459
-960,465
-1028,521
-1024,533
-1052,545
-1044,535
-912,499
-916,483
-996,511
-980,515
-984,529
-1016,537
-952,515
-984,525
-1044,553
-1016,511
-1000,503
-1092,531
-1016,505
-1024,525
-1036,521
-1032,537
-996,531
-948,521
-1084,567
-976,523
-932,501
-916,505
-900,467
-924,487
-936,495
-924,495
-952,467
-980,511
-948,495
-888,475
-900,465
-912,487
-952,495
-980,497
-916,461
-1000,509
-976,451
-888,387
-788,277
-796,243
-828,295
-820,289
-808,237
-812,249
-784,129
-836,87
-836,159
-840,177
-808,177
-788,179
-848,103
-828,153
-852,207
-872,317
-872,293
-832,271
-868,329
-940,377
-852,305
-896,367
-916,397
-900,403
-936,411
-892,403
-888,373
-892,319
-848,353
-880,377
-920,449
-916,453
-884,443
-1004,485
-976,439
-832,369
-828,313
-820,255
-824,277
-900,339
-816,347
-820,307
-792,311
-852,387
-896,399
-892,409
-828,355
-852,385
-916,419
-864,409
-832,373
-888,383
-828,329
-852,297
-768,331
-808,315
-856,309
-916,371
-932,379
-920,355
-816,367
-896,439
-924,419
-868,409
-936,463
-948,451
-880,457
-852,439
-852,407
-804,361
-840,351
-828,405
-864,409
-840,395
-776,357
-776,339
-836,329
-752,321
-896,357
-960,447
-980,487
-860,409
-860,329
-788,305
-796,291
-744,287
-800,311
-788,295
-824,349
-880,375
-828,425
-956,495
-968,451
-1020,471
-992,451
-928,443
-976,447
-928,447
-900,417
-920,429
-892,403
-852,419
-804,407
-796,405
-760,303
-804,327
-896,329
-840,251
-820,285
-736,259
-780,333
-808,331
-876,369
-844,337
-864,395
-836,357
-888,383
-872,421
-868,447
-904,489
-896,467
-836,417
-940,493
-800,409
-780,361
-876,425
-892,457
-936,489
-912,441
-852,433
-852,413
-944,447
-928,475
-896,457
-812,401
-896,463
-924,475
-916,483
-1000,523
-1028,543
-1092,559
-1016,527
-864,455
-860,429
-844,419
-856,389
-876,387
-820,329
-804,331
-768,279
-784,277
-788,295
-724,237
-764,315
-904,419
-964,469
-912,437
-892,415
-860,411
-852,351
-864,341
-824,259
-824,267
-724,243
-780,293
-804,303
-812,299
-928,385
-972,449
-960,471
-972,519
-1012,545
-980,527
-980,517
-892,461
-1004,523
-932,479
-936,481
-896,491
-864,451
-908,471
-980,531
-1004,525
-1040,541
-1108,567
-1012,541
-936,491
-1028,541
-996,527
-840,375
-872,339
-828,331
-808,307
-828,397
-896,425
-952,471
-928,477
-1008,537
-992,533
-956,519
-900,467
-976,477
-860,455
-916,461
-896,441
-860,415
-864,387
-860,415
-912,461
-892,477
-872,441
-928,451
-912,453
-956,461
-884,435
-924,471
-940,495
-908,443
-892,471
-976,511
-964,517
-908,501
-948,509
-964,477
-932,449
-860,425
-932,461
-868,453
-796,365
-880,413
-904,443
-896,421
-888,437
-1008,523
-996,529
-1004,519
-904,471
-852,427
-856,423
-936,483
-952,503
-912,445
-952,463
-928,501
-952,513
-916,507
-1040,545
-1000,529
-1048,549
-1040,553
-976,527
-1020,537
-1024,541
-952,485
-976,513
-944,499
-1040,543
-968,491
-908,489
-1016,525
-1060,549
-968,499
-928,499
-1012,521
-1080,569
-992,525
-880,467
-840,403
-852,423
-936,479
-904,419
-892,427
-860,403
-812,389
-832,373
-800,377
-836,359
-736,265
-768,285
-748,295
-752,265
-792,293
-816,313
-804,287
-816,267
-740,211
-784,217
-772,123
-740,131
-808,247
-792,219
-792,299
-808,347
-832,351
-868,347
-808,373
-832,359
-828,385
-784,407
-876,411
-868,403
-840,383
-988,485
-972,485
-948,453
-860,355
-884,389
-888,379
-836,373
-812,379
-896,401
-848,423
-900,449
-988,517
-912,473
-860,431
-852,441
-888,459
-948,475
-988,503
-976,499
-928,443
-820,351
-680,321
-820,441
-932,503
-952,493
-952,515
-924,511
-908,489
-864,463
-864,445
-776,357
-920,471
-1028,531
-1028,529
-1020,521
-968,503
-932,507
-968,505
-1032,537
-1036,539
-980,513
-972,499
-1020,529
-988,541
-964,501
-944,505
-916,497
-956,507
-1008,537
-1024,547
-1060,551
-1064,559
-1088,563
-1052,547
-1000,537
-1036,549
-984,531
-856,447
-860,455
-968,493
-980,507
-984,497
-904,457
-904,461
-904,469
-844,407
-816,445
-864,475
-832,455
-936,509
-952,517
-1040,525
-920,457
-932,493
-976,487
-968,475
-908,411
-936,463
-896,489
-964,519
-996,529
-1004,527
-948,493
-1016,537
-960,491
-976,475
-824,419
-796,391
-888,383
-896,407
-936,437
-980,511
-956,497
-908,473
-988,523
-928,491
-916,485
-884,481
-948,505
-904,455
-876,413
-928,425
-928,437
-928,385
-884,355
-924,411
-908,405
-916,443
-872,391
-852,347
-720,267
-740,207
-720,159
-772,209
-792,197
-824,167
-816,119
-720,9
-772,27
-728,21
-740,107
-660,99
-744,223
-780,165
-864,259
-800,263
-860,263
-888,237
-800,269
-780,223
-836,207
-840,187
-888,209
-828,203
-816,187
-756,151
-708,157
-756,175
-772,239
-808,309
-796,257
-800,287
-840,299
-916,361
-872,383
-908,405
-904,375
-900,353
-920,299
-884,309
-904,343
-868,319
-864,339
-860,307
-892,313
-892,331
-848,329
-808,325
-884,293
-884,307
-832,287
-860,289
-852,247
-760,241
-840,271
-772,225
-812,145
-796,173
-872,137
-840,177
-876,193
-928,295
-868,287
-872,305
-964,327
-952,367
-920,395
-916,425
-900,407
-904,455
-844,401
-828,385
-860,417
-900,431
-884,445
-904,463
-936,491
-940,461
-1012,497
-944,497
-940,475
-868,453
-928,479
-936,465
-908,467
-936,463
-920,481
-956,481
-1008,511
-1020,525
-952,501
-924,455
-908,455
-868,435
-924,489
-864,415
-904,455
-780,397
-780,375
-880,413
-908,457
-932,481
-920,475
-952,499
-916,475
-904,443
-952,491
-940,445
-920,449
-884,425
-876,423
-888,433
-920,429
-876,429
-916,469
-952,505
-872,457
-960,511
-888,445
-940,477
-940,473
-896,455
-972,509
-960,493
-968,515
-964,525
-932,501
-952,509
-1040,525
-896,479
-952,487
-992,507
-932,469
-920,463
-980,445
-968,447
-880,429
-920,481
-896,467
-936,489
-968,517
-976,525
-1004,513
-940,511
-880,485
-992,527
-960,513
-916,451
-888,371
-884,449
-884,459
-868,425
-892,373
-764,301
-840,311
-832,337
-856,295
-904,281
-932,255
-816,221
-788,225
-796,225
-756,215
-780,287
-828,341
-852,341
-916,375
-964,391
-904,351
-848,371
-776,305
-824,317
-852,271
-804,193
-800,195
-736,227
-732,223
-800,95
-848,159
-840,163
-872,173
-776,181
-788,247
-812,277
-792,285
-804,343
-768,347
-808,375
-796,365
-836,391
-884,427
-920,439
-900,443
-916,445
-924,453
-976,519
-972,525
-960,511
-1016,545
-1068,547
-1064,541
-964,491
-952,449
-976,453
-900,431
-964,437
-868,433
-832,371
-824,393
-836,437
-836,419
-888,381
-808,347
-816,339
-816,389
-956,445
-948,475
-880,425
-944,489
-868,437
-824,419
-840,429
-864,451
-852,455
-932,497
-960,487
-864,435
-872,419
-876,453
-824,435
-944,477
-920,463
-924,409
-940,395
-920,435
-904,435
-956,397
-896,323
-808,275
-792,317
-884,365
-884,405
-784,381
-820,391
-820,383
-968,497
-884,443
-952,503
-952,525
-992,539
-936,509
-948,513
-988,497
-936,487
-960,495
-940,463
-920,463
-920,495
-948,507
-920,501
-964,497
-904,481
-960,501
-952,489
-924,481
-924,475
-884,401
-916,415
-896,421
-872,407
-832,399
-896,379
-884,417
-896,451
-988,513
-916,447
-988,453
-904,411
-836,401
-864,423
-956,459
-976,511
-960,493
-936,483
-936,469
-936,483
-928,471
-1000,505
-964,511
-972,509
-976,479
-884,387
-960,425
-904,399
-860,403
-748,355
-760,333
-812,323
-828,317
-812,287
-792,237
-840,273
-852,329
-928,357
-936,367
-884,399
-892,385
-900,475
-952,489
-912,407
-1000,453
-984,495
-904,471
-840,409
-812,391
-896,457
-932,483
-956,475
-932,455
-960,493
-940,491
-872,455
-896,455
-964,495
-936,471
-944,487
-944,495
-1024,547
-984,513
-972,489
-976,453
-876,385
-832,341
-804,353
-816,389
-852,433
-828,417
-924,465
-952,477
-920,463
-916,429
-872,431
-944,437
-996,513
-996,511
-1012,487
-924,429
-920,435
-888,409
-936,469
-904,453
-944,489
-932,485
-936,493
-888,487
-1012,537
-1020,541
-968,515
-948,505
-968,495
-992,507
-1044,543
-920,457
-928,493
-896,461
-956,445
-924,425
-916,413
-920,421
-928,449
-940,479
-924,481
-936,473
-956,517
-916,491
-872,437
-968,487
-880,457
-952,521
-1032,551
-976,517
-980,513
-956,499
-1000,523
-972,511
-1032,535
-952,509
-992,525
-952,481
-956,505
-960,521
-964,519
-976,497
-1020,519
-1008,491
-944,467
-892,419
-888,469
-888,455
-892,443
-816,395
-864,437
-896,489
-980,503
-996,515
-952,495
-1000,513
-924,481
-924,443
-912,443
-992,475
-964,433
-848,419
-792,393
-872,413
-952,437
-940,431
-904,423
-920,373
-836,367
-824,357
-824,367
-812,319
-804,327
-948,425
-888,423
-888,421
-896,389
-904,397
-876,373
-832,373
-896,463
-920,479
-932,481
-920,437
-928,429
-956,439
-864,387
-928,423
-1004,475
-988,521
-968,523
-980,513
-956,511
-988,521
-984,497
-964,501
-952,429
-888,369
-992,481
-948,477
-992,525
-976,521
-1000,537
-1020,545
-1032,541
-936,501
-952,513
-872,463
-908,465
-992,491
-972,483
-908,467
-836,381
-896,437
-1044,533
-944,473
-924,473
-920,473
-860,451
-912,447
-848,393
-824,365
-864,409
-848,431
-880,473
-936,491
-948,477
-940,443
-948,445
-916,431
-908,423
-884,359
-904,413
-964,485
-888,429
-900,441
-848,401
-884,381
-888,413
-852,393
-888,403
-888,407
-824,399
-864,365
-900,399
-936,431
-932,465
-912,431
-840,401
-892,433
-952,471
-944,495
-912,457
-948,465
-948,499
-976,517
-920,471
-992,467
-944,455
-888,451
-980,505
-900,439
-856,427
-976,517
-912,463
-964,499
-972,505
-980,455
-896,375
-928,445
-856,419
-888,437
-944,469
-932,479
-896,475
-876,479
-888,465
-896,447
-920,449
-932,467
-932,437
-924,453
-936,469
-916,443
-920,435
-944,429
-852,395
-884,401
-892,401
-828,339
-888,293
-856,327
-868,327
-876,285
-884,303
-900,295
-836,251
-760,239
-796,265
-768,255
-796,323
-796,315
-752,255
-720,277
-696,211
-744,241
-832,271
-836,379
-936,505
-956,471
-964,493
-952,493
-960,511
-992,521
-1012,527
-984,515
-984,521
-932,463
-896,445
-884,431
-860,403
-844,405
-864,421
-912,435
-912,443
-936,441
-952,485
-1036,537
-968,501
-960,505
-964,507
-1000,535
-980,499
-1080,559
-1004,513
-900,471
-956,479
-948,441
-920,445
-832,335
-820,299
-808,303
-716,237
-808,209
-852,211
-828,267
-812,253
-744,221
-828,249
-812,195
-720,191
-744,37
-788,-27
-724,-43
-708,51
-756,55
-760,7
-844,-39
-780,-77
-836,-115
-816,-35
-780,-51
-672,-89
-688,-71
-804,-161
-848,-287
-776,-241
-836,-229
-860,-251
-796,-273
-768,-263
-832,-285
-848,-285
-880,-267
-844,-269
-856,-291
-860,-307
-784,-273
-752,-219
-808,-177
-860,-211
-844,-199
-836,-165
-888,-225
-828,-203
-836,-233
-828,-249
-784,-219
-776,-277
-920,-391
-884,-361
-820,-339
-828,-369
-936,-405
-940,-407
-840,-371
-848,-357
-856,-367
-864,-353
-832,-315
-844,-283
-804,-259
-860,-299
-808,-279
-804,-305
-808,-301
-820,-333
-884,-355
-824,-359
-880,-371
-860,-379
-808,-357
-808,-369
-792,-375
-776,-361
-824,-365
-896,-423
-860,-431
-920,-483
-924,-455
-936,-481
-964,-511
-944,-503
-956,-509
-964,-499
-880,-441
-852,-417
-776,-369
-780,-335
-852,-375
-860,-441
-828,-411
-888,-443
-892,-419
-956,-483
-996,-515
-980,-503
-972,-497
-972,-489
-896,-389
-860,-303
-936,-325
-940,-367
-908,-341
-892,-357
-768,-317
-772,-253
-800,-333
-848,-337
-800,-353
-836,-335
-892,-333
-816,-287
-828,-293
-824,-317
-840,-301
-808,-277
-896,-299
-844,-319
-840,-399
-860,-441
-924,-465
-864,-385
-912,-383
-932,-379
-820,-307
-856,-363
-884,-415
-908,-375
-880,-369
-904,-419
-836,-387
-904,-399
-944,-405
-896,-383
-856,-335
-924,-421
-952,-427
-884,-417
-900,-463
-924,-471
-892,-433
-852,-431
-940,-483
-948,-483
-864,-447
-900,-479
-1008,-531
-956,-513
-1012,-527
-892,-479
-904,-473
-940,-473
-956,-499
-972,-505
-936,-471
-1012,-501
-940,-479
-920,-439
-932,-477
-948,-493
-916,-481
-972,-497
-960,-461
-964,-435
-916,-405
-912,-381
-852,-363
-844,-375
-852,-319
-888,-387
-884,-389
-844,-357
-944,-415
-872,-393
-956,-457
-856,-407
-852,-395
-796,-359
-860,-407
-908,-455
-912,-451
-956,-475
-852,-389
-896,-455
-1008,-519
-956,-473
-944,-485
-968,-501
-948,-465
-932,-441
-980,-475
-1032,-525
-1000,-507
-932,-497
-988,-523
-952,-497
-884,-429
-872,-465
-896,-437
-888,-421
-808,-377
-832,-355
-936,-429
-868,-429
-824,-409
-836,-367
-856,-361
-864,-429
-888,-463
-840,-421
-920,-427
-852,-421
-880,-385
-932,-409
-920,-433
-916,-377
-924,-355
-912,-351
-972,-407
-964,-415
-864,-397
-900,-401
-896,-403
-936,-445
-852,-409
-844,-381
-848,-385
-904,-451
-928,-477
-956,-465
-956,-463
-940,-477
-904,-457
-920,-467
-904,-459
-976,-481
-952,-475
-1024,-509
-1044,-541
-964,-509
-988,-495
-936,-467
-900,-441
-916,-471
-872,-437
-828,-383
-788,-405
-840,-433
-936,-457
-948,-501
-908,-467
-880,-445
-844,-431
-928,-485
-984,-517
-980,-517
-976,-507
-896,-481
-856,-435
-820,-415
-948,-485
-948,-487
-976,-515
-956,-461
-964,-465
-968,-503
-1012,-527
-964,-519
-988,-529
-980,-511
-844,-451
-904,-457
-912,-461
-940,-463
-820,-413
-856,-429
-876,-439
-972,-505
-904,-489
-920,-493
-996,-521
-896,-493
-964,-495
-916,-449
-932,-481
-988,-501
-980,-497
-976,-487
-964,-491
-932,-469
-1012,-537
-980,-517
-888,-487
-964,-513
-976,-475
-844,-379
-920,-441
-872,-381
-868,-355
-820,-403
-852,-441
-896,-415
-884,-433
-932,-445
-920,-443
-908,-399
-916,-381
-868,-383
-864,-439
-904,-441
-968,-505
-908,-491
-984,-511
-944,-495
-976,-535
-988,-527
-988,-539
-948,-523
-992,-537
-916,-503
-984,-519
-952,-503
-996,-513
-1004,-531
-956,-497
-892,-469
-896,-481
-956,-503
-924,-513
-880,-471
-868,-453
-848,-441
-944,-469
-960,-493
-1012,-495
-988,-479
-1008,-495
-976,-475
-900,-451
-892,-433
-936,-431
-880,-443
-836,-431
-836,-425
-952,-467
-844,-401
-804,-279
-896,-363
-852,-345
-828,-375
-852,-367
-884,-401
-868,-397
-904,-377
-832,-373
-892,-423
-868,-449
-900,-459
-904,-467
-964,-499
-908,-459
-980,-525
-928,-511
-952,-495
-976,-501
-1056,-553
-1044,-549
-1068,-529
-992,-493
-924,-477
-928,-479
-1040,-559
-1064,-555
-1016,-525
-1016,-531
-1024,-533
-1072,-537
-1044,-529
-1028,-551
-956,-503
-952,-499
-964,-495
-912,-459
-876,-417
-872,-453
-948,-481
-1052,-529
-964,-465
-960,-503
-988,-535
-1024,-549
-1008,-517
-948,-497
-1056,-549
-1024,-539
-924,-495
-928,-481
-992,-509
-1028,-517
-1032,-511
-960,-469
-932,-419
-912,-329
-912,-389
-904,-431
-896,-415
-896,-407
-804,-393
-820,-399
-940,-453
-932,-447
-896,-443
-836,-415
-856,-439
-928,-461
-904,-437
-900,-447
-864,-447
-892,-433
-964,-499
-1020,-535
-944,-489
-984,-511
-924,-489
-980,-519
-956,-505
-976,-521
-964,-495
-960,-491
-888,-467
-832,-423
-844,-419
-840,-423
-920,-457
-924,-477
-912,-489
-964,-501
-804,-399
-816,-441
-916,-475
-936,-475
-956,-501
-920,-493
-960,-511
-1000,-515
-984,-475
-924,-447
-804,-385
-808,-365
-864,-373
-824,-343
-840,-413
-868,-429
-844,-351
-844,-301
-808,-297
-816,-257
-836,-293
-768,-277
-836,-285
-768,-227
-752,-175
-764,-209
-740,-221
-732,-207
-696,-187
-768,-225
-760,-259
-736,-253
-792,-313
-848,-321
-856,-319
-844,-317
-880,-337
-808,-321
-876,-377
-904,-417
-936,-421
-956,-455
-888,-445
-892,-461
-828,-427
-944,-491
-964,-505
-976,-519
-884,-465
-932,-479
-880,-433
-956,-475
-880,-415
-936,-445
-928,-459
-968,-495
-932,-477
-984,-505
-988,-513
-972,-499
-1028,-541
-900,-495
-896,-477
-896,-423
-888,-423
-876,-447
-928,-455
-920,-451
-912,-463
-928,-467
-992,-507
-972,-483
-936,-429
-904,-397
-932,-413
-852,-393
-840,-419
-924,-433
-916,-481
-908,-481
-940,-497
-864,-467
-824,-443
-932,-497
-928,-507
-1036,-549
-984,-517
-988,-517
-968,-519
-1008,-525
-972,-505
-888,-455
-916,-469
-936,-503
-960,-511
-920,-481
-864,-469
-900,-487
-852,-453
-928,-489
-860,-449
-908,-461
-900,-457
-860,-421
-804,-411
-836,-391
-932,-467
-896,-445
-912,-431
-956,-515
-980,-515
-992,-517
-1016,-511
-956,-475
-888,-419
-856,-417
-948,-513
-1036,-535
-992,-509
-1040,-511
-1048,-533
-980,-517
-956,-527
-996,-535
-1024,-545
-1028,-551
-984,-515
-1000,-525
-1000,-537
-996,-523
-908,-467
-868,-425
-848,-435
-876,-467
-936,-479
-876,-435
-944,-487
-944,-501
-912,-477
-864,-429
-880,-469
-836,-439
-1008,-529
-924,-497
-920,-473
-912,-497
-1028,-521
-996,-513
-956,-499
-836,-413
-792,-361
-868,-427
-888,-441
-916,-445
-860,-429
-756,-393
-848,-465
-948,-491
-960,-477
-964,-497
-968,-499
-980,-465
-936,-467
-964,-495
-924,-491
-796,-427
-904,-489
-888,-455
-828,-441
-852,-421
-848,-353
-832,-333
-888,-369
-876,-333
-820,-351
-876,-411
-908,-343
-936,-379
-860,-367
-828,-339
-872,-385
-872,-417
-900,-461
-896,-419
-832,-413
-864,-431
-908,-473
-864,-431
-912,-473
-864,-463
-988,-537
-984,-525
-948,-499
-840,-431
-716,-339
-756,-333
-836,-423
-844,-397
-880,-409
-924,-421
-940,-407
-912,-435
-916,-469
-992,-517
-992,-519
-1000,-495
-892,-435
-920,-447
-912,-443
-956,-483
-908,-455
-976,-493
-936,-469
-956,-443
-832,-407
-876,-439
-892,-459
-924,-479
-916,-489
-952,-493
-1016,-549
-1012,-541
-1036,-529
-980,-503
-992,-495
-952,-499
-1000,-499
-928,-497
-964,-493
-932,-477
-932,-491
-984,-473
-924,-461
-876,-419
-868,-409
-876,-401
-792,-347
-812,-349
-788,-345
-712,-295
-740,-287
-752,-317
-744,-315
-868,-391
-920,-465
-1012,-533
-952,-501
-952,-483
-972,-497
-980,-523
-980,-515
-1064,-547
-1024,-535
-1044,-547
-984,-487
-900,-447
-928,-457
-884,-439
-888,-419
-896,-467
-868,-443
-828,-437
-892,-489
-976,-501
-996,-497
-988,-505
-920,-469
-908,-461
-944,-479
-984,-523
-932,-501
-1056,-523
-960,-471
-924,-449
-860,-357
-900,-459
-904,-449
-920,-463
-956,-509
-972,-507
-1000,-515
-924,-481
-980,-469
-1012,-475
-1024,-497
-952,-501
-1008,-517
-940,-507
-916,-471
-940,-467
-880,-415
-904,-447
-912,-461
-852,-423
-932,-453
-876,-349
-816,-305
-880,-297
-784,-327
-888,-427
-876,-449
-892,-443
-940,-485
-1008,-493
-912,-447
-756,-399
-796,-343
-868,-409
-912,-435
-928,-491
-920,-507
-984,-527
-1016,-529
-1100,-575
-976,-531
-980,-521
-988,-509
-960,-487
-1080,-557
-1020,-541
-956,-479
-880,-461
-840,-415
-888,-423
-828,-423
-912,-483
-876,-447
-848,-443
-816,-421
-900,-471
-900,-483
-904,-469
-1036,-533
-1052,-541
-1060,-551
-1040,-549
-1072,-569
-1052,-543
-1132,-585
-1124,-575
-1032,-547
-1024,-519
-1052,-545
-1060,-549
-1044,-557
-1048,-551
-1020,-539
-964,-505
-1048,-547
-988,-531
-980,-537
-972,-519
-920,-491
-1024,-509
-1000,-517
-996,-531
-1036,-555
-1088,-571
-992,-535
-1012,-543
-1040,-553
-972,-517
-888,-465
-908,-459
-924,-421
-924,-437
-896,-419
-880,-433
-860,-413
-904,-439
-864,-413
-840,-375
-856,-323
-844,-339
-872,-341
-860,-349
-820,-333
-776,-255
-736,-205
-860,-227
-892,-269
-864,-247
-896,-327
-848,-345
-892,-337
-932,-405
-860,-399
-828,-395
-844,-385
-816,-375
-916,-419
-864,-431
-908,-433
-940,-435
-892,-433
-868,-385
-912,-417
-920,-403
-880,-395
-908,-399
-864,-377
-852,-399
-844,-437
-864,-417
-952,-485
-976,-441
-948,-471
-884,-479
-1064,-553
-1076,-561
-1084,-559
-1052,-561
-988,-521
-1044,-543
-980,-515
-892,-469
-824,-377
-860,-403
-828,-411
-888,-473
-916,-483
-892,-479
-932,-457
-960,-457
-932,-429
-868,-437
-944,-507
-1028,-523
-1100,-549
-1028,-551
-1044,-539
-1100,-575
-1028,-545
-1008,-529
-1032,-543
-1072,-567
-1108,-559
-988,-519
-916,-499
-968,-515
-888,-467
-944,-503
-960,-493
-984,-515
-868,-465
-896,-497
-932,-515
-920,-477
-956,-447
-880,-415
-752,-315
-804,-331
-888,-339
-920,-331
-872,-257
-848,-251
-828,-259
-852,-287
-944,-315
-948,-335
-900,-359
-980,-423
-912,-367
-844,-353
-852,-347
-776,-275
-820,-295
-856,-297
-856,-327
-776,-337
-748,-263
-740,-193
-796,-199
-736,-255
-784,-229
-820,-253
-828,-267
-828,-259
-820,-219
-872,-313
-848,-313
-688,-247
-724,-179
-716,-175
-744,-77
-736,-13
-764,-43
-744,-13
-716,-7
-688,49
-720,-45
-736,-33
-716,-37
-780,-117
-796,-39
-776,-65
-788,1
-748,-51
-768,15
-736,79
-772,77
-696,23
-752,-11
-760,21
-748,105
-732,5
-732,-107
-768,-203
-756,-195
-672,-139
-740,-119
-732,-115
-776,-27
-780,41
-760,39
-708,39
-696,65
-636,19
-708,-27
-716,69
-728,-37
-724,57
-776,67
-784,81
-840,13
-792,-17
-744,1
-768,-3
-784,109
-852,183
-752,191
-720,249
-740,209
-760,195
-848,165
-848,117
-784,171
-796,127
-728,129
-728,189
-736,181
-724,203
-744,195
-800,319
-824,367
-904,393
-872,393
-896,399
-776,355
-784,363
-988,495
-964,499
-968,495
-944,439
-896,457
-968,519
-1072,563
-1100,573
-1008,537
-1036,545
-1060,555
-1044,521
-996,497
-944,487
-948,483
-976,519
-972,515
-856,477
-892,439
-912,473
-980,489
-868,425
-892,439
-936,439
-904,475
-980,525
-1020,547
-980,509
-940,455
-948,485
-996,505
-888,463
-856,447
-904,451
-1052,545
-1004,533
-1044,539
-960,505
-952,475
-948,483
-908,425
-840,383
-780,337
-828,367
-920,417
-912,447
-896,483
-868,455
-904,475
-852,467
-884,457
-844,397
-844,397
-844,401
-868,379
-812,331
-840,333
-868,355
-844,377
-828,393
-800,335
-816,357
-944,425
-904,375
-920,413
-948,451
-952,481
-956,473
-1000,525
-992,521
-1004,517
-948,495
-888,473
-924,463
-952,489
-992,507
-948,491
-940,483
-956,487
-908,459
-984,495
-916,473
-924,483
-884,465
-872,435
-872,429
-876,475
-1020,531
-964,493
-992,523
-952,501
-940,501
-888,467
-928,431
-852,407
-924,399
-904,417
-916,407
-888,303
-812,213
-772,179
-844,263
-920,383
-932,477
-936,443
-956,479
-956,489
-1032,545
-1004,537
-1052,553
-1028,551
-1028,541
-952,497
-1040,531
-1024,521
-1064,537
-980,495
-896,483
-904,485
-996,525
-1036,553
-1028,543
-988,533
-892,467
-972,509
-920,477
-964,501
-1004,519
-960,523
-980,525
-972,507
-964,503
-1036,547
-968,525
-1080,557
-984,517
-976,505
-972,511
-952,523
-928,515
-960,527
-908,489
-996,517
-1044,541
-1036,543
-1032,537
-936,489
-1008,527
-968,477
-932,461
-924,457
-832,391
-880,411
-928,403
-940,411
-920,435
-1012,505
-988,499
-900,459
-904,403
-860,413
-920,477
-924,497
-944,475
-944,471
-900,459
-912,447
-876,377
-824,371
-892,365
-884,371
-840,361
-852,393
-816,337
-780,313
-800,349
-804,309
-840,317
-804,329
-844,353
-884,447
-964,463
-928,449
-836,365
-904,389
-920,397
-916,389
-880,373
-868,391
-828,369
-856,327
-832,287
-844,309
-852,369
-876,351
-900,371
-900,373
-852,413
-800,367
-788,421
-916,465
-944,469
-1020,515
-944,511
-1004,519
-1004,519
-920,459
-892,423
-900,453
-868,421
-836,353
-844,329
-812,307
-832,303
-780,285
-852,293
-840,309
-796,241
-796,275
-876,327
-820,257
-808,235
-804,235
-888,225
-804,175
-848,97
-812,103
-748,139
-788,217
-776,165
-744,169
-792,191
-824,177
-812,131
-756,113
-784,131
-764,109
-840,179
-840,203
-860,255
-788,263
-792,291
-812,265
-776,259
-836,273
-840,291
-892,299
-836,235
-792,279
-856,283
-840,265
-832,213
-844,215
-820,133
-788,107
-788,137
-860,215
-832,221
-860,239
-812,165
-788,143
-784,121
-756,93
-720,159
-740,177
-748,173
-744,211
-748,283
-824,295
-824,287
-780,227
-772,223
-768,247
-812,323
-932,369
-880,345
-820,305
-828,325
-836,331
-828,303
-808,357
-916,435
-908,403
-900,417
-964,437
-1000,501
-1060,533
-1012,531
-1064,537
-1004,527
-996,505
-1008,521
-920,481
-916,503
-1028,547
-996,503
-1008,519
-860,429
-800,393
-952,453
-876,427
-912,453
-912,467
-904,469
-876,427
-888,425
-868,395
-928,433
-916,453
-904,465
-936,479
-904,465
-932,477
-908,441
-880,447
-872,429
-912,461
-908,431
-964,483
-892,457
-892,487
-988,531
-976,497
-948,477
-896,451
-984,483
-972,455
-956,453
-948,437
-892,451
-840,429
-968,505
-940,493
-916,471
-916,469
-964,477
-944,455
-968,443
-968,485
-944,497
-936,505
-848,463
-988,501
-956,455
-896,399
-884,365
-1012,427
-948,391
-908,351
-824,305
-808,291
-836,253
-800,245
-824,265
-820,339
-728,239
-724,249
-784,209
-792,227
-836,271
-856,239
-788,219
-860,231
-844,279
-872,249
-920,263
-968,219
-844,229
-924,255
-832,189
-812,213
-752,251
-836,349
-968,411
-936,387
-776,297
-796,309
-808,323
-828,315
-928,349
-888,305
-952,325
-860,303
-908,329
-876,357
-840,301
-764,215
-764,215
-836,203
-808,233
-880,273
-916,317
-912,335
-892,289
-884,351
-896,347
-956,379
-988,401
-876,375
-888,431
-992,473
-968,475
-948,467
-972,447
-924,441
-800,405
-864,459
-840,429
-916,455
-976,475
-932,433
-876,423
-852,421
-848,399
-888,427
-808,401
-936,467
-916,425
-896,423
-872,415
-856,373
-872,337
-892,409
-928,425
-900,417
-896,393
-888,399
-836,359
-784,321
-772,313
-812,287
-764,291
-788,291
-828,413
-840,407
-876,399
-952,445
-884,407
-808,379
-896,403
-876,423
-900,437
-852,437
-840,421
-864,445
-992,503
-1100,571
-980,515
-972,491
-964,419
-988,431
-904,401
-896,371
-884,355
-916,385
-892,343
-868,375
-860,347
-956,351
-920,285
-920,315
-888,287
-868,295
-876,275
-804,207
-884,311
-840,325
-872,409
-944,485
-916,469
-880,447
-908,461
-864,421
-816,441
-816,375
-756,315
-772,281
-784,315
-896,351
-840,317
-840,385
-848,405
-876,441
-876,389
-844,365
-848,313
-868,339
-888,337
-832,249
-796,233
-820,285
-932,307
-880,199
-844,217
-828,183
-916,241
-856,299
-804,239
-824,193
-884,267
-868,253
-824,205
-904,269
-764,263
-868,293
-848,305
-856,327
-880,385
-836,311
-828,315
-808,271
-836,225
-836,211
-812,221
-824,157
-772,123
-768,163
-856,149
-796,97
-736,-13
-868,-27
-904,43
-792,7
-772,35
-844,23
-812,59
-760,5
-808,-41
-784,45
-756,111
-800,135
-856,171
-840,229
-880,243
-836,285
-896,315
-928,369
-876,327
-888,345
-876,327
-864,339
-860,375
-856,393
-796,369
-828,421
-800,343
-816,357
-868,397
-888,371
-856,383
-888,393
-932,485
-880,475
-928,497
-1044,549
-1016,531
-956,503
-940,487
-992,493
-912,467
-860,423
-868,423
-952,477
-908,471
-892,495
-864,435
-944,469
-1020,515
-956,479
-976,527
-1120,577
-1076,555
-1076,539
-952,505
-972,517
-964,483
-972,503
-924,481
-904,473
-868,469
-864,433
-912,493
-888,449
-936,481
-948,487
-896,467
-928,495
-1044,553
-1040,539
-1040,547
-1000,519
-1052,555
-968,513
-932,499
-884,445
-808,403
-888,393
-856,367
-836,369
-860,375
-852,373
-876,389
-828,383
-932,431
-952,475
-996,521
-1016,513
-908,449
-916,439
-1008,509
-956,485
-888,477
-928,483
-932,485
-928,491
-896,453
-916,449
-980,507
-908,479
-848,433
-868,463
-1072,559
-1012,533
-1024,547
-1032,553
-1024,547
-968,531
-1096,577
-1028,527
-1000,543
-988,521
-1004,509
-964,507
-916,485
-852,425
-812,399
-816,393
-844,391
-904,453
-880,463
-944,471
-996,521
-928,495
-940,427
-944,373
-912,297
-888,337
-912,367
-936,417
-956,413
-920,427
-896,417
-904,365
-896,361
-856,391
-872,353
-812,331
-808,357
-800,345
-912,417
-856,377
-844,363
-828,359
-824,351
-772,343
-812,367
-812,351
-756,295
-768,291
-824,323
-784,369
-840,371
-856,441
-836,363
-796,303
-776,313
-760,279
-848,367
-876,383
-920,419
-876,367
-924,367
-860,295
-860,417
-888,429
-932,443
-940,469
-988,495
-1024,535
-1036,549
-956,515
-892,485
-932,491
-888,469
-916,497
-980,493
-992,515
-1052,545
-984,535
-1000,513
-932,493
-1036,541
-1000,517
-912,487
-1004,505
-1020,535
-988,505
-996,521
-964,481
-912,483
-884,457
-840,379
-884,397
-868,351
-884,363
-820,313
-792,367
-828,359
-848,393
-844,389
-948,421
-928,451
-868,433
-936,495
-944,477
-968,497
-880,447
-756,355
-800,407
-864,397
-832,373
-820,331
-896,381
-884,373
-940,421
-956,443
-872,441
-852,427
-912,447
-828,415
-860,441
-868,459
-900,443
-924,461
-900,443
-968,513
-936,475
-912,473
-972,503
-948,485
-988,455
-972,473
-944,473
-932,465
-928,459
-896,433
-904,391
-916,385
-924,397
-972,443
-976,477
-988,473
-924,431
-1004,457
-960,431
-920,371
-992,447
-912,433
-944,421
-952,449
-924,435
-936,435
-904,431
-852,413
-808,387
-800,305
-816,385
-804,325
-804,209
-784,141
-720,149
-736,251
-804,251
-808,203
-812,253
-768,215
-788,205
-844,199
-824,231
-836,263
-840,321
-840,375
-860,409
-948,399
-892,389
-804,313
-840,259
-768,283
-868,273
-904,315
-932,355
-876,367
-856,321
-896,293
-972,339
-960,347
-904,315
-904,333
-920,375
-868,329
-908,335
-920,391
-912,345
-940,407
-968,433
-864,393
-796,375
-808,383
-728,323
-784,303
-792,297
-756,307
-832,315
-856,323
-840,329
-896,401
-856,419
-804,411
-944,483
-896,451
-928,439
-996,505
-988,471
-868,467
-912,411
-908,407
-932,415
-868,393
-940,441
-920,443
-868,379
-852,319
-864,307
-916,283
-860,243
-800,201
-896,279
-884,279
-904,297
-868,305
-904,351
-904,359
-864,351
-824,349
-840,357
-864,345
-912,355
-868,363
-848,359
-780,335
-792,321
-784,349
-916,421
-940,429
-868,415
-952,453
-900,431
-892,429
-896,447
-848,409
-764,385
-808,389
-916,429
-904,399
-872,407
-880,437
-944,481
-980,489
-1004,523
-960,493
-912,475
-912,491
-1000,511
-940,499
-964,505
-892,451
-928,447
-932,477
-852,435
-900,469
-980,481
-924,475
-960,501
-1016,527
-980,495
-816,399
-860,403
-968,501
-972,509
-948,509
-992,521
-916,469
-908,495
-936,501
-852,461
-884,415
-900,443
-892,453
-908,471
-952,489
-936,481
-940,507
-896,483
-920,445
-844,449
-996,525
-952,489
-936,479
-904,461
-900,405
-884,385
-912,381
-900,327
-840,271
-800,259
-796,283
-784,235
-732,211
-804,239
-848,137
-772,107
-772,49
-816,113
-808,67
-744,-17
-780,-19
-832,-17
-840,-3
-812,-1
-860,-13
-836,9
-860,27
-844,5
-808,-13
-752,-15
-720,39
-824,27
-724,51
-816,85
-788,101
-784,153
-736,131
-776,181
-788,93
-828,177
-816,175
-888,59
-800,51
-724,43
-812,137
-832,177
-872,189
-928,207
-812,145
-812,151
-880,137
-804,149
-780,195
-812,227
-792,169
-812,139
-764,135
-768,93
-700,69
-724,57
-708,49
-708,3
-764,55
-720,37
-740,-57
-760,9
-760,-61
-760,-171
-732,-113
-728,-171
-792,-179
-884,-195
-760,-139
-780,-181
-756,-107
-764,-99
-772,-59
-772,-7
-732,125
-760,167
-828,269
-824,253
-800,247
-704,133
-672,129
-696,145
-856,239
-792,203
-768,233
-820,269
-824,307
-932,367
-940,389
-892,391
-860,317
-828,291
-844,273
-888,299
-880,299
-912,329
-832,341
-828,271
-840,307
-776,315
-836,341
-740,343
-832,423
-888,447
-900,445
-872,449
-860,401
-860,435
-868,423
-848,393
-804,385
-796,325
-804,347
-856,403
-832,413
-792,353
-820,383
-764,371
-924,429
-900,437
-800,389
-756,357
-684,247
-816,277
-760,263
-764,281
-760,281
-780,203
-708,269
-820,347
-816,291
-836,319
-816,247
-784,193
-656,157
-668,231
-720,215
-772,251
-756,237
-828,285
-884,381
-836,391
-888,413
-916,403
-852,391
-928,473
-912,463
-844,427
-928,477
-952,483
-916,443
-828,411
-936,449
-840,379
-884,415
-936,465
-888,441
-864,415
-876,403
-836,389
-800,357
-844,429
-924,453
-908,471
-960,513
-952,517
-924,503
-956,519
-992,527
-944,509
-868,473
-936,499
-896,487
-952,505
-892,465
-976,517
-928,493
-936,495
-1028,543
-1008,537
-1000,541
-1032,547
-976,531
-956,521
-1012,549
-972,527
-968,517
-936,495
-916,475
-848,441
-768,393
-872,447
-940,487
-948,459
-876,403
-924,411
-900,449
-864,439
-836,385
-824,387
-908,421
-888,393
-800,393
-864,443
-952,473
-900,451
-892,461
-904,457
-960,505
-960,481
-984,499
-900,473
-928,479
-960,515
-964,493
-864,443
-884,483
-940,495
-968,485
-1012,509
-936,461
-936,469
-964,479
-956,483
-1032,499
-984,511
-984,529
-1056,549
-1012,525
-984,525
-948,495
-940,513
-996,525
-916,469
-976,483
-972,491
-992,493
-988,501
-1000,517
-996,521
-936,515
-964,499
-908,495
-968,519
-992,529
-944,523
-920,485
-920,485
-948,499
-920,481
-932,479
-860,449
-868,393
-812,399
-864,413
-924,465
-892,459
-944,487
-852,453
-856,423
-752,339
-896,423
-916,413
-1004,483
-880,459
-932,469
-920,463
-960,487
-1024,503
-1000,485
-1012,465
-1012,509
-948,441
-860,435
-876,431
-788,349
-844,367
-872,337
-840,337
-924,289
-852,237
-860,213
-852,221
-920,321
-912,339
-908,347
-916,293
-788,241
-872,369
-908,421
-904,413
-952,431
-928,497
-960,497
-1000,533
-1036,529
-1068,559
-1040,553
-1044,535
-1048,545
-1004,537
-1084,563
-1012,535
-1060,565
-1060,561
-1024,551
-1068,557
-1032,511
-984,485
-944,491
-964,503
-968,499
-1000,529
-1044,547
-1020,501
-1056,513
-988,519
-1044,529
-1012,499
-1040,521
-1048,537
-1120,581
-1076,567
-988,525
-908,473
-872,469
-932,483
-880,451
-876,447
-824,427
-868,429
-988,451
-976,455
-824,389
-812,409
-924,423
-892,431
-976,471
-920,435
-872,397
-912,413
-796,351
-816,385
-888,427
-860,417
-832,403
-876,381
-944,437
-988,481
-940,471
-916,487
-952,469
-1044,513
-988,507
-928,457
-836,419
-884,423
-880,427
-876,383
-836,355
-708,289
-788,295
-852,377
-908,419
-772,367
-820,351
-864,363
-852,367
-932,445
-852,409
-912,453
-868,417
-844,405
-756,387
-900,457
-912,463
-956,475
-1028,527
-1012,529
-976,499
-848,457
-896,469
-960,503
-1000,527
-912,491
-908,495
-1012,529
-956,477
-908,431
-840,363
-848,381
-928,433
-980,531
-920,505
-928,489
-912,473
-972,479
-992,525
-968,517
-976,523
-892,447
-892,423
-940,447
-992,479
-844,433
-800,387
-884,439
-960,481
-924,473
-968,463
-980,505
-944,485
-912,441
-916,469
-840,415
-888,419
-908,451
-944,457
-928,477
-968,491
-896,469
-944,487
-964,517
-828,465
-860,481
-960,523
-912,497
-880,457
-888,399
-880,429
-856,411
-888,445
-920,429
-864,457
-948,481
-888,447
-848,423
-824,391
-896,455
-864,457
-896,447
-904,455
-872,435
-856,451
-896,489
-864,475
-900,499
-948,481
-992,509
-928,485
-972,473
-1004,525
-964,517
-936,477
-916,421
-956,405
-888,405
-820,357
-868,389
-900,439
-824,355
-820,331
-888,379
-876,345
-856,387
-868,401
-864,375
-864,405
-948,383
-956,449
-936,429
-908,417
-968,413
-844,379
-816,375
-868,407
-880,393
-816,369
-796,339
-844,329
-860,307
-792,331
-864,359
-800,321
-832,361
-836,403
-864,403
-860,425
-856,401
-856,441
-944,487
-964,513
-1004,521
-1052,547
-1008,533
-992,517
-1008,513
-1040,527
-1008,521
-984,513
-972,499
-980,519
-988,519
-940,513
-996,533
-960,499
-908,479
-936,469
-968,507
-1028,531
-1036,535
-996,503
-908,477
-928,489
-924,503
-952,517
-916,485
-892,453
-832,435
-824,429
-864,423
-928,457
-940,451
-860,431
-864,445
-820,421
-940,473
-924,475
-848,439
-832,391
-944,457
-1024,515
-956,491
-976,525
-956,509
-900,483
-868,427
-892,487
-936,489
-908,489
-916,449
-852,417
-836,369
-828,371
-772,347
-904,433
-920,427
-956,419
-888,421
-988,465
-984,493
-984,505
-900,453
-996,525
-1008,533
-964,509
-972,503
-948,513
-960,509
-888,457
-948,499
-988,509
-1012,507
-984,491
-996,531
-952,503
-980,525
-964,487
-920,469
-908,409
-892,359
-836,387
-860,367
-860,309
-880,311
-768,291
-820,311
-872,309
-876,311
-860,261
-736,193
-776,209
-848,231
-928,257
-904,313
-892,353
-884,363
-888,397
-864,351
-904,375
-868,341
-940,361
-936,387
-900,361
-888,361
-796,339
-872,409
-892,369
-936,415
-908,433
-960,475
-880,459
-1052,539
-1016,523
-964,523
-948,481
-984,519
-892,417
-900,447
-880,431
-872,381
-888,389
-868,361
-876,423
-812,387
-768,325
-816,339
-828,307
-832,241
-800,211
-804,185
-824,219
-740,207
-768,173
-780,151
-804,181
-776,213
-776,221
-804,315
-816,323
-796,259
-736,259
-828,279
-856,373
-896,387
-860,405
-948,467
-988,507
-968,489
-976,497
-924,487
-864,439
-936,473
-928,483
-1000,513
-900,475
-956,509
-1000,509
-972,491
-900,457
-872,427
-860,443
-848,429
-884,487
-980,521
-944,519
-1044,545
-1040,547
-956,525
-928,499
-944,509
-1016,527
-900,473
-972,505
-932,453
-920,445
-936,449
-876,423
-988,491
-1028,527
-992,539
-1000,521
-952,519
-996,535
-992,513
-888,467
-916,479
-864,455
-944,453
-872,427
-968,433
-912,443
-936,441
-928,429
-860,417
-960,427
-908,371
-868,383
-772,329
-788,299
-872,343
-876,387
-928,363
-992,425
-932,405
-760,311
-816,267
-868,295
-824,255
-788,193
-824,193
-764,257
-708,241
-748,187
-732,209
-796,307
-852,363
-908,453
-932,473
-936,497
-1040,515
-1032,501
-944,425
-1044,483
-984,459
-948,445
-968,471
-840,397
-976,461
-952,471
-1040,515
-1012,511
-932,463
-876,413
-952,457
-936,449
-944,447
-920,445
-956,463
-1004,485
-960,465
-924,437
-904,413
-944,411
-880,365
-980,469
-944,499
-952,499
-960,447
-912,403
-936,431
-964,437
-940,451
-932,447
-948,459
-892,429
-872,417
-888,375
-900,371
-844,353
-808,315
-908,439
-872,433
-952,453
-928,469
-912,479
-984,501
-1048,515
-936,475
-956,483
-920,455
-988,489
-952,505
-900,477
-988,529
-988,519
-956,491
-840,445
-936,481
-896,473
-976,511
-1068,551
-972,501
-884,447
-940,467
-840,447
-908,483
-896,459
-880,445
-860,429
-916,451
-984,503
-936,481
-956,487
-948,483
-988,503
-980,493
-884,477
-980,517
-1000,539
-948,495
-972,481
-908,459
-928,447
-892,381
-844,341
-880,365
-908,375
-888,333
-924,311
-824,307
-928,365
-844,291
-744,285
-848,367
-892,335
-900,341
-908,425
-864,417
-824,395
-836,441
-876,461
-792,437
-832,443
-892,449
-744,375
-784,375
-920,399
-864,349
-856,401
-840,351
-840,323
-880,395
-864,393
-844,339
-856,345
-896,367
-884,327
-880,375
-884,419
-920,461
-916,451
-844,419
-932,457
-840,413
-872,393
-872,419
-836,345
-928,341
-912,369
-920,421
-896,417
-956,411
-816,335
-888,329
-808,301
-848,247
-904,223
-896,191
-828,149
-796,183
-816,133
-780,137
-792,103
-860,97
-796,73
-728,113
-768,145
-748,89
-852,103
-828,83
-884,89
-848,111
-824,133
-824,113
-852,37
-816,69
-784,51
-828,5
-796,7
-788,37
-856,49
-804,47
-792,-19
-820,-3
-804,-37
-780,37
-824,47
-788,101
-684,31
-760,39
-768,125
-828,181
-736,145
-756,223
-876,375
-808,341
-772,297
-832,303
-868,361
-876,409
-880,461
-920,481
-948,501
-1036,531
-972,479
-980,457
-920,383
-928,399
-904,397
-916,401
-816,367
-904,439
-860,437
-912,461
-960,487
-996,527
-1000,525
-1028,537
-960,497
-952,511
-908,475
-876,463
-892,453
-920,473
-936,471
-872,459
-884,433
-836,365
-956,449
-908,419
-860,399
-868,401
-952,441
-928,455
-960,501
-868,441
-844,405
-936,445
-952,445
-916,417
-796,367
-764,309
-792,317
-896,371
-892,417
-952,437
-964,473
-972,471
-984,481
-864,449
-928,489
-892,449
-932,477
-976,489
-1024,511
-1000,525
-964,509
-988,503
-852,437
-868,413
-948,407
-820,361
-864,421
-852,399
-948,439
-936,453
-900,459
-1032,537
-1040,533
-908,459
-928,441
-968,437
-760,395
-908,451
-896,443
-860,437
-884,421
-844,407
-864,427
-864,453
-920,465
-868,445
-808,437
-852,453
-836,451
-852,441
-852,413
-812,405
-908,463
-976,483
-848,459
-956,481
-908,455
-876,451
-932,487
-864,427
-948,497
-968,507
-968,513
-972,521
-960,521
-1008,539
-1024,525
-1036,541
-988,519
-1000,513
-936,493
-972,503
-972,497
-972,475
-916,475
-892,473
-968,507
-964,493
-992,515
-844,413
-872,421
-960,499
-964,505
-960,489
-920,475
-812,431
-892,433
-920,443
-956,483
-952,471
-1000,505
-1004,507
-880,435
-768,381
-840,437
-880,455
-904,463
-892,429
-896,411
-864,339
-824,329
-884,321
-808,307
-812,321
-800,283
-852,291
-880,351
-892,383
-928,391
-976,505
-1032,543
-1000,529
-972,517
-860,473
-820,399
-816,407
-784,401
-912,487
-992,507
-892,461
-896,469
-932,483
-1044,527
-1032,543
-932,485
-976,501
-960,499
-1048,529
-1000,501
-1004,485
-952,451
-964,489
-928,475
-924,405
-924,401
-916,387
-844,375
-908,399
-880,419
-952,477
-924,483
-896,471
-908,485
-944,487
-944,495
-988,491
-936,487
-888,433
-820,391
-904,479
-940,493
-1016,529
-968,515
-952,495
-1016,519
-964,509
-956,513
-984,511
-988,503
-992,503
-972,507
-924,475
-928,493
-1016,509
-968,457
-936,457
-1000,391
-876,247
-864,249
-848,283
-796,227
-836,245
-828,275
-764,243
-836,233
-800,211
-832,273
-820,249
-852,217
-876,231
-892,247
-876,225
-836,189
-812,293
-860,371
-840,411
-848,427
-824,401
-840,433
-904,453
-972,479
-940,465
-1036,527
-1080,561
-1128,585
-1112,575
-1048,527
-964,495
-928,477
-976,515
-988,521
-908,443
-976,491
-968,491
-924,499
-928,461
-968,483
-904,439
-796,377
-880,325
-864,343
-868,337
-880,247
-872,185
-856,223
-844,205
-876,203
-860,181
-816,119
-836,165
-736,131
-748,125
-692,111
-676,53
-736,7
-740,91
-792,165
-772,201
-760,265
-768,269
-804,291
-892,337
-836,333
-856,333
-820,285
-908,309
-808,269
-744,241
-768,251
-772,317
-800,359
-844,411
-896,457
-916,473
-980,459
-928,465
-848,465
-932,483
-900,465
-888,471
-968,515
-924,457
-988,511
-1008,501
-972,521
-928,427
-872,341
-888,355
-944,417
-956,455
-872,441
-848,451
-844,413
-844,465
-1004,541
-984,483
-896,463
-892,467
-900,463
-948,497
-976,515
-976,525
-1040,541
-1032,545
-1072,563
-952,509
-976,529
-972,509
-980,531
-940,493
-1012,519
-928,467
-964,505
-928,491
-964,519
-880,487
-912,481
-904,457
-836,435
-868,475
-900,467
-932,469
-908,459
-880,419
-912,479
-900,479
-852,435
-876,401
-952,431
-928,441
-948,437
-924,449
-904,481
-900,455
-940,477
-1004,487
-1052,523
-960,505
-996,525
-1032,543
-940,501
-1008,543
-964,525
-1040,529
-1004,533
-1008,529
-1020,507
-988,467
-996,461
-924,443
-984,499
-904,465
-1008,503
-876,455
-936,459
-900,445
-828,383
-832,363
-812,323
-868,299
-824,261
-856,299
-820,279
-824,331
-916,357
-920,403
-888,383
-908,411
-908,419
-844,403
-896,469
-1052,535
-1000,509
-960,515
-860,433
-924,465
-928,465
-888,447
-1028,503
-916,461
-1020,537
-1044,549
-1024,539
-1032,537
-1008,547
-900,481
-972,519
-920,493
-880,461
-820,423
-876,419
-896,427
-928,359
-880,305
-868,283
-872,313
-856,295
-796,229
-892,257
-928,279
-892,349
-828,369
-912,419
-868,477
-912,455
-864,449
-980,487
-948,479
-1020,529
-932,517
-932,485
-1044,539
-940,477
-968,505
-940,469
-944,443
-876,415
-904,435
-888,447
-856,421
-840,385
-840,303
-764,233
-776,207
-728,177
-748,151
-752,149
-788,175
-772,185
-792,177
-740,111
-720,23
-700,35
-668,65
-756,181
-876,329
-896,323
-852,311
-816,367
-880,427
-880,457
-916,467
-912,459
-916,403
-940,389
-876,349
-820,287
-820,237
-804,235
-760,175
-844,211
-732,249
-840,245
-764,275
-764,261
-736,273
-768,293
-872,379
-872,419
-956,475
-948,477
-940,475
-904,471
-968,483
-964,495
-936,485
-896,445
-916,441
-872,435
-856,357
-884,329
-876,283
-916,335
-936,331
-892,319
-852,327
-844,389
-928,419
-1000,471
-936,411
-896,439
-912,415
-904,423
-836,411
-936,483
-880,445
-856,417
-936,451
-1024,505
-1012,523
-952,505
-936,467
-988,493
-892,445
-988,459
-984,403
-912,457
-932,469
-992,495
-980,487
-924,435
-992,507
-1032,527
-952,511
-1012,527
-920,501
-908,487
-952,511
-1020,531
-1016,531
-1012,537
-976,533
-1020,547
-1020,539
-1016,521
-896,483
-936,481
-880,453
-972,501
-1004,525
-956,491
-868,439
-908,447
-944,479
-1020,495
-960,455
-948,435
-896,419
-848,419
-820,403
-904,437
-904,441
-904,449
-932,479
-964,517
-932,485
-980,511
-1000,509
-1076,537
-1044,549
-1024,547
-956,507
-964,497
-968,497
-1032,523
-1036,531
-1088,561
-1000,525
-1004,541
-976,517
-908,469
-836,441
-808,403
-812,349
-764,331
-736,281
-876,395
-860,371
-848,373
-764,273
-732,275
-804,287
-828,279
-788,241
-776,181
-796,187
-776,35
-724,-9
-728,-21
-816,113
-816,87
-888,139
-896,115
-916,195
-852,209
-860,197
-868,179
-784,165
-744,111
-724,15
-800,1
-844,-3
-748,-1
-804,-17
-800,-43
-728,-61
-732,-63
-776,-3
-772,-27
-820,-27
-796,-87
-792,-49
-808,-115
-840,-107
-856,-141
-892,-69
-860,-39
-844,-35
-844,-71
-816,-83
-768,-121
-712,-191
-820,-253
-768,-275
-836,-271
-764,-221
-784,-267
-732,-213
-780,-227
-804,-209
-784,-201
-848,-313
-916,-395
-892,-431
-884,-455
-976,-515
-872,-459
-904,-481
-864,-465
-892,-453
-916,-429
-912,-461
-916,-459
-908,-471
-956,-519
-924,-507
-920,-485
-956,-517
-948,-489
-880,-483
-876,-465
-796,-399
-860,-401
-832,-397
-908,-429
-844,-445
-972,-511
-1020,-517
-1012,-525
-1040,-553
-988,-519
-948,-487
-876,-465
-868,-449
-848,-425
-848,-403
-956,-495
-980,-491
-900,-417
-936,-449
-912,-477
-956,-499
-876,-443
-980,-501
-904,-487
-900,-473
-948,-495
-996,-529
-828,-427
-984,-509
-812,-423
-804,-401
-784,-383
-856,-399
-896,-443
-984,-505
-1016,-551
-1000,-517
-1048,-543
-936,-491
-1052,-537
-1004,-523
-968,-503
-908,-495
-804,-429
-800,-401
-900,-459
-968,-475
-956,-417
-800,-349
-792,-329
-772,-313
-840,-387
-852,-383
-864,-383
-904,-351
-856,-393
-872,-389
-872,-387
-784,-329
-828,-351
-864,-403
-920,-449
-928,-465
-944,-487
-964,-493
-920,-451
-888,-403
-928,-373
-844,-305
-800,-275
-812,-355
-804,-347
-904,-435
-900,-443
-868,-381
-900,-381
-848,-347
-812,-359
-812,-341
-840,-359
-932,-417
-936,-457
-920,-419
-876,-357
-848,-329
-864,-349
-944,-369
-1016,-365
-984,-423
-920,-407
-924,-419
-920,-357
-908,-407
-912,-455
-964,-477
-924,-487
-888,-485
-972,-497
-904,-449
-924,-431
-856,-409
-908,-421
-960,-459
-980,-475
-920,-389
-948,-387
-988,-445
-1024,-469
-940,-411
-972,-451
-916,-453
-944,-487
-960,-501
-908,-461
-880,-461
-932,-483
-904,-489
-904,-461
-924,-493
-928,-491
-932,-497
-996,-527
-988,-519
-964,-503
-900,-439
-852,-399
-852,-377
-928,-411
-892,-447
-912,-467
-1024,-531
-1024,-515
-964,-497
-900,-475
-912,-477
-884,-433
-932,-489
-864,-457
-892,-449
-828,-409
-744,-363
-804,-353
-804,-349
-820,-347
-824,-319
-924,-351
-952,-393
-844,-387
-820,-379
-860,-401
-900,-425
-924,-455
-936,-461
-936,-441
-876,-413
-920,-431
-912,-433
-828,-399
-864,-403
-876,-413
-852,-399
-912,-463
-940,-471
-956,-469
-968,-513
-968,-515
-968,-513
-996,-533
-1024,-535
-980,-513
-972,-503
-936,-493
-988,-525
-900,-463
-940,-477
-904,-453
-936,-489
-860,-429
-920,-427
-896,-429
-856,-455
-948,-499
-984,-503
-956,-493
-996,-531
-952,-519
-1028,-543
-1020,-535
-976,-515
-916,-497
-876,-475
-940,-469
-932,-469
-964,-507
-1008,-537
-952,-509
-940,-485
-936,-461
-848,-373
-968,-487
-1004,-513
-976,-503
-936,-469
-916,-469
-924,-477
-852,-415
-852,-403
-860,-397
-912,-407
-976,-419
-960,-435
-876,-405
-864,-383
-856,-347
-848,-347
-860,-369
-900,-403
-888,-419
-848,-363
-808,-259
-824,-213
-836,-163
-832,-191
-936,-193
-936,-247
-844,-257
-840,-239
-796,-303
-864,-343
-844,-283
-860,-289
-844,-309
-816,-279
-780,-257
-876,-323
-912,-361
-788,-321
-916,-417
-984,-431
-952,-443
-960,-461
-916,-423
-944,-431
-924,-395
-896,-353
-772,-315
-728,-281
-776,-317
-892,-359
-828,-337
-868,-377
-880,-323
-860,-297
-912,-273
-940,-293
-984,-327
-924,-367
-884,-347
-884,-347
-932,-419
-936,-445
-952,-495
-952,-483
-1008,-511
-1024,-533
-1020,-537
-992,-511
-1004,-527
-908,-479
-896,-427
-900,-417
-920,-425
-912,-413
-964,-471
-992,-479
-960,-467
-944,-445
-988,-469
-856,-395
-844,-371
-896,-391
-964,-431
-896,-403
-956,-421
-860,-383
-852,-377
-728,-345
-840,-375
-828,-333
-844,-361
-740,-335
-832,-329
-832,-353
-864,-371
-920,-419
-972,-443
-1016,-473
-1024,-453
-932,-441
-904,-413
-840,-371
-864,-413
-840,-427
-928,-471
-908,-439
-876,-401
-880,-415
-932,-429
-908,-445
-828,-437
-900,-471
-920,-475
-940,-461
-936,-431
-912,-427
-920,-407
-916,-403
-952,-403
-928,-403
-932,-447
-916,-465
-964,-465
-932,-439
-920,-431
-916,-459
-912,-487
-916,-461
-932,-461
-932,-451
-864,-405
-892,-437
-888,-437
-880,-421
-852,-309
-832,-371
-920,-451
-928,-429
-852,-385
-920,-443
-920,-467
-916,-481
-888,-437
-892,-415
-908,-433
-868,-423
-848,-413
-836,-421
-900,-435
-840,-433
-952,-499
-980,-503
-980,-495
-972,-467
-940,-443
-876,-447
-964,-485
-1000,-497
-992,-485
-1036,-527
-1000,-519
-1016,-539
-968,-495
-928,-473
-956,-459
-852,-445
-940,-455
-932,-481
-872,-441
-932,-451
-940,-491
-964,-515
-972,-523
-1036,-549
-992,-517
-892,-427
-924,-473
-988,-509
-1008,-527
-976,-507
-976,-515
-980,-507
-960,-491
-980,-497
-968,-521
-1020,-531
-1012,-545
-952,-515
-872,-455
-892,-459
-932,-449
-872,-447
-1028,-531
-1000,-535
-976,-519
-924,-501
-1008,-525
-1084,-563
-1048,-553
-1076,-569
-1052,-565
-1028,-541
-1000,-529
-904,-481
-944,-493
-1008,-521
-924,-479
-872,-463
-976,-499
-892,-497
-968,-517
-916,-491
-908,-435
-816,-367
-832,-353
-876,-379
-912,-399
-884,-397
-840,-375
-828,-403
-780,-311
-828,-369
-880,-411
-812,-343
-840,-375
-908,-349
-988,-403
-960,-391
-1000,-385
-996,-339
-884,-263
-880,-227
-860,-305
-876,-283
-912,-293
-864,-313
-840,-301
-840,-317
-860,-281
-852,-287
-772,-265
-792,-207
-708,-155
-724,-157
-820,-189
-796,-267
-844,-265
-860,-253
-812,-267
-820,-311
-832,-243
-792,-217
-824,-217
-760,-195
-728,-99
-768,-11
-872,-49
-868,-47
-892,13
-828,27
-816,-37
-876,21
-776,-29
-756,-53
-708,-3
-760,-31
-820,-33
-792,65
-868,137
-848,121
-792,85
-756,73
-764,101
-808,103
-820,59
-776,99
-788,59
-768,45
-796,29
-808,133
-824,105
-776,193
-776,227
-768,201
-784,247
-752,317
-840,385
-816,315
-792,315
-736,249
-796,293
-812,287
-840,273
-840,231
-868,273
-832,249
-856,241
-900,299
-896,243
-940,317
-912,253
-828,269
-788,293
-824,357
-892,343
-908,265
-896,251
-824,179
-784,239
-832,249
-736,205
-724,147
-764,141
-872,159
-872,79
-876,99
-904,145
-916,163
-868,133
-888,177
-804,167
-848,135
-836,137
-824,133
-856,141
-816,109
-824,41
-808,69
-808,11
-804,3
-796,-113
-740,-71
-764,-85
-728,-91
-772,-59
-720,-7
-756,-43
-736,9
-804,57
-788,27
-804,21
-696,61
-692,17
-760,29
-808,69
-764,133
-748,133
-720,199
-820,311
-832,315
-892,323
-824,351
-840,309
-844,241
-892,291
-888,323
-848,313
-872,315
-888,313
-864,305
-808,231
-856,149
-800,91
-800,125
-820,61
-788,53
-748,13
-788,-21
-816,-57
-756,-115
-728,-139
-788,-163
-816,-223
-848,-209
-812,-203
-892,-251
-820,-261
-852,-147
-808,-201
-764,-279
-816,-263
-836,-305
-792,-345
-908,-391
-844,-377
-884,-393
-836,-391
-864,-401
-952,-441
-932,-461
-920,-443
-920,-437
-908,-421
-800,-343
-868,-369
-860,-365
-924,-403
-912,-413
-872,-381
-844,-355
-828,-329
-768,-287
-772,-283
-852,-337
-800,-343
-844,-391
-864,-381
-888,-451
-980,-513
-868,-465
-976,-505
-984,-511
-980,-515
-968,-513
-992,-519
-1000,-517
-892,-487
-952,-499
-892,-479
-892,-449
-996,-523
-1016,-527
-1004,-541
-988,-529
-940,-509
-908,-477
-976,-517
-968,-489
-920,-447
-960,-487
-924,-469
-996,-527
-916,-481
-840,-457
-828,-425
-844,-437
-884,-453
-860,-393
-832,-405
-892,-443
-832,-381
-892,-349
-936,-343
-792,-331
-784,-341
-832,-405
-872,-419
-808,-395
-820,-363
-868,-353
-900,-379
-760,-299
-760,-279
-816,-273
-796,-297
-836,-257
-880,-315
-816,-265
-808,-339
-808,-307
-828,-321
-828,-297
-832,-253
-868,-327
-796,-281
-756,-311
-796,-231
-816,-217
-816,-235
-820,-297
-868,-305
-812,-269
-800,-247
-808,-295
-768,-309
-820,-341
-880,-281
-932,-277
-916,-249
-912,-265
-884,-267
-876,-223
-848,-197
-900,-233
-916,-331
-920,-323
-896,-261
-836,-193
-812,-195
-772,-157
-824,-211
-804,-109
-864,-125
-844,-101
-856,-111
-848,-159
-812,-221
-748,-133
-772,-147
-824,-163
-796,-219
-832,-233
-836,-255
-860,-229
-820,-223
-788,-247
-840,-307
-924,-397
-864,-399
-908,-423
-852,-421
-824,-355
-972,-439
-956,-411
-832,-379
-948,-405
-928,-433
-936,-429
-876,-407
-828,-379
-908,-405
-928,-421
-880,-389
-964,-425
-840,-403
-856,-421
-936,-423
-912,-425
-864,-423
-884,-393
-896,-375
-980,-445
-904,-415
-960,-489
-984,-497
-1044,-533
-1036,-513
-1020,-545
-1032,-527
-1068,-559
-960,-505
-960,-509
-896,-497
-940,-515
-960,-495
-928,-481
-1020,-541
-936,-501
-940,-491
-1008,-537
-1036,-553
-1024,-543
-948,-509
-952,-475
-1008,-507
-928,-501
-944,-501
-868,-445
-848,-423
-976,-487
-944,-467
-888,-435
-820,-383
-848,-363
-840,-371
-860,-355
-896,-271
-840,-289
-796,-355
-852,-387
-808,-343
-796,-365
-836,-391
-924,-433
-964,-465
-964,-481
-1048,-539
-956,-503
-968,-513
-920,-493
-1000,-531
-1032,-559
-956,-515
-896,-457
-936,-449
-900,-421
-920,-449
-904,-455
-992,-509
-944,-497
-960,-517
-908,-451
-860,-417
-920,-433
-1016,-507
-1016,-477
-1040,-507
-956,-493
-1004,-495
-980,-465
-1020,-469
-1012,-477
-968,-459
-928,-457
-888,-433
-884,-459
-948,-507
-948,-505
-912,-495
-1020,-525
-988,-497
-992,-517
-1008,-519
-936,-491
-900,-457
-892,-449
-872,-441
-992,-525
-968,-497
-980,-501
-1012,-535
-872,-471
-920,-473
-908,-451
-840,-403
-852,-441
-868,-445
-976,-505
-916,-489
-864,-459
-992,-521
-1016,-531
-1004,-539
-944,-481
-916,-451
-980,-481
-956,-481
-956,-469
-932,-471
-924,-473
-856,-431
-896,-415
-884,-433
-988,-467
-908,-453
-936,-479
-996,-513
-1004,-535
-1072,-565
-1084,-551
-920,-495
-856,-435
-888,-443
-892,-471
-932,-489
-880,-451
-868,-443
-868,-441
-924,-477
-980,-515
-960,-475
-832,-401
-848,-399
-804,-367
-848,-353
-872,-335
-876,-337
-860,-339
-816,-335
-844,-319
-872,-349
-864,-359
-920,-351
-956,-359
-840,-253
-904,-269
-948,-301
-936,-321
-920,-391
-836,-335
-832,-279
-836,-287
-896,-289
-832,-227
-832,-191
-832,-161
-928,-171
-884,-189
-852,-155
-844,-155
-824,-191
-704,-107
-688,-79
-744,-159
-752,-141
-784,-149
-788,-157
-784,-267
-844,-267
-848,-317
-852,-365
-828,-307
-868,-329
-856,-389
-884,-399
-904,-461
-876,-479
-796,-413
-816,-435
-872,-451
-936,-481
-1040,-529
-1020,-533
-936,-487
-864,-435
-856,-457
-888,-475
-800,-423
-752,-359
-832,-337
-780,-351
-884,-411
-944,-491
-944,-477
-880,-471
-944,-487
-776,-389
-892,-473
-964,-509
-972,-501
-988,-511
-1008,-533
-1016,-545
-936,-497
-964,-501
-972,-487
-916,-483
-940,-449
-956,-491
-932,-467
-920,-451
-888,-391
-856,-367
-872,-307
-912,-363
-888,-351
-836,-331
-756,-299
-860,-409
-872,-397
-832,-295
-808,-341
-876,-385
-800,-339
-832,-407
-940,-459
-940,-465
-996,-489
-1028,-505
-1012,-525
-920,-499
-908,-489
-768,-405
-792,-381
-832,-409
-848,-441
-816,-417
-852,-425
-816,-401
-764,-385
-952,-495
-952,-497
-1020,-515
-944,-443
-952,-433
-840,-409
-852,-445
-868,-431
-940,-501
-952,-513
-936,-485
-888,-465
-964,-491
-980,-471
-888,-463
-920,-451
-940,-479
-880,-445
-956,-467
-896,-441
-836,-397
-864,-431
-860,-395
-920,-431
-944,-413
-888,-393
-964,-453
-928,-485
-856,-447
-1016,-489
-932,-489
-976,-505
-964,-481
-956,-459
-972,-463
-1016,-483
-956,-463
-920,-479
-920,-487
-940,-481
-888,-461
-884,-451
-948,-447
-952,-467
-904,-471
-952,-479
-896,-487
-908,-491
-932,-475
-964,-491
-948,-495
-888,-481
-928,-479
-928,-423
-832,-345
-792,-397
-844,-363
-924,-405
-912,-411
-944,-407
-968,-441
-984,-491
-1024,-507
-940,-477
-928,-483
-976,-517
-1020,-525
-1032,-527
-1072,-535
-992,-519
-964,-487
-932,-447
-924,-415
-852,-367
-848,-273
-832,-201
-804,-191
-792,-159
-880,-183
-848,-179
-832,-141
-784,-173
-816,-207
-828,-173
-812,-213
-884,-201
-816,-201
-788,-255
-848,-221
-836,-177
-848,-159
-796,-209
-756,-187
-748,-179
-728,-237
-812,-285
-696,-245
-740,-271
-804,-293
-872,-353
-844,-321
-916,-343
-812,-311
-900,-369
-896,-349
-896,-357
-928,-407
-944,-415
-972,-455
-864,-397
-872,-363
-828,-393
-788,-387
-860,-437
-852,-421
-904,-429
-868,-431
-964,-445
-920,-393
-992,-399
-968,-383
-956,-369
-876,-343
-880,-317
-760,-197
-760,-261
-796,-247
-828,-247
-904,-299
-928,-283
-860,-267
-852,-311
-836,-309
-792,-313
-928,-435
-840,-367
-864,-405
-928,-471
-880,-433
-824,-433
-888,-439
-932,-487
-916,-467
-924,-503
-944,-497
-1000,-515
-876,-481
-948,-505
-912,-479
-980,-509
-944,-499
-856,-453
-872,-435
-964,-513
-948,-493
-972,-505
-900,-475
-948,-483
-1044,-539
-1056,-537
-968,-521
-980,-523
-1012,-537
-976,-509
-992,-529
-1016,-543
-860,-483
-1020,-539
-992,-527
-1072,-563
-1036,-537
-1124,-569
-1012,-535
-968,-479
-976,-487
-1004,-533
-976,-523
-1060,-553
-972,-487
-884,-469
-860,-445
-784,-363
-808,-423
-920,-449
-900,-451
-868,-389
-840,-405
-916,-453
-880,-401
-900,-419
-928,-437
-944,-469
-888,-441
-832,-423
-944,-501
-884,-463
-884,-439
-924,-465
-936,-511
-888,-471
-796,-395
-800,-403
-832,-367
-860,-415
-904,-413
-948,-491
-920,-481
-912,-455
-900,-461
-944,-463
-916,-435
-892,-443
-948,-447
-896,-399
-864,-409
-856,-395
-844,-375
-820,-335
-816,-317
-792,-265
-716,-245
-712,-275
-816,-273
-820,-257
-820,-255
-888,-283
-856,-327
-936,-373
-864,-383
-856,-361
-816,-319
-912,-331
-820,-271
-796,-251
-828,-255
-796,-237
-784,-273
-820,-333
-764,-323
-780,-327
-816,-385
-792,-345
-852,-403
-848,-405
-840,-419
-868,-435
-864,-425
-832,-431
-836,-367
-852,-385
-840,-381
-888,-419
-904,-417
-940,-465
-980,-467
-900,-457
-920,-483
-984,-499
-1068,-545
-1036,-549
-988,-527
-1036,-533
-976,-517
-1052,-553
-1032,-541
-964,-523
-968,-531
-956,-515
-944,-499
-888,-457
-928,-485
-820,-395
-816,-417
-892,-375
-840,-293
-828,-321
-840,-371
-800,-365
-828,-341
-792,-349
-848,-337
-892,-377
-808,-359
-856,-337
-856,-335
-852,-367
-828,-351
-884,-403
-848,-407
-904,-397
-868,-395
-864,-353
-888,-345
-832,-373
-908,-457
-848,-439
-932,-457
-908,-437
-1000,-429
-940,-393
-936,-387
-904,-411
-884,-385
-832,-335
-840,-329
-800,-317
-844,-337
-944,-369
-924,-423
-968,-455
-956,-455
-924,-489
-972,-509
-968,-499
-1004,-525
-908,-421
-1008,-439
-956,-445
-900,-433
-904,-397
-860,-335
-848,-335
-892,-411
-892,-465
-932,-489
-968,-519
-1040,-545
-976,-491
-1044,-539
-988,-531
-1004,-523
-972,-503
-1024,-539
-1016,-519
-992,-499
-1036,-553
-1072,-559
-1032,-527
-980,-517
-1036,-559
-1012,-541
-1036,-549
-1076,-557
-1024,-521
-1064,-541
-944,-499
-956,-503
-1004,-529
-960,-521
-956,-525
-984,-525
-936,-475
-968,-497
-1016,-515
-1000,-521
-980,-509
-828,-459
-828,-441
-904,-467
-976,-517
-1000,-517
-1056,-555
-944,-483
-916,-447
-924,-473
-908,-491
-1016,-513
-1028,-541
-964,-483
-972,-471
-992,-509
-964,-513
-900,-449
-976,-469
-952,-479
-1000,-501
-956,-489
-836,-397
-880,-393
-884,-407
-952,-455
-940,-491
-944,-439
-868,-411
-868,-439
-952,-449
-908,-389
-932,-421
-884,-361
-872,-387
-848,-361
-832,-265
-704,-223
-752,-253
-784,-207
-804,-195
-880,-233
-856,-247
-840,-195
-924,-291
-896,-309
-940,-351
-908,-335
-852,-255
-852,-223
-952,-229
-876,-143
-840,-135
-888,-223
-820,-273
-892,-259
-812,-255
-832,-301
-784,-263
-840,-201
-816,-99
-844,-45
-808,21
-768,-21
-820,-77
-888,-75
-844,-37
-844,-27
-872,-23
-860,-115
-796,-157
-844,-213
-832,-205
-880,-167
-844,-185
-848,-151
-748,-145
-804,-111
-808,-49
-752,-21
-812,-11
-800,15
-736,-47
-752,-35
-728,-129
-752,-123
-868,-265
-804,-235
-848,-225
-840,-241
-896,-255
-864,-265
-840,-307
-796,-303
-856,-191
-804,-189
-732,-123
-680,-51
-712,-35
-740,11
-752,11
-760,15
-824,123
-768,125
-744,63
-764,-47
-744,-75
-748,-97
-804,-57
-796,47
-844,25
-808,65
-860,35
-772,47
-848,29
-872,35
-864,-1
-840,13
-832,51
-856,17
-884,111
-820,107
-772,139
-820,173
-876,251
-824,235
-848,261
-772,213
-740,227
-768,281
-812,233
-776,267
-784,261
-804,271
-772,279
-748,237
-836,289
-828,351
-760,293
-824,255
-732,299
-736,281
-792,293
-796,217
-744,181
-792,199
-748,217
-820,299
-824,313
-900,367
-852,373
-872,411
-928,443
-976,483
-1020,529
-1012,537
-1008,529
-1108,573
-972,525
-948,511
-972,523
-1016,537
-1004,533
-1100,569
-944,513
-976,509
-968,497
-912,465
-900,453
-904,449
-864,377
-936,411
-892,379
-876,383
-896,423
-876,393
-884,351
-844,327
-868,291
-820,285
-852,321
-860,331
-896,421
-964,427
-916,389
-924,361
-820,337
-828,355
-824,353
-788,325
-864,337
-848,375
-852,363
-916,363
-964,369
-968,359
-840,327
-928,371
-896,377
-900,377
-844,353
-820,275
-812,241
-844,219
-792,213
-776,217
-784,209
-756,187
-820,143
-856,161
-764,99
-788,43
-784,37
-800,-69
-848,-57
-756,-107
-748,-141
-784,-147
-792,-131
-832,-107
-824,-167
-736,-163
-824,-273
-800,-293
-808,-271
-820,-263
-808,-269
-772,-291
-784,-323
-820,-359
-812,-341
-832,-375
-864,-407
-852,-339
-800,-281
-916,-365
-872,-377
-900,-409
-904,-443
-932,-461
-952,-475
-964,-465
-856,-379
-856,-433
-932,-453
-888,-467
-904,-459
-864,-437
-900,-409
-908,-439
-932,-437
-908,-471
-908,-455
-880,-421
-892,-445
-860,-401
-872,-365
-804,-309
-824,-311
-788,-275
-888,-233
-828,-223
-844,-231
-840,-171
-768,-201
-776,-233
-768,-275
-804,-277
-812,-319
-788,-301
-752,-289
-732,-295
-812,-281
-768,-275
-748,-313
-780,-283
-776,-281
-760,-311
-844,-363
-860,-383
-832,-369
-864,-383
-812,-325
-764,-225
-868,-245
-820,-263
-808,-225
-820,-241
-748,-195
-696,-119
-716,-99
-768,-147
-800,-167
-836,-193
-812,-269
-724,-233
-764,-249
-872,-249
-828,-245
-892,-331
-936,-321
-872,-277
-812,-227
-776,-275
-892,-361
-888,-349
-808,-345
-792,-347
-908,-399
-864,-393
-892,-361
-892,-379
-812,-383
-860,-413
-908,-465
-952,-489
-944,-473
-904,-451
-884,-429
-940,-489
-948,-455
-912,-439
-884,-439
-872,-437
-848,-397
-864,-421
-864,-427
-808,-401
-916,-451
-940,-485
-912,-457
-776,-345
-932,-407
-888,-387
-880,-305
-824,-257
-724,-247
-752,-191
-828,-135
-760,-137
-844,-167
-836,-107
-844,-189
-792,-237
-736,-249
-800,-243
-744,-195
-764,-219
-764,-161
-812,-143
-860,-223
-852,-191
-888,-235
-764,-197
-848,-217
-864,-221
-760,-171
-700,-177
-768,-229
-780,-221
-756,-233
-780,-201
-796,-177
-828,-185
-796,-125
-776,-165
-828,-181
-828,-201
-892,-217
-896,-233
-944,-319
-936,-371
-820,-317
-868,-335
-912,-343
-912,-359
-876,-409
-808,-383
-852,-371
-852,-391
-784,-255
-800,-309
-828,-399
-888,-413
-884,-417
-1008,-499
-1000,-501
-916,-451
-928,-455
-996,-467
-920,-437
-832,-387
-844,-367
-832,-365
-948,-431
-984,-477
-948,-491
-932,-485
-876,-463
-972,-503
-908,-499
-892,-479
-984,-517
-1000,-525
-980,-527
-932,-515
-1000,-541
-976,-515
-1008,-531
-1020,-539
-980,-519
-980,-523
-972,-517
-976,-515
-976,-495
-984,-507
-1004,-529
-1072,-559
-960,-503
-952,-465
-956,-445
-920,-439
-972,-461
-920,-457
-920,-469
-932,-463
-964,-473
-984,-493
-992,-495
-968,-503
-1028,-507
-964,-487
-960,-501
-932,-455
-824,-353
-880,-371
-852,-389
-900,-379
-996,-435
-920,-389
-952,-407
-892,-395
-932,-449
-904,-477
-868,-455
-1036,-531
-1024,-533
-940,-477
-984,-475
-876,-409
-848,-337
-908,-327
-868,-297
-892,-303
-868,-263
-864,-243
-812,-227
-804,-241
-768,-291
-784,-295
-796,-341
-916,-417
-876,-443
-900,-467
-916,-489
-944,-489
-992,-541
-1016,-547
-1060,-567
-948,-521
-940,-483
-964,-499
-900,-475
-852,-443
-856,-451
-828,-451
-892,-477
-932,-485
-932,-509
-976,-501
-944,-499
-984,-529
-1028,-517
-952,-487
-968,-519
-980,-507
-968,-481
-984,-493
-1108,-565
-980,-497
-936,-469
-912,-455
-892,-465
-948,-509
-872,-475
-888,-491
-952,-505
-924,-483
-944,-455
-872,-437
-912,-437
-940,-451
-944,-463
-968,-429
-940,-441
-908,-433
-888,-403
-900,-413
-936,-377
-916,-321
-856,-287
-872,-327
-920,-341
-912,-353
-916,-397
-844,-391
-896,-407
-860,-397
-872,-417
-912,-443
-832,-377
-844,-377
-920,-463
-884,-439
-888,-419
-1004,-479
-928,-467
-924,-451
-932,-465
-916,-463
-900,-429
-940,-413
-968,-407
-928,-443
-824,-389
-848,-437
-928,-495
-840,-431
-816,-351
-820,-387
-896,-427
-904,-423
-880,-401
-828,-367
-868,-373
-876,-351
-880,-363
-888,-397
-856,-395
-880,-401
-796,-361
-896,-429
-924,-461
-852,-403
-932,-385
-912,-319
-932,-367
-884,-327
-828,-389
-816,-373
-856,-385
-824,-395
-796,-369
-848,-397
-920,-439
-904,-377
-876,-349
-872,-359
-864,-373
-808,-351
-912,-425
-904,-427
-912,-439
-872,-403
-980,-451
-920,-439
-872,-387
-884,-365
-816,-363
-828,-405
-944,-461
-944,-473
-916,-463
-884,-403
-900,-335
-824,-285
-788,-275
-840,-365
-848,-301
-860,-319
-828,-309
-876,-311
-908,-291
-904,-301
-944,-267
-880,-337
-840,-301
-872,-255
-776,-301
-824,-283
-776,-307
-764,-285
-816,-305
-800,-267
-824,-181
-836,-173
-888,-139
-868,-179
-892,-205
-904,-199
-876,-249
-852,-305
-772,-251
-772,-241
-768,-223
-796,-237
-824,-329
-852,-333
-952,-387
-900,-337
-848,-227
-820,-139
-816,-189
-820,-141
-828,-141
-852,-109
-860,-183
-848,-201
-860,-191
-800,-199
-788,-97
-832,-99
-908,-227
-896,-251
-888,-287
-872,-291
-908,-349
-884,-327
-1008,-303
-932,-297
-860,-309
-872,-275
-860,-265
-868,-267
-876,-275
-836,-259
-768,-269
-744,-237
-796,-291
-816,-339
-772,-253
-736,-213
-872,-239
-900,-263
-916,-259
-864,-259
-912,-229
-840,-179
-768,-161
-788,-161
-920,-245
-928,-291
-956,-337
-896,-291
-948,-321
-900,-341
-892,-341
-820,-353
-800,-343
-780,-321
-772,-289
-772,-329
-932,-421
-928,-419
-896,-413
-888,-429
-900,-437
-904,-439
-840,-433
-888,-449
-868,-441
-960,-483
-956,-465
-944,-447
-992,-443
-992,-443
-1016,-461
-952,-443
-1004,-487
-928,-449
-972,-461
-992,-473
-964,-479
-1008,-513
-948,-495
-964,-523
-972,-517
-904,-441
-1020,-485
-972,-467
-896,-369
-900,-349
-856,-339
-840,-303
-788,-213
-808,-77
-800,-81
-800,-51
-864,-47
-784,-53
-784,-119
-748,-169
-828,-187
-752,-203
-772,-219
-720,-165
-736,-183
-772,-119
-828,-163
-860,-207
-804,-203
-792,-163
-740,-139
-784,-199
-808,-203
-868,-289
-900,-271
-856,-205
-784,-169
-828,-169
-824,-183
-832,-173
-760,-171
-776,-173
-740,-205
-728,-145
-772,-119
-768,-69
-764,-137
-788,-147
-752,-105
-816,-147
-840,-89
-812,-117
-856,-81
-868,-139
-892,-111
-900,-173
-880,-127
-888,-109
-860,-159
-852,-151
-788,-185
-768,-103
-776,-75
-804,13
-836,-63
-872,-75
-828,-33
-828,-51
-796,-57
-752,-77
-760,-81
-740,5
-724,-3
-740,-1
-788,71
-720,181
-708,247
-692,269
-800,295
-820,307
-784,237
-816,271
-816,313
-820,283
-836,257
-860,193
-780,185
-788,165
-836,183
-800,239
-752,207
-712,191
-748,193
-844,239
-852,229
-888,305
-888,337
-820,263
-804,265
-764,211
-796,277
-892,339
-840,317
-848,281
-868,291
-808,257
-860,271
-884,301
-816,271
-748,271
-836,279
-812,275
-828,205
-792,211
-832,311
-820,347
-792,345
-820,383
-880,389
-824,409
-896,455
-888,457
-924,467
-968,481
-832,407
-884,435
-996,505
-1048,551
-952,499
-912,461
-912,461
-928,467
-896,467
-896,481
-952,483
-964,471
-980,469
-956,455
-904,437
-852,375
-904,389
-924,393
-864,333
-840,317
-888,333
-900,355
-920,355
-960,375
-960,407
-900,331
-820,281
-812,283
-796,317
-904,323
-788,293
-804,317
-940,345
-888,359
-792,299
-792,315
-820,331
-840,321
-792,247
-760,207
-772,153
-736,135
-804,133
-788,105
-712,143
-768,215
-732,163
-872,209
-860,233
-848,257
-868,261
-820,247
-728,197
-740,221
-716,213
-816,221
-820,233
-820,269
-824,311
-852,279
-852,287
-760,233
-732,237
-836,263
-864,205
-828,151
-912,109
-860,163
-860,187
-856,213
-752,195
-744,143
-832,273
-908,319
-924,417
-1012,477
-868,429
-852,329
-904,343
-912,323
-872,295
-840,257
-880,375
-848,305
-896,317
-868,405
-892,375
-832,375
-892,381
-920,429
-936,427
-984,523
-884,477
-920,479
-860,429
-904,445
-904,433
-848,411
-924,449
-820,355
-780,297
-864,375
-868,375
-824,377
-872,439
-864,437
-800,417
-848,427
-892,449
-908,493
-980,507
-916,479
-952,503
-1036,525
-988,507
-860,439
-940,461
-924,459
-868,477
-980,523
-940,507
-968,501
-952,459
-868,385
-872,367
-900,381
-908,429
-920,431
-920,421
-852,357
-896,381
-860,397
-924,433
-956,483
-1036,465
-1000,439
-904,413
-904,415
-944,427
-876,407
-980,447
-1028,519
-996,513
-916,495
-920,455
-928,449
-900,431
-988,489
-976,495
-952,469
-900,453
-896,483
-868,435
-872,433
-888,453
-872,469
-948,497
-924,503
-880,471
-920,479
-928,485
-956,505
-1012,531
-980,515
-960,517
-996,521
-1108,577
-1028,513
-972,489
-964,515
-928,483
-976,501
-1000,497
-1004,515
-948,511
-876,393
-904,359
-916,411
-844,393
-928,465
-1036,519
-1000,487
-976,493
-932,469
-984,489
-972,487
-1000,507
-940,481
-956,485
-1024,527
-1004,515
-924,469
-992,517
-1008,533
-876,411
-852,387
-900,393
-832,365
-884,359
-880,387
-836,409
-896,447
-980,505
-896,461
-820,417
-840,417
-864,383
-876,377
-932,439
-920,443
-900,461
-900,437
-932,423
-932,373
-996,441
-868,401
-860,387
-864,395
-772,337
-812,329
-876,361
-900,395
-808,321
-784,309
-840,327
-888,367
-848,411
-972,481
-964,489
-820,401
-876,419
-896,463
-912,475
-1004,503
-1060,559
-904,473
-916,461
-852,409
-896,435
-924,465
-920,471
-872,459
-836,433
-896,421
-912,437
-900,431
-888,465
-876,469
-1012,543
-1000,523
-960,523
-944,511
-944,505
-940,493
-944,469
-932,453
-920,461
-900,465
-956,493
-956,495
-848,385
-840,375
-848,401
-920,419
-896,453
-832,427
-900,461
-968,497
-1012,535
-960,499
-1004,531
-1020,535
-980,531
-1036,551
-1084,567
-1000,539
-972,517
-1000,527
-932,501
-1020,533
-952,485
-892,451
-896,461
-904,497
-916,477
-920,457
-964,463
-944,487
-960,517
-960,511
-932,471
-856,431
-908,485
-892,453
-928,487
-976,499
-944,481
-968,499
-928,465
-876,437
-888,443
-884,429
-956,469
-928,489
-896,473
-888,463
-872,437
-884,425
-832,357
-844,325
-776,249
-776,267
-744,251
-836,281
-828,285
-888,281
-812,221
-772,187
-716,207
-840,181
-868,149
-832,131
-848,161
-824,187
-776,153
-828,231
-880,283
-916,289
-852,305
-952,379
-876,393
-924,419
-948,419
-868,345
-864,359
-864,391
-896,449
-876,411
-860,387
-896,429
-928,437
-908,411
-916,437
-872,433
-872,411
-824,365
-836,395
-928,421
-924,391
-828,367
-896,321
-888,327
-876,317
-896,389
-864,345
-872,329
-940,345
-896,333
-912,383
-964,417
-908,385
-932,419
-848,303
-872,355
-820,307
-864,285
-812,273
-768,235
-824,303
-900,383
-904,289
-808,247
-812,255
-836,217
-864,125
-888,87
-848,47
-852,27
-864,-9
-792,33
-756,47
-788,67
-740,171
-820,285
-844,293
-776,295
-764,271
-848,249
-816,267
-860,351
-800,313
-780,299
-792,365
-812,327
-856,389
-828,397
-876,423
-912,387
-884,393
-812,299
-892,337
-880,329
-936,361
-872,375
-840,407
-796,387
-788,321
-756,281
-720,301
-792,331
-784,347
-820,373
-816,307
-900,367
-912,363
-904,451
-868,341
-888,337
-932,343
-944,333
-840,275
-800,273
-836,287
-908,319
-876,299
-868,223
-832,143
-804,153
-848,185
-808,195
-812,197
-792,163
-792,143
-756,175
-764,229
-776,273
-824,345
-892,387
-800,363
-816,395
-836,399
-848,361
-880,455
-932,431
-972,471
-976,441
-920,441
-912,409
-896,375
-864,395
-844,381
-904,395
-836,375
-848,393
-848,387
-896,421
-868,437
-904,449
-952,461
-904,421
-884,403
-828,397
-916,423
-888,477
-876,467
-884,459
-960,467
-916,377
-928,387
-916,393
-968,423
-928,427
-960,453
-956,423
-956,419
-980,457
-992,513
-980,511
-944,471
-944,487
-956,491
-972,521
-1004,521
-1044,541
-1052,539
-960,515
-960,475
-972,475
-960,497
-876,445
-936,449
-844,377
-868,369
-868,409
-900,415
-792,333
-804,355
-952,457
-948,481
-892,421
-908,405
-916,433
-848,413
-840,397
-884,405
-928,415
-992,469
-896,389
-916,361
-864,347
-856,357
-908,387
-828,329
-840,347
-876,319
-880,349
-908,395
-904,319
-800,239
-704,287
-700,273
-704,231
-776,273
-792,257
-736,197
-724,219
-756,285
-736,239
-768,213
-872,295
-832,349
-892,375
-884,363
-856,311
-852,357
-836,337
-740,299
-832,347
-880,387
-848,351
-896,397
-928,411
-988,491
-916,455
-976,497
-1004,523
-976,507
-936,481
-928,443
-972,515
-960,493
-956,521
-1004,527
-1012,543
-988,507
-956,499
-932,441
-904,415
-936,433
-948,441
-956,457
-928,445
-880,419
-932,431
-888,387
-944,365
-864,319
-756,259
-732,259
-856,369
-828,421
-972,517
-984,523
-1008,535
-1004,541
-1020,531
-1020,541
-1060,555
-984,517
-948,513
-960,491
-884,419
-916,421
-856,381
-880,393
-880,405
-888,443
-940,421
-952,421
-936,411
-888,451
-936,497
-992,503
-936,497
-988,487
-1032,513
-1032,531
-1024,531
-972,501
-912,469
-900,451
-920,457
-904,451
-904,479
-972,515
-920,491
-1024,525
-1036,537
-900,471
-900,477
-948,477
-972,489
-924,475
-1052,521
-952,499
-1024,541
-1012,533
-1048,553
-1000,531
-912,493
-1048,545
-1064,553
-996,513
-992,515
-972,523
-980,513
-1052,545
-1052,543
-1040,555
-1024,547
-1020,535
-1016,545
-996,529
-1032,503
-936,485
-972,499
-912,481
-948,513
-860,453
-872,443
-884,427
-912,449
-900,445
-936,473
-992,507
-948,477
-996,483
-776,357
-848,349
-764,363
-868,415
-864,367
-880,389
-916,439
-1024,511
-960,515
-888,495
-920,495
-896,473
-948,485
-964,503
-1000,525
-1036,547
-992,519
-1012,507
-984,499
-948,499
-916,489
-944,517
-976,523
-940,507
-984,511
-980,515
-1036,549
-1032,537
-1000,527
-932,503
-996,529
-904,485
-984,505
-1020,497
-1028,529
-1020,511
-944,497
-996,529
-992,527
-1028,545
-968,517
-992,529
-912,471
-1088,549
-1056,545
-1020,517
-960,503
-924,495
-896,449
-960,491
-976,473
-1032,545
-968,523
-896,491
-884,463
-888,447
-948,469
-960,471
-952,483
-816,435
-884,411
-892,427
-836,383
-888,389
-936,413
-944,457
-972,473
-916,475
-848,459
-940,495
-916,469
-940,489
-928,497
-880,453
-968,505
-912,453
-952,485
-1000,525
-1016,523
-1052,549
-1060,545
-1028,533
-1028,525
-1008,527
-932,443
-924,479
-1004,521
-976,515
-928,495
-964,489
-1004,543
-988,527
-996,537
-912,485
-876,473
-988,497
-1020,489
-936,475
-964,477
-928,477
-988,519
-996,481
-956,477
-976,505
-900,465
-896,465
-1032,533
-1048,543
-996,533
-912,489
-904,489
-1008,527
-924,489
-932,475
-952,491
-1008,531
-1012,531
-1028,501
-972,453
-908,449
-920,433
-896,425
-880,399
-852,419
-876,473
-980,511
-960,511
-1052,541
-912,495
-1036,539
-1016,533
-1008,519
-1056,519
-1044,559
-1048,553
-1060,555
-1092,571
-1072,559
-948,499
-984,515
-920,493
-860,451
-936,507
-980,525
-992,509
-964,483
-908,447
-912,427
-848,393
-844,395
-908,431
-844,397
-872,409
-872,447
-864,439
-792,411
-772,391
-848,423
-908,457
-864,427
-864,449
-924,451
-876,411
-872,395
-912,419
-876,397
-872,399
-872,391
-924,407
-892,405
-908,385
-936,369
-932,375
-924,371
-808,311
-872,323
-828,315
-900,363
-904,351
-876,355
-872,353
-860,305
-760,243
-800,245
-820,213
-712,175
-800,165
-820,123
-788,81
-732,95
-800,125
-780,93
-860,85
-856,111
-800,105
-808,95
-832,147
-772,193
-748,195
-800,251
-788,219
-752,261
-772,249
-768,185
-756,155
-784,193
-816,219
-812,225
-788,191
-852,229
-844,265
-808,221
-816,261
-800,289
-792,209
-828,281
-808,279
-792,281
-828,323
-864,247
-832,205
-908,205
-880,221
-828,225
-848,253
-832,261
-820,345
-800,361
-760,309
-848,383
-828,375
-856,389
-888,431
-820,393
-896,403
-908,441
-876,433
-944,485
-1000,525
-908,453
-856,419
-872,423
-916,433
-1008,487
-920,451
-816,403
-880,451
-848,411
-840,411
-860,401
-828,421
-776,365
-796,391
-792,351
-872,397
-868,401
-920,407
-820,363
-884,403
-856,445
-916,483
-916,473
-952,489
-904,451
-932,481
-848,455
-884,453
-896,437
-848,393
-816,369
-868,423
-896,401
-932,381
-876,393
-804,359
-848,321
-936,411
-896,395
-884,421
-808,421
-928,435
-848,419
-836,407
-908,471
-848,471
-980,501
-1004,521
-944,501
-944,493
-956,501
-892,455
-880,419
-920,477
-908,463
-928,461
-920,479
-888,473
-996,517
-860,441
-900,477
-948,481
-944,495
-984,505
-952,489
-932,449
-880,455
-952,459
-876,427
-848,405
-872,397
-924,431
-880,411
-852,355
-920,411
-872,393
-920,447
-920,459
-884,451
-876,447
-968,475
-948,477
-952,489
-944,505
-1016,535
-988,489
-936,471
-928,479
-908,449
-932,453
-896,441
-1056,533
-1000,517
-964,511
-920,489
-924,481
-904,451
-892,483
-868,469
-896,461
-928,477
-848,409
-836,371
-860,369
-844,415
-824,449
-800,391
-876,439
-860,439
-876,451
-948,517
-1012,539
-892,485
-884,473
-948,507
-956,483
-884,429
-960,485
-928,423
-976,477
-1028,527
-1052,555
-1044,545
-992,533
-964,513
-916,475
-964,441
-936,449
-936,469
-1028,513
-1056,549
-972,525
-948,511
-1012,527
-952,483
-892,433
-860,433
-900,457
-908,451
-928,499
-912,483
-936,485
-932,477
-788,431
-876,481
-1028,539
-944,479
-924,457
-860,417
-864,431
-876,429
-876,429
-848,381
-876,387
-904,379
-840,353
-856,331
-876,319
-816,265
-864,289
-792,209
-740,263
-780,301
-764,243
-824,341
-804,345
-840,327
-812,313
-800,323
-812,337
-892,413
-876,403
-868,403
-924,423
-916,467
-908,441
-896,421
-896,423
-860,391
-776,321
-864,387
-804,383
-844,385
-708,231
-776,311
-760,283
-744,301
-772,253
-812,271
-812,289
-848,291
-884,327
-780,261
-748,177
-716,115
-752,119
-692,105
-680,37
-688,65
-780,151
-856,123
-808,125
-776,17
-772,-57
-808,-141
-716,-109
-824,-199
-848,-203
-828,-149
-820,-109
-860,-121
-824,-81
-772,-23
-848,-29
-864,-65
-888,-69
-912,-55
-884,-15
-852,-3
-876,-1
-872,-41
-844,-65
-736,7
-836,-13
-800,-77
-832,-97
-840,-67
-764,-49
-780,1
-816,11
-836,35
-752,35
-828,99
-724,131
-860,187
-792,99
-864,105
-880,137
-800,113
-796,171
-784,105
-776,61
-756,141
-840,183
-776,239
-768,247
-760,249
-816,305
-724,285
-716,273
-788,321
-808,345
-828,375
-852,391
-792,355
-872,403
-964,473
-956,513
-872,469
-904,437
-856,431
-832,397
-864,423
-936,463
-856,395
-872,429
-900,439
-936,459
-916,463
-968,495
-964,477
-904,425
-860,417
-944,477
-948,489
-932,495
-940,471
-908,463
-904,439
-892,409
-868,391
-752,325
-816,323
-780,321
-788,363
-892,373
-916,393
-960,433
-900,383
-912,427
-948,479
-968,527
-1008,539
-1084,571
-1120,575
-940,521
-976,517
-984,499
-1000,517
-888,459
-920,459
-940,483
-988,503
-956,505
-964,517
-992,525
-1004,533
-1028,547
-1028,549
-928,497
-972,515
-1024,547
-952,497
-972,479
-940,447
-892,435
-888,381
-832,323
-852,347
-928,405
-908,439
-872,445
-944,469
-960,491
-944,479
-1032,531
-1000,511
-1092,551
-1012,547
-1008,531
-1068,561
-992,537
-1016,547
-896,499
-932,493
-900,479
-932,497
-968,501
-984,509
-1004,517
-984,523
-940,473
-948,499
-1068,537
-976,521
-1016,539
-1008,539
-1124,583
-972,521
-1020,523
-952,491
-920,473
-880,415
-844,401
-880,425
-900,425
-812,413
-884,461
-980,519
-1048,543
-1028,523
-948,497
-924,463
-904,453
-936,479
-1048,549
-984,523
-972,521
-1040,559
-1000,527
-1004,515
-932,489
-1012,533
-1120,567
-1056,551
-1036,541
-1024,533
-1036,535
-936,517
-884,487
-920,467
-884,443
-912,457
-964,475
-988,487
-944,477
-956,479
-892,445
-896,459
-888,455
-896,467
-976,489
-988,481
-996,509
-920,465
-944,473
-976,449
-1016,467
-1004,489
-964,481
-960,429
-944,439
-960,413
-972,429
-908,465
-824,393
-820,399
-868,459
-956,495
-992,465
-1032,475
-992,469
-944,395
-852,369
-812,361
-848,365
-828,253
-844,295
-848,299
-888,301
-824,283
-848,281
-844,237
-848,325
-888,355
-836,343
-804,297
-872,343
-856,369
-780,303
-876,321
-804,235
-876,269
-920,353
-940,463
-908,471
-900,437
-984,487
-1000,517
-904,495
-848,467
-916,503
-968,497
-956,477
-1012,513
-876,465
-876,481
-916,491
-1004,541
-1008,533
-980,533
-980,527
-960,515
-960,525
-968,527
-932,515
-932,487
-928,495
-952,489
-884,447
-912,455
-900,455
-916,465
-980,477
-904,437
-904,425
-908,435
-864,409
-880,437
-952,499
-968,507
-960,509
-1068,563
-980,507
-944,503
-892,461
-964,509
-1016,531
-988,501
-924,479
-996,507
-988,505
-988,509
-956,491
-984,517
-972,505
-968,505
-972,497
-968,485
-912,453
-1020,493
-964,469
-968,493
-920,489
-912,491
-944,497
-1020,515
-1044,541
-1004,525
-1008,523
-968,509
-1032,545
-1008,545
-996,529
-988,521
-948,493
-916,441
-908,445
-948,495
-944,511
-964,517
-996,535
-988,517
-992,499
-912,489
-888,463
-884,433
-868,381
-852,377
-820,375
-808,377
-908,423
-920,433
-944,455
-912,453
-848,433
-804,425
-868,439
-904,433
-864,395
-876,429
-888,427
-868,447
-900,457
-872,437
-940,489
-940,477
-964,475
-948,481
-912,483
-944,481
-928,481
-968,487
-988,489
-944,471
-976,437
-992,463
-920,459
-896,477
-852,415
-808,363
-764,311
-768,337
-848,365
-884,433
-820,395
-772,347
-888,399
-844,389
-796,339
-796,293
-868,295
-820,379
-888,411
-920,421
-944,493
-940,499
-892,451
-876,457
-924,465
-860,437
-920,459
-920,467
-908,421
-864,419
-852,381
-784,369
-856,423
-812,371
-792,355
-784,373
-828,443
-888,455
-832,427
-892,419
-960,453
-900,421
-936,409
-892,407
-748,365
-800,397
-876,431
-896,415
-804,363
-872,371
-832,389
-820,383
-836,401
-988,481
-828,387
-888,405
-904,429
-856,429
-868,383
-908,405
-884,377
-888,397
-804,341
-900,377
-872,389
-828,375
-896,401
-820,379
-800,339
-860,303
-844,361
-848,369
-888,361
-944,427
-956,417
-984,447
-880,365
-888,355
-924,377
-888,339
-804,269
-900,311
-872,333
-868,351
-920,403
-872,401
-780,347
-772,293
-720,203
-768,255
-808,209
-788,205
-684,183
-712,211
-728,163
-752,139
-808,239
-872,323
-944,371
-892,331
-888,357
-892,379
-896,343
-856,337
-872,363
-836,321
-832,309
-912,363
-956,387
-864,357
-784,349
-792,363
-760,371
-800,385
-776,385
-876,361
-808,371
-784,311
-812,317
-780,333
-728,297
-728,309
-836,353
-832,389
-988,485
-892,429
-916,459
-932,421
-936,423
-912,415
-924,391
-932,369
-976,375
-908,407
-940,405
-904,409
-908,419
-808,363
-828,339
-888,337
-824,353
-884,363
-828,365
-900,365
-852,317
-884,315
-872,339
-940,353
-888,301
-904,303
-864,347
-860,349
-904,379
-880,289
-832,293
-852,311
-860,341
-792,323
-796,317
-828,345
-856,341
-892,391
-884,359
-928,361
-928,337
-964,405
-920,413
-916,409
-852,417
-900,479
-904,479
-852,437
-900,407
-972,441
-924,407
-880,419
-852,353
-840,335
-880,335
-840,339
-848,299
-832,331
-836,319
-824,339
-816,347
-824,351
-840,399
-876,431
-776,385
-728,301
-796,355
-844,363
-880,357
-920,395
-832,367
-776,321
-812,297
-756,279
-756,249
-788,191
-756,187
-756,167
-700,189
-908,261
-688,211
-760,173
-776,149
-760,169
-776,163
-752,141
-784,145
-840,205
-788,185
-848,167
-788,153
-732,75
-784,43
-808,5
-872,-35
-888,-95
-784,-173
-800,-197
-796,-191
-836,-277
-840,-317
-896,-343
-872,-439
-892,-459
-992,-515
-1012,-545
-932,-467
-984,-483
-924,-483
-932,-475
-864,-451
-904,-463
-956,-457
-944,-473
-936,-473
-904,-477
-824,-411
-804,-359
-808,-345
-776,-331
-976,-413
-936,-315
-904,-325
-852,-277
-856,-319
-916,-335
-864,-303
-896,-339
-940,-389
-908,-367
-912,-319
-916,-309
-916,-355
-876,-357
-932,-387
-968,-447
-936,-481
-940,-487
-924,-439
-856,-393
-896,-433
-936,-439
-872,-423
-884,-405
-936,-431
-876,-407
-912,-407
-880,-423
-864,-443
-856,-407
-812,-399
-812,-329
-912,-385
-916,-403
-852,-343
-828,-281
-868,-219
-860,-185
-848,-165
-932,-195
-856,-243
-884,-253
-848,-263
-808,-237
-796,-203
-772,-197
-748,-211
-740,-119
-792,-159
-780,-171
-784,-157
-832,-195
-788,-173
-756,-235
-736,-261
-804,-335
-872,-365
-820,-339
-884,-345
-832,-333
-800,-337
-744,-283
-832,-315
-724,-269
-748,-341
-744,-361
-892,-401
-804,-335
-700,-247
-836,-309
-812,-331
-844,-327
-880,-335
-908,-365
-864,-365
-808,-357
-768,-335
-720,-343
-772,-323
-780,-329
-812,-287
-824,-221
-812,-161
-780,-145
-776,-231
-872,-233
-816,-195
-800,-213
-792,-295
-912,-349
-916,-449
-988,-493
-1040,-507
-1040,-501
-972,-489
-908,-441
-936,-461
-812,-409
-840,-437
-880,-453
-848,-451
-900,-427
-924,-389
-880,-397
-792,-371
-836,-379
-804,-405
-896,-449
-912,-441
-848,-449
-812,-401
-756,-399
-848,-377
-816,-335
-748,-309
-828,-301
-860,-295
-804,-261
-776,-245
-784,-317
-804,-347
-756,-337
-900,-399
-868,-393
-856,-417
-936,-433
-892,-389
-840,-421
-864,-379
-840,-403
-864,-369
-908,-429
-876,-425
-856,-425
-880,-371
-952,-405
-920,-409
-992,-463
-916,-413
-900,-429
-896,-439
-896,-393
-900,-375
-852,-395
-888,-403
-884,-397
-932,-403
-888,-377
-864,-383
-876,-397
-876,-397
-912,-395
-868,-391
-848,-379
-880,-411
-840,-325
-852,-339
-884,-341
-880,-363
-852,-303
-792,-301
-824,-345
-832,-387
-912,-419
-988,-463
-896,-429
-904,-443
-892,-419
-860,-399
-980,-447
-896,-413
-908,-435
-908,-441
-932,-475
-896,-447
-860,-445
-876,-469
-968,-521
-852,-441
-920,-435
-992,-477
-976,-527
-908,-493
-900,-495
-932,-483
-864,-447
-924,-483
-844,-447
-952,-487
-884,-451
-856,-427
-992,-435
-956,-405
-884,-387
-920,-429
-952,-487
-892,-449
-964,-507
-952,-501
-1036,-545
-920,-475
-924,-477
-960,-513
-1012,-539
-1020,-537
-1020,-539
-944,-489
-948,-467
-920,-465
-944,-483
-924,-473
-848,-477
-892,-461
-932,-489
-816,-447
-872,-481
-924,-491
-948,-493
-896,-463
-888,-463
-928,-455
-936,-437
-1012,-479
-980,-427
-940,-445
-912,-437
-976,-473
-880,-439
-896,-445
-760,-375
-764,-379
-824,-429
-868,-409
-876,-377
-980,-365
-928,-349
-796,-297
-828,-249
-736,-223
-732,-181
-760,-217
-868,-243
-852,-257
-888,-299
-872,-285
-788,-241
-816,-291
-852,-261
-864,-309
-908,-395
-912,-411
-884,-399
-880,-411
-940,-397
-908,-409
-848,-367
-872,-357
-876,-313
-900,-321
-872,-313
-912,-363
-916,-407
-928,-455
-952,-451
-944,-417
-904,-427
-880,-379
-848,-371
-848,-307
-852,-349
-944,-369
-872,-333
-876,-389
-844,-325
-716,-287
-840,-317
-876,-253
-900,-245
-892,-203
-844,-205
-804,-181
-776,-121
-716,-93
-828,-159
-784,-177
-732,-199
-744,-217
-700,-213
-688,-227
-756,-237
-792,-327
-784,-353
-848,-379
-876,-399
-888,-351
-876,-371
-908,-341
-828,-253
-856,-273
-784,-225
-848,-327
-836,-351
-884,-377
-884,-401
-868,-373
-900,-399
-864,-385
-908,-411
-888,-387
-956,-453
-916,-437
-916,-423
-840,-345
-832,-349
-788,-265
-824,-325
-884,-315
-924,-333
-936,-337
-920,-343
-824,-281
-756,-293
-896,-309
-836,-357
-960,-387
-920,-381
-908,-329
-928,-375
-836,-355
-872,-343
-928,-397
-856,-381
-864,-409
-832,-413
-884,-477
-940,-501
-1020,-527
-964,-491
-952,-493
-1068,-553
-988,-519
-996,-517
-936,-481
-932,-427
-912,-425
-888,-419
-876,-401
-884,-407
-912,-361
-852,-409
-872,-419
-840,-385
-792,-395
-820,-427
-816,-379
-892,-459
-976,-523
-984,-527
-848,-437
-908,-479
-900,-457
-848,-417
-892,-449
-948,-467
-992,-501
-936,-463
-940,-487
-992,-521
-880,-445
-792,-335
-820,-347
-868,-355
-824,-355
-876,-391
-956,-467
-904,-479
-924,-495
-992,-509
-936,-467
-988,-467
-944,-441
-868,-383
-832,-385
-784,-325
-808,-293
-812,-253
-856,-253
-848,-267
-808,-195
-888,-219
-904,-243
-804,-181
-804,-163
-776,-155
-748,-109
-760,-83
-840,-103
-848,-99
-852,-127
-856,-67
-776,-91
-760,-103
-832,-179
-808,-161
-788,-211
-772,-173
-816,-219
-840,-239
-824,-223
-880,-271
-876,-273
-840,-283
-828,-289
-780,-287
-796,-291
-756,-281
-764,-309
-796,-323
-768,-317
-796,-359
-832,-367
-856,-377
-884,-399
-944,-455
-996,-471
-992,-489
-964,-507
-1052,-535
-920,-485
-836,-449
-872,-465
-836,-445
-940,-483
-976,-499
-936,-451
-880,-411
-856,-391
-832,-431
-864,-455
-996,-497
-948,-443
-816,-367
-856,-381
-904,-419
-948,-433
-992,-489
-888,-483
-900,-479
-1004,-521
-1020,-513
-972,-487
-972,-501
-968,-469
-1028,-457
-1024,-467
-940,-457
-892,-449
-924,-477
-928,-467
-960,-479
-924,-439
-896,-397
-940,-399
-900,-411
-948,-411
-908,-381
-900,-323
-892,-339
-868,-329
-880,-303
-960,-329
-844,-341
-948,-415
-908,-451
-944,-439
-860,-417
-864,-391
-860,-419
-908,-415
-868,-383
-892,-421
-948,-449
-884,-435
-928,-429
-948,-439
-840,-379
-844,-401
-808,-369
-848,-403
-808,-343
-796,-345
-940,-403
-860,-369
-864,-395
-928,-443
-956,-469
-824,-403
-900,-413
-864,-425
-912,-433
-912,-421
-920,-405
-908,-361
-840,-349
-892,-403
-888,-311
-956,-323
-848,-291
-800,-303
-856,-397
-924,-463
-896,-429
-928,-463
-872,-415
-936,-393
-928,-475
-956,-471
-848,-419
-840,-417
-852,-427
-852,-395
-860,-403
-896,-433
-860,-425
-844,-423
-940,-453
-992,-469
-924,-419
-944,-443
-856,-379
-912,-451
-852,-395
-944,-433
-948,-461
-852,-379
-824,-377
-836,-443
-992,-515
-1064,-557
-932,-511
-948,-509
-952,-513
-952,-505
-988,-529
-952,-503
-904,-481
-948,-511
-1036,-541
-1008,-537
-984,-527
-1004,-529
-940,-511
-1024,-535
-1076,-563
-924,-469
-1040,-553
-972,-531
-980,-523
-968,-499
-984,-487
-904,-425
-932,-401
-844,-379
-872,-427
-940,-495
-976,-513
-916,-483
-928,-483
-976,-513
-904,-439
-792,-363
-852,-383
-836,-367
-840,-347
-848,-335
-780,-367
-824,-317
-852,-321
-752,-217
-808,-243
-768,-173
-768,-129
-756,-149
-728,-175
-748,-119
-780,-159
-780,-127
-744,-185
-776,-169
-868,-225
-832,-257
-780,-245
-772,-235
-716,-199
-748,-227
-884,-283
-800,-265
-840,-245
-796,-293
-868,-301
-908,-303
-836,-289
-792,-253
-848,-215
-804,-161
-752,-235
-800,-295
-860,-269
-864,-211
-784,-179
-796,-213
-816,-247
-752,-213
-812,-217
-824,-195
-828,-187
-788,-137
-860,-125
-828,-95
-744,-109
-880,-137
-804,-217
-780,-319
-816,-367
-852,-369
-852,-371
-752,-295
-800,-297
-752,-261
-784,-297
-812,-315
-816,-315
-768,-251
-820,-283
-812,-307
-896,-307
-904,-269
-928,-293
-844,-333
-924,-399
-816,-333
-804,-351
-844,-293
-840,-259
-772,-199
-700,-135
-692,-59
-700,1
-748,-13
-756,-31
-864,-61
-844,-49
-816,-87
-832,-111
-816,-85
-796,-87
-736,-49
-708,-1
-764,25
-780,91
-836,91
-756,43
-704,31
-624,-7
-676,-87
-696,-109
-712,-105
-728,-163
-804,-197
-732,-129
-824,-93
-760,-67
-780,-51
-728,-25
-772,-135
-744,-73
-748,-71
-752,-47
-792,-25
-812,-29
-828,-49
-820,-115
-796,-73
-792,-39
-824,-75
-840,-75
-792,-89
-780,-117
-812,-81
-784,-117
-740,-117
-808,-199
-864,-245
-816,-291
-716,-253
-780,-313
-780,-243
-804,-269
-864,-321
-920,-429
-856,-393
-816,-377
-796,-345
-796,-311
-784,-265
-776,-245
-764,-241
-816,-183
-796,-257
-808,-297
-832,-353
-772,-307
-812,-335
-808,-325
-880,-361
-864,-369
-784,-233
-812,-263
-832,-303
-720,-219
-792,-237
-804,-283
-812,-301
-820,-339
-836,-341
-752,-299
-756,-265
-772,-267
-836,-215
-820,-239
-812,-219
-768,-149
-740,-101
-780,-57
-768,-59
-768,-61
-664,-55
-720,-55
-732,-5
-752,67
-792,109
-780,83
-808,77
-860,137
-888,121
-832,111
-856,17
-828,157
-832,181
-832,151
-760,107
-736,95
-800,127
-780,47
-800,41
-788,-39
-728,-31
-820,7
-744,-61
-720,-63
-772,-23
-748,-3
-800,-51
-780,-33
-792,-15
-784,-35
-868,13
-864,93
-892,99
-836,47
-812,-39
-800,-55
-688,-23
-732,91
-736,83
-780,75
-768,103
-788,155
-792,125
-832,85
-748,69
-776,103
-804,181
-792,97
-796,79
-876,115
-824,217
-852,249
-904,301
-832,287
-824,343
-852,335
-864,293
-856,293
-868,245
-848,249
-836,323
-836,331
-828,325
-776,277
-836,341
-864,395
-864,401
-848,389
-796,339
-876,371
-868,395
-848,329
-904,311
-876,293
-836,269
-780,199
-716,135
-780,97
-732,121
-708,169
-696,205
-756,305
-828,353
-864,365
-832,391
-792,365
-884,381
-844,363
-780,333
-812,381
-916,425
-940,459
-848,395
-884,391
-912,431
-956,465
-904,433
-996,441
-1008,493
-976,487
-984,489
-968,491
-852,433
-940,493
-972,513
-968,497
-932,493
-888,449
-892,445
-924,489
-928,499
-908,491
-916,497
-1040,551
-1000,537
-1024,531
-1016,513
-1048,499
-1032,503
-964,475
-928,471
-924,441
-960,467
-916,473
-824,419
-904,457
-872,445
-904,441
-904,447
-888,427
-896,445
-908,451
-1004,485
-1012,495
-968,467
-876,349
-864,321
-912,377
-892,349
-832,337
-900,339
-816,343
-816,355
-768,377
-868,411
-872,437
-808,377
-760,287
-756,357
-776,363
-812,391
-848,353
-900,405
-960,455
-988,493
-1008,499
-984,495
-968,491
-880,455
-848,395
-856,403
-864,439
-876,441
-932,463
-1044,527
-1008,505
-1028,539
-1040,549
-1060,557
-1012,545
-1044,551
-1028,543
-1028,539
-980,525
-980,535
-1016,541
-936,481
-992,497
-1032,525
-1008,509
-936,481
-928,469
-988,511
-908,477
-900,477
-976,503
-1048,537
-1008,527
-1028,549
-1060,559
-1052,533
-1040,545
-916,477
-952,467
-908,443
-908,481
-904,491
-924,489
-824,435
-808,417
-808,427
-928,465
-868,417
-868,393
-796,319
-812,325
-928,397
-972,457
-972,477
-964,479
-904,433
-992,489
-852,443
-896,463
-900,467
-964,491
-880,415
-864,395
-984,439
-920,451
-868,469
-984,505
-960,451
-1012,475
-960,411
-872,389
-896,395
-1028,435
-956,403
-916,409
-836,369
-852,395
-876,405
-928,409
-976,407
-948,347
-876,319
-912,309
-932,309
-832,267
-776,237
-800,227
-800,233
-764,205
-820,233
-800,283
-808,281
-764,293
-844,327
-836,287
-848,251
-792,259
-748,213
-772,241
-740,253
-800,325
-744,333
-800,375
-900,453
-1000,507
-1016,535
-976,517
-944,513
-976,505
-1016,535
-972,519
-928,487
-956,487
-956,467
-1012,479
-1004,475
-868,395
-824,389
-800,395
-800,391
-876,425
-948,469
-816,421
-932,491
-960,463
-928,461
-936,463
-996,507
-992,497
-936,465
-932,435
-1000,489
-892,449
-968,515
-932,509
-920,501
-1004,529
-1040,525
-896,485
-944,499
-976,503
-992,519
-820,433
-916,467
-972,461
-1000,495
-860,419
-836,433
-908,463
-1024,521
-1044,535
-1016,539
-924,479
-936,461
-936,469
-896,449
-844,371
-888,407
-844,403
-920,449
-916,455
-908,405
-964,447
-860,409
-872,413
-896,453
-916,481
-952,489
-892,455
-868,457
-872,445
-912,461
-900,461
-900,461
-828,421
-868,461
-956,495
-848,457
-820,439
-872,439
-876,445
-980,471
-960,449
-908,387
-856,391
-848,413
-988,515
-988,537
-992,541
-928,509
-972,517
-976,535
-992,517
-972,521
-860,465
-912,487
-960,511
-1032,533
-984,529
-952,469
-988,513
-952,495
-940,471
-896,445
-948,465
-944,491
-868,429
-788,385
-816,363
-872,357
-836,381
-932,379
-904,477
-920,477
-960,491
-940,499
-948,473
-840,427
-784,393
-892,415
-912,449
-936,487
-1048,545
-996,509
-1012,485
-1028,531
-992,533
-992,529
-992,527
-960,511
-912,481
-864,483
-992,511
-924,491
-992,457
-1000,481
-960,483
-988,495
-920,441
-976,513
-920,475
-896,487
-924,499
-1008,539
-1092,569
-1068,565
-940,513
-1016,535
-996,531
-972,511
-916,499
-1000,521
-1040,539
-1008,523
-1000,515
-968,523
-988,531
-1052,533
-924,459
-928,439
-996,513
-1044,549
-1032,531
-996,527
-980,527
-968,485
-1004,491
-980,481
-932,415
-972,451
-840,381
-852,407
-872,377
-828,343
-816,395
-836,403
-868,417
-960,489
-1020,537
-944,473
-940,497
-992,521
-960,525
-992,519
-924,485
-1012,521
-1032,525
-980,513
-984,513
-1020,535
-976,529
-956,513
-924,481
-904,461
-868,429
-824,431
-844,383
-880,391
-852,397
-848,435
-860,473
-920,489
-936,509
-952,489
-960,493
-1028,525
-1004,511
-1084,569
-1084,565
-956,481
-928,463
-856,421
-872,403
-912,409
-864,411
-908,385
-908,391
-868,391
-936,429
-936,447
-980,477
-876,439
-856,447
-884,463
-948,491
-936,501
-1060,559
-912,505
-948,509
-944,491
-1068,557
-952,483
-940,479
-1016,513
-932,497
-944,491
-916,483
-1000,525
-1088,551
-1056,549
-1064,565
-1000,541
-1044,549
-1032,533
-972,515
-972,515
-944,493
-956,497
-988,497
-940,467
-916,475
-808,413
-848,375
-940,405
-936,443
-920,455
-856,459
-880,477
-880,465
-892,459
-920,475
-904,457
-912,427
-876,415
-900,445
-900,445
-1036,499
-932,445
-840,421
-912,447
-872,439
-896,481
-1060,519
-968,501
-976,493
-872,423
-948,459
-872,459
-864,443
-956,491
-916,451
-924,461
-896,449
-848,423
-848,433
-924,465
-936,453
-952,409
-936,441
-936,481
-888,465
-824,461
-980,509
-960,499
-868,439
-936,463
-852,435
-944,493
-840,447
-948,507
-968,529
-928,499
-940,443
-880,401
-912,431
-880,381
-888,409
-824,375
-880,403
-980,499
-984,487
-960,513
-1000,529
-992,513
-932,493
-828,421
-904,499
-928,457
-932,467
-1000,487
-984,485
-936,481
-968,499
-892,487
-984,523
-992,511
-900,477
-896,455
-956,475
-912,439
-896,425
-892,439
-884,427
-772,371
-792,337
-768,319
-808,325
-844,371
-876,365
-780,367
-856,387
-908,433
-908,427
-964,401
-964,425
-872,433
-848,397
-860,381
-876,291
-872,309
-788,319
-796,273
-800,315
-816,269
-828,245
-808,269
-852,241
-776,231
-796,327
-796,315
-780,295
-880,375
-944,437
-848,411
-936,403
-840,407
-828,383
-884,397
-884,385
-820,329
-840,335
-844,415
-836,425
-904,483
-884,453
-860,449
-864,467
-912,495
-964,499
-936,487
-952,491
-976,525
-956,513
-1028,539
-1016,539
-976,513
-956,511
-1020,543
-996,519
-1068,551
-1068,543
-1076,539
-1040,525
-984,485
-948,451
-864,407
-876,335
-968,397
-900,425
-880,425
-872,433
-804,433
-916,459
-884,403
-900,475
-988,519
-976,487
-864,383
-832,323
-856,361
-876,363
-876,357
-840,355
-780,359
-732,405
-824,437
-932,471
-956,489
-892,453
-952,487
-1008,531
-1056,547
-1028,523
-1016,539
-916,457
-916,487
-1008,525
-940,455
-936,475
-1044,535
-1048,545
-952,501
-900,467
-940,491
-880,445
-900,451
-880,439
-940,475
-976,497
-920,449
-936,463
-884,445
-912,447
-928,485
-976,505
-1024,541
-1040,553
-1028,547
-1024,541
-996,531
-1000,539
-1036,555
-1060,553
-996,499
-968,509
-932,499
-940,503
-964,529
-944,501
-1064,537
-1020,525
-928,483
-936,489
-932,493
-972,483
-988,509
-912,471
-840,411
-844,435
-840,445
-988,525
-980,513
-944,485
-928,469
-1008,509
-948,489
-848,451
-840,439
-848,413
-780,347
-744,307
-800,287
-784,295
-792,347
-932,463
-828,429
-960,491
-892,473
-892,449
-972,525
-936,491
-912,495
-964,499
-944,479
-928,485
-976,497
-920,463
-880,437
-880,463
-900,489
-884,455
-864,449
-916,481
-936,475
-916,399
-948,455
-944,433
-884,435
-976,443
-964,503
-896,481
-932,489
-976,503
-924,487
-912,415
-996,497
-952,489
-916,497
-896,459
-960,511
-1008,541
-1016,529
-936,495
-988,535
-1012,517
-1012,535
-1000,535
-920,491
-940,487
-972,519
-1048,549
-1016,539
-1032,543
-1036,547
-1032,503
-1020,501
-1020,511
-984,501
-940,479
-1040,551
-1052,541
-1048,545
-1052,555
-988,527
-988,523
-1028,551
-980,527
-912,473
-916,451
-844,441
-828,423
-888,475
-828,391
-884,421
-916,437
-880,413
-856,419
-844,387
-900,425
-856,433
-848,431
-888,447
-904,463
-928,489
-920,491
-948,493
-1064,555
-1016,517
-972,525
-996,513
-988,505
-1024,535
-920,451
-912,491
-932,499
-1008,523
-916,485
-940,493
-960,511
-1020,545
-1004,533
-900,485
-912,473
-816,421
-868,401
-936,433
-984,491
-996,515
-952,471
-916,465
-928,485
-1012,511
-1064,533
-992,521
-1004,517
-1020,529
-988,505
-988,479
-1000,501
-944,473
-952,497
-976,505
-840,445
-764,375
-868,433
-876,445
-892,427
-872,419
-916,441
-872,441
-956,493
-1028,529
-924,493
-988,479
-972,491
-900,455
-992,479
-924,447
-904,445
-920,465
-868,461
-880,411
-924,445
-1004,481
-924,445
-964,477
-920,455
-752,333
-784,335
-836,371
-872,401
-1012,435
-1036,469
-960,463
-924,459
-1000,453
-1012,459
-848,359
-804,357
-880,349
-848,309
-884,321
-892,319
-828,235
-800,197
-808,231
-804,205
-800,237
-752,193
-824,227
-880,273
-940,297
-964,307
-972,319
-916,321
-896,301
-884,321
-940,367
-904,379
-832,373
-880,425
-896,421
-988,527
-952,459
-892,421
-852,467
-824,389
-928,433
-1000,457
-912,429
-916,431
-980,485
-984,487
-1020,503
-940,483
-988,503
-968,511
-1032,543
-984,529
-956,499
-900,461
-904,481
-1020,519
-944,495
-896,449
-976,485
-924,425
-944,463
-952,483
-920,437
-1028,481
-936,431
-820,377
-856,385
-848,425
-876,467
-928,493
-1000,533
-1044,547
-1000,537
-988,511
-868,465
-908,451
-892,463
-860,433
-924,473
-876,423
-856,371
-880,355
-844,345
-828,305
-848,203
-744,225
-700,137
-800,125
-736,73
-756,3
-752,21
-724,-23
-704,53
-716,-13
-764,-53
-700,-13
-684,-31
-716,-57
-776,-113
-808,-117
-752,3
-800,-33
-780,43
-796,31
-776,137
-816,79
-804,173
-896,257
-872,249
-848,253
-852,277
-828,299
-852,411
-960,497
-964,503
-1008,509
-1008,513
-940,485
-868,465
-908,487
-964,503
-972,503
-952,485
-940,505
-952,471
-904,451
-928,431
-904,455
-900,475
-888,451
-964,505
-936,493
-1008,549
-992,499
-960,449
-928,439
-908,467
-944,511
-932,497
-936,495
-940,497
-872,463
-896,461
-884,467
-940,475
-976,505
-960,497
-984,505
-956,459
-932,431
-920,435
-844,391
-888,449
-808,367
-852,395
-856,431
-900,409
-824,385
-820,343
-924,387
-864,353
-908,349
-848,331
-864,315
-892,307
-864,313
-860,343
-896,313
-860,351
-928,385
-892,339
-880,341
-764,271
-840,281
-764,253
-760,243
-764,271
-772,297
-836,289
-908,339
-848,323
-916,387
-964,429
-912,423
-980,467
-892,403
-904,435
-892,431
-1000,499
-1044,513
-920,453
-892,359
-816,315
-808,303
-924,383
-912,477
-996,525
-936,475
-912,441
-928,489
-932,443
-940,359
-900,373
-840,373
-924,383
-920,413
-928,439
-900,457
-936,509
-888,419
-884,409
-880,405
-916,451
-980,481
-928,461
-924,431
-860,455
-900,457
-1024,503
-960,479
-940,437
-1020,479
-968,487
-840,409
-816,435
-896,477
-932,481
-932,485
-880,435
-852,403
-856,441
-784,367
-796,387
-756,327
-808,359
-776,331
-832,353
-868,329
-884,379
-844,383
-836,363
-884,419
-928,427
-860,415
-804,319
-844,387
-924,469
-912,453
-904,457
-980,485
-916,457
-948,479
-936,461
-916,493
-948,495
-812,457
-904,489
-964,491
-936,453
-932,457
-900,435
-820,409
-904,427
-872,451
-988,505
-984,525
-964,495
-936,499
-1052,553
-1052,545
-1060,553
-1044,537
-1012,519
-964,515
-956,509
-840,453
-944,485
-932,477
-924,481
-940,473
-872,419
-876,417
-928,451
-928,415
-900,423
-876,407
-780,367
-828,397
-872,403
-916,375
-904,387
-876,419
-872,389
-828,389
-832,401
-856,425
-872,395
-812,383
-812,371
-876,385
-872,407
-808,333
-860,403
-912,399
-892,365
-848,379
-864,389
-960,401
-912,393
-944,387
-920,395
-964,409
-928,371
-940,379
-936,353
-884,353
-912,361
-864,363
-860,371
-824,383
-908,397
-936,409
-860,369
-924,449
-928,425
-852,333
-888,331
-840,343
-860,395
-924,445
-968,495
-952,485
-996,505
-892,433
-908,439
-920,467
-860,421
-852,441
-860,445
-864,401
-880,437
-948,491
-952,487
-976,501
-968,479
-932,461
-956,493
-888,439
-888,429
-952,473
-940,465
-1008,485
-1004,479
-972,447
-960,485
-892,443
-972,507
-896,455
-864,455
-900,469
-920,493
-940,501
-964,511
-1020,503
-992,521
-1016,533
-1060,549
-940,497
-1008,529
-944,489
-960,495
-956,527
-1028,549
-1040,543
-968,505
-856,445
-828,415
-844,419
-840,359
-812,315
-836,307
-884,259
-812,265
-764,273
-832,275
-788,241
-744,241
-768,169
-692,69
-676,87
-732,61
-768,67
-788,83
-688,-25
-688,7
-736,35
-740,37
-756,-31
-732,-139
-728,-63
-628,-105
-748,-117
-728,-75
-768,-107
-696,-99
-824,-69
-772,-21
-748,83
-768,53
-796,125
-860,147
-832,121
-824,141
-812,73
-788,113
-720,65
-772,73
-768,45
-704,51
-756,-9
-792,-3
-804,-27
-764,45
-760,5
-804,37
-724,31
-724,27
-792,61
-772,61
-804,69
-752,63
-744,95
-780,121
-752,127
-772,193
-796,119
-832,147
-828,97
-828,115
-808,57
-768,-11
-772,19
-812,27
-836,17
-756,109
-760,37
-784,-25
-780,1
-816,21
-804,127
-816,97
-856,115
-820,179
-824,185
-812,237
-736,233
-844,301
-828,307
-804,299
-804,169
-768,39
-724,23
-780,73
-724,121
-792,149
-832,143
-772,127
-704,99
-672,107
-632,101
-676,77
-708,75
-864,101
-860,137
-876,211
-876,183
-880,103
-852,79
-800,135
-808,25
-824,-39
-800,-127
-812,-115
-808,-139
-804,-129
-836,-107
-864,-125
-848,-55
-860,-77
-876,-17
-844,-31
-816,-19
-864,-31
-800,-23
-864,-3
-880,-7
-860,-33
-816,3
-828,-49
-788,-163
-876,-261
-836,-271
-804,-259
-772,-213
-780,-181
-744,-157
-792,-87
-832,-137
-824,-125
-888,-185
-816,-129
-796,-97
-764,-67
-732,-97
-768,-33
-852,-17
-856,-39
-808,-55
-788,-21
-824,47
-824,159
-880,203
-816,193
-816,205
-868,185
-896,187
-856,173
-864,289
-864,257
-840,289
-860,283
-876,301
-872,279
-796,235
-836,235
-816,309
-800,365
-904,417
-840,375
-828,341
-852,251
-840,289
-812,303
-848,295
-824,309
-904,353
-812,361
-860,387
-836,409
-792,405
-912,455
-904,445
-936,467
-936,463
-904,443
-940,447
-976,433
-900,405
-924,425
-864,403
-820,383
-876,423
-896,447
-992,503
-936,467
-864,447
-964,491
-1000,499
-964,513
-944,505
-880,473
-908,501
-984,521
-976,521
-932,513
-876,481
-836,453
-956,505
-844,461
-928,491
-1008,481
-1000,475
-916,449
-932,429
-788,351
-832,387
-772,339
-800,393
-900,473
-984,519
-976,521
-876,419
-796,357
-896,377
-936,427
-868,369
-868,363
-868,339
-852,353
-912,353
-820,309
-836,305
-860,305
-880,337
-884,313
-896,345
-892,357
-924,385
-900,421
-980,503
-884,427
-900,461
-876,435
-824,369
-872,379
-836,365
-936,381
-804,335
-812,345
-712,243
-708,253
-740,269
-816,305
-900,339
-864,317
-864,345
-852,367
-836,375
-824,385
-908,423
-824,395
-840,395
-868,441
-900,453
-828,383
-860,409
-840,363
-840,341
-776,283
-780,303
-880,369
-968,457
-972,473
-892,457
-916,449
-888,433
-940,473
-808,331
-852,379
-728,271
-792,269
-852,301
-844,309
-904,309
-944,405
-896,389
-940,437
-876,407
-852,387
-892,361
-848,385
-888,395
-804,379
-812,345
-840,381
-784,395
-888,443
-896,443
-872,433
-928,469
-880,427
-960,469
-956,455
-932,437
-940,451
-852,443
-880,449
-844,423
-836,429
-936,457
-1020,531
-1028,541
-1064,547
-924,491
-824,431
-844,437
-928,473
-908,463
-1012,517
-1012,507
-928,467
-992,503
-1068,563
-1000,501
-1024,513
-892,447
-892,465
-940,467
-1004,507
-1096,559
-1092,569
-964,527
-896,461
-868,415
-884,421
-968,441
-908,451
-900,423
-920,467
-956,487
-924,481
-988,517
-1008,505
-1004,509
-900,479
-908,495
-964,493
-1004,511
-956,507
-960,489
-984,505
-984,497
-932,483
-928,457
-944,475
-856,467
-896,471
-908,461
-956,473
-916,453
-964,491
-960,513
-960,523
-920,503
-1008,519
-964,499
-876,471
-888,453
-868,469
-856,463
-896,473
-972,515
-972,513
-1016,517
-972,513
-988,535
-984,533
-980,519
-972,513
-896,455
-1004,471
-976,461
-944,365
-964,333
-884,325
-960,391
-872,365
-896,403
-868,405
-904,467
-848,423
-992,501
-960,497
-984,493
-944,471
-928,481
-936,487
-1032,535
-980,495
-896,485
-944,497
-892,461
-820,429
-904,457
-924,467
-928,485
-964,503
-916,493
-1016,531
-992,523
-924,485
-964,497
-964,487
-924,483
-952,507
-916,481
-848,457
-944,513
-936,505
-956,509
-980,511
-988,511
-936,497
-932,457
-936,489
-996,513
-1084,559
-1064,565
-972,499
-916,497
-1068,539
-1120,579
-1064,559
-996,515
-976,533
-920,507
-944,491
-936,497
-976,521
-904,499
-976,527
-980,501
-952,513
-980,503
-964,495
-1000,519
-1064,563
-1092,567
-1056,553
-928,499
-972,531
-992,535
-888,465
-832,425
-892,461
-924,463
-1016,531
-972,511
-988,519
-1064,555
-1000,541
-928,501
-1012,531
-948,503
-972,509
-980,507
-1024,537
-1020,537
-1024,533
-988,517
-1008,521
-880,471
-912,479
-932,479
-980,529
-964,505
-1064,541
-1064,549
-1004,529
-868,473
-840,455
-824,433
-900,481
-976,523
-984,525
-992,527
-912,479
-928,481
-940,511
-1008,525
-960,497
-984,505
-1032,535
-1092,531
-984,501
-932,455
-920,439
-832,381
-868,373
-868,423
-832,373
-828,367
-736,347
-832,369
-836,373
-816,321
-748,291
-836,343
-820,341
-748,365
-788,309
-784,327
-780,357
-896,453
-836,431
-860,395
-872,405
-792,371
-816,409
-764,373
-856,385
-872,387
-940,443
-920,443
-880,447
-928,491
-948,497
-984,523
-964,505
-980,515
-1008,535
-1064,549
-972,511
-1000,517
-964,499
-988,507
-980,457
-848,365
-876,375
-828,339
-804,381
-920,419
-876,413
-924,413
-904,417
-904,427
-972,485
-956,519
-1008,537
-972,509
-1024,543
-1052,549
-1008,537
-1104,571
-1048,547
-956,499
-1000,523
-1072,561
-1008,539
-988,515
-996,525
-908,451
-912,469
-928,463
-924,479
-860,443
-872,471
-936,499
-1016,527
-900,491
-952,487
-904,485
-904,461
-924,473
-876,429
-932,485
-872,435
-856,405
-884,443
-916,441
-904,445
-952,477
-956,467
-864,405
-932,449
-960,473
-1008,509
-920,471
-884,423
-812,359
-896,401
-840,339
-828,349
-820,341
-832,361
-920,433
-896,447
-932,423
-916,451
-868,423
-940,435
-936,455
-888,437
-936,457
-944,431
-976,455
-916,467
-904,429
-952,447
-856,411
-880,469
-892,431
-980,497
-988,521
-984,527
-892,485
-928,491
-976,503
-932,465
-956,485
-848,439
-936,461
-912,457
-992,521
-1008,531
-952,487
-1032,529
-936,479
-916,433
-916,425
-940,485
-1012,529
-988,515
-1056,551
-1036,543
-1020,527
-984,483
-908,451
-920,463
-916,489
-968,507
-988,501
-952,485
-980,523
-988,531
-904,491
-996,511
-928,489
-908,477
-944,503
-1032,535
-900,447
-812,401
-820,387
-872,441
-828,437
-840,453
-960,501
-988,513
-1028,521
-996,497
-972,509
-896,463
-852,413
-956,473
-892,437
-924,417
-928,435
-908,459
-992,485
-876,413
-868,389
-880,397
-904,415
-920,449
-904,435
-932,443
-864,423
-920,425
-884,423
-880,425
-892,445
-936,481
-868,459
-956,491
-1028,541
-1032,509
-968,517
-932,493
-900,445
-900,467
-920,499
-944,503
-896,475
-952,469
-964,521
-932,495
-948,499
-932,483
-968,483
-956,485
-944,445
-844,377
-860,405
-984,503
-972,505
-988,499
-1016,511
-980,501
-896,475
-900,477
-916,423
-940,475
-864,443
-988,497
-928,481
-892,447
-912,405
-964,441
-828,381
-860,373
-832,381
-768,319
-776,297
-832,345
-824,325
-828,341
-800,327
-888,341
-804,339
-808,347
-884,341
-892,321
-892,321
-868,301
-792,313
-848,351
-872,373
-872,259
-916,195
-908,173
-924,175
-824,199
-880,227
-880,229
-836,235
-864,193
-908,189
-896,163
-884,175
-860,179
-908,175
-880,181
-868,225
-844,233
-844,231
-872,173
-836,189
-840,203
-788,193
-792,163
-768,219
-752,165
-764,109
-832,23
-848,97
-784,83
-796,165
-768,229
-760,227
-808,267
-744,177
-780,179
-768,169
-796,151
-776,127
-788,127
-724,139
-736,81
-828,15
-804,-19
-740,49
-780,67
-832,71
-832,105
-908,171
-816,207
-844,241
-852,307
-880,347
-884,397
-852,437
-920,413
-908,387
-860,329
-836,335
-736,277
-760,327
-800,369
-816,371
-800,409
-820,403
-844,415
-876,417
-908,455
-804,369
-820,337
-800,321
-804,333
-784,343
-820,363
-828,337
-800,379
-884,415
-876,393
-892,425
-856,451
-896,435
-976,527
-920,505
-996,527
-972,517
-920,505
-888,477
-960,497
-988,501
-948,475
-956,487
-1048,531
-1044,557
-1016,537
-1020,529
-1036,545
-1016,525
-984,515
-1036,539
-1024,541
-1016,515
-960,491
-968,473
-928,473
-972,495
-944,501
-940,481
-964,451
-836,357
-860,377
-848,375
-880,355
-896,379
-944,389
-924,381
-968,377
-868,355
-884,407
-924,391
-900,407
-896,437
-872,399
-836,415
-956,497
-1004,527
-968,517
-940,497
-988,523
-928,479
-908,465
-968,511
-1004,527
-1040,547
-940,499
-936,483
-932,493
-928,505
-956,503
-880,449
-868,445
-956,485
-904,481
-972,513
-1000,497
-988,491
-976,481
-944,485
-904,437
-896,433
-872,433
-852,395
-876,371
-916,399
-996,443
-924,405
-912,371
-944,357
-884,365
-872,421
-840,391
-880,381
-808,331
-776,299
-820,363
-852,419
-888,377
-884,421
-884,421
-936,485
-972,517
-940,493
-992,531
-944,501
-924,491
-904,481
-944,499
-940,515
-1008,531
-992,501
-948,495
-916,479
-900,487
-960,509
-932,449
-924,443
-864,401
-856,367
-844,361
-872,361
-836,393
-872,381
-812,327
-788,219
-776,121
-792,157
-716,149
-776,143
-796,145
-828,221
-860,273
-860,305
-804,253
-788,317
-816,285
-760,249
-804,235
-692,171
-752,217
-724,253
-736,259
-832,281
-848,275
-820,225
-800,167
-804,149
-772,109
-848,171
-872,245
-892,257
-896,333
-852,311
-880,327
-860,335
-868,353
-852,333
-872,303
-864,343
-884,367
-892,345
-916,333
-924,315
-876,265
-804,251
-828,249
-764,257
-776,277
-776,211
-888,201
-908,225
-856,199
-816,205
-800,265
-800,279
-804,283
-740,229
-748,253
-780,307
-736,243
-708,207
-744,231
-824,279
-816,293
-736,301
-784,363
-812,333
-796,339
-856,361
-856,409
-904,421
-968,463
-916,441
-916,469
-844,445
-812,397
-896,425
-908,475
-936,477
-940,495
-928,495
-964,505
-948,493
-884,427
-936,461
-868,471
-896,467
-868,437
-948,459
-920,455
-864,383
-828,385
-824,357
-860,379
-864,373
-880,413
-872,391
-900,409
-892,371
-852,361
-836,355
-828,369
-844,381
-840,405
-820,423
-936,505
-984,513
-940,481
-936,495
-960,497
-1024,541
-1048,555
-1052,545
-1036,521
-1056,539
-1048,543
-1008,523
-956,493
-900,497
-956,517
-968,527
-936,509
-856,471
-920,457
-928,447
-940,457
-968,491
-968,483
-912,463
-904,479
-868,431
-912,453
-972,483
-1008,511
-984,495
-868,485
-876,449
-940,455
-1004,495
-932,441
-888,457
-944,469
-880,447
-876,413
-904,381
-800,351
-776,287
-812,285
-812,307
-872,323
-776,307
-824,357
-868,391
-944,447
-892,461
-1036,521
-984,507
-992,511
-976,519
-1008,499
-956,469
-864,423
-960,491
-940,487
-920,489
-1032,555
-1024,555
-940,487
-1000,523
-1004,525
-984,527
-1000,535
-972,517
-1020,503
-988,505
-1060,539
-980,515
-976,495
-1020,529
-1000,517
-976,531
-1028,541
-860,455
-840,443
-840,395
-840,383
-848,337
-792,331
-820,327
-868,349
-904,357
-912,375
-944,401
-956,445
-912,463
-968,507
-884,463
-924,465
-904,457
-872,471
-920,455
-928,477
-980,525
-928,503
-868,457
-896,457
-916,457
-920,415
-776,335
-848,333
-868,347
-936,411
-932,429
-944,391
-888,421
-852,371
-856,375
-960,469
-960,495
-1020,529
-1072,559
-1096,567
-1064,555
-984,515
-972,501
-1000,507
-968,493
-944,441
-928,449
-932,493
-984,519
-892,459
-852,387
-924,425
-900,423
-912,457
-992,501
-928,473
-956,487
-852,437
-872,441
-864,443
-908,431
-912,445
-936,481
-848,443
-852,453
-900,455
-876,419
-860,379
-836,403
-868,409
-880,357
-852,353
-808,381
-804,401
-872,449
-836,427
-884,465
-984,509
-960,499
-968,515
-932,477
-996,511
-952,477
-888,367
-864,329
-928,357
-896,345
-832,327
-836,317
-828,357
-888,355
-892,353
-896,371
-920,389
-1012,429
-936,385
-820,343
-940,375
-932,359
-804,285
-808,213
-748,253
-748,233
-800,259
-812,245
-784,245
-868,301
-884,295
-840,255
-764,219
-828,205
-740,227
-748,225
-696,189
-772,151
-768,171
-820,229
-808,255
-816,237
-772,197
-792,177
-752,95
-736,83
-832,39
-928,51
-824,53
-776,-37
-792,-1
-752,45
-844,25
-836,41
-856,-5
-828,-9
-804,17
-796,25
-784,-73
-824,-103
-776,-181
-796,-185
-848,-213
-844,-199
-820,-201
-776,-223
-764,-229
-804,-289
-844,-321
-892,-361
-828,-307
-840,-327
-872,-355
-856,-361
-920,-391
-848,-381
-912,-373
-872,-369
-856,-331
-816,-363
-868,-341
-896,-413
-912,-455
-884,-383
-872,-363
-860,-345
-720,-273
-728,-301
-764,-323
-776,-291
-824,-229
-800,-271
-724,-191
-812,-207
-804,-195
-792,-225
-784,-263
-740,-289
-852,-381
-860,-373
-944,-465
-992,-503
-952,-493
-984,-529
-948,-485
-896,-483
-892,-483
-948,-505
-988,-517
-980,-515
-964,-519
-1012,-515
-956,-497
-948,-493
-928,-485
-920,-465
-888,-483
-900,-461
-868,-467
-908,-477
-948,-491
-992,-503
-928,-497
-1012,-533
-988,-499
-1056,-521
-1028,-543
-1124,-585
-1024,-523
-964,-479
-988,-499
-996,-493
-968,-465
-972,-491
-936,-495
-932,-461
-888,-447
-860,-409
-920,-389
-864,-361
-852,-347
-908,-387
-868,-359
-884,-357
-860,-387
-824,-383
-856,-423
-828,-419
-940,-495
-924,-479
-1004,-519
-1024,-545
-976,-513
-968,-515
-1000,-529
-1032,-523
-928,-481
-884,-423
-904,-405
-900,-441
-952,-471
-888,-455
-908,-445
-780,-351
-812,-375
-760,-305
-812,-393
-824,-389
-828,-375
-820,-355
-832,-361
-856,-385
-960,-421
-868,-391
-860,-475
-948,-503
-892,-475
-964,-509
-912,-485
-920,-463
-924,-457
-932,-485
-1004,-515
-1020,-529
-1048,-547
-936,-499
-908,-481
-952,-485
-924,-473
-844,-443
-908,-495
-984,-529
-1024,-529
-980,-515
-988,-521
-1016,-511
-940,-491
-940,-469
-1044,-523
-1044,-517
-996,-495
-996,-517
-972,-473
-1004,-495
-876,-435
-896,-441
-932,-467
-924,-465
-1000,-515
-1000,-511
-1004,-493
-984,-495
-1024,-529
-976,-519
-948,-485
-980,-495
-936,-483
-888,-441
-828,-425
-776,-369
-880,-429
-868,-421
-844,-397
-916,-473
-828,-423
-872,-403
-804,-335
-808,-311
-688,-261
-680,-253
-676,-251
-808,-267
-832,-349
-832,-319
-924,-379
-916,-381
-896,-383
-820,-357
-832,-367
-844,-403
-904,-481
-912,-461
-948,-489
-968,-483
-928,-451
-864,-345
-864,-333
-864,-387
-836,-383
-920,-429
-904,-427
-984,-423
-948,-443
-880,-439
-968,-489
-976,-511
-932,-499
-984,-519
-976,-529
-948,-527
-1040,-555
-1088,-569
-940,-521
-992,-545
-896,-479
-880,-457
-816,-385
-880,-395
-872,-379
-836,-367
-828,-385
-736,-323
-864,-357
-888,-393
-936,-383
-948,-363
-1008,-393
-936,-377
-896,-393
-812,-321
-788,-309
-916,-377
-876,-411
-812,-409
-820,-365
-876,-395
-804,-355
-808,-299
-768,-303
-780,-351
-776,-377
-824,-399
-884,-401
-852,-403
-828,-393
-872,-441
-860,-401
-836,-357
-952,-377
-940,-397
-896,-423
-856,-415
-888,-469
-860,-457
-944,-511
-940,-505
-1056,-539
-1016,-529
-968,-507
-880,-457
-860,-433
-864,-445
-948,-495
-908,-441
-916,-437
-904,-471
-984,-515
-928,-481
-972,-471
-988,-485
-1012,-505
-996,-495
-908,-463
-1016,-519
-932,-505
-960,-493
-976,-505
-912,-479
-980,-521
-1068,-553
-1028,-549
-940,-521
-916,-489
-964,-509
-920,-493
-980,-515
-976,-501
-1020,-527
-968,-523
-948,-507
-992,-515
-928,-507
-1024,-545
-1056,-549
-1012,-541
-956,-521
-924,-471
-876,-405
-880,-397
-936,-461
-888,-459
-968,-503
-1008,-529
-1000,-531
-988,-493
-1012,-503
-956,-497
-980,-509
-980,-527
-940,-479
-932,-479
-876,-385
-880,-391
-872,-355
-884,-377
-864,-413
-864,-397
-900,-427
-908,-427
-916,-465
-836,-443
-844,-431
-900,-433
-892,-443
-900,-467
-940,-497
-936,-465
-888,-461
-956,-483
-880,-453
-888,-481
-904,-485
-892,-477
-860,-467
-928,-445
-864,-371
-864,-377
-804,-319
-844,-251
-736,-221
-780,-255
-792,-285
-844,-301
-792,-251
-796,-235
-752,-239
-740,-247
-804,-297
-828,-273
-836,-277
-896,-281
-896,-293
-864,-365
-892,-383
-860,-397
-908,-355
-880,-283
-824,-297
-776,-269
-812,-243
-836,-273
-892,-287
-912,-289
-856,-253
-888,-227
-848,-161
-748,-191
-792,-207
-792,-219
-856,-215
-924,-263
-928,-191
-884,-177
-824,-181
-872,-233
-772,-261
-792,-281
-788,-305
-876,-355
-900,-395
-824,-389
-888,-397
-832,-359
-804,-405
-924,-483
-956,-455
-840,-413
-932,-463
-856,-423
-936,-463
-1012,-545
-1076,-563
-968,-525
-984,-515
-1012,-517
-928,-503
-940,-507
-920,-497
-972,-521
-1024,-521
-1012,-537
-1068,-565
-1024,-549
-996,-525
-972,-513
-1016,-529
-1000,-527
-928,-469
-872,-451
-892,-425
-952,-501
-972,-499
-884,-475
-936,-483
-944,-461
-932,-463
-904,-439
-924,-469
-964,-463
-892,-465
-900,-447
-988,-495
-948,-493
-988,-505
-1044,-513
-932,-473
-988,-471
-900,-403
-912,-469
-960,-499
-836,-437
-856,-451
-776,-375
-744,-319
-780,-281
-844,-265
-908,-345
-916,-391
-972,-443
-860,-359
-876,-385
-904,-405
-896,-413
-856,-449
-976,-495
-976,-505
-916,-463
-884,-441
-856,-421
-880,-399
-840,-417
-832,-387
-820,-371
-920,-375
-916,-415
-940,-475
-980,-475
-896,-463
-928,-481
-984,-517
-1052,-555
-1052,-557
-968,-499
-956,-497
-984,-507
-956,-499
-1044,-551
-1028,-543
-1036,-539
-1044,-529
-1004,-499
-960,-467
-956,-455
-980,-457
-940,-447
-892,-429
-984,-489
-972,-499
-920,-479
-1032,-525
-936,-453
-904,-395
-932,-417
-864,-389
-884,-363
-876,-425
-932,-453
-956,-461
-868,-425
-880,-415
-844,-419
-864,-411
-872,-407
-916,-435
-968,-499
-956,-497
-980,-487
-964,-479
-940,-489
-956,-493
-952,-449
-952,-463
-1060,-527
-944,-465
-992,-485
-992,-503
-940,-471
-996,-499
-988,-529
-964,-511
-896,-439
-932,-475
-964,-509
-1016,-529
-976,-499
-1028,-543
-948,-495
-1036,-533
-1040,-555
-964,-513
-1036,-521
-996,-501
-1056,-565
-1036,-537
-980,-477
-976,-491
-924,-493
-916,-457
-856,-391
-916,-479
-1000,-535
-948,-503
-972,-497
-872,-451
-872,-455
-1044,-559
-1060,-559
-1016,-543
-920,-487
-888,-457
-924,-459
-884,-431
-776,-391
-876,-339
-844,-267
-860,-259
-856,-269
-848,-313
-792,-333
-820,-269
-800,-199
-784,-195
-796,-203
-708,-123
-700,-157
-732,-199
-784,-163
-792,-157
-796,-163
-792,-191
-816,-197
-792,-195
-832,-197
-812,-225
-760,-181
-800,-319
-808,-303
-760,-289
-808,-327
-844,-281
-820,-303
-836,-271
-860,-179
-832,-139
-828,-217
-800,-285
-896,-299
-860,-259
-880,-279
-864,-257
-912,-289
-844,-229
-840,-207
-816,-167
-804,-139
-824,-105
-744,-145
-832,-155
-864,-159
-784,-147
-756,-17
-740,-61
-740,-125
-756,-107
-744,-149
-780,-145
-800,-119
-812,-99
-856,-111
-840,-85
-840,-81
-808,-103
-792,-49
-756,33
-852,97
-840,129
-864,181
-932,155
-836,95
-900,147
-780,177
-764,243
-764,241
-836,251
-892,307
-900,269
-812,231
-844,295
-904,357
-836,343
-840,295
-844,283
-960,315
-848,309
-868,299
-908,343
-916,339
-912,361
-860,333
-880,307
-884,305
-916,339
-840,317
-856,341
-904,373
-892,397
-868,377
-916,427
-936,463
-944,457
-880,385
-896,409
-900,397
-952,459
-852,393
-832,435
-908,497
-1040,547
-1076,565
-1000,537
-1016,553
-952,517
-1024,533
-852,445
-884,465
-820,441
-824,399
-828,397
-912,467
-888,489
-888,471
-964,461
-896,431
-808,357
-824,377
-888,391
-880,417
-900,447
-968,457
-972,457
-872,433
-856,387
-808,353
-840,283
-792,243
-760,263
-844,279
-884,351
-956,429
-880,387
-896,395
-916,429
-896,455
-876,461
-928,465
-928,443
-844,343
-792,361
-940,461
-924,451
-964,477
-976,485
-900,441
-940,463
-924,479
-924,503
-1080,557
-1088,565
-1052,559
-1028,527
-1048,545
-1076,555
-1052,515
-920,479
-992,483
-872,445
-908,455
-928,481
-900,467
-936,445
-944,473
-1016,475
-964,465
-964,491
-984,519
-932,473
-932,459
-860,425
-880,441
-856,423
-836,417
-868,469
-920,485
-924,487
-984,507
-888,471
-960,513
-992,521
-928,477
-932,489
-796,425
-860,467
-920,471
-1000,503
-924,463
-852,421
-928,443
-888,435
-832,395
-804,381
-932,457
-904,447
-884,461
-920,485
-888,439
-896,463
-916,475
-936,473
-844,429
-784,409
-860,453
-816,449
-888,487
-888,467
-776,425
-820,457
-888,467
-948,491
-804,425
-912,425
-864,435
-888,449
-976,519
-928,511
-908,495
-1004,513
-1032,535
-924,477
-880,477
-936,469
-928,465
-936,441
-900,411
-864,387
-916,425
-928,427
-952,437
-972,523
-900,483
-832,437
-880,437
-856,465
-904,469
-888,461
-928,447
-872,401
-880,397
-900,411
-920,413
-924,439
-888,445
-940,495
-984,507
-1024,547
-904,485
-848,439
-836,409
-896,455
-936,499
-864,463
-992,501
-956,473
-984,493
-984,443
-1032,549
-1012,533
-1012,535
-1000,525
-1036,515
-944,481
-1024,521
-1064,535
-956,503
-988,509
-964,509
-972,505
-888,477
-908,477
-900,465
-888,457
-920,481
-888,475
-964,511
-924,495
-864,423
-912,469
-888,485
-916,487
-1044,529
-992,527
-892,465
-884,469
-904,489
-888,489
-984,531
-928,501
-928,483
-972,501
-960,515
-956,503
-988,509
-1004,525
-920,465
-944,463
-864,425
-876,435
-836,405
-852,417
-916,471
-956,513
-972,505
-1076,543
-996,499
-920,431
-936,449
-908,447
-832,421
-928,481
-980,521
-968,517
-984,537
-984,523
-980,523
-976,511
-1036,505
-1084,549
-996,531
-900,485
-944,477
-912,469
-864,427
-936,483
-948,509
-932,497
-888,467
-956,487
-880,439
-864,431
-860,413
-944,435
-868,429
-872,425
-900,453
-940,465
-920,481
-884,441
-864,443
-944,461
-908,515
-928,491
-844,403
-832,395
-784,283
-784,305
-876,457
-864,471
-932,501
-936,501
-904,489
-948,491
-968,507
-908,479
-892,441
-936,481
-848,441
-820,435
-828,451
-924,493
-908,463
-908,457
-928,453
-984,497
-920,497
-948,513
-1020,531
-1012,523
-988,521
-972,517
-940,483
-900,449
-884,457
-1012,517
-976,505
-932,481
-948,511
-960,495
-936,493
-876,439
-892,415
-920,371
-836,337
-836,275
-856,191
-836,159
-820,143
-832,151
-800,195
-752,183
-784,251
-812,307
-864,379
-864,427
-904,419
-864,369
-868,365
-916,379
-904,411
-840,419
-836,421
-892,457
-900,445
-840,425
-892,427
-892,441
-900,431
-844,441
-952,465
-1048,531
-1024,519
-888,457
-968,503
-1028,523
-952,509
-968,487
-984,461
-1012,475
-992,479
-968,459
-952,461
-920,407
-884,391
-920,421
-880,395
-868,395
-832,315
-952,365
-860,375
-868,299
-864,365
-860,343
-916,371
-924,427
-828,383
-824,277
-776,279
-768,333
-744,283
-808,309
-896,353
-916,463
-788,395
-872,427
-884,413
-864,397
-868,343
-868,365
-856,353
-876,369
-880,361
-844,357
-752,317
-680,223
-776,191
-700,213
-800,299
-808,291
-808,295
-820,319
-884,395
-768,309
-832,319
-788,385
-828,385
-840,357
-720,255
-748,311
-876,357
-908,371
-928,373
-932,367
-1012,437
-932,369
-880,297
-804,193
-872,235
-840,333
-836,265
-840,257
-808,203
-828,195
-840,215
-848,257
-784,181
-824,241
-780,263
-708,217
-636,141
-676,95
-716,149
-764,149
-804,185
-740,205
-760,131
-856,123
-856,201
-896,201
-884,203
-876,153
-900,135
-868,201
-896,169
-868,187
-848,263
-916,299
-920,315
-860,275
-860,339
-896,347
-896,363
-836,293
-800,307
-868,293
-876,295
-956,371
-972,401
-960,381
-840,341
-880,363
-876,353
-980,367
-868,327
-820,341
-860,323
-816,325
-808,293
-816,383
-840,417
-872,429
-944,471
-912,407
-924,419
-956,433
-940,443
-996,511
-960,505
-992,535
-980,503
-980,503
-936,475
-992,495
-964,465
-944,463
-908,449
-916,505
-980,513
-956,507
-1028,535
-1016,515
-1016,531
-944,477
-940,515
-952,515
-952,483
-924,469
-856,431
-852,413
-840,405
-800,383
-852,401
-840,389
-884,397
-804,343
-812,277
-788,305
-856,367
-820,355
-796,285
-752,243
-812,279
-808,279
-808,327
-780,289
-872,395
-880,423
-944,485
-988,525
-932,499
-948,495
-960,469
-976,495
-988,503
-936,467
-900,447
-860,425
-860,441
-784,403
-880,421
-776,363
-808,411
-836,433
-888,467
-956,461
-856,415
-824,375
-888,411
-876,397
-892,415
-928,455
-816,347
-876,351
-876,379
-864,393
-940,431
-952,461
-1024,499
-1004,521
-896,437
-888,463
-944,463
-932,491
-1044,539
-1064,533
-948,475
-920,447
-864,353
-824,353
-848,397
-888,443
-868,465
-896,457
-904,449
-884,383
-836,323
-884,315
-852,341
-912,397
-872,445
-840,451
-916,491
-944,497
-984,517
-1004,513
-836,409
-932,465
-928,437
-912,419
-832,413
-828,391
-840,399
-896,401
-840,379
-860,359
-808,323
-812,327
-940,377
-960,355
-892,317
-904,327
-856,355
-832,325
-780,235
-856,233
-768,213
-848,213
-816,171
-780,177
-768,249
-804,267
-936,305
-964,399
-916,429
-888,413
-796,375
-840,359
-904,367
-936,367
-952,317
-856,235
-820,161
-804,167
-808,153
-720,127
-796,109
-832,111
-808,137
-792,157
-792,187
-768,211
-844,211
-848,277
-848,307
-840,289
-872,267
-848,301
-900,341
-876,341
-932,317
-912,345
-888,307
-840,303
-852,339
-816,339
-880,355
-852,385
-860,383
-776,345
-688,303
-768,317
-776,321
-852,225
-812,163
-728,201
-760,199
-760,127
-744,197
-688,197
-700,231
-696,189
-728,195
-772,185
-796,259
-780,257
-840,277
-828,329
-800,345
-788,305
-784,291
-848,213
-824,219
-896,237
-888,281
-896,317
-916,305
-844,281
-876,291
-872,301
-844,303
-824,313
-884,299
-916,341
-800,359
-856,391
-888,381
-904,413
-988,491
-904,471
-976,501
-900,463
-916,443
-960,463
-904,439
-916,421
-872,429
-840,429
-940,455
-884,419
-956,467
-948,469
-884,423
-876,393
-936,437
-920,425
-944,451
-964,465
-956,433
-860,381
-868,339
-852,399
-952,447
-860,379
-852,371
-804,327
-740,259
-736,253
-736,207
-720,155
-760,135
-804,201
-772,157
-768,61
-812,59
-788,55
-872,103
-844,75
-820,61
-800,107
-760,167
-760,145
-720,163
-788,185
-728,193
-768,163
-740,237
-756,251
-736,215
-792,245
-764,209
-788,253
-856,395
-768,295
-832,315
-804,309
-916,431
-960,445
-916,371
-852,361
-916,431
-848,391
-864,407
-892,367
-852,223
-836,231
-896,187
-816,149
-868,199
-800,253
-916,271
-904,233
-868,241
-816,317
-812,315
-852,393
-876,397
-920,419
-920,445
-848,419
-836,439
-916,449
-844,417
-944,487
-1008,525
-948,503
-952,507
-920,481
-988,489
-996,507
-948,493
-964,527
-940,467
-968,495
-920,493
-968,503
-952,489
-1028,533
-988,509
-956,503
-928,489
-936,453
-928,491
-884,475
-836,411
-864,431
-960,509
-920,501
-932,495
-968,501
-928,499
-1048,549
-1024,543
-1080,565
-1036,553
-928,497
-968,509
-904,489
-952,499
-976,463
-996,481
-968,489
-940,469
-892,443
-892,409
-896,399
-912,461
-888,457
-968,477
-1016,475
-844,397
-832,387
-840,375
-840,357
-888,321
-784,225
-756,255
-736,207
-744,143
-816,133
-828,189
-796,221
-828,209
-820,217
-848,205
-800,185
-796,193
-852,251
-860,223
-800,263
-796,211
-836,205
-876,251
-844,305
-796,305
-812,281
-884,303
-848,301
-820,253
-884,271
-824,263
-824,235
-788,151
-776,143
-700,187
-736,255
-856,281
-856,387
-840,417
-872,397
-844,327
-944,381
-940,401
-988,459
-924,415
-912,419
-880,467
-900,439
-884,409
-920,435
-916,463
-932,451
-908,459
-900,425
-888,435
-908,445
-884,427
-944,455
-864,433
-920,485
-984,525
-980,529
-864,423
-940,501
-888,443
-948,511
-988,537
-980,527
-936,487
-976,477
-916,459
-980,477
-940,435
-864,365
-892,343
-856,317
-912,361
-848,337
-900,385
-896,417
-916,469
-944,485
-900,463
-876,455
-888,465
-868,397
-892,363
-956,437
-876,389
-848,401
-868,385
-904,399
-864,363
-836,309
-876,353
-868,423
-900,457
-840,415
-864,439
-876,433
-904,461
-956,509
-996,517
-896,471
-928,485
-896,443
-848,387
-972,429
-932,409
-952,419
-892,425
-948,449
-936,465
-1000,517
-876,461
-920,421
-848,349
-820,347
-864,343
-920,351
-936,291
-936,227
-868,309
-868,373
-804,317
-836,303
-732,315
-676,215
-712,205
-764,255
-764,221
-784,223
-772,259
-752,241
-752,257
-760,271
-804,303
-856,351
-824,331
-888,311
-892,315
-836,271
-736,255
-824,221
-812,189
-820,163
-792,257
-792,261
-820,209
-800,193
-792,179
-728,129
-812,115
-800,137
-768,181
-820,243
-808,289
-824,363
-848,399
-812,353
-824,351
-804,351
-796,371
-804,351
-880,393
-780,363
-828,375
-892,455
-988,487
-980,509
-852,447
-980,505
-952,495
-968,503
-884,461
-912,455
-908,435
-860,421
-944,419
-912,371
-924,381
-948,353
-900,359
-904,391
-856,313
-820,303
-820,287
-800,309
-848,355
-872,389
-848,329
-700,209
-712,131
-748,107
-744,119
-820,207
-880,227
-924,249
-808,171
-796,119
-824,119
-816,73
-800,123
-852,111
-784,117
-780,133
-788,155
-780,189
-804,211
-780,199
-788,209
-800,151
-788,99
-840,165
-768,199
-796,221
-880,231
-780,265
-820,359
-844,329
-892,425
-928,441
-940,429
-948,453
-936,469
-944,495
-932,475
-928,465
-884,393
-872,383
-856,365
-864,347
-808,359
-864,381
-792,355
-844,323
-852,331
-844,339
-876,353
-844,331
-908,371
-900,377
-920,361
-820,373
-780,343
-788,329
-900,401
-944,401
-904,421
-944,463
-912,479
-904,463
-916,461
-948,473
-988,505
-924,461
-900,417
-840,395
-900,337
-944,337
-960,387
-972,391
-936,403
-976,427
-936,449
-960,453
-920,423
-924,425
-948,415
-944,419
-924,399
-852,349
-960,373
-820,285
-768,267
-740,321
-832,339
-900,361
-864,373
-916,387
-932,433
-872,409
-896,439
-872,427
-944,457
-952,451
-972,409
-928,385
-944,449
-932,469
-1020,519
-976,485
-928,497
-940,489
-944,507
-932,499
-1040,525
-976,523
-912,487
-824,433
-860,465
-888,475
-1012,525
-1064,557
-944,497
-956,493
-868,447
-908,481
-820,413
-872,429
-848,409
-892,447
-892,427
-888,433
-924,463
-884,425
-936,475
-812,411
-816,347
-956,471
-1028,517
-968,477
-916,487
-940,473
-952,465
-892,381
-908,397
-868,383
-916,393
-844,397
-848,393
-868,405
-1048,471
-1004,477
-952,451
-888,427
-936,475
-916,437
-896,413
-880,381
-884,439
-912,479
-1000,491
-948,469
-916,471
-864,459
-824,395
-948,451
-956,463
-912,427
-888,423
-968,477
-888,445
-936,459
-992,505
-924,465
-840,419
-836,417
-932,463
-892,431
-952,463
-952,409
-952,405
-980,479
-936,431
-928,419
-896,391
-792,291
-856,309
-824,317
-852,363
-884,355
-832,403
-844,417
-760,361
-848,405
-972,419
-868,403
-820,283
-804,353
-848,413
-884,437
-972,505
-904,475
-912,485
-920,499
-1008,529
-932,497
-944,495
-788,409
-784,391
-880,433
-932,427
-920,413
-780,351
-768,313
-736,255
-796,247
-872,251
-840,291
-844,351
-808,341
-816,331
-836,349
-924,375
-848,379
-844,403
-788,339
-780,313
-836,383
-980,465
-936,463
-984,495
-916,481
-996,519
-1008,543
-1128,583
-1008,539
-888,425
-808,407
-960,465
-940,469
-936,395
-952,463
-972,465
-944,443
-1016,477
-964,443
-916,427
-900,413
-904,357
-844,315
-840,327
-908,367
-884,359
-852,363
-868,363
-856,341
-920,403
-960,395
-972,433
-936,457
-984,487
-1008,537
-960,513
-888,483
-896,443
-912,479
-1048,529
-1040,543
-1004,489
-952,497
-996,515
-964,503
-988,517
-928,457
-956,469
-912,455
-932,465
-984,507
-936,479
-976,535
-988,519
-936,519
-976,529
-968,529
-1020,535
-984,517
-992,531
-1024,537
-940,485
-940,461
-888,445
-924,501
-1012,545
-1036,555
-952,515
-976,517
-952,509
-1020,539
-1040,539
-1084,563
-1008,521
-964,497
-908,461
-844,441
-904,465
-900,443
-936,479
-928,471
-928,451
-928,433
-952,505
-948,501
-988,515
-996,515
-960,487
-868,419
-980,511
-912,497
-860,441
-816,419
-952,493
-928,467
-880,429
-960,463
-960,451
-940,465
-988,507
-980,509
-944,503
-908,483
-904,491
-940,505
-972,507
-976,521
-928,481
-944,477
-936,469
-872,457
-912,483
-980,513
-1004,517
-952,505
-1040,541
-928,509
-840,465
-948,499
-936,491
-884,473
-900,469
-940,493
-956,491
-1004,499
-964,487
-1052,529
-1056,527
-1004,509
-1028,523
-1000,517
-908,471
-900,447
-936,449
-932,477
-888,433
-836,423
-800,433
-860,431
-860,425
-964,491
-928,425
-840,405
-852,353
-804,329
-716,283
-756,269
-804,293
-872,345
-860,361
-892,353
-920,393
-936,415
-868,349
-844,331
-888,381
-880,431
-872,417
-972,499
-936,461
-996,513
-1020,535
-936,483
-928,475
-944,501
-1012,527
-1016,531
-868,443
-912,481
-972,511
-908,483
-720,409
-812,419
-872,453
-868,453
-800,397
-796,335
-852,383
-796,341
-828,409
-976,457
-956,457
-896,415
-892,393
-916,431
-860,421
-916,497
-892,479
-904,473
-864,429
-864,405
-844,373
-900,365
-832,363
-892,429
-936,487
-924,445
-864,371
-840,329
-840,331
-840,323
-892,405
-888,411
-864,425
-824,427
-888,445
-828,407
-816,425
-812,393
-880,439
-848,395
-824,339
-896,407
-972,433
-892,393
-812,345
-844,373
-936,469
-1036,511
-972,515
-904,445
-952,495
-968,499
-932,463
-948,477
-848,437
-776,415
-724,361
-752,411
-816,389
-880,407
-940,443
-924,453
-788,385
-868,419
-896,423
-956,455
-908,435
-944,485
-928,429
-944,485
-916,479
-904,459
-884,453
-880,455
-920,473
-992,491
-1000,503
-932,469
-992,453
-1000,463
-932,435
-1000,515
-1076,565
-1040,535
-1068,571
-1020,549
-984,535
-936,503
-944,517
-1012,545
-1028,533
-1024,545
-1068,563
-1060,559
-1032,523
-920,471
-1012,519
-992,517
-1048,547
-1076,565
-1012,539
-1044,523
-936,489
-884,455
-964,477
-888,391
-800,355
-884,405
-892,415
-876,427
-888,415
-852,407
-880,419
-948,479
-876,453
-928,471
-848,407
-852,415
-920,457
-952,477
-948,475
-968,473
-948,483
-936,495
-960,517
-996,523
-996,513
-948,473
-1028,497
-892,457
-872,443
-812,363
-844,393
-948,441
-924,465
-1028,531
-960,535
-984,521
-1020,547
-972,515
-952,501
-892,461
-984,513
-892,471
-840,409
-932,479
-936,501
-984,501
-964,497
-980,519
-1012,529
-1024,549
-1128,575
-1008,513
-932,481
-896,453
-864,395
-872,431
-880,427
-980,475
-932,447
-828,387
-808,391
-944,475
-992,537
-1052,551
-1036,527
-908,463
-788,413
-888,465
-936,491
-1036,533
-996,519
-1060,535
-1008,527
-960,521
-948,499
-964,513
-952,499
-968,513
-948,497
-1012,515
-956,513
-952,491
-836,443
-988,515
-1016,505
-972,513
-1040,537
-952,489
-944,507
-980,507
-984,515
-1004,537
-936,497
-964,503
-980,527
-1036,539
-1004,541
-976,523
-984,533
-992,523
-904,481
-952,477
-980,517
-956,499
-924,485
-948,487
-940,473
-900,457
-876,423
-860,417
-908,433
-892,447
-868,439
-832,397
-864,431
-1000,521
-1004,493
-1044,475
-860,429
-996,437
-920,393
-904,385
-864,351
-764,249
-720,219
-872,255
-924,245
-876,193
-884,209
-804,197
-740,203
-796,323
-916,361
-844,361
-896,359
-876,361
-928,387
-944,371
-872,331
-852,309
-804,273
-816,265
-816,239
-824,239
-840,231
-840,295
-872,301
-828,285
-804,289
-776,273
-920,385
-884,353
-856,315
-844,311
-892,343
-880,357
-832,313
-824,299
-928,381
-900,413
-980,463
-940,431
-964,465
-968,471
-1044,521
-980,493
-968,495
-940,499
-964,511
-992,501
-980,509
-1000,535
-968,497
-928,497
-920,491
-976,511
-952,509
-980,523
-960,493
-964,523
-1060,563
-1048,563
-948,519
-984,519
-936,497
-1004,527
-984,529
-1004,521
-1048,547
-1040,531
-940,483
-920,495
-960,503
-992,497
-944,473
-1016,517
-992,527
-980,523
-984,531
-940,481
-1000,487
-1032,513
-956,473
-960,475
-916,449
-888,437
-968,495
-968,513
-932,457
-900,435
-836,445
-992,531
-1000,511
-1024,517
-1040,549
-1108,555
-1020,519
-984,519
-1056,559
-1128,579
-1036,541
-1020,535
-984,527
-996,513
-956,489
-1028,491
-972,463
-880,469
-888,493
-928,505
-980,523
-968,523
-1052,555
-1052,547
-980,509
-980,515
-956,503
-960,515
-984,525
-916,481
-972,499
-896,447
-788,391
-856,411
-796,361
-784,349
-816,333
-892,397
-896,427
-892,417
-864,393
-844,395
-856,389
-828,409
-892,477
-928,499
-984,537
-984,523
-956,475
-864,415
-940,441
-880,437
-900,415
-832,369
-856,383
-776,363
-860,451
-916,481
-972,519
-1012,531
-1004,527
-940,503
-920,501
-1024,537
-1016,535
-976,525
-976,513
-1032,555
-968,525
-952,511
-956,491
-932,493
-876,431
-972,463
-976,485
-956,427
-960,433
-916,399
-860,357
-848,351
-908,387
-856,377
-884,385
-916,361
-888,365
-872,441
-932,433
-928,409
-964,429
-944,439
-888,439
-984,499
-1008,521
-984,511
-852,435
-924,443
-908,415
-780,297
-860,329
-824,319
-900,257
-832,167
-832,235
-876,233
-896,293
-800,279
-864,273
-828,271
-872,275
-852,327
-804,309
-792,351
-832,369
-784,345
-788,375
-868,395
-904,413
-824,409
-912,497
-900,463
-932,481
-940,489
-936,501
-920,481
-872,433
-872,451
-948,465
-868,425
-936,409
-868,357
-840,313
-832,291
-852,249
-844,221
-872,199
-828,147
-792,105
-804,87
-824,123
-812,133
-848,41
-868,-21
-852,3
-820,37
-816,83
-756,53
-760,49
-828,17
-800,-13
-788,15
-772,13
-776,-47
-720,-81
-804,-165
-792,-221
-796,-243
-844,-291
-856,-315
-724,-271
-760,-299
-808,-339
-860,-395
-892,-435
-872,-441
-940,-469
-912,-443
-944,-443
-888,-363
-864,-375
-804,-387
-744,-341
-832,-401
-776,-397
-876,-451
-840,-451
-920,-467
-1004,-525
-1028,-545
-992,-537
-1048,-553
-960,-509
-1084,-559
-1024,-547
-988,-529
-988,-531
-928,-491
-888,-485
-912,-503
-912,-471
-936,-465
-912,-479
-880,-431
-824,-397
-888,-449
-852,-413
-812,-417
-880,-435
-876,-393
-912,-423
-908,-415
-816,-369
-868,-447
-856,-409
-924,-457
-956,-455
-872,-401
-880,-393
-776,-327
-824,-335
-864,-315
-788,-285
-828,-207
-872,-209
-896,-191
-832,-147
-868,-167
-796,-133
-848,-179
-808,-161
-800,-145
-792,-125
-764,-115
-828,-197
-848,-213
-872,-211
-904,-161
-844,-157
-848,-157
-844,-145
-816,-117
-840,-79
-856,-133
-928,-217
-924,-235
-872,-193
-840,-167
-772,-241
-760,-239
-840,-307
-844,-269
-888,-269
-884,-227
-868,-211
-928,-247
-836,-247
-860,-301
-844,-339
-868,-303
-916,-339
-912,-359
-896,-345
-960,-407
-940,-417
-888,-441
-848,-427
-972,-463
-968,-507
-928,-467
-964,-457
-864,-447
-912,-435
-908,-433
-1000,-525
-964,-525
-1016,-537
-956,-519
-952,-507
-940,-499
-940,-479
-924,-479
-924,-479
-1036,-519
-968,-499
-1040,-547
-996,-533
-984,-509
-916,-445
-960,-479
-936,-473
-836,-409
-832,-381
-820,-387
-764,-301
-748,-351
-868,-421
-876,-427
-828,-399
-864,-421
-860,-423
-840,-413
-836,-403
-920,-479
-884,-423
-880,-395
-908,-395
-896,-379
-904,-405
-972,-417
-992,-449
-908,-423
-992,-487
-900,-415
-836,-421
-892,-451
-860,-437
-960,-489
-952,-469
-928,-419
-880,-435
-828,-403
-808,-357
-852,-419
-868,-447
-920,-449
-884,-399
-908,-373
-844,-381
-880,-379
-884,-397
-852,-355
-880,-347
-836,-265
-812,-263
-748,-277
-784,-323
-852,-311
-820,-299
-808,-247
-844,-257
-856,-289
-816,-295
-860,-331
-908,-387
-872,-387
-872,-411
-888,-439
-936,-465
-884,-431
-824,-427
-940,-489
-940,-477
-916,-503
-876,-465
-892,-469
-948,-487
-808,-431
-876,-481
-860,-431
-860,-401
-892,-439
-920,-433
-996,-451
-988,-477
-976,-479
-920,-423
-984,-481
-884,-409
-872,-419
-848,-347
-824,-337
-868,-329
-852,-353
-816,-321
-852,-333
-784,-317
-796,-249
-832,-227
-844,-173
-868,-223
-868,-205
-872,-243
-792,-173
-892,-191
-744,-167
-756,-157
-792,-241
-772,-187
-856,-101
-776,-103
-808,-149
-840,-197
-840,-281
-848,-279
-836,-287
-784,-307
-928,-365
-980,-369
-956,-407
-996,-459
-988,-491
-996,-495
-976,-497
-1036,-549
-1000,-527
-932,-503
-932,-481
-964,-513
-1020,-541
-1020,-539
-1028,-545
-1076,-565
-996,-525
-936,-505
-892,-461
-844,-375
-980,-473
-880,-459
-948,-489
-928,-471
-992,-527
-1040,-537
-932,-497
-940,-495
-1008,-511
-900,-437
-936,-427
-828,-421
-816,-419
-840,-465
-900,-451
-796,-363
-816,-359
-844,-333
-864,-335
-912,-377
-940,-383
-932,-403
-848,-363
-916,-439
-896,-459
-888,-441
-952,-485
-940,-487
-928,-399
-880,-339
-796,-337
-788,-303
-852,-321
-872,-329
-884,-337
-844,-375
-900,-369
-756,-291
-836,-347
-904,-405
-916,-457
-880,-453
-808,-401
-892,-441
-948,-461
-940,-465
-872,-393
-956,-451
-972,-487
-1016,-537
-968,-505
-908,-471
-928,-475
-920,-469
-884,-429
-936,-463
-956,-439
-932,-409
-916,-357
-896,-445
-936,-451
-924,-433
-968,-475
-940,-433
-904,-443
-924,-425
-884,-439
-864,-433
-852,-465
-896,-467
-1044,-517
-984,-497
-948,-487
-920,-495
-848,-471
-860,-467
-844,-447
-944,-445
-984,-449
-920,-449
-848,-441
-896,-469
-908,-483
-932,-465
-876,-441
-948,-463
-872,-411
-864,-391
-948,-475
-960,-459
-936,-469
-964,-479
-964,-489
-1024,-537
-1028,-531
-1024,-529
-1024,-537
-932,-467
-880,-447
-932,-449
-940,-473
-932,-443
-948,-441
-960,-441
-872,-383
-864,-395
-804,-337
-868,-379
-852,-361
-840,-393
-848,-417
-848,-427
-920,-461
-968,-473
-912,-423
-916,-411
-908,-465
-904,-415
-832,-343
-860,-367
-828,-307
-896,-399
-892,-401
-880,-395
-916,-447
-920,-429
-936,-425
-896,-437
-928,-495
-972,-479
-856,-389
-916,-397
-804,-345
-816,-287
-736,-239
-788,-277
-804,-273
-868,-267
-756,-211
-788,-297
-852,-309
-876,-291
-876,-319
-836,-293
-812,-327
-828,-299
-860,-307
-848,-353
-744,-315
-824,-405
-884,-445
-864,-419
-920,-447
-780,-389
-800,-409
-884,-467
-812,-421
-844,-375
-856,-361
-828,-353
-768,-359
-880,-395
-892,-439
-960,-481
-988,-495
-988,-515
-996,-507
-992,-511
-852,-459
-956,-491
-932,-477
-920,-457
-936,-475
-944,-471
-872,-445
-892,-423
-928,-435
-900,-421
-964,-425
-936,-459
-976,-489
-960,-469
-948,-461
-888,-441
-872,-411
-956,-409
-844,-415
-864,-369
-876,-343
-900,-375
-892,-381
-828,-377
-936,-367
-940,-347
-824,-307
-808,-277
-784,-251
-880,-281
-904,-301
-800,-327
-848,-277
-868,-297
-988,-355
-960,-319
-880,-327
-856,-351
-856,-339
-780,-269
-796,-285
-832,-317
-900,-381
-864,-387
-920,-399
-876,-413
-796,-389
-868,-421
-872,-419
-824,-427
-844,-423
-908,-407
-948,-439
-988,-511
-948,-481
-884,-405
-888,-409
-884,-407
-940,-473
-992,-507
-928,-479
-928,-491
-980,-509
-928,-457
-908,-487
-892,-481
-916,-499
-1000,-513
-988,-513
-948,-519
-988,-527
-1032,-525
-1000,-511
-1020,-527
-1040,-545
-920,-495
-944,-501
-876,-447
-932,-471
-880,-401
-888,-415
-920,-469
-860,-415
-788,-375
-860,-415
-920,-411
-912,-385
-904,-391
-952,-457
-920,-471
-908,-455
-892,-441
-848,-411
-872,-409
-884,-417
-800,-411
-756,-353
-864,-415
-840,-413
-928,-385
-908,-385
-808,-329
-812,-311
-832,-297
-792,-273
-816,-297
-876,-339
-956,-349
-844,-297
-912,-345
-828,-303
-896,-277
-840,-267
-824,-243
-800,-239
-760,-227
-812,-315
-892,-413
-860,-453
-960,-509
-888,-449
-964,-503
-1028,-535
-980,-517
-896,-463
-948,-473
-908,-455
-952,-461
-900,-385
-808,-379
-840,-389
-860,-429
-944,-469
-964,-459
-864,-435
-924,-499
-952,-515
-812,-429
-912,-479
-936,-509
-880,-489
-860,-457
-1012,-519
-920,-463
-956,-485
-904,-473
-880,-467
-884,-475
-956,-513
-960,-481
-1084,-555
-1012,-513
-992,-495
-1044,-525
-964,-491
-920,-467
-960,-461
-808,-343
-908,-407
-940,-409
-896,-437
-968,-467
-948,-487
-1020,-487
-936,-409
-836,-385
-868,-385
-796,-369
-904,-387
-908,-471
-952,-489
-1016,-531
-940,-497
-852,-441
-876,-445
-828,-447
-856,-449
-948,-489
-1008,-529
-1044,-547
-976,-507
-948,-495
-888,-413
-892,-383
-908,-375
-892,-421
-932,-415
-916,-379
-932,-387
-864,-339
-868,-401
-868,-401
-892,-421
-908,-407
-932,-433
-976,-409
-964,-389
-932,-361
-968,-413
-1036,-491
-948,-431
-940,-445
-848,-385
-952,-449
-932,-409
-828,-393
-832,-427
-732,-355
-848,-391
-860,-359
-808,-319
-828,-391
-908,-421
-944,-423
-956,-411
-928,-337
-912,-357
-860,-315
-812,-339
-832,-325
-860,-279
-840,-297
-852,-317
-784,-225
-840,-207
-772,-159
-784,-169
-820,-165
-856,-159
-816,-183
-800,-167
-820,-187
-828,-185
-888,-157
-824,-197
-816,-201
-780,-195
-796,-201
-924,-213
-864,-275
-892,-263
-904,-299
-892,-337
-912,-375
-872,-367
-916,-417
-872,-421
-836,-353
-824,-341
-920,-405
-960,-411
-868,-369
-868,-369
-872,-355
-908,-395
-844,-375
-916,-445
-904,-429
-940,-463
-920,-465
-832,-375
-840,-385
-852,-405
-812,-397
-864,-437
-936,-455
-896,-411
-952,-419
-912,-423
-892,-401
-980,-429
-964,-443
-884,-451
-872,-459
-924,-491
-988,-521
-916,-497
-888,-485
-920,-491
-888,-461
-892,-477
-948,-503
-1012,-547
-1008,-547
-980,-523
-1024,-539
-996,-543
-1044,-553
-1000,-545
-960,-521
-924,-487
-960,-457
-884,-413
-964,-445
-928,-469
-932,-457
-860,-391
-888,-399
-900,-423
-964,-455
-884,-443
-928,-467
-964,-481
-896,-473
-924,-465
-880,-417
-928,-475
-904,-487
-964,-509
-1020,-529
-996,-523
-1016,-533
-960,-495
-1004,-489
-992,-519
-1004,-545
-908,-489
-964,-495
-936,-489
-868,-449
-848,-421
-904,-411
-948,-411
-892,-369
-940,-421
-916,-407
-852,-381
-872,-335
-872,-341
-816,-331
-788,-323
-788,-241
-760,-137
-752,-75
-720,-11
-704,-31
-692,-95
-724,-163
-676,-165
-716,-83
-696,39
-684,51
-732,-39
-752,-51
-800,3
-844,123
-792,149
-812,169
-836,133
-736,125
-728,199
-800,111
-804,149
-688,135
-688,91
-736,201
-780,331
-900,447
-956,437
-928,441
-980,465
-988,487
-984,495
-980,499
-952,509
-976,491
-988,509
-972,485
-976,459
-920,457
-1008,501
-964,509
-904,493
-932,515
-960,515
-948,509
-932,501
-936,487
-948,505
-948,489
-884,475
-996,525
-1004,529
-932,483
-908,447
-976,493
-980,507
-936,483
-904,495
-924,495
-896,465
-900,443
-856,417
-876,441
-924,451
-912,435
-888,387
-904,387
-908,365
-884,357
-844,351
-896,447
-956,483
-960,507
-984,523
-1024,541
-1036,547
-952,515
-924,501
-968,511
-992,515
-960,485
-976,495
-944,485
-1024,547
-976,507
-844,429
-944,489
-852,417
-960,515
-924,479
-920,485
-940,495
-1012,529
-992,529
-1000,535
-1036,543
-880,463
-908,449
-828,381
-896,417
-856,381
-880,415
-912,463
-984,515
-932,491
-960,511
-1004,527
-1032,535
-928,477
-956,495
-888,465
-904,467
-816,379
-892,383
-852,385
-812,385
-852,399
-832,387
-864,403
-884,379
-844,399
-940,473
-932,481
-924,485
-924,501
-904,471
-976,535
-888,467
-872,467
-920,479
-928,465
-1008,487
-896,441
-968,421
-872,415
-960,503
-944,505
-952,493
-956,493
-912,471
-876,435
-880,453
-892,455
-952,489
-944,517
-900,487
-932,467
-900,475
-784,381
-824,405
-912,463
-912,455
-888,453
-972,509
-884,437
-832,381
-848,361
-816,323
-912,379
-928,403
-912,417
-900,373
-868,313
-860,311
-836,337
-844,353
-828,369
-836,371
-872,357
-852,345
-928,411
-908,451
-900,449
-876,459
-824,439
-860,457
-824,437
-892,417
-828,375
-888,407
-992,499
-976,511
-968,515
-956,519
-1032,533
-1016,531
-1048,529
-1016,495
-1028,499
-952,473
-980,493
-1060,551
-948,505
-956,477
-948,441
-912,461
-948,453
-912,459
-880,443
-864,427
-788,365
-852,383
-784,391
-824,381
-804,319
-892,337
-896,363
-828,355
-864,331
-860,317
-920,355
-888,367
-892,341
-740,215
-720,197
-688,155
-736,113
-780,89
-708,101
-728,79
-744,57
-804,61
-860,35
-804,53
-816,-59
-788,-51
-752,-3
-808,19
-756,-5
-752,-37
-808,-55
-840,-47
-768,1
-752,47
-768,83
-752,85
-764,129
-748,179
-704,199
-792,259
-840,239
-852,293
-904,311
-880,359
-860,383
-880,419
-932,475
-880,459
-880,459
-884,445
-876,447
-856,431
-864,439
-856,435
-964,479
-952,459
-960,455
-884,373
-860,361
-864,357
-860,421
-980,477
-960,493
-992,499
-948,493
-1004,533
-1008,515
-1048,543
-1004,531
-924,491
-936,477
-924,425
-944,403
-916,367
-936,423
-892,417
-972,449
-1008,525
-1060,551
-1036,545
-1040,553
-968,519
-944,485
-908,455
-824,423
-796,425
-852,343
-816,307
-880,319
-816,315
-844,349
-780,327
-948,407
-888,373
-908,383
-952,403
-996,453
-928,423
-932,425
-900,385
-876,391
-824,387
-788,281
-868,319
-828,315
-844,333
-816,339
-784,359
-812,345
-776,277
-824,333
-816,305
-836,311
-848,359
-860,423
-936,461
-964,495
-996,499
-964,441
-924,489
-876,471
-948,499
-984,457
-992,489
-980,485
-984,525
-1016,533
-1072,551
-996,531
-1020,543
-1052,553
-952,507
-984,509
-956,509
-932,515
-1000,531
-1000,531
-888,473
-984,513
-976,515
-892,477
-848,445
-840,423
-864,405
-908,389
-868,325
-820,325
-888,387
-936,389
-836,337
-964,379
-912,413
-880,377
-972,415
-932,437
-944,445
-1004,489
-1000,497
-884,459
-844,439
-876,453
-940,501
-940,479
-920,499
-976,513
-956,497
-1052,541
-1036,535
-1016,497
-972,487
-952,517
-968,513
-1032,529
-964,493
-980,517
-964,493
-952,493
-984,521
-936,485
-908,497
-980,525
-1000,531
-980,525
-1028,547
-996,539
-980,531
-956,507
-1024,525
-1020,539
-1004,537
-920,471
-828,367
-876,435
-904,431
-856,407
-884,415
-812,287
-760,227
-820,277
-872,381
-876,327
-876,269
-820,259
-852,215
-836,205
-752,125
-784,113
-792,85
-768,117
-876,207
-908,301
-852,315
-856,383
-880,387
-860,427
-956,493
-900,419
-908,473
-892,469
-924,475
-1032,539
-1036,549
-1024,543
-952,505
-960,493
-892,489
-928,491
-940,497
-944,505
-1052,555
-960,509
-980,505
-1060,555
-1004,535
-956,513
-988,521
-992,539
-944,515
-964,521
-956,499
-920,459
-904,437
-884,465
-940,493
-980,513
-1012,539
-944,513
-988,531
-924,473
-936,423
-916,355
-896,327
-856,285
-840,301
-856,279
-764,165
-700,185
-728,227
-720,251
-660,243
-716,253
-796,311
-840,349
-896,359
-912,375
-948,421
-872,367
-836,333
-892,321
-892,381
-884,351
-888,359
-844,355
-932,461
-884,427
-912,471
-904,477
-916,491
-928,495
-924,477
-900,445
-864,393
-908,435
-868,439
-924,501
-920,491
-1000,523
-976,511
-1000,527
-956,487
-888,451
-964,493
-1000,513
-1032,511
-1020,507
-916,491
-844,449
-980,515
-984,525
-992,533
-940,485
-964,507
-896,465
-932,473
-900,471
-832,403
-876,439
-796,397
-820,383
-752,295
-776,295
-832,303
-804,329
-740,287
-744,231
-732,195
-780,297
-804,305
-820,371
-916,455
-912,435
-916,471
-872,409
-892,417
-884,399
-904,371
-864,353
-796,293
-792,233
-820,211
-812,155
-852,195
-772,215
-804,159
-720,221
-740,141
-892,213
-888,181
-848,183
-772,127
-808,91
-728,43
-740,95
-720,15
-800,17
-864,35
-824,-23
-788,-67
-752,-77
-772,27
-772,-71
-776,-129
-772,-177
-824,-281
-860,-303
-856,-325
-912,-353
-916,-353
-928,-345
-928,-341
-904,-317
-892,-325
-836,-347
-872,-327
-808,-337
-856,-403
-968,-471
-880,-375
-924,-377
-872,-353
-896,-393
-912,-363
-856,-379
-876,-415
-868,-439
-912,-485
-984,-497
-964,-501
-952,-497
-984,-499
-972,-497
-844,-441
-772,-373
-852,-411
-868,-439
-880,-447
-900,-485
-956,-521
-968,-469
-872,-455
-1008,-523
-1064,-531
-1100,-549
-1044,-539
-972,-489
-936,-477
-952,-463
-948,-457
-880,-425
-896,-431
-944,-465
-844,-395
-868,-423
-924,-421
-872,-407
-880,-473
-964,-505
-900,-451
-856,-449
-832,-423
-904,-479
-928,-495
-1020,-533
-984,-495
-964,-491
-960,-453
-932,-453
-932,-449
-988,-495
-932,-487
-988,-513
-964,-497
-972,-521
-1036,-549
-1000,-525
-996,-521
-996,-517
-924,-495
-944,-467
-856,-411
-856,-391
-832,-359
-820,-367
-800,-353
-860,-391
-812,-385
-796,-381
-836,-359
-868,-417
-844,-419
-984,-505
-1028,-543
-984,-523
-1008,-513
-880,-469
-928,-475
-900,-483
-924,-495
-968,-497
-904,-453
-920,-459
-844,-429
-816,-391
-880,-431
-860,-371
-872,-383
-884,-417
-872,-427
-780,-349
-840,-315
-832,-255
-892,-325
-844,-321
-736,-277
-780,-225
-808,-259
-812,-283
-788,-329
-804,-351
-844,-379
-944,-449
-880,-451
-908,-417
-864,-343
-836,-339
-860,-387
-876,-385
-860,-409
-896,-433
-820,-351
-836,-305
-808,-271
-828,-269
-808,-289
-792,-345
-832,-327
-788,-301
-784,-331
-864,-391
-852,-351
-832,-365
-856,-381
-856,-375
-832,-385
-868,-421
-848,-425
-836,-427
-868,-419
-820,-403
-884,-397
-920,-411
-868,-435
-816,-347
-912,-399
-1000,-411
-856,-361
-816,-305
-896,-369
-1000,-429
-1020,-419
-908,-311
-880,-317
-896,-359
-868,-281
-844,-229
-800,-221
-844,-251
-896,-195
-836,-175
-808,-251
-804,-249
-872,-181
-808,-125
-792,-107
-808,-127
-848,-101
-748,-87
-768,-33
-828,-67
-816,-69
-836,-59
-812,-77
-840,-107
-860,-33
-856,23
-812,17
-720,25
-712,33
-756,123
-776,125
-768,151
-784,179
-820,209
-824,227
-884,311
-880,357
-840,307
-944,333
-936,375
-864,415
-888,439
-960,489
-940,487
-944,495
-940,455
-956,463
-948,465
-908,445
-876,421
-888,415
-872,391
-884,391
-872,337
-904,397
-836,323
-860,307
-840,361
-904,429
-904,439
-860,431
-976,487
-936,473
-940,435
-956,435
-956,421
-1004,505
-968,495
-1008,509
-960,505
-956,499
-1000,511
-972,487
-832,403
-792,395
-848,415
-928,469
-988,475
-956,477
-960,485
-1012,521
-956,511
-920,507
-1016,515
-1044,551
-1048,553
-948,451
-900,463
-976,491
-932,471
-928,471
-888,393
-844,375
-824,359
-812,399
-812,421
-832,405
-836,401
-920,425
-1032,523
-992,441
-884,387
-904,363
-848,321
-856,313
-892,357
-904,377
-920,361
-936,377
-932,419
-932,441
-940,479
-852,395
-884,413
-964,475
-956,471
-908,433
-908,437
-944,481
-932,505
-928,487
-980,505
-948,471
-920,447
-920,485
-956,487
-944,491
-952,439
-988,495
-868,457
-796,423
-824,403
-824,383
-960,487
-916,485
-900,469
-992,511
-924,441
-876,419
-916,453
-860,407
-932,459
-896,391
-868,367
-828,391
-828,409
-880,405
-892,453
-924,455
-936,431
-896,357
-832,327
-848,395
-892,397
-912,365
-900,347
-848,271
-872,331
-844,293
-840,315
-864,303
-872,363
-812,363
-744,357
-824,371
-820,385
-904,419
-948,459
-852,441
-852,423
-836,379
-892,385
-876,405
-860,397
-844,369
-880,409
-912,391
-936,399
-908,417
-880,413
-896,433
-848,427
-824,291
-788,233
-868,247
-864,233
-832,165
-892,135
-840,145
-776,109
-832,101
-760,81
-776,159
-732,157
-700,149
-684,163
-788,149
-792,153
-700,117
-740,167
-784,131
-816,157
-860,107
-840,21
-756,73
-796,51
-812,77
-820,129
-772,85
-796,71
-776,125
-736,161
-724,157
-796,187
-820,157
-816,211
-844,245
-804,295
-832,273
-800,205
-824,189
-844,245
-712,185
-796,259
-852,243
-840,233
-876,289
-880,331
-888,279
-876,245
-860,215
-856,139
-816,211
-828,217
-884,245
-844,217
-796,187
-732,127
-856,121
-864,89
-832,93
-828,43
-824,-27
-808,-51
-872,-55
-772,51
-812,23
-832,-21
-852,27
-828,-31
-776,-147
-772,-227
-828,-345
-860,-351
-816,-361
-828,-387
-880,-401
-912,-459
-1024,-541
-1008,-511
-960,-485
-996,-521
-1008,-515
-984,-509
-1080,-563
-988,-489
-928,-431
-944,-461
-760,-377
-836,-439
-900,-487
-928,-467
-900,-469
-960,-477
-972,-491
-920,-463
-876,-419
-912,-467
-900,-465
-968,-513
-1016,-525
-924,-501
-1000,-523
-976,-515
-976,-519
-988,-527
-1020,-541
-1016,-525
-968,-487
-984,-503
-984,-481
-976,-469
-956,-477
-892,-445
-880,-451
-880,-415
-900,-443
-960,-427
-924,-429
-892,-393
-892,-381
-912,-429
-952,-487
-1012,-509
-1004,-517
-996,-517
-952,-477
-928,-465
-1004,-511
-992,-523
-1008,-535
-1008,-517
-1036,-515
-924,-459
-900,-415
-908,-443
-900,-375
-880,-309
-900,-275
-884,-309
-904,-339
-932,-411
-828,-393
-908,-397
-868,-317
-912,-411
-932,-451
-904,-449
-956,-483
-952,-471
-864,-471
-892,-463
-956,-505
-948,-505
-920,-495
-928,-483
-948,-499
-872,-439
-944,-483
-972,-515
-992,-495
-976,-515
-964,-509
-896,-453
-840,-395
-932,-471
-972,-521
-948,-505
-960,-499
-928,-471
-904,-451
-908,-455
-836,-401
-860,-437
-940,-493
-892,-507
-984,-519
-956,-519
-956,-523
-956,-499
-1032,-507
-1052,-525
-988,-515
-964,-489
-904,-437
-852,-417
-800,-367
-752,-357
-904,-443
-916,-453
-904,-461
-952,-491
-996,-523
-880,-497
-996,-533
-1044,-549
-940,-481
-984,-519
-952,-509
-952,-511
-972,-519
-992,-527
-960,-515
-956,-503
-936,-453
-888,-415
-1020,-493
-1036,-489
-1012,-461
-968,-439
-932,-439
-940,-473
-940,-467
-884,-455
-928,-481
-972,-523
-984,-535
-1008,-541
-1068,-559
-1016,-539
-992,-527
-908,-479
-888,-451
-944,-485
-988,-527
-952,-509
-848,-451
-952,-483
-964,-489
-916,-475
-952,-503
-1056,-557
-1024,-553
-936,-497
-932,-497
-968,-487
-1024,-515
-984,-507
-960,-499
-952,-475
-916,-479
-876,-449
-908,-443
-980,-485
-940,-483
-896,-457
-912,-489
-940,-501
-900,-461
-916,-465
-936,-469
-984,-515
-1008,-535
-1024,-553
-980,-495
-940,-489
-940,-451
-952,-455
-960,-469
-932,-449
-960,-431
-928,-437
-944,-419
-968,-473
-972,-489
-892,-459
-940,-465
-932,-471
-960,-491
-1056,-525
-936,-475
-920,-495
-1052,-549
-1036,-549
-960,-495
-948,-479
-880,-487
-964,-517
-1036,-537
-1020,-507
-932,-473
-816,-355
-828,-369
-800,-357
-808,-305
-816,-341
-796,-373
-808,-325
-884,-375
-948,-429
-884,-417
-932,-447
-960,-475
-948,-485
-1008,-515
-972,-507
-1024,-527
-948,-459
-876,-457
-900,-475
-936,-473
-900,-471
-864,-449
-892,-455
-928,-495
-924,-463
-896,-429
-832,-359
-884,-401
-860,-345
-836,-247
-868,-251
-868,-285
-868,-265
-864,-291
-820,-265
-872,-217
-876,-265
-860,-277
-836,-277
-852,-345
-908,-379
-880,-395
-880,-425
-888,-421
-852,-431
-848,-421
-936,-421
-908,-419
-944,-467
-916,-433
-916,-435
-976,-485
-1016,-533
-952,-491
-896,-413
-884,-411
-912,-431
-920,-459
-976,-471
-932,-469
-1044,-499
-932,-427
-932,-451
-924,-419
-956,-431
-1024,-471
-1012,-481
-948,-473
-1064,-547
-992,-533
-1020,-539
-1060,-547
-952,-519
-948,-499
-944,-491
-932,-433
-900,-447
-912,-449
-928,-453
-984,-453
-1040,-483
-968,-491
-924,-479
-884,-451
-864,-427
-856,-393
-868,-341
-860,-397
-832,-359
-928,-425
-912,-429
-1012,-489
-960,-449
-924,-415
-884,-363
-936,-375
-948,-397
-920,-383
-940,-405
-876,-447
-872,-457
-940,-483
-980,-515
-956,-471
-976,-465
-924,-437
-960,-475
-972,-467
-920,-493
-932,-507
-972,-521
-1012,-535
-960,-497
-1000,-495
-1016,-505
-920,-469
-900,-359
-932,-393
-848,-329
-840,-373
-904,-407
-960,-449
-968,-487
-956,-483
-948,-479
-936,-455
-956,-429
-952,-443
-976,-453
-956,-421
-872,-393
-896,-407
-860,-447
-940,-517
-924,-503
-988,-513
-872,-445
-808,-365
-812,-345
-884,-365
-884,-391
-740,-341
-720,-295
-860,-281
-808,-261
-908,-277
-908,-273
-912,-249
-876,-281
-788,-317
-868,-271
-840,-277
-852,-215
-900,-201
-888,-179
-944,-279
-940,-295
-940,-277
-884,-303
-832,-273
-876,-287
-908,-233
-868,-225
-848,-257
-840,-221
-780,-165
-804,-171
-836,-169
-868,-175
-816,-177
-780,-119
-748,-137
-808,-65
-896,-71
-892,-135
-828,-207
-808,-253
-816,-239
-792,-189
-888,-243
-840,-229
-912,-237
-868,-277
-816,-263
-828,-297
-808,-213
-776,-195
-732,-181
-848,-257
-916,-323
-860,-245
-888,-275
-864,-231
-792,-233
-888,-263
-820,-301
-824,-359
-856,-309
-860,-293
-784,-339
-880,-415
-868,-419
-824,-387
-908,-459
-796,-397
-812,-393
-852,-425
-912,-461
-944,-473
-956,-493
-924,-479
-956,-505
-976,-505
-1044,-539
-1032,-525
-1012,-533
-1016,-517
-1100,-561
-1016,-513
-992,-509
-892,-457
-900,-431
-856,-423
-928,-445
-952,-487
-920,-463
-920,-445
-896,-449
-932,-489
-928,-499
-900,-469
-952,-491
-1000,-521
-896,-473
-876,-435
-920,-453
-952,-467
-916,-459
-888,-443
-932,-459
-908,-457
-1000,-511
-884,-473
-936,-461
-924,-439
-860,-395
-872,-403
-904,-435
-828,-419
-904,-413
-912,-411
-828,-389
-852,-375
-772,-357
-808,-405
-848,-449
-836,-421
-864,-461
-884,-451
-840,-401
-852,-387
-820,-359
-844,-391
-836,-379
-832,-335
-808,-325
-836,-361
-792,-349
-836,-381
-928,-405
-880,-409
-880,-377
-884,-373
-888,-345
-832,-305
-864,-305
-780,-243
-748,-153
-756,-131
-784,-155
-780,-177
-692,-169
-756,-263
-808,-329
-844,-337
-864,-377
-808,-373
-800,-339
-792,-365
-872,-415
-912,-439
-876,-471
-980,-521
-944,-501
-984,-525
-968,-513
-976,-479
-948,-485
-928,-481
-1028,-541
-1000,-523
-1012,-539
-1080,-567
-1068,-549
-996,-507
-992,-497
-872,-441
-940,-469
-920,-449
-896,-481
-888,-441
-912,-455
-828,-359
-828,-397
-1020,-525
-972,-507
-976,-481
-900,-465
-900,-457
-976,-493
-1024,-545
-1044,-549
-992,-527
-1104,-579
-976,-519
-980,-515
-972,-513
-944,-469
-936,-425
-912,-433
-936,-431
-908,-431
-948,-413
-868,-371
-884,-407
-932,-409
-872,-327
-860,-363
-820,-359
-816,-315
-856,-337
-892,-367
-984,-401
-996,-457
-948,-479
-968,-513
-972,-499
-972,-511
-1012,-525
-984,-513
-968,-477
-956,-507
-976,-507
-904,-477
-940,-505
-1020,-493
-872,-411
-816,-331
-824,-307
-824,-329
-832,-325
-796,-283
-860,-307
-932,-331
-816,-325
-884,-393
-884,-403
-884,-423
-796,-419
-932,-487
-908,-471
-944,-477
-960,-463
-932,-501
-860,-475
-924,-491
-892,-483
-988,-511
-952,-505
-1044,-539
-936,-493
-964,-505
-988,-531
-984,-519
-1020,-543
-1020,-543
-956,-511
-996,-515
-888,-479
-876,-457
-900,-421
-956,-403
-808,-313
-764,-179
-776,-147
-808,-189
-816,-173
-808,-163
-916,-239
-932,-265
-808,-269
-832,-263
-872,-315
-824,-255
-736,-173
-720,-123
-796,-169
-868,-265
-816,-189
-876,-167
-812,-157
-784,-189
-840,-221
-828,-247
-776,-163
-740,-171
-824,-125
-788,-175
-796,-199
-772,-243
-820,-317
-824,-287
-868,-311
-888,-351
-844,-331
-904,-325
-912,-309
-848,-273
-812,-301
-868,-333
-872,-379
-904,-399
-1000,-461
-964,-479
-1040,-539
-948,-505
-968,-497
-860,-463
-924,-509
-1000,-523
-896,-473
-952,-497
-936,-475
-884,-389
-852,-381
-896,-413
-904,-435
-888,-433
-912,-455
-816,-383
-812,-397
-860,-401
-956,-427
-936,-411
-860,-349
-888,-379
-840,-337
-856,-365
-848,-401
-892,-431
-936,-451
-880,-441
-868,-437
-864,-435
-912,-447
-928,-457
-916,-447
-932,-481
-1008,-513
-952,-505
-940,-493
-944,-507
-908,-503
-976,-531
-1024,-547
-1060,-551
-1032,-507
-952,-469
-984,-489
-948,-509
-904,-469
-984,-499
-940,-493
-992,-493
-1004,-497
-964,-481
-972,-497
-972,-507
-1024,-539
-1000,-529
-988,-501
-960,-505
-968,-515
-980,-523
-976,-531
-1024,-539
-988,-531
-1056,-551
-984,-535
-1028,-551
-1004,-527
-1028,-543
-944,-495
-880,-459
-856,-441
-904,-467
-908,-491
-952,-493
-936,-507
-1024,-545
-1028,-539
-1040,-531
-992,-511
-980,-485
-868,-439
-812,-357
-804,-345
-808,-371
-940,-447
-896,-399
-904,-427
-900,-417
-884,-419
-904,-411
-936,-399
-864,-363
-864,-351
-856,-319
-848,-295
-836,-299
-832,-321
-836,-303
-812,-275
-816,-267
-880,-271
-932,-235
-892,-397
-968,-357
-876,-321
-836,-289
-896,-289
-860,-281
-804,-255
-736,-247
-828,-315
-864,-381
-856,-381
-856,-407
-860,-383
-932,-429
-864,-405
-936,-395
-900,-427
-872,-419
-900,-469
-884,-481
-844,-437
-828,-429
-832,-429
-792,-373
-808,-377
-872,-363
-876,-419
-808,-383
-856,-409
-836,-437
-836,-433
-852,-411
-872,-373
-888,-375
-852,-335
-824,-251
-796,-259
-812,-259
-832,-277
-880,-313
-812,-219
-880,-271
-836,-209
-840,-201
-804,-221
-828,-277
-784,-231
-864,-351
-932,-407
-920,-407
-996,-439
-1020,-447
-988,-433
-892,-385
-952,-389
-848,-309
-832,-365
-764,-355
-824,-395
-856,-401
-864,-435
-960,-481
-976,-491
-952,-451
-912,-485
-844,-453
-872,-435
-904,-443
-928,-461
-960,-469
-1024,-513
-904,-479
-988,-489
-988,-515
-952,-489
-924,-453
-924,-473
-960,-501
-956,-497
-988,-509
-876,-445
-968,-497
-980,-497
-940,-485
-896,-475
-868,-465
-848,-403
-864,-447
-940,-503
-976,-503
-932,-493
-1020,-541
-964,-509
-836,-401
-940,-457
-932,-387
-932,-441
-984,-461
-916,-443
-864,-405
-916,-407
-860,-401
-884,-369
-936,-397
-892,-399
-852,-323
-788,-273
-808,-239
-848,-285
-892,-311
-828,-337
-852,-387
-840,-393
-892,-455
-952,-479
-940,-471
-932,-483
-908,-473
-840,-447
-852,-431
-900,-467
-920,-475
-876,-467
-952,-491
-888,-461
-1008,-539
-988,-509
-880,-475
-1008,-533
-984,-511
-880,-465
-876,-471
-872,-461
-876,-433
-940,-447
-912,-395
-860,-391
-908,-453
-924,-453
-860,-403
-916,-467
-900,-457
-896,-465
-904,-423
-868,-431
-792,-397
-808,-409
-884,-435
-824,-399
-780,-335
-796,-339
-828,-349
-784,-333
-900,-395
-864,-385
-836,-369
-860,-361
-912,-401
-896,-407
-908,-407
-876,-403
-900,-421
-888,-421
-848,-435
-840,-425
-936,-455
-852,-439
-936,-487
-908,-471
-936,-477
-900,-489
-876,-453
-932,-467
-812,-421
-872,-393
-828,-415
-840,-411
-924,-457
-888,-417
-912,-455
-924,-501
-964,-507
-1012,-509
-1044,-523
-972,-503
-972,-503
-988,-507
-956,-513
-900,-509
-1036,-543
-1060,-545
-1044,-547
-1040,-549
-1056,-553
-1024,-529
-1044,-511
-1000,-491
-944,-477
-956,-465
-904,-409
-924,-437
-868,-409
-784,-329
-884,-415
-808,-385
-888,-455
-848,-407
-772,-389
-764,-375
-856,-441
-900,-439
-876,-445
-868,-427
-900,-397
-900,-377
-796,-295
-836,-343
-780,-311
-772,-311
-756,-287
-816,-275
-796,-247
-836,-285
-824,-277
-796,-259
-804,-257
-828,-269
-832,-263
-792,-245
-844,-275
-892,-341
-896,-307
-876,-317
-792,-215
-704,-185
-756,-203
-756,-225
-788,-313
-792,-341
-768,-325
-824,-389
-904,-395
-792,-321
-804,-365
-836,-415
-792,-393
-832,-403
-864,-401
-852,-325
-816,-325
-780,-319
-880,-355
-888,-357
-804,-291
-816,-291
-780,-267
-864,-285
-836,-261
-824,-255
-816,-257
-804,-275
-836,-293
-784,-261
-784,-293
-824,-321
-828,-311
-784,-227
-812,-217
-804,-315
-868,-343
-868,-323
-780,-279
-776,-249
-792,-267
-856,-385
-880,-427
-864,-407
-808,-401
-776,-347
-732,-365
-852,-427
-880,-417
-840,-409
-860,-445
-912,-463
-960,-467
-952,-485
-904,-429
-896,-405
-952,-483
-940,-491
-932,-495
-964,-507
-940,-493
-960,-491
-984,-519
-952,-519
-992,-523
-960,-497
-952,-487
-972,-465
-964,-469
-872,-405
-932,-445
-868,-435
-848,-391
-832,-361
-876,-335
-808,-293
-884,-287
-904,-267
-852,-331
-912,-379
-828,-327
-844,-305
-772,-293
-804,-293
-876,-333
-784,-291
-876,-349
-908,-369
-936,-387
-988,-451
-980,-457
-940,-459
-848,-409
-892,-449
-916,-465
-868,-413
-948,-413
-948,-445
-1012,-485
-896,-467
-916,-443
-960,-467
-956,-467
-892,-399
-844,-351
-772,-269
-808,-307
-888,-347
-860,-357
-844,-353
-912,-369
-936,-387
-864,-313
-888,-325
-880,-381
-948,-439
-1004,-501
-932,-493
-1000,-535
-988,-521
-956,-497
-856,-449
-940,-483
-1004,-527
-940,-507
-968,-509
-956,-513
-948,-487
-916,-455
-948,-479
-892,-453
-924,-477
-1000,-507
-932,-485
-992,-501
-948,-483
-928,-475
-924,-463
-884,-441
-896,-461
-828,-447
-760,-373
-800,-407
-896,-475
-932,-451
-900,-431
-956,-461
-884,-443
-912,-475
-908,-453
-932,-491
-936,-417
-960,-419
-844,-389
-944,-423
-1020,-467
-1004,-501
-908,-437
-920,-433
-952,-417
-896,-403
-780,-363
-868,-379
-932,-399
-924,-403
-812,-399
-916,-415
-952,-471
-1040,-527
-1120,-579
-996,-539
-980,-509
-1000,-511
-984,-493
-872,-387
-932,-427
-964,-463
-968,-479
-928,-461
-1000,-487
-944,-471
-928,-431
-988,-461
-896,-419
-956,-451
-880,-427
-824,-359
-864,-359
-852,-385
-944,-349
-960,-305
-884,-301
-836,-305
-764,-219
-780,-251
-764,-267
-832,-297
-856,-323
-904,-403
-916,-403
-868,-403
-792,-405
-896,-481
-944,-509
-896,-457
-960,-525
-980,-521
-1052,-553
-1016,-537
-980,-479
-1032,-539
-980,-507
-928,-479
-932,-475
-916,-433
-876,-453
-952,-473
-1076,-561
-1016,-511
-980,-527
-992,-523
-944,-503
-984,-523
-928,-495
-936,-491
-948,-473
-916,-433
-788,-409
-948,-487
-896,-443
-876,-431
-832,-395
-860,-441
-844,-397
-928,-483
-956,-519
-948,-515
-940,-495
-840,-407
-940,-457
-956,-475
-924,-483
-904,-449
-928,-453
-880,-453
-872,-417
-864,-411
-864,-405
-868,-429
-960,-455
-968,-445
-904,-451
-920,-477
-876,-463
-928,-501
-896,-447
-888,-473
-968,-515
-1020,-539
-1048,-551
-1060,-551
-908,-469
-1000,-497
-996,-509
-932,-453
-864,-415
-984,-473
-900,-459
-984,-485
-1008,-517
-996,-511
-1008,-521
-960,-511
-1068,-559
-1016,-545
-1024,-541
-1052,-557
-1024,-549
-1012,-525
-1020,-517
-972,-491
-948,-465
-920,-463
-924,-481
-1020,-531
-1012,-523
-984,-521
-1060,-551
-1000,-525
-888,-487
-928,-485
-944,-481
-900,-465
-932,-479
-1012,-495
-1020,-503
-1044,-519
-1004,-511
-1016,-527
-1032,-543
-944,-515
-1044,-545
-984,-531
-1052,-557
-928,-495
-988,-535
-968,-493
-896,-445
-952,-495
-868,-443
-880,-411
-884,-421
-940,-469
-996,-509
-1000,-539
-944,-517
-936,-495
-908,-493
-980,-509
-840,-395
-912,-425
-908,-403
-916,-421
-868,-387
-828,-389
-804,-363
-804,-337
-816,-407
-908,-441
-876,-369
-952,-409
-828,-369
-816,-387
-880,-435
-1000,-487
-988,-501
-952,-447
-880,-387
-904,-425
-964,-435
-872,-433
-948,-455
-964,-511
-944,-499
-1000,-537
-988,-515
-932,-519
-872,-471
-832,-423
-856,-405
-816,-387
-828,-409
-840,-457
-828,-437
-972,-513
-912,-491
-912,-509
-964,-501
-1004,-535
-1044,-551
-1064,-551
-1012,-527
-1048,-541
-1016,-545
-984,-535
-1060,-561
-1072,-555
-964,-513
-1020,-529
-1040,-547
-912,-483
-956,-499
-960,-515
-916,-463
-940,-489
-964,-503
-1016,-505
-924,-437
-904,-463
-984,-499
-976,-507
-1008,-531
-980,-517
-904,-473
-952,-493
-976,-515
-916,-483
-808,-401
-824,-435
-864,-421
-852,-439
-836,-417
-912,-455
-896,-441
-908,-471
-936,-479
-860,-403
-896,-425
-828,-389
-820,-405
-808,-411
-816,-429
-912,-439
-852,-411
-848,-433
-900,-445
-884,-459
-940,-459
-888,-449
-928,-443
-968,-463
-896,-431
-920,-453
-868,-439
-948,-495
-908,-485
-872,-475
-940,-491
-928,-489
-884,-477
-960,-505
-956,-517
-1048,-553
-944,-483
-1016,-477
-976,-501
-1028,-539
-1024,-541
-1004,-525
-1080,-567
-1084,-571
-980,-533
-948,-497
-992,-513
-1040,-541
-984,-535
-924,-483
-916,-475
-1024,-533
-968,-473
-924,-439
-992,-481
-984,-469
-956,-417
-984,-351
-804,-245
-816,-257
-824,-219
-832,-235
-892,-247
-968,-261
-828,-257
-884,-279
-816,-319
-880,-361
-828,-369
-852,-403
-920,-417
-900,-407
-908,-407
-836,-401
-880,-433
-856,-375
-916,-377
-928,-355
-864,-273
-924,-279
-888,-253
-844,-271
-860,-345
-836,-311
-832,-305
-836,-291
-852,-327
-888,-329
-832,-375
-876,-441
-920,-429
-868,-383
-904,-363
-768,-295
-784,-313
-836,-331
-772,-317
-832,-345
-824,-335
-832,-371
-932,-341
-852,-341
-904,-377
-868,-369
-956,-439
-912,-423
-912,-427
-928,-457
-968,-489
-920,-465
-988,-495
-948,-491
-968,-509
-992,-497
-1000,-507
-1056,-531
-988,-491
-908,-489
-940,-475
-876,-415
-988,-477
-956,-463
-944,-447
-964,-475
-816,-391
-844,-381
-880,-429
-852,-439
-844,-411
-880,-419
-900,-451
-896,-485
-952,-481
-972,-475
-900,-397
-928,-433
-944,-341
-912,-407
-956,-409
-924,-435
-884,-419
-884,-393
-936,-439
-1028,-509
-952,-477
-940,-479
-988,-513
-996,-477
-888,-393
-960,-405
-908,-385
-892,-387
-876,-397
-912,-417
-916,-427
-832,-401
-848,-437
-868,-455
-940,-497
-956,-507
-992,-535
-976,-521
-996,-525
-1004,-519
-932,-501
-960,-499
-928,-481
-984,-535
-1008,-537
-904,-465
-1004,-511
-960,-497
-952,-491
-912,-483
-948,-493
-888,-435
-944,-457
-876,-465
-884,-467
-916,-473
-936,-465
-940,-437
-964,-443
-956,-455
-940,-475
-952,-461
-992,-463
-808,-399
-732,-307
-776,-285
-832,-255
-880,-289
-856,-251
-784,-245
-824,-309
-876,-341
-836,-291
-844,-271
-784,-277
-788,-217
-752,-193
-688,-159
-748,-157
-804,-151
-784,-191
-792,-97
-864,-65
-904,-127
-892,-181
-892,-229
-864,-233
-836,-201
-812,-177
-772,-147
-756,-145
-812,-89
-800,-95
-740,-125
-680,-83
-748,-105
-768,-159
-780,-119
-784,-33
-880,-9
-832,-21
-852,9
-804,13
-840,13
-808,33
-784,63
-796,9
-732,-45
-752,9
-776,-27
-724,19
-756,15
-704,-1
-664,-11
-748,-115
-680,-133
-788,-103
-748,-95
-784,-81
-780,-127
-712,-71
-760,-89
-784,-159
-748,-189
-724,-119
-796,-107
-768,-149
-784,-85
-752,-87
-760,-147
-768,-165
-792,-141
-808,-129
-836,-95
-856,-87
-844,-109
-816,-131
-852,-95
-820,-37
-892,-71
-892,7
-892,33
-852,-21
-856,-51
-908,-41
-884,-47
-816,-81
-900,-109
-844,-109
-780,-157
-792,-161
-780,-153
-788,-217
-704,-181
-780,-213
-784,-253
-772,-269
-752,-273
-788,-279
-824,-285
-804,-339
-892,-405
-892,-427
-792,-387
-908,-437
-948,-457
-880,-381
-876,-389
-884,-443
-932,-443
-896,-415
-876,-391
-908,-411
-860,-365
-868,-327
-808,-327
-844,-357
-868,-361
-876,-299
-840,-331
-824,-379
-844,-389
-844,-355
-908,-385
-876,-347
-904,-399
-972,-475
-912,-459
-940,-483
-952,-465
-988,-455
-972,-461
-956,-471
-876,-435
-852,-393
-904,-425
-896,-437
-932,-455
-1032,-541
-1024,-525
-1004,-529
-976,-521
-996,-523
-1076,-555
-1092,-557
-1060,-561
-1036,-541
-932,-469
-964,-483
-944,-485
-900,-463
-892,-459
-896,-471
-916,-483
-936,-479
-940,-475
-952,-507
-1000,-529
-988,-539
-964,-523
-968,-509
-960,-499
-924,-481
-912,-443
-876,-403
-880,-413
-824,-385
-804,-327
-824,-335
-892,-379
-944,-399
-932,-399
-972,-433
-856,-359
-820,-385
-824,-405
-928,-451
-964,-461
-956,-465
-1008,-465
-1008,-503
-1032,-517
-912,-465
-920,-455
-840,-383
-844,-425
-928,-481
-880,-451
-928,-455
-920,-457
-944,-473
-964,-475
-956,-497
-928,-475
-976,-499
-1012,-513
-1048,-541
-1004,-511
-1016,-535
-956,-527
-928,-495
-904,-473
-900,-471
-820,-405
-840,-369
-796,-375
-936,-465
-920,-469
-824,-443
-908,-465
-868,-443
-784,-353
-836,-367
-848,-353
-804,-267
-732,-255
-780,-237
-768,-255
-872,-279
-912,-289
-824,-283
-852,-289
-824,-311
-896,-295
-868,-263
-808,-227
-840,-249
-892,-311
-780,-295
-800,-341
-780,-351
-908,-435
-948,-437
-920,-421
-904,-397
-912,-393
-848,-345
-864,-357
-940,-421
-952,-481
-984,-469
-948,-485
-976,-487
-988,-485
-900,-443
-868,-397
-880,-429
-960,-489
-968,-499
-1008,-513
-1044,-545
-1056,-545
-952,-515
-992,-525
-984,-525
-976,-529
-900,-469
-900,-445
-848,-421
-860,-447
-844,-409
-924,-443
-912,-461
-944,-463
-956,-441
-928,-389
-924,-397
-908,-361
-860,-265
-900,-271
-888,-279
-872,-313
-900,-377
-880,-359
-880,-367
-868,-367
-868,-377
-948,-425
-876,-427
-852,-423
-868,-441
-920,-481
-896,-455
-924,-463
-848,-407
-852,-413
-868,-449
-884,-471
-944,-487
-876,-457
-888,-463
-960,-509
-976,-483
-956,-457
-944,-463
-996,-489
-944,-437
-888,-393
-868,-389
-920,-413
-968,-435
-944,-433
-776,-363
-872,-437
-876,-433
-944,-433
-972,-477
-988,-461
-980,-447
-980,-483
-972,-515
-1076,-555
-996,-513
-964,-499
-920,-489
-892,-471
-920,-473
-968,-517
-916,-485
-896,-469
-980,-479
-840,-453
-960,-509
-912,-485
-940,-467
-916,-425
-896,-437
-864,-449
-808,-389
-816,-423
-884,-467
-912,-449
-956,-463
-1004,-491
-960,-473
-920,-475
-972,-495
-948,-491
-916,-491
-916,-485
-908,-467
-956,-497
-944,-459
-912,-447
-888,-385
-808,-319
-836,-349
-888,-419
-952,-461
-1004,-493
-1016,-507
-988,-479
-960,-471
-876,-439
-892,-485
-932,-479
-952,-495
-964,-499
-904,-433
-888,-367
-912,-441
-916,-449
-1036,-441
-1040,-437
-980,-427
-920,-389
-960,-459
-948,-453
-876,-391
-888,-421
-844,-381
-792,-347
-816,-375
-872,-413
-1012,-519
-1024,-541
-984,-519
-988,-533
-1004,-529
-1040,-549
-996,-519
-952,-485
-944,-473
-928,-477
-992,-529
-912,-475
-948,-489
-1028,-505
-912,-449
-832,-423
-920,-489
-924,-501
-976,-521
-936,-461
-892,-425
-952,-447
-924,-423
-904,-453
-896,-415
-860,-453
-932,-475
-948,-475
-1012,-507
-1000,-531
-892,-481
-840,-425
-916,-453
-984,-511
-976,-503
-1008,-529
-960,-519
-980,-535
-964,-527
-928,-495
-956,-507
-980,-509
-968,-517
-904,-485
-884,-491
-828,-455
-916,-495
-980,-497
-1012,-489
-968,-473
-948,-483
-920,-481
-884,-419
-888,-415
-860,-391
-816,-333
-860,-363
-892,-411
-936,-441
-928,-451
-984,-505
-1028,-525
-952,-501
-944,-467
-872,-451
-888,-475
-948,-501
-952,-487
-1012,-525
-924,-491
-980,-519
-912,-475
-932,-481
-912,-463
-892,-477
-924,-481
-936,-493
-916,-491
-1076,-567
-1044,-555
-1000,-517
-1044,-537
-976,-527
-968,-521
-948,-487
-908,-445
-852,-395
-828,-403
-856,-415
-852,-413
-992,-457
-880,-419
-876,-405
-824,-393
-852,-381
-840,-377
-760,-343
-772,-295
-816,-345
-880,-373
-872,-351
-940,-385
-880,-391
-904,-389
-928,-409
-888,-385
-852,-403
-900,-379
-876,-363
-876,-359
-912,-423
-1020,-449
-1004,-513
-1008,-513
-908,-423
-844,-401
-796,-363
-760,-281
-804,-355
-800,-353
-776,-315
-828,-367
-896,-419
-864,-421
-916,-465
-944,-511
-1012,-539
-988,-533
-1036,-549
-1012,-533
-936,-497
-884,-449
-800,-401
-880,-447
-980,-513
-1016,-525
-996,-533
-964,-509
-912,-463
-908,-479
-1016,-533
-1032,-531
-948,-507
-1016,-537
-1004,-515
-1040,-535
-1068,-557
-984,-531
-1040,-513
-1004,-517
-968,-507
-920,-463
-896,-467
-840,-425
-808,-397
-796,-401
-824,-417
-848,-461
-936,-483
-920,-459
-888,-425
-856,-431
-888,-445
-904,-479
-916,-473
-900,-441
-912,-459
-884,-413
-864,-423
-948,-475
-932,-455
-960,-483
-952,-491
-980,-483
-960,-491
-916,-465
-892,-461
-820,-359
-896,-379
-872,-369
-892,-321
-836,-311
-844,-343
-772,-299
-800,-331
-856,-401
-912,-411
-944,-411
-852,-351
-944,-387
-896,-425
-900,-383
-968,-413
-888,-389
-896,-373
-864,-365
-804,-331
-768,-293
-808,-283
-816,-225
-776,-221
-780,-283
-840,-297
-820,-347
-824,-411
-856,-441
-884,-443
-856,-421
-844,-395
-956,-437
-912,-401
-916,-457
-892,-445
-824,-417
-940,-485
-1032,-525
-944,-481
-952,-443
-964,-461
-980,-483
-904,-449
-868,-435
-916,-451
-1024,-509
-948,-469
-904,-455
-968,-503
-916,-465
-904,-451
-896,-427
-888,-363
-908,-451
-872,-463
-944,-491
-956,-483
-912,-463
-880,-439
-848,-427
-896,-425
-864,-373
-824,-327
-820,-329
-880,-425
-904,-441
-924,-403
-904,-435
-912,-415
-784,-375
-884,-417
-868,-463
-836,-441
-812,-389
-756,-365
-784,-299
-816,-315
-748,-227
-752,-249
-760,-269
-796,-221
-820,-233
-820,-217
-828,-139
-792,-221
-868,-267
-840,-197
-800,-259
-832,-221
-852,-195
-812,-183
-836,-175
-820,-151
-860,-135
-788,-83
-836,-105
-816,-147
-736,-131
-820,-83
-772,-65
-816,-7
-816,27
-908,39
-880,5
-844,11
-828,3
-772,-9
-780,-25
-708,-61
-740,-83
-724,-91
-732,-27
-792,-3
-736,-51
-784,-51
-792,-39
-736,55
-788,73
-856,7
-820,-71
-784,-111
-840,-89
-784,-21
-820,27
-844,-53
-860,3
-812,31
-780,-33
-784,-3
-864,-9
-880,-25
-848,25
-836,-25
-864,-31
-812,-57
-772,-75
-760,-121
-684,-75
-752,-55
-752,15
-804,79
-788,87
-812,43
-776,5
-756,-105
-772,-103
-816,-93
-744,-73
-832,-21
-784,-31
-860,-63
-852,-169
-820,-173
-820,-197
-716,-159
-832,-153
-812,-135
-832,-71
-772,-19
-768,-47
-812,35
-780,-87
-812,-43
-792,-45
-764,11
-812,51
-816,79
-764,137
-788,125
-840,239
-828,265
-840,283
-772,211
-820,251
-816,291
-916,367
-904,305
-908,325
-900,337
-860,363
-840,353
-908,397
-940,349
-908,299
-876,309
-876,327
-884,325
-928,409
-848,357
-804,303
-840,307
-796,303
-880,347
-860,359
-880,345
-920,389
-900,397
-968,485
-904,443
-864,467
-896,437
-908,421
-984,455
-900,417
-852,409
-840,385
-788,355
-776,345
-852,331
-912,337
-828,267
-836,225
-812,231
-772,257
-804,281
-824,305
-856,373
-900,469
-1000,517
-940,475
-912,423
-888,383
-860,337
-904,335
-824,309
-884,369
-844,405
-792,373
-820,389
-896,459
-900,445
-920,449
-912,451
-904,455
-944,467
-860,401
-864,461
-844,449
-900,439
-880,433
-908,455
-936,485
-976,501
-952,471
-860,351
-896,393
-884,369
-880,359
-876,383
-824,365
-900,397
-924,431
-848,419
-836,421
-944,485
-836,419
-884,435
-852,427
-856,417
-904,417
-932,425
-940,423
-968,447
-992,469
-944,487
-936,475
-968,455
-856,409
-888,413
-860,397
-884,403
-868,439
-892,443
-992,491
-964,495
-980,495
-884,463
-972,495
-1008,511
-1036,509
-1000,521
-996,531
-1044,533
-964,499
-924,481
-960,505
-956,497
-908,471
-936,437
-956,469
-948,471
-896,427
-920,449
-876,409
-880,391
-880,401
-884,433
-904,407
-812,363
-840,373
-912,425
-924,467
-928,477
-940,485
-1004,531
-980,511
-948,493
-968,501
-920,451
-952,505
-924,507
-908,487
-924,511
-928,483
-972,501
-1000,505
-980,495
-992,487
-1060,513
-980,507
-904,439
-916,433
-876,417
-868,415
-832,373
-852,383
-964,467
-900,421
-864,299
-944,397
-980,399
-964,351
-928,331
-916,247
-1016,335
-960,395
-900,365
-856,367
-844,361
-924,419
-940,459
-892,439
-828,423
-792,355
-800,325
-756,339
-864,385
-956,455
-904,421
-948,433
-1008,435
-944,455
-884,443
-860,379
-868,395
-864,413
-912,451
-868,457
-876,481
-912,467
-948,503
-856,441
-928,447
-916,471
-904,463
-868,455
-868,431
-884,445
-832,363
-836,315
-792,331
-812,309
-848,251
-828,291
-836,199
-848,255
-748,249
-840,281
-836,301
-816,261
-796,299
-792,289
-852,235
-804,237
-700,195
-760,197
-840,305
-804,359
-852,373
-936,447
-908,409
-976,373
-1004,361
-980,429
-964,399
-916,433
-948,481
-952,455
-956,455
-932,439
-964,457
-1000,483
-940,451
-980,481
-944,437
-988,465
-912,433
-992,497
-868,459
-840,441
-912,451
-864,419
-884,453
-924,447
-916,469
-976,487
-904,461
-972,491
-904,445
-904,429
-832,391
-896,407
-876,431
-920,483
-908,493
-876,473
-960,489
-972,497
-928,475
-956,495
-944,479
-916,447
-988,505
-1028,511
-948,477
-1016,509
-836,409
-876,427
-788,403
-892,425
-856,385
-772,359
-892,377
-836,375
-820,381
-844,401
-800,397
-876,439
-876,447
-980,487
-1016,529
-1048,537
-988,507
-912,457
-944,485
-932,493
-940,491
-892,485
-996,535
-968,525
-928,511
-868,453
-944,509
-1028,527
-1016,519
-888,447
-928,503
-992,523
-964,519
-964,529
-1028,531
-1076,553
-992,511
-1024,515
-920,473
-964,485
-1012,535
-984,513
-936,483
-1020,529
-988,515
-960,507
-912,493
-1000,535
-972,513
-896,495
-976,517
-972,509
-928,481
-940,511
-988,527
-1004,517
-980,509
-980,491
-976,517
-952,527
-1004,533
-964,493
-920,477
-896,479
-952,499
-872,465
-804,423
-844,457
-944,423
-884,409
-900,409
-832,331
-836,339
-976,391
-912,407
-928,397
-828,405
-884,457
-944,485
-984,517
-896,461
-808,381
-820,351
-900,419
-876,473
-1016,533
-1076,571
-1080,561
-1052,555
-1024,543
-960,527
-1008,535
-1000,525
-896,469
-936,487
-936,477
-956,501
-936,485
-980,521
-892,485
-920,475
-964,493
-964,479
-936,477
-920,463
-988,505
-968,505
-976,509
-996,539
-1032,541
-1060,553
-948,501
-960,479
-920,439
-916,481
-892,475
-1012,517
-976,499
-912,499
-888,489
-972,513
-896,453
-900,407
-872,365
-808,329
-832,353
-796,295
-804,269
-784,271
-704,223
-784,301
-852,343
-876,423
-848,427
-900,425
-952,461
-976,475
-876,409
-888,429
-888,439
-992,475
-908,473
-1032,533
-1000,509
-928,511
-1004,523
-988,515
-984,521
-888,447
-964,475
-920,469
-984,525
-964,523
-928,481
-952,509
-976,519
-892,487
-892,493
-880,473
-892,467
-904,453
-940,481
-848,419
-780,345
-896,401
-864,363
-808,333
-820,347
-820,363
-864,375
-840,345
-816,343
-712,213
-788,273
-796,235
-844,297
-868,297
-804,283
-800,313
-856,399
-800,397
-896,461
-856,429
-896,451
-852,431
-832,425
-908,453
-984,495
-920,461
-916,475
-908,457
-980,479
-904,415
-876,407
-972,455
-976,463
-924,453
-936,445
-976,519
-936,479
-912,481
-868,429
-924,443
-916,429
-916,399
-848,427
-956,473
-868,457
-888,457
-900,449
-988,497
-952,469
-980,511
-964,483
-956,455
-908,457
-900,477
-872,397
-912,439
-848,411
-900,439
-900,457
-932,485
-980,521
-932,497
-1060,545
-976,507
-992,503
-988,501
-980,509
-892,451
-940,467
-908,449
-788,377
-844,347
-848,381
-844,423
-876,417
-932,433
-868,393
-900,401
-868,371
-944,387
-944,405
-1004,423
-940,427
-932,433
-976,461
-904,427
-872,433
-840,417
-896,387
-860,371
-880,361
-872,381
-892,365
-880,353
-860,389
-972,459
-844,419
-900,445
-1040,491
-944,473
-876,431
-864,441
-840,427
-920,371
-932,407
-908,427
-912,465
-884,455
-880,459
-900,473
-928,471
-884,457
-956,495
-996,513
-952,507
-900,443
-896,437
-944,489
-908,477
-992,525
-940,507
-1004,519
-940,479
-936,487
-860,443
-916,453
-872,471
-892,493
-1012,529
-944,505
-936,461
-900,433
-928,437
-944,447
-900,441
-868,397
-848,379
-812,327
-812,287
-780,287
-868,313
-908,435
-924,465
-964,513
-856,451
-876,457
-928,481
-1040,525
-1004,509
-932,493
-884,475
-916,455
-868,433
-920,427
-880,377
-880,361
-948,455
-988,519
-1016,531
-1028,551
-944,507
-996,535
-988,527
-988,521
-996,503
-992,531
-980,535
-884,491
-976,507
-1008,515
-944,479
-1052,529
-1008,505
-980,501
-932,495
-916,447
-956,457
-968,491
-964,487
-936,489
-940,459
-928,483
-828,459
-940,477
-880,471
-920,505
-916,507
-1004,535
-980,527
-924,477
-992,521
-980,525
-956,521
-968,515
-968,513
-932,505
-936,499
-928,469
-940,483
-940,485
-940,459
-940,453
-960,445
-948,451
-956,443
-932,475
-984,521
-988,513
-916,459
-828,419
-768,371
-792,343
-768,367
-900,465
-972,503
-956,521
-904,485
-928,463
-896,441
-868,411
-836,397
-876,423
-1000,505
-952,457
-932,489
-904,487
-940,507
-920,495
-932,489
-916,489
-876,463
-988,505
-976,487
-948,493
-892,481
-860,441
-944,449
-888,421
-984,489
-972,467
-944,503
-936,501
-920,493
-940,489
-1008,519
-1008,541
-968,515
-972,517
-972,523
-936,497
-884,473
-888,465
-824,427
-880,455
-924,479
-908,469
-892,475
-920,475
-944,487
-996,537
-952,513
-968,519
-1008,533
-1004,529
-1052,559
-960,521
-1044,539
-1096,565
-1076,555
-1032,539
-1024,527
-980,487
-916,479
-972,505
-944,485
-960,511
-848,461
-912,469
-1028,529
-1024,547
-980,513
-976,501
-1028,537
-1020,539
-1028,535
-1060,557
-1104,565
-1004,529
-1008,541
-956,515
-988,525
-1016,529
-1000,543
-952,515
-960,513
-960,487
-956,501
-940,489
-880,459
-920,467
-904,475
-992,489
-948,475
-972,479
-932,435
-988,415
-936,393
-912,411
-900,377
-848,319
-864,299
-800,201
-788,199
-864,203
-812,167
-772,203
-856,285
-736,195
-776,197
-768,153
-764,179
-804,207
-776,127
-816,85
-804,81
-748,109
-852,131
-820,139
-800,111
-808,75
-784,45
-860,57
-832,99
-816,89
-820,79
-868,33
-812,-23
-748,-63
-768,-133
-748,-211
-772,-185
-692,-187
-732,-203
-788,-187
-800,-149
-808,-107
-868,-105
-780,-53
-756,-109
-808,-103
-864,-167
-876,-231
-844,-219
-792,-173
-768,-211
-772,-165
-896,-219
-832,-247
-884,-225
-856,-195
-792,-215
-908,-301
-880,-393
-860,-403
-928,-463
-852,-439
-912,-491
-860,-463
-856,-467
-944,-513
-912,-479
-888,-461
-928,-447
-904,-399
-860,-377
-792,-311
-852,-301
-848,-311
-848,-277
-808,-263
-788,-221
-820,-223
-780,-207
-800,-253
-816,-281
-828,-223
-824,-157
-812,-191
-872,-117
-792,-89
-780,-37
-816,3
-800,-157
-804,-141
-820,-109
-760,-143
-792,-121
-824,-103
-792,-79
-816,-77
-788,1
-848,-67
-832,-13
-852,-23
-816,3
-788,-17
-788,3
-836,-43
-812,-65
-792,-73
-792,-85
-808,-67
-820,-55
-808,-53
-816,-117
-800,-167
-840,-89
-828,-123
-812,-111
-828,-171
-832,-185
-824,-189
-736,-183
-840,-185
-816,-169
-892,-269
-884,-281
-908,-383
-948,-411
-940,-423
-888,-393
-820,-373
-900,-375
-876,-351
-888,-401
-912,-433
-868,-429
-944,-445
-856,-423
-808,-373
-720,-333
-852,-431
-868,-435
-836,-413
-832,-395
-896,-389
-892,-385
-968,-439
-908,-395
-928,-383
-928,-403
-888,-385
-928,-419
-936,-471
-952,-471
-996,-509
-1008,-529
-1016,-537
-984,-513
-996,-533
-1024,-545
-992,-535
-944,-519
-1000,-535
-984,-501
-944,-435
-868,-435
-912,-457
-952,-455
-940,-441
-860,-395
-912,-459
-872,-465
-916,-473
-1064,-549
-948,-485
-888,-469
-904,-475
-1000,-535
-1020,-543
-900,-473
-876,-463
-900,-473
-928,-469
-872,-461
-956,-501
-912,-459
-948,-473
-984,-499
-1068,-533
-932,-473
-868,-467
-912,-471
-992,-507
-1048,-541
-944,-501
-940,-489
-904,-463
-836,-393
-840,-423
-960,-471
-980,-487
-952,-441
-892,-415
-832,-415
-836,-421
-848,-407
-832,-393
-884,-441
-904,-479
-916,-483
-984,-531
-1024,-545
-1008,-531
-952,-507
-896,-449
-920,-461
-912,-487
-940,-487
-916,-477
-940,-503
-888,-463
-948,-499
-916,-481
-996,-521
-1004,-525
-908,-479
-1020,-531
-920,-421
-900,-455
-912,-459
-832,-403
-904,-465
-940,-489
-960,-511
-1000,-529
-980,-521
-956,-499
-964,-507
-964,-501
-996,-509
-976,-501
-976,-497
-1020,-517
-1024,-539
-932,-507
-976,-493
-1016,-515
-840,-447
-916,-469
-872,-477
-852,-455
-880,-413
-912,-449
-860,-417
-964,-507
-1016,-519
-984,-509
-996,-515
-912,-447
-992,-487
-952,-463
-884,-441
-920,-465
-828,-411
-868,-467
-908,-479
-856,-421
-852,-413
-816,-431
-952,-501
-876,-465
-920,-461
-892,-415
-912,-435
-880,-447
-880,-449
-984,-485
-1072,-535
-1040,-541
-1040,-545
-916,-493
-1036,-521
-940,-489
-968,-489
-1016,-503
-992,-491
-1020,-487
-892,-431
-852,-403
-892,-423
-880,-445
-932,-451
-912,-453
-916,-453
-920,-455
-956,-451
-1028,-509
-1068,-539
-928,-459
-948,-495
-868,-437
-860,-381
-860,-403
-864,-389
-904,-433
-924,-467
-956,-489
-924,-477
-944,-509
-932,-485
-912,-491
-912,-501
-976,-513
-1060,-555
-1032,-551
-996,-533
-960,-509
-972,-501
-972,-473
-992,-507
-920,-471
-956,-495
-948,-503
-1028,-531
-952,-515
-1060,-541
-956,-481
-944,-479
-1016,-485
-944,-467
-1016,-475
-996,-471
-944,-457
-936,-441
-824,-415
-892,-445
-888,-399
-920,-403
-984,-415
-948,-379
-952,-379
-876,-321
-840,-295
-780,-245
-848,-233
-852,-221
-852,-205
-848,-199
-856,-211
-828,-171
-776,-209
-816,-235
-824,-277
-812,-207
-828,-207
-880,-253
-880,-189
-864,-155
-764,-135
-780,-145
-796,-159
-796,-195
-752,-177
-740,-77
-780,-111
-812,-165
-772,-181
-780,-193
-816,-257
-748,-279
-808,-299
-800,-243
-884,-347
-812,-377
-888,-423
-936,-431
-912,-449
-928,-463
-932,-475
-908,-475
-956,-513
-932,-493
-1020,-535
-1000,-501
-920,-471
-844,-393
-752,-341
-784,-363
-724,-313
-728,-333
-732,-267
-816,-283
-860,-305
-832,-205
-776,-171
-808,-187
-752,-197
-820,-247
-844,-247
-904,-251
-876,-237
-904,-309
-956,-367
-920,-363
-860,-297
-792,-289
-884,-283
-864,-269
-836,-239
-832,-241
-900,-295
-880,-281
-920,-357
-940,-413
-944,-389
-896,-355
-868,-381
-848,-379
-836,-343
-868,-375
-868,-395
-840,-391
-844,-351
-788,-307
-840,-339
-856,-365
-836,-383
-872,-431
-928,-491
-932,-469
-932,-493
-928,-483
-940,-497
-968,-489
-940,-469
-876,-435
-944,-421
-952,-379
-928,-389
-848,-329
-844,-377
-860,-385
-924,-397
-912,-367
-832,-363
-868,-399
-996,-495
-968,-517
-992,-513
-972,-507
-976,-489
-860,-389
-912,-417
-944,-451
-912,-437
-876,-419
-840,-383
-952,-451
-944,-465
-936,-471
-920,-477
-940,-491
-992,-517
-960,-523
-976,-503
-952,-499
-888,-459
-916,-473
-984,-517
-936,-489
-952,-509
-948,-525
-1008,-543
-948,-513
-976,-507
-1032,-533
-952,-503
-992,-505
-1024,-537
-992,-507
-1004,-493
-848,-435
-892,-451
-968,-505
-960,-501
-972,-525
-1000,-517
-952,-517
-1056,-555
-904,-477
-864,-447
-968,-495
-940,-465
-960,-487
-912,-459
-756,-387
-840,-415
-924,-453
-860,-441
-948,-493
-984,-503
-1008,-521
-960,-501
-936,-477
-932,-477
-948,-471
-1012,-513
-924,-483
-900,-487
-852,-441
-904,-483
-940,-491
-920,-493
-952,-475
-828,-447
-880,-465
-992,-477
-948,-469
-964,-483
-900,-463
-860,-441
-964,-489
-968,-517
-944,-507
-948,-507
-900,-473
-924,-469
-880,-449
-828,-447
-920,-491
-872,-451
-948,-481
-928,-431
-876,-419
-796,-333
-792,-341
-924,-425
-972,-463
-996,-467
-920,-397
-984,-483
-960,-475
-996,-501
-992,-507
-928,-481
-1004,-521
-900,-445
-840,-399
-764,-309
-780,-291
-796,-289
-752,-323
-752,-331
-740,-371
-912,-445
-928,-479
-948,-487
-872,-435
-896,-451
-968,-467
-964,-493
-1004,-507
-1016,-521
-1040,-529
-1024,-545
-960,-493
-916,-471
-916,-423
-968,-461
-956,-453
-1020,-497
-956,-485
-964,-473
-984,-497
-980,-497
-904,-465
-912,-445
-912,-415
-876,-423
-852,-425
-936,-435
-928,-459
-1076,-549
-992,-515
-956,-495
-988,-503
-868,-425
-832,-369
-884,-365
-884,-367
-768,-285
-732,-243
-756,-299
-844,-359
-844,-401
-860,-425
-868,-451
-800,-419
-932,-459
-936,-473
-928,-493
-964,-501
-996,-497
-1008,-511
-964,-485
-948,-483
-928,-463
-928,-455
-956,-459
-944,-463
-900,-481
-948,-509
-1076,-543
-1076,-539
-1012,-537
-1004,-531
-964,-503
-964,-507
-888,-429
-944,-449
-956,-489
-1000,-463
-992,-497
-1064,-525
-932,-447
-912,-471
-928,-471
-956,-503
-940,-485
-856,-401
-856,-361
-852,-343
-804,-345
-868,-367
-832,-375
-796,-343
-892,-413
-912,-441
-836,-403
-836,-405
-740,-335
-752,-307
-848,-359
-868,-345
-860,-335
-808,-377
-840,-389
-832,-437
-892,-437
-772,-373
-860,-417
-864,-433
-844,-447
-968,-483
-1020,-527
-988,-515
-976,-519
-924,-451
-904,-415
-932,-415
-908,-463
-896,-497
-924,-491
-940,-499
-956,-513
-892,-473
-924,-505
-1004,-525
-984,-523
-984,-527
-1016,-533
-904,-477
-968,-515
-1044,-557
-1060,-553
-1036,-545
-1028,-543
-960,-517
-916,-495
-952,-495
-928,-493
-908,-471
-880,-475
-928,-497
-964,-489
-960,-477
-1036,-535
-900,-483
-916,-491
-980,-515
-804,-437
-848,-409
-828,-405
-812,-347
-804,-351
-872,-407
-812,-375
-772,-351
-800,-365
-880,-419
-840,-391
-828,-369
-812,-409
-864,-401
-904,-475
-940,-493
-884,-475
-888,-473
-976,-489
-960,-517
-988,-499
-896,-457
-880,-431
-940,-423
-912,-427
-900,-455
-984,-517
-956,-485
-820,-469
-836,-461
-972,-511
-968,-519
-968,-511
-900,-491
-908,-479
-916,-477
-924,-469
-956,-493
-884,-457
-824,-449
-864,-451
-828,-427
-800,-395
-708,-361
-752,-369
-840,-387
-900,-429
-928,-437
-908,-449
-920,-471
-952,-493
-936,-503
-1012,-539
-956,-509
-932,-495
-872,-475
-876,-469
-856,-455
-912,-493
-1004,-529
-908,-473
-996,-523
-896,-499
-896,-479
-988,-495
-972,-489
-988,-497
-912,-449
-872,-421
-828,-367
-844,-379
-812,-343
-844,-375
-940,-377
-940,-389
-960,-401
-936,-369
-936,-417
-860,-363
-872,-353
-884,-311
-836,-251
-820,-291
-816,-263
-840,-315
-744,-261
-776,-279
-848,-283
-784,-255
-792,-257
-800,-271
-804,-339
-896,-397
-792,-335
-864,-425
-916,-473
-992,-513
-992,-519
-888,-455
-976,-487
-1020,-523
-1032,-541
-968,-505
-912,-503
-1016,-529
-968,-519
-868,-463
-920,-497
-940,-507
-864,-437
-1004,-513
-1044,-551
-984,-517
-936,-513
-972,-505
-1044,-539
-988,-485
-964,-373
-924,-393
-932,-427
-884,-413
-896,-427
-876,-391
-840,-391
-868,-373
-912,-393
-908,-411
-940,-421
-936,-433
-904,-449
-996,-497
-896,-441
-816,-399
-928,-445
-864,-411
-932,-469
-972,-497
-984,-539
-932,-507
-952,-519
-948,-509
-952,-503
-972,-503
-932,-505
-940,-489
-848,-435
-888,-405
-904,-415
-836,-451
-908,-481
-912,-475
-916,-489
-832,-449
-960,-495
-920,-467
-872,-407
-940,-425
-936,-401
-928,-397
-884,-433
-972,-489
-972,-467
-956,-489
-936,-479
-968,-515
-1008,-535
-976,-499
-1004,-521
-988,-505
-1044,-515
-968,-501
-1056,-537
-1072,-563
-1024,-523
-984,-533
-1004,-529
-1000,-529
-1012,-545
-1008,-539
-1084,-569
-1000,-537
-868,-437
-864,-447
-924,-469
-1012,-533
-940,-507
-984,-517
-880,-461
-860,-457
-884,-473
-940,-511
-952,-515
-1104,-575
-1092,-567
-932,-495
-908,-445
-924,-465
-1032,-541
-964,-489
-840,-377
-896,-399
-900,-443
-924,-457
-964,-439
-984,-493
-928,-473
-1020,-515
-1028,-511
-948,-479
-984,-503
-880,-483
-924,-483
-920,-453
-968,-481
-952,-459
-996,-511
-980,-481
-952,-499
-1016,-521
-1040,-545
-1008,-537
-1060,-557
-972,-517
-944,-485
-972,-517
-920,-479
-984,-471
-1000,-499
-964,-495
-1008,-525
-960,-511
-956,-517
-924,-477
-952,-465
-880,-375
-936,-413
-912,-447
-972,-469
-956,-469
-964,-439
-980,-481
-1020,-513
-996,-485
-988,-469
-984,-495
-900,-447
-988,-459
-1020,-503
-916,-459
-868,-405
-980,-445
-948,-461
-952,-469
-988,-485
-960,-477
-988,-485
-968,-469
-936,-459
-968,-485
-984,-501
-1004,-501
-1032,-527
-980,-495
-948,-489
-1056,-535
-1008,-515
-972,-521
-968,-523
-952,-505
-920,-477
-916,-467
-920,-461
-984,-511
-980,-503
-944,-487
-904,-445
-888,-449
-916,-447
-940,-455
-1004,-519
-912,-481
-844,-431
-976,-497
-940,-463
-812,-361
-776,-363
-760,-331
-784,-337
-916,-427
-956,-463
-952,-469
-944,-477
-936,-471
-888,-425
-836,-425
-852,-449
-860,-417
-880,-415
-736,-363
-764,-313
-856,-397
-860,-399
-852,-425
-916,-469
-888,-461
-892,-459
-840,-415
-888,-445
-816,-435
-860,-405
-884,-477
-912,-489
-984,-509
-992,-497
-988,-467
-972,-497
-1004,-509
-968,-507
-1012,-531
-912,-481
-1008,-537
-972,-505
-948,-503
-1000,-507
-948,-471
-948,-453
-876,-359
-824,-357
-812,-357
-856,-393
-784,-369
-896,-407
-856,-371
-860,-389
-888,-421
-920,-441
-928,-459
-1064,-523
-956,-481
-968,-475
-916,-477
-940,-477
-980,-527
-908,-491
-920,-477
-904,-463
-948,-477
-924,-487
-836,-403
-840,-391
-844,-407
-792,-313
-824,-307
-768,-305
-796,-333
-852,-357
-892,-363
-856,-401
-924,-421
-844,-383
-860,-441
-924,-451
-868,-439
-864,-419
-920,-461
-852,-425
-832,-413
-936,-497
-876,-441
-868,-435
-832,-387
-784,-377
-896,-439
-904,-443
-912,-475
-984,-523
-968,-519
-996,-523
-1000,-507
-980,-511
-948,-517
-872,-475
-936,-471
-900,-465
-972,-479
-892,-421
-800,-363
-940,-453
-876,-411
-856,-417
-872,-435
-936,-447
-928,-459
-880,-445
-964,-521
-996,-499
-1020,-547
-940,-513
-904,-477
-896,-501
-988,-531
-1000,-535
-1128,-585
-1084,-569
-1036,-551
-1092,-569
-1068,-565
-1056,-563
-996,-535
-976,-511
-920,-487
-924,-465
-972,-463
-832,-309
-864,-387
-892,-427
-936,-423
-984,-453
-944,-467
-900,-445
-924,-457
-896,-435
-832,-435
-912,-459
-924,-495
-932,-465
-908,-471
-1004,-525
-1028,-537
-980,-517
-1016,-535
-1068,-567
-988,-531
-928,-467
-976,-477
-952,-459
-860,-463
-880,-457
-912,-477
-856,-461
-848,-435
-808,-405
-812,-387
-892,-459
-944,-495
-912,-493
-984,-515
-880,-463
-928,-485
-912,-453
-980,-489
-936,-453
-916,-453
-908,-459
-920,-445
-904,-479
-868,-459
-904,-453
-916,-429
-920,-433
-924,-449
-1012,-463
-984,-477
-936,-487
-952,-487
-1004,-527
-976,-519
-1004,-521
-932,-501
-968,-515
-956,-473
-964,-465
-980,-513
-924,-491
-968,-505
-932,-471
-932,-449
-992,-493
-952,-447
-972,-475
-960,-439
-948,-433
-948,-449
-980,-461
-940,-449
-888,-441
-852,-433
-852,-405
-888,-441
-960,-503
-952,-521
-912,-513
-996,-541
-920,-483
-924,-491
-952,-477
-984,-491
-1036,-527
-1016,-531
-900,-469
-924,-481
-912,-467
-1012,-527
-964,-493
-1016,-529
-1000,-531
-1064,-555
-1048,-549
-988,-533
-964,-509
-1040,-529
-952,-489
-980,-529
-1044,-537
-980,-515
-984,-531
-988,-533
-940,-513
-884,-479
-888,-487
-896,-463
-864,-449
-1020,-521
-912,-445
-928,-437
-896,-421
-944,-487
-908,-461
-964,-509
-956,-509
-924,-491
-964,-493
-924,-501
-936,-497
-912,-463
-936,-489
-936,-457
-928,-453
-892,-375
-848,-327
-852,-335
-884,-337
-828,-339
-944,-411
-976,-419
-904,-433
-916,-445
-936,-479
-1020,-525
-952,-489
-1008,-519
-988,-487
-968,-457
-880,-429
-904,-425
-856,-401
-828,-345
-760,-303
-812,-349
-808,-373
-876,-391
-860,-381
-852,-355
-932,-393
-948,-427
-904,-455
-940,-475
-856,-441
-904,-451
-1020,-515
-976,-487
-936,-477
-920,-477
-948,-503
-912,-483
-868,-461
-900,-483
-944,-511
-980,-519
-960,-491
-904,-477
-952,-497
-944,-483
-892,-463
-1024,-527
-968,-513
-1032,-529
-1028,-543
-1040,-541
-964,-515
-960,-489
-936,-439
-896,-427
-836,-403
-828,-375
-928,-427
-996,-485
-976,-503
-936,-485
-948,-461
-916,-443
-884,-463
-972,-513
-1004,-523
-940,-505
-928,-503
-1004,-521
-1012,-527
-1120,-573
-960,-479
-892,-443
-944,-485
-952,-503
-908,-473
-972,-521
-956,-513
-920,-507
-932,-511
-992,-519
-904,-491
-916,-477
-908,-475
-860,-455
-912,-431
-892,-423
-900,-415
-904,-461
-944,-459
-916,-451
-896,-471
-884,-471
-832,-409
-792,-411
-868,-423
-932,-459
-1012,-531
-988,-509
-1016,-519
-1016,-507
-940,-477
-952,-505
-936,-449
-1048,-503
-916,-451
-916,-469
-936,-493
-928,-511
-916,-499
-932,-495
-944,-495
-964,-441
-904,-443
-884,-363
-896,-387
-888,-409
-948,-417
-892,-359
-920,-447
-996,-493
-916,-483
-956,-489
-956,-499
-948,-469
-972,-479
-920,-469
-980,-489
-980,-505
-1020,-503
-960,-483
-920,-481
-924,-475
-952,-491
-988,-527
-908,-481
-956,-519
-972,-537
-964,-515
-936,-487
-956,-503
-980,-513
-992,-513
-948,-475
-916,-483
-928,-483
-972,-495
-1008,-533
-976,-527
-968,-509
-960,-509
-1016,-525
-968,-503
-1052,-527
-1008,-499
-972,-495
-952,-485
-984,-483
-960,-421
-876,-367
-912,-389
-952,-443
-856,-373
-864,-415
-880,-449
-840,-415
-776,-377
-784,-377
-824,-371
-816,-385
-856,-437
-868,-447
-952,-469
-968,-451
-992,-477
-980,-453
-888,-383
-888,-379
-804,-305
-744,-283
-840,-385
-900,-413
-880,-399
-928,-417
-900,-381
-908,-365
-856,-345
-836,-329
-760,-307
-892,-323
-948,-371
-912,-409
-960,-463
-960,-483
-900,-467
-832,-401
-912,-383
-988,-453
-1008,-473
-984,-475
-968,-501
-964,-497
-972,-517
-1032,-535
-948,-469
-960,-499
-920,-453
-884,-443
-852,-439
-976,-529
-1012,-539
-1004,-517
-1080,-545
-1020,-537
-1044,-549
-964,-515
-1008,-531
-1060,-559
-1000,-525
-900,-467
-1016,-521
-992,-517
-1036,-549
-980,-519
-892,-493
-968,-519
-1008,-535
-960,-517
-1012,-539
-936,-485
-980,-493
-892,-459
-920,-467
-928,-471
-960,-465
-908,-459
-976,-495
-908,-453
-908,-409
-968,-439
-956,-453
-956,-451
-940,-481
-944,-489
-996,-513
-948,-489
-932,-483
-972,-489
-920,-479
-944,-499
-1008,-525
-884,-463
-940,-491
-916,-503
-856,-439
-836,-399
-896,-435
-844,-445
-844,-367
-880,-411
-880,-417
-928,-427
-924,-385
-852,-373
-868,-357
-880,-381
-928,-405
-872,-393
-900,-445
-912,-415
-980,-439
-996,-451
-916,-409
-984,-463
-888,-451
-908,-447
-900,-483
-972,-479
-940,-445
-992,-505
-940,-473
-944,-473
-964,-497
-844,-435
-920,-493
-1016,-537
-1036,-547
-992,-517
-900,-461
-908,-457
-872,-337
-892,-331
-892,-289
-876,-307
-816,-279
-848,-281
-804,-217
-856,-243
-848,-293
-852,-307
-780,-301
-840,-321
-800,-293
-804,-217
-868,-255
-856,-297
-876,-293
-912,-311
-868,-333
-860,-351
-856,-337
-872,-395
-864,-409
-892,-437
-916,-453
-912,-457
-996,-491
-972,-475
-912,-419
-856,-397
-900,-449
-1032,-523
-1088,-559
-1076,-567
-1028,-545
-1004,-525
-1020,-519
-1028,-529
-1012,-525
-984,-491
-956,-493
-992,-517
-996,-517
-852,-439
-900,-479
-980,-525
-968,-503
-1028,-527
-964,-511
-968,-513
-872,-473
-912,-483
-908,-467
-908,-481
-996,-525
-944,-509
-988,-515
-1012,-509
-1008,-487
-976,-505
-980,-459
-888,-427
-872,-427
-864,-393
-1000,-461
-980,-427
-884,-441
-884,-455
-896,-489
-872,-465
-920,-469
-932,-461
-896,-445
-936,-495
-1044,-523
-1036,-523
-968,-461
-908,-453
-928,-493
-880,-463
-868,-453
-940,-461
-852,-445
-888,-451
-916,-443
-816,-405
-896,-427
-836,-381
-812,-391
-880,-443
-852,-433
-976,-485
-840,-417
-888,-461
-892,-471
-988,-509
-936,-495
-900,-465
-972,-499
-976,-499
-940,-473
-1000,-501
-944,-477
-992,-539
-960,-503
-1024,-541
-1012,-529
-1068,-557
-936,-505
-972,-467
-956,-469
-1032,-511
-1028,-513
-1004,-481
-1012,-471
-928,-459
-976,-457
-876,-435
-832,-429
-832,-389
-928,-437
-940,-443
-984,-465
-964,-487
-964,-499
-928,-491
-840,-477
-992,-507
-920,-485
-928,-471
-880,-469
-924,-469
-908,-465
-928,-483
-924,-487
-920,-469
-924,-479
-960,-499
-992,-525
-936,-503
-944,-495
-972,-515
-952,-503
-960,-513
-992,-503
-1060,-529
-936,-503
-1012,-523
-988,-517
-964,-505
-1016,-503
-936,-485
-920,-473
-980,-517
-1004,-525
-964,-513
-1016,-539
-996,-511
-1084,-561
-972,-501
-988,-521
-940,-521
-980,-519
-888,-447
-928,-477
-940,-505
-984,-509
-908,-467
-864,-477
-868,-485
-876,-457
-892,-429
-940,-475
-964,-477
-916,-443
-848,-425
-872,-449
-912,-435
-856,-395
-844,-425
-932,-449
-972,-447
-896,-427
-976,-425
-992,-437
-992,-477
-944,-429
-900,-387
-908,-429
-916,-445
-856,-443
-848,-445
-984,-521
-928,-505
-972,-529
-972,-509
-976,-495
-912,-473
-840,-425
-916,-455
-928,-471
-1040,-521
-1108,-559
-1124,-579
-1052,-539
-1036,-547
-972,-519
-968,-509
-896,-471
-848,-451
-892,-477
-916,-459
-908,-435
-856,-391
-896,-423
-896,-413
-920,-447
-820,-329
-904,-395
-928,-469
-896,-461
-808,-425
-864,-413
-848,-385
-864,-401
-820,-391
-820,-369
-852,-387
-796,-389
-808,-377
-908,-437
-936,-445
-924,-401
-800,-371
-888,-371
-876,-337
-788,-319
-840,-327
-848,-301
-864,-339
-836,-353
-868,-327
-872,-445
-904,-493
-976,-493
-968,-499
-920,-469
-872,-447
-940,-479
-984,-493
-880,-447
-856,-451
-892,-467
-912,-461
-924,-469
-904,-489
-952,-505
-960,-519
-988,-509
-996,-527
-992,-535
-948,-503
-952,-503
-884,-479
-776,-411
-920,-483
-852,-443
-972,-485
-992,-509
-1012,-527
-960,-491
-916,-465
-828,-401
-856,-455
-876,-427
-852,-383
-832,-375
-928,-457
-964,-483
-884,-459
-876,-457
-912,-443
-892,-467
-944,-487
-952,-473
-912,-461
-1032,-551
-1040,-533
-1056,-539
-1104,-563
-1028,-543
-1004,-531
-920,-495
-880,-457
-872,-411
-852,-407
-864,-423
-904,-443
-940,-443
-980,-435
-920,-437
-952,-481
-944,-447
-936,-437
-936,-443
-840,-385
-844,-327
-820,-311
-888,-319
-896,-335
-836,-243
-836,-235
-836,-211
-860,-281
-876,-267
-904,-239
-948,-263
-836,-229
-804,-177
-824,-177
-792,-201
-772,-137
-748,-161
-760,-189
-732,-195
-776,-253
-776,-269
-800,-237
-760,-153
-716,-119
-660,-111
-772,-163
-788,-165
-764,-121
-800,-89
-716,-49
-720,27
-808,81
-792,99
-816,161
-820,183
-872,237
-816,223
-788,255
-796,287
-776,291
-836,323
-756,265
-708,279
-788,245
-760,191
-772,153
-776,105
-796,115
-828,129
-768,211
-816,183
-828,227
-900,241
-876,195
-752,173
-848,165
-784,151
-864,263
-844,223
-820,259
-856,319
-896,375
-856,337
-856,357
-860,383
-832,329
-996,479
-952,465
-880,459
-804,407
-888,463
-948,485
-956,493
-1036,549
-984,521
-968,501
-968,495
-956,495
-940,493
-936,479
-1020,519
-1020,539
-980,523
-964,479
-876,469
-864,461
-888,483
-920,453
-896,467
-908,455
-976,483
-908,457
-848,409
-916,431
-936,423
-1004,475
-1012,499
-936,481
-940,467
-864,375
-880,299
-824,289
-780,275
-768,319
-700,287
-812,279
-836,337
-900,307
-836,251
-816,223
-780,275
-856,331
-852,289
-852,327
-868,339
-848,379
-864,393
-924,437
-1020,497
-932,455
-908,467
-904,483
-964,501
-944,499
-1076,551
-1028,517
-1100,533
-944,507
-892,469
-908,437
-844,397
-872,395
-920,445
-872,411
-840,359
-964,439
-860,333
-880,325
-828,309
-832,361
-932,439
-920,457
-896,429
-916,455
-968,495
-976,475
-952,465
-968,467
-908,425
-896,401
-888,393
-836,363
-852,345
-928,411
-928,421
-864,359
-788,277
-888,293
-852,167
-828,151
-808,215
-768,219
-796,241
-808,297
-836,299
-828,311
-792,307
-796,315
-788,331
-832,379
-800,323
-856,379
-876,389
-924,375
-912,415
-892,383
-932,347
-952,345
-936,365
-936,359
-948,383
-864,339
-872,331
-860,347
-872,343
-880,375
-908,387
-840,359
-804,289
-808,299
-792,355
-872,413
-832,383
-924,435
-860,379
-896,371
-924,409
-896,335
-784,275
-852,271
-820,229
-812,199
-852,231
-828,305
-872,293
-864,379
-832,335
-844,327
-868,375
-808,353
-824,349
-804,341
-760,311
-876,391
-844,377
-812,331
-852,311
-840,303
-892,345
-872,365
-828,365
-856,393
-828,351
-844,361
-892,383
-916,407
-880,411
-852,351
-884,393
-800,323
-828,361
-916,379
-876,377
-860,343
-928,353
-880,339
-892,339
-884,339
-852,339
-708,305
-760,307
-824,323
-836,325
-804,311
-892,361
-924,413
-900,429
-964,503
-932,483
-940,493
-896,487
-924,497
-940,495
-1020,519
-968,501
-988,519
-928,497
-976,519
-876,435
-804,381
-744,315
-716,239
-760,227
-756,227
-756,133
-864,175
-840,147
-864,221
-848,257
-848,249
-820,317
-848,359
-792,303
-820,339
-756,257
-768,225
-756,227
-764,251
-800,285
-868,317
-820,271
-788,227
-748,179
-780,187
-884,299
-864,257
-900,301
-852,295
-884,271
-920,209
-880,183
-852,131
-904,87
-896,-13
-956,-5
-832,-45
-760,-77
-740,-165
-820,-185
-856,-195
-832,-195
-844,-177
-796,-75
-748,-101
-712,-115
-728,-149
-700,-171
-792,-197
-756,-223
-732,-239
-820,-283
-796,-327
-780,-369
-816,-411
-900,-423
-912,-417
-848,-403
-840,-415
-928,-453
-892,-447
-864,-443
-864,-419
-848,-425
-916,-465
-944,-487
-864,-409
-936,-437
-960,-475
-972,-497
-984,-503
-900,-445
-940,-459
-996,-507
-1052,-549
-1024,-523
-972,-511
-936,-519
-1028,-543
-964,-511
-948,-491
-904,-447
-888,-429
-952,-469
-920,-407
-876,-437
-1056,-545
-984,-529
-1028,-537
-952,-491
-956,-477
-984,-465
-964,-469
-880,-447
-864,-449
-1004,-519
-916,-487
-980,-517
-988,-483
-948,-457
-948,-459
-852,-421
-800,-375
-776,-359
-864,-361
-872,-339
-916,-361
-888,-379
-864,-389
-848,-383
-888,-387
-840,-349
-836,-383
-908,-437
-920,-445
-904,-473
-936,-491
-960,-487
-932,-443
-888,-425
-832,-365
-848,-365
-792,-345
-940,-395
-988,-419
-1016,-493
-988,-489
-892,-431
-900,-447
-888,-451
-916,-461
-920,-483
-936,-499
-916,-495
-944,-509
-944,-509
-916,-487
-996,-521
-920,-487
-868,-407
-800,-361
-848,-399
-984,-487
-936,-457
-864,-469
-848,-425
-972,-521
-1000,-533
-972,-499
-916,-479
-1012,-535
-984,-517
-1004,-511
-944,-489
-896,-463
-892,-479
-936,-491
-916,-485
-1036,-547
-1060,-543
-1000,-519
-1012,-523
-1000,-531
-1000,-507
-920,-449
-932,-435
-888,-411
-864,-431
-1004,-537
-968,-487
-1004,-517
-952,-513
-1004,-533
-1044,-557
-980,-531
-1020,-547
-1008,-531
-912,-493
-960,-497
-928,-481
-904,-435
-964,-455
-896,-403
-932,-401
-804,-391
-776,-351
-804,-377
-792,-377
-892,-453
-884,-451
-828,-433
-860,-461
-896,-477
-856,-435
-908,-411
-936,-419
-1000,-421
-928,-419
-864,-419
-816,-373
-912,-445
-876,-435
-860,-455
-972,-481
-896,-449
-908,-445
-920,-445
-904,-483
-964,-505
-972,-505
-960,-507
-896,-479
-964,-503
-992,-525
-968,-507
-928,-465
-912,-465
-860,-437
-780,-429
-800,-435
-848,-445
-928,-491
-1000,-535
-1004,-533
-944,-517
-956,-487
-1028,-535
-972,-499
-928,-509
-1004,-495
-920,-457
-860,-429
-912,-397
-928,-415
-972,-481
-908,-437
-1000,-513
-1000,-485
-932,-441
-1028,-475
-1040,-481
-1000,-485
-892,-427
-924,-435
-940,-439
-904,-451
-840,-409
-912,-461
-904,-463
-1020,-529
-956,-507
-924,-491
-872,-443
-936,-481
-952,-475
-900,-441
-876,-399
-860,-323
-812,-363
-908,-377
-860,-347
-820,-351
-784,-317
-812,-351
-892,-407
-860,-389
-768,-327
-792,-283
-760,-275
-780,-301
-800,-323
-764,-317
-852,-379
-828,-401
-884,-443
-952,-471
-1028,-535
-1028,-527
-1052,-543
-960,-521
-1004,-539
-1004,-539
-888,-445
-940,-505
-1008,-525
-1004,-533
-928,-507
-908,-451
-932,-467
-952,-487
-892,-473
-864,-427
-912,-435
-812,-401
-848,-405
-888,-401
-844,-345
-816,-273
-736,-245
-752,-247
-832,-357
-840,-373
-856,-385
-864,-383
-848,-333
-844,-341
-948,-439
-816,-389
-820,-349
-880,-375
-844,-311
-824,-349
-856,-399
-856,-397
-832,-375
-840,-367
-840,-309
-852,-261
-840,-255
-856,-247
-832,-245
-812,-215
-876,-265
-948,-257
-972,-283
-920,-301
-916,-345
-896,-361
-864,-321
-864,-281
-860,-349
-880,-375
-928,-409
-868,-447
-868,-443
-804,-405
-932,-477
-992,-493
-944,-497
-936,-479
-1012,-489
-1032,-521
-1012,-525
-1008,-513
-1032,-545
-1028,-535
-976,-479
-956,-489
-856,-429
-864,-397
-880,-425
-880,-405
-852,-427
-904,-453
-868,-409
-864,-375
-788,-355
-884,-421
-836,-383
-844,-395
-912,-443
-868,-371
-920,-441
-920,-437
-904,-431
-816,-395
-924,-459
-960,-441
-980,-425
-956,-415
-888,-355
-856,-369
-896,-379
-904,-453
-916,-421
-860,-387
-864,-363
-924,-355
-924,-327
-904,-321
-936,-349
-824,-291
-836,-315
-800,-309
-776,-269
-820,-251
-772,-267
-812,-273
-828,-257
-860,-255
-868,-247
-796,-241
-840,-227
-756,-219
-752,-209
-776,-245
-800,-217
-896,-171
-836,-117
-792,-151
-776,-163
-748,-149
-860,-127
-808,-93
-792,-133
-856,-133
-808,-93
-800,-23
-804,-57
-772,-67
-836,-19
-860,-53
-836,-47
-796,-93
-844,-85
-856,-15
-840,27
-768,9
-756,-3
-804,29
-804,1
-760,-7
-740,11
-692,7
-760,57
-776,13
-844,35
-844,101
-824,201
-840,135
-700,-15
-740,21
-776,45
-844,59
-808,57
-832,119
-820,39
-824,113
-792,101
-812,73
-804,109
-808,59
-820,1
-780,43
-752,3
-836,-7
-840,-67
-860,-83
-824,-97
-804,-109
-736,-77
-788,-73
-776,-63
-824,-49
-860,-9
-880,5
-840,49
-768,47
-760,41
-832,1
-768,9
-780,-9
-832,3
-836,-69
-756,-27
-752,-19
-808,27
-824,-15
-816,-23
-796,-55
-840,-83
-760,-149
-804,-109
-792,-65
-744,-47
-736,-111
-728,9
-772,11
-740,-39
-728,-83
-736,-109
-732,-89
-664,-39
-732,-63
-692,-63
-716,-33
-796,73
-812,119
-796,169
-788,145
-816,123
-748,111
-740,93
-764,73
-800,39
-832,97
-716,93
-768,129
-720,137
-784,207
-880,301
-856,293
-832,241
-724,211
-776,203
-788,251
-744,237
-772,209
-740,183
-764,163
-776,125
-768,69
-728,43
-780,81
-796,115
-840,121
-832,141
-780,107
-788,105
-756,123
-704,239
-728,245
-736,279
-728,231
-772,211
-752,229
-724,245
-824,273
-816,261
-844,247
-848,211
-900,247
-776,211
-756,223
-844,307
-908,357
-912,377
-960,387
-936,381
-828,337
-792,307
-756,329
-744,333
-828,339
-788,351
-760,255
-788,259
-916,361
-864,365
-892,391
-860,419
-820,423
-936,501
-1040,559
-1028,549
-1048,549
-1020,543
-1000,543
-1068,549
-992,515
-976,515
-976,491
-928,469
-956,513
-976,523
-936,503
-912,493
-932,479
-988,493
-944,477
-944,459
-884,437
-968,485
-936,491
-1020,519
-940,493
-972,493
-928,439
-952,481
-872,443
-896,451
-888,433
-820,359
-788,337
-864,393
-948,443
-968,515
-944,465
-940,497
-960,493
-884,449
-916,453
-888,441
-820,383
-848,397
-840,395
-792,307
-780,275
-780,319
-752,357
-792,353
-788,359
-824,389
-812,363
-876,429
-848,413
-832,407
-752,327
-812,325
-832,345
-880,383
-900,399
-848,395
-892,389
-852,337
-944,321
-840,297
-760,233
-780,191
-792,191
-840,191
-780,153
-728,207
-792,267
-816,311
-852,349
-824,299
-848,335
-772,293
-764,331
-860,327
-804,325
-864,357
-896,337
-776,309
-860,397
-888,449
-916,405
-948,401
-924,403
-868,377
-800,323
-752,309
-756,309
-704,237
-804,347
-828,381
-880,395
-884,433
-952,461
-988,469
-924,419
-936,457
-908,467
-904,411
-884,419
-880,417
-860,381
-848,407
-912,463
-880,457
-804,383
-856,389
-840,405
-928,481
-880,421
-904,443
-840,401
-880,441
-908,439
-884,429
-816,403
-872,451
-976,519
-964,515
-1032,557
-984,537
-1012,501
-1012,517
-976,515
-984,523
-1024,543
-1020,539
-1064,549
-964,487
-972,503
-968,479
-980,473
-972,485
-952,497
-988,509
-948,497
-960,497
-992,507
-1004,513
-996,493
-992,505
-1008,517
-924,489
-928,495
-736,321
-788,357
-812,367
-780,353
-804,369
-824,411
-856,433
-972,507
-1016,539
-976,493
-868,449
-896,415
-952,441
-948,439
-908,403
-900,443
-936,431
-844,437
-868,475
-876,453
-880,421
-924,457
-928,463
-920,423
-888,471
-960,493
-984,511
-1016,517
-944,469
-924,463
-896,451
-912,457
-948,469
-924,479
-900,453
-968,507
-988,507
-1072,555
-948,483
-972,501
-984,499
-980,515
-996,543
-912,501
-912,491
-1016,549
-948,513
-940,493
-924,419
-872,423
-880,415
-864,407
-876,397
-872,381
-872,409
-852,373
-844,353
-888,349
-852,311
-816,331
-832,247
-796,191
-720,217
-868,343
-888,407
-880,373
-836,399
-912,439
-876,371
-892,399
-984,437
-908,433
-904,427
-848,379
-948,451
-980,477
-916,465
-856,413
-852,427
-792,413
-748,373
-808,367
-872,417
-948,465
-984,511
-940,485
-948,499
-900,481
-876,451
-868,423
-952,485
-924,479
-948,491
-1004,533
-980,519
-884,455
-916,493
-884,453
-904,473
-940,483
-932,479
-940,497
-920,503
-836,461
-892,469
-972,503
-1004,537
-928,489
-900,461
-864,419
-864,407
-856,389
-824,357
-852,337
-800,319
-860,417
-952,473
-924,469
-900,425
-940,473
-932,445
-892,449
-848,393
-840,401
-908,457
-940,493
-988,515
-824,401
-800,427
-908,463
-1028,527
-996,501
-924,451
-868,399
-836,441
-872,459
-908,479
-956,503
-988,529
-940,499
-948,503
-952,521
-988,515
-980,489
-1040,527
-1036,525
-984,477
-924,477
-936,487
-908,449
-924,505
-968,517
-1012,529
-1048,531
-952,513
-980,529
-944,495
-876,443
-868,419
-900,443
-932,457
-872,457
-928,475
-960,499
-920,483
-1004,535
-1004,543
-1016,543
-1052,549
-940,513
-920,481
-976,519
-972,495
-908,445
-900,433
-972,479
-960,483
-1000,511
-976,505
-916,485
-916,481
-1008,533
-1032,527
-928,481
-908,449
-956,433
-968,431
-852,375
-896,405
-812,313
-840,323
-936,351
-848,329
-940,363
-996,431
-960,415
-820,315
-860,317
-900,373
-840,341
-832,363
-844,357
-872,405
-892,431
-924,451
-956,431
-896,411
-940,453
-976,457
-948,417
-980,441
-856,311
-828,297
-848,343
-876,343
-948,383
-968,399
-912,431
-832,417
-828,419
-916,427
-952,457
-984,479
-888,429
-904,435
-856,413
-904,445
-860,419
-880,419
-964,475
-988,519
-876,465
-980,509
-980,499
-920,461
-920,449
-840,453
-940,479
-940,459
-840,415
-908,423
-928,471
-932,477
-788,387
-820,377
-832,381
-808,353
-924,435
-872,415
-792,399
-872,409
-984,469
-912,445
-808,333
-828,285
-900,327
-900,285
-920,317
-868,331
-844,349
-920,407
-952,443
-908,443
-936,477
-1056,539
-960,503
-892,437
-900,425
-960,435
-884,415
-940,455
-960,483
-900,391
-872,383
-836,381
-804,321
-884,345
-868,307
-812,249
-820,145
-792,199
-820,175
-840,151
-752,77
-816,119
-808,171
-872,247
-792,237
-704,209
-700,245
-792,279
-836,251
-776,237
-796,153
-808,121
-808,107
-848,103
-796,127
-840,129
-832,105
-800,33
-820,35
-796,35
-764,127
-824,77
-752,77
-760,45
-760,81
-796,111
-736,165
-800,187
-812,207
-728,205
-740,189
-852,181
-812,171
-868,191
-872,213
-880,255
-864,261
-940,283
-872,307
-896,303
-860,237
-844,211
-856,165
-816,231
-836,201
-836,211
-840,191
-788,203
-800,181
-744,187
-788,257
-820,293
-800,335
-828,411
-824,335
-776,345
-756,289
-776,317
-792,391
-820,397
-884,415
-868,413
-904,467
-956,497
-844,387
-876,379
-892,339
-828,355
-912,347
-884,337
-848,355
-900,383
-860,365
-800,285
-840,273
-868,283
-876,337
-880,353
-908,369
-888,379
-892,385
-956,419
-896,387
-960,417
-884,413
-912,395
-860,391
-872,359
-968,431
-872,415
-904,385
-924,413
-892,373
-820,369
-840,389
-912,395
-908,395
-772,345
-808,355
-808,337
-896,443
-888,425
-808,397
-792,393
-828,417
-860,407
-868,415
-840,431
-872,465
-928,465
-928,463
-956,485
-824,425
-836,435
-872,437
-880,445
-952,503
-952,505
-928,503
-952,509
-968,513
-948,503
-936,497
-932,473
-960,477
-972,509
-900,439
-968,477
-932,443
-904,459
-952,477
-904,455
-948,489
-996,529
-996,533
-960,519
-1008,499
-944,447
-944,459
-912,473
-908,491
-896,391
-924,403
-880,383
-812,365
-816,335
-884,381
-876,379
-948,441
-916,405
-956,403
-864,373
-948,481
-868,471
-948,501
-944,491
-936,481
-920,439
-864,373
-892,461
-936,427
-1032,481
-928,449
-900,439
-968,463
-912,381
-896,377
-896,411
-932,435
-872,439
-960,449
-844,443
-900,479
-928,493
-932,487
-920,487
-932,503
-948,495
-896,477
-836,445
-848,441
-896,461
-916,449
-892,415
-868,357
-844,339
-876,349
-900,427
-948,457
-948,445
-964,413
-852,373
-920,435
-924,447
-924,463
-932,441
-952,483
-988,499
-984,507
-928,441
-928,491
-900,433
-908,471
-876,413
-900,429
-892,451
-956,495
-964,517
-892,465
-900,479
-832,439
-908,459
-960,457
-916,461
-884,423
-1000,469
-912,431
-836,363
-856,359
-880,359
-992,383
-896,351
-936,357
-916,343
-904,381
-820,337
-884,347
-836,325
-848,317
-764,279
-836,221
-860,219
-928,231
-884,175
-896,283
-844,285
-800,233
-828,251
-840,239
-836,271
-860,277
-896,257
-924,293
-856,277
-864,317
-900,319
-904,367
-1012,457
-1008,465
-980,471
-932,439
-1008,469
-936,419
-996,449
-972,449
-880,401
-880,365
-844,397
-852,387
-848,401
-832,381
-836,375
-848,353
-812,343
-836,375
-848,365
-784,295
-804,245
-784,183
-776,257
-768,241
-800,255
-832,247
-844,295
-912,413
-952,427
-872,351
-952,395
-940,341
-928,375
-932,439
-936,439
-896,433
-868,467
-1072,525
-1036,509
-964,495
-940,409
-876,425
-868,441
-932,447
-932,463
-1048,509
-1052,521
-1036,545
-968,481
-904,465
-896,473
-968,515
-1008,523
-944,485
-892,445
-1044,533
-988,487
-908,453
-884,415
-848,357
-836,363
-856,369
-904,349
-864,361
-944,397
-912,409
-944,405
-1008,477
-1000,451
-920,399
-912,421
-972,441
-872,373
-920,419
-868,415
-880,449
-912,437
-892,449
-928,485
-936,471
-920,475
-912,473
-860,455
-928,505
-924,463
-904,425
-860,433
-928,493
-900,455
-948,499
-972,503
-976,489
-956,465
-1004,481
-968,491
-956,487
-916,471
-936,487
-932,473
-964,503
-972,517
-1008,527
-1000,533
-944,487
-932,481
-848,397
-852,383
-916,381
-920,399
-884,389
-880,377
-888,385
-944,421
-824,387
-848,401
-748,341
-684,257
-760,259
-820,261
-808,251
-836,239
-808,309
-812,271
-828,153
-844,191
-888,195
-892,225
-864,213
-780,193
-768,131
-780,163
-828,177
-764,133
-780,189
-836,289
-824,265
-832,239
-792,245
-804,243
-816,285
-812,315
-776,333
-768,253
-828,281
-748,261
-736,249
-796,291
-864,369
-828,329
-756,317
-848,349
-876,337
-848,355
-876,347
-904,343
-800,287
-824,275
-856,251
-808,297
-840,327
-928,359
-940,397
-948,419
-908,417
-832,361
-792,287
-808,283
-808,283
-884,317
-804,313
-852,393
-996,467
-908,447
-1016,529
-1012,531
-960,503
-936,473
-812,387
-848,327
-832,331
-864,317
-844,305
-820,285
-836,217
-836,305
-860,355
-880,321
-844,309
-772,305
-808,325
-844,333
-892,311
-840,269
-860,343
-824,369
-876,425
-784,395
-840,399
-888,449
-708,329
-732,303
-828,357
-824,373
-832,365
-832,423
-824,429
-920,481
-916,479
-1012,537
-1000,531
-992,515
-988,491
-952,483
-904,481
-848,477
-852,475
-884,461
-936,489
-980,519
-1016,519
-988,485
-1044,497
-1000,499
-904,469
-920,467
-952,443
-924,447
-884,473
-908,457
-940,465
-916,409
-920,435
-972,477
-856,421
-836,417
-844,349
-784,341
-868,389
-948,421
-916,379
-908,417
-952,451
-928,449
-968,479
-1024,511
-1072,537
-1024,541
-948,509
-1000,541
-1012,547
-888,471
-980,509
-972,503
-940,497
-956,495
-992,517
-868,407
-856,329
-808,359
-876,409
-796,321
-788,287
-840,365
-888,387
-920,343
-820,277
-852,393
-968,429
-920,453
-848,407
-804,403
-960,475
-844,411
-836,377
-796,395
-828,397
-792,399
-876,447
-884,485
-924,493
-1028,531
-1008,521
-892,463
-888,445
-976,467
-912,469
-888,479
-932,515
-848,479
-892,481
-1008,505
-884,429
-960,469
-888,417
-916,447
-924,451
-916,427
-960,471
-1008,523
-1012,543
-916,479
-976,521
-976,527
-940,513
-892,485
-1024,541
-984,525
-1072,557
-976,505
-1040,527
-980,511
-928,505
-1024,541
-1012,519
-936,501
-984,507
-888,481
-952,483
-1004,527
-952,501
-944,507
-880,451
-956,483
-924,487
-928,463
-916,469
-916,491
-956,517
-964,485
-860,447
-952,457
-860,427
-860,441
-892,417
-892,405
-936,417
-972,469
-912,457
-1012,513
-960,461
-916,413
-888,349
-884,301
-828,317
-908,373
-948,365
-912,363
-848,299
-868,355
-960,421
-864,421
-868,425
-924,479
-940,493
-992,509
-912,447
-1004,519
-988,511
-960,523
-992,513
-992,515
-1020,523
-1008,535
-1016,545
-1044,547
-960,511
-1052,537
-944,479
-944,485
-964,483
-936,485
-920,441
-896,435
-892,387
-892,335
-844,327
-804,245
-780,283
-896,357
-924,387
-956,429
-852,369
-796,301
-912,363
-964,411
-940,361
-908,411
-940,441
-912,439
-916,437
-892,375
-920,403
-832,371
-788,375
-812,349
-904,357
-876,315
-880,285
-824,211
-888,223
-776,131
-800,151
-772,209
-732,145
-764,141
-752,115
-796,89
-856,109
-832,33
-824,25
-812,33
-788,21
-832,19
-736,13
-808,141
-892,193
-808,245
-796,261
-836,303
-880,315
-812,277
-784,309
-764,295
-848,343
-864,365
-844,369
-840,353
-764,303
-828,371
-904,407
-944,445
-900,359
-912,343
-828,301
-816,329
-852,325
-820,293
-880,321
-948,389
-916,421
-920,459
-900,445
-864,423
-928,429
-976,451
-1020,489
-892,463
-948,465
-944,477
-872,441
-1024,495
-928,483
-920,507
-1052,551
-1028,539
-1012,533
-1056,559
-928,509
-920,459
-864,469
-908,467
-856,469
-940,477
-988,511
-964,517
-1028,549
-1004,541
-1012,535
-1064,555
-1020,547
-1068,555
-1048,535
-1008,509
-1024,515
-1012,521
-968,483
-880,419
-892,397
-832,399
-892,377
-796,299
-808,269
-860,307
-856,289
-744,199
-800,261
-812,289
-792,281
-872,283
-880,333
-896,349
-912,333
-868,315
-824,299
-880,345
-820,313
-824,313
-852,317
-848,341
-884,389
-876,373
-860,377
-848,343
-876,401
-872,387
-820,397
-840,403
-900,423
-896,445
-928,417
-920,369
-860,377
-788,327
-840,365
-892,385
-888,333
-888,353
-928,379
-932,437
-904,419
-984,465
-992,459
-852,389
-904,443
-968,493
-896,445
-848,397
-936,451
-868,413
-928,435
-864,385
-824,377
-780,349
-792,285
-744,227
-800,301
-880,377
-880,379
-836,375
-888,391
-880,383
-992,431
-992,465
-888,345
-872,323
-868,339
-852,355
-832,345
-764,287
-780,327
-828,405
-864,437
-884,439
-996,503
-1024,521
-1060,553
-1044,545
-1036,539
-944,525
-1016,529
-1020,535
-1036,533
-1012,529
-1004,517
-1092,549
-1092,573
-1004,527
-980,517
-1004,533
-1024,539
-996,529
-972,487
-1004,523
-984,491
-948,457
-964,493
-948,487
-976,491
-928,451
-964,481
-968,475
-908,423
-956,475
-920,463
-948,507
-940,495
-964,513
-912,463
-916,451
-984,501
-996,513
-904,497
-976,531
-912,509
-956,497
-928,495
-936,481
-960,477
-976,489
-896,473
-900,477
-844,413
-836,383
-796,327
-756,311
-812,341
-840,353
-800,341
-860,427
-856,447
-820,391
-868,425
-888,421
-888,417
-884,413
-812,377
-856,363
-908,359
-820,371
-796,263
-836,219
-836,281
-836,217
-848,279
-844,257
-900,341
-912,355
-884,325
-804,225
-820,291
-784,243
-780,265
-816,291
-860,187
-820,187
-900,245
-848,245
-892,299
-908,345
-832,317
-912,347
-888,339
-968,349
-944,361
-988,393
-992,395
-924,389
-936,357
-900,387
-936,423
-868,381
-840,423
-924,485
-912,475
-952,511
-872,479
-1000,513
-960,493
-844,415
-948,459
-1036,493
-996,475
-924,435
-948,443
-984,437
-872,445
-904,463
-800,409
-848,421
-960,499
-984,519
-960,457
-864,395
-848,347
-808,373
-832,419
-976,489
-976,487
-1028,545
-1048,555
-892,481
-864,443
-972,499
-924,461
-952,487
-1028,545
-976,497
-900,449
-976,465
-900,425
-896,415
-848,367
-828,335
-800,325
-768,331
-776,345
-792,375
-848,389
-852,397
-860,425
-892,437
-888,433
-992,507
-1032,541
-1024,549
-964,509
-1016,533
-960,517
-1072,557
-1004,523
-924,499
-1000,529
-1004,529
-960,487
-928,467
-940,459
-876,405
-872,385
-852,345
-920,345
-928,369
-928,375
-860,363
-900,403
-848,333
-896,363
-908,379
-912,413
-944,439
-1004,471
-984,469
-932,429
-916,453
-912,459
-872,445
-860,431
-876,423
-888,467
-924,477
-964,439
-876,427
-892,457
-912,467
-1016,517
-920,469
-836,407
-940,469
-904,437
-852,423
-900,455
-960,485
-1004,499
-948,471
-964,483
-964,487
-960,449
-936,455
-924,451
-900,415
-848,395
-912,443
-884,393
-896,383
-944,367
-892,353
-764,325
-848,347
-884,301
-848,309
-832,331
-888,359
-880,387
-968,455
-920,457
-924,461
-944,457
-932,465
-920,499
-920,475
-892,461
-928,471
-908,461
-956,483
-984,529
-908,499
-892,439
-908,453
-812,431
-844,455
-908,477
-956,481
-924,481
-928,485
-976,499
-992,513
-992,511
-952,509
-920,481
-1020,533
-1016,531
-996,483
-932,445
-876,365
-836,363
-756,363
-852,379
-860,427
-936,469
-908,473
-992,533
-1016,535
-972,511
-868,453
-908,455
-896,451
-840,427
-892,467
-824,423
-844,413
-952,473
-916,459
-1016,487
-1008,465
-948,473
-868,473
-936,485
-924,497
-1004,537
-972,519
-928,499
-952,497
-1008,513
-1016,543
-960,505
-980,499
-1004,539
-952,525
-948,505
-896,453
-1056,507
-952,379
-952,329
-936,331
-976,371
-892,373
-888,417
-836,377
-832,409
-860,447
-876,415
-868,403
-912,417
-964,411
-936,415
-952,407
-888,407
-908,433
-940,457
-968,473
-896,455
-972,477
-1008,501
-924,465
-900,455
-960,497
-968,499
-932,495
-884,437
-896,439
-856,395
-816,423
-964,507
-912,495
-968,521
-1008,521
-996,493
-984,519
-912,459
-936,475
-992,533
-980,537
-912,501
-836,421
-892,467
-968,483
-1020,509
-976,513
-1036,535
-1040,547
-1044,557
-1004,507
-964,509
-972,521
-984,541
-964,497
-880,449
-884,461
-920,483
-940,487
-952,501
-992,529
-972,493
-952,497
-896,449
-944,483
-936,475
-1020,507
-972,499
-916,485
-852,435
-948,485
-936,503
-1004,515
-996,519
-1000,537
-976,515
-1044,549
-960,499
-1020,503
-988,493
-932,499
-904,471
-880,441
-956,503
-948,507
-1048,551
-948,459
-928,397
-952,391
-940,431
-816,333
-832,363
-860,403
-896,353
-908,393
-880,359
-852,331
-900,343
-868,351
-864,317
-916,253
-780,233
-824,223
-808,211
-812,159
-752,197
-752,69
-804,53
-812,141
-808,179
-792,165
-732,195
-784,237
-836,303
-848,307
-848,253
-824,235
-784,163
-772,203
-800,245
-816,285
-824,295
-828,299
-804,261
-876,323
-876,373
-868,395
-884,437
-844,383
-896,415
-840,419
-904,469
-936,481
-964,487
-924,479
-900,463
-924,469
-912,461
-916,447
-840,397
-832,409
-836,349
-876,417
-880,437
-912,427
-880,421
-928,437
-912,419
-952,441
-904,403
-824,401
-924,437
-884,451
-940,479
-956,495
-972,483
-948,495
-1044,555
-940,503
-932,513
-988,493
-972,499
-968,487
-948,483
-860,447
-948,473
-912,403
-900,399
-800,321
-780,295
-832,325
-816,321
-880,415
-840,397
-908,447
-932,493
-1024,513
-988,505
-868,473
-908,481
-968,469
-956,467
-936,467
-828,433
-856,447
-992,501
-944,493
-980,523
-880,477
-840,449
-928,439
-868,397
-844,415
-924,443
-936,463
-868,427
-896,413
-980,429
-916,455
-948,473
-920,471
-972,463
-1000,521
-972,477
-912,431
-908,441
-992,489
-964,505
-968,505
-992,521
-912,483
-984,539
-1008,547
-984,533
-976,523
-948,509
-860,409
-848,407
-840,379
-852,345
-892,343
-856,253
-868,227
-920,211
-888,205
-888,193
-804,173
-792,117
-780,107
-732,153
-868,275
-872,241
-788,171
-708,95
-728,111
-784,33
-844,29
-800,71
-864,61
-828,23
-760,-31
-712,-29
-752,-49
-796,17
-824,51
-800,133
-852,71
-804,61
-744,81
-740,71
-704,79
-780,55
-796,11
-752,3
-804,-15
-756,-63
-772,-55
-760,-105
-816,-57
-752,-7
-752,-21
-768,71
-796,111
-856,97
-868,-7
-888,5
-912,-63
-868,-21
-788,77
-820,149
-820,97
-792,77
-756,101
-792,63
-788,-37
-756,-141
-816,-151
-796,-163
-828,-229
-852,-267
-860,-273
-876,-227
-900,-233
-920,-241
-852,-121
-884,-199
-840,-181
-816,-187
-828,-205
-820,-163
-812,-177
-760,-235
-776,-205
-836,-251
-824,-291
-756,-217
-792,-121
-812,-169
-752,-151
-688,-133
-768,-255
-864,-267
-888,-281
-844,-279
-840,-303
-852,-307
-888,-353
-780,-263
-816,-307
-848,-389
-948,-433
-888,-423
-872,-389
-932,-417
-852,-399
-848,-437
-760,-347
-880,-393
-904,-357
-864,-337
-828,-347
-804,-337
-844,-321
-952,-457
-772,-413
-864,-457
-952,-487
-976,-473
-952,-491
-1004,-495
-932,-473
-908,-463
-960,-471
-924,-477
-908,-451
-932,-497
-908,-471
-880,-407
-936,-471
-948,-483
-856,-451
-916,-469
-968,-515
-936,-475
-932,-465
-912,-463
-872,-465
-908,-465
-956,-491
-916,-435
-972,-471
-920,-483
-928,-471
-972,-481
-944,-473
-1004,-497
-936,-487
-1036,-535
-1016,-547
-1004,-525
-1052,-541
-960,-459
-912,-449
-972,-453
-952,-405
-908,-387
-884,-381
-820,-369
-808,-331
-836,-305
-860,-293
-904,-295
-868,-327
-828,-341
-876,-291
-812,-283
-816,-221
-780,-245
-892,-237
-892,-237
-892,-333
-892,-367
-900,-361
-848,-325
-856,-273
-860,-315
-888,-383
-872,-419
-952,-487
-860,-451
-784,-399
-856,-449
-920,-417
-808,-355
-840,-369
-864,-391
-932,-451
-1076,-517
-1000,-517
-1036,-521
-964,-493
-924,-487
-984,-507
-960,-511
-1024,-531
-980,-509
-944,-507
-924,-503
-952,-503
-920,-477
-972,-499
-940,-509
-984,-511
-904,-457
-1020,-529
-956,-495
-936,-503
-996,-521
-968,-511
-892,-451
-892,-465
-928,-475
-912,-457
-980,-503
-1004,-511
-980,-493
-980,-497
-924,-445
-924,-469
-928,-463
-928,-429
-848,-415
-888,-397
-912,-439
-868,-423
-884,-431
-916,-455
-896,-417
-912,-433
-872,-409
-920,-453
-844,-399
-792,-379
-856,-441
-888,-421
-860,-421
-852,-411
-860,-399
-888,-405
-976,-489
-956,-497
-1032,-521
-1048,-531
-888,-443
-852,-415
-988,-455
-1044,-489
-940,-441
-892,-393
-876,-405
-816,-359
-860,-383
-892,-439
-980,-499
-964,-511
-968,-495
-860,-427
-904,-431
-852,-393
-876,-413
-872,-435
-896,-433
-912,-467
-940,-451
-904,-463
-912,-463
-900,-445
-896,-471
-840,-455
-968,-509
-944,-507
-984,-533
-996,-531
-1028,-541
-972,-517
-956,-505
-1064,-551
-1040,-547
-1040,-553
-1068,-567
-976,-525
-1012,-521
-1008,-505
-1044,-537
-1040,-535
-964,-509
-1008,-511
-920,-477
-956,-451
-964,-437
-888,-389
-896,-435
-844,-405
-864,-435
-808,-391
-880,-421
-860,-425
-912,-411
-936,-413
-904,-403
-872,-413
-900,-455
-988,-473
-924,-449
-932,-413
-912,-421
-968,-451
-940,-419
-936,-445
-908,-463
-964,-493
-912,-485
-988,-535
-972,-515
-964,-513
-968,-507
-916,-477
-960,-511
-972,-509
-932,-493
-964,-511
-940,-491
-980,-489
-908,-447
-900,-449
-928,-495
-1020,-533
-912,-479
-852,-461
-896,-451
-948,-493
-952,-499
-940,-481
-948,-491
-972,-513
-824,-431
-932,-455
-944,-469
-932,-491
-960,-519
-992,-535
-980,-519
-920,-497
-960,-525
-992,-533
-996,-521
-972,-479
-960,-471
-916,-401
-948,-403
-852,-343
-900,-331
-828,-331
-840,-341
-788,-267
-780,-335
-824,-347
-804,-339
-748,-285
-724,-281
-776,-323
-800,-301
-816,-251
-712,-155
-712,-143
-708,-95
-792,-201
-824,-263
-844,-271
-816,-267
-768,-331
-808,-365
-852,-329
-860,-311
-892,-277
-872,-277
-928,-269
-852,-251
-868,-217
-848,-261
-880,-229
-916,-237
-868,-195
-832,-159
-848,-177
-804,-103
-836,-115
-860,-103
-848,-155
-788,-131
-800,-127
-724,-149
-772,-119
-852,-259
-832,-347
-860,-391
-928,-401
-912,-405
-936,-421
-944,-413
-808,-345
-788,-289
-840,-313
-916,-287
-908,-313
-868,-275
-812,-247
-876,-309
-808,-269
-896,-255
-932,-269
-872,-311
-864,-357
-904,-419
-900,-381
-968,-447
-976,-475
-964,-473
-948,-489
-908,-465
-944,-465
-1020,-515
-960,-503
-916,-501
-976,-509
-1008,-537
-924,-493
-912,-469
-976,-501
-996,-527
-992,-523
-916,-479
-964,-507
-956,-493
-960,-459
-944,-487
-924,-461
-932,-423
-964,-457
-872,-397
-844,-367
-860,-387
-852,-367
-832,-363
-784,-331
-868,-357
-872,-393
-880,-375
-876,-357
-832,-317
-812,-297
-836,-299
-804,-253
-856,-199
-836,-247
-816,-249
-788,-245
-768,-279
-832,-217
-808,-271
-680,-119
-740,17
-756,45
-832,25
-768,45
-844,49
-752,91
-832,103
-748,143
-724,181
-736,173
-752,187
-732,169
-772,157
-852,185
-748,177
-848,279
-824,331
-856,345
-884,303
-816,321
-868,299
-840,275
-800,297
-836,321
-864,335
-840,335
-692,281
-820,387
-836,433
-880,441
-920,449
-824,415
-852,453
-912,465
-860,445
-976,505
-1028,547
-1028,541
-944,517
-980,531
-928,485
-984,491
-952,497
-956,483
-928,467
-956,489
-944,475
-868,411
-840,413
-828,399
-828,391
-872,425
-900,443
-892,457
-868,433
-836,447
-944,487
-936,479
-876,461
-944,485
-952,501
-948,507
-948,513
-900,467
-960,487
-1000,491
-984,453
-968,441
-820,337
-876,353
-948,389
-928,415
-888,403
-884,469
-888,501
-968,499
-980,501
-912,455
-944,421
-944,355
-912,313
-884,323
-860,305
-860,315
-872,289
-808,307
-864,357
-844,399
-836,415
-872,391
-896,407
-868,385
-900,435
-928,437
-920,433
-884,419
-876,423
-936,473
-916,463
-892,453
-1008,509
-940,469
-884,455
-892,429
-860,403
-840,395
-840,419
-896,449
-924,447
-892,409
-880,431
-892,441
-936,487
-904,457
-880,435
-840,443
-912,447
-936,475
-868,441
-884,475
-956,507
-888,443
-856,425
-860,453
-900,465
-1020,521
-1020,527
-940,497
-1044,545
-1020,521
-932,467
-916,437
-932,449
-876,377
-872,367
-904,359
-840,325
-884,331
-832,353
-772,307
-804,345
-856,387
-884,409
-908,415
-936,443
-968,485
-976,501
-1040,535
-1032,521
-1032,517
-984,489
-972,467
-988,509
-908,477
-900,487
-856,453
-976,515
-1016,529
-976,493
-952,513
-972,507
-1020,535
-972,529
-968,529
-976,527
-976,515
-980,529
-1028,529
-1020,543
-1048,551
-1096,553
-996,519
-888,471
-936,473
-944,479
-932,461
-904,477
-924,477
-852,427
-868,439
-868,449
-900,477
-904,447
-876,455
-852,445
-884,483
-876,411
-848,405
-928,409
-888,393
-916,373
-928,383
-904,341
-772,293
-852,313
-832,309
-796,277
-796,257
-852,293
-788,287
-776,267
-856,309
-848,357
-796,305
-800,255
-864,239
-888,251
-904,255
-856,265
-824,255
-944,277
-884,249
-880,287
-836,211
-848,219
-724,105
-716,87
-764,51
-788,-13
-748,-43
-704,71
-684,71
-740,165
-748,193
-736,141
-752,235
-740,293
-788,303
-808,277
-828,313
-848,361
-856,413
-876,453
-876,457
-980,477
-940,447
-968,483
-952,489
-988,511
-952,509
-1024,539
-992,533
-960,501
-976,523
-960,505
-944,429
-796,369
-752,329
-796,339
-828,395
-804,387
-852,361
-784,373
-820,301
-856,343
-820,329
-892,347
-832,383
-864,389
-876,427
-936,475
-988,533
-916,473
-940,499
-916,503
-976,533
-1008,531
-968,489
-932,499
-1024,535
-1008,513
-924,489
-912,461
-912,433
-828,389
-848,389
-816,381
-836,371
-844,405
-800,399
-840,357
-800,369
-824,349
-836,363
-800,359
-836,365
-880,399
-912,437
-968,463
-984,505
-960,509
-968,515
-952,503
-964,499
-940,499
-884,465
-976,515
-1024,539
-956,515
-1020,543
-956,519
-912,461
-940,501
-948,497
-992,523
-1020,515
-900,467
-964,491
-908,453
-912,451
-884,445
-872,389
-924,473
-972,517
-860,475
-944,471
-892,457
-912,479
-944,503
-1000,527
-988,515
-964,487
-964,479
-880,415
-840,407
-884,421
-900,425
-896,423
-896,439
-852,439
-924,457
-860,415
-892,387
-812,325
-784,339
-804,349
-784,359
-836,375
-928,457
-944,481
-924,473
-952,495
-956,485
-1020,513
-964,477
-1000,493
-944,493
-968,509
-992,537
-952,497
-1048,507
-888,449
-872,455
-904,461
-828,391
-924,481
-1004,523
-1000,527
-908,479
-1000,527
-984,509
-1020,521
-988,519
-1048,535
-1052,541
-992,533
-956,507
-956,517
-948,503
-976,523
-988,543
-1092,571
-996,533
-1024,541
-1036,541
-980,511
-884,437
-876,441
-936,491
-932,497
-1036,541
-936,427
-968,489
-960,493
-888,433
-872,397
-824,415
-888,415
-900,411
-844,393
-864,349
-952,469
-972,483
-976,483
-1004,511
-992,531
-984,499
-1032,515
-1056,537
-972,519
-996,519
-908,491
-880,473
-944,461
-888,417
-864,451
-808,407
-860,413
-768,329
-748,323
-912,425
-884,387
-932,447
-976,511
-1020,505
-976,505
-872,465
-944,491
-1036,525
-988,511
-916,447
-972,491
-1000,509
-960,483
-872,423
-868,395
-956,447
-932,449
-904,411
-908,421
-908,465
-848,435
-956,445
-900,411
-864,413
-916,463
-848,435
-884,449
-916,473
-888,465
-988,511
-1084,557
-976,505
-976,507
-944,481
-904,469
-836,429
-888,465
-880,449
-916,475
-840,357
-888,391
-872,439
-928,455
-932,491
-892,451
-972,463
-960,459
-960,467
-1040,505
-944,457
-920,475
-932,459
-952,465
-968,491
-904,471
-1004,511
-1056,533
-1016,523
-984,525
-1020,515
-1068,551
-956,501
-996,513
-912,475
-892,469
-1036,545
-988,539
-864,453
-924,479
-928,483
-972,505
-952,465
-916,481
-944,485
-928,495
-964,507
-1000,505
-1036,549
-952,493
-932,501
-868,465
-872,447
-804,443
-888,471
-908,423
-940,385
-880,383
-932,375
-872,383
-896,417
-876,435
-888,413
-908,421
-976,497
-980,487
-900,443
-936,479
-980,507
-964,523
-1008,539
-1040,543
-984,521
-912,471
-840,453
-924,445
-896,429
-876,401
-784,313
-728,265
-764,225
-836,307
-852,331
-820,313
-872,339
-872,317
-860,345
-872,345
-872,361
-708,271
-768,289
-856,313
-832,307
-888,403
-912,417
-944,439
-936,469
-852,409
-832,389
-824,325
-868,355
-840,327
-900,387
-856,375
-892,423
-860,447
-812,407
-968,517
-996,493
-1024,541
-988,521
-1056,537
-1024,535
-928,485
-912,447
-876,387
-864,365
-876,379
-888,339
-856,361
-816,325
-852,325
-904,343
-916,339
-976,383
-996,447
-1000,421
-908,421
-952,467
-932,513
-908,481
-872,467
-876,463
-964,493
-936,499
-924,465
-960,481
-908,469
-844,411
-832,405
-808,385
-808,355
-896,397
-784,343
-856,399
-892,449
-848,429
-912,443
-920,461
-916,473
-976,507
-940,483
-1000,533
-1084,567
-996,531
-1032,545
-996,533
-944,515
-908,487
-956,497
-876,461
-944,487
-960,499
-968,469
-1012,531
-1004,533
-1040,539
-952,497
-984,499
-956,491
-956,489
-912,497
-1020,539
-956,499
-960,513
-964,485
-964,495
-968,503
-968,511
-940,491
-980,489
-972,501
-880,445
-944,499
-968,519
-1012,529
-928,481
-916,463
-972,489
-880,491
-896,477
-892,467
-980,483
-912,447
-992,475
-956,453
-952,429
-904,443
-892,445
-920,421
-892,403
-924,423
-948,419
-892,377
-840,321
-812,377
-784,331
-868,361
-844,375
-888,371
-928,457
-984,491
-996,499
-1076,543
-972,497
-936,467
-932,469
-936,485
-980,489
-976,515
-1000,523
-960,515
-952,489
-928,485
-964,513
-960,489
-900,477
-868,455
-844,427
-864,441
-936,479
-940,479
-936,517
-1000,507
-940,469
-992,485
-936,475
-928,499
-928,469
-884,457
-876,461
-920,499
-932,525
-968,531
-972,533
-864,469
-928,497
-992,519
-1008,521
-840,445
-920,467
-944,503
-912,471
-904,485
-940,491
-940,489
-900,445
-956,501
-932,479
-964,463
-968,505
-948,509
-1012,543
-956,519
-948,509
-992,527
-976,523
-1084,553
-988,525
-988,529
-1000,529
-928,495
-888,437
-896,441
-944,471
-884,437
-936,429
-944,423
-880,405
-784,353
-848,411
-860,389
-904,359
-892,359
-872,317
-940,351
-960,359
-848,323
-780,299
-744,269
-784,281
-804,315
-896,343
-912,407
-908,387
-848,377
-892,409
-884,423
-876,401
-884,385
-908,371
-860,367
-912,405
-960,451
-952,455
-952,447
-928,503
-948,487
-912,497
-976,525
-880,473
-948,495
-936,447
-860,417
-840,357
-836,393
-852,365
-912,385
-936,357
-904,323
-896,319
-832,299
-764,233
-832,279
-844,341
-1020,369
-944,411
-892,365
-844,389
-964,431
-852,373
-908,357
-884,315
-928,355
-864,339
-856,337
-896,365
-868,345
-928,381
-940,383
-892,357
-896,417
-920,441
-868,405
-840,391
-868,417
-872,425
-912,435
-900,403
-876,383
-856,341
-892,379
-880,385
-956,439
-988,421
-1008,463
-968,449
-1028,491
-920,447
-956,475
-940,481
-880,447
-952,497
-956,511
-936,467
-956,493
-976,503
-932,467
-928,481
-892,459
-908,425
-928,429
-912,431
-924,379
-948,421
-944,421
-916,443
-924,437
-924,461
-864,423
-904,453
-864,455
-916,471
-920,437
-916,395
-868,399
-844,379
-828,371
-852,403
-844,419
-840,397
-736,309
-760,303
-804,287
-828,347
-956,423
-856,371
-816,351
-840,391
-752,313
-820,281
-820,267
-828,247
-864,275
-928,293
-856,275
-804,255
-844,289
-768,259
-760,241
-776,285
-848,315
-804,323
-840,307
-832,319
-840,331
-884,325
-748,299
-820,311
-884,351
-812,303
-784,295
-776,309
-772,279
-848,325
-828,315
-816,339
-800,347
-712,269
-780,321
-764,349
-820,419
-896,443
-884,445
-940,425
-1012,461
-908,431
-884,389
-868,375
-860,331
-784,307
-860,309
-844,317
-872,281
-804,237
-852,311
-856,307
-796,287
-856,301
-880,323
-864,381
-840,377
-864,379
-904,425
-876,429
-844,385
-892,377
-912,439
-872,445
-944,477
-988,489
-956,497
-984,515
-904,487
-972,527
-1020,537
-972,493
-924,499
-852,429
-932,467
-1000,471
-948,451
-928,489
-928,497
-900,475
-920,467
-900,433
-912,465
-844,433
-1020,483
-984,459
-944,443
-936,433
-896,385
-944,395
-968,453
-944,453
-956,469
-952,483
-1004,497
-960,485
-1036,535
-964,485
-1000,509
-976,523
-972,511
-932,473
-828,421
-1000,515
-876,435
-884,439
-976,483
-1024,525
-960,497
-920,475
-976,485
-964,497
-976,521
-896,465
-860,459
-896,485
-1048,549
-1044,533
-900,489
-960,501
-992,531
-960,521
-984,533
-1016,539
-988,511
-944,471
-916,477
-932,479
-912,483
-892,497
-920,505
-900,465
-892,441
-852,393
-852,393
-812,441
-904,475
-972,487
-964,501
-956,511
-960,507
-952,491
-880,457
-952,471
-976,513
-944,509
-896,469
-956,483
-932,491
-912,469
-932,487
-924,497
-952,507
-932,503
-1012,541
-968,515
-912,483
-996,543
-996,537
-976,519
-864,473
-964,517
-940,509
-1040,541
-876,489
-912,499
-956,507
-928,485
-856,449
-896,483
-1040,539
-1068,563
-984,529
-1044,531
-984,519
-1036,527
-960,501
-912,501
-864,473
-1008,503
-960,495
-928,477
-860,417
-900,437
-836,385
-872,423
-908,457
-928,479
-908,479
-856,461
-856,453
-860,379
-788,281
-792,259
-852,325
-836,349
-868,307
-836,271
-872,371
-916,433
-872,423
-892,407
-872,409
-892,381
-844,353
-872,373
-824,337
-828,331
-760,295
-816,333
-836,373
-816,315
-844,289
-836,281
-856,253
-872,289
-816,271
-840,321
-844,351
-796,299
-784,233
-808,251
-844,253
-760,263
-756,191
-776,205
-824,169
-940,229
-864,259
-796,155
-728,165
-736,155
-676,63
-712,25
-772,37
-808,37
-784,93
-716,77
-720,107
-676,67
-752,53
-784,-11
-788,-87
-772,-119
-796,-105
-804,-113
-788,-209
-744,-217
-760,-173
-788,-233
-776,-235
-776,-229
-804,-225
-824,-253
-832,-291
-828,-331
-796,-359
-836,-355
-864,-351
-760,-285
-888,-339
-876,-337
-824,-305
-856,-303
-908,-395
-824,-375
-876,-413
-832,-379
-816,-355
-928,-443
-960,-439
-956,-445
-896,-407
-840,-381
-812,-405
-828,-417
-796,-401
-888,-453
-888,-425
-952,-489
-964,-503
-948,-481
-988,-511
-940,-455
-896,-443
-824,-353
-792,-325
-844,-395
-920,-447
-868,-397
-928,-461
-940,-489
-948,-505
-896,-463
-904,-427
-952,-449
-848,-407
-928,-445
-884,-455
-1032,-527
-1016,-543
-964,-511
-940,-489
-996,-509
-960,-481
-940,-485
-892,-461
-904,-465
-900,-465
-880,-447
-940,-455
-872,-429
-900,-439
-900,-463
-968,-505
-936,-487
-904,-483
-944,-493
-988,-503
-1024,-535
-1000,-531
-944,-473
-892,-463
-960,-485
-1016,-483
-980,-477
-1016,-483
-1004,-529
-968,-485
-1000,-493
-1004,-515
-1032,-543
-1004,-527
-1020,-543
-1044,-557
-944,-489
-944,-495
-1004,-519
-1000,-537
-948,-497
-1008,-535
-1016,-527
-1004,-531
-952,-511
-920,-497
-1076,-559
-1044,-551
-1064,-565
-1012,-539
-1096,-571
-976,-527
-984,-531
-964,-511
-1056,-555
-1016,-547
-972,-519
-956,-499
-848,-469
-972,-455
-972,-485
-912,-441
-992,-499
-992,-517
-968,-523
-980,-517
-920,-483
-1016,-525
-900,-455
-816,-415
-848,-447
-920,-445
-904,-477
-1040,-535
-940,-497
-964,-509
-1036,-545
-948,-503
-904,-453
-848,-403
-844,-403
-880,-479
-992,-515
-988,-507
-988,-519
-1008,-521
-972,-513
-976,-507
-984,-501
-972,-489
-980,-495
-900,-463
-880,-465
-1000,-533
-1024,-547
-1036,-533
-1004,-499
-844,-423
-824,-437
-932,-483
-984,-519
-980,-521
-1016,-531
-876,-469
-920,-497
-924,-485
-940,-527
-976,-519
-916,-493
-976,-509
-988,-501
-980,-505
-960,-483
-912,-471
-940,-455
-904,-457
-928,-475
-860,-435
-824,-361
-848,-387
-768,-385
-716,-339
-776,-415
-888,-491
-960,-507
-996,-515
-1040,-537
-984,-519
-912,-477
-908,-471
-972,-489
-872,-449
-964,-483
-952,-493
-1012,-523
-988,-503
-1004,-517
-948,-467
-920,-459
-880,-405
-872,-383
-852,-315
-844,-373
-828,-389
-936,-463
-876,-411
-884,-381
-864,-325
-868,-359
-848,-367
-884,-429
-840,-415
-904,-441
-896,-469
-868,-443
-904,-445
-932,-455
-948,-477
-920,-457
-924,-465
-932,-481
-980,-489
-972,-501
-948,-485
-952,-491
-900,-461
-924,-441
-908,-419
-828,-333
-892,-401
-852,-401
-864,-393
-944,-433
-920,-435
-928,-389
-960,-461
-872,-409
-820,-377
-852,-395
-812,-345
-908,-395
-988,-439
-976,-439
-944,-471
-956,-465
-896,-479
-916,-479
-948,-483
-920,-457
-980,-471
-1000,-491
-944,-495
-924,-487
-960,-503
-980,-521
-1020,-537
-964,-519
-1040,-549
-1008,-537
-952,-515
-960,-521
-940,-487
-932,-457
-908,-465
-996,-481
-916,-415
-868,-417
-844,-379
-916,-439
-896,-413
-924,-467
-956,-479
-952,-475
-912,-453
-920,-467
-852,-425
-984,-495
-868,-427
-868,-365
-924,-405
-864,-407
-836,-385
-812,-351
-788,-361
-788,-391
-840,-403
-968,-507
-1024,-535
-968,-529
-960,-495
-844,-443
-924,-497
-928,-475
-852,-441
-904,-433
-1004,-463
-904,-465
-892,-427
-896,-423
-868,-453
-920,-461
-880,-463
-996,-531
-1024,-549
-1000,-521
-984,-517
-984,-481
-848,-449
-788,-369
-824,-377
-872,-385
-832,-385
-816,-353
-888,-437
-920,-483
-952,-489
-940,-459
-900,-441
-924,-469
-852,-409
-940,-485
-884,-465
-948,-519
-976,-525
-1000,-535
-1036,-555
-1052,-555
-1012,-549
-960,-523
-1028,-549
-972,-517
-1048,-559
-1052,-553
-1040,-541
-1060,-537
-1008,-481
-980,-493
-924,-471
-844,-451
-908,-477
-920,-471
-956,-503
-980,-493
-1020,-521
-996,-495
-984,-515
-928,-479
-944,-485
-892,-405
-832,-359
-928,-427
-952,-421
-932,-419
-872,-391
-936,-453
-916,-471
-1016,-513
-968,-483
-924,-429
-872,-399
-868,-385
-860,-429
-808,-403
-812,-403
-780,-379
-828,-391
-816,-425
-928,-495
-1008,-517
-968,-491
-940,-493
-1020,-521
-980,-505
-948,-485
-984,-491
-1000,-499
-940,-489
-948,-445
-936,-431
-948,-475
-932,-453
-912,-447
-928,-419
-916,-445
-900,-439
-1004,-493
-956,-475
-884,-425
-920,-461
-896,-433
-824,-411
-904,-425
-940,-425
-960,-395
-880,-405
-812,-389
-868,-427
-896,-439
-876,-429
-904,-421
-868,-387
-848,-395
-900,-345
-876,-353
-880,-323
-892,-321
-856,-305
-912,-361
-900,-317
-964,-329
-896,-301
-928,-345
-852,-319
-840,-335
-944,-355
-860,-325
-880,-385
-916,-347
-932,-367
-860,-319
-864,-319
-916,-353
-808,-391
-980,-477
-952,-471
-968,-483
-948,-451
-928,-461
-920,-429
-900,-383
-896,-373
-920,-395
-964,-441
-936,-415
-948,-423
-1000,-443
-932,-401
-936,-435
-952,-457
-1000,-475
-888,-421
-944,-479
-912,-451
-892,-429
-824,-371
-860,-359
-900,-303
-824,-305
-840,-313
-812,-327
-832,-345
-804,-353
-756,-305
-768,-359
-816,-373
-916,-391
-816,-385
-900,-435
-876,-407
-832,-427
-916,-439
-876,-415
-852,-405
-916,-449
-984,-495
-980,-521
-992,-519
-984,-513
-928,-503
-964,-507
-992,-509
-940,-489
-968,-491
-928,-499
-860,-459
-876,-471
-880,-457
-884,-449
-896,-451
-888,-475
-736,-345
-720,-305
-820,-357
-912,-415
-820,-333
-880,-327
-836,-259
-776,-231
-864,-345
-924,-381
-876,-395
-884,-341
-832,-307
-844,-321
-788,-217
-844,-297
-904,-337
-816,-287
-836,-325
-800,-307
-816,-333
-856,-343
-840,-359
-824,-323
-872,-345
-892,-345
-864,-335
-836,-329
-884,-339
-844,-329
-768,-337
-840,-357
-824,-381
-864,-375
-768,-263
-856,-201
-840,-151
-812,-79
-856,-103
-844,-113
-776,-171
-796,-183
-748,-143
-812,-155
-784,-189
-856,-227
-844,-269
-856,-297
-924,-369
-848,-357
-908,-363
-964,-397
-912,-395
-892,-421
-932,-441
-928,-425
-876,-409
-900,-467
-904,-483
-1056,-543
-1044,-549
-896,-483
-1024,-541
-1060,-555
-1020,-509
-952,-491
-880,-469
-976,-485
-924,-483
-908,-465
-888,-431
-924,-457
-928,-421
-924,-465
-884,-409
-876,-407
-840,-363
-828,-285
-840,-407
-868,-451
-856,-447
-852,-459
-876,-463
-892,-459
-888,-457
-992,-513
-928,-489
-856,-441
-868,-443
-904,-459
-936,-455
-876,-451
-828,-421
-888,-457
-904,-451
-968,-473
-964,-465
-912,-475
-992,-531
-988,-529
-1056,-543
-1052,-545
-908,-485
-960,-513
-924,-495
-964,-509
-1024,-543
-1060,-539
-1004,-539
-948,-511
-1020,-521
-1044,-535
-860,-423
-884,-425
-804,-403
-824,-413
-896,-417
-860,-377
-880,-431
-892,-413
-980,-493
-952,-485
-904,-449
-940,-427
-908,-391
-828,-353
-768,-299
-808,-381
-864,-429
-992,-477
-996,-489
-924,-479
-900,-457
-984,-495
-868,-395
-904,-429
-912,-413
-908,-417
-816,-401
-860,-393
-872,-387
-876,-409
-932,-461
-968,-491
-976,-483
-976,-411
-956,-445
-996,-491
-924,-417
-952,-405
-956,-445
-980,-419
-824,-383
-892,-425
-848,-389
-840,-309
-864,-339
-820,-299
-856,-217
-800,-245
-820,-343
-864,-351
-844,-329
-808,-313
-836,-313
-788,-365
-848,-429
-872,-419
-836,-397
-884,-441
-996,-525
-980,-495
-996,-499
-904,-487
-956,-495
-944,-503
-1036,-553
-996,-523
-1012,-523
-980,-519
-940,-495
-872,-449
-956,-465
-996,-503
-972,-471
-952,-471
-852,-427
-908,-457
-956,-485
-968,-489
-884,-439
-924,-439
-880,-419
-888,-431
-996,-447
-1028,-495
-984,-517
-1016,-537
-1024,-541
-1012,-545
-1020,-547
-1068,-557
-932,-509
-956,-497
-980,-519
-972,-479
-880,-425
-944,-493
-988,-529
-1000,-541
-1008,-539
-980,-513
-908,-463
-984,-475
-968,-447
-880,-431
-952,-495
-952,-499
-920,-485
-928,-441
-940,-475
-920,-455
-848,-427
-840,-395
-932,-395
-916,-377
-868,-357
-868,-377
-868,-411
-904,-433
-884,-425
-868,-409
-836,-395
-872,-379
-836,-367
-840,-381
-824,-359
-824,-373
-888,-427
-928,-413
-904,-401
-924,-371
-928,-409
-864,-383
-860,-319
-840,-323
-868,-325
-908,-261
-884,-195
-816,-213
-844,-169
-772,-135
-816,-183
-824,-197
-784,-115
-852,-101
-836,-41
-808,-57
-776,-87
-772,-57
-828,-37
-828,-47
-788,-57
-860,-75
-796,-67
-784,-89
-776,-171
-740,-167
-720,-177
-672,-157
-860,-207
-764,-133
-768,-143
-780,-119
-760,-109
-824,-159
-688,-49
-728,-47
-628,27
-632,5
-684,81
-780,153
-712,123
-776,59
-760,23
-776,1
-748,-7
-764,13
-700,35
-752,93
-792,91
-796,23
-776,23
-744,-27
-704,23
-796,55
-804,81
-800,51
-776,-25
-756,-13
-748,-37
-764,11
-800,-21
-848,-105
-816,-151
-812,-149
-792,-83
-804,-115
-840,-151
-820,-195
-768,-181
-836,-207
-832,-227
-820,-215
-800,-121
-776,-69
-840,-31
-816,-63
-776,-141
-768,-67
-736,15
-800,57
-852,1
-784,-49
-776,-27
-828,-1
-856,37
-860,37
-808,11
-820,51
-752,55
-760,-15
-868,-11
-888,-55
-832,-15
-864,43
-860,111
-752,73
-804,61
-720,27
-772,43
-776,35
-748,83
-724,-25
-776,-15
-820,-9
-872,-7
-884,-101
-856,-91
-848,-61
-828,-91
-860,-19
-776,3
-784,41
-772,-13
-748,-9
-748,17
-684,-33
-688,-11
-780,-39
-700,13
-708,17
-728,-39
-708,-81
-700,-145
-736,-201
-764,-253
-836,-327
-836,-359
-840,-283
-824,-241
-860,-249
-772,-149
-808,-135
-812,-87
-832,-49
-816,-65
-792,-9
-772,-37
-804,-107
-828,-121
-808,-65
-796,-99
-836,-45
-796,53
-816,101
-820,31
-768,9
-780,-47
-728,-83
-724,-123
-816,-177
-824,-243
-700,-213
-752,-245
-668,-173
-712,-191
-736,-203
-828,-307
-900,-373
-892,-373
-884,-403
-880,-397
-784,-353
-812,-267
-860,-313
-852,-297
-860,-259
-892,-243
-848,-207
-828,-219
-892,-241
-880,-159
-872,-159
-848,-173
-888,-117
-876,-79
-848,-125
-828,-121
-776,-111
-832,-177
-776,-197
-768,-185
-808,-223
-748,-185
-748,-165
-728,-169
-732,-123
-776,-185
-824,-277
-792,-233
-784,-233
-852,-213
-836,-203
-836,-369
-940,-433
-916,-407
-916,-409
-928,-417
-884,-405
-976,-467
-920,-431
-980,-477
-1000,-503
-980,-483
-1000,-509
-960,-499
-1092,-561
-1016,-541
-952,-515
-960,-475
-972,-473
-900,-475
-944,-491
-976,-493
-968,-483
-1060,-543
-1032,-537
-1036,-533
-944,-491
-1056,-551
-1068,-551
-964,-487
-892,-445
-924,-469
-952,-503
-900,-467
-936,-487
-864,-447
-968,-463
-936,-443
-956,-457
-912,-433
-936,-441
-1040,-497
-956,-451
-976,-467
-944,-473
-1016,-515
-980,-473
-924,-451
-864,-387
-780,-323
-804,-335
-880,-363
-816,-329
-816,-355
-820,-381
-788,-345
-804,-329
-824,-369
-864,-359
-764,-321
-768,-365
-792,-367
-836,-407
-868,-429
-872,-429
-912,-455
-872,-449
-904,-469
-864,-407
-960,-463
-956,-439
-892,-397
-912,-367
-904,-359
-912,-401
-852,-383
-824,-389
-848,-385
-864,-389
-952,-391
-920,-377
-980,-441
-968,-443
-1052,-477
-988,-437
-964,-417
-960,-443
-880,-419
-916,-441
-812,-353
-756,-359
-812,-333
-764,-291
-776,-269
-848,-281
-696,-221
-792,-183
-792,-149
-716,-157
-764,-99
-844,-175
-836,-167
-868,-131
-804,-107
-900,-157
-908,-157
-860,-185
-816,-205
-764,-233
-848,-225
-908,-241
-868,-151
-860,-167
-872,-195
-840,-127
-812,-147
-848,-165
-840,-153
-812,-131
-820,-73
-888,-17
-812,47
-780,-27
-768,-33
-812,-79
-768,-93
-796,19
-824,31
-812,41
-784,79
-808,41
-828,15
-780,-13
-724,-9
-816,-117
-864,-83
-824,-85
-768,-45
-724,-119
-712,-73
-720,-21
-708,25
-708,39
-648,85
-688,97
-716,33
-724,77
-752,93
-776,121
-712,67
-700,25
-780,13
-868,91
-812,19
-792,-63
-752,-95
-788,-155
-876,-209
-812,-185
-832,-87
-856,-29
-756,-39
-744,-69
-744,-63
-740,51
-764,29
-824,59
-876,123
-796,81
-852,123
-868,147
-868,177
-844,193
-760,207
-796,219
-848,225
-816,283
-812,213
-764,203
-820,249
-824,287
-884,365
-824,385
-804,379
-892,443
-940,507
-924,497
-980,525
-944,483
-1028,523
-1028,539
-920,467
-952,485
-1016,535
-900,467
-932,455
-820,407
-880,451
-900,465
-836,455
-900,453
-952,489
-880,451
-932,453
-876,389
-784,317
-848,377
-880,435
-892,439
-964,493
-940,461
-828,395
-884,437
-944,505
-1004,517
-984,519
-940,525
-992,533
-940,469
-888,461
-956,511
-976,489
-796,409
-888,467
-928,477
-944,463
-888,453
-888,473
-908,483
-956,487
-976,507
-1124,583
-968,523
-964,487
-948,489
-920,493
-972,515
-976,519
-960,527
-1004,533
-1100,563
-1016,527
-984,507
-992,513
-1004,517
-996,515
-1020,529
-900,473
-1024,529
-976,515
-944,519
-908,491
-932,487
-932,489
-952,497
-980,499
-1004,527
-964,519
-920,491
-904,473
-940,501
-936,499
-900,467
-892,459
-852,437
-864,413
-780,367
-772,351
-764,343
-860,405
-832,443
-816,415
-932,455
-876,463
-812,409
-872,379
-868,407
-832,319
-852,329
-896,403
-908,419
-956,423
-992,437
-948,465
-1000,505
-888,439
-872,399
-908,461
-940,429
-832,343
-876,435
-796,363
-788,419
-904,489
-884,471
-864,425
-956,435
-916,445
-924,469
-888,435
-912,455
-928,469
-872,433
-736,339
-876,409
-868,451
-896,415
-924,401
-920,417
-856,375
-824,329
-784,307
-836,275
-804,237
-768,213
-780,203
-812,143
-816,171
-888,215
-920,229
-840,231
-920,333
-856,375
-836,323
-804,289
-824,297
-840,301
-796,265
-896,341
-868,263
-904,201
-848,165
-824,217
-800,197
-824,127
-796,147
-768,243
-756,261
-848,279
-856,271
-852,283
-836,255
-816,227
-848,185
-828,189
-848,207
-824,239
-812,207
-820,127
-792,101
-800,87
-780,13
-832,-5
-800,-37
-844,-17
-788,21
-740,53
-780,13
-828,53
-820,77
-832,93
-880,103
-792,73
-828,111
-752,157
-868,177
-768,123
-780,9
-816,17
-808,109
-784,149
-836,181
-844,191
-828,199
-844,239
-920,287
-936,349
-940,319
-824,259
-808,239
-804,309
-820,351
-884,403
-916,413
-912,429
-936,483
-976,513
-964,515
-1064,557
-1028,545
-944,483
-920,489
-904,471
-900,463
-968,529
-948,523
-928,479
-872,459
-900,483
-952,511
-940,501
-968,515
-928,489
-920,459
-976,477
-952,439
-856,381
-808,395
-876,447
-920,459
-860,445
-916,477
-928,447
-920,463
-952,499
-996,507
-1028,503
-912,439
-908,493
-804,447
-932,459
-876,433
-940,503
-980,521
-1008,517
-1012,545
-952,515
-980,517
-892,473
-872,453
-916,441
-892,399
-876,395
-864,407
-848,423
-956,467
-968,489
-1052,547
-900,491
-856,423
-932,469
-932,473
-944,479
-964,499
-948,481
-1000,513
-1052,521
-948,487
-1032,527
-1028,533
-980,503
-920,487
-868,465
-936,489
-892,483
-952,507
-972,495
-836,423
-872,429
-920,461
-880,381
-780,271
-820,315
-736,227
-756,271
-804,317
-792,329
-932,453
-916,431
-892,423
-960,443
-912,369
-948,363
-936,393
-920,385
-892,349
-868,375
-912,433
-836,389
-860,375
-840,343
-864,407
-892,449
-896,443
-840,421
-888,449
-980,475
-972,447
-880,445
-932,461
-844,421
-916,437
-964,437
-940,443
-1012,517
-1012,535
-1008,527
-940,493
-840,437
-932,467
-964,483
-936,455
-956,467
-876,415
-884,413
-900,473
-884,471
-912,483
-880,461
-1008,543
-1040,553
-988,535
-912,499
-860,469
-988,503
-960,517
-976,521
-920,503
-884,451
-968,475
-952,465
-996,509
-1016,525
-964,473
-960,479
-860,405
-812,339
-848,373
-864,407
-908,469
-828,409
-852,363
-900,427
-892,437
-912,427
-900,427
-824,411
-860,391
-856,367
-788,315
-844,327
-800,371
-880,429
-876,395
-872,383
-940,403
-944,411
-964,439
-936,411
-888,395
-892,425
-936,467
-896,455
-920,475
-1024,505
-1016,513
-1024,529
-1012,527
-1008,517
-1052,547
-1056,555
-964,525
-972,533
-992,533
-972,531
-948,509
-980,507
-912,489
-892,483
-920,481
-912,465
-948,469
-836,407
-868,387
-828,385
-832,323
-836,311
-808,283
-724,301
-776,271
-776,261
-768,265
-764,269
-688,231
-692,277
-644,275
-776,365
-860,411
-896,409
-832,397
-820,409
-816,347
-744,311
-840,363
-820,347
-932,469
-888,435
-984,463
-936,479
-944,507
-936,491
-1060,543
-1076,567
-1020,535
-956,487
-928,469
-848,445
-864,477
-840,433
-904,483
-920,471
-856,425
-976,483
-900,429
-908,405
-932,437
-1000,505
-984,513
-916,497
-984,527
-988,531
-912,497
-944,487
-928,463
-924,457
-936,453
-944,451
-900,449
-916,435
-912,473
-876,439
-888,445
-980,481
-976,481
-896,461
-908,469
-960,449
-1000,451
-944,419
-960,439
-860,375
-828,381
-796,375
-844,407
-856,445
-856,411
-832,417
-888,473
-940,475
-924,447
-892,421
-832,389
-932,437
-900,417
-916,433
-916,411
-964,461
-996,531
-928,505
-976,523
-1004,519
-1036,531
-1024,541
-936,519
-964,499
-968,521
-792,419
-804,433
-848,399
-892,419
-888,435
-848,451
-880,459
-880,425
-944,447
-924,433
-948,471
-896,441
-876,415
-880,451
-920,489
-880,441
-920,469
-904,467
-832,427
-884,435
-936,455
-948,461
-944,443
-940,441
-888,401
-876,419
-948,465
-952,447
-936,459
-932,465
-972,515
-1036,539
-952,517
-984,521
-1020,527
-1016,529
-1056,543
-992,495
-968,489
-1028,519
-936,419
-888,403
-880,395
-896,355
-860,335
-904,303
-832,265
-916,313
-932,351
-892,325
-904,315
-892,311
-740,215
-792,261
-880,255
-908,199
-928,233
-896,193
-764,141
-848,67
-800,51
-700,79
-736,51
-760,43
-852,65
-888,75
-868,117
-836,145
-804,151
-804,187
-824,265
-780,231
-780,225
-780,297
-876,353
-860,359
-860,357
-828,315
-924,375
-892,397
-988,419
-908,421
-936,443
-988,449
-916,413
-888,421
-968,483
-956,451
-936,475
-1004,469
-988,481
-932,479
-940,495
-876,443
-984,473
-968,471
-1004,493
-868,429
-860,421
-852,421
-892,443
-908,467
-924,477
-908,441
-920,457
-952,451
-940,493
-1000,511
-948,487
-952,493
-892,443
-812,353
-856,359
-812,367
-848,331
-912,399
-932,411
-924,383
-928,435
-960,477
-936,491
-956,505
-884,479
-932,503
-952,511
-992,523
-952,505
-892,477
-904,483
-896,489
-896,479
-896,451
-832,429
-908,477
-976,503
-944,453
-928,473
-984,501
-968,511
-908,477
-992,487
-936,417
-940,423
-924,443
-876,399
-976,447
-928,447
-876,403
-816,355
-860,421
-952,449
-952,457
-928,497
-972,475
-928,447
-844,391
-840,363
-848,365
-928,405
-976,503
-964,509
-988,523
-1020,535
-1012,539
-956,483
-912,471
-944,479
-964,495
-956,477
-920,477
-836,445
-844,433
-904,459
-844,407
-940,463
-940,475
-900,471
-964,461
-808,357
-840,417
-840,407
-848,379
-900,409
-876,433
-928,481
-964,503
-976,501
-1020,533
-1004,533
-980,529
-932,495
-888,487
-928,455
-940,507
-992,517
-968,501
-1068,533
-1076,543
-980,487
-972,497
-952,483
-928,451
-936,485
-936,469
-984,499
-896,433
-880,403
-824,363
-856,415
-932,425
-904,429
-948,467
-900,453
-960,411
-840,353
-888,391
-968,421
-860,375
-948,387
-916,397
-904,419
-872,415
-860,367
-756,331
-836,369
-932,415
-904,415
-904,449
-960,471
-940,473
-1040,543
-1044,547
-976,511
-1044,541
-1028,545
-984,529
-940,509
-932,501
-904,493
-1012,535
-960,497
-980,485
-1000,503
-956,461
-1036,531
-1004,505
-880,417
-968,413
-936,457
-904,425
-884,425
-888,395
-892,385
-824,361
-892,365
-900,373
-880,357
-920,445
-1012,495
-1024,533
-992,509
-908,451
-892,405
-944,441
-848,401
-904,425
-896,487
-932,465
-968,503
-940,483
-964,491
-968,489
-964,473
-892,431
-856,433
-904,433
-880,409
-804,359
-872,435
-740,387
-780,377
-876,417
-908,443
-968,451
-956,451
-856,363
-856,377
-904,369
-896,359
-840,311
-916,383
-896,355
-848,335
-888,393
-916,451
-924,441
-972,459
-916,435
-816,377
-864,439
-932,475
-920,471
-916,457
-892,449
-884,437
-876,425
-884,429
-936,463
-860,403
-832,421
-900,461
-908,445
-908,439
-940,455
-916,433
-948,481
-960,479
-960,477
-924,461
-908,457
-924,461
-992,505
-968,475
-956,487
-900,449
-892,415
-912,419
-868,395
-868,411
-860,371
-904,377
-816,349
-876,399
-900,395
-852,433
-800,357
-756,341
-844,365
-812,373
-908,419
-876,393
-864,417
-904,443
-932,429
-924,425
-928,429
-884,437
-900,439
-836,421
-928,469
-948,499
-936,473
-916,459
-904,495
-864,461
-940,485
-912,477
-1040,555
-912,493
-1020,537
-1016,535
-952,497
-956,491
-840,457
-920,459
-888,389
-856,353
-796,315
-760,325
-836,401
-888,461
-812,389
-848,401
-832,403
-840,423
-908,413
-952,469
-988,503
-964,483
-1032,501
-980,461
-892,461
-924,475
-952,495
-960,511
-952,477
-876,451
-876,463
-1004,509
-964,487
-896,477
-852,453
-912,493
-920,461
-1016,523
-1016,509
-968,499
-908,457
-932,487
-920,467
-892,451
-836,409
-856,433
-904,457
-900,467
-936,505
-944,505
-968,489
-1048,539
-972,525
-1044,549
-956,501
-1020,529
-948,507
-900,489
-980,515
-1028,525
-940,473
-936,505
-952,507
-964,501
-1028,537
-968,497
-996,535
-996,527
-948,509
-996,537
-944,497
-992,505
-1024,533
-1004,523
-1012,541
-1060,561
-944,503
-1024,525
-944,467
-920,473
-872,431
-840,405
-848,365
-788,343
-812,375
-796,307
-840,353
-928,407
-872,377
-820,385
-808,363
-824,365
-840,327
-852,373
-784,343
-868,403
-976,425
-944,399
-948,415
-796,351
-832,399
-844,393
-852,403
-884,419
-860,361
-864,375
-836,387
-824,393
-884,401
-856,387
-852,393
-844,379
-936,447
-952,491
-1068,557
-1060,555
-1028,551
-1028,553
-1004,535
-932,487
-928,399
-996,447
-916,415
-932,467
-908,451
-900,449
-876,415
-804,385
-800,367
-868,345
-804,293
-912,307
-888,321
-924,323
-860,315
-848,333
-792,317
-804,239
-796,269
-736,311
-844,331
-844,279
-844,293
-836,297
-828,275
-800,269
-852,283
-844,279
-776,289
-836,339
-808,319
-860,355
-888,401
-880,401
-808,339
-796,327
-756,339
-828,351
-832,341
-888,361
-876,363
-800,315
-812,317
-832,307
-860,381
-864,363
-884,411
-796,407
-856,403
-800,315
-800,245
-904,231
-852,221
-836,229
-956,307
-996,369
-900,365
-908,337
-812,301
-876,327
-868,347
-896,329
-868,355
-848,285
-796,305
-736,279
-864,335
-804,347
-828,301
-824,289
-812,279
-764,273
-828,335
-820,381
-916,403
-876,407
-912,421
-876,421
-936,429
-864,363
-908,377
-936,427
-892,409
-924,465
-896,433
-968,507
-992,517
-1000,515
-980,525
-964,519
-1000,523
-920,497
-896,433
-908,473
-924,485
-904,479
-908,487
-1032,541
-940,495
-944,511
-944,479
-960,505
-992,523
-1004,513
-1012,527
-944,493
-968,479
-968,507
-956,503
-964,509
-1028,549
-964,517
-1092,565
-1060,551
-1036,555
-940,503
-1020,521
-980,493
-924,471
-928,475
-944,467
-920,473
-972,509
-936,489
-880,489
-996,527
-968,505
-1048,547
-1052,553
-1068,541
-1060,537
-1048,533
-1084,555
-1028,533
-984,495
-1012,499
-944,479
-884,417
-868,373
-928,409
-960,417
-892,433
-928,449
-948,443
-868,423
-948,507
-992,481
-984,467
-912,427
-948,453
-928,421
-904,395
-932,413
-928,333
-860,317
-816,233
-896,225
-856,157
-852,159
-824,201
-844,167
-748,91
-812,71
-828,67
-772,63
-672,41
-728,-13
-760,5
-744,75
-768,97
-764,71
-792,-1
-776,-27
-816,-41
-876,-31
-748,-31
-760,27
-720,23
-740,33
-808,47
-844,87
-816,49
-828,29
-788,81
-808,79
-792,31
-772,31
-836,-41
-824,133
-820,155
-844,117
-796,75
-792,65
-716,3
-716,25
-728,-47
-748,-85
-776,-29
-788,-63
-764,-95
-732,-119
-804,-227
-828,-231
-800,-225
-816,-269
-824,-281
-804,-219
-724,-269
-872,-311
-780,-277
-784,-273
-888,-277
-880,-293
-908,-275
-824,-287
-896,-349
-864,-343
-888,-349
-880,-389
-860,-371
-840,-427
-884,-441
-940,-489
-928,-499
-1032,-517
-960,-519
-1016,-535
-928,-465
-912,-471
-928,-479
-856,-455
-988,-533
-988,-529
-1048,-547
-1004,-533
-1032,-537
-988,-539
-952,-483
-956,-479
-860,-443
-900,-425
-804,-421
-892,-449
-876,-465
-976,-493
-896,-449
-892,-417
-908,-421
-880,-365
-812,-389
-912,-435
-876,-375
-848,-387
-860,-455
-884,-423
-836,-425
-924,-477
-1020,-521
-928,-477
-932,-497
-960,-505
-1000,-525
-1024,-523
-924,-451
-920,-431
-880,-345
-852,-305
-780,-253
-716,-243
-732,-265
-784,-315
-820,-303
-816,-317
-740,-215
-708,-131
-716,-163
-760,-239
-708,-181
-712,-225
-768,-229
-760,-257
-848,-315
-800,-283
-812,-301
-884,-341
-808,-361
-884,-375
-888,-361
-784,-397
-836,-395
-752,-373
-796,-335
-752,-307
-712,-277
-748,-305
-776,-263
-840,-199
-860,-183
-760,-199
-896,-279
-896,-309
-856,-333
-912,-339
-936,-353
-876,-343
-812,-283
-844,-269
-796,-267
-764,-235
-836,-259
-772,-225
-828,-177
-820,-175
-800,-133
-844,-155
-840,-145
-900,-101
-844,-65
-748,-91
-808,-71
-820,-69
-808,-47
-808,-95
-824,-87
-864,-107
-840,-73
-756,7
-784,21
-836,-33
-776,-73
-796,-93
-772,-181
-772,-213
-820,-231
-844,-293
-832,-299
-780,-315
-780,-315
-824,-369
-816,-401
-864,-429
-888,-465
-908,-467
-920,-463
-896,-461
-984,-525
-980,-517
-948,-517
-916,-485
-964,-497
-1052,-529
-940,-491
-956,-465
-920,-469
-908,-441
-896,-479
-856,-453
-984,-509
-964,-507
-1088,-565
-1048,-551
-1036,-531
-992,-517
-908,-467
-920,-465
-900,-441
-872,-413
-860,-437
-868,-405
-856,-315
-840,-297
-864,-365
-768,-343
-804,-383
-824,-365
-824,-409
-888,-455
-936,-461
-956,-505
-1036,-551
-972,-513
-1020,-541
-988,-525
-964,-487
-904,-479
-900,-469
-896,-451
-940,-445
-980,-487
-912,-471
-824,-419
-848,-421
-968,-507
-928,-485
-980,-523
-980,-519
-920,-507
-1056,-557
-1024,-547
-948,-495
-988,-481
-916,-423
-900,-435
-788,-401
-780,-369
-836,-407
-904,-463
-908,-479
-960,-485
-944,-503
-932,-469
-948,-513
-932,-495
-972,-503
-916,-463
-908,-437
-908,-477
-936,-475
-908,-481
-920,-491
-944,-493
-988,-541
-972,-517
-936,-497
-944,-501
-944,-485
-936,-461
-876,-457
-992,-513
-960,-489
-884,-431
-932,-473
-936,-501
-956,-515
-972,-513
-944,-501
-884,-445
-856,-445
-916,-443
-884,-401
-836,-411
-848,-405
-876,-431
-880,-407
-876,-379
-896,-401
-888,-425
-844,-387
-872,-389
-944,-439
-952,-465
-904,-417
-932,-449
-948,-483
-964,-497
-1024,-527
-964,-487
-884,-405
-836,-347
-872,-361
-844,-413
-872,-457
-940,-479
-972,-487
-904,-459
-896,-491
-968,-525
-1040,-547
-1024,-543
-972,-511
-896,-457
-948,-485
-904,-483
-888,-485
-944,-495
-948,-513
-988,-523
-924,-497
-952,-497
-924,-493
-948,-495
-888,-465
-912,-483
-952,-499
-972,-485
-924,-423
-888,-399
-872,-399
-848,-395
-836,-417
-884,-433
-928,-459
-892,-435
-920,-491
-956,-511
-1028,-545
-944,-491
-1024,-509
-1028,-549
-1000,-525
-996,-493
-1004,-483
-996,-481
-912,-453
-924,-441
-908,-431
-868,-385
-912,-397
-924,-409
-988,-469
-900,-427
-980,-495
-872,-443
-872,-457
-804,-403
-828,-423
-924,-493
-928,-483
-908,-473
-988,-489
-988,-519
-988,-533
-904,-503
-980,-521
-920,-485
-932,-469
-936,-455
-944,-467
-908,-439
-868,-403
-888,-385
-828,-359
-920,-413
-908,-427
-932,-451
-992,-509
-944,-501
-968,-519
-936,-493
-904,-461
-928,-463
-984,-495
-936,-473
-944,-499
-872,-403
-860,-443
-892,-463
-852,-421
-860,-429
-868,-451
-976,-517
-960,-517
-1048,-551
-940,-503
-928,-497
-912,-485
-980,-493
-924,-481
-960,-509
-976,-509
-956,-489
-900,-479
-960,-491
-968,-509
-992,-517
-1056,-545
-1020,-527
-1004,-533
-1036,-533
-1048,-541
-1012,-535
-880,-469
-976,-493
-1008,-531
-968,-497
-892,-449
-944,-491
-972,-503
-984,-507
-984,-485
-956,-485
-928,-479
-896,-491
-888,-499
-876,-483
-896,-489
-876,-469
-876,-479
-880,-433
-888,-445
-892,-473
-848,-445
-884,-443
-824,-413
-868,-427
-936,-439
-924,-463
-936,-457
-992,-499
-1044,-513
-968,-503
-960,-517
-988,-529
-988,-531
-864,-487
-876,-481
-928,-465
-952,-505
-964,-523
-928,-511
-924,-477
-908,-419
-936,-457
-980,-447
-1004,-475
-812,-419
-860,-451
-876,-471
-920,-507
-880,-467
-840,-427
-860,-411
-856,-401
-908,-425
-896,-435
-828,-407
-824,-393
-796,-395
-824,-371
-756,-259
-740,-149
-672,-147
-736,-191
-736,-197
-788,-157
-868,-91
-788,-51
-704,-55
-744,-33
-744,-7
-776,-91
-700,-35
-728,-71
-700,35
-792,27
-740,49
-760,63
-704,5
-700,-19
-796,-127
-808,-41
-736,-59
-832,-27
-816,-7
-776,-21
-680,5
-852,-7
-796,53
-748,79
-816,93
-840,229
-828,297
-860,253
-856,301
-776,283
-772,261
-928,317
-892,335
-860,283
-824,347
-848,423
-900,485
-956,509
-1008,507
-996,497
-944,471
-976,467
-936,419
-928,455
-868,417
-820,397
-868,453
-892,455
-892,437
-916,463
-932,485
-876,479
-1016,515
-964,495
-936,479
-1016,525
-1004,525
-1032,549
-1028,549
-1056,547
-1000,501
-976,509
-940,505
-936,473
-868,425
-956,511
-1032,553
-1060,525
-1052,551
-1080,559
-1044,541
-960,491
-1020,529
-1060,559
-1056,559
-880,465
-816,401
-908,395
-772,317
-768,273
-784,325
-824,357
-820,353
-856,361
-836,355
-908,399
-912,371
-968,407
-940,409
-960,415
-1040,483
-996,503
-1008,505
-1004,531
-1008,543
-956,489
-932,467
-964,499
-972,521
-1044,527
-904,471
-840,465
-900,433
-756,343
-872,327
-776,319
-800,303
-816,319
-748,271
-780,275
-876,369
-788,265
-796,211
-780,125
-828,175
-824,201
-804,125
-796,103
-824,125
-828,121
-696,99
-744,77
-804,63
-788,89
-772,89
-884,31
-840,13
-732,71
-792,73
-764,117
-804,115
-836,121
-876,205
-828,153
-776,139
-888,231
-956,345
-1012,439
-940,387
-900,397
-868,367
-836,337
-924,361
-864,323
-824,293
-764,251
-832,253
-896,271
-776,247
-832,323
-840,313
-800,303
-876,311
-956,363
-932,295
-860,269
-836,263
-840,281
-792,275
-804,287
-852,283
-824,345
-800,313
-776,335
-820,329
-832,383
-880,433
-920,463
-944,459
-912,451
-868,375
-864,377
-788,353
-872,343
-944,391
-916,349
-872,365
-872,409
-860,379
-896,429
-932,413
-884,395
-996,481
-1004,493
-988,493
-1004,461
-1016,489
-912,455
-972,515
-968,499
-956,469
-928,475
-1048,525
-1024,531
-980,521
-892,463
-912,439
-884,437
-904,441
-936,467
-844,387
-852,383
-892,475
-964,515
-1020,531
-952,519
-1012,533
-948,485
-920,495
-940,515
-852,453
-868,477
-920,473
-948,503
-972,507
-960,501
-1000,515
-1016,501
-1012,513
-1020,521
-1008,519
-988,535
-1016,543
-1068,557
-992,513
-972,505
-1040,551
-1028,529
-1044,537
-976,507
-988,491
-972,451
-932,411
-948,427
-904,359
-908,329
-844,345
-820,313
-756,283
-752,275
-784,279
-796,289
-868,367
-800,359
-856,399
-920,435
-872,425
-884,453
-852,413
-840,393
-856,385
-900,377
-896,353
-856,359
-832,345
-848,367
-864,367
-780,273
-736,253
-728,217
-792,235
-816,219
-836,227
-868,275
-872,291
-824,295
-800,257
-840,281
-820,343
-856,387
-872,401
-872,453
-880,437
-912,487
-912,479
-988,475
-984,459
-916,413
-928,413
-812,351
-892,359
-888,355
-860,301
-836,299
-908,311
-784,273
-816,203
-856,267
-836,233
-772,219
-816,235
-772,249
-808,247
-804,273
-832,211
-860,237
-748,231
-740,293
-828,329
-848,325
-880,379
-848,367
-864,295
-844,345
-864,349
-772,325
-808,351
-840,387
-864,435
-816,403
-824,413
-876,451
-908,473
-944,495
-952,483
-960,497
-948,487
-880,475
-956,453
-852,411
-836,371
-916,413
-808,345
-836,281
-968,285
-924,289
-872,281
-816,207
-820,229
-800,145
-796,129
-716,147
-780,173
-916,245
-836,189
-884,185
-876,173
-880,215
-852,179
-880,191
-896,203
-892,245
-820,205
-804,161
-800,147
-752,135
-840,171
-880,219
-916,299
-904,335
-860,283
-776,279
-776,329
-824,307
-812,249
-816,225
-820,251
-784,267
-764,203
-732,285
-816,275
-780,233
-748,259
-792,183
-768,183
-816,15
-864,-9
-808,65
-848,141
-792,161
-804,147
-800,111
-772,93
-760,117
-776,171
-760,241
-752,213
-804,189
-812,251
-676,213
-704,253
-776,285
-780,325
-832,347
-804,359
-832,373
-916,461
-880,429
-824,415
-880,461
-1008,523
-1008,517
-968,489
-872,449
-940,481
-820,407
-840,447
-872,435
-868,445
-908,437
-868,407
-812,371
-864,443
-828,439
-936,465
-964,459
-900,413
-880,375
-848,361
-872,401
-896,447
-868,429
-880,393
-856,431
-944,441
-916,401
-812,371
-888,369
-884,391
-924,399
-968,397
-956,385
-928,395
-996,405
-912,331
-872,325
-832,293
-864,319
-796,323
-792,323
-828,293
-880,195
-856,205
-832,131
-812,45
-876,81
-812,109
-816,109
-832,115
-860,97
-812,-11
-780,-59
-760,-101
-744,-75
-804,-101
-800,-85
-716,-103
-808,-101
-824,-67
-792,-121
-856,-101
-828,-85
-784,1
-824,55
-788,49
-740,27
-796,61
-768,77
-828,-21
-832,-67
-848,-7
-828,-9
-912,-41
-808,-85
-844,-65
-800,-5
-836,-71
-812,-67
-876,-55
-896,-39
-884,-9
-924,-41
-860,3
-832,11
-816,-13
-816,19
-848,71
-816,71
-856,59
-840,-1
-836,53
-808,87
-820,55
-852,71
-864,103
-880,45
-928,39
-960,-3
-824,77
-900,23
-844,37
-824,9
-756,-55
-728,-15
-688,-49
-756,-27
-716,27
-684,-1
-724,-77
-812,-125
-704,-151
-800,-239
-808,-209
-792,-143
-824,-119
-820,-83
-812,-131
-844,-139
-916,-111
-848,-171
-856,-135
-884,-117
-792,-129
-808,-165
-764,-201
-756,-209
-860,-163
-932,-191
-952,-163
-844,-173
-864,-191
-840,-141
-936,-225
-972,-293
-872,-297
-764,-299
-856,-379
-912,-449
-928,-431
-840,-401
-780,-401
-840,-409
-832,-443
-960,-479
-972,-511
-892,-475
-956,-483
-856,-431
-840,-411
-912,-455
-924,-459
-912,-443
-996,-439
-972,-443
-960,-451
-892,-439
-936,-483
-992,-525
-1036,-535
-960,-503
-948,-507
-972,-523
-956,-509
-1012,-533
-956,-477
-900,-455
-932,-497
-992,-513
-928,-471
-1000,-489
-1004,-489
-940,-493
-968,-511
-924,-467
-864,-467
-924,-469
-960,-493
-952,-499
-1004,-485
-928,-453
-1000,-493
-932,-493
-1004,-519
-956,-477
-980,-489
-1004,-515
-1016,-533
-1024,-531
-964,-503
-960,-489
-1104,-573
-1052,-555
-1016,-537
-928,-495
-952,-479
-972,-471
-916,-437
-936,-467
-904,-457
-948,-479
-992,-507
-1000,-497
-936,-485
-824,-417
-840,-337
-872,-359
-824,-355
-820,-355
-844,-365
-852,-351
-880,-393
-872,-365
-932,-455
-924,-413
-992,-443
-916,-423
-852,-373
-856,-415
-884,-451
-932,-499
-944,-487
-1036,-533
-1064,-565
-1084,-571
-1056,-557
-1012,-539
-940,-483
-948,-477
-856,-383
-824,-347
-896,-283
-832,-309
-832,-337
-888,-423
-928,-415
-868,-387
-872,-379
-892,-373
-964,-433
-892,-431
-872,-419
-880,-457
-936,-469
-888,-437
-856,-433
-952,-499
-928,-487
-980,-507
-924,-505
-988,-523
-980,-523
-1020,-525
-940,-479
-896,-447
-952,-505
-1012,-533
-936,-483
-960,-515
-1000,-519
-932,-499
-928,-493
-936,-489
-948,-501
-920,-485
-896,-463
-896,-461
-872,-417
-952,-497
-1000,-533
-948,-505
-896,-473
-944,-477
-920,-487
-960,-495
-932,-467
-948,-483
-996,-511
-952,-475
-872,-449
-896,-395
-912,-383
-972,-407
-876,-361
-908,-355
-932,-373
-900,-413
-876,-365
-876,-281
-848,-225
-876,-159
-884,-131
-860,-159
-880,-181
-908,-365
-820,-391
-828,-415
-868,-391
-852,-357
-860,-381
-920,-385
-928,-395
-928,-425
-920,-411
-860,-347
-824,-295
-860,-369
-808,-325
-812,-239
-808,-235
-852,-273
-832,-265
-836,-247
-832,-287
-764,-253
-792,-53
-816,-61
-740,-107
-828,-57
-824,-103
-784,-33
-816,-109
-812,-129
-852,-133
-808,-173
-748,-131
-768,-85
-780,-53
-736,-47
-780,-21
-784,-19
-800,83
-764,165
-724,199
-772,277
-840,359
-808,439
-888,471
-808,423
-912,487
-908,481
-1024,531
-988,509
-1000,525
-976,509
-852,443
-968,487
-904,449
-1024,525
-944,517
-1032,555
-1064,563
-988,533
-960,523
-972,523
-948,495
-992,509
-904,443
-912,429
-960,433
-1028,471
-968,439
-960,481
-916,473
-924,445
-988,507
-1004,517
-1036,531
-960,497
-976,487
-940,459
-932,469
-944,465
-904,429
-880,407
-968,467
-924,443
-908,465
-844,401
-820,407
-808,413
-904,433
-856,437
-832,387
-968,459
-972,443
-864,377
-836,389
-824,439
-892,465
-896,453
-1000,525
-988,493
-1004,491
-892,479
-888,425
-936,479
-936,495
-1016,521
-916,477
-880,435
-904,407
-872,381
-936,451
-876,367
-848,393
-912,401
-948,481
-888,453
-856,447
-968,515
-944,509
-968,519
-1016,531
-960,491
-948,455
-924,431
-940,383
-848,379
-780,375
-792,345
-836,387
-924,435
-936,457
-916,455
-856,385
-828,305
-796,165
-784,219
-760,253
-776,319
-804,357
-864,425
-884,433
-924,425
-916,435
-944,461
-1012,537
-920,491
-896,463
-876,453
-948,469
-892,433
-928,453
-1004,499
-1000,493
-1048,515
-992,509
-1052,547
-956,503
-924,491
-872,449
-800,407
-828,383
-876,447
-820,405
-868,417
-868,399
-872,411
-948,419
-860,407
-872,437
-896,443
-860,435
-840,427
-872,469
-932,495
-956,517
-976,523
-1016,535
-980,515
-988,525
-944,497
-972,375
-976,341
-956,347
-848,265
-912,293
-884,393
-924,445
-888,387
-864,401
-876,465
-920,447
-844,423
-916,469
-880,449
-916,457
-896,445
-920,481
-868,447
-944,503
-976,519
-948,481
-984,497
-1012,525
-872,427
-872,417
-956,483
-1000,517
-904,457
-868,451
-884,471
-928,481
-916,441
-988,523
-960,499
-1016,497
-980,501
-1000,529
-1012,529
-1060,559
-1004,525
-988,503
-952,507
-1000,521
-988,517
-968,497
-928,483
-932,501
-1036,545
-952,487
-876,417
-876,443
-876,433
-908,431
-844,437
-872,459
-900,451
-916,459
-908,475
-876,461
-860,455
-928,469
-928,451
-916,465
-900,457
-852,403
-852,359
-840,361
-792,333
-884,349
-896,355
-888,393
-900,399
-852,371
-904,363
-996,423
-996,367
-956,375
-944,395
-1016,433
-1024,455
-888,429
-860,455
-788,403
-896,415
-920,461
-900,423
-948,403
-940,403
-916,425
-956,447
-892,425
-864,427
-804,319
-864,275
-844,281
-828,293
-788,201
-712,119
-736,75
-772,35
-772,57
-804,135
-884,183
-904,183
-880,149
-844,91
-772,49
-872,51
-820,95
-800,91
-840,41
-840,27
-844,-25
-832,-35
-916,-97
-808,-139
-796,-121
-872,-125
-760,-51
-852,-75
-880,-117
-792,-61
-836,-69
-812,-97
-780,-27
-720,-77
-796,-67
-756,-53
-852,-17
-864,-51
-864,-65
-872,-23
-848,-57
-772,31
-772,11
-768,-67
-796,-39
-744,75
-824,195
-868,229
-856,193
-820,181
-864,191
-776,159
-828,203
-832,219
-896,243
-836,277
-916,321
-872,317
-828,347
-860,359
-848,397
-848,397
-784,349
-760,319
-848,411
-924,455
-868,411
-980,515
-944,483
-916,487
-940,507
-1008,517
-1024,535
-1016,509
-956,459
-852,429
-888,479
-896,487
-984,525
-992,535
-984,531
-944,521
-920,479
-916,459
-972,487
-924,481
-944,461
-908,471
-932,473
-960,501
-952,475
-932,485
-924,479
-936,495
-908,429
-956,413
-864,421
-808,379
-880,397
-912,453
-844,409
-832,433
-852,411
-900,411
-836,393
-876,395
-804,283
-816,225
-828,171
-792,123
-780,83
-780,29
-748,53
-800,49
-772,153
-880,247
-888,297
-788,289
-840,367
-864,359
-904,429
-860,447
-876,451
-900,467
-960,507
-940,483
-940,479
-980,475
-916,479
-792,389
-856,407
-872,393
-848,375
-820,319
-840,377
-860,405
-892,477
-948,501
-1044,525
-976,509
-932,499
-972,497
-948,487
-944,445
-908,439
-888,407
-896,401
-840,381
-884,347
-860,367
-940,413
-900,399
-864,387
-900,409
-900,445
-836,433
-940,489
-956,497
-1020,535
-1016,537
-1028,551
-972,529
-1048,545
-972,517
-976,509
-956,517
-940,499
-1012,521
-1044,549
-1008,535
-912,473
-880,463
-968,501
-920,471
-948,489
-904,423
-952,477
-856,399
-844,409
-932,495
-952,503
-972,523
-1016,535
-912,477
-840,427
-828,365
-892,395
-792,349
-876,411
-936,459
-844,391
-804,361
-916,401
-924,421
-900,365
-928,395
-1028,473
-948,461
-984,489
-952,471
-884,395
-952,449
-900,413
-904,399
-900,365
-852,371
-772,307
-848,371
-808,347
-800,337
-852,415
-924,453
-864,419
-820,377
-836,435
-888,463
-948,471
-940,471
-932,477
-940,475
-988,491
-896,477
-844,441
-860,411
-888,423
-816,385
-772,349
-916,433
-960,465
-928,415
-952,465
-956,497
-988,513
-940,479
-912,461
-976,511
-984,501
-964,483
-940,445
-860,429
-948,447
-960,435
-904,423
-1016,481
-1000,479
-1000,463
-928,455
-972,463
-980,517
-964,505
-944,513
-996,509
-876,449
-868,417
-924,451
-860,415
-876,415
-836,423
-924,437
-932,467
-864,449
-840,445
-880,427
-940,445
-884,389
-824,323
-836,253
-868,271
-796,243
-876,293
-908,327
-868,397
-932,411
-848,357
-804,349
-780,353
-896,403
-888,427
-864,425
-872,393
-884,393
-812,367
-912,413
-736,339
-856,395
-820,317
-848,401
-840,383
-896,383
-880,389
-880,375
-932,425
-920,395
-956,443
-988,453
-924,439
-1004,489
-960,473
-992,497
-1024,519
-944,469
-948,469
-932,405
-888,383
-844,399
-896,413
-928,445
-916,445
-940,471
-944,481
-972,501
-988,507
-972,507
-960,489
-968,471
-936,499
-996,529
-1036,523
-996,511
-916,429
-892,463
-884,413
-916,409
-908,385
-852,355
-836,383
-816,327
-800,335
-816,363
-876,427
-900,449
-988,497
-860,445
-844,433
-908,475
-944,497
-968,523
-964,527
-976,513
-1032,549
-1012,513
-1024,537
-1064,553
-972,515
-976,525
-1000,505
-916,483
-952,493
-956,479
-952,487
-924,479
-948,483
-952,469
-988,489
-928,461
-976,495
-988,487
-980,491
-984,451
-932,429
-916,445
-896,409
-828,295
-840,253
-844,297
-792,283
-892,309
-764,271
-784,289
-824,315
-916,409
-832,325
-844,355
-848,415
-932,477
-904,481
-912,455
-876,447
-904,439
-868,461
-892,449
-884,419
-836,405
-796,399
-796,385
-856,433
-876,437
-876,465
-860,417
-920,479
-972,479
-884,461
-836,417
-852,433
-860,409
-824,373
-840,373
-828,363
-808,361
-840,345
-820,341
-836,375
-868,367
-896,411
-884,385
-812,343
-772,319
-832,385
-956,433
-964,461
-928,447
-992,465
-904,389
-904,339
-892,361
-984,433
-916,425
-964,465
-940,495
-872,439
-824,391
-800,399
-876,415
-856,407
-844,405
-892,401
-904,397
-880,375
-896,381
-876,409
-908,385
-900,361
-844,417
-944,455
-904,445
-860,403
-880,443
-956,477
-1016,491
-872,437
-952,495
-936,503
-968,509
-904,481
-940,471
-900,419
-876,415
-828,369
-788,343
-844,425
-944,457
-880,433
-896,461
-936,457
-1008,493
-980,503
-860,465
-1004,537
-1020,543
-1012,525
-980,513
-960,507
-984,533
-992,521
-928,485
-960,485
-988,487
-924,479
-1000,527
-1068,563
-1056,551
-980,519
-984,503
-964,513
-1052,553
-1000,541
-948,515
-1012,543
-1036,547
-1036,561
-956,515
-1060,551
-1012,529
-912,483
-856,379
-784,351
-888,419
-904,439
-920,437
-876,409
-880,419
-884,433
-896,469
-932,483
-924,447
-860,389
-928,441
-872,423
-992,521
-948,517
-924,485
-968,501
-996,495
-940,483
-1000,487
-936,461
-892,453
-892,465
-948,507
-972,483
-1056,509
-1008,479
-908,417
-876,429
-928,453
-908,455
-960,473
-940,469
-868,457
-948,479
-960,515
-988,511
-1052,549
-1044,537
-920,497
-992,515
-1000,501
-996,513
-1008,517
-932,337
-824,295
-836,359
-796,323
-816,333
-832,343
-796,351
-796,323
-816,351
-880,373
-936,431
-852,391
-836,375
-836,365
-876,437
-868,447
-896,467
-948,473
-904,469
-980,499
-932,491
-1016,541
-1020,527
-1068,557
-1020,547
-928,495
-1016,521
-1004,527
-1048,551
-1024,549
-1088,555
-936,499
-932,495
-932,467
-924,459
-832,377
-920,401
-836,403
-800,397
-808,395
-824,403
-888,419
-844,415
-992,527
-1004,531
-1052,549
-996,525
-916,489
-944,491
-876,429
-860,453
-948,457
-932,453
-900,435
-884,419
-924,449
-932,483
-964,479
-900,457
-876,437
-876,445
-892,423
-892,381
-852,357
-856,327
-912,411
-892,393
-920,399
-948,457
-964,475
-968,451
-832,441
-908,477
-948,497
-988,497
-1012,499
-960,501
-1032,517
-948,483
-912,423
-872,425
-928,455
-932,457
-924,451
-908,435
-988,473
-916,449
-916,455
-884,431
-1004,531
-1040,553
-1008,539
-1080,549
-984,499
-984,505
-944,495
-908,485
-968,505
-912,447
-960,471
-956,485
-904,479
-960,521
-884,477
-928,483
-968,489
-996,503
-940,483
-928,495
-900,459
-980,493
-960,521
-988,539
-1024,543
-1060,529
-908,481
-916,463
-904,443
-956,463
-908,449
-876,443
-892,449
-924,467
-940,475
-996,507
-1024,527
-1040,527
-1032,539
-920,503
-912,481
-980,507
-944,485
-992,497
-864,441
-920,493
-912,475
-936,479
-940,489
-948,469
-832,421
-896,447
-844,431
-900,473
-1024,541
-960,503
-1048,541
-1040,527
-988,517
-916,475
-952,455
-956,461
-1028,503
-948,487
-944,487
-884,463
-888,447
-856,429
-964,489
-980,473
-812,385
-832,391
-840,389
-924,451
-932,415
-888,415
-960,443
-920,441
-940,437
-916,451
-860,405
-996,441
-844,401
-956,433
-956,429
-868,405
-848,363
-860,407
-904,437
-964,487
-912,449
-976,499
-956,499
-956,451
-936,475
-860,427
-816,379
-776,381
-856,401
-980,511
-964,497
-912,445
-928,395
-940,413
-952,425
-936,477
-940,505
-952,505
-1016,535
-1004,515
-836,431
-872,377
-824,319
-860,361
-932,421
-924,437
-956,461
-928,459
-936,443
-972,455
-864,399
-884,387
-948,419
-1044,499
-1004,521
-1052,529
-1024,519
-1048,547
-972,513
-1036,533
-1024,543
-1004,519
-948,495
-996,535
-1044,555
-972,505
-968,501
-952,499
-1004,491
-952,457
-944,483
-956,479
-932,455
-956,475
-924,453
-988,493
-952,489
-936,497
-888,459
-888,443
-996,481
-992,453
-940,409
-884,387
-928,439
-924,427
-916,389
-864,395
-940,479
-860,437
-868,433
-916,433
-928,469
-868,423
-928,415
-880,401
-860,417
-904,437
-920,447
-1020,519
-932,477
-852,459
-912,463
-868,455
-872,457
-988,533
-1036,557
-904,485
-904,459
-980,485
-1024,507
-988,499
-980,493
-972,485
-972,479
-892,445
-788,391
-788,369
-924,427
-840,397
-812,343
-856,369
-856,413
-928,345
-916,353
-904,379
-892,339
-792,315
-824,393
-972,461
-928,449
-912,469
-900,453
-880,371
-868,417
-784,389
-824,309
-796,331
-824,329
-832,343
-928,401
-900,379
-884,369
-828,355
-748,333
-800,327
-824,403
-844,377
-924,381
-956,449
-984,471
-844,435
-884,439
-928,439
-956,485
-916,459
-964,495
-940,475
-964,489
-1000,541
-1016,527
-1004,527
-916,471
-804,451
-928,497
-944,491
-1000,527
-1012,533
-968,497
-1020,541
-1008,501
-1040,503
-792,393
-888,413
-868,437
-916,469
-876,435
-912,433
-904,425
-964,471
-928,485
-924,493
-1032,511
-996,495
-920,503
-912,445
-924,473
-908,467
-904,439
-968,477
-972,503
-992,475
-872,411
-844,389
-928,441
-908,429
-916,465
-816,433
-848,461
-892,463
-860,471
-904,483
-880,463
-952,477
-948,495
-964,503
-952,481
-1048,541
-1072,539
-956,497
-968,497
-924,487
-896,461
-892,491
-988,529
-908,471
-884,469
-848,449
-792,409
-796,383
-852,431
-880,463
-868,439
-984,457
-920,423
-980,481
-908,455
-832,431
-864,443
-888,455
-912,461
-924,445
-952,473
-920,465
-896,455
-840,451
-844,429
-912,479
-936,469
-900,491
-872,455
-996,519
-924,497
-884,457
-904,487
-1012,509
-968,483
-884,439
-920,447
-792,331
-776,345
-804,303
-836,315
-760,263
-796,307
-792,325
-816,381
-824,395
-804,393
-900,445
-932,449
-964,435
-916,469
-904,441
-900,443
-972,483
-888,407
-952,455
-968,499
-1008,533
-992,515
-980,511
-1028,553
-1104,579
-1036,547
-988,531
-1056,543
-1032,525
-1028,543
-1048,553
-988,521
-984,485
-1044,521
-1012,489
-932,459
-960,495
-924,495
-912,477
-940,467
-940,431
-816,405
-904,423
-800,405
-848,421
-896,457
-940,501
-988,507
-932,485
-948,495
-988,499
-916,457
-972,505
-968,491
-888,409
-860,339
-784,285
-824,307
-816,321
-748,273
-804,267
-792,295
-788,271
-880,297
-756,225
-736,151
-712,131
-744,67
-772,5
-768,-1
-744,29
-744,103
-856,177
-884,165
-792,155
-804,111
-812,139
-856,201
-840,239
-780,199
-864,205
-804,237
-784,281
-832,255
-824,275
-808,239
-856,239
-856,181
-840,95
-780,137
-768,75
-752,81
-816,141
-872,239
-976,287
-980,287
-928,259
-936,291
-856,211
-856,245
-828,205
-764,171
-804,275
-860,333
-908,423
-964,467
-976,483
-940,489
-952,497
-956,495
-936,459
-916,453
-884,403
-940,425
-972,443
-868,381
-872,371
-928,439
-860,433
-908,469
-964,505
-948,465
-940,469
-916,465
-988,501
-1036,503
-1072,539
-1064,557
-996,489
-920,473
-856,431
-916,467
-888,437
-928,479
-976,509
-1136,583
-1000,533
-936,435
-968,467
-916,435
-872,449
-900,477
-944,505
-916,501
-876,433
-888,437
-900,403
-872,403
-872,451
-928,475
-972,475
-924,483
-896,463
-868,457
-816,397
-920,421
-912,419
-892,445
-896,425
-868,385
-956,475
-936,479
-964,481
-1000,463
-976,465
-1028,529
-932,495
-992,487
-924,465
-952,479
-952,481
-996,507
-988,521
-1044,541
-964,497
-856,455
-896,479
-948,493
-940,485
-920,471
-900,451
-956,485
-948,491
-960,491
-1000,493
-988,461
-940,413
-912,405
-1004,459
-996,485
-912,431
-856,357
-884,359
-872,381
-812,343
-896,373
-916,333
-876,305
-860,257
-852,283
-872,315
-800,257
-792,227
-680,197
-688,171
-768,43
-764,79
-760,-3
-748,-45
-716,-5
-684,67
-808,35
-816,-9
-768,-51
-740,-3
-768,-9
-784,27
-768,-11
-716,57
-700,-7
-764,-35
-816,-63
-788,-71
-792,-153
-704,-165
-716,-229
-780,-289
-728,-209
-752,-227
-784,-287
-788,-297
-760,-237
-736,-307
-836,-329
-872,-341
-836,-333
-804,-341
-856,-363
-924,-421
-892,-403
-940,-433
-916,-461
-900,-455
-1020,-499
-988,-499
-968,-497
-988,-495
-908,-457
-900,-427
-968,-441
-844,-401
-932,-439
-980,-497
-1008,-519
-872,-453
-880,-479
-880,-481
-892,-457
-892,-449
-940,-441
-960,-471
-956,-469
-936,-477
-908,-479
-880,-431
-908,-475
-932,-501
-1024,-539
-900,-489
-944,-509
-984,-535
-1000,-525
-928,-491
-984,-513
-928,-463
-972,-485
-976,-495
-936,-481
-936,-499
-964,-507
-972,-519
-928,-495
-956,-503
-964,-503
-960,-455
-820,-419
-920,-469
-956,-517
-972,-505
-924,-467
-992,-487
-940,-401
-824,-285
-828,-295
-840,-255
-840,-257
-828,-279
-832,-221
-780,-227
-828,-235
-844,-329
-864,-347
-932,-387
-896,-407
-960,-429
-904,-353
-872,-367
-876,-425
-924,-437
-844,-427
-872,-369
-800,-323
-872,-409
-952,-455
-936,-447
-912,-461
-900,-449
-964,-485
-832,-381
-800,-357
-756,-361
-864,-359
-880,-325
-800,-269
-752,-197
-784,-229
-816,-295
-812,-299
-788,-329
-768,-301
-756,-299
-780,-293
-820,-319
-812,-349
-892,-393
-836,-369
-840,-393
-880,-417
-944,-393
-856,-369
-924,-433
-872,-425
-856,-389
-864,-381
-820,-319
-736,-289
-812,-301
-884,-329
-848,-355
-912,-373
-968,-395
-784,-337
-748,-339
-816,-367
-828,-297
-816,-287
-852,-401
-932,-417
-984,-491
-968,-501
-904,-471
-896,-453
-944,-485
-924,-461
-900,-461
-904,-431
-880,-405
-848,-393
-932,-421
-976,-479
-952,-455
-920,-441
-928,-435
-912,-401
-864,-379
-856,-381
-900,-409
-896,-431
-956,-459
-944,-443
-832,-367
-872,-453
-928,-483
-928,-487
-944,-497
-868,-475
-924,-491
-908,-455
-916,-447
-960,-459
-968,-455
-1004,-467
-932,-449
-984,-463
-956,-427
-968,-419
-920,-415
-924,-383
-968,-453
-936,-439
-900,-451
-880,-457
-904,-445
-992,-521
-968,-471
-912,-465
-852,-457
-840,-449
-884,-467
-864,-473
-880,-473
-824,-439
-876,-461
-848,-437
-760,-393
-848,-445
-944,-469
-928,-489
-932,-489
-868,-439
-912,-463
-916,-447
-940,-437
-872,-405
-868,-365
-828,-321
-856,-341
-864,-327
-880,-377
-824,-351
-788,-305
-820,-309
-852,-283
-792,-273
-824,-271
-888,-285
-928,-313
-896,-303
-844,-209
-816,-207
-880,-193
-804,-151
-876,-153
-840,-139
-780,-127
-800,-135
-764,-39
-792,-23
-684,27
-740,89
-768,69
-764,103
-696,23
-660,-9
-716,-37
-672,-111
-700,-197
-732,-189
-816,-225
-824,-219
-832,-209
-844,-233
-864,-235
-856,-219
-872,-227
-840,-209
-848,-225
-904,-211
-948,-213
-864,-231
-892,-233
-856,-277
-876,-279
-836,-263
-780,-245
-836,-257
-804,-223
-776,-241
-776,-279
-828,-323
-840,-343
-876,-291
-892,-287
-888,-247
-876,-273
-820,-249
-888,-303
-860,-341
-884,-407
-932,-417
-916,-415
-956,-419
-932,-425
-836,-359
-728,-285
-756,-357
-848,-333
-748,-331
-852,-409
-872,-413
-908,-443
-888,-417
-888,-383
-900,-427
-928,-437
-916,-429
-928,-453
-912,-459
-976,-493
-972,-469
-968,-493
-1020,-541
-1000,-517
-932,-489
-972,-491
-952,-503
-964,-513
-1020,-545
-996,-531
-1056,-545
-972,-517
-972,-513
-1000,-511
-976,-499
-1004,-515
-1040,-547
-940,-507
-984,-527
-996,-519
-908,-467
-984,-513
-984,-523
-1000,-539
-920,-493
-864,-431
-796,-399
-792,-351
-916,-389
-856,-365
-856,-363
-804,-313
-864,-277
-780,-153
-768,-199
-760,-135
-776,-157
-824,-205
-832,-239
-856,-187
-860,-269
-792,-281
-804,-239
-912,-243
-812,-207
-808,-195
-828,-159
-828,-143
-812,-137
-784,-125
-832,-175
-796,-203
-816,-261
-832,-209
-780,-175
-736,-159
-820,-105
-784,-151
-676,-177
-692,-141
-696,-121
-816,-159
-816,-207
-772,-177
-728,-173
-752,-257
-784,-319
-876,-337
-848,-315
-780,-275
-812,-297
-764,-339
-812,-361
-816,-299
-828,-329
-852,-397
-916,-455
-912,-437
-828,-387
-808,-339
-872,-301
-860,-323
-816,-317
-864,-391
-816,-369
-852,-387
-836,-423
-892,-419
-852,-403
-804,-347
-828,-359
-736,-313
-704,-293
-812,-357
-720,-309
-732,-265
-772,-299
-784,-385
-908,-407
-880,-411
-876,-401
-860,-395
-900,-381
-904,-351
-872,-345
-840,-323
-860,-321
-804,-277
-768,-291
-800,-335
-732,-297
-756,-237
-692,-261
-728,-265
-804,-279
-772,-265
-724,-223
-724,-293
-768,-247
-776,-301
-784,-343
-800,-351
-888,-435
-860,-411
-916,-451
-896,-463
-896,-463
-928,-473
-916,-487
-916,-483
-992,-523
-1012,-519
-900,-473
-1016,-531
-1024,-509
-952,-465
-972,-493
-968,-495
-932,-489
-904,-483
-1060,-537
-992,-529
-1000,-521
-968,-499
-880,-475
-800,-419
-948,-499
-976,-503
-924,-485
-872,-451
-852,-451
-820,-427
-844,-431
-888,-457
-880,-463
-968,-493
-888,-461
-940,-491
-984,-499
-944,-491
-1036,-511
-996,-509
-940,-483
-900,-453
-932,-449
-868,-401
-852,-421
-904,-437
-800,-373
-824,-387
-864,-363
-840,-409
-876,-403
-916,-413
-772,-333
-736,-331
-800,-417
-844,-387
-848,-377
-952,-385
-936,-363
-864,-283
-852,-305
-844,-319
-844,-319
-796,-301
-808,-293
-928,-363
-880,-395
-840,-387
-860,-387
-792,-297
-900,-419
-888,-415
-916,-425
-892,-393
-924,-393
-916,-369
-856,-405
-848,-365
-784,-313
-832,-345
-792,-365
-824,-379
-988,-459
-920,-445
-904,-439
-884,-429
-944,-415
-900,-439
-880,-441
-860,-417
-848,-417
-960,-509
-1024,-533
-1024,-539
-1016,-531
-1024,-547
-976,-515
-1004,-521
-1064,-551
-992,-523
-1068,-557
-1036,-549
-1032,-547
-976,-511
-1028,-533
-1000,-503
-996,-501
-980,-485
-908,-465
-960,-485
-916,-477
-888,-463
-848,-455
-936,-507
-908,-493
-960,-517
-932,-491
-956,-511
-1000,-543
-1012,-537
-944,-503
-844,-433
-864,-463
-936,-473
-860,-415
-880,-423
-952,-473
-852,-433
-924,-507
-936,-509
-952,-511
-928,-497
-872,-469
-944,-503
-960,-499
-996,-511
-956,-485
-1024,-539
-1060,-557
-1044,-557
-1016,-539
-972,-515
-940,-499
-968,-497
-952,-501
-944,-503
-1024,-539
-980,-515
-1000,-509
-992,-519
-1024,-527
-948,-509
-1064,-559
-940,-493
-952,-497
-1020,-539
-976,-517
-996,-513
-964,-471
-924,-487
-956,-509
-948,-505
-912,-471
-936,-471
-908,-449
-860,-419
-852,-405
-812,-377
-736,-333
-824,-343
-808,-379
-800,-383
-836,-409
-924,-463
-940,-501
-944,-505
-920,-485
-900,-417
-900,-455
-904,-479
-952,-497
-1052,-543
-932,-495
-980,-493
-1008,-501
-956,-491
-840,-437
-928,-455
-932,-487
-960,-481
-984,-487
-1012,-503
-1008,-495
-1000,-475
-996,-429
-972,-433
-920,-427
-904,-439
-972,-465
-1028,-499
-916,-481
-932,-487
-936,-477
-920,-475
-900,-461
-908,-477
-884,-441
-956,-509
-900,-491
-904,-493
-1000,-509
-984,-507
-1008,-505
-980,-489
-980,-455
-988,-425
-856,-395
-864,-363
-868,-385
-932,-431
-888,-431
-872,-415
-824,-379
-860,-387
-916,-397
-876,-389
-856,-415
-904,-433
-880,-425
-920,-477
-944,-473
-1052,-515
-1064,-521
-1000,-515
-952,-511
-944,-515
-948,-497
-960,-471
-924,-499
-948,-489
-992,-489
-992,-485
-900,-425
-976,-447
-932,-395
-892,-373
-812,-343
-792,-333
-916,-351
-928,-337
-944,-351
-912,-307
-852,-269
-860,-291
-828,-259
-916,-327
-920,-351
-932,-349
-876,-347
-932,-379
-896,-371
-860,-297
-864,-279
-820,-265
-792,-255
-760,-177
-760,-135
-816,-135
-712,-143
-720,-133
-712,-81
-752,-55
-716,-145
-788,-217
-756,-205
-780,-133
-792,-125
-788,-183
-820,-235
-768,-243
-732,-259
-840,-277
-808,-257
-836,-269
-800,-223
-792,-207
-864,-257
-892,-297
-892,-339
-888,-321
-820,-385
-812,-391
-852,-407
-892,-409
-776,-359
-776,-339
-864,-367
-796,-335
-784,-295
-820,-323
-868,-377
-892,-405
-848,-375
-904,-389
-880,-447
-876,-461
-864,-423
-928,-491
-912,-511
-988,-521
-1004,-521
-984,-509
-972,-515
-1064,-553
-1096,-571
-992,-517
-976,-521
-1044,-555
-960,-509
-928,-487
-984,-511
-960,-481
-864,-445
-864,-435
-924,-481
-908,-487
-900,-487
-908,-463
-848,-405
-904,-461
-884,-429
-888,-399
-860,-385
-868,-365
-876,-337
-904,-329
-888,-325
-872,-269
-864,-279
-880,-235
-852,-223
-816,-191
-816,-203
-876,-211
-884,-213
-888,-283
-840,-273
-892,-285
-908,-299
-920,-371
-844,-323
-836,-319
-896,-333
-840,-287
-828,-361
-884,-345
-896,-389
-860,-343
-844,-299
-920,-373
-980,-375
-880,-363
-900,-381
-856,-341
-824,-357
-732,-237
-744,-185
-692,-215
-792,-271
-784,-279
-836,-317
-804,-341
-888,-391
-860,-351
-868,-355
-800,-319
-816,-323
-788,-339
-880,-337
-884,-317
-836,-267
-920,-307
-916,-341
-944,-351
-956,-353
-876,-317
-860,-291
-788,-265
-820,-311
-784,-299
-816,-249
-872,-309
-820,-289
-860,-277
-872,-347
-904,-399
-868,-373
-804,-371
-872,-423
-892,-417
-792,-333
-792,-347
-800,-333
-832,-377
-896,-411
-956,-419
-984,-437
-996,-471
-984,-449
-936,-421
-940,-433
-968,-427
-992,-421
-1024,-465
-888,-431
-892,-451
-936,-449
-864,-411
-792,-305
-772,-281
-684,-277
-728,-245
-768,-337
-832,-375
-764,-339
-720,-313
-780,-345
-792,-357
-832,-395
-872,-461
-864,-439
-848,-439
-912,-471
-884,-447
-876,-451
-972,-497
-936,-499
-904,-463
-872,-401
-864,-399
-876,-413
-892,-403
-920,-449
-928,-417
-960,-455
-924,-451
-940,-503
-980,-511
-896,-483
-984,-517
-980,-523
-916,-483
-868,-467
-824,-421
-872,-389
-884,-393
-828,-369
-944,-469
-916,-453
-848,-393
-896,-421
-964,-457
-892,-457
-1032,-539
-1008,-533
-1020,-495
-940,-467
-988,-485
-1016,-491
-932,-465
-908,-461
-956,-509
-1000,-511
-1008,-519
-1016,-495
-1064,-547
-1092,-577
-960,-523
-992,-525
-1056,-551
-1024,-531
-1072,-551
-964,-495
-928,-455
-928,-455
-884,-455
-996,-475
-1008,-497
-1028,-501
-944,-477
-992,-499
-972,-479
-916,-463
-1008,-489
-1012,-525
-972,-515
-912,-499
-952,-495
-988,-519
-980,-517
-1004,-535
-944,-501
-952,-493
-928,-475
-920,-459
-804,-393
-812,-319
-840,-343
-800,-319
-828,-327
-748,-283
-780,-373
-800,-395
-892,-449
-968,-501
-992,-499
-996,-513
-972,-515
-952,-497
-952,-509
-1008,-523
-976,-529
-1004,-525
-984,-515
-1020,-529
-1012,-527
-1016,-525
-1028,-527
-1068,-545
-1080,-571
-1048,-559
-968,-525
-988,-531
-908,-485
-1000,-541
-960,-519
-948,-521
-948,-515
-852,-453
-872,-459
-856,-427
-996,-529
-1044,-557
-1028,-539
-992,-487
-992,-469
-964,-439
-884,-395
-832,-391
-872,-465
-924,-479
-992,-501
-976,-509
-952,-477
-924,-479
-884,-423
-876,-399
-844,-417
-980,-469
-916,-465
-932,-481
-964,-491
-940,-491
-972,-519
-916,-471
-836,-427
-804,-387
-848,-387
-856,-403
-916,-457
-924,-433
-948,-419
-880,-407
-876,-407
-900,-453
-864,-449
-944,-483
-908,-477
-992,-505
-948,-467
-1008,-493
-904,-475
-964,-503
-864,-455
-944,-477
-944,-503
-928,-499
-940,-497
-840,-441
-932,-481
-908,-467
-912,-475
-1024,-525
-988,-523
-928,-503
-948,-501
-964,-487
-1036,-541
-972,-507
-988,-527
-944,-499
-908,-467
-936,-441
-960,-483
-956,-499
-980,-501
-940,-455
-948,-469
-972,-485
-972,-481
-928,-479
-936,-445
-968,-461
-908,-405
-884,-433
-940,-471
-940,-471
-948,-463
-876,-391
-876,-369
-932,-443
-920,-457
-928,-467
-944,-477
-868,-443
-852,-401
-908,-405
-1012,-429
-1008,-475
-1092,-503
-968,-467
-968,-475
-976,-495
-884,-459
-916,-491
-936,-493
-884,-457
-916,-473
-896,-473
-988,-537
-956,-507
-948,-495
-940,-493
-948,-509
-1032,-551
-1068,-557
-1024,-525
-1004,-527
-1040,-535
-1016,-535
-944,-483
-916,-483
-824,-417
-892,-465
-852,-411
-876,-433
-904,-417
-912,-447
-772,-319
-832,-371
-824,-371
-804,-345
-800,-337
-848,-323
-892,-363
-932,-379
-936,-369
-964,-333
-928,-347
-876,-297
-884,-329
-888,-349
-812,-345
-848,-363
-860,-395
-828,-417
-768,-351
-848,-397
-952,-477
-944,-441
-952,-445
-884,-439
-792,-343
-848,-399
-912,-431
-956,-463
-940,-467
-968,-493
-988,-511
-928,-469
-892,-437
-1012,-499
-976,-487
-948,-463
-912,-421
-936,-403
-888,-411
-856,-425
-820,-335
-824,-313
-844,-247
-816,-301
-816,-339
-880,-413
-880,-429
-872,-443
-888,-439
-864,-419
-944,-461
-924,-447
-976,-483
-924,-433
-848,-457
-964,-509
-1044,-535
-968,-515
-972,-515
-980,-507
-924,-479
-1012,-535
-848,-453
-860,-435
-884,-439
-856,-449
-868,-439
-956,-499
-992,-523
-1032,-535
-964,-495
-940,-495
-1028,-547
-1108,-571
-988,-527
-1004,-537
-964,-499
-908,-487
-992,-521
-940,-471
-888,-437
-900,-443
-864,-389
-808,-373
-824,-399
-796,-391
-820,-409
-884,-433
-824,-407
-928,-423
-888,-401
-956,-457
-940,-447
-900,-451
-944,-449
-968,-501
-956,-489
-856,-405
-888,-343
-848,-353
-876,-325
-816,-327
-856,-351
-880,-377
-872,-431
-872,-391
-872,-379
-860,-371
-812,-327
-840,-313
-768,-313
-760,-301
-804,-341
-816,-353
-912,-431
-892,-415
-896,-383
-908,-415
-936,-439
-1000,-489
-1020,-537
-1012,-519
-968,-499
-872,-459
-908,-453
-924,-471
-876,-461
-908,-487
-920,-483
-984,-523
-956,-513
-952,-489
-896,-469
-808,-381
-852,-425
-908,-435
-912,-447
-864,-403
-820,-363
-876,-431
-852,-383
-836,-445
-900,-469
-912,-487
-940,-489
-1040,-531
-964,-511
-984,-521
-968,-499
-908,-463
-988,-457
-908,-431
-908,-353
-876,-355
-924,-379
-916,-355
-860,-393
-748,-285
-784,-333
-832,-379
-880,-377
-924,-415
-944,-479
-988,-501
-1012,-511
-1044,-543
-976,-503
-992,-503
-920,-473
-920,-469
-876,-455
-908,-473
-924,-487
-888,-481
-880,-451
-948,-435
-976,-405
-920,-297
-912,-345
-832,-287
-764,-289
-788,-311
-784,-311
-816,-315
-916,-327
-828,-329
-940,-381
-972,-381
-840,-329
-852,-343
-792,-349
-740,-345
-808,-329
-832,-395
-864,-439
-888,-447
-932,-485
-1020,-517
-936,-503
-884,-465
-1044,-531
-940,-489
-1032,-529
-1012,-517
-1020,-505
-1012,-525
-988,-533
-1084,-557
-1080,-557
-1004,-533
-1008,-549
-984,-533
-932,-509
-932,-491
-864,-489
-996,-519
-952,-477
-940,-473
-976,-495
-892,-457
-928,-457
-884,-417
-836,-415
-920,-475
-932,-461
-956,-501
-956,-499
-876,-471
-1004,-515
-948,-395
-976,-449
-976,-471
-996,-485
-1032,-507
-1000,-507
-932,-471
-920,-467
-836,-447
-840,-453
-884,-487
-904,-507
-964,-529
-984,-525
-940,-489
-956,-491
-1040,-539
-924,-469
-932,-449
-908,-425
-900,-459
-888,-451
-940,-429
-844,-415
-888,-463
-984,-475
-1000,-501
-968,-515
-1028,-535
-1024,-527
-996,-509
-1064,-529
-980,-513
-1012,-545
-1016,-537
-1096,-573
-1016,-541
-1080,-549
-1024,-527
-976,-507
-868,-437
-848,-389
-908,-389
-840,-409
-896,-451
-884,-437
-916,-457
-916,-465
-984,-487
-1016,-515
-1052,-525
-980,-495
-1028,-509
-980,-487
-944,-471
-936,-485
-944,-505
-964,-503
-1032,-523
-952,-519
-1008,-539
-1016,-505
-956,-503
-884,-479
-960,-511
-948,-489
-960,-505
-848,-443
-756,-357
-876,-439
-920,-451
-932,-423
-904,-425
-936,-429
-948,-447
-960,-467
-980,-475
-1004,-507
-928,-471
-872,-403
-892,-357
-928,-371
-904,-401
-884,-401
-844,-385
-784,-379
-816,-403
-852,-349
-780,-257
-784,-233
-760,-257
-820,-329
-888,-377
-936,-395
-912,-409
-876,-407
-936,-445
-952,-449
-956,-457
-920,-431
-940,-417
-876,-411
-948,-501
-1020,-541
-948,-515
-944,-511
-904,-495
-936,-497
-928,-483
-952,-475
-920,-445
-960,-467
-956,-483
-904,-479
-988,-499
-920,-457
-992,-483
-904,-455
-848,-405
-812,-393
-820,-411
-852,-411
-928,-477
-956,-489
-948,-501
-912,-455
-872,-403
-984,-457
-864,-379
-952,-431
-828,-403
-956,-401
-788,-365
-804,-401
-844,-359
-864,-335
-872,-349
-892,-365
-860,-343
-784,-295
-800,-351
-828,-361
-828,-383
-824,-315
-804,-335
-956,-437
-924,-479
-916,-457
-860,-421
-872,-423
-936,-433
-896,-373
-852,-377
-896,-439
-848,-411
-848,-361
-848,-347
-936,-433
-952,-475
-984,-513
-1016,-525
-976,-517
-856,-439
-888,-449
-820,-443
-932,-479
-956,-473
-976,-491
-892,-431
-872,-425
-936,-467
-912,-461
-924,-463
-976,-501
-960,-493
-940,-447
-884,-405
-864,-423
-936,-467
-956,-465
-908,-443
-776,-395
-820,-393
-812,-389
-816,-411
-892,-415
-980,-497
-956,-483
-940,-501
-988,-519
-960,-505
-900,-479
-964,-499
-992,-531
-1004,-531
-980,-515
-1060,-553
-980,-533
-1036,-553
-1076,-549
-1000,-517
-940,-495
-936,-483
-820,-429
-856,-409
-896,-361
-912,-403
-944,-443
-856,-381
-900,-421
-852,-385
-820,-383
-852,-401
-884,-387
-824,-353
-848,-377
-900,-441
-892,-443
-920,-469
-932,-457
-912,-461
-948,-507
-1072,-559
-1008,-525
-984,-523
-976,-513
-936,-499
-972,-505
-1056,-561
-1092,-567
-992,-531
-904,-451
-968,-443
-920,-447
-916,-445
-960,-489
-1028,-525
-988,-511
-940,-475
-972,-439
-956,-367
-912,-351
-916,-313
-832,-287
-908,-317
-808,-375
-876,-405
-848,-373
-772,-349
-848,-379
-888,-419
-968,-457
-876,-461
-948,-471
-980,-477
-1004,-519
-960,-493
-836,-443
-936,-513
-992,-523
-956,-469
-864,-397
-860,-401
-844,-409
-880,-445
-1008,-521
-972,-473
-996,-497
-968,-499
-944,-459
-896,-447
-860,-471
-900,-449
-936,-485
-960,-493
-988,-503
-972,-507
-956,-525
-984,-519
-952,-503
-1004,-529
-1036,-555
-1088,-563
-1036,-545
-1000,-531
-872,-465
-884,-467
-928,-497
-960,-507
-916,-473
-948,-475
-904,-489
-948,-489
-972,-507
-968,-505
-988,-495
-920,-439
-852,-451
-928,-489
-920,-475
-948,-483
-940,-489
-1036,-531
-1064,-541
-1020,-505
-944,-463
-944,-487
-1056,-543
-1052,-539
-1020,-535
-936,-495
-992,-521
-1036,-543
-1008,-543
-964,-513
-952,-495
-960,-509
-980,-533
-872,-483
-836,-431
-900,-441
-880,-429
-884,-463
-932,-483
-900,-467
-832,-429
-852,-419
-936,-481
-928,-443
-864,-409
-1008,-521
-924,-419
-892,-439
-900,-453
-924,-459
-916,-483
-956,-509
-992,-521
-1008,-533
-984,-497
-1000,-511
-1052,-553
-988,-529
-844,-443
-864,-433
-856,-425
-812,-401
-856,-441
-840,-419
-868,-455
-972,-483
-912,-439
-920,-453
-916,-457
-868,-441
-928,-463
-1000,-515
-896,-451
-952,-465
-952,-451
-980,-471
-960,-467
-1032,-517
-996,-507
-908,-453
-868,-459
-876,-445
-924,-479
-916,-477
-924,-465
-908,-467
-832,-449
-920,-481
-904,-469
-972,-465
-944,-473
-920,-457
-904,-447
-796,-383
-856,-401
-876,-443
-956,-459
-948,-489
-860,-439
-964,-477
-964,-457
-928,-447
-912,-385
-820,-325
-748,-241
-716,-217
-760,-257
-716,-243
-748,-299
-764,-299
-832,-423
-876,-431
-848,-417
-916,-435
-868,-433
-888,-467
-940,-503
-944,-499
-1028,-529
-948,-501
-1008,-529
-1032,-531
-1048,-541
-1064,-537
-996,-521
-928,-453
-964,-469
-948,-469
-1040,-513
-876,-441
-868,-461
-868,-451
-900,-467
-860,-451
-924,-447
-944,-437
-968,-455
-952,-465
-892,-407
-904,-419
-892,-395
-876,-387
-908,-333
-972,-357
-956,-421
-856,-419
-896,-399
-920,-423
-908,-435
-944,-439
-904,-397
-904,-411
-912,-445
-924,-451
-920,-431
-900,-423
-904,-475
-920,-487
-832,-441
-848,-447
-904,-463
-948,-509
-972,-533
-996,-531
-980,-509
-944,-503
-1012,-543
-1068,-551
-1052,-555
-920,-501
-928,-485
-984,-521
-1004,-511
-928,-479
-896,-477
-884,-479
-884,-439
-824,-389
-816,-411
-880,-415
-844,-391
-872,-405
-768,-381
-776,-389
-880,-439
-936,-453
-908,-437
-1052,-533
-1004,-521
-936,-487
-900,-443
-872,-425
-892,-467
-976,-497
-1012,-479
-1040,-513
-1024,-533
-900,-481
-892,-429
-928,-433
-956,-445
-908,-391
-820,-355
-800,-345
-880,-375
-792,-383
-832,-421
-860,-405
-812,-307
-856,-345
-840,-373
-932,-465
-896,-443
-920,-473
-840,-431
-944,-465
-904,-429
-880,-429
-940,-491
-968,-517
-944,-501
-1016,-543
-956,-521
-972,-517
-1036,-549
-1000,-531
-988,-529
-944,-483
-968,-497
-896,-457
-888,-415
-860,-405
-956,-439
-876,-417
-836,-393
-788,-363
-812,-403
-920,-421
-852,-389
-768,-331
-852,-343
-844,-367
-836,-415
-828,-387
-880,-451
-800,-419
-812,-351
-768,-367
-800,-265
-804,-239
-756,-187
-792,-155
-732,-175
-776,-171
-824,-149
-852,-245
-840,-135
-788,-221
-820,-229
-764,-193
-808,-175
-776,-215
-840,-295
-920,-353
-932,-437
-920,-435
-912,-471
-1000,-503
-948,-499
-836,-423
-912,-471
-900,-483
-976,-529
-1048,-533
-1024,-513
-924,-485
-916,-487
-996,-533
-988,-531
-1044,-539
-1056,-547
-956,-509
-980,-531
-992,-525
-984,-507
-960,-511
-904,-491
-880,-471
-1020,-547
-912,-503
-932,-499
-936,-499
-936,-507
-924,-503
-896,-457
-972,-503
-944,-491
-976,-459
-972,-471
-940,-483
-980,-459
-988,-449
-944,-457
-980,-503
-972,-517
-924,-503
-972,-515
-1008,-509
-940,-467
-972,-483
-940,-429
-944,-397
-928,-451
-932,-439
-888,-375
-940,-411
-928,-437
-940,-415
-940,-455
-1012,-517
-904,-451
-960,-459
-984,-511
-900,-485
-900,-455
-828,-427
-852,-433
-940,-455
-896,-419
-948,-461
-964,-423
-848,-363
-908,-411
-868,-437
-900,-451
-968,-481
-868,-467
-912,-481
-976,-503
-920,-479
-920,-491
-900,-457
-852,-393
-860,-433
-916,-431
-908,-421
-900,-431
-860,-419
-828,-427
-852,-455
-900,-449
-920,-473
-876,-457
-852,-445
-900,-465
-940,-489
-992,-523
-1012,-525
-860,-471
-948,-479
-960,-513
-904,-459
-872,-407
-888,-399
-860,-377
-908,-377
-876,-419
-800,-391
-836,-419
-860,-375
-876,-355
-804,-277
-896,-365
-816,-333
-844,-357
-864,-397
-876,-395
-908,-405
-876,-409
-848,-383
-908,-423
-820,-417
-856,-461
-880,-477
-908,-461
-948,-461
-1000,-493
-968,-487
-932,-445
-1004,-519
-984,-501
-952,-487
-912,-433
-912,-447
-932,-477
-932,-483
-928,-481
-928,-497
-1016,-513
-964,-485
-972,-495
-1000,-527
-952,-513
-968,-519
-996,-545
-888,-501
-988,-525
-988,-527
-1048,-555
-1008,-541
-996,-535
-988,-519
-1016,-523
-1016,-529
-1016,-541
-1040,-543
-936,-499
-904,-467
-932,-475
-916,-467
-844,-455
-928,-403
-980,-411
-924,-399
-892,-363
-824,-327
-868,-373
-860,-343
-916,-311
-856,-281
-856,-323
-856,-327
-872,-353
-804,-301
-796,-299
-796,-319
-780,-241
-864,-263
-896,-303
-860,-259
-932,-293
-852,-211
-868,-287
-880,-353
-944,-429
-896,-429
-924,-395
-868,-297
-904,-283
-868,-351
-956,-399
-972,-387
-928,-397
-912,-419
-888,-399
-864,-359
-884,-341
-828,-331
-764,-261
-856,-167
-836,-243
-840,-331
-780,-303
-832,-345
-784,-359
-856,-369
-824,-327
-876,-299
-836,-221
-840,-133
-788,-159
-800,-75
-860,-83
-796,-123
-724,-99
-784,-45
-716,-63
-696,-57
-720,-21
-700,1
-724,-39
-740,-17
-740,-11
-764,-77
-764,-49
-812,-5
-804,-43
-780,-53
-724,-41
-888,-59
-820,7
-788,-5
-828,103
-880,157
-848,89
-824,77
-812,117
-808,143
-844,183
-768,147
-764,139
-844,155
-880,193
-840,229
-876,299
-864,265
-900,295
-828,381
-888,407
-884,407
-920,465
-924,493
-904,463
-840,443
-836,415
-888,459
-988,499
-936,455
-940,441
-944,475
-1008,529
-964,523
-976,539
-980,531
-960,523
-964,499
-900,453
-892,445
-836,453
-872,449
-884,467
-912,455
-1020,529
-1124,577
-1072,563
-972,525
-964,509
-944,483
-904,451
-880,449
-972,497
-964,503
-872,383
-876,385
-976,459
-876,355
-876,373
-868,383
-832,391
-872,415
-900,459
-840,437
-840,441
-884,371
-812,321
-812,363
-796,385
-868,371
-808,371
-792,391
-876,411
-896,425
-952,467
-972,449
-972,503
-972,501
-992,505
-952,489
-940,449
-960,395
-928,369
-964,335
-928,295
-876,281
-844,251
-828,155
-816,157
-888,87
-768,97
-796,87
-860,77
-820,49
-804,-47
-796,-53
-788,-111
-812,-117
-876,-79
-860,-117
-872,-157
-804,-137
-812,-141
-780,-159
-832,-255
-836,-125
-856,-233
-876,-217
-788,-183
-784,-231
-792,-201
-856,-215
-860,-243
-932,-305
-928,-379
-848,-309
-752,-237
-716,-141
-820,-187
-820,-103
-772,-77
-736,-153
-796,-151
-764,-55
-872,-63
-772,-35
-808,15
-836,11
-824,19
-796,19
-752,-37
-776,-87
-796,-119
-788,-79
-800,-95
-828,-137
-788,-139
-784,-137
-760,-133
-796,-107
-812,-153
-880,-163
-868,-175
-868,-215
-908,-195
-872,-223
-868,-159
-824,-153
-828,-185
-812,-171
-792,-111
-868,-137
-824,-113
-776,-81
-804,-171
-768,-157
-780,-205
-772,-203
-792,-311
-812,-335
-896,-429
-924,-453
-876,-383
-836,-325
-804,-323
-788,-319
-928,-351
-884,-277
-880,-299
-816,-293
-820,-267
-820,-281
-888,-247
-800,-183
-804,-133
-868,-123
-812,-151
-908,-209
-828,-195
-832,-255
-808,-287
-884,-337
-852,-323
-792,-339
-828,-385
-852,-361
-864,-393
-964,-467
-988,-495
-936,-467
-1024,-495
-960,-441
-988,-473
-1032,-543
-1000,-523
-960,-467
-972,-463
-908,-453
-916,-457
-900,-445
-900,-417
-844,-401
-944,-463
-948,-481
-924,-473
-984,-473
-920,-421
-816,-393
-880,-395
-896,-399
-968,-469
-956,-487
-944,-487
-988,-527
-1108,-571
-1048,-559
-1032,-543
-980,-529
-1016,-545
-976,-521
-932,-507
-852,-471
-864,-449
-856,-447
-936,-477
-912,-459
-848,-393
-876,-401
-848,-319
-752,-279
-868,-323
-848,-293
-860,-333
-944,-381
-820,-309
-892,-413
-840,-383
-932,-411
-996,-481
-936,-443
-964,-511
-940,-487
-976,-493
-928,-475
-876,-395
-856,-397
-916,-447
-988,-497
-1032,-503
-988,-491
-832,-433
-848,-415
-908,-467
-992,-529
-1024,-521
-988,-505
-1024,-525
-948,-505
-940,-501
-960,-501
-936,-479
-884,-485
-1048,-539
-976,-511
-920,-499
-896,-453
-940,-469
-956,-457
-892,-441
-868,-443
-944,-511
-892,-491
-940,-499
-1020,-511
-1024,-513
-952,-495
-912,-493
-956,-497
-1024,-527
-940,-483
-968,-527
-1044,-545
-1008,-527
-976,-507
-944,-503
-1036,-541
-900,-465
-924,-447
-1000,-497
-944,-459
-852,-437
-872,-411
-852,-393
-788,-359
-832,-393
-820,-375
-944,-465
-860,-389
-792,-325
-780,-305
-836,-323
-856,-387
-848,-403
-864,-457
-992,-515
-972,-501
-908,-477
-912,-497
-952,-525
-1008,-535
-996,-521
-896,-471
-920,-483
-920,-463
-824,-411
-868,-453
-868,-447
-836,-429
-868,-437
-924,-459
-900,-455
-892,-449
-840,-389
-892,-353
-848,-369
-792,-341
-816,-341
-860,-327
-940,-357
-948,-343
-828,-313
-824,-349
-848,-363
-824,-315
-864,-345
-816,-377
-924,-411
-816,-357
-812,-303
-844,-283
-808,-273
-928,-363
-916,-405
-876,-367
-904,-401
-952,-429
-924,-353
-908,-331
-896,-369
-860,-359
-840,-321
-808,-297
-836,-307
-848,-295
-868,-325
-788,-313
-772,-299
-836,-299
-744,-287
-852,-371
-800,-395
-744,-381
-844,-405
-872,-447
-1000,-515
-956,-469
-908,-465
-868,-467
-936,-439
-948,-435
-872,-397
-860,-401
-912,-451
-964,-499
-948,-481
-944,-483
-924,-463
-960,-487
-1044,-541
-1032,-531
-1052,-553
-1048,-549
-1000,-531
-964,-509
-848,-417
-788,-369
-820,-441
-964,-485
-964,-501
-952,-503
-976,-471
-1024,-503
-1016,-499
-976,-485
-952,-467
-1032,-517
-924,-475
-976,-463
-1008,-473
-964,-461
-1040,-491
-944,-447
-864,-445
-940,-479
-936,-431
-912,-421
-892,-355
-884,-371
-916,-413
-852,-397
-784,-333
-784,-355
-868,-409
-820,-383
-900,-413
-912,-441
-876,-419
-896,-419
-884,-393
-856,-373
-884,-375
-844,-335
-880,-385
-864,-377
-780,-315
-724,-291
-792,-303
-764,-293
-692,-301
-836,-411
-856,-419
-908,-453
-836,-445
-912,-479
-912,-459
-968,-511
-864,-461
-824,-429
-876,-409
-920,-371
-884,-369
-848,-365
-864,-393
-828,-421
-944,-491
-892,-451
-928,-455
-888,-445
-880,-427
-960,-449
-1000,-481
-900,-455
-920,-489
-928,-475
-864,-439
-816,-397
-860,-429
-888,-459
-888,-455
-904,-485
-928,-461
-904,-441
-844,-433
-816,-441
-876,-459
-936,-491
-1020,-533
-944,-485
-952,-493
-904,-475
-952,-477
-980,-521
-896,-499
-968,-527
-996,-537
-1020,-533
-948,-487
-952,-463
-880,-429
-912,-433
-924,-443
-892,-407
-924,-439
-780,-349
-852,-351
-820,-355
-784,-343
-792,-345
-904,-429
-844,-405
-864,-435
-848,-389
-828,-351
-812,-317
-828,-347
-852,-347
-916,-429
-864,-425
-840,-419
-912,-429
-932,-485
-928,-491
-1020,-523
-936,-489
-972,-491
-1032,-519
-1060,-549
-1032,-537
-900,-465
-936,-479
-968,-509
-996,-505
-964,-479
-936,-491
-856,-477
-1000,-507
-920,-479
-852,-421
-852,-429
-860,-413
-944,-409
-884,-377
-912,-371
-880,-375
-936,-395
-912,-443
-920,-419
-916,-413
-780,-365
-836,-387
-812,-365
-908,-409
-980,-465
-976,-475
-980,-479
-952,-489
-960,-487
-1044,-473
-896,-423
-856,-399
-968,-479
-956,-443
-980,-511
-1036,-517
-960,-491
-1032,-531
-1084,-557
-1012,-547
-1020,-521
-980,-505
-996,-521
-960,-493
-916,-479
-920,-479
-1000,-499
-928,-493
-908,-469
-864,-421
-920,-467
-928,-469
-1036,-555
-1016,-553
-864,-495
-920,-493
-932,-499
-924,-473
-844,-433
-844,-379
-800,-315
-896,-365
-808,-313
-768,-271
-844,-335
-900,-357
-884,-397
-780,-345
-912,-371
-944,-379
-920,-373
-920,-399
-872,-393
-892,-381
-916,-403
-936,-409
-884,-395
-820,-323
-808,-351
-844,-347
-848,-307
-856,-293
-852,-269
-852,-299
-780,-241
-724,-277
-732,-269
-728,-193
-744,-217
-768,-103
-808,-139
-808,-85
-820,-71
-828,-35
-772,-139
-792,-13
-808,-21
-764,-9
-780,49
-764,29
-792,97
-720,91
-816,75
-860,157
-880,153
-860,137
-828,107
-784,135
-884,241
-900,255
-860,313
-888,401
-828,395
-832,361
-872,369
-868,389
-872,329
-900,341
-856,349
-924,403
-916,421
-868,423
-952,503
-1056,551
-1016,535
-1068,557
-1060,547
-976,517
-968,489
-876,421
-892,449
-852,403
-852,389
-832,357
-912,405
-920,395
-1004,451
-928,361
-872,371
-892,351
-884,373
-772,283
-876,333
-840,367
-864,357
-844,367
-840,333
-824,301
-876,333
-872,297
-888,311
-856,313
-800,323
-944,429
-936,401
-912,409
-900,367
-836,321
-812,317
-848,297
-848,295
-848,321
-880,347
-880,407
-896,435
-880,415
-824,383
-896,451
-916,461
-984,493
-996,491
-940,485
-932,457
-940,447
-880,435
-848,445
-876,473
-852,473
-1016,525
-940,483
-916,471
-952,503
-1012,525
-980,497
-944,445
-904,441
-904,455
-756,371
-860,433
-904,433
-876,429
-884,421
-928,467
-928,481
-916,477
-1004,513
-904,473
-860,443
-828,445
-940,485
-868,443
-908,457
-920,471
-984,505
-976,465
-944,473
-936,483
-896,469
-844,437
-848,365
-924,473
-884,447
-908,453
-1000,515
-1044,545
-1068,555
-956,511
-932,499
-920,477
-832,389
-864,391
-876,355
-848,337
-900,339
-884,373
-880,407
-848,389
-888,381
-860,369
-744,351
-788,367
-828,365
-816,371
-820,369
-864,383
-888,385
-888,383
-864,403
-888,423
-944,459
-860,407
-888,463
-812,387
-820,321
-844,357
-828,353
-852,375
-840,365
-844,385
-888,397
-944,437
-848,399
-852,413
-904,411
-880,439
-868,407
-844,391
-900,449
-952,471
-812,405
-872,411
-820,389
-896,397
-888,405
-864,411
-840,427
-1004,499
-928,473
-932,497
-908,497
-928,491
-916,487
-916,431
-860,415
-896,451
-856,437
-872,443
-904,439
-1008,491
-984,477
-992,511
-896,473
-980,521
-932,503
-992,533
-924,499
-1008,527
-980,519
-1068,559
-988,513
-900,473
-888,477
-872,479
-980,511
-916,481
-904,473
-936,495
-1016,535
-972,513
-920,475
-1008,513
-1044,539
-972,513
-992,491
-916,385
-912,265
-872,327
-888,365
-856,299
-860,301
-860,327
-828,413
-840,423
-872,455
-968,525
-1036,541
-916,479
-912,443
-824,425
-868,417
-892,415
-936,407
-900,403
-928,403
-856,333
-908,375
-800,325
-828,311
-764,267
-804,209
-844,179
-872,159
-832,173
-824,135
-808,151
-828,41
-816,95
-856,39
-796,63
-768,45
-812,45
-752,85
-824,135
-780,185
-824,281
-800,301
-888,417
-880,397
-836,335
-920,407
-880,415
-940,483
-980,505
-956,499
-920,491
-992,513
-964,497
-984,483
-888,415
-816,353
-884,311
-872,365
-968,389
-976,391
-908,391
-924,411
-940,393
-948,281
-960,321
-924,281
-840,229
-804,233
-812,269
-868,285
-832,299
-780,261
-776,247
-768,265
-824,305
-796,263
-776,315
-800,285
-776,253
-772,309
-772,307
-816,295
-868,339
-788,249
-872,359
-852,335
-852,351
-872,311
-868,311
-840,325
-792,311
-860,393
-780,349
-880,393
-860,419
-828,423
-904,463
-876,457
-848,441
-920,487
-956,513
-948,491
-1044,519
-1040,551
-988,529
-952,521
-992,539
-952,515
-1044,535
-1008,535
-1040,549
-1036,551
-996,533
-964,513
-976,517
-892,463
-812,437
-816,439
-844,443
-892,433
-844,315
-764,309
-776,329
-772,339
-812,355
-900,407
-880,399
-920,375
-884,381
-920,413
-940,437
-944,463
-840,445
-908,429
-912,461
-920,437
-864,395
-924,467
-840,409
-820,397
-824,375
-852,389
-872,401
-896,425
-936,459
-896,405
-816,273
-748,215
-768,267
-836,309
-904,377
-904,419
-948,399
-1012,483
-900,431
-896,437
-872,429
-948,481
-904,453
-852,399
-868,407
-852,381
-884,443
-936,469
-956,469
-944,469
-976,487
-924,467
-928,477
-984,493
-1016,481
-980,467
-968,487
-892,449
-872,417
-924,413
-908,427
-920,463
-916,483
-876,437
-896,463
-944,455
-960,493
-904,463
-908,445
-844,383
-880,363
-832,369
-860,395
-920,423
-860,361
-884,383
-912,395
-988,439
-940,443
-940,443
-892,433
-952,481
-1064,551
-1040,535
-1016,533
-976,527
-972,515
-992,525
-952,491
-984,515
-944,443
-856,387
-892,435
-932,445
-832,377
-852,367
-864,399
-976,497
-924,457
-916,463
-968,471
-996,489
-956,513
-904,473
-908,481
-988,489
-876,417
-844,401
-836,375
-852,395
-816,355
-960,429
-992,439
-972,455
-804,401
-864,437
-908,469
-1028,549
-1028,513
-948,483
-884,421
-892,443
-908,467
-956,489
-972,499
-888,467
-968,483
-980,497
-1008,517
-988,525
-1012,537
-1024,547
-1044,547
-976,477
-916,481
-884,487
-872,453
-884,455
-948,491
-904,455
-972,515
-980,519
-880,457
-876,423
-864,429
-916,485
-928,469
-900,451
-944,463
-864,397
-864,433
-864,451
-892,427
-876,367
-876,383
-860,407
-884,435
-872,355
-964,415
-980,401
-1024,413
-1016,441
-860,431
-932,479
-960,525
-952,499
-936,463
-896,463
-936,485
-992,527
-1048,549
-1036,547
-936,483
-892,473
-856,455
-960,505
-968,495
-984,501
-948,469
-916,433
-900,445
-860,407
-840,435
-964,495
-1012,533
-960,509
-904,493
-960,509
-1048,555
-1032,547
-956,499
-1036,551
-1004,539
-964,519
-896,491
-952,519
-876,481
-960,507
-944,491
-1048,539
-1004,521
-988,505
-1000,513
-956,511
-956,485
-940,411
-900,391
-872,399
-896,415
-996,463
-964,469
-924,451
-944,447
-1012,515
-964,509
-868,459
-932,497
-900,483
-936,477
-984,501
-1044,539
-1052,521
-996,503
-892,441
-804,405
-940,499
-928,481
-948,491
-996,523
-904,501
-896,489
-836,413
-820,377
-872,337
-780,303
-796,289
-852,287
-864,327
-844,291
-908,355
-916,367
-868,323
-900,361
-848,341
-856,401
-784,337
-780,307
-784,275
-724,211
-748,251
-744,165
-800,245
-828,283
-840,295
-824,255
-856,277
-764,287
-788,325
-840,333
-804,333
-752,251
-756,211
-764,217
-808,205
-816,221
-732,219
-672,163
-700,143
-700,89
-724,149
-708,179
-776,271
-756,243
-752,239
-848,307
-796,317
-808,305
-868,379
-900,421
-892,433
-916,441
-880,443
-872,437
-856,427
-824,405
-812,353
-836,417
-916,483
-936,495
-948,497
-900,457
-900,455
-884,417
-904,473
-1012,517
-892,465
-940,447
-924,415
-852,375
-836,413
-936,495
-948,517
-896,477
-908,481
-888,455
-936,459
-932,453
-812,405
-900,429
-864,371
-876,451
-900,465
-976,499
-976,507
-928,499
-824,431
-948,495
-1048,541
-936,507
-1020,547
-1048,545
-964,503
-948,517
-932,495
-996,531
-1000,533
-940,487
-864,431
-908,449
-964,477
-868,427
-916,447
-928,487
-944,489
-976,499
-948,491
-928,493
-924,507
-1028,531
-1008,527
-988,519
-1044,515
-944,481
-876,431
-852,383
-888,411
-912,395
-928,367
-812,303
-824,301
-800,333
-864,333
-816,357
-888,375
-920,383
-888,397
-904,421
-844,401
-916,405
-836,331
-832,321
-868,317
-880,373
-868,409
-892,435
-964,465
-996,473
-1036,529
-980,515
-1000,521
-1016,521
-1004,523
-924,481
-1004,479
-964,419
-1004,459
-912,477
-996,503
-976,505
-984,503
-856,439
-912,447
-856,419
-836,345
-868,365
-780,357
-896,429
-884,427
-816,413
-792,399
-812,367
-760,339
-792,381
-848,421
-888,389
-880,373
-820,375
-748,355
-748,357
-756,339
-812,319
-724,323
-816,349
-804,287
-860,319
-852,293
-892,337
-952,341
-904,331
-948,369
-872,375
-896,385
-896,345
-860,357
-780,353
-820,371
-936,449
-844,395
-868,365
-816,367
-772,355
-848,407
-888,415
-800,377
-820,367
-888,389
-900,425
-976,493
-1004,503
-980,517
-976,499
-916,469
-920,459
-876,399
-848,385
-892,421
-816,337
-832,321
-772,317
-936,379
-960,347
-900,353
-932,355
-868,355
-856,395
-892,403
-920,433
-920,465
-964,495
-928,455
-936,473
-932,481
-856,425
-896,447
-944,461
-892,441
-924,445
-904,455
-956,495
-1020,523
-1000,513
-972,475
-972,495
-848,431
-932,495
-872,429
-948,463
-912,419
-884,437
-928,467
-912,465
-972,483
-936,489
-808,431
-828,457
-800,399
-796,349
-744,261
-836,319
-824,329
-748,283
-812,295
-812,321
-828,291
-732,307
-832,343
-780,269
-792,303
-732,257
-832,297
-924,319
-800,259
-824,283
-836,265
-848,275
-812,317
-796,335
-808,315
-812,311
-788,295
-816,355
-816,341
-912,453
-936,479
-952,491
-932,493
-936,511
-992,525
-976,503
-940,481
-944,511
-1036,533
-972,501
-864,453
-880,427
-872,435
-844,421
-848,447
-848,455
-936,495
-936,479
-896,447
-900,459
-920,481
-928,453
-908,475
-900,477
-968,523
-964,513
-972,523
-968,493
-864,421
-884,451
-832,423
-872,421
-1004,519
-988,527
-1052,553
-1072,563
-1124,579
-1064,569
-968,525
-936,501
-940,515
-960,521
-896,483
-944,473
-1028,507
-996,505
-1012,527
-956,485
-904,453
-1012,495
-1024,485
-932,459
-916,481
-936,453
-872,451
-936,465
-968,511
-1000,507
-1048,515
-1016,529
-1028,541
-1036,537
-920,449
-912,401
-936,439
-976,479
-968,483
-924,471
-1004,505
-1020,519
-1048,535
-1004,523
-1000,533
-948,495
-936,451
-936,421
-860,405
-856,393
-812,339
-916,373
-916,367
-900,313
-920,263
-864,259
-824,223
-784,169
-796,183
-780,171
-824,201
-808,173
-860,135
-816,129
-768,143
-824,161
-844,231
-860,239
-884,259
-864,277
-736,301
-812,349
-828,319
-888,335
-852,295
-880,201
-840,243
-900,281
-788,225
-832,237
-800,257
-900,323
-788,309
-788,279
-840,311
-820,325
-900,399
-816,405
-908,411
-872,411
-852,405
-836,379
-920,451
-860,433
-796,401
-920,473
-896,427
-848,443
-808,431
-872,417
-848,401
-904,419
-820,369
-848,381
-888,373
-896,409
-880,409
-936,389
-884,407
-936,449
-868,405
-880,423
-928,469
-1008,517
-928,513
-940,483
-936,475
-876,405
-820,405
-840,409
-992,471
-880,469
-876,421
-900,453
-852,413
-888,419
-852,385
-832,389
-912,401
-824,415
-808,415
-848,437
-876,461
-896,449
-904,475
-940,471
-956,491
-936,497
-940,501
-908,493
-896,491
-812,399
-852,427
-876,441
-924,449
-812,389
-920,447
-904,453
-832,419
-896,437
-896,465
-996,493
-1000,509
-960,473
-992,489
-908,459
-960,489
-952,467
-1024,541
-1048,527
-984,509
-976,517
-960,509
-1072,561
-988,519
-980,493
-888,433
-960,471
-1060,547
-940,509
-932,473
-1008,543
-1032,537
-976,509
-864,475
-932,467
-968,499
-996,529
-976,519
-956,507
-948,511
-952,507
-1048,523
-948,505
-1040,525
-972,493
-1016,515
-1000,507
-1032,535
-1008,519
-936,485
-916,501
-1036,545
-948,515
-932,461
-876,383
-912,389
-884,399
-916,425
-952,471
-884,427
-904,485
-936,469
-924,447
-932,469
-932,463
-820,429
-816,377
-816,367
-764,365
-844,399
-860,399
-824,395
-796,419
-932,483
-920,469
-904,475
-876,457
-992,519
-1012,541
-908,495
-924,479
-968,515
-928,489
-960,527
-932,521
-880,483
-996,527
-952,513
-976,477
-904,447
-900,451
-956,507
-888,485
-964,501
-936,489
-940,491
-900,475
-872,427
-936,497
-1016,535
-940,509
-864,439
-856,411
-952,447
-972,455
-952,457
-920,463
-860,427
-848,399
-832,387
-808,365
-900,459
-892,443
-840,427
-860,337
-776,287
-832,317
-864,381
-916,377
-908,399
-940,371
-888,335
-852,297
-840,281
-888,335
-900,349
-884,363
-860,371
-816,343
-828,373
-884,423
-784,399
-780,405
-920,463
-916,443
-932,481
-976,493
-1000,523
-940,495
-1024,493
-940,469
-972,513
-944,505
-912,485
-888,411
-880,423
-812,403
-836,423
-872,415
-852,441
-920,461
-932,475
-936,477
-920,425
-936,417
-936,421
-932,393
-884,365
-868,371
-908,359
-904,339
-980,399
-956,387
-884,311
-808,275
-844,277
-804,281
-856,287
-860,335
-880,383
-952,437
-860,449
-916,459
-976,497
-988,501
-1000,505
-1020,487
-1008,477
-968,479
-968,499
-988,499
-952,457
-988,453
-900,435
-924,457
-876,473
-904,451
-956,499
-928,491
-916,447
-836,419
-852,401
-776,355
-856,431
-908,419
-888,431
-928,431
-948,451
-928,439
-992,433
-972,499
-916,435
-840,407
-920,493
-868,475
-888,423
-828,389
-880,387
-876,429
-896,411
-876,401
-968,455
-876,345
-880,407
-932,449
-924,439
-940,473
-900,419
-968,485
-948,455
-916,441
-936,451
-916,443
-872,405
-924,429
-932,441
-896,429
-964,475
-892,493
-908,465
-916,455
-896,413
-940,413
-920,415
-928,397
-884,391
-912,385
-864,347
-932,329
-860,289
-824,297
-856,319
-800,331
-884,355
-868,429
-928,463
-968,507
-988,503
-924,455
-872,449
-884,473
-892,447
-844,425
-820,399
-856,399
-844,371
-856,419
-904,465
-892,455
-916,467
-900,461
-876,423
-948,461
-972,487
-928,463
-1004,499
-872,461
-908,475
-916,475
-916,467
-964,483
-1000,447
-900,417
-872,399
-952,473
-964,501
-972,509
-904,469
-844,459
-820,437
-864,471
-880,481
-980,525
-920,451
-852,375
-852,427
-940,429
-876,415
-908,437
-820,313
-888,349
-908,387
-840,343
-836,275
-832,261
-808,277
-848,259
-808,269
-872,307
-984,333
-924,341
-900,283
-956,273
-912,245
-856,271
-876,347
-876,317
-872,357
-868,351
-856,401
-908,409
-856,427
-928,449
-916,451
-932,439
-864,405
-892,409
-836,401
-904,423
-848,387
-880,375
-884,393
-876,423
-848,419
-840,393
-916,413
-928,473
-928,507
-992,533
-956,527
-924,489
-920,491
-972,501
-1008,539
-964,501
-920,473
-944,483
-900,471
-944,477
-856,427
-852,439
-920,437
-868,433
-940,477
-1012,521
-920,477
-896,461
-900,487
-948,485
-908,475
-908,457
-972,517
-984,517
-972,505
-868,427
-888,433
-912,471
-916,473
-908,465
-960,489
-908,479
-944,467
-988,509
-1020,537
-976,521
-1060,549
-968,513
-964,513
-952,475
-848,427
-848,425
-832,405
-952,399
-944,429
-892,413
-912,421
-920,439
-840,449
-944,465
-808,387
-872,437
-884,433
-908,451
-884,421
-896,415
-864,409
-944,407
-884,373
-856,321
-864,343
-920,353
-916,321
-852,301
-848,247
-824,261
-840,301
-808,317
-788,293
-852,375
-800,301
-728,293
-868,361
-896,403
-892,403
-852,423
-828,411
-816,387
-908,423
-876,421
-872,403
-872,375
-864,383
-816,341
-800,257
-812,285
-820,251
-776,291
-820,291
-804,307
-816,297
-760,301
-748,259
-756,237
-904,247
-908,217
-828,229
-796,187
-776,301
-792,331
-816,343
-868,361
-912,369
-844,323
-900,357
-852,327
-884,335
-888,345
-836,319
-788,225
-712,171
-856,85
-872,125
-724,121
-656,57
-676,25
-708,-3
-696,29
-652,49
-624,5
-684,63
-772,111
-708,149
-792,143
-760,135
-740,191
-796,189
-784,185
-804,171
-792,181
-808,215
-800,215
-836,255
-880,325
-896,379
-864,351
-828,325
-852,331
-824,345
-844,345
-932,369
-844,373
-912,425
-956,415
-928,425
-904,403
-988,483
-940,481
-984,505
-920,471
-900,443
-884,355
-988,437
-988,481
-932,455
-900,433
-888,429
-844,387
-924,407
-860,379
-868,309
-972,411
-984,467
-984,467
-880,455
-884,473
-888,463
-964,491
-880,435
-888,439
-868,427
-912,429
-880,455
-940,473
-960,479
-944,453
-928,487
-924,493
-892,431
-896,445
-948,471
-1028,547
-928,503
-952,495
-820,437
-880,433
-888,427
-912,447
-848,453
-888,447
-996,509
-996,529
-976,521
-992,531
-892,475
-940,479
-948,481
-980,513
-1116,575
-1064,557
-1028,553
-1008,525
-1008,541
-992,523
-988,537
-960,507
-1060,557
-1024,533
-948,499
-964,469
-948,487
-944,491
-968,515
-964,515
-916,463
-988,505
-872,445
-908,429
-888,399
-844,435
-900,445
-932,479
-880,467
-1000,515
-972,487
-956,479
-896,445
-908,427
-956,427
-884,387
-852,377
-908,431
-924,459
-844,407
-884,467
-988,525
-944,481
-948,493
-1044,545
-952,519
-960,507
-1004,505
-988,519
-972,503
-864,419
-864,435
-772,347
-880,407
-896,395
-856,379
-956,433
-944,455
-960,501
-864,449
-848,449
-892,455
-888,423
-984,459
-960,423
-880,405
-776,349
-804,339
-756,299
-812,331
-880,305
-832,309
-916,379
-900,345
-876,307
-948,333
-892,341
-940,369
-844,347
-816,325
-904,367
-884,401
-912,445
-928,457
-860,425
-892,441
-928,481
-940,497
-992,497
-900,483
-908,505
-932,507
-904,463
-916,479
-1000,537
-928,513
-872,461
-856,429
-868,445
-944,491
-920,495
-888,473
-892,483
-864,461
-996,525
-1044,547
-1016,529
-976,525
-1088,559
-1096,541
-960,489
-948,475
-884,465
-844,415
-896,441
-976,483
-1008,495
-856,395
-888,403
-836,401
-876,423
-828,429
-880,471
-880,451
-928,463
-920,477
-940,499
-924,497
-956,493
-980,519
-952,511
-1040,539
-992,509
-976,517
-940,465
-896,477
-892,487
-948,503
-988,519
-984,517
-1004,517
-948,469
-1032,541
-996,529
-960,489
-960,485
-1024,537
-1004,509
-940,503
-996,539
-952,497
-1052,549
-1008,523
-1036,537
-1016,529
-960,469
-908,495
-944,485
-872,457
-888,437
-860,431
-908,469
-872,465
-932,475
-960,499
-916,503
-948,509
-928,513
-896,481
-860,437
-840,395
-896,431
-896,419
-940,437
-976,503
-968,467
-936,483
-912,465
-940,457
-852,397
-932,467
-964,483
-1012,489
-940,491
-872,465
-904,445
-892,437
-900,441
-928,505
-848,459
-828,433
-900,449
-856,435
-880,435
-912,489
-948,511
-1008,527
-968,511
-1000,531
-984,527
-1036,543
-1044,545
-1088,571
-1044,557
-1048,545
-1028,549
-1080,571
-1028,551
-1020,549
-968,535
-996,527
-980,509
-948,519
-1032,551
-1012,533
-1000,529
-980,517
-944,501
-956,497
-1044,541
-1040,545
-1076,565
-1028,547
-988,527
-1032,529
-908,495
-956,527
-984,531
-952,505
-956,509
-920,499
-936,489
-960,503
-1060,555
-1068,555
-980,519
-996,521
-948,449
-820,363
-852,377
-856,375
-900,347
-892,377
-836,407
-904,449
-912,435
-900,443
-928,459
-860,445
-896,455
-868,425
-864,439
-912,431
-860,359
-868,343
-912,357
-932,405
-916,359
-868,363
-888,329
-888,321
-916,351
-912,405
-900,419
-908,443
-876,453
-936,491
-912,497
-932,495
-928,467
-912,461
-880,453
-912,467
-932,495
-880,493
-928,487
-952,497
-1032,533
-1024,531
-1016,531
-1000,519
-964,499
-880,459
-984,513
-964,499
-1040,523
-920,477
-984,493
-1048,541
-1032,535
-1036,539
-1036,539
-1064,557
-956,507
-968,509
-948,491
-896,487
-932,501
-948,497
-1028,549
-1016,519
-940,495
-932,477
-884,483
-964,519
-916,497
-928,459
-1044,535
-1016,503
-968,487
-928,445
-896,419
-932,483
-996,489
-880,469
-872,439
-776,413
-844,419
-880,439
-896,461
-972,489
-992,519
-1044,527
-1092,545
-1064,535
-940,451
-900,439
-880,441
-860,419
-836,367
-816,343
-784,323
-832,375
-800,295
-852,357
-824,349
-832,335
-816,319
-792,335
-860,379
-924,439
-888,433
-852,415
-868,397
-808,363
-940,439
-868,411
-928,427
-908,405
-896,401
-916,445
-896,431
-852,431
-868,437
-908,443
-956,441
-856,429
-904,429
-964,469
-920,469
-932,479
-908,461
-912,495
-1000,511
-876,447
-932,469
-960,487
-892,471
-928,481
-880,479
-976,537
-1012,527
-944,483
-964,491
-1048,547
-992,517
-948,497
-976,511
-956,495
-960,461
-976,471
-888,419
-928,437
-868,475
-1016,529
-1004,537
-928,501
-968,519
-1048,557
-980,541
-1052,559
-1120,581
-984,507
-984,521
-960,501
-980,513
-960,461
-1004,505
-944,489
-980,493
-1000,537
-944,479
-940,487
-860,413
-948,475
-1008,493
-1044,535
-984,527
-912,487
-956,461
-880,409
-924,483
-904,481
-1008,511
-996,523
-1012,539
-968,519
-988,539
-1020,535
-980,509
-848,455
-948,503
-964,509
-1028,531
-988,489
-920,441
-872,401
-800,391
-888,383
-864,381
-780,311
-780,241
-820,235
-788,243
-864,287
-868,293
-808,323
-832,309
-856,331
-760,325
-828,387
-748,269
-736,297
-816,377
-924,409
-856,347
-888,397
-920,447
-964,505
-984,473
-988,527
-992,509
-908,463
-916,483
-1036,551
-1112,575
-1080,565
-1036,543
-892,493
-928,455
-928,463
-884,423
-896,401
-976,415
-980,421
-876,387
-916,301
-864,295
-772,265
-812,277
-920,413
-784,347
-836,363
-836,345
-936,379
-896,367
-912,361
-820,333
-884,333
-908,441
-808,413
-968,509
-928,485
-984,489
-948,503
-908,495
-940,495
-988,513
-968,501
-936,495
-988,525
-1056,557
-864,465
-980,507
-900,459
-956,501
-996,521
-1004,515
-952,509
-928,467
-896,445
-964,493
-892,447
-920,461
-944,441
-920,473
-852,419
-880,451
-880,443
-944,473
-824,409
-820,387
-780,353
-816,345
-932,401
-936,461
-1000,531
-988,501
-1056,553
-1120,559
-1032,515
-976,483
-928,453
-936,481
-872,461
-844,453
-912,461
-936,487
-960,517
-996,523
-912,447
-980,509
-876,465
-932,493
-1012,543
-1008,541
-960,503
-916,457
-908,473
-908,469
-880,441
-888,449
-792,425
-856,445
-900,427
-872,407
-992,485
-988,499
-1020,527
-1052,555
-944,505
-968,517
-1004,531
-1016,549
-1024,537
-972,515
-1004,521
-932,447
-928,407
-988,503
-932,491
-920,459
-944,417
-904,465
-940,487
-944,511
-928,481
-944,485
-892,469
-892,457
-908,453
-888,441
-904,439
-896,457
-936,487
-948,483
-912,477
-1012,541
-968,519
-936,509
-948,499
-956,503
-1016,547
-980,533
-1028,535
-984,507
-972,501
-968,499
-948,491
-864,453
-928,483
-928,483
-976,481
-916,435
-944,457
-924,463
-884,413
-900,445
-804,421
-916,463
-884,447
-920,479
-908,459
-888,419
-988,479
-964,483
-940,471
-976,505
-976,497
-976,489
-964,465
-896,483
-880,475
-852,453
-892,459
-872,455
-960,497
-932,475
-924,471
-836,457
-884,465
-864,451
-980,501
-960,501
-948,491
-960,491
-868,447
-904,449
-828,415
-928,493
-916,469
-924,469
-920,485
-932,495
-972,497
-1032,547
-960,521
-952,497
-984,515
-972,501
-944,503
-904,477
-876,469
-792,409
-852,427
-904,437
-868,379
-864,377
-900,395
-808,389
-788,355
-912,399
-900,371
-884,407
-876,387
-868,353
-848,369
-852,349
-932,427
-956,467
-948,481
-916,449
-820,395
-848,343
-936,373
-908,351
-880,385
-848,347
-852,367
-840,381
-888,375
-816,287
-756,273
-732,293
-740,253
-840,317
-856,321
-836,375
-848,415
-844,391
-916,413
-872,331
-880,321
-916,371
-928,415
-860,343
-928,413
-908,433
-912,429
-856,395
-816,363
-856,335
-776,315
-892,345
-792,351
-844,389
-980,471
-984,439
-972,495
-992,527
-1016,501
-856,441
-856,427
-776,335
-824,349
-756,339
-776,289
-796,209
-740,213
-788,213
-796,259
-776,253
-812,275
-812,341
-856,313
-844,285
-876,335
-852,307
-896,371
-808,355
-828,429
-952,483
-888,379
-900,421
-948,503
-1020,525
-1028,543
-1020,549
-960,519
-984,519
-988,513
-960,495
-944,499
-956,475
-968,509
-864,445
-824,413
-804,347
-864,369
-908,389
-852,345
-848,329
-892,315
-916,329
-908,335
-928,311
-920,249
-884,211
-820,129
-732,49
-820,93
-756,105
-792,19
-832,-9
-796,-27
-796,-105
-740,-71
-752,-15
-720,55
-736,27
-728,127
-684,139
-780,181
-812,203
-912,263
-848,255
-908,317
-868,283
-940,311
-792,297
-832,253
-856,203
-764,195
-776,235
-808,261
-868,233
-816,225
-760,195
-864,221
-856,245
-792,241
-720,149
-744,161
-776,95
-808,61
-784,135
-892,167
-872,141
-856,133
-772,115
-780,111
-812,155
-808,227
-820,167
-912,247
-844,213
-876,183
-760,115
-872,71
-868,81
-828,137
-852,103
-880,173
-756,113
-780,181
-792,109
-736,145
-836,155
-844,169
-808,223
-852,197
-776,201
-744,173
-760,115
-780,35
-752,-33
-828,-95
-788,-97
-764,-67
-836,-61
-756,-47
-788,35
-804,89
-744,105
-748,81
-772,59
-772,81
-780,47
-784,-17
-788,-11
-772,-9
-836,5
-852,-17
-796,7
-868,7
-812,-11
-900,-9
-840,-89
-856,-125
-788,-99
-792,-147
-756,-53
-768,-107
-792,-73
-784,-153
-768,-57
-768,-135
-820,-157
-836,-239
-788,-255
-812,-253
-880,-241
-840,-233
-876,-255
-856,-229
-800,-225
-732,-147
-760,-125
-780,-71
-744,-69
-736,-55
-808,-27
-756,-31
-800,-77
-788,-101
-740,-115
-732,-99
-780,-85
-824,-85
-732,-43
-720,31
-688,47
-688,97
-772,213
-700,129
-696,77
-772,169
-792,139
-840,185
-784,171
-736,187
-652,187
-868,333
-816,315
-812,321
-828,293
-820,203
-816,131
-816,57
-800,83
-832,89
-848,149
-916,125
-856,127
-856,181
-904,185
-824,169
-848,175
-748,171
-816,239
-816,249
-872,273
-916,281
-852,257
-860,219
-848,193
-800,193
-784,231
-880,261
-812,243
-820,303
-796,297
-904,359
-928,359
-896,417
-868,391
-828,341
-784,325
-744,343
-880,425
-812,333
-776,325
-860,401
-924,429
-948,427
-948,455
-1008,483
-944,457
-912,465
-912,463
-916,479
-924,473
-996,485
-1004,505
-924,459
-936,457
-988,465
-956,437
-860,387
-844,425
-932,469
-892,435
-952,455
-916,425
-928,423
-944,459
-912,437
-924,461
-912,457
-884,449
-944,495
-924,479
-988,509
-936,491
-940,491
-1016,531
-984,529
-964,515
-984,535
-1060,543
-1036,549
-1052,539
-920,483
-860,409
-916,451
-844,449
-964,483
-876,419
-892,383
-904,441
-912,451
-908,437
-844,417
-884,453
-816,395
-876,453
-880,417
-812,409
-856,417
-904,391
-912,383
-936,409
-836,393
-936,457
-944,457
-896,431
-880,419
-856,407
-868,419
-804,375
-800,377
-816,367
-788,317
-736,271
-852,351
-848,323
-820,303
-848,283
-816,285
-816,317
-912,333
-888,333
-848,263
-840,293
-908,337
-900,365
-820,283
-800,261
-812,257
-892,295
-880,307
-864,317
-824,305
-800,285
-816,231
-792,213
-812,319
-780,293
-796,277
-804,253
-804,247
-744,273
-776,259
-888,319
-836,359
-960,417
-936,401
-892,409
-756,275
-804,277
-844,323
-880,377
-828,367
-880,461
-896,457
-872,419
-900,429
-976,519
-964,505
-900,485
-944,485
-1008,489
-992,509
-916,469
-976,499
-1000,497
-960,475
-872,427
-836,397
-952,459
-848,429
-908,455
-860,457
-924,497
-972,491
-988,517
-984,495
-964,481
-920,471
-840,429
-920,447
-920,413
-924,393
-940,395
-836,365
-824,365
-764,349
-812,331
-784,291
-848,329
-860,329
-864,317
-840,327
-748,297
-740,279
-756,285
-700,223
-740,313
-772,339
-836,347
-836,259
-928,353
-912,327
-812,295
-768,279
-792,359
-876,425
-820,423
-888,423
-932,469
-896,437
-868,411
-908,447
-940,483
-912,479
-936,455
-1012,521
-984,521
-940,491
-964,515
-960,511
-936,497
-856,439
-800,393
-744,323
-848,345
-824,369
-812,405
-764,393
-840,401
-800,337
-804,355
-820,441
-864,401
-964,499
-1024,535
-1020,527
-936,479
-948,495
-928,485
-884,459
-1016,523
-980,523
-952,515
-928,473
-864,453
-944,483
-1012,527
-968,513
-1016,531
-1036,517
-976,485
-1032,511
-932,469
-908,471
-924,467
-1008,509
-992,505
-1032,535
-952,513
-1052,549
-1028,539
-976,527
-948,503
-1016,521
-952,511
-972,495
-936,477
-844,435
-876,451
-920,469
-948,475
-924,487
-1000,533
-960,511
-952,479
-928,447
-948,493
-1024,521
-1000,515
-936,499
-900,475
-940,499
-932,503
-1000,511
-948,471
-920,413
-904,433
-876,431
-920,477
-936,477
-928,489
-1000,503
-996,505
-940,473
-852,403
-792,379
-884,439
-936,461
-956,483
-968,499
-980,529
-920,503
-888,465
-984,477
-956,491
-916,499
-988,535
-868,483
-772,417
-884,497
-952,503
-888,457
-916,447
-788,389
-836,427
-856,411
-880,455
-900,465
-880,443
-788,361
-868,411
-896,427
-932,481
-880,433
-892,449
-900,471
-828,457
-956,493
-972,517
-944,473
-932,447
-948,445
-928,397
-952,451
-884,443
-928,465
-1032,525
-940,487
-904,481
-888,411
-856,413
-896,445
-908,451
-864,465
-968,495
-904,471
-928,495
-992,521
-1012,543
-1020,547
-1044,553
-964,531
-944,493
-936,489
-980,485
-940,475
-884,465
-940,489
-920,473
-820,405
-840,389
-876,403
-932,423
-948,411
-920,361
-924,373
-964,399
-1000,425
-944,395
-932,379
-892,377
-864,387
-848,323
-956,333
-904,299
-888,265
-904,273
-864,263
-924,283
-944,347
-912,369
-884,379
-880,339
-864,303
-820,299
-896,349
-888,313
-860,291
-880,303
-800,231
-796,285
-780,269
-764,229
-820,305
-800,189
-804,169
-792,123
-780,71
-804,89
-836,101
-840,99
-824,121
-860,105
-808,65
-800,23
-736,7
-760,39
-696,51
-724,85
-772,135
-744,111
-780,23
-812,19
-720,9
-736,3
-792,35
-824,-17
-856,-47
-856,-25
-844,41
-832,15
-788,89
-784,127
-756,191
-796,211
-908,205
-868,217
-924,269
-816,201
-912,229
-860,225
-796,247
-864,177
-792,213
-768,191
-740,163
-724,149
-792,79
-816,27
-712,35
-840,89
-764,59
-720,-5
-748,-17
-776,9
-752,61
-740,93
-848,59
-840,93
-820,87
-844,123
-888,113
-840,83
-800,53
-844,13
-820,-93
-840,-15
-780,-15
-728,25
-912,25
-920,59
-928,23
-848,55
-812,-1
-776,63
-844,127
-832,139
-836,89
-824,99
-872,87
-860,155
-836,211
-824,183
-752,109
-748,165
-820,205
-808,331
-856,373
-876,327
-868,339
-848,267
-864,281
-800,245
-848,195
-864,257
-892,365
-856,351
-804,347
-812,357
-908,411
-960,453
-992,495
-1028,473
-932,465
-932,425
-872,379
-836,359
-904,423
-880,393
-928,453
-888,427
-952,481
-992,505
-968,511
-980,499
-912,485
-924,467
-892,473
-1012,519
-872,449
-992,505
-940,499
-896,483
-904,459
-924,475
-920,485
-916,469
-964,487
-980,507
-932,501
-1040,545
-1004,533
-1020,531
-1004,521
-984,507
-896,427
-764,367
-796,405
-796,387
-860,445
-836,431
-880,439
-940,461
-920,391
-828,311
-856,319
-840,243
-900,237
-920,313
-876,257
-860,295
-888,319
-840,343
-912,339
-872,271
-860,293
-840,351
-896,403
-816,337
-864,393
-844,401
-792,367
-784,357
-884,399
-900,411
-972,441
-920,445
-860,349
-808,343
-856,375
-932,413
-908,395
-848,387
-820,345
-880,333
-828,335
-856,321
-832,311
-848,331
-816,347
-832,343
-756,261
-824,315
-856,347
-844,349
-892,397
-964,455
-884,401
-936,427
-904,423
-828,337
-880,361
-864,343
-848,321
-864,317
-932,287
-844,287
-868,325
-800,347
-856,419
-848,409
-868,403
-844,387
-912,449
-900,461
-992,475
-1016,493
-936,463
-928,445
-836,383
-784,337
-796,371
-872,427
-992,463
-960,461
-976,465
-1020,489
-1052,487
-912,433
-924,401
-848,361
-864,339
-776,327
-820,369
-772,327
-816,353
-840,367
-860,381
-880,431
-884,455
-980,471
-976,479
-908,445
-1004,465
-912,453
-956,501
-988,507
-1024,531
-944,511
-916,451
-968,467
-976,507
-940,501
-952,501
-912,479
-916,483
-1012,529
-968,523
-968,517
-988,511
-996,525
-956,503
-984,527
-960,511
-980,509
-940,499
-1020,541
-1096,559
-1016,541
-1044,551
-1048,535
-972,505
-984,509
-976,483
-892,465
-908,439
-844,395
-780,379
-896,445
-824,373
-968,469
-960,497
-848,437
-856,427
-828,429
-916,477
-988,521
-1052,553
-984,519
-880,487
-928,515
-964,503
-908,453
-952,491
-968,525
-948,519
-1032,551
-944,469
-924,465
-920,491
-948,481
-916,441
-868,431
-904,439
-904,465
-972,457
-952,445
-900,435
-888,407
-876,411
-916,459
-872,401
-904,425
-968,467
-1024,541
-988,499
-912,443
-880,381
-880,419
-928,479
-1056,535
-1004,531
-1012,533
-1008,487
-920,457
-908,447
-872,443
-816,375
-796,293
-800,265
-868,241
-840,193
-820,191
-856,235
-788,149
-852,185
-860,135
-816,117
-892,177
-936,241
-848,253
-796,237
-736,233
-776,299
-840,419
-872,379
-844,339
-880,361
-888,385
-916,381
-860,383
-824,365
-888,373
-848,379
-948,429
-944,409
-920,439
-868,423
-932,431
-920,421
-928,423
-832,369
-792,395
-860,399
-816,371
-840,305
-740,185
-864,267
-836,223
-816,181
-872,173
-832,179
-764,149
-796,147
-728,175
-772,189
-820,219
-800,263
-788,269
-804,271
-860,365
-820,339
-852,331
-904,369
-868,391
-860,417
-948,495
-940,475
-860,407
-896,473
-948,491
-960,477
-868,413
-868,419
-844,387
-788,317
-856,357
-912,425
-904,415
-816,387
-836,411
-868,375
-812,365
-912,381
-856,367
-960,465
-924,433
-948,413
-884,363
-904,407
-868,415
-928,465
-920,451
-908,431
-856,403
-912,413
-948,423
-924,369
-944,375
-932,365
-944,353
-936,381
-944,393
-920,425
-968,473
-944,449
-928,451
-904,453
-848,441
-824,423
-908,465
-936,481
-976,477
-920,497
-1016,537
-1020,521
-964,479
-972,463
-880,403
-952,443
-976,459
-896,389
-884,407
-844,361
-860,397
-904,417
-908,403
-844,323
-880,331
-888,407
-804,331
-828,355
-932,433
-872,407
-820,393
-896,415
-808,285
-836,315
-780,337
-812,359
-768,271
-812,231
-784,235
-780,231
-772,151
-816,179
-848,65
-788,37
-744,27
-836,-45
-708,-5
-708,-19
-780,-15
-792,43
-816,117
-748,123
-788,91
-768,39
-844,19
-764,-45
-820,-137
-808,-189
-808,-301
-892,-339
-864,-373
-916,-409
-900,-431
-804,-411
-808,-377
-848,-411
-812,-331
-860,-397
-904,-397
-944,-451
-924,-439
-872,-379
-884,-393
-892,-429
-928,-463
-984,-483
-1020,-553
-1060,-549
-1060,-557
-992,-527
-1008,-539
-1060,-563
-988,-515
-924,-479
-904,-477
-940,-503
-924,-475
-908,-461
-916,-473
-908,-445
-888,-427
-980,-509
-1004,-493
-940,-477
-940,-479
-952,-475
-940,-423
-908,-417
-936,-403
-876,-393
-888,-349
-892,-375
-824,-379
-844,-293
-832,-307
-744,-299
-716,-261
-744,-253
-708,-219
-756,-219
-820,-355
-756,-351
-852,-403
-880,-405
-876,-427
-896,-469
-952,-515
-860,-459
-980,-489
-972,-489
-948,-461
-932,-479
-908,-435
-904,-445
-864,-385
-896,-377
-848,-397
-904,-443
-916,-465
-884,-471
-964,-515
-948,-511
-912,-479
-908,-453
-988,-517
-992,-507
-980,-503
-964,-513
-936,-503
-844,-453
-948,-481
-964,-495
-1000,-509
-984,-489
-1032,-527
-964,-501
-984,-461
-1020,-475
-888,-417
-916,-453
-992,-497
-908,-461
-916,-485
-952,-495
-968,-503
-900,-469
-884,-475
-868,-457
-932,-491
-932,-501
-944,-511
-996,-531
-972,-523
-960,-503
-924,-447
-956,-481
-896,-455
-908,-453
-956,-449
-856,-399
-876,-385
-844,-397
-932,-471
-932,-475
-948,-499
-904,-481
-956,-497
-1004,-517
-952,-491
-976,-503
-932,-499
-928,-491
-904,-465
-864,-437
-984,-505
-980,-527
-952,-507
-944,-501
-988,-533
-932,-489
-932,-481
-912,-409
-872,-401
-860,-401
-916,-367
-880,-351
-776,-333
-884,-429
-848,-393
-804,-373
-804,-393
-744,-347
-928,-449
-984,-503
-1048,-545
-1024,-539
-988,-511
-992,-511
-964,-497
-984,-511
-1008,-531
-912,-463
-940,-451
-1012,-473
-968,-475
-988,-469
-860,-403
-920,-447
-948,-479
-912,-477
-812,-435
-852,-415
-864,-401
-872,-457
-836,-443
-960,-511
-968,-517
-964,-501
-1040,-559
-1020,-541
-1008,-535
-1044,-549
-1020,-537
-1024,-535
-996,-527
-1008,-527
-1024,-527
-1048,-519
-976,-475
-944,-479
-964,-485
-1004,-527
-996,-531
-908,-495
-1004,-529
-1092,-559
-1032,-535
-972,-509
-1000,-533
-968,-517
-924,-503
-900,-473
-1020,-523
-992,-521
-1012,-513
-832,-391
-832,-383
-840,-397
-860,-389
-904,-405
-940,-375
-916,-395
-908,-361
-916,-365
-928,-379
-912,-333
-940,-365
-908,-361
-896,-431
-936,-497
-996,-537
-1040,-555
-1052,-555
-980,-505
-932,-487
-852,-415
-888,-397
-976,-461
-948,-455
-864,-405
-908,-361
-876,-355
-872,-331
-896,-337
-896,-337
-888,-373
-960,-427
-900,-367
-876,-363
-880,-359
-852,-413
-868,-427
-868,-405
-876,-433
-916,-467
-920,-479
-920,-487
-948,-479
-1076,-537
-1000,-499
-952,-439
-896,-385
-960,-423
-896,-419
-968,-469
-964,-479
-1028,-519
-988,-511
-968,-509
-904,-481
-888,-425
-880,-407
-832,-395
-852,-351
-952,-363
-924,-355
-892,-259
-908,-341
-808,-259
-780,-303
-788,-255
-744,-247
-712,-255
-748,-275
-844,-313
-844,-309
-856,-313
-828,-349
-876,-379
-968,-373
-936,-381
-928,-401
-924,-403
-992,-421
-916,-411
-912,-395
-880,-389
-856,-379
-904,-375
-884,-405
-936,-401
-888,-331
-828,-277
-880,-317
-808,-341
-840,-345
-832,-351
-880,-367
-904,-369
-844,-355
-828,-379
-896,-435
-940,-451
-924,-463
-896,-435
-904,-449
-864,-393
-828,-373
-840,-387
-860,-389
-900,-407
-920,-413
-956,-451
-876,-409
-940,-435
-952,-471
-932,-463
-932,-399
-888,-341
-872,-383
-876,-347
-860,-371
-788,-339
-904,-415
-836,-387
-928,-463
-920,-463
-840,-425
-844,-459
-832,-413
-828,-425
-872,-441
-948,-493
-924,-495
-860,-415
-916,-433
-1000,-503
-976,-521
-832,-435
-936,-497
-984,-509
-976,-517
-916,-477
-876,-467
-948,-493
-860,-423
-844,-377
-828,-387
-824,-453
-960,-505
-968,-507
-980,-497
-972,-511
-876,-461
-916,-481
-956,-477
-920,-469
-848,-413
-804,-411
-892,-431
-952,-477
-952,-473
-992,-475
-936,-465
-872,-445
-924,-485
-1004,-513
-856,-437
-824,-415
-908,-473
-908,-463
-936,-483
-1016,-543
-980,-523
-1000,-519
-876,-467
-856,-445
-868,-431
-908,-463
-860,-449
-932,-493
-992,-467
-1004,-491
-956,-483
-956,-489
-964,-501
-996,-523
-920,-497
-844,-441
-952,-487
-928,-491
-988,-529
-1012,-543
-956,-519
-948,-505
-996,-529
-1004,-509
-992,-513
-964,-485
-1016,-523
-1056,-541
-1032,-527
-992,-521
-956,-489
-908,-463
-952,-495
-968,-483
-968,-481
-948,-465
-916,-387
-940,-447
-936,-459
-948,-481
-928,-489
-980,-523
-1028,-533
-1004,-527
-976,-527
-1000,-517
-996,-529
-956,-487
-984,-487
-1000,-453
-1080,-519
-1036,-529
-984,-509
-908,-473
-844,-425
-912,-423
-908,-423
-840,-397
-880,-431
-916,-431
-904,-435
-832,-409
-820,-351
-824,-325
-808,-339
-840,-339
-880,-321
-920,-357
-892,-397
-928,-431
-868,-403
-892,-335
-912,-293
-872,-297
-832,-275
-820,-269
-760,-223
-840,-309
-908,-359
-844,-371
-892,-405
-876,-427
-792,-421
-896,-393
-952,-401
-912,-425
-852,-445
-956,-495
-936,-471
-1028,-501
-988,-499
-988,-505
-964,-487
-936,-481
-872,-471
-948,-481
-1048,-535
-1012,-541
-944,-505
-976,-525
-904,-471
-808,-425
-980,-459
-868,-415
-832,-395
-900,-427
-888,-445
-956,-469
-956,-467
-908,-437
-896,-421
-900,-405
-868,-345
-840,-331
-728,-319
-888,-341
-920,-351
-880,-329
-900,-351
-880,-373
-852,-309
-876,-305
-872,-299
-844,-273
-808,-259
-864,-243
-772,-189
-740,-117
-720,-73
-744,-65
-736,-41
-732,19
-724,39
-700,25
-776,-17
-760,47
-760,13
-680,51
-796,53
-784,35
-736,93
-792,101
-768,103
-752,175
-724,87
-736,149
-924,139
-908,85
-896,-19
-828,-9
-864,45
-812,-13
-780,5
-840,-11
-784,-103
-836,13
-752,27
-812,65
-908,41
-844,25
-792,11
-708,-81
-692,-33
-768,-27
-820,-5
-844,53
-868,103
-740,107
-724,57
-744,-33
-720,-31
-748,-71
-780,-119
-784,-143
-896,-115
-840,-57
-812,-85
-788,-119
-800,-159
-816,-109
-752,-71
-724,-91
-756,-59
-692,-39
-688,-101
-648,-105
-728,-61
-776,-117
-828,-201
-808,-219
-740,-151
-792,-125
-752,-147
-784,-133
-760,-151
-840,-207
-820,-177
-772,-197
-784,-183
-828,-209
-720,-173
-808,-253
-844,-339
-892,-367
-840,-389
-872,-403
-840,-367
-840,-369
-776,-357
-868,-435
-944,-483
-944,-469
-960,-495
-960,-475
-972,-483
-964,-499
-912,-461
-824,-425
-836,-369
-868,-375
-932,-405
-896,-393
-904,-421
-944,-453
-964,-499
-912,-507
-952,-515
-972,-529
-920,-485
-992,-495
-860,-425
-900,-441
-976,-457
-840,-389
-880,-389
-868,-415
-880,-359
-744,-355
-824,-387
-904,-429
-908,-423
-892,-427
-880,-439
-984,-509
-1084,-547
-900,-461
-872,-449
-876,-459
-888,-469
-916,-479
-964,-487
-916,-495
-968,-501
-924,-487
-960,-513
-968,-509
-980,-509
-956,-493
-916,-495
-952,-497
-944,-501
-912,-475
-916,-453
-908,-435
-880,-391
-772,-301
-836,-293
-768,-233
-828,-249
-800,-275
-804,-299
-756,-313
-744,-275
-736,-253
-716,-255
-788,-253
-776,-227
-688,-179
-644,-91
-700,-25
-772,-7
-772,-95
-800,-143
-832,-107
-868,-137
-836,-101
-884,-79
-876,-49
-840,-7
-804,-3
-788,67
-780,91
-700,123
-804,165
-780,163
-760,169
-812,189
-776,157
-780,167
-840,193
-836,225
-772,259
-868,265
-836,309
-792,277
-876,307
-884,345
-896,381
-832,329
-800,223
-676,207
-680,211
-736,253
-764,247
-792,273
-784,299
-892,323
-824,301
-832,319
-856,307
-804,273
-816,307
-884,357
-872,415
-856,401
-900,371
-916,365
-948,353
-888,327
-876,293
-912,243
-868,235
-776,241
-800,201
-768,229
-704,249
-752,275
-752,247
-768,235
-756,253
-764,235
-804,333
-796,355
-876,361
-908,337
-920,359
-972,419
-912,383
-896,411
-912,407
-840,383
-820,407
-932,443
-956,459
-992,525
-1000,485
-908,445
-948,493
-964,501
-1004,531
-1008,535
-956,511
-948,503
-992,533
-972,505
-924,445
-888,429
-944,485
-932,497
-956,503
-1044,555
-960,509
-968,519
-1012,515
-988,495
-864,429
-860,461
-920,489
-1016,541
-968,531
-944,511
-1004,529
-1024,529
-1028,523
-1012,477
-984,481
-936,495
-924,479
-964,485
-892,481
-944,485
-916,447
-912,453
-916,485
-968,507
-852,467
-900,489
-912,503
-868,457
-940,497
-988,517
-916,487
-1008,529
-980,507
-996,507
-972,473
-1036,521
-1028,535
-984,493
-1012,507
-932,457
-888,385
-892,349
-840,301
-772,263
-812,261
-884,297
-848,289
-836,323
-860,311
-872,365
-836,365
-900,379
-856,339
-796,297
-756,271
-864,291
-800,233
-848,235
-744,195
-776,259
-780,269
-784,205
-732,203
-796,231
-748,209
-704,265
-720,205
-692,191
-712,53
-668,119
-704,117
-676,33
-700,73
-772,81
-792,27
-752,-43
-824,-83
-784,-39
-824,-35
-820,-11
-792,13
-808,53
-724,3
-660,3
-764,27
-764,49
-708,41
-796,-25
-788,-17
-756,-105
-772,-83
-720,-75
-780,-131
-736,-101
-708,-69
-724,-55
-800,-129
-836,-133
-892,-157
-848,-191
-912,-201
-908,-215
-924,-193
-832,-171
-752,-121
-856,-133
-840,-141
-876,-81
-824,-139
-736,-133
-848,-183
-792,-143
-860,-181
-848,-159
-824,-155
-848,-129
-832,-125
-848,-111
-796,-155
-784,-63
-808,-73
-824,-115
-864,-169
-832,-141
-868,-103
-856,-89
-836,-53
-808,-37
-832,-93
-800,-121
-740,-85
-776,-15
-800,-29
-756,-27
-692,23
-792,91
-804,131
-840,251
-816,213
-784,191
-784,181
-824,153
-848,147
-844,119
-832,107
-808,89
-752,69
-808,119
-836,133
-812,127
-868,113
-924,159
-904,103
-836,103
-816,93
-752,63
-696,103
-788,119
-696,117
-824,127
-840,117
-780,97
-740,177
-808,199
-864,167
-816,175
-856,203
-836,185
-892,261
-948,297
-860,303
-868,285
-804,251
-860,259
-880,203
-932,193
-888,145
-896,219
-876,233
-860,233
-820,199
-796,251
-852,183
-844,161
-888,233
-880,273
-832,323
-896,327
-912,389
-892,431
-904,443
-1008,481
-956,491
-996,537
-928,511
-984,515
-968,513
-1012,511
-964,491
-940,489
-920,469
-940,461
-972,497
-868,453
-852,457
-1028,531
-940,509
-936,493
-916,483
-928,471
-996,501
-1004,515
-1024,525
-980,519
-924,447
-856,353
-812,337
-832,347
-796,351
-860,359
-816,363
-824,301
-816,335
-784,273
-764,225
-816,253
-864,293
-868,285
-796,231
-860,297
-812,295
-784,283
-808,293
-808,283
-800,291
-796,245
-804,243
-804,243
-840,305
-848,309
-920,299
-928,297
-820,293
-848,343
-804,385
-804,369
-856,375
-980,477
-976,511
-968,529
-868,461
-888,395
-884,387
-864,421
-928,457
-864,451
-936,503
-996,509
-1008,525
-1048,547
-1020,543
-996,535
-972,523
-976,523
-1076,567
-1048,557
-1068,559
-956,507
-936,479
-944,471
-936,457
-964,465
-944,467
-896,447
-880,453
-908,429
-920,447
-788,365
-884,447
-836,409
-940,413
-948,419
-856,393
-860,403
-904,393
-936,397
-908,393
-872,391
-908,389
-800,323
-860,395
-900,379
-768,319
-856,347
-908,305
-852,285
-840,337
-892,417
-828,373
-816,351
-896,389
-904,359
-880,351
-908,337
-824,309
-820,269
-860,217
-864,293
-908,323
-844,361
-852,385
-892,443
-860,419
-856,441
-876,419
-900,447
-892,455
-916,453
-896,461
-968,493
-928,479
-872,453
-908,467
-920,489
-960,495
-988,513
-896,477
-952,503
-916,465
-876,385
-884,431
-876,455
-968,515
-1008,535
-1064,561
-996,525
-1040,467
-936,467
-940,499
-1024,541
-1052,543
-1004,523
-1024,523
-964,463
-964,485
-988,505
-980,505
-988,515
-972,513
-996,501
-980,477
-908,451
-944,449
-940,417
-832,363
-852,351
-812,311
-832,353
-732,313
-848,353
-808,383
-876,429
-844,423
-908,447
-912,443
-948,485
-1008,527
-964,507
-940,461
-868,447
-920,461
-908,449
-952,461
-1004,501
-1020,527
-1052,549
-956,523
-1016,535
-1092,567
-1040,543
-1072,557
-1028,547
-1024,539
-1064,565
-1024,539
-960,499
-916,465
-944,473
-940,471
-900,447
-904,453
-932,469
-924,473
-908,449
-884,413
-896,441
-936,463
-916,425
-920,401
-844,367
-760,279
-800,219
-784,283
-788,305
-856,391
-908,439
-916,429
-912,373
-892,339
-860,301
-808,297
-776,319
-804,349
-736,339
-808,299
-824,349
-812,375
-916,411
-952,465
-876,433
-888,455
-924,495
-980,511
-928,497
-1068,543
-1008,519
-1012,513
-920,473
-916,485
-892,473
-916,461
-916,471
-900,455
-888,407
-936,457
-960,451
-964,451
-864,383
-896,397
-840,381
-884,351
-896,353
-892,313
-948,339
-916,311
-1008,321
-832,257
-780,263
-780,357
-904,327
-812,277
-944,419
-892,407
-844,421
-896,417
-880,415
-920,467
-1008,507
-968,507
-856,429
-888,415
-920,415
-916,399
-944,471
-932,471
-940,473
-996,503
-908,483
-948,491
-884,477
-980,507
-1000,527
-992,519
-968,493
-928,475
-880,473
-960,513
-936,495
-896,457
-992,509
-952,503
-988,499
-924,483
-904,477
-1024,523
-932,499
-880,427
-972,481
-960,493
-936,479
-972,499
-936,491
-892,415
-1000,509
-1036,545
-952,497
-964,499
-952,505
-948,481
-876,449
-856,421
-860,407
-872,397
-876,371
-840,399
-884,431
-872,413
-900,399
-816,373
-804,389
-804,413
-860,451
-924,487
-944,471
-904,435
-884,419
-892,443
-876,415
-856,383
-804,329
-824,347
-796,313
-828,239
-752,209
-692,283
-684,255
-748,273
-836,251
-848,201
-804,209
-868,213
-848,211
-860,207
-796,239
-792,229
-824,239
-864,247
-788,231
-772,255
-876,359
-856,315
-940,361
-940,399
-820,337
-868,365
-780,315
-788,355
-856,377
-824,359
-844,353
-836,383
-904,435
-904,465
-824,453
-824,431
-876,467
-968,477
-904,449
-1008,483
-948,497
-952,419
-932,407
-876,413
-964,443
-956,461
-976,485
-932,461
-888,439
-1012,513
-912,477
-940,471
-932,505
-956,511
-952,511
-936,501
-1012,529
-972,517
-884,477
-896,479
-944,493
-1020,535
-1060,549
-1012,527
-1012,531
-960,521
-984,537
-932,497
-984,529
-992,519
-988,517
-940,495
-976,523
-1032,531
-968,483
-952,479
-980,505
-920,465
-892,473
-924,489
-972,517
-932,463
-916,449
-804,391
-768,325
-748,285
-812,371
-804,335
-852,353
-800,371
-908,395
-812,323
-860,355
-812,329
-788,353
-916,443
-940,487
-920,467
-892,455
-920,427
-908,423
-908,411
-876,371
-856,447
-892,423
-864,409
-848,417
-956,449
-968,437
-964,471
-988,477
-1020,437
-940,389
-884,349
-864,309
-836,359
-1000,417
-964,437
-924,451
-844,415
-968,513
-980,533
-1004,535
-976,529
-928,481
-976,485
-952,469
-980,499
-972,505
-932,489
-868,467
-876,441
-964,479
-1008,503
-944,465
-896,435
-920,421
-936,405
-932,393
-888,387
-816,295
-816,305
-800,361
-816,359
-860,373
-832,377
-860,353
-808,317
-884,323
-888,307
-872,333
-928,353
-924,419
-960,457
-916,433
-820,357
-856,359
-852,343
-880,403
-976,469
-900,433
-832,375
-860,363
-868,393
-924,423
-900,425
-740,285
-788,329
-744,273
-820,297
-876,317
-844,301
-860,299
-864,221
-888,235
-848,231
-808,189
-768,117
-752,109
-832,87
-816,121
-780,137
-836,205
-864,193
-848,229
-824,209
-864,227
-836,301
-780,257
-764,267
-796,247
-788,197
-724,135
-708,-33
-784,-5
-796,-13
-756,-31
-836,-91
-800,-175
-748,-147
-812,-197
-840,-207
-756,-169
-776,-189
-808,-199
-784,-237
-820,-195
-852,-239
-860,-309
-872,-303
-904,-287
-904,-325
-816,-297
-836,-317
-848,-299
-896,-309
-884,-347
-860,-339
-824,-295
-864,-335
-788,-301
-744,-237
-836,-201
-844,-143
-876,-159
-900,-191
-828,-185
-788,-161
-800,-167
-820,-187
-784,-207
-764,-279
-848,-293
-792,-319
-812,-357
-872,-391
-788,-363
-904,-443
-948,-433
-956,-463
-980,-509
-1024,-529
-1024,-527
-908,-429
-952,-461
-900,-435
-928,-489
-888,-457
-900,-441
-916,-471
-940,-465
-888,-471
-948,-497
-948,-505
-1008,-535
-1024,-545
-1020,-537
-984,-487
-952,-495
-1008,-515
-884,-477
-916,-499
-984,-497
-944,-485
-928,-447
-972,-467
-928,-459
-908,-469
-892,-427
-844,-383
-948,-443
-904,-395
-936,-429
-884,-403
-892,-393
-892,-347
-852,-413
-984,-513
-940,-503
-980,-519
-988,-519
-992,-539
-976,-517
-904,-489
-900,-461
-844,-429
-940,-493
-956,-511
-1000,-531
-956,-487
-920,-487
-996,-509
-1016,-541
-952,-483
-952,-481
-892,-439
-872,-439
-844,-415
-828,-429
-888,-443
-940,-471
-952,-495
-840,-435
-920,-491
-860,-453
-880,-449
-988,-501
-940,-499
-956,-507
-948,-495
-952,-499
-944,-497
-988,-503
-884,-443
-940,-483
-956,-487
-936,-471
-836,-413
-828,-421
-768,-365
-828,-389
-888,-383
-868,-291
-888,-273
-776,-255
-752,-283
-800,-325
-836,-397
-884,-441
-872,-431
-932,-477
-916,-451
-944,-497
-864,-435
-764,-339
-816,-341
-840,-343
-780,-331
-808,-359
-848,-395
-884,-445
-848,-435
-900,-481
-804,-415
-872,-461
-828,-411
-820,-375
-880,-399
-900,-389
-924,-431
-972,-495
-948,-509
-940,-505
-1012,-517
-896,-481
-920,-493
-884,-473
-932,-469
-876,-415
-896,-411
-816,-355
-892,-329
-992,-377
-916,-331
-936,-359
-972,-337
-932,-349
-908,-381
-860,-357
-812,-363
-800,-339
-776,-339
-816,-353
-820,-381
-860,-405
-860,-395
-916,-405
-960,-405
-884,-373
-848,-329
-796,-311
-768,-257
-852,-385
-820,-355
-904,-377
-936,-405
-888,-365
-828,-293
-784,-187
-784,-163
-760,-243
-828,-231
-808,-155
-828,-191
-828,-219
-852,-235
-800,-185
-740,-223
-848,-275
-800,-291
-820,-297
-764,-273
-760,-267
-796,-301
-828,-347
-828,-381
-820,-409
-888,-433
-872,-393
-912,-371
-924,-375
-932,-435
-932,-425
-872,-405
-916,-421
-812,-361
-912,-387
-896,-365
-956,-387
-904,-385
-912,-329
-876,-355
-856,-303
-884,-299
-904,-295
-912,-313
-856,-355
-880,-359
-864,-347
-888,-281
-780,-207
-900,-317
-872,-347
-816,-357
-836,-369
-776,-349
-768,-325
-772,-337
-804,-303
-840,-347
-916,-395
-924,-413
-904,-411
-948,-463
-980,-497
-988,-497
-956,-489
-944,-473
-1000,-481
-948,-465
-924,-445
-860,-437
-912,-447
-948,-491
-944,-489
-944,-499
-964,-483
-988,-509
-988,-523
-972,-527
-944,-495
-956,-493
-1024,-527
-1016,-535
-976,-497
-964,-505
-948,-491
-956,-489
-1012,-517
-1100,-569
-1052,-551
-1056,-543
-944,-483
-940,-507
-944,-503
-936,-511
-992,-515
-892,-457
-944,-493
-912,-479
-876,-453
-932,-459
-920,-459
-912,-465
-988,-487
-920,-445
-864,-419
-864,-419
-864,-427
-892,-447
-900,-395
-888,-391
-848,-379
-880,-373
-828,-359
-804,-387
-868,-373
-852,-417
-876,-411
-796,-325
-900,-403
-872,-385
-844,-297
-868,-341
-864,-353
-824,-343
-832,-295
-824,-339
-884,-453
-936,-473
-928,-467
-892,-485
-864,-451
-836,-425
-836,-423
-912,-431
-956,-461
-968,-465
-928,-437
-908,-437
-892,-407
-936,-431
-912,-435
-860,-383
-828,-349
-784,-351
-900,-449
-884,-473
-892,-443
-928,-499
-920,-505
-964,-495
-936,-465
-904,-449
-936,-451
-956,-503
-916,-489
-964,-489
-984,-505
-968,-481
-996,-501
-884,-455
-928,-413
-872,-455
-952,-481
-908,-449
-904,-441
-908,-475
-956,-485
-1024,-535
-1060,-557
-1036,-555
-1004,-537
-1024,-521
-972,-497
-1016,-509
-1012,-505
-948,-495
-976,-513
-1032,-501
-1000,-507
-976,-493
-936,-477
-856,-433
-760,-379
-848,-389
-892,-431
-900,-421
-932,-461
-860,-435
-872,-411
-980,-461
-888,-373
-900,-377
-900,-367
-928,-401
-968,-391
-896,-361
-832,-347
-804,-401
-840,-413
-836,-421
-860,-453
-828,-419
-876,-437
-956,-487
-976,-499
-920,-441
-912,-425
-924,-411
-932,-421
-844,-403
-852,-411
-936,-465
-1004,-501
-1016,-527
-1096,-571
-1072,-559
-964,-515
-1036,-519
-920,-467
-1040,-533
-964,-503
-948,-469
-812,-381
-844,-371
-904,-431
-924,-437
-944,-441
-892,-425
-856,-383
-940,-437
-884,-461
-888,-443
-856,-401
-908,-433
-880,-419
-908,-465
-872,-435
-888,-459
-964,-445
-888,-457
-812,-415
-920,-479
-916,-435
-816,-357
-880,-445
-912,-449
-896,-439
-868,-421
-868,-387
-888,-423
-852,-413
-828,-369
-856,-409
-860,-401
-1000,-485
-936,-489
-964,-483
-896,-445
-952,-499
-992,-531
-916,-481
-860,-425
-840,-415
-872,-401
-868,-417
-964,-487
-900,-467
-976,-485
-904,-433
-880,-423
-820,-373
-820,-365
-876,-409
-916,-425
-896,-421
-812,-393
-796,-305
-760,-273
-808,-259
-776,-203
-780,-177
-812,-149
-780,-201
-812,-159
-788,-157
-796,-203
-836,-259
-920,-245
-860,-223
-816,-215
-796,-189
-780,-155
-860,-95
-800,-123
-784,-39
-756,-69
-772,-95
-764,-105
-800,23
-804,21
-800,47
-852,83
-820,115
-872,151
-920,179
-848,165
-832,193
-808,173
-748,217
-816,309
-868,263
-964,285
-856,291
-880,283
-872,331
-852,343
-880,357
-872,363
-916,387
-956,389
-980,399
-956,393
-924,401
-928,431
-956,477
-940,463
-960,501
-936,503
-876,459
-968,483
-976,491
-932,497
-912,485
-868,441
-812,421
-744,365
-840,399
-812,367
-780,347
-848,415
-844,439
-852,447
-996,513
-1052,537
-932,479
-944,491
-960,487
-892,449
-904,455
-952,483
-972,507
-928,503
-1032,549
-988,541
-1012,547
-1036,547
-1000,525
-1044,537
-1032,543
-1052,547
-1044,553
-1024,547
-1072,557
-1048,553
-972,525
-892,493
-956,509
-944,475
-824,421
-860,433
-864,457
-864,459
-868,439
-804,395
-872,433
-808,439
-860,425
-884,417
-880,455
-840,415
-832,393
-856,417
-764,371
-840,337
-888,367
-880,337
-796,319
-772,301
-784,313
-816,389
-780,341
-832,359
-832,437
-876,449
-876,467
-824,415
-868,375
-780,407
-876,437
-940,493
-872,483
-904,461
-904,467
-848,435
-908,471
-1004,495
-900,461
-916,483
-940,483
-868,429
-904,473
-928,479
-908,475
-896,449
-900,469
-968,513
-956,495
-856,451
-804,421
-776,409
-820,447
-940,469
-908,437
-904,467
-916,459
-932,461
-980,483
-964,497
-944,481
-868,463
-944,495
-892,427
-876,457
-916,459
-936,451
-956,487
-976,505
-912,485
-888,443
-888,427
-1020,519
-964,519
-984,515
-984,529
-1092,563
-948,485
-944,495
-1056,545
-972,527
-956,519
-988,531
-972,527
-1028,545
-1028,547
-1112,579
-1028,549
-1036,551
-904,499
-936,453
-892,445
-924,445
-976,489
-920,477
-904,451
-912,445
-952,451
-900,441
-908,465
-960,483
-920,473
-924,507
-920,483
-864,451
-944,469
-1008,509
-1052,549
-992,537
-936,505
-968,493
-956,485
-892,385
-896,419
-848,377
-888,431
-844,353
-808,379
-852,311
-832,325
-856,319
-848,333
-788,323
-800,381
-908,425
-872,363
-864,335
-912,389
-892,365
-900,313
-876,295
-892,299
-900,339
-864,303
-820,283
-816,209
-864,259
-900,295
-856,321
-864,359
-924,397
-832,367
-840,397
-820,425
-940,501
-912,489
-980,517
-1044,533
-952,511
-948,487
-956,473
-868,479
-848,449
-824,445
-876,471
-884,469
-840,441
-784,389
-856,425
-776,407
-784,369
-824,397
-832,367
-812,403
-884,393
-788,363
-932,421
-800,395
-848,391
-872,405
-1008,499
-908,485
-932,487
-844,417
-884,433
-876,423
-900,425
-944,449
-884,417
-884,429
-828,377
-848,419
-924,435
-916,433
-912,401
-916,417
-876,381
-880,393
-968,425
-964,437
-964,457
-968,459
-880,363
-872,397
-856,343
-856,357
-804,287
-824,263
-860,315
-772,273
-812,327
-892,357
-876,371
-800,301
-848,349
-892,309
-892,301
-908,297
-948,327
-888,333
-860,349
-824,299
-776,285
-792,283
-808,337
-852,341
-884,381
-920,393
-900,361
-892,377
-900,369
-820,275
-884,301
-864,295
-848,325
-872,355
-820,299
-808,265
-796,261
-728,259
-832,289
-868,339
-864,329
-824,337
-832,355
-772,337
-852,395
-892,435
-916,475
-804,429
-892,439
-972,487
-948,473
-984,541
-996,531
-988,479
-1032,537
-1012,517
-916,471
-944,489
-972,501
-852,443
-800,381
-920,459
-912,453
-952,493
-1032,531
-1008,519
-968,489
-984,503
-996,515
-1012,521
-1044,539
-960,487
-880,449
-828,389
-876,439
-888,445
-880,427
-848,405
-892,363
-840,301
-840,283
-924,279
-880,229
-920,235
-972,313
-932,335
-864,265
-908,291
-848,325
-880,335
-848,351
-860,337
-892,349
-884,351
-896,389
-904,389
-884,385
-884,403
-900,449
-880,453
-984,517
-980,527
-952,509
-1000,543
-980,529
-992,523
-916,501
-940,491
-852,435
-892,393
-948,439
-976,397
-888,379
-896,389
-928,375
-900,369
-888,345
-876,355
-868,377
-864,357
-884,435
-892,449
-880,441
-900,425
-880,417
-892,369
-856,325
-832,287
-724,287
-924,407
-876,383
-888,375
-816,329
-832,323
-884,391
-912,407
-996,415
-928,367
-908,365
-900,379
-940,351
-956,351
-964,343
-828,311
-792,315
-772,259
-836,343
-908,405
-1016,529
-1036,533
-1040,549
-1096,563
-1116,571
-1048,555
-1012,535
-916,457
-868,457
-896,437
-836,439
-872,423
-892,443
-916,415
-888,425
-916,447
-824,447
-908,485
-948,499
-964,505
-912,465
-804,429
-944,509
-1008,521
-960,509
-964,525
-896,467
-972,507
-948,495
-960,515
-1008,525
-1020,513
-948,509
-948,489
-924,483
-920,485
-948,509
-964,529
-928,487
-928,501
-1000,531
-968,513
-948,477
-880,419
-848,397
-956,467
-932,443
-912,427
-928,439
-936,453
-928,447
-972,447
-872,389
-820,385
-792,339
-872,345
-856,381
-840,383
-856,357
-820,257
-816,339
-828,357
-844,395
-812,385
-800,351
-812,377
-848,373
-852,373
-848,345
-820,349
-804,335
-840,345
-792,353
-844,347
-864,349
-868,319
-932,351
-908,363
-828,343
-840,331
-852,365
-936,433
-872,345
-916,373
-904,347
-852,371
-896,409
-940,427
-956,417
-900,419
-916,401
-860,427
-956,451
-924,481
-864,475
-992,547
-1020,551
-1032,539
-996,537
-876,471
-892,487
-968,505
-940,453
-996,493
-968,473
-1004,493
-876,425
-896,395
-900,365
-900,395
-888,411
-972,453
-892,405
-968,463
-860,421
-956,481
-932,469
-1000,505
-1012,535
-952,509
-984,475
-880,395
-868,377
-832,333
-804,301
-896,387
-972,471
-856,447
-956,479
-1028,511
-908,433
-928,475
-868,423
-884,373
-880,379
-908,395
-888,431
-916,385
-940,371
-884,297
-848,309
-896,351
-920,329
-884,365
-960,437
-932,413
-876,309
-920,325
-812,243
-856,235
-880,225
-884,207
-856,243
-832,211
-820,259
-748,303
-824,327
-904,391
-848,419
-832,415
-856,405
-888,421
-828,337
-864,341
-896,365
-852,311
-776,293
-780,335
-756,319
-880,389
-948,421
-868,381
-944,445
-868,413
-948,431
-908,407
-920,431
-972,451
-940,437
-892,439
-856,357
-888,323
-868,287
-816,213
-876,287
-844,359
-792,339
-784,301
-796,291
-896,361
-860,335
-844,303
-836,323
-836,337
-892,319
-952,405
-920,441
-928,381
-824,321
-800,341
-880,377
-844,355
-876,319
-800,241
-812,233
-808,229
-888,285
-876,265
-708,253
-712,233
-876,359
-816,319
-860,283
-804,305
-824,359
-864,365
-848,371
-868,339
-908,387
-884,351
-840,289
-820,341
-888,391
-952,443
-904,445
-908,423
-764,361
-868,409
-912,449
-876,413
-888,393
-916,421
-836,401
-884,417
-864,397
-796,359
-900,365
-892,345
-836,341
-868,359
-936,441
-908,387
-960,447
-872,455
-916,471
-968,463
-892,431
-992,473
-928,461
-868,471
-840,465
-1012,527
-996,513
-908,463
-876,427
-960,483
-1032,521
-1024,515
-972,497
-948,501
-920,479
-1008,487
-1004,479
-1012,467
-928,419
-948,407
-912,407
-888,433
-988,479
-992,487
-820,385
-828,363
-852,369
-848,351
-824,347
-880,375
-972,455
-952,433
-856,391
-812,353
-836,317
-848,273
-760,213
-824,219
-756,163
-808,195
-780,151
-712,205
-736,255
-616,245
-728,235
-724,221
-756,133
-768,61
-748,75
-744,73
-740,91
-808,155
-752,103
-748,131
-808,149
-876,217
-864,269
-876,273
-836,285
-892,345
-932,347
-872,335
-976,445
-944,463
-940,455
-884,455
-836,413
-864,449
-840,411
-884,441
-892,445
-904,437
-840,397
-868,381
-948,389
-896,381
-948,433
-896,415
-916,409
-908,405
-988,445
-944,383
-928,353
-896,353
-952,339
-848,321
-872,301
-856,303
-908,337
-944,391
-996,473
-916,485
-876,429
-932,463
-880,461
-856,427
-860,437
-1004,499
-920,445
-944,449
-868,427
-928,449
-944,443
-984,437
-884,417
-848,409
-888,433
-904,409
-904,427
-908,463
-968,491
-908,443
-864,463
-988,473
-992,437
-968,439
-932,431
-992,465
-980,469
-980,495
-1004,513
-928,481
-848,437
-880,415
-960,505
-920,447
-936,413
-872,375
-884,387
-904,435
-908,429
-936,437
-800,383
-880,431
-932,487
-880,455
-940,463
-924,479
-972,483
-948,491
-944,493
-960,433
-952,463
-1028,531
-940,459
-952,477
-968,469
-992,485
-900,469
-960,485
-988,499
-1020,525
-936,465
-1016,535
-924,505
-1068,561
-1096,579
-1016,549
-1068,569
-996,541
-948,493
-1016,535
-1008,505
-1040,533
-988,515
-940,495
-920,483
-1028,527
-992,529
-908,495
-1020,531
-992,513
-948,491
-944,495
-912,455
-964,453
-980,433
-972,455
-956,453
-980,457
-912,441
-996,485
-1020,487
-952,473
-936,443
-948,439
-996,485
-964,473
-840,433
-980,461
-956,497
-976,497
-916,459
-932,473
-996,499
-972,459
-936,445
-972,503
-900,479
-880,455
-944,507
-984,527
-940,511
-876,469
-864,459
-916,449
-944,459
-936,505
-932,499
-972,507
-936,469
-932,487
-944,507
-1016,517
-1016,511
-1000,517
-948,497
-968,507
-964,453
-916,371
-828,361
-880,373
-852,373
-876,369
-940,407
-896,435
-876,433
-868,419
-876,401
-908,449
-916,433
-852,381
-852,401
-964,449
-932,441
-964,501
-916,459
-964,489
-924,451
-892,425
-816,379
-932,433
-980,463
-908,463
-900,435
-756,337
-740,335
-784,339
-800,289
-820,341
-864,373
-788,337
-804,329
-932,385
-876,349
-764,271
-856,299
-856,303
-828,293
-804,295
-876,289
-872,255
-824,231
-824,303
-716,261
-820,291
-820,265
-804,265
-848,253
-852,253
-864,221
-796,241
-884,223
-876,223
-832,163
-868,195
-856,195
-804,207
-828,167
-796,147
-736,127
-812,133
-840,95
-804,135
-828,155
-876,147
-964,209
-904,177
-872,209
-824,165
-768,141
-768,155
-848,163
-784,243
-744,217
-768,247
-868,293
-912,331
-916,379
-928,377
-916,411
-900,415
-864,353
-804,289
-792,233
-748,213
-800,203
-852,239
-776,239
-720,209
-764,105
-792,181
-780,235
-800,229
-816,235
-800,307
-792,227
-868,241
-800,231
-792,277
-804,259
-896,339
-812,323
-928,315
-820,323
-888,403
-836,381
-856,411
-832,371
-876,441
-924,441
-936,433
-840,377
-888,343
-932,349
-904,405
-860,383
-872,409
-904,429
-944,431
-940,407
-984,411
-968,391
-900,389
-792,367
-832,399
-816,357
-780,349
-868,363
-844,281
-888,263
-840,245
-796,209
-860,251
-820,155
-768,97
-772,127
-796,207
-880,261
-816,207
-764,215
-796,195
-796,239
-820,183
-764,133
-780,155
-808,103
-824,65
-792,65
-708,-29
-780,-19
-796,-63
-784,-71
-804,-177
-712,-163
-776,-117
-752,-69
-780,-59
-788,-73
-864,-69
-872,-81
-896,-27
-840,-31
-796,-83
-764,-73
-776,-87
-832,-89
-820,-117
-756,-133
-788,-139
-852,-253
-884,-331
-828,-249
-848,-251
-828,-255
-888,-253
-832,-237
-816,-121
-804,-125
-744,-123
-780,-115
-800,-211
-840,-231
-828,-337
-804,-359
-872,-403
-896,-429
-968,-487
-1040,-501
-1032,-535
-1004,-523
-968,-501
-1028,-531
-968,-525
-928,-495
-896,-463
-900,-451
-836,-357
-840,-327
-820,-309
-872,-349
-868,-333
-844,-293
-832,-309
-860,-279
-812,-289
-932,-365
-912,-361
-860,-331
-820,-283
-840,-323
-892,-359
-852,-371
-760,-291
-772,-259
-792,-251
-804,-269
-792,-301
-776,-301
-780,-213
-740,-153
-704,-177
-788,-97
-792,-129
-844,-119
-812,-141
-752,-201
-780,-271
-812,-367
-896,-421
-808,-381
-880,-439
-852,-443
-912,-483
-1012,-513
-928,-491
-944,-477
-912,-501
-948,-505
-1040,-541
-960,-513
-904,-475
-928,-475
-972,-463
-804,-377
-872,-401
-896,-443
-896,-451
-912,-477
-944,-503
-996,-527
-932,-507
-908,-473
-852,-457
-896,-467
-852,-435
-872,-421
-844,-425
-844,-443
-896,-477
-888,-455
-876,-407
-864,-403
-760,-353
-860,-423
-960,-477
-984,-505
-848,-423
-844,-383
-860,-407
-828,-359
-912,-445
-912,-439
-804,-407
-952,-489
-956,-471
-884,-453
-860,-439
-952,-497
-1000,-521
-960,-501
-948,-481
-956,-493
-968,-485
-920,-473
-956,-491
-940,-451
-844,-425
-840,-413
-964,-487
-984,-499
-1016,-483
-944,-433
-920,-381
-920,-417
-948,-427
-884,-333
-876,-359
-904,-349
-908,-365
-804,-305
-812,-223
-844,-275
-840,-239
-780,-235
-828,-275
-860,-365
-828,-329
-892,-351
-908,-413
-852,-333
-896,-321
-876,-295
-828,-287
-816,-311
-804,-253
-880,-245
-840,-285
-688,-237
-748,-265
-776,-259
-860,-325
-772,-221
-768,-271
-852,-377
-936,-433
-864,-421
-812,-387
-888,-415
-968,-489
-920,-447
-888,-395
-836,-383
-896,-427
-852,-427
-924,-473
-876,-449
-888,-457
-952,-509
-1084,-553
-996,-523
-916,-485
-944,-507
-1028,-537
-1088,-551
-1060,-551
-972,-501
-908,-477
-856,-471
-996,-527
-892,-471
-872,-469
-880,-459
-836,-421
-848,-415
-900,-459
-884,-465
-892,-479
-824,-421
-864,-457
-1004,-525
-968,-507
-1068,-541
-1032,-521
-1060,-559
-1020,-533
-980,-507
-900,-447
-908,-385
-896,-377
-912,-417
-920,-407
-880,-367
-888,-355
-848,-379
-884,-397
-748,-369
-736,-337
-756,-365
-812,-391
-864,-411
-860,-441
-900,-455
-840,-399
-960,-461
-912,-487
-964,-515
-916,-477
-948,-503
-944,-507
-988,-513
-864,-431
-872,-433
-840,-443
-924,-481
-896,-461
-900,-455
-976,-467
-928,-445
-956,-481
-940,-459
-908,-463
-844,-423
-848,-429
-888,-481
-936,-497
-940,-487
-940,-471
-916,-461
-900,-475
-900,-451
-936,-451
-964,-465
-868,-441
-920,-451
-872,-411
-936,-465
-940,-467
-812,-393
-816,-353
-868,-367
-820,-355
-888,-347
-888,-375
-824,-345
-820,-383
-816,-387
-892,-427
-876,-451
-896,-471
-864,-463
-844,-465
-896,-457
-888,-429
-872,-413
-884,-387
-904,-413
-964,-467
-932,-469
-884,-485
-860,-433
-896,-415
-876,-423
-840,-435
-920,-495
-892,-477
-1004,-511
-1004,-493
-1040,-529
-1060,-559
-1048,-555
-868,-473
-812,-431
-952,-473
-976,-499
-924,-471
-892,-439
-928,-467
-948,-457
-964,-481
-928,-487
-1008,-505
-940,-469
-1004,-513
-952,-495
-928,-479
-912,-467
-900,-423
-884,-425
-860,-425
-892,-417
-872,-407
-856,-401
-888,-403
-880,-397
-904,-393
-908,-415
-988,-479
-948,-415
-840,-351
-932,-403
-904,-391
-924,-395
-868,-391
-916,-463
-968,-509
-1000,-529
-908,-463
-848,-419
-916,-459
-944,-499
-860,-455
-908,-471
-892,-471
-920,-483
-952,-519
-944,-495
-1012,-521
-920,-461
-880,-451
-952,-471
-1016,-521
-912,-489
-996,-533
-944,-487
-952,-499
-912,-485
-972,-517
-1036,-543
-944,-515
-932,-491
-940,-497
-908,-451
-852,-403
-924,-431
-992,-519
-988,-507
-972,-503
-1004,-519
-964,-495
-920,-485
-884,-467
-880,-463
-884,-479
-944,-513
-956,-507
-1020,-525
-932,-475
-948,-471
-916,-455
-876,-443
-880,-457
-828,-391
-884,-389
-900,-379
-932,-433
-856,-373
-868,-345
-924,-403
-948,-395
-944,-415
-880,-377
-844,-371
-808,-381
-784,-321
-736,-269
-648,-173
-736,-217
-704,-209
-704,-171
-756,-243
-744,-225
-756,-247
-740,-249
-800,-211
-740,-191
-792,-267
-804,-247
-820,-251
-816,-311
-852,-277
-812,-207
-704,-191
-768,-247
-748,-203
-680,-201
-784,-261
-880,-273
-920,-353
-844,-289
-780,-275
-808,-281
-872,-269
-928,-287
-972,-333
-900,-399
-832,-397
-904,-383
-888,-397
-924,-435
-944,-437
-880,-381
-852,-355
-776,-311
-780,-295
-836,-343
-768,-249
-876,-337
-884,-331
-900,-319
-864,-235
-860,-215
-800,-215
-792,-147
-824,-169
-776,-159
-776,-197
-808,-159
-844,-239
-812,-243
-792,-171
-864,-127
-876,-99
-836,-133
-828,-149
-772,-103
-776,-115
-784,-105
-780,-105
-728,-71
-760,-51
-736,-49
-756,-15
-704,-59
-780,-89
-816,-155
-732,-121
-736,-135
-752,-177
-820,-193
-832,-229
-824,-217
-772,-219
-812,-227
-816,-221
-792,-271
-764,-201
-808,-233
-808,-235
-732,-251
-852,-309
-844,-339
-920,-401
-928,-433
-912,-391
-852,-391
-892,-435
-868,-389
-864,-417
-892,-461
-960,-469
-876,-455
-916,-477
-948,-491
-904,-473
-924,-461
-868,-431
-844,-423
-932,-489
-904,-473
-876,-435
-868,-355
-888,-357
-856,-337
-828,-345
-812,-347
-880,-361
-904,-363
-936,-385
-944,-365
-928,-363
-860,-367
-912,-415
-932,-449
-904,-429
-892,-431
-880,-417
-944,-467
-912,-455
-904,-467
-952,-471
-892,-471
-948,-473
-896,-471
-952,-483
-904,-475
-976,-521
-892,-469
-896,-463
-852,-439
-896,-453
-980,-501
-996,-495
-916,-449
-892,-455
-904,-435
-920,-411
-908,-431
-932,-453
-952,-479
-932,-497
-928,-453
-904,-417
-872,-407
-852,-445
-1040,-515
-1008,-527
-1040,-545
-1072,-555
-1084,-569
-1060,-559
-1004,-539
-912,-493
-1012,-527
-992,-531
-976,-519
-876,-455
-868,-445
-868,-445
-856,-457
-896,-465
-968,-497
-924,-467
-928,-481
-940,-489
-952,-495
-992,-519
-892,-461
-972,-503
-940,-501
-996,-535
-948,-491
-956,-495
-900,-467
-912,-469
-900,-487
-892,-463
-892,-453
-936,-447
-896,-411
-856,-405
-900,-439
-868,-411
-884,-417
-876,-413
-916,-441
-920,-455
-932,-453
-900,-455
-936,-465
-920,-421
-944,-455
-912,-437
-972,-473
-1024,-501
-1004,-481
-1028,-497
-968,-491
-908,-461
-884,-441
-992,-505
-980,-523
-976,-515
-1008,-525
-924,-483
-976,-515
-1036,-531
-932,-485
-992,-511
-960,-465
-972,-515
-1012,-515
-996,-507
-980,-511
-956,-491
-984,-513
-1016,-525
-992,-515
-964,-497
-924,-467
-876,-423
-900,-411
-904,-395
-928,-447
-876,-461
-956,-505
-984,-513
-948,-497
-980,-501
-864,-429
-776,-369
-884,-465
-932,-505
-952,-503
-944,-513
-1032,-535
-1000,-533
-960,-521
-940,-515
-968,-493
-952,-503
-832,-429
-984,-475
-952,-443
-972,-479
-988,-499
-972,-497
-940,-497
-972,-495
-916,-467
-824,-441
-916,-475
-980,-503
-932,-495
-956,-513
-932,-491
-912,-489
-928,-475
-880,-453
-864,-451
-860,-449
-816,-395
-912,-445
-908,-433
-924,-469
-884,-439
-884,-407
-820,-337
-840,-323
-816,-307
-784,-251
-748,-281
-772,-313
-808,-353
-872,-369
-896,-347
-868,-309
-732,-283
-792,-251
-760,-203
-788,-169
-824,-191
-732,-203
-828,-215
-856,-255
-768,-231
-820,-299
-832,-273
-780,-317
-780,-275
-764,-291
-912,-405
-904,-463
-1004,-499
-956,-463
-972,-457
-888,-411
-888,-417
-872,-371
-844,-383
-844,-347
-888,-371
-892,-365
-860,-397
-892,-369
-928,-355
-904,-383
-808,-375
-908,-403
-896,-363
-844,-381
-880,-385
-880,-419
-860,-419
-816,-385
-888,-427
-876,-445
-952,-485
-916,-441
-848,-367
-884,-375
-816,-399
-916,-385
-880,-443
-896,-457
-916,-461
-928,-465
-964,-495
-952,-503
-1008,-511
-928,-457
-1052,-517
-1016,-523
-976,-513
-996,-513
-1044,-545
-1016,-539
-1016,-497
-960,-515
-884,-491
-892,-469
-1032,-539
-1032,-539
-1032,-547
-1000,-523
-940,-485
-1044,-521
-952,-479
-912,-403
-912,-417
-880,-393
-884,-415
-868,-463
-924,-473
-880,-465
-964,-493
-796,-379
-804,-387
-904,-429
-896,-427
-872,-423
-864,-427
-888,-429
-920,-459
-876,-413
-880,-411
-900,-445
-908,-447
-856,-397
-880,-433
-812,-369
-824,-353
-860,-407
-896,-445
-880,-467
-912,-459
-828,-399
-868,-417
-812,-385
-868,-375
-840,-359
-856,-359
-936,-419
-920,-415
-836,-365
-860,-379
-896,-339
-944,-359
-940,-391
-952,-453
-872,-407
-936,-409
-916,-415
-980,-417
-928,-455
-940,-449
-952,-495
-1044,-539
-1012,-535
-1000,-517
-1024,-525
-960,-471
-988,-485
-952,-467
-976,-501
-980,-521
-1024,-543
-920,-489
-960,-497
-908,-479
-980,-489
-952,-455
-928,-439
-960,-481
-908,-495
-884,-451
-828,-415
-856,-409
-964,-491
-904,-469
-884,-455
-884,-421
-892,-401
-904,-429
-932,-429
-884,-345
-880,-299
-848,-323
-896,-395
-912,-443
-928,-479
-888,-453
-876,-449
-992,-497
-936,-449
-936,-443
-936,-473
-988,-501
-852,-449
-972,-503
-896,-463
-848,-437
-864,-453
-884,-461
-976,-493
-956,-489
-960,-497
-864,-415
-880,-413
-860,-391
-844,-397
-876,-403
-860,-383
-928,-437
-904,-415
-912,-433
-780,-423
-820,-393
-828,-397
-896,-445
-952,-499
-904,-467
-876,-455
-868,-431
-832,-437
-756,-377
-812,-389
-864,-323
-884,-293
-940,-313
-844,-333
-924,-369
-948,-397
-880,-385
-892,-425
-876,-429
-856,-433
-892,-449
-964,-469
-812,-421
-900,-473
-972,-491
-964,-491
-980,-511
-980,-515
-920,-505
-872,-425
-928,-429
-968,-465
-920,-493
-892,-475
-952,-495
-896,-483
-948,-461
-932,-493
-992,-541
-1020,-545
-940,-501
-892,-491
-936,-489
-952,-485
-924,-487
-1016,-539
-992,-531
-980,-511
-936,-505
-984,-523
-936,-485
-964,-509
-1020,-541
-956,-511
-1016,-521
-928,-439
-876,-433
-916,-445
-908,-415
-876,-393
-876,-397
-848,-407
-880,-409
-880,-419
-884,-425
-852,-423
-836,-387
-768,-375
-840,-427
-968,-489
-972,-485
-984,-499
-1024,-547
-1040,-549
-1040,-539
-1024,-537
-1012,-545
-1000,-505
-1024,-525
-988,-499
-944,-453
-932,-437
-928,-391
-856,-329
-844,-347
-952,-399
-988,-395
-912,-355
-904,-319
-884,-273
-844,-99
-824,-47
-784,-165
-764,-99
-752,-39
-772,13
-780,69
-832,153
-872,123
-788,69
-676,23
-700,-87
-684,-61
-760,-83
-820,-79
-772,-77
-760,-93
-736,-97
-788,-101
-840,-97
-896,-123
-916,-137
-872,-127
-800,-131
-820,-51
-808,21
-788,47
-812,79
-792,93
-744,19
-832,45
-792,-7
-728,39
-804,-13
-848,-43
-828,-39
-808,-69
-844,-69
-816,-33
-796,-39
-792,-45
-800,-111
-808,-189
-812,-207
-876,-249
-888,-255
-868,-263
-864,-287
-820,-273
-828,-287
-828,-371
-828,-333
-816,-295
-908,-287
-904,-337
-936,-349
-872,-347
-880,-301
-856,-221
-840,-231
-812,-213
-876,-221
-916,-241
-864,-227
-872,-287
-888,-299
-868,-275
-876,-281
-856,-209
-884,-211
-892,-235
-860,-197
-864,-187
-852,-187
-824,-247
-844,-303
-844,-331
-832,-317
-800,-249
-812,-239
-864,-223
-948,-293
-880,-327
-868,-347
-780,-293
-804,-287
-764,-171
-784,-161
-824,-129
-844,-221
-840,-213
-836,-257
-840,-301
-876,-307
-876,-341
-920,-411
-896,-455
-944,-443
-920,-429
-900,-429
-900,-481
-976,-509
-1000,-469
-832,-371
-928,-345
-888,-323
-896,-413
-920,-433
-896,-387
-896,-321
-904,-313
-920,-329
-924,-315
-896,-281
-864,-269
-912,-345
-876,-321
-864,-349
-808,-295
-876,-341
-868,-373
-884,-369
-808,-381
-888,-409
-908,-381
-912,-351
-808,-337
-868,-405
-816,-283
-844,-287
-904,-317
-836,-253
-808,-287
-864,-245
-800,-241
-840,-169
-772,-183
-828,-257
-824,-247
-844,-259
-768,-237
-828,-271
-816,-303
-848,-383
-832,-421
-916,-427
-892,-393
-796,-347
-808,-351
-892,-375
-816,-379
-892,-423
-916,-417
-884,-453
-868,-375
-888,-367
-928,-389
-936,-393
-900,-351
-852,-369
-912,-421
-980,-475
-944,-489
-932,-493
-992,-505
-996,-529
-968,-501
-900,-483
-960,-513
-944,-509
-1068,-551
-1024,-523
-980,-541
-944,-517
-972,-485
-960,-509
-932,-487
-968,-513
-972,-511
-964,-507
-932,-491
-960,-499
-956,-505
-992,-515
-976,-489
-968,-467
-908,-451
-908,-439
-916,-351
-936,-349
-872,-307
-832,-341
-808,-331
-860,-367
-868,-383
-948,-441
-808,-383
-804,-317
-792,-321
-752,-285
-704,-225
-820,-267
-700,-263
-728,-275
-780,-225
-688,-145
-788,-153
-764,-217
-800,-255
-840,-329
-888,-345
-832,-337
-792,-291
-856,-307
-912,-307
-952,-343
-904,-389
-884,-361
-868,-367
-908,-397
-908,-371
-868,-347
-832,-299
-868,-341
-892,-355
-768,-267
-824,-263
-816,-301
-788,-289
-828,-277
-880,-293
-912,-285
-824,-247
-888,-315
-956,-311
-928,-319
-964,-323
-884,-357
-888,-385
-920,-427
-952,-445
-968,-447
-956,-443
-912,-433
-928,-437
-884,-431
-904,-457
-820,-437
-904,-445
-892,-403
-828,-369
-796,-331
-832,-373
-876,-355
-756,-285
-788,-307
-844,-325
-820,-325
-836,-319
-864,-347
-852,-371
-840,-409
-928,-461
-924,-453
-916,-481
-972,-469
-892,-469
-852,-407
-804,-405
-928,-419
-912,-397
-828,-331
-804,-305
-848,-371
-840,-357
-856,-337
-872,-355
-888,-369
-876,-407
-720,-263
-792,-287
-728,-217
-748,-253
-764,-245
-780,-219
-772,-315
-656,-175
-696,-167
-748,-167
-704,-105
-744,-95
-764,-129
-792,-85
-816,-119
-828,-113
-860,-135
-832,-135
-816,-145
-812,-247
-828,-239
-872,-259
-788,-259
-852,-317
-764,-285
-772,-281
-796,-283
-812,-263
-804,-267
-864,-295
-820,-305
-892,-373
-816,-357
-796,-363
-796,-341
-908,-387
-876,-373
-936,-439
-808,-395
-920,-431
-852,-387
-884,-403
-836,-399
-844,-389
-920,-447
-880,-435
-908,-463
-928,-481
-984,-515
-1000,-527
-1068,-561
-1048,-561
-968,-517
-1040,-543
-964,-517
-936,-501
-920,-471
-916,-467
-940,-473
-1036,-537
-1008,-519
-952,-467
-916,-453
-920,-457
-860,-431
-840,-369
-832,-363
-816,-349
-828,-373
-796,-373
-764,-379
-812,-371
-840,-367
-828,-355
-868,-403
-836,-397
-880,-407
-952,-405
-916,-417
-972,-419
-892,-393
-848,-399
-760,-347
-888,-435
-992,-485
-976,-443
-912,-433
-880,-395
-876,-411
-940,-449
-936,-463
-992,-493
-984,-503
-940,-495
-1012,-537
-944,-501
-1032,-545
-964,-511
-908,-467
-880,-427
-888,-429
-864,-439
-932,-465
-844,-415
-1012,-485
-1012,-511
-1076,-535
-960,-483
-964,-477
-960,-501
-900,-447
-936,-459
-900,-479
-952,-503
-908,-457
-920,-457
-904,-457
-868,-405
-924,-455
-960,-489
-1000,-523
-916,-483
-1004,-533
-872,-471
-884,-455
-928,-483
-868,-427
-1020,-517
-1000,-517
-892,-455
-924,-445
-864,-407
-900,-415
-884,-417
-936,-419
-816,-369
-900,-399
-916,-407
-920,-437
-904,-435
-884,-419
-908,-393
-848,-367
-876,-365
-804,-329
-852,-331
-896,-343
-824,-277
-892,-351
-912,-399
-816,-353
-932,-407
-1000,-483
-928,-443
-932,-479
-940,-483
-888,-467
-864,-449
-896,-463
-932,-479
-944,-501
-1052,-539
-1028,-535
-912,-473
-912,-461
-928,-465
-912,-433
-924,-417
-900,-435
-884,-371
-864,-379
-784,-331
-824,-351
-820,-349
-828,-369
-808,-321
-896,-361
-888,-365
-980,-429
-952,-427
-932,-399
-868,-335
-832,-329
-828,-357
-880,-371
-812,-321
-788,-281
-760,-195
-792,-245
-744,-199
-800,-131
-844,-137
-844,-125
-800,-89
-800,-43
-828,65
-844,59
-768,55
-808,37
-784,-43
-860,-47
-848,-163
-792,-159
-756,-131
-732,-117
-796,-133
-720,-9
-708,-7
-752,103
-744,139
-768,197
-656,141
-728,239
-788,255
-740,213
-772,243
-804,181
-764,169
-776,93
-836,71
-844,29
-772,-13
-820,-133
-860,-225
-820,-183
-856,-121
-836,-191
-864,-179
-808,-193
-796,-135
-716,-103
-776,-193
-756,-229
-852,-301
-792,-327
-800,-311
-808,-349
-816,-373
-872,-415
-876,-439
-856,-397
-920,-427
-944,-471
-1024,-541
-972,-513
-948,-491
-916,-459
-932,-475
-980,-519
-992,-489
-952,-505
-888,-471
-864,-437
-856,-429
-892,-433
-884,-433
-968,-483
-912,-463
-920,-417
-904,-415
-916,-445
-924,-467
-960,-513
-1060,-547
-988,-521
-840,-457
-932,-481
-948,-481
-960,-467
-968,-479
-932,-503
-832,-455
-828,-443
-952,-483
-956,-487
-956,-509
-944,-493
-888,-449
-928,-461
-932,-453
-864,-395
-884,-435
-900,-449
-936,-485
-892,-467
-956,-477
-904,-481
-1036,-521
-1040,-537
-972,-511
-968,-517
-952,-507
-924,-499
-920,-491
-920,-493
-860,-471
-920,-503
-964,-507
-904,-495
-1000,-523
-1024,-543
-984,-527
-1028,-545
-940,-495
-1008,-535
-988,-523
-880,-449
-792,-409
-864,-443
-936,-459
-948,-455
-956,-463
-872,-415
-992,-481
-916,-435
-864,-453
-912,-469
-968,-509
-1000,-541
-956,-523
-1064,-539
-972,-503
-1008,-503
-1004,-521
-976,-509
-976,-525
-964,-517
-980,-509
-1008,-513
-864,-469
-872,-465
-880,-417
-888,-387
-944,-467
-944,-501
-956,-517
-924,-491
-908,-485
-980,-513
-964,-511
-940,-495
-980,-517
-940,-503
-928,-487
-1012,-523
-976,-517
-972,-519
-1028,-535
-1000,-497
-820,-447
-840,-433
-888,-393
-900,-413
-860,-423
-888,-449
-956,-487
-900,-429
-876,-443
-916,-443
-868,-403
-876,-423
-828,-367
-868,-441
-872,-401
-864,-463
-968,-499
-984,-511
-948,-505
-920,-481
-880,-431
-944,-469
-916,-495
-924,-493
-956,-471
-884,-459
-956,-485
-968,-507
-900,-497
-960,-523
-992,-529
-984,-527
-988,-533
-1004,-527
-968,-519
-988,-527
-988,-517
-988,-525
-952,-505
-980,-487
-976,-507
-944,-491
-996,-507
-932,-497
-960,-491
-960,-505
-836,-429
-900,-479
-936,-477
-972,-515
-972,-477
-1036,-519
-884,-455
-968,-497
-876,-437
-844,-391
-832,-407
-884,-401
-864,-375
-888,-423
-824,-383
-776,-373
-844,-345
-904,-319
-832,-291
-820,-377
-900,-381
-948,-359
-868,-275
-812,-331
-896,-325
-864,-315
-860,-335
-860,-351
-904,-427
-928,-405
-928,-407
-884,-383
-808,-379
-812,-363
-800,-301
-772,-311
-908,-351
-900,-379
-876,-347
-940,-337
-896,-337
-788,-219
-776,-227
-788,-131
-804,-125
-784,-47
-784,63
-772,109
-736,57
-728,67
-792,51
-788,121
-828,131
-828,173
-832,137
-760,41
-840,53
-860,37
-816,113
-828,63
-832,109
-852,93
-872,155
-904,189
-848,183
-796,229
-852,233
-876,143
-876,139
-872,109
-832,133
-768,89
-720,-11
-676,3
-664,5
-760,-23
-756,-33
-856,-43
-832,-21
-844,7
-848,35
-796,79
-832,93
-736,83
-824,67
-852,83
-864,21
-776,39
-740,13
-796,-5
-812,-25
-772,-9
-808,-1
-792,31
-772,9
-644,-25
-736,9
-744,-5
-808,15
-804,-51
-728,-85
-756,-121
-820,-105
-784,-99
-824,-131
-780,-91
-764,-171
-772,-161
-720,-143
-780,-121
-868,-125
-816,-79
-788,-115
-784,-129
-744,-157
-820,-189
-884,-237
-820,-235
-800,-231
-832,-245
-812,-273
-804,-297
-844,-357
-856,-345
-848,-289
-884,-277
-888,-273
-888,-255
-900,-245
-856,-301
-832,-253
-920,-293
-804,-253
-872,-351
-832,-409
-860,-389
-792,-335
-848,-393
-812,-325
-896,-421
-916,-411
-948,-431
-1000,-477
-912,-449
-952,-493
-1028,-541
-1076,-567
-1104,-577
-1016,-537
-940,-497
-952,-507
-952,-415
-900,-421
-964,-509
-932,-497
-944,-499
-972,-519
-932,-485
-860,-453
-888,-413
-916,-487
-916,-465
-956,-473
-1000,-499
-1004,-507
-976,-505
-928,-405
-836,-429
-872,-427
-864,-413
-900,-381
-864,-421
-912,-497
-824,-437
-960,-483
-916,-447
-984,-475
-896,-447
-876,-483
-908,-491
-984,-523
-972,-513
-892,-487
-860,-469
-940,-469
-1000,-497
-1004,-481
-972,-501
-944,-485
-940,-477
-924,-471
-884,-445
-972,-495
-948,-489
-864,-425
-852,-435
-876,-447
-908,-455
-924,-467
-960,-493
-984,-529
-984,-515
-976,-527
-984,-501
-936,-479
-900,-487
-952,-485
-836,-427
-856,-429
-960,-489
-904,-439
-900,-431
-872,-387
-928,-429
-896,-415
-760,-377
-912,-453
-964,-491
-832,-437
-816,-381
-832,-357
-832,-385
-832,-379
-800,-401
-800,-365
-920,-421
-912,-445
-868,-425
-800,-411
-924,-445
-920,-489
-880,-455
-892,-451
-852,-373
-880,-385
-844,-401
-884,-447
-836,-417
-868,-417
-804,-435
-780,-367
-728,-265
-680,-181
-772,-261
-792,-327
-816,-403
-852,-395
-960,-449
-980,-503
-928,-463
-968,-459
-1020,-521
-1036,-519
-996,-517
-1000,-527
-1012,-537
-996,-525
-996,-523
-996,-513
-988,-507
-1040,-541
-968,-509
-916,-411
-864,-345
-880,-375
-868,-417
-916,-439
-832,-423
-884,-439
-892,-439
-928,-481
-1048,-531
-932,-499
-920,-459
-924,-447
-888,-417
-912,-447
-864,-429
-884,-429
-892,-415
-904,-357
-864,-357
-852,-369
-896,-391
-796,-291
-764,-287
-808,-311
-844,-299
-808,-253
-800,-243
-756,-187
-828,-187
-816,-209
-832,-147
-832,-289
-740,-247
-832,-265
-824,-227
-780,-237
-824,-311
-860,-369
-896,-401
-852,-333
-852,-333
-868,-379
-876,-357
-780,-307
-708,-271
-768,-291
-816,-335
-880,-349
-868,-353
-852,-277
-796,-269
-784,-269
-800,-237
-764,-227
-848,-247
-776,-231
-840,-341
-852,-413
-840,-373
-756,-319
-880,-357
-856,-367
-868,-423
-788,-351
-788,-347
-776,-251
-856,-277
-844,-277
-892,-323
-800,-305
-728,-275
-872,-411
-980,-495
-980,-491
-1004,-495
-1016,-519
-1016,-531
-952,-511
-1016,-539
-988,-533
-928,-499
-1020,-531
-916,-497
-928,-465
-900,-475
-848,-435
-864,-409
-948,-437
-928,-435
-860,-421
-880,-377
-860,-415
-804,-369
-824,-383
-740,-319
-768,-333
-916,-425
-900,-405
-904,-437
-928,-479
-884,-455
-832,-441
-840,-399
-824,-413
-864,-411
-788,-385
-852,-391
-856,-367
-892,-421
-836,-383
-812,-385
-740,-287
-796,-301
-800,-311
-740,-269
-776,-265
-840,-259
-816,-281
-872,-343
-900,-353
-840,-309
-828,-293
-888,-361
-892,-379
-896,-403
-848,-337
-868,-339
-864,-317
-864,-307
-840,-315
-872,-297
-884,-351
-864,-373
-904,-433
-892,-421
-948,-475
-892,-435
-900,-443
-928,-457
-944,-461
-952,-457
-1036,-529
-1080,-561
-1092,-567
-1024,-541
-968,-517
-924,-475
-956,-515
-952,-493
-988,-483
-1000,-499
-880,-463
-840,-423
-964,-487
-952,-477
-888,-471
-880,-477
-880,-437
-840,-427
-860,-415
-896,-391
-892,-383
-908,-409
-940,-431
-964,-493
-904,-445
-844,-367
-840,-393
-928,-395
-928,-409
-972,-451
-948,-383
-836,-291
-800,-309
-728,-293
-792,-359
-724,-357
-860,-443
-812,-345
-796,-333
-840,-401
-872,-413
-800,-399
-856,-399
-984,-493
-1008,-533
-1008,-533
-928,-465
-1016,-511
-976,-517
-916,-485
-1008,-521
-1052,-533
-1008,-527
-1036,-545
-928,-509
-1012,-535
-1004,-533
-972,-515
-1056,-547
-920,-479
-948,-471
-888,-443
-888,-441
-860,-441
-980,-517
-1032,-539
-1060,-553
-988,-529
-1000,-517
-928,-475
-944,-487
-916,-455
-924,-485
-960,-493
-912,-453
-928,-475
-888,-457
-916,-479
-956,-475
-988,-515
-912,-465
-932,-491
-920,-493
-916,-477
-972,-503
-936,-469
-936,-513
-900,-453
-936,-461
-1004,-477
-928,-477
-996,-505
-1052,-553
-1052,-557
-1012,-541
-1028,-543
-972,-529
-988,-537
-972,-531
-1032,-537
-1048,-543
-1008,-537
-1024,-535
-1060,-557
-1092,-575
-968,-511
-924,-475
-996,-525
-920,-473
-916,-441
-928,-475
-1020,-527
-1036,-549
-1036,-553
-828,-463
-856,-441
-956,-475
-928,-495
-836,-447
-792,-387
-816,-375
-884,-403
-900,-375
-896,-413
-868,-397
-848,-379
-872,-399
-864,-393
-960,-455
-944,-429
-968,-447
-852,-385
-840,-343
-804,-323
-768,-319
-840,-345
-792,-359
-860,-371
-864,-447
-900,-447
-920,-457
-924,-479
-912,-467
-996,-505
-944,-459
-976,-485
-1064,-547
-1076,-551
-1016,-517
-1016,-525
-960,-509
-884,-451
-948,-501
-940,-485
-904,-461
-916,-475
-924,-491
-948,-499
-924,-471
-904,-453
-900,-425
-900,-457
-888,-455
-908,-459
-920,-481
-976,-503
-972,-491
-1024,-533
-928,-499
-952,-521
-992,-541
-956,-523
-972,-513
-992,-523
-1008,-525
-972,-519
-996,-525
-848,-491
-928,-501
-864,-487
-832,-427
-828,-419
-820,-431
-860,-429
-840,-443
-920,-451
-896,-467
-892,-421
-956,-449
-868,-385
-880,-419
-900,-421
-896,-413
-996,-493
-992,-521
-1060,-549
-1012,-507
-948,-497
-940,-477
-936,-443
-940,-439
-888,-435
-856,-365
-852,-399
-960,-487
-1028,-505
-936,-491
-892,-421
-892,-457
-964,-511
-948,-467
-908,-449
-968,-505
-972,-485
-932,-467
-872,-467
-900,-477
-884,-467
-1008,-529
-956,-505
-948,-497
-964,-517
-1004,-527
-1012,-527
-992,-529
-936,-473
-944,-493
-996,-493
-964,-485
-960,-495
-1020,-535
-988,-513
-888,-393
-888,-441
-900,-471
-876,-467
-888,-419
-808,-423
-864,-451
-788,-399
-896,-437
-952,-507
-1072,-523
-972,-479
-916,-465
-1016,-511
-920,-485
-912,-487
-908,-507
-904,-491
-996,-533
-992,-511
-992,-539
-972,-501
-956,-507
-1004,-491
-992,-509
-952,-501
-964,-501
-992,-509
-936,-485
-1008,-533
-964,-521
-948,-499
-932,-501
-908,-497
-876,-461
-968,-489
-852,-403
-836,-369
-868,-371
-888,-439
-900,-461
-976,-491
-952,-499
-904,-431
-804,-337
-868,-417
-1000,-481
-892,-409
-888,-401
-816,-345
-860,-399
-872,-397
-936,-445
-932,-463
-924,-439
-952,-393
-968,-405
-968,-443
-968,-439
-924,-435
-924,-443
-944,-453
-992,-479
-956,-441
-904,-381
-924,-399
-1004,-447
-916,-477
-920,-495
-936,-493
-1012,-539
-992,-527
-1040,-531
-1012,-519
-1044,-539
-896,-461
-996,-499
-960,-509
-896,-485
-1000,-517
-1032,-531
-980,-491
-824,-405
-824,-415
-852,-435
-924,-437
-944,-409
-952,-429
-856,-411
-824,-383
-808,-369
-840,-381
-776,-315
-864,-383
-812,-373
-888,-379
-904,-409
-884,-403
-880,-351
-852,-385
-836,-411
-876,-451
-896,-447
-800,-431
-876,-485
-952,-499
-916,-463
-888,-427
-828,-385
-904,-413
-864,-463
-840,-445
-908,-483
-948,-497
-960,-511
-996,-535
-968,-479
-1008,-523
-908,-473
-1012,-531
-908,-475
-960,-495
-928,-465
-964,-489
-1000,-517
-988,-515
-968,-517
-820,-433
-824,-373
-800,-277
-848,-341
-852,-409
-952,-465
-948,-457
-956,-473
-904,-433
-948,-445
-884,-459
-892,-475
-920,-487
-944,-517
-928,-491
-936,-471
-848,-451
-936,-467
-996,-519
-1024,-521
-964,-491
-1008,-503
-932,-499
-996,-533
-1012,-537
-988,-527
-1008,-517
-888,-445
-968,-411
-856,-379
-876,-399
-908,-403
-852,-337
-844,-327
-816,-287
-812,-287
-864,-357
-836,-311
-860,-341
-864,-291
-860,-269
-868,-257
-864,-277
-876,-265
-876,-285
-900,-307
-896,-291
-804,-305
-812,-257
-836,-245
-856,-161
-756,-183
-856,-97
-780,-143
-740,-121
-716,-113
-788,-183
-848,-197
-784,-191
-776,-243
-832,-199
-828,-227
-784,-173
-740,-169
-772,-145
-704,-41
-772,9
-816,49
-756,19
-720,75
-752,137
-764,177
-760,205
-836,281
-872,337
-872,339
-840,349
-892,381
-832,383
-848,381
-912,453
-820,433
-788,413
-960,497
-884,445
-832,431
-872,419
-872,343
-784,317
-808,303
-944,325
-852,261
-832,317
-860,383
-860,411
-892,423
-912,463
-864,427
-964,487
-816,437
-900,485
-940,509
-944,503
-980,525
-928,497
-872,479
-968,517
-960,507
-908,483
-900,459
-976,501
-960,517
-1000,531
-1048,549
-1056,557
-1044,551
-1028,543
-916,485
-884,419
-992,475
-988,469
-948,445
-884,411
-912,387
-916,337
-904,307
-916,379
-860,339
-788,317
-748,209
-780,301
-828,331
-832,325
-800,331
-800,369
-812,405
-840,373
-812,369
-868,423
-928,471
-916,493
-940,493
-1000,471
-908,429
-900,455
-820,417
-984,501
-900,471
-924,489
-948,493
-932,481
-992,527
-940,513
-936,511
-972,525
-916,455
-980,493
-992,479
-932,477
-888,441
-816,417
-900,435
-872,387
-820,347
-820,353
-832,375
-888,367
-804,291
-744,269
-700,229
-756,215
-760,207
-764,271
-816,297
-764,277
-784,189
-872,189
-820,201
-768,171
-792,149
-828,159
-844,205
-816,173
-856,151
-812,91
-744,-23
-820,-33
-832,5
-808,-65
-796,-95
-860,-127
-884,-113
-796,-149
-744,-117
-776,-121
-764,-69
-784,-69
-716,-153
-752,-181
-824,-181
-856,-201
-856,-219
-828,-249
-828,-293
-816,-325
-828,-309
-804,-267
-824,-307
-716,-289
-812,-329
-848,-317
-716,-345
-776,-307
-796,-293
-800,-321
-784,-345
-884,-449
-912,-475
-876,-455
-928,-465
-896,-455
-956,-499
-1020,-539
-1000,-523
-972,-515
-976,-511
-1048,-553
-964,-519
-992,-495
-880,-389
-956,-393
-900,-351
-900,-357
-912,-357
-860,-385
-916,-441
-844,-433
-876,-441
-848,-415
-844,-395
-864,-447
-908,-477
-944,-495
-1012,-537
-968,-525
-1008,-523
-980,-513
-1000,-521
-980,-515
-1016,-529
-1040,-551
-984,-511
-960,-485
-940,-463
-964,-479
-976,-487
-972,-495
-964,-515
-928,-491
-900,-447
-892,-431
-904,-463
-912,-473
-824,-435
-916,-457
-920,-419
-848,-423
-912,-471
-932,-485
-772,-383
-820,-423
-880,-429
-872,-417
-920,-415
-920,-417
-892,-365
-940,-367
-920,-327
-868,-337
-860,-337
-896,-367
-940,-385
-872,-341
-800,-295
-844,-311
-984,-417
-928,-397
-856,-419
-832,-371
-860,-389
-796,-347
-912,-407
-940,-397
-856,-283
-868,-241
-840,-289
-836,-273
-864,-231
-764,-175
-792,-141
-776,-101
-712,-69
-716,-109
-736,-97
-740,-55
-828,-71
-832,-61
-840,-65
-736,-71
-768,-67
-800,-17
-788,63
-840,91
-768,163
-776,171
-800,259
-872,337
-924,377
-892,377
-752,289
-800,331
-880,375
-900,419
-984,455
-880,433
-872,433
-912,457
-928,475
-1012,523
-1040,557
-1048,553
-1004,525
-1044,539
-996,513
-960,503
-968,503
-932,471
-956,497
-904,451
-956,449
-868,445
-840,409
-916,489
-920,483
-1000,501
-992,509
-1020,535
-1068,563
-992,539
-1012,547
-1024,545
-1012,545
-1040,535
-992,509
-972,521
-952,507
-976,481
-912,443
-948,469
-976,487
-1052,551
-1008,535
-932,499
-968,487
-940,487
-928,467
-948,495
-920,449
-968,463
-916,433
-888,451
-944,479
-884,469
-844,429
-860,451
-920,469
-992,501
-972,513
-948,503
-964,507
-988,523
-972,503
-1024,535
-1084,557
-924,511
-1004,547
-1052,559
-1036,549
-1000,531
-976,533
-916,493
-972,495
-908,483
-900,471
-976,503
-944,471
-876,443
-848,375
-856,359
-852,371
-816,313
-724,235
-800,235
-816,257
-816,235
-800,199
-916,197
-864,199
-880,141
-820,179
-844,207
-944,287
-916,245
-872,343
-888,285
-876,279
-852,313
-932,433
-904,481
-960,509
-952,513
-940,505
-1044,547
-1068,547
-984,529
-900,491
-900,461
-888,457
-900,455
-844,405
-908,397
-820,349
-804,335
-876,341
-840,277
-856,307
-832,281
-864,319
-812,319
-804,325
-876,385
-852,393
-892,441
-824,355
-904,395
-964,479
-844,415
-884,413
-836,387
-844,381
-852,369
-824,307
-836,255
-708,249
-720,239
-772,275
-804,297
-876,351
-952,419
-956,511
-980,527
-1104,575
-1052,525
-988,503
-920,489
-928,437
-868,361
-848,345
-896,305
-936,341
-864,303
-852,349
-868,403
-912,451
-884,461
-972,491
-960,503
-1028,539
-976,497
-852,419
-840,437
-864,439
-992,489
-940,459
-968,497
-1028,545
-992,515
-984,517
-904,443
-948,491
-896,439
-936,473
-964,519
-1008,533
-1008,533
-960,483
-920,471
-912,483
-992,517
-1080,541
-1084,559
-964,519
-972,493
-976,523
-944,515
-932,497
-1012,529
-968,511
-1032,549
-928,501
-1000,491
-948,469
-964,501
-996,515
-940,471
-972,493
-1024,519
-872,471
-844,435
-748,367
-736,407
-848,457
-808,421
-860,451
-892,463
-996,477
-916,441
-936,451
-944,421
-904,425
-876,363
-848,319
-904,375
-832,321
-872,355
-828,367
-872,351
-876,293
-880,289
-852,283
-840,251
-832,307
-780,339
-844,343
-860,315
-796,303
-860,361
-792,317
-832,269
-808,243
-848,217
-876,197
-824,165
-780,83
-800,17
-796,49
-804,-9
-824,-9
-804,-55
-828,-89
-788,-83
-784,-143
-768,-117
-736,-135
-724,-241
-756,-277
-752,-297
-760,-277
-836,-283
-872,-267
-908,-333
-900,-289
-944,-311
-960,-309
-944,-313
-904,-297
-940,-271
-908,-273
-852,-231
-744,-253
-800,-257
-852,-317
-808,-307
-876,-281
-780,-183
-752,-109
-748,-173
-820,-233
-848,-299
-836,-283
-816,-255
-780,-153
-792,-69
-756,-29
-784,-53
-796,-65
-776,-155
-828,-191
-804,-181
-764,-221
-844,-251
-836,-203
-792,-221
-852,-257
-884,-271
-864,-291
-884,-293
-820,-289
-808,-293
-824,-309
-840,-369
-844,-361
-800,-393
-760,-363
-832,-385
-792,-365
-832,-421
-888,-457
-932,-491
-1008,-529
-1064,-553
-892,-465
-856,-433
-836,-325
-916,-433
-964,-491
-1068,-555
-1036,-553
-904,-465
-1020,-537
-1004,-521
-872,-459
-852,-445
-1024,-489
-948,-469
-960,-483
-916,-475
-944,-505
-904,-485
-944,-495
-1008,-515
-1020,-543
-960,-525
-916,-465
-1000,-533
-1032,-545
-1028,-525
-1040,-535
-1120,-565
-1060,-541
-1028,-503
-1060,-539
-888,-459
-912,-455
-860,-439
-984,-505
-1024,-541
-1004,-521
-908,-487
-852,-465
-1012,-523
-916,-477
-1016,-533
-928,-505
-900,-475
-924,-485
-940,-485
-960,-503
-948,-505
-860,-443
-860,-449
-956,-511
-936,-509
-924,-489
-800,-363
-748,-253
-796,-313
-764,-305
-844,-337
-848,-353
-808,-321
-800,-303
-836,-279
-836,-279
-880,-309
-944,-281
-884,-281
-848,-309
-912,-333
-884,-387
-908,-461
-1020,-531
-1008,-521
-992,-509
-820,-415
-812,-393
-928,-461
-976,-493
-860,-429
-888,-477
-992,-517
-916,-479
-864,-449
-884,-455
-900,-423
-836,-379
-868,-401
-876,-405
-924,-391
-992,-445
-956,-413
-1008,-475
-980,-479
-964,-471
-984,-511
-1004,-503
-1016,-523
-944,-463
-956,-509
-904,-483
-968,-499
-924,-481
-944,-471
-916,-455
-984,-487
-892,-451
-940,-495
-980,-521
-948,-519
-992,-515
-968,-513
-908,-459
-920,-489
-984,-507
-932,-483
-928,-469
-944,-445
-944,-491
-988,-517
-1060,-557
-1084,-561
-1012,-521
-992,-511
-1012,-535
-988,-513
-1048,-555
-944,-503
-912,-505
-900,-473
-956,-495
-1024,-529
-1012,-531
-1040,-519
-1004,-497
-992,-493
-928,-457
-944,-473
-904,-489
-928,-495
-944,-515
-916,-471
-900,-475
-976,-497
-1048,-529
-1048,-559
-1028,-547
-1020,-539
-1060,-561
-964,-515
-1008,-531
-1004,-525
-952,-503
-900,-483
-892,-423
-840,-417
-888,-433
-888,-433
-868,-431
-804,-427
-920,-485
-1020,-527
-980,-513
-1020,-523
-1020,-539
-1092,-567
-1052,-541
-1008,-543
-992,-531
-968,-511
-996,-503
-984,-473
-904,-433
-892,-423
-952,-449
-888,-431
-904,-469
-904,-459
-904,-457
-988,-493
-1004,-519
-916,-469
-948,-469
-872,-419
-932,-431
-844,-339
-908,-379
-972,-375
-992,-385
-932,-383
-964,-349
-952,-391
-968,-337
-868,-291
-824,-269
-860,-311
-852,-271
-932,-345
-868,-349
-860,-339
-852,-353
-952,-353
-908,-369
-904,-423
-820,-349
-860,-353
-816,-351
-788,-317
-764,-341
-852,-389
-832,-421
-908,-443
-904,-439
-960,-449
-956,-493
-952,-491
-924,-471
-852,-419
-864,-433
-912,-463
-940,-471
-960,-481
-900,-479
-876,-465
-888,-445
-892,-465
-884,-437
-860,-387
-964,-465
-944,-465
-1004,-515
-1084,-559
-976,-523
-936,-499
-964,-517
-948,-497
-936,-513
-944,-503
-956,-473
-996,-495
-952,-499
-920,-471
-920,-477
-960,-491
-1016,-519
-1004,-525
-908,-469
-864,-453
-912,-451
-868,-405
-880,-399
-904,-419
-844,-383
-780,-313
-816,-329
-788,-325
-724,-325
-824,-365
-844,-357
-800,-325
-788,-269
-816,-247
-880,-319
-812,-287
-852,-281
-896,-367
-832,-431
-792,-361
-784,-311
-852,-361
-904,-407
-940,-449
-964,-455
-960,-475
-976,-493
-1040,-533
-1056,-547
-1068,-565
-968,-507
-860,-471
-788,-411
-800,-417
-820,-435
-872,-427
-864,-459
-872,-471
-884,-463
-1012,-521
-964,-513
-944,-489
-924,-469
-924,-449
-1004,-505
-900,-487
-948,-493
-1100,-569
-960,-501
-1048,-543
-904,-485
-980,-487
-908,-477
-908,-465
-844,-467
-1012,-531
-968,-533
-976,-523
-916,-481
-860,-461
-888,-457
-972,-493
-976,-495
-980,-485
-988,-459
-960,-479
-964,-507
-956,-479
-944,-475
-980,-509
-976,-493
-872,-463
-808,-405
-812,-369
-912,-409
-904,-433
-936,-451
-796,-383
-864,-427
-908,-453
-856,-449
-992,-537
-944,-517
-1040,-561
-1000,-521
-956,-481
-992,-455
-948,-465
-912,-451
-892,-459
-792,-407
-864,-465
-896,-477
-868,-481
-920,-491
-840,-455
-1032,-517
-1020,-523
-968,-505
-864,-445
-816,-421
-856,-395
-940,-429
-892,-411
-944,-447
-908,-475
-924,-475
-968,-481
-880,-423
-884,-447
-924,-463
-912,-477
-896,-447
-840,-389
-836,-407
-908,-441
-932,-457
-972,-493
-964,-507
-944,-499
-952,-499
-1044,-537
-1016,-533
-1004,-525
-988,-509
-976,-497
-980,-501
-972,-497
-1060,-537
-1108,-553
-960,-499
-956,-467
-948,-489
-956,-497
-956,-497
-936,-493
-928,-497
-844,-451
-824,-403
-872,-377
-916,-383
-892,-371
-864,-393
-928,-391
-892,-389
-896,-409
-828,-417
-864,-429
-888,-447
-1004,-471
-896,-431
-884,-437
-896,-425
-928,-459
-944,-491
-920,-481
-948,-447
-928,-429
-980,-475
-984,-471
-948,-485
-904,-455
-836,-451
-904,-461
-932,-485
-1016,-537
-984,-503
-996,-515
-1008,-497
-916,-477
-944,-465
-1016,-519
-984,-515
-964,-493
-1024,-529
-1068,-533
-1036,-541
-988,-533
-964,-499
-940,-507
-1028,-543
-968,-521
-848,-443
-956,-445
-968,-375
-924,-363
-956,-427
-1016,-445
-932,-385
-856,-321
-908,-425
-928,-455
-1000,-501
-1052,-533
-1044,-531
-988,-507
-1032,-529
-1024,-533
-1020,-535
-1016,-537
-920,-485
-956,-499
-896,-455
-952,-487
-924,-485
-964,-513
-952,-505
-964,-501
-960,-501
-936,-507
-916,-473
-892,-469
-1004,-543
-1028,-545
-964,-533
-936,-495
-924,-507
-912,-483
-900,-457
-896,-455
-888,-471
-816,-437
-868,-435
-900,-423
-892,-399
-848,-393
-900,-423
-884,-437
-920,-411
-892,-375
-948,-357
-952,-383
-816,-319
-844,-339
-904,-353
-800,-357
-808,-341
-800,-343
-816,-359
-912,-411
-868,-393
-912,-423
-944,-429
-960,-455
-948,-489
-840,-445
-876,-435
-824,-383
-808,-325
-892,-357
-892,-389
-864,-315
-844,-267
-916,-321
-872,-303
-900,-357
-896,-361
-836,-357
-904,-353
-844,-301
-896,-291
-860,-255
-840,-263
-800,-293
-816,-323
-892,-365
-884,-337
-836,-339
-832,-363
-884,-357
-788,-247
-828,-275
-844,-265
-788,-245
-796,-303
-844,-319
-844,-343
-888,-313
-792,-317
-832,-367
-824,-339
-896,-349
-904,-377
-952,-413
-836,-357
-796,-313
-760,-271
-840,-331
-852,-311
-916,-383
-900,-357
-828,-265
-828,-217
-752,-229
-772,-251
-768,-237
-756,-251
-800,-285
-816,-301
-748,-175
-812,-193
-824,-161
-820,-97
-808,-73
-792,35
-776,71
-780,111
-844,95
-816,141
-828,131
-804,143
-808,103
-940,85
-904,129
-808,147
-888,91
-888,81
-892,47
-796,35
-752,51
-820,73
-780,41
-756,13
-816,5
-812,-83
-812,-17
-724,-65
-760,-159
-776,-153
-788,-119
-812,-131
-884,-233
-804,-237
-820,-251
-900,-277
-840,-315
-844,-329
-876,-307
-744,-241
-832,-293
-808,-279
-804,-235
-840,-275
-896,-265
-864,-275
-832,-245
-844,-201
-896,-191
-808,-151
-788,-177
-872,-231
-880,-239
-892,-251
-940,-233
-888,-283
-848,-257
-900,-267
-880,-331
-804,-355
-848,-357
-908,-391
-880,-413
-856,-409
-900,-417
-964,-477
-884,-467
-860,-437
-892,-447
-872,-403
-836,-375
-892,-377
-916,-385
-892,-377
-844,-365
-808,-325
-832,-309
-848,-339
-900,-313
-788,-261
-856,-327
-816,-337
-804,-309
-852,-337
-852,-355
-848,-315
-816,-297
-856,-261
-808,-271
-820,-311
-936,-365
-900,-349
-880,-371
-848,-343
-852,-339
-860,-379
-960,-447
-940,-429
-932,-457
-992,-505
-1000,-513
-972,-495
-1012,-505
-840,-381
-884,-373
-828,-343
-916,-371
-896,-395
-872,-417
-892,-431
-864,-431
-868,-439
-972,-505
-868,-465
-916,-471
-940,-505
-956,-513
-920,-483
-896,-467
-972,-501
-840,-411
-856,-461
-1032,-527
-944,-501
-1020,-529
-1012,-525
-948,-499
-984,-521
-980,-523
-1016,-547
-932,-499
-928,-503
-984,-527
-1008,-533
-904,-475
-960,-499
-928,-479
-972,-529
-980,-527
-912,-493
-952,-497
-972,-493
-968,-503
-1016,-519
-1060,-559
-964,-503
-904,-443
-928,-491
-1064,-557
-1016,-527
-1000,-527
-948,-501
-936,-475
-920,-465
-908,-473
-968,-475
-892,-413
-968,-397
-912,-367
-944,-319
-852,-287
-868,-321
-844,-343
-824,-305
-796,-277
-884,-371
-884,-399
-876,-417
-848,-377
-784,-353
-832,-359
-888,-411
-896,-419
-816,-369
-768,-331
-864,-369
-852,-283
-808,-221
-856,-225
-820,-309
-824,-297
-872,-367
-860,-343
-888,-335
-840,-349
-876,-397
-856,-329
-796,-269
-788,-269
-760,-207
-824,-231
-844,-279
-764,-215
-748,-157
-828,-233
-804,-187
-720,-151
-816,-153
-796,-175
-836,-223
-816,-197
-804,-173
-820,-155
-752,-159
-792,-139
-712,-185
-700,-181
-692,-145
-784,-231
-792,-271
-748,-259
-768,-245
-768,-233
-752,-241
-740,-205
-708,-185
-780,-179
-764,-101
-792,-83
-728,-87
-644,15
-716,45
-648,63
-668,117
-644,73
-748,-17
-772,3
-748,-11
-684,37
-716,29
-720,37
-704,-43
-712,13
-660,89
-712,111
-720,87
-752,171
-724,89
-840,61
-872,25
-788,19
-812,51
-784,75
-772,47
-816,-23
-812,-59
-828,-115
-828,-129
-852,-137
-856,-153
-840,-109
-760,-131
-828,-221
-864,-287
-820,-311
-796,-271
-768,-257
-816,-247
-848,-243
-840,-183
-768,-97
-824,-93
-796,-25
-776,-73
-848,-107
-788,-89
-824,-81
-836,-75
-900,-93
-792,-111
-828,-149
-788,-143
-756,-187
-816,-301
-912,-425
-868,-439
-872,-457
-780,-397
-860,-417
-872,-383
-892,-395
-928,-455
-928,-477
-980,-479
-1028,-527
-960,-509
-1072,-551
-1048,-549
-1012,-519
-948,-503
-840,-475
-996,-531
-940,-493
-1008,-537
-1028,-553
-1000,-513
-996,-507
-936,-493
-936,-469
-872,-411
-788,-343
-772,-305
-784,-177
-772,-239
-776,-189
-828,-185
-856,-139
-896,-229
-924,-243
-908,-273
-892,-325
-872,-311
-876,-359
-812,-317
-872,-367
-908,-381
-888,-385
-840,-353
-848,-299
-880,-289
-784,-251
-828,-247
-852,-195
-816,-205
-824,-221
-824,-193
-812,-81
-840,-47
-732,-89
-812,-183
-836,-195
-884,-267
-848,-305
-864,-321
-864,-351
-760,-325
-772,-259
-684,-147
-708,-139
-732,-139
-712,-79
-740,-115
-760,-33
-736,-17
-820,17
-808,29
-736,63
-800,-23
-828,-65
-848,-109
-880,-133
-868,-131
-816,-105
-816,-87
-824,-111
-812,-63
-792,-67
-748,-99
-760,-85
-880,-15
-792,-17
-784,-55
-820,-143
-772,-157
-844,-177
-876,-183
-828,-211
-828,-203
-892,-249
-876,-287
-840,-249
-848,-257
-752,-233
-800,-287
-800,-289
-856,-357
-912,-343
-944,-343
-932,-377
-852,-327
-844,-309
-800,-325
-916,-367
-924,-429
-1012,-451
-968,-433
-968,-417
-908,-399
-876,-391
-852,-369
-892,-385
-796,-391
-820,-353
-840,-391
-800,-371
-832,-315
-780,-295
-772,-295
-836,-383
-916,-375
-856,-351
-788,-261
-840,-303
-728,-257
-752,-273
-756,-265
-788,-247
-840,-261
-780,-327
-792,-309
-724,-233
-728,-177
-720,-173
-700,-119
-732,-153
-840,-181
-788,-151
-796,-223
-780,-237
-732,-201
-660,-149
-712,-251
-720,-239
-744,-273
-748,-239
-684,-239
-724,-255
-768,-267
-740,-213
-696,-169
-732,-189
-752,-109
-828,-77
-816,-77
-788,-59
-788,-33
-736,-5
-680,9
-708,25
-744,59
-712,33
-752,-11
-736,61
-744,75
-852,53
-820,67
-868,41
-864,-17
-756,-23
-740,-73
-744,-99
-780,-81
-712,-165
-756,-177
-836,-307
-964,-407
-932,-383
-828,-369
-848,-355
-856,-361
-820,-363
-888,-403
-832,-431
-916,-467
-936,-501
-832,-453
-788,-385
-748,-383
-848,-393
-872,-385
-900,-429
-836,-409
-888,-427
-868,-407
-960,-443
-920,-439
-852,-359
-860,-383
-960,-383
-948,-405
-928,-425
-948,-451
-1016,-503
-956,-443
-1020,-471
-1012,-467
-1004,-463
-936,-389
-856,-343
-824,-357
-872,-337
-836,-341
-792,-339
-816,-291
-808,-243
-840,-173
-852,-203
-756,-197
-716,-283
-748,-303
-860,-265
-796,-215
-756,-177
-740,-251
-812,-287
-864,-343
-952,-421
-944,-469
-976,-511
-1008,-531
-892,-475
-1012,-519
-960,-495
-936,-505
-1032,-535
-944,-499
-984,-509
-884,-421
-856,-459
-948,-495
-892,-455
-920,-447
-828,-375
-804,-337
-940,-385
-900,-357
-864,-301
-724,-243
-844,-285
-852,-307
-984,-359
-928,-363
-872,-313
-820,-283
-824,-277
-840,-281
-860,-319
-928,-363
-972,-357
-864,-339
-848,-355
-852,-329
-792,-303
-848,-299
-816,-245
-792,-303
-828,-335
-832,-333
-880,-363
-836,-345
-788,-327
-884,-327
-836,-351
-860,-329
-892,-369
-868,-371
-836,-317
-820,-327
-848,-331
-932,-369
-864,-389
-892,-409
-952,-441
-908,-447
-860,-415
-960,-445
-880,-425
-840,-425
-840,-427
-860,-429
-836,-417
-860,-355
-924,-395
-896,-419
-916,-453
-900,-477
-940,-477
-876,-471
-916,-493
-972,-517
-988,-525
-1004,-523
-1000,-505
-960,-521
-992,-535
-968,-527
-884,-495
-928,-483
-812,-431
-924,-495
-940,-501
-980,-517
-952,-495
-992,-529
-964,-513
-936,-491
-976,-527
-1012,-525
-992,-539
-852,-449
-888,-469
-948,-493
-864,-429
-924,-477
-840,-429
-876,-449
-868,-413
-988,-449
-904,-389
-928,-449
-956,-453
-916,-455
-884,-439
-908,-461
-888,-443
-964,-463
-888,-473
-904,-477
-992,-511
-956,-495
-908,-419
-924,-387
-880,-395
-824,-401
-892,-401
-916,-361
-880,-375
-864,-421
-780,-371
-908,-465
-852,-423
-876,-399
-856,-393
-824,-429
-868,-479
-936,-489
-984,-511
-1024,-527
-908,-487
-984,-513
-916,-487
-892,-459
-920,-467
-876,-433
-936,-453
-912,-439
-892,-431
-952,-481
-948,-469
-968,-451
-960,-473
-1016,-485
-960,-489
-1024,-523
-988,-509
-976,-503
-948,-495
-868,-467
-940,-489
-916,-491
-972,-483
-924,-463
-956,-481
-924,-487
-924,-493
-944,-481
-928,-459
-832,-413
-1000,-463
-996,-489
-972,-479
-940,-471
-872,-409
-1016,-477
-980,-473
-976,-475
-1000,-517
-1020,-537
-840,-465
-872,-455
-884,-467
-852,-365
-824,-349
-952,-349
-832,-287
-764,-173
-792,-123
-816,-33
-840,-57
-840,-29
-896,-29
-848,-39
-816,-39
-816,-11
-820,-95
-776,-195
-776,-209
-816,-157
-896,-191
-780,-213
-876,-233
-792,-257
-844,-305
-812,-241
-848,-205
-808,-177
-776,-255
-752,-301
-784,-289
-892,-335
-808,-359
-832,-399
-820,-373
-816,-363
-856,-317
-792,-299
-876,-347
-820,-319
-756,-285
-784,-317
-852,-409
-848,-453
-844,-441
-896,-441
-940,-447
-844,-415
-864,-441
-996,-477
-996,-497
-1060,-541
-1060,-549
-1084,-557
-932,-503
-956,-495
-960,-525
-824,-451
-884,-475
-880,-473
-940,-493
-964,-499
-968,-515
-1000,-533
-1040,-553
-1012,-529
-1052,-547
-1044,-545
-1000,-523
-1004,-521
-1052,-547
-1020,-533
-908,-473
-992,-515
-1032,-541
-960,-517
-884,-451
-952,-477
-916,-427
-924,-469
-912,-423
-896,-411
-840,-383
-840,-377
-872,-389
-816,-337
-952,-419
-848,-365
-980,-433
-1004,-443
-988,-475
-1012,-471
-960,-453
-1044,-547
-968,-519
-968,-509
-960,-489
-904,-477
-852,-439
-892,-445
-852,-441
-904,-465
-888,-427
-936,-473
-932,-449
-868,-423
-884,-469
-884,-473
-936,-501
-864,-463
-808,-415
-912,-447
-936,-467
-948,-485
-908,-469
-892,-467
-900,-471
-928,-491
-960,-491
-888,-459
-928,-457
-904,-443
-872,-415
-856,-445
-904,-487
-884,-459
-944,-493
-984,-521
-888,-475
-940,-495
-952,-507
-1000,-525
-980,-503
-924,-471
-824,-425
-856,-429
-972,-515
-876,-449
-956,-459
-1004,-475
-920,-441
-976,-461
-936,-489
-972,-509
-952,-515
-984,-521
-1000,-505
-960,-511
-996,-535
-1060,-553
-996,-509
-796,-405
-856,-421
-876,-393
-904,-375
-948,-467
-904,-443
-872,-435
-928,-473
-916,-457
-932,-477
-860,-399
-856,-387
-756,-303
-708,-301
-804,-345
-824,-361
-864,-397
-888,-395
-872,-433
-876,-435
-792,-391
-876,-463
-1044,-557
-956,-513
-996,-521
-1064,-547
-1000,-521
-940,-481
-944,-477
-924,-475
-1028,-553
-1052,-529
-976,-517
-992,-503
-1004,-529
-1016,-519
-908,-475
-896,-455
-956,-429
-976,-423
-912,-401
-928,-417
-900,-425
-924,-439
-888,-401
-844,-349
-836,-377
-868,-427
-868,-441
-920,-477
-952,-485
-940,-499
-1024,-505
-956,-495
-904,-473
-784,-403
-840,-413
-884,-421
-916,-411
-848,-423
-908,-429
-948,-407
-880,-381
-844,-345
-876,-347
-884,-333
-780,-303
-864,-415
-932,-437
-852,-413
-828,-401
-904,-427
-968,-433
-916,-413
-900,-421
-852,-381
-824,-393
-772,-307
-828,-349
-824,-325
-872,-313
-872,-377
-876,-383
-844,-329
-880,-347
-896,-361
-836,-349
-740,-293
-744,-367
-828,-371
-856,-393
-940,-431
-988,-441
-944,-445
-932,-381
-932,-365
-900,-415
-984,-489
-928,-479
-940,-499
-900,-461
-876,-459
-876,-441
-916,-465
-876,-473
-856,-383
-904,-349
-828,-263
-872,-345
-832,-377
-932,-427
-864,-421
-940,-451
-956,-459
-848,-451
-900,-479
-940,-485
-840,-407
-952,-479
-900,-461
-940,-477
-900,-457
-872,-409
-844,-367
-920,-359
-860,-385
-876,-407
-872,-427
-912,-423
-944,-457
-840,-405
-924,-463
-912,-453
-904,-483
-976,-495
-976,-513
-1000,-531
-1024,-521
-912,-439
-860,-417
-852,-383
-840,-347
-932,-443
-936,-459
-912,-435
-932,-443
-900,-447
-856,-433
-848,-395
-920,-415
-896,-405
-900,-407
-868,-359
-844,-325
-920,-357
-872,-297
-884,-289
-824,-291
-884,-275
-808,-181
-776,-161
-816,-187
-788,-317
-736,-305
-764,-277
-864,-329
-720,-263
-788,-331
-916,-439
-880,-401
-808,-383
-836,-339
-780,-265
-872,-371
-888,-403
-908,-433
-876,-409
-816,-385
-864,-435
-848,-435
-948,-499
-1044,-541
-1016,-517
-888,-459
-900,-477
-976,-511
-992,-523
-940,-475
-892,-479
-852,-465
-824,-439
-908,-465
-916,-451
-968,-497
-932,-485
-932,-499
-984,-507
-872,-453
-860,-415
-840,-405
-948,-443
-1008,-523
-956,-495
-940,-489
-1024,-527
-972,-507
-916,-491
-960,-479
-864,-425
-900,-461
-912,-465
-892,-449
-956,-471
-924,-475
-960,-457
-932,-451
-940,-435
-952,-403
-924,-437
-908,-451
-828,-357
-864,-325
-884,-351
-884,-377
-880,-395
-808,-353
-936,-459
-960,-469
-996,-517
-972,-531
-972,-503
-936,-443
-880,-425
-860,-417
-916,-481
-988,-491
-968,-487
-944,-489
-864,-457
-860,-471
-844,-465
-940,-473
-948,-445
-904,-407
-840,-387
-912,-387
-836,-399
-892,-433
-852,-429
-916,-445
-916,-421
-944,-469
-920,-457
-888,-433
-828,-423
-952,-501
-840,-457
-832,-425
-808,-443
-884,-457
-904,-469
-832,-415
-924,-457
-932,-437
-900,-425
-908,-435
-884,-447
-856,-407
-936,-459
-884,-459
-892,-473
-948,-521
-1012,-517
-900,-463
-852,-421
-912,-435
-864,-401
-884,-395
-860,-363
-832,-331
-828,-309
-892,-307
-816,-301
-824,-259
-816,-279
-828,-333
-872,-371
-808,-359
-824,-355
-784,-311
-824,-353
-928,-407
-900,-401
-920,-441
-876,-429
-920,-465
-960,-449
-896,-427
-904,-407
-916,-417
-948,-453
-940,-457
-904,-429
-900,-403
-912,-443
-896,-431
-976,-449
-992,-461
-944,-435
-880,-375
-904,-435
-872,-427
-976,-477
-940,-435
-1000,-495
-984,-471
-952,-495
-916,-489
-992,-531
-1044,-547
-1068,-561
-952,-505
-912,-495
-1004,-545
-896,-493
-916,-509
-936,-501
-860,-453
-872,-435
-960,-457
-852,-361
-844,-381
-876,-393
-932,-463
-1004,-507
-964,-477
-944,-469
-992,-521
-1024,-535
-1028,-527
-1016,-515
-976,-491
-1028,-533
-936,-497
-948,-475
-1024,-503
-956,-509
-1032,-531
-1028,-535
-964,-511
-976,-519
-844,-447
-844,-447
-988,-523
-1048,-551
-1020,-519
-1044,-545
-904,-497
-884,-465
-920,-477
-944,-493
-1008,-521
-888,-471
-976,-507
-1084,-565
-1044,-559
-1052,-547
-1016,-547
-992,-531
-1052,-539
-964,-507
-1020,-545
-1052,-549
-1076,-565
-1008,-521
-944,-487
-856,-465
-832,-465
-908,-475
-1000,-517
-1048,-519
-1052,-545
-1004,-533
-940,-505
-1000,-515
-908,-457
-1004,-523
-1000,-521
-952,-499
-1052,-523
-936,-437
-884,-421
-772,-335
-808,-317
-824,-309
-728,-185
-816,-287
-764,-281
-916,-363
-884,-327
-880,-327
-880,-355
-756,-327
-740,-303
-808,-311
-892,-343
-872,-329
-876,-309
-888,-333
-856,-311
-912,-315
-952,-305
-912,-327
-892,-319
-888,-251
-876,-187
-880,-191
-876,-107
-800,-105
-812,-71
-848,-69
-808,-137
-776,-67
-816,-111
-760,-77
-788,-71
-756,-57
-744,-59
-752,13
-724,57
-800,115
-808,93
-836,133
-792,201
-796,221
-792,189
-820,233
-820,203
-872,217
-824,241
-844,169
-860,113
-764,63
-736,77
-688,105
-684,135
-700,157
-676,189
-776,113
-668,165
-720,201
-824,307
-844,349
-904,401
-908,441
-912,453
-944,489
-948,515
-976,511
-1056,547
-1040,533
-1052,537
-1020,509
-976,511
-1004,519
-912,499
-928,487
-952,525
-1000,533
-964,511
-936,493
-1000,537
-1080,567
-1076,547
-904,475
-924,483
-852,405
-820,405
-732,391
-824,369
-792,325
-840,289
-884,341
-844,327
-876,291
-836,279
-808,311
-804,293
-824,361
-808,389
-836,391
-864,433
-868,413
-904,437
-1000,493
-948,495
-924,497
-844,415
-784,403
-756,405
-792,371
-812,367
-752,239
-776,223
-812,203
-816,209
-876,287
-880,249
-920,239
-840,211
-748,235
-816,295
-776,251
-808,265
-844,331
-804,349
-788,319
-800,303
-820,343
-804,365
-792,359
-828,337
-984,435
-1012,473
-980,487
-928,483
-956,485
-868,435
-828,421
-872,411
-864,407
-972,477
-940,477
-948,491
-944,455
-932,429
-880,361
-864,407
-852,373
-876,403
-872,449
-872,411
-976,487
-904,419
-900,379
-960,389
-948,407
-872,375
-916,405
-908,399
-972,441
-988,483
-832,429
-776,351
-792,405
-824,403
-904,413
-892,435
-912,453
-940,483
-940,493
-880,467
-936,469
-964,487
-1012,525
-1068,549
-1040,527
-940,471
-1000,521
-900,471
-896,479
-988,521
-1008,543
-1012,533
-976,495
-956,517
-928,483
-984,491
-912,415
-904,383
-920,393
-836,361
-844,363
-808,283
-924,341
-944,345
-868,327
-848,325
-844,317
-916,333
-892,327
-824,299
-808,267
-756,163
-812,213
-916,323
-916,351
-924,307
-884,333
-872,321
-748,285
-840,293
-852,291
-920,383
-888,397
-824,337
-808,321
-772,327
-892,411
-960,443
-892,417
-916,409
-888,385
-824,327
-800,327
-816,343
-812,385
-892,401
-920,471
-920,437
-920,453
-988,481
-1016,531
-968,523
-940,517
-996,531
-972,529
-1008,541
-1080,561
-1044,549
-1008,501
-900,485
-980,527
-992,527
-980,525
-1008,517
-992,487
-860,423
-916,427
-904,399
-952,473
-1036,495
-904,409
-820,353
-820,397
-820,369
-796,349
-824,375
-864,405
-800,321
-860,309
-800,323
-752,359
-792,401
-880,381
-940,439
-924,441
-892,433
-920,477
-960,509
-1020,547
-1072,543
-952,469
-884,423
