energy,magnet
-324,19
-528,-35
-652,63
-676,93
-712,49
-772,11
-732,49
-792,5
-696,-17
-756,-9
-780,-41
-708,-21
-696,9
-768,-69
-744,-31
-740,-31
-832,-65
-816,-73
-784,-41
-804,-77
-760,-75
-680,-119
-764,-147
-792,-179
-808,-183
-816,-179
-788,-211
-780,-227
-712,-315
-732,-327
-852,-365
-860,-385
-832,-393
-868,-367
-828,-367
-840,-365
-828,-315
-824,-297
-780,-261
-796,-255
-784,-269
-744,-239
-792,-291
-804,-279
-788,-297
-840,-383
-828,-357
-848,-387
-912,-433
-904,-395
-824,-353
-808,-319
-952,-369
-888,-347
-968,-375
-884,-397
-872,-363
-820,-349
-848,-353
-872,-451
-820,-405
-896,-411
-864,-407
-944,-445
-920,-479
-916,-467
-916,-493
-776,-419
-732,-355
-784,-287
-864,-375
-848,-421
-944,-481
-976,-495
-900,-473
-964,-509
-972,-523
-1032,-531
-908,-477
-900,-475
-880,-457
-872,-469
-756,-403
-816,-417
-804,-429
-908,-483
-932,-509
-964,-493
-912,-487
-940,-491
-888,-475
-1016,-531
-1004,-523
-984,-541
-940,-527
-896,-483
-956,-509
-1024,-553
-952,-525
-956,-523
-996,-523
-1012,-535
-1036,-543
-1024,-545
-936,-469
-952,-499
-940,-493
-940,-515
-948,-527
-1016,-551
-992,-535
-960,-505
-968,-509
-924,-467
-856,-437
-768,-391
-832,-387
-836,-407
-872,-453
-848,-413
-864,-439
-840,-417
-796,-389
-824,-423
-804,-437
-832,-447
-820,-435
-816,-399
-860,-453
-896,-499
-928,-501
-876,-477
-940,-489
-900,-483
-964,-527
-964,-541
-1032,-561
-952,-521
-864,-475
-904,-493
-952,-509
-892,-469
-932,-483
-876,-471
-836,-435
-904,-491
-940,-487
-1004,-531
-948,-515
-864,-455
-872,-451
-972,-519
-964,-525
-916,-507
-964,-537
-988,-527
-988,-533
-1000,-527
-876,-459
-884,-471
-860,-471
-884,-473
-832,-435
-868,-497
-860,-475
-936,-511
-856,-459
-856,-463
-876,-487
-896,-467
-968,-531
-888,-485
-840,-455
-752,-367
-792,-317
-812,-329
-816,-273
-844,-327
-812,-339
-776,-193
-720,-151
-680,-157
-780,-165
-796,-143
-740,-177
-796,-197
-820,-221
-776,-139
-804,-147
-828,-113
-868,-77
-844,-59
-812,-53
-856,-45
-864,-117
-848,-111
-876,-115
-836,-81
-792,-131
-776,-115
-812,-145
-804,-133
-812,-187
-828,-159
-824,-133
-740,-129
-824,-177
-828,-209
-816,-165
-904,-155
-876,-173
-872,-169
-816,-165
-760,-155
-736,-263
-776,-251
-752,-269
-732,-283
-816,-323
-784,-333
-852,-429
-852,-433
-912,-463
-936,-467
-908,-493
-952,-497
-864,-447
-912,-489
-920,-457
-968,-467
-936,-457
-892,-459
-872,-467
-896,-439
-928,-473
-916,-435
-876,-461
-904,-483
-896,-465
-828,-407
-904,-427
-924,-431
-844,-407
-832,-427
-816,-429
-868,-453
-848,-447
-852,-379
-896,-391
-904,-427
-892,-419
-880,-419
-872,-427
-856,-417
-812,-391
-844,-407
-852,-417
-936,-465
-908,-479
-848,-477
-916,-501
-884,-489
-912,-495
-840,-459
-920,-507
-924,-495
-900,-483
-988,-503
-992,-535
-1072,-571
-988,-521
-920,-491
-976,-545
-1016,-561
-948,-525
-944,-515
-892,-493
-996,-533
-928,-489
-932,-485
-908,-495
-952,-495
-1004,-529
-908,-481
-908,-485
-908,-499
-924,-517
-844,-463
-944,-493
-892,-475
-892,-415
-856,-453
-816,-413
-836,-423
-808,-293
-852,-277
-832,-291
-808,-309
-784,-277
-808,-339
-752,-387
-744,-351
-736,-369
-796,-369
-856,-393
-844,-391
-860,-423
-900,-487
-928,-495
-880,-467
-904,-455
-824,-429
-888,-455
-840,-403
-828,-393
-804,-395
-880,-475
-936,-511
-940,-507
-892,-485
-840,-467
-992,-537
-984,-537
-976,-529
-928,-507
-932,-505
-904,-485
-892,-465
-880,-463
-852,-421
-920,-475
-948,-505
-988,-527
-1008,-547
-1008,-533
-1056,-565
-1028,-561
-976,-531
-952,-503
-884,-489
-924,-481
-924,-511
-960,-507
-920,-481
-912,-481
-796,-415
-804,-403
-852,-435
-836,-451
-868,-455
-852,-477
-832,-447
-836,-399
-880,-397
-924,-433
-916,-419
-928,-437
-868,-409
-936,-487
-936,-483
-932,-513
-948,-511
-896,-483
-948,-505
-936,-489
-880,-445
-900,-469
-944,-495
-856,-447
-908,-453
-876,-407
-872,-365
-836,-313
-908,-333
-884,-365
-896,-427
-864,-421
-888,-483
-812,-445
-880,-467
-852,-445
-856,-421
-836,-407
-928,-495
-952,-519
-932,-505
-928,-505
-932,-507
-900,-485
-892,-467
-872,-419
-776,-375
-772,-371
-708,-311
-784,-337
-760,-309
-808,-341
-748,-297
-732,-261
-828,-289
-776,-309
-776,-375
-852,-449
-884,-465
-928,-509
-848,-461
-896,-481
-876,-475
-968,-525
-900,-509
-924,-495
-924,-519
-920,-517
-936,-521
-904,-493
-984,-541
-964,-525
-944,-519
-960,-509
-936,-515
-984,-547
-1024,-563
-996,-547
-1024,-555
-1008,-541
-956,-529
-916,-511
-928,-519
-944,-515
-860,-475
-836,-425
-844,-421
-836,-467
-884,-485
-872,-499
-928,-525
-920,-493
-940,-493
-928,-519
-960,-511
-948,-501
-928,-503
-968,-513
-916,-503
-848,-475
-936,-519
-960,-503
-896,-461
-980,-489
-944,-491
-908,-489
-832,-441
-868,-445
-932,-485
-912,-485
-936,-497
-912,-491
-884,-471
-888,-467
-848,-467
-840,-441
-908,-475
-876,-465
-832,-455
-892,-495
-908,-491
-896,-425
-900,-455
-836,-377
-764,-341
-860,-445
-796,-395
-936,-471
-988,-487
-832,-401
-812,-415
-816,-437
-876,-421
-952,-485
-900,-485
-864,-421
-872,-407
-868,-443
-864,-473
-832,-445
-836,-425
-816,-427
-884,-485
-924,-469
-956,-507
-996,-531
-976,-521
-864,-469
-804,-433
-848,-461
-852,-471
-852,-447
-864,-427
-848,-451
-924,-459
-936,-477
-856,-421
-808,-383
-832,-385
-912,-417
-928,-439
-856,-397
-932,-463
-940,-469
-936,-485
-968,-461
-776,-401
-848,-451
-860,-477
-980,-539
-960,-519
-944,-523
-952,-521
-904,-507
-996,-531
-1032,-557
-1016,-517
-1036,-557
-992,-547
-996,-533
-856,-459
-844,-447
-880,-501
-924,-513
-872,-493
-936,-511
-880,-457
-960,-499
-960,-495
-960,-495
-932,-489
-916,-481
-924,-493
-924,-523
-864,-465
-916,-491
-924,-471
-924,-479
-916,-483
-900,-489
-924,-515
-944,-523
-944,-515
-948,-511
-884,-447
-868,-479
-968,-511
-900,-483
-888,-489
-832,-451
-896,-469
-944,-501
-912,-455
-916,-465
-948,-435
-784,-367
-804,-341
-816,-307
-880,-359
-956,-447
-876,-415
-888,-387
-856,-377
-832,-439
-812,-381
-868,-411
-912,-467
-844,-431
-904,-461
-936,-497
-864,-477
-956,-525
-952,-497
-912,-485
-840,-423
-876,-423
-900,-483
-792,-411
-800,-395
-796,-371
-804,-369
-836,-371
-824,-379
-892,-367
-912,-433
-884,-423
-892,-419
-932,-449
-964,-513
-892,-503
-904,-495
-824,-427
-912,-429
-976,-461
-832,-407
-812,-421
-904,-423
-860,-409
-860,-391
-792,-367
-772,-335
-820,-321
-760,-263
-748,-239
-796,-233
-856,-303
-844,-275
-784,-247
-704,-229
-784,-257
-808,-325
-780,-321
-812,-325
-852,-377
-848,-413
-904,-443
-888,-437
-864,-425
-884,-467
-892,-445
-844,-419
-916,-449
-832,-431
-876,-499
-888,-487
-1012,-539
-968,-513
-1008,-545
-964,-521
-1004,-537
-928,-499
-884,-479
-872,-489
-940,-521
-1032,-557
-972,-519
-956,-527
-936,-511
-932,-513
-908,-503
-908,-491
-876,-467
-916,-485
-920,-499
-956,-505
-924,-475
-844,-443
-828,-419
-816,-409
-840,-381
-876,-453
-852,-451
-780,-423
-940,-437
-904,-449
-964,-465
-928,-453
-972,-437
-860,-375
-916,-457
-916,-459
-892,-403
-948,-441
-944,-507
-904,-493
-932,-493
-960,-515
-904,-475
-940,-519
-960,-525
-964,-535
-1052,-571
-932,-509
-836,-473
-804,-447
-736,-407
-848,-455
-836,-459
-956,-515
-964,-505
-872,-451
-856,-485
-892,-475
-860,-463
-836,-451
-896,-467
-908,-473
-932,-473
-924,-457
-964,-445
-952,-427
-928,-437
-1028,-497
-992,-535
-884,-465
-956,-527
-1004,-557
-996,-547
-936,-517
-836,-439
-924,-455
-916,-469
-936,-495
-884,-481
-828,-433
-928,-477
-944,-463
-900,-459
-936,-481
-960,-491
-944,-499
-924,-497
-912,-507
-912,-525
-984,-541
-928,-505
-920,-503
-872,-485
-912,-499
-896,-461
-816,-427
-788,-415
-848,-419
-824,-425
-816,-381
-852,-401
-880,-425
-860,-465
-900,-475
-880,-451
-900,-453
-928,-481
-968,-483
-884,-483
-912,-483
-912,-493
-896,-433
-928,-437
-884,-387
-856,-379
-744,-351
-800,-403
-908,-455
-888,-471
-940,-451
-1000,-531
-940,-511
-956,-507
-1000,-537
-928,-513
-964,-531
-896,-503
-852,-491
-992,-543
-956,-505
-820,-449
-820,-431
-764,-357
-740,-353
-812,-383
-856,-401
-828,-383
-872,-413
-836,-381
-796,-381
-864,-451
-820,-427
-848,-453
-864,-453
-888,-473
-872,-447
-872,-467
-832,-443
-956,-485
-948,-513
-924,-509
-1004,-545
-992,-531
-964,-509
-916,-503
-976,-531
-932,-493
-900,-487
-952,-509
-968,-517
-960,-505
-916,-493
-908,-493
-808,-433
-808,-441
-804,-431
-792,-387
-884,-481
-912,-487
-920,-507
-900,-487
-856,-447
-832,-417
-896,-451
-964,-491
-916,-483
-956,-501
-920,-481
-924,-501
-840,-479
-896,-483
-840,-477
-940,-505
-988,-529
-920,-497
-932,-521
-968,-533
-984,-537
-964,-515
-1012,-555
-976,-537
-1000,-539
-976,-535
-876,-461
-840,-427
-864,-439
-940,-479
-848,-409
-972,-491
-952,-497
-940,-517
-944,-509
-932,-513
-880,-481
-888,-505
-864,-485
-868,-471
-908,-399
-928,-475
-912,-465
-860,-441
-880,-487
-872,-475
-984,-529
-900,-479
-884,-469
-932,-499
-876,-449
-840,-377
-832,-415
-888,-463
-892,-505
-864,-483
-900,-493
-896,-493
-888,-469
-936,-503
-908,-473
-852,-449
-852,-433
-932,-467
-928,-477
-892,-463
-892,-463
-912,-487
-912,-487
-904,-461
-864,-441
-1016,-513
-964,-487
-944,-419
-996,-487
-924,-453
-868,-455
-912,-467
-972,-505
-972,-501
-964,-519
-944,-505
-916,-459
-884,-443
-896,-429
-856,-409
-852,-439
-744,-379
-836,-465
-936,-495
-848,-457
-908,-459
-872,-453
-800,-423
-816,-419
-756,-363
-848,-397
-936,-477
-944,-479
-860,-399
-880,-399
-884,-389
-824,-371
-912,-359
-852,-373
-856,-395
-924,-443
-908,-441
-952,-483
-956,-499
-812,-461
-928,-529
-1024,-557
-956,-535
-892,-489
-920,-509
-984,-551
-888,-471
-828,-451
-836,-429
-892,-435
-896,-475
-864,-425
-956,-479
-932,-503
-976,-521
-972,-525
-952,-527
-896,-499
-780,-433
-844,-451
-888,-483
-892,-469
-940,-475
-860,-451
-872,-455
-980,-473
-916,-477
-908,-491
-824,-467
-924,-501
-868,-463
-892,-503
-936,-511
-924,-493
-972,-521
-956,-529
-980,-535
-944,-517
-872,-477
-908,-505
-844,-465
-908,-481
-888,-451
-868,-461
-840,-461
-832,-455
-812,-409
-880,-447
-924,-471
-872,-413
-912,-455
-840,-419
-796,-349
-892,-415
-804,-407
-880,-447
-896,-481
-920,-467
-920,-457
-932,-459
-896,-453
-932,-419
-884,-407
-960,-429
-896,-393
-796,-347
-868,-437
-840,-403
-796,-349
-784,-369
-824,-397
-804,-447
-784,-403
-760,-383
-836,-443
-824,-411
-852,-395
-920,-431
-880,-417
-868,-411
-920,-445
-948,-501
-824,-431
-876,-451
-836,-431
-924,-497
-928,-477
-928,-497
-884,-455
-868,-479
-972,-507
-988,-513
-992,-551
-944,-521
-912,-501
-852,-461
-840,-437
-868,-455
-924,-453
-880,-427
-920,-459
-884,-451
-840,-395
-828,-421
-828,-361
-848,-425
-772,-401
-840,-443
-916,-483
-924,-509
-936,-507
-892,-453
-956,-493
-888,-465
-856,-449
-904,-473
-832,-457
-916,-503
-932,-509
-972,-505
-936,-499
-1008,-541
-996,-543
-908,-505
-1020,-543
-992,-543
-980,-517
-1008,-525
-1004,-519
-916,-497
-908,-499
-952,-493
-916,-469
-956,-449
-936,-489
-920,-491
-984,-529
-1016,-505
-916,-493
-920,-475
-928,-497
-896,-487
-904,-485
-872,-479
-948,-515
-944,-509
-952,-507
-824,-431
-784,-397
-844,-395
-800,-375
-848,-405
-804,-359
-852,-419
-828,-385
-840,-409
-824,-349
-796,-353
-884,-387
-904,-391
-864,-441
-768,-411
-788,-369
-800,-391
-856,-415
-812,-375
-812,-387
-912,-441
-1012,-537
-880,-487
-996,-527
-964,-507
-988,-517
-912,-483
-904,-505
-852,-475
-852,-447
-900,-465
-992,-535
-1004,-549
-1024,-561
-948,-517
-1008,-527
-936,-491
-940,-499
-932,-509
-924,-487
-856,-433
-940,-477
-896,-475
-868,-485
-980,-513
-912,-467
-944,-507
-820,-451
-888,-475
-888,-459
-884,-461
-896,-471
-848,-411
-852,-429
-808,-399
-792,-387
-804,-349
-844,-397
-880,-387
-824,-373
-744,-379
-828,-429
-848,-451
-848,-469
-852,-455
-884,-457
-888,-461
-844,-419
-792,-339
-804,-373
-820,-367
-880,-383
-796,-381
-908,-425
-872,-389
-744,-301
-780,-389
-732,-403
-764,-401
-860,-445
-880,-435
-852,-393
-800,-339
-804,-385
-824,-375
-868,-379
-840,-369
-876,-383
-920,-405
-836,-367
-864,-393
-836,-441
-888,-463
-884,-453
-812,-403
-824,-381
-832,-399
-840,-419
-804,-401
-896,-467
-900,-465
-880,-445
-1004,-503
-1028,-525
-940,-475
-972,-515
-904,-493
-892,-499
-900,-487
-920,-517
-920,-513
-932,-505
-928,-501
-908,-487
-904,-477
-888,-487
-816,-469
-908,-475
-908,-499
-1024,-547
-956,-531
-952,-533
-884,-479
-952,-515
-776,-421
-776,-397
-776,-401
-864,-435
-764,-367
-796,-353
-912,-439
-928,-443
-884,-411
-748,-329
-804,-339
-808,-333
-784,-307
-808,-377
-880,-439
-856,-457
-908,-477
-860,-445
-792,-445
-852,-473
-860,-473
-860,-457
-880,-459
-948,-505
-908,-477
-832,-437
-820,-425
-844,-451
-872,-471
-900,-499
-908,-511
-924,-499
-940,-485
-920,-489
-948,-481
-876,-469
-920,-505
-848,-471
-804,-447
-1000,-535
-972,-531
-920,-523
-892,-503
-932,-517
-1008,-547
-1012,-547
-932,-521
-976,-537
-940,-499
-932,-495
-896,-479
-924,-515
-936,-499
-908,-459
-904,-471
-876,-463
-900,-469
-844,-433
-888,-429
-904,-461
-972,-535
-916,-509
-916,-507
-896,-473
-876,-481
-924,-503
-944,-507
-820,-425
-900,-443
-832,-387
-764,-361
-784,-347
-764,-317
-828,-399
-760,-359
-804,-431
-872,-441
-872,-475
-908,-483
-896,-447
-932,-481
-876,-457
-860,-449
-892,-481
-852,-449
-908,-483
-856,-471
-816,-453
-856,-459
-800,-455
-844,-451
-868,-457
-852,-431
-936,-457
-864,-437
-836,-417
-868,-465
-956,-535
-1004,-551
-988,-543
-916,-507
-996,-551
-940,-499
-996,-517
-924,-505
-1024,-547
-948,-433
-936,-327
-848,-299
-768,-241
-852,-365
-904,-393
-884,-427
-896,-407
-860,-405
-740,-299
-796,-261
-832,-199
-776,-189
-748,-163
-732,-145
-784,-169
-760,-229
-804,-345
-808,-379
-808,-361
-768,-327
-740,-299
-748,-279
-808,-309
-772,-285
-772,-279
-788,-253
-824,-293
-784,-311
-820,-349
-868,-373
-884,-401
-924,-441
-920,-423
-924,-443
-900,-447
-848,-413
-828,-415
-844,-445
-868,-473
-896,-499
-904,-491
-860,-473
-892,-483
-1000,-547
-1000,-539
-948,-491
-980,-517
-988,-539
-944,-513
-892,-491
-876,-467
-920,-487
-928,-489
-900,-475
-884,-493
-932,-497
-952,-523
-920,-519
-1000,-547
-944,-507
-976,-523
-912,-509
-1016,-549
-936,-523
-888,-495
-964,-535
-896,-501
-892,-483
-812,-441
-868,-479
-920,-493
-928,-503
-1008,-531
-984,-517
-960,-505
-936,-509
-1012,-557
-1024,-551
-1008,-551
-1016,-559
-932,-517
-928,-509
-856,-481
-948,-517
-1000,-545
-1012,-563
-1040,-551
-1000,-539
-940,-519
-920,-507
-936,-519
-1016,-553
-976,-543
-1032,-553
-1032,-547
-908,-509
-876,-483
-936,-499
-1000,-533
-1028,-531
-976,-513
-1008,-521
-996,-543
-1008,-547
-1000,-537
-944,-501
-904,-481
-876,-459
-960,-491
-944,-503
-940,-521
-904,-503
-908,-511
-936,-509
-872,-475
-900,-485
-856,-469
-872,-459
-808,-439
-852,-427
-956,-483
-864,-453
-884,-419
-888,-451
-824,-427
-860,-435
-804,-397
-860,-409
-776,-313
-776,-335
-716,-311
-776,-335
-796,-355
-780,-281
-792,-273
-744,-295
-856,-321
-884,-335
-816,-311
-832,-367
-912,-419
-880,-381
-880,-381
-868,-395
-832,-379
-928,-415
-908,-361
-824,-369
-876,-327
-848,-335
-916,-375
-896,-387
-764,-319
-840,-355
-852,-373
-876,-409
-876,-381
-820,-349
-784,-351
-832,-369
-816,-423
-916,-459
-896,-459
-852,-459
-856,-461
-852,-457
-868,-421
-896,-425
-912,-415
-948,-437
-888,-391
-864,-397
-856,-363
-864,-311
-896,-329
-772,-323
-812,-383
-780,-375
-800,-377
-872,-389
-864,-417
-800,-413
-856,-403
-776,-307
-784,-301
-848,-343
-816,-333
-876,-411
-896,-427
-892,-391
-884,-405
-848,-423
-748,-357
-872,-331
-896,-293
-828,-321
-856,-325
-844,-375
-880,-413
-812,-367
-764,-347
-772,-313
-852,-351
-840,-369
-828,-365
-784,-401
-852,-425
-800,-401
-744,-389
-800,-399
-888,-457
-904,-483
-928,-493
-836,-459
-936,-511
-980,-537
-1040,-559
-1020,-555
-984,-525
-900,-477
-872,-501
-944,-513
-940,-523
-964,-527
-1012,-549
-1008,-559
-1048,-565
-984,-547
-884,-495
-924,-527
-920,-503
-836,-457
-880,-463
-896,-443
-876,-419
-804,-371
-808,-395
-828,-423
-848,-457
-908,-499
-960,-509
-948,-507
-920,-499
-944,-515
-916,-493
-936,-517
-884,-475
-980,-521
-908,-499
-932,-497
-876,-469
-908,-503
-880,-473
-904,-473
-912,-497
-836,-417
-812,-433
-852,-443
-820,-399
-816,-421
-844,-427
-844,-419
-824,-389
-828,-393
-784,-345
-768,-343
-768,-305
-788,-289
-812,-307
-864,-333
-864,-347
-816,-315
-840,-335
-808,-341
-828,-349
-816,-347
-812,-369
-812,-401
-860,-431
-896,-489
-864,-467
-876,-479
-888,-499
-988,-531
-948,-509
-892,-499
-884,-465
-904,-483
-928,-501
-896,-501
-1028,-545
-964,-523
-860,-445
-816,-455
-864,-487
-896,-511
-956,-517
-948,-521
-1004,-539
-1036,-563
-956,-505
-952,-523
-956,-509
-884,-449
-848,-439
-988,-529
-908,-485
-928,-505
-964,-521
-860,-445
-840,-447
-896,-489
-980,-517
-968,-501
-992,-529
-928,-503
-944,-517
-996,-527
-884,-475
-792,-429
-800,-423
-964,-515
-924,-513
-868,-461
-920,-501
-916,-507
-936,-513
-980,-515
-932,-501
-904,-473
-900,-453
-880,-441
-952,-485
-992,-509
-896,-451
-848,-455
-840,-431
-812,-379
-788,-351
-828,-329
-880,-357
-868,-349
-820,-395
-868,-427
-928,-439
-924,-469
-904,-465
-872,-459
-944,-449
-992,-419
-884,-389
-964,-449
-988,-485
-980,-477
-780,-321
-928,-403
-860,-385
-892,-429
-868,-403
-820,-357
-780,-367
-844,-409
-828,-415
-876,-439
-936,-487
-892,-485
-856,-453
-880,-489
-936,-497
-916,-495
-956,-495
-820,-445
-920,-449
-912,-445
-856,-383
-768,-351
-852,-383
-832,-399
-716,-335
-832,-427
-852,-421
-872,-451
-932,-525
-920,-505
-968,-537
-984,-535
-1012,-555
-1072,-581
-932,-485
-844,-403
-864,-409
-788,-419
-844,-407
-812,-381
-792,-339
-816,-347
-804,-343
-896,-431
-812,-403
-776,-355
-752,-361
-764,-303
-756,-319
-808,-335
-804,-317
-820,-321
-856,-409
-892,-417
-820,-381
-932,-447
-872,-455
-848,-435
-860,-401
-812,-397
-952,-423
-944,-513
-980,-499
-1012,-547
-968,-505
-848,-449
-928,-465
-796,-419
-884,-403
-804,-391
-836,-357
-860,-377
-924,-419
-920,-435
-836,-429
-752,-375
-888,-405
-840,-389
-772,-377
-828,-345
-768,-323
-840,-385
-864,-433
-848,-417
-696,-323
-688,-343
-748,-395
-776,-409
-804,-431
-800,-413
-876,-433
-936,-505
-952,-509
-888,-439
-860,-423
-900,-457
-872,-469
-892,-487
-904,-481
-916,-509
-948,-525
-952,-521
-876,-495
-936,-519
-956,-503
-824,-371
-828,-371
-860,-411
-808,-375
-816,-363
-840,-377
-880,-411
-852,-379
-844,-391
-840,-385
-868,-345
-808,-337
-900,-401
-916,-449
-868,-411
-864,-421
-860,-437
-848,-435
-808,-433
-720,-329
-736,-345
-800,-357
-768,-315
-864,-365
-908,-423
-840,-383
-828,-365
-828,-361
-776,-387
-840,-359
-864,-371
-776,-331
-752,-355
-804,-393
-872,-449
-976,-507
-996,-529
-952,-519
-996,-547
-952,-527
-960,-535
-920,-485
-840,-379
-812,-325
-824,-353
-864,-385
-868,-357
-872,-369
-804,-349
-800,-323
-728,-291
-880,-327
-872,-365
-800,-343
-748,-323
-796,-349
-884,-289
-860,-321
-900,-353
-856,-325
-900,-351
-804,-321
-880,-363
-836,-329
-840,-325
-880,-369
-872,-397
-888,-459
-928,-507
-948,-529
-936,-505
-868,-453
-836,-433
-880,-433
-816,-433
-904,-457
-840,-423
-824,-399
-784,-311
-900,-369
-916,-373
-904,-347
-880,-351
-820,-357
-824,-383
-884,-353
-864,-353
-868,-373
-880,-385
-956,-395
-928,-407
-832,-389
-848,-375
-912,-429
-840,-361
-820,-289
-872,-333
-940,-391
-908,-439
-912,-441
-884,-433
-892,-437
-864,-425
-856,-429
-836,-471
-868,-479
-980,-543
-924,-503
-964,-483
-940,-489
-984,-499
-932,-513
-1000,-541
-1056,-569
-960,-521
-992,-543
-976,-525
-904,-461
-908,-465
-892,-479
-928,-485
-860,-423
-824,-409
-864,-401
-856,-405
-864,-409
-828,-345
-796,-301
-776,-189
-792,-241
-808,-311
-940,-393
-908,-347
-832,-335
-776,-353
-768,-359
-880,-437
-936,-419
-928,-401
-892,-347
-896,-343
-836,-299
-900,-361
-812,-349
-836,-415
-888,-421
-904,-419
-788,-303
-852,-331
-792,-317
-760,-277
-772,-265
-836,-353
-832,-391
-816,-377
-796,-333
-808,-341
-864,-377
-900,-349
-816,-361
-840,-373
-792,-391
-908,-479
-896,-455
-900,-467
-888,-461
-916,-475
-972,-489
-912,-463
-940,-511
-960,-529
-936,-495
-900,-485
-1020,-551
-1016,-547
-964,-529
-888,-497
-948,-531
-972,-549
-924,-513
-1004,-549
-976,-527
-1012,-555
-1032,-521
-864,-467
-916,-493
-956,-503
-940,-483
-852,-425
-880,-403
-892,-387
-836,-295
-780,-315
-836,-323
-784,-327
-744,-313
-824,-363
-860,-415
-812,-379
-848,-367
-832,-279
-880,-263
-860,-207
-848,-211
-884,-311
-920,-329
-900,-413
-856,-415
-772,-341
-808,-357
-844,-409
-876,-427
-884,-441
-920,-471
-928,-493
-924,-493
-900,-465
-904,-471
-804,-433
-904,-477
-996,-535
-948,-513
-948,-487
-952,-467
-900,-469
-908,-467
-920,-499
-888,-481
-908,-485
-836,-437
-904,-475
-912,-477
-952,-511
-908,-511
-952,-525
-872,-493
-888,-503
-984,-543
-996,-531
-912,-495
-884,-497
-900,-467
-924,-473
-868,-483
-840,-445
-804,-403
-832,-399
-856,-401
-700,-263
-752,-263
-692,-255
-736,-301
-744,-341
-796,-415
-904,-489
-856,-457
-960,-485
-924,-475
-868,-397
-804,-351
-748,-319
-844,-403
-836,-355
-900,-375
-888,-319
-864,-343
-776,-255
-804,-247
-816,-255
-764,-265
-792,-251
-748,-291
-772,-317
-828,-347
-824,-377
-804,-385
-756,-377
-876,-403
-920,-457
-844,-369
-856,-343
-796,-319
-864,-383
-784,-317
-816,-315
-828,-317
-872,-387
-908,-387
-928,-399
-900,-407
-904,-377
-832,-329
-796,-309
-724,-239
-776,-249
-808,-341
-796,-357
-840,-413
-864,-485
-872,-443
-804,-379
-956,-425
-880,-355
-820,-343
-788,-303
-836,-313
-748,-283
-828,-273
-844,-261
-832,-225
-804,-201
-816,-199
-740,-115
-788,-139
-752,-103
-712,-47
-748,-97
-760,-169
-776,-191
-820,-273
-900,-305
-840,-319
-732,-281
-812,-343
-812,-353
-876,-363
-1000,-371
-892,-343
-824,-331
-812,-273
-800,-369
-764,-389
-792,-403
-792,-387
-804,-403
-840,-391
-844,-401
-932,-471
-876,-437
-840,-375
-820,-257
-800,-263
-812,-289
-760,-233
-780,-107
-704,-91
-728,-39
-728,5
-788,91
-756,155
-684,31
-684,105
-684,97
-700,55
-724,-11
-664,43
-692,97
-752,85
-792,123
-796,107
-716,129
-708,167
-752,149
-784,213
-708,239
-708,235
-760,253
-736,209
-776,157
-844,181
-828,89
-780,53
-700,69
-800,69
-820,225
-736,125
-832,219
-752,187
-808,167
-884,233
-748,237
-760,209
-804,243
-744,297
-812,361
-724,345
-920,501
-936,513
-916,495
-912,503
-884,459
-832,365
-888,443
-936,459
-960,463
-980,483
-952,485
-912,483
-948,475
-968,475
-880,441
-820,413
-856,407
-792,369
-840,383
-784,357
-896,409
-968,463
-956,473
-984,517
-852,455
-872,481
-880,485
-940,509
-964,535
-920,509
-920,507
-876,489
-860,483
-996,527
-980,525
-956,533
-1056,569
-900,497
-976,537
-896,503
-872,479
-904,465
-912,519
-940,527
-920,515
-940,517
-936,503
-936,519
-916,507
-1032,551
-936,487
-872,467
-896,461
-804,441
-848,377
-856,395
-876,441
-912,479
-964,521
-1016,555
-932,517
-948,527
-916,507
-896,501
-996,549
-956,527
-1012,545
-1056,561
-956,527
-984,517
-932,515
-860,491
-904,483
-928,509
-876,465
-920,425
-816,349
-828,309
-784,383
-856,395
-840,411
-832,443
-868,399
-864,447
-888,439
-864,421
-840,431
-840,425
-800,379
-816,353
-852,345
-840,365
-812,333
-860,383
-892,377
-768,303
-828,331
-852,353
-856,339
-844,331
-832,337
-848,395
-800,355
-724,307
-724,317
-840,367
-892,377
-836,389
-844,403
-956,469
-864,409
-812,405
-828,417
-936,495
-864,461
-912,507
-920,521
-920,517
-896,473
-840,445
-828,415
-912,461
-872,459
-872,447
-824,419
-872,445
-864,431
-796,401
-692,289
-824,319
-736,349
-852,417
-836,391
-832,401
-896,385
-892,387
-816,363
-880,401
-876,433
-896,469
-888,485
-912,467
-828,449
-848,441
-964,519
-908,489
-916,481
-872,473
-916,523
-984,533
-1024,551
-920,523
-936,511
-916,499
-916,467
-924,471
-916,487
-856,437
-856,419
-832,451
-780,387
-864,437
-796,413
-812,391
-892,431
-872,443
-800,453
-824,493
-760,447
-856,465
-836,457
-884,465
-812,435
-952,489
-1016,529
-952,483
-888,469
-920,493
-932,501
-932,505
-892,509
-852,467
-792,425
-812,421
-868,403
-820,411
-792,349
-764,361
-776,323
-752,319
-768,257
-796,317
-804,403
-956,461
-936,445
-912,457
-884,457
-896,453
-756,407
-828,463
-960,535
-1028,547
-992,535
-972,531
-936,501
-876,487
-932,511
-908,503
-968,527
-980,533
-1012,515
-936,503
-956,531
-948,499
-936,495
-916,499
-944,519
-960,525
-1020,549
-1024,559
-944,517
-936,517
-940,521
-920,493
-876,479
-872,503
-916,505
-940,509
-844,445
-864,431
-804,389
-844,435
-824,445
-820,461
-928,499
-936,447
-876,425
-900,409
-880,421
-804,389
-756,353
-828,413
-812,425
-836,411
-916,437
-912,425
-960,455
-924,425
-928,399
-880,369
-888,347
-800,329
-804,411
-780,357
-832,341
-812,357
-816,379
-852,419
-892,451
-904,487
-944,505
-1020,547
-992,533
-992,529
-1012,555
-956,537
-948,515
-928,519
-964,525
-912,497
-936,477
-920,493
-860,463
-932,499
-972,527
-936,501
-996,521
-1000,531
-940,521
-880,483
-1012,539
-876,457
-888,471
-884,505
-880,495
-948,521
-964,523
-1028,557
-992,535
-972,525
-944,509
-892,493
-976,521
-984,533
-1040,551
-1032,557
-920,517
-996,523
-960,503
-892,485
-968,515
-904,505
-916,523
-1004,545
-900,497
-960,507
-876,437
-840,439
-916,479
-868,467
-920,481
-824,465
-968,539
-912,507
-936,533
-1004,553
-920,511
-824,461
-796,433
-940,517
-960,537
-1064,565
-996,543
-1032,553
-1052,569
-968,533
-996,537
-972,535
-952,521
-968,535
-980,537
-960,523
-948,517
-908,485
-1056,543
-980,501
-872,449
-872,463
-916,485
-964,497
-900,455
-848,467
-924,489
-960,505
-948,511
-912,507
-872,475
-932,469
-864,449
-816,397
-900,445
-820,453
-932,501
-932,471
-900,491
-900,473
-1000,541
-1028,559
-928,507
-896,491
-928,507
-972,499
-860,451
-852,441
-864,481
-1048,565
-980,541
-892,505
-916,499
-1008,553
-840,477
-884,463
-936,485
-1036,537
-828,451
-884,441
-860,415
-860,415
-896,437
-860,433
-940,503
-808,381
-732,359
-796,371
-796,321
-812,345
-836,379
-888,403
-916,379
-840,375
-824,299
-812,265
-720,211
-748,139
-780,143
-720,161
-712,161
-836,85
-772,81
-796,123
-812,125
-876,91
-800,143
-712,209
-732,247
-756,249
-772,245
-788,247
-788,217
-736,285
-740,305
-808,283
-788,319
-852,291
-864,299
-932,313
-880,287
-804,241
-820,319
-824,361
-912,393
-884,379
-884,397
-900,419
-944,441
-924,457
-944,489
-856,455
-820,435
-804,435
-844,431
-932,485
-948,507
-928,499
-980,513
-940,495
-928,491
-984,511
-948,495
-924,499
-1008,551
-1004,559
-1080,565
-964,509
-1012,537
-1012,529
-1024,551
-1052,567
-976,527
-960,503
-940,505
-952,511
-904,479
-848,437
-900,487
-944,505
-920,513
-916,499
-944,513
-888,503
-880,481
-876,463
-832,421
-940,515
-892,493
-876,489
-896,485
-864,487
-844,453
-908,477
-912,487
-896,471
-852,479
-916,489
-968,511
-916,467
-872,453
-880,453
-904,461
-796,401
-832,405
-788,411
-848,463
-912,495
-900,479
-908,465
-940,481
-912,477
-816,415
-892,445
-808,405
-884,443
-876,409
-828,377
-876,359
-840,365
-832,293
-880,283
-880,289
-836,325
-832,293
-792,211
-756,215
-800,211
-800,125
-772,97
-780,129
-704,157
-772,113
-780,167
-756,173
-776,109
-764,141
-764,81
-840,133
-760,91
-792,65
-780,-17
-732,-115
-848,-71
-828,-65
-828,-123
-872,-157
-804,-115
-704,-53
-740,-99
-720,-189
-748,-191
-804,-225
-808,-239
-744,-269
-836,-353
-832,-315
-876,-377
-928,-393
-852,-351
-772,-253
-776,-233
-844,-243
-844,-241
-856,-215
-780,-195
-764,-141
-808,-159
-800,-125
-820,-83
-748,-89
-808,-31
-768,15
-720,-37
-732,-45
-712,-47
-744,-117
-736,-155
-752,-123
-792,-163
-796,-169
-704,-117
-776,-173
-844,-249
-908,-317
-832,-341
-876,-377
-948,-423
-968,-403
-960,-411
-968,-423
-904,-459
-876,-475
-912,-477
-996,-535
-916,-519
-948,-523
-956,-513
-928,-511
-888,-479
-872,-477
-924,-509
-848,-455
-856,-473
-848,-445
-856,-437
-844,-451
-952,-489
-1000,-527
-1000,-525
-996,-535
-948,-507
-940,-503
-916,-497
-948,-505
-944,-509
-960,-505
-1060,-557
-1068,-569
-1032,-555
-1008,-557
-1000,-535
-900,-505
-936,-517
-1012,-553
-984,-541
-972,-531
-892,-497
-896,-493
-1032,-557
-1044,-553
-920,-505
-896,-485
-916,-475
-916,-501
-884,-447
-840,-423
-820,-405
-824,-435
-900,-461
-868,-415
-868,-405
-844,-393
-852,-399
-812,-347
-812,-387
-868,-415
-780,-387
-836,-415
-852,-457
-884,-447
-872,-453
-888,-475
-876,-467
-920,-485
-972,-529
-984,-523
-1032,-543
-936,-495
-968,-541
-956,-511
-936,-515
-984,-533
-988,-535
-1056,-543
-924,-489
-884,-447
-912,-469
-824,-431
-788,-427
-792,-407
-824,-451
-824,-447
-840,-451
-884,-479
-932,-511
-948,-521
-876,-483
-924,-513
-948,-513
-972,-505
-972,-507
-1016,-537
-968,-511
-1012,-515
-1020,-535
-1012,-533
-916,-507
-900,-507
-936,-497
-980,-517
-1012,-531
-1032,-529
-944,-483
-1000,-495
-972,-453
-860,-437
-804,-349
-764,-329
-876,-411
-928,-451
-908,-425
-908,-387
-800,-367
-776,-343
-952,-427
-852,-401
-904,-499
-940,-513
-964,-531
-948,-499
-920,-479
-968,-499
-964,-519
-968,-535
-968,-515
-996,-535
-1016,-547
-940,-525
-1008,-557
-908,-493
-872,-473
-808,-473
-884,-475
-860,-457
-944,-477
-924,-479
-920,-449
-804,-381
-856,-405
-848,-391
-768,-367
-760,-375
-796,-409
-848,-387
-836,-381
-860,-393
-848,-409
-924,-501
-1004,-553
-960,-539
-916,-505
-876,-485
-896,-505
-856,-479
-848,-479
-924,-523
-916,-511
-928,-513
-940,-519
-1024,-553
-944,-501
-948,-493
-908,-481
-920,-495
-980,-525
-1000,-537
-1008,-535
-1004,-525
-944,-491
-788,-395
-856,-423
-936,-443
-932,-473
-852,-411
-772,-345
-748,-333
-804,-385
-832,-357
-840,-407
-892,-463
-976,-499
-932,-481
-880,-453
-916,-497
-936,-495
-956,-515
-1012,-541
-936,-527
-892,-479
-952,-473
-900,-445
-964,-517
-880,-465
-888,-467
-956,-497
-952,-507
-916,-497
-904,-485
-856,-431
-892,-429
-876,-447
-848,-413
-972,-515
-916,-505
-912,-487
-860,-485
-952,-521
-976,-503
-968,-523
-940,-503
-932,-493
-968,-511
-944,-513
-900,-503
-888,-485
-792,-453
-868,-467
-864,-475
-876,-475
-936,-493
-988,-515
-928,-479
-904,-433
-864,-413
-868,-409
-876,-427
-888,-433
-864,-447
-864,-373
-852,-305
-836,-257
-776,-273
-828,-335
-904,-401
-924,-447
-832,-431
-856,-455
-888,-465
-868,-439
-888,-443
-856,-443
-788,-425
-848,-447
-976,-521
-964,-505
-916,-479
-904,-501
-932,-515
-936,-519
-924,-493
-916,-467
-884,-431
-852,-355
-912,-331
-900,-363
-808,-281
-812,-373
-832,-371
-864,-349
-780,-325
-728,-287
-776,-317
-824,-365
-844,-393
-828,-383
-916,-385
-904,-341
-812,-331
-780,-247
-772,-255
-828,-239
-808,-229
-832,-173
-736,-171
-724,-85
-880,-95
-796,-81
-800,-49
-796,-41
-820,-63
-820,-45
-792,-71
-712,-55
-708,-27
-756,-9
-744,39
-764,67
-836,75
-788,75
-828,95
-812,129
-820,107
-824,103
-940,125
-812,103
-836,57
-840,37
-780,-1
-840,5
-880,-17
-828,-43
-768,-31
-752,-65
-796,-131
-780,-145
-876,-159
-796,-139
-760,-161
-800,-249
-748,-221
-724,-177
-732,-171
-812,-181
-752,-193
-708,-129
-740,-105
-808,-101
-788,-167
-856,-169
-852,-179
-724,-149
-720,-125
-736,-79
-760,-49
-796,-141
-760,-133
-688,-171
-712,-37
-736,-79
-660,-91
-744,-79
-736,-49
-772,37
-820,89
-824,147
-788,167
-700,141
-740,113
-752,35
-840,17
-780,15
-852,17
-792,11
-752,-33
-780,-53
-792,-89
-764,-173
-748,-155
-692,-129
-676,-133
-752,-127
-784,-239
-860,-279
-812,-269
-840,-287
-788,-311
-756,-279
-776,-283
-768,-313
-804,-383
-828,-433
-808,-431
-896,-477
-844,-465
-912,-507
-948,-443
-904,-467
-836,-415
-812,-405
-928,-467
-940,-375
-940,-395
-916,-395
-828,-387
-876,-457
-956,-505
-888,-499
-984,-521
-896,-493
-956,-493
-920,-453
-896,-419
-880,-415
-940,-451
-980,-491
-888,-469
-852,-423
-916,-433
-900,-417
-800,-355
-800,-409
-776,-399
-756,-369
-736,-387
-820,-411
-924,-449
-932,-439
-964,-463
-908,-421
-944,-469
-972,-473
-924,-427
-840,-413
-888,-453
-868,-437
-992,-509
-936,-455
-860,-423
-928,-459
-980,-499
-952,-473
-912,-427
-880,-413
-804,-357
-840,-413
-876,-443
-880,-447
-868,-413
-880,-407
-920,-475
-984,-509
-872,-483
-984,-543
-944,-525
-960,-503
-880,-421
-912,-447
-840,-365
-796,-369
-816,-345
-880,-409
-904,-419
-820,-395
-828,-409
-864,-437
-852,-431
-928,-449
-912,-421
-836,-383
-920,-431
-956,-449
-928,-435
-868,-433
-872,-437
-864,-451
-840,-463
-832,-461
-900,-505
-940,-491
-896,-481
-920,-491
-996,-521
-920,-483
-916,-459
-956,-469
-900,-485
-852,-481
-956,-527
-988,-545
-932,-511
-832,-449
-884,-457
-876,-459
-896,-473
-908,-467
-956,-487
-936,-489
-928,-489
-984,-517
-988,-517
-964,-505
-924,-475
-948,-431
-920,-389
-776,-369
-752,-283
-804,-371
-684,-287
-764,-353
-824,-399
-864,-423
-892,-451
-888,-461
-876,-451
-860,-449
-868,-447
-828,-427
-844,-473
-884,-445
-856,-437
-908,-483
-888,-447
-848,-395
-836,-415
-868,-427
-800,-417
-936,-493
-940,-489
-976,-471
-928,-463
-892,-421
-872,-371
-796,-317
-796,-315
-780,-323
-772,-329
-764,-329
-780,-329
-804,-337
-868,-329
-884,-301
-824,-269
-824,-319
-796,-289
-832,-339
-832,-345
-724,-335
-804,-355
-748,-371
-856,-437
-820,-421
-804,-389
-716,-357
-836,-381
-860,-411
-844,-411
-832,-431
-808,-411
-916,-461
-888,-415
-876,-395
-804,-289
-748,-275
-744,-271
-724,-191
-728,-183
-748,-187
-748,-189
-752,-239
-760,-247
-808,-225
-692,-149
-692,-119
-684,-107
-768,-175
-828,-177
-848,-141
-832,-155
-760,-101
-816,-57
-796,-39
-824,-65
-800,-9
-780,-89
-808,-69
-748,-41
-772,-115
-700,-131
-704,-159
-724,-189
-764,-197
-744,-201
-708,-241
-744,-281
-856,-293
-864,-337
-868,-337
-880,-345
-868,-391
-892,-409
-892,-421
-892,-449
-772,-371
-788,-331
-736,-311
-712,-311
-860,-357
-828,-323
-772,-285
-788,-267
-844,-299
-816,-261
-812,-277
-760,-331
-796,-315
-716,-257
-784,-217
-752,-119
-720,-83
-760,-101
-836,-79
-840,-89
-780,-57
-804,-67
-792,-137
-692,-125
-664,-95
-672,-149
-796,-271
-764,-211
-804,-207
-816,-285
-764,-281
-868,-317
-796,-319
-920,-387
-876,-347
-848,-375
-864,-423
-852,-443
-752,-413
-792,-397
-744,-349
-716,-347
-780,-355
-784,-335
-872,-413
-832,-383
-852,-383
-800,-389
-852,-409
-804,-407
-816,-405
-896,-407
-804,-369
-856,-347
-780,-257
-896,-339
-884,-379
-960,-409
-928,-423
-952,-453
-864,-421
-836,-391
-876,-359
-824,-369
-860,-339
-848,-369
-808,-355
-760,-371
-804,-383
-860,-461
-900,-501
-976,-535
-968,-529
-1008,-553
-1000,-549
-904,-499
-904,-465
-952,-519
-948,-531
-952,-531
-892,-505
-920,-457
-976,-493
-908,-483
-896,-497
-912,-513
-924,-523
-876,-499
-852,-449
-928,-509
-964,-513
-864,-459
-920,-483
-916,-475
-964,-511
-864,-471
-924,-491
-900,-483
-808,-427
-836,-391
-808,-363
-864,-421
-864,-409
-824,-363
-892,-373
-896,-347
-840,-293
-784,-277
-808,-237
-756,-259
-780,-255
-836,-297
-784,-325
-748,-339
-852,-335
-844,-303
-772,-313
-796,-323
-792,-355
-800,-321
-848,-361
-832,-405
-904,-431
-928,-433
-868,-417
-876,-421
-924,-445
-860,-421
-864,-441
-840,-427
-964,-485
-932,-455
-924,-463
-956,-483
-828,-455
-800,-409
-912,-491
-932,-499
-904,-477
-944,-515
-980,-533
-988,-533
-888,-499
-956,-527
-964,-535
-916,-471
-956,-491
-948,-473
-872,-423
-900,-427
-808,-361
-876,-441
-932,-507
-880,-497
-912,-505
-960,-541
-980,-495
-964,-475
-888,-449
-928,-499
-888,-499
-1000,-545
-988,-529
-936,-515
-936,-503
-848,-467
-828,-429
-876,-427
-872,-401
-868,-443
-852,-421
-860,-459
-856,-437
-768,-389
-732,-319
-724,-211
-796,-183
-764,-197
-736,-197
-796,-143
-728,-93
-832,-115
-724,-75
-720,-21
-696,-47
-748,-9
-688,19
-724,53
-792,71
-728,-9
-684,-35
-632,-53
-620,33
-664,19
-660,105
-724,163
-732,205
-700,253
-720,241
-796,247
-716,189
-784,337
-804,365
-824,381
-776,337
-820,333
-876,365
-920,427
-768,355
-788,351
-764,275
-764,241
-812,275
-784,257
-824,257
-792,253
-824,207
-860,187
-756,179
-744,177
-724,215
-748,225
-812,257
-748,279
-728,225
-704,185
-748,177
-800,239
-744,259
-788,285
-736,289
-764,275
-808,293
-804,261
-880,335
-848,289
-784,277
-788,289
-820,309
-872,241
-796,225
-744,165
-804,125
-740,75
-720,1
-708,17
-740,11
-724,25
-728,59
-780,81
-724,19
-744,63
-724,187
-772,201
-808,207
-804,255
-772,191
-760,135
-736,149
-780,147
-676,109
-768,123
-820,203
-864,219
-780,197
-844,257
-892,293
-864,357
-948,435
-888,447
-840,437
-840,427
-872,437
-920,493
-856,455
-960,481
-948,477
-924,513
-976,503
-900,483
-900,469
-884,461
-840,439
-900,497
-988,527
-1024,553
-1008,541
-932,509
-960,515
-932,519
-976,511
-876,461
-928,481
-912,475
-880,429
-768,339
-872,403
-788,389
-864,419
-956,443
-956,479
-940,495
-1064,565
-960,517
-884,469
-932,509
-940,485
-968,533
-992,551
-1040,567
-872,487
-900,487
-844,439
-832,415
-760,363
-812,367
-812,355
-808,403
-872,435
-888,427
-952,493
-964,527
-976,541
-908,507
-992,545
-1024,551
-968,527
-932,529
-948,525
-936,517
-940,507
-820,413
-732,377
-836,407
-828,329
-736,315
-740,325
-804,347
-808,415
-928,487
-868,497
-880,465
-880,467
-812,415
-808,389
-864,429
-864,371
-844,363
-828,321
-824,365
-744,329
-836,373
-800,377
-840,367
-752,297
-788,365
-920,397
-908,439
-896,415
-872,407
-920,441
-860,421
-840,419
-824,421
-764,399
-908,467
-908,481
-956,521
-1016,533
-932,505
-896,485
-896,501
-960,501
-924,495
-956,515
-976,483
-924,469
-900,449
-872,437
-916,467
-856,479
-868,479
-928,501
-900,489
-1000,529
-996,541
-968,539
-960,503
-992,529
-984,537
-1004,541
-920,507
-804,453
-848,459
-872,465
-1008,535
-960,509
-908,479
-932,497
-976,525
-980,485
-876,467
-968,517
-800,445
-860,451
-952,481
-996,481
-952,483
-936,485
-924,457
-892,465
-884,469
-892,495
-916,491
-908,497
-940,511
-904,489
-868,469
-920,503
-944,509
-932,493
-868,481
-980,523
-912,511
-964,509
-864,431
-968,523
-884,465
-852,467
-840,421
-800,425
-976,521
-888,479
-860,437
-844,437
-804,423
-924,475
-912,457
-892,475
-884,491
-888,447
-932,469
-884,453
-940,491
-928,479
-988,507
-888,473
-976,511
-968,523
-940,487
-972,499
-980,529
-996,533
-984,541
-928,503
-944,499
-856,415
-824,417
-868,425
-880,429
-916,487
-1004,551
-880,473
-884,455
-868,441
-916,489
-848,471
-836,483
-980,531
-940,515
-884,479
-1016,549
-904,487
-952,487
-968,481
-956,461
-920,433
-888,437
-796,415
-828,419
-860,423
-904,471
-860,433
-844,475
-864,491
-908,491
-860,465
-1012,539
-1012,549
-1016,539
-1068,573
-992,533
-1028,557
-928,509
-884,453
-916,475
-852,417
-912,445
-892,433
-932,451
-916,433
-992,497
-956,489
-900,487
-912,499
-940,531
-996,551
-964,535
-868,469
-844,467
-828,443
-916,465
-948,441
-856,411
-900,417
-952,449
-996,499
-992,517
-1056,561
-1000,551
-1064,567
-984,517
-956,495
-960,495
-952,499
-956,521
-992,521
-984,523
-968,533
-936,515
-920,485
-976,459
-840,419
-876,463
-884,429
-864,439
-972,495
-876,411
-916,443
-804,397
-900,455
-964,519
-936,513
-932,517
-876,485
-916,505
-860,453
-944,507
-920,513
-1028,547
-1008,545
-968,531
-920,477
-932,481
-896,473
-932,501
-936,515
-824,457
-864,469
-940,509
-924,509
-916,493
-872,477
-904,471
-900,483
-948,493
-924,483
-956,511
-948,531
-932,513
-920,499
-892,497
-964,527
-856,497
-980,537
-972,525
-916,499
-900,493
-924,495
-960,535
-1016,559
-996,539
-876,479
-876,479
-848,465
-940,507
-876,481
-900,487
-932,511
-944,517
-952,505
-952,529
-956,513
-856,473
-940,503
-928,485
-916,497
-940,523
-976,537
-980,531
-920,497
-992,497
-912,441
-980,419
-960,455
-964,481
-968,529
-900,491
-876,487
-924,485
-912,425
-852,407
-844,423
-756,343
-760,385
-784,395
-768,345
-828,417
-964,455
-920,431
-912,459
-828,375
-812,359
-860,405
-828,273
-860,275
-868,255
-912,245
-844,209
-876,259
-872,299
-876,315
-880,345
-872,279
-852,323
-888,335
-924,383
-888,357
-920,347
-872,319
-896,267
-888,301
-776,333
-808,359
-808,345
-828,347
-968,409
-892,445
-936,501
-964,531
-928,511
-956,517
-828,453
-828,441
-876,475
-884,501
-832,455
-812,433
-804,415
-868,459
-876,465
-892,493
-956,517
-840,455
-788,401
-812,421
-880,477
-976,521
-928,501
-860,445
-876,463
-844,463
-836,419
-840,409
-848,421
-920,467
-936,479
-928,477
-884,449
-832,403
-872,399
-896,431
-888,409
-844,365
-796,381
-812,391
-872,385
-936,435
-880,399
-848,433
-864,459
-964,461
-852,367
-808,325
-864,353
-828,383
-928,457
-872,425
-856,447
-908,455
-920,503
-920,491
-940,487
-816,445
-860,487
-956,517
-892,479
-884,457
-776,403
-876,455
-908,467
-1000,529
-976,507
-976,499
-948,489
-856,437
-972,473
-844,417
-844,417
-764,379
-776,391
-780,341
-808,335
-828,373
-868,293
-852,295
-852,347
-868,347
-824,303
-904,299
-828,229
-868,235
-840,229
-868,205
-804,185
-752,187
-816,269
-832,219
-716,281
-748,245
-616,127
-692,125
-768,139
-732,141
-712,189
-716,199
-692,249
-820,291
-840,383
-824,373
-792,291
-704,193
-776,231
-776,221
-696,229
-748,303
-744,341
-832,367
-804,331
-812,395
-848,323
-824,307
-812,373
-776,369
-788,349
-820,347
-784,337
-756,331
-772,321
-848,339
-780,385
-744,371
-696,333
-688,313
-720,289
-764,263
-756,315
-876,351
-872,377
-872,397
-896,415
-864,387
-784,377
-840,449
-856,467
-968,519
-860,467
-852,447
-824,439
-896,481
-920,511
-864,453
-884,467
-900,463
-916,451
-876,447
-844,455
-820,471
-800,443
-812,409
-864,409
-888,427
-880,463
-948,515
-932,521
-908,489
-868,447
-908,485
-880,481
-904,483
-920,429
-840,401
-804,379
-812,377
-836,401
-876,403
-788,347
-768,269
-804,255
-868,305
-788,295
-848,277
-848,333
-812,341
-876,345
-844,363
-912,375
-908,365
-776,333
-812,335
-844,307
-808,275
-936,429
-980,459
-952,439
-824,349
-784,349
-880,401
-840,419
-908,443
-884,477
-880,493
-820,469
-968,525
-992,529
-980,537
-948,523
-972,519
-980,531
-944,519
-944,513
-880,465
-904,471
-836,389
-776,343
-788,375
-744,355
-836,419
-884,419
-828,409
-776,421
-852,433
-812,437
-868,473
-812,431
-916,459
-864,407
-836,415
-840,417
-956,489
-904,479
-976,497
-968,515
-940,497
-932,481
-876,441
-868,427
-856,447
-912,495
-904,491
-968,499
-940,503
-852,401
-872,423
-884,425
-796,403
-740,329
-724,301
-748,339
-780,359
-780,373
-880,427
-876,469
-960,517
-868,489
-936,495
-908,479
-904,487
-936,469
-928,473
-872,415
-856,361
-748,341
-864,403
-860,393
-892,445
-820,409
-856,473
-932,515
-860,471
-932,501
-828,455
-920,491
-912,487
-908,499
-892,473
-928,521
-1008,543
-1072,569
-1016,529
-972,535
-948,525
-1024,557
-972,543
-1016,533
-880,465
-848,435
-872,439
-944,495
-896,495
-856,425
-832,445
-824,429
-860,433
-884,485
-900,453
-856,465
-820,445
-808,421
-816,379
-872,407
-840,413
-884,467
-876,463
-932,463
-912,439
-900,479
-832,433
-916,489
-928,479
-856,451
-992,509
-908,499
-924,501
-884,463
-872,389
-856,409
-896,455
-908,473
-964,501
-904,497
-920,505
-848,425
-896,449
-912,461
-916,483
-984,511
-904,467
-900,465
-872,465
-952,497
-964,519
-972,509
-932,497
-868,463
-856,467
-756,403
-832,413
-840,439
-876,471
-864,443
-860,411
-848,417
-876,435
-932,463
-892,417
-924,491
-836,411
-880,349
-956,341
-868,255
-832,257
-812,267
-744,261
-788,375
-808,409
-848,395
-900,403
-812,417
-792,373
-820,409
-844,409
-868,423
-680,323
-812,287
-816,277
-812,333
-864,327
-780,209
-812,235
-880,285
-860,257
-804,203
-800,147
-824,107
-760,119
-712,139
-796,141
-820,151
-804,133
-736,173
-692,139
-740,179
-680,145
-764,175
-760,247
-732,275
-756,277
-860,353
-852,325
-948,409
-852,371
-840,405
-808,405
-856,445
-900,427
-876,427
-824,391
-744,371
-828,365
-772,357
-828,373
-820,395
-728,377
-796,411
-896,467
-896,455
-884,449
-940,493
-888,495
-876,459
-932,497
-964,507
-940,479
-1040,559
-1008,551
-888,493
-944,493
-940,483
-848,445
-868,403
-864,409
-920,469
-956,469
-968,423
-928,417
-932,407
-948,429
-916,443
-812,385
-752,335
-832,391
-872,427
-864,431
-736,307
-776,319
-740,251
-784,281
-856,339
-868,373
-892,457
-916,479
-856,465
-848,447
-864,449
-816,443
-912,501
-904,489
-876,425
-924,457
-788,395
-812,421
-832,463
-932,485
-912,471
-852,461
-972,491
-880,445
-884,467
-924,489
-912,507
-984,529
-876,469
-832,457
-888,487
-840,457
-920,501
-932,501
-888,487
-852,433
-868,431
-812,397
-792,403
-824,431
-832,423
-892,479
-964,515
-928,493
-936,475
-852,429
-812,387
-880,425
-884,429
-880,417
-872,433
-892,447
-888,449
-924,463
-912,469
-872,457
-932,461
-960,471
-932,465
-840,397
-840,427
-876,467
-832,443
-872,463
-908,499
-968,503
-880,455
-848,413
-756,411
-832,427
-812,395
-756,347
-792,321
-784,291
-840,421
-848,443
-852,443
-908,421
-836,437
-780,417
-800,405
-856,439
-804,423
-864,469
-924,505
-864,463
-944,501
-964,507
-948,471
-948,493
-924,501
-944,505
-960,519
-932,523
-940,517
-900,507
-900,513
-932,499
-932,481
-916,489
-900,485
-1004,529
-904,515
-888,495
-916,487
-964,491
-860,459
-864,421
-796,341
-792,339
-792,307
-744,301
-756,325
-784,279
-792,277
-792,333
-852,341
-820,335
-840,361
-892,375
-816,345
-696,299
-744,373
-800,377
-816,391
-848,423
-864,425
-936,489
-892,441
-928,447
-888,401
-808,329
-768,271
-888,283
-872,365
-788,393
-780,355
-804,355
-868,405
-852,401
-824,339
-844,371
-804,351
-840,403
-912,441
-844,407
-860,433
-836,401
-872,403
-848,391
-900,411
-908,419
-868,441
-852,441
-848,479
-932,499
-920,505
-872,483
-952,503
-892,461
-852,469
-820,429
-940,513
-948,515
-848,475
-864,483
-980,525
-968,517
-980,537
-952,521
-952,529
-1036,549
-944,515
-944,517
-864,477
-888,491
-912,507
-904,485
-868,451
-880,441
-976,483
-1040,545
-1008,539
-948,519
-896,491
-924,511
-956,517
-880,455
-844,455
-816,441
-844,443
-856,411
-896,427
-812,407
-816,425
-860,389
-920,455
-932,477
-892,465
-968,517
-888,469
-900,451
-900,455
-896,465
-860,461
-856,419
-924,425
-924,451
-944,465
-888,481
-1016,557
-1000,543
-1028,561
-1016,555
-944,527
-976,539
-992,545
-972,531
-840,447
-876,473
-944,489
-940,503
-924,507
-968,525
-1036,553
-988,507
-960,509
-952,509
-912,473
-828,385
-880,407
-856,357
-932,409
-924,433
-868,449
-796,389
-848,387
-852,401
-824,395
-844,395
-848,393
-844,417
-916,445
-900,397
-840,433
-904,465
-888,445
-872,417
-880,387
-952,429
-840,391
-840,389
-836,395
-816,377
-940,445
-936,425
-904,453
-924,461
-896,455
-828,451
-896,483
-848,489
-752,437
-812,449
-924,493
-932,493
-944,513
-956,509
-952,479
-1020,537
-984,523
-948,501
-916,487
-940,471
-912,473
-928,489
-916,485
-876,465
-968,513
-936,509
-944,505
-928,499
-984,529
-916,499
-968,527
-960,491
-952,477
-928,505
-864,441
-864,443
-832,463
-852,459
-840,473
-916,507
-928,519
-952,515
-872,489
-968,519
-928,505
-928,491
-756,425
-884,493
-872,467
-932,459
-868,417
-848,381
-792,255
-756,199
-772,147
-812,61
-740,41
-672,113
-700,113
-696,133
-760,121
-756,71
-744,93
-784,101
-780,103
-772,61
-780,53
-748,37
-772,13
-708,15
-748,13
-756,65
-836,45
-864,59
-848,37
-816,63
-812,119
-828,239
-868,309
-836,303
-820,333
-820,325
-888,297
-820,295
-816,343
-872,353
-812,373
-836,435
-908,493
-904,483
-892,475
-952,507
-972,503
-848,489
-952,523
-892,497
-880,471
-876,469
-860,465
-956,523
-920,495
-980,487
-956,485
-924,479
-868,417
-856,403
-792,391
-928,403
-824,385
-824,317
-780,325
-796,339
-892,403
-912,387
-932,451
-900,427
-892,429
-944,461
-848,431
-752,333
-760,307
-704,247
-724,243
-864,281
-776,209
-828,215
-788,239
-752,195
-732,135
-712,131
-712,119
-748,211
-788,157
-792,221
-756,233
-760,251
-740,157
-756,105
-784,157
-776,265
-760,273
-808,241
-780,247
-692,157
-720,185
-688,139
-776,77
-752,135
-796,119
-736,113
-752,37
-784,25
-748,79
-728,83
-760,115
-820,143
-828,179
-800,79
-748,87
-832,53
-804,61
-832,61
-852,87
-856,61
-792,43
-732,-33
-688,5
-704,-35
-684,29
-768,15
-760,77
-744,23
-748,71
-736,189
-792,263
-792,245
-716,239
-740,265
-808,315
-820,353
-744,323
-792,335
-700,265
-672,247
-720,209
-744,283
-720,271
-780,271
-760,279
-732,281
-776,327
-776,339
-884,417
-884,411
-728,325
-792,369
-864,389
-840,437
-860,443
-860,423
-860,475
-856,467
-884,433
-884,431
-956,467
-908,433
-872,421
-812,373
-792,391
-896,465
-860,455
-880,471
-836,419
-848,405
-900,443
-900,457
-968,527
-952,533
-940,517
-912,501
-976,545
-932,511
-1032,549
-936,501
-856,455
-964,517
-852,459
-832,431
-848,465
-896,489
-980,523
-864,439
-784,367
-776,323
-756,297
-756,279
-792,229
-772,257
-772,235
-732,299
-792,355
-852,415
-936,483
-920,447
-892,461
-884,477
-920,521
-980,537
-984,519
-976,531
-996,555
-988,547
-948,507
-1000,531
-864,435
-884,437
-872,425
-800,389
-828,433
-948,485
-936,505
-900,443
-860,447
-800,405
-924,485
-892,475
-968,527
-1024,557
-956,527
-856,475
-828,439
-840,427
-952,495
-928,473
-928,497
-944,501
-900,505
-960,521
-988,533
-1012,559
-952,523
-924,499
-884,465
-896,473
-908,471
-916,493
-904,461
-772,359
-872,445
-908,479
-916,499
-948,505
-972,537
-964,537
-916,517
-860,491
-920,473
-860,435
-920,487
-968,517
-864,455
-920,485
-976,531
-804,425
-940,445
-860,421
-1000,485
-1028,469
-936,451
-992,439
-868,407
-856,399
-860,395
-904,377
-924,361
-884,391
-928,405
-872,415
-892,417
-788,403
-788,357
-812,397
-856,397
-892,415
-920,431
-932,471
-852,441
-920,433
-1012,489
-964,509
-900,479
-888,473
-864,477
-896,483
-916,491
-940,501
-948,481
-1024,561
-1124,589
-1040,557
-912,491
-896,503
-856,475
-968,501
-964,515
-968,499
-940,477
-868,427
-880,437
-952,515
-936,511
-896,471
-844,475
-860,469
-980,493
-984,523
-1032,535
-940,507
-892,501
-924,497
-916,465
-988,513
-888,467
-912,499
-928,505
-876,461
-912,503
-880,495
-836,453
-836,457
-952,509
-912,495
-916,487
-892,473
-912,487
-960,483
-968,469
-976,509
-944,477
-864,427
-888,441
-860,433
-888,413
-852,399
-888,431
-936,491
-964,531
-960,501
-992,529
-992,521
-976,511
-924,501
-860,463
-940,503
-884,467
-812,415
-764,397
-792,399
-732,385
-792,435
-772,385
-792,405
-900,463
-900,489
-896,477
-916,495
-936,481
-932,479
-892,423
-868,393
-900,431
-884,441
-916,419
-888,415
-856,375
-880,429
-888,447
-904,467
-840,443
-868,465
-916,495
-880,441
-880,447
-868,471
-868,435
-860,451
-832,425
-812,429
-892,479
-956,527
-964,525
-880,477
-1008,549
-988,541
-1008,539
-940,513
-1056,567
-992,543
-996,541
-1016,545
-996,541
-864,493
-840,457
-884,475
-904,457
-836,439
-920,463
-900,479
-808,409
-832,423
-776,383
-776,351
-956,501
-948,475
-952,471
-896,429
-928,441
-948,439
-904,453
-868,443
-880,491
-980,535
-980,527
-892,483
-940,481
-952,481
-956,477
-884,463
-944,475
-808,421
-872,461
-920,471
-852,439
-996,509
-848,425
-880,381
-892,379
-828,399
-856,383
-892,409
-880,405
-892,377
-896,383
-896,413
-864,381
-860,363
-860,403
-840,405
-860,413
-856,373
-872,359
-832,325
-824,343
-812,393
-872,453
-884,475
-848,453
-884,475
-852,425
-916,463
-900,469
-916,497
-888,487
-860,489
-832,463
-812,453
-836,463
-876,481
-748,397
-896,477
-792,411
-928,481
-948,473
-880,469
-916,483
-956,509
-908,507
-924,509
-980,529
-924,505
-956,529
-956,517
-824,443
-868,449
-884,457
-888,447
-864,433
-744,395
-776,371
-832,397
-868,403
-792,357
-784,313
-840,301
-824,343
-772,261
-776,237
-736,221
-752,313
-780,367
-864,423
-864,461
-876,467
-900,453
-912,503
-944,499
-908,455
-928,493
-884,465
-984,527
-968,535
-956,531
-924,505
-872,467
-912,487
-872,451
-856,473
-948,523
-948,519
-952,509
-824,471
-820,493
-892,499
-880,451
-948,499
-960,501
-944,509
-932,499
-880,483
-872,431
-852,445
-876,453
-872,467
-900,497
-952,519
-980,521
-956,511
-956,533
-988,533
-956,527
-1000,539
-964,521
-972,491
-976,453
-952,445
-900,443
-876,411
-884,417
-912,423
-892,411
-880,445
-892,475
-888,419
-928,481
-872,437
-876,467
-900,473
-944,505
-940,499
-824,403
-864,323
-844,293
-840,319
-844,295
-824,321
-796,313
-796,315
-788,241
-736,183
-704,213
-776,291
-808,283
-776,239
-756,169
-756,99
-804,89
-832,73
-772,117
-828,237
-812,227
-820,171
-836,245
-840,297
-848,331
-812,297
-776,293
-820,335
-772,279
-712,271
-728,311
-792,321
-780,311
-784,339
-776,343
-764,295
-784,249
-780,225
-736,227
-716,237
-736,247
-856,293
-836,327
-840,373
-876,423
-912,439
-880,453
-888,453
-916,459
-960,481
-996,521
-912,495
-840,459
-928,487
-892,463
-808,431
-912,485
-912,463
-816,371
-840,375
-820,419
-816,431
-860,437
-844,425
-760,401
-800,443
-896,515
-988,533
-972,509
-948,501
-920,509
-928,507
-936,515
-972,539
-960,535
-1032,557
-1016,551
-1012,541
-984,535
-968,533
-936,483
-952,495
-908,479
-912,465
-896,489
-880,453
-828,425
-812,399
-868,453
-892,485
-912,493
-896,465
-936,477
-932,481
-944,519
-1008,547
-1040,553
-936,519
-928,489
-864,465
-928,479
-884,467
-836,413
-820,385
-836,419
-880,475
-884,451
-900,451
-880,463
-864,467
-880,463
-904,493
-928,475
-872,453
-992,523
-976,533
-940,493
-912,499
-868,471
-828,455
-920,507
-948,509
-956,517
-968,523
-976,535
-924,505
-896,481
-924,489
-904,505
-992,529
-940,499
-884,491
-796,451
-868,481
-912,521
-1052,563
-1040,555
-968,517
-928,515
-948,521
-916,505
-964,543
-984,533
-948,529
-1000,537
-1072,575
-964,537
-932,505
-924,493
-988,515
-1032,557
-1036,537
-996,523
-912,473
-960,481
-924,481
-892,465
-792,429
-888,471
-860,457
-924,497
-976,531
-1028,551
-940,509
-1016,551
-952,517
-976,525
-968,505
-900,499
-828,445
-824,431
-900,495
-920,467
-876,397
-904,369
-880,359
-836,307
-796,329
-856,371
-768,305
-736,267
-788,221
-848,311
-876,279
-900,297
-880,273
-824,261
-792,263
-848,259
-848,239
-832,193
-840,131
-784,173
-728,47
-856,97
-800,153
-776,203
-844,201
-768,173
-788,185
-808,129
-876,199
-824,199
-788,139
-844,147
-808,121
-744,39
-820,39
-792,79
-832,75
-780,85
-808,97
-748,75
-780,61
-812,13
-764,-81
-876,-69
-876,15
-856,13
-868,23
-844,-17
-852,-35
-864,-5
-808,1
-844,-19
-828,-25
-824,-39
-912,-43
-780,-43
-760,9
-896,-65
-836,-63
-788,-65
-756,-9
-764,67
-764,89
-760,197
-792,129
-712,153
-748,139
-712,137
-768,95
-792,143
-744,79
-836,71
-812,71
-804,113
-816,117
-804,99
-792,93
-804,139
-816,259
-844,229
-808,209
-816,117
-732,27
-728,-1
-776,-77
-772,-45
-828,-101
-804,-165
-796,-85
-832,-113
-804,-63
-680,-69
-728,-97
-708,-169
-748,-129
-804,-233
-792,-309
-800,-289
-784,-271
-780,-293
-696,-227
-716,-319
-824,-409
-888,-477
-832,-453
-884,-449
-852,-459
-872,-465
-920,-501
-920,-511
-892,-497
-920,-505
-956,-487
-992,-511
-936,-485
-868,-435
-864,-381
-804,-339
-820,-337
-784,-247
-824,-191
-792,-199
-824,-281
-856,-307
-792,-269
-756,-249
-792,-257
-804,-247
-796,-257
-752,-249
-852,-203
-816,-207
-788,-249
-836,-195
-824,-143
-816,-79
-760,-109
-840,-111
-836,-133
-808,-65
-852,-141
-764,-107
-808,-149
-792,-105
-740,-75
-752,3
-740,41
-720,93
-780,85
-756,85
-776,157
-724,189
-780,317
-704,277
-692,195
-744,171
-788,175
-784,245
-748,285
-748,269
-792,333
-804,351
-824,383
-852,417
-800,395
-844,411
-928,455
-932,479
-976,493
-848,435
-808,375
-840,311
-820,321
-872,361
-820,383
-840,349
-844,429
-856,393
-924,431
-908,413
-916,407
-896,419
-880,359
-860,349
-856,377
-896,367
-828,323
-844,279
-900,321
-844,267
-748,191
-764,229
-808,255
-860,289
-904,309
-900,361
-840,347
-860,323
-828,325
-872,319
-824,319
-824,321
-920,299
-848,205
-784,181
-752,177
-728,131
-792,89
-848,87
-904,151
-824,195
-776,131
-860,211
-872,183
-840,171
-856,207
-892,267
-772,197
-704,177
-776,221
-860,241
-856,237
-768,227
-816,233
-804,267
-796,239
-796,341
-772,363
-852,437
-836,429
-848,427
-780,409
-876,451
-884,467
-916,475
-968,519
-972,521
-988,521
-940,499
-948,499
-928,515
-888,477
-872,425
-876,449
-948,483
-884,461
-932,491
-912,459
-904,469
-892,485
-864,497
-936,509
-888,445
-900,393
-980,443
-892,451
-832,459
-896,511
-860,485
-960,529
-980,535
-996,523
-948,493
-900,455
-840,437
-860,417
-880,437
-876,473
-872,467
-900,451
-964,501
-968,511
-956,517
-1056,567
-1024,557
-960,521
-952,517
-932,505
-896,477
-856,457
-888,483
-848,457
-944,477
-940,499
-984,507
-904,503
-940,505
-888,493
-868,459
-896,449
-888,491
-972,533
-928,505
-880,477
-932,505
-968,535
-924,501
-904,477
-928,493
-880,483
-956,515
-856,451
-792,369
-828,373
-860,427
-892,445
-896,463
-924,489
-908,475
-828,431
-816,383
-860,433
-916,453
-848,445
-832,435
-892,439
-884,447
-848,429
-860,423
-908,481
-936,483
-968,485
-908,513
-868,473
-868,451
-840,423
-900,455
-908,473
-880,409
-860,427
-908,477
-824,407
-912,423
-860,423
-888,459
-844,467
-956,491
-980,513
-904,457
-900,455
-828,409
-752,319
-800,335
-812,375
-792,365
-912,383
-832,379
-880,397
-772,325
-768,299
-728,289
-868,385
-916,439
-812,385
-880,435
-828,441
-856,439
-860,427
-852,383
-888,427
-924,451
-832,401
-836,421
-832,377
-800,319
-808,319
-868,349
-860,351
-840,357
-884,321
-828,319
-824,341
-800,397
-860,441
-872,373
-936,381
-884,391
-864,363
-872,377
-808,375
-812,357
-784,353
-844,425
-884,437
-916,457
-912,423
-912,465
-924,521
-916,499
-932,517
-1024,553
-872,463
-888,473
-868,471
-948,529
-984,533
-896,495
-1008,553
-1024,553
-1004,539
-1008,555
-948,515
-872,455
-916,451
-792,405
-872,399
-896,391
-848,419
-876,437
-924,505
-1008,541
-996,543
-972,531
-984,539
-972,519
-984,511
-868,443
-872,479
-776,415
-800,363
-868,411
-828,353
-836,285
-756,289
-780,265
-840,297
-872,381
-860,401
-888,443
-852,403
-780,337
-752,297
-788,323
-852,407
-832,405
-888,415
-964,435
-956,437
-872,445
-908,445
-916,461
-972,481
-932,491
-960,523
-936,513
-900,497
-924,515
-908,467
-852,449
-928,491
-884,447
-864,447
-776,395
-836,411
-924,479
-904,437
-912,475
-892,463
-892,437
-776,349
-872,421
-848,455
-896,479
-904,489
-880,419
-932,439
-880,421
-872,385
-812,357
-848,397
-868,387
-900,367
-892,409
-880,437
-836,425
-828,417
-864,461
-944,495
-944,495
-868,459
-852,459
-948,521
-980,535
-1020,535
-960,517
-996,531
-960,523
-904,497
-932,517
-928,509
-968,525
-960,523
-944,519
-884,497
-888,501
-888,499
-1000,547
-948,481
-952,479
-904,435
-796,423
-788,401
-868,437
-888,417
-816,413
-812,421
-880,479
-856,459
-828,431
-884,463
-932,503
-972,533
-972,517
-932,485
-876,447
-900,479
-960,487
-940,511
-928,477
-908,487
-852,449
-816,445
-820,439
-880,447
-848,381
-852,399
-864,397
-840,347
-752,293
-692,205
-684,225
-704,235
-684,187
-788,265
-764,251
-768,233
-732,139
-780,183
-768,185
-752,231
-836,205
-812,151
-796,135
-716,125
-756,127
-752,77
-740,101
-772,93
-780,163
-884,203
-860,227
-844,259
-852,319
-840,331
-928,377
-900,405
-784,303
-808,239
-768,159
-772,153
-720,97
-760,105
-832,77
-828,147
-840,197
-844,225
-832,193
-788,189
-820,165
-828,121
-828,157
-800,137
-796,233
-800,217
-796,271
-756,199
-736,201
-804,235
-840,267
-904,277
-844,269
-864,245
-744,199
-692,191
-760,209
-800,221
-740,201
-844,193
-796,245
-860,287
-860,299
-864,313
-832,343
-896,345
-856,305
-876,307
-848,315
-828,301
-864,389
-908,395
-872,377
-860,367
-932,441
-924,455
-928,409
-744,327
-784,353
-776,377
-808,389
-804,397
-756,361
-748,369
-812,435
-848,443
-892,469
-892,451
-828,389
-852,375
-788,359
-848,339
-908,367
-864,407
-832,397
-892,409
-880,417
-860,419
-852,419
-956,481
-940,497
-944,513
-980,523
-924,511
-964,535
-896,475
-832,431
-928,463
-932,445
-860,447
-908,467
-928,485
-1004,539
-944,509
-988,549
-932,525
-964,533
-944,519
-1000,537
-932,505
-916,503
-904,495
-952,525
-1016,541
-956,513
-848,449
-888,465
-880,473
-880,471
-844,447
-852,493
-904,497
-892,463
-872,485
-968,533
-1000,545
-952,525
-880,465
-848,449
-788,395
-860,435
-896,467
-944,523
-972,523
-892,493
-864,491
-868,461
-880,459
-772,407
-752,371
-776,299
-840,321
-856,355
-824,385
-804,367
-848,407
-860,399
-908,407
-824,363
-792,341
-768,347
-784,409
-824,423
-888,477
-972,519
-956,493
-904,477
-860,455
-976,509
-968,495
-904,459
-872,463
-968,467
-1004,497
-952,459
-964,487
-900,493
-872,461
-980,519
-920,467
-956,481
-968,487
-996,499
-968,507
-892,493
-904,495
-960,505
-864,465
-944,499
-848,485
-952,513
-900,473
-884,461
-944,431
-880,361
-740,247
-736,231
-748,209
-792,245
-776,205
-768,173
-644,161
-768,261
-800,255
-860,211
-772,253
-928,327
-908,315
-840,317
-840,329
-860,335
-888,361
-896,349
-884,409
-868,411
-940,467
-888,427
-904,441
-912,465
-956,487
-976,493
-960,479
-784,377
-860,385
-900,425
-844,389
-852,351
-744,353
-864,379
-864,391
-852,399
-904,417
-956,471
-884,423
-832,447
-860,439
-876,449
-884,453
-868,451
-904,471
-936,491
-912,469
-916,463
-832,451
-908,475
-864,443
-856,401
-796,353
-756,353
-832,379
-796,373
-896,411
-832,403
-900,461
-880,477
-984,537
-964,525
-980,527
-1004,539
-924,493
-828,447
-920,501
-868,457
-924,463
-960,473
-884,445
-876,409
-920,455
-904,479
-884,485
-920,493
-940,501
-932,509
-956,519
-932,527
-988,549
-920,491
-880,497
-848,467
-984,527
-880,493
-880,495
-900,495
-960,507
-896,477
-848,469
-904,497
-908,503
-808,451
-824,409
-828,359
-884,349
-840,351
-840,385
-788,329
-876,395
-876,409
-800,371
-888,429
-872,451
-836,433
-900,477
-904,447
-872,457
-844,433
-812,413
-824,411
-872,467
-828,453
-848,467
-1000,535
-932,511
-916,499
-900,501
-908,499
-988,511
-968,513
-1040,555
-924,501
-904,475
-868,449
-968,481
-944,505
-880,499
-892,509
-892,503
-904,499
-988,529
-1028,559
-1032,535
-936,489
-944,499
-932,487
-976,485
-964,489
-876,453
-852,417
-884,435
-844,377
-764,301
-776,309
-784,309
-816,323
-796,287
-792,289
-824,295
-800,283
-812,339
-744,309
-684,263
-724,267
-756,279
-752,303
-748,381
-760,387
-816,419
-820,429
-856,451
-900,489
-908,483
-900,479
-932,487
-964,507
-872,477
-892,495
-884,503
-828,455
-820,447
-876,477
-920,521
-864,487
-860,467
-840,465
-956,525
-940,495
-916,469
-828,423
-884,433
-808,403
-844,463
-920,449
-848,421
-860,407
-884,415
-908,453
-968,461
-844,441
-900,457
-892,481
-908,497
-912,469
-836,435
-804,407
-788,345
-836,411
-808,419
-888,457
-880,431
-992,511
-876,459
-872,473
-884,451
-900,479
-968,517
-932,501
-884,461
-912,489
-944,521
-852,461
-864,389
-912,427
-880,433
-920,459
-960,499
-920,459
-884,451
-876,473
-804,415
-924,497
-920,505
-888,493
-992,533
-1040,549
-928,505
-904,493
-800,415
-892,439
-876,411
-836,417
-952,411
-904,393
-760,335
-728,283
-752,341
-692,281
-672,235
-820,343
-816,373
-800,347
-824,379
-816,373
-808,353
-820,373
-928,473
-908,497
-948,521
-968,537
-992,539
-944,515
-984,527
-980,513
-1008,549
-976,533
-996,535
-920,491
-988,557
-952,537
-944,521
-976,541
-924,501
-988,525
-952,523
-976,511
-956,523
-964,531
-960,513
-968,535
-964,519
-936,515
-876,431
-824,427
-820,435
-824,445
-904,465
-928,433
-852,435
-824,377
-824,299
-796,303
-860,309
-804,267
-792,283
-836,279
-844,273
-816,247
-860,263
-904,355
-824,383
-932,387
-932,429
-920,461
-928,469
-928,475
-956,501
-844,489
-972,517
-896,493
-940,485
-940,463
-932,469
-916,441
-904,457
-840,401
-908,425
-996,455
-860,349
-776,307
-908,437
-852,405
-824,399
-832,365
-852,375
-820,329
-804,253
-832,253
-856,289
-784,241
-796,265
-792,293
-736,303
-880,403
-888,415
-924,413
-964,441
-940,423
-880,419
-848,367
-908,397
-940,455
-924,441
-904,427
-900,423
-992,447
-884,415
-844,397
-860,405
-848,409
-808,403
-828,417
-804,417
-804,399
-864,391
-808,421
-932,491
-888,497
-904,503
-932,479
-912,489
-936,507
-916,513
-908,455
-892,445
-908,473
-944,519
-1016,531
-992,539
-908,491
-908,505
-908,495
-824,455
-916,465
-904,483
-884,459
-864,447
-836,433
-888,461
-908,447
-840,417
-908,465
-924,453
-928,471
-920,463
-884,471
-1016,537
-936,503
-872,475
-860,443
-860,435
-876,429
-808,425
-816,405
-808,415
-852,413
-908,489
-904,495
-920,503
-912,513
-968,525
-972,527
-980,537
-1004,553
-1004,545
-1016,543
-976,511
-872,465
-964,539
-948,513
-928,491
-920,509
-872,493
-900,503
-832,423
-852,465
-936,489
-936,507
-856,477
-916,489
-920,473
-844,421
-888,463
-812,409
-772,389
-892,479
-984,543
-956,529
-964,499
-992,509
-976,507
-1020,529
-960,517
-960,529
-1012,559
-924,521
-928,503
-892,433
-832,417
-844,405
-828,373
-864,371
-764,361
-828,377
-780,341
-748,323
-796,319
-828,289
-800,339
-844,423
-784,385
-696,347
-752,353
-720,341
-812,399
-856,453
-864,423
-892,451
-920,477
-888,489
-920,501
-956,519
-924,511
-844,479
-948,509
-980,533
-956,525
-884,493
-892,447
-980,483
-892,467
-924,485
-852,455
-988,491
-872,463
-844,451
-804,451
-892,481
-992,529
-980,529
-1096,581
-988,533
-940,509
-1020,537
-964,533
-960,519
-956,521
-968,509
-984,533
-984,545
-976,535
-868,471
-872,435
-860,459
-908,485
-848,405
-924,435
-984,503
-896,483
-880,489
-956,527
-888,491
-880,471
-912,495
-836,429
-892,439
-900,415
-912,409
-888,387
-908,421
-936,421
-872,421
-884,423
-856,433
-884,483
-908,503
-1000,551
-960,511
-836,431
-884,453
-908,497
-896,475
-924,493
-856,443
-788,383
-808,337
-816,367
-788,345
-768,339
-788,327
-828,371
-828,401
-840,431
-860,467
-876,475
-908,473
-888,445
-948,501
-932,497
-896,481
-832,447
-840,421
-784,385
-784,395
-760,377
-744,371
-800,391
-880,471
-888,485
-972,527
-964,527
-976,515
-940,491
-952,481
-964,469
-880,445
-868,439
-880,467
-840,459
-872,467
-912,471
-964,519
-1064,565
-1012,547
-940,507
-956,527
-836,461
-828,457
-824,437
-844,417
-876,457
-860,467
-876,483
-908,479
-792,391
-816,401
-860,439
-856,491
-952,531
-932,521
-1044,555
-944,533
-888,491
-980,525
-876,485
-904,473
-832,411
-752,387
-792,417
-900,443
-856,429
-868,469
-800,445
-860,469
-936,511
-932,503
-920,507
-820,447
-912,483
-924,497
-956,503
-856,469
-876,473
-720,381
-848,431
-864,471
-892,497
-868,497
-980,539
-968,509
-988,547
-916,509
-980,529
-904,499
-940,511
-960,513
-948,491
-968,505
-928,473
-932,457
-980,521
-1052,571
-1032,563
-952,513
-936,515
-964,531
-932,507
-960,509
-976,521
-984,527
-988,541
-952,527
-952,513
-904,493
-804,439
-804,433
-896,455
-980,535
-1056,567
-964,539
-992,551
-988,545
-968,541
-924,519
-940,501
-924,501
-928,507
-840,413
-864,451
-828,449
-924,475
-852,431
-792,367
-852,401
-832,395
-856,371
-856,425
-848,433
-860,475
-940,495
-864,441
-760,387
-820,413
-856,371
-812,343
-848,385
-900,401
-836,397
-884,459
-796,401
-856,455
-940,517
-952,525
-920,499
-888,445
-788,431
-808,431
-820,429
-924,485
-832,429
-884,485
-952,515
-916,513
-868,483
-936,519
-928,509
-1000,519
-936,501
-940,499
-888,465
-888,455
-864,479
-1024,555
-1012,553
-1008,561
-944,531
-952,529
-884,499
-948,501
-924,483
-908,485
-924,497
-948,517
-1008,551
-948,527
-884,477
-968,515
-908,493
-988,527
-1024,547
-952,527
-980,533
-896,481
-824,423
-884,465
-960,467
-936,483
-940,447
-964,427
-1016,413
-948,351
-956,333
-820,273
-868,259
-888,181
-920,231
-888,267
-816,285
-904,371
-836,339
-832,357
-776,299
-800,357
-860,387
-840,381
-844,397
-928,429
-928,511
-976,505
-936,495
-920,481
-896,453
-816,391
-812,351
-796,303
-808,339
-880,359
-812,345
-788,303
-832,385
-860,307
-856,311
-840,195
-852,233
-860,259
-788,291
-844,305
-932,351
-900,365
-932,369
-928,407
-912,465
-956,495
-1012,555
-968,545
-980,535
-956,533
-1000,547
-1032,549
-960,519
-964,519
-968,507
-956,487
-976,497
-884,451
-920,487
-896,487
-796,429
-700,365
-756,395
-784,439
-896,475
-924,473
-800,429
-876,417
-880,439
-904,443
-932,443
-912,383
-824,323
-832,343
-804,291
-828,169
-784,147
-780,141
-832,119
-776,179
-780,213
-800,217
-768,243
-744,211
-800,177
-808,211
-780,135
-796,67
-784,91
-720,81
-800,73
-680,-1
-688,-49
-700,-41
-712,-73
-740,-79
-700,-113
-728,-157
-744,-125
-716,-151
-660,-225
-776,-259
-772,-237
-768,-235
-776,-231
-784,-257
-820,-265
-808,-281
-864,-313
-904,-321
-912,-339
-844,-293
-820,-313
-864,-297
-896,-361
-864,-405
-872,-395
-844,-423
-872,-475
-824,-467
-956,-525
-832,-461
-848,-467
-908,-501
-880,-479
-832,-419
-808,-387
-900,-427
-792,-391
-792,-391
-768,-369
-816,-421
-852,-465
-868,-471
-852,-475
-868,-457
-940,-503
-960,-509
-864,-471
-840,-465
-812,-435
-912,-491
-800,-419
-784,-427
-884,-443
-844,-439
-872,-457
-864,-447
-796,-395
-800,-399
-848,-421
-872,-457
-956,-469
-912,-459
-852,-441
-924,-509
-976,-503
-956,-501
-920,-477
-952,-495
-928,-469
-936,-475
-816,-435
-896,-485
-840,-423
-868,-427
-912,-437
-912,-447
-908,-451
-920,-471
-992,-531
-900,-465
-896,-473
-876,-449
-904,-481
-908,-499
-820,-463
-864,-467
-936,-497
-872,-481
-944,-485
-936,-477
-936,-475
-928,-493
-1004,-535
-948,-491
-856,-457
-756,-385
-896,-437
-832,-415
-812,-387
-828,-361
-744,-297
-804,-355
-792,-315
-864,-321
-840,-297
-804,-253
-768,-213
-776,-243
-788,-203
-792,-213
-788,-217
-708,-213
-760,-161
-796,-81
-800,-91
-808,-69
-756,-37
-684,-23
-664,-33
-752,-169
-756,-221
-748,-205
-724,-191
-728,-225
-700,-185
-712,-247
-696,-315
-752,-365
-776,-387
-920,-439
-908,-409
-884,-431
-828,-405
-856,-421
-776,-317
-856,-363
-864,-387
-876,-349
-888,-393
-916,-447
-896,-485
-864,-421
-864,-423
-880,-487
-928,-493
-948,-455
-988,-463
-964,-453
-980,-467
-876,-425
-932,-473
-860,-415
-776,-365
-776,-365
-820,-441
-884,-451
-912,-455
-936,-459
-900,-437
-904,-455
-904,-459
-880,-481
-852,-465
-864,-449
-836,-437
-924,-497
-820,-419
-812,-397
-868,-387
-856,-397
-828,-433
-904,-465
-884,-463
-848,-449
-896,-473
-888,-481
-864,-425
-924,-407
-908,-399
-856,-391
-900,-351
-940,-359
-876,-345
-920,-305
-876,-307
-904,-341
-864,-283
-836,-287
-788,-313
-800,-349
-792,-327
-856,-379
-864,-433
-924,-459
-912,-481
-908,-489
-908,-483
-968,-475
-932,-483
-904,-459
-920,-495
-932,-503
-988,-491
-964,-491
-1000,-511
-896,-479
-924,-503
-992,-535
-1036,-537
-988,-541
-848,-409
-860,-375
-860,-415
-932,-467
-928,-471
-932,-439
-916,-399
-944,-463
-896,-415
-804,-389
-860,-449
-916,-487
-844,-457
-900,-481
-804,-405
-916,-427
-904,-453
-824,-403
-804,-361
-796,-391
-776,-385
-820,-423
-872,-421
-888,-441
-840,-407
-864,-403
-792,-385
-856,-481
-972,-515
-1008,-539
-1012,-549
-928,-505
-908,-465
-860,-407
-868,-411
-796,-355
-880,-391
-892,-461
-964,-503
-948,-489
-900,-449
-936,-465
-868,-439
-964,-481
-880,-465
-924,-501
-860,-475
-912,-507
-876,-471
-968,-501
-960,-489
-968,-501
-940,-491
-924,-495
-836,-437
-916,-489
-1020,-545
-1000,-521
-912,-487
-988,-529
-964,-525
-988,-535
-908,-477
-932,-495
-960,-509
-924,-513
-960,-545
-888,-503
-944,-481
-876,-449
-868,-463
-920,-503
-956,-497
-900,-491
-976,-531
-892,-431
-928,-441
-936,-469
-892,-491
-900,-477
-812,-419
-740,-349
-872,-425
-920,-427
-844,-393
-816,-379
-856,-379
-720,-307
-720,-345
-788,-367
-876,-419
-852,-393
-876,-401
-884,-397
-792,-391
-836,-373
-776,-341
-820,-361
-876,-393
-804,-357
-776,-379
-796,-375
-916,-473
-916,-487
-992,-499
-932,-475
-912,-483
-900,-483
-924,-499
-980,-513
-964,-529
-932,-501
-948,-493
-872,-483
-860,-477
-884,-481
-944,-525
-948,-515
-956,-521
-932,-517
-880,-481
-980,-531
-932,-509
-852,-475
-884,-465
-952,-499
-932,-497
-944,-515
-892,-463
-872,-433
-784,-393
-840,-383
-892,-419
-880,-457
-864,-477
-796,-417
-864,-433
-828,-393
-744,-349
-832,-355
-760,-351
-780,-399
-804,-439
-884,-485
-952,-533
-936,-515
-912,-489
-1016,-539
-1044,-567
-1012,-559
-940,-521
-984,-527
-1008,-515
-992,-539
-912,-499
-852,-465
-816,-459
-900,-479
-940,-527
-904,-499
-916,-493
-948,-493
-900,-465
-904,-485
-952,-525
-960,-531
-976,-537
-1004,-531
-928,-511
-896,-495
-936,-507
-924,-483
-804,-419
-900,-429
-932,-449
-912,-493
-956,-521
-936,-513
-844,-473
-900,-499
-948,-531
-996,-541
-984,-539
-912,-513
-948,-531
-960,-527
-964,-531
-912,-507
-1052,-559
-928,-517
-908,-463
-896,-471
-908,-505
-956,-539
-992,-539
-928,-517
-820,-447
-804,-429
-872,-481
-848,-417
-820,-413
-836,-405
-848,-443
-992,-531
-884,-493
-984,-521
-956,-515
-908,-479
-824,-443
-868,-441
-928,-473
-944,-487
-968,-507
-996,-517
-972,-509
-856,-441
-860,-417
-804,-387
-880,-457
-892,-473
-936,-495
-984,-495
-908,-489
-916,-501
-900,-499
-932,-503
-988,-533
-916,-501
-976,-533
-916,-511
-944,-525
-964,-529
-900,-481
-916,-497
-984,-525
-868,-453
-876,-441
-896,-453
-900,-451
-876,-447
-800,-399
-832,-437
-820,-447
-940,-505
-952,-517
-1000,-531
-896,-475
-964,-521
-904,-485
-904,-453
-876,-469
-848,-451
-876,-377
-820,-369
-848,-407
-904,-427
-880,-417
-920,-455
-912,-443
-880,-417
-916,-453
-940,-467
-908,-459
-896,-471
-936,-505
-896,-449
-944,-505
-956,-503
-816,-437
-920,-477
-828,-435
-904,-483
-880,-473
-848,-491
-856,-459
-908,-463
-864,-437
-868,-391
-836,-413
-876,-369
-892,-339
-824,-285
-868,-333
-880,-387
-924,-407
-856,-335
-804,-319
-820,-285
-840,-245
-820,-203
-844,-119
-784,-87
-804,-109
-756,-65
-784,-51
-764,-19
-752,63
-760,133
-784,175
-752,163
-800,195
-816,229
-748,259
-824,307
-880,347
-828,329
-904,311
-844,285
-800,251
-848,351
-848,317
-864,325
-844,341
-804,319
-852,339
-868,295
-900,329
-944,429
-900,441
-896,467
-952,489
-844,469
-948,511
-832,443
-860,455
-816,395
-796,385
-824,375
-816,371
-832,367
-900,419
-816,395
-804,365
-724,301
-776,341
-760,341
-852,373
-844,389
-800,389
-832,381
-728,353
-744,361
-724,319
-788,405
-844,435
-844,473
-872,457
-764,405
-840,417
-900,483
-924,467
-920,483
-916,489
-872,477
-900,509
-944,511
-980,537
-924,507
-984,531
-980,539
-996,539
-952,523
-884,455
-904,437
-920,445
-892,439
-840,413
-864,397
-816,371
-832,429
-852,445
-924,443
-936,455
-796,423
-896,483
-856,393
-864,369
-888,411
-932,489
-900,517
-948,531
-948,537
-900,501
-972,515
-984,509
-1012,549
-1052,561
-924,505
-880,479
-880,447
-792,393
-812,359
-840,349
-800,319
-764,239
-852,315
-848,325
-816,335
-820,301
-836,341
-820,349
-812,349
-832,395
-808,395
-904,439
-892,411
-912,477
-960,517
-888,477
-868,441
-928,469
-960,489
-832,435
-852,389
-872,383
-940,439
-916,439
-896,457
-840,415
-812,437
-884,483
-940,511
-956,511
-928,513
-892,485
-952,529
-824,451
-908,505
-856,481
-912,503
-908,517
-924,511
-960,497
-1024,527
-1008,549
-972,543
-1008,517
-904,501
-1020,537
-1000,527
-1028,541
-1016,541
-952,505
-896,495
-868,485
-948,521
-968,511
-1016,539
-964,497
-964,523
-1032,557
-884,497
-928,495
-896,497
-944,513
-972,525
-864,499
-940,511
-960,509
-956,505
-924,481
-920,469
-884,477
-960,523
-1004,551
-940,491
-940,509
-892,487
-948,481
-880,479
-912,479
-960,481
-984,461
-984,465
-1000,437
-944,401
-864,369
-844,315
-864,295
-824,267
-860,241
-824,267
-852,281
-844,319
-788,309
-884,367
-856,351
-764,333
-840,353
-884,325
-900,337
-904,379
-952,399
-888,327
-816,293
-800,259
-832,273
-804,323
-760,275
-804,333
-840,303
-772,329
-836,373
-808,377
-896,413
-836,393
-880,395
-916,443
-808,391
-792,407
-832,325
-784,283
-712,215
-780,231
-736,233
-688,201
-792,233
-808,253
-736,219
-716,159
-772,209
-744,193
-768,267
-876,373
-812,349
-796,331
-884,369
-868,423
-888,403
-912,423
-828,375
-840,341
-796,265
-796,237
-780,293
-752,353
-864,441
-912,453
-880,361
-800,363
-768,339
-776,361
-800,377
-868,407
-900,419
-880,453
-896,463
-856,441
-844,461
-872,469
-896,473
-892,489
-936,495
-924,507
-996,539
-952,489
-1048,549
-924,493
-844,451
-956,499
-976,477
-972,483
-972,511
-948,523
-920,463
-868,453
-916,475
-864,463
-940,505
-904,495
-956,519
-932,489
-928,507
-972,537
-976,537
-944,513
-872,443
-960,485
-868,419
-820,385
-808,357
-800,371
-844,413
-812,415
-804,381
-888,459
-876,435
-836,395
-932,451
-864,421
-824,445
-912,481
-892,509
-904,509
-932,521
-924,507
-868,471
-900,491
-936,499
-928,501
-916,511
-920,509
-968,531
-988,523
-960,499
-880,479
-1012,547
-1016,549
-888,511
-908,499
-920,467
-916,499
-920,503
-920,517
-944,505
-928,505
-996,533
-1056,561
-1020,545
-928,509
-964,527
-892,481
-940,491
-1028,549
-984,541
-1036,559
-916,483
-952,483
-928,461
-956,521
-972,525
-972,541
-928,499
-1008,545
-1084,575
-992,517
-952,487
-868,437
-828,407
-820,389
-864,381
-756,329
-864,353
-880,441
-932,477
-944,503
-1004,547
-980,539
-896,485
-916,505
-920,505
-860,463
-976,523
-868,491
-876,453
-848,433
-876,461
-868,441
-876,467
-836,429
-792,421
-792,383
-744,357
-748,311
-744,285
-792,215
-796,175
-776,187
-804,177
-808,209
-848,167
-828,119
-852,133
-832,149
-836,171
-848,137
-872,125
-884,117
-828,121
-852,135
-860,183
-780,115
-788,117
-764,77
-756,11
-732,39
-700,3
-672,63
-828,139
-876,29
-808,21
-796,83
-748,27
-692,-23
-644,-5
-696,-1
-704,47
-784,-79
-788,27
-724,41
-700,-17
-680,-31
-796,27
-752,23
-824,15
-852,-13
-876,-13
-816,41
-760,75
-712,117
-800,125
-780,81
-760,105
-804,87
-812,105
-776,115
-748,171
-776,97
-808,101
-820,57
-832,39
-812,59
-832,49
-792,35
-848,11
-808,9
-784,-43
-792,-3
-796,33
-780,119
-812,177
-712,223
-756,235
-828,301
-780,265
-756,307
-812,361
-824,325
-820,317
-800,241
-756,209
-780,243
-772,285
-748,373
-844,423
-832,383
-812,405
-872,435
-876,431
-916,445
-932,497
-896,481
-796,427
-976,529
-984,535
-1052,559
-936,511
-1016,551
-932,487
-884,493
-872,467
-948,507
-940,481
-848,475
-896,491
-932,501
-956,515
-944,479
-904,477
-952,441
-908,415
-844,339
-868,313
-808,301
-916,355
-860,349
-844,389
-892,447
-812,387
-896,427
-868,439
-912,425
-824,405
-864,427
-820,381
-880,349
-864,355
-832,335
-860,331
-820,349
-868,349
-876,343
-852,321
-788,337
-752,333
-780,371
-792,389
-816,419
-872,463
-924,487
-868,491
-888,481
-860,415
-848,421
-864,455
-852,417
-868,451
-912,463
-876,431
-860,435
-812,399
-788,379
-816,421
-928,481
-928,489
-1008,545
-980,513
-900,491
-1008,555
-1004,551
-880,455
-952,483
-928,511
-952,501
-944,519
-1000,519
-1020,537
-964,517
-916,503
-892,483
-872,493
-896,477
-964,499
-840,443
-880,393
-820,341
-780,351
-844,371
-808,317
-748,273
-808,275
-724,255
-784,277
-812,305
-848,349
-860,365
-880,409
-844,405
-804,397
-844,469
-904,487
-880,503
-904,489
-920,499
-864,449
-868,443
-856,405
-840,421
-900,467
-916,483
-872,455
-908,437
-856,389
-824,327
-772,329
-856,357
-860,453
-808,423
-868,445
-844,437
-948,473
-892,467
-848,427
-900,473
-904,461
-972,507
-956,497
-868,475
-940,507
-880,471
-876,477
-912,511
-936,525
-856,491
-968,507
-988,491
-988,485
-984,537
-888,485
-900,497
-888,477
-920,487
-852,483
-924,509
-884,503
-916,509
-916,521
-948,517
-928,499
-948,509
-880,441
-836,439
-876,433
-852,423
-844,443
-792,411
-868,467
-864,443
-844,431
-856,409
-872,393
-824,411
-864,437
-864,449
-956,481
-944,499
-872,455
-892,487
-912,483
-912,517
-892,495
-908,467
-840,437
-772,377
-780,329
-760,355
-788,369
-780,359
-864,415
-876,465
-816,421
-820,449
-1012,545
-924,479
-860,479
-912,485
-984,539
-956,529
-972,543
-944,515
-900,491
-920,481
-956,505
-956,535
-948,505
-896,467
-804,401
-888,497
-880,479
-856,477
-956,505
-864,463
-872,463
-944,519
-988,529
-916,483
-896,463
-856,443
-812,423
-848,457
-856,435
-840,393
-824,399
-832,389
-884,393
-912,427
-912,425
-940,427
-924,449
-868,389
-860,445
-872,459
-848,433
-932,473
-896,473
-964,499
-924,485
-872,475
-888,463
-1020,537
-1024,547
-968,535
-1012,541
-984,525
-880,469
-896,499
-1024,555
-908,497
-904,473
-804,461
-948,511
-892,483
-940,495
-832,467
-904,477
-908,479
-848,429
-808,447
-840,469
-904,499
-988,511
-964,493
-932,455
-912,457
-932,485
-848,449
-888,453
-856,447
-820,439
-880,457
-888,445
-916,447
-892,457
-896,479
-932,477
-932,477
-912,473
-824,473
-868,439
-928,467
-876,409
-884,431
-932,497
-960,523
-944,501
-932,501
-840,427
-868,447
-708,375
-764,373
-860,327
-848,329
-792,365
-808,321
-816,327
-820,345
-800,341
-892,417
-856,375
-840,407
-828,415
-820,409
-888,423
-1012,489
-972,503
-940,495
-964,529
-952,533
-888,495
-952,525
-1016,563
-1024,555
-960,535
-952,519
-904,479
-924,481
-880,469
-832,447
-768,403
-832,429
-816,439
-780,381
-824,405
-840,445
-972,505
-948,515
-948,521
-864,479
-980,539
-988,527
-912,501
-904,461
-896,431
-948,475
-912,473
-980,497
-1012,517
-944,471
-904,471
-936,449
-876,407
-896,391
-928,441
-952,451
-900,489
-916,489
-948,523
-956,523
-996,519
-896,485
-796,457
-836,449
-792,395
-860,445
-884,379
-840,331
-808,315
-820,359
-848,457
-936,515
-992,541
-1008,551
-1004,551
-968,537
-924,513
-948,495
-904,493
-936,517
-956,531
-936,495
-936,493
-960,517
-908,497
-876,443
-948,491
-924,481
-856,469
-932,499
-968,513
-1008,527
-948,497
-900,485
-932,465
-856,413
-864,433
-856,429
-916,407
-908,401
-868,361
-852,363
-780,319
-784,345
-748,327
-784,359
-820,353
-872,317
-840,269
-840,265
-792,307
-788,327
-828,379
-828,417
-888,465
-888,445
-884,481
-912,485
-960,521
-944,525
-916,479
-908,491
-1008,515
-964,485
-928,489
-940,469
-892,423
-804,383
-884,419
-916,433
-856,441
-880,479
-968,513
-1036,545
-1020,541
-984,517
-968,513
-980,531
-952,519
-924,519
-936,523
-884,481
-920,459
-912,475
-836,437
-936,493
-876,459
-760,391
-804,389
-820,389
-764,381
-808,409
-848,437
-948,439
-940,475
-916,509
-916,495
-880,483
-956,509
-1052,541
-944,515
-896,499
-900,497
-904,493
-888,487
-920,489
-948,493
-968,501
-924,469
-980,497
-996,521
-916,487
-920,493
-916,501
-908,501
-912,473
-876,453
-860,403
-816,373
-800,363
-832,379
-860,439
-840,421
-800,395
-828,385
-832,403
-840,415
-876,395
-804,357
-852,339
-840,357
-796,355
-844,367
-780,325
-820,395
-780,365
-876,411
-928,457
-828,413
-840,393
-892,471
-912,491
-804,439
-868,493
-828,459
-912,513
-964,495
-928,493
-896,491
-928,513
-868,453
-888,467
-896,461
-920,461
-912,447
-896,457
-908,477
-900,445
-956,455
-968,455
-824,379
-932,457
-868,437
-860,401
-832,371
-788,367
-868,469
-928,473
-988,529
-920,517
-1008,547
-940,519
-916,501
-1008,549
-1068,579
-1064,577
-1080,577
-984,541
-960,509
-992,535
-1016,533
-1040,565
-948,527
-904,507
-976,533
-940,515
-964,479
-888,457
-996,517
-916,493
-988,491
-992,495
-840,435
-904,433
-872,463
-832,459
-808,427
-876,463
-936,509
-960,513
-952,499
-904,499
-904,463
-904,477
-884,465
-916,497
-904,493
-812,467
-864,449
-844,395
-836,389
-768,319
-852,335
-868,343
-880,363
-860,395
-844,425
-948,487
-968,441
-892,403
-924,409
-904,475
-868,421
-876,483
-868,479
-940,503
-896,449
-924,457
-860,453
-900,481
-928,481
-968,499
-964,493
-936,481
-932,463
-924,417
-912,423
-908,481
-912,427
-980,501
-880,445
-852,387
-876,389
-920,387
-928,417
-772,329
-748,293
-888,351
-876,295
-864,209
-772,185
-832,183
-864,253
-904,283
-864,337
-796,353
-832,399
-812,327
-828,339
-776,349
-820,369
-856,357
-884,395
-940,439
-932,449
-848,411
-952,427
-844,373
-900,383
-940,405
-904,371
-840,361
-892,447
-856,411
-812,401
-820,397
-800,405
-872,441
-884,431
-812,405
-844,437
-864,449
-816,421
-828,371
-880,365
-820,335
-820,371
-884,399
-844,409
-836,369
-808,357
-820,367
-824,381
-844,351
-920,359
-816,359
-800,267
-832,321
-844,301
-876,239
-868,275
-836,303
-872,303
-804,281
-776,295
-864,317
-884,351
-828,317
-804,263
-820,175
-820,171
-728,121
-720,117
-776,117
-776,43
-772,39
-756,93
-764,13
-796,39
-776,69
-768,71
-740,115
-704,41
-652,27
-748,9
-744,109
-752,197
-860,267
-832,279
-836,303
-840,299
-852,277
-816,289
-880,275
-824,279
-776,303
-752,279
-680,209
-740,171
-804,213
-896,223
-832,201
-768,209
-784,173
-812,95
-788,75
-800,133
-784,141
-852,61
-796,19
-744,-89
-728,-63
-688,-29
-652,-61
-652,27
-612,33
-672,121
-720,117
-804,141
-792,151
-808,183
-724,149
-740,83
-732,47
-716,69
-736,107
-740,81
-712,77
-812,73
-820,53
-740,43
-724,27
-808,19
-756,-3
-800,-11
-856,-41
-824,-17
-752,-3
-764,-65
-752,-153
-720,-135
-704,-179
-780,-211
-668,-143
-624,-93
-664,-177
-664,-129
-636,-173
-656,-131
-732,-195
-796,-237
-748,-297
-864,-359
-880,-373
-964,-431
-808,-375
-772,-353
-784,-335
-824,-361
-740,-281
-676,-253
-756,-249
-820,-217
-840,-181
-824,-231
-844,-281
-784,-193
-808,-245
-740,-305
-776,-311
-784,-269
-732,-243
-768,-247
-832,-247
-772,-219
-800,-239
-804,-239
-820,-255
-856,-305
-768,-259
-808,-273
-724,-231
-724,-179
-752,-129
-796,-175
-816,-199
-760,-191
-856,-237
-832,-241
-852,-267
-900,-277
-816,-249
-724,-235
-808,-229
-788,-185
-760,-211
-816,-183
-808,-129
-856,-107
-860,-109
-888,-241
-876,-231
-780,-277
-772,-315
-768,-307
-828,-347
-832,-363
-868,-387
-864,-405
-904,-409
-932,-443
-928,-469
-964,-497
-952,-491
-884,-437
-840,-431
-872,-433
-904,-447
-860,-423
-896,-421
-828,-375
-848,-385
-924,-413
-876,-431
-848,-401
-880,-415
-792,-389
-884,-409
-916,-487
-1024,-537
-964,-501
-924,-475
-952,-503
-924,-507
-944,-469
-936,-491
-884,-455
-900,-467
-952,-515
-1008,-537
-884,-485
-844,-453
-964,-529
-944,-489
-956,-495
-1008,-549
-1048,-561
-972,-515
-872,-471
-792,-415
-896,-429
-968,-501
-864,-465
-888,-485
-912,-479
-840,-429
-868,-461
-856,-459
-964,-519
-1008,-545
-924,-507
-880,-471
-900,-481
-848,-453
-888,-445
-952,-481
-996,-537
-1020,-549
-1032,-557
-896,-483
-968,-503
-896,-489
-968,-535
-980,-545
-1052,-559
-984,-537
-916,-469
-824,-439
-840,-465
-888,-473
-852,-443
-896,-461
-904,-455
-960,-501
-920,-497
-952,-455
-976,-527
-992,-531
-936,-529
-900,-487
-880,-451
-872,-435
-840,-389
-912,-475
-868,-461
-904,-491
-880,-465
-952,-501
-988,-519
-940,-501
-992,-527
-996,-539
-932,-509
-920,-499
-848,-461
-852,-457
-792,-425
-840,-435
-936,-445
-868,-447
-860,-373
-828,-309
-876,-373
-832,-275
-816,-277
-852,-287
-812,-257
-780,-261
-772,-209
-760,-187
-856,-161
-844,-155
-804,-151
-828,-109
-852,-123
-844,-123
-784,-145
-840,-233
-876,-253
-824,-351
-848,-313
-776,-293
-756,-327
-820,-335
-860,-363
-876,-345
-772,-275
-804,-245
-740,-193
-736,-165
-800,-121
-796,-109
-752,-121
-768,-91
-752,-163
-772,-101
-812,-85
-876,-125
-796,-161
-856,-133
-900,-131
-828,-165
-792,-157
-828,-159
-792,-191
-752,-131
-744,-105
-740,-43
-724,-101
-692,-109
-744,-55
-872,-15
-796,-55
-756,3
-796,65
-700,131
-772,207
-836,311
-836,353
-792,363
-820,335
-880,345
-816,321
-780,251
-744,199
-696,233
-792,247
-748,269
-724,259
-752,255
-812,283
-824,299
-872,249
-812,225
-816,233
-800,179
-816,185
-740,149
-764,109
-736,111
-784,65
-776,71
-764,73
-736,101
-692,143
-736,93
-852,191
-760,191
-896,227
-832,207
-868,283
-796,313
-780,225
-804,263
-828,289
-868,309
-828,303
-856,289
-900,337
-868,317
-880,369
-888,403
-916,439
-936,471
-952,479
-876,429
-916,451
-896,493
-768,433
-864,453
-920,447
-956,491
-888,431
-900,439
-868,431
-852,457
-936,501
-944,511
-972,529
-976,545
-928,517
-860,489
-904,489
-812,465
-888,473
-872,459
-812,409
-792,351
-828,383
-848,401
-872,463
-928,457
-936,437
-908,403
-920,449
-880,397
-824,395
-796,383
-748,381
-768,369
-804,435
-832,391
-880,425
-848,433
-896,447
-896,433
-892,419
-872,423
-824,433
-884,465
-940,509
-916,457
-812,379
-836,441
-832,423
-828,403
-816,381
-796,337
-812,351
-748,379
-772,377
-828,361
-888,387
-896,407
-816,353
-800,325
-892,429
-856,415
-908,419
-932,451
-928,469
-956,533
-940,511
-932,501
-944,499
-952,521
-872,469
-916,521
-980,529
-960,503
-876,489
-944,485
-888,417
-868,441
-916,443
-868,461
-920,483
-936,483
-912,491
-856,457
-872,455
-908,491
-940,499
-856,449
-876,459
-892,435
-868,401
-832,427
-840,393
-812,303
-732,303
-764,279
-720,297
-760,247
-756,231
-836,207
-736,131
-776,87
-772,135
-804,207
-728,157
-744,129
-764,87
-832,97
-776,135
-792,139
-812,225
-748,171
-792,227
-772,277
-776,263
-788,273
-696,269
-720,301
-844,293
-832,291
-824,271
-876,285
-820,291
-808,327
-796,341
-820,365
-936,473
-964,517
-944,523
-956,523
-976,537
-948,525
-928,525
-948,497
-992,519
-888,491
-888,455
-920,461
-940,465
-972,499
-920,431
-796,355
-784,353
-808,393
-804,299
-828,313
-916,301
-860,247
-808,183
-748,187
-744,145
-800,113
-796,195
-804,153
-804,155
-708,131
-732,181
-736,149
-800,145
-780,155
-760,79
-800,125
-824,163
-776,211
-712,155
-732,161
-772,213
-772,241
-780,319
-872,389
-872,437
-872,455
-880,449
-872,447
-896,471
-924,507
-952,497
-896,391
-892,419
-844,407
-868,453
-816,459
-784,399
-824,381
-924,455
-880,435
-800,399
-828,421
-820,393
-752,323
-756,345
-772,289
-788,247
-820,207
-728,165
-772,165
-800,123
-780,177
-808,149
-792,133
-792,227
-824,305
-780,283
-800,307
-752,271
-820,281
-828,287
-776,253
-820,319
-788,253
-824,253
-848,243
-924,165
-864,153
-692,139
-772,123
-748,73
-828,71
-812,33
-788,37
-756,-1
-728,25
-700,77
-728,127
-780,261
-812,265
-804,373
-852,371
-816,369
-824,411
-800,369
-904,465
-960,501
-920,501
-872,485
-1004,549
-956,533
-988,549
-900,483
-884,443
-896,485
-876,489
-860,495
-952,521
-832,479
-892,469
-864,461
-856,423
-860,439
-868,471
-912,513
-944,503
-948,483
-916,427
-972,431
-876,423
-864,391
-916,389
-848,393
-888,389
-912,405
-864,425
-920,449
-960,497
-948,485
-924,487
-980,539
-948,533
-980,539
-904,495
-940,517
-1012,559
-1000,537
-912,481
-840,427
-804,409
-844,439
-820,415
-864,467
-924,475
-912,487
-932,505
-884,475
-852,453
-836,419
-944,503
-940,519
-928,507
-968,491
-964,481
-944,513
-1036,559
-1032,567
-1008,555
-884,497
-908,485
-868,443
-864,435
-888,471
-968,495
-896,459
-888,439
-868,415
-836,417
-880,431
-872,483
-972,533
-924,507
-1040,553
-888,477
-888,461
-868,429
-936,431
-948,459
-948,483
-932,473
-944,461
-916,441
-908,415
-836,341
-832,363
-876,395
-800,335
-884,377
-848,399
-848,415
-832,297
-808,287
-764,293
-724,225
-764,221
-800,235
-840,281
-860,357
-856,365
-824,351
-836,375
-908,449
-868,451
-892,459
-952,509
-916,511
-916,501
-976,541
-924,517
-976,525
-996,533
-948,499
-960,507
-952,519
-900,459
-904,499
-872,463
-856,491
-904,467
-924,521
-972,531
-884,503
-904,503
-796,429
-820,437
-852,461
-896,491
-816,437
-880,443
-964,511
-928,495
-916,481
-928,487
-876,481
-988,499
-956,471
-952,491
-880,463
-732,417
-900,503
-988,533
-940,509
-996,523
-884,467
-928,521
-972,533
-920,501
-904,519
-876,507
-932,507
-896,501
-908,525
-980,547
-972,541
-980,525
-920,505
-872,483
-976,531
-996,529
-864,451
-848,449
-924,475
-872,437
-900,449
-880,427
-856,429
-896,449
-900,489
-924,501
-896,489
-936,505
-976,519
-908,481
-880,479
-872,457
-860,465
-836,439
-936,487
-924,487
-832,421
-852,415
-868,425
-880,425
-868,409
-876,401
-840,377
-824,389
-864,415
-832,421
-880,453
-892,489
-892,475
-916,465
-900,467
-960,447
-912,473
-872,469
-860,407
-872,385
-896,359
-816,305
-816,283
-876,273
-880,287
-944,323
-912,319
-884,343
-828,305
-812,287
-780,299
-792,309
-776,275
-740,283
-732,305
-732,335
-800,363
-900,403
-924,453
-896,425
-960,503
-972,515
-900,477
-884,415
-888,409
-864,403
-888,427
-876,443
-888,455
-896,471
-900,483
-908,417
-952,433
-928,413
-876,345
-892,359
-844,349
-808,345
-872,385
-848,367
-864,339
-884,361
-900,429
-852,397
-788,413
-828,431
-884,411
-836,407
-916,411
-896,395
-856,337
-816,329
-828,293
-788,247
-752,275
-836,349
-732,261
-788,325
-776,363
-852,419
-768,359
-812,393
-816,423
-912,491
-944,509
-960,475
-924,487
-932,503
-992,539
-1012,535
-888,507
-908,505
-888,457
-876,463
-852,469
-836,457
-916,475
-992,527
-924,495
-952,507
-944,499
-976,511
-968,531
-916,501
-940,507
-800,425
-840,461
-880,483
-840,445
-900,487
-920,493
-876,457
-888,445
-928,447
-864,403
-832,327
-792,337
-816,327
-756,241
-744,197
-744,153
-780,165
-808,125
-772,159
-816,209
-840,239
-708,189
-804,287
-820,261
-792,267
-760,211
-788,163
-752,145
-736,129
-688,115
-752,109
-760,109
-740,129
-704,107
-724,91
-736,57
-704,29
-768,-19
-740,-65
-728,-81
-760,-89
-780,-191
-872,-193
-836,-175
-712,-145
-824,-51
-836,-21
-756,-21
-860,-29
-804,-21
-736,31
-796,83
-836,125
-900,133
-816,159
-792,217
-776,229
-720,163
-784,153
-712,119
-728,93
-768,121
-724,143
-740,119
-768,103
-720,133
-732,133
-736,141
-764,181
-788,205
-764,207
-844,213
-912,251
-832,271
-764,263
-740,305
-752,361
-804,399
-900,465
-872,461
-832,399
-784,387
-808,411
-948,495
-880,461
-888,463
-900,471
-900,481
-872,449
-868,453
-948,473
-828,355
-876,423
-956,511
-880,473
-896,449
-940,501
-940,497
-912,499
-920,501
-956,539
-948,507
-896,495
-964,525
-820,447
-800,423
-808,431
-832,463
-884,487
-928,517
-972,527
-928,511
-920,503
-820,423
-808,409
-860,411
-872,405
-924,449
-896,437
-840,443
-896,471
-916,457
-944,493
-896,473
-852,467
-868,465
-928,503
-900,497
-916,503
-796,419
-784,409
-836,341
-832,341
-828,363
-792,357
-832,381
-876,437
-892,457
-872,453
-848,443
-832,371
-880,447
-916,451
-904,481
-876,483
-920,467
-884,487
-876,487
-880,487
-844,401
-908,397
-888,427
-880,429
-928,475
-884,449
-912,447
-952,467
-908,485
-960,507
-928,515
-968,517
-992,525
-928,475
-920,445
-952,485
-892,411
-944,435
-892,447
-852,431
-880,445
-852,431
-800,409
-816,407
-800,447
-808,459
-892,489
-896,493
-924,521
-936,513
-948,507
-868,461
-912,481
-976,515
-900,491
-924,499
-864,449
-840,429
-856,455
-816,393
-756,373
-804,345
-840,401
-848,439
-888,465
-892,441
-860,423
-868,431
-852,445
-864,435
-944,483
-948,457
-948,517
-936,489
-940,489
-992,513
-960,473
-984,523
-900,465
-936,451
-972,531
-976,503
-928,479
-960,467
-888,453
-928,495
-864,443
-912,473
-908,467
-976,485
-984,469
-968,479
-956,503
-936,517
-920,499
-856,435
-920,447
-952,473
-908,435
-932,483
-988,513
-848,459
-824,433
-856,421
-824,415
-780,381
-844,363
-872,411
-880,415
-864,389
-784,347
-848,409
-840,439
-872,435
-804,419
-848,409
-896,439
-908,469
-924,503
-892,467
-924,513
-916,501
-968,519
-884,487
-884,465
-964,489
-928,485
-912,485
-884,475
-900,483
-932,519
-980,519
-948,505
-908,479
-820,411
-764,387
-776,421
-756,397
-724,313
-760,307
-792,369
-836,395
-828,453
-812,379
-844,389
-772,369
-772,375
-732,361
-752,413
-864,465
-912,485
-884,475
-844,475
-900,491
-936,501
-952,521
-980,519
-924,483
-948,501
-896,463
-872,455
-968,511
-928,503
-1000,529
-952,521
-948,523
-928,529
-884,487
-844,463
-852,463
-936,511
-956,517
-1040,545
-996,533
-984,533
-1008,533
-1044,549
-968,539
-1004,531
-908,479
-856,403
-888,403
-844,401
-836,413
-888,451
-940,513
-984,539
-1000,551
-1012,543
-1024,553
-1020,557
-940,517
-896,501
-884,487
-972,529
-908,499
-952,523
-988,535
-964,527
-996,541
-976,525
-920,505
-928,509
-916,501
-1016,551
-932,511
-924,525
-968,517
-984,541
-988,537
-980,545
-944,533
-852,467
-832,451
-856,463
-852,427
-868,471
-952,521
-940,523
-908,515
-936,525
-1016,553
-912,517
-904,503
-928,511
-876,485
-1008,553
-992,539
-988,539
-1040,561
-940,507
-952,503
-928,469
-1040,523
-892,455
-964,505
-964,517
-968,527
-936,507
-928,517
-960,523
-928,511
-912,503
-892,487
-956,503
-960,497
-888,479
-1020,545
-972,529
-1020,555
-992,531
-908,503
-844,463
-844,465
-880,485
-868,455
-920,477
-964,519
-984,519
-1008,539
-1012,547
-932,493
-896,471
-980,493
-1000,529
-888,477
-928,487
-928,469
-896,447
-904,471
-840,431
-932,511
-976,511
-944,475
-952,487
-952,479
-852,431
-800,367
-808,395
-800,383
-784,349
-808,301
-848,347
-780,325
-732,365
-716,285
-752,275
-760,245
-776,229
-780,239
-804,267
-856,397
-848,455
-936,517
-964,501
-932,477
-916,491
-900,463
-904,463
-852,445
-872,483
-872,495
-928,511
-1024,555
-1024,543
-968,509
-908,495
-904,515
-960,535
-928,509
-944,487
-888,451
-984,489
-956,481
-896,493
-912,483
-888,501
-980,537
-908,491
-908,469
-936,439
-892,477
-920,487
-984,523
-932,505
-920,475
-908,509
-936,483
-964,497
-964,505
-976,531
-932,515
-948,511
-896,493
-884,491
-912,473
-836,407
-816,387
-884,427
-876,447
-892,433
-888,429
-816,399
-864,387
-836,343
-888,427
-936,453
-896,377
-872,397
-916,427
-884,429
-884,417
-908,437
-916,433
-892,449
-900,469
-912,489
-940,493
-908,489
-904,493
-924,485
-932,503
-972,519
-880,471
-852,435
-860,467
-872,465
-920,511
-852,487
-1000,541
-936,499
-812,427
-800,409
-872,419
-784,361
-928,397
-900,435
-996,489
-940,483
-920,459
-928,419
-968,453
-956,449
-884,465
-868,469
-904,505
-984,529
-1008,539
-972,531
-976,513
-944,475
-916,471
-940,475
-948,507
-904,485
-892,465
-900,499
-864,487
-924,505
-908,497
-900,487
-880,461
-824,429
-852,463
-820,403
-796,373
-788,335
-844,427
-784,385
-836,389
-856,403
-936,449
-988,473
-960,463
-916,449
-908,481
-984,503
-1044,553
-876,481
-884,507
-892,507
-908,499
-924,513
-904,487
-944,503
-972,531
-940,511
-1024,563
-932,515
-848,471
-920,483
-948,491
-932,499
-968,515
-992,533
-1028,549
-956,513
-1004,533
-948,511
-980,527
-940,497
-836,465
-804,469
-912,505
-940,527
-988,541
-956,523
-1020,553
-1064,573
-1052,561
-908,473
-896,451
-832,359
-848,377
-824,393
-868,447
-892,473
-840,441
-888,437
-860,453
-876,479
-948,521
-972,527
-868,489
-888,507
-848,493
-728,405
-776,449
-828,491
-900,505
-980,529
-908,499
-964,537
-956,535
-988,543
-976,529
-948,525
-1028,539
-1024,551
-912,507
-916,503
-840,471
-900,505
-912,491
-940,517
-916,489
-912,441
-848,387
-872,439
-988,499
-936,489
-960,477
-904,469
-860,409
-828,383
-832,363
-752,285
-780,317
-820,317
-816,339
-740,327
-784,367
-788,391
-776,401
-832,463
-796,443
-732,403
-840,477
-884,509
-980,543
-1000,553
-1008,553
-988,535
-972,517
-988,521
-972,533
-948,477
-948,471
-932,441
-944,455
-924,481
-888,479
-896,479
-1012,547
-1048,565
-1064,571
-916,503
-896,453
-852,445
-800,415
-904,453
-880,437
-880,445
-932,467
-860,439
-892,457
-908,477
-856,417
-956,483
-892,411
-944,441
-960,483
-868,435
-896,437
-944,483
-952,469
-832,451
-876,433
-780,367
-864,407
-820,425
-920,461
-908,469
-912,481
-900,471
-1000,507
-972,519
-900,481
-912,485
-936,499
-912,473
-936,465
-952,471
-992,545
-872,497
-904,487
-884,377
-892,343
-864,317
-868,315
-844,271
-896,309
-916,381
-896,331
-844,323
-804,339
-740,301
-816,357
-776,319
-776,351
-844,455
-888,445
-804,389
-876,453
-800,381
-800,379
-780,325
-804,331
-800,297
-804,259
-764,213
-744,253
-744,241
-752,307
-868,351
-796,325
-796,353
-852,371
-792,353
-776,331
-828,393
-796,369
-808,347
-752,347
-888,435
-908,431
-932,479
-940,469
-928,485
-980,513
-1016,547
-928,487
-968,509
-908,503
-920,505
-840,461
-868,475
-908,475
-980,501
-912,475
-892,465
-988,527
-904,493
-968,521
-952,505
-956,501
-948,523
-944,519
-924,491
-940,493
-876,449
-940,505
-888,469
-916,481
-864,463
-916,469
-908,459
-908,475
-996,509
-944,507
-976,505
-944,525
-956,519
-900,493
-848,463
-880,465
-816,427
-836,433
-792,397
-836,467
-876,491
-968,519
-984,519
-1032,545
-984,545
-912,515
-1032,565
-1004,539
-956,517
-844,451
-796,433
-820,413
-880,413
-916,451
-912,445
-948,435
-856,389
-800,343
-824,335
-864,335
-848,323
-828,307
-932,379
-900,423
-940,423
-916,415
-880,415
-924,423
-952,465
-1000,531
-980,537
-924,515
-976,531
-972,533
-1012,549
-960,525
-952,497
-964,461
-940,461
-980,473
-960,495
-988,513
-936,495
-972,515
-828,435
-884,491
-1012,557
-952,531
-896,479
-928,493
-888,449
-940,499
-864,485
-824,447
-832,419
-856,441
-952,497
-976,483
-928,485
-924,475
-956,499
-912,513
-920,511
-876,471
-892,451
-892,455
-972,469
-940,485
-924,447
-888,367
-788,329
-812,289
-800,291
-844,313
-800,253
-776,315
-884,359
-784,349
-808,381
-880,393
-900,371
-896,387
-900,351
-780,283
-748,335
-824,325
-852,363
-884,403
-916,473
-900,449
-908,449
-880,447
-968,509
-932,511
-824,459
-880,483
-920,509
-968,529
-944,515
-944,513
-900,497
-944,515
-904,515
-996,549
-904,499
-896,487
-828,463
-832,443
-832,459
-852,481
-912,493
-852,459
-876,479
-912,469
-920,477
-928,505
-948,513
-896,471
-956,531
-900,509
-848,479
-928,505
-920,519
-900,499
-968,531
-940,501
-1064,567
-988,529
-980,521
-984,547
-1032,557
-1032,553
-980,535
-976,543
-940,511
-1016,527
-1024,553
-888,473
-900,463
-944,465
-924,483
-960,503
-936,495
-1036,555
-1032,563
-980,529
-992,539
-892,515
-956,523
-980,535
-984,529
-996,543
-884,459
-868,473
-860,443
-836,439
-888,471
-876,475
-872,447
-912,485
-1004,527
-980,521
-920,507
-852,449
-852,427
-956,493
-940,475
-936,473
-824,443
-880,465
-848,435
-856,393
-844,383
-908,347
-904,379
-876,393
-876,413
-824,391
-820,393
-848,393
-840,365
-808,373
-780,453
-888,463
-876,475
-876,445
-836,443
-848,425
-840,379
-776,285
-820,315
-820,289
-888,395
-916,387
-900,431
-860,367
-816,371
-812,385
-828,421
-880,457
-900,461
-860,425
-888,465
-812,439
-888,463
-824,425
-840,441
-876,467
-964,491
-864,421
-780,417
-876,455
-900,425
-904,405
-924,413
-856,397
-856,427
-808,375
-812,389
-780,385
-884,471
-852,437
-960,487
-864,473
-900,501
-960,521
-968,507
-876,471
-1000,505
-944,485
-876,479
-908,495
-984,495
-848,405
-892,433
-860,407
-924,441
-956,443
-980,453
-968,469
-928,457
-856,439
-876,427
-928,447
-892,467
-960,529
-940,513
-956,513
-916,529
-896,479
-1016,539
-952,507
-888,461
-888,429
-924,441
-928,357
-952,391
-860,339
-920,349
-812,259
-780,261
-840,315
-844,315
-796,291
-708,253
-684,207
-692,233
-704,259
-780,375
-860,407
-896,397
-820,329
-796,287
-804,315
-792,313
-808,245
-852,303
-824,301
-724,309
-740,311
-868,371
-912,403
-824,355
-916,421
-796,331
-780,389
-856,413
-916,433
-868,421
-952,481
-908,475
-940,455
-844,411
-868,425
-936,519
-936,497
-964,499
-1024,541
-996,539
-968,515
-1028,557
-960,529
-936,533
-956,493
-876,423
-920,419
-900,481
-956,511
-968,529
-988,547
-936,531
-936,501
-916,481
-864,463
-964,537
-908,511
-888,467
-900,487
-860,471
-908,479
-880,467
-872,449
-884,433
-984,419
-932,471
-940,475
-924,483
-952,503
-1000,523
-928,491
-916,471
-912,507
-896,491
-888,493
-856,441
-824,387
-824,413
-804,367
-876,395
-832,333
-824,377
-844,361
-828,335
-868,361
-936,397
-852,315
-796,317
-804,319
-756,275
-828,335
-848,367
-924,435
-820,361
-796,379
-848,393
-856,449
-904,449
-920,439
-880,397
-856,425
-904,451
-928,505
-952,501
-848,455
-952,529
-932,513
-1004,549
-988,541
-852,453
-924,489
-948,505
-928,515
-836,449
-876,455
-940,451
-904,409
-868,435
-856,435
-864,429
-880,459
-912,449
-920,437
-880,409
-880,389
-864,467
-936,495
-876,463
-928,491
-944,509
-948,473
-884,457
-908,489
-920,479
-928,503
-956,511
-972,519
-912,497
-828,459
-920,483
-996,541
-1020,547
-936,521
-904,505
-1024,545
-968,515
-976,529
-956,505
-884,481
-856,445
-864,443
-836,439
-868,443
-924,495
-908,509
-976,509
-884,475
-956,491
-912,495
-996,551
-1012,549
-960,531
-940,513
-864,477
-928,489
-980,521
-960,513
-972,501
-940,479
-884,435
-904,403
-944,483
-980,485
-904,475
-912,483
-900,457
-916,487
-864,477
-864,473
-860,473
-932,511
-976,531
-940,527
-972,523
-900,497
-976,525
-920,505
-884,479
-868,453
-844,439
-924,475
-928,485
-900,443
-868,441
-884,449
-956,481
-904,451
-812,413
-800,385
-880,421
-820,387
-824,383
-868,441
-836,391
-904,455
-1004,509
-960,501
-908,497
-892,497
-988,517
-912,497
-952,507
-916,489
-976,509
-1000,549
-1016,543
-1048,543
-996,537
-956,525
-880,497
-964,521
-1004,551
-968,533
-900,487
-992,497
-892,473
-856,481
-956,525
-1004,541
-948,517
-968,493
-912,487
-884,501
-916,509
-908,475
-904,441
-868,411
-916,417
-848,373
-832,399
-944,489
-876,427
-908,455
-960,501
-956,515
-884,477
-884,445
-912,455
-852,429
-828,439
-848,449
-872,433
-912,467
-872,419
-820,419
-832,391
-936,465
-856,419
-832,415
-732,341
-728,297
-824,329
-728,277
-664,233
-732,201
-760,229
-748,213
-728,147
-744,131
-800,63
-820,83
-796,95
-860,91
-796,71
-772,-19
-780,-17
-748,-63
-696,-137
-752,-217
-840,-191
-904,-247
-860,-277
-872,-257
-932,-315
-920,-257
-860,-223
-800,-189
-780,-219
-816,-223
-864,-261
-880,-289
-852,-293
-808,-257
-860,-263
-880,-241
-792,-259
-792,-269
-820,-271
-816,-293
-804,-345
-804,-315
-832,-295
-812,-265
-876,-295
-840,-263
-868,-293
-852,-233
-852,-257
-860,-273
-828,-255
-780,-227
-736,-183
-740,-201
-736,-283
-840,-315
-780,-313
-796,-351
-892,-367
-740,-333
-716,-277
-812,-297
-888,-309
-792,-301
-836,-349
-896,-363
-912,-385
-904,-431
-884,-437
-896,-415
-1004,-463
-852,-401
-828,-379
-912,-433
-884,-437
-836,-407
-860,-419
-852,-389
-856,-387
-900,-435
-948,-453
-912,-413
-824,-387
-864,-343
-840,-349
-900,-391
-912,-383
-872,-383
-912,-449
-936,-467
-916,-475
-964,-511
-896,-471
-860,-469
-864,-467
-928,-519
-948,-519
-900,-501
-876,-481
-872,-473
-924,-489
-996,-553
-988,-547
-864,-467
-848,-423
-876,-455
-832,-397
-844,-347
-736,-303
-744,-327
-844,-399
-852,-369
-832,-371
-840,-395
-892,-423
-864,-435
-932,-465
-884,-427
-856,-411
-836,-405
-872,-433
-832,-445
-872,-465
-968,-529
-916,-493
-840,-477
-844,-467
-884,-491
-900,-475
-900,-465
-856,-459
-932,-505
-968,-527
-896,-499
-896,-481
-908,-513
-928,-513
-940,-509
-912,-495
-896,-463
-932,-499
-896,-491
-900,-481
-920,-467
-932,-475
-852,-433
-932,-497
-1044,-543
-904,-499
-960,-515
-920,-495
-976,-525
-960,-513
-904,-505
-972,-537
-912,-517
-1024,-551
-996,-553
-976,-533
-988,-545
-972,-527
-1016,-529
-1000,-531
-916,-479
-940,-525
-1008,-545
-1004,-539
-972,-535
-924,-515
-904,-477
-972,-519
-976,-525
-1004,-533
-908,-501
-884,-487
-808,-433
-832,-479
-912,-493
-920,-497
-852,-445
-916,-475
-924,-471
-992,-519
-948,-503
-900,-493
-928,-517
-912,-485
-884,-463
-924,-437
-884,-445
-952,-491
-940,-469
-860,-433
-848,-407
-888,-451
-768,-387
-784,-369
-836,-325
-884,-325
-840,-327
-876,-297
-780,-245
-720,-237
-764,-231
-868,-267
-808,-301
-756,-317
-792,-329
-816,-339
-776,-359
-808,-417
-848,-461
-812,-421
-876,-427
-832,-401
-840,-401
-796,-349
-696,-325
-792,-361
-808,-345
-880,-425
-900,-441
-872,-467
-856,-455
-992,-517
-1060,-549
-996,-531
-960,-533
-1008,-545
-996,-547
-1032,-553
-1004,-549
-948,-529
-992,-541
-932,-509
-940,-511
-856,-473
-920,-473
-864,-463
-932,-511
-948,-505
-840,-465
-876,-511
-904,-499
-948,-519
-964,-531
-940,-523
-988,-549
-984,-551
-1004,-549
-880,-495
-980,-549
-968,-539
-980,-543
-972,-543
-964,-521
-940,-519
-968,-529
-892,-455
-892,-449
-804,-393
-872,-445
-880,-435
-872,-435
-936,-491
-908,-407
-868,-415
-868,-411
-848,-441
-888,-485
-884,-475
-892,-445
-932,-477
-956,-535
-988,-549
-880,-503
-912,-513
-936,-519
-864,-471
-964,-525
-1016,-539
-872,-501
-868,-487
-920,-493
-912,-511
-968,-537
-928,-525
-904,-473
-824,-451
-908,-483
-920,-517
-892,-471
-852,-455
-904,-489
-964,-497
-948,-455
-944,-477
-936,-439
-928,-465
-816,-419
-892,-473
-968,-475
-860,-451
-816,-383
-884,-419
-840,-377
-944,-427
-888,-413
-872,-413
-868,-389
-864,-339
-860,-395
-860,-367
-832,-339
-800,-385
-792,-413
-800,-423
-788,-429
-852,-459
-920,-475
-872,-433
-892,-449
-848,-441
-928,-467
-884,-443
-900,-447
-808,-387
-872,-443
-872,-447
-796,-423
-856,-435
-920,-427
-908,-455
-892,-461
-900,-435
-888,-433
-900,-443
-920,-481
-852,-421
-824,-407
-804,-383
-812,-403
-856,-375
-864,-395
-868,-377
-840,-379
-848,-253
-844,-255
-788,-217
-856,-245
-908,-333
-840,-301
-904,-337
-768,-287
-712,-215
-800,-213
-792,-225
-844,-233
-832,-235
-828,-277
-876,-387
-852,-411
-928,-463
-948,-463
-948,-485
-868,-445
-812,-393
-856,-407
-904,-437
-924,-433
-908,-427
-920,-447
-936,-445
-908,-413
-948,-415
-892,-319
-900,-297
-780,-273
-748,-267
-740,-289
-748,-249
-684,-255
-832,-351
-896,-379
-888,-433
-884,-405
-840,-383
-836,-421
-956,-457
-884,-449
-952,-487
-932,-443
-856,-407
-828,-417
-820,-407
-892,-417
-836,-345
-808,-347
-772,-285
-764,-257
-768,-219
-776,-143
-816,-115
-788,-97
-752,-91
-732,-11
-676,57
-712,101
-712,109
-748,97
-760,141
-748,149
-712,187
-752,185
-788,187
-800,219
-696,183
-680,199
-636,173
-716,251
-724,259
-808,285
-816,279
-768,297
-688,235
-764,271
-768,289
-856,335
-820,347
-736,345
-776,341
-788,357
-820,361
-904,423
-944,467
-816,397
-792,395
-796,353
-776,329
-828,323
-804,297
-844,339
-832,385
-864,437
-872,465
-932,493
-936,507
-1020,557
-964,541
-868,479
-896,493
-956,515
-904,473
-844,457
-852,473
-912,497
-948,511
-884,451
-864,443
-832,441
-836,439
-892,459
-852,435
-872,441
-884,419
-924,413
-900,389
-916,387
-872,373
-824,381
-872,373
-800,317
-716,311
-784,327
-820,299
-744,263
-820,223
-768,195
-672,131
-632,83
-676,47
-716,43
-692,87
-724,77
-660,89
-680,109
-752,123
-820,109
-844,59
-808,91
-780,129
-812,135
-708,171
-768,195
-780,225
-828,257
-844,221
-808,265
-760,251
-816,299
-948,363
-852,327
-816,325
-848,341
-888,339
-880,311
-920,329
-848,359
-828,311
-820,295
-760,273
-740,229
-712,247
-808,265
-792,249
-788,235
-808,229
-784,239
-836,207
-820,227
-792,177
-860,227
-852,219
-840,189
-832,191
-900,225
-788,171
-868,155
-884,189
-880,239
-824,221
-792,219
-804,243
-836,235
-852,267
-804,215
-756,261
-812,271
-840,255
-812,279
-808,301
-800,325
-824,335
-884,345
-804,329
-836,353
-860,353
-828,363
-820,363
-860,349
-812,337
-800,331
-744,361
-760,345
-824,459
-900,457
-920,477
-976,485
-940,473
-988,527
-940,503
-1000,535
-972,527
-980,521
-936,519
-976,527
-996,533
-892,489
-932,507
-916,479
-920,491
-868,481
-864,461
-872,467
-816,453
-932,497
-836,431
-848,451
-948,511
-940,489
-972,525
-988,527
-980,507
-916,465
-888,449
-940,459
-948,481
-880,477
-868,449
-808,433
-892,469
-860,437
-932,503
-912,499
-932,507
-896,483
-900,471
-876,463
-904,473
-952,521
-952,497
-900,475
-936,503
-980,517
-892,479
-868,455
-864,449
-816,415
-900,473
-900,473
-856,427
-832,475
-840,475
-880,471
-900,469
-924,487
-940,503
-952,497
-976,537
-1028,549
-960,503
-1000,553
-988,527
-988,545
-944,521
-944,503
-884,483
-880,473
-952,511
-964,531
-992,541
-988,539
-956,525
-912,509
-956,527
-976,527
-876,485
-860,445
-864,441
-844,461
-884,455
-824,399
-856,447
-864,465
-872,473
-868,461
-876,495
-900,483
-916,465
-892,431
-844,395
-840,357
-856,423
-888,463
-920,435
-920,431
-884,433
-872,421
-908,461
-900,463
-940,517
-1044,565
-1012,545
-1004,543
-1020,559
-964,537
-1008,533
-996,521
-920,483
-900,459
-888,435
-824,411
-796,423
-780,387
-828,381
-852,379
-872,397
-896,393
-876,391
-820,411
-832,435
-900,455
-912,481
-928,497
-996,529
-892,511
-996,535
-916,515
-1000,547
-936,513
-920,499
-940,501
-956,497
-940,493
-852,451
-888,431
-820,385
-844,423
-884,479
-896,485
-892,479
-964,495
-940,531
-956,505
-896,479
-912,481
-864,457
-908,475
-896,481
-904,499
-860,471
-900,497
-836,467
-852,455
-912,489
-956,485
-944,503
-940,509
-844,465
-916,469
-904,495
-944,513
-948,465
-896,437
-924,461
-920,463
-904,499
-928,505
-980,515
-896,429
-824,445
-940,531
-960,507
-964,531
-948,533
-924,493
-852,489
-920,499
-920,489
-904,465
-912,487
-896,479
-904,503
-904,477
-880,433
-812,417
-836,459
-924,493
-908,493
-932,505
-984,529
-1020,549
-1020,551
-1056,557
-968,525
-868,499
-984,535
-952,501
-912,485
-948,499
-976,505
-940,505
-912,507
-948,527
-912,489
-860,427
-880,447
-868,463
-888,489
-872,491
-992,533
-976,523
-976,511
-892,463
-896,485
-880,443
-896,421
-852,387
-876,411
-844,429
-820,395
-744,293
-832,365
-852,385
-852,373
-844,369
-864,381
-852,377
-808,361
-856,349
-896,421
-912,427
-792,391
-892,447
-924,457
-956,503
-872,455
-884,461
-880,425
-820,421
-836,379
-824,331
-900,391
-836,347
-848,335
-828,277
-788,223
-800,253
-764,237
-744,149
-732,143
-696,135
-712,143
-740,165
-884,209
-912,209
-848,225
-840,253
-856,341
-832,345
-780,287
-776,197
-788,311
-828,341
-828,327
-804,281
-756,169
-824,197
-832,239
-812,253
-836,281
-856,361
-824,373
-860,355
-892,341
-848,339
-828,415
-944,473
-872,461
-932,509
-848,447
-784,439
-880,491
-852,449
-880,461
-916,501
-872,479
-860,455
-896,461
-892,503
-944,495
-968,495
-944,513
-904,471
-872,459
-816,421
-880,457
-892,445
-916,483
-908,477
-920,477
-976,525
-1028,547
-916,509
-1000,551
-988,535
-924,521
-884,473
-880,497
-896,513
-1000,547
-952,531
-976,529
-964,467
-1060,553
-968,507
-972,509
-916,509
-988,531
-876,487
-884,507
-948,525
-984,535
-1044,569
-944,531
-932,521
-1056,565
-1000,545
-988,531
-924,499
-924,503
-860,483
-852,473
-904,479
-928,501
-848,463
-896,489
-908,493
-844,405
-876,431
-780,387
-844,403
-900,437
-904,463
-948,475
-916,487
-920,469
-860,449
-896,473
-872,439
-824,415
-820,387
-804,377
-772,363
-800,337
-840,297
-844,255
-816,227
-776,175
-740,193
-756,273
-828,319
-840,285
-852,289
-812,315
-876,281
-820,245
-820,231
-820,311
-912,403
-908,423
-840,395
-804,351
-832,357
-872,353
-916,365
-920,331
-912,337
-840,329
-812,337
-788,337
-796,335
-876,365
-824,407
-812,347
-844,285
-796,273
-776,181
-772,251
-808,225
-808,265
-748,199
-776,157
-776,179
-776,173
-848,255
-848,285
-844,275
-776,273
-868,293
-852,299
-848,321
-752,257
-796,245
-868,245
-876,245
-836,253
-800,261
-768,327
-796,401
-804,385
-860,375
-916,411
-892,411
-940,431
-896,419
-832,437
-852,427
-892,413
-868,419
-896,415
-884,423
-844,431
-880,467
-820,419
-884,451
-916,479
-908,471
-912,483
-908,491
-944,469
-896,425
-924,429
-956,465
-1016,505
-1000,505
-948,503
-1008,543
-972,515
-1008,537
-1052,563
-1068,571
-1020,555
-924,511
-928,503
-864,463
-888,465
-968,515
-952,501
-852,457
-848,459
-828,461
-960,533
-892,509
-960,539
-948,529
-912,507
-964,523
-1048,555
-944,517
-948,521
-888,481
-892,485
-932,503
-860,463
-788,379
-828,425
-832,421
-880,463
-964,523
-928,521
-996,551
-888,491
-916,491
-916,459
-892,443
-916,451
-892,453
-944,487
-956,507
-916,485
-828,429
-876,467
-876,495
-888,499
-904,513
-884,485
-940,509
-892,477
-908,485
-924,473
-892,463
-792,397
-844,451
-1004,539
-920,481
-860,475
-896,467
-868,471
-936,489
-980,517
-944,505
-920,499
-908,493
-860,437
-860,419
-980,495
-928,455
-944,477
-940,473
-940,505
-896,467
-876,457
-852,441
-896,463
-900,469
-956,489
-1000,511
-980,521
-920,487
-996,549
-900,509
-888,495
-868,467
-940,503
-940,503
-944,507
-996,545
-920,511
-940,519
-988,515
-976,527
-1036,525
-992,511
-828,431
-836,415
-860,407
-812,349
-796,329
-780,345
-744,365
-756,367
-776,365
-760,387
-844,415
-844,445
-900,491
-864,467
-928,511
-876,489
-884,449
-856,463
-828,461
-880,481
-888,469
-820,419
-840,425
-904,431
-868,407
-772,367
-812,395
-800,391
-816,411
-800,409
-828,421
-856,463
-864,481
-856,447
-840,411
-828,401
-892,441
-912,437
-868,437
-908,447
-888,463
-888,461
-872,491
-960,539
-964,523
-936,501
-960,505
-912,483
-944,509
-960,519
-964,517
-960,503
-1020,547
-924,525
-988,549
-952,535
-1000,543
-964,515
-1020,553
-944,517
-988,541
-1012,555
-968,515
-1036,531
-984,501
-928,487
-964,495
-1016,523
-912,483
-864,449
-832,409
-800,351
-840,415
-888,457
-928,475
-800,425
-808,391
-912,473
-900,497
-840,463
-880,463
-928,473
-980,545
-920,503
-852,445
-912,457
-936,471
-828,389
-816,335
-856,357
-928,433
-936,449
-924,449
-900,453
-932,453
-960,499
-924,479
-936,477
-944,487
-912,489
-840,459
-800,385
-816,407
-840,439
-856,451
-884,425
-832,401
-824,403
-864,447
-932,505
-952,511
-912,509
-904,513
-1000,543
-1028,563
-992,551
-956,523
-1064,567
-1000,541
-1048,551
-880,485
-924,481
-832,421
-904,469
-936,473
-964,517
-1008,543
-952,513
-980,529
-984,527
-952,501
-932,493
-876,439
-892,417
-948,445
-892,443
-944,487
-856,465
-884,457
-812,411
-824,391
-844,389
-816,333
-868,329
-884,347
-896,377
-832,367
-932,415
-880,435
-848,447
-904,501
-904,491
-824,437
-836,437
-832,401
-872,413
-776,325
-820,319
-808,329
-732,325
-812,339
-832,383
-764,289
-820,259
-840,305
-824,287
-764,269
-760,237
-780,217
-744,237
-732,261
-828,319
-880,367
-860,387
-868,343
-896,395
-852,375
-792,363
-772,371
-816,377
-812,351
-828,381
-804,367
-848,419
-912,465
-936,497
-932,441
-920,455
-848,453
-792,427
-844,443
-808,353
-896,401
-880,415
-780,371
-736,271
-800,279
-800,295
-788,319
-800,351
-832,377
-912,429
-872,437
-968,497
-888,487
-888,473
-964,513
-844,463
-912,497
-860,481
-948,481
-944,487
-1000,501
-968,477
-976,475
-912,489
-924,481
-852,449
-876,465
-892,443
-856,389
-832,355
-808,341
-792,299
-784,295
-792,249
-724,197
-792,173
-732,187
-820,225
-740,237
-792,249
-792,205
-744,185
-764,247
-708,251
-708,257
-788,259
-768,255
-772,309
-840,343
-744,305
-784,329
-728,285
-652,177
-760,187
-720,165
-752,99
-692,83
-728,51
-680,25
-820,87
-788,75
-800,75
-832,95
-844,113
-804,101
-736,117
-700,109
-748,147
-784,127
-784,127
-824,153
-764,181
-780,209
-740,157
-796,205
-760,255
-776,233
-812,177
-768,121
-820,171
-820,117
-796,95
-824,89
-736,91
-728,129
-716,107
-796,109
-860,71
-788,35
-732,39
-700,81
-728,77
-744,169
-700,227
-784,325
-820,347
-852,391
-852,423
-836,455
-868,479
-860,467
-808,427
-788,431
-912,483
-900,501
-904,511
-908,517
-944,517
-880,499
-868,483
-996,535
-1060,555
-916,505
-964,529
-916,511
-880,489
-916,509
-884,489
-876,493
-952,523
-876,431
-880,419
-920,493
-960,513
-876,489
-864,475
-808,437
-764,367
-768,381
-784,379
-816,435
-872,437
-916,497
-988,517
-916,483
-936,457
-836,423
-788,381
-772,337
-700,309
-708,333
-736,291
-796,241
-804,259
-804,229
-872,315
-816,251
-860,299
-896,345
-868,285
-824,275
-768,249
-840,301
-748,285
-788,247
-776,237
-824,273
-796,241
-744,175
-784,195
-820,253
-804,249
-740,237
-832,235
-808,235
-732,211
-708,229
-724,257
-672,291
-784,367
-796,335
-884,389
-820,323
-884,349
-840,353
-856,401
-820,377
-828,377
-908,469
-852,429
-836,421
-920,445
-912,469
-980,535
-952,515
-936,501
-952,511
-952,505
-988,537
-968,525
-984,517
-964,531
-908,495
-908,489
-1012,555
-980,535
-996,527
-924,489
-884,463
-952,473
-956,459
-988,509
-968,511
-988,531
-996,495
-916,455
-844,465
-920,513
-980,525
-972,519
-992,521
-948,487
-888,445
-944,531
-992,545
-876,495
-844,465
-848,445
-864,473
-808,419
-880,457
-996,525
-1048,569
-1056,565
-1004,549
-1036,571
-960,511
-888,457
-908,499
-952,475
-904,477
-984,545
-972,505
-1044,551
-916,511
-848,433
-968,501
-1004,531
-924,507
-932,505
-896,497
-828,379
-860,369
-836,339
-848,339
-900,357
-884,383
-856,411
-960,497
-944,493
-904,487
-924,501
-960,517
-976,533
-944,505
-1004,533
-1048,557
-960,537
-908,509
-1052,569
-872,499
-856,471
-872,443
-780,401
-900,469
-804,363
-736,335
-692,281
-728,277
-672,271
-760,337
-736,333
-740,343
-776,367
-804,403
-884,469
-916,479
-948,415
-844,357
-796,355
-764,399
-784,389
-732,291
-756,219
-792,215
-812,337
-848,395
-888,443
-892,467
-956,487
-1032,561
-972,529
-1016,549
-1044,563
-952,515
-964,521
-872,463
-908,467
-924,445
-828,441
-816,425
-852,449
-872,449
-916,513
-912,499
-1040,555
-964,533
-940,511
-920,481
-892,467
-872,437
-884,429
-912,441
-868,411
-872,411
-828,381
-908,405
-884,363
-844,311
-836,335
-932,405
-804,299
-764,205
-780,221
-852,219
-760,169
-776,195
-776,243
-748,213
-844,181
-828,149
-824,73
-812,103
-792,119
-816,141
-852,147
-848,183
-792,173
-856,231
-844,227
-824,215
-792,225
-800,187
-744,169
-772,195
-692,109
-652,179
-720,169
-784,173
-748,235
-716,237
-744,215
-764,223
-784,199
-848,231
-816,249
-716,293
-828,367
-764,353
-844,363
-872,281
-844,217
-760,195
-812,207
-876,253
-824,345
-888,365
-844,361
-852,381
-928,399
-876,405
-748,347
-672,249
-676,155
-744,217
-852,283
-912,383
-852,305
-868,307
-900,307
-916,387
-884,367
-940,371
-924,411
-900,419
-916,429
-860,381
-896,409
-896,391
-884,421
-832,429
-780,423
-736,379
-724,403
-776,421
-788,423
-848,457
-840,447
-936,483
-928,451
-948,439
-908,413
-828,411
-864,431
-848,427
-816,431
-832,405
-808,401
-848,391
-860,373
-972,403
-924,411
-808,381
-900,417
-916,421
-796,345
-844,327
-784,285
-764,201
-808,273
-844,337
-816,321
-792,195
-748,221
-844,247
-864,363
-844,371
-844,347
-732,321
-888,369
-916,391
-840,383
-824,341
-788,327
-796,299
-812,327
-820,313
-856,381
-892,391
-936,517
-988,535
-1024,541
-956,511
-956,521
-904,481
-912,469
-848,425
-820,423
-804,399
-856,433
-836,431
-900,473
-908,493
-928,511
-948,531
-952,509
-984,519
-1024,541
-1012,537
-984,507
-980,503
-892,467
-956,503
-936,519
-932,507
-940,511
-884,479
-1016,557
-872,493
-900,503
-892,473
-944,517
-880,495
-940,521
-964,523
-960,515
-892,499
-884,467
-944,503
-872,465
-932,483
-952,507
-908,493
-892,481
-832,445
-960,495
-960,507
-964,515
-1008,523
-1000,539
-972,491
-872,421
-868,403
-904,475
-932,491
-892,477
-980,497
-816,439
-872,437
-880,451
-860,433
-860,409
-836,401
-848,453
-916,473
-920,453
-960,459
-904,441
-948,509
-928,499
-972,517
-964,511
-1000,533
-940,513
-944,509
-956,523
-976,519
-924,467
-888,481
-960,479
-916,483
-868,463
-880,489
-976,533
-1020,529
-996,511
-928,487
-900,489
-872,451
-884,477
-888,449
-868,393
-816,407
-832,429
-848,433
-920,493
-888,503
-868,475
-920,497
-968,537
-992,549
-1024,561
-936,515
-920,497
-904,473
-864,439
-816,409
-900,455
-796,349
-800,333
-792,295
-788,223
-800,179
-728,149
-768,213
-760,229
-804,243
-744,185
-744,195
-768,279
-756,229
-820,217
-804,247
-760,301
-788,315
-788,335
-780,327
-740,325
-808,375
-928,451
-960,489
-936,469
-940,417
-900,399
-852,351
-884,413
-816,411
-824,437
-876,475
-916,519
-876,441
-884,451
-900,469
-920,495
-904,487
-892,447
-896,455
-828,453
-812,435
-868,425
-896,425
-916,479
-932,453
-856,463
-844,457
-848,461
-824,427
-832,411
-916,467
-920,493
-844,473
-864,455
-920,483
-900,501
-888,475
-852,417
-872,445
-912,489
-876,477
-872,463
-808,423
-828,437
-860,419
-864,353
-840,309
-804,283
-832,279
-796,277
-792,325
-856,429
-892,463
-896,453
-860,459
-816,425
-840,415
-892,469
-852,413
-860,415
-836,387
-792,353
-852,405
-804,405
-864,473
-960,517
-992,527
-952,487
-988,519
-1048,565
-1032,555
-1064,569
-948,521
-892,487
-828,457
-928,467
-828,383
-880,387
-852,351
-936,379
-812,307
-840,279
-872,271
-892,289
-788,247
-796,253
-864,355
-860,381
-936,441
-884,455
-900,441
-928,465
-880,453
-836,455
-948,493
-900,443
-852,431
-864,441
-860,445
-764,403
-812,365
-856,381
-840,395
-860,377
-908,431
-844,421
-888,413
-836,387
-828,379
-884,409
-892,387
-860,383
-820,383
-892,403
-888,381
-832,369
-868,391
-916,433
-876,469
-892,451
-1024,503
-896,421
-844,431
-900,423
-872,465
-912,483
-936,475
-864,445
-876,469
-880,461
-948,511
-996,545
-944,531
-844,461
-880,491
-848,445
-792,339
-792,315
-828,269
-800,309
-736,237
-688,235
-712,227
-828,323
-840,309
-828,293
-736,247
-764,273
-780,247
-724,269
-756,257
-712,221
-712,217
-680,215
-692,229
-752,223
-760,169
-748,119
-784,165
-768,91
-752,187
-788,163
-784,167
-740,209
-776,215
-784,229
-760,209
-716,211
-724,237
-736,239
-740,301
-828,315
-876,389
-900,399
-856,433
-820,439
-768,429
-840,455
-868,443
-860,431
-916,489
-1020,549
-908,501
-936,511
-1000,539
-936,525
-836,437
-848,413
-908,467
-980,517
-900,483
-924,505
-944,527
-840,453
-920,487
-908,501
-1008,545
-976,523
-892,489
-852,431
-880,439
-932,497
-928,489
-884,461
-956,481
-888,471
-900,477
-864,481
-936,501
-924,481
-948,525
-976,539
-1020,559
-968,535
-948,537
-968,527
-984,521
-936,509
-880,469
-884,475
-896,475
-892,475
-952,489
-992,547
-944,531
-996,549
-996,549
-924,501
-884,477
-896,481
-956,515
-912,499
-924,477
-844,439
-860,427
-820,441
-772,391
-784,369
-764,315
-852,335
-880,411
-920,453
-896,459
-860,441
-884,403
-896,403
-856,351
-808,313
-784,293
-760,321
-700,267
-792,297
-800,327
-844,383
-812,363
-752,319
-784,267
-780,327
-756,353
-808,407
-880,477
-908,491
-876,449
-828,381
-856,409
-824,357
-852,359
-832,389
-868,433
-940,477
-932,505
-976,511
-976,545
-976,527
-992,527
-932,501
-924,507
-1004,525
-984,501
-892,483
-780,419
-856,471
-936,503
-916,447
-952,493
-996,545
-1024,559
-1008,551
-1052,565
-1048,557
-972,521
-880,477
-892,501
-900,487
-996,529
-1020,545
-972,529
-940,499
-900,499
-940,495
-924,485
-904,463
-880,429
-952,469
-936,453
-956,453
-920,467
-880,435
-832,355
-888,361
-824,335
-892,357
-840,381
-840,391
-796,379
-776,321
-836,375
-860,387
-788,347
-824,379
-820,373
-880,435
-916,431
-904,421
-884,429
-924,447
-908,461
-960,511
-948,505
-996,535
-964,521
-940,475
-884,427
-892,411
-840,415
-872,419
-884,421
-848,437
-804,425
-828,425
-936,495
-920,495
-908,497
-900,503
-980,535
-1016,541
-860,475
-928,485
-944,491
-904,481
-940,487
-924,479
-900,471
-944,501
-960,523
-988,509
-900,473
-860,437
-976,497
-920,471
-1016,531
-908,479
-904,473
-900,471
-908,475
-944,469
-900,473
-908,473
-880,429
-828,383
-872,403
-904,485
-940,489
-884,485
-1008,529
-904,481
-868,445
-980,513
-972,527
-940,509
-856,461
-884,479
-848,491
-956,523
-952,519
-924,511
-916,491
-936,507
-976,531
-1000,529
-952,509
-952,517
-832,483
-884,489
-832,453
-872,441
-796,345
-812,325
-780,371
-812,321
-844,349
-812,353
-768,355
-812,349
-772,297
-776,329
-820,323
-844,341
-864,337
-832,389
-812,329
-828,329
-896,421
-900,495
-988,537
-984,527
-940,501
-900,499
-872,489
-904,489
-920,501
-860,481
-948,511
-936,511
-872,437
-876,435
-824,347
-848,369
-916,439
-988,483
-984,493
-968,501
-960,507
-976,529
-1024,545
-948,507
-964,489
-924,493
-1044,557
-968,527
-908,507
-980,541
-948,511
-888,491
-860,447
-832,419
-848,445
-848,491
-892,489
-856,473
-1004,525
-1012,497
-948,463
-952,465
-908,471
-900,487
-912,503
-896,483
-884,477
-864,441
-840,389
-844,413
-796,383
-892,451
-936,487
-876,487
-908,507
-916,511
-912,495
-848,459
-892,499
-904,487
-928,503
-876,465
-824,411
-852,405
-792,319
-852,379
-864,413
-876,405
-748,389
-792,391
-820,427
-872,465
-848,435
-864,447
-888,457
-896,497
-944,511
-908,493
-896,473
-860,455
-868,457
-944,467
-904,445
-948,471
-860,439
-820,395
-848,423
-868,441
-972,487
-948,507
-928,505
-888,495
-884,495
-984,535
-892,515
-980,525
-1004,545
-920,507
-968,523
-952,431
-936,425
-916,459
-920,445
-892,443
-872,437
-888,455
-904,469
-824,453
-904,461
-900,431
-800,337
-900,389
-816,397
-912,469
-848,429
-768,395
-896,473
-908,499
-888,481
-868,469
-872,463
-836,385
-856,359
-832,439
-880,493
-928,501
-928,521
-988,521
-1000,523
-944,527
-976,531
-1020,545
-1024,535
-1012,525
-1024,543
-924,505
-872,483
-960,513
-856,451
-908,445
-884,417
-856,391
-872,379
-892,435
-912,495
-908,489
-988,517
-884,479
-896,485
-924,491
-864,469
-908,485
-860,475
-928,499
-936,525
-920,519
-964,537
-952,535
-980,533
-952,507
-976,543
-1028,555
-860,483
-864,461
-932,511
-984,533
-992,543
-900,481
-900,429
-896,401
-880,397
-864,405
-836,429
-836,427
-852,429
-860,415
-804,389
-876,413
-868,397
-812,403
-780,325
-864,297
-808,315
-888,381
-912,399
-864,419
-832,419
-864,427
-808,405
-840,439
-856,447
-748,419
-816,417
-808,405
-888,445
-884,465
-864,441
-828,421
-776,405
-892,475
-872,473
-948,503
-936,505
-924,483
-944,493
-932,511
-936,517
-924,517
-932,509
-968,533
-980,519
-980,519
-968,509
-896,459
-816,433
-820,409
-796,405
-856,411
-848,411
-868,403
-876,435
-824,417
-820,467
-976,517
-992,535
-980,521
-972,519
-1012,543
-968,523
-916,507
-904,503
-892,479
-952,471
-968,509
-812,429
-772,399
-840,441
-896,399
-940,453
-964,507
-948,511
-904,499
-872,481
-928,513
-948,515
-824,441
-784,403
-876,443
-856,419
-788,361
-828,339
-856,357
-864,399
-900,423
-856,429
-820,421
-892,465
-888,477
-904,493
-904,491
-960,511
-888,489
-876,477
-840,437
-892,459
-860,455
-928,463
-924,431
-960,489
-980,529
-968,531
-1028,565
-948,519
-980,513
-1072,571
-1012,545
-976,525
-972,529
-940,487
-936,503
-964,489
-936,487
-900,481
-832,447
-916,487
-892,487
-984,523
-1028,533
-972,519
-928,471
-884,439
-868,363
-844,341
-876,311
-836,303
-856,317
-880,299
-868,301
-816,289
-684,193
-752,161
-756,215
-784,217
-752,257
-840,351
-824,379
-856,347
-852,343
-820,373
-804,329
-836,379
-788,359
-848,433
-880,457
-852,463
-876,447
-820,401
-928,451
-872,411
-948,423
-960,465
-904,437
-796,367
-808,349
-848,311
-860,361
-864,393
-780,395
-752,291
-780,213
-836,197
-856,87
-808,47
-808,95
-732,99
-760,49
-744,23
-812,11
-840,37
-716,31
-732,17
-836,69
-940,81
-828,121
-912,167
-848,167
-868,141
-840,137
-836,151
-752,179
-768,133
-692,143
-824,217
-872,247
-808,287
-780,271
-804,345
-888,383
-872,367
-856,413
-868,433
-780,387
-868,451
-936,525
-944,509
-924,501
-952,515
-920,499
-976,481
-896,437
-852,425
-816,371
-820,377
-812,297
-828,293
-844,331
-792,347
-780,323
-772,357
-856,363
-804,357
-836,371
-864,351
-852,365
-892,347
-848,343
-804,359
-828,379
-848,411
-860,397
-872,419
-840,355
-832,355
-848,327
-844,309
-840,321
-852,347
-900,393
-920,391
-864,293
-916,281
-852,197
-784,195
-700,219
-800,285
-856,333
-844,309
-828,311
-836,299
-788,249
-848,285
-888,335
-880,363
-900,379
-848,363
-728,311
-748,335
-740,337
-888,413
-840,427
-872,425
-864,387
-840,377
-892,397
-828,343
-852,323
-868,309
-868,307
-876,317
-852,341
-828,365
-848,395
-752,381
-804,399
-860,443
-836,435
-872,465
-888,503
-892,479
-832,441
-940,497
-952,461
-972,487
-920,491
-876,471
-932,467
-948,489
-944,491
-952,531
-916,501
-904,489
-872,479
-968,507
-920,505
-888,493
-896,435
-840,399
-776,403
-756,405
-760,415
-788,361
-772,373
-900,451
-888,447
-940,459
-928,479
-920,457
-880,441
-924,407
-892,413
-816,371
-804,377
-824,401
-872,423
-816,433
-904,481
-900,497
-944,493
-900,465
-940,509
-936,507
-988,539
-1104,591
-972,527
-964,497
-844,447
-836,435
-868,459
-908,495
-944,517
-924,505
-872,455
-896,457
-924,473
-980,487
-948,499
-880,453
-912,475
-888,485
-912,483
-916,499
-992,529
-984,521
-896,471
-896,473
-900,467
-884,493
-968,523
-956,495
-952,529
-1008,547
-916,485
-940,501
-920,495
-1012,523
-968,527
-964,537
-972,533
-936,531
-948,525
-920,525
-1016,563
-1016,555
-1028,561
-992,543
-952,521
-900,479
-896,467
-976,521
-1012,535
-996,535
-976,507
-832,429
-896,487
-900,505
-940,495
-936,499
-956,501
-1012,525
-1008,535
-944,515
-964,527
-948,527
-1040,559
-968,533
-968,521
-1024,541
-908,487
-876,459
-860,475
-904,495
-936,499
-916,511
-892,499
-936,497
-920,489
-920,487
-860,433
-832,425
-864,467
-912,489
-916,477
-900,453
-888,455
-892,457
-872,459
-840,427
-884,437
-900,443
-856,463
-872,449
-836,427
-872,421
-908,443
-944,469
-904,475
-948,511
-956,499
-896,469
-884,469
-928,491
-864,479
-880,481
-940,489
-968,529
-1032,549
-968,541
-976,521
-900,507
-912,515
-1044,567
-884,483
-1004,539
-944,515
-984,529
-968,515
-884,499
-920,507
-904,501
-876,437
-988,465
-896,435
-964,447
-924,439
-924,453
-812,407
-812,407
-868,405
-796,391
-832,395
-768,393
-840,431
-900,455
-900,477
-824,443
-844,447
-872,481
-868,471
-796,443
-868,485
-968,525
-924,503
-876,481
-944,517
-980,533
-992,549
-1020,555
-912,507
-960,525
-928,497
-896,511
-964,521
-968,525
-1008,559
-928,513
-984,527
-972,521
-960,517
-932,483
-932,495
-856,431
-840,467
-812,435
-928,497
-928,497
-940,527
-976,535
-1024,555
-940,497
-960,517
-984,539
-888,493
-832,463
-920,487
-820,431
-872,441
-800,437
-852,449
-916,505
-936,505
-744,397
-812,385
-820,431
-832,443
-892,483
-844,473
-924,499
-900,499
-888,465
-900,431
-912,443
-880,447
-924,509
-868,435
-896,427
-888,423
-876,433
-920,431
-856,313
-800,249
-872,263
-852,293
-892,299
-904,373
-872,363
-916,383
-924,419
-940,503
-964,507
-964,503
-1004,545
-976,527
-908,447
-948,471
-916,485
-924,495
-808,459
-888,509
-936,507
-960,529
-928,527
-1004,541
-968,515
-948,497
-900,455
-812,421
-888,445
-888,475
-932,505
-852,439
-932,509
-976,517
-828,435
-832,435
-876,459
-988,513
-920,477
-1008,537
-968,501
-972,479
-964,481
-1020,537
-904,477
-884,457
-892,465
-936,477
-904,429
-868,389
-808,385
-928,429
-800,397
-808,387
-804,387
-780,337
-808,395
-800,379
-768,343
-728,349
-756,345
-776,381
-752,405
-868,481
-872,467
-940,501
-968,527
-856,481
-784,443
-784,371
-776,375
-812,393
-820,401
-836,425
-804,433
-860,449
-876,471
-864,449
-844,447
-800,417
-852,433
-816,425
-904,493
-880,489
-992,533
-1004,549
-1052,567
-980,525
-920,495
-936,495
-900,503
-940,521
-952,529
-1000,549
-1000,551
-968,541
-980,531
-1052,559
-976,511
-852,449
-872,461
-944,497
-928,497
-852,463
-936,489
-932,453
-972,475
-964,507
-920,507
-888,501
-940,517
-1064,565
-952,523
-952,513
-1004,543
-944,509
-1024,557
-1040,565
-936,523
-1040,549
-1012,551
-976,515
-976,527
-952,519
-944,527
-920,487
-988,537
-1016,547
-1048,567
-952,533
-936,491
-932,495
-908,455
-892,435
-776,411
-856,471
-932,469
-908,481
-884,461
-860,447
-868,455
-832,431
-840,449
-908,439
-796,389
-852,421
-852,427
-792,345
-828,385
-864,419
-808,361
-752,363
-820,423
-876,479
-824,439
-836,441
-732,385
-804,403
-836,413
-888,447
-880,465
-924,497
-948,511
-972,521
-804,403
-856,401
-864,387
-800,343
-836,331
-772,261
-820,275
-800,265
-808,297
-796,293
-840,277
-820,229
-828,219
-796,225
-732,159
-772,159
-832,235
-824,207
-828,219
-860,281
-784,251
-836,289
-876,289
-868,307
-832,335
-744,307
-748,337
-712,311
-740,355
-696,351
-720,363
-756,317
-796,379
-856,425
-812,419
-796,395
-900,481
-924,495
-900,489
-928,497
-880,477
-936,495
-896,477
-928,465
-896,441
-896,469
-872,475
-872,463
-928,459
-832,407
-884,411
-880,457
-860,427
-784,419
-888,439
-956,471
-924,481
-948,507
-884,499
-912,503
-952,523
-968,525
-868,455
-920,467
-908,479
-948,487
-892,513
-988,541
-984,533
-928,493
-952,487
-948,523
-1068,559
-956,515
-844,481
-892,493
-940,517
-952,513
-864,455
-896,473
-928,483
-864,443
-908,437
-840,421
-824,445
-880,445
-888,487
-896,495
-888,473
-856,467
-940,517
-952,499
-872,439
-756,405
-848,441
-964,515
-956,511
-836,419
-848,451
-912,479
-964,529
-964,527
-980,539
-948,519
-984,549
-1040,549
-988,533
-916,487
-764,429
-824,383
-792,397
-836,399
-796,439
-880,467
-864,473
-940,503
-956,511
-900,483
-876,441
-840,375
-904,445
-924,489
-864,427
-896,449
-944,511
-940,521
-992,541
-984,529
-996,529
-1040,561
-1008,549
-992,539
-1076,571
-936,519
-992,543
-908,507
-952,511
-1016,541
-972,529
-996,531
-912,505
-964,497
-952,509
-936,483
-944,475
-860,425
-792,317
-724,309
-776,317
-812,339
-752,307
-780,277
-764,217
-780,267
-752,229
-872,307
-860,289
-760,253
-668,221
-732,181
-844,273
-872,393
-912,421
-940,415
-912,349
-880,343
-912,361
-768,259
-852,297
-884,319
-892,341
-932,391
-880,365
-888,369
-832,349
-788,311
-836,313
-868,287
-796,299
-832,327
-852,375
-820,381
-816,359
-888,401
-768,365
-816,415
-856,445
-816,421
-840,447
-784,373
-788,385
-788,357
-836,355
-844,343
-740,299
-820,357
-876,383
-824,393
-828,377
-772,381
-788,411
-824,421
-804,415
-812,413
-788,419
-732,401
-828,449
-856,461
-872,481
-856,477
-856,501
-932,513
-864,493
-872,485
-872,465
-812,431
-844,459
-1020,541
-960,493
-828,429
-864,445
-968,493
-932,471
-840,453
-824,459
-920,485
-876,469
-904,479
-908,493
-888,447
-836,441
-796,421
-912,505
-936,511
-944,501
-924,491
-960,501
-948,465
-912,475
-920,471
-904,485
-920,493
-932,501
-896,467
-964,481
-1028,531
-912,503
-956,507
-824,459
-828,465
-908,477
-996,539
-980,519
-996,529
-816,467
-932,507
-1036,559
-980,537
-932,521
-904,513
-836,473
-844,445
-880,465
-816,393
-848,407
-788,383
-800,299
-852,313
-816,329
-836,347
-860,365
-872,329
-848,217
-844,227
-852,221
-892,235
-872,213
-900,187
-872,109
-764,129
-832,157
-884,225
-816,265
-808,257
-792,283
-852,245
-828,271
-800,289
-876,355
-808,363
-820,387
-824,403
-920,483
-868,453
-940,495
-928,499
-908,461
-892,443
-940,429
-892,409
-884,429
-936,459
-956,511
-1008,543
-964,535
-996,547
-964,519
-928,507
-924,507
-912,495
-840,433
-808,389
-900,465
-880,437
-868,403
-908,405
-804,343
-844,317
-852,309
-824,287
-864,299
-856,305
-896,339
-844,371
-936,417
-908,399
-840,377
-896,387
-820,345
-904,355
-808,265
-752,185
-864,277
-900,337
-880,355
-804,355
-756,277
-800,279
-752,203
-724,133
-704,147
-744,91
-696,87
-724,101
-832,141
-840,137
-836,97
-828,149
-760,81
-788,45
-720,-51
-676,-23
-724,-65
-740,-83
-740,-75
-728,-109
-700,-163
-728,-151
-728,-189
-804,-147
-804,-149
-744,-171
-760,-221
-788,-259
-836,-277
-896,-251
-804,-239
-752,-211
-776,-221
-776,-287
-780,-345
-776,-361
-836,-455
-944,-511
-972,-529
-916,-499
-808,-423
-892,-447
-900,-485
-976,-531
-868,-495
-940,-499
-932,-495
-936,-495
-904,-479
-832,-441
-808,-425
-764,-333
-828,-343
-832,-333
-852,-299
-828,-217
-836,-247
-792,-171
-760,-135
-732,-167
-708,-135
-736,-129
-688,-187
-772,-149
-784,-187
-836,-217
-752,-189
-676,-199
-716,-135
-780,-151
-852,-157
-812,-99
-720,-117
-764,-111
-776,-119
-700,-89
-780,-109
-760,-131
-856,-133
-864,-165
-792,-173
-736,-165
-788,-105
-696,-95
-720,-77
-800,-93
-776,-33
-736,-23
-696,-9
-656,-37
-756,-57
-780,-29
-732,-101
-740,-163
-784,-137
-796,-179
-804,-225
-808,-247
-776,-259
-872,-377
-900,-409
-812,-405
-780,-409
-804,-417
-848,-437
-892,-457
-940,-497
-976,-523
-880,-479
-960,-509
-884,-465
-976,-545
-924,-505
-940,-481
-852,-415
-864,-415
-904,-447
-844,-417
-864,-449
-928,-501
-816,-449
-868,-449
-924,-473
-880,-479
-932,-511
-1040,-557
-968,-519
-1004,-525
-936,-485
-856,-411
-860,-391
-860,-429
-860,-411
-828,-347
-800,-375
-784,-383
-792,-383
-744,-353
-808,-387
-860,-429
-848,-455
-832,-441
-888,-463
-848,-439
-816,-451
-920,-487
-864,-463
-916,-495
-912,-499
-972,-493
-924,-507
-984,-527
-948,-527
-940,-525
-1024,-549
-988,-539
-892,-501
-884,-471
-872,-439
-824,-423
-760,-347
-788,-327
-732,-285
-776,-313
-824,-331
-880,-325
-808,-359
-872,-399
-980,-433
-928,-411
-880,-419
-836,-407
-904,-467
-904,-445
-952,-469
-992,-519
-964,-509
-948,-519
-872,-477
-840,-439
-820,-453
-840,-465
-892,-465
-992,-495
-868,-449
-932,-511
-1016,-537
-988,-523
-956,-523
-1032,-553
-1012,-545
-1044,-563
-1000,-547
-1036,-553
-972,-523
-928,-513
-916,-505
-916,-457
-908,-459
-1000,-461
-880,-437
-764,-347
-820,-401
-744,-331
-768,-355
-772,-411
-880,-471
-880,-461
-804,-445
-872,-451
-792,-389
-812,-375
-848,-369
-804,-381
-824,-387
-872,-409
-920,-429
-904,-455
-1004,-549
-1048,-559
-956,-513
-968,-523
-1020,-543
-1000,-555
-1008,-549
-916,-467
-876,-459
-896,-501
-904,-485
-908,-465
-792,-409
-804,-421
-764,-407
-816,-429
-800,-353
-824,-353
-812,-381
-856,-417
-796,-407
-828,-395
-908,-435
-860,-437
-816,-397
-776,-353
-768,-393
-860,-463
-908,-511
-988,-539
-908,-495
-884,-483
-844,-437
-948,-507
-928,-477
-896,-467
-836,-461
-860,-429
-816,-427
-912,-487
-892,-499
-804,-435
-776,-423
-876,-483
-956,-505
-956,-505
-896,-499
-916,-489
-884,-443
-784,-417
-868,-443
-884,-441
-880,-465
-952,-501
-916,-497
-900,-501
-948,-513
-1020,-559
-1008,-555
-1008,-541
-924,-503
-980,-517
-1020,-545
-1000,-553
-1020,-561
-1064,-575
-1084,-573
-1064,-573
-996,-543
-944,-525
-1020,-551
-948,-521
-928,-487
-928,-475
-904,-457
-932,-465
-884,-409
-896,-415
-812,-319
-836,-311
-792,-265
-776,-231
-680,-215
-728,-229
-816,-261
-848,-301
-804,-303
-828,-379
-852,-399
-872,-459
-952,-519
-872,-469
-884,-463
-896,-459
-872,-449
-852,-461
-828,-403
-844,-421
-868,-427
-912,-429
-936,-429
-896,-449
-840,-417
-840,-397
-836,-411
-884,-459
-780,-415
-828,-443
-832,-437
-820,-415
-824,-445
-964,-509
-888,-485
-1016,-551
-968,-525
-944,-515
-992,-537
-952,-489
-964,-521
-984,-543
-932,-501
-904,-499
-908,-457
-908,-455
-872,-437
-892,-473
-936,-509
-960,-521
-888,-477
-920,-487
-924,-471
-936,-493
-904,-479
-916,-457
-880,-403
-956,-493
-920,-475
-916,-463
-880,-451
-852,-431
-740,-335
-852,-395
-900,-395
-888,-345
-880,-423
-908,-467
-872,-477
-912,-465
-876,-423
-872,-419
-812,-405
-852,-433
-896,-483
-876,-477
-880,-465
-912,-499
-956,-531
-912,-511
-916,-509
-964,-505
-988,-537
-932,-523
-944,-515
-908,-497
-912,-491
-904,-503
-936,-499
-920,-497
-944,-501
-972,-535
-880,-487
-936,-497
-932,-483
-908,-493
-856,-409
-860,-421
-904,-457
-892,-451
-932,-481
-880,-481
-884,-443
-916,-455
-904,-425
-920,-433
-852,-453
-924,-441
-908,-453
-884,-465
-968,-511
-884,-483
-908,-501
-864,-477
-900,-489
-884,-489
-896,-491
-892,-477
-864,-473
-852,-463
-816,-459
-828,-397
-844,-403
-888,-425
-892,-409
-844,-375
-832,-379
-856,-431
-876,-449
-812,-413
-864,-435
-860,-433
-916,-479
-912,-465
-976,-481
-872,-445
-816,-419
-844,-433
-836,-391
-828,-423
-836,-423
-920,-491
-936,-493
-872,-465
-904,-449
-932,-475
-924,-443
-800,-431
-828,-429
-848,-459
-900,-475
-896,-475
-860,-457
-892,-425
-840,-377
-864,-415
-784,-383
-796,-409
-860,-433
-872,-461
-928,-487
-908,-443
-836,-427
-908,-461
-848,-433
-868,-441
-832,-449
-856,-443
-964,-505
-900,-491
-976,-533
-992,-539
-920,-473
-888,-441
-884,-437
-880,-443
-876,-421
-884,-479
-888,-475
-892,-463
-880,-481
-824,-459
-820,-445
-828,-461
-804,-401
-828,-441
-816,-441
-772,-373
-804,-371
-896,-423
-892,-469
-748,-385
-828,-409
-808,-397
-792,-423
-936,-489
-932,-509
-932,-511
-948,-517
-992,-537
-956,-521
-968,-525
-840,-451
-840,-377
-820,-367
-900,-407
-868,-405
-804,-385
-840,-377
-860,-423
-928,-497
-948,-519
-972,-527
-956,-499
-892,-499
-896,-481
-868,-451
-848,-451
-932,-475
-932,-467
-956,-493
-972,-509
-904,-447
-836,-397
-800,-367
-796,-387
-832,-359
-788,-357
-748,-317
-812,-261
-788,-233
-776,-251
-756,-247
-764,-243
-788,-305
-784,-335
-880,-329
-780,-315
-832,-385
-780,-387
-824,-387
-840,-371
-908,-341
-880,-375
-932,-417
-820,-377
-832,-373
-860,-335
-840,-293
-748,-259
-772,-355
-824,-335
-840,-333
-880,-361
-880,-345
-864,-343
-868,-389
-952,-441
-936,-485
-960,-483
-916,-465
-856,-421
-876,-441
-920,-433
-804,-351
-776,-361
-836,-401
-844,-449
-936,-515
-932,-501
-968,-523
-940,-503
-944,-523
-900,-507
-916,-509
-876,-499
-904,-497
-888,-495
-944,-507
-936,-501
-944,-517
-1008,-553
-956,-499
-1040,-539
-1008,-523
-940,-475
-860,-457
-824,-457
-908,-497
-876,-471
-908,-477
-952,-513
-920,-505
-964,-531
-952,-513
-992,-549
-912,-483
-924,-487
-892,-469
-884,-467
-816,-415
-800,-363
-796,-335
-712,-235
-744,-235
-752,-195
-736,-119
-732,25
-704,-1
-676,-35
-676,101
-720,31
-780,85
-820,63
-804,91
-776,-7
-772,-27
-744,-41
-732,-39
-708,-69
-740,-33
-752,29
-716,35
-724,117
-728,113
-756,107
-760,101
-768,35
-832,37
-776,37
-756,95
-892,57
-856,41
-824,-3
-780,29
-772,23
-792,43
-844,45
-784,131
-752,195
-732,161
-756,163
-748,147
-776,185
-732,141
-788,179
-820,205
-848,189
-868,169
-800,149
-780,175
-856,219
-872,279
-764,245
-760,189
-732,159
-756,135
-788,87
-796,135
-792,203
-824,257
-812,223
-724,243
-804,271
-816,169
-820,167
-860,159
-872,187
-816,169
-880,153
-824,131
-844,193
-900,275
-812,305
-808,323
-772,311
-808,227
-780,241
-700,185
-776,311
-824,349
-820,335
-756,331
-792,309
-848,397
-828,381
-852,391
-900,407
-892,475
-952,509
-964,505
-964,477
-992,547
-976,537
-952,515
-908,493
-948,511
-984,535
-952,533
-1036,563
-924,507
-908,503
-940,521
-1048,555
-992,527
-952,515
-940,491
-888,431
-860,459
-920,463
-968,497
-988,537
-908,487
-904,469
-932,507
-996,543
-972,531
-872,497
-956,537
-1028,557
-972,525
-808,453
-972,521
-932,489
-972,519
-932,507
-920,503
-904,473
-864,473
-840,441
-904,471
-892,469
-900,467
-928,429
-940,407
-868,383
-912,409
-888,421
-824,431
-840,379
-844,421
-872,475
-988,531
-960,537
-976,545
-988,547
-1020,565
-964,515
-908,485
-948,501
-1012,549
-1004,535
-876,479
-924,497
-944,511
-896,511
-908,513
-1024,549
-1000,515
-932,485
-928,501
-976,531
-892,485
-964,529
-920,485
-1024,549
-980,535
-984,523
-944,507
-976,541
-952,525
-996,527
-1032,553
-972,535
-1052,563
-1028,557
-936,521
-940,529
-972,543
-984,533
-1064,571
-1012,549
-924,497
-788,443
-828,447
-864,441
-880,423
-924,451
-944,417
-856,335
-828,351
-860,333
-920,413
-868,395
-900,461
-952,485
-920,445
-896,423
-940,395
-876,295
-904,327
-964,381
-872,363
-872,335
-892,363
-920,367
-908,349
-944,357
-900,363
-836,341
-900,335
-920,307
-916,297
-816,291
-844,295
-888,303
-952,347
-856,367
-828,373
-788,309
-828,343
-836,391
-824,357
-856,405
-844,395
-864,401
-860,393
-856,427
-884,415
-912,439
-892,453
-952,459
-1020,509
-976,499
-800,413
-904,497
-904,493
-836,461
-844,439
-836,451
-808,425
-812,441
-752,389
-756,393
-848,423
-860,433
-852,445
-856,457
-900,453
-868,431
-920,435
-980,501
-912,487
-860,451
-896,479
-852,437
-848,453
-848,437
-900,481
-896,463
-860,427
-788,385
-864,431
-984,511
-924,495
-948,509
-924,501
-928,503
-880,465
-896,487
-944,485
-968,491
-908,447
-876,437
-900,399
-800,325
-792,331
-804,353
-880,413
-828,413
-808,415
-776,371
-796,379
-840,389
-896,469
-1012,503
-932,455
-952,461
-952,469
-904,463
-868,461
-832,461
-844,443
-952,463
-880,443
-932,411
-916,407
-876,389
-792,323
-796,337
-740,319
-776,335
-860,405
-912,435
-928,419
-928,421
-860,387
-852,339
-908,355
-912,409
-912,455
-892,469
-920,487
-852,423
-820,365
-816,397
-828,413
-920,465
-852,429
-824,437
-792,405
-840,391
-836,393
-864,407
-872,415
-904,399
-848,373
-784,359
-732,363
-756,385
-796,381
-824,365
-836,389
-852,369
-828,425
-904,459
-972,529
-972,499
-932,507
-984,531
-976,515
-936,519
-884,507
-868,477
-856,485
-824,465
-992,539
-936,527
-804,459
-944,513
-928,483
-928,503
-876,483
-832,479
-968,513
-904,505
-972,513
-956,493
-936,483
-992,519
-960,507
-904,479
-948,499
-956,517
-872,459
-816,435
-844,431
-808,375
-740,325
-752,307
-788,283
-796,301
-752,257
-820,321
-828,313
-832,317
-828,311
-844,295
-860,327
-828,339
-832,353
-940,413
-968,449
-908,383
-816,325
-856,269
-804,263
-800,273
-732,313
-728,355
-800,415
-768,431
-856,437
-868,451
-800,375
-840,373
-732,339
-696,301
-696,275
-680,183
-692,177
-760,157
-740,219
-776,233
-796,235
-764,193
-748,257
-728,207
-768,285
-712,245
-812,297
-760,259
-796,227
-852,269
-768,239
-712,227
-748,215
-792,263
-828,325
-844,341
-876,325
-840,281
-880,227
-880,181
-864,185
-896,239
-848,175
-824,185
-888,189
-880,259
-820,269
-840,247
-828,229
-896,263
-872,273
-852,299
-828,261
-892,329
-936,365
-868,389
-804,351
-872,381
-900,367
-856,323
-864,287
-820,301
-808,351
-776,305
-816,343
-876,395
-924,385
-848,331
-840,323
-836,317
-772,261
-820,311
-784,321
-784,273
-824,279
-808,369
-748,337
-840,353
-828,343
-748,311
-800,361
-808,363
-784,395
-772,353
-804,315
-740,293
-776,309
-776,311
-764,327
-872,365
-892,367
-868,341
-888,327
-844,351
-852,341
-808,325
-840,373
-908,387
-876,383
-808,343
-840,363
-872,425
-812,373
-812,419
-844,433
-920,491
-920,497
-960,501
-924,505
-996,555
-1024,555
-1016,553
-1048,573
-1016,561
-856,499
-948,517
-960,529
-848,483
-848,469
-856,457
-756,423
-868,451
-916,439
-964,503
-940,515
-1000,529
-836,445
-916,477
-916,457
-928,473
-924,483
-912,507
-956,507
-988,521
-968,521
-928,513
-920,497
-940,519
-996,535
-928,491
-848,471
-776,441
-760,407
-808,449
-800,445
-888,475
-872,393
-832,327
-892,327
-888,367
-888,337
-848,327
-984,411
-956,395
-972,463
-952,441
-844,399
-888,463
-856,439
-832,401
-820,383
-860,363
-788,319
-836,377
-788,333
-952,375
-892,363
-784,361
-904,417
-932,437
-876,411
-840,403
-820,439
-904,483
-992,525
-1008,543
-1020,551
-1048,569
-972,549
-868,501
-1072,571
-1052,563
-972,541
-944,533
-972,537
-880,471
-880,467
-912,477
-932,485
-1004,513
-888,477
-884,473
-888,491
-936,511
-912,503
-968,539
-1000,533
-1052,535
-1064,563
-1128,593
-968,507
-880,489
-900,503
-960,529
-960,505
-908,455
-888,449
-880,427
-820,403
-828,373
-756,319
-688,247
-764,383
-664,359
-868,455
-844,483
-988,537
-864,485
-1028,545
-1004,529
-976,489
-892,467
-968,495
-944,495
-976,521
-940,507
-1024,549
-1020,547
-884,473
-856,473
-920,471
-896,453
-872,409
-820,349
-768,341
-852,419
-964,463
-940,485
-944,463
-916,467
-904,481
-920,471
-872,421
-832,423
-876,479
-916,493
-928,509
-904,467
-968,487
-896,487
-980,533
-980,535
-860,481
-980,539
-916,493
-920,507
-1004,543
-984,539
-992,541
-896,487
-860,479
-828,453
-880,467
-924,479
-928,433
-900,385
-852,245
-840,313
-852,359
-796,345
-788,355
-892,413
-780,395
-804,367
-776,379
-832,391
-832,389
-880,393
-840,405
-828,395
-908,375
-924,365
-888,315
-852,349
-932,381
-848,361
-796,329
-888,367
-884,305
-876,283
-920,325
-908,325
-880,327
-908,327
-848,251
-904,311
-904,297
-808,315
-808,279
-820,319
-816,327
-752,303
-748,313
-744,253
-796,299
-812,333
-796,311
-796,293
-788,317
-876,353
-872,353
-808,381
-892,437
-904,475
-964,499
-936,499
-892,445
-912,467
-856,439
-844,417
-876,449
-880,479
-868,469
-892,439
-908,419
-888,405
-936,401
-808,387
-800,393
-756,339
-736,357
-852,431
-984,535
-944,505
-920,487
-964,511
-900,479
-888,477
-920,483
-844,459
-808,421
-940,489
-932,503
-908,467
-860,413
-932,443
-860,445
-908,477
-908,465
-932,449
-912,457
-892,473
-940,497
-876,485
-820,427
-892,343
-856,307
-844,293
-840,341
-824,333
-888,409
-912,407
-848,341
-836,317
-880,345
-812,325
-808,321
-780,319
-904,463
-1024,543
-1020,555
-960,537
-1020,555
-940,511
-884,479
-916,503
-1012,549
-988,545
-1000,555
-1016,559
-1004,537
-912,493
-868,467
-852,467
-840,439
-812,397
-888,425
-816,403
-868,479
-908,505
-972,503
-972,511
-932,485
-912,445
-856,425
-808,401
-792,383
-828,407
-800,397
-856,447
-884,451
-908,455
-860,445
-892,431
-940,489
-920,479
-948,469
-872,435
-880,495
-936,523
-956,523
-1008,549
-848,485
-860,493
-844,489
-904,493
-988,523
-936,505
-1048,561
-1000,553
-972,537
-1012,541
-1072,573
-1104,581
-976,535
-940,513
-864,431
-824,453
-840,445
-880,473
-976,541
-1008,547
-904,505
-956,519
-1012,543
-1008,537
-988,515
-1004,523
-984,511
-992,535
-976,513
-884,487
-916,501
-964,521
-896,467
-932,505
-864,443
-896,419
-916,437
-892,457
-904,469
-904,465
-944,495
-948,505
-996,511
-1008,551
-944,519
-956,529
-944,527
-852,503
-880,493
-876,485
-912,497
-876,451
-884,467
-1000,535
-972,517
-956,511
-920,471
-972,509
-936,495
-924,475
-956,499
-892,489
-836,461
-876,471
-940,495
-932,485
-908,449
-836,437
-808,381
-784,365
-824,341
-788,351
-880,393
-816,421
-900,469
-908,479
-932,471
-952,489
-940,491
-988,517
-868,463
-808,433
-820,463
-844,453
-860,463
-768,409
-904,467
-928,463
-928,481
-936,483
-788,393
-816,385
-808,411
-776,373
-788,361
-696,335
-672,309
-704,323
-712,241
-884,377
-832,387
-792,401
-784,359
-872,461
-904,487
-960,531
-992,545
-956,529
-944,509
-952,505
-944,501
-972,537
-948,513
-824,425
-848,425
-872,421
-856,451
-924,459
-880,435
-928,453
-944,485
-852,455
-884,475
-880,479
-884,491
-1016,551
-944,529
-944,513
-980,523
-968,511
-956,519
-960,527
-988,525
-960,519
-892,497
-848,451
-1008,509
-868,491
-888,497
-868,481
-976,521
-944,505
-936,511
-1040,563
-1000,547
-928,499
-876,471
-972,533
-1012,561
-904,501
-844,461
-972,539
-976,527
-1048,551
-896,489
-908,479
-880,471
-928,507
-960,521
-984,521
-960,513
-988,535
-1008,557
-900,507
-888,493
-948,519
-916,511
-944,527
-892,495
-940,527
-1004,543
-832,469
-932,493
-868,475
-912,519
-1008,543
-980,517
-1024,565
-936,511
-908,501
-928,517
-868,473
-868,465
-884,459
-772,393
-744,363
-744,317
-744,293
-800,211
-764,213
-724,267
-820,315
-884,427
-868,431
-844,385
-860,421
-852,431
-884,463
-932,433
-836,423
-788,423
-776,431
-844,469
-836,473
-860,465
-852,471
-908,477
-980,509
-908,495
-828,443
-796,429
-840,437
-884,421
-908,479
-904,461
-872,415
-832,381
-876,381
-852,315
-800,243
-784,321
-820,325
-848,371
-872,417
-816,375
-784,393
-808,383
-880,413
-804,345
-724,273
-736,195
-816,153
-744,121
-760,141
-784,133
-756,103
-768,119
-728,131
-764,101
-800,63
-832,37
-808,93
-832,99
-776,183
-792,183
-800,109
-772,139
-864,183
-820,145
-804,139
-776,133
-772,93
-668,45
-664,-19
-696,17
-748,-7
-832,-73
-756,-9
-732,-37
-764,-99
-828,-127
-772,-169
-804,-145
-832,-143
-772,-81
-776,-135
-780,-145
-780,-147
-780,-167
-748,-197
-768,-65
-768,1
-856,11
-868,-9
-884,-13
-720,-15
-724,3
-696,9
-720,-39
-820,-85
-800,-77
-752,-123
-700,-65
-716,-139
-820,-129
-796,-71
-764,-77
-776,-81
-736,-65
-688,-111
-748,-151
-752,-139
-744,-131
-792,-147
-792,-219
-772,-183
-836,-235
-812,-311
-852,-377
-848,-389
-836,-389
-848,-379
-716,-305
-668,-265
-704,-263
-764,-313
-800,-369
-820,-343
-896,-449
-848,-429
-924,-477
-836,-409
-904,-419
-848,-429
-828,-427
-860,-465
-836,-449
-928,-467
-912,-483
-928,-487
-884,-459
-788,-413
-940,-493
-964,-513
-992,-511
-916,-469
-916,-473
-888,-439
-928,-511
-904,-487
-936,-519
-932,-485
-960,-481
-924,-457
-872,-483
-824,-463
-864,-449
-872,-477
-804,-463
-824,-437
-812,-445
-880,-481
-888,-455
-872,-429
-948,-447
-892,-403
-908,-393
-908,-331
-864,-325
-880,-313
-888,-341
-896,-391
-888,-439
-880,-419
-848,-393
-780,-389
-844,-367
-828,-363
-816,-349
-824,-399
-824,-389
-712,-247
-652,-219
-648,-195
-792,-253
-884,-361
-872,-383
-808,-357
-856,-371
-848,-401
-860,-403
-844,-381
-868,-411
-796,-311
-780,-245
-796,-253
-804,-303
-788,-283
-720,-231
-784,-243
-748,-213
-792,-227
-780,-161
-752,-211
-776,-211
-752,-245
-796,-273
-772,-227
-744,-181
-808,-177
-816,-303
-832,-307
-840,-317
-784,-285
-824,-309
-860,-319
-820,-263
-848,-253
-832,-283
-828,-297
-816,-363
-888,-473
-884,-489
-900,-503
-948,-519
-984,-527
-1008,-509
-1012,-517
-884,-471
-896,-479
-864,-433
-940,-481
-920,-463
-888,-467
-856,-433
-852,-431
-876,-459
-852,-421
-932,-493
-940,-491
-992,-491
-948,-489
-844,-421
-852,-427
-880,-453
-812,-443
-948,-487
-928,-481
-920,-463
-880,-393
-888,-401
-900,-427
-872,-459
-908,-509
-984,-509
-948,-485
-908,-457
-876,-483
-908,-487
-992,-533
-924,-469
-908,-441
-908,-439
-968,-511
-956,-513
-920,-503
-908,-515
-992,-541
-988,-535
-948,-507
-948,-511
-892,-471
-868,-413
-888,-439
-860,-437
-836,-439
-844,-465
-944,-521
-916,-507
-848,-417
-904,-445
-872,-459
-876,-397
-904,-401
-828,-355
-796,-341
-892,-427
-768,-357
-828,-361
-784,-395
-760,-393
-760,-371
-732,-351
-756,-343
-788,-329
-808,-325
-832,-391
-844,-409
-788,-401
-864,-411
-864,-429
-968,-495
-992,-483
-972,-483
-908,-465
-984,-509
-1004,-509
-940,-469
-892,-437
-892,-485
-948,-509
-948,-483
-804,-393
-784,-393
-796,-345
-836,-407
-836,-397
-836,-373
-808,-293
-908,-397
-868,-401
-916,-451
-852,-451
-844,-423
-876,-475
-832,-469
-856,-441
-828,-431
-908,-471
-904,-459
-928,-477
-908,-495
-976,-527
-964,-505
-940,-519
-936,-503
-912,-497
-944,-511
-932,-497
-912,-479
-952,-505
-960,-499
-960,-491
-904,-499
-940,-511
-980,-535
-956,-515
-888,-481
-792,-445
-824,-459
-864,-451
-924,-465
-864,-447
-792,-377
-816,-347
-780,-319
-820,-319
-876,-429
-856,-429
-800,-453
-840,-457
-940,-455
-896,-431
-808,-393
-836,-451
-900,-497
-900,-497
-888,-481
-860,-473
-956,-493
-868,-453
-840,-471
-844,-467
-880,-461
-888,-433
-896,-427
-832,-393
-884,-381
-888,-387
-912,-381
-852,-363
-880,-397
-852,-409
-860,-395
-808,-269
-760,-259
-780,-309
-840,-387
-904,-433
-892,-449
-852,-389
-784,-387
-852,-413
-828,-443
-852,-467
-908,-479
-812,-403
-940,-461
-880,-459
-844,-433
-852,-423
-824,-443
-812,-403
-896,-433
-876,-437
-824,-381
-844,-415
-860,-437
-808,-375
-880,-407
-864,-383
-808,-355
-748,-247
-680,-233
-688,-203
-680,-201
-708,-141
-652,-115
-664,-155
-692,-145
-720,-193
-744,-189
-780,-209
-756,-241
-772,-297
-804,-395
-852,-393
-840,-279
-808,-321
-836,-303
-844,-355
-872,-367
-820,-349
-856,-291
-832,-281
-792,-287
-912,-377
-908,-389
-872,-389
-864,-431
-908,-425
-848,-361
-888,-413
-836,-367
-812,-363
-860,-287
-812,-257
-768,-337
-788,-375
-808,-361
-840,-375
-756,-331
-788,-333
-820,-365
-828,-347
-848,-329
-796,-291
-832,-327
-844,-291
-832,-271
-776,-193
-768,-145
-708,-95
-732,-179
-776,-253
-776,-175
-816,-137
-756,-149
-760,-57
-664,-53
-680,-3
-696,45
-760,35
-736,55
-728,21
-660,-63
-716,-19
-784,-5
-796,-89
-768,-135
-684,-153
-752,-183
-812,-157
-804,-185
-820,-195
-832,-253
-800,-199
-692,-191
-724,-215
-764,-283
-816,-391
-768,-341
-708,-249
-736,-217
-740,-287
-780,-343
-848,-341
-852,-363
-860,-345
-832,-353
-824,-381
-828,-365
-772,-307
-760,-309
-852,-371
-892,-415
-896,-409
-884,-415
-896,-443
-944,-459
-884,-449
-932,-457
-860,-377
-872,-375
-820,-417
-916,-461
-840,-417
-904,-447
-892,-469
-948,-509
-976,-539
-956,-509
-1024,-553
-1000,-539
-940,-505
-940,-519
-960,-507
-960,-483
-940,-455
-944,-465
-988,-489
-904,-469
-920,-483
-868,-447
-900,-453
-896,-421
-908,-431
-944,-465
-896,-485
-904,-517
-1040,-561
-924,-511
-948,-485
-940,-479
-916,-469
-960,-519
-880,-487
-964,-515
-924,-507
-844,-469
-896,-485
-900,-497
-872,-479
-776,-421
-776,-435
-816,-453
-848,-467
-896,-493
-916,-493
-916,-479
-852,-439
-940,-433
-884,-383
-776,-355
-752,-311
-772,-349
-784,-407
-812,-379
-860,-405
-764,-403
-732,-367
-804,-425
-808,-409
-880,-465
-896,-467
-908,-453
-904,-473
-892,-461
-880,-483
-868,-477
-948,-491
-920,-479
-880,-481
-908,-505
-964,-529
-948,-529
-1016,-547
-1024,-547
-1028,-551
-928,-507
-844,-471
-832,-445
-864,-379
-872,-425
-908,-445
-896,-415
-848,-413
-836,-443
-888,-467
-924,-489
-924,-493
-948,-499
-904,-495
-876,-477
-896,-485
-952,-515
-928,-507
-960,-535
-972,-537
-904,-505
-948,-521
-960,-521
-952,-517
-908,-493
-856,-459
-900,-485
-884,-483
-916,-455
-936,-497
-884,-465
-956,-531
-1004,-551
-1028,-545
-996,-523
-876,-437
-916,-419
-880,-433
-880,-417
-836,-453
-816,-393
-808,-387
-812,-383
-828,-411
-832,-369
-792,-367
-728,-345
-872,-455
-848,-435
-788,-391
-884,-465
-948,-485
-920,-463
-960,-511
-944,-505
-944,-511
-928,-495
-1008,-527
-940,-485
-964,-503
-940,-483
-1000,-519
-992,-523
-972,-527
-1000,-545
-996,-547
-1004,-555
-976,-547
-920,-509
-948,-517
-916,-489
-956,-429
-884,-385
-832,-345
-772,-237
-784,-323
-852,-331
-744,-327
-744,-361
-812,-361
-852,-389
-840,-385
-836,-385
-836,-375
-844,-347
-828,-359
-884,-345
-912,-391
-928,-465
-912,-449
-868,-433
-796,-387
-880,-487
-944,-519
-1008,-555
-984,-539
-1032,-541
-940,-503
-896,-487
-940,-501
-924,-499
-860,-457
-984,-471
-904,-441
-936,-473
-944,-493
-888,-437
-840,-437
-844,-431
-884,-425
-904,-421
-908,-419
-944,-419
-860,-333
-768,-335
-864,-375
-912,-383
-888,-373
-848,-367
-928,-461
-908,-479
-916,-487
-924,-491
-968,-521
-1008,-531
-936,-513
-920,-509
-960,-515
-888,-485
-952,-513
-936,-517
-972,-527
-1036,-565
-984,-543
-944,-521
-984,-533
-968,-531
-928,-505
-852,-471
-888,-471
-844,-449
-856,-441
-820,-383
-724,-309
-832,-333
-804,-275
-844,-359
-872,-419
-864,-441
-900,-439
-900,-485
-856,-473
-908,-481
-956,-505
-952,-503
-868,-429
-920,-443
-872,-457
-932,-459
-952,-477
-920,-489
-828,-435
-896,-473
-884,-449
-900,-473
-828,-435
-812,-375
-812,-315
-832,-373
-864,-411
-876,-443
-864,-427
-908,-467
-876,-453
-860,-453
-784,-393
-784,-379
-792,-397
-840,-403
-860,-431
-924,-471
-860,-425
-844,-389
-832,-419
-856,-437
-812,-369
-848,-343
-836,-383
-880,-361
-852,-295
-884,-269
-784,-183
-744,-137
-772,-169
-800,-221
-712,-265
-760,-277
-700,-209
-712,-217
-756,-283
-724,-275
-760,-297
-776,-253
-836,-167
-816,-105
-840,-63
-860,-103
-844,-153
-832,-155
-764,-203
-792,-185
-816,-129
-740,-125
-796,-157
-820,-157
-788,-123
-700,-121
-628,-131
-740,-235
-784,-261
-836,-295
-828,-319
-872,-363
-892,-389
-848,-315
-832,-295
-860,-321
-756,-279
-860,-351
-848,-379
-804,-371
-864,-401
-828,-389
-792,-373
-816,-421
-884,-493
-968,-517
-980,-501
-1072,-541
-964,-511
-920,-493
-936,-499
-908,-481
-924,-489
-980,-503
-912,-471
-868,-471
-936,-487
-916,-483
-968,-525
-832,-457
-784,-421
-864,-419
-888,-419
-948,-487
-908,-479
-948,-493
-928,-479
-964,-483
-956,-471
-880,-461
-792,-393
-724,-351
-748,-363
-792,-345
-784,-343
-808,-387
-808,-367
-808,-353
-820,-329
-760,-269
-752,-231
-780,-241
-780,-301
-776,-287
-812,-303
-828,-293
-888,-329
-836,-307
-864,-377
-904,-419
-832,-389
-884,-391
-796,-373
-764,-373
-824,-403
-904,-437
-940,-461
-880,-439
-876,-445
-844,-423
-864,-411
-812,-377
-828,-395
-844,-313
-812,-385
-836,-335
-804,-315
-888,-389
-888,-461
-864,-431
-804,-371
-812,-375
-828,-381
-788,-353
-800,-339
-796,-367
-860,-369
-884,-407
-888,-435
-892,-439
-848,-371
-852,-361
-880,-387
-840,-359
-808,-323
-824,-309
-780,-331
-796,-363
-824,-345
-772,-293
-776,-337
-860,-377
-836,-371
-784,-359
-872,-327
-768,-301
-808,-313
-888,-255
-864,-267
-764,-295
-772,-219
-712,-247
-764,-265
-764,-351
-800,-359
-808,-357
-868,-407
-780,-317
-816,-341
-780,-339
-796,-313
-864,-341
-840,-367
-908,-447
-924,-453
-896,-445
-828,-393
-876,-413
-856,-379
-884,-359
-840,-373
-916,-469
-932,-471
-896,-451
-884,-405
-856,-349
-824,-365
-856,-381
-844,-355
-852,-403
-904,-427
-928,-433
-892,-417
-788,-285
-812,-335
-808,-357
-832,-359
-824,-377
-820,-369
-844,-357
-776,-365
-856,-427
-880,-451
-860,-433
-804,-385
-808,-359
-804,-307
-780,-309
-776,-325
-820,-369
-836,-419
-832,-403
-848,-383
-900,-395
-904,-411
-804,-381
-888,-467
-808,-387
-800,-405
-832,-419
-868,-445
-796,-405
-868,-443
-888,-461
-856,-445
-980,-503
-904,-471
-908,-483
-900,-491
-960,-515
-900,-483
-816,-429
-912,-467
-916,-483
-908,-467
-816,-431
-840,-429
-940,-467
-896,-431
-852,-379
-856,-347
-844,-355
-772,-285
-760,-301
-728,-261
-764,-207
-788,-239
-804,-217
-776,-227
-764,-249
-856,-297
-808,-321
-812,-315
-796,-331
-732,-281
-724,-249
-688,-283
-708,-321
-824,-365
-820,-335
-776,-291
-652,-277
-760,-363
-756,-325
-700,-277
-772,-345
-816,-337
-788,-327
-892,-343
-856,-357
-828,-307
-812,-363
-856,-435
-892,-449
-892,-467
-916,-441
-900,-479
-880,-469
-796,-409
-824,-391
-828,-373
-824,-357
-848,-357
-900,-401
-864,-395
-804,-361
-796,-351
-840,-389
-836,-427
-852,-443
-812,-421
-860,-475
-908,-483
-940,-523
-980,-541
-996,-541
-960,-535
-928,-503
-952,-493
-964,-487
-984,-509
-976,-497
-948,-491
-960,-523
-900,-489
-928,-495
-916,-499
-932,-485
-960,-513
-908,-475
-908,-461
-956,-453
-812,-419
-888,-419
-964,-445
-944,-455
-724,-371
-848,-377
-848,-395
-808,-381
-832,-437
-904,-451
-908,-487
-884,-445
-832,-409
-820,-399
-820,-377
-872,-369
-828,-371
-832,-311
-760,-327
-772,-297
-856,-435
-896,-439
-772,-361
-764,-375
-824,-419
-908,-463
-840,-405
-916,-427
-920,-481
-980,-515
-940,-513
-976,-533
-948,-505
-972,-529
-940,-499
-1016,-531
-984,-503
-948,-509
-864,-471
-944,-505
-884,-477
-872,-457
-960,-499
-960,-503
-1024,-543
-912,-505
-940,-517
-940,-539
-872,-503
-988,-527
-972,-511
-1000,-537
-996,-527
-976,-541
-944,-525
-984,-533
-940,-515
-916,-467
-868,-415
-920,-447
-868,-451
-828,-399
-896,-397
-796,-351
-832,-419
-804,-391
-772,-375
-808,-409
-804,-389
-796,-379
-872,-421
-928,-475
-888,-467
-876,-457
-892,-465
-788,-415
-928,-469
-896,-465
-912,-461
-840,-427
-896,-453
-904,-443
-876,-461
-996,-519
-952,-513
-896,-479
-944,-519
-872,-479
-1008,-541
-868,-467
-788,-385
-768,-389
-892,-447
-940,-485
-940,-465
-904,-465
-908,-479
-952,-507
-936,-499
-936,-507
-988,-533
-1016,-529
-972,-519
-948,-513
-980,-525
-944,-471
-988,-493
-972,-495
-896,-457
-896,-433
-868,-439
-884,-445
-924,-505
-900,-447
-940,-467
-908,-453
-924,-465
-924,-491
-880,-487
-916,-525
-956,-525
-976,-543
-956,-533
-980,-531
-972,-507
-956,-477
-936,-445
-876,-421
-888,-441
-948,-473
-876,-451
-836,-425
-928,-485
-956,-531
-936,-529
-932,-517
-988,-519
-920,-487
-860,-469
-908,-449
-884,-429
-904,-417
-836,-385
-904,-399
-904,-407
-876,-403
-848,-425
-912,-479
-856,-447
-844,-453
-856,-433
-920,-459
-892,-457
-844,-457
-980,-531
-884,-501
-1004,-547
-920,-499
-860,-483
-876,-483
-904,-481
-908,-491
-820,-441
-832,-411
-840,-431
-828,-411
-704,-335
-812,-399
-864,-397
-864,-407
-800,-301
-824,-333
-904,-429
-892,-487
-1012,-549
-1068,-573
-1032,-563
-1036,-559
-1024,-559
-1016,-543
-972,-487
-984,-511
-976,-519
-940,-527
-900,-505
-928,-475
-980,-493
-940,-509
-852,-459
-848,-443
-800,-435
-844,-443
-876,-447
-860,-425
-888,-447
-908,-479
-984,-539
-908,-505
-932,-511
-948,-515
-940,-519
-972,-517
-952,-519
-936,-487
-984,-537
-952,-539
-812,-449
-912,-517
-896,-493
-896,-457
-824,-435
-820,-443
-804,-445
-840,-457
-924,-501
-928,-483
-988,-505
-956,-475
-908,-451
-796,-429
-896,-405
-884,-445
-936,-489
-924,-515
-992,-537
-1004,-539
-1020,-555
-1000,-545
-1028,-553
-1032,-555
-920,-505
-984,-535
-992,-533
-1032,-561
-1000,-543
-896,-487
-800,-413
-824,-399
-836,-387
-788,-389
-804,-345
-844,-361
-852,-353
-860,-333
-844,-299
-868,-293
-912,-351
-908,-263
-824,-219
-764,-277
-732,-211
-700,-183
-692,-167
-740,-109
-724,-93
-736,-7
-656,-15
-680,-29
-716,-7
-744,-43
-660,-19
-624,37
-668,29
-716,71
-788,33
-780,105
-812,177
-820,193
-804,187
-712,175
-884,265
-908,255
-780,175
-764,161
-784,183
-804,119
-788,179
-740,175
-792,173
-816,159
-856,247
-848,273
-712,241
-708,179
-720,89
-760,87
-792,115
-728,89
-740,83
-728,107
-760,153
-748,213
-824,249
-832,257
-836,315
-860,331
-812,351
-816,371
-888,441
-860,429
-868,427
-872,409
-884,397
-896,397
-884,415
-888,427
-880,469
-976,491
-948,487
-1008,511
-976,495
-904,487
-940,485
-936,467
-932,483
-912,481
-864,439
-916,455
-852,467
-844,459
-880,473
-964,533
-924,531
-996,553
-1008,559
-956,513
-948,517
-980,519
-992,513
-996,541
-964,505
-972,535
-1004,541
-904,495
-936,491
-884,459
-856,469
-868,487
-884,459
-888,445
-908,445
-844,441
-920,463
-912,457
-876,447
-800,441
-856,449
-908,481
-944,489
-972,525
-956,517
-940,521
-956,515
-996,513
-992,515
-1008,549
-948,467
-896,431
-848,379
-716,359
-784,405
-872,435
-884,447
-872,449
-892,457
-912,471
-992,485
-972,485
-940,503
-928,509
-912,503
-932,495
-940,511
-944,511
-916,483
-864,437
-868,457
-832,423
-876,429
-752,415
-808,461
-928,485
-944,489
-960,501
-952,511
-864,457
-884,475
-928,459
-856,441
-820,423
-876,413
-912,413
-964,417
-908,435
-916,415
-888,399
-864,387
-908,413
-800,383
-912,415
-912,439
-996,463
-964,461
-896,437
-808,427
-880,443
-868,459
-880,473
-852,457
-888,487
-836,459
-912,457
-900,435
-932,481
-852,435
-868,453
-824,377
-892,407
-844,435
-872,419
-836,411
-852,407
-872,433
-952,461
-892,443
-832,439
-888,447
-880,447
-920,463
-904,485
-960,511
-900,493
-872,457
-960,511
-940,499
-904,475
-928,497
-860,439
-852,447
-904,477
-932,491
-972,509
-976,537
-940,517
-840,443
-928,489
-872,451
-860,387
-864,383
-896,375
-812,353
-868,379
-772,319
-868,403
-800,403
-840,419
-816,381
-836,425
-876,411
-872,419
-884,417
-932,441
-840,391
-844,407
-892,425
-872,403
-848,399
-900,443
-908,429
-944,473
-996,523
-892,481
-960,503
-888,445
-928,491
-960,521
-944,501
-836,457
-844,417
-796,373
-772,357
-824,351
-836,359
-804,349
-900,445
-844,453
-784,415
-784,433
-804,401
-772,401
-896,443
-864,439
-864,441
-852,405
-856,467
-868,483
-884,477
-864,475
-888,465
-836,461
-848,441
-900,469
-884,455
-856,463
-884,457
-852,447
-836,429
-936,513
-936,519
-1080,563
-944,509
-976,529
-952,517
-1012,535
-964,537
-900,485
-804,465
-912,487
-1032,555
-1012,559
-988,547
-916,493
-912,451
-864,413
-828,407
-832,409
-784,355
-888,415
-860,399
-868,383
-872,415
-876,461
-940,477
-936,485
-908,443
-884,439
-884,447
-832,457
-852,473
-940,529
-972,531
-984,537
-1036,563
-1004,551
-984,547
-920,515
-884,489
-944,509
-956,515
-884,505
-940,505
-896,491
-992,551
-980,537
-976,549
-944,535
-928,509
-976,521
-924,493
-952,517
-956,505
-824,435
-792,421
-792,439
-812,345
-796,381
-848,395
-948,427
-904,445
-888,477
-908,481
-908,489
-948,517
-928,485
-880,467
-912,451
-924,475
-940,491
-940,477
-868,449
-872,441
-872,509
-832,447
-844,445
-864,439
-816,373
-892,457
-828,421
-920,445
-820,423
-816,371
-728,337
-684,337
-772,377
-832,477
-912,491
-852,467
-872,441
-924,497
-836,467
-852,461
-924,495
-960,527
-952,525
-884,473
-980,499
-916,427
-864,381
-828,379
-812,397
-844,449
-964,525
-940,493
-900,477
-980,517
-952,523
-904,495
-956,501
-928,459
-952,463
-956,479
-944,493
-928,467
-884,429
-792,443
-904,499
-852,487
-916,513
-872,465
-800,399
-832,407
-828,391
-816,431
-836,473
-884,493
-948,525
-924,503
-924,485
-896,483
-796,439
-868,485
-868,477
-764,439
-936,497
-924,507
-892,505
-904,511
-912,505
-836,451
-948,533
-1080,577
-1040,571
-1004,539
-856,469
-912,489
-880,425
-924,419
-804,355
-884,371
-792,329
-784,339
-812,389
-676,319
-796,385
-808,391
-848,409
-792,349
-728,341
-764,361
-760,369
-844,383
-936,475
-912,489
-964,495
-900,495
-976,537
-944,505
-952,513
-976,519
-964,527
-968,505
-976,535
-1004,539
-864,489
-952,523
-984,529
-960,515
-936,521
-1040,543
-1016,539
-1016,559
-980,539
-1004,549
-1036,555
-992,533
-996,527
-936,513
-976,535
-996,525
-856,447
-884,451
-828,405
-916,435
-980,479
-984,505
-880,443
-832,427
-832,419
-908,479
-812,417
-868,395
-904,417
-832,379
-884,427
-924,469
-928,451
-884,455
-804,409
-808,391
-896,437
-868,441
-872,465
-788,421
-824,417
-848,445
-820,393
-828,401
-856,413
-864,405
-840,375
-904,407
-828,397
-888,409
-884,451
-816,429
-876,485
-972,517
-952,517
-868,459
-876,403
-840,361
-776,361
-896,455
-940,497
-896,481
-952,513
-1024,543
-976,531
-972,525
-948,523
-908,509
-860,479
-1012,561
-940,523
-912,499
-972,535
-1016,551
-996,549
-1016,547
-984,503
-884,495
-852,465
-764,363
-852,403
-840,403
-880,397
-876,447
-940,431
-912,407
-876,409
-836,371
-864,451
-776,425
-772,461
-912,483
-880,473
-900,491
-904,485
-896,479
-928,497
-912,491
-884,443
-808,415
-912,463
-892,455
-824,439
-836,391
-888,393
-860,369
-788,327
-756,281
-720,209
-696,219
-776,293
-760,265
-764,237
-816,227
-844,271
-860,293
-860,367
-836,341
-900,407
-824,395
-788,299
-784,283
-776,311
-764,319
-720,293
-728,333
-748,301
-784,329
-784,291
-804,297
-752,237
-744,239
-740,237
-792,203
-812,211
-752,187
-840,293
-740,327
-764,333
-732,329
-772,337
-784,381
-844,409
-908,447
-804,397
-824,411
-852,421
-884,407
-876,449
-968,499
-1008,531
-944,509
-896,487
-868,413
-836,443
-940,467
-852,455
-832,461
-896,459
-880,437
-840,425
-768,389
-820,419
-880,433
-864,407
-884,421
-876,399
-864,331
-780,279
-756,265
-808,351
-860,367
-860,423
-820,369
-848,373
-788,313
-844,361
-860,417
-876,451
-844,453
-936,505
-980,521
-984,533
-900,489
-984,509
-968,499
-928,463
-920,481
-980,531
-992,529
-1000,517
-944,503
-944,493
-904,469
-916,473
-960,495
-992,525
-968,519
-948,507
-944,505
-932,445
-796,369
-892,467
-976,501
-864,457
-868,483
-920,509
-900,501
-896,465
-940,515
-984,533
-960,515
-932,505
-860,451
-920,451
-912,461
-876,465
-912,505
-828,453
-852,449
-904,461
-848,449
-888,477
-944,513
-884,483
-820,449
-804,417
-860,453
-812,431
-760,429
-852,469
-892,481
-852,455
-920,491
-908,493
-956,525
-880,483
-876,463
-840,453
-820,449
-880,473
-852,443
-908,437
-896,451
-820,411
-908,461
-912,475
-888,479
-960,521
-928,517
-940,491
-1000,535
-984,539
-1020,547
-1032,559
-908,503
-864,447
-848,405
-728,353
-792,423
-824,435
-792,415
-720,319
-784,381
-792,357
-844,373
-824,339
-840,373
-848,389
-880,371
-868,341
-864,369
-872,381
-916,325
-876,293
-832,275
-848,323
-888,375
-852,363
-764,233
-788,213
-788,237
-828,209
-708,201
-740,189
-780,239
-824,313
-808,287
-812,319
-816,359
-860,417
-884,423
-944,453
-956,481
-988,503
-928,483
-776,375
-804,389
-844,409
-904,441
-892,431
-884,395
-900,463
-928,483
-988,507
-892,469
-1060,563
-1028,549
-912,489
-932,507
-960,541
-948,517
-1020,537
-976,533
-996,545
-976,537
-924,499
-968,521
-996,535
-1008,547
-972,525
-1020,545
-956,519
-1072,571
-980,535
-892,497
-852,457
-852,419
-864,415
-888,447
-848,455
-852,443
-860,437
-956,491
-952,503
-912,499
-888,489
-952,511
-1004,529
-884,475
-916,481
-912,503
-968,523
-912,503
-940,513
-876,485
-980,515
-960,515
-848,473
-852,479
-828,475
-836,465
-872,475
-908,435
-828,427
-916,465
-864,453
-828,421
-896,457
-896,487
-852,481
-876,483
-760,393
-824,361
-816,375
-828,455
-868,479
-924,507
-924,521
-940,509
-940,529
-944,515
-948,499
-1008,535
-960,509
-920,497
-984,503
-840,471
-956,487
-940,461
-912,493
-956,517
-932,511
-964,527
-928,511
-932,499
-940,509
-948,519
-944,515
-956,527
-980,539
-920,503
-944,497
-956,515
-968,517
-972,515
-964,515
-988,511
-960,487
-936,481
-960,481
-892,471
-888,473
-920,489
-876,467
-924,457
-856,425
-904,399
-940,427
-892,445
-928,501
-956,497
-916,475
-876,489
-844,483
-840,473
-832,461
-896,481
-860,493
-872,479
-864,441
-876,451
-868,435
-904,425
-924,443
-944,459
-856,437
-852,425
-892,461
-900,447
-952,473
-904,473
-844,439
-892,459
-804,445
-844,467
-928,481
-988,521
-944,491
-940,471
-848,435
-820,425
-864,449
-940,477
-976,521
-1004,543
-1004,549
-1000,533
-960,527
-860,487
-940,509
-948,521
-1000,545
-948,527
-908,507
-908,503
-928,519
-928,513
-940,529
-920,511
-856,447
-928,493
-896,451
-896,457
-828,393
-844,385
-840,383
-812,375
-812,403
-892,463
-848,421
-824,409
-816,405
-796,315
-848,333
-868,345
-828,379
-864,433
-828,395
-768,363
-772,329
-788,367
-860,403
-876,429
-800,381
-864,393
-820,365
-872,417
-828,429
-896,453
-928,463
-932,511
-1004,541
-904,511
-928,517
-956,527
-1040,565
-964,537
-952,483
-984,511
-948,521
-1048,559
-1028,553
-1040,553
-1036,547
-952,505
-896,471
-904,463
-884,483
-948,485
-936,475
-984,491
-988,509
-892,487
-784,435
-884,481
-872,451
-908,501
-860,471
-824,465
-852,495
-920,489
-952,531
-1004,541
-968,537
-952,509
-896,487
-852,447
-828,401
-808,433
-876,463
-896,483
-852,445
-844,453
-912,477
-896,459
-908,469
-816,459
-788,399
-820,433
-952,481
-784,399
-852,381
-896,455
-856,459
-892,465
-828,361
-848,411
-812,397
-748,333
-780,337
-728,305
-744,289
-756,247
-748,223
-728,251
-680,183
-772,207
-840,279
-876,333
-916,355
-840,379
-860,391
-900,433
-924,413
-876,427
-924,435
-804,333
-860,335
-828,353
-888,393
-848,405
-836,393
-896,405
-928,417
-832,385
-844,387
-776,353
-796,321
-848,303
-752,303
-796,337
-828,323
-812,319
-744,275
-744,291
-756,255
-684,157
-804,253
-840,319
-812,295
-800,295
-852,301
-828,299
-784,305
-824,311
-844,359
-808,339
-844,297
-888,335
-816,327
-860,325
-804,353
-884,413
-908,453
-916,485
-912,481
-860,465
-900,497
-916,495
-896,497
-928,473
-896,459
-868,415
-836,413
-864,411
-908,403
-924,437
-912,439
-828,387
-824,403
-952,499
-796,439
-868,453
-916,491
-956,529
-1048,565
-992,545
-900,507
-940,499
-984,535
-996,535
-920,507
-984,509
-952,527
-960,507
-884,477
-884,473
-940,491
-936,485
-836,471
-924,495
-812,427
-768,407
-776,397
-768,387
-848,405
-836,381
-812,377
-796,369
-832,439
-788,403
-840,429
-872,449
-872,391
-744,375
-752,379
-824,429
-816,421
-884,493
-948,509
-964,503
-892,441
-916,481
-936,465
-992,493
-840,381
-856,433
-868,425
-828,435
-852,401
-916,433
-896,413
-888,415
-880,391
-860,423
-816,419
-828,419
-800,359
-804,339
-760,355
-872,443
-852,345
-940,353
-916,453
-880,463
-1020,533
-1032,561
-1040,565
-1024,541
-936,477
-988,527
-916,523
-968,515
-1004,499
-936,447
-944,471
-912,505
-932,525
-892,501
-1028,543
-928,491
-836,439
-832,427
-888,475
-960,523
-1028,545
-1000,555
-1024,545
-1028,559
-1036,559
-1056,569
-1028,553
-1024,555
-972,533
-916,507
-916,515
-912,467
-928,467
-796,341
-796,365
-808,387
-884,403
-800,361
-776,345
-764,319
-820,295
-836,345
-828,369
-872,423
-792,377
-800,379
-812,391
-876,385
-916,415
-872,419
-868,435
-824,387
-752,365
-828,417
-948,505
-956,497
-888,475
-836,463
-856,473
-960,531
-976,547
-988,543
-956,523
-864,475
-916,495
-900,491
-912,489
-892,485
-912,483
-952,503
-1000,535
-992,539
-968,525
-912,487
-972,509
-888,471
-788,417
-864,471
-828,433
-812,419
-840,459
-932,503
-972,529
-1024,535
-980,537
-992,517
-984,515
-904,493
-1024,545
-972,543
-952,515
-924,517
-972,523
-932,525
-972,519
-996,537
-1004,545
-940,503
-960,523
-924,491
-888,479
-872,473
-860,477
-848,459
-864,465
-876,467
-840,443
-920,497
-956,501
-936,487
-1004,521
-900,493
-928,481
-900,457
-880,439
-908,455
-940,479
-852,363
-840,311
-808,261
-732,289
-772,319
-816,367
-768,367
-844,407
-856,421
-856,427
-928,499
-880,459
-828,439
-848,451
-836,401
-860,407
-892,443
-832,401
-812,407
-888,431
-876,449
-940,469
-924,473
-880,449
-872,453
-892,445
-864,471
-844,443
-964,501
-924,499
-896,479
-808,437
-892,451
-892,465
-964,485
-948,479
-880,433
-848,395
-960,487
-944,505
-956,507
-912,505
-816,451
-928,491
-876,469
-888,463
-816,415
-904,475
-936,499
-996,541
-988,539
-908,511
-888,487
-880,489
-816,453
-896,463
-832,423
-896,443
-892,427
-824,383
-904,423
-892,407
-872,413
-880,421
-952,471
-848,413
-832,383
-820,393
-820,407
-760,359
-788,339
-780,277
-776,187
-760,229
-832,293
-856,289
-888,307
-852,321
-892,341
-928,357
-936,363
-860,343
-840,315
-848,243
-832,219
-800,215
-828,235
-828,251
-828,257
-784,235
-792,237
-780,227
-792,249
-832,271
-700,243
-776,183
-736,53
-664,103
-712,123
-768,-9
-764,-61
-760,-47
-776,-47
-708,-107
-768,-53
-700,-55
-728,-35
-772,33
-792,-29
-776,-61
-756,-129
-780,-179
-764,-201
-740,-177
-744,-171
-720,-185
-732,-203
-804,-259
-712,-227
-744,-217
-744,-255
-716,-261
-904,-375
-904,-453
-888,-477
-892,-509
-896,-501
-948,-507
-980,-503
-968,-481
-976,-519
-968,-529
-980,-533
-944,-521
-1008,-539
-944,-517
-932,-501
-948,-517
-912,-451
-940,-443
-956,-513
-904,-485
-968,-483
-896,-439
-928,-463
-924,-471
-900,-459
-836,-451
-900,-443
-844,-417
-892,-471
-928,-497
-992,-529
-956,-521
-896,-479
-856,-431
-876,-463
-904,-509
-980,-521
-1004,-551
-980,-541
-972,-527
-924,-491
-916,-493
-872,-467
-936,-467
-924,-505
-860,-463
-876,-483
-928,-499
-928,-509
-992,-527
-960,-531
-972,-531
-876,-491
-884,-463
-812,-453
-880,-483
-940,-505
-924,-521
-940,-521
-872,-489
-868,-479
-864,-459
-896,-465
-844,-429
-716,-391
-740,-339
-748,-335
-796,-345
-756,-299
-740,-307
-740,-277
-708,-187
-740,-109
-768,-105
-728,21
-748,-23
-676,-81
-692,-79
-676,-83
-692,-53
-724,-25
-684,-15
-712,-39
-720,-89
-760,-57
-812,-13
-804,27
-828,21
-860,39
-832,47
-832,9
-824,15
-824,-17
-808,7
-832,71
-824,161
-824,159
-800,185
-820,205
-796,231
-828,275
-888,331
-856,317
-888,261
-776,265
-796,249
-788,211
-808,205
-804,179
-784,103
-744,103
-744,127
-784,147
-820,189
-776,171
-752,171
-804,277
-756,327
-780,349
-880,453
-932,453
-820,365
-824,325
-852,347
-744,335
-800,359
-760,341
-856,361
-880,407
-812,415
-860,415
-780,397
-896,421
-864,431
-804,445
-880,451
-872,437
-864,407
-920,435
-828,359
-788,355
-752,373
-788,387
-836,405
-936,485
-856,447
-892,473
-940,491
-900,449
-900,455
-888,435
-864,451
-892,477
-908,493
-928,511
-884,495
-956,501
-928,465
-876,419
-836,399
-848,411
-872,417
-808,401
-828,413
-848,433
-816,387
-912,447
-832,421
-776,369
-864,457
-896,453
-868,449
-872,469
-848,469
-856,471
-844,397
-792,383
-844,407
-796,435
-800,461
-888,475
-840,441
-864,451
-884,479
-980,521
-924,473
-924,457
-820,411
-736,291
-700,201
-716,209
-700,195
-688,205
-740,277
-820,331
-856,411
-832,345
-808,317
-760,325
-848,365
-836,375
-860,345
-820,349
-860,369
-880,353
-792,277
-776,249
-792,269
-820,239
-864,297
-836,265
-840,307
-820,325
-832,313
-880,323
-824,305
-800,233
-808,253
-872,389
-904,417
-892,401
-904,457
-832,425
-816,435
-952,507
-1000,541
-1032,551
-976,547
-948,519
-932,495
-932,495
-896,465
-932,467
-932,453
-948,475
-904,463
-888,431
-840,367
-840,361
-868,413
-788,405
-796,387
-724,347
-728,345
-804,391
-912,437
-912,447
-844,395
-872,381
-924,397
-864,387
-840,437
-856,459
-1020,549
-1012,547
-980,535
-1068,569
-1044,563
-1048,553
-976,533
-980,505
-880,467
-960,507
-964,533
-1000,543
-968,535
-968,505
-956,515
-968,525
-944,511
-912,479
-888,469
-860,419
-820,393
-924,419
-864,389
-820,387
-796,385
-732,329
-780,369
-840,437
-856,469
-920,481
-868,457
-816,453
-908,461
-912,475
-876,449
-816,429
-864,459
-824,443
-912,479
-988,521
-940,525
-972,521
-996,539
-932,511
-952,511
-888,461
-900,403
-852,399
-784,367
-812,353
-800,357
-856,409
-836,407
-808,375
-832,373
-936,437
-892,419
-844,395
-900,475
-956,503
-884,489
-940,513
-908,513
-952,537
-1032,551
-1028,559
-1080,573
-1012,549
-980,519
-1004,531
-856,457
-860,457
-908,469
-900,495
-1004,549
-992,539
-972,531
-1048,563
-856,457
-832,417
-956,517
-1028,533
-1012,523
-976,499
-924,491
-912,495
-900,473
-856,463
-1000,537
-984,543
-876,497
-880,479
-856,467
-948,519
-972,535
-968,531
-1032,555
-976,523
-1008,527
-1000,525
-868,475
-904,513
-976,523
-956,499
-952,513
-980,533
-984,523
-960,503
-904,465
-872,459
-852,377
-804,397
-744,327
-792,347
-780,353
-808,433
-740,343
-736,277
-724,261
-732,263
-692,249
-752,297
-752,323
-748,357
-748,321
-760,325
-808,345
-764,347
-800,351
-788,345
-760,313
-752,337
-888,433
-948,485
-916,449
-812,385
-860,389
-936,395
-848,327
-860,331
-828,321
-800,293
-808,311
-808,315
-864,299
-892,313
-856,309
-844,323
-904,421
-852,351
-756,317
-744,305
-756,331
-880,415
-848,411
-792,423
-916,457
-856,459
-824,397
-860,399
-868,445
-860,479
-840,473
-888,501
-880,481
-928,505
-976,499
-872,449
-852,455
-828,417
-828,407
-776,395
-816,429
-808,427
-844,451
-864,459
-908,503
-936,495
-980,519
-1020,549
-988,517
-992,531
-1024,559
-916,511
-900,497
-920,471
-964,517
-968,533
-924,513
-968,541
-912,497
-952,485
-896,465
-804,323
-852,375
-860,411
-892,429
-912,479
-940,511
-896,493
-892,473
-880,443
-920,471
-928,501
-916,501
-880,475
-892,481
-912,499
-888,491
-872,449
-912,465
-920,481
-900,485
-904,511
-836,479
-920,503
-876,465
-908,493
-956,513
-956,525
-988,525
-944,477
-840,445
-892,457
-876,459
-848,435
-848,415
-888,455
-880,433
-904,455
-952,467
-920,497
-904,497
-908,467
-936,489
-888,457
-856,431
-876,467
-888,469
-848,425
-812,425
-864,457
-860,467
-872,457
-884,457
-916,467
-944,497
-948,507
-960,509
-920,491
-912,503
-944,501
-984,525
-928,501
-952,513
-976,525
-936,493
-844,413
-836,395
-848,451
-788,423
-888,463
-912,495
-912,469
-952,497
-1032,537
-1004,525
-956,491
-848,443
-840,431
-880,483
-948,521
-888,477
-872,469
-824,429
-812,375
-840,323
-772,293
-856,375
-824,377
-840,323
-880,381
-904,401
-908,421
-956,413
-872,415
-856,461
-856,455
-876,467
-960,447
-932,485
-876,455
-872,451
-844,455
-772,401
-812,411
-768,381
-788,361
-880,433
-864,403
-856,409
-908,389
-832,349
-848,357
-824,363
-864,349
-808,297
-872,357
-920,393
-988,465
-964,429
-908,403
-852,361
-864,359
-912,391
-940,449
-992,505
-972,539
-988,519
-960,489
-872,475
-996,543
-1020,547
-1004,535
-952,517
-960,519
-948,513
-888,489
-912,479
-1052,563
-972,523
-980,501
-964,505
-952,513
-984,535
-980,519
-980,539
-1008,547
-980,525
-1028,539
-948,497
-928,475
-884,479
-944,505
-908,467
-828,383
-812,397
-816,409
-912,443
-892,481
-900,505
-1000,537
-980,535
-956,525
-964,525
-1040,561
-1004,543
-892,479
-952,477
-864,439
-824,437
-836,439
-852,397
-800,407
-844,425
-928,437
-828,363
-884,375
-832,393
-808,339
-812,333
-832,411
-808,433
-772,403
-880,449
-904,497
-940,495
-988,541
-1004,551
-1060,577
-960,505
-952,531
-1000,557
-1008,549
-1028,559
-968,527
-940,503
-852,435
-876,459
-880,451
-988,527
-940,539
-848,489
-984,533
-900,475
-932,497
-972,523
-1000,551
-1028,553
-944,503
-956,477
-948,505
-996,533
-1028,555
-1076,571
-1044,567
-984,523
-1000,529
-1000,517
-1004,521
-996,521
-956,525
-1020,561
-1020,547
-1016,541
-856,461
-812,409
-816,397
-876,429
-912,431
-940,439
-896,355
-864,293
-812,229
-760,227
-704,201
-804,171
-724,79
-784,67
-780,73
-808,21
-744,35
-764,61
-848,39
-796,-17
-784,21
-776,35
-788,67
-812,61
-844,97
-828,111
-748,131
-740,143
-748,167
-748,183
-784,183
-756,161
-716,111
-724,79
-716,113
-768,119
-756,133
-764,75
-812,117
-836,137
-740,159
-724,221
-796,259
-800,263
-760,227
-776,269
-768,355
-880,449
-904,479
-932,487
-1044,553
-984,541
-1084,577
-1052,561
-932,507
-860,485
-864,467
-820,395
-796,363
-896,445
-992,507
-964,513
-964,509
-940,491
-896,489
-924,483
-916,461
-956,495
-924,485
-904,473
-992,531
-904,503
-800,441
-804,443
-828,433
-892,461
-872,447
-864,441
-932,487
-896,449
-944,479
-920,501
-996,533
-1004,547
-988,543
-972,535
-988,523
-868,457
-816,439
-832,435
-856,445
-848,411
-916,459
-924,499
-908,483
-836,461
-760,369
-908,411
-944,451
-872,463
-832,417
-900,417
-876,439
-880,475
-992,513
-972,497
-956,527
-1012,531
-1004,529
-976,511
-952,505
-968,489
-984,487
-940,495
-964,497
-896,477
-908,467
-932,487
-984,523
-992,535
-940,519
-1036,553
-968,515
-864,457
-824,443
-916,481
-952,509
-944,521
-892,481
-932,499
-908,489
-924,461
-948,473
-936,467
-852,417
-880,415
-836,421
-904,469
-888,447
-828,411
-872,439
-892,465
-948,493
-880,495
-928,521
-956,521
-1028,547
-964,523
-932,521
-928,529
-968,541
-924,517
-912,493
-924,507
-940,515
-936,503
-884,463
-936,443
-952,441
-884,399
-848,391
-852,345
-892,405
-892,421
-892,461
-936,499
-944,513
-1016,539
-896,501
-936,513
-904,477
-900,491
-864,495
-884,467
-932,467
-900,437
-908,419
-768,331
-736,349
-768,365
-844,407
-784,365
-876,423
-892,437
-976,497
-940,471
-964,499
-896,469
-920,489
-1020,553
-980,545
-936,501
-892,485
-908,487
-860,485
-884,499
-992,535
-900,483
-932,505
-968,519
-992,545
-1000,555
-1020,557
-968,525
-932,487
-968,505
-932,483
-864,459
-940,489
-776,357
-776,313
-756,297
-632,217
-684,179
-708,169
-668,131
-728,99
-816,-3
-752,43
-780,19
-796,43
-744,55
-804,79
-860,125
-852,195
-856,173
-852,195
-788,175
-916,247
-856,273
-852,321
-872,275
-912,333
-884,333
-828,407
-852,429
-908,435
-908,449
-876,403
-924,435
-976,473
-964,507
-996,531
-908,465
-868,393
-840,361
-816,373
-740,347
-828,397
-924,461
-888,469
-912,497
-892,475
-960,509
-896,465
-876,447
-840,417
-816,385
-848,383
-804,379
-800,409
-832,417
-828,389
-792,317
-816,331
-864,433
-788,413
-792,371
-868,423
-720,379
-752,357
-696,279
-640,217
-668,255
-684,217
-656,177
-632,85
-664,-11
-648,-43
-708,-41
-728,-97
-756,-85
-660,-101
-684,-135
-696,-123
-708,-115
-684,-167
-728,-255
-772,-235
-760,-225
-840,-271
-836,-323
-856,-361
-856,-413
-944,-447
-880,-441
-900,-455
-904,-465
-872,-453
-884,-463
-824,-419
-872,-441
-900,-439
-840,-447
-852,-419
-844,-439
-864,-469
-896,-487
-928,-495
-896,-509
-968,-523
-1040,-563
-1004,-543
-960,-521
-928,-525
-936,-521
-948,-513
-1028,-553
-1032,-549
-972,-531
-1004,-547
-932,-527
-956,-523
-944,-523
-948,-515
-968,-521
-936,-503
-1032,-547
-872,-483
-960,-521
-928,-497
-920,-465
-960,-453
-904,-481
-940,-509
-956,-501
-1000,-543
-1020,-555
-1036,-561
-972,-539
-1012,-541
-992,-545
-800,-397
-820,-359
-776,-335
-892,-363
-884,-377
-904,-381
-832,-323
-836,-335
-744,-335
-820,-375
-776,-397
-792,-357
-820,-389
-796,-407
-848,-439
-820,-429
-812,-389
-884,-437
-868,-417
-880,-461
-816,-437
-852,-415
-864,-443
-940,-499
-908,-481
-824,-431
-832,-421
-832,-421
-812,-437
-824,-393
-836,-433
-904,-445
-896,-421
-880,-447
-872,-481
-908,-519
-912,-507
-940,-493
-920,-483
-960,-499
-1008,-529
-856,-467
-972,-533
-972,-519
-964,-525
-936,-509
-932,-521
-1036,-557
-1004,-547
-960,-511
-1008,-531
-888,-449
-864,-463
-868,-467
-900,-473
-972,-509
-948,-515
-900,-489
-916,-495
-972,-523
-932,-519
-864,-449
-960,-497
-968,-507
-1024,-541
-944,-469
-928,-471
-880,-393
-860,-387
-872,-417
-888,-421
-856,-383
-880,-353
-912,-373
-880,-353
-900,-357
-836,-341
-820,-337
-756,-331
-804,-383
-804,-365
-840,-399
-900,-365
-828,-357
-824,-371
-824,-335
-800,-355
-756,-291
-812,-349
-848,-411
-884,-419
-828,-407
-904,-455
-900,-439
-928,-459
-940,-477
-992,-511
-992,-525
-884,-463
-944,-469
-936,-469
-876,-449
-904,-445
-900,-443
-916,-461
-976,-521
-984,-537
-1044,-557
-980,-539
-916,-515
-1044,-549
-1004,-521
-956,-495
-928,-467
-944,-461
-840,-417
-724,-371
-732,-359
-844,-407
-868,-425
-892,-465
-924,-459
-892,-447
-876,-425
-892,-397
-904,-411
-880,-437
-876,-475
-796,-425
-808,-433
-856,-477
-908,-495
-864,-463
-836,-403
-900,-451
-816,-393
-888,-437
-824,-393
-920,-427
-948,-445
-912,-455
-952,-493
-828,-419
-816,-375
-768,-351
-816,-359
-856,-329
-828,-315
-784,-301
-724,-267
-728,-253
-828,-293
-844,-337
-952,-437
-888,-453
-852,-451
-876,-461
-860,-475
-892,-491
-852,-471
-904,-475
-912,-483
-916,-483
-900,-483
-920,-507
-860,-477
-924,-485
-860,-431
-832,-445
-876,-455
-952,-483
-944,-507
-872,-469
-928,-481
-916,-493
-904,-465
-808,-451
-832,-441
-984,-537
-1004,-543
-960,-527
-876,-485
-972,-519
-928,-497
-824,-463
-788,-395
-836,-417
-864,-439
-844,-393
-872,-459
-872,-479
-872,-457
-908,-477
-880,-433
-892,-445
-888,-477
-968,-509
-968,-511
-1004,-543
-988,-549
-952,-525
-928,-515
-904,-485
-912,-487
-904,-481
-920,-481
-916,-477
-916,-487
-932,-507
-940,-521
-880,-499
-956,-529
-912,-493
-892,-481
-892,-479
-808,-447
-868,-451
-888,-423
-892,-439
-892,-431
-872,-423
-836,-413
-848,-365
-880,-411
-880,-393
-904,-379
-872,-391
-908,-459
-904,-463
-920,-417
-928,-469
-836,-439
-952,-477
-956,-473
-956,-501
-920,-481
-912,-493
-904,-475
-892,-473
-896,-475
-912,-495
-908,-491
-844,-481
-896,-501
-932,-507
-880,-483
-888,-473
-884,-471
-832,-461
-920,-491
-852,-465
-968,-523
-948,-497
-880,-465
-924,-483
-924,-465
-840,-447
-912,-483
-868,-423
-916,-453
-952,-461
-920,-445
-868,-441
-900,-457
-948,-481
-924,-415
-828,-427
-828,-401
-860,-407
-876,-437
-852,-371
-796,-327
-840,-325
-900,-283
-864,-283
-864,-289
-852,-309
-848,-301
-800,-325
-804,-321
-812,-335
-872,-377
-868,-393
-908,-415
-840,-405
-924,-479
-856,-397
-884,-399
-864,-407
-912,-449
-960,-491
-980,-545
-1000,-557
-1044,-567
-992,-545
-944,-519
-920,-505
-968,-507
-920,-479
-820,-437
-820,-441
-824,-431
-904,-501
-1012,-545
-976,-539
-928,-525
-928,-507
-944,-501
-936,-501
-980,-489
-932,-467
-900,-453
-912,-437
-852,-427
-920,-485
-892,-453
-892,-447
-904,-427
-792,-393
-868,-445
-860,-423
-892,-469
-848,-451
-956,-503
-948,-527
-896,-515
-968,-533
-1028,-555
-996,-461
-892,-397
-856,-377
-848,-389
-856,-379
-864,-369
-816,-351
-828,-379
-812,-381
-776,-341
-732,-351
-768,-395
-816,-405
-828,-403
-784,-405
-848,-381
-784,-351
-820,-371
-736,-325
-828,-325
-884,-299
-860,-265
-844,-299
-792,-241
-720,-165
-708,-197
-800,-237
-876,-379
-940,-453
-928,-395
-868,-355
-748,-285
-780,-223
-812,-285
-836,-343
-808,-317
-864,-307
-772,-353
-852,-389
-876,-421
-856,-443
-944,-471
-860,-441
-764,-371
-696,-373
-772,-383
-792,-347
-840,-377
-844,-441
-800,-431
-872,-483
-912,-487
-916,-487
-820,-429
-908,-497
-900,-489
-852,-473
-888,-483
-840,-427
-812,-435
-820,-443
-828,-399
-936,-479
-904,-477
-912,-463
-876,-431
-944,-461
-844,-395
-908,-467
-908,-447
-920,-461
-976,-543
-1040,-549
-996,-549
-1040,-561
-1036,-567
-1000,-557
-968,-539
-916,-505
-952,-527
-868,-481
-860,-481
-976,-517
-1008,-515
-968,-477
-928,-461
-876,-483
-804,-473
-808,-469
-868,-477
-880,-481
-880,-481
-888,-499
-984,-539
-1020,-551
-1024,-555
-952,-509
-992,-503
-1004,-493
-940,-471
-960,-461
-936,-491
-900,-449
-836,-429
-768,-407
-864,-447
-872,-449
-840,-439
-872,-463
-852,-455
-820,-437
-920,-469
-900,-467
-952,-533
-904,-511
-932,-505
-1020,-551
-1008,-543
-900,-463
-868,-477
-912,-501
-940,-517
-988,-539
-892,-499
-1004,-549
-940,-511
-924,-509
-944,-503
-956,-473
-944,-507
-944,-511
-924,-511
-980,-533
-848,-447
-892,-437
-984,-525
-996,-539
-1024,-561
-992,-539
-964,-515
-940,-511
-948,-509
-964,-517
-1032,-557
-912,-485
-916,-499
-892,-489
-1004,-543
-1028,-555
-988,-533
-968,-533
-1000,-543
-924,-499
-948,-497
-876,-493
-852,-481
-852,-467
-880,-451
-856,-417
-888,-457
-828,-429
-932,-479
-944,-463
-980,-435
-920,-437
-908,-421
-880,-387
-868,-343
-840,-353
-788,-349
-792,-399
-800,-427
-796,-387
-808,-407
-804,-405
-784,-395
-808,-439
-828,-389
-928,-471
-980,-497
-952,-473
-924,-469
-884,-459
-964,-507
-936,-477
-912,-471
-856,-447
-848,-469
-912,-501
-936,-507
-852,-471
-900,-455
-868,-403
-880,-443
-868,-463
-888,-411
-844,-395
-896,-441
-808,-367
-880,-415
-852,-399
-884,-417
-892,-453
-908,-471
-908,-463
-864,-427
-844,-423
-872,-445
-872,-437
-860,-419
-916,-467
-912,-475
-824,-455
-796,-419
-820,-395
-796,-427
-852,-455
-848,-419
-820,-337
-888,-347
-772,-383
-840,-393
-848,-347
-768,-229
-748,-247
-824,-181
-816,-213
-884,-293
-868,-313
-848,-331
-824,-297
-856,-311
-836,-363
-772,-307
-824,-259
-788,-275
-796,-339
-892,-375
-816,-361
-908,-431
-908,-411
-912,-393
-892,-419
-964,-467
-912,-403
-872,-409
-900,-419
-920,-463
-964,-511
-872,-455
-864,-421
-904,-487
-924,-497
-900,-437
-896,-401
-888,-433
-872,-447
-844,-439
-992,-503
-932,-495
-880,-467
-940,-497
-860,-461
-924,-453
-828,-367
-828,-347
-892,-407
-840,-375
-856,-363
-884,-393
-768,-319
-824,-357
-868,-333
-856,-393
-816,-409
-756,-407
-780,-405
-760,-383
-884,-429
-868,-437
-916,-463
-872,-413
-968,-513
-984,-533
-876,-483
-864,-449
-944,-519
-972,-523
-964,-519
-896,-487
-888,-479
-964,-525
-912,-507
-928,-505
-944,-499
-940,-475
-980,-531
-896,-453
-864,-461
-904,-489
-920,-445
-904,-479
-824,-409
-852,-459
-796,-431
-808,-447
-872,-447
-820,-427
-908,-477
-956,-519
-1028,-533
-916,-475
-844,-423
-908,-455
-876,-457
-920,-463
-928,-503
-928,-513
-952,-483
-928,-467
-936,-477
-912,-455
-940,-493
-992,-543
-952,-501
-892,-435
-908,-469
-892,-461
-920,-483
-920,-439
-896,-439
-888,-395
-844,-345
-820,-345
-800,-361
-852,-293
-804,-225
-832,-259
-888,-245
-852,-255
-720,-249
-768,-325
-796,-357
-800,-403
-748,-377
-756,-397
-820,-453
-860,-483
-856,-467
-880,-471
-936,-493
-928,-489
-920,-511
-904,-495
-904,-485
-916,-479
-972,-517
-920,-493
-984,-511
-968,-509
-892,-475
-844,-421
-856,-375
-876,-341
-824,-227
-788,-223
-836,-239
-820,-219
-748,-191
-756,-211
-796,-153
-852,-103
-784,-99
-832,-155
-852,-171
-848,-193
-844,-207
-792,-199
-784,-195
-864,-243
-844,-297
-824,-273
-760,-235
-856,-235
-860,-273
-852,-259
-776,-253
-820,-305
-848,-373
-844,-335
-836,-361
-848,-341
-872,-387
-888,-367
-872,-377
-820,-387
-792,-419
-784,-419
-760,-415
-900,-487
-944,-493
-972,-487
-920,-465
-900,-429
-864,-389
-832,-319
-900,-321
-896,-291
-900,-321
-936,-341
-884,-309
-864,-373
-940,-427
-820,-321
-876,-383
-848,-427
-860,-429
-824,-393
-864,-435
-888,-471
-764,-415
-880,-483
-932,-503
-952,-531
-892,-491
-984,-529
-1028,-553
-1016,-555
-1020,-555
-1000,-549
-988,-531
-984,-547
-932,-515
-1028,-553
-1048,-553
-976,-529
-916,-505
-952,-517
-988,-537
-920,-499
-900,-499
-936,-503
-912,-471
-1012,-543
-1020,-549
-884,-499
-936,-509
-876,-473
-888,-473
-876,-489
-840,-473
-856,-461
-848,-443
-940,-499
-1020,-539
-976,-507
-884,-493
-944,-525
-888,-495
-884,-499
-920,-519
-1012,-545
-1000,-537
-924,-511
-956,-487
-924,-515
-932,-507
-932,-527
-948,-527
-1020,-545
-992,-525
-1028,-561
-1004,-551
-996,-551
-1036,-557
-1020,-537
-968,-513
-808,-453
-956,-503
-988,-529
-968,-527
-912,-477
-848,-429
-900,-473
-876,-473
-912,-465
-860,-427
-856,-447
-876,-443
-952,-503
-948,-511
-908,-491
-840,-427
-912,-459
-896,-443
-836,-445
-824,-381
-804,-319
-792,-329
-812,-333
-848,-375
-772,-389
-868,-435
-848,-461
-892,-475
-896,-463
-900,-439
-848,-433
-756,-383
-804,-385
-816,-429
-768,-401
-816,-387
-936,-437
-988,-499
-952,-511
-980,-521
-984,-537
-912,-513
-884,-493
-820,-415
-796,-401
-740,-375
-744,-335
-740,-321
-804,-405
-772,-331
-732,-345
-716,-363
-804,-383
-784,-401
-788,-341
-844,-395
-820,-395
-816,-373
-864,-401
-788,-339
-800,-307
-892,-381
-900,-401
-908,-399
-908,-347
-852,-363
-872,-453
-960,-509
-888,-503
-892,-481
-896,-457
-892,-439
-936,-439
-904,-463
-836,-453
-872,-481
-884,-425
-824,-415
-824,-417
-828,-433
-800,-383
-792,-397
-740,-341
-852,-365
-840,-407
-880,-469
-924,-479
-956,-483
-956,-503
-852,-475
-824,-453
-960,-515
-940,-495
-956,-515
-968,-521
-856,-491
-924,-521
-872,-475
-868,-439
-868,-413
-780,-345
-788,-327
-756,-387
-816,-409
-772,-393
-840,-445
-904,-463
-964,-465
-976,-485
-1036,-529
-976,-513
-992,-527
-916,-455
-828,-387
-824,-373
-844,-403
-880,-439
-944,-491
-904,-483
-920,-475
-980,-515
-1020,-529
-960,-517
-928,-509
-904,-507
-1004,-545
-960,-531
-872,-501
-920,-485
-904,-459
-844,-447
-872,-455
-888,-481
-932,-489
-892,-481
-936,-491
-908,-455
-852,-457
-836,-441
-832,-409
-900,-449
-852,-385
-840,-359
-804,-279
-828,-295
-828,-325
-856,-367
-920,-479
-788,-395
-940,-471
-812,-411
-792,-331
-912,-401
-892,-375
-820,-423
-808,-379
-880,-399
-952,-471
-924,-465
-872,-449
-856,-415
-848,-453
-912,-477
-844,-435
-828,-449
-816,-413
-884,-447
-888,-451
-924,-481
-980,-493
-960,-523
-960,-511
-1024,-551
-952,-485
-992,-513
-956,-531
-996,-541
-920,-517
-904,-467
-956,-505
-928,-491
-944,-529
-916,-493
-920,-479
-900,-473
-944,-457
-912,-433
-908,-439
-900,-467
-912,-455
-832,-403
-784,-327
-760,-365
-792,-391
-872,-465
-960,-497
-904,-477
-904,-463
-872,-463
-868,-461
-916,-497
-960,-533
-972,-531
-944,-521
-1032,-565
-1028,-553
-948,-523
-908,-523
-948,-515
-936,-495
-960,-503
-972,-515
-972,-531
-960,-517
-876,-439
-892,-451
-920,-489
-832,-445
-908,-449
-784,-431
-764,-405
-704,-397
-828,-399
-800,-425
-888,-471
-892,-513
-968,-527
-864,-453
-916,-479
-988,-523
-932,-519
-912,-509
-956,-509
-988,-521
-972,-517
-972,-521
-928,-475
-896,-455
-944,-471
-960,-529
-912,-487
-856,-457
-776,-429
-828,-433
-828,-421
-804,-421
-796,-407
-904,-473
-908,-489
-860,-477
-864,-451
-920,-481
-888,-471
-868,-459
-852,-451
-920,-449
-824,-427
-856,-475
-828,-455
-896,-481
-916,-497
-944,-511
-848,-451
-928,-449
-952,-501
-980,-525
-960,-513
-908,-457
-908,-489
-892,-463
-836,-403
-948,-489
-820,-409
-844,-423
-836,-415
-840,-405
-812,-387
-760,-373
-832,-391
-868,-439
-880,-461
-832,-455
-840,-455
-864,-451
-900,-511
-1020,-557
-956,-533
-896,-515
-944,-517
-872,-491
-872,-479
-912,-481
-868,-459
-932,-487
-888,-459
-836,-375
-836,-339
-752,-293
-836,-333
-832,-389
-868,-405
-844,-415
-812,-441
-824,-447
-828,-455
-880,-467
-888,-445
-876,-415
-852,-455
-900,-457
-928,-505
-952,-515
-992,-535
-996,-541
-984,-545
-896,-491
-1020,-537
-960,-527
-904,-481
-976,-541
-912,-511
-984,-531
-1008,-543
-912,-477
-868,-461
-852,-453
-844,-437
-900,-473
-964,-501
-964,-487
-868,-445
-920,-473
-908,-463
-956,-493
-948,-487
-952,-439
-836,-393
-808,-329
-828,-345
-740,-249
-788,-277
-704,-225
-700,-193
-784,-225
-812,-199
-804,-145
-752,-155
-780,-153
-684,-181
-656,-143
-756,-177
-768,-151
-708,-99
-748,-71
-744,37
-776,51
-784,33
-788,53
-800,99
-820,95
-768,59
-812,85
-780,99
-740,77
-768,55
-744,9
-804,-9
-740,-23
-748,-15
-720,-27
-724,5
-772,-9
-804,-15
-780,43
-808,-29
-764,-41
-828,-15
-788,-21
-768,-63
-796,-11
-816,49
-820,29
-848,27
-876,-9
-840,-9
-820,-17
-792,-21
-724,65
-748,95
-832,145
-744,165
-752,233
-740,239
-724,151
-784,259
-800,231
-784,221
-676,171
-700,107
-748,165
-808,137
-792,165
-748,203
-760,187
-780,187
-760,217
-780,193
-692,219
-764,259
-852,365
-860,395
-844,397
-908,445
-912,437
-872,461
-860,453
-888,453
-928,509
-876,441
-836,419
-848,393
-740,387
-812,435
-812,431
-908,495
-900,497
-888,493
-920,487
-920,451
-936,457
-888,433
-772,387
-836,397
-908,451
-972,529
-880,479
-908,481
-952,489
-936,505
-968,525
-980,533
-940,515
-964,519
-944,499
-948,497
-980,531
-1036,561
-964,539
-972,527
-936,515
-948,533
-1012,549
-940,511
-980,535
-928,517
-892,495
-920,515
-920,511
-956,531
-964,509
-1040,543
-956,517
-1028,553
-964,519
-876,457
-924,505
-1028,551
-924,503
-956,515
-876,483
-940,501
-872,455
-900,471
-948,491
-884,449
-1020,489
-912,471
-928,499
-956,515
-992,531
-884,487
-936,509
-936,503
-972,507
-888,483
-956,495
-1016,545
-952,519
-872,505
-924,499
-1004,527
-1076,573
-1020,557
-952,531
-988,513
-928,497
-920,473
-844,409
-924,455
-900,467
-948,485
-940,455
-916,459
-852,433
-864,443
-864,465
-916,497
-880,471
-868,451
-864,407
-784,367
-888,437
-896,443
-896,449
-872,437
-884,455
-880,455
-964,485
-1000,531
-948,509
-928,487
-1004,517
-848,461
-988,523
-980,495
-992,511
-920,491
-960,505
-836,443
-900,483
-912,481
-820,447
-956,519
-892,489
-892,499
-960,515
-944,499
-1000,547
-1056,551
-1016,547
-912,499
-936,507
-988,525
-972,501
-936,467
-872,443
-904,451
-900,457
-892,455
-928,485
-936,501
-932,501
-872,425
-852,409
-856,401
-840,375
-828,347
-832,315
-800,279
-780,211
-812,241
-800,237
-844,269
-804,229
-916,281
-824,301
-876,357
-844,361
-824,371
-952,403
-944,409
-920,437
-952,445
-912,403
-832,381
-904,447
-996,455
-884,409
-864,361
-840,411
-856,413
-920,459
-900,445
-936,451
-836,393
-856,425
-908,457
-948,475
-860,481
-968,523
-1016,555
-980,535
-992,525
-964,531
-940,527
-940,499
-920,507
-908,495
-904,471
-908,467
-856,443
-928,471
-928,483
-892,419
-852,371
-820,381
-864,429
-888,417
-816,411
-876,473
-828,465
-812,425
-860,455
-836,429
-924,473
-920,473
-908,477
-916,495
-872,473
-988,513
-956,495
-940,435
-916,469
-968,487
-924,485
-976,525
-964,523
-1008,533
-1000,543
-912,469
-924,493
-864,451
-932,495
-900,497
-968,529
-976,539
-976,527
-944,503
-836,449
-916,493
-940,513
-892,503
-948,513
-896,489
-844,447
-840,445
-852,419
-844,429
-844,453
-772,413
-824,473
-896,495
-924,521
-912,503
-956,529
-940,499
-984,517
-916,485
-924,479
-820,441
-932,513
-940,515
-908,481
-992,531
-972,543
-868,501
-888,465
-900,491
-972,491
-952,485
-972,509
-908,459
-876,397
-884,401
-824,339
-792,347
-812,355
-804,381
-756,351
-872,421
-980,509
-936,483
-924,455
-1004,515
-940,493
-948,513
-976,521
-832,477
-820,453
-736,417
-868,469
-820,431
-816,437
-864,499
-968,527
-948,525
-920,493
-868,469
-872,487
-872,491
-960,531
-996,525
-992,529
-976,533
-972,539
-1004,549
-904,513
-948,507
-964,525
-916,495
-924,505
-960,515
-984,519
-936,503
-936,505
-880,445
-940,453
-952,473
-904,427
-892,445
-888,425
-856,431
-840,453
-920,485
-976,511
-932,477
-904,473
-888,479
-944,491
-872,477
-932,503
-896,453
-864,425
-880,401
-764,383
-864,399
-944,445
-896,407
-872,369
-844,313
-800,313
-768,317
-816,333
-872,317
-780,309
-856,331
-876,303
-892,363
-852,349
-776,325
-852,375
-764,355
-768,383
-812,403
-848,401
-856,449
-976,535
-948,497
-924,487
-952,505
-864,477
-888,473
-872,423
-896,439
-876,461
-1000,539
-960,505
-940,501
-964,487
-932,495
-912,489
-960,493
-976,527
-1016,549
-1072,565
-932,505
-968,523
-1012,535
-920,509
-816,469
-920,515
-992,559
-956,533
-964,527
-976,545
-996,543
-964,537
-980,533
-956,535
-920,511
-900,507
-968,525
-964,527
-936,503
-872,483
-892,493
-976,523
-896,495
-944,521
-968,535
-992,549
-1060,571
-936,503
-928,509
-988,531
-928,507
-884,467
-872,461
-924,503
-916,471
-940,443
-900,459
-920,499
-928,483
-832,429
-824,447
-844,447
-824,439
-848,435
-852,451
-800,417
-848,405
-724,339
-816,397
-880,453
-920,463
-920,453
-912,495
-852,445
-860,443
-904,489
-988,545
-920,497
-832,457
-880,491
-856,487
-876,487
-944,531
-964,531
-916,525
-896,509
-892,485
-856,441
-828,411
-780,349
-668,289
-744,309
-736,369
-792,357
-860,371
-868,377
-864,437
-884,451
-868,419
-992,497
-916,483
-908,467
-936,483
-916,477
-936,479
-844,461
-960,505
-956,505
-876,471
-928,495
-920,483
-976,537
-940,507
-888,495
-832,441
-876,453
-896,457
-848,425
-880,439
-968,513
-1044,551
-992,535
-920,481
-980,525
-852,449
-880,453
-980,489
-988,519
-952,503
-876,437
-832,423
-884,447
-920,455
-952,419
-1000,437
-900,393
-904,427
-888,367
-800,295
-820,327
-808,347
-820,333
-824,375
-724,315
-768,293
-824,299
-836,275
-828,275
-828,261
-860,305
-772,337
-804,363
-832,343
-776,337
-792,337
-828,367
-896,433
-936,469
-956,497
-920,499
-928,515
-964,519
-1052,559
-932,513
-952,525
-980,545
-988,525
-1036,561
-988,545
-948,525
-1020,545
-948,493
-980,521
-956,495
-912,487
-836,473
-780,419
-832,409
-876,383
-812,361
-780,361
-808,397
-840,383
-848,409
-924,467
-960,493
-832,417
-896,457
-832,417
-900,453
-836,437
-900,491
-892,401
-836,377
-840,329
-928,371
-956,387
-872,391
-868,377
-900,385
-868,389
-916,427
-836,395
-832,369
-856,403
-904,445
-928,427
-916,411
-940,429
-836,345
-896,417
-884,371
-860,397
-880,463
-924,491
-840,453
-852,433
-892,407
-912,445
-936,455
-932,439
-884,405
-904,451
-924,477
-892,477
-932,471
-988,521
-1028,545
-992,515
-956,509
-996,541
-932,525
-968,517
-920,513
-920,501
-1016,551
-984,501
-892,463
-832,451
-820,395
-808,377
-860,425
-940,495
-912,449
-944,449
-868,451
-880,437
-916,459
-868,439
-880,435
-968,507
-956,491
-964,495
-1004,537
-1044,571
-972,533
-1048,567
-980,537
-988,529
-948,519
-964,535
-920,505
-916,499
-896,487
-888,495
-876,455
-856,465
-916,505
-912,497
-916,499
-924,473
-864,471
-924,493
-896,483
-936,481
-892,473
-900,457
-948,469
-912,449
-916,439
-840,417
-788,407
-816,443
-860,479
-876,451
-864,449
-812,413
-884,449
-888,439
-884,435
-828,413
-848,431
-888,471
-876,483
-916,505
-996,521
-940,493
-928,501
-944,501
-864,497
-1008,547
-1000,537
-940,519
-924,487
-840,431
-864,467
-948,525
-924,491
-880,457
-920,513
-936,517
-852,449
-840,447
-872,459
-904,493
-908,501
-940,465
-964,485
-880,465
-908,483
-912,485
-856,465
-932,515
-904,497
-884,499
-904,493
-928,493
-932,501
-896,483
-940,511
-880,477
-900,447
-828,361
-776,379
-760,363
-792,389
-940,447
-868,427
-884,407
-812,337
-824,309
-844,317
-840,303
-768,287
-748,315
-832,365
-832,375
-792,371
-828,423
-880,459
-880,475
-932,491
-916,487
-924,499
-1000,537
-940,503
-976,527
-936,495
-856,453
-872,483
-876,473
-784,381
-796,429
-812,441
-820,433
-876,433
-848,343
-804,319
-836,313
-808,301
-768,277
-768,257
-780,249
-792,327
-852,279
-844,333
-916,323
-912,355
-788,335
-808,387
-788,409
-864,437
-904,501
-968,531
-884,511
-864,495
-892,501
-1028,537
-904,469
-860,435
-920,489
-848,477
-948,489
-928,501
-876,465
-872,455
-844,451
-832,399
-748,319
-756,309
-748,355
-804,383
-868,445
-952,489
-1008,511
-948,477
-936,469
-808,419
-864,453
-956,505
-916,487
-884,489
-872,475
-920,485
-996,531
-1020,555
-928,527
-976,507
-1028,561
-992,541
-988,539
-948,513
-984,537
-836,453
-836,445
-848,451
-920,497
-940,507
-920,485
-920,469
-980,511
-960,533
-960,537
-916,511
-884,501
-936,483
-976,487
-940,489
-956,523
-920,513
-1044,569
-1028,549
-1004,543
-972,505
-852,445
-928,511
-964,525
-988,485
-968,479
-892,413
-852,417
-864,453
-844,445
-844,435
-844,391
-812,409
-936,503
-888,495
-944,503
-904,495
-896,491
-1020,553
-1020,537
-980,527
-960,523
-880,499
-900,493
-860,475
-876,455
-920,479
-940,493
-960,507
-924,509
-960,513
-984,539
-988,547
-960,497
-908,463
-888,467
-880,451
-856,467
-856,461
-872,449
-852,425
-836,393
-920,479
-876,483
-900,503
-984,543
-980,533
-956,537
-940,519
-888,503
-964,541
-924,525
-928,513
-972,541
-996,509
-928,477
-892,451
-956,519
-988,507
-1032,531
-1008,529
-936,465
-940,497
-944,487
-948,465
-968,427
-996,435
-980,405
-952,447
-916,409
-948,405
-852,399
-872,401
-924,415
-896,411
-872,419
-844,419
-824,373
-784,375
-772,417
-868,419
-928,391
-960,483
-872,421
-848,431
-880,441
-848,415
-828,313
-776,261
-716,245
-836,243
-828,235
-780,219
-796,227
-812,295
-816,317
-824,345
-848,387
-928,361
-848,295
-844,385
-876,447
-948,517
-912,497
-936,525
-1032,551
-1000,523
-920,513
-872,497
-904,481
-880,459
-948,491
-948,523
-948,533
-800,459
-904,495
-892,487
-908,491
-908,501
-932,511
-912,507
-832,449
-848,417
-836,375
-888,377
-888,385
-860,357
-860,371
-832,403
-884,445
-912,421
-848,415
-968,469
-996,461
-960,465
-832,415
-964,483
-976,501
-856,445
-912,487
-888,469
-960,515
-896,491
-848,427
-896,497
-884,485
-904,473
-872,495
-820,457
-896,481
-844,433
-860,419
-888,417
-868,379
-848,343
-804,363
-848,309
-872,277
-848,301
-836,335
-800,331
-744,327
-832,357
-796,325
-776,339
-804,347
-828,375
-820,349
-860,373
-836,365
-828,385
-968,463
-812,413
-808,447
-856,473
-836,455
-884,477
-820,465
-916,489
-884,471
-980,519
-968,505
-908,485
-900,463
-852,443
-840,447
-912,503
-952,535
-896,487
-948,493
-916,479
-916,481
-856,429
-868,465
-852,453
-872,399
-868,457
-936,481
-948,507
-908,479
-884,491
-912,497
-964,519
-904,461
-868,467
-844,455
-864,467
-968,489
-932,475
-976,531
-956,521
-1012,547
-944,521
-936,535
-908,517
-868,491
-808,443
-828,463
-1004,549
-916,511
-904,467
-860,435
-804,421
-904,489
-924,513
-928,531
-976,537
-880,513
-896,491
-888,493
-944,493
-916,489
-944,489
-912,481
-924,493
-924,477
-864,431
-836,403
-812,435
-888,473
-848,477
-948,517
-928,503
-1040,555
-952,493
-932,463
-952,497
-952,507
-816,433
-832,453
-828,413
-888,453
-828,443
-836,431
-908,427
-852,397
-892,463
-904,411
-888,419
-940,413
-800,301
-852,273
-700,249
-748,271
-868,325
-840,365
-768,355
-852,391
-848,433
-904,491
-948,491
-908,495
-900,493
-872,469
-812,425
-732,393
-760,281
-744,237
-736,215
-688,227
-708,197
-808,175
-780,119
-716,97
-764,51
-764,45
-820,31
-776,75
-812,9
-812,-19
-828,-107
-744,-7
-752,1
-680,57
-712,-23
-680,-17
-760,-31
-796,-57
-824,-107
-860,-145
-824,-77
-768,-59
-716,-35
-800,33
-748,-1
-696,-87
-684,-73
-760,-47
-812,-67
-784,-87
-816,-81
-776,-57
-800,-83
-684,-59
-660,-71
-752,-15
-716,-25
-788,-51
-780,-79
-836,-77
-880,-63
-820,-91
-764,-137
-744,-79
-764,-29
-776,-91
-816,-105
-800,-89
-792,-73
-824,-111
-828,-133
-812,-169
-736,-203
-744,-145
-764,-111
-804,-143
-820,-129
-748,-141
-772,-113
-780,-75
-792,-49
-728,-77
-796,-93
-760,-91
-708,-187
-820,-277
-832,-273
-912,-303
-864,-327
-924,-333
-896,-333
-872,-343
-848,-345
-900,-377
-836,-355
-828,-357
-864,-389
-912,-409
-912,-437
-884,-415
-860,-431
-892,-461
-972,-517
-968,-513
-940,-501
-964,-477
-844,-437
-912,-445
-884,-425
-920,-415
-944,-423
-928,-399
-952,-407
-932,-441
-912,-477
-884,-479
-952,-513
-944,-507
-964,-513
-976,-515
-880,-487
-968,-511
-940,-517
-972,-495
-812,-405
-868,-371
-800,-275
-744,-273
-768,-293
-832,-329
-776,-357
-856,-431
-816,-387
-820,-405
-888,-453
-956,-491
-960,-513
-916,-491
-884,-467
-940,-507
-940,-529
-908,-493
-972,-525
-976,-509
-908,-485
-892,-473
-888,-465
-900,-493
-956,-497
-1000,-493
-928,-459
-836,-405
-816,-383
-804,-429
-848,-441
-868,-469
-844,-419
-844,-377
-892,-375
-832,-373
-816,-357
-852,-377
-800,-337
-836,-415
-872,-391
-888,-411
-876,-415
-860,-409
-808,-397
-752,-351
-752,-311
-752,-249
-740,-267
-716,-317
-764,-325
-652,-265
-780,-271
-796,-249
-788,-263
-864,-281
-808,-299
-816,-333
-880,-363
-892,-379
-816,-349
-872,-353
-860,-303
-836,-309
-788,-261
-792,-229
-800,-251
-744,-257
-816,-241
-756,-243
-808,-309
-800,-331
-884,-353
-892,-361
-840,-341
-816,-417
-860,-443
-880,-467
-864,-481
-952,-509
-896,-447
-872,-405
-784,-383
-796,-321
-796,-309
-880,-369
-888,-365
-836,-357
-816,-393
-888,-441
-940,-499
-932,-499
-972,-505
-972,-497
-948,-507
-1020,-553
-964,-529
-928,-517
-940,-515
-824,-475
-816,-467
-804,-435
-884,-393
-896,-359
-916,-371
-900,-319
-900,-361
-820,-319
-848,-265
-872,-285
-792,-275
-804,-251
-788,-233
-736,-227
-724,-197
-744,-187
-768,-173
-788,-139
-852,-209
-848,-225
-792,-195
-720,-141
-760,-155
-828,-149
-744,-203
-700,-217
-744,-141
-764,-97
-764,-133
-748,-67
-748,-103
-812,-141
-800,-193
-728,-219
-688,-187
-792,-133
-816,-135
-748,-167
-716,-145
-704,-197
-776,-247
-780,-243
-860,-265
-812,-167
-800,-85
-724,-1
-796,57
-716,29
-780,73
-792,65
-816,45
-812,-13
-788,-15
-752,11
-788,51
-752,79
-808,145
-792,227
-788,131
-780,103
-740,69
-728,-15
-792,-73
-768,-75
-736,-145
-820,-159
-820,-153
-800,-205
-792,-247
-832,-229
-804,-233
-876,-283
-844,-243
-872,-225
-804,-223
-708,-211
-740,-223
-700,-221
-720,-231
-760,-277
-864,-333
-896,-391
-820,-341
-884,-403
-860,-351
-872,-307
-780,-229
-756,-231
-740,-249
-844,-227
-816,-255
-788,-279
-840,-271
-816,-249
-840,-199
-872,-195
-892,-189
-860,-173
-864,-203
-836,-207
-864,-211
-832,-201
-812,-215
-820,-243
-796,-213
-820,-257
-812,-295
-840,-323
-892,-333
-856,-321
-892,-339
-888,-375
-868,-367
-896,-415
-964,-407
-848,-363
-900,-405
-788,-331
-780,-277
-732,-327
-700,-301
-824,-355
-852,-377
-864,-383
-884,-395
-876,-401
-904,-461
-888,-461
-904,-447
-876,-425
-848,-393
-884,-397
-828,-371
-820,-305
-896,-339
-880,-309
-936,-405
-848,-353
-856,-387
-860,-441
-928,-451
-872,-389
-848,-409
-848,-401
-856,-427
-908,-441
-768,-399
-876,-455
-920,-489
-904,-497
-948,-495
-892,-469
-936,-507
-972,-521
-1000,-543
-1028,-563
-1040,-571
-1008,-551
-920,-515
-948,-531
-1016,-559
-1012,-551
-896,-487
-976,-521
-952,-513
-916,-461
-912,-469
-904,-465
-940,-521
-956,-507
-928,-477
-892,-427
-900,-391
-876,-427
-868,-417
-872,-405
-892,-389
-796,-347
-732,-319
-816,-355
-796,-333
-744,-281
-752,-291
-764,-281
-808,-337
-812,-325
-808,-333
-844,-371
-832,-299
-784,-265
-860,-309
-888,-309
-872,-359
-848,-347
-828,-345
-804,-343
-852,-383
-868,-345
-920,-321
-888,-313
-896,-337
-968,-427
-920,-385
-952,-387
-920,-419
-840,-397
-808,-405
-856,-423
-784,-397
-868,-397
-852,-393
-864,-405
-880,-419
-824,-405
-860,-425
-1024,-489
-944,-481
-908,-489
-980,-521
-928,-477
-876,-479
-904,-507
-952,-525
-948,-511
-996,-531
-920,-483
-928,-487
-904,-489
-920,-489
-852,-457
-760,-403
-876,-425
-828,-413
-840,-385
-788,-375
-876,-411
-828,-425
-828,-383
-824,-339
-840,-295
-864,-329
-860,-391
-880,-443
-844,-419
-920,-433
-792,-337
-820,-257
-772,-183
-752,-215
-712,-201
-760,-149
-744,-151
-736,-169
-788,-175
-828,-205
-836,-197
-772,-161
-744,-125
-820,-159
-756,-95
-768,-151
-772,-193
-764,-193
-728,-167
-728,-113
-756,-137
-792,-87
-836,-157
-764,-125
-796,-141
-724,-137
-784,-125
-896,-119
-876,-105
-880,-145
-864,-145
-852,-73
-788,-53
-740,-81
-712,-209
-760,-225
-740,-217
-768,-213
-804,-247
-816,-333
-816,-333
-828,-361
-840,-403
-876,-393
-784,-287
-804,-333
-844,-395
-860,-429
-868,-417
-848,-411
-812,-399
-840,-457
-868,-487
-908,-497
-956,-487
-972,-493
-936,-505
-988,-537
-1020,-547
-980,-527
-996,-531
-904,-501
-968,-539
-984,-537
-904,-477
-928,-483
-920,-499
-932,-521
-1000,-551
-968,-529
-992,-545
-968,-527
-948,-537
-948,-523
-936,-503
-908,-515
-956,-531
-948,-527
-956,-511
-960,-523
-984,-535
-960,-521
-932,-513
-972,-531
-928,-501
-904,-495
-944,-499
-888,-413
-880,-409
-900,-437
-848,-413
-888,-415
-812,-403
-808,-371
-816,-419
-936,-421
-768,-343
-796,-357
-792,-393
-828,-403
-812,-395
-848,-399
-840,-365
-888,-379
-828,-361
-828,-381
-848,-399
-864,-387
-844,-325
-868,-343
-892,-397
-960,-469
-896,-455
-904,-445
-920,-465
-924,-511
-996,-549
-976,-535
-976,-515
-980,-509
-936,-513
-1000,-539
-1028,-559
-972,-525
-936,-525
-976,-537
-1016,-555
-924,-515
-892,-489
-868,-449
-856,-449
-956,-495
-912,-455
-980,-489
-904,-467
-908,-463
-924,-485
-960,-493
-940,-501
-980,-485
-904,-509
-912,-511
-896,-493
-904,-485
-952,-501
-864,-453
-960,-509
-1040,-555
-1032,-535
-988,-523
-888,-477
-896,-487
-868,-447
-796,-439
-752,-397
-804,-365
-760,-359
-948,-483
-924,-491
-780,-349
-784,-387
-772,-367
-832,-319
-832,-365
-816,-393
-804,-387
-772,-345
-816,-369
-820,-333
-784,-361
-688,-303
-668,-307
-656,-255
-692,-237
-752,-339
-784,-345
-756,-311
-764,-291
-788,-371
-720,-347
-692,-321
-776,-353
-784,-365
-860,-429
-896,-453
-872,-433
-908,-477
-864,-469
-976,-523
-956,-513
-936,-521
-900,-489
-852,-451
-888,-471
-956,-511
-1020,-547
-912,-515
-932,-495
-988,-533
-1028,-551
-1004,-535
-956,-521
-892,-475
-908,-475
-916,-495
-888,-503
-944,-505
-896,-469
-876,-441
-832,-425
-896,-477
-852,-439
-916,-459
-864,-449
-972,-503
-864,-473
-868,-471
-880,-473
-992,-517
-968,-535
-924,-519
-944,-517
-996,-529
-960,-513
-916,-491
-896,-473
-832,-437
-832,-421
-848,-453
-924,-521
-940,-515
-976,-531
-988,-541
-968,-547
-932,-529
-960,-539
-992,-543
-968,-535
-984,-505
-916,-451
-872,-483
-868,-433
-808,-367
-844,-393
-816,-389
-880,-405
-944,-433
-924,-455
-908,-469
-912,-479
-880,-451
-876,-471
-1040,-563
-972,-505
-996,-515
-916,-481
-876,-489
-912,-483
-936,-493
-960,-507
-968,-519
-984,-525
-924,-505
-972,-531
-1032,-561
-960,-519
-1044,-565
-1048,-567
-968,-513
-1004,-555
-940,-511
-936,-523
-940,-487
-904,-477
-916,-495
-916,-489
-940,-505
-984,-515
-924,-475
-888,-449
-856,-411
-828,-427
-968,-529
-1000,-545
-956,-507
-956,-513
-876,-419
-776,-363
-700,-337
-752,-293
-856,-291
-808,-331
-888,-371
-908,-387
-896,-415
-912,-407
-820,-383
-824,-419
-908,-475
-820,-459
-860,-453
-872,-479
-944,-509
-880,-479
-844,-449
-972,-521
-928,-443
-968,-453
-884,-457
-932,-497
-968,-515
-912,-495
-868,-475
-932,-475
-892,-459
-864,-453
-872,-467
-928,-521
-1024,-561
-984,-539
-952,-525
-968,-523
-900,-507
-852,-479
-884,-481
-964,-517
-856,-449
-852,-441
-788,-395
-808,-359
-784,-365
-784,-385
-940,-497
-924,-511
-956,-531
-948,-513
-1000,-557
-932,-515
-976,-537
-992,-549
-884,-487
-932,-507
-916,-507
-940,-489
-836,-419
-876,-399
-828,-359
-852,-365
-896,-437
-884,-429
-836,-431
-844,-411
-856,-395
-828,-407
-812,-407
-840,-401
-920,-445
-932,-469
-896,-495
-920,-465
-988,-503
-984,-489
-908,-451
-836,-371
-872,-373
-796,-347
-844,-423
-860,-461
-868,-473
-928,-509
-952,-529
-1060,-567
-996,-547
-996,-543
-992,-539
-916,-507
-884,-487
-840,-449
-908,-479
-896,-473
-828,-423
-888,-435
-908,-441
-856,-443
-840,-403
-896,-387
-920,-473
-880,-495
-876,-505
-868,-471
-840,-465
-956,-513
-964,-523
-1000,-549
-952,-533
-944,-529
-924,-477
-872,-481
-832,-463
-872,-503
-920,-527
-972,-533
-980,-535
-1000,-537
-912,-511
-956,-507
-940,-513
-844,-467
-800,-405
-856,-413
-812,-363
-864,-361
-896,-335
-908,-293
-852,-297
-856,-311
-916,-343
-840,-343
-768,-293
-764,-297
-740,-257
-712,-179
-720,-209
-708,-201
-740,-183
-772,-219
-800,-263
-756,-227
-816,-239
-776,-189
-772,-175
-772,-205
-764,-159
-776,-147
-768,-123
-820,-135
-876,-151
-792,-181
-752,-171
-744,-207
-760,-215
-792,-231
-804,-277
-816,-287
-892,-343
-828,-229
-832,-227
-900,-287
-804,-307
-820,-373
-828,-395
-792,-397
-884,-431
-956,-497
-936,-497
-960,-481
-956,-489
-952,-493
-940,-481
-864,-443
-888,-451
-900,-457
-944,-477
-836,-413
-880,-475
-976,-497
-944,-473
-944,-449
-940,-485
-928,-477
-852,-471
-888,-411
-856,-421
-780,-403
-784,-367
-736,-347
-848,-387
-820,-373
-856,-425
-876,-421
-884,-385
-896,-449
-852,-431
-860,-439
-848,-469
-948,-507
-960,-497
-992,-537
-980,-521
-988,-539
-960,-511
-940,-495
-928,-525
-880,-485
-848,-457
-856,-429
-880,-451
-872,-447
-840,-421
-864,-445
-904,-459
-956,-505
-940,-499
-880,-461
-924,-503
-932,-481
-892,-483
-812,-429
-832,-437
-824,-463
-832,-437
-868,-457
-920,-489
-892,-483
-920,-513
-936,-525
-968,-529
-944,-513
-952,-471
-968,-495
-932,-477
-860,-455
-844,-481
-888,-475
-800,-427
-864,-471
-932,-505
-952,-515
-904,-497
-912,-495
-892,-475
-936,-489
-860,-441
-864,-483
-860,-461
-884,-491
-928,-509
-964,-531
-952,-527
-948,-519
-952,-525
-900,-497
-944,-513
-1044,-557
-1012,-543
-924,-497
-832,-465
-896,-477
-920,-491
-932,-511
-1008,-527
-856,-467
-824,-445
-876,-487
-900,-477
-868,-479
-916,-473
-1004,-545
-832,-461
-832,-465
-876,-497
-924,-499
-928,-465
-848,-405
-792,-369
-912,-445
-864,-399
-832,-401
-872,-423
-888,-407
-900,-429
-1012,-515
-1000,-519
-980,-521
-924,-477
-884,-437
-848,-417
-892,-457
-956,-491
-928,-451
-916,-469
-880,-453
-824,-389
-732,-361
-724,-343
-720,-339
-652,-317
-692,-299
-732,-313
-744,-341
-808,-325
-836,-351
-872,-421
-932,-451
-912,-441
-868,-405
-820,-359
-756,-325
-704,-349
-796,-395
-856,-427
-920,-471
-884,-429
-836,-397
-824,-403
-828,-405
-916,-459
-844,-417
-852,-397
-872,-449
-920,-487
-928,-473
-892,-447
-900,-473
-952,-463
-836,-413
-868,-447
-864,-437
-920,-469
-864,-439
-840,-397
-812,-423
-896,-469
-788,-419
-852,-459
-876,-485
-980,-515
-936,-495
-972,-511
-920,-515
-1064,-579
-912,-515
-832,-481
-884,-495
-944,-525
-992,-531
-888,-461
-884,-467
-872,-465
-964,-515
-1036,-555
-984,-525
-960,-527
-892,-489
-848,-473
-868,-459
-940,-523
-952,-539
-868,-487
-836,-447
-892,-443
-940,-473
-920,-439
-860,-429
-864,-445
-896,-461
-940,-475
-864,-457
-824,-451
-896,-453
-908,-479
-888,-473
-860,-449
-908,-469
-812,-441
-820,-419
-792,-419
-836,-445
-896,-449
-920,-461
-916,-461
-940,-487
-916,-481
-824,-453
-916,-471
-972,-467
-904,-419
-848,-395
-784,-387
-836,-387
-820,-389
-900,-389
-912,-433
-896,-463
-980,-503
-920,-479
-904,-439
-820,-389
-872,-451
-900,-455
-936,-489
-852,-459
-916,-487
-888,-467
-928,-469
-948,-457
-928,-435
-824,-433
-824,-461
-868,-505
-888,-483
-936,-499
-900,-473
-892,-497
-844,-453
-880,-483
-868,-469
-912,-495
-932,-515
-892,-505
-932,-531
-972,-531
-864,-467
-896,-507
-912,-519
-1024,-551
-992,-535
-932,-521
-872,-497
-828,-465
-984,-543
-952,-529
-912,-489
-904,-489
-820,-443
-888,-505
-916,-517
-916,-517
-924,-521
-900,-505
-888,-485
-924,-491
-864,-469
-848,-471
-880,-499
-912,-523
-908,-495
-948,-509
-968,-519
-952,-533
-960,-523
-908,-485
-892,-457
-928,-513
-928,-521
-920,-503
-932,-521
-928,-509
-924,-511
-964,-505
-948,-491
-872,-467
-848,-435
-916,-477
-940,-475
-804,-423
-808,-407
-884,-445
-872,-435
-884,-443
-892,-469
-828,-443
-868,-449
-856,-467
-976,-519
-952,-523
-984,-537
-964,-533
-984,-539
-1024,-551
-1032,-553
-1008,-547
-1016,-547
-996,-525
-1060,-557
-992,-547
-1004,-547
-1060,-563
-1000,-533
-980,-537
-980,-529
-948,-523
-1004,-539
-836,-433
-912,-471
-932,-481
-892,-465
-940,-495
-1032,-563
-992,-527
-952,-499
-784,-427
-828,-407
-880,-417
-912,-471
-892,-479
-900,-473
-940,-485
-968,-523
-1024,-557
-988,-539
-992,-545
-912,-513
-924,-505
-924,-475
-920,-501
-912,-489
-916,-495
-872,-475
-892,-461
-864,-409
-816,-411
-836,-423
-828,-379
-880,-437
-920,-465
-908,-475
-880,-451
-916,-439
-828,-393
-800,-403
-900,-417
-896,-423
-936,-459
-984,-511
-888,-467
-880,-423
-816,-399
-828,-401
-816,-441
-892,-489
-856,-437
-836,-401
-860,-455
-828,-431
-852,-433
-824,-419
-836,-321
-876,-357
-840,-373
-852,-351
-888,-389
-880,-427
-948,-447
-972,-467
-960,-449
-920,-425
-900,-447
-904,-415
-856,-361
-904,-357
-832,-337
-812,-309
-840,-299
-788,-291
-804,-357
-820,-365
-856,-365
-788,-315
-796,-367
-856,-439
-820,-435
-900,-499
-888,-479
-896,-475
-944,-463
-932,-479
-876,-467
-880,-473
-840,-463
-920,-489
-848,-461
-984,-501
-940,-507
-948,-493
-1000,-535
-1000,-539
-952,-525
-948,-515
-824,-457
-864,-451
-896,-495
-900,-463
-944,-495
-932,-475
-832,-429
-872,-455
-924,-485
-940,-461
-884,-421
-888,-457
-904,-503
-888,-501
-916,-519
-860,-473
-852,-467
-824,-441
-872,-495
-828,-477
-904,-465
-876,-459
-856,-477
-808,-445
-820,-431
-836,-433
-788,-387
-788,-361
-836,-387
-852,-387
-768,-313
-852,-385
-840,-415
-892,-449
-928,-457
-884,-441
-884,-435
-964,-481
-908,-437
-880,-393
-896,-387
-880,-409
-860,-379
-800,-397
-808,-387
-968,-487
-920,-489
-968,-519
-1036,-567
-1020,-553
-968,-531
-948,-511
-956,-515
-928,-469
-844,-415
-888,-451
-924,-485
-940,-505
-956,-529
-916,-473
-852,-459
-884,-473
-848,-451
-908,-485
-824,-421
-856,-443
-884,-433
-916,-481
-920,-499
-904,-449
-880,-427
-848,-441
-876,-495
-996,-539
-960,-507
-956,-513
-924,-453
-896,-455
-996,-513
-856,-449
-840,-455
-924,-483
-904,-509
-964,-519
-888,-473
-912,-499
-884,-489
-920,-481
-940,-485
-848,-433
-772,-355
-868,-437
-904,-497
-944,-503
-940,-493
-916,-497
-964,-527
-892,-511
-1040,-555
-1024,-547
-944,-509
-856,-489
-920,-471
-820,-409
-908,-483
-896,-501
-880,-465
-896,-503
-924,-517
-972,-531
-1040,-557
-1064,-569
-1028,-557
-988,-551
-920,-511
-972,-533
-940,-521
-908,-501
-952,-529
-980,-535
-988,-531
-920,-507
-912,-497
-936,-497
-1008,-523
-940,-487
-904,-455
-860,-453
-896,-463
-936,-459
-848,-417
-864,-437
-824,-471
-800,-439
-912,-487
-956,-511
-892,-463
-896,-489
-900,-477
-908,-499
-936,-515
-972,-529
-860,-479
-848,-429
-892,-463
-856,-451
-912,-495
-836,-461
-948,-521
-944,-499
-960,-521
-988,-533
-1060,-567
-996,-535
-892,-477
-924,-465
-916,-463
-840,-427
-932,-445
-856,-387
-780,-309
-876,-399
-924,-447
-740,-355
-828,-403
-824,-415
-872,-431
-932,-457
-960,-491
-920,-503
-932,-511
-924,-495
-916,-485
-904,-491
-996,-533
-940,-497
-936,-487
-876,-453
-872,-443
-836,-443
-920,-491
-884,-445
-884,-449
-900,-439
-908,-475
-860,-459
-912,-497
-888,-457
-924,-437
-988,-471
-948,-437
-856,-387
-820,-375
-888,-437
-884,-431
-824,-431
-932,-491
-892,-421
-860,-363
-924,-351
-828,-347
-852,-377
-836,-401
-892,-417
-860,-407
-860,-367
-872,-363
-892,-393
-904,-433
-868,-425
-864,-403
-856,-375
-916,-433
-940,-455
-908,-485
-888,-489
-888,-489
-936,-509
-872,-467
-828,-473
-896,-499
-940,-523
-976,-537
-960,-527
-1008,-557
-992,-545
-988,-529
-972,-531
-1064,-547
-1004,-523
-1040,-521
-952,-507
-912,-469
-888,-495
-880,-457
-804,-431
-880,-481
-932,-509
-868,-489
-984,-511
-912,-481
-888,-487
-952,-513
-956,-523
-972,-515
-960,-509
-920,-493
-964,-527
-1000,-551
-1008,-555
-1048,-565
-1084,-565
-1064,-567
-1016,-539
-948,-521
-940,-515
-908,-515
-856,-453
-872,-481
-912,-511
-776,-433
-856,-441
-848,-427
-844,-423
-852,-405
-712,-347
-728,-325
-740,-359
-676,-333
-768,-357
-820,-411
-884,-429
-764,-341
-808,-355
-780,-335
-924,-381
-844,-339
-788,-343
-820,-353
-764,-351
-756,-373
-844,-451
-876,-487
-896,-491
-936,-517
-964,-523
-964,-541
-960,-505
-996,-537
-944,-503
-936,-493
-900,-453
-860,-467
-868,-463
-880,-451
-828,-437
-940,-505
-956,-517
-904,-499
-888,-483
-908,-439
-928,-493
-924,-483
-960,-483
-892,-459
-896,-497
-948,-517
-948,-525
-840,-463
-856,-485
-916,-495
-912,-505
-836,-483
-892,-479
-800,-443
-840,-433
-828,-417
-916,-457
-916,-469
-868,-431
-868,-435
-848,-391
-896,-395
-976,-403
-992,-471
-984,-457
-948,-491
-872,-505
-908,-513
-892,-499
-920,-505
-988,-535
-928,-507
-820,-431
-892,-447
-892,-477
-876,-451
-868,-443
-796,-383
-812,-329
-800,-349
-772,-363
-764,-355
-768,-389
-844,-423
-892,-459
-856,-409
-816,-375
-776,-381
-736,-361
-824,-355
-824,-367
-844,-377
-912,-447
-980,-505
-1044,-537
-976,-539
-968,-525
-956,-523
-928,-503
-884,-471
-864,-463
-856,-469
-888,-473
-920,-513
-960,-527
-924,-523
-924,-531
-936,-511
-988,-523
-940,-497
-940,-497
-904,-489
-864,-477
-896,-497
-936,-501
-976,-513
-976,-539
-956,-513
-916,-477
-948,-501
-872,-495
-824,-461
-896,-501
-968,-529
-944,-531
-904,-505
-868,-485
-840,-417
-848,-419
-892,-403
-868,-353
-796,-365
-848,-425
-840,-431
-828,-413
-724,-373
-688,-259
-804,-301
-840,-319
-856,-317
-852,-395
-924,-407
-892,-397
-828,-415
-816,-465
-852,-461
-888,-449
-884,-475
-992,-531
-1004,-551
-956,-531
-1040,-567
-952,-527
-980,-549
-1020,-545
-1060,-567
-1044,-561
-1012,-527
-868,-447
-920,-495
-952,-491
-920,-497
-968,-509
-976,-491
-868,-453
-916,-471
-968,-509
-928,-477
-880,-425
-812,-417
-848,-401
-936,-469
-944,-447
-876,-431
-824,-367
-760,-331
-892,-379
-860,-429
-876,-439
-852,-425
-848,-443
-864,-401
-788,-383
-876,-447
-920,-477
-904,-463
-932,-477
-916,-451
-880,-447
-924,-455
-872,-427
-840,-471
-920,-501
-1000,-529
-1004,-527
-896,-481
-1008,-547
-1004,-549
-980,-535
-972,-531
-860,-495
-884,-511
-976,-545
-996,-553
-1032,-547
-1028,-541
-940,-503
-916,-473
-924,-459
-888,-441
-900,-417
-916,-419
-948,-361
-844,-329
-852,-361
-808,-349
-760,-355
-740,-369
-768,-375
-848,-425
-852,-417
-904,-397
-904,-419
-892,-437
-884,-425
-888,-427
-788,-419
-848,-403
-828,-381
-884,-435
-856,-429
-828,-415
-948,-493
-884,-497
-948,-507
-1000,-485
-888,-481
-884,-469
-952,-507
-988,-517
-992,-527
-964,-525
-980,-503
-988,-491
-984,-489
-916,-415
-832,-325
-816,-345
-860,-381
-804,-375
-832,-379
-808,-419
-852,-415
-820,-391
-828,-407
-864,-379
-880,-415
-864,-455
-936,-475
-872,-463
-864,-457
-904,-461
-928,-495
-860,-463
-844,-397
-796,-383
-836,-367
-800,-297
-872,-345
-848,-303
-828,-263
-900,-303
-816,-305
-748,-277
-784,-357
-796,-297
-720,-213
-728,-219
-680,-195
-740,-201
-788,-253
-832,-247
-856,-291
-824,-309
-752,-273
-796,-335
-828,-385
-900,-439
-832,-413
-828,-395
-828,-355
-792,-355
-912,-443
-904,-429
-892,-413
-864,-433
-884,-411
-924,-387
-868,-385
-916,-437
-848,-429
-820,-421
-816,-405
-904,-403
-944,-443
-880,-429
-936,-411
-856,-395
-872,-403
-916,-411
-844,-379
-788,-341
-772,-315
-824,-321
-836,-285
-788,-303
-844,-321
-800,-219
-832,-253
-772,-215
-784,-173
-796,-171
-764,-149
-732,-171
-708,-173
-780,-229
-768,-157
-768,-177
-792,-179
-788,-133
-760,-181
-772,-219
-804,-237
-900,-277
-836,-195
-924,-229
-956,-273
-880,-249
-876,-301
-892,-255
-988,-367
-824,-329
-852,-397
-836,-389
-852,-343
-768,-331
-800,-387
-796,-373
-804,-377
-808,-365
-844,-355
-812,-361
-816,-361
-876,-397
-892,-417
-824,-425
-844,-453
-876,-469
-872,-461
-864,-457
-844,-459
-864,-471
-868,-465
-916,-513
-952,-531
-896,-489
-908,-465
-844,-383
-972,-469
-936,-499
-836,-467
-912,-471
-1020,-535
-980,-535
-976,-535
-992,-525
-940,-521
-964,-523
-960,-539
-952,-537
-948,-515
-856,-485
-908,-501
-904,-517
-920,-507
-1012,-539
-1016,-549
-844,-471
-832,-435
-848,-449
-964,-519
-940,-487
-940,-475
-896,-467
-880,-453
-968,-499
-968,-531
-1028,-565
-956,-525
-912,-509
-948,-527
-956,-533
-960,-531
-916,-505
-892,-493
-956,-495
-880,-465
-952,-485
-904,-477
-936,-477
-984,-519
-1032,-557
-928,-515
-948,-525
-1012,-555
-856,-479
-888,-453
-944,-481
-888,-451
-820,-377
-808,-393
-840,-405
-828,-383
-832,-405
-864,-471
-896,-437
-924,-497
-932,-501
-980,-525
-908,-507
-956,-533
-908,-499
-792,-423
-888,-483
-888,-463
-872,-473
-944,-501
-928,-475
-996,-525
-960,-515
-988,-515
-984,-505
-984,-525
-1044,-543
-996,-507
-908,-493
-796,-441
-888,-493
-916,-501
-944,-513
-996,-547
-1020,-555
-924,-507
-920,-493
-948,-471
-972,-491
-860,-447
-908,-485
-940,-507
-844,-475
-832,-471
-912,-503
-960,-529
-1088,-583
-1016,-555
-976,-543
-976,-531
-968,-503
-940,-501
-888,-461
-944,-461
-896,-427
-968,-473
-920,-433
-912,-433
-904,-479
-996,-553
-960,-531
-880,-495
-968,-519
-928,-473
-884,-473
-924,-505
-1072,-577
-980,-543
-912,-503
-948,-515
-920,-489
-904,-489
-912,-515
-872,-485
-940,-495
-944,-521
-908,-473
-896,-459
-892,-481
-892,-441
-920,-469
-944,-479
-980,-507
-924,-499
-904,-475
-936,-503
-900,-501
-948,-491
-892,-495
-856,-451
-892,-487
-924,-499
-900,-489
-848,-467
-788,-429
-756,-367
-804,-353
-848,-377
-800,-347
-808,-329
-788,-271
-824,-243
-796,-267
-876,-343
-824,-307
-884,-343
-856,-339
-836,-337
-852,-295
-860,-299
-800,-299
-784,-261
-748,-271
-716,-297
-788,-373
-776,-339
-844,-391
-856,-371
-812,-313
-812,-305
-808,-333
-748,-257
-780,-271
-772,-311
-760,-339
-800,-371
-792,-373
-848,-407
-804,-373
-816,-395
-868,-339
-780,-287
-932,-395
-892,-415
-864,-447
-820,-407
-864,-453
-952,-503
-964,-529
-968,-537
-1012,-551
-996,-555
-900,-483
-1020,-529
-904,-441
-872,-413
-736,-331
-808,-347
-804,-343
-820,-367
-780,-355
-812,-407
-868,-447
-856,-457
-880,-473
-912,-485
-904,-485
-972,-531
-920,-499
-980,-537
-988,-541
-936,-521
-928,-505
-928,-505
-956,-499
-876,-449
-836,-411
-820,-379
-864,-377
-896,-365
-800,-373
-796,-429
-864,-463
-980,-531
-904,-505
-924,-523
-1004,-529
-1040,-511
-972,-499
-968,-475
-952,-509
-936,-475
-904,-449
-892,-419
-856,-413
-816,-417
-848,-453
-860,-461
-924,-499
-884,-495
-860,-479
-944,-523
-968,-533
-996,-539
-928,-517
-964,-507
-904,-455
-1012,-515
-972,-515
-1052,-563
-1012,-553
-996,-543
-956,-529
-964,-517
-984,-501
-928,-503
-1004,-539
-920,-475
-920,-465
-900,-455
-864,-395
-940,-473
-856,-453
-824,-469
-824,-445
-856,-455
-872,-465
-928,-503
-908,-505
-948,-487
-856,-421
-932,-445
-896,-417
-824,-439
-824,-427
-924,-493
-980,-513
-992,-527
-964,-527
-924,-473
-992,-503
-996,-505
-956,-485
-948,-459
-792,-403
-804,-373
-836,-365
-760,-373
-788,-337
-828,-373
-848,-395
-768,-371
-796,-385
-896,-447
-908,-491
-892,-487
-916,-473
-864,-431
-952,-525
-944,-527
-1004,-551
-936,-523
-904,-503
-820,-471
-712,-379
-744,-367
-740,-377
-812,-365
-832,-387
-796,-345
-764,-367
-796,-391
-884,-439
-804,-425
-840,-469
-848,-465
-860,-481
-816,-447
-816,-417
-828,-429
-824,-441
-908,-487
-940,-515
-920,-515
-944,-501
-928,-483
-848,-429
-868,-413
-820,-383
-792,-389
-840,-449
-844,-405
-900,-455
-880,-473
-892,-425
-864,-421
-836,-393
-924,-397
-812,-341
-824,-331
-828,-361
-812,-299
-764,-307
-728,-213
-792,-257
-864,-289
-760,-239
-776,-289
-764,-331
-784,-365
-784,-359
-888,-453
-900,-491
-908,-511
-1000,-535
-1008,-537
-1036,-547
-868,-473
-856,-407
-892,-485
-900,-477
-936,-497
-864,-427
-792,-369
-696,-245
-744,-345
-776,-321
-800,-325
-776,-297
-832,-361
-744,-325
-880,-315
-816,-283
-788,-265
-772,-255
-784,-183
-764,-79
-748,-33
-704,5
-660,43
-672,5
-712,-39
-704,-27
-720,-47
-680,-45
-732,15
-768,121
-808,251
-808,181
-844,211
-848,261
-852,271
-740,131
-748,231
-724,279
-780,267
-800,299
-864,345
-788,279
-820,283
-800,365
-832,345
-780,315
-836,369
-872,387
-864,377
-900,397
-868,443
-884,469
-960,511
-940,501
-884,497
-984,533
-968,519
-956,531
-968,519
-876,479
-956,531
-1036,561
-1052,547
-988,539
-960,539
-904,515
-884,495
-876,491
-844,465
-864,459
-872,473
-888,461
-888,477
-896,467
-976,469
-896,455
-844,421
-872,439
-916,463
-900,425
-880,437
-932,473
-888,397
-908,435
-988,505
-940,499
-984,539
-976,535
-948,515
-884,455
-832,415
-888,437
-888,449
-988,487
-904,465
-972,503
-980,519
-1044,555
-948,513
-1052,565
-972,533
-892,489
-916,491
-852,465
-848,479
-968,521
-968,529
-968,519
-936,501
-968,517
-932,515
-876,497
-916,491
-920,487
-844,439
-856,457
-860,447
-864,433
-816,429
-884,449
-840,383
-856,417
-904,453
-860,429
-848,429
-928,457
-920,463
-928,487
-952,499
-888,465
-912,497
-932,515
-976,519
-972,509
-944,505
-936,507
-1016,553
-900,487
-948,513
-824,427
-868,421
-840,457
-844,447
-828,455
-864,445
-844,437
-928,487
-920,481
-976,525
-952,519
-876,475
-956,515
-832,453
-772,409
-840,467
-900,477
-892,479
-876,491
-892,499
-880,465
-860,443
-892,427
-896,431
-840,389
-808,329
-768,271
-756,317
-808,403
-740,383
-760,367
-752,353
-740,327
-776,363
-792,375
-792,383
-724,355
-748,353
-888,415
-832,393
-856,429
-916,487
-904,441
-880,413
-892,429
-932,441
-940,447
-876,405
-880,355
-828,313
-812,277
-796,273
-780,353
-832,399
-748,385
-776,417
-820,407
-800,343
-804,335
-752,277
-724,233
-764,197
-700,169
-760,191
-792,221
-868,237
-768,189
-816,193
-816,229
-752,215
-820,267
-784,255
-824,295
-904,305
-868,301
-876,259
-840,293
-844,297
-828,305
-812,341
-820,381
-932,461
-780,369
-832,379
-816,395
-852,397
-904,423
-864,441
-876,469
-932,491
-848,443
-920,487
-872,471
-844,477
-912,501
-956,501
-952,501
-856,461
-768,407
-864,477
-900,485
-900,467
-964,513
-1004,521
-1004,519
-980,515
-956,521
-872,459
-892,453
-880,455
-820,435
-808,437
-868,477
-836,457
-864,459
-956,495
-936,501
-916,507
-944,517
-988,541
-1056,567
-1012,553
-1008,515
-1000,511
-968,517
-916,499
-912,495
-920,473
-804,441
-796,445
-828,457
-860,473
-876,467
-980,495
-976,519
-1040,569
-1012,553
-968,523
-948,523
-956,525
-924,481
-876,451
-820,443
-904,439
-888,469
-892,487
-920,487
-892,457
-924,503
-968,513
-900,469
-932,497
-956,515
-892,491
-940,507
-944,507
-1044,565
-1072,573
-1020,523
-940,481
-972,517
-976,535
-900,493
-860,463
-908,449
-896,461
-908,469
-956,491
-868,451
-796,399
-788,417
-812,385
-764,337
-848,409
-892,423
-888,403
-904,371
-816,355
-868,311
-780,221
-736,145
-692,89
-700,103
-724,241
-824,287
-828,279
-800,271
-840,275
-820,265
-772,199
-752,189
-752,155
-740,215
-776,239
-792,231
-904,245
-932,231
-904,299
-828,303
-844,333
-852,341
-868,385
-880,385
-948,413
-896,437
-904,467
-876,431
-764,367
-760,399
-780,383
-808,369
-848,421
-920,493
-912,511
-980,545
-948,523
-948,511
-892,473
-976,493
-908,463
-904,439
-880,405
-832,373
-876,363
-876,369
-816,371
-868,389
-860,389
-856,375
-864,407
-828,345
-868,341
-908,355
-700,201
-728,243
-760,217
-800,101
-816,53
-800,75
-840,103
-780,129
-768,135
-780,159
-796,167
-748,87
-776,109
-776,163
-804,183
-824,173
-708,103
-824,143
-744,181
-776,193
-752,151
-752,95
-776,29
-820,23
-728,33
-760,55
-772,83
-812,179
-876,265
-832,215
-836,229
-768,219
-808,307
-892,299
-824,269
-816,267
-824,269
-872,321
-864,347
-828,349
-848,343
-808,343
-768,335
-756,303
-820,361
-788,337
-796,369
-788,347
-860,411
-792,367
-872,369
-872,395
-856,391
-924,421
-912,381
-928,361
-868,357
-768,269
-704,271
-688,271
-720,203
-720,145
-724,191
-668,193
-700,255
-736,241
-728,195
-776,231
-724,223
-816,261
-828,273
-872,377
-816,401
-872,463
-828,451
-796,405
-824,419
-740,325
-752,267
-744,231
-744,203
-708,143
-740,157
-728,157
-764,141
-700,25
-756,77
-680,119
-756,231
-756,267
-832,251
-868,339
-732,245
-740,241
-680,277
-768,287
-732,247
-780,267
-796,211
-872,235
-856,227
-880,229
-808,239
-708,193
-740,127
-712,139
-804,103
-724,189
-732,169
-764,125
-684,153
-692,237
-752,185
-784,219
-784,193
-760,189
-780,157
-816,117
-812,79
-792,97
-736,65
-716,95
-656,115
-652,159
-736,129
-816,209
-868,215
-840,173
-880,125
-856,133
-820,91
-880,55
-788,55
-892,147
-784,83
-776,125
-836,105
-808,107
-820,33
-828,-25
-892,-15
-872,-75
-904,-41
-864,-89
-888,-165
-888,-213
-824,-185
-756,-201
-792,-157
-728,-71
-748,-173
-776,-219
-760,-163
-836,-241
-836,-293
-808,-267
-772,-259
-748,-213
-696,-141
-812,-191
-812,-223
-800,-287
-744,-341
-772,-249
-752,-261
-784,-309
-784,-323
-820,-379
-908,-439
-908,-471
-892,-477
-888,-473
-868,-461
-920,-499
-956,-519
-996,-513
-960,-521
-932,-493
-888,-497
-872,-481
-916,-483
-860,-451
-840,-437
-952,-487
-952,-499
-972,-499
-1028,-545
-948,-521
-852,-473
-824,-425
-828,-441
-908,-481
-856,-451
-880,-491
-928,-513
-1040,-553
-992,-535
-900,-503
-960,-517
-900,-495
-952,-499
-936,-521
-900,-497
-880,-489
-924,-497
-944,-497
-880,-435
-828,-409
-832,-405
-920,-453
-984,-491
-956,-503
-940,-521
-980,-537
-1012,-547
-928,-499
-948,-513
-984,-539
-972,-535
-916,-509
-864,-441
-904,-477
-844,-421
-900,-467
-820,-381
-864,-355
-872,-383
-836,-381
-808,-377
-872,-423
-956,-467
-976,-467
-1004,-457
-852,-375
-836,-411
-880,-445
-904,-463
-900,-507
-908,-481
-876,-449
-884,-455
-844,-451
-904,-491
-892,-461
-916,-497
-852,-481
-920,-483
-908,-493
-840,-459
-864,-439
-868,-411
-836,-413
-916,-447
-848,-445
-888,-459
-904,-415
-924,-465
-880,-467
-912,-497
-880,-489
-1028,-559
-980,-519
-952,-487
-976,-513
-816,-381
-820,-413
-848,-405
-840,-407
-864,-421
-920,-423
-908,-417
-988,-499
-872,-477
-924,-497
-972,-511
-976,-509
-888,-485
-932,-497
-892,-475
-944,-503
-916,-505
-800,-415
-892,-455
-908,-453
-840,-407
-940,-481
-900,-445
-904,-471
-908,-477
-912,-477
-916,-497
-936,-511
-928,-503
-912,-509
-964,-527
-980,-531
-968,-509
-968,-491
-924,-489
-872,-441
-848,-469
-864,-471
-912,-493
-852,-453
-812,-409
-892,-449
-888,-479
-960,-523
-972,-525
-896,-495
-916,-503
-936,-505
-836,-423
-864,-419
-872,-403
-964,-435
-924,-405
-972,-445
-904,-421
-900,-477
-912,-507
-1032,-557
-1016,-543
-936,-507
-948,-515
-912,-503
-964,-537
-956,-527
-896,-485
-872,-475
-896,-495
-932,-525
-872,-487
-940,-515
-928,-489
-864,-447
-892,-455
-832,-405
-896,-445
-836,-403
-884,-451
-860,-425
-792,-375
-864,-381
-876,-349
-920,-399
-960,-465
-1004,-503
-904,-477
-920,-489
-960,-509
-892,-507
-912,-471
-888,-493
-948,-535
-1000,-545
-884,-479
-956,-497
-888,-447
-880,-399
-908,-417
-808,-377
-928,-431
-936,-437
-904,-429
-836,-441
-844,-409
-872,-395
-860,-343
-804,-293
-888,-359
-900,-333
-856,-309
-828,-343
-856,-383
-848,-369
-852,-337
-872,-357
-824,-309
-844,-311
-816,-297
-844,-341
-816,-293
-796,-281
-804,-309
-840,-315
-776,-323
-728,-261
-792,-319
-892,-435
-908,-425
-828,-385
-804,-369
-816,-339
-792,-299
-844,-341
-824,-309
-800,-295
-840,-349
-880,-437
-884,-437
-972,-475
-936,-453
-852,-461
-832,-433
-844,-441
-880,-453
-788,-381
-844,-415
-720,-371
-804,-433
-940,-519
-840,-453
-888,-481
-868,-453
-876,-437
-852,-443
-916,-455
-904,-419
-928,-479
-860,-427
-892,-457
-968,-509
-1020,-551
-1068,-571
-1040,-569
-1004,-551
-996,-535
-960,-533
-944,-513
-976,-521
-924,-469
-872,-485
-900,-485
-808,-427
-824,-373
-844,-399
-804,-331
-784,-349
-796,-305
-816,-345
-868,-311
-836,-265
-836,-321
-872,-369
-804,-321
-940,-371
-852,-365
-924,-337
-880,-305
-856,-317
-920,-309
-900,-323
-868,-311
-848,-303
-848,-311
-848,-311
-844,-303
-844,-371
-820,-373
-868,-431
-936,-485
-900,-467
-844,-461
-856,-459
-832,-455
-996,-553
-928,-493
-900,-469
-932,-489
-872,-451
-932,-485
-908,-507
-956,-531
-1008,-555
-1040,-563
-952,-539
-1008,-553
-972,-523
-952,-523
-996,-521
-920,-499
-904,-485
-972,-515
-972,-517
-968,-535
-980,-517
-908,-479
-884,-475
-892,-485
-884,-491
-892,-477
-880,-489
-944,-535
-936,-527
-900,-511
-960,-517
-968,-511
-976,-525
-940,-521
-972,-531
-984,-529
-924,-497
-952,-527
-976,-523
-1032,-553
-1016,-535
-952,-495
-920,-489
-956,-509
-1032,-555
-928,-503
-920,-489
-912,-463
-852,-447
-832,-449
-980,-523
-832,-465
-860,-475
-820,-417
-828,-441
-972,-543
-900,-503
-876,-459
-868,-479
-900,-473
-916,-465
-936,-483
-940,-463
-892,-461
-880,-479
-936,-517
-904,-489
-920,-485
-928,-441
-936,-431
-900,-431
-832,-411
-856,-445
-900,-449
-840,-399
-868,-393
-772,-425
-832,-445
-840,-441
-884,-461
-832,-403
-880,-415
-888,-435
-896,-501
-952,-517
-996,-531
-976,-531
-884,-493
-900,-491
-988,-525
-892,-501
-896,-499
-968,-513
-992,-545
-956,-529
-924,-519
-888,-471
-832,-461
-956,-519
-964,-529
-1012,-533
-980,-535
-900,-473
-872,-453
-880,-467
-888,-433
-888,-455
-864,-465
-832,-407
-824,-407
-876,-463
-912,-487
-932,-491
-956,-487
-892,-447
-928,-489
-880,-435
-932,-473
-944,-485
-944,-471
-836,-447
-860,-451
-864,-415
-924,-429
-928,-433
-948,-445
-828,-395
-792,-365
-856,-419
-840,-427
-852,-389
-808,-355
-836,-373
-852,-383
-844,-397
-836,-403
-932,-425
-968,-469
-944,-485
-932,-499
-892,-495
-900,-479
-936,-485
-956,-517
-968,-523
-936,-503
-944,-495
-940,-493
-996,-525
-984,-519
-960,-509
-1000,-533
-952,-501
-976,-493
-944,-487
-904,-477
-928,-505
-1012,-555
-960,-515
-964,-501
-960,-515
-932,-497
-836,-409
-872,-389
-884,-427
-936,-437
-880,-415
-960,-447
-940,-453
-872,-447
-856,-447
-912,-473
-976,-509
-956,-509
-904,-487
-976,-509
-908,-519
-936,-501
-916,-497
-916,-457
-916,-425
-828,-397
-908,-391
-900,-427
-880,-395
-892,-405
-880,-455
-860,-385
-876,-393
-848,-375
-828,-335
-760,-379
-852,-407
-812,-417
-896,-473
-892,-463
-936,-465
-916,-497
-940,-509
-948,-523
-948,-519
-904,-513
-932,-521
-948,-491
-976,-535
-944,-523
-948,-501
-1036,-551
-1028,-543
-872,-447
-868,-417
-908,-467
-876,-447
-880,-455
-848,-415
-812,-381
-764,-347
-788,-373
-852,-389
-856,-417
-908,-423
-788,-361
-852,-377
-784,-319
-788,-357
-820,-351
-792,-385
-860,-463
-800,-409
-860,-435
-868,-445
-864,-459
-792,-439
-868,-457
-964,-505
-936,-491
-884,-471
-928,-485
-888,-479
-912,-473
-852,-461
-876,-479
-956,-519
-1020,-541
-924,-497
-868,-467
-912,-485
-880,-475
-864,-473
-940,-493
-884,-475
-928,-519
-988,-537
-1028,-559
-916,-499
-984,-525
-988,-521
-948,-531
-976,-543
-956,-519
-996,-535
-992,-495
-896,-437
-888,-429
-884,-449
-880,-443
-888,-441
-836,-459
-888,-451
-872,-423
-928,-463
-912,-481
-932,-491
-992,-509
-976,-505
-1016,-535
-980,-523
-928,-501
-960,-511
-960,-515
-904,-497
-972,-529
-948,-455
-940,-469
-968,-505
-912,-457
-860,-425
-872,-417
-860,-405
-880,-447
-884,-435
-804,-423
-852,-457
-908,-505
-980,-545
-888,-495
-940,-519
-968,-539
-1020,-555
-932,-511
-928,-503
-968,-499
-1004,-531
-956,-501
-956,-511
-940,-519
-1024,-555
-960,-531
-992,-543
-908,-497
-884,-457
-940,-461
-960,-471
-924,-443
-804,-413
-920,-431
-776,-387
-844,-425
-804,-409
-968,-517
-988,-521
-952,-509
-904,-493
-856,-431
-848,-417
-912,-385
-860,-343
-836,-327
-772,-287
-820,-319
-840,-333
-868,-323
-852,-295
-876,-263
-824,-249
-780,-249
-752,-315
-744,-335
-796,-359
-828,-391
-744,-337
-840,-371
-828,-355
-796,-341
-816,-327
-856,-359
-840,-325
-820,-357
-732,-375
-748,-291
-800,-323
-836,-329
-792,-301
-716,-283
-796,-343
-784,-367
-868,-367
-780,-303
-820,-349
-912,-439
-956,-477
-876,-455
-836,-421
-812,-409
-856,-429
-784,-399
-832,-431
-900,-483
-992,-547
-932,-523
-924,-503
-944,-479
-892,-463
-884,-449
-908,-477
-908,-495
-928,-497
-928,-499
-824,-443
-880,-479
-892,-495
-936,-489
-964,-515
-1000,-527
-952,-497
-884,-499
-924,-507
-900,-491
-960,-505
-940,-501
-900,-473
-912,-481
-888,-475
-968,-531
-952,-533
-872,-489
-924,-501
-896,-471
-904,-485
-960,-533
-980,-537
-1068,-575
-992,-535
-1000,-539
-972,-533
-980,-545
-940,-521
-968,-531
-940,-527
-868,-493
-936,-511
-928,-515
-1056,-565
-968,-505
-1076,-549
-1028,-535
-900,-497
-864,-463
-884,-501
-828,-469
-928,-507
-860,-481
-892,-487
-952,-485
-920,-467
-880,-451
-852,-451
-880,-465
-852,-455
-872,-455
-896,-471
-900,-485
-940,-507
-964,-479
-928,-479
-952,-483
-900,-485
-896,-449
-916,-483
-944,-503
-980,-515
-932,-501
-924,-505
-928,-517
-904,-487
-896,-471
-860,-433
-840,-413
-848,-401
-828,-347
-796,-331
-788,-367
-904,-415
-880,-439
-880,-421
-920,-459
-928,-489
-912,-499
-912,-501
-944,-511
-948,-505
-920,-473
-920,-477
-848,-405
-908,-447
-828,-383
-888,-395
-836,-299
-856,-343
-796,-283
-764,-267
-832,-273
-880,-281
-800,-261
-808,-277
-816,-265
-888,-275
-920,-317
-860,-289
-920,-411
-900,-471
-892,-475
-920,-465
-892,-469
-924,-451
-908,-427
-808,-355
-796,-319
-756,-237
-792,-401
-776,-395
-812,-441
-872,-465
-880,-467
-864,-473
-948,-507
-952,-521
-956,-501
-900,-503
-936,-523
-948,-519
-908,-483
-956,-483
-920,-463
-900,-475
-888,-451
-856,-445
-924,-427
-880,-397
-872,-373
-916,-387
-876,-461
-936,-473
-980,-477
-976,-493
-896,-471
-792,-391
-800,-369
-836,-423
-752,-381
-816,-403
-916,-461
-860,-457
-840,-417
-824,-399
-904,-475
-900,-477
-908,-495
-924,-499
-932,-503
-1012,-523
-988,-517
-992,-521
-932,-523
-924,-485
-884,-477
-908,-469
-912,-479
-928,-475
-924,-489
-976,-515
-908,-483
-1032,-527
-888,-475
-896,-497
-868,-471
-876,-483
-848,-447
-900,-465
-864,-461
-924,-473
-900,-491
-836,-451
-832,-441
-1024,-551
-1052,-567
-928,-519
-1016,-551
-1004,-533
-920,-507
-960,-529
-908,-497
-916,-495
-828,-475
-972,-529
-900,-503
-880,-479
-912,-485
-872,-469
-876,-471
-968,-531
-952,-529
-920,-513
-908,-491
-888,-459
-912,-479
-896,-445
-968,-455
-968,-431
-896,-415
-868,-417
-884,-417
-812,-379
-880,-389
-848,-357
-824,-347
-824,-313
-800,-283
-864,-365
-912,-435
-892,-461
-928,-481
-928,-495
-976,-515
-948,-511
-992,-507
-900,-469
-860,-467
-900,-483
-924,-505
-956,-509
-888,-479
-960,-531
-940,-503
-880,-489
-904,-507
-904,-477
-1000,-543
-1008,-547
-936,-501
-868,-473
-820,-423
-880,-453
-780,-431
-832,-467
-916,-501
-788,-423
-752,-423
-784,-447
-868,-487
-864,-483
-876,-497
-972,-545
-1012,-535
-904,-473
-844,-459
-876,-457
-876,-443
-888,-431
-904,-445
-912,-417
-872,-379
-776,-301
-808,-277
-764,-251
-776,-303
-852,-359
-804,-347
-832,-343
-788,-329
-800,-239
-800,-287
-740,-263
-688,-169
-764,-239
-780,-211
-768,-221
-764,-241
-892,-273
-812,-177
-836,-223
-792,-157
-888,-223
-860,-237
-864,-225
-880,-223
-852,-207
-784,-185
-860,-221
-764,-223
-776,-289
-776,-281
-752,-259
-784,-291
-792,-299
-792,-347
-800,-323
-784,-291
-756,-307
-696,-313
-800,-383
-852,-415
-812,-381
-868,-381
-824,-339
-776,-323
-876,-281
-868,-245
-812,-195
-816,-183
-772,-225
-792,-279
-880,-273
-856,-259
-868,-311
-820,-255
-796,-293
-800,-351
-876,-423
-936,-495
-832,-433
-824,-403
-824,-415
-820,-417
-888,-465
-912,-479
-880,-455
-908,-483
-924,-501
-872,-467
-848,-451
-892,-429
-844,-413
-876,-447
-844,-409
-896,-479
-900,-481
-876,-493
-884,-463
-880,-423
-856,-437
-920,-485
-860,-455
-880,-457
-888,-483
-1016,-555
-988,-521
-908,-495
-1000,-533
-928,-487
-972,-513
-1048,-557
-1000,-541
-940,-513
-984,-523
-888,-427
-948,-465
-968,-501
-884,-471
-1012,-543
-984,-521
-992,-525
-916,-511
-932,-525
-904,-497
-952,-529
-916,-501
-960,-503
-944,-491
-900,-469
-880,-475
-812,-415
-880,-431
-796,-395
-804,-449
-876,-477
-860,-477
-988,-511
-928,-483
-896,-453
-828,-443
-852,-453
-884,-467
-852,-449
-816,-407
-804,-421
-768,-389
-808,-421
-880,-491
-984,-537
-916,-501
-868,-465
-792,-431
-720,-347
-772,-317
-748,-321
-792,-377
-916,-499
-944,-465
-908,-439
-896,-437
-824,-379
-824,-329
-844,-347
-788,-311
-744,-287
-728,-205
-740,-257
-792,-271
-812,-295
-780,-323
-768,-343
-812,-327
-788,-303
-884,-297
-860,-335
-904,-393
-920,-437
-892,-429
-948,-435
-952,-475
-860,-451
-880,-453
-760,-363
-752,-373
-800,-377
-768,-347
-808,-367
-900,-435
-904,-449
-916,-385
-948,-481
-912,-467
-928,-477
-964,-533
-900,-505
-944,-507
-876,-459
-908,-473
-920,-459
-864,-431
-840,-353
-820,-301
-924,-345
-868,-295
-840,-247
-820,-241
-744,-161
-816,-201
-776,-261
-720,-277
-816,-327
-840,-321
-912,-335
-892,-281
-828,-285
-828,-259
-764,-275
-896,-349
-832,-371
-836,-381
-916,-415
-900,-425
-916,-407
-892,-407
-864,-447
-864,-443
-864,-445
-916,-485
-900,-463
-976,-531
-960,-481
-856,-439
-940,-489
-920,-469
-924,-469
-872,-473
-844,-465
-900,-473
-884,-483
-912,-497
-916,-471
-796,-395
-904,-447
-904,-455
-908,-459
-884,-455
-924,-453
-872,-431
-840,-423
-824,-429
-888,-475
-952,-513
-924,-493
-840,-477
-792,-419
-996,-515
-980,-533
-872,-475
-920,-463
-964,-455
-988,-477
-952,-481
-900,-481
-912,-465
-916,-469
-808,-437
-816,-447
-856,-465
-876,-479
-872,-457
-956,-471
-948,-471
-836,-377
-856,-395
-952,-477
-916,-449
-908,-459
-948,-465
-932,-453
-948,-497
-836,-401
-756,-377
-836,-377
-892,-421
-860,-441
-912,-451
-860,-419
-860,-395
-876,-453
-900,-495
-912,-481
-936,-505
-956,-515
-984,-527
-904,-459
-892,-451
-860,-419
-844,-435
-860,-377
-836,-361
-768,-349
-776,-389
-844,-397
-852,-383
-928,-445
-888,-457
-856,-441
-860,-415
-816,-457
-1024,-551
-1032,-537
-920,-497
-964,-497
-940,-501
-968,-491
-876,-447
-848,-427
-856,-437
-780,-371
-752,-313
-776,-321
-900,-407
-836,-425
-864,-375
-800,-331
-860,-391
-780,-357
-856,-397
-812,-401
-772,-363
-832,-399
-808,-409
-920,-451
-920,-463
-896,-457
-868,-425
-876,-459
-916,-467
-820,-427
-936,-483
-900,-453
-892,-405
-780,-395
-824,-437
-912,-437
-876,-455
-888,-475
-876,-459
-884,-467
-920,-483
-836,-409
-772,-397
-800,-371
-860,-341
-848,-357
-832,-357
-792,-373
-852,-441
-900,-451
-772,-395
-852,-419
-892,-411
-832,-381
-844,-395
-828,-399
-832,-437
-776,-409
-840,-393
-828,-433
-868,-429
-920,-405
-872,-419
-928,-477
-916,-489
-844,-439
-912,-461
-832,-423
-812,-381
-848,-423
-876,-421
-796,-371
-796,-315
-728,-327
-764,-309
-732,-301
-788,-307
-800,-299
-844,-305
-924,-377
-912,-379
-932,-391
-952,-353
-800,-321
-792,-309
-788,-243
-764,-241
-812,-249
-720,-229
-776,-289
-676,-275
-740,-359
-808,-383
-924,-423
-828,-333
-812,-283
-800,-277
-812,-301
-812,-253
-812,-295
-736,-267
-792,-323
-912,-389
-844,-325
-804,-291
-820,-337
-896,-383
-860,-373
-908,-421
-856,-413
-912,-419
-900,-377
-816,-299
-788,-237
-816,-237
-760,-257
-772,-321
-760,-365
-756,-367
-804,-417
-824,-405
-872,-445
-980,-503
-936,-497
-908,-481
-900,-481
-984,-537
-976,-529
-848,-469
-840,-387
-776,-387
-832,-393
-892,-463
-876,-465
-900,-451
-888,-485
-924,-471
-844,-405
-832,-423
-884,-419
-928,-475
-912,-493
-956,-519
-876,-477
-868,-423
-844,-419
-924,-451
-888,-421
-912,-405
-896,-425
-888,-419
-864,-429
-876,-455
-864,-463
-908,-433
-828,-399
-808,-415
-832,-447
-824,-419
-660,-355
-784,-393
-860,-431
-816,-369
-900,-437
-856,-429
-828,-389
-832,-379
-916,-503
-984,-547
-932,-503
-924,-473
-876,-443
-868,-421
-904,-435
-924,-419
-832,-429
-800,-411
-876,-487
-992,-529
-876,-433
-860,-455
-996,-523
-1060,-569
-1032,-557
-1000,-543
-956,-525
-916,-481
-992,-533
-960,-537
-888,-501
-872,-475
-864,-469
-840,-473
-852,-441
-972,-465
-948,-445
-952,-455
-924,-489
-956,-507
-876,-475
-928,-503
-904,-489
-848,-451
-856,-467
-928,-509
-900,-475
-924,-481
-936,-505
-952,-505
-976,-511
-1024,-545
-952,-531
-1004,-539
-936,-505
-952,-507
-892,-491
-940,-519
-972,-533
-928,-531
-876,-497
-900,-501
-920,-493
-988,-537
-1028,-543
-984,-527
-984,-519
-896,-499
-984,-533
-896,-491
-868,-505
-916,-517
-872,-493
-960,-529
-956,-503
-964,-537
-900,-491
-928,-507
-948,-519
-948,-509
-916,-473
-892,-481
-984,-539
-1008,-553
-976,-547
-1024,-555
-996,-543
-956,-511
-936,-485
-936,-473
-912,-411
-928,-405
-856,-355
-808,-351
-812,-377
-828,-397
-868,-403
-860,-407
-816,-385
-836,-403
-888,-423
-772,-419
-896,-511
-936,-523
-852,-465
-896,-491
-936,-525
-908,-497
-864,-465
-896,-455
-956,-493
-924,-485
-936,-511
-924,-491
-912,-483
-924,-509
-988,-537
-944,-521
-948,-523
-988,-543
-988,-531
-1008,-531
-948,-507
-916,-485
-948,-529
-968,-527
-984,-541
-980,-543
-900,-481
-844,-459
-928,-489
-896,-489
-908,-487
-940,-459
-932,-439
-944,-455
-824,-407
-892,-423
-856,-401
-792,-387
-856,-415
-756,-409
-888,-481
-856,-475
-864,-463
-860,-419
-812,-401
-928,-435
-896,-457
-924,-445
-916,-447
-896,-417
-792,-373
-824,-337
-800,-377
-900,-459
-900,-467
-952,-483
-992,-515
-1004,-543
-932,-495
-848,-437
-860,-399
-844,-429
-840,-405
-840,-455
-864,-479
-912,-497
-852,-423
-868,-483
-900,-481
-928,-503
-904,-467
-924,-469
-836,-443
-932,-489
-888,-453
-908,-481
-904,-473
-840,-409
-804,-409
-824,-433
-804,-425
-808,-423
-780,-371
-852,-417
-836,-443
-780,-439
-884,-469
-924,-525
-952,-523
-968,-533
-1044,-565
-968,-545
-996,-545
-920,-519
-912,-519
-848,-475
-892,-451
-900,-459
-952,-483
-936,-493
-960,-523
-960,-525
-888,-465
-836,-443
-900,-479
-908,-483
-1036,-537
-1044,-555
-956,-525
-968,-533
-944,-527
-940,-511
-964,-497
-948,-485
-896,-489
-904,-487
-944,-523
-896,-493
-956,-515
-932,-451
-840,-403
-836,-427
-912,-439
-852,-423
-840,-401
-884,-361
-896,-413
-852,-415
-892,-431
-884,-411
-780,-379
-720,-355
-824,-387
-884,-449
-932,-487
-932,-521
-1000,-543
-1024,-549
-976,-525
-896,-485
-936,-469
-824,-349
-816,-369
-928,-429
-888,-411
-976,-481
-940,-489
-824,-413
-872,-411
-896,-473
-960,-529
-876,-493
-872,-481
-872,-465
-852,-419
-912,-473
-824,-439
-852,-435
-864,-449
-892,-455
-948,-503
-908,-493
-920,-515
-956,-521
-940,-493
-892,-485
-856,-469
-940,-505
-940,-509
-920,-489
-920,-485
-944,-459
-900,-439
-900,-415
-848,-355
-812,-333
-808,-373
-756,-371
-780,-363
-796,-393
-800,-347
-876,-331
-828,-313
-832,-325
-796,-271
-760,-243
-788,-285
-712,-245
-704,-221
-708,-237
-740,-191
-752,-187
-756,-109
-784,-15
-764,17
-800,-13
-824,5
-804,41
-908,135
-864,139
-912,99
-820,53
-828,85
-756,111
-772,57
-760,65
-840,81
-824,83
-880,173
-840,231
-876,197
-872,223
-808,205
-756,221
-816,271
-772,251
-852,371
-892,393
-908,389
-892,403
-740,341
-784,357
-808,327
-816,317
-768,327
-824,351
-864,399
-932,373
-784,321
-772,291
-912,393
-908,415
-824,407
-880,433
-884,425
-828,437
-812,449
-816,419
-732,373
-756,369
-760,355
-884,441
-840,389
-904,477
-904,449
-868,429
-868,457
-880,437
-876,425
-840,407
-908,439
-912,459
-880,459
-940,471
-956,493
-996,531
-932,485
-992,529
-920,503
-964,527
-920,495
-940,497
-884,443
-928,467
-904,419
-824,337
-836,361
-836,391
-836,395
-960,449
-916,465
-968,519
-988,527
-964,513
-952,511
-888,457
-824,399
-820,377
-772,393
-956,483
-980,497
-948,467
-968,459
-900,437
-968,513
-1020,541
-956,533
-996,541
-1012,541
-992,541
-928,497
-892,439
-912,447
-900,479
-880,453
-884,445
-868,433
-872,407
-844,347
-884,411
-788,407
-816,425
-820,395
-856,447
-876,411
-924,439
-896,449
-828,409
-768,371
-756,391
-844,457
-976,501
-1004,517
-876,499
-948,525
-1028,547
-960,501
-992,521
-1000,541
-1064,573
-996,543
-872,497
-948,519
-916,505
-908,473
-932,483
-936,503
-852,485
-880,493
-916,513
-924,507
-952,499
-972,531
-936,523
-916,521
-836,469
-840,423
-792,355
-836,319
-776,299
-668,221
-708,173
-608,155
-700,189
-728,267
-732,269
-732,287
-756,289
-756,231
-796,149
-744,195
-812,237
-820,141
-800,171
-776,159
-700,163
-756,199
-692,165
-708,169
-752,145
-656,85
-724,23
-720,11
-748,31
-772,35
-712,91
-792,131
-804,69
-740,117
-772,97
-804,149
-756,121
-724,77
-736,85
-820,55
-784,83
-768,3
-740,-19
-780,-135
-780,-201
-740,-137
-684,-131
-740,-169
-744,-249
-800,-349
-844,-331
-856,-377
-920,-383
-880,-391
-812,-337
-832,-319
-884,-323
-740,-267
-780,-285
-840,-299
-828,-299
-816,-291
-820,-297
-748,-267
-804,-293
-808,-271
-776,-207
-740,-249
-740,-241
-824,-319
-852,-405
-812,-443
-868,-425
-844,-409
-872,-457
-868,-461
-864,-443
-952,-489
-924,-483
-944,-501
-972,-533
-928,-505
-984,-541
-880,-483
-840,-453
-840,-421
-820,-435
-836,-457
-928,-515
-968,-533
-900,-501
-952,-503
-992,-505
-920,-493
-956,-491
-980,-531
-956,-513
-872,-489
-900,-473
-916,-461
-936,-477
-848,-455
-972,-513
-900,-507
-916,-505
-984,-527
-924,-473
-892,-441
-940,-481
-1028,-531
-992,-527
-940,-447
-956,-465
-936,-441
-888,-383
-876,-453
-896,-451
-920,-481
-904,-491
-800,-437
-788,-419
-780,-395
-884,-447
-880,-483
-948,-519
-912,-499
-924,-475
-912,-485
-876,-471
-932,-507
-948,-505
-856,-407
-876,-411
-852,-457
-888,-455
-928,-517
-988,-543
-1036,-563
-984,-523
-892,-489
-828,-459
-880,-485
-900,-473
-864,-455
-860,-405
-856,-423
-780,-365
-780,-419
-800,-411
-840,-429
-876,-441
-872,-443
-832,-453
-920,-505
-892,-483
-968,-529
-964,-531
-984,-551
-916,-507
-880,-481
-864,-479
-928,-491
-896,-451
-916,-473
-872,-479
-856,-457
-900,-479
-888,-465
-892,-443
-864,-467
-708,-375
-812,-409
-924,-473
-872,-453
-824,-357
-896,-379
-856,-373
-828,-253
-836,-273
-860,-273
-856,-313
-924,-365
-888,-351
-908,-349
-844,-283
-800,-219
-880,-349
-892,-321
-840,-305
-832,-279
-820,-261
-824,-291
-864,-329
-844,-365
-960,-405
-876,-411
-944,-405
-944,-417
-912,-423
-948,-465
-932,-491
-936,-519
-956,-521
-988,-545
-896,-489
-916,-485
-840,-411
-856,-431
-836,-425
-884,-461
-816,-423
-880,-469
-928,-503
-968,-523
-1012,-549
-896,-491
-860,-469
-900,-499
-888,-489
-936,-513
-952,-483
-964,-517
-852,-441
-844,-415
-820,-415
-844,-457
-896,-467
-928,-513
-1004,-549
-920,-501
-932,-527
-960,-523
-968,-527
-844,-441
-832,-445
-896,-475
-868,-453
-904,-453
-936,-485
-856,-447
-952,-525
-1012,-551
-1016,-551
-1004,-541
-1008,-549
-968,-529
-952,-519
-920,-511
-940,-491
-892,-487
-936,-507
-916,-511
-880,-477
-748,-391
-876,-461
-960,-505
-920,-495
-956,-519
-932,-513
-916,-493
-952,-489
-936,-483
-960,-501
-824,-425
-884,-445
-872,-477
-872,-471
-920,-463
-956,-497
-936,-503
-920,-485
-940,-499
-972,-491
-912,-479
-880,-489
-876,-449
-804,-361
-844,-421
-984,-463
-940,-489
-1036,-545
-968,-531
-916,-511
-936,-493
-952,-481
-936,-501
-980,-515
-1032,-537
-932,-511
-940,-525
-812,-477
-940,-505
-960,-511
-988,-529
-948,-525
-968,-529
-952,-527
-892,-493
-856,-473
-784,-441
-888,-473
-948,-509
-956,-509
-932,-519
-988,-529
-896,-469
-864,-479
-836,-449
-848,-431
-892,-471
-956,-521
-932,-501
-884,-453
-912,-439
-920,-479
-920,-485
-928,-467
-1040,-529
-888,-481
-852,-449
-868,-455
-944,-475
-828,-409
-964,-507
-904,-477
-864,-477
-820,-433
-848,-459
-860,-477
-860,-461
-852,-431
-852,-421
-924,-463
-788,-417
-800,-403
-920,-475
-924,-475
-880,-443
-856,-395
-792,-377
-836,-441
-808,-425
-816,-357
-900,-423
-868,-415
-840,-405
-812,-423
-896,-453
-904,-447
-920,-423
-816,-389
-828,-415
-760,-367
-836,-397
-900,-443
-896,-441
-856,-427
-852,-363
-872,-377
-776,-311
-772,-229
-772,-213
-732,-219
-772,-301
-816,-255
-792,-337
-868,-415
-900,-485
-868,-445
-856,-399
-924,-445
-868,-375
-928,-387
-840,-351
-872,-359
-932,-385
-824,-343
-760,-281
-804,-315
-804,-335
-792,-343
-916,-415
-892,-407
-872,-395
-792,-359
-796,-325
-800,-367
-804,-369
-828,-363
-768,-337
-760,-353
-900,-381
-888,-431
-920,-445
-904,-441
-892,-371
-972,-419
-960,-423
-872,-391
-808,-397
-876,-421
-908,-469
-880,-463
-880,-483
-908,-495
-880,-461
-736,-361
-780,-367
-812,-327
-796,-337
-796,-355
-852,-361
-860,-353
-872,-321
-872,-329
-832,-401
-912,-431
-960,-405
-872,-391
-852,-405
-780,-391
-892,-401
-868,-431
-820,-403
-904,-477
-912,-489
-876,-457
-852,-421
-856,-465
-884,-455
-916,-495
-872,-449
-904,-463
-940,-469
-900,-441
-808,-425
-916,-485
-984,-527
-904,-499
-928,-491
-924,-489
-996,-541
-912,-513
-792,-427
-808,-433
-840,-417
-988,-499
-984,-513
-1000,-515
-884,-481
-904,-459
-912,-465
-980,-525
-1016,-529
-1020,-531
-916,-505
-888,-487
-896,-489
-916,-501
-992,-511
-976,-537
-1000,-553
-960,-527
-920,-509
-972,-523
-1024,-545
-980,-527
-968,-529
-1072,-573
-912,-491
-812,-463
-928,-497
-876,-455
-852,-419
-920,-421
-852,-411
-852,-423
-856,-449
-876,-469
-868,-493
-876,-479
-892,-483
-876,-489
-940,-529
-908,-515
-936,-509
-1000,-535
-916,-477
-1016,-525
-964,-523
-952,-499
-900,-467
-984,-519
-936,-485
-888,-389
-844,-373
-852,-361
-820,-389
-896,-415
-888,-437
-940,-471
-824,-427
-828,-395
-836,-377
-828,-387
-724,-375
-884,-435
-880,-451
-964,-507
-1016,-535
-988,-525
-1028,-551
-1004,-539
-904,-477
-924,-515
-920,-511
-908,-505
-960,-513
-840,-433
-880,-437
-892,-469
-980,-475
-1052,-509
-1024,-515
-1008,-535
-960,-515
-964,-501
-880,-429
-904,-435
-860,-395
-792,-343
-828,-387
-896,-383
-840,-363
-764,-371
-832,-343
-780,-325
-772,-311
-772,-251
-836,-301
-780,-289
-760,-229
-820,-303
-808,-231
-780,-223
-704,-199
-708,-177
-712,-123
-780,-105
-756,-95
-780,-61
-672,-67
-756,-91
-732,-55
-848,-127
-812,-143
-784,-129
-808,-121
-792,-115
-808,-95
-876,-55
-804,-9
-820,35
-716,67
-780,75
-828,67
-732,-41
-796,31
-804,79
-824,97
-768,103
-852,105
-784,113
-800,95
-788,121
-836,219
-828,273
-792,281
-932,207
-896,265
-852,311
-868,313
-904,317
-876,255
-772,169
-772,163
-764,111
-776,101
-788,127
-800,111
-796,177
-752,197
-648,181
-656,233
-768,207
-756,229
-824,283
-756,351
-800,353
-832,409
-816,379
-844,365
-788,357
-852,387
-916,405
-808,371
-816,393
-800,377
-788,363
-768,331
-824,371
-776,307
-784,323
-784,347
-728,337
-812,337
-840,361
-852,351
-840,305
-784,229
-856,265
-888,273
-832,223
-804,237
-840,215
-852,217
-880,199
-848,263
-888,315
-836,311
-832,295
-768,287
-712,231
-768,315
-748,311
-756,301
-792,319
-908,361
-912,397
-856,437
-864,427
-924,455
-1032,541
-996,525
-1024,533
-988,525
-964,519
-996,531
-848,451
-860,349
-796,343
-804,351
-876,345
-864,363
-832,375
-904,419
-936,463
-988,537
-1000,549
-1024,543
-1092,581
-1012,543
-940,529
-820,453
-936,513
-928,491
-932,507
-1048,565
-996,533
-976,527
-1032,549
-1008,543
-992,549
-940,527
-984,537
-948,523
-1048,555
-964,523
-864,455
-820,383
-836,381
-820,355
-856,385
-884,387
-828,335
-724,299
-804,361
-824,349
-808,375
-844,413
-880,421
-860,397
-804,367
-864,429
-904,419
-912,423
-884,417
-884,413
-848,467
-876,499
-984,543
-972,541
-936,527
-940,525
-944,513
-1040,553
-972,545
-940,493
-900,491
-900,495
-976,523
-984,539
-1028,547
-992,515
-908,499
-920,501
-796,407
-808,401
-864,473
-844,483
-864,487
-936,511
-948,525
-944,517
-940,507
-964,513
-1004,549
-988,543
-960,521
-928,499
-924,501
-860,475
-952,487
-904,505
-928,497
-876,465
-852,449
-872,487
-972,525
-988,543
-960,507
-972,511
-940,523
-1016,557
-984,541
-956,505
-788,421
-864,461
-996,513
-996,503
-928,457
-836,395
-824,399
-884,425
-868,425
-852,449
-812,463
-860,455
-924,515
-916,487
-912,453
-924,485
-868,427
-924,451
-940,489
-876,385
-884,435
-884,461
-860,489
-844,467
-824,417
-856,409
-740,335
-824,395
-848,399
-864,407
-776,381
-808,399
-824,415
-836,403
-868,393
-792,367
-792,333
-788,313
-832,329
-768,279
-860,367
-788,387
-820,357
-844,381
-796,353
-872,397
-812,423
-880,419
-912,435
-880,371
-808,345
-816,367
-868,391
-876,385
-912,379
-944,407
-888,405
-844,393
-944,473
-876,467
-848,473
-936,497
-856,461
-892,473
-884,479
-888,455
-916,471
-848,447
-848,397
-828,389
-844,405
-880,461
-908,473
-888,463
-852,447
-892,457
-948,481
-944,497
-948,517
-900,485
-920,519
-944,521
-924,481
-968,513
-892,457
-904,435
-956,475
-936,495
-948,509
-912,511
-940,503
-984,543
-940,505
-964,491
-940,493
-908,463
-956,503
-840,459
-824,427
-900,407
-964,449
-952,459
-904,479
-872,471
-792,437
-804,443
-916,497
-860,479
-912,499
-1012,559
-996,547
-984,531
-892,489
-936,515
-952,535
-1020,557
-1024,557
-932,499
-900,503
-892,489
-976,505
-980,513
-976,527
-908,499
-928,515
-928,483
-904,487
-984,509
-960,519
-968,513
-960,523
-964,519
-972,537
-988,531
-932,525
-880,441
-852,419
-824,399
-768,363
-832,387
-820,399
-896,465
-932,477
-916,469
-952,501
-1004,533
-916,507
-856,475
-880,473
-864,453
-788,371
-836,389
-888,379
-844,373
-736,241
-812,319
-820,323
-832,345
-900,371
-892,357
-928,439
-980,479
-884,449
-888,447
-832,435
-872,459
-924,493
-888,465
-924,491
-928,491
-1016,525
-948,503
-976,521
-936,495
-876,457
-864,439
-788,403
-872,469
-956,519
-912,491
-964,499
-896,435
-908,451
-884,471
-840,463
-928,505
-992,527
-956,507
-928,487
-948,499
-956,523
-1024,549
-1000,543
-996,541
-1004,535
-920,503
-880,461
-908,487
-912,473
-904,483
-872,483
-852,473
-864,451
-1016,553
-1028,557
-944,515
-904,499
-940,491
-964,491
-856,475
-908,511
-1008,545
-988,539
-1024,535
-1048,547
-900,501
-952,525
-948,519
-928,513
-952,515
-988,511
-868,419
-968,501
-920,481
-928,491
-888,471
-864,399
-860,405
-828,365
-772,321
-780,335
-812,335
-804,343
-760,315
-756,339
-816,323
-860,363
-916,365
-948,363
-944,383
-872,325
-780,241
-788,251
-836,287
-864,385
-880,419
-888,437
-968,459
-864,409
-828,407
-828,383
-840,409
-880,411
-812,413
-888,431
-872,357
-840,337
-816,383
-836,397
-836,333
-800,321
-844,329
-880,335
-912,313
-808,263
-836,195
-824,201
-756,183
-816,171
-852,181
-872,203
-852,237
-860,249
-888,257
-896,287
-864,289
-840,301
-852,321
-876,297
-916,297
-924,287
-828,295
-808,231
-844,333
-844,383
-900,455
-856,391
-816,363
-832,359
-892,311
-872,355
-868,293
-884,279
-852,265
-832,307
-820,311
-768,297
-764,323
-776,317
-844,419
-888,369
-752,379
-856,373
-824,407
-844,421
-836,421
-756,395
-736,357
-808,391
-912,415
-960,487
-960,503
-920,477
-904,447
-904,463
-872,481
-916,393
-916,385
-872,409
-912,433
-960,469
-900,457
-1004,513
-1020,531
-984,515
-964,505
-1056,563
-940,507
-992,533
-1012,543
-988,521
-956,507
-964,505
-960,513
-896,479
-984,493
-940,501
-888,477
-856,425
-776,369
-908,433
-832,363
-844,405
-912,441
-864,453
-932,499
-780,437
-720,393
-708,383
-756,433
-884,449
-844,403
-784,327
-780,317
-832,343
-864,363
-916,439
-876,457
-864,411
-888,407
-884,447
-784,363
-752,345
-712,339
-768,343
-772,383
-892,445
-904,489
-868,455
-872,449
-840,453
-864,467
-936,517
-868,499
-892,505
-860,475
-896,491
-904,491
-884,451
-848,411
-884,445
-840,451
-844,411
-844,413
-848,415
-888,433
-952,491
-976,511
-864,437
-864,477
-864,451
-912,455
-900,481
-912,445
-876,421
-892,405
-852,365
-796,355
-864,431
-896,497
-836,451
-872,481
-892,485
-816,435
-812,441
-912,513
-932,515
-928,495
-956,505
-880,479
-1020,539
-960,527
-876,447
-864,489
-836,437
-924,451
-984,475
-956,499
-988,523
-900,421
-912,447
-844,431
-888,421
-896,441
-804,411
-800,373
-892,437
-932,453
-900,415
-908,421
-880,417
-876,419
-916,439
-884,401
-868,391
-876,405
-908,425
-868,377
-860,345
-844,367
-816,347
-816,407
-932,469
-916,475
-920,453
-952,475
-884,455
-900,455
-884,467
-888,465
-912,469
-888,463
-1016,531
-980,521
-968,507
-916,503
-916,493
-1004,523
-972,509
-960,515
-904,495
-896,503
-896,499
-900,483
-996,533
-932,511
-984,517
-1064,549
-1012,523
-920,509
-992,547
-988,541
-944,529
-908,515
-916,451
-824,415
-948,521
-944,509
-1044,567
-1052,561
-1004,551
-980,521
-948,519
-932,501
-928,489
-956,507
-960,521
-968,517
-924,479
-852,441
-876,449
-828,431
-924,455
-896,465
-840,437
-860,467
-824,449
-832,457
-896,477
-924,509
-924,503
-892,479
-872,481
-900,485
-880,459
-820,387
-912,463
-836,457
-888,469
-800,415
-804,363
-820,395
-820,399
-832,437
-928,509
-904,485
-892,487
-976,525
-884,471
-924,485
-860,467
-892,489
-1060,543
-1040,533
-936,497
-992,537
-980,505
-936,483
-944,515
-976,533
-964,533
-980,507
-888,481
-972,541
-960,521
-956,509
-956,519
-924,491
-936,487
-920,481
-1036,549
-928,505
-968,523
-928,483
-892,469
-936,521
-968,495
-1000,517
-956,487
-936,479
-864,455
-896,463
-832,435
-852,417
-888,413
-908,417
-884,405
-936,435
-904,433
-912,431
-864,377
-860,365
-864,357
-880,405
-860,443
-856,441
-892,451
-904,419
-888,429
-820,399
-844,411
-856,391
-776,329
-856,349
-808,329
-772,343
-824,363
-820,341
-752,309
-760,349
-740,343
-800,385
-868,411
-852,421
-792,385
-824,369
-892,447
-872,413
-868,439
-792,301
-744,357
-816,443
-932,505
-984,531
-1004,551
-944,535
-1036,555
-1060,575
-944,535
-1048,571
-1048,565
-1020,561
-996,551
-1008,549
-1004,547
-948,519
-976,535
-892,503
-904,513
-956,513
-952,511
-928,495
-1024,547
-968,517
-948,499
-916,509
-944,509
-1012,533
-904,499
-880,439
-820,433
-800,429
-844,445
-864,435
-816,429
-844,437
-880,439
-828,451
-928,467
-904,473
-920,469
-888,471
-868,483
-884,503
-848,483
-920,509
-832,469
-852,463
-868,449
-824,447
-920,513
-936,511
-884,493
-868,483
-924,503
-912,479
-880,481
-840,457
-844,473
-840,475
-1012,547
-952,495
-972,511
-920,487
-1016,513
-964,501
-872,437
-900,397
-816,405
-848,401
-884,375
-924,371
-816,295
-736,243
-768,247
-724,281
-764,331
-792,339
-788,359
-708,345
-856,457
-892,485
-848,481
-840,417
-800,419
-812,467
-796,445
-804,459
-956,507
-852,445
-828,441
-860,449
-988,521
-924,511
-952,511
-956,505
-988,527
-856,443
-924,493
-928,495
-880,455
-880,487
-888,487
-916,479
-856,485
-908,493
-876,429
-876,451
-856,449
-800,439
-932,515
-848,435
-800,397
-824,385
-836,387
-828,375
-884,411
-856,355
-912,367
-880,317
-868,295
-848,265
-820,243
-792,187
-832,219
-780,225
-780,209
-808,187
-752,129
-788,105
-752,217
-768,257
-744,259
-820,373
-840,399
-868,419
-940,495
-976,525
-932,527
-1000,531
-1008,553
-1004,551
-1036,561
-916,503
-948,505
-980,507
-980,511
-872,489
-968,541
-996,543
-924,521
-924,523
-920,515
-832,465
-920,497
-856,467
-848,457
-916,477
-944,511
-956,525
-972,525
-936,519
-996,539
-900,503
-948,529
-936,527
-920,501
-900,513
-1000,545
-1004,543
-976,521
-880,467
-832,455
-984,519
-948,523
-888,491
-988,517
-952,511
-1032,563
-1040,563
-1000,539
-892,503
-900,497
-908,499
-892,487
-952,519
-984,535
-988,533
-912,509
-944,497
-880,451
-932,467
-940,459
-952,479
-924,495
-996,533
-968,535
-880,503
-928,515
-948,521
-868,489
-928,485
-964,525
-948,531
-972,539
-940,505
-844,483
-928,505
-924,497
-960,507
-928,485
-844,467
-864,465
-904,465
-960,493
-872,465
-880,463
-940,481
-884,425
-888,445
-880,427
-932,461
-888,437
-860,423
-816,387
-896,429
-892,447
-960,521
-992,525
-1036,541
-944,529
-1028,537
-968,525
-944,495
-844,449
-856,405
-932,421
-848,333
-812,309
-692,203
-704,131
-756,13
-752,23
-828,55
-840,3
-788,-1
-728,-61
-756,-89
-732,-71
-760,-97
-812,-129
-760,-151
-828,-139
-816,-105
-812,-63
-720,-41
-772,-37
-824,-57
-748,-47
-788,-53
-820,-57
-828,-99
-816,-81
-772,-139
-752,-133
-756,-145
-756,-109
-784,-57
-852,-77
-880,-119
-812,-117
-792,-121
-756,-67
-720,-19
-772,17
-712,49
-832,-5
-804,-61
-780,-23
-744,-3
-684,-17
-660,-9
-708,-17
-628,-43
-692,-83
-796,-61
-708,-35
-756,-87
-720,-109
-716,-89
-772,-137
-704,-181
-764,-233
-760,-215
-732,-235
-764,-247
-788,-249
-772,-323
-820,-377
-876,-409
-896,-415
-896,-413
-960,-433
-848,-403
-844,-381
-868,-433
-904,-449
-1020,-537
-988,-527
-992,-537
-1032,-555
-1032,-555
-920,-519
-928,-505
-936,-519
-884,-515
-908,-495
-840,-459
-868,-419
-900,-443
-856,-435
-796,-339
-776,-333
-896,-415
-908,-405
-884,-419
-920,-473
-900,-439
-884,-459
-896,-413
-848,-423
-880,-467
-864,-447
-912,-497
-936,-495
-992,-499
-976,-507
-888,-477
-924,-503
-824,-457
-880,-473
-936,-517
-984,-537
-1012,-541
-976,-547
-980,-533
-948,-523
-980,-539
-960,-531
-968,-539
-948,-519
-900,-511
-932,-519
-912,-509
-976,-537
-976,-521
-872,-475
-936,-513
-960,-511
-1028,-529
-964,-513
-892,-459
-948,-473
-948,-495
-916,-473
-852,-379
-844,-383
-924,-445
-840,-421
-916,-457
-888,-477
-932,-469
-920,-423
-844,-405
-816,-389
-816,-399
-852,-443
-836,-445
-876,-457
-908,-461
-804,-395
-844,-451
-856,-445
-808,-387
-852,-385
-868,-387
-796,-337
-816,-343
-740,-321
-796,-333
-876,-335
-808,-355
-744,-323
-784,-349
-832,-407
-816,-403
-928,-459
-888,-475
-848,-403
-856,-369
-804,-331
-776,-345
-808,-295
-828,-255
-768,-197
-848,-161
-824,-147
-768,-93
-804,-93
-796,-47
-788,-53
-852,-47
-708,-51
-764,19
-784,121
-740,167
-796,179
-756,153
-804,195
-828,249
-816,289
-720,249
-724,229
-768,285
-792,259
-780,257
-796,267
-824,283
-824,377
-808,341
-832,359
-892,439
-912,463
-948,515
-980,533
-996,549
-972,535
-908,509
-924,507
-940,529
-968,545
-924,519
-948,517
-948,525
-912,511
-964,515
-1000,547
-948,527
-968,527
-892,475
-936,489
-912,507
-936,509
-804,449
-952,523
-936,527
-908,499
-952,519
-984,543
-972,527
-1012,545
-956,495
-928,497
-948,515
-928,487
-916,443
-868,415
-916,413
-956,383
-944,411
-876,415
-844,349
-860,343
-788,347
-880,431
-848,433
-828,425
-872,463
-824,407
-840,423
-896,477
-888,459
-876,491
-924,493
-936,463
-872,465
-968,509
-960,523
-1008,545
-1008,547
-940,529
-972,539
-940,525
-876,493
-856,477
-868,457
-932,501
-860,477
-932,501
-952,527
-1016,531
-880,483
-892,473
-868,431
-860,415
-868,429
-956,475
-944,473
-956,503
-948,513
-940,509
-896,467
-872,415
-900,417
-824,387
-848,409
-1008,521
-968,503
-852,419
-904,491
-904,487
-888,467
-832,427
-920,489
-908,475
-932,489
-940,441
-896,451
-832,455
-836,451
-888,465
-944,511
-896,473
-1032,539
-992,539
-968,541
-1012,541
-968,535
-1012,555
-948,531
-936,513
-836,457
-920,487
-900,475
-888,477
-772,431
-808,441
-824,439
-972,483
-916,431
-996,521
-976,507
-980,531
-964,501
-916,491
-924,491
-896,477
-912,453
-936,463
-936,507
-992,533
-992,523
-908,497
-980,535
-904,491
-920,501
-1024,557
-956,527
-956,505
-968,513
-920,493
-884,469
-892,505
-1000,519
-964,513
-936,507
-948,499
-948,475
-860,431
-788,399
-840,427
-920,495
-900,503
-964,489
-956,469
-960,459
-892,435
-836,419
-936,461
-852,407
-824,393
-912,445
-880,373
-812,351
-800,317
-792,277
-856,329
-852,337
-828,321
-860,353
-812,289
-760,227
-820,275
-800,293
-792,319
-800,383
-728,305
-828,271
-836,379
-856,405
-864,425
-884,443
-920,495
-912,507
-936,495
-888,471
-832,441
-860,431
-932,449
-900,431
-904,461
-820,391
-860,413
-832,333
-864,387
-860,417
-808,355
-744,261
-776,259
-768,245
-748,225
-752,271
-664,203
-756,191
-828,183
-716,181
-692,183
-756,197
-772,247
-808,253
-760,221
-796,175
-780,173
-852,261
-844,259
-744,237
-800,223
-712,187
-788,289
-780,273
-864,221
-736,183
-688,151
-708,135
-704,51
-672,35
-720,73
-680,21
-704,5
-704,-15
-700,-43
-700,-97
-676,-91
-652,-21
-712,55
-652,15
-632,-99
-684,-111
-748,-193
-764,-127
-748,-147
-752,-23
-788,5
-752,-13
-784,89
-760,95
-796,117
-780,69
-860,59
-796,69
-748,41
-768,69
-776,9
-768,85
-780,159
-820,193
-804,195
-760,147
-760,79
-796,169
-792,147
-780,201
-768,187
-716,165
-780,155
-776,145
-816,173
-836,211
-772,161
-788,207
-836,223
-840,269
-872,275
-836,275
-864,329
-892,355
-852,335
-820,331
-852,343
-868,353
-836,371
-872,421
-864,433
-856,391
-808,401
-824,391
-832,395
-828,387
-832,433
-868,423
-872,423
-812,415
-848,439
-880,459
-892,499
-1020,549
-1048,565
-1008,545
-996,541
-924,519
-944,515
-932,495
-900,451
-864,469
-816,417
-928,493
-892,435
-936,469
-872,421
-860,407
-876,453
-1020,529
-892,451
-864,455
-896,493
-932,481
-908,469
-876,461
-744,345
-844,441
-940,505
-832,461
-968,523
-848,467
-940,511
-920,499
-956,489
-908,457
-956,457
-900,453
-916,451
-896,463
-896,477
-968,507
-964,501
-940,477
-908,467
-844,437
-828,421
-924,443
-852,397
-780,357
-800,335
-748,339
-824,353
-896,445
-908,449
-904,477
-892,455
-828,431
-900,465
-900,515
-880,483
-852,455
-784,429
-956,523
-920,497
-960,513
-952,517
-960,497
-920,455
-832,421
-888,437
-804,413
-796,435
-840,461
-804,405
-796,389
-732,363
-716,395
-768,399
-724,315
-776,323
-792,381
-864,447
-932,489
-956,531
-976,529
-880,477
-888,481
-848,453
-868,429
-928,431
-876,445
-952,483
-864,427
-832,407
-872,439
-828,443
-844,457
-824,447
-912,473
-852,457
-840,449
-864,473
-836,469
-824,435
-840,413
-864,411
-796,379
-824,391
-804,411
-864,431
-856,455
-848,453
-888,471
-864,445
-896,491
-892,485
-876,457
-892,423
-888,389
-828,401
-780,293
-732,375
-868,417
-844,397
-860,383
-832,415
-932,457
-948,473
-832,421
-892,475
-932,481
-988,533
-928,485
-948,501
-912,499
-928,445
-960,509
-968,511
-928,511
-992,525
-940,525
-948,493
-956,505
-892,455
-888,473
-868,453
-840,443
-880,435
-980,467
-912,423
-892,423
-928,443
-864,383
-776,319
-780,267
-808,313
-776,367
-800,315
-868,349
-856,331
-848,363
-824,341
-888,347
-900,377
-904,353
-860,321
-840,337
-832,347
-844,369
-820,397
-832,385
-808,343
-820,337
-784,323
-804,317
-788,327
-760,337
-804,367
-844,407
-876,407
-836,347
-828,331
-768,291
-752,241
-772,215
-824,231
-768,289
-864,349
-864,385
-864,319
-828,295
-860,349
-912,351
-824,325
-816,361
-824,367
-888,395
-896,385
-864,353
-844,379
-924,451
-936,503
-796,441
-812,415
-944,501
-928,503
-924,497
-924,521
-1000,541
-944,505
-872,487
-916,475
-800,445
-832,409
-920,455
-864,451
-920,463
-888,459
-860,447
-940,485
-908,463
-900,451
-916,473
-856,453
-952,469
-904,473
-904,477
-956,511
-912,505
-896,481
-1016,527
-936,509
-1056,551
-952,511
-864,463
-980,523
-916,513
-916,487
-860,455
-856,429
-828,415
-844,431
-836,437
-888,437
-916,475
-880,449
-848,433
-804,415
-792,417
-788,393
-796,355
-856,455
-848,469
-960,523
-960,505
-928,499
-976,543
-1068,577
-1032,567
-960,533
-1028,551
-992,497
-928,489
-912,501
-968,531
-964,523
-996,525
-916,453
-1000,525
-872,459
-932,503
-948,509
-864,441
-824,433
-924,507
-892,497
-904,487
-904,483
-856,441
-824,455
-884,401
-840,381
-824,401
-776,389
-736,379
-700,339
-752,385
-892,423
-868,451
-868,463
-832,451
-876,465
-852,453
-904,489
-944,515
-972,541
-984,533
-936,503
-964,491
-1032,541
-992,539
-952,523
-932,517
-944,521
-900,479
-776,417
-784,393
-796,397
-784,411
-860,447
-956,487
-868,433
-832,435
-800,435
-732,425
-756,425
-896,447
-812,421
-852,441
-880,465
-940,497
-880,481
-924,499
-916,501
-952,535
-908,519
-960,527
-912,517
-968,527
-940,513
-1048,561
-980,537
-976,531
-948,495
-944,499
-980,497
-972,481
-976,475
-892,457
-808,399
-828,435
-836,417
-852,383
-800,401
-748,409
-972,491
-988,505
-888,441
-964,493
-876,439
-932,423
-884,453
-948,459
-884,409
-836,375
-840,413
-848,437
-880,441
-868,453
-868,481
-928,513
-956,507
-848,461
-928,501
-880,469
-780,397
-812,403
-792,399
-828,385
-892,417
-880,369
-768,289
-732,279
-720,283
-840,373
-800,381
-832,361
-744,287
-736,337
-752,365
-812,351
-764,355
-760,339
-736,297
-756,263
-800,299
-888,365
-912,389
-864,347
-888,309
-800,351
-828,355
-864,383
-876,395
-888,425
-836,425
-824,455
-892,465
-848,459
-916,463
-880,497
-888,489
-900,503
-980,541
-904,493
-944,515
-992,541
-940,537
-960,537
-936,497
-992,529
-932,515
-944,503
-888,453
-860,429
-900,467
-844,447
-920,493
-924,501
-932,495
-800,421
-848,425
-828,433
-836,441
-816,413
-872,451
-916,491
-948,501
-964,533
-948,519
-968,537
-928,513
-932,495
-928,531
-988,535
-908,513
-980,519
-904,467
-924,433
-900,395
-904,389
-908,349
-804,343
-892,371
-832,313
-880,353
-864,319
-872,327
-880,355
-920,375
-944,471
-912,509
-920,505
-968,519
-1000,541
-948,519
-932,511
-904,487
-908,465
-916,477
-956,513
-880,481
-864,475
-868,461
-912,513
-920,521
-928,495
-956,495
-932,471
-848,413
-780,399
-816,413
-760,355
-900,445
-1036,501
-972,477
-896,403
-836,393
-808,363
-760,367
-808,393
-868,405
-836,421
-860,421
-888,415
-928,453
-988,473
-1008,455
-944,475
-972,447
-940,433
-912,401
-892,401
-1004,443
-932,405
-952,427
-940,479
-920,519
-996,533
-972,521
-936,479
-992,501
-888,411
-916,417
-748,317
-824,245
-812,321
-732,311
-728,341
-832,329
-788,391
-864,443
-880,437
-908,453
-864,427
-896,485
-996,515
-940,497
-828,425
-852,397
-852,405
-872,471
-872,471
-820,419
-816,397
-892,439
-936,477
-896,477
-916,499
-944,507
-960,523
-1004,555
-968,541
-992,525
-948,501
-912,463
-904,479
-944,471
-892,481
-948,481
-880,463
-848,441
-912,485
-936,505
-964,539
-956,537
-980,539
-996,527
-976,531
-1000,535
-972,505
-900,457
-820,377
-888,439
-844,395
-900,455
-940,433
-884,419
-856,423
-928,485
-968,529
-968,525
-984,519
-944,475
-852,417
-848,415
-856,433
-832,409
-820,361
-792,323
-804,309
-840,309
-860,333
-896,361
-856,377
-848,297
-816,343
-904,405
-916,423
-964,503
-1016,555
-972,539
-984,551
-832,471
-952,515
-992,495
-916,455
-880,449
-892,493
-852,477
-896,479
-900,489
-900,475
-876,477
-788,467
-816,463
-920,511
-920,511
-888,491
-936,469
-928,455
-904,395
-904,419
-856,445
-824,407
-844,445
-948,521
-940,521
-920,511
-936,507
-1012,535
-900,491
-932,509
-884,481
-872,471
-792,437
-852,461
-856,471
-780,443
-860,457
-924,501
-936,511
-968,529
-928,513
-916,509
-1000,545
-956,527
-944,515
-904,501
-1004,549
-1024,557
-960,525
-920,501
-956,527
-956,529
-952,529
-940,499
-956,511
-964,539
-948,493
-944,473
-848,423
-816,373
-808,379
-784,367
-828,353
-752,327
-840,375
-812,357
-744,339
-768,293
-776,315
-772,279
-720,335
-740,357
-836,435
-808,353
-864,423
-824,435
-972,525
-992,535
-972,529
-1056,559
-1004,547
-912,493
-932,475
-1008,527
-1052,561
-924,497
-848,469
-904,479
-888,471
-928,479
-936,477
-932,487
-900,483
-892,447
-904,485
-900,471
-968,525
-996,507
-980,515
-932,521
-952,511
-980,525
-976,481
-872,443
-940,505
-992,527
-864,491
-868,471
-864,441
-824,399
-800,399
-940,491
-904,487
-892,471
-1016,551
-972,521
-996,531
-1012,543
-900,483
-848,457
-868,453
-892,419
-868,413
-892,431
-996,493
-948,469
-940,489
-972,497
-984,507
-980,487
-908,443
-912,441
-916,461
-852,405
-792,423
-888,463
-896,459
-908,495
-896,485
-872,479
-932,485
-936,507
-888,483
-884,497
-876,465
-912,495
-984,543
-968,519
-980,525
-920,475
-876,445
-864,371
-800,367
-840,377
-796,365
-848,431
-868,483
-924,515
-992,527
-996,551
-1028,557
-1016,549
-1016,543
-948,503
-1036,549
-1000,539
-988,527
-988,507
-984,529
-980,535
-908,487
-984,479
-968,487
-964,509
-956,497
-892,501
-944,521
-956,529
-908,503
-952,531
-972,539
-956,527
-912,509
-904,483
-932,493
-960,525
-996,527
-1020,557
-856,491
-932,501
-808,461
-876,465
-892,487
-904,503
-952,531
-916,513
-784,403
-756,353
-828,379
-812,363
-848,409
-812,365
-860,381
-776,361
-828,369
-812,367
-836,381
-816,355
-912,459
-892,449
-848,419
-948,509
-904,475
-916,451
-940,499
-972,525
-940,517
-980,513
-984,527
-920,483
-888,425
-832,349
-888,421
-920,451
-832,341
-884,395
-784,385
-852,419
-960,485
-944,495
-1020,539
-972,523
-912,507
-908,499
-944,511
-872,445
-900,473
-892,471
-880,477
-868,483
-896,497
-872,485
-968,517
-900,463
-844,447
-912,491
-904,491
-972,545
-908,493
-956,529
-940,489
-940,495
-908,495
-848,479
-852,473
-884,489
-932,491
-992,545
-1012,553
-968,517
-932,481
-956,513
-972,521
-964,529
-944,521
-952,507
-920,485
-880,461
-860,413
-892,425
-796,383
-768,381
-696,271
-796,311
-804,359
-880,435
-920,493
-1000,523
-944,489
-880,473
-956,493
-848,431
-864,455
-848,397
-796,361
-860,407
-904,439
-888,475
-948,487
-856,463
-848,465
-872,491
-864,495
-908,483
-864,439
-852,465
-848,475
-872,435
-852,437
-880,447
-912,463
-856,429
-864,447
-936,481
-916,475
-928,495
-920,489
-884,475
-860,481
-840,467
-888,461
-932,475
-904,433
-996,499
-940,451
-884,437
-892,449
-784,445
-904,485
-840,435
-864,409
-788,403
-880,387
-812,371
-856,367
-844,357
-784,361
-740,337
-768,375
-748,335
-764,321
-860,441
-876,463
-928,483
-944,523
-860,467
-828,467
-888,499
-1036,559
-988,513
-920,447
-836,357
-816,317
-836,285
-760,253
-912,329
-868,311
-880,319
-856,347
-812,285
-892,305
-896,313
-872,325
-800,295
-788,233
-832,273
-820,235
-812,153
-816,163
-816,147
-768,107
-740,105
-820,119
-760,55
-800,3
-800,-43
-764,-87
-756,-65
-660,23
-748,43
-708,65
-728,7
-724,-9
-788,-73
-772,-49
-844,-117
-856,-115
-892,-189
-824,-263
-852,-337
-888,-349
-816,-293
-780,-315
-744,-315
-784,-357
-852,-435
-788,-421
-896,-469
-868,-449
-880,-447
-892,-469
-1000,-529
-932,-505
-944,-513
-992,-511
-852,-473
-836,-439
-828,-411
-788,-335
-800,-357
-864,-335
-872,-329
-872,-277
-828,-245
-840,-261
-792,-247
-792,-277
-792,-305
-816,-349
-832,-375
-836,-401
-892,-437
-852,-365
-840,-367
-844,-343
-764,-347
-732,-307
-864,-371
-864,-329
-804,-313
-796,-365
-872,-401
-884,-423
-932,-433
-996,-477
-932,-445
-896,-475
-940,-443
-892,-453
-864,-455
-932,-491
-776,-363
-832,-425
-812,-433
-872,-435
-892,-433
-876,-373
-868,-341
-908,-317
-812,-275
-784,-297
-812,-255
-820,-239
-784,-251
-824,-301
-848,-329
-872,-351
-828,-357
-828,-413
-860,-447
-904,-515
-876,-469
-876,-477
-880,-441
-848,-411
-848,-417
-932,-449
-968,-453
-952,-473
-956,-493
-940,-485
-924,-471
-964,-477
-952,-489
-916,-485
-888,-487
-896,-493
-896,-489
-840,-457
-836,-471
-872,-475
-840,-471
-888,-473
-856,-455
-940,-479
-892,-493
-920,-489
-904,-499
-916,-509
-920,-511
-944,-515
-984,-529
-1012,-541
-908,-497
-920,-477
-920,-491
-956,-509
-968,-513
-920,-477
-940,-449
-876,-471
-896,-483
-908,-487
-856,-479
-888,-473
-808,-419
-872,-399
-900,-465
-936,-505
-916,-493
-904,-491
-916,-499
-960,-511
-920,-479
-948,-477
-912,-457
-860,-427
-796,-421
-884,-477
-908,-463
-916,-471
-888,-463
-896,-509
-916,-503
-756,-449
-888,-475
-856,-447
-940,-493
-904,-491
-972,-511
-904,-499
-980,-523
-884,-455
-912,-475
-940,-501
-940,-497
-900,-481
-944,-487
-980,-507
-940,-485
-904,-481
-940,-523
-920,-501
-972,-503
-900,-463
-912,-455
-952,-477
-928,-479
-868,-449
-884,-449
-884,-439
-936,-463
-920,-495
-988,-525
-928,-505
-1012,-541
-944,-515
-1032,-547
-868,-475
-924,-499
-904,-497
-852,-491
-948,-537
-932,-521
-996,-519
-1016,-527
-992,-535
-944,-523
-968,-539
-992,-543
-960,-529
-940,-515
-996,-511
-972,-513
-936,-515
-996,-543
-1036,-559
-980,-525
-916,-485
-956,-527
-944,-513
-992,-539
-800,-461
-896,-487
-988,-529
-920,-469
-912,-471
-844,-419
-844,-443
-860,-437
-840,-455
-860,-485
-852,-491
-920,-525
-1000,-525
-960,-529
-952,-515
-868,-477
-832,-463
-920,-487
-828,-419
-752,-385
-748,-381
-808,-427
-796,-437
-804,-379
-892,-393
-836,-339
-760,-297
-800,-329
-804,-375
-820,-409
-824,-409
-816,-415
-896,-439
-904,-465
-816,-423
-820,-437
-844,-443
-820,-429
-816,-467
-916,-509
-964,-529
-960,-521
-1040,-567
-1012,-555
-984,-535
-952,-519
-996,-547
-912,-503
-808,-459
-872,-471
-904,-457
-852,-449
-972,-517
-964,-487
-948,-473
-836,-421
-840,-419
-884,-477
-916,-515
-888,-497
-884,-497
-864,-477
-864,-485
-776,-423
-884,-471
-828,-453
-848,-465
-828,-429
-924,-469
-852,-425
-864,-427
-888,-451
-928,-495
-872,-461
-832,-413
-904,-459
-892,-485
-948,-517
-884,-507
-960,-507
-964,-527
-888,-483
-932,-501
-896,-469
-880,-421
-1008,-459
-952,-435
-980,-461
-968,-507
-936,-431
-876,-427
-876,-413
-920,-457
-904,-439
-908,-405
-944,-429
-896,-373
-912,-319
-940,-313
-948,-323
-884,-333
-884,-347
-896,-359
-840,-299
-904,-321
-848,-287
-860,-333
-844,-341
-868,-381
-948,-437
-876,-413
-920,-441
-840,-385
-800,-363
-792,-333
-784,-315
-788,-277
-840,-307
-800,-273
-888,-365
-864,-365
-900,-369
-848,-389
-924,-433
-892,-459
-884,-475
-924,-467
-972,-499
-952,-507
-772,-411
-792,-389
-872,-367
-888,-355
-924,-401
-868,-407
-908,-403
-812,-355
-840,-341
-768,-339
-776,-289
-760,-377
-780,-411
-876,-449
-888,-437
-804,-377
-812,-325
-840,-321
-792,-299
-748,-353
-868,-417
-940,-443
-852,-417
-852,-393
-968,-447
-928,-411
-864,-371
-884,-377
-840,-399
-884,-481
-840,-393
-808,-321
-816,-261
-796,-277
-744,-267
-760,-317
-724,-259
-756,-271
-676,-219
-720,-341
-824,-405
-824,-403
-820,-379
-872,-423
-860,-443
-800,-419
-888,-471
-856,-405
-920,-457
-836,-441
-928,-497
-972,-543
-972,-535
-900,-461
-908,-481
-988,-527
-916,-505
-912,-485
-960,-503
-908,-491
-852,-459
-796,-409
-912,-471
-884,-449
-860,-467
-904,-451
-920,-477
-932,-499
-940,-497
-984,-509
-948,-493
-960,-499
-900,-467
-856,-469
-884,-459
-824,-449
-816,-409
-768,-369
-800,-415
-844,-431
-816,-405
-804,-415
-828,-395
-776,-363
-828,-395
-848,-389
-804,-307
-836,-223
-832,-231
-876,-195
-868,-163
-852,-191
-836,-119
-784,-85
-816,-129
-832,-143
-788,-69
-820,-109
-820,-67
-860,-61
-828,-59
-816,-69
-856,-91
-832,-171
-816,-125
-800,-165
-800,-233
-740,-201
-824,-255
-760,-221
-708,-217
-760,-211
-664,-171
-760,-281
-804,-283
-760,-241
-736,-203
-820,-215
-784,-221
-744,-205
-828,-235
-808,-235
-828,-263
-768,-251
-828,-235
-744,-139
-744,-157
-772,-75
-776,39
-836,171
-760,75
-724,199
-704,159
-732,169
-736,207
-800,223
-768,213
-812,175
-776,177
-744,139
-732,143
-768,149
-776,175
-748,137
-772,139
-768,117
-684,69
-764,65
-732,31
-732,19
-784,59
-804,41
-756,73
-720,89
-736,23
-684,43
-664,39
-608,17
-708,61
-780,77
-788,47
-716,-31
-772,5
-700,21
-788,35
-748,87
-676,95
-592,51
-628,29
-692,89
-772,113
-756,19
-684,25
-652,73
-740,141
-628,89
-724,19
-740,-75
-708,-187
-720,-169
-740,-237
-816,-325
-840,-373
-864,-367
-852,-393
-872,-323
-864,-299
-880,-287
-828,-251
-856,-241
-816,-247
-900,-325
-916,-353
-868,-325
-732,-199
-756,-257
-684,-227
-768,-309
-816,-339
-808,-339
-832,-335
-912,-475
-924,-439
-928,-467
-940,-477
-932,-483
-980,-527
-860,-443
-864,-459
-864,-421
-892,-447
-916,-425
-828,-353
-832,-363
-864,-357
-916,-375
-880,-341
-872,-351
-876,-355
-892,-333
-828,-329
-752,-345
-848,-381
-880,-347
-916,-387
-816,-341
-852,-399
-768,-375
-804,-411
-900,-481
-932,-487
-964,-505
-964,-495
-928,-505
-900,-487
-912,-499
-852,-467
-976,-525
-996,-541
-992,-543
-964,-539
-912,-519
-900,-521
-944,-527
-820,-433
-880,-483
-948,-485
-920,-489
-880,-487
-928,-517
-920,-491
-900,-491
-848,-465
-960,-521
-968,-515
-1028,-539
-980,-513
-884,-453
-880,-435
-860,-433
-868,-403
-884,-473
-944,-497
-852,-465
-900,-497
-828,-467
-844,-477
-828,-469
-888,-491
-896,-497
-920,-505
-980,-519
-972,-521
-956,-523
-892,-481
-964,-525
-948,-525
-936,-517
-948,-495
-916,-497
-960,-527
-920,-483
-936,-471
-904,-485
-952,-497
-908,-473
-912,-441
-884,-443
-828,-405
-860,-423
-860,-391
-860,-371
-876,-421
-804,-403
-768,-369
-764,-391
-776,-399
-736,-337
-772,-351
-884,-447
-924,-477
-888,-469
-892,-465
-912,-457
-876,-409
-880,-379
-792,-347
-836,-373
-872,-375
-780,-375
-856,-393
-788,-387
-788,-367
-800,-413
-940,-483
-932,-485
-956,-485
-964,-489
-876,-439
-876,-443
-928,-463
-916,-455
-864,-459
-860,-465
-848,-441
-864,-481
-820,-481
-792,-451
-988,-543
-988,-513
-956,-517
-932,-511
-920,-483
-800,-411
-780,-397
-852,-441
-852,-447
-856,-477
-864,-491
-828,-461
-848,-423
-920,-467
-868,-439
-824,-419
-792,-345
-796,-315
-772,-319
-824,-349
-824,-315
-844,-333
-792,-379
-748,-343
-820,-331
-812,-367
-844,-433
-872,-469
-900,-489
-872,-453
-880,-471
-884,-433
-828,-409
-876,-455
-864,-423
-932,-455
-964,-479
-1032,-523
-972,-501
-920,-479
-868,-461
-816,-439
-868,-483
-820,-435
-912,-471
-916,-477
-920,-497
-844,-413
-804,-439
-860,-423
-908,-459
-896,-431
-868,-429
-812,-383
-856,-433
-856,-403
-820,-405
-920,-453
-952,-497
-968,-533
-900,-485
-880,-455
-916,-489
-916,-501
-924,-511
-944,-517
-992,-541
-900,-481
-968,-493
-976,-517
-960,-509
-908,-475
-928,-469
-836,-441
-884,-463
-912,-457
-936,-495
-912,-489
-964,-529
-888,-467
-880,-469
-808,-429
-884,-433
-800,-391
-876,-409
-836,-435
-876,-483
-912,-479
-932,-487
-952,-497
-864,-437
-916,-433
-852,-431
-932,-483
-928,-469
-992,-537
-988,-543
-984,-543
-988,-541
-860,-477
-904,-497
-904,-499
-900,-491
-936,-487
-920,-491
-1004,-539
-960,-531
-1000,-547
-992,-543
-928,-519
-980,-511
-936,-485
-940,-477
-956,-485
-928,-479
-900,-459
-744,-357
-808,-429
-864,-471
-980,-513
-968,-525
-944,-465
-884,-427
-840,-417
-776,-417
-840,-417
-916,-473
-908,-487
-944,-531
-1040,-533
-1028,-533
-984,-517
-964,-525
-980,-533
-1024,-561
-932,-517
-952,-493
-936,-503
-864,-483
-904,-495
-956,-525
-972,-489
-896,-489
-964,-515
-948,-493
-948,-509
-868,-455
-888,-487
-872,-449
-880,-459
-980,-509
-824,-443
-844,-439
-928,-413
-836,-355
-832,-357
-876,-361
-928,-415
-1000,-443
-888,-415
-852,-359
-860,-411
-920,-437
-892,-417
-920,-495
-908,-505
-940,-491
-868,-467
-904,-449
-948,-479
-936,-487
-860,-431
-860,-385
-920,-429
-760,-341
-764,-311
-780,-281
-824,-293
-780,-243
-716,-277
-740,-295
-732,-291
-788,-325
-768,-331
-820,-371
-840,-401
-812,-419
-876,-465
-968,-513
-844,-435
-896,-451
-880,-441
-988,-531
-956,-511
-896,-435
-916,-445
-916,-469
-956,-489
-960,-495
-968,-509
-908,-503
-916,-503
-876,-497
-904,-507
-912,-507
-916,-493
-888,-445
-884,-461
-960,-509
-868,-423
-876,-407
-856,-393
-828,-371
-796,-401
-852,-405
-852,-437
-788,-431
-800,-431
-816,-367
-860,-361
-844,-365
-904,-429
-960,-483
-888,-463
-852,-459
-868,-435
-904,-493
-1048,-567
-952,-527
-944,-481
-908,-455
-856,-447
-868,-441
-892,-447
-844,-477
-880,-461
-876,-459
-940,-529
-960,-521
-960,-517
-1008,-533
-980,-523
-1000,-535
-940,-509
-952,-483
-864,-429
-848,-459
-852,-447
-916,-491
-844,-449
-756,-407
-860,-469
-812,-383
-828,-421
-868,-415
-864,-443
-832,-427
-760,-355
-876,-385
-840,-407
-732,-353
-788,-357
-824,-321
-744,-335
-752,-299
-752,-173
-732,-31
-716,-17
-724,-13
-708,19
-764,1
-748,-13
-776,-17
-780,3
-784,45
-764,21
-808,119
-748,99
-740,123
-776,189
-768,137
-744,187
-760,243
-752,269
-748,197
-688,249
-700,213
-732,265
-644,249
-724,285
-772,343
-752,283
-844,417
-832,417
-884,507
-924,497
-864,477
-996,541
-1060,569
-968,527
-916,507
-904,469
-868,367
-820,341
-808,315
-796,305
-804,219
-784,293
-800,299
-848,305
-832,353
-764,341
-796,399
-788,371
-800,329
-788,305
-820,275
-840,325
-824,367
-812,385
-868,391
-856,397
-876,373
-860,377
-864,385
-892,407
-848,387
-776,365
-808,399
-900,481
-896,487
-912,485
-912,495
-968,509
-960,515
-1020,551
-1020,511
-1016,525
-968,509
-972,521
-956,531
-1008,547
-920,489
-880,479
-920,479
-1012,531
-940,505
-1000,533
-980,507
-912,491
-912,473
-908,479
-896,461
-888,449
-880,449
-884,477
-876,473
-932,501
-960,503
-904,457
-916,479
-892,481
-896,479
-864,451
-832,445
-916,495
-812,427
-784,375
-756,411
-920,467
-872,427
-904,417
-900,425
-800,425
-788,395
-784,405
-820,447
-904,479
-916,497
-872,471
-784,413
-776,357
-816,337
-804,345
-680,257
-800,275
-776,215
-792,215
-808,233
-756,209
-752,195
-656,199
-708,187
-780,245
-840,231
-724,113
-768,-7
-756,41
-692,51
-712,45
-700,39
-704,-35
-732,-93
-772,-223
-844,-299
-888,-379
-868,-383
-868,-383
-860,-393
-856,-417
-848,-473
-960,-525
-972,-533
-1012,-537
-992,-545
-944,-517
-912,-505
-868,-481
-944,-511
-976,-529
-868,-455
-868,-425
-844,-393
-820,-389
-816,-409
-844,-385
-896,-449
-936,-515
-864,-477
-828,-473
-808,-441
-792,-431
-844,-417
-792,-375
-768,-315
-824,-331
-772,-339
-796,-339
-792,-305
-836,-317
-760,-261
-776,-195
-772,-219
-820,-217
-740,-155
-800,-159
-840,-177
-756,-173
-776,-173
-836,-289
-776,-223
-816,-69
-860,-67
-836,-61
-860,-31
-800,-103
-820,-103
-780,-139
-808,-153
-808,-135
-800,-131
-796,-87
-736,-67
-808,-15
-820,-49
-816,-33
-768,-123
-772,-191
-756,-183
-784,-165
-784,-221
-772,-231
-816,-185
-792,-235
-788,-253
-784,-275
-768,-247
-772,-241
-740,-229
-780,-299
-728,-281
-724,-271
-696,-295
-744,-293
-748,-283
-684,-205
-768,-271
-796,-313
-764,-229
-832,-283
-852,-297
-824,-311
-844,-289
-828,-317
-840,-391
-848,-433
-936,-479
-984,-527
-980,-523
-952,-509
-1016,-531
-968,-515
-944,-511
-1000,-547
-984,-535
-896,-495
-876,-457
-868,-465
-844,-437
-916,-467
-892,-443
-884,-453
-844,-399
-800,-365
-896,-445
-852,-397
-884,-415
-872,-401
-804,-417
-828,-443
-848,-437
-792,-361
-984,-535
-972,-535
-988,-543
-1020,-551
-936,-511
-852,-457
-868,-467
-864,-461
-852,-415
-864,-425
-792,-343
-844,-399
-872,-323
-724,-273
-724,-225
-704,-169
-796,-173
-760,-143
-816,-103
-896,-143
-884,-195
-852,-217
-868,-243
-848,-267
-856,-249
-840,-333
-800,-315
-780,-293
-760,-281
-900,-307
-868,-277
-788,-263
-756,-295
-784,-279
-740,-229
-812,-287
-800,-243
-772,-245
-780,-271
-776,-355
-816,-359
-832,-333
-820,-345
-764,-301
-812,-311
-832,-289
-764,-193
-776,-199
-684,-153
-728,-205
-812,-189
-744,-177
-736,-175
-752,-211
-736,-167
-732,-113
-776,-131
-708,-159
-704,-153
-704,-219
-768,-253
-816,-281
-800,-343
-836,-389
-904,-397
-832,-421
-956,-507
-936,-485
-868,-441
-860,-411
-884,-447
-848,-421
-804,-397
-840,-429
-888,-495
-888,-453
-772,-431
-772,-441
-880,-507
-856,-493
-976,-549
-988,-517
-980,-531
-984,-519
-964,-515
-948,-503
-956,-515
-900,-457
-864,-405
-820,-431
-824,-421
-944,-481
-980,-503
-928,-463
-956,-481
-988,-505
-964,-509
-828,-439
-852,-431
-768,-319
-816,-325
-828,-347
-764,-377
-832,-397
-784,-385
-784,-345
-836,-339
-788,-279
-824,-301
-796,-317
-720,-347
-796,-359
-896,-419
-792,-383
-864,-413
-840,-419
-864,-463
-804,-433
-880,-425
-816,-381
-868,-387
-888,-433
-896,-439
-916,-479
-940,-495
-868,-455
-924,-477
-920,-483
-960,-511
-952,-469
-912,-463
-840,-435
-884,-455
-868,-463
-892,-447
-888,-443
-860,-429
-800,-399
-876,-405
-944,-491
-980,-511
-924,-499
-828,-451
-828,-407
-848,-433
-832,-415
-876,-407
-828,-407
-812,-333
-812,-353
-876,-347
-860,-365
-856,-317
-832,-361
-888,-401
-888,-427
-876,-435
-912,-425
-944,-397
-924,-387
-900,-397
-868,-367
-876,-335
-872,-319
-884,-317
-852,-337
-796,-305
-816,-333
-856,-339
-820,-309
-824,-329
-832,-303
-796,-351
-936,-481
-876,-449
-976,-449
-892,-437
-824,-419
-868,-431
-856,-425
-852,-415
-832,-399
-800,-417
-912,-487
-948,-459
-892,-461
-856,-455
-828,-423
-856,-449
-940,-493
-932,-465
-876,-441
-856,-471
-916,-475
-872,-449
-896,-471
-876,-477
-876,-469
-952,-535
-1012,-551
-956,-523
-852,-443
-804,-413
-848,-379
-748,-279
-828,-341
-836,-369
-816,-395
-868,-427
-804,-389
-820,-395
-776,-363
-832,-375
-884,-459
-892,-411
-852,-407
-876,-395
-840,-423
-752,-385
-800,-427
-856,-429
-852,-427
-848,-459
-896,-469
-948,-511
-964,-503
-948,-511
-1088,-561
-1044,-547
-936,-525
-956,-519
-952,-507
-912,-493
-876,-451
-816,-403
-752,-403
-800,-377
-864,-389
-784,-325
-884,-379
-828,-391
-936,-453
-908,-441
-908,-421
-812,-345
-824,-345
-832,-373
-876,-429
-912,-449
-956,-429
-880,-429
-956,-513
-980,-535
-952,-533
-908,-503
-888,-469
-876,-453
-924,-479
-796,-363
-752,-333
-780,-319
-784,-313
-852,-341
-832,-325
-928,-409
-860,-313
-760,-201
-828,-141
-836,-159
-844,-181
-784,-161
-756,-179
-800,-293
-748,-327
-760,-317
-828,-363
-824,-391
-860,-433
-892,-483
-940,-489
-904,-459
-848,-467
-796,-407
-836,-417
-828,-389
-908,-427
-920,-475
-936,-467
-864,-449
-872,-419
-872,-435
-880,-413
-832,-369
-836,-363
-828,-311
-832,-301
-844,-249
-756,-185
-780,-219
-724,-199
-748,-193
-668,-145
-720,-87
-760,-101
-752,-173
-740,-137
-744,-175
-720,-221
-768,-235
-768,-141
-724,-123
-656,-67
-672,-85
-724,-37
-756,-155
-764,-159
-736,-155
-724,-77
-768,13
-760,15
-732,27
-764,65
-732,119
-848,199
-824,179
-716,151
-784,223
-824,193
-740,23
-780,-113
-788,-171
-784,-207
-796,-121
-808,-155
-804,-143
-820,-173
-876,-249
-836,-181
-788,-187
-744,-237
-852,-263
-896,-281
-824,-325
-820,-357
-804,-307
-876,-369
-748,-315
-780,-363
-800,-413
-832,-437
-908,-473
-928,-483
-988,-525
-908,-477
-876,-431
-876,-423
-872,-429
-836,-355
-852,-281
-840,-289
-848,-291
-848,-347
-880,-357
-832,-359
-852,-317
-852,-345
-868,-389
-892,-425
-896,-389
-928,-419
-908,-419
-856,-395
-916,-429
-832,-353
-868,-377
-900,-411
-860,-359
-816,-327
-796,-327
-772,-315
-796,-315
-828,-295
-820,-243
-816,-251
-864,-337
-880,-403
-836,-289
-792,-291
-744,-311
-780,-387
-788,-385
-800,-369
-752,-353
-868,-391
-872,-347
-856,-349
-768,-317
-808,-327
-840,-337
-832,-283
-740,-229
-764,-213
-676,-237
-692,-219
-716,-217
-756,-261
-744,-251
-728,-213
-716,-285
-796,-271
-844,-339
-816,-339
-812,-377
-856,-459
-980,-513
-1008,-549
-932,-507
-940,-525
-872,-459
-832,-405
-872,-405
-892,-425
-900,-477
-904,-481
-928,-479
-832,-451
-880,-455
-840,-463
-920,-513
-988,-543
-880,-451
-876,-423
-972,-491
-912,-477
-912,-489
-900,-479
-928,-497
-864,-493
-892,-511
-884,-499
-1024,-555
-960,-523
-976,-543
-980,-525
-944,-519
-944,-503
-912,-491
-932,-489
-976,-521
-948,-501
-988,-545
-1008,-563
-1044,-563
-1016,-559
-888,-493
-916,-497
-1004,-523
-892,-469
-1004,-529
-1000,-529
-944,-521
-944,-503
-920,-485
-928,-497
-880,-473
-980,-531
-988,-543
-952,-521
-960,-525
-940,-513
-1012,-553
-924,-503
-832,-481
-876,-497
-940,-507
-900,-489
-932,-481
-856,-455
-956,-511
-1004,-529
-1012,-531
-1016,-555
-1024,-557
-1016,-553
-996,-547
-916,-477
-920,-485
-968,-527
-964,-513
-984,-511
-952,-489
-864,-445
-756,-319
-832,-339
-780,-343
-888,-425
-916,-455
-956,-463
-872,-347
-776,-321
-820,-363
-856,-365
-840,-351
-876,-371
-852,-319
-784,-291
-864,-321
-856,-289
-884,-247
-832,-267
-892,-345
-928,-401
-884,-383
-876,-363
-876,-395
-892,-453
-888,-497
-856,-449
-868,-459
-884,-443
-884,-419
-816,-391
-796,-331
-872,-307
-812,-301
-748,-233
-752,-247
-820,-315
-828,-303
-772,-235
-728,-195
-764,-135
-804,-101
-748,-167
-824,-195
-880,-247
-804,-205
-816,-245
-816,-181
-744,-149
-776,-155
-712,-195
-792,-295
-732,-277
-712,-275
-852,-305
-804,-309
-824,-335
-924,-447
-840,-401
-860,-417
-888,-431
-968,-451
-956,-445
-916,-447
-940,-439
-984,-499
-932,-495
-864,-477
-872,-469
-844,-445
-840,-435
-856,-485
-872,-469
-832,-443
-936,-513
-804,-435
-888,-443
-868,-447
-804,-411
-868,-413
-800,-391
-828,-343
-812,-379
-856,-409
-904,-425
-852,-331
-840,-343
-864,-375
-868,-415
-940,-453
-824,-409
-860,-449
-892,-453
-936,-465
-976,-469
-896,-459
-928,-481
-884,-443
-868,-425
-792,-405
-816,-421
-832,-437
-764,-379
-884,-469
-880,-479
-960,-471
-932,-491
-944,-513
-992,-517
-912,-483
-788,-419
-812,-393
-776,-359
-808,-391
-796,-383
-816,-303
-788,-321
-816,-389
-832,-383
-844,-369
-924,-429
-924,-423
-804,-355
-792,-383
-884,-423
-876,-423
-868,-437
-880,-477
-952,-515
-980,-531
-956,-503
-928,-501
-960,-533
-984,-537
-888,-477
-912,-497
-732,-403
-844,-431
-908,-485
-880,-475
-884,-471
-884,-441
-912,-453
-876,-439
-880,-391
-948,-471
-940,-487
-868,-471
-904,-515
-948,-509
-960,-537
-924,-525
-952,-505
-932,-509
-992,-535
-972,-527
-952,-527
-924,-519
-984,-537
-968,-523
-908,-483
-932,-485
-896,-445
-868,-435
-848,-481
-916,-489
-872,-457
-828,-419
-884,-447
-840,-431
-932,-497
-880,-501
-852,-487
-952,-513
-936,-483
-928,-497
-932,-485
-904,-483
-940,-493
-972,-491
-952,-491
-944,-499
-928,-461
-896,-493
-880,-479
-908,-503
-952,-521
-912,-513
-1040,-563
-976,-543
-936,-513
-888,-469
-884,-465
-880,-455
-900,-467
-860,-445
-904,-485
-924,-511
-936,-513
-920,-501
-840,-471
-912,-465
-872,-419
-956,-503
-928,-503
-892,-489
-824,-449
-860,-451
-812,-439
-852,-421
-792,-391
-860,-453
-920,-493
-948,-473
-968,-479
-888,-425
-864,-441
-820,-387
-712,-323
-648,-239
-696,-259
-724,-221
-800,-225
-784,-175
-824,-193
-840,-143
-808,-151
-780,-147
-744,-139
-732,-125
-744,-105
-816,-141
-824,-183
-764,-229
-780,-299
-804,-363
-792,-335
-804,-351
-832,-337
-852,-319
-844,-307
-920,-337
-864,-297
-836,-333
-800,-325
-792,-321
-824,-363
-820,-227
-828,-271
-800,-305
-788,-303
-788,-309
-812,-297
-816,-271
-772,-181
-716,-81
-728,5
-752,29
-748,-13
-704,21
-696,41
-716,17
-828,21
-824,27
-868,-51
-808,-63
-872,-77
-748,-103
-720,-121
-716,-175
-728,-165
-756,-167
-768,-153
-692,-157
-780,-29
-820,-41
-792,-25
-776,-41
-792,-29
-708,-41
-672,-125
-652,-147
-704,-181
-660,-123
-800,-101
-816,-15
-784,9
-756,-11
-824,-39
-780,57
-784,57
-824,137
-792,145
-768,147
-744,151
-796,77
-792,29
-792,91
-796,133
-800,77
-780,13
-820,-37
-872,-31
-872,-17
-840,-35
-816,-3
-708,-49
-696,11
-632,-43
-652,-55
-648,-29
-712,-73
-732,-47
-840,33
-732,-7
-744,-61
-816,-65
-824,-71
-768,-71
-736,-137
-740,-177
-796,-229
-760,-213
-836,-245
-756,-227
-788,-199
-824,-299
-792,-307
-756,-271
-720,-249
-768,-293
-752,-329
-832,-331
-832,-275
-876,-283
-868,-293
-856,-319
-884,-307
-880,-283
-872,-317
-732,-299
-828,-309
-784,-305
-824,-293
-836,-301
-868,-365
-812,-331
-876,-337
-752,-279
-700,-219
-752,-257
-724,-253
-752,-337
-800,-303
-760,-303
-772,-317
-856,-429
-904,-489
-896,-471
-984,-517
-980,-541
-900,-497
-892,-493
-960,-499
-872,-463
-956,-491
-940,-441
-908,-463
-872,-429
-860,-455
-944,-505
-1040,-537
-920,-491
-892,-479
-816,-415
-856,-401
-864,-449
-832,-445
-960,-511
-888,-465
-888,-459
-896,-477
-920,-503
-956,-529
-988,-549
-936,-511
-964,-523
-952,-533
-920,-483
-828,-437
-848,-451
-784,-361
-708,-335
-736,-241
-732,-307
-792,-319
-788,-373
-820,-375
-896,-407
-892,-417
-872,-423
-860,-441
-788,-433
-832,-447
-980,-505
-940,-481
-948,-493
-992,-513
-960,-509
-1000,-545
-1024,-563
-1020,-557
-896,-509
-1020,-541
-936,-481
-860,-453
-944,-499
-948,-525
-964,-519
-936,-511
-928,-515
-1000,-529
-1020,-531
-948,-533
-1020,-539
-1012,-547
-1008,-549
-888,-455
-856,-437
-792,-383
-808,-447
-800,-415
-792,-339
-864,-459
-980,-529
-988,-515
-872,-425
-888,-457
-940,-519
-912,-517
-1036,-549
-1048,-567
-948,-531
-976,-545
-868,-481
-884,-463
-1004,-529
-1052,-549
-1028,-547
-1032,-559
-960,-523
-984,-531
-912,-495
-888,-493
-900,-469
-844,-455
-840,-437
-920,-475
-988,-529
-940,-483
-920,-463
-916,-463
-892,-443
-868,-421
-832,-401
-848,-425
-928,-479
-920,-447
-892,-427
-904,-455
-948,-479
-912,-477
-888,-471
-860,-471
-860,-433
-792,-439
-748,-385
-828,-379
-784,-375
-752,-349
-736,-341
-836,-375
-828,-377
-952,-451
-864,-447
-900,-457
-1008,-477
-972,-465
-924,-457
-868,-461
-820,-447
-904,-507
-980,-533
-944,-521
-1004,-551
-924,-489
-1016,-537
-948,-493
-888,-433
-884,-421
-856,-441
-916,-479
-908,-483
-900,-465
-884,-451
-860,-431
-860,-447
-876,-449
-932,-469
-908,-457
-960,-485
-928,-463
-1012,-525
-1112,-591
-1148,-603
-1032,-555
-1060,-569
-976,-535
-916,-515
-1000,-537
-936,-525
-936,-509
-924,-485
-944,-475
-904,-473
-928,-467
-888,-463
-884,-453
-888,-423
-864,-407
-864,-409
-904,-409
-936,-443
-868,-447
-900,-417
-944,-491
-972,-527
-1004,-545
-1032,-553
-1024,-565
-972,-525
-920,-519
-948,-503
-904,-493
-948,-515
-1032,-553
-932,-503
-780,-399
-708,-261
-732,-247
-808,-299
-844,-341
-844,-413
-924,-495
-1056,-557
-1008,-547
-936,-529
-908,-505
-848,-473
-904,-497
-964,-529
-940,-529
-940,-523
-940,-513
-896,-493
-936,-515
-932,-515
-924,-521
-920,-501
-876,-443
-1000,-529
-916,-479
-924,-457
-868,-437
-880,-425
-920,-463
-964,-487
-964,-503
-1020,-533
-964,-513
-964,-517
-968,-527
-936,-471
-892,-481
-916,-493
-880,-467
-876,-487
-816,-451
-888,-469
-884,-481
-912,-503
-888,-449
-952,-481
-896,-449
-892,-425
-852,-401
-904,-461
-904,-449
-848,-447
-828,-405
-836,-403
-816,-377
-836,-397
-832,-421
-876,-435
-760,-363
-816,-411
-760,-387
-856,-465
-848,-421
-860,-433
-900,-471
-940,-483
-840,-413
-776,-285
-772,-225
-732,-259
-732,-261
-760,-365
-832,-411
-840,-405
-852,-433
-912,-499
-956,-519
-784,-409
-868,-413
-868,-433
-836,-417
-836,-423
-844,-377
-792,-367
-784,-383
-788,-379
-712,-281
-788,-223
-816,-233
-724,-165
-728,-129
-780,-135
-728,-107
-812,-183
-800,-219
-884,-263
-880,-277
-820,-303
-776,-277
-820,-253
-808,-147
-776,-179
-768,-165
-772,-137
-836,-123
-820,-141
-800,-107
-744,-85
-736,-169
-680,-121
-664,-87
-724,-121
-728,-167
-740,-231
-788,-243
-796,-281
-856,-281
-824,-225
-832,-243
-800,-273
-872,-321
-852,-317
-792,-279
-824,-377
-876,-461
-848,-453
-852,-455
-828,-405
-740,-349
-756,-339
-860,-383
-924,-421
-920,-407
-808,-325
-832,-341
-872,-381
-884,-391
-824,-377
-868,-335
-808,-315
-808,-311
-872,-307
-832,-305
-704,-241
-796,-271
-836,-231
-852,-217
-732,-195
-796,-193
-792,-259
-852,-317
-924,-325
-904,-341
-932,-417
-940,-423
-988,-409
-896,-365
-900,-367
-900,-387
-832,-345
-848,-385
-828,-323
-904,-383
-824,-353
-888,-417
-940,-391
-888,-429
-860,-393
-868,-407
-860,-431
-872,-459
-964,-503
-968,-507
-976,-499
-924,-477
-804,-425
-844,-457
-960,-497
-904,-455
-944,-463
-944,-475
-952,-495
-992,-535
-888,-491
-864,-485
-956,-509
-888,-469
-860,-461
-872,-451
-820,-377
-804,-351
-836,-423
-832,-403
-860,-383
-860,-385
-952,-411
-932,-379
-816,-313
-876,-425
-872,-461
-864,-447
-868,-445
-912,-455
-896,-477
-764,-393
-740,-295
-784,-347
-760,-363
-848,-401
-808,-347
-824,-335
-876,-363
-876,-329
-820,-289
-880,-287
-856,-217
-840,-219
-752,-183
-744,-219
-824,-277
-800,-287
-744,-343
-732,-285
-704,-217
-692,-219
-740,-217
-740,-185
-732,-137
-756,-221
-776,-203
-784,-227
-836,-273
-856,-317
-752,-233
-764,-233
-828,-271
-876,-347
-828,-297
-744,-255
-752,-275
-776,-235
-792,-199
-760,-165
-792,-199
-824,-191
-860,-175
-900,-159
-868,-191
-876,-251
-820,-323
-784,-333
-788,-339
-812,-335
-740,-265
-828,-307
-784,-317
-780,-329
-780,-365
-776,-365
-860,-455
-872,-451
-836,-429
-876,-465
-888,-471
-948,-481
-876,-451
-872,-445
-932,-433
-888,-443
-896,-455
-864,-473
-856,-481
-924,-517
-956,-529
-980,-533
-1008,-525
-940,-511
-972,-487
-936,-491
-904,-469
-872,-459
-912,-463
-964,-497
-956,-523
-928,-515
-928,-497
-1000,-545
-1036,-559
-932,-523
-924,-515
-932,-519
-912,-493
-952,-505
-872,-469
-976,-483
-900,-487
-840,-443
-824,-437
-836,-447
-868,-451
-804,-401
-788,-423
-848,-441
-852,-435
-864,-487
-952,-527
-880,-509
-940,-513
-936,-507
-900,-483
-928,-501
-896,-495
-1004,-527
-944,-509
-928,-467
-900,-431
-912,-431
-876,-389
-820,-315
-860,-329
-864,-303
-796,-311
-832,-247
-852,-295
-820,-297
-868,-313
-792,-311
-912,-351
-876,-345
-840,-259
-868,-317
-860,-335
-904,-397
-900,-409
-860,-383
-884,-407
-924,-483
-872,-463
-884,-463
-932,-485
-912,-487
-952,-513
-996,-515
-928,-497
-956,-535
-1032,-561
-948,-511
-932,-477
-920,-511
-888,-493
-912,-509
-1028,-541
-1008,-535
-1012,-537
-1028,-519
-932,-501
-932,-483
-936,-489
-880,-491
-860,-435
-876,-457
-796,-389
-876,-463
-892,-477
-912,-501
-936,-517
-964,-507
-1008,-511
-956,-485
-900,-455
-980,-489
-840,-431
-928,-453
-868,-435
-896,-443
-888,-447
-888,-467
-884,-465
-832,-407
-872,-435
-932,-453
-908,-469
-888,-457
-928,-467
-824,-445
-876,-467
-868,-475
-908,-511
-900,-491
-840,-455
-864,-477
-852,-479
-924,-505
-992,-539
-988,-529
-968,-521
-988,-535
-980,-531
-1020,-531
-1000,-525
-948,-513
-936,-511
-904,-507
-884,-505
-880,-473
-892,-477
-948,-503
-1088,-583
-960,-513
-892,-461
-908,-473
-864,-431
-844,-403
-940,-439
-916,-423
-900,-445
-832,-393
-892,-447
-816,-355
-780,-417
-900,-445
-732,-381
-760,-381
-800,-409
-824,-339
-796,-321
-940,-393
-944,-389
-832,-365
-844,-379
-888,-355
-904,-403
-808,-283
-844,-263
-800,-263
-848,-261
-728,-229
-768,-241
-732,-167
-720,-175
-780,-193
-708,-151
-696,-161
-784,-245
-780,-207
-732,-223
-772,-287
-768,-173
-780,-261
-768,-235
-772,-197
-748,-155
-728,-141
-812,-105
-776,-89
-892,-113
-844,-155
-832,-157
-716,-135
-716,-143
-764,-211
-760,-243
-756,-183
-784,-171
-800,-177
-824,-185
-784,-187
-700,-149
-772,-177
-720,-143
-744,-163
-664,-57
-708,-83
-780,-133
-820,-91
-824,-71
-812,-153
-728,-37
-740,31
-736,101
-820,187
-816,157
-816,161
-860,105
-816,63
-832,91
-748,9
-700,13
-720,67
-692,-31
-684,-71
-792,-125
-772,-153
-756,-167
-844,-231
-864,-221
-884,-277
-828,-261
-800,-263
-812,-359
-784,-277
-804,-235
-840,-71
-848,-85
-740,-65
-852,-79
-748,-27
-820,21
-816,15
-844,23
-824,57
-876,115
-868,123
-820,107
-736,97
-732,119
-696,147
-768,195
-768,177
-760,235
-784,299
-816,327
-828,369
-888,411
-872,417
-896,441
-900,441
-912,463
-948,487
-944,513
-968,515
-876,467
-900,469
-856,467
-892,439
-888,461
-796,437
-776,391
-800,389
-804,383
-780,405
-812,429
-808,431
-896,443
-792,355
-760,335
-820,397
-852,395
-800,377
-804,339
-816,339
-804,347
-800,377
-860,425
-848,415
-844,417
-880,461
-916,467
-940,493
-968,521
-912,477
-912,469
-916,477
-952,495
-900,449
-816,371
-792,385
-864,411
-924,455
-944,479
-860,467
-772,425
-816,387
-816,365
-828,407
-932,475
-856,443
-780,391
-876,443
-960,489
-900,461
-876,445
-764,425
-832,425
-736,347
-808,399
-860,453
-848,457
-816,463
-872,425
-868,399
-848,375
-900,457
-852,403
-820,331
-816,307
-832,313
-960,351
-960,375
-912,325
-916,313
-888,279
-872,265
-776,335
-784,327
-800,265
-680,161
-736,213
-728,253
-744,201
-720,119
-704,121
-692,55
-744,45
-700,-75
-748,-71
-824,-95
-772,-97
-720,-141
-752,-195
-744,-179
-824,-193
-740,-197
-772,-181
-712,-201
-752,-141
-872,-121
-800,-59
-808,-27
-804,17
-764,-13
-728,-15
-692,41
-776,61
-772,59
-728,3
-752,1
-728,-77
-760,-177
-808,-215
-800,-147
-860,-163
-776,-147
-808,-59
-824,-11
-808,-41
-776,-71
-752,-79
-812,-105
-820,-27
-856,-45
-828,-127
-836,-105
-784,-111
-756,-167
-736,-177
-716,-163
-756,-223
-852,-321
-820,-389
-848,-419
-832,-391
-832,-403
-848,-349
-712,-273
-760,-321
-748,-325
-728,-263
-720,-271
-800,-287
-772,-253
-860,-245
-832,-285
-820,-259
-812,-165
-684,-163
-764,-175
-708,-119
-720,-93
-760,-77
-728,-49
-812,-97
-768,-71
-772,-57
-704,-41
-640,-67
-776,-57
-792,-113
-820,-199
-840,-197
-780,-161
-808,-109
-820,-41
-788,-75
-760,-119
-756,-135
-840,-165
-784,-219
-784,-189
-772,-153
-792,-129
-708,-171
-740,-195
-728,-91
-700,-109
-688,-91
-696,-113
-620,-21
-744,-107
-672,-103
-752,-167
-744,-219
-732,-255
-796,-261
-792,-249
-768,-245
-816,-209
-876,-243
-848,-259
-816,-249
-856,-295
-860,-295
-796,-279
-832,-187
-692,-183
-764,-247
-776,-303
-840,-307
-744,-223
-756,-213
-764,-177
-756,-267
-808,-373
-888,-387
-872,-455
-896,-431
-876,-439
-900,-457
-900,-461
-912,-463
-964,-499
-864,-471
-872,-473
-892,-487
-892,-497
-948,-479
-924,-513
-972,-543
-1032,-555
-992,-539
-944,-507
-900,-489
-980,-533
-960,-525
-964,-503
-972,-521
-972,-493
-860,-473
-912,-491
-904,-485
-948,-487
-1036,-547
-1028,-553
-1076,-573
-1012,-553
-896,-507
-884,-499
-888,-495
-956,-503
-880,-461
-876,-449
-928,-521
-936,-511
-976,-509
-924,-479
-812,-395
-840,-343
-812,-355
-824,-407
-764,-411
-892,-461
-896,-463
-908,-435
-888,-457
-956,-511
-996,-533
-860,-459
-928,-497
-880,-443
-860,-433
-804,-411
-848,-439
-924,-477
-960,-483
-988,-483
-936,-493
-976,-513
-972,-509
-908,-471
-912,-491
-984,-523
-992,-527
-964,-507
-960,-499
-964,-507
-952,-517
-924,-509
-852,-489
-940,-521
-904,-511
-1000,-553
-996,-549
-1012,-551
-988,-529
-848,-459
-892,-489
-908,-501
-1012,-535
-908,-511
-884,-499
-900,-495
-936,-477
-940,-481
-796,-417
-772,-385
-900,-449
-900,-397
-860,-427
-932,-423
-920,-441
-860,-449
-844,-431
-780,-345
-820,-281
-760,-243
-764,-251
-816,-299
-820,-357
-816,-383
-872,-459
-908,-511
-824,-429
-784,-459
-868,-475
-936,-493
-880,-435
-892,-491
-976,-543
-872,-483
-948,-503
-896,-497
-980,-523
-960,-513
-944,-453
-916,-475
-880,-491
-932,-513
-932,-503
-968,-497
-964,-497
-928,-477
-888,-471
-928,-481
-924,-487
-988,-517
-932,-493
-928,-467
-836,-435
-916,-443
-884,-377
-936,-415
-840,-371
-824,-393
-816,-369
-840,-355
-844,-335
-760,-297
-760,-323
-804,-343
-816,-353
-848,-387
-824,-401
-816,-391
-836,-407
-824,-419
-856,-447
-876,-469
-908,-465
-928,-481
-872,-449
-888,-477
-928,-493
-1044,-545
-1008,-547
-1080,-575
-1052,-575
-1028,-557
-1016,-531
-920,-451
-964,-461
-976,-469
-920,-483
-944,-505
-952,-525
-964,-533
-900,-483
-872,-487
-940,-521
-912,-513
-920,-515
-872,-473
-900,-457
-876,-455
-868,-433
-844,-419
-852,-427
-908,-479
-964,-523
-1004,-529
-880,-481
-908,-487
-880,-463
-792,-431
-892,-465
-936,-493
-900,-467
-908,-445
-920,-465
-900,-467
-860,-469
-936,-515
-1060,-551
-940,-503
-928,-485
-844,-455
-884,-479
-948,-501
-880,-493
-844,-471
-924,-521
-944,-519
-920,-509
-1008,-545
-1012,-551
-1024,-555
-1056,-567
-1080,-579
-1044,-565
-904,-495
-868,-461
-824,-419
-980,-523
-892,-487
-904,-497
-876,-493
-980,-535
-920,-513
-868,-453
-932,-491
-920,-465
-904,-485
-896,-447
-900,-451
-952,-493
-952,-497
-948,-511
-824,-467
-852,-471
-960,-491
-1032,-521
-964,-503
-956,-501
-960,-505
-868,-459
-956,-515
-924,-509
-880,-473
-936,-499
-936,-489
-868,-459
-892,-439
-900,-435
-804,-417
-900,-459
-852,-457
-832,-425
-768,-389
-784,-433
-924,-493
-884,-481
-900,-483
-888,-495
-928,-507
-900,-487
-888,-479
-912,-487
-940,-501
-948,-519
-912,-493
-852,-421
-848,-365
-828,-383
-852,-369
-784,-309
-800,-337
-840,-405
-944,-493
-948,-491
-832,-413
-808,-405
-884,-445
-980,-505
-964,-501
-896,-483
-880,-433
-928,-513
-928,-477
-804,-413
-872,-419
-900,-421
-836,-321
-836,-377
-800,-405
-840,-395
-872,-373
-840,-391
-884,-407
-936,-475
-876,-427
-816,-381
-740,-325
-804,-349
-760,-325
-736,-369
-812,-389
-824,-385
-796,-377
-804,-351
-796,-353
-832,-301
-856,-327
-864,-345
-852,-379
-892,-427
-916,-383
-864,-363
-856,-397
-804,-357
-840,-381
-856,-393
-840,-395
-784,-405
-844,-443
-904,-475
-944,-491
-1000,-529
-976,-517
-868,-475
-980,-515
-936,-505
-896,-503
-956,-511
-888,-497
-944,-523
-980,-541
-988,-549
-892,-515
-904,-509
-944,-511
-868,-483
-852,-457
-904,-489
-944,-453
-952,-455
-872,-397
-904,-401
-848,-389
-884,-409
-880,-423
-884,-415
-844,-357
-804,-327
-780,-319
-848,-367
-836,-375
-888,-435
-860,-453
-912,-455
-872,-473
-876,-477
-872,-469
-708,-403
-888,-483
-820,-469
-864,-487
-956,-505
-924,-465
-820,-425
-832,-377
-876,-457
-848,-447
-868,-425
-952,-421
-852,-425
-836,-405
-856,-397
-860,-363
-836,-367
-824,-455
-984,-505
-972,-497
-952,-481
-904,-465
-932,-451
-860,-417
-884,-425
-912,-447
-896,-451
-856,-433
-872,-433
-988,-483
-892,-435
-936,-443
-804,-367
-848,-429
-888,-471
-876,-483
-936,-519
-948,-525
-960,-503
-896,-455
-852,-441
-888,-479
-876,-447
-888,-471
-912,-471
-872,-459
-800,-449
-776,-441
-788,-417
-828,-411
-900,-469
-916,-483
-888,-481
-1012,-541
-892,-475
-860,-489
-916,-495
-940,-523
-988,-543
-1044,-553
-1064,-569
-1044,-567
-976,-539
-1000,-555
-920,-481
-828,-435
-924,-497
-968,-515
-932,-481
-992,-509
-824,-437
-792,-399
-872,-455
-860,-475
-864,-483
-956,-495
-1000,-533
-1044,-545
-1052,-557
-908,-497
-872,-463
-916,-493
-980,-533
-984,-519
-1032,-535
-936,-517
-972,-535
-996,-545
-980,-531
-968,-531
-940,-517
-948,-527
-976,-533
-1040,-557
-960,-523
-928,-513
-988,-527
-1072,-569
-988,-543
-880,-507
-888,-471
-976,-543
-1084,-571
-976,-515
-964,-505
-904,-459
-912,-467
-956,-485
-912,-421
-820,-401
-828,-375
-760,-333
-804,-401
-864,-417
-864,-425
-912,-449
-872,-455
-920,-473
-936,-487
-896,-483
-884,-475
-940,-519
-848,-465
-900,-483
-996,-519
-984,-521
-884,-481
-908,-505
-1000,-531
-940,-501
-940,-493
-916,-505
-924,-493
-916,-505
-932,-493
-908,-455
-796,-421
-888,-413
-824,-383
-852,-387
-856,-445
-832,-443
-980,-531
-1016,-555
-964,-513
-944,-493
-888,-459
-820,-385
-872,-439
-936,-453
-868,-395
-908,-493
-956,-531
-924,-501
-860,-483
-912,-507
-964,-517
-904,-513
-892,-491
-904,-503
-972,-539
-1004,-519
-1000,-547
-964,-533
-944,-511
-1012,-537
-1016,-527
-1008,-527
-952,-507
-904,-491
-868,-479
-868,-477
-920,-491
-840,-467
-868,-485
-952,-521
-920,-523
-920,-515
-912,-491
-936,-473
-900,-485
-952,-519
-944,-507
-996,-549
-1064,-567
-992,-535
-964,-511
-920,-495
-940,-507
-972,-527
-908,-491
-932,-525
-964,-515
-972,-497
-856,-437
-888,-449
-844,-439
-896,-469
-912,-491
-984,-531
-972,-545
-1016,-545
-956,-529
-964,-533
-940,-497
-868,-453
-916,-495
-912,-489
-876,-471
-824,-449
-864,-469
-908,-473
-864,-437
-800,-409
-776,-391
-820,-405
-888,-459
-1020,-523
-956,-519
-896,-491
-944,-499
-872,-457
-936,-471
-844,-417
-796,-393
-848,-373
-808,-365
-800,-339
-916,-355
-844,-333
-872,-391
-852,-383
-912,-419
-848,-425
-904,-489
-972,-521
-912,-499
-908,-511
-932,-509
-924,-497
-944,-515
-952,-509
-864,-445
-860,-409
-980,-501
-940,-511
-940,-507
-904,-483
-860,-435
-868,-457
-916,-453
-836,-427
-888,-479
-888,-429
-856,-441
-892,-455
-872,-429
-840,-411
-912,-431
-988,-465
-980,-471
-964,-491
-908,-495
-900,-493
-912,-499
-964,-515
-844,-455
-884,-463
-920,-503
-868,-491
-928,-497
-952,-499
-1000,-523
-992,-527
-952,-511
-996,-549
-884,-483
-844,-441
-924,-469
-884,-425
-888,-411
-892,-433
-896,-435
-872,-429
-908,-477
-844,-437
-884,-443
-852,-449
-804,-437
-840,-437
-840,-419
-876,-431
-860,-455
-900,-475
-912,-475
-912,-499
-956,-509
-936,-501
-872,-465
-952,-499
-920,-495
-976,-527
-888,-487
-992,-539
-948,-511
-964,-509
-860,-485
-932,-515
-808,-453
-920,-477
-892,-467
-788,-437
-816,-419
-880,-443
-820,-385
-820,-369
-776,-369
-812,-367
-844,-391
-892,-413
-876,-459
-912,-513
-892,-501
-832,-471
-884,-483
-928,-487
-936,-497
-936,-515
-880,-489
-896,-501
-972,-517
-1040,-553
-972,-531
-856,-457
-972,-499
-988,-517
-940,-485
-892,-465
-964,-505
-956,-517
-924,-513
-1056,-569
-1060,-569
-936,-509
-884,-485
-880,-483
-844,-469
-820,-449
-880,-453
-948,-425
-832,-383
-896,-373
-872,-405
-888,-423
-868,-451
-808,-397
-800,-405
-828,-413
-860,-443
-832,-409
-844,-445
-892,-477
-860,-469
-888,-489
-880,-479
-876,-441
-828,-433
-880,-469
-824,-401
-928,-445
-920,-413
-832,-373
-760,-321
-744,-317
-844,-317
-876,-351
-784,-341
-732,-281
-736,-265
-708,-275
-680,-243
-712,-301
-688,-281
-732,-359
-796,-383
-896,-423
-872,-445
-868,-409
-864,-431
-856,-415
-900,-443
-892,-421
-844,-413
-840,-407
-824,-325
-776,-263
-844,-301
-804,-315
-780,-295
-756,-283
-824,-349
-892,-395
-888,-435
-856,-439
-780,-395
-844,-441
-932,-475
-944,-495
-928,-477
-908,-461
-968,-489
-996,-529
-956,-511
-956,-529
-1004,-537
-940,-519
-964,-535
-876,-467
-880,-477
-944,-499
-968,-527
-968,-505
-888,-483
-832,-465
-840,-433
-796,-427
-808,-417
-896,-473
-856,-469
-912,-509
-908,-515
-928,-525
-936,-519
-956,-473
-924,-459
-924,-453
-888,-469
-788,-447
-916,-469
-868,-477
-880,-487
-928,-503
-968,-529
-1028,-547
-1032,-551
-956,-523
-884,-473
-892,-459
-844,-419
-880,-447
-872,-435
-960,-493
-956,-491
-928,-485
-924,-487
-920,-505
-876,-487
-812,-447
-844,-461
-852,-457
-816,-383
-832,-397
-844,-347
-812,-369
-812,-383
-892,-453
-916,-457
-952,-489
-864,-443
-812,-381
-784,-339
-820,-347
-840,-317
-760,-289
-780,-281
-772,-195
-800,-229
-896,-277
-928,-275
-868,-269
-864,-331
-800,-349
-888,-429
-856,-371
-832,-419
-864,-413
-892,-415
-756,-345
-768,-317
-812,-265
-788,-213
-812,-273
-820,-265
-876,-259
-804,-265
-756,-285
-828,-377
-824,-395
-744,-361
-812,-395
-804,-411
-816,-425
-820,-403
-844,-457
-852,-441
-968,-489
-872,-433
-936,-447
-812,-435
-856,-433
-892,-441
-960,-483
-964,-487
-860,-457
-948,-469
-856,-463
-932,-497
-952,-511
-976,-525
-988,-529
-944,-493
-916,-489
-1000,-541
-984,-531
-876,-469
-992,-533
-988,-545
-936,-525
-1000,-549
-1016,-559
-960,-523
-984,-523
-976,-523
-1008,-553
-1004,-549
-940,-481
-896,-465
-884,-421
-824,-409
-792,-385
-748,-383
-780,-405
-808,-389
-828,-373
-904,-409
-860,-363
-776,-301
-796,-355
-872,-395
-876,-421
-864,-445
-836,-455
-860,-449
-896,-435
-896,-413
-828,-413
-832,-411
-864,-423
-800,-427
-904,-509
-872,-497
-948,-523
-932,-511
-984,-507
-916,-493
-872,-473
-828,-471
-848,-447
-896,-475
-952,-499
-912,-489
-872,-503
-960,-519
-924,-505
-964,-531
-836,-461
-872,-457
-916,-483
-988,-525
-940,-515
-992,-517
-904,-501
-860,-457
-864,-445
-932,-481
-920,-463
-836,-421
-924,-481
-932,-463
-940,-501
-932,-505
-888,-457
-824,-421
-780,-427
-860,-467
-848,-437
-884,-405
-876,-437
-816,-407
-840,-403
-776,-367
-836,-441
-884,-485
-992,-527
-1020,-539
-960,-483
-848,-461
-892,-475
-860,-425
-848,-411
-820,-405
-772,-331
-736,-331
-724,-329
-788,-331
-848,-385
-824,-409
-828,-423
-844,-399
-768,-373
-816,-391
-728,-337
-780,-315
-836,-323
-800,-367
-800,-331
-880,-361
-852,-383
-840,-449
-888,-449
-796,-421
-848,-435
-880,-431
-840,-423
-808,-425
-860,-437
-888,-439
-864,-469
-948,-489
-924,-487
-868,-479
-888,-467
-856,-453
-896,-473
-820,-431
-800,-385
-828,-393
-856,-363
-884,-401
-908,-347
-892,-355
-928,-367
-896,-369
-744,-327
-752,-319
-752,-335
-812,-379
-852,-429
-904,-469
-880,-429
-912,-463
-892,-459
-840,-441
-844,-397
-796,-345
-756,-337
-784,-339
-788,-353
-824,-405
-888,-441
-912,-461
-980,-523
-1040,-545
-984,-509
-896,-459
-920,-425
-808,-379
-900,-417
-912,-457
-940,-477
-936,-477
-1012,-537
-1036,-563
-1052,-563
-1012,-555
-920,-501
-848,-467
-904,-501
-948,-517
-972,-523
-996,-547
-992,-531
-1020,-555
-976,-527
-944,-515
-1008,-549
-952,-519
-984,-517
-976,-519
-984,-531
-908,-485
-864,-467
-828,-471
-888,-495
-896,-479
-876,-479
-916,-481
-916,-497
-944,-521
-972,-523
-924,-513
-912,-501
-920,-507
-944,-497
-888,-479
-896,-487
-924,-509
-960,-511
-984,-517
-952,-513
-920,-513
-968,-499
-964,-513
-904,-477
-832,-435
-816,-363
-808,-363
-756,-343
-864,-407
-844,-403
-852,-369
-796,-317
-840,-315
-808,-331
-888,-371
-876,-293
-888,-309
-868,-293
-764,-249
-744,-235
-744,-249
-748,-247
-784,-275
-760,-271
-812,-301
-812,-345
-800,-323
-836,-375
-740,-333
-792,-327
-816,-349
-852,-393
-828,-363
-864,-363
-904,-377
-836,-341
-884,-377
-852,-367
-884,-373
-856,-387
-876,-445
-900,-439
-920,-441
-876,-391
-900,-431
-968,-513
-984,-519
-932,-469
-828,-419
-780,-395
-772,-379
-904,-465
-908,-437
-836,-417
-884,-449
-892,-449
-856,-399
-836,-393
-868,-395
-892,-421
-844,-435
-804,-395
-824,-329
-780,-249
-788,-259
-736,-309
-812,-355
-816,-369
-768,-329
-772,-341
-772,-299
-804,-299
-792,-313
-760,-345
-796,-355
-788,-327
-844,-341
-828,-367
-964,-489
-916,-447
-900,-403
-908,-405
-912,-429
-928,-477
-972,-509
-956,-521
-968,-537
-956,-503
-964,-489
-884,-437
-936,-485
-880,-475
-800,-397
-868,-429
-740,-329
-804,-361
-856,-349
-856,-349
-836,-375
-848,-393
-824,-385
-836,-405
-828,-403
-812,-421
-888,-441
-796,-369
-772,-331
-776,-353
-836,-327
-776,-369
-824,-369
-812,-357
-736,-331
-736,-369
-792,-415
-864,-459
-956,-495
-876,-487
-832,-413
-872,-411
-904,-453
-932,-453
-868,-451
-916,-473
-872,-463
-928,-487
-1020,-527
-980,-511
-928,-479
-968,-499
-900,-503
-860,-495
-1020,-549
-980,-517
-976,-515
-900,-487
-948,-513
-920,-489
-1000,-533
-964,-533
-864,-467
-900,-477
-948,-511
-892,-503
-908,-519
-960,-533
-932,-515
-984,-541
-924,-493
-952,-497
-872,-419
-888,-401
-840,-397
-912,-443
-904,-459
-972,-527
-1028,-553
-964,-537
-992,-543
-1036,-561
-976,-547
-1024,-553
-992,-541
-996,-531
-920,-513
-1024,-553
-984,-547
-1056,-569
-1068,-557
-1036,-565
-1020,-561
-932,-523
-952,-523
-880,-501
-920,-505
-900,-517
-1020,-565
-1012,-555
-1000,-539
-916,-493
-944,-497
-884,-459
-920,-483
-872,-475
-908,-487
-968,-501
-952,-515
-920,-461
-960,-501
-944,-503
-856,-443
-828,-413
-928,-403
-772,-389
-736,-349
-800,-331
-840,-375
-772,-383
-864,-397
-780,-367
-848,-393
-864,-425
-920,-483
-892,-461
-964,-513
-1012,-521
-964,-503
-900,-423
-896,-437
-840,-415
-864,-393
-752,-341
-816,-395
-808,-385
-764,-299
-748,-309
-688,-241
-712,-253
-732,-203
-788,-141
-764,-189
-736,-171
-668,-107
-628,-91
-652,-143
-724,-153
-668,-127
-748,-225
-724,-249
-720,-293
-800,-341
-900,-415
-796,-373
-808,-391
-780,-347
-808,-375
-892,-433
-864,-423
-924,-475
-948,-505
-968,-485
-880,-445
-940,-521
-912,-487
-932,-485
-908,-449
-932,-485
-796,-455
-976,-537
-904,-511
-936,-509
-892,-499
-876,-487
-884,-487
-944,-495
-996,-535
-1004,-537
-960,-519
-952,-505
-972,-511
-944,-505
-936,-493
-884,-469
-940,-491
-980,-529
-1028,-559
-892,-505
-912,-493
-948,-515
-940,-515
-956,-505
-980,-539
-920,-513
-948,-521
-976,-533
-956,-517
-996,-523
-912,-501
-924,-505
-856,-481
-880,-491
-944,-525
-944,-499
-956,-517
-1016,-553
-948,-505
-908,-483
-924,-487
-844,-459
-784,-443
-908,-507
-888,-485
-956,-519
-948,-519
-1000,-541
-944,-525
-972,-529
-984,-537
-888,-475
-864,-449
-820,-443
-760,-371
-892,-431
-832,-443
-864,-433
-940,-453
-876,-447
-884,-485
-936,-519
-912,-487
-848,-447
-912,-453
-856,-419
-832,-353
-860,-387
-776,-359
-832,-381
-812,-383
-696,-325
-748,-345
-808,-271
-852,-321
-784,-241
-740,-185
-684,-135
-676,-179
-684,-207
-760,-293
-764,-339
-784,-269
-720,-313
-708,-303
-796,-329
-784,-381
-732,-351
-804,-401
-788,-395
-776,-395
-816,-411
-828,-417
-860,-421
-860,-401
-844,-405
-804,-325
-776,-319
-816,-315
-912,-307
-828,-297
-824,-293
-832,-327
-820,-291
-848,-363
-800,-379
-824,-369
-908,-397
-860,-365
-952,-385
-924,-379
-960,-405
-840,-349
-812,-295
-800,-347
-804,-365
-792,-323
-752,-315
-768,-223
-788,-249
-776,-167
-776,-169
-760,-111
-748,-107
-768,-121
-792,-163
-832,-165
-760,-167
-764,-235
-728,-231
-744,-247
-812,-301
-808,-289
-796,-281
-828,-345
-872,-413
-860,-401
-876,-467
-1020,-537
-1020,-545
-920,-507
-936,-525
-868,-473
-852,-489
-892,-489
-856,-461
-844,-451
-876,-465
-892,-461
-928,-509
-1012,-541
-956,-529
-1004,-535
-924,-485
-888,-475
-912,-477
-872,-437
-900,-497
-912,-481
-912,-479
-900,-461
-948,-427
-920,-435
-860,-403
-824,-385
-856,-443
-860,-465
-1016,-545
-948,-511
-960,-491
-932,-475
-960,-493
-1000,-511
-872,-481
-936,-499
-800,-417
-792,-409
-880,-431
-896,-449
-900,-415
-884,-405
-836,-367
-900,-371
-896,-373
-872,-323
-856,-359
-844,-339
-840,-321
-768,-301
-824,-303
-896,-399
-836,-359
-824,-385
-784,-373
-844,-389
-804,-377
-820,-389
-804,-397
-820,-383
-788,-357
-820,-399
-868,-447
-848,-449
-880,-481
-1000,-541
-988,-517
-948,-505
-984,-525
-888,-487
-948,-501
-920,-497
-876,-467
-876,-479
-908,-475
-844,-461
-924,-463
-880,-465
-928,-471
-952,-483
-896,-453
-872,-479
-920,-477
-892,-479
-984,-525
-1008,-555
-972,-545
-1020,-553
-952,-503
-952,-517
-964,-535
-1028,-553
-920,-507
-920,-503
-920,-521
-912,-513
-968,-531
-928,-495
-960,-507
-900,-495
-932,-519
-960,-509
-940,-511
-968,-539
-836,-439
-780,-421
-832,-435
-824,-389
-728,-295
-736,-317
-768,-273
-744,-327
-788,-283
-804,-313
-784,-293
-788,-261
-796,-241
-800,-221
-860,-235
-864,-229
-804,-255
-796,-295
-860,-339
-892,-371
-868,-371
-816,-359
-852,-363
-792,-371
-704,-321
-732,-325
-816,-331
-796,-295
-800,-303
-816,-315
-852,-365
-836,-317
-840,-307
-780,-275
-844,-283
-876,-313
-852,-279
-824,-271
-860,-313
-840,-343
-888,-397
-868,-407
-936,-455
-860,-397
-868,-353
-820,-301
-796,-305
-824,-349
-876,-371
-884,-373
-908,-445
-956,-509
-952,-479
-988,-519
-1020,-543
-1040,-553
-1064,-573
-1000,-553
-1020,-551
-1020,-543
-1012,-551
-1016,-531
-932,-517
-936,-511
-984,-535
-896,-499
-920,-521
-956,-537
-872,-477
-912,-499
-928,-515
-896,-493
-968,-527
-984,-547
-928,-529
-1016,-545
-992,-543
-988,-547
-920,-525
-980,-531
-948,-499
-832,-447
-904,-487
-920,-481
-848,-443
-852,-447
-756,-395
-796,-367
-816,-409
-844,-425
-912,-455
-888,-457
-948,-519
-932,-515
-956,-535
-972,-539
-876,-477
-956,-495
-1024,-553
-984,-529
-884,-493
-880,-491
-944,-521
-944,-521
-828,-441
-900,-479
-892,-473
-928,-499
-904,-467
-924,-497
-960,-495
-920,-501
-920,-477
-956,-525
-996,-539
-956,-527
-976,-541
-992,-537
-912,-475
-852,-451
-844,-461
-856,-445
-856,-469
-868,-467
-828,-425
-856,-423
-868,-419
-884,-401
-832,-385
-716,-349
-744,-329
-744,-327
-772,-305
-852,-413
-800,-371
-760,-367
-828,-431
-860,-427
-884,-455
-956,-493
-916,-453
-908,-465
-860,-481
-868,-471
-920,-487
-888,-455
-928,-479
-960,-515
-932,-511
-932,-517
-884,-485
-916,-495
-912,-503
-872,-461
-824,-425
-908,-463
-920,-489
-956,-515
-948,-499
-936,-471
-920,-477
-932,-483
-1016,-523
-960,-505
-940,-481
-932,-477
-964,-511
-896,-479
-956,-523
-972,-529
-972,-527
-1004,-533
-924,-517
-892,-485
-864,-455
-848,-451
-840,-465
-928,-505
-908,-477
-860,-467
-908,-483
-884,-485
-844,-461
-936,-479
-872,-429
-844,-435
-884,-427
-852,-417
-788,-367
-800,-393
-844,-445
-812,-407
-876,-471
-860,-451
-848,-395
-884,-411
-844,-413
-872,-397
-888,-411
-888,-431
-868,-457
-912,-457
-856,-455
-908,-503
-908,-489
-944,-495
-984,-531
-944,-515
-828,-437
-944,-491
-848,-437
-960,-483
-952,-481
-892,-469
-1020,-523
-960,-505
-896,-457
-872,-453
-836,-441
-856,-457
-864,-463
-884,-489
-844,-445
-876,-433
-912,-439
-968,-459
-844,-401
-796,-349
-804,-351
-744,-319
-796,-311
-740,-195
-768,-179
-772,-145
-748,-185
-720,-253
-740,-227
-716,-299
-780,-363
-768,-341
-840,-379
-732,-335
-796,-393
-784,-409
-792,-421
-884,-463
-924,-501
-920,-483
-1008,-535
-888,-503
-920,-463
-912,-447
-880,-389
-872,-401
-848,-367
-892,-413
-888,-419
-908,-431
-864,-421
-856,-433
-880,-453
-852,-401
-824,-399
-828,-377
-764,-321
-800,-321
-824,-255
-768,-187
-868,-245
-860,-233
-900,-181
-792,-197
-752,-177
-704,-135
-692,-145
-752,-155
-816,-201
-816,-175
-840,-167
-824,-117
-760,-95
-752,-75
-816,-101
-804,-89
-716,-95
-704,-103
-696,-79
-720,-155
-744,-179
-740,-209
-796,-305
-804,-285
-776,-253
-784,-261
-860,-309
-816,-287
-772,-261
-744,-259
-800,-343
-804,-325
-824,-299
-860,-297
-852,-253
-776,-215
-860,-269
-768,-185
-800,-209
-720,-181
-768,-193
-728,-187
-676,-177
-776,-287
-736,-295
-864,-369
-864,-383
-872,-367
-824,-351
-800,-339
-816,-341
-800,-315
-896,-319
-788,-273
-832,-287
-796,-247
-868,-333
-892,-371
-772,-335
-732,-355
-708,-287
-772,-377
-760,-369
-856,-383
-884,-421
-916,-469
-900,-439
-856,-441
-944,-421
-872,-427
-840,-453
-876,-469
-924,-489
-972,-495
-860,-453
-900,-465
-856,-433
-872,-471
-920,-483
-916,-505
-916,-507
-920,-497
-988,-531
-944,-513
-980,-521
-988,-549
-928,-519
-944,-531
-868,-471
-840,-477
-996,-543
-968,-535
-888,-493
-1016,-549
-948,-525
-956,-515
-952,-523
-936,-507
-956,-515
-984,-535
-988,-545
-1016,-551
-1028,-551
-848,-481
-856,-493
-920,-479
-888,-447
-928,-481
-900,-463
-824,-429
-892,-469
-932,-489
-928,-497
-896,-461
-876,-405
-836,-435
-812,-425
-876,-423
-912,-469
-868,-463
-828,-429
-916,-469
-844,-453
-832,-453
-868,-449
-844,-431
-900,-449
-888,-433
-960,-435
-856,-429
-796,-427
-852,-429
-868,-407
-800,-359
-852,-343
-856,-289
-844,-251
-728,-203
-808,-231
-828,-219
-848,-241
-880,-297
-864,-251
-796,-191
-772,-185
-764,-237
-808,-233
-800,-259
-856,-289
-724,-217
-724,-201
-664,-97
-688,-19
-672,27
-748,1
-664,-29
-684,49
-748,61
-760,77
-700,79
-700,121
-676,177
-696,183
-664,261
-812,407
-912,437
-840,411
-832,379
-908,401
-880,369
-836,369
-836,365
-836,381
-916,417
-972,467
-912,453
-960,445
-908,415
-900,421
-820,371
-792,269
-788,287
-740,269
-784,263
-856,291
-796,249
-832,287
-856,297
-896,269
-840,235
-840,167
-888,157
-780,141
-812,193
-796,191
-764,63
-716,55
-784,157
-808,211
-860,299
-860,337
-920,395
-928,459
-932,497
-896,479
-968,497
-900,443
-984,421
-880,393
-880,411
-916,437
-812,363
-776,327
-832,309
-844,353
-776,269
-836,301
-852,257
-788,193
-764,189
-748,219
-744,219
-776,183
-804,233
-872,175
-852,173
-880,199
-860,181
-940,177
-768,99
-724,15
-740,27
-800,-7
-736,3
-780,-57
-832,-149
-868,-241
-816,-275
-768,-203
-724,-145
-728,-169
-768,-209
-840,-305
-752,-275
-800,-307
-796,-339
-820,-363
-808,-361
-828,-359
-836,-339
-820,-325
-896,-411
-876,-411
-908,-475
-924,-487
-844,-471
-824,-441
-908,-457
-920,-441
-852,-407
-812,-361
-736,-279
-712,-345
-832,-365
-844,-405
-788,-353
-832,-347
-776,-279
-896,-265
-788,-289
-780,-299
-696,-269
-816,-315
-868,-389
-876,-453
-964,-507
-884,-495
-896,-467
-904,-451
-892,-443
-908,-485
-912,-493
-884,-471
-984,-519
-960,-501
-892,-453
-948,-455
-964,-467
-888,-441
-872,-405
-772,-347
-792,-375
-808,-331
-824,-333
-828,-329
-860,-325
-820,-321
-808,-341
-784,-365
-880,-443
-908,-455
-856,-421
-764,-399
-836,-407
-820,-405
-912,-463
-924,-473
-888,-419
-832,-403
-800,-369
-836,-407
-908,-475
-952,-505
-924,-497
-964,-533
-912,-491
-904,-457
-876,-461
-924,-475
-916,-465
-900,-445
-964,-485
-908,-499
-912,-499
-852,-487
-1020,-547
-916,-511
-948,-515
-968,-529
-920,-503
-908,-499
-960,-509
-936,-483
-948,-469
-928,-481
-928,-509
-904,-463
-884,-465
-928,-465
-900,-459
-820,-433
-880,-467
-836,-441
-828,-443
-884,-493
-960,-505
-876,-477
-968,-527
-964,-519
-912,-463
-912,-489
-864,-463
-888,-477
-904,-479
-896,-497
-884,-483
-928,-485
-908,-457
-868,-421
-816,-353
-780,-291
-808,-289
-780,-303
-728,-301
-800,-295
-712,-297
-860,-361
-820,-335
-776,-335
-800,-333
-752,-333
-764,-317
-844,-313
-752,-207
-764,-241
-776,-217
-808,-315
-740,-323
-716,-337
-664,-287
-704,-317
-804,-341
-828,-331
-760,-397
-868,-485
-996,-533
-956,-527
-944,-507
-880,-473
-912,-479
-936,-499
-940,-513
-912,-467
-860,-451
-848,-457
-916,-481
-896,-443
-836,-421
-848,-417
-892,-467
-904,-413
-856,-371
-868,-331
-828,-357
-852,-343
-804,-339
-804,-347
-796,-345
-768,-341
-840,-383
-892,-447
-856,-427
-848,-427
-840,-407
-860,-443
-892,-465
-868,-453
-884,-433
-848,-423
-964,-525
-952,-529
-932,-529
-848,-439
-800,-411
-784,-417
-908,-453
-836,-451
-900,-499
-944,-509
-952,-507
-924,-475
-916,-465
-900,-475
-852,-441
-848,-425
-816,-399
-780,-411
-856,-453
-896,-501
-960,-509
-1032,-533
-932,-489
-968,-505
-968,-527
-940,-529
-988,-539
-1028,-543
-996,-541
-1040,-567
-940,-519
-928,-489
-896,-477
-932,-499
-1036,-541
-1016,-521
-964,-511
-892,-485
-948,-483
-876,-445
-800,-423
-796,-427
-780,-389
-724,-341
-744,-319
-804,-345
-852,-377
-856,-403
-884,-431
-816,-373
-844,-367
-920,-409
-944,-471
-900,-441
-944,-425
-896,-371
-948,-429
-948,-483
-892,-447
-876,-417
-856,-333
-840,-371
-828,-433
-800,-391
-828,-401
-848,-411
-876,-373
-792,-373
-784,-361
-772,-317
-876,-353
-768,-323
-740,-295
-792,-263
-684,-203
-716,-215
-820,-335
-780,-321
-820,-293
-912,-323
-816,-297
-776,-249
-776,-181
-780,-221
-724,-133
-784,-137
-796,-175
-756,-155
-748,-5
-688,59
-784,83
-788,59
-784,31
-716,33
-676,45
-692,125
-728,115
-852,143
-740,47
-864,153
-732,49
-764,43
-808,37
-764,39
-744,-13
-796,61
-764,47
-744,63
-688,81
-780,85
-728,65
-740,95
-776,193
-792,329
-800,307
-796,319
-832,341
-900,429
-884,415
-968,499
-868,431
-864,423
-912,463
-920,475
-976,489
-944,479
-904,481
-908,477
-892,491
-912,485
-808,421
-848,427
-880,469
-920,505
-944,503
-932,477
-888,417
-868,435
-932,503
-1008,551
-960,537
-888,491
-944,519
-860,485
-884,461
-848,463
-860,469
-920,497
-924,503
-1004,525
-932,503
-876,443
-860,421
-864,441
-872,469
-872,465
-848,467
-872,493
-848,483
-968,525
-856,481
-912,491
-964,533
-924,515
-868,445
-848,409
-848,399
-896,437
-868,443
-884,465
-908,455
-860,427
-872,415
-812,371
-684,289
-732,285
-864,365
-892,375
-752,367
-820,427
-864,467
-908,479
-892,493
-912,495
-920,505
-980,523
-1024,549
-1060,575
-1008,555
-904,503
-904,497
-980,535
-980,521
-984,533
-924,517
-888,499
-856,473
-868,481
-844,485
-940,503
-888,487
-876,493
-972,527
-1008,549
-956,529
-936,495
-884,459
-832,407
-708,325
-712,287
-748,305
-728,331
-868,403
-876,411
-908,445
-840,409
-880,443
-924,455
-884,469
-912,487
-924,505
-936,533
-960,533
-992,531
-936,491
-884,477
-836,417
-864,443
-860,415
-864,427
-876,447
-924,497
-988,513
-916,519
-988,549
-996,513
-904,425
-836,397
-808,303
-860,357
-872,321
-880,357
-920,429
-984,471
-1012,499
-920,463
-904,401
-860,343
-872,303
-812,353
-888,405
-904,399
-836,389
-836,399
-904,431
-884,469
-984,491
-992,515
-940,501
-932,473
-912,455
-952,495
-916,479
-936,507
-948,519
-968,529
-868,487
-940,511
-976,533
-916,511
-988,501
-924,459
-836,409
-924,451
-916,453
-884,443
-808,427
-852,381
-832,359
-772,339
-712,335
-772,241
-772,281
-800,227
-772,257
-832,295
-916,345
-864,357
-884,403
-912,419
-788,381
-856,385
-824,377
-840,431
-920,473
-884,447
-960,515
-1028,547
-940,505
-932,475
-896,439
-916,509
-872,467
-796,437
-896,487
-876,463
-892,471
-896,465
-912,447
-948,453
-932,449
-900,401
-768,347
-768,327
-780,273
-764,293
-784,259
-832,375
-800,329
-768,341
-804,349
-892,383
-824,329
-820,317
-868,287
-864,297
-796,263
-668,245
-748,281
-760,275
-764,211
-732,163
-824,217
-848,211
-832,137
-812,35
-808,71
-732,65
-864,71
-844,35
-748,-39
-744,-17
-796,-65
-708,-75
-760,-101
-796,-109
-776,-169
-720,-209
-776,-221
-792,-211
-796,-189
-768,-53
-796,-63
-764,-123
-716,-71
-788,-73
-740,-33
-752,29
-768,-67
-760,-109
-724,-129
-856,-209
-912,-257
-796,-271
-812,-249
-828,-207
-788,-187
-800,-231
-808,-235
-776,-197
-756,-237
-824,-291
-804,-277
-868,-317
-788,-253
-756,-195
-724,-207
-736,-137
-660,-107
-700,-103
-748,-109
-724,-47
-768,-15
-844,-91
-744,-83
-804,-109
-800,-165
-824,-211
-820,-261
-808,-321
-880,-347
-848,-349
-848,-373
-868,-373
-876,-397
-908,-419
-916,-401
-892,-407
-804,-359
-804,-355
-856,-377
-852,-363
-848,-403
-824,-319
-840,-411
-884,-431
-848,-431
-840,-365
-776,-321
-808,-363
-852,-439
-852,-439
-836,-453
-976,-527
-968,-531
-944,-523
-932,-503
-916,-495
-1056,-561
-1056,-555
-1016,-557
-996,-541
-1040,-547
-964,-495
-896,-461
-960,-517
-940,-497
-956,-491
-956,-501
-876,-477
-908,-489
-904,-491
-888,-429
-896,-469
-876,-457
-876,-475
-940,-495
-976,-501
-928,-487
-912,-473
-876,-487
-852,-471
-872,-469
-904,-473
-840,-465
-924,-493
-924,-483
-976,-525
-924,-483
-992,-519
-920,-483
-856,-449
-800,-423
-796,-419
-824,-435
-812,-405
-788,-389
-816,-415
-944,-511
-1016,-527
-980,-507
-932,-507
-868,-475
-860,-449
-884,-451
-868,-397
-876,-449
-800,-427
-832,-415
-868,-391
-880,-405
-856,-413
-820,-405
-868,-417
-928,-423
-884,-417
-928,-455
-948,-499
-896,-445
-916,-479
-1052,-551
-976,-529
-860,-457
-936,-459
-904,-399
-924,-431
-880,-447
-904,-441
-936,-423
-912,-419
-940,-497
-864,-421
-792,-379
-788,-361
-776,-329
-804,-315
-796,-283
-852,-363
-884,-339
-852,-363
-928,-459
-828,-399
-828,-387
-804,-387
-752,-309
-836,-339
-840,-333
-796,-319
-832,-345
-820,-371
-820,-393
-880,-447
-880,-461
-984,-523
-976,-519
-908,-491
-936,-495
-948,-499
-1036,-543
-972,-511
-936,-529
-1028,-545
-892,-473
-860,-421
-844,-427
-832,-419
-908,-423
-908,-463
-916,-467
-952,-457
-780,-355
-792,-319
-796,-323
-848,-349
-840,-405
-888,-453
-920,-477
-924,-485
-1024,-565
-988,-551
-864,-501
-884,-487
-948,-501
-900,-493
-912,-505
-972,-499
-1008,-481
-864,-445
-904,-465
-880,-467
-804,-427
-876,-407
-948,-421
-888,-421
-796,-405
-828,-387
-836,-423
-840,-377
-800,-381
-812,-409
-824,-357
-816,-315
-800,-307
-824,-359
-964,-429
-888,-455
-952,-481
-992,-517
-920,-481
-868,-445
-860,-455
-804,-399
-800,-409
-828,-441
-772,-403
-860,-447
-960,-451
-908,-443
-956,-481
-876,-435
-908,-413
-940,-459
-896,-453
-952,-449
-920,-425
-848,-425
-840,-415
-900,-457
-852,-405
-840,-391
-856,-405
-856,-383
-772,-355
-764,-395
-772,-377
-820,-413
-904,-467
-888,-473
-828,-417
-880,-437
-924,-451
-948,-489
-964,-493
-908,-519
-900,-517
-936,-517
-920,-499
-968,-523
-980,-489
-952,-455
-924,-485
-876,-457
-924,-479
-844,-433
-964,-495
-980,-473
-912,-495
-972,-531
-1020,-553
-964,-533
-1000,-549
-992,-549
-980,-539
-960,-515
-904,-499
-936,-507
-940,-519
-908,-497
-920,-505
-948,-523
-928,-509
-1004,-535
-980,-535
-936,-489
-944,-501
-944,-493
-944,-511
-968,-529
-956,-509
-972,-521
-872,-483
-920,-501
-952,-517
-932,-511
-896,-487
-1016,-529
-924,-521
-964,-523
-884,-457
-936,-463
-904,-431
-800,-387
-804,-421
-816,-451
-864,-465
-952,-479
-892,-441
-932,-439
-900,-455
-932,-477
-908,-457
-932,-483
-916,-475
-944,-509
-912,-499
-896,-483
-940,-485
-920,-485
-960,-511
-848,-461
-916,-517
-872,-489
-992,-547
-880,-493
-952,-513
-964,-533
-888,-483
-852,-481
-836,-463
-916,-497
-904,-485
-952,-489
-844,-459
-924,-453
-908,-463
-836,-417
-876,-453
-844,-415
-820,-385
-884,-429
-888,-411
-812,-339
-852,-379
-792,-367
-808,-361
-744,-327
-772,-353
-824,-399
-864,-427
-904,-473
-932,-469
-820,-377
-860,-443
-880,-479
-904,-505
-868,-499
-944,-505
-944,-523
-892,-499
-872,-479
-932,-501
-888,-471
-920,-513
-1088,-577
-976,-539
-960,-523
-1028,-545
-968,-513
-984,-495
-936,-501
-864,-465
-900,-461
-904,-491
-940,-511
-960,-503
-976,-501
-956,-507
-948,-511
-848,-467
-900,-467
-912,-479
-916,-511
-856,-453
-836,-453
-836,-441
-772,-351
-784,-315
-768,-309
-784,-287
-872,-289
-852,-293
-848,-269
-760,-217
-756,-163
-768,-243
-788,-249
-796,-275
-828,-335
-764,-359
-856,-399
-864,-365
-780,-353
-852,-431
-912,-495
-880,-471
-884,-403
-896,-471
-904,-465
-944,-439
-952,-463
-936,-487
-936,-449
-792,-301
-888,-317
-924,-311
-876,-271
-816,-249
-808,-235
-884,-253
-776,-247
-840,-293
-832,-309
-796,-309
-776,-277
-748,-213
-732,-243
-796,-245
-744,-207
-748,-217
-692,-207
-720,-227
-660,-217
-704,-247
-692,-301
-784,-359
-832,-429
-888,-465
-880,-461
-912,-499
-860,-463
-944,-501
-872,-487
-876,-461
-904,-481
-880,-483
-800,-451
-820,-407
-816,-407
-816,-409
-828,-443
-836,-477
-912,-523
-996,-539
-988,-531
-976,-525
-960,-497
-956,-517
-892,-503
-852,-483
-956,-507
-984,-535
-948,-525
-876,-493
-860,-495
-836,-471
-936,-505
-896,-463
-816,-425
-932,-477
-852,-457
-936,-481
-996,-535
-1048,-559
-932,-525
-908,-507
-936,-501
-860,-475
-840,-469
-848,-437
-920,-419
-796,-369
-828,-385
-936,-379
-868,-389
-816,-363
-828,-379
-828,-371
-812,-369
-844,-403
-840,-409
-908,-461
-936,-461
-900,-473
-948,-499
-944,-521
-1012,-539
-1040,-561
-1000,-547
-1044,-561
-1000,-551
-1004,-541
-900,-487
-872,-467
-840,-439
-800,-367
-848,-411
-888,-385
-904,-331
-836,-347
-904,-419
-920,-377
-820,-353
-832,-391
-896,-465
-916,-489
-968,-527
-1032,-559
-1008,-543
-968,-545
-1000,-527
-892,-501
-912,-497
-904,-487
-896,-465
-976,-503
-944,-505
-1000,-529
-864,-475
-928,-495
-940,-501
-892,-487
-928,-491
-900,-473
-876,-481
-940,-499
-984,-525
-960,-527
-968,-531
-1020,-563
-944,-521
-988,-541
-972,-531
-936,-525
-940,-513
-900,-471
-900,-449
-864,-453
-816,-449
-800,-455
-852,-481
-896,-487
-840,-465
-956,-507
-1000,-517
-904,-457
-892,-449
-944,-451
-916,-457
-888,-453
-872,-439
-832,-423
-896,-465
-864,-443
-864,-457
-864,-469
-876,-471
-880,-429
-888,-393
-900,-411
-816,-323
-836,-341
-912,-447
-884,-463
-944,-491
-1004,-525
-992,-527
-960,-517
-948,-505
-952,-529
-992,-547
-956,-533
-948,-529
-940,-499
-868,-499
-944,-497
-948,-485
-940,-465
-912,-457
-976,-497
-920,-487
-944,-483
-928,-517
-872,-499
-940,-515
-928,-489
-812,-463
-948,-505
-904,-475
-876,-447
-784,-363
-800,-321
-772,-315
-800,-339
-828,-329
-832,-297
-844,-305
-812,-327
-828,-367
-688,-323
-808,-387
-836,-403
-828,-383
-736,-349
-788,-433
-876,-479
-884,-471
-968,-491
-932,-485
-916,-505
-944,-523
-1016,-557
-932,-505
-928,-517
-908,-521
-908,-503
-984,-505
-980,-497
-920,-461
-892,-455
-924,-495
-952,-513
-932,-489
-868,-471
-844,-419
-848,-459
-840,-447
-1012,-531
-968,-529
-852,-467
-888,-465
-960,-517
-976,-543
-1020,-545
-1064,-573
-1092,-585
-1016,-539
-1048,-561
-924,-495
-940,-511
-868,-479
-952,-531
-864,-439
-860,-431
-916,-455
-980,-539
-1016,-543
-988,-527
-964,-521
-992,-539
-948,-513
-876,-505
-952,-503
-996,-537
-964,-473
-884,-469
-880,-471
-876,-467
-840,-439
-896,-439
-944,-485
-924,-477
-944,-483
-964,-507
-896,-449
-828,-391
-816,-351
-796,-385
-744,-359
-824,-353
-732,-331
-728,-325
-856,-359
-860,-391
-792,-405
-880,-467
-864,-429
-892,-451
-748,-369
-808,-415
-804,-411
-772,-349
-816,-357
-816,-367
-764,-391
-768,-391
-796,-379
-904,-485
-900,-485
-912,-499
-860,-483
-876,-475
-928,-501
-1024,-529
-936,-517
-980,-517
-956,-487
-912,-469
-884,-459
-992,-529
-960,-489
-952,-481
-900,-481
-936,-505
-932,-467
-936,-487
-896,-471
-996,-529
-1020,-527
-932,-483
-840,-459
-948,-489
-936,-481
-848,-423
-924,-479
-824,-431
-812,-431
-828,-385
-904,-423
-912,-429
-836,-391
-812,-349
-828,-355
-836,-397
-820,-421
-872,-425
-880,-463
-860,-439
-856,-417
-964,-473
-904,-471
-888,-473
-968,-513
-924,-499
-888,-483
-928,-501
-992,-527
-1068,-573
-960,-533
-956,-511
-912,-443
-904,-417
-932,-471
-932,-455
-900,-459
-892,-447
-924,-473
-836,-429
-840,-375
-856,-395
-752,-263
-852,-299
-820,-331
-860,-431
-876,-413
-936,-429
-912,-417
-944,-507
-924,-477
-848,-443
-860,-455
-860,-419
-872,-409
-844,-403
-840,-395
-988,-447
-916,-361
-828,-281
-788,-253
-832,-225
-764,-217
-836,-219
-816,-205
-844,-155
-768,-179
-808,-211
-816,-169
-804,-187
-732,-229
-784,-189
-720,-199
-816,-223
-832,-249
-856,-263
-916,-309
-928,-363
-892,-411
-968,-477
-976,-469
-896,-451
-796,-363
-816,-361
-836,-369
-732,-321
-716,-329
-824,-387
-892,-437
-908,-467
-1000,-525
-1060,-553
-1032,-537
-932,-489
-956,-521
-972,-521
-980,-529
-984,-531
-960,-515
-1000,-541
-896,-465
-912,-485
-816,-445
-824,-475
-928,-511
-924,-481
-932,-461
-972,-495
-980,-523
-972,-517
-932,-493
-888,-477
-876,-495
-900,-499
-884,-475
-844,-455
-824,-421
-772,-401
-804,-419
-764,-395
-872,-455
-896,-491
-928,-515
-820,-445
-888,-477
-888,-463
-924,-489
-936,-511
-900,-477
-936,-481
-844,-473
-924,-507
-940,-503
-912,-509
-948,-491
-924,-485
-956,-511
-1060,-559
-916,-483
-948,-503
-956,-503
-888,-461
-884,-425
-892,-425
-876,-439
-840,-427
-900,-463
-856,-419
-776,-381
-812,-363
-872,-425
-872,-391
-832,-355
-832,-393
-776,-337
-872,-365
-824,-345
-880,-341
-864,-307
-756,-229
-764,-203
-772,-213
-812,-187
-812,-245
-788,-219
-736,-273
-904,-245
-832,-277
-816,-285
-816,-263
-844,-261
-760,-227
-740,-167
-788,-109
-760,-39
-752,-49
-800,-55
-668,5
-736,5
-732,-53
-768,25
-804,-9
-716,-65
-708,-83
-680,-159
-704,-161
-748,-255
-744,-271
-736,-207
-708,-223
-780,-243
-804,-269
-712,-243
-796,-305
-912,-329
-948,-375
-880,-365
-940,-297
-944,-329
-916,-341
-876,-331
-852,-255
-876,-337
-860,-355
-700,-259
-756,-221
-752,-177
-768,-225
-712,-223
-796,-287
-880,-387
-880,-391
-920,-437
-912,-467
-840,-449
-848,-415
-936,-473
-1012,-525
-924,-501
-956,-531
-912,-513
-964,-533
-1012,-545
-1008,-543
-1052,-563
-1032,-553
-1040,-563
-1008,-533
-940,-507
-896,-479
-924,-501
-952,-499
-968,-523
-928,-519
-864,-485
-892,-487
-976,-515
-952,-513
-956,-523
-952,-509
-860,-457
-888,-427
-896,-427
-820,-421
-856,-471
-892,-507
-844,-451
-812,-371
-804,-363
-756,-353
-752,-383
-744,-373
-844,-367
-856,-419
-928,-439
-884,-411
-884,-415
-932,-455
-872,-411
-904,-377
-892,-385
-880,-375
-856,-385
-952,-467
-944,-485
-848,-443
-888,-433
-820,-387
-944,-477
-1020,-527
-924,-477
-952,-503
-916,-499
-896,-487
-964,-501
-984,-511
-920,-489
-1004,-533
-1020,-543
-932,-503
-932,-511
-868,-485
-888,-449
-920,-467
-980,-515
-920,-467
-928,-485
-860,-447
-908,-483
-832,-411
-836,-447
-844,-415
-828,-363
-888,-395
-884,-357
-792,-291
-756,-311
-748,-287
-840,-347
-836,-349
-788,-385
-920,-429
-912,-423
-828,-353
-800,-315
-840,-357
-828,-315
-732,-293
-752,-305
-848,-293
-836,-349
-832,-323
-880,-385
-860,-395
-712,-301
-736,-293
-740,-281
-728,-283
-752,-299
-820,-327
-820,-297
-784,-349
-872,-401
-912,-449
-920,-443
-892,-437
-792,-391
-836,-427
-840,-439
-816,-417
-876,-477
-920,-503
-808,-423
-740,-347
-800,-361
-884,-361
-788,-359
-740,-371
-824,-391
-900,-435
-908,-433
-932,-425
-872,-397
-864,-383
-864,-371
-784,-373
-856,-395
-860,-397
-892,-397
-888,-415
-992,-477
-876,-481
-920,-473
-956,-509
-976,-523
-984,-537
-1060,-563
-1012,-537
-1012,-545
-1052,-561
-1020,-543
-976,-535
-960,-497
-956,-517
-896,-507
-1032,-545
-1020,-537
-928,-487
-948,-521
-940,-527
-928,-529
-948,-509
-928,-485
-964,-477
-944,-469
-968,-497
-896,-479
-956,-513
-912,-477
-936,-493
-912,-493
-912,-513
-924,-511
-924,-487
-988,-521
-952,-479
-992,-491
-916,-481
-948,-499
-940,-485
-852,-455
-832,-457
-936,-473
-964,-481
-860,-469
-828,-449
-836,-463
-956,-533
-1040,-555
-996,-541
-996,-541
-1000,-533
-952,-501
-900,-491
-836,-449
-892,-481
-856,-475
-884,-467
-880,-445
-788,-401
-860,-453
-932,-511
-972,-545
-944,-515
-1032,-559
-972,-529
-908,-525
-900,-501
-932,-507
-896,-495
-900,-489
-948,-525
-924,-505
-952,-531
-992,-543
-976,-517
-920,-507
-996,-545
-900,-497
-908,-497
-912,-495
-1012,-521
-800,-431
-848,-475
-884,-465
-896,-449
-908,-459
-964,-479
-888,-445
-888,-459
-916,-469
-884,-467
-900,-429
-856,-437
-888,-473
-884,-451
-980,-521
-1032,-553
-952,-515
-916,-481
-936,-489
-920,-491
-908,-467
-976,-489
-992,-471
-832,-397
-800,-387
-880,-393
-824,-365
-836,-359
-888,-433
-796,-423
-868,-439
-836,-439
-812,-419
-840,-387
-804,-333
-792,-347
-816,-383
-816,-421
-816,-401
-820,-401
-780,-397
-768,-339
-792,-357
-760,-331
-812,-423
-796,-403
-728,-341
-732,-317
-852,-379
-828,-377
-796,-327
-796,-313
-836,-337
-788,-323
-848,-309
-804,-291
-884,-365
-820,-367
-820,-359
-788,-305
-788,-323
-800,-333
-804,-365
-860,-409
-844,-463
-880,-469
-916,-505
-924,-517
-924,-521
-940,-517
-948,-535
-980,-537
-908,-513
-880,-455
-896,-461
-912,-497
-996,-511
-860,-467
-852,-491
-916,-477
-912,-463
-888,-393
-936,-425
-912,-479
-888,-479
-876,-477
-780,-405
-772,-385
-792,-411
-900,-477
-856,-427
-880,-451
-932,-473
-872,-449
-964,-507
-944,-487
-920,-491
-972,-535
-992,-521
-884,-489
-728,-393
-780,-401
-776,-441
-960,-517
-844,-469
-872,-455
-916,-487
-916,-503
-956,-533
-912,-503
-928,-525
-892,-505
-988,-535
-928,-499
-916,-481
-904,-483
-912,-483
-836,-413
-868,-435
-852,-423
-884,-449
-896,-421
-852,-391
-812,-373
-900,-445
-908,-445
-856,-431
-912,-483
-900,-493
-952,-525
-844,-463
-844,-425
-884,-429
-836,-381
-808,-329
-820,-315
-772,-333
-824,-339
-828,-325
-832,-339
-856,-327
-828,-335
-828,-315
-820,-255
-820,-233
-844,-263
-796,-265
-820,-333
-812,-317
-804,-333
-820,-361
-748,-381
-728,-381
-860,-419
-952,-473
-804,-439
-844,-471
-920,-499
-968,-529
-984,-543
-944,-517
-864,-479
-896,-493
-948,-511
-1016,-559
-884,-383
-872,-331
-796,-307
-784,-253
-808,-295
-784,-237
-800,-285
-824,-299
-772,-289
-760,-267
-880,-187
-820,-173
-828,-183
-788,-159
-776,-249
-792,-237
-788,-281
-832,-281
-776,-271
-836,-225
-776,-213
-676,-223
-768,-197
-816,-125
-816,-229
-732,-207
-752,-183
-776,-173
-808,-227
-844,-295
-820,-295
-792,-299
-864,-337
-840,-325
-844,-307
-804,-257
-828,-193
-820,-193
-812,-183
-860,-115
-820,-109
-808,-91
-816,-147
-852,-191
-844,-237
-764,-229
-696,-171
-780,-123
-824,-113
-780,-73
-780,-107
-804,-165
-832,-159
-768,-77
-748,-69
-708,1
-744,-95
-760,-113
-772,-103
-760,-97
-800,-167
-808,-185
-800,-159
-836,-73
-764,-67
-792,-73
-828,-1
-812,-37
-776,-41
-796,-59
-724,-49
-756,-51
-804,-75
-792,-47
-776,-59
-780,-61
-720,-37
-736,-73
-704,-15
-728,-11
-752,61
-844,93
-756,3
-752,-29
-708,-57
-756,-81
-720,-83
-756,-165
-712,-187
-824,-177
-820,-301
-804,-313
-816,-331
-800,-231
-844,-213
-852,-293
-856,-357
-900,-373
-816,-343
-812,-295
-880,-309
-852,-313
-840,-321
-912,-371
-856,-339
-876,-381
-908,-403
-836,-371
-816,-337
-928,-391
-892,-415
-800,-405
-904,-447
-864,-461
-864,-447
-816,-439
-888,-457
-884,-459
-888,-475
-872,-461
-836,-427
-852,-419
-824,-431
-884,-439
-816,-413
-868,-433
-872,-471
-916,-487
-844,-471
-856,-463
-864,-381
-788,-379
-824,-387
-740,-357
-828,-407
-772,-379
-816,-319
-800,-243
-848,-227
-852,-269
-872,-195
-772,-201
-784,-155
-732,-135
-824,-163
-784,-177
-808,-241
-768,-227
-836,-287
-868,-355
-916,-345
-896,-329
-856,-299
-876,-303
-908,-323
-892,-357
-868,-317
-844,-271
-812,-237
-804,-247
-920,-251
-788,-239
-692,-163
-732,-215
-648,-125
-744,-199
-748,-291
-712,-281
-652,-283
-768,-393
-840,-411
-852,-365
-840,-331
-788,-331
-824,-379
-844,-395
-868,-425
-928,-467
-932,-455
-888,-447
-944,-439
-936,-397
-904,-347
-876,-393
-812,-337
-908,-393
-876,-379
-856,-395
-892,-419
-948,-429
-860,-423
-836,-419
-812,-395
-848,-393
-964,-489
-940,-507
-936,-505
-916,-481
-948,-495
-920,-485
-960,-489
-972,-499
-1008,-505
-912,-493
-888,-479
-892,-477
-848,-433
-896,-487
-952,-507
-996,-517
-936,-503
-876,-465
-868,-437
-872,-403
-868,-365
-808,-279
-776,-237
-792,-273
-776,-299
-788,-323
-784,-211
-820,-217
-784,-161
-780,-123
-820,-201
-848,-209
-792,-191
-796,-197
-804,-181
-836,-193
-852,-221
-832,-209
-828,-269
-772,-279
-748,-247
-796,-273
-712,-247
-684,-219
-748,-211
-812,-285
-816,-311
-876,-375
-828,-451
-908,-471
-880,-459
-828,-419
-896,-485
-888,-475
-868,-495
-900,-483
-952,-501
-888,-461
-884,-467
-848,-433
-892,-453
-948,-495
-836,-407
-852,-435
-892,-477
-916,-481
-804,-405
-848,-405
-880,-421
-916,-477
-936,-491
-988,-527
-988,-543
-916,-501
-928,-517
-916,-489
-908,-503
-900,-479
-992,-533
-1052,-567
-984,-533
-960,-529
-932,-497
-972,-507
-972,-509
-1000,-529
-936,-481
-960,-509
-960,-535
-996,-549
-912,-517
-908,-499
-1008,-547
-928,-485
-828,-429
-864,-439
-836,-433
-764,-307
-776,-263
-780,-327
-768,-331
-832,-347
-816,-305
-832,-303
-788,-299
-764,-325
-792,-339
-928,-405
-844,-421
-792,-397
-812,-383
-784,-397
-764,-347
-872,-459
-904,-457
-932,-499
-920,-515
-988,-539
-968,-543
-956,-531
-1020,-531
-1008,-533
-1032,-559
-980,-533
-996,-545
-956,-543
-1004,-555
-952,-531
-944,-527
-932,-519
-992,-539
-912,-499
-940,-529
-992,-541
-980,-527
-936,-497
-856,-469
-900,-511
-908,-495
-956,-513
-952,-523
-968,-505
-880,-393
-840,-381
-848,-373
-784,-327
-720,-297
-788,-315
-808,-319
-780,-301
-784,-357
-832,-395
-876,-409
-832,-425
-848,-411
-836,-435
-780,-395
-816,-467
-896,-475
-884,-493
-972,-537
-936,-515
-904,-499
-888,-487
-936,-495
-848,-437
-932,-495
-976,-515
-940,-501
-876,-501
-920,-509
-1060,-567
-992,-515
-964,-507
-952,-503
-964,-507
-972,-523
-992,-515
-932,-503
-896,-489
-932,-481
-940,-513
-960,-523
-932,-513
-880,-493
-904,-477
-844,-403
-904,-495
-940,-525
-980,-531
-900,-499
-948,-515
-976,-529
-928,-523
-928,-519
-920,-503
-928,-497
-1012,-521
-944,-517
-976,-531
-868,-473
-916,-487
-1020,-549
-904,-501
-868,-487
-880,-481
-984,-525
-1012,-547
-1060,-567
-960,-537
-1016,-559
-924,-517
-988,-537
-1000,-537
-892,-473
-864,-425
-928,-473
-876,-439
-888,-387
-800,-341
-832,-397
-836,-367
-920,-421
-908,-425
-892,-397
-872,-385
-904,-425
-880,-411
-836,-407
-896,-413
-948,-407
-928,-435
-880,-445
-892,-487
-976,-509
-952,-517
-924,-515
-972,-527
-1008,-537
-932,-525
-924,-503
-972,-539
-916,-505
-924,-513
-876,-465
-884,-461
-892,-479
-872,-473
-956,-521
-1028,-549
-992,-529
-1084,-569
-1008,-555
-1044,-561
-1004,-549
-968,-539
-960,-501
-916,-481
-948,-503
-884,-459
-908,-487
-872,-479
-916,-471
-992,-515
-992,-539
-916,-497
-928,-523
-948,-521
-948,-493
-932,-503
-860,-449
-872,-443
-928,-455
-920,-441
-900,-437
-924,-413
-824,-427
-888,-447
-896,-461
-836,-401
-812,-407
-868,-463
-912,-495
-868,-471
-872,-477
-944,-481
-940,-501
-868,-451
-924,-485
-944,-497
-860,-451
-908,-473
-888,-467
-920,-489
-932,-487
-948,-499
-896,-467
-864,-445
-832,-425
-824,-435
-768,-403
-808,-387
-828,-399
-820,-395
-816,-381
-828,-421
-768,-387
-840,-391
-904,-393
-832,-357
-772,-363
-772,-401
-816,-413
-848,-455
-920,-497
-896,-503
-928,-523
-1012,-549
-1052,-557
-1020,-547
-1004,-539
-944,-495
-924,-465
-836,-413
-852,-427
-860,-421
-820,-433
-748,-355
-768,-347
-884,-435
-868,-447
-872,-459
-856,-443
-876,-441
-792,-379
-756,-357
-860,-459
-896,-441
-880,-399
-852,-379
-784,-325
-832,-369
-776,-327
-756,-307
-768,-261
-752,-213
-664,-161
-720,-217
-808,-343
-824,-391
-872,-433
-820,-355
-748,-319
-888,-339
-824,-343
-804,-327
-836,-257
-836,-241
-844,-249
-788,-203
-796,-239
-796,-207
-828,-199
-788,-197
-840,-81
-792,-79
-776,-117
-764,-81
-776,13
-904,-81
-848,-145
-852,-151
-776,-105
-804,-45
-816,-109
-740,-39
-732,-65
-728,-113
-700,-135
-708,-189
-688,-167
-744,-261
-792,-307
-792,-341
-768,-359
-776,-343
-844,-369
-740,-339
-824,-383
-916,-447
-912,-445
-848,-425
-828,-403
-868,-437
-904,-491
-876,-493
-924,-507
-952,-533
-968,-527
-1012,-537
-1048,-553
-912,-509
-904,-507
-924,-497
-912,-499
-908,-499
-960,-515
-932,-515
-952,-513
-848,-439
-876,-479
-936,-507
-1012,-545
-1008,-547
-948,-527
-1020,-547
-924,-509
-908,-487
-892,-469
-820,-405
-880,-463
-864,-471
-848,-441
-920,-499
-976,-491
-956,-515
-920,-501
-976,-531
-904,-503
-872,-469
-896,-477
-912,-501
-1060,-577
-1036,-555
-892,-497
-916,-501
-812,-451
-936,-519
-884,-485
-864,-467
-912,-491
-944,-497
-848,-435
-852,-433
-916,-455
-904,-447
-940,-479
-932,-487
-872,-461
-852,-441
-780,-415
-880,-469
-836,-403
-872,-395
-812,-331
-852,-319
-832,-323
-840,-371
-920,-319
-880,-295
-844,-335
-828,-345
-840,-369
-896,-391
-800,-319
-840,-317
-880,-331
-852,-369
-816,-337
-748,-345
-720,-357
-760,-309
-848,-331
-896,-361
-864,-383
-832,-385
-776,-317
-796,-371
-808,-359
-920,-377
-924,-381
-932,-407
-908,-461
-944,-507
-892,-459
-960,-497
-904,-455
-828,-431
-864,-447
-924,-471
-960,-499
-964,-505
-936,-463
-840,-453
-896,-487
-896,-471
-920,-495
-852,-469
-900,-483
-860,-471
-872,-481
-864,-453
-1012,-541
-904,-481
-892,-445
-820,-353
-784,-351
-744,-335
-800,-349
-816,-355
-816,-367
-780,-385
-732,-361
-748,-353
-780,-337
-784,-329
-808,-355
-792,-363
-860,-389
-820,-357
-816,-275
-800,-253
-736,-263
-736,-297
-732,-303
-764,-329
-736,-341
-864,-453
-816,-411
-824,-377
-828,-351
-864,-335
-868,-315
-888,-361
-876,-343
-908,-369
-936,-357
-828,-353
-948,-439
-900,-377
-880,-361
-844,-309
-752,-303
-848,-355
-876,-413
-916,-495
-1032,-553
-988,-521
-952,-497
-952,-505
-952,-495
-920,-507
-960,-531
-892,-495
-824,-459
-852,-467
-848,-463
-976,-537
-996,-541
-1052,-569
-1024,-553
-980,-543
-948,-525
-968,-525
-1064,-565
-972,-497
-868,-481
-932,-521
-928,-523
-888,-481
-936,-499
-864,-451
-860,-457
-916,-475
-924,-487
-964,-497
-868,-439
-848,-407
-836,-415
-884,-443
-864,-421
-904,-441
-916,-435
-920,-449
-920,-469
-916,-465
-852,-455
-912,-499
-840,-443
-828,-387
-728,-319
-788,-407
-848,-389
-804,-385
-752,-271
-712,-309
-728,-325
-820,-377
-816,-329
-884,-429
-948,-471
-932,-495
-864,-475
-924,-501
-1044,-551
-1044,-559
-1024,-553
-936,-517
-1012,-529
-964,-531
-984,-537
-896,-495
-984,-531
-948,-505
-876,-463
-896,-461
-956,-491
-1028,-549
-984,-541
-1008,-555
-972,-529
-944,-523
-856,-489
-900,-505
-944,-521
-908,-509
-908,-513
-964,-509
-1032,-539
-960,-521
-924,-491
-900,-481
-916,-475
-956,-513
-932,-509
-936,-519
-984,-515
-1004,-533
-980,-509
-972,-489
-928,-487
-976,-501
-1036,-551
-1072,-561
-1028,-553
-1020,-553
-944,-529
-968,-529
-976,-537
-964,-517
-916,-499
-952,-511
-872,-483
-792,-435
-760,-413
-832,-423
-812,-403
-864,-353
-840,-391
-860,-441
-884,-477
-832,-443
-908,-475
-768,-345
-792,-383
-788,-409
-820,-473
-964,-525
-960,-489
-964,-487
-912,-447
-880,-459
-880,-473
-860,-443
-908,-403
-944,-435
-864,-395
-772,-323
-692,-315
-760,-379
-832,-411
-844,-403
-944,-453
-884,-395
-812,-365
-896,-415
-860,-437
-876,-433
-904,-427
-856,-441
-920,-489
-900,-479
-828,-429
-836,-411
-744,-381
-864,-447
-888,-461
-984,-507
-940,-483
-864,-443
-872,-417
-832,-367
-836,-379
-896,-423
-920,-443
-880,-469
-972,-517
-976,-521
-960,-523
-960,-539
-920,-509
-908,-491
-916,-475
-884,-495
-956,-519
-840,-459
-908,-499
-944,-501
-952,-509
-1028,-543
-1032,-551
-960,-507
-900,-501
-916,-507
-964,-531
-996,-539
-936,-525
-920,-507
-952,-523
-936,-505
-1000,-543
-916,-509
-956,-529
-940,-493
-888,-443
-976,-499
-980,-505
-988,-547
-1004,-529
-960,-521
-984,-535
-988,-523
-1004,-547
-944,-525
-940,-519
-912,-499
-948,-501
-1012,-537
-856,-459
-948,-521
-996,-531
-1004,-545
-980,-531
-1068,-571
-1056,-535
-980,-515
-940,-527
-900,-505
-964,-513
-944,-529
-860,-477
-896,-489
-856,-433
-920,-493
-932,-517
-920,-505
-940,-517
-876,-453
-924,-473
-936,-491
-936,-501
-908,-505
-852,-461
-876,-469
-952,-515
-960,-521
-900,-479
-900,-509
-908,-515
-972,-533
-1024,-527
-996,-517
-912,-503
-804,-407
-836,-441
-828,-459
-880,-463
-808,-437
-868,-459
-856,-425
-812,-405
-924,-471
-848,-429
-896,-487
-920,-483
-904,-487
-876,-451
-868,-417
-840,-441
-932,-471
-920,-487
-1040,-545
-968,-541
-960,-505
-996,-531
-896,-487
-884,-459
-860,-451
-960,-527
-940,-505
-888,-479
-956,-493
-884,-433
-828,-385
-836,-355
-836,-319
-732,-255
-736,-303
-800,-321
-848,-389
-808,-375
-836,-355
-808,-335
-808,-375
-764,-321
-752,-329
-796,-407
-824,-457
-912,-481
-940,-495
-944,-501
-944,-505
-904,-457
-888,-471
-908,-459
-956,-513
-952,-521
-876,-499
-884,-489
-912,-503
-1000,-543
-996,-555
-1044,-563
-920,-493
-856,-461
-920,-477
-984,-525
-988,-537
-936,-515
-948,-533
-976,-535
-976,-533
-916,-481
-900,-469
-884,-451
-916,-489
-976,-509
-936,-487
-916,-455
-796,-365
-812,-349
-848,-365
-868,-381
-832,-369
-824,-311
-892,-313
-872,-295
-776,-271
-872,-271
-892,-315
-884,-327
-812,-269
-852,-315
-908,-349
-848,-301
-808,-279
-820,-337
-780,-337
-808,-351
-788,-331
-824,-367
-860,-449
-904,-485
-908,-507
-996,-535
-984,-529
-1020,-557
-1036,-555
-1048,-569
-1024,-559
-980,-531
-1008,-551
-1020,-559
-1028,-533
-920,-473
-784,-397
-792,-419
-928,-471
-884,-403
-820,-355
-788,-315
-856,-321
-860,-329
-804,-313
-820,-303
-856,-295
-768,-251
-820,-195
-796,-227
-780,-251
-836,-267
-728,-207
-776,-249
-836,-245
-828,-301
-840,-297
-804,-289
-760,-263
-804,-217
-776,-287
-804,-279
-840,-391
-856,-399
-868,-417
-812,-337
-804,-331
-816,-371
-760,-347
-776,-341
-788,-371
-860,-389
-860,-383
-828,-397
-796,-367
-848,-453
-908,-503
-956,-515
-936,-501
-904,-497
-952,-501
-992,-537
-940,-499
-920,-475
-916,-509
-820,-463
-956,-487
-976,-477
-888,-443
-792,-373
-836,-335
-768,-341
-832,-381
-888,-411
-900,-397
-852,-397
-788,-373
-800,-351
-792,-317
-808,-315
-848,-337
-864,-375
-824,-361
-760,-291
-800,-315
-848,-357
-816,-329
-892,-365
-864,-391
-880,-383
-912,-411
-828,-389
-812,-319
-824,-345
-868,-351
-904,-417
-896,-427
-912,-437
-908,-449
-896,-367
-896,-409
-868,-435
-928,-467
-940,-463
-936,-507
-904,-481
-956,-495
-868,-437
-948,-491
-948,-491
-884,-455
-924,-455
-892,-441
-920,-479
-888,-449
-932,-453
-852,-439
-908,-473
-848,-445
-828,-441
-908,-465
-880,-393
-860,-385
-800,-389
-824,-397
-848,-403
-900,-451
-984,-491
-1024,-545
-836,-423
-924,-479
-984,-531
-952,-527
-896,-487
-872,-465
-896,-473
-864,-469
-912,-505
-852,-435
-872,-473
-952,-465
-908,-419
-892,-461
-864,-457
-928,-489
-904,-447
-940,-457
-892,-441
-784,-361
-840,-301
-868,-351
-964,-473
-912,-457
-860,-431
-836,-431
-864,-417
-892,-471
-948,-497
-972,-495
-952,-471
-876,-419
-936,-491
-912,-503
-860,-489
-880,-475
-876,-465
-944,-515
-952,-511
-920,-477
-904,-449
-808,-405
-848,-423
-876,-489
-816,-469
-776,-421
-860,-457
-868,-447
-904,-481
-848,-469
-884,-481
-940,-499
-828,-405
-704,-315
-708,-297
-732,-337
-800,-383
-784,-405
-872,-445
-908,-489
-916,-509
-940,-525
-968,-535
-980,-495
-988,-523
-900,-475
-988,-487
-924,-461
-868,-441
-824,-401
-868,-411
-916,-461
-888,-463
-840,-421
-836,-427
-796,-359
-792,-395
-852,-425
-892,-451
-832,-427
-848,-409
-840,-383
-860,-393
-800,-313
-892,-413
-944,-443
-920,-425
-920,-505
-896,-493
-912,-499
-1008,-543
-888,-493
-896,-477
-848,-455
-832,-449
-836,-453
-824,-429
-880,-485
-888,-503
-848,-459
-788,-419
-752,-391
-828,-415
-880,-409
-864,-437
-872,-435
-792,-357
-744,-287
-796,-261
-820,-259
-812,-287
-760,-263
-764,-251
-776,-185
-848,-215
-820,-165
-836,-217
-884,-287
-884,-323
-928,-361
-940,-367
-920,-405
-840,-383
-896,-415
-880,-433
-876,-441
-860,-433
-924,-473
-856,-467
-852,-459
-944,-509
-916,-511
-948,-515
-876,-435
-880,-431
-1028,-477
-932,-495
-924,-505
-976,-519
-928,-507
-944,-537
-936,-523
-940,-521
-840,-429
-932,-483
-932,-491
-868,-439
-808,-409
-824,-375
-736,-359
-820,-427
-912,-455
-920,-455
-964,-453
-860,-433
-912,-431
-836,-389
-944,-481
-876,-467
-876,-411
-808,-341
-820,-345
-840,-349
-772,-341
-756,-319
-804,-359
-812,-375
-840,-455
-812,-433
-836,-399
-880,-463
-920,-477
-980,-503
-968,-521
-1016,-541
-908,-471
-988,-515
-944,-517
-1016,-545
-996,-543
-936,-505
-960,-543
-968,-537
-996,-539
-988,-545
-972,-529
-1032,-559
-980,-535
-904,-505
-920,-473
-896,-471
-836,-407
-904,-439
-916,-427
-904,-431
-876,-367
-896,-463
-820,-427
-780,-409
-840,-449
-800,-465
-852,-489
-920,-515
-940,-533
-828,-473
-900,-493
-892,-505
-912,-491
-940,-515
-992,-535
-936,-517
-884,-485
-836,-433
-916,-507
-848,-467
-912,-491
-920,-495
-996,-527
-1056,-561
-916,-495
-948,-507
-916,-485
-904,-451
-780,-389
-892,-483
-836,-449
-880,-481
-912,-495
-908,-445
-848,-429
-872,-415
-840,-371
-864,-363
-932,-379
-888,-373
-868,-409
-856,-439
-880,-439
-892,-479
-1020,-515
-996,-507
-940,-451
-900,-449
-868,-439
-932,-445
-884,-433
-872,-445
-920,-485
-844,-465
-868,-451
-840,-421
-884,-469
-884,-485
-864,-463
-868,-453
-900,-491
-980,-519
-884,-483
-1028,-553
-1064,-579
-984,-507
-992,-515
-912,-489
-876,-471
-884,-463
-976,-503
-972,-525
-940,-537
-1024,-551
-952,-523
-948,-515
-892,-465
-940,-501
-928,-509
-948,-509
-956,-503
-944,-521
-920,-479
-812,-453
-880,-449
-888,-455
-908,-491
-936,-499
-1020,-547
-960,-529
-940,-527
-900,-495
-892,-461
-864,-479
-908,-465
-904,-413
-868,-375
-840,-409
-880,-445
-888,-449
-960,-499
-980,-497
-904,-453
-904,-455
-912,-461
-852,-423
-880,-473
-860,-467
-944,-527
-864,-477
-908,-505
-864,-461
-892,-459
-872,-449
-768,-377
-788,-395
-900,-477
-908,-485
-984,-533
-992,-537
-1016,-549
-1020,-549
-1004,-527
-952,-539
-940,-519
-912,-489
-872,-467
-988,-539
-952,-533
-972,-539
-944,-521
-892,-461
-876,-445
-848,-411
-892,-441
-920,-483
-864,-475
-876,-487
-936,-513
-960,-527
-984,-543
-980,-533
-980,-507
-904,-481
-864,-459
-976,-531
-940,-525
-972,-543
-964,-529
-984,-519
-940,-477
-896,-415
-892,-419
-892,-395
-868,-415
-832,-375
-844,-401
-856,-443
-952,-473
-888,-441
-860,-447
-748,-407
-816,-427
-796,-407
-748,-381
-820,-423
-852,-473
-868,-485
-920,-519
-972,-537
-964,-513
-996,-547
-924,-523
-924,-515
-892,-495
-816,-449
-888,-477
-888,-441
-796,-425
-888,-467
-844,-441
-852,-461
-844,-455
-932,-489
-892,-469
-872,-457
-944,-515
-932,-509
-872,-495
-844,-469
-948,-513
-924,-481
-872,-467
-876,-455
-1036,-509
-1016,-475
-928,-455
-948,-495
-936,-491
-916,-475
-1004,-513
-1000,-521
-916,-467
-900,-483
-872,-439
-888,-457
-852,-419
-900,-411
-936,-397
-820,-393
-732,-347
-828,-327
-920,-319
-784,-255
-808,-167
-692,-85
-732,-59
-764,-133
-784,-111
-796,-91
-800,-199
-824,-321
-924,-403
-928,-443
-904,-431
-856,-455
-900,-451
-944,-477
-960,-477
-1004,-507
-1044,-531
-928,-501
-912,-499
-964,-537
-948,-529
-916,-503
-1008,-547
-1032,-559
-1008,-549
-1000,-545
-988,-541
-960,-533
-984,-533
-952,-535
-884,-487
-868,-473
-872,-435
-800,-369
-908,-447
-908,-447
-868,-435
-904,-469
-884,-473
-896,-481
-880,-485
-976,-535
-992,-507
-1004,-517
-908,-455
-928,-517
-968,-521
-968,-509
-896,-465
-924,-491
-812,-443
-852,-457
-860,-455
-856,-423
-868,-417
-884,-425
-892,-451
-912,-485
-844,-455
-900,-443
-896,-437
-788,-409
-828,-411
-956,-471
-928,-487
-916,-475
-888,-467
-880,-453
-900,-437
-928,-469
-924,-483
-904,-449
-836,-439
-848,-431
-888,-453
-776,-387
-828,-387
-856,-395
-804,-369
-820,-317
-796,-275
-776,-247
-756,-215
-748,-241
-756,-297
-820,-311
-844,-383
-936,-431
-940,-497
-928,-491
-888,-497
-916,-487
-952,-501
-828,-435
-792,-413
-780,-395
-780,-369
-840,-441
-836,-443
-948,-491
-896,-475
-832,-483
-812,-419
-896,-457
-988,-497
-936,-491
-996,-527
-956,-511
-952,-525
-976,-529
-1016,-541
-944,-509
-960,-537
-996,-541
-888,-495
-908,-507
-1000,-547
-908,-495
-936,-497
-904,-477
-908,-451
-948,-481
-896,-469
-852,-451
-920,-479
-868,-459
-892,-485
-928,-491
-928,-501
-864,-463
-892,-459
-880,-489
-888,-493
-904,-495
-992,-533
-980,-531
-992,-541
-884,-429
-832,-413
-844,-425
-880,-459
-828,-419
-804,-405
-768,-413
-824,-431
-912,-471
-824,-419
-836,-419
-884,-461
-872,-471
-896,-477
-888,-479
-992,-529
-948,-505
-948,-517
-928,-477
-888,-443
-868,-399
-872,-371
-888,-417
-920,-409
-992,-481
-932,-433
-932,-403
-856,-397
-864,-411
-888,-403
-868,-403
-928,-397
-892,-417
-972,-451
-856,-393
-856,-389
-876,-397
-896,-389
-920,-419
-868,-413
-764,-315
-732,-283
-740,-259
-720,-283
-760,-303
-816,-341
-868,-393
-844,-399
-856,-393
-836,-377
-808,-381
-872,-413
-812,-391
-796,-389
-800,-361
-772,-317
-844,-381
-860,-429
-848,-353
-944,-401
-872,-423
-856,-435
-908,-427
-900,-427
-788,-333
-808,-337
-916,-377
-928,-411
-808,-329
-792,-313
-752,-319
-824,-331
-848,-355
-868,-341
-868,-349
-788,-369
-788,-361
-808,-393
-812,-421
-804,-367
-788,-383
-788,-357
-792,-371
-848,-411
-844,-433
-864,-439
-904,-477
-888,-497
-860,-485
-924,-477
-976,-489
-824,-425
-884,-453
-740,-337
-788,-357
-880,-455
-896,-461
-864,-469
-900,-495
-952,-503
-968,-519
-928,-517
-904,-479
-1000,-517
-884,-479
-840,-477
-940,-521
-856,-479
-960,-511
-992,-539
-988,-543
-928,-509
-940,-511
-872,-485
-880,-489
-964,-515
-904,-475
-884,-475
-888,-461
-884,-451
-864,-451
-856,-449
-788,-419
-788,-413
-844,-421
-856,-359
-940,-437
-976,-469
-936,-463
-852,-401
-832,-369
-872,-383
-844,-395
-896,-445
-912,-457
-896,-459
-968,-493
-1032,-559
-964,-527
-964,-499
-928,-485
-968,-497
-924,-491
-956,-533
-1000,-543
-952,-517
-924,-477
-900,-471
-832,-427
-832,-391
-876,-435
-968,-493
-1000,-517
-944,-515
-920,-505
-916,-499
-916,-483
-908,-497
-1016,-527
-1028,-549
-996,-547
-1000,-547
-884,-479
-824,-445
-852,-433
-900,-461
-904,-461
-840,-447
-776,-427
-804,-439
-792,-421
-804,-453
-828,-451
-948,-521
-932,-525
-884,-487
-908,-443
-872,-443
-896,-441
-832,-455
-868,-475
-848,-453
-884,-455
-836,-411
-832,-403
-808,-405
-888,-427
-828,-411
-832,-393
-828,-363
-788,-323
-868,-409
-940,-455
-844,-451
-864,-469
-836,-443
-848,-433
-860,-449
-912,-461
-900,-473
-844,-447
-920,-499
-948,-429
-856,-413
-904,-453
-888,-419
-880,-433
-840,-371
-948,-431
-932,-389
-776,-335
-852,-369
-848,-353
-860,-311
-824,-299
-808,-279
-764,-277
-732,-257
-800,-229
-844,-169
-844,-207
-824,-211
-788,-209
-808,-93
-788,-21
-788,23
-832,55
-844,99
-792,165
-792,175
-820,161
-808,109
-680,171
-800,231
-716,229
-688,249
-752,239
-816,267
-840,299
-776,291
-816,327
-852,401
-832,409
-776,367
-732,369
-720,369
-688,335
-752,339
-720,301
-804,335
-804,433
-884,377
-852,345
-808,361
-904,393
-764,315
-796,303
-764,199
-724,233
-720,239
-796,337
-744,317
-764,337
-892,351
-820,297
-904,317
-884,365
-860,317
-836,353
-848,339
-848,353
-820,299
-764,277
-776,319
-840,297
-780,257
-824,245
-852,193
-784,117
-756,65
-736,105
-664,135
-788,307
-836,297
-740,333
-800,367
-868,399
-872,419
-888,455
-928,491
-888,477
-888,481
-996,525
-884,461
-908,451
-868,473
-904,481
-872,479
-884,459
-852,433
-812,443
-808,423
-932,481
-880,473
-960,521
-928,513
-856,457
-844,475
-812,467
-816,421
-800,385
-824,421
-904,485
-960,505
-916,497
-904,477
-976,497
-920,453
-872,449
-908,455
-924,463
-988,501
-924,469
-964,519
-896,467
-892,489
-896,461
-888,451
-876,367
-840,339
-832,355
-880,419
-916,405
-892,397
-952,429
-912,413
-832,383
-812,407
-904,463
-928,453
-916,451
-936,453
-828,391
-812,405
-852,461
-908,487
-964,525
-996,517
-936,495
-912,463
-848,439
-804,411
-836,437
-884,429
-860,453
-912,489
-996,519
-960,525
-868,493
-928,519
-900,511
-916,501
-912,481
-964,519
-980,541
-976,529
-956,527
-976,533
-1012,553
-960,531
-928,523
-1008,551
-1024,563
-1000,543
-948,507
-980,531
-960,507
-976,493
-852,385
-836,411
-828,341
-784,331
-816,365
-760,377
-820,375
-832,397
-888,441
-904,473
-972,515
-984,505
-924,487
-900,485
-880,487
-844,475
-896,493
-968,531
-996,557
-956,527
-896,507
-912,511
-920,511
-988,535
-956,523
-900,497
-980,523
-960,527
-956,527
-952,517
-1016,535
-868,465
-944,457
-920,465
-856,443
-936,483
-944,497
-964,513
-976,539
-976,525
-940,501
-940,499
-984,523
-1044,549
-1008,539
-976,519
-952,497
-948,511
-960,461
-912,473
-908,435
-856,389
-872,441
-932,481
-848,463
-852,457
-876,467
-912,453
-808,399
-808,439
-824,459
-748,419
-892,489
-928,483
-896,453
-840,387
-832,345
-884,375
-876,427
-824,389
-784,345
-888,411
-876,385
-896,423
-976,509
-928,487
-888,481
-848,439
-916,487
-980,535
-908,497
-960,505
-944,501
-876,449
-848,437
-868,413
-920,451
-840,395
-856,415
-852,419
-908,457
-840,447
-912,453
-1000,523
-992,539
-1048,545
-960,529
-988,537
-896,507
-892,495
-864,443
-868,457
-784,431
-864,429
-844,425
-856,423
-828,389
-824,399
-860,423
-908,479
-876,455
-848,455
-880,457
-940,489
-968,499
-916,449
-976,505
-916,509
-932,491
-904,485
-940,513
-928,493
-976,511
-940,465
-892,443
-864,449
-844,443
-868,445
-968,509
-940,515
-952,529
-952,527
-980,543
-972,533
-964,531
-836,407
-804,389
-768,365
-764,369
-812,383
-888,413
-816,405
-824,371
-816,375
-788,323
-780,289
-756,283
-756,361
-816,371
-752,295
-784,227
-788,241
-784,313
-724,257
-732,169
-696,181
-712,171
-772,163
-784,95
-804,79
-752,89
-836,113
-836,77
-756,111
-820,97
-776,97
-720,51
-740,99
-720,47
-740,-87
-792,-139
-772,-201
-756,-231
-780,-211
-656,-105
-748,-117
-760,-167
-756,-207
-756,-237
-796,-267
-852,-331
-860,-435
-868,-461
-856,-415
-832,-385
-816,-365
-792,-363
-896,-439
-872,-437
-916,-465
-868,-463
-880,-463
-848,-455
-920,-501
-936,-499
-964,-519
-952,-497
-976,-541
-1016,-537
-988,-499
-924,-485
-996,-541
-1132,-593
-1052,-569
-1012,-547
-892,-459
-848,-387
-776,-351
-836,-359
-804,-307
-764,-349
-852,-343
-884,-325
-864,-327
-904,-333
-904,-289
-876,-319
-868,-333
-712,-245
-816,-299
-852,-331
-824,-375
-780,-355
-764,-347
-696,-335
-756,-323
-840,-383
-800,-351
-712,-343
-820,-431
-836,-405
-916,-423
-880,-387
-848,-409
-820,-385
-832,-417
-912,-455
-880,-441
-880,-443
-936,-505
-936,-489
-964,-529
-1008,-559
-904,-477
-896,-481
-928,-499
-904,-503
-948,-507
-928,-503
-932,-487
-940,-503
-932,-501
-844,-463
-928,-471
-972,-493
-860,-421
-804,-371
-852,-407
-852,-373
-840,-401
-840,-443
-856,-481
-960,-523
-940,-523
-960,-535
-920,-491
-888,-445
-892,-485
-908,-491
-900,-465
-824,-433
-852,-425
-808,-439
-836,-445
-920,-477
-892,-479
-924,-497
-856,-477
-864,-469
-908,-505
-916,-483
-924,-451
-948,-487
-940,-501
-960,-521
-952,-533
-964,-527
-924,-469
-924,-457
-904,-459
-916,-441
-812,-385
-808,-393
-804,-399
-788,-377
-808,-359
-800,-385
-780,-417
-808,-419
-740,-383
-908,-489
-908,-483
-996,-545
-952,-515
-980,-517
-960,-487
-1000,-511
-888,-475
-908,-489
-932,-507
-944,-499
-1004,-535
-944,-505
-940,-513
-936,-509
-876,-493
-972,-535
-912,-499
-868,-483
-956,-527
-888,-465
-836,-447
-840,-399
-868,-439
-916,-447
-844,-387
-840,-393
-888,-349
-824,-347
-844,-341
-740,-313
-856,-371
-936,-411
-848,-395
-856,-441
-900,-437
-852,-407
-756,-329
-788,-353
-820,-401
-744,-381
-792,-433
-900,-495
-928,-503
-932,-517
-836,-469
-848,-471
-900,-485
-948,-497
-880,-485
-824,-459
-876,-469
-768,-425
-888,-491
-832,-451
-808,-431
-864,-423
-840,-423
-928,-457
-856,-433
-872,-373
-804,-349
-784,-349
-816,-347
-816,-329
-760,-333
-800,-293
-820,-343
-780,-271
-828,-257
-896,-327
-872,-429
-884,-433
-904,-475
-928,-501
-888,-473
-924,-505
-912,-481
-836,-441
-776,-427
-740,-413
-852,-463
-900,-499
-992,-537
-952,-505
-948,-521
-868,-481
-1008,-539
-1016,-539
-1008,-559
-1052,-547
-964,-521
-936,-507
-948,-489
-916,-461
-860,-431
-876,-427
-860,-387
-840,-379
-848,-395
-796,-343
-804,-291
-756,-297
-764,-255
-788,-281
-768,-293
-772,-317
-772,-343
-756,-289
-760,-269
-760,-255
-712,-269
-740,-263
-772,-309
-780,-297
-804,-343
-864,-439
-864,-449
-892,-495
-936,-521
-980,-525
-952,-519
-1020,-551
-976,-525
-912,-499
-904,-457
-920,-447
-1000,-469
-816,-401
-788,-403
-876,-471
-924,-497
-988,-539
-904,-485
-912,-485
-892,-495
-892,-495
-900,-487
-872,-437
-824,-429
-844,-423
-816,-415
-904,-479
-916,-423
-860,-421
-956,-473
-936,-489
-940,-507
-864,-451
-832,-465
-892,-461
-868,-441
-904,-465
-844,-447
-848,-453
-884,-483
-856,-431
-864,-429
-952,-469
-848,-445
-836,-439
-808,-419
-928,-505
-956,-525
-992,-525
-1008,-541
-960,-493
-1000,-507
-1020,-517
-936,-487
-940,-519
-992,-515
-984,-517
-900,-505
-908,-487
-936,-501
-976,-517
-956,-503
-912,-467
-840,-431
-792,-383
-804,-439
-852,-457
-924,-489
-896,-481
-936,-485
-924,-489
-968,-499
-984,-511
-1032,-557
-940,-521
-912,-511
-824,-451
-832,-433
-888,-459
-852,-437
-852,-449
-816,-411
-832,-427
-968,-455
-944,-495
-984,-529
-1012,-533
-948,-505
-900,-491
-952,-525
-932,-505
-960,-505
-920,-499
-856,-467
-984,-539
-972,-537
-1040,-549
-956,-513
-880,-489
-816,-445
-848,-435
-820,-409
-872,-397
-884,-397
-820,-379
-892,-417
-884,-451
-900,-451
-784,-383
-772,-403
-680,-275
-744,-369
-832,-427
-848,-421
-860,-363
-796,-285
-752,-247
-736,-263
-800,-281
-808,-313
-856,-425
-940,-479
-956,-495
-940,-451
-920,-469
-888,-425
-860,-405
-892,-427
-872,-375
-868,-363
-900,-403
-852,-393
-800,-417
-892,-455
-936,-433
-860,-381
-884,-423
-900,-455
-928,-449
-860,-437
-892,-479
-868,-481
-892,-471
-876,-465
-884,-503
-872,-453
-848,-427
-916,-489
-996,-547
-1056,-569
-920,-521
-928,-515
-880,-475
-884,-495
-888,-495
-936,-511
-956,-515
-992,-531
-1012,-547
-920,-483
-952,-489
-896,-469
-964,-493
-864,-473
-860,-479
-896,-493
-868,-473
-912,-475
-964,-467
-956,-481
-860,-445
-804,-415
-796,-393
-836,-417
-820,-357
-768,-339
-796,-377
-824,-401
-868,-447
-912,-491
-972,-519
-896,-473
-848,-441
-860,-429
-948,-463
-960,-463
-880,-431
-764,-345
-788,-315
-844,-351
-896,-399
-912,-361
-820,-307
-844,-409
-876,-463
-912,-469
-896,-433
-912,-429
-860,-401
-812,-381
-832,-407
-840,-413
-880,-467
-924,-489
-872,-485
-840,-463
-940,-503
-960,-517
-940,-503
-892,-477
-924,-479
-920,-471
-928,-493
-932,-517
-964,-525
-968,-533
-876,-483
-896,-501
-924,-511
-916,-497
-908,-495
-904,-485
-948,-505
-956,-509
-908,-489
-888,-471
-936,-473
-948,-467
-932,-459
-924,-429
-876,-401
-896,-439
-900,-485
-912,-491
-932,-489
-984,-501
-976,-507
-896,-469
-924,-479
-884,-493
-960,-521
-988,-529
-940,-469
-904,-473
-876,-423
-828,-377
-796,-365
-824,-381
-812,-375
-780,-393
-808,-449
-928,-507
-980,-529
-916,-473
-832,-413
-896,-481
-828,-407
-916,-479
-964,-511
-960,-507
-988,-511
-928,-507
-952,-515
-1004,-539
-996,-537
-948,-523
-880,-471
-840,-425
-884,-415
-944,-433
-916,-455
-920,-401
-844,-429
-980,-503
-896,-467
-852,-455
-904,-489
-872,-475
-976,-521
-1040,-539
-924,-515
-896,-493
-864,-485
-968,-519
-992,-543
-1040,-549
-916,-497
-912,-475
-952,-515
-860,-447
-848,-457
-812,-407
-832,-437
-908,-471
-864,-459
-884,-457
-888,-463
-796,-377
-780,-319
-876,-343
-816,-351
-880,-411
-876,-411
-796,-325
-768,-353
-780,-329
-764,-313
-768,-307
-744,-207
-688,-263
-660,-225
-764,-293
-796,-263
-868,-337
-772,-267
-800,-265
-780,-281
-824,-275
-916,-357
-812,-337
-832,-349
-912,-407
-904,-387
-904,-389
-852,-425
-888,-425
-784,-391
-828,-439
-804,-421
-800,-397
-916,-437
-852,-421
-840,-403
-860,-421
-856,-457
-864,-411
-928,-505
-940,-499
-992,-529
-952,-503
-924,-469
-904,-465
-800,-385
-828,-389
-900,-431
-908,-401
-832,-373
-840,-365
-852,-379
-836,-377
-812,-323
-744,-287
-732,-231
-764,-223
-768,-187
-744,-219
-736,-261
-756,-245
-744,-183
-736,-163
-764,-153
-744,-113
-812,-85
-820,-139
-844,-117
-812,-87
-872,-61
-828,-49
-844,-23
-792,25
-692,71
-772,79
-732,103
-744,97
-712,93
-724,67
-708,23
-744,-35
-708,-41
-768,-21
-720,-47
-780,-73
-768,-83
-788,-97
-832,-225
-792,-217
-804,-217
-756,-267
-808,-311
-740,-303
-728,-289
-820,-379
-868,-423
-776,-399
-720,-343
-784,-371
-864,-441
-836,-467
-868,-475
-888,-513
-1000,-555
-932,-517
-932,-501
-956,-507
-940,-507
-936,-493
-856,-477
-848,-475
-868,-481
-940,-493
-960,-511
-956,-525
-856,-447
-832,-443
-820,-429
-784,-377
-816,-399
-900,-479
-1028,-549
-1000,-545
-884,-483
-988,-525
-884,-473
-808,-405
-876,-425
-836,-403
-944,-509
-968,-519
-916,-499
-896,-497
-868,-425
-876,-449
-872,-473
-940,-507
-980,-537
-960,-515
-980,-521
-980,-537
-856,-457
-776,-411
-800,-415
-880,-467
-932,-527
-932,-529
-948,-515
-980,-533
-1028,-527
-996,-519
-916,-501
-976,-529
-1004,-543
-940,-501
-944,-497
-920,-491
-992,-515
-932,-523
-900,-501
-904,-497
-884,-461
-832,-419
-808,-411
-784,-397
-788,-405
-740,-345
-684,-235
-756,-251
-776,-273
-780,-321
-764,-341
-792,-353
-816,-391
-792,-379
-860,-381
-752,-367
-792,-401
-704,-311
-776,-333
-788,-323
-816,-339
-904,-409
-840,-391
-816,-403
-884,-419
-872,-451
-812,-405
-872,-431
-940,-467
-888,-449
-916,-487
-876,-477
-952,-509
-940,-499
-920,-505
-948,-495
-928,-475
-832,-429
-848,-431
-788,-349
-836,-323
-848,-379
-864,-425
-840,-465
-952,-507
-920,-507
-856,-497
-812,-455
-956,-523
-928,-507
-996,-521
-992,-525
-952,-495
-848,-469
-808,-445
-816,-415
-844,-435
-844,-449
-812,-431
-872,-437
-852,-417
-844,-423
-876,-439
-952,-431
-884,-467
-792,-441
-840,-453
-824,-449
-940,-527
-884,-475
-876,-479
-920,-519
-936,-491
-928,-467
-880,-377
-868,-347
-860,-305
-868,-331
-856,-291
-856,-365
-864,-347
-964,-393
-896,-361
-884,-341
-908,-357
-908,-389
-836,-385
-760,-357
-804,-429
-836,-463
-828,-439
-824,-385
-904,-433
-900,-427
-908,-409
-832,-391
-880,-433
-940,-445
-956,-405
-892,-367
-860,-357
-920,-367
-904,-385
-884,-435
-896,-449
-904,-463
-932,-497
-932,-479
-964,-501
-944,-479
-944,-485
-992,-535
-896,-485
-936,-499
-936,-507
-996,-543
-1012,-529
-976,-529
-928,-513
-892,-493
-864,-461
-840,-437
-932,-509
-904,-515
-948,-537
-864,-489
-892,-491
-856,-475
-832,-459
-852,-449
-864,-455
-976,-531
-980,-531
-984,-533
-980,-527
-940,-495
-932,-517
-1036,-553
-1072,-577
-952,-529
-928,-523
-952,-527
-908,-505
-940,-485
-960,-465
-860,-451
-876,-491
-968,-535
-996,-543
-988,-523
-980,-519
-924,-511
-1020,-555
-1008,-539
-968,-533
-948,-513
-968,-493
-936,-525
-860,-473
-844,-441
-860,-469
-884,-497
-904,-485
-800,-437
-900,-473
-888,-437
-856,-417
-884,-429
-864,-427
-940,-503
-984,-523
-956,-529
-876,-453
-896,-469
-848,-455
-924,-509
-952,-499
-916,-471
-912,-497
-984,-533
-956,-505
-912,-451
-804,-437
-888,-457
-852,-449
-836,-405
-892,-399
-872,-403
-880,-411
-828,-387
-776,-295
-856,-295
-872,-327
-892,-353
-840,-299
-852,-309
-824,-321
-832,-329
-880,-313
-844,-299
-796,-269
-720,-285
-844,-293
-752,-273
-744,-215
-760,-191
-784,-239
-852,-341
-828,-361
-872,-363
-852,-347
-816,-369
-848,-433
-900,-455
-840,-411
-804,-401
-844,-409
-812,-383
-844,-371
-904,-443
-916,-461
-888,-461
-916,-483
-856,-459
-880,-457
-868,-445
-980,-521
-1016,-515
-960,-489
-912,-509
-1004,-553
-1020,-549
-984,-541
-932,-529
-992,-537
-860,-473
-832,-421
-876,-427
-912,-475
-872,-451
-880,-459
-940,-491
-908,-481
-920,-469
-988,-501
-916,-495
-1012,-533
-904,-515
-984,-549
-996,-539
-920,-507
-984,-521
-936,-523
-988,-537
-928,-511
-908,-497
-928,-495
-904,-511
-904,-505
-828,-443
-820,-419
-848,-411
-868,-451
-940,-477
-1008,-551
-984,-537
-1008,-549
-956,-533
-824,-451
-896,-503
-916,-517
-876,-467
-916,-445
-932,-411
-916,-421
-916,-481
-900,-463
-844,-443
-896,-483
-952,-537
-1020,-551
-940,-519
-1000,-529
-964,-521
-928,-485
-888,-447
-812,-455
-916,-503
-868,-479
-892,-479
-848,-467
-840,-397
-932,-453
-920,-437
-900,-479
-900,-451
-884,-399
-872,-391
-836,-413
-828,-413
-840,-403
-900,-421
-832,-407
-892,-423
-796,-399
-792,-405
-820,-391
-820,-413
-884,-481
-884,-481
-816,-443
-808,-445
-940,-501
-968,-521
-1020,-557
-1004,-543
-940,-513
-896,-489
-876,-465
-980,-523
-1048,-565
-960,-521
-964,-523
-888,-477
-896,-481
-956,-523
-952,-519
-896,-507
-856,-453
-880,-451
-840,-405
-848,-369
-864,-399
-912,-423
-844,-419
-880,-425
-928,-501
-880,-475
-884,-491
-940,-483
-880,-459
-880,-465
-924,-489
-984,-525
-944,-509
-892,-481
-880,-439
-828,-415
-820,-419
-744,-355
-860,-423
-840,-443
-804,-427
-844,-471
-840,-465
-792,-463
-816,-473
-792,-435
-792,-413
-784,-387
-824,-375
-800,-329
-768,-333
-788,-267
-812,-287
-792,-277
-812,-209
-748,-225
-752,-179
-696,-201
-760,-297
-832,-335
-836,-359
-876,-409
-940,-431
-948,-461
-908,-469
-856,-439
-856,-413
-848,-409
-820,-301
-792,-315
-748,-301
-852,-331
-820,-347
-816,-287
-804,-351
-880,-385
-812,-379
-816,-375
-800,-387
-808,-339
-836,-375
-904,-419
-860,-425
-880,-419
-880,-439
-884,-459
-888,-463
-952,-505
-972,-521
-976,-517
-960,-503
-904,-487
-976,-543
-992,-533
-908,-499
-936,-513
-1008,-543
-932,-507
-904,-487
-832,-443
-872,-457
-876,-487
-824,-431
-876,-463
-828,-407
-840,-463
-868,-421
-864,-435
-988,-531
-1004,-519
-1000,-527
-972,-515
-932,-499
-996,-541
-892,-483
-880,-465
-868,-457
-868,-449
-904,-471
-916,-479
-976,-517
-948,-515
-880,-503
-944,-531
-1008,-543
-1024,-541
-936,-531
-960,-517
-960,-519
-984,-531
-908,-519
-928,-515
-856,-455
-884,-483
-884,-469
-924,-487
-868,-455
-948,-493
-856,-435
-788,-409
-812,-401
-908,-443
-952,-461
-860,-431
-916,-437
-836,-409
-900,-369
-856,-333
-872,-333
-820,-365
-844,-389
-812,-363
-804,-317
-840,-341
-900,-341
-860,-359
-748,-345
-840,-367
-808,-361
-848,-361
-856,-379
-840,-371
-800,-371
-860,-343
-808,-311
-884,-357
-792,-349
-844,-323
-808,-305
-776,-323
-768,-323
-704,-319
-844,-419
-856,-391
-916,-425
-844,-417
-872,-417
-836,-417
-904,-451
-844,-401
-904,-429
-816,-375
-808,-403
-800,-411
-832,-433
-712,-351
-772,-361
-804,-411
-828,-439
-868,-427
-932,-457
-896,-417
-952,-433
-856,-401
-864,-391
-880,-449
-880,-461
-896,-471
-852,-449
-928,-451
-916,-431
-908,-447
-824,-385
-856,-375
-868,-397
-856,-433
-860,-375
-796,-363
-796,-323
-856,-411
-836,-423
-888,-457
-796,-387
-796,-391
-808,-371
-816,-339
-816,-375
-868,-395
-892,-375
-880,-391
-840,-383
-876,-415
-884,-393
-960,-483
-924,-489
-996,-531
-900,-473
-884,-427
-844,-387
-868,-449
-872,-471
-920,-495
-892,-459
-928,-507
-1036,-547
-936,-517
-960,-501
-896,-485
-944,-489
-900,-471
-844,-443
-876,-459
-908,-459
-924,-489
-940,-489
-920,-487
-952,-509
-868,-489
-888,-475
-992,-519
-968,-493
-916,-471
-884,-457
-896,-473
-880,-483
-864,-471
-908,-515
-972,-525
-916,-521
-984,-533
-936,-511
-992,-533
-1044,-547
-932,-497
-872,-459
-872,-403
-932,-435
-928,-475
-980,-517
-972,-513
-836,-423
-744,-335
-828,-361
-816,-383
-816,-379
-904,-401
-912,-403
-864,-387
-900,-409
-856,-391
-968,-497
-928,-469
-940,-503
-908,-503
-976,-503
-952,-521
-916,-487
-996,-513
-992,-515
-944,-517
-920,-507
-960,-525
-912,-507
-912,-505
-964,-525
-964,-521
-880,-481
-856,-467
-824,-441
-892,-453
-940,-487
-944,-527
-932,-527
-984,-547
-924,-511
-968,-539
-1020,-545
-936,-469
-888,-477
-960,-495
-976,-503
-1012,-525
-972,-523
-1052,-567
-984,-537
-912,-489
-972,-507
-944,-505
-840,-475
-944,-507
-1016,-521
-952,-491
-932,-477
-928,-459
-936,-451
-964,-503
-880,-507
-884,-499
-888,-505
-896,-497
-936,-505
-964,-523
-932,-527
-1008,-543
-940,-515
-900,-441
-872,-459
-840,-455
-968,-517
-916,-509
-948,-517
-928,-519
-952,-491
-940,-499
-936,-479
-896,-465
-936,-519
-972,-531
-968,-507
-944,-501
-940,-495
-816,-391
-912,-489
-932,-503
-956,-497
-972,-467
-928,-481
-864,-477
-868,-497
-960,-523
-1000,-533
-928,-493
-928,-503
-864,-477
-904,-499
-808,-457
-940,-445
-1012,-521
-948,-511
-960,-533
-892,-495
-864,-469
-944,-501
-856,-479
-940,-491
-916,-463
-916,-487
-892,-459
-872,-455
-884,-459
-888,-461
-940,-501
-1060,-565
-960,-533
-952,-507
-1024,-533
-1016,-521
-948,-517
-916,-509
-876,-461
-836,-433
-888,-447
-908,-449
-848,-443
-876,-457
-856,-413
-828,-395
-816,-445
-900,-473
-856,-473
-904,-487
-892,-475
-848,-469
-924,-475
-896,-453
-900,-393
-856,-379
-828,-361
-796,-365
-788,-345
-792,-257
-736,-229
-696,-295
-740,-307
-836,-379
-908,-453
-856,-417
-856,-445
-860,-473
-908,-485
-932,-457
-888,-381
-900,-429
-892,-485
-924,-495
-904,-487
-892,-475
-916,-437
-928,-467
-940,-467
-988,-537
-900,-469
-896,-507
-984,-519
-1016,-541
-1088,-583
-1000,-553
-952,-523
-848,-479
-896,-471
-936,-497
-924,-487
-892,-499
-896,-487
-804,-439
-912,-521
-948,-523
-988,-545
-1036,-551
-980,-513
-932,-487
-908,-497
-948,-523
-968,-543
-944,-531
-944,-491
-888,-461
-888,-435
-896,-423
-920,-407
-964,-457
-848,-493
-892,-473
-904,-493
-872,-455
-876,-445
-916,-431
-832,-451
-944,-507
-916,-509
-960,-535
-984,-545
-936,-489
-904,-495
-936,-519
-872,-485
-856,-475
-924,-507
-936,-467
-932,-477
-980,-509
-1028,-555
-964,-537
-988,-545
-952,-519
-932,-527
-856,-463
-932,-501
-908,-509
-876,-477
-908,-491
-956,-517
-1016,-527
-956,-531
-976,-525
-960,-521
-900,-501
-928,-497
-936,-503
-916,-491
-924,-503
-888,-473
-824,-485
-940,-497
-888,-477
-968,-511
-956,-503
-856,-445
-840,-429
-792,-397
-840,-431
-928,-475
-980,-487
-900,-467
-892,-457
-928,-457
-860,-431
-880,-435
-908,-433
-928,-463
-856,-433
-884,-457
-852,-415
-960,-477
-920,-465
-944,-519
-876,-469
-868,-471
-892,-469
-908,-481
-896,-449
-900,-469
-976,-499
-936,-453
-936,-431
-952,-471
-872,-449
-920,-479
-832,-437
-920,-465
-868,-443
-848,-459
-880,-455
-884,-467
-904,-499
-884,-469
-876,-465
-908,-477
-892,-455
-888,-449
-788,-385
-808,-403
-764,-357
-916,-461
-900,-467
-820,-437
-824,-427
-844,-439
-892,-377
-944,-427
-1004,-481
-868,-431
-852,-411
-868,-403
-916,-457
-924,-511
-908,-501
-888,-471
-916,-489
-888,-487
-836,-455
-876,-469
-864,-485
-836,-479
-792,-435
-868,-415
-900,-437
-904,-435
-860,-459
-844,-445
-960,-525
-996,-547
-996,-535
-996,-547
-964,-505
-896,-469
-844,-409
-848,-365
-816,-347
-812,-381
-856,-433
-892,-469
-920,-475
-876,-465
-864,-451
-848,-399
-892,-441
-892,-453
-904,-463
-888,-489
-880,-491
-920,-493
-920,-469
-880,-457
-928,-477
-952,-499
-900,-491
-876,-457
-904,-469
-884,-475
-876,-443
-836,-421
-840,-391
-808,-411
-876,-451
-864,-469
-912,-479
-860,-441
-884,-451
-896,-481
-920,-487
-956,-493
-940,-517
-856,-471
-844,-459
-928,-505
-840,-441
-836,-447
-788,-437
-924,-499
-984,-539
-932,-491
-884,-447
-868,-467
-868,-463
-852,-455
-900,-477
-848,-447
-860,-439
-840,-435
-876,-463
-884,-487
-892,-499
-892,-495
-924,-499
-884,-491
-868,-475
-904,-477
-904,-455
-988,-501
-928,-487
-940,-493
-940,-513
-936,-527
-1004,-545
-944,-529
-944,-515
-900,-479
-928,-487
-916,-465
-1000,-509
-940,-481
-852,-381
-900,-403
-924,-493
-872,-471
-964,-513
-876,-489
-968,-509
-916,-513
-948,-513
-864,-479
-852,-467
-984,-541
-992,-545
-932,-505
-972,-535
-908,-509
-972,-537
-984,-535
-1080,-583
-1012,-541
-952,-523
-1000,-537
-928,-493
-884,-475
-900,-495
-864,-485
-968,-517
-952,-475
-980,-517
-844,-467
-844,-453
-872,-477
-888,-485
-908,-461
-848,-461
-820,-445
-788,-431
-772,-401
-856,-447
-784,-401
-856,-445
-884,-445
-920,-473
-964,-521
-992,-529
-936,-509
-920,-483
-896,-497
-916,-495
-872,-451
-948,-447
-948,-499
-1032,-523
-844,-443
-908,-487
-836,-447
-868,-445
-864,-413
-856,-415
-852,-383
-820,-321
-900,-367
-824,-409
-828,-397
-852,-381
-788,-373
-736,-345
-728,-339
-788,-415
-744,-387
-784,-357
-856,-365
-824,-403
-832,-441
-800,-403
-872,-425
-788,-415
-820,-397
-808,-391
-884,-419
-772,-399
-824,-439
-836,-465
-816,-427
-900,-487
-888,-491
-876,-483
-872,-481
-920,-475
-848,-447
-928,-485
-932,-505
-900,-479
-876,-419
-868,-369
-824,-349
-908,-401
-836,-381
-908,-473
-944,-485
-1004,-551
-924,-481
-896,-433
-904,-457
-984,-513
-980,-493
-976,-473
-980,-467
-852,-413
-924,-477
-948,-495
-932,-507
-872,-479
-896,-483
-864,-463
-904,-477
-988,-531
-1028,-557
-1072,-575
-1004,-557
-1020,-557
-964,-537
-984,-541
-1052,-571
-936,-523
-952,-519
-1000,-533
-948,-519
-888,-503
-932,-517
-956,-525
-808,-449
-912,-501
-960,-505
-1004,-515
-876,-453
-864,-439
-844,-387
-784,-355
-812,-327
-772,-261
-748,-251
-792,-251
-808,-279
-836,-271
-752,-251
-776,-279
-808,-383
-860,-413
-768,-331
-804,-305
-784,-359
-864,-397
-820,-329
-796,-271
-752,-293
-796,-363
-864,-339
-824,-285
-816,-293
-832,-303
-808,-337
-788,-369
-912,-467
-868,-457
-884,-461
-904,-493
-976,-517
-892,-489
-872,-467
-920,-469
-800,-409
-896,-459
-896,-447
-956,-479
-920,-473
-948,-481
-916,-485
-980,-517
-1056,-543
-980,-531
-1020,-549
-1016,-545
-1048,-561
-964,-523
-992,-525
-880,-485
-912,-487
-936,-491
-992,-517
-1000,-523
-940,-489
-832,-425
-928,-437
-868,-423
-972,-479
-884,-449
-880,-461
-964,-485
-900,-483
-948,-513
-948,-519
-976,-523
-1004,-555
-956,-509
-936,-493
-856,-449
-856,-431
-856,-405
-880,-375
-896,-447
-880,-491
-928,-511
-928,-489
-900,-457
-880,-441
-944,-471
-876,-477
-812,-427
-832,-445
-840,-435
-888,-461
-908,-487
-924,-459
-904,-431
-852,-435
-884,-451
-904,-477
-872,-477
-916,-483
-884,-475
-844,-423
-928,-477
-848,-395
-844,-341
-880,-337
-824,-287
-876,-295
-868,-271
-908,-277
-872,-271
-800,-231
-780,-181
-744,-193
-812,-249
-868,-293
-852,-263
-832,-255
-792,-247
-808,-339
-728,-269
-732,-299
-692,-255
-784,-279
-820,-345
-788,-339
-820,-349
-816,-313
-748,-361
-804,-433
-844,-463
-948,-519
-1048,-565
-1016,-545
-932,-509
-920,-507
-904,-491
-900,-475
-808,-445
-792,-411
-900,-461
-880,-429
-832,-371
-848,-357
-844,-371
-896,-429
-856,-407
-896,-423
-816,-399
-828,-391
-804,-423
-856,-433
-848,-425
-892,-445
-840,-407
-924,-443
-936,-433
-900,-435
-912,-469
-992,-535
-892,-495
-836,-461
-868,-461
-848,-441
-788,-417
-816,-353
-856,-391
-856,-369
-856,-389
-896,-437
-848,-429
-876,-445
-908,-445
-900,-461
-864,-443
-876,-445
-960,-471
-956,-499
-968,-499
-964,-493
-868,-461
-884,-473
-928,-485
-904,-453
-900,-447
-832,-411
-868,-433
-716,-395
-820,-429
-872,-475
-864,-477
-896,-469
-916,-491
-908,-491
-884,-485
-876,-485
-864,-447
-868,-469
-896,-465
-888,-469
-968,-537
-908,-467
-908,-473
-876,-441
-880,-429
-936,-459
-944,-491
-828,-443
-860,-425
-924,-433
-936,-453
-936,-419
-864,-373
-876,-353
-896,-369
-828,-337
-860,-305
-824,-335
-836,-323
-812,-317
-776,-321
-784,-315
-804,-367
-868,-405
-928,-417
-800,-375
-840,-409
-828,-337
-816,-369
-776,-385
-808,-411
-880,-459
-988,-537
-968,-513
-856,-449
-852,-467
-900,-459
-988,-519
-976,-539
-976,-515
-936,-503
-844,-427
-884,-437
-908,-425
-880,-385
-928,-449
-960,-487
-960,-511
-1000,-523
-960,-537
-944,-527
-888,-489
-860,-449
-936,-509
-848,-461
-868,-473
-880,-457
-932,-507
-988,-531
-964,-529
-944,-513
-888,-493
-908,-515
-928,-511
-912,-459
-904,-485
-936,-497
-836,-447
-828,-455
-804,-415
-860,-431
-832,-379
-844,-419
-804,-399
-800,-429
-884,-443
-884,-373
-844,-309
-812,-313
-844,-341
-824,-337
-792,-355
-860,-403
-844,-407
-780,-347
-820,-373
-864,-395
-876,-383
-972,-463
-788,-365
-868,-443
-852,-427
-832,-359
-868,-399
-956,-463
-960,-483
-960,-479
-956,-495
-932,-489
-840,-453
-900,-471
-876,-423
-848,-449
-896,-471
-936,-511
-932,-513
-972,-527
-956,-515
-900,-463
-892,-441
-920,-471
-888,-463
-920,-473
-824,-391
-892,-451
-876,-437
-900,-467
-888,-451
-840,-429
-856,-429
-892,-457
-984,-483
-920,-483
-928,-505
-784,-457
-820,-439
-808,-415
-836,-429
-848,-469
-832,-453
-824,-427
-848,-395
-812,-331
-768,-293
-756,-317
-764,-335
-768,-405
-836,-455
-772,-411
-824,-415
-812,-377
-740,-335
-792,-395
-860,-443
-820,-431
-916,-481
-924,-513
-992,-519
-936,-519
-884,-493
-1008,-539
-980,-547
-920,-525
-1096,-577
-944,-527
-936,-523
-944,-531
-924,-515
-888,-501
-960,-515
-928,-497
-872,-489
-916,-473
-900,-475
-948,-501
-916,-477
-868,-449
-976,-465
-920,-425
-856,-421
-848,-465
-936,-493
-920,-459
-948,-439
-928,-437
-856,-421
-780,-405
-764,-331
-888,-409
-880,-405
-848,-377
-880,-409
-884,-443
-912,-493
-832,-463
-848,-457
-1016,-541
-952,-521
-984,-543
-964,-537
-1040,-569
-1016,-529
-976,-527
-1044,-551
-952,-529
-880,-487
-956,-517
-948,-527
-960,-513
-972,-495
-928,-487
-884,-485
-896,-507
-916,-503
-948,-525
-980,-529
-996,-533
-1020,-557
-1048,-561
-948,-519
-956,-511
-984,-533
-996,-539
-992,-545
-1048,-571
-916,-511
-984,-527
-972,-535
-932,-503
-900,-483
-1052,-565
-972,-539
-896,-487
-944,-491
-940,-493
-928,-515
-976,-519
-844,-471
-880,-509
-896,-499
-904,-475
-892,-477
-916,-483
-908,-471
-872,-459
-984,-503
-936,-491
-848,-415
-904,-433
-876,-363
-888,-371
-876,-387
-848,-419
-948,-425
-952,-445
-908,-451
-924,-447
-916,-437
-816,-407
-860,-431
-856,-455
-820,-457
-840,-453
-876,-473
-920,-485
-968,-529
-972,-523
-968,-523
-1032,-563
-1072,-561
-1008,-537
-940,-511
-1012,-543
-956,-519
-988,-535
-960,-527
-944,-509
-904,-501
-928,-515
-960,-531
-912,-499
-912,-475
-884,-463
-908,-453
-924,-489
-876,-473
-912,-467
-928,-507
-856,-483
-916,-461
-932,-439
-952,-447
-928,-415
-812,-355
-844,-353
-800,-355
-872,-351
-872,-373
-896,-411
-948,-449
-872,-405
-992,-501
-964,-477
-888,-437
-848,-413
-912,-419
-856,-375
-780,-313
-772,-249
-788,-277
-792,-299
-736,-213
-764,-215
-760,-167
-696,-183
-720,-275
-836,-341
-916,-415
-872,-381
-832,-371
-828,-397
-852,-443
-916,-465
-896,-455
-796,-423
-764,-393
-920,-487
-896,-459
-852,-421
-856,-451
-868,-473
-916,-489
-904,-471
-916,-495
-920,-493
-856,-469
-868,-467
-836,-455
-836,-421
-840,-381
-844,-405
-888,-449
-876,-409
-852,-345
-852,-337
-892,-311
-820,-283
-812,-303
-888,-305
-796,-307
-828,-417
-868,-455
-848,-423
-900,-457
-860,-489
-912,-513
-1008,-553
-976,-525
-892,-459
-884,-479
-908,-457
-892,-439
-788,-369
-800,-417
-780,-405
-908,-481
-888,-485
-860,-431
-868,-403
-824,-389
-812,-365
-796,-407
-788,-359
-760,-367
-796,-361
-832,-407
-876,-429
-940,-473
-896,-477
-928,-479
-864,-429
-880,-447
-900,-469
-960,-453
-912,-481
-900,-469
-856,-435
-776,-411
-816,-435
-880,-449
-848,-421
-856,-433
-860,-417
-880,-433
-852,-387
-816,-327
-880,-343
-880,-357
-784,-257
-828,-307
-800,-273
-768,-291
-752,-321
-844,-395
-844,-319
-788,-321
-812,-319
-792,-337
-804,-337
-824,-365
-844,-409
-832,-425
-892,-417
-920,-459
-884,-443
-812,-437
-872,-443
-868,-383
-836,-335
-848,-275
-872,-297
-912,-313
-820,-289
-844,-285
-864,-293
-784,-269
-764,-259
-740,-287
-836,-325
-700,-291
-700,-251
-748,-227
-860,-341
-812,-315
-848,-327
-840,-331
-796,-335
-832,-363
-836,-377
-892,-425
-792,-345
-812,-337
-868,-347
-784,-313
-760,-227
-832,-287
-792,-265
-792,-235
-760,-273
-760,-285
-844,-319
-788,-317
-844,-331
-884,-367
-872,-393
-856,-393
-888,-417
-836,-365
-740,-321
-772,-319
-900,-371
-964,-401
-872,-365
-828,-349
-876,-341
-856,-331
-892,-363
-796,-375
-820,-397
-844,-349
-828,-373
-884,-399
-868,-423
-820,-405
-832,-443
-888,-461
-860,-443
-924,-499
-852,-467
-880,-477
-872,-485
-1016,-547
-996,-543
-960,-519
-992,-531
-1060,-577
-1012,-557
-1000,-545
-1012,-547
-908,-503
-940,-497
-828,-467
-944,-499
-952,-495
-900,-455
-960,-491
-924,-465
-888,-481
-932,-509
-924,-505
-936,-505
-968,-529
-940,-513
-888,-491
-1012,-537
-940,-513
-988,-543
-984,-533
-816,-465
-836,-445
-896,-491
-940,-505
-936,-525
-960,-531
-900,-487
-932,-513
-980,-533
-888,-477
-960,-487
-836,-337
-808,-313
-728,-223
-832,-225
-788,-189
-812,-193
-812,-175
-856,-155
-884,-115
-792,-47
-816,-129
-840,-151
-852,-227
-796,-295
-800,-295
-752,-365
-820,-379
-840,-403
-848,-413
-840,-351
-848,-337
-804,-331
-824,-309
-848,-349
-804,-255
-812,-263
-832,-229
-820,-253
-812,-289
-796,-345
-804,-373
-776,-317
-820,-329
-804,-351
-704,-317
-764,-367
-768,-389
-848,-433
-896,-461
-912,-487
-876,-481
-908,-467
-844,-435
-828,-427
-764,-403
-792,-397
-780,-387
-768,-389
-872,-401
-844,-397
-804,-325
-804,-349
-760,-361
-832,-405
-872,-421
-900,-465
-928,-481
-900,-479
-900,-491
-940,-511
-968,-511
-908,-483
-900,-487
-1012,-545
-892,-471
-992,-513
-920,-513
-996,-545
-912,-521
-868,-503
-892,-505
-1000,-535
-1056,-577
-976,-543
-960,-537
-920,-497
-900,-485
-912,-473
-924,-485
-948,-503
-920,-515
-852,-471
-924,-477
-852,-417
-824,-413
-848,-435
-836,-437
-844,-445
-900,-467
-832,-425
-888,-451
-836,-423
-812,-407
-808,-383
-788,-349
-836,-341
-872,-335
-812,-323
-840,-331
-820,-319
-888,-355
-944,-401
-860,-373
-844,-325
-860,-373
-860,-423
-924,-495
-860,-495
-1000,-549
-1016,-541
-960,-527
-936,-513
-956,-509
-972,-517
-892,-451
-804,-389
-808,-381
-832,-423
-804,-403
-860,-451
-828,-437
-844,-391
-720,-297
-736,-331
-784,-357
-720,-373
-820,-435
-916,-495
-864,-461
-836,-397
-744,-319
-812,-325
-852,-359
-908,-359
-924,-367
-932,-359
-928,-309
-904,-261
-912,-279
-868,-303
-804,-257
-820,-241
-892,-247
-816,-263
-832,-187
-832,-153
-808,-155
-836,-179
-836,-207
-828,-159
-812,-157
-776,-225
-744,-203
-688,-205
-716,-171
-728,-209
-708,-223
-748,-221
-764,-239
-768,-187
-752,-209
-840,-197
-792,-233
-832,-255
-900,-267
-856,-235
-840,-217
-912,-199
-836,-271
-804,-125
-784,-121
-816,-177
-780,-137
-824,-175
-760,-161
-796,-177
-788,-133
-812,-227
-848,-257
-872,-305
-816,-275
-792,-337
-820,-431
-912,-483
-856,-439
-888,-465
-892,-421
-832,-371
-928,-409
-892,-345
-828,-257
-856,-295
-848,-277
-860,-277
-864,-291
-912,-349
-796,-285
-832,-285
-920,-351
-888,-357
-884,-377
-880,-411
-840,-379
-824,-377
-876,-435
-868,-469
-812,-431
-868,-455
-936,-485
-916,-471
-860,-471
-956,-489
-908,-439
-796,-411
-820,-439
-864,-447
-892,-463
-912,-477
-960,-521
-1012,-551
-964,-539
-932,-493
-892,-491
-848,-459
-788,-419
-832,-461
-840,-451
-836,-427
-864,-425
-884,-429
-944,-489
-964,-533
-956,-535
-888,-513
-1008,-549
-944,-529
-864,-489
-968,-537
-996,-541
-1084,-573
-992,-537
-1008,-555
-956,-511
-924,-509
-900,-497
-932,-501
-988,-539
-1040,-557
-988,-529
-996,-547
-1004,-545
-988,-533
-812,-435
-892,-475
-936,-479
-820,-431
-832,-415
-852,-417
-828,-415
-928,-431
-852,-455
-868,-449
-908,-447
-828,-393
-712,-309
-768,-351
-800,-379
-832,-369
-804,-343
-808,-353
-812,-377
-804,-383
-796,-381
-852,-429
-900,-447
-952,-479
-936,-485
-944,-509
-968,-509
-996,-539
-1020,-549
-900,-483
-968,-497
-848,-435
-904,-487
-944,-521
-948,-529
-972,-527
-884,-491
-868,-463
-940,-517
-920,-477
-852,-417
-864,-429
-892,-449
-824,-395
-784,-361
-800,-423
-792,-403
-728,-367
-772,-397
-804,-451
-792,-423
-884,-469
-1000,-537
-940,-513
-952,-517
-944,-513
-964,-539
-928,-505
-996,-533
-912,-489
-904,-475
-872,-481
-964,-527
-960,-521
-948,-529
-988,-547
-1020,-555
-872,-499
-968,-537
-948,-523
-884,-479
-872,-479
-972,-517
-956,-513
-1060,-567
-1028,-555
-1060,-565
-1004,-537
-1000,-501
-920,-465
-884,-457
-840,-439
-764,-403
-784,-419
-892,-475
-888,-481
-880,-477
-832,-459
-916,-471
-908,-493
-892,-485
-972,-537
-976,-535
-916,-511
-996,-551
-996,-549
-980,-545
-900,-475
-876,-467
-812,-415
-860,-427
-892,-469
-848,-435
-876,-421
-800,-417
-876,-465
-896,-475
-860,-467
-900,-473
-924,-483
-864,-439
-884,-449
-836,-455
-816,-465
-984,-515
-972,-491
-932,-469
-964,-505
-920,-487
-896,-457
-908,-471
-880,-475
-888,-465
-860,-467
-924,-505
-904,-489
-960,-511
-956,-517
-972,-519
-832,-447
-804,-425
-792,-419
-872,-487
-916,-513
-880,-489
-856,-399
-928,-463
-884,-403
-812,-429
-820,-449
-880,-461
-952,-519
-996,-529
-980,-543
-968,-535
-912,-495
-900,-477
-1016,-543
-1028,-555
-968,-531
-944,-507
-932,-481
-868,-463
-904,-513
-988,-549
-1008,-531
-972,-523
-896,-491
-876,-475
-936,-493
-924,-483
-932,-481
-836,-459
-996,-547
-976,-541
-968,-535
-908,-499
-948,-513
-900,-505
-852,-453
-924,-437
-908,-501
-940,-521
-964,-519
-988,-537
-984,-533
-1000,-519
-972,-527
-932,-531
-968,-527
-900,-505
-960,-527
-912,-501
-904,-481
-908,-471
-940,-513
-952,-517
-940,-513
-992,-523
-900,-491
-916,-487
-856,-447
-884,-487
-880,-455
-868,-457
-880,-455
-948,-449
-924,-385
-836,-393
-860,-421
-908,-493
-928,-513
-936,-505
-960,-521
-920,-493
-964,-493
-896,-441
-848,-401
-868,-417
-940,-455
-972,-507
-992,-527
-948,-515
-912,-487
-948,-499
-968,-527
-932,-513
-876,-463
-932,-507
-992,-505
-1044,-545
-952,-521
-940,-523
-888,-503
-868,-485
-944,-517
-944,-499
-876,-441
-836,-387
-868,-395
-820,-335
-828,-353
-820,-369
-752,-377
-820,-403
-888,-443
-864,-449
-880,-467
-924,-487
-1004,-517
-944,-523
-980,-535
-904,-519
-948,-521
-840,-441
-888,-473
-920,-501
-920,-493
-868,-467
-900,-499
-876,-493
-936,-517
-908,-493
-900,-471
-948,-489
-844,-417
-736,-365
-756,-355
-768,-355
-824,-363
-768,-325
-768,-327
-824,-315
-744,-335
-748,-235
-816,-229
-808,-277
-860,-281
-912,-289
-856,-277
-796,-275
-824,-297
-840,-323
-832,-321
-908,-369
-828,-359
-832,-337
-752,-301
-880,-347
-852,-349
-872,-395
-888,-403
-780,-357
-772,-349
-852,-443
-912,-479
-924,-517
-936,-519
-876,-473
-936,-483
-912,-463
-872,-443
-880,-445
-812,-423
-876,-449
-944,-479
-952,-495
-848,-465
-904,-483
-880,-465
-912,-485
-876,-453
-924,-459
-916,-497
-928,-499
-868,-447
-928,-485
-956,-513
-944,-515
-872,-479
-880,-457
-828,-431
-880,-401
-860,-355
-916,-375
-860,-411
-828,-381
-736,-351
-792,-411
-788,-401
-868,-459
-900,-459
-824,-435
-872,-447
-880,-465
-860,-419
-880,-417
-856,-435
-828,-421
-876,-413
-876,-411
-908,-433
-896,-425
-896,-411
-868,-471
-968,-511
-904,-495
-932,-509
-968,-523
-924,-511
-908,-499
-904,-483
-872,-457
-880,-435
-856,-377
-888,-405
-792,-387
-848,-425
-856,-467
-912,-497
-940,-521
-896,-473
-920,-465
-940,-465
-892,-431
-888,-421
-824,-399
-832,-383
-836,-391
-864,-417
-932,-509
-912,-503
-912,-475
-908,-465
-976,-505
-896,-481
-1008,-549
-1044,-573
-1068,-573
-952,-511
-936,-507
-1016,-541
-988,-497
-876,-459
-876,-469
-824,-471
-860,-471
-824,-461
-840,-437
-956,-463
-840,-393
-808,-339
-812,-347
-752,-345
-772,-367
-900,-381
-860,-371
-788,-341
-788,-299
-788,-271
-884,-317
-832,-321
-836,-343
-832,-351
-804,-357
-768,-333
-856,-391
-876,-337
-800,-301
-824,-329
-900,-359
-780,-371
-844,-391
-848,-393
-856,-415
-928,-491
-880,-461
-944,-519
-1036,-557
-1012,-549
-956,-511
-964,-515
-1032,-555
-976,-521
-968,-519
-1052,-569
-992,-543
-956,-515
-1008,-545
-1052,-565
-1008,-551
-944,-533
-956,-505
-932,-507
-908,-461
-856,-413
-896,-435
-892,-471
-884,-457
-876,-419
-852,-383
-868,-407
-848,-415
-864,-465
-944,-499
-932,-525
-948,-513
-1004,-531
-940,-491
-976,-469
-920,-441
-908,-449
-940,-453
-912,-459
-948,-523
-904,-475
-944,-487
-896,-481
-944,-515
-976,-519
-992,-523
-1008,-519
-1012,-505
-956,-487
-888,-449
-892,-481
-920,-487
-848,-443
-896,-497
-880,-485
-824,-429
-844,-411
-820,-397
-792,-351
-768,-317
-880,-371
-860,-373
-880,-403
-900,-403
-872,-397
-772,-331
-812,-339
-804,-369
-788,-327
-844,-357
-836,-385
-872,-399
-904,-403
-824,-343
-844,-361
-892,-413
-916,-425
-892,-393
-904,-349
-796,-327
-904,-391
-952,-381
-860,-409
-920,-445
-920,-483
-912,-451
-948,-493
-884,-459
-912,-465
-816,-437
-892,-453
-860,-479
-876,-477
-828,-467
-808,-429
-796,-405
-816,-421
-820,-395
-736,-321
-784,-347
-900,-437
-896,-429
-912,-453
-948,-477
-1012,-493
-932,-477
-896,-487
-884,-493
-904,-487
-960,-501
-952,-485
-868,-419
-848,-413
-848,-379
-876,-375
-892,-455
-848,-441
-896,-465
-900,-485
-940,-483
-940,-487
-924,-481
-932,-487
-816,-427
-872,-455
-1000,-521
-908,-471
-900,-465
-824,-399
-824,-415
-784,-403
-840,-455
-976,-501
-996,-531
-876,-469
-888,-479
-896,-479
-840,-479
-928,-519
-956,-523
-904,-483
-924,-475
-856,-439
-908,-485
-912,-481
-956,-515
-900,-459
-928,-463
-920,-469
-952,-467
-796,-405
-844,-383
-884,-433
-844,-363
-792,-323
-788,-325
-796,-307
-752,-285
-812,-271
-816,-369
-776,-317
-756,-299
-796,-357
-724,-303
-796,-373
-768,-369
-788,-409
-832,-447
-912,-465
-824,-439
-880,-457
-808,-417
-856,-415
-888,-441
-840,-391
-944,-465
-912,-481
-944,-499
-828,-389
-780,-339
-812,-395
-840,-375
-812,-397
-932,-451
-920,-453
-900,-467
-884,-465
-812,-433
-836,-409
-860,-433
-892,-489
-920,-487
-952,-503
-980,-529
-928,-499
-916,-493
-932,-485
-916,-455
-892,-481
-864,-445
-928,-495
-928,-467
-824,-417
-920,-427
-896,-461
-976,-501
-928,-461
-904,-427
-904,-435
-872,-409
-832,-407
-776,-369
-756,-351
-796,-295
-736,-347
-768,-351
-788,-343
-760,-329
-736,-331
-780,-331
-776,-319
-776,-331
-756,-307
-796,-325
-860,-411
-752,-361
-840,-397
-884,-377
-784,-335
-740,-365
-752,-343
-820,-327
-812,-379
-856,-421
-904,-477
-864,-471
-924,-487
-848,-437
-840,-383
-808,-355
-864,-405
-844,-451
-876,-459
-848,-493
-896,-487
-916,-475
-948,-503
-888,-487
-932,-471
-972,-529
-1008,-549
-956,-537
-1088,-583
-1036,-565
-884,-513
-896,-513
-944,-521
-884,-493
-932,-491
-800,-425
-920,-461
-912,-443
-896,-463
-968,-507
-960,-507
-888,-439
-896,-393
-892,-375
-908,-347
-896,-277
-824,-303
-856,-293
-872,-331
-792,-309
-792,-349
-724,-269
-692,-177
-720,-149
-752,-121
-732,-111
-804,-87
-848,-137
-856,-87
-728,-83
-772,-49
-744,-89
-788,-81
-712,67
-740,101
-736,97
-780,127
-852,231
-784,225
-788,213
-836,299
-872,277
-792,271
-728,245
-784,187
-728,157
-752,179
-852,233
-844,285
-808,301
-852,293
-824,279
-876,343
-880,281
-820,279
-804,347
-768,379
-796,405
-880,465
-856,465
-936,509
-984,507
-992,523
-912,475
-888,459
-892,465
-872,489
-960,509
-912,507
-900,491
-896,499
-1000,537
-968,519
-924,503
-936,517
-952,495
-832,431
-832,447
-896,483
-876,451
-816,397
-836,395
-840,397
-892,457
-872,427
-820,393
-812,413
-912,463
-976,507
-1016,547
-992,547
-1032,555
-952,521
-1000,519
-1072,563
-1052,547
-980,511
-964,527
-920,513
-904,497
-876,471
-884,449
-804,379
-832,301
-860,333
-856,251
-840,215
-840,355
-860,357
-852,385
-820,355
-828,311
-856,345
-868,353
-860,307
-840,333
-808,363
-864,395
-892,401
-844,337
-776,297
-848,287
-828,249
-792,227
-724,165
-744,157
-796,193
-808,203
-840,187
-788,221
-820,275
-740,257
-728,287
-740,389
-856,447
-844,397
-812,441
-820,457
-784,427
-888,455
-940,493
-948,485
-912,431
-1020,513
-976,521
-1004,515
-972,493
-908,499
-948,517
-968,523
-1036,553
-996,537
-968,527
-968,495
-924,477
-904,471
-980,499
-968,525
-932,495
-988,543
-944,501
-928,501
-892,507
-880,465
-856,441
-812,419
-924,463
-872,459
-820,417
-856,457
-936,493
-872,471
-908,479
-876,469
-824,395
-856,401
-880,445
-996,513
-924,485
-888,491
-848,477
-956,525
-968,543
-924,523
-976,527
-876,471
-916,475
-884,455
-740,361
-840,445
-952,487
-968,523
-992,535
-968,515
-1004,527
-896,499
-848,451
-884,499
-888,499
-888,485
-788,397
-840,395
-780,367
-816,375
-820,429
-868,439
-908,473
-800,347
-832,375
-948,471
-952,491
-924,489
-888,485
-848,469
-868,483
-924,481
-924,501
-868,465
-776,407
-732,387
-840,423
-824,427
-924,457
-904,433
-888,465
-880,475
-924,509
-920,501
-1008,531
-916,479
-908,447
-852,375
-856,371
-880,307
-856,189
-840,111
-856,117
-832,139
-776,137
-784,143
-716,139
-764,163
-768,147
-732,97
-732,81
-752,-83
-760,-85
-808,-75
-856,-147
-836,-141
-864,-191
-752,-135
-732,-71
-704,-89
-656,-111
-728,-141
-716,-109
-736,-149
-772,-201
-832,-187
-832,-223
-792,-163
-796,-225
-792,-169
-836,-157
-788,-175
-764,-169
-664,-147
-732,-237
-780,-247
-812,-285
-884,-361
-872,-369
-840,-351
-804,-357
-844,-379
-904,-445
-952,-429
-860,-395
-800,-361
-880,-409
-904,-453
-924,-461
-948,-501
-904,-483
-908,-487
-960,-493
-848,-409
-864,-437
-872,-451
-784,-401
-788,-393
-912,-445
-876,-363
-836,-339
-856,-355
-836,-347
-912,-359
-844,-395
-800,-287
-836,-387
-776,-361
-800,-331
-792,-399
-748,-365
-716,-309
-688,-245
-716,-247
-736,-283
-764,-275
-824,-299
-800,-313
-824,-337
-944,-423
-920,-437
-984,-489
-952,-497
-900,-491
-884,-461
-940,-493
-904,-483
-860,-459
-968,-501
-948,-507
-896,-485
-880,-449
-804,-415
-800,-417
-800,-399
-912,-417
-940,-463
-884,-423
-932,-503
-964,-525
-924,-515
-936,-485
-920,-493
-976,-531
-876,-483
-948,-523
-940,-507
-884,-457
-940,-519
-928,-513
-924,-511
-828,-453
-940,-525
-1008,-533
-944,-507
-868,-449
-880,-413
-912,-431
-840,-389
-804,-353
-808,-413
-828,-387
-944,-453
-1004,-473
-936,-479
-912,-475
-836,-407
-832,-437
-924,-421
-840,-427
-896,-427
-808,-359
-772,-309
-884,-395
-872,-389
-864,-409
-908,-435
-836,-415
-796,-373
-848,-391
-828,-387
-780,-385
-828,-437
-800,-409
-852,-417
-864,-467
-900,-469
-884,-483
-832,-453
-920,-495
-864,-471
-876,-471
-960,-521
-924,-519
-952,-537
-932,-517
-900,-497
-864,-471
-960,-495
-912,-495
-988,-547
-1028,-561
-940,-519
-952,-489
-908,-491
-896,-485
-896,-469
-960,-501
-960,-467
-948,-497
-952,-507
-944,-515
-796,-447
-840,-405
-800,-361
-776,-325
-776,-371
-840,-413
-788,-411
-832,-421
-896,-467
-896,-481
-872,-469
-848,-463
-900,-499
-960,-531
-992,-547
-968,-491
-948,-519
-872,-479
-844,-451
-876,-469
-908,-511
-860,-467
-900,-481
-916,-483
-836,-423
-844,-425
-820,-399
-788,-399
-860,-407
-920,-451
-948,-479
-1012,-537
-1004,-551
-984,-541
-1036,-535
-1060,-549
-960,-511
-872,-427
-844,-377
-812,-377
-880,-423
-912,-459
-792,-415
-868,-415
-836,-343
-892,-449
-840,-435
-828,-431
-880,-447
-876,-481
-880,-433
-912,-475
-920,-483
-932,-451
-928,-473
-884,-445
-924,-473
-868,-441
-916,-485
-956,-523
-948,-493
-904,-463
-844,-433
-940,-431
-924,-437
-932,-461
-900,-425
-860,-411
-904,-387
-824,-319
-864,-333
-836,-363
-880,-419
-828,-389
-848,-355
-808,-401
-784,-375
-744,-337
-828,-261
-848,-249
-864,-239
-848,-305
-756,-257
-872,-289
-876,-337
-876,-257
-816,-303
-824,-261
-828,-235
-800,-235
-796,-215
-808,-281
-904,-353
-884,-399
-832,-371
-832,-401
-860,-427
-844,-451
-884,-447
-868,-455
-840,-427
-788,-389
-760,-385
-832,-427
-744,-359
-816,-351
-780,-403
-812,-377
-792,-351
-744,-341
-736,-327
-772,-359
-820,-349
-852,-381
-880,-423
-896,-481
-972,-521
-916,-487
-820,-387
-788,-403
-868,-425
-896,-475
-896,-471
-876,-461
-940,-521
-928,-507
-972,-535
-980,-545
-920,-521
-940,-513
-920,-511
-872,-461
-948,-515
-1024,-565
-1036,-551
-988,-539
-960,-523
-960,-539
-1040,-561
-928,-511
-880,-485
-944,-475
-872,-449
-880,-447
-840,-421
-948,-423
-928,-419
-892,-413
-872,-405
-844,-415
-924,-443
-872,-441
-856,-445
-852,-413
-820,-409
-832,-431
-936,-487
-952,-495
-980,-505
-864,-453
-848,-413
-932,-481
-936,-507
-856,-473
-884,-493
-972,-519
-984,-535
-896,-487
-892,-473
-840,-459
-928,-525
-916,-513
-940,-519
-908,-505
-924,-511
-976,-535
-980,-539
-884,-477
-900,-469
-856,-419
-796,-401
-772,-385
-848,-417
-916,-463
-848,-457
-900,-475
-884,-489
-864,-485
-940,-501
-908,-465
-896,-477
-820,-427
-864,-429
-820,-347
-792,-329
-788,-297
-796,-235
-856,-351
-800,-351
-864,-361
-820,-379
-888,-393
-844,-407
-852,-403
-864,-347
-892,-317
-836,-323
-800,-271
-804,-323
-856,-357
-860,-375
-880,-429
-876,-429
-904,-449
-916,-459
-948,-453
-900,-471
-880,-483
-988,-521
-876,-485
-864,-477
-952,-515
-904,-503
-876,-497
-1008,-545
-992,-531
-1016,-535
-1012,-535
-952,-523
-932,-523
-848,-479
-944,-473
-872,-455
-880,-435
-888,-471
-860,-455
-920,-509
-992,-537
-888,-477
-964,-509
-944,-481
-980,-491
-980,-491
-972,-485
-912,-475
-960,-489
-976,-473
-940,-505
-984,-541
-992,-541
-912,-497
-928,-483
-940,-491
-936,-477
-864,-447
-932,-469
-948,-485
-896,-469
-892,-501
-900,-505
-920,-505
-916,-519
-868,-469
-880,-439
-916,-495
-912,-481
-900,-497
-884,-487
-856,-457
-888,-483
-872,-455
-1008,-519
-964,-495
-956,-501
-960,-489
-888,-447
-800,-443
-876,-473
-896,-477
-908,-475
-800,-421
-856,-453
-876,-461
-964,-497
-968,-509
-916,-465
-952,-507
-1032,-557
-996,-545
-932,-517
-984,-547
-956,-519
-956,-521
-900,-485
-952,-527
-968,-523
-956,-475
-924,-437
-912,-455
-856,-419
-844,-435
-908,-451
-976,-441
-936,-419
-920,-437
-896,-393
-880,-415
-820,-387
-748,-261
-724,-277
-696,-211
-784,-229
-720,-219
-788,-237
-760,-281
-768,-265
-716,-229
-720,-199
-748,-253
-700,-235
-724,-197
-804,-191
-788,-167
-748,-231
-776,-199
-796,-267
-776,-187
-780,-221
-780,-261
-824,-241
-784,-277
-840,-207
-824,-135
-896,-147
-824,-49
-836,-59
-728,-57
-716,-55
-756,-149
-832,-231
-828,-223
-796,-235
-816,-285
-820,-249
-864,-227
-792,-255
-836,-359
-808,-305
-848,-347
-848,-345
-752,-275
-808,-353
-848,-383
-832,-395
-828,-361
-784,-309
-780,-261
-832,-309
-808,-291
-812,-349
-784,-311
-732,-291
-764,-289
-788,-245
-824,-271
-796,-277
-764,-271
-760,-221
-772,-267
-768,-327
-708,-249
-792,-345
-896,-465
-948,-495
-912,-507
-968,-521
-912,-515
-916,-511
-1028,-559
-940,-515
-956,-519
-972,-533
-960,-525
-888,-491
-932,-515
-820,-467
-900,-449
-840,-443
-856,-445
-856,-403
-868,-395
-912,-443
-904,-409
-896,-437
-892,-453
-896,-481
-948,-495
-988,-521
-964,-529
-924,-503
-936,-481
-940,-483
-912,-447
-904,-445
-856,-437
-884,-481
-912,-489
-900,-511
-1012,-557
-884,-489
-924,-511
-952,-531
-968,-513
-988,-527
-924,-505
-1044,-555
-1044,-553
-912,-503
-948,-515
-972,-527
-968,-511
-984,-519
-924,-511
-888,-481
-836,-457
-952,-505
-968,-527
-852,-471
-900,-473
-852,-463
-900,-479
-924,-493
-904,-467
-812,-423
-848,-435
-892,-477
-896,-485
-944,-525
-900,-493
-888,-467
-908,-499
-956,-499
-924,-483
-1028,-547
-996,-545
-896,-495
-924,-503
-964,-533
-856,-419
-912,-471
-920,-481
-1012,-493
-916,-483
-800,-429
-872,-405
-964,-469
-1012,-529
-1032,-529
-888,-443
-896,-427
-788,-395
-784,-439
-868,-439
-824,-421
-868,-445
-804,-405
-848,-397
-896,-453
-800,-431
-868,-481
-868,-449
-804,-415
-860,-429
-844,-451
-836,-447
-920,-459
-856,-395
-804,-359
-800,-357
-836,-403
-860,-445
-892,-473
-892,-433
-916,-451
-892,-443
-924,-441
-944,-493
-908,-459
-892,-463
-888,-411
-908,-455
-828,-435
-756,-395
-804,-431
-788,-373
-780,-385
-804,-365
-852,-449
-848,-433
-884,-435
-820,-395
-752,-381
-944,-489
-880,-455
-912,-493
-932,-513
-932,-525
-864,-495
-868,-477
-860,-481
-836,-461
-860,-477
-924,-499
-960,-521
-904,-477
-904,-499
-968,-531
-896,-513
-944,-525
-1000,-539
-972,-529
-912,-497
-948,-519
-908,-487
-868,-455
-832,-439
-796,-405
-712,-281
-828,-357
-796,-351
-844,-371
-852,-347
-840,-351
-828,-351
-840,-393
-780,-315
-768,-287
-800,-275
-832,-385
-832,-439
-928,-475
-908,-507
-916,-485
-964,-535
-1004,-559
-984,-537
-860,-497
-904,-517
-912,-499
-904,-511
-944,-527
-888,-469
-920,-513
-932,-531
-836,-475
-920,-489
-900,-483
-980,-537
-992,-537
-900,-489
-844,-461
-768,-407
-784,-395
-876,-437
-868,-455
-740,-361
-840,-401
-856,-387
-784,-377
-800,-401
-852,-457
-828,-421
-976,-471
-800,-405
-852,-351
-824,-371
-844,-383
-812,-389
-856,-375
-896,-427
-892,-397
-792,-373
-800,-393
-880,-381
-780,-287
-816,-319
-872,-407
-804,-367
-828,-377
-816,-323
-848,-363
-876,-401
-828,-373
-924,-425
-824,-375
-916,-443
-960,-431
-912,-497
-956,-519
-960,-519
-884,-501
-972,-527
-904,-487
-912,-489
-940,-511
-928,-503
-932,-513
-824,-455
-828,-437
-824,-419
-788,-403
-784,-367
-792,-361
-888,-415
-812,-383
-788,-407
-940,-489
-948,-523
-900,-515
-920,-495
-960,-531
-968,-541
-932,-505
-892,-449
-784,-435
-920,-503
-916,-499
-936,-485
-924,-453
-972,-451
-940,-485
-884,-449
-908,-465
-968,-527
-972,-541
-912,-519
-932,-509
-952,-497
-876,-467
-900,-477
-944,-529
-952,-523
-928,-505
-980,-511
-964,-485
-956,-515
-1000,-517
-968,-521
-972,-529
-1016,-555
-1072,-573
-992,-537
-980,-537
-1000,-545
-960,-515
-980,-539
-1012,-533
-948,-495
-940,-465
-916,-449
-852,-441
-828,-413
-948,-503
-916,-491
-924,-485
-876,-471
-916,-479
-896,-495
-1036,-549
-1092,-577
-960,-537
-988,-531
-924,-515
-944,-533
-968,-543
-952,-529
-936,-505
-944,-499
-960,-519
-952,-521
-912,-479
-884,-487
-856,-455
-872,-461
-912,-481
-944,-507
-916,-501
-924,-515
-968,-539
-1024,-557
-968,-547
-904,-483
-964,-503
-864,-481
-900,-489
-980,-531
-900,-461
-900,-469
-932,-483
-904,-503
-944,-507
-960,-537
-968,-545
-968,-533
-916,-505
-896,-473
-892,-475
-900,-451
-836,-405
-880,-487
-860,-475
-920,-499
-940,-513
-852,-475
-928,-507
-956,-473
-928,-475
-800,-427
-816,-351
-796,-351
-884,-353
-868,-349
-784,-355
-836,-363
-840,-371
-836,-393
-780,-379
-812,-415
-804,-389
-796,-421
-752,-371
-816,-439
-904,-487
-892,-475
-904,-481
-884,-453
-912,-489
-860,-459
-944,-493
-812,-451
-892,-495
-856,-485
-804,-435
-876,-491
-944,-503
-916,-495
-900,-489
-896,-481
-896,-481
-916,-471
-960,-503
-940,-497
-904,-503
-940,-495
-920,-483
-872,-481
-916,-457
-920,-411
-900,-343
-820,-303
-776,-327
-836,-401
-876,-387
-880,-377
-936,-469
-956,-449
-924,-497
-932,-505
-952,-519
-928,-507
-948,-521
-888,-479
-876,-489
-904,-499
-852,-463
-796,-419
-832,-445
-844,-403
-872,-431
-800,-389
-796,-375
-768,-381
-740,-345
-840,-397
-928,-451
-828,-425
-820,-455
-836,-427
-768,-385
-824,-423
-896,-455
-832,-405
-724,-345
-712,-277
-784,-331
-788,-327
-760,-277
-764,-259
-780,-315
-816,-357
-896,-439
-876,-463
-876,-465
-856,-431
-824,-397
-836,-405
-852,-399
-748,-359
-704,-319
-844,-293
-832,-337
-820,-321
-756,-281
-828,-337
-852,-303
-800,-297
-812,-311
-852,-321
-912,-383
-856,-353
-880,-409
-840,-407
-928,-483
-952,-477
-940,-471
-952,-515
-964,-533
-992,-545
-944,-503
-932,-509
-956,-507
-888,-495
-960,-499
-932,-465
-852,-377
-888,-457
-944,-511
-852,-453
-868,-469
-876,-467
-900,-479
-920,-477
-868,-459
-880,-447
-916,-501
-892,-489
-960,-515
-920,-495
-1004,-529
-960,-519
-932,-511
-960,-511
-964,-517
-908,-491
-956,-523
-972,-527
-900,-475
-896,-473
-884,-495
-936,-505
-840,-447
-952,-497
-892,-479
-956,-511
-968,-517
-880,-485
-984,-525
-952,-511
-952,-503
-928,-469
-912,-499
-928,-501
-988,-521
-960,-535
-932,-505
-1012,-531
-1032,-557
-940,-521
-892,-479
-948,-511
-928,-483
-940,-513
-988,-525
-964,-509
-912,-509
-1088,-583
-1020,-555
-1044,-555
-904,-501
-968,-535
-908,-511
-924,-523
-952,-531
-880,-491
-840,-475
-880,-457
-804,-361
-876,-429
-872,-421
-852,-431
-852,-409
-864,-441
-892,-463
-832,-435
-864,-449
-880,-441
-932,-469
-904,-477
-928,-467
-904,-451
-852,-407
-884,-403
-848,-439
-872,-443
-1016,-521
-988,-535
-936,-503
-860,-475
-804,-427
-844,-459
-872,-457
-896,-493
-956,-517
-972,-537
-988,-539
-940,-501
-940,-509
-980,-535
-872,-475
-860,-485
-888,-491
-860,-475
-928,-493
-952,-515
-892,-487
-936,-503
-944,-525
-884,-479
-856,-483
-820,-441
-944,-507
-972,-527
-972,-539
-860,-493
-924,-507
-884,-481
-908,-487
-912,-489
-952,-511
-960,-529
-936,-507
-948,-527
-928,-507
-872,-485
-932,-519
-920,-521
-912,-517
-872,-483
-956,-489
-892,-465
-856,-441
-828,-407
-864,-449
-816,-391
-904,-455
-876,-441
-844,-417
-876,-449
-848,-423
-820,-403
-896,-479
-844,-427
-844,-433
-896,-461
-940,-499
-892,-473
-844,-457
-892,-485
-904,-461
-836,-411
-860,-439
-924,-481
-924,-421
-896,-401
-856,-393
-788,-383
-892,-429
-840,-405
-944,-423
-976,-467
-856,-419
-776,-363
-856,-361
-824,-361
-852,-355
-804,-377
-860,-365
-840,-405
-892,-423
-836,-441
-872,-481
-900,-457
-856,-433
-888,-477
-880,-499
-908,-495
-940,-499
-944,-515
-1004,-537
-988,-525
-860,-441
-792,-423
-828,-451
-820,-423
-864,-425
-856,-415
-880,-425
-808,-389
-752,-305
-828,-361
-848,-373
-812,-381
-920,-429
-860,-439
-880,-481
-956,-525
-964,-527
-1000,-525
-948,-511
-956,-515
-856,-469
-828,-445
-848,-477
-880,-495
-836,-475
-820,-447
-884,-493
-956,-529
-932,-487
-852,-463
-880,-463
-888,-465
-876,-495
-968,-535
-1000,-531
-884,-491
-868,-477
-876,-477
-860,-497
-932,-515
-800,-429
-820,-453
-864,-471
-852,-471
-900,-469
-920,-455
-904,-481
-948,-473
-888,-465
-908,-523
-944,-521
-980,-537
-916,-513
-876,-485
-944,-515
-916,-477
-876,-467
-852,-473
-836,-423
-844,-437
-860,-433
-872,-363
-912,-369
-868,-387
-864,-383
-868,-371
-740,-261
-776,-259
-856,-239
-888,-243
-820,-259
-836,-283
-828,-277
-864,-291
-876,-313
-824,-317
-828,-279
-832,-307
-856,-341
-900,-379
-856,-413
-884,-457
-816,-443
-888,-425
-832,-449
-856,-449
-888,-419
-872,-427
-852,-429
-928,-471
-968,-505
-960,-497
-972,-533
-996,-541
-940,-525
-968,-525
-1024,-555
-1004,-511
-908,-453
-904,-435
-900,-421
-888,-431
-948,-427
-856,-383
-848,-355
-848,-355
-768,-293
-864,-333
-900,-307
-788,-249
-872,-333
-860,-341
-844,-321
-796,-349
-796,-329
-808,-385
-884,-461
-892,-453
-860,-445
-908,-467
-884,-473
-868,-463
-880,-475
-916,-475
-944,-515
-1020,-545
-936,-515
-1008,-523
-916,-483
-848,-437
-792,-383
-812,-389
-840,-415
-872,-445
-860,-387
-852,-323
-824,-321
-828,-391
-852,-335
-832,-341
-888,-377
-920,-357
-848,-361
-808,-359
-876,-435
-852,-461
-980,-549
-1060,-561
-980,-535
-944,-515
-908,-481
-888,-495
-884,-477
-852,-469
-804,-451
-936,-485
-900,-469
-904,-461
-860,-437
-788,-403
-876,-391
-888,-445
-848,-397
-808,-371
-864,-437
-812,-417
-808,-423
-812,-401
-788,-403
-848,-413
-772,-389
-784,-387
-864,-419
-964,-521
-1020,-559
-1004,-551
-952,-495
-876,-467
-820,-395
-848,-385
-852,-369
-860,-385
-920,-429
-972,-515
-956,-527
-948,-525
-884,-493
-872,-497
-820,-437
-868,-447
-944,-483
-936,-489
-948,-515
-808,-477
-856,-483
-868,-471
-936,-447
-920,-475
-988,-507
-956,-497
-944,-503
-936,-465
-900,-499
-936,-499
-888,-499
-924,-501
-916,-515
-928,-521
-1012,-553
-1048,-567
-976,-537
-1048,-561
-920,-515
-908,-513
-868,-491
-876,-491
-968,-531
-948,-523
-1028,-549
-972,-525
-956,-531
-1020,-557
-920,-497
-984,-531
-952,-515
-964,-517
-960,-525
-928,-499
-1024,-551
-1004,-557
-1044,-565
-924,-507
-824,-461
-968,-489
-872,-447
-876,-429
-832,-425
-840,-427
-832,-403
-768,-349
-816,-383
-904,-465
-872,-473
-856,-459
-932,-503
-992,-523
-932,-501
-804,-435
-864,-447
-912,-427
-940,-439
-816,-379
-868,-399
-836,-395
-840,-403
-852,-383
-876,-445
-888,-459
-896,-471
-824,-443
-812,-417
-840,-445
-800,-407
-904,-455
-880,-477
-860,-471
-936,-487
-908,-463
-900,-439
-956,-455
-924,-497
-996,-515
-904,-479
-940,-503
-936,-513
-888,-513
-948,-527
-876,-465
-824,-417
-864,-425
-788,-369
-812,-375
-820,-403
-916,-405
-816,-345
-836,-333
-868,-335
-856,-309
-832,-275
-824,-225
-880,-263
-840,-295
-900,-293
-884,-307
-880,-277
-788,-287
-924,-359
-840,-323
-848,-351
-788,-391
-792,-391
-792,-319
-840,-349
-892,-395
-896,-399
-908,-477
-892,-415
-936,-455
-940,-467
-984,-517
-932,-481
-936,-505
-956,-475
-1004,-513
-924,-443
-880,-425
-932,-473
-868,-437
-900,-475
-972,-495
-1012,-509
-964,-505
-1016,-507
-964,-505
-928,-485
-972,-515
-1016,-539
-988,-517
-936,-465
-960,-483
-956,-481
-964,-485
-904,-457
-916,-457
-832,-417
-948,-459
-956,-437
-944,-423
-960,-407
-892,-383
-864,-371
-860,-369
-816,-333
-840,-347
-884,-383
-868,-399
-888,-465
-932,-507
-1004,-551
-976,-535
-1028,-549
-944,-513
-948,-499
-944,-479
-892,-445
-844,-445
-860,-481
-892,-491
-916,-475
-956,-521
-860,-461
-992,-539
-980,-527
-1048,-555
-956,-527
-1028,-535
-956,-511
-984,-543
-992,-549
-928,-523
-880,-479
-832,-443
-872,-463
-900,-495
-888,-483
-952,-535
-936,-505
-944,-495
-916,-455
-860,-411
-884,-401
-864,-373
-864,-335
-744,-299
-808,-329
-712,-305
-748,-321
-788,-333
-776,-363
-820,-411
-884,-437
-956,-443
-888,-447
-816,-421
-868,-413
-896,-457
-816,-423
-808,-435
-816,-433
-916,-497
-912,-479
-916,-483
-900,-443
-912,-427
-876,-461
-820,-441
-912,-489
-892,-479
-808,-443
-872,-459
-836,-451
-912,-463
-980,-523
-956,-515
-960,-533
-1016,-557
-996,-527
-976,-529
-932,-525
-848,-471
-904,-519
-1016,-565
-976,-543
-904,-513
-784,-437
-764,-409
-844,-455
-924,-479
-924,-497
-752,-433
-816,-447
-832,-467
-840,-479
-928,-507
-940,-499
-960,-513
-988,-533
-904,-511
-940,-521
-976,-529
-952,-503
-948,-499
-900,-493
-936,-507
-936,-487
-920,-407
-824,-325
-812,-381
-868,-409
-768,-287
-808,-321
-812,-309
-864,-343
-840,-397
-868,-397
-844,-357
-896,-393
-912,-461
-936,-483
-916,-483
-932,-459
-928,-431
-872,-427
-908,-463
-904,-453
-880,-479
-900,-481
-868,-429
-928,-489
-868,-471
-868,-469
-916,-463
-864,-405
-900,-445
-932,-481
-996,-511
-940,-471
-900,-467
-904,-513
-820,-457
-876,-453
-912,-475
-836,-437
-848,-445
-960,-479
-920,-487
-960,-521
-940,-491
-868,-449
-912,-495
-940,-523
-904,-507
-1020,-541
-992,-537
-984,-541
-1004,-547
-948,-523
-932,-515
-964,-465
-884,-469
-916,-465
-916,-485
-908,-489
-968,-497
-936,-523
-884,-477
-936,-493
-840,-431
-836,-393
-860,-359
-892,-393
-792,-375
-876,-465
-864,-481
-928,-495
-960,-519
-1000,-537
-976,-529
-948,-517
-956,-521
-920,-519
-972,-533
-1004,-533
-920,-523
-956,-533
-932,-511
-972,-525
-892,-483
-788,-423
-840,-451
-992,-521
-984,-511
-936,-525
-884,-463
-880,-475
-904,-501
-920,-495
-1000,-535
-976,-515
-960,-533
-920,-513
-860,-475
-864,-449
-912,-497
-884,-495
-888,-457
-944,-461
-888,-477
-868,-469
-960,-505
-896,-503
-936,-505
-1000,-543
-1004,-541
-944,-505
-924,-509
-872,-477
-912,-497
-940,-521
-948,-501
-884,-475
-908,-475
-788,-421
-880,-489
-732,-413
-912,-489
-932,-475
-852,-445
-804,-423
-840,-411
-832,-345
-792,-331
-860,-383
-700,-293
-784,-375
-736,-329
-828,-433
-888,-489
-772,-411
-904,-413
-880,-427
-884,-407
-876,-393
-820,-381
-800,-367
-816,-451
-916,-511
-960,-519
-888,-497
-928,-509
-868,-483
-976,-531
-936,-497
-928,-507
-972,-523
-968,-529
-976,-531
-900,-511
-932,-505
-908,-481
-820,-417
-888,-451
-904,-473
-980,-477
-944,-449
-908,-421
-932,-463
-928,-431
-928,-457
-936,-445
-884,-427
-928,-457
-856,-439
-944,-483
-876,-493
-960,-537
-884,-517
-920,-519
-956,-533
-1016,-547
-1048,-553
-1004,-525
-1000,-551
-984,-537
-988,-545
-972,-533
-956,-535
-936,-499
-976,-535
-1012,-549
-1012,-535
-1028,-559
-988,-541
-1004,-549
-1008,-551
-996,-549
-900,-501
-864,-489
-848,-453
-896,-463
-900,-457
-888,-463
-824,-417
-872,-419
-840,-449
-796,-427
-824,-443
-888,-473
-848,-461
-928,-481
-968,-499
-1028,-541
-932,-523
-924,-505
-940,-509
-936,-511
-948,-513
-812,-457
-828,-419
-836,-421
-864,-463
-948,-517
-932,-503
-1008,-555
-964,-519
-1000,-537
-940,-525
-976,-535
-932,-521
-960,-453
-956,-433
-860,-373
-904,-369
-872,-381
-788,-307
-808,-337
-816,-361
-840,-397
-820,-403
-908,-441
-876,-465
-908,-459
-940,-495
-976,-523
-976,-509
-844,-463
-896,-493
-944,-463
-968,-499
-816,-417
-832,-421
-800,-433
-828,-447
-860,-459
-868,-495
-900,-463
-940,-495
-940,-487
-956,-427
-888,-435
-932,-477
-864,-473
-844,-435
-956,-479
-848,-427
-956,-441
-940,-425
-904,-433
-912,-441
-908,-445
-940,-499
-932,-503
-960,-513
-944,-501
-924,-497
-976,-525
-924,-491
-928,-509
-992,-531
-912,-485
-924,-515
-1012,-551
-968,-517
-936,-475
-912,-447
-872,-437
-864,-457
-876,-473
-884,-493
-892,-485
-924,-493
-912,-465
-896,-453
-916,-457
-888,-455
-876,-431
-860,-401
-884,-423
-880,-385
-892,-411
-832,-395
-824,-367
-844,-397
-796,-329
-844,-325
-816,-289
-748,-265
-852,-307
-756,-305
-732,-287
-876,-341
-768,-233
-776,-253
-776,-231
-780,-239
-820,-313
-884,-363
-912,-377
-920,-345
-836,-297
-812,-295
-756,-221
-768,-229
-780,-179
-792,-147
-756,-119
-780,-67
-776,-23
-784,-21
-744,-53
-784,-69
-748,-97
-712,-75
-740,-117
-664,-95
-732,-125
-724,-67
-744,-105
-832,-143
-708,-95
-736,-77
-740,-79
-772,-15
-796,-35
-716,-5
-796,39
-836,123
-828,115
-836,73
-844,17
-772,-41
-864,-99
-788,-91
-780,-55
-784,33
-840,25
-800,-43
-728,-77
-728,-95
-804,-61
-768,-85
-768,-25
-756,75
-756,107
-784,73
-788,35
-700,13
-720,59
-752,-13
-748,9
-676,-3
-748,-5
-732,-47
-844,-51
-804,-103
-760,-57
-788,-41
-760,-59
-788,-5
-700,-45
-752,-69
-760,-83
-724,-97
-728,-83
-732,-49
-680,-51
-768,-13
-796,11
-720,49
-748,15
-756,75
-760,-57
-820,-41
-764,-59
-808,-77
-824,-113
-776,-93
-828,-95
-804,17
-820,-7
-748,-3
-764,-19
-732,-61
-760,-103
-740,-111
-772,-105
-872,-119
-840,-111
-836,-99
-852,-137
-824,-151
-884,-165
-860,-145
-876,-175
-744,-99
-756,-83
-728,-83
-760,-135
-756,-153
-680,-139
-740,-113
-768,-103
-780,-165
-772,-171
-748,-125
-764,-171
-792,-171
-808,-239
-720,-185
-760,-49
-704,-35
-736,-55
-772,-83
-868,-79
-828,-137
-824,-209
-824,-217
-764,-249
-696,-275
-696,-309
-732,-273
-800,-289
-780,-285
-760,-291
-808,-343
-864,-411
-860,-393
-912,-449
-912,-433
-800,-419
-872,-463
-844,-431
-872,-441
-884,-475
-908,-481
-896,-455
-856,-345
-824,-253
-856,-241
-812,-279
-856,-311
-952,-341
-848,-339
-904,-321
-844,-245
-816,-241
-856,-257
-768,-247
-708,-259
-720,-249
-780,-281
-764,-265
-800,-281
-732,-243
-756,-261
-744,-303
-812,-269
-800,-225
-788,-233
-724,-247
-740,-313
-792,-397
-840,-415
-832,-435
-876,-477
-916,-509
-1020,-541
-1040,-555
-980,-535
-904,-497
-984,-531
-924,-507
-928,-483
-872,-475
-828,-451
-924,-465
-892,-465
-972,-519
-968,-525
-988,-521
-940,-513
-948,-527
-1000,-537
-948,-487
-944,-495
-896,-455
-872,-463
-824,-455
-872,-485
-908,-495
-924,-473
-928,-501
-964,-517
-904,-433
-868,-371
-820,-375
-872,-309
-804,-309
-816,-315
-824,-321
-820,-263
-796,-169
-748,-157
-712,-131
-704,-57
-684,-43
-760,-117
-748,-131
-856,-263
-820,-281
-888,-373
-776,-337
-752,-385
-792,-423
-844,-451
-932,-515
-880,-469
-864,-461
-844,-419
-932,-503
-1036,-553
-928,-497
-956,-509
-832,-487
-868,-471
-960,-501
-864,-461
-904,-491
-876,-467
-848,-471
-920,-499
-964,-527
-932,-515
-968,-537
-1012,-551
-928,-515
-1004,-543
-908,-483
-924,-497
-976,-503
-944,-497
-936,-483
-880,-471
-920,-427
-900,-417
-840,-383
-876,-349
-868,-431
-948,-459
-944,-445
-804,-431
-912,-465
-940,-493
-980,-521
-964,-531
-1012,-541
-968,-505
-972,-515
-968,-495
-968,-505
-976,-527
-976,-541
-1012,-553
-976,-519
-980,-543
-908,-507
-940,-507
-896,-449
-932,-479
-948,-509
-992,-541
-1040,-553
-972,-527
-972,-529
-996,-539
-944,-531
-976,-543
-1032,-547
-992,-531
-996,-525
-960,-491
-992,-519
-936,-501
-948,-521
-900,-483
-876,-459
-912,-487
-988,-535
-944,-511
-904,-495
-872,-469
-952,-489
-948,-485
-780,-411
-772,-399
-800,-425
-976,-541
-984,-543
-1036,-555
-880,-479
-896,-481
-960,-513
-968,-533
-1012,-541
-924,-497
-828,-445
-896,-459
-952,-515
-984,-521
-956,-513
-1012,-525
-932,-515
-988,-547
-964,-513
-940,-517
-964,-539
-972,-533
-1004,-555
-988,-541
-1000,-541
-1008,-535
-944,-523
-860,-487
-844,-481
-884,-491
-900,-499
-860,-467
-820,-437
-836,-463
-888,-465
-960,-491
-1000,-505
-912,-459
-860,-421
-840,-387
-868,-445
-856,-463
-932,-483
-912,-467
-936,-529
-1016,-557
-976,-545
-1044,-563
-940,-519
-844,-413
-876,-435
-944,-455
-908,-369
-860,-325
-880,-311
-916,-321
-852,-361
-956,-401
-936,-423
-904,-441
-928,-467
-868,-457
-904,-473
-828,-433
-880,-407
-832,-433
-920,-483
-900,-497
-912,-519
-824,-463
-804,-405
-792,-353
-844,-339
-936,-427
-908,-463
-880,-489
-892,-441
-944,-471
-888,-455
-784,-405
-872,-423
-828,-431
-900,-479
-952,-477
-892,-417
-932,-457
-860,-439
-916,-453
-888,-431
-864,-425
-856,-387
-844,-421
-908,-459
-940,-467
-900,-469
-936,-475
-956,-487
-852,-437
-844,-437
-844,-463
-912,-467
-888,-451
-824,-375
-820,-331
-816,-361
-900,-447
-840,-401
-884,-425
-860,-421
-824,-377
-956,-507
-872,-445
-920,-451
-928,-497
-940,-509
-932,-509
-888,-497
-972,-525
-944,-519
-996,-541
-996,-533
-1020,-535
-1052,-549
-1004,-549
-948,-495
-960,-525
-948,-513
-932,-501
-904,-493
-904,-527
-908,-507
-872,-487
-924,-519
-868,-495
-960,-537
-1012,-561
-980,-539
-952,-523
-868,-491
-920,-497
-808,-417
-816,-443
-756,-387
-788,-397
-812,-375
-796,-397
-800,-379
-776,-329
-764,-333
-824,-397
-708,-329
-788,-337
-828,-407
-844,-421
-860,-449
-888,-509
-908,-509
-996,-549
-1024,-555
-944,-517
-956,-525
-880,-487
-980,-543
-964,-531
-844,-473
-940,-507
-948,-527
-928,-515
-948,-525
-952,-519
-924,-501
-900,-479
-876,-469
-936,-483
-904,-451
-876,-431
-840,-435
-824,-401
-640,-293
-816,-359
-860,-355
-892,-413
-852,-407
-860,-429
-860,-461
-892,-493
-824,-447
-880,-477
-956,-485
-956,-487
-936,-479
-916,-471
-876,-451
-900,-469
-844,-427
-808,-399
-852,-465
-936,-509
-968,-513
-1008,-529
-916,-487
-924,-499
-872,-483
-920,-499
-892,-461
-984,-501
-968,-493
-944,-477
-940,-495
-920,-507
-908,-473
-836,-461
-860,-435
-908,-479
-920,-463
-900,-471
-864,-429
-840,-369
-888,-379
-872,-397
-828,-361
-872,-393
-756,-341
-860,-355
-828,-361
-844,-337
-768,-343
-828,-363
-884,-415
-844,-395
-744,-305
-800,-321
-740,-367
-764,-357
-788,-353
-796,-305
-776,-311
-716,-233
-740,-161
-816,-189
-856,-287
-760,-271
-812,-299
-852,-341
-884,-359
-816,-267
-804,-293
-832,-333
-804,-353
-864,-407
-872,-443
-840,-405
-840,-419
-892,-463
-912,-487
-1020,-525
-960,-497
-864,-455
-992,-509
-960,-501
-932,-501
-984,-539
-1024,-527
-880,-411
-792,-389
-948,-487
-840,-421
-812,-421
-940,-487
-952,-489
-936,-495
-952,-505
-932,-481
-936,-515
-856,-475
-828,-449
-896,-459
-832,-407
-824,-403
-848,-429
-784,-353
-788,-343
-760,-333
-784,-319
-804,-331
-792,-307
-812,-309
-868,-351
-928,-425
-900,-421
-984,-457
-940,-451
-920,-479
-916,-471
-936,-519
-860,-459
-848,-459
-908,-489
-936,-501
-964,-513
-932,-517
-904,-487
-940,-505
-900,-473
-912,-505
-924,-489
-944,-511
-880,-459
-836,-445
-848,-451
-948,-485
-868,-407
-940,-435
-896,-433
-848,-401
-768,-345
-888,-427
-920,-477
-964,-509
-904,-507
-908,-485
-916,-489
-924,-511
-968,-533
-1032,-559
-1052,-565
-976,-533
-920,-517
-968,-541
-848,-475
-992,-525
-976,-541
-1020,-559
-976,-543
-948,-513
-944,-527
-848,-465
-900,-499
-856,-463
-920,-465
-856,-447
-800,-369
-864,-403
-844,-409
-816,-397
-908,-433
-832,-381
-824,-365
-860,-423
-912,-421
-872,-433
-856,-435
-864,-457
-872,-467
-852,-443
-848,-399
-848,-373
-876,-379
-896,-401
-884,-359
-916,-371
-892,-355
-840,-303
-824,-311
-792,-345
-848,-331
-840,-343
-892,-349
-860,-299
-868,-267
-820,-255
-824,-333
-812,-355
-844,-353
-912,-371
-852,-341
-808,-367
-760,-365
-856,-403
-804,-359
-832,-365
-804,-345
-860,-365
-860,-341
-840,-353
-912,-427
-972,-433
-916,-429
-832,-365
-860,-393
-952,-445
-984,-487
-896,-405
-912,-417
-940,-439
-800,-423
-796,-433
-848,-445
-976,-499
-992,-495
-908,-459
-880,-445
-872,-433
-944,-445
-908,-465
-872,-459
-884,-475
-892,-475
-988,-531
-1016,-531
-932,-483
-892,-433
-852,-447
-876,-447
-852,-461
-880,-477
-856,-447
-912,-487
-904,-427
-952,-471
-972,-519
-884,-479
-896,-479
-968,-521
-968,-537
-956,-529
-1024,-553
-1080,-579
-976,-539
-964,-517
-900,-465
-904,-447
-764,-359
-760,-383
-796,-353
-736,-319
-812,-353
-776,-295
-780,-275
-780,-275
-816,-249
-832,-293
-724,-267
-752,-243
-724,-241
-828,-265
-760,-207
-820,-311
-916,-333
-904,-333
-792,-313
-812,-299
-872,-297
-808,-257
-776,-257
-776,-279
-796,-219
-776,-175
-824,-163
-784,-99
-704,-63
-900,-99
-844,-19
-828,29
-812,-11
-808,23
-824,1
-844,-9
-832,99
-864,39
-760,-11
-788,-1
-832,-13
-788,49
-828,7
-848,29
-808,45
-772,-33
-760,-59
-792,-83
-784,-95
-776,-13
-820,-11
-832,-5
-860,21
-836,-23
-752,-21
-836,-1
-864,-1
-860,43
-856,63
-804,59
-776,25
-736,-13
-732,-33
-784,-43
-744,-49
-724,-91
-772,-73
-744,-93
-828,-179
-752,-159
-824,-189
-820,-197
-844,-199
-864,-219
-768,-217
-796,-271
-836,-337
-852,-373
-836,-349
-824,-361
-828,-427
-820,-433
-840,-467
-916,-489
-944,-483
-968,-493
-956,-497
-844,-459
-916,-525
-860,-483
-908,-499
-804,-431
-804,-439
-852,-439
-884,-443
-932,-469
-936,-481
-876,-453
-952,-503
-988,-525
-1012,-551
-1032,-549
-948,-525
-916,-501
-904,-495
-912,-501
-824,-379
-892,-393
-872,-361
-928,-359
-952,-381
-908,-357
-916,-321
-864,-293
-832,-261
-744,-299
-760,-283
-676,-287
-756,-315
-788,-261
-776,-235
-740,-191
-760,-193
-784,-223
-748,-289
-756,-289
-768,-307
-832,-359
-936,-441
-916,-487
-952,-535
-932,-505
-908,-485
-916,-467
-944,-447
-912,-439
-868,-427
-816,-431
-824,-443
-932,-483
-872,-457
-912,-455
-924,-479
-848,-441
-800,-417
-852,-401
-864,-411
-776,-319
-864,-439
-880,-463
-960,-513
-972,-517
-976,-509
-928,-499
-932,-497
-796,-411
-840,-471
-892,-471
-860,-479
-928,-491
-960,-513
-896,-479
-952,-509
-884,-481
-880,-471
-824,-465
-876,-495
-860,-473
-824,-459
-864,-491
-936,-499
-912,-487
-868,-467
-904,-447
-892,-467
-844,-441
-836,-407
-868,-435
-852,-375
-792,-401
-812,-399
-872,-419
-816,-421
-868,-449
-888,-479
-896,-489
-904,-499
-960,-535
-912,-497
-888,-475
-944,-477
-920,-507
-988,-533
-1020,-555
-900,-509
-976,-537
-980,-533
-948,-509
-948,-521
-1004,-541
-916,-503
-948,-509
-968,-523
-928,-509
-836,-453
-784,-391
-804,-403
-788,-401
-856,-447
-864,-477
-824,-429
-868,-461
-808,-427
-760,-385
-900,-481
-900,-457
-928,-489
-892,-447
-908,-493
-932,-507
-1068,-573
-1004,-541
-968,-527
-884,-497
-868,-455
-932,-487
-1000,-519
-996,-537
-956,-525
-1024,-535
-960,-515
-956,-519
-976,-529
-984,-531
-892,-433
-900,-391
-868,-393
-916,-421
-920,-447
-900,-459
-952,-495
-948,-515
-916,-487
-924,-471
-852,-439
-880,-445
-808,-393
-880,-411
-884,-403
-932,-395
-884,-381
-892,-341
-864,-283
-788,-329
-792,-325
-828,-327
-772,-249
-772,-265
-784,-295
-840,-271
-736,-193
-724,-219
-816,-295
-892,-307
-772,-291
-800,-305
-816,-303
-856,-317
-840,-297
-764,-303
-780,-365
-828,-383
-780,-315
-888,-367
-804,-301
-768,-279
-704,-287
-772,-359
-664,-283
-668,-317
-772,-335
-900,-437
-932,-445
-940,-437
-876,-429
-880,-383
-852,-393
-900,-423
-908,-437
-876,-385
-936,-421
-960,-447
-956,-473
-912,-491
-924,-483
-912,-481
-988,-515
-992,-511
-860,-457
-908,-497
-988,-537
-1020,-525
-972,-481
-964,-483
-916,-477
-852,-475
-856,-437
-880,-425
-868,-425
-900,-453
-788,-381
-820,-393
-868,-443
-844,-405
-876,-439
-828,-387
-876,-371
-920,-357
-876,-371
-816,-333
-876,-317
-860,-305
-904,-345
-792,-335
-824,-301
-820,-295
-840,-351
-880,-393
-848,-427
-828,-439
-840,-449
-916,-499
-1032,-551
-1048,-535
-956,-501
-924,-479
-864,-453
-860,-449
-904,-477
-868,-457
-868,-485
-916,-505
-968,-527
-860,-485
-892,-489
-884,-487
-852,-465
-828,-433
-920,-437
-912,-475
-880,-449
-916,-513
-996,-513
-976,-539
-956,-537
-916,-517
-988,-533
-928,-507
-1036,-545
-924,-505
-908,-481
-876,-431
-848,-397
-884,-433
-924,-467
-908,-469
-808,-401
-820,-417
-912,-451
-1012,-527
-1008,-501
-988,-493
-928,-419
-836,-383
-908,-423
-832,-379
-844,-385
-808,-413
-788,-401
-864,-421
-928,-439
-904,-451
-924,-491
-936,-487
-820,-393
-748,-335
-812,-345
-848,-331
-784,-295
-824,-327
-820,-267
-788,-231
-848,-263
-792,-243
-776,-197
-784,-321
-752,-357
-724,-347
-824,-329
-800,-361
-880,-405
-932,-455
-956,-467
-972,-507
-952,-473
-916,-467
-908,-415
-864,-411
-844,-417
-864,-457
-916,-507
-960,-499
-940,-505
-924,-487
-880,-465
-900,-493
-948,-505
-936,-493
-984,-521
-1020,-535
-1028,-543
-960,-515
-912,-487
-832,-443
-780,-427
-864,-469
-856,-411
-848,-361
-876,-423
-904,-457
-896,-455
-744,-385
-828,-379
-848,-319
-856,-299
-896,-339
-884,-293
-888,-265
-832,-171
-784,-117
-768,-71
-760,-103
-796,-119
-804,-127
-816,-63
-804,-115
-868,-179
-808,-133
-860,-135
-804,-119
-816,-185
-828,-193
-832,-227
-828,-247
-740,-201
-700,-131
-740,-149
-764,-159
-788,-197
-804,-251
-880,-277
-880,-283
-804,-269
-764,-277
-764,-213
-760,-233
-748,-235
-856,-357
-832,-351
-816,-309
-764,-295
-824,-309
-840,-335
-824,-303
-856,-329
-868,-317
-884,-421
-960,-473
-876,-419
-872,-423
-852,-435
-948,-495
-980,-499
-884,-403
-796,-381
-724,-335
-712,-265
-820,-313
-840,-395
-788,-373
-788,-381
-832,-397
-836,-409
-860,-427
-856,-411
-892,-473
-820,-439
-840,-435
-804,-425
-872,-483
-904,-465
-968,-525
-920,-499
-944,-501
-912,-487
-928,-523
-908,-513
-912,-493
-812,-393
-836,-415
-880,-421
-880,-449
-920,-475
-904,-473
-880,-461
-896,-473
-880,-451
-848,-451
-1016,-541
-1004,-541
-896,-511
-996,-547
-940,-515
-888,-469
-932,-501
-912,-479
-900,-487
-820,-403
-936,-481
-948,-493
-856,-425
-856,-385
-780,-331
-784,-331
-756,-267
-804,-271
-796,-251
-780,-223
-820,-251
-764,-225
-772,-187
-804,-219
-780,-251
-820,-295
-884,-373
-880,-373
-908,-397
-840,-345
-780,-271
-772,-307
-880,-381
-892,-413
-896,-433
-900,-471
-1004,-539
-1044,-561
-940,-511
-956,-521
-840,-453
-816,-423
-904,-467
-880,-445
-896,-447
-856,-445
-868,-435
-824,-405
-860,-427
-852,-451
-880,-463
-860,-457
-944,-487
-820,-393
-856,-391
-876,-443
-940,-477
-868,-441
-876,-425
-812,-403
-788,-369
-836,-407
-836,-465
-936,-519
-1028,-545
-964,-517
-1032,-549
-960,-523
-904,-463
-860,-419
-844,-451
-880,-469
-956,-531
-920,-509
-964,-525
-992,-529
-956,-509
-852,-453
-916,-487
-940,-493
-904,-459
-864,-457
-844,-469
-944,-489
-888,-451
-892,-437
-840,-429
-876,-407
-824,-373
-748,-321
-856,-437
-884,-457
-936,-463
-976,-495
-952,-473
-912,-459
-888,-431
-912,-465
-880,-439
-916,-479
-888,-469
-976,-519
-968,-489
-960,-511
-920,-497
-924,-469
-896,-481
-960,-515
-1028,-553
-988,-537
-1036,-537
-996,-527
-912,-483
-916,-471
-960,-479
-912,-461
-880,-469
-904,-501
-852,-489
-888,-477
-956,-483
-880,-467
-916,-475
-920,-473
-880,-427
-880,-447
-804,-425
-840,-395
-928,-443
-868,-449
-896,-435
-880,-467
-956,-497
-880,-477
-980,-525
-1000,-519
-916,-485
-908,-505
-864,-485
-1000,-537
-936,-499
-856,-447
-796,-423
-828,-395
-848,-381
-888,-411
-804,-401
-816,-447
-840,-469
-916,-497
-1040,-565
-1024,-559
-1024,-557
-988,-527
-960,-517
-1008,-531
-980,-533
-980,-533
-952,-519
-932,-513
-900,-475
-896,-483
-880,-407
-952,-513
-1016,-547
-980,-529
-936,-513
-828,-455
-860,-457
-708,-387
-812,-427
-876,-405
-916,-429
-860,-369
-916,-385
-876,-353
-848,-375
-824,-323
-960,-439
-876,-401
-884,-449
-916,-455
-892,-457
-776,-395
-852,-429
-840,-383
-836,-317
-776,-295
-784,-315
-880,-371
-768,-325
-776,-377
-868,-373
-824,-341
-900,-339
-828,-331
-816,-329
-860,-361
-888,-327
-844,-327
-892,-311
-808,-257
-748,-159
-716,-161
-776,-161
-800,-157
-820,-165
-852,-159
-712,-143
-712,-195
-740,-235
-744,-275
-800,-211
-852,-215
-796,-177
-816,-187
-776,-191
-764,-143
-740,-209
-856,-203
-828,-267
-828,-267
-840,-295
-816,-325
-864,-329
-844,-309
-828,-321
-856,-397
-848,-433
-912,-449
-880,-425
-852,-407
-896,-439
-916,-473
-948,-491
-916,-473
-908,-481
-880,-453
-912,-467
-924,-481
-896,-471
-864,-429
-908,-451
-864,-411
-820,-401
-792,-397
-824,-399
-820,-423
-888,-449
-904,-471
-972,-503
-980,-531
-976,-521
-876,-489
-840,-465
-820,-441
-932,-519
-924,-507
-896,-471
-920,-459
-788,-375
-920,-497
-904,-467
-804,-421
-832,-409
-884,-455
-900,-455
-864,-433
-864,-451
-872,-453
-876,-435
-800,-387
-904,-461
-804,-423
-860,-463
-892,-477
-816,-455
-872,-475
-896,-497
-976,-525
-932,-501
-988,-537
-928,-515
-964,-521
-936,-503
-892,-489
-876,-461
-880,-491
-1008,-551
-968,-513
-988,-533
-940,-509
-924,-507
-936,-515
-956,-487
-908,-475
-948,-509
-856,-459
-892,-489
-920,-511
-912,-497
-988,-539
-1084,-565
-1000,-537
-1024,-557
-1068,-577
-948,-519
-920,-495
-980,-545
-1032,-549
-964,-531
-1008,-537
-916,-489
-916,-471
-892,-457
-808,-395
-816,-415
-924,-477
-916,-509
-924,-515
-948,-503
-948,-515
-976,-527
-896,-471
-988,-527
-952,-499
-832,-421
-872,-405
-908,-457
-928,-493
-860,-463
-812,-443
-812,-469
-900,-467
-824,-405
-836,-401
-928,-463
-908,-479
-944,-501
-916,-515
-1004,-555
-960,-517
-984,-529
-916,-515
-908,-499
-996,-541
-896,-503
-936,-513
-960,-525
-856,-463
-964,-517
-884,-497
-896,-501
-912,-479
-856,-451
-920,-465
-856,-457
-940,-493
-880,-463
-872,-431
-912,-435
-956,-469
-856,-489
-900,-475
-888,-467
-928,-505
-948,-501
-952,-525
-1000,-547
-996,-545
-936,-513
-948,-503
-884,-469
-940,-483
-972,-483
-856,-421
-856,-451
-860,-441
-884,-451
-820,-413
-840,-401
-836,-413
-948,-465
-968,-485
-876,-439
-916,-477
-916,-483
-880,-459
-924,-499
-1020,-555
-1020,-553
-908,-465
-936,-473
-916,-445
-936,-475
-916,-499
-940,-517
-1008,-549
-948,-509
-924,-473
-944,-509
-928,-459
-980,-483
-968,-475
-860,-455
-928,-455
-960,-483
-1044,-549
-948,-513
-940,-513
-952,-501
-984,-541
-1008,-553
-1020,-557
-1000,-529
-976,-515
-908,-489
-912,-479
-916,-449
-956,-535
-952,-511
-956,-509
-1012,-539
-940,-487
-868,-445
-836,-411
-788,-395
-888,-491
-1008,-533
-928,-493
-960,-507
-932,-487
-872,-469
-876,-417
-908,-445
-892,-437
-840,-433
-876,-447
-816,-431
-752,-381
-712,-305
-724,-317
-780,-371
-900,-477
-964,-529
-912,-515
-960,-507
-1004,-527
-1024,-545
-1004,-551
-992,-521
-988,-529
-908,-487
-940,-511
-848,-489
-872,-487
-836,-451
-832,-463
-888,-485
-936,-511
-880,-461
-912,-461
-896,-475
-904,-493
-884,-463
-868,-423
-728,-311
-740,-319
-768,-373
-824,-351
-908,-383
-896,-377
-900,-379
-856,-325
-860,-327
-904,-365
-880,-367
-852,-313
-840,-319
-824,-361
-840,-415
-784,-393
-820,-423
-852,-427
-872,-363
-812,-307
-804,-313
-804,-331
-800,-349
-816,-363
-816,-395
-896,-443
-904,-435
-848,-433
-880,-439
-984,-489
-884,-463
-860,-439
-788,-395
-812,-377
-904,-435
-908,-453
-912,-425
-864,-423
-768,-393
-848,-431
-960,-477
-896,-431
-776,-307
-744,-261
-736,-207
-696,-205
-688,-147
-616,-53
-764,13
-696,17
-764,23
-768,83
-784,31
-784,3
-876,-97
-840,-97
-776,-53
-824,-61
-788,-105
-740,-133
-796,-181
-828,-263
-852,-269
-792,-303
-828,-339
-856,-393
-836,-361
-900,-377
-836,-365
-856,-401
-844,-389
-892,-427
-916,-447
-812,-413
-816,-391
-800,-383
-804,-431
-816,-463
-860,-453
-900,-441
-980,-521
-1044,-563
-976,-525
-964,-513
-920,-509
-904,-501
-1032,-541
-960,-499
-928,-481
-928,-489
-960,-517
-1012,-551
-1012,-537
-928,-509
-1004,-539
-940,-515
-880,-477
-848,-417
-812,-341
-820,-393
-796,-335
-872,-419
-912,-459
-864,-429
-784,-375
-844,-403
-908,-437
-824,-375
-824,-367
-892,-457
-940,-493
-940,-479
-908,-479
-912,-491
-892,-459
-844,-427
-740,-381
-812,-385
-776,-335
-804,-337
-812,-345
-784,-319
-772,-369
-800,-371
-788,-397
-736,-361
-808,-365
-848,-423
-856,-435
-868,-479
-948,-525
-908,-495
-924,-467
-920,-463
-864,-427
-836,-445
-848,-445
-860,-469
-852,-479
-896,-473
-908,-493
-960,-533
-988,-523
-896,-493
-872,-495
-924,-509
-900,-479
-924,-513
-932,-519
-916,-509
-952,-503
-836,-431
-836,-433
-824,-429
-836,-441
-904,-457
-964,-491
-892,-435
-936,-461
-848,-409
-884,-441
-864,-451
-924,-501
-884,-487
-888,-487
-1032,-565
-972,-541
-964,-523
-1028,-537
-996,-527
-952,-489
-936,-453
-868,-457
-932,-483
-980,-503
-896,-453
-912,-455
-984,-465
-884,-397
-844,-415
-872,-413
-792,-349
-868,-411
-900,-431
-932,-405
-888,-443
-972,-509
-988,-531
-960,-519
-912,-513
-904,-499
-936,-511
-776,-433
-816,-445
-852,-471
-792,-413
-780,-391
-788,-401
-824,-413
-872,-407
-784,-409
-888,-463
-852,-395
-904,-379
-892,-399
-932,-395
-860,-355
-788,-335
-872,-389
-848,-325
-840,-253
-804,-175
-732,-139
-804,-155
-776,-169
-736,-161
-824,-219
-760,-201
-840,-269
-848,-275
-880,-315
-784,-345
-832,-369
-772,-335
-804,-335
-828,-339
-832,-357
-892,-397
-904,-419
-852,-457
-888,-487
-916,-467
-956,-467
-972,-463
-860,-435
-872,-455
-864,-405
-832,-377
-812,-345
-892,-363
-848,-369
-780,-389
-776,-375
-808,-405
-820,-419
-880,-435
-760,-401
-904,-449
-844,-447
-832,-459
-888,-467
-788,-437
-812,-439
-808,-423
-780,-427
-808,-433
-784,-347
-708,-251
-720,-249
-824,-357
-848,-415
-888,-459
-924,-483
-904,-475
-908,-487
-960,-507
-936,-519
-1000,-543
-980,-531
-868,-491
-944,-515
-988,-543
-960,-527
-956,-537
-1016,-551
-1032,-553
-980,-531
-932,-509
-984,-527
-1044,-551
-944,-499
-984,-515
-904,-485
-928,-497
-948,-517
-844,-439
-848,-401
-952,-457
-804,-411
-872,-463
-920,-481
-928,-457
-944,-449
-984,-469
-932,-481
-964,-521
-928,-517
-948,-507
-916,-517
-908,-507
-924,-493
-1008,-539
-928,-497
-892,-511
-936,-479
-852,-413
-912,-453
-948,-493
-888,-471
-820,-433
-788,-395
-824,-411
-864,-455
-896,-443
-848,-415
-880,-433
-840,-433
-844,-451
-856,-431
-924,-455
-856,-435
-864,-431
-852,-395
-844,-397
-864,-433
-796,-383
-844,-407
-808,-401
-940,-465
-948,-441
-880,-385
-836,-401
-828,-413
-884,-467
-860,-461
-912,-505
-864,-479
-792,-441
-768,-355
-780,-277
-784,-303
-800,-297
-748,-285
-736,-261
-784,-269
-852,-303
-872,-293
-788,-313
-824,-333
-780,-285
-764,-211
-744,-271
-784,-225
-736,-265
-756,-301
-724,-321
-756,-339
-740,-323
-760,-325
-812,-333
-780,-255
-800,-165
-788,-133
-768,-109
-744,-69
-780,31
-736,55
-720,11
-736,37
-764,47
-880,133
-736,179
-768,113
-764,121
-812,137
-740,117
-820,191
-724,219
-732,177
-740,143
-700,115
-816,189
-768,149
-816,171
-840,133
-832,93
-804,173
-768,155
-760,99
-696,137
-724,125
-824,175
-760,123
-816,93
-772,115
-816,155
-828,123
-832,79
-728,3
-692,53
-708,-35
-696,5
-708,-51
-720,-127
-772,-159
-768,-157
-772,-125
-740,-157
-812,-149
-748,-199
-856,-309
-848,-319
-808,-307
-800,-289
-804,-337
-776,-319
-760,-297
-708,-269
-716,-297
-668,-269
-692,-235
-752,-313
-736,-341
-796,-389
-836,-453
-900,-473
-960,-507
-896,-481
-928,-511
-800,-457
-884,-473
-940,-473
-948,-483
-948,-455
-900,-421
-872,-381
-828,-361
-804,-373
-884,-435
-852,-429
-800,-369
-900,-373
-804,-309
-892,-327
-748,-289
-776,-329
-904,-339
-880,-301
-868,-285
-904,-275
-912,-273
-792,-289
-788,-355
-852,-397
-852,-361
-724,-269
-808,-333
-796,-387
-780,-391
-832,-427
-916,-477
-952,-485
-916,-443
-856,-419
-816,-417
-892,-447
-884,-467
-836,-425
-816,-439
-868,-477
-972,-535
-928,-519
-988,-501
-912,-481
-892,-477
-896,-469
-900,-485
-840,-459
-944,-505
-996,-529
-920,-487
-992,-539
-968,-525
-948,-525
-888,-495
-972,-527
-912,-485
-924,-509
-936,-517
-896,-495
-880,-495
-856,-471
-920,-501
-920,-491
-872,-443
-836,-443
-860,-463
-876,-439
-924,-477
-892,-479
-936,-515
-904,-503
-968,-513
-972,-513
-944,-533
-848,-487
-900,-489
-896,-447
-964,-439
-752,-319
-872,-403
-912,-451
-924,-405
-936,-403
-868,-393
-904,-417
-852,-403
-792,-405
-796,-401
-844,-427
-820,-419
-852,-407
-952,-427
-892,-433
-852,-425
-864,-467
-856,-417
-920,-483
-964,-509
-884,-489
-888,-483
-912,-491
-976,-539
-912,-511
-960,-519
-876,-485
-820,-397
-876,-433
-820,-433
-816,-405
-820,-383
-780,-365
-856,-459
-812,-409
-848,-421
-840,-425
-868,-441
-836,-447
-868,-397
-884,-447
-888,-425
-824,-371
-832,-375
-868,-385
-760,-309
-868,-335
-812,-239
-776,-253
-784,-339
-760,-379
-744,-333
-872,-437
-840,-407
-844,-445
-864,-453
-836,-433
-900,-465
-944,-517
-940,-503
-948,-507
-968,-513
-920,-487
-904,-483
-872,-473
-904,-483
-956,-505
-996,-531
-864,-471
-904,-491
-980,-515
-988,-511
-956,-503
-912,-461
-828,-399
-816,-443
-780,-407
-756,-401
-856,-453
-860,-453
-888,-455
-940,-431
-964,-417
-920,-445
-876,-433
-896,-417
-896,-431
-824,-353
-784,-325
-800,-265
-764,-243
-860,-305
-824,-243
-844,-355
-816,-369
-928,-373
-868,-349
-864,-333
-796,-321
-800,-369
-784,-265
-792,-227
-844,-233
-784,-155
-772,-179
-728,-163
-808,-133
-784,-115
-808,-131
-736,-163
-872,-209
-856,-249
-904,-379
-1028,-499
-840,-393
-776,-295
-844,-273
-896,-291
-852,-341
-780,-353
-852,-425
-876,-439
-928,-491
-908,-471
-912,-455
-892,-467
-864,-443
-912,-435
-888,-421
-816,-345
-768,-279
-736,-259
-716,-233
-800,-295
-796,-317
-812,-353
-892,-399
-884,-413
-916,-435
-852,-411
-824,-397
-892,-439
-852,-405
-896,-371
-780,-347
-796,-377
-804,-403
-824,-397
-764,-371
-820,-359
-816,-395
-828,-363
-844,-355
-876,-467
-960,-521
-956,-499
-912,-485
-968,-515
-888,-487
-960,-533
-1000,-535
-944,-529
-992,-545
-964,-521
-976,-527
-924,-497
-912,-499
-860,-463
-836,-447
-880,-467
-980,-509
-960,-513
-972,-529
-976,-533
-912,-493
-832,-449
-856,-459
-884,-463
-900,-475
-944,-483
-1044,-537
-932,-485
-908,-471
-932,-461
-792,-411
-876,-407
-876,-445
-792,-375
-856,-385
-864,-417
-876,-457
-848,-441
-868,-453
-788,-401
-824,-397
-808,-395
-832,-367
-856,-313
-804,-313
-796,-257
-888,-309
-908,-359
-772,-333
-804,-383
-788,-341
-808,-345
-776,-295
-796,-315
-888,-383
-932,-433
-996,-483
-868,-469
-952,-505
-900,-493
-912,-505
-832,-451
-856,-405
-784,-367
-808,-409
-792,-405
-780,-421
-760,-425
-868,-431
-844,-395
-912,-469
-968,-531
-1024,-543
-976,-521
-968,-507
-864,-465
-892,-473
-884,-435
-840,-405
-768,-391
-808,-401
-808,-427
-812,-449
-772,-391
-832,-425
-880,-451
-832,-411
-796,-407
-868,-461
-900,-469
-820,-437
-868,-471
-884,-477
-932,-473
-976,-491
-936,-485
-932,-521
-940,-523
-896,-479
-936,-493
-880,-463
-912,-477
-860,-429
-880,-445
-876,-469
-900,-471
-940,-505
-956,-507
-880,-489
-908,-499
-964,-523
-948,-523
-996,-535
-948,-523
-1040,-559
-1052,-563
-880,-495
-896,-513
-948,-515
-952,-523
-900,-495
-884,-493
-944,-509
-936,-503
-960,-535
-932,-499
-948,-505
-976,-535
-880,-503
-984,-539
-960,-525
-956,-511
-880,-477
-924,-473
-888,-499
-908,-499
-948,-521
-884,-499
-940,-517
-936,-509
-944,-517
-956,-533
-980,-535
-896,-489
-900,-481
-988,-519
-912,-475
-900,-473
-908,-489
-908,-509
-948,-519
-952,-509
-920,-465
-932,-487
-916,-467
-908,-445
-868,-415
-824,-393
-764,-381
-764,-375
-764,-389
-832,-413
-884,-371
-920,-387
-980,-413
-960,-403
-872,-305
-896,-249
-776,-211
-840,-223
-812,-249
-856,-229
-824,-211
-832,-287
-800,-317
-812,-285
-812,-287
-820,-293
-788,-259
-756,-271
-744,-217
-740,-223
-732,-161
-788,-191
-720,-125
-776,-89
-816,-139
-764,-131
-816,-153
-784,-177
-828,-235
-756,-231
-792,-199
-816,-233
-748,-237
-760,-267
-776,-253
-788,-141
-756,-9
-724,-71
-740,-65
-800,3
-720,17
-672,31
-684,27
-696,45
-748,163
-784,177
-752,167
-784,165
-840,139
-852,191
-776,183
-816,203
-832,153
-808,163
-704,105
-728,95
-716,135
-736,73
-784,53
-728,147
-724,43
-744,53
-760,-17
-764,-15
-828,-21
-840,-67
-836,-79
-792,-101
-784,-101
-772,-95
-768,-95
-800,-119
-828,-139
-852,-109
-812,-127
-840,-159
-764,-115
-840,-63
-872,-61
-864,-79
-920,-55
-804,-65
-820,-47
-696,-67
-756,-97
-696,-113
-740,-125
-664,-79
-768,-69
-744,-91
-808,-73
-824,-59
-868,-141
-860,-203
-880,-287
-872,-323
-888,-325
-892,-385
-872,-317
-816,-385
-792,-397
-808,-389
-868,-445
-816,-429
-824,-439
-920,-453
-848,-407
-860,-431
-876,-425
-824,-403
-752,-409
-876,-453
-860,-435
-852,-439
-820,-449
-900,-497
-860,-459
-864,-447
-916,-503
-924,-521
-928,-495
-904,-489
-896,-437
-952,-433
-900,-423
-896,-505
-1036,-563
-1048,-565
-1020,-535
-1004,-543
-1004,-539
-1084,-571
-1000,-527
-892,-473
-916,-485
-896,-481
-1000,-551
-900,-481
-792,-433
-868,-459
-968,-513
-1000,-537
-984,-531
-912,-501
-932,-507
-972,-507
-964,-487
-956,-487
-860,-451
-912,-455
-888,-383
-864,-357
-808,-379
-840,-391
-928,-499
-936,-513
-876,-485
-912,-479
-836,-445
-888,-475
-916,-499
-904,-467
-976,-537
-964,-507
-984,-523
-916,-473
-924,-501
-1036,-551
-1008,-535
-984,-523
-976,-529
-868,-495
-968,-503
-960,-497
-900,-491
-836,-459
-800,-447
-1028,-509
-936,-459
-908,-471
-964,-497
-940,-483
-876,-457
-908,-473
-916,-435
-932,-469
-864,-431
-868,-433
-884,-443
-916,-493
-912,-523
-916,-491
-908,-489
-860,-439
-932,-471
-992,-531
-932,-479
-988,-511
-976,-493
-892,-509
-940,-513
-924,-503
-876,-473
-896,-489
-888,-471
-920,-489
-832,-441
-836,-461
-892,-467
-804,-423
-968,-535
-1020,-557
-940,-507
-968,-515
-812,-457
-920,-487
-880,-493
-868,-501
-880,-475
-832,-455
-916,-485
-928,-491
-972,-509
-888,-471
-948,-491
-872,-421
-828,-401
-852,-417
-884,-465
-920,-507
-948,-529
-936,-519
-964,-515
-872,-467
-896,-467
-904,-467
-808,-433
-896,-429
-900,-463
-852,-449
-892,-435
-792,-415
-792,-391
-856,-465
-944,-525
-992,-531
-924,-493
-884,-485
-872,-493
-904,-505
-960,-527
-1048,-555
-1076,-563
-992,-531
-876,-449
-920,-475
-876,-477
-880,-479
-868,-491
-932,-521
-988,-555
-992,-551
-888,-479
-920,-503
-812,-401
-768,-373
-788,-337
-820,-289
-800,-267
-812,-229
-760,-209
-824,-289
-856,-275
-844,-317
-820,-339
-896,-341
-844,-317
-836,-285
-840,-221
-824,-201
-816,-211
-776,-213
-804,-239
-844,-269
-824,-277
-824,-253
-804,-239
-800,-195
-788,-225
-692,-167
-716,-235
-776,-301
-748,-285
-768,-293
-768,-293
-804,-385
-804,-359
-828,-315
-764,-299
-768,-287
-724,-261
-804,-345
-856,-293
-760,-299
-764,-321
-792,-353
-828,-341
-860,-413
-868,-445
-812,-425
-856,-441
-940,-485
-924,-463
-932,-467
-852,-429
-892,-417
-880,-411
-912,-437
-856,-417
-924,-479
-948,-495
-964,-501
-968,-513
-912,-503
-888,-475
-792,-409
-788,-375
-752,-335
-816,-331
-860,-375
-816,-325
-780,-285
-788,-341
-792,-383
-796,-425
-816,-425
-808,-397
-840,-417
-832,-395
-804,-351
-796,-351
-812,-385
-804,-407
-916,-499
-940,-507
-880,-491
-932,-511
-976,-519
-972,-529
-884,-491
-1000,-533
-952,-475
-956,-495
-988,-519
-948,-505
-908,-473
-1008,-539
-980,-521
-976,-537
-1116,-591
-972,-535
-1032,-555
-1032,-555
-956,-503
-1036,-545
-972,-539
-960,-523
-944,-501
-860,-433
-916,-497
-1008,-541
-1024,-549
-948,-523
-936,-521
-904,-485
-888,-483
-924,-487
-916,-497
-964,-503
-828,-433
-876,-479
-784,-435
-864,-445
-884,-457
-868,-397
-836,-383
-796,-335
-908,-401
-840,-373
-848,-367
-832,-319
-896,-297
-824,-329
-808,-381
-872,-441
-924,-469
-824,-469
-912,-475
-888,-445
-908,-481
-948,-521
-1064,-569
-976,-525
-972,-533
-904,-489
-960,-519
-984,-527
-932,-503
-844,-451
-944,-483
-888,-425
-904,-447
-864,-389
-912,-435
-872,-373
-800,-313
-740,-335
-868,-435
-840,-423
-856,-395
-900,-451
-956,-467
-808,-427
-916,-489
-884,-475
-896,-483
-900,-443
-876,-481
-916,-503
-900,-501
-884,-469
-868,-473
-944,-525
-992,-541
-1032,-551
-996,-527
-960,-515
-904,-485
-816,-451
-916,-481
-972,-509
-952,-499
-920,-511
-908,-483
-956,-519
-916,-481
-868,-475
-840,-469
-864,-489
-852,-445
-800,-389
-800,-409
-836,-455
-944,-465
-900,-463
-912,-465
-912,-477
-940,-485
-864,-475
-940,-491
-832,-451
-836,-445
-852,-425
-756,-375
-832,-415
-868,-449
-860,-423
-848,-439
-828,-423
-788,-415
-856,-429
-836,-371
-976,-443
-936,-455
-940,-465
-844,-401
-912,-413
-912,-419
-908,-475
-944,-503
-920,-503
-884,-491
-908,-445
-1000,-521
-944,-519
-1028,-547
-1008,-543
-956,-523
-904,-499
-944,-519
-1032,-555
-964,-531
-920,-519
-956,-503
-992,-523
-816,-413
-916,-431
-772,-315
-848,-299
-856,-319
-816,-243
-764,-203
-892,-271
-852,-271
-876,-251
-836,-153
-788,-137
-800,-77
-792,-63
-840,-119
-696,-73
-768,-87
-796,-167
-856,-181
-868,-189
-832,-193
-792,-203
-800,-209
-800,-171
-784,-143
-808,-177
-776,-219
-748,-279
-820,-281
-824,-149
-908,-211
-932,-161
-816,-225
-800,-273
-840,-253
-756,-235
-828,-255
-820,-219
-784,-291
-844,-371
-916,-425
-924,-445
-948,-465
-1012,-519
-980,-507
-972,-513
-904,-507
-892,-469
-888,-479
-960,-499
-868,-443
-836,-433
-820,-459
-852,-459
-876,-485
-820,-461
-852,-471
-912,-519
-844,-485
-824,-463
-784,-431
-804,-411
-844,-427
-824,-389
-760,-343
-784,-289
-820,-205
-800,-223
-772,-233
-732,-189
-724,-73
-756,-87
-708,-179
-692,-201
-772,-173
-768,-115
-748,-91
-820,-161
-824,-219
-848,-291
-780,-277
-796,-319
-880,-323
-888,-321
-828,-377
-808,-317
-820,-319
-792,-201
-760,-155
-720,-213
-752,-277
-744,-239
-696,-223
-724,-167
-712,-117
-736,-181
-688,-185
-716,-185
-740,-177
-776,-231
-744,-191
-712,-151
-800,-177
-808,-191
-808,-145
-736,-77
-704,-35
-700,25
-728,107
-788,137
-744,67
-712,125
-744,181
-748,117
-776,81
-756,9
-772,-71
-736,-9
-724,-117
-704,-137
-728,-113
-840,-123
-880,-255
-812,-297
-960,-311
-912,-223
-844,-287
-844,-313
-780,-227
-848,-255
-856,-195
-864,-301
-788,-293
-752,-211
-736,-245
-724,-243
-680,-255
-776,-349
-824,-347
-812,-329
-824,-359
-808,-359
-784,-325
-832,-365
-904,-393
-908,-429
-920,-457
-872,-431
-900,-471
-868,-497
-892,-495
-980,-519
-944,-497
-1012,-519
-960,-515
-964,-495
-896,-459
-876,-455
-868,-453
-820,-423
-848,-413
-860,-403
-784,-395
-816,-443
-924,-509
-964,-509
-896,-485
-928,-511
-976,-533
-964,-525
-884,-499
-872,-485
-964,-515
-1004,-537
-872,-461
-864,-445
-888,-477
-960,-525
-896,-497
-880,-485
-888,-489
-888,-459
-908,-481
-912,-491
-848,-463
-836,-465
-908,-483
-900,-459
-856,-473
-856,-491
-876,-489
-808,-441
-828,-433
-904,-445
-856,-429
-932,-469
-996,-531
-992,-523
-900,-469
-956,-525
-980,-517
-956,-483
-1000,-511
-1016,-517
-980,-537
-928,-513
-1008,-545
-1056,-549
-1040,-545
-956,-499
-952,-513
-964,-515
-992,-543
-940,-521
-888,-451
-1000,-521
-972,-509
-996,-537
-844,-465
-840,-477
-960,-515
-1008,-507
-1012,-521
-956,-491
-972,-511
-968,-511
-940,-499
-908,-503
-980,-539
-1036,-557
-1032,-555
-1052,-567
-936,-515
-896,-499
-924,-491
-848,-443
-856,-409
-916,-449
-940,-437
-828,-397
-868,-433
-796,-395
-776,-391
-800,-365
-800,-369
-844,-381
-768,-395
-824,-407
-924,-469
-920,-483
-912,-485
-964,-515
-944,-501
-920,-457
-920,-439
-920,-461
-936,-505
-892,-477
-932,-485
-940,-509
-984,-531
-936,-505
-1008,-529
-952,-515
-992,-539
-1004,-535
-988,-525
-936,-513
-976,-535
-976,-535
-924,-511
-868,-467
-828,-457
-812,-433
-812,-449
-852,-457
-964,-515
-912,-489
-920,-497
-904,-457
-844,-445
-928,-467
-924,-483
-896,-493
-896,-469
-860,-447
-896,-457
-884,-453
-772,-393
-844,-467
-860,-479
-780,-425
-836,-441
-812,-403
-872,-441
-852,-425
-884,-461
-880,-467
-884,-461
-876,-459
-824,-451
-924,-453
-908,-473
-916,-481
-912,-459
-888,-459
-904,-453
-920,-451
-924,-443
-844,-365
-884,-413
-868,-413
-848,-377
-864,-405
-912,-447
-840,-429
-956,-491
-920,-475
-880,-487
-972,-517
-920,-495
-876,-479
-880,-497
-880,-471
-960,-513
-980,-519
-912,-499
-836,-439
-880,-477
-912,-513
-912,-507
-928,-517
-792,-429
-876,-453
-908,-477
-908,-507
-964,-529
-972,-521
-836,-451
-924,-473
-1008,-523
-932,-499
-928,-461
-892,-427
-952,-449
-876,-431
-868,-435
-936,-513
-980,-517
-840,-461
-856,-465
-896,-499
-872,-479
-816,-427
-800,-401
-820,-417
-848,-425
-852,-367
-844,-411
-860,-443
-796,-423
-828,-425
-880,-439
-836,-409
-832,-439
-856,-465
-840,-391
-844,-415
-948,-469
-872,-417
-848,-439
-960,-513
-944,-491
-944,-507
-924,-513
-1000,-541
-1024,-555
-992,-545
-964,-521
-896,-491
-992,-509
-996,-511
-880,-493
-992,-521
-984,-519
-988,-519
-988,-517
-920,-471
-888,-453
-952,-487
-972,-515
-960,-509
-1012,-513
-936,-477
-900,-471
-908,-491
-912,-477
-896,-499
-912,-493
-940,-497
-924,-513
-936,-507
-976,-527
-924,-475
-872,-425
-944,-477
-968,-495
-1000,-553
-972,-539
-936,-525
-904,-497
-976,-515
-916,-481
-968,-525
-972,-525
-932,-499
-960,-509
-828,-447
-844,-421
-844,-455
-860,-453
-796,-419
-844,-411
-900,-439
-888,-459
-888,-475
-904,-509
-924,-515
-1012,-541
-932,-493
-968,-493
-860,-449
-828,-429
-792,-387
-800,-413
-884,-435
-844,-411
-932,-419
-924,-451
-988,-509
-984,-519
-952,-517
-960,-529
-856,-483
-796,-433
-840,-447
-852,-451
-928,-481
-780,-395
-844,-431
-852,-437
-836,-439
-892,-459
-984,-491
-1012,-541
-824,-457
-828,-441
-772,-425
-912,-473
-820,-435
-752,-367
-760,-387
-776,-397
-828,-437
-824,-443
-920,-509
-940,-515
-932,-521
-924,-511
-896,-507
-804,-437
-872,-479
-852,-437
-888,-481
-952,-501
-960,-505
-884,-495
-1016,-541
-1000,-539
-1024,-551
-868,-495
-912,-507
-924,-495
-964,-511
-960,-517
-996,-535
-952,-517
-984,-529
-936,-495
-900,-483
-924,-493
-964,-495
-940,-477
-904,-471
-836,-447
-856,-473
-956,-483
-928,-479
-924,-499
-928,-493
-848,-431
-932,-493
-932,-519
-956,-539
-960,-541
-988,-537
-972,-525
-896,-491
-932,-513
-884,-489
-884,-489
-908,-493
-972,-511
-1012,-515
-948,-511
-912,-493
-936,-461
-956,-503
-948,-509
-848,-429
-856,-423
-888,-463
-912,-487
-920,-489
-924,-499
-884,-491
-944,-513
-916,-511
-940,-513
-936,-489
-912,-483
-920,-487
-936,-511
-900,-485
-896,-473
-1036,-557
-960,-517
-984,-535
-892,-503
-960,-531
-1020,-537
-912,-491
-872,-467
-964,-511
-1008,-553
-984,-531
-952,-519
-1052,-551
-948,-503
-884,-477
-852,-461
-916,-503
-852,-467
-860,-465
-936,-503
-980,-491
-952,-505
-860,-465
-868,-473
-872,-431
-940,-489
-884,-443
-944,-463
-880,-365
-872,-385
-936,-365
-936,-339
-812,-309
-824,-353
-812,-323
-816,-283
-800,-271
-856,-275
-908,-385
-856,-337
-840,-363
-796,-283
-796,-329
-824,-355
-780,-325
-844,-329
-908,-375
-888,-421
-896,-425
-852,-381
-892,-431
-864,-473
-1012,-521
-1012,-539
-1020,-559
-992,-527
-944,-487
-900,-499
-872,-469
-884,-475
-868,-471
-860,-449
-844,-455
-872,-469
-808,-441
-896,-479
-932,-515
-960,-527
-916,-515
-912,-515
-944,-497
-912,-495
-932,-511
-940,-517
-1008,-501
-964,-515
-996,-537
-920,-479
-888,-445
-856,-443
-840,-441
-928,-455
-848,-407
-836,-397
-896,-449
-852,-427
-820,-397
-824,-311
-872,-353
-824,-369
-736,-331
-788,-375
-800,-377
-828,-391
-716,-305
-724,-335
-684,-279
-740,-387
-924,-481
-924,-465
-868,-467
-844,-467
-920,-499
-896,-477
-964,-507
-952,-477
-920,-457
-900,-457
-920,-439
-864,-437
-920,-473
-908,-479
-888,-459
-900,-449
-840,-431
-848,-429
-816,-397
-788,-359
-840,-395
-872,-405
-892,-445
-912,-435
-816,-427
-800,-399
-792,-381
-764,-331
-796,-329
-828,-341
-828,-403
-756,-383
-736,-299
-772,-313
-828,-401
-908,-465
-976,-517
-900,-491
-896,-485
-912,-491
-848,-461
-904,-499
-916,-499
-964,-537
-984,-539
-972,-517
-924,-503
-944,-515
-1040,-539
-924,-499
-996,-547
-1000,-537
-1032,-541
-1008,-535
-1024,-563
-1024,-557
-1028,-561
-988,-549
-956,-539
-976,-513
-944,-509
-872,-461
-908,-453
-840,-405
-872,-391
-748,-345
-784,-321
-860,-371
-788,-391
-860,-421
-900,-431
-900,-437
-836,-409
-848,-391
-780,-341
-816,-299
-876,-349
-852,-339
-820,-347
-772,-325
-860,-439
-840,-427
-836,-401
-872,-451
-840,-457
-828,-437
-744,-393
-816,-423
-872,-475
-880,-505
-908,-497
-904,-479
-892,-465
-920,-459
-952,-477
-868,-421
-912,-467
-828,-435
-880,-471
-1016,-547
-1008,-515
-944,-455
-892,-471
-944,-491
-912,-473
-900,-463
-928,-471
-924,-497
-980,-523
-972,-525
-928,-519
-892,-503
-840,-457
-840,-415
-764,-419
-844,-445
-944,-509
-896,-489
-984,-529
-1004,-549
-1028,-555
-992,-549
-996,-549
-1060,-571
-1048,-569
-1040,-557
-920,-477
-880,-483
-832,-457
-832,-427
-864,-447
-812,-369
-748,-329
-780,-397
-928,-479
-864,-451
-832,-459
-944,-487
-888,-491
-880,-483
-996,-523
-932,-487
-916,-471
-948,-491
-888,-463
-872,-437
-816,-415
-904,-479
-916,-469
-868,-415
-900,-469
-860,-475
-880,-483
-1024,-553
-960,-519
-928,-513
-908,-513
-840,-459
-828,-417
-868,-453
-856,-467
-904,-499
-844,-441
-816,-457
-864,-443
-924,-483
-884,-459
-872,-471
-924,-515
-940,-507
-944,-505
-904,-467
-832,-443
-860,-425
-868,-443
-772,-383
-692,-337
-660,-279
-756,-329
-724,-335
-820,-331
-864,-361
-752,-351
-788,-385
-868,-421
-808,-449
-884,-441
-828,-385
-752,-339
-740,-353
-776,-393
-840,-417
-836,-429
-848,-453
-936,-479
-872,-451
-812,-407
-764,-379
-808,-433
-860,-445
-916,-463
-924,-465
-920,-477
-840,-429
-832,-453
-824,-423
-856,-451
-964,-491
-908,-497
-932,-505
-992,-535
-904,-517
-888,-487
-900,-509
-920,-505
-900,-477
-904,-471
-908,-487
-936,-509
-908,-505
-940,-501
-884,-499
-848,-443
-896,-481
-1032,-557
-980,-535
-984,-535
-952,-521
-968,-527
-896,-487
-876,-479
-836,-459
-1016,-549
-936,-495
-980,-505
-900,-477
-912,-477
-856,-437
-828,-407
-828,-365
-868,-381
-808,-329
-812,-425
-884,-465
-964,-517
-968,-519
-912,-483
-996,-511
-1052,-567
-980,-535
-936,-513
-904,-477
-848,-443
-836,-389
-860,-367
-780,-245
-720,-245
-772,-311
-824,-275
-760,-281
-800,-343
-744,-311
-784,-329
-876,-411
-868,-409
-940,-465
-812,-425
-872,-487
-928,-517
-828,-451
-876,-443
-892,-507
-972,-525
-988,-511
-916,-473
-968,-473
-848,-407
-916,-475
-856,-399
-836,-399
-856,-381
-748,-315
-740,-309
-768,-347
-752,-325
-800,-337
-744,-289
-736,-287
-828,-341
-840,-345
-884,-321
-772,-293
-792,-295
-776,-225
-756,-57
-748,-33
-720,-59
-752,-115
-756,-69
-744,-95
-788,-99
-796,-81
-816,-101
-752,-121
-752,-169
-684,-115
-728,-171
-784,-143
-800,-167
-800,-195
-796,-153
-828,-157
-808,-221
-828,-155
-768,-145
-760,-141
-732,-111
-808,-207
-864,-235
-860,-263
-740,-309
-720,-295
-796,-325
-736,-281
-708,-237
-808,-207
-808,-255
-860,-261
-824,-239
-848,-235
-816,-167
-820,-229
-840,-201
-808,-183
-804,-131
-816,-127
-832,-151
-816,-137
-732,-207
-732,-163
-744,-159
-772,-161
-736,-207
-752,-145
-796,-153
-740,-131
-788,-191
-776,-187
-828,-239
-796,-235
-784,-265
-812,-267
-856,-271
-860,-279
-868,-281
-828,-243
-828,-255
-848,-311
-756,-217
-728,-83
-724,-141
-700,-195
-740,-231
-756,-185
-816,-257
-824,-251
-812,-253
-832,-317
-820,-309
-744,-283
-836,-323
-776,-349
-844,-387
-800,-333
-840,-397
-832,-339
-784,-297
-848,-337
-844,-349
-812,-397
-864,-401
-908,-435
-788,-385
-908,-503
-920,-501
-872,-459
-900,-489
-916,-499
-992,-547
-988,-523
-996,-507
-856,-445
-860,-463
-852,-463
-884,-487
-832,-399
-864,-383
-872,-449
-924,-493
-860,-455
-904,-501
-960,-519
-992,-541
-948,-519
-1040,-553
-1016,-543
-948,-509
-940,-515
-984,-541
-964,-523
-920,-495
-936,-443
-812,-399
-800,-407
-856,-391
-832,-373
-800,-383
-836,-375
-868,-409
-924,-463
-944,-491
-912,-487
-940,-505
-940,-495
-940,-487
-972,-489
-948,-493
-940,-457
-956,-447
-884,-443
-936,-477
-916,-485
-928,-485
-964,-519
-864,-461
-908,-465
-968,-507
-920,-477
-888,-443
-848,-407
-832,-361
-892,-421
-904,-429
-900,-459
-912,-461
-864,-423
-844,-385
-768,-401
-852,-461
-836,-461
-912,-473
-836,-453
-920,-493
-964,-519
-920,-483
-900,-473
-892,-475
-960,-511
-936,-507
-1004,-549
-936,-519
-884,-485
-944,-519
-920,-511
-968,-519
-932,-457
-808,-347
-868,-349
-812,-379
-780,-411
-768,-389
-912,-469
-896,-471
-888,-455
-956,-497
-904,-459
-844,-431
-852,-457
-924,-517
-916,-503
-928,-515
-976,-525
-944,-527
-984,-539
-976,-535
-1000,-535
-960,-523
-1008,-553
-1056,-571
-1004,-551
-964,-465
-888,-461
-988,-495
-988,-501
-956,-481
-844,-455
-876,-437
-844,-407
-840,-357
-840,-353
-852,-353
-788,-327
-784,-311
-804,-199
-800,-233
-768,-231
-792,-271
-824,-305
-744,-347
-868,-425
-860,-427
-928,-467
-816,-405
-868,-377
-780,-255
-716,-223
-784,-187
-808,-281
-752,-239
-840,-217
-868,-245
-864,-293
-872,-215
-768,-171
-772,-189
-660,-207
-684,-153
-772,-157
-740,-133
-716,-205
-696,-181
-752,-173
-696,-161
-732,-171
-732,-187
-696,-193
-720,-177
-728,-137
-796,-149
-700,-103
-676,-149
-728,-175
-796,-185
-880,-239
-844,-293
-820,-341
-824,-343
-808,-303
-812,-229
-768,-201
-752,-223
-720,-229
-736,-321
-756,-353
-848,-401
-768,-357
-772,-359
-844,-421
-880,-437
-852,-447
-940,-507
-936,-519
-1024,-551
-940,-519
-1024,-531
-1016,-541
-1004,-547
-1016,-555
-1012,-551
-876,-455
-928,-457
-800,-409
-792,-459
-892,-489
-856,-485
-924,-475
-900,-415
-840,-399
-876,-391
-860,-373
-820,-375
-864,-403
-872,-421
-940,-461
-920,-463
-924,-467
-944,-471
-908,-473
-924,-487
-952,-497
-916,-487
-896,-465
-836,-463
-868,-443
-892,-487
-912,-485
-920,-487
-944,-499
-948,-489
-1008,-519
-924,-509
-992,-513
-956,-513
-872,-473
-836,-379
-776,-347
-872,-345
-784,-327
-808,-345
-812,-341
-800,-337
-824,-379
-876,-395
-832,-409
-868,-419
-876,-411
-864,-385
-920,-419
-868,-425
-828,-387
-932,-427
-828,-371
-868,-407
-860,-423
-840,-361
-800,-329
-700,-253
-752,-265
-748,-223
-724,-227
-760,-205
-772,-221
-712,-251
-724,-233
-752,-283
-708,-269
-796,-293
-876,-381
-824,-403
-904,-471
-912,-483
-856,-423
-900,-425
-884,-463
-904,-501
-940,-519
-960,-539
-952,-519
-972,-507
-864,-437
-844,-413
-816,-403
-836,-381
-852,-419
-848,-463
-832,-433
-844,-417
-824,-417
-920,-509
-916,-505
-980,-533
-956,-527
-936,-503
-956,-509
-916,-499
-984,-521
-940,-517
-860,-435
-940,-481
-840,-429
-788,-337
-804,-269
-844,-243
-868,-269
-844,-263
-900,-299
-832,-279
-824,-293
-832,-319
-812,-231
-780,-241
-856,-205
-872,-159
-784,-91
-804,-129
-784,-137
-764,-111
-712,-165
-712,-75
-728,-17
-772,3
-884,87
-844,59
-880,9
-800,25
-808,25
-856,9
-800,61
-816,81
-796,189
-836,267
-840,275
-764,225
-784,249
-800,219
-832,271
-840,311
-852,299
-868,311
-864,321
-832,309
-840,339
-912,405
-908,425
-928,413
-912,445
-896,447
-888,485
-916,483
-912,469
-948,485
-892,451
-900,467
-956,503
-920,503
-892,485
-840,483
-972,499
-880,479
-940,487
-924,511
-952,527
-1032,555
-956,517
-856,465
-948,513
-888,461
-832,415
-816,413
-828,449
-912,507
-876,475
-840,449
-868,469
-848,445
-876,479
-900,493
-884,479
-980,503
-916,481
-940,519
-920,517
-984,541
-988,533
-1008,543
-952,523
-920,497
-972,515
-956,523
-1056,569
-932,527
-948,523
-828,449
-876,455
-916,463
-928,481
-876,481
-868,421
-840,389
-688,277
-840,321
-736,223
-816,239
-840,221
-752,221
-796,219
-780,123
-804,171
-768,173
-752,143
-792,85
-792,163
-776,203
-812,283
-776,275
-792,273
-816,313
-828,351
-832,361
-836,339
-844,377
-864,393
-772,307
-860,343
-884,375
-808,323
-832,355
-816,363
-828,365
-812,367
-780,349
-760,303
-812,327
-792,311
-880,389
-932,451
-844,403
-840,441
-948,501
-868,465
-848,453
-916,471
-896,481
-944,509
-932,499
-900,477
-888,469
-860,451
-940,491
-868,443
-868,473
-972,519
-908,431
-948,507
-888,477
-764,431
-868,451
-868,451
-768,381
-844,409
-916,445
-976,487
-872,433
-812,423
-820,405
-804,399
-800,373
-808,401
-788,403
-812,439
-912,489
-896,459
-856,455
-900,469
-976,507
-984,495
-1056,539
-1024,537
-1008,523
-1000,521
-964,525
-940,511
-996,545
-920,507
-872,451
-916,461
-956,455
-964,471
-916,459
-924,477
-940,491
-940,503
-896,469
-1000,531
-896,485
-880,485
-884,495
-924,495
-972,489
-916,475
-860,417
-816,395
-876,417
-800,363
-868,411
-820,433
-900,471
-888,465
-920,503
-940,513
-956,501
-1020,533
-992,535
-912,465
-880,463
-888,471
-840,395
-872,425
-920,455
-888,421
-884,445
-900,457
-924,507
-804,449
-900,493
-908,459
-900,435
-816,379
-916,465
-944,485
-860,397
-904,497
-948,535
-888,487
-908,487
-864,473
-832,455
-848,445
-876,425
-848,385
-804,329
-764,329
-708,339
-800,339
-756,341
-800,379
-896,427
-832,417
-804,403
-896,437
-876,419
-844,397
-868,425
-892,469
-852,439
-904,429
-908,431
-852,395
-868,405
-832,347
-884,413
-960,489
-928,445
-880,429
-832,419
-812,369
-776,385
-844,433
-848,397
-860,437
-876,445
-936,465
-928,449
-940,453
-952,509
-916,497
-940,507
-848,425
-816,395
-828,399
-840,411
-840,373
-964,411
-852,359
-800,365
-868,431
-868,439
-884,443
-960,511
-992,549
-956,535
-920,495
-972,535
-1008,551
-1020,561
-960,539
-880,503
-900,483
-856,447
-884,433
-808,431
-788,401
-844,457
-844,477
-872,499
-900,497
-968,497
-860,457
-940,515
-964,515
-1004,547
-976,529
-924,521
-904,495
-1008,539
-1008,537
-948,499
-876,417
-824,389
-796,385
-804,417
-852,395
-764,325
-788,333
-780,375
-832,395
-828,425
-1004,543
-1012,555
-984,529
-1004,543
-960,523
-928,513
-968,517
-960,469
-916,481
-860,463
-888,461
-904,493
-852,459
-892,467
-872,453
-936,499
-928,511
-844,473
-872,449
-848,449
-888,471
-852,451
-904,453
-864,441
-924,459
-892,469
-916,471
-920,485
-892,477
-880,473
-948,515
-936,513
-952,519
-992,519
-932,507
-960,541
-980,529
-928,489
-832,439
-876,443
-936,489
-936,477
-920,475
-844,441
-792,403
-872,451
-840,449
-856,437
-928,477
-860,469
-1008,523
-988,521
-900,473
-860,459
-852,465
-916,499
-936,513
-840,445
-860,449
-904,487
-952,491
-888,461
-880,457
-920,459
-896,489
-892,471
-904,491
-956,505
-956,511
-976,537
-980,527
-952,515
-964,511
-956,531
-944,523
-1012,553
-960,539
-1028,559
-960,529
-984,535
-960,499
-1004,517
-936,533
-884,495
-932,505
-960,519
-968,507
-936,489
-892,459
-924,495
-912,485
-976,505
-976,535
-1008,555
-996,535
-1000,535
-900,467
-964,491
-936,471
-968,509
-940,507
-968,529
-944,507
-972,521
-928,497
-876,477
-892,493
-912,467
-888,471
-840,427
-884,465
-872,463
-964,523
-964,523
-1008,535
-1036,553
-1064,561
-1000,547
-1020,559
-1028,561
-984,539
-932,527
-964,527
-1000,541
-948,521
-884,487
-880,491
-988,527
-980,535
-972,531
-932,507
-924,497
-956,515
-884,457
-912,485
-968,527
-1024,549
-952,505
-956,485
-988,513
-1008,555
-988,541
-1028,563
-976,543
-948,521
-952,519
-928,509
-964,499
-904,475
-952,523
-996,525
-928,507
-924,515
-996,525
-976,529
-932,509
-844,469
-904,489
-852,463
-904,503
-920,519
-860,485
-964,523
-912,503
-876,477
-840,453
-916,485
-904,471
-848,437
-864,465
-932,485
-920,467
-856,433
-936,469
-940,477
-916,473
-904,435
-864,397
-848,381
-852,405
-892,399
-868,385
-880,349
-848,349
-796,311
-784,293
-864,369
-896,371
-868,359
-832,355
-852,397
-824,363
-844,365
-848,381
-948,455
-928,451
-960,443
-912,437
-948,451
-912,483
-976,533
-992,539
-992,545
-996,539
-856,467
-996,515
-980,521
-956,489
-992,517
-880,455
-884,475
-888,513
-888,505
-888,497
-932,499
-960,507
-900,461
-856,391
-816,405
-864,461
-884,495
-956,527
-880,505
-1016,545
-984,529
-832,455
-764,403
-816,419
-880,469
-884,483
-896,499
-880,477
-976,515
-1032,551
-1000,523
-1000,537
-880,485
-960,477
-972,489
-904,461
-980,507
-956,513
-828,459
-956,517
-916,491
-864,439
-832,413
-888,475
-864,453
-860,431
-924,449
-980,513
-1004,521
-944,459
-892,451
-808,407
-788,333
-804,289
-776,293
-764,321
-712,297
-732,283
-684,305
-816,357
-752,389
-832,433
-916,469
-904,475
-824,417
-772,395
-800,433
-864,453
-836,425
-924,473
-972,501
-848,435
-836,431
-812,379
-824,407
-804,391
-892,469
-848,463
-860,457
-828,445
-792,407
-832,431
-872,475
-904,501
-988,535
-924,501
-864,465
-860,461
-908,483
-928,501
-944,503
-888,461
-832,441
-836,411
-880,473
-888,441
-860,441
-852,431
-980,507
-956,513
-972,527
-840,457
-972,505
-960,505
-952,499
-888,493
-816,443
-896,461
-864,449
-848,439
-888,459
-864,465
-920,481
-896,449
-840,455
-928,497
-924,467
-1008,537
-1016,549
-996,515
-932,479
-868,423
-892,395
-896,389
-860,405
-832,421
-808,413
-784,419
-884,471
-884,477
-848,455
-856,465
-856,477
-936,489
-880,435
-888,433
-884,449
-868,437
-900,447
-840,405
-832,417
-792,369
-836,405
-808,359
-868,355
-888,357
-868,377
-832,357
-920,417
-892,369
-936,349
-876,309
-888,307
-900,337
-824,281
-852,195
-804,241
-832,277
-872,277
-880,269
-876,297
-880,327
-784,361
-860,343
-860,395
-884,443
-884,465
-840,453
-820,379
-844,385
-804,317
-820,365
-784,403
-888,437
-856,429
-912,471
-896,435
-940,451
-992,485
-928,497
-940,517
-940,511
-892,477
-964,529
-964,517
-928,493
-948,505
-944,495
-924,499
-932,513
-896,497
-956,513
-920,499
-860,479
-916,479
-916,473
-952,483
-932,481
-1012,531
-1032,555
-976,537
-1000,547
-912,525
-960,539
-932,501
-988,517
-932,467
-896,455
-828,427
-772,367
-804,423
-932,487
-940,485
-888,477
-952,503
-916,509
-860,443
-888,461
-896,461
-832,417
-840,351
-868,385
-892,413
-868,403
-908,391
-984,479
-1020,501
-916,477
-908,443
-912,461
-864,391
-832,375
-776,365
-832,303
-880,343
-904,323
-844,299
-888,295
-864,333
-844,343
-792,335
-852,335
-848,325
-908,367
-844,367
-796,361
-904,403
-920,451
-940,497
-1048,567
-976,537
-908,497
-856,471
-816,457
-948,507
-864,467
-876,461
-920,513
-948,531
-1004,537
-980,539
-956,525
-964,481
-956,501
-928,479
-852,459
-856,443
-912,467
-880,417
-840,393
-872,407
-880,441
-872,359
-868,353
-856,375
-920,445
-888,467
-876,461
-892,473
-872,461
-908,483
-976,521
-904,449
-856,463
-980,529
-952,481
-916,463
-868,423
-856,445
-868,465
-884,459
-972,459
-956,407
-884,387
-880,355
-904,391
-892,337
-864,397
-848,439
-900,451
-980,493
-964,501
-948,531
-852,489
-884,495
-904,507
-924,507
-972,499
-968,519
-944,519
-900,489
-832,423
-800,425
-876,485
-876,447
-924,443
-888,415
-876,407
-888,415
-844,437
-920,489
-864,465
-932,479
-972,471
-916,453
-912,503
-900,449
-876,385
-892,385
-836,375
-836,395
-940,397
-872,385
-852,373
-888,385
-932,457
-956,489
-884,463
-852,433
-844,401
-840,385
-804,335
-816,393
-916,419
-848,409
-800,415
-816,405
-800,437
-880,461
-808,431
-808,437
-872,497
-916,507
-928,497
-896,485
-944,491
-920,445
-944,483
-928,501
-964,527
-984,537
-1028,547
-948,523
-976,535
-924,513
-964,531
-940,529
-920,527
-980,545
-920,471
-920,459
-920,499
-944,521
-776,435
-836,453
-904,499
-892,505
-800,407
-880,471
-908,493
-912,505
-972,525
-996,543
-940,515
-996,535
-872,471
-908,483
-820,431
-884,425
-868,441
-864,453
-864,461
-836,443
-920,459
-844,415
-792,413
-892,445
-920,483
-928,459
-940,463
-924,467
-960,491
-940,501
-936,501
-904,487
-952,517
-864,479
-920,487
-892,465
-880,437
-988,483
-1028,559
-988,535
-1016,549
-1012,535
-1024,555
-932,509
-896,479
-920,477
-984,527
-940,519
-908,505
-964,527
-976,537
-980,543
-968,537
-952,537
-920,505
-944,517
-1020,545
-1004,557
-924,489
-892,475
-872,473
-972,493
-944,495
-904,469
-832,439
-852,433
-864,451
-824,449
-916,497
-924,453
-892,457
-852,437
-840,447
-868,439
-928,483
-900,483
-892,485
-924,471
-880,419
-1032,541
-940,473
-944,475
-896,461
-824,399
-848,399
-760,335
-808,349
-772,289
-800,259
-784,245
-800,243
-800,105
-788,157
-752,197
-736,217
-712,241
-772,255
-820,335
-768,329
-728,215
-764,157
-804,129
-768,103
-796,33
-788,97
-680,69
-752,65
-828,65
-860,37
-760,-45
-748,-21
-816,-23
-820,-7
-844,103
-824,195
-808,193
-840,225
-864,281
-784,225
-776,201
-808,215
-784,205
-808,199
-792,197
-824,153
-772,115
-704,119
-772,165
-800,197
-820,217
-860,165
-800,135
-804,133
-828,169
-856,105
-840,147
-816,139
-724,89
-752,67
-812,89
-812,185
-760,189
-792,281
-820,325
-844,259
-756,239
-732,263
-760,287
-792,237
-780,179
-740,137
-736,135
-772,53
-704,13
-800,53
-784,125
-756,13
-768,87
-764,67
-764,55
-724,39
-832,21
-776,59
-868,127
-856,173
-852,185
-836,201
-816,169
-784,121
-808,133
-792,109
-752,121
-792,123
-812,109
-856,171
-868,171
-852,177
-824,191
-848,227
-828,199
-852,225
-888,253
-812,237
-760,131
-768,127
-816,21
-756,75
-764,65
-760,95
-700,1
-716,-27
-728,-17
-768,-129
-796,-225
-780,-203
-764,-223
-816,-229
-800,-263
-852,-307
-864,-307
-884,-405
-872,-407
-888,-407
-824,-431
-836,-405
-796,-383
-832,-405
-800,-359
-768,-351
-812,-339
-852,-301
-812,-295
-784,-287
-800,-281
-720,-281
-724,-307
-716,-279
-772,-305
-836,-333
-848,-353
-808,-373
-824,-371
-892,-441
-864,-413
-868,-409
-800,-385
-820,-381
-844,-351
-808,-353
-800,-401
-876,-433
-944,-459
-944,-489
-944,-449
-904,-443
-924,-431
-936,-443
-924,-473
-872,-425
-872,-421
-824,-373
-788,-375
-708,-309
-776,-309
-744,-233
-820,-245
-996,-405
-932,-405
-916,-403
-880,-401
-820,-355
-872,-415
-844,-361
-880,-375
-888,-415
-924,-439
-924,-473
-916,-473
-1000,-521
-956,-501
-936,-493
-964,-507
-1000,-529
-916,-495
-920,-481
-952,-501
-1008,-541
-948,-495
-1000,-511
-956,-531
-952,-521
-1008,-543
-996,-523
-1056,-567
-1008,-537
-988,-531
-956,-525
-932,-475
-960,-505
-968,-523
-936,-509
-856,-485
-972,-525
-924,-511
-880,-437
-780,-351
-848,-345
-784,-293
-816,-305
-872,-381
-788,-357
-764,-347
-820,-429
-964,-541
-968,-543
-992,-547
-908,-503
-920,-497
-912,-495
-888,-483
-884,-473
-792,-421
-940,-495
-880,-459
-896,-493
-888,-453
-884,-461
-916,-477
-844,-427
-888,-401
-852,-431
-876,-451
-912,-443
-976,-439
-904,-439
-840,-417
-808,-443
-820,-417
-776,-399
-824,-441
-912,-469
-872,-459
-820,-433
-872,-437
-760,-407
-772,-415
-868,-493
-904,-495
-976,-531
-920,-511
-900,-493
-920,-477
-948,-479
-832,-425
-896,-431
-912,-437
-868,-445
-796,-377
-828,-383
-812,-375
-856,-395
-908,-405
-876,-407
-892,-461
-824,-407
-812,-399
-852,-399
-936,-461
-884,-415
-916,-425
-856,-377
-740,-325
-740,-281
-804,-299
-776,-259
-864,-351
-916,-391
-832,-369
-816,-357
-860,-361
-844,-313
-952,-393
-824,-397
-884,-431
-892,-467
-900,-419
-844,-399
-852,-421
-880,-451
-888,-451
-840,-419
-896,-453
-900,-427
-916,-425
-900,-401
-864,-437
-952,-459
-972,-465
-916,-435
-916,-447
-956,-509
-996,-527
-984,-529
-936,-503
-948,-509
-984,-509
-1052,-543
-928,-487
-992,-529
-1000,-507
-968,-497
-908,-475
-960,-497
-852,-457
-852,-423
-848,-397
-808,-375
-864,-383
-808,-389
-908,-481
-796,-403
-788,-417
-808,-441
-820,-457
-936,-507
-896,-483
-868,-459
-872,-453
-844,-453
-904,-471
-876,-483
-884,-489
-900,-497
-892,-497
-980,-515
-952,-499
-900,-505
-956,-527
-904,-481
-848,-467
-872,-437
-812,-407
-792,-411
-836,-435
-864,-453
-976,-491
-968,-523
-912,-499
-832,-471
-868,-473
-892,-477
-912,-503
-952,-521
-1024,-557
-920,-509
-992,-537
-960,-523
-972,-537
-952,-513
-932,-495
-880,-459
-880,-471
-836,-449
-900,-433
-944,-461
-860,-409
-976,-475
-864,-435
-912,-451
-896,-485
-952,-511
-836,-467
-848,-441
-860,-469
-820,-419
-840,-405
-796,-399
-836,-405
-836,-403
-828,-419
-896,-461
-884,-473
-948,-487
-1000,-501
-1004,-493
-948,-471
-896,-459
-880,-457
-840,-439
-876,-443
-916,-473
-908,-463
-956,-477
-956,-459
-904,-467
-908,-455
-920,-449
-900,-437
-980,-495
-968,-513
-892,-481
-972,-525
-1004,-533
-944,-507
-1016,-559
-1012,-553
-964,-511
-920,-505
-1000,-539
-868,-473
-876,-487
-864,-465
-952,-523
-952,-531
-1000,-545
-948,-521
-920,-481
-912,-497
-904,-487
-916,-507
-792,-439
-876,-481
-852,-441
-924,-481
-940,-495
-948,-507
-880,-475
-996,-535
-928,-527
-948,-521
-912,-499
-940,-501
-888,-479
-872,-469
-840,-457
-888,-445
-852,-417
-900,-473
-912,-483
-920,-511
-1036,-551
-1012,-555
-876,-493
-1000,-525
-960,-511
-948,-513
-948,-505
-940,-517
-984,-521
-980,-517
-964,-527
-940,-517
-928,-509
-876,-473
-920,-481
-936,-505
-892,-483
-960,-533
-1008,-539
-960,-527
-972,-523
-868,-475
-884,-485
-920,-481
-952,-483
-948,-499
-872,-465
-932,-463
-820,-435
-928,-491
-916,-493
-932,-459
-848,-421
-892,-469
-936,-507
-1036,-551
-968,-503
-848,-459
-956,-517
-1048,-557
-1008,-557
-928,-511
-952,-501
-888,-467
-788,-391
-800,-395
-868,-437
-936,-515
-988,-521
-904,-507
-880,-487
-880,-471
-952,-523
-1008,-533
-896,-469
-972,-499
-864,-429
-932,-483
-824,-441
-892,-469
-860,-433
-880,-425
-996,-493
-948,-499
-888,-467
-868,-461
-872,-473
-964,-517
-932,-489
-948,-527
-908,-491
-880,-501
-1044,-545
-952,-511
-928,-485
-840,-465
-896,-467
-916,-471
-924,-515
-940,-477
-876,-483
-892,-485
-932,-471
-920,-487
-964,-533
-988,-535
-980,-541
-992,-551
-928,-517
-1000,-539
-940,-495
-808,-431
-856,-435
-824,-391
-836,-435
-824,-425
-940,-477
-872,-451
-916,-491
-864,-457
-868,-467
-920,-501
-952,-515
-944,-509
-904,-501
-928,-499
-916,-491
-856,-471
-848,-439
-868,-441
-864,-445
-908,-491
-952,-485
-924,-477
-940,-519
-1016,-539
-928,-485
-944,-505
-900,-453
-816,-463
-804,-405
-832,-413
-904,-457
-868,-445
-860,-497
-880,-489
-944,-495
-992,-531
-980,-517
-1008,-541
-896,-493
-920,-499
-892,-433
-824,-419
-768,-349
-804,-383
-824,-429
-784,-405
-768,-291
-732,-293
-808,-367
-884,-435
-912,-485
-868,-449
-932,-477
-932,-417
-824,-373
-868,-427
-768,-411
-800,-463
-852,-429
-832,-451
-912,-501
-896,-503
-880,-483
-932,-507
-988,-535
-952,-489
-916,-473
-960,-505
-976,-507
-896,-461
-912,-439
-912,-477
-880,-475
-904,-481
-1000,-551
-976,-519
-940,-523
-904,-501
-856,-487
-888,-489
-956,-535
-960,-531
-1032,-557
-920,-479
-976,-501
-968,-519
-916,-459
-892,-469
-872,-445
-908,-437
-932,-473
-876,-431
-832,-405
-828,-385
-828,-393
-872,-411
-928,-413
-936,-425
-840,-397
-864,-465
-920,-517
-900,-495
-864,-457
-868,-445
-880,-421
-908,-433
-904,-485
-940,-501
-1024,-543
-992,-527
-928,-511
-932,-523
-968,-531
-904,-475
-764,-393
-824,-423
-848,-413
-824,-397
-912,-409
-916,-415
-916,-413
-936,-369
-972,-331
-896,-279
-908,-313
-892,-267
-804,-151
-800,-131
-736,-169
-772,-171
-792,-45
-800,-47
-812,-105
-788,-71
-868,-71
-820,-49
-864,-53
-796,-83
-828,-37
-820,-39
-736,-61
-760,-85
-836,-67
-868,-117
-796,-53
-768,-67
-780,-37
-732,-23
-656,43
-732,9
-788,-1
-808,5
-824,17
-784,25
-784,-51
-772,-67
-796,-99
-876,-159
-848,-87
-816,17
-888,-19
-812,55
-864,75
-740,41
-776,39
-788,21
-824,11
-848,23
-824,19
-804,-61
-732,-85
-840,-89
-800,-73
-756,-125
-740,-151
-756,-169
-812,-201
-924,-215
-832,-207
-748,-191
-764,-245
-748,-155
-768,-127
-736,-151
-732,-161
-652,-119
-684,-47
-680,-75
-712,-63
-784,-89
-792,-113
-748,-63
-752,-51
-740,-119
-768,-105
-776,-87
-776,-83
-768,-119
-792,-125
-756,-155
-768,-125
-720,-51
-736,-63
-788,-105
-820,-61
-840,-67
-812,-51
-792,-33
-788,-45
-800,-47
-744,97
-696,79
-772,49
-772,51
-724,143
-760,185
-788,225
-756,175
-708,197
-792,205
-760,201
-756,185
-736,213
-712,165
-788,195
-752,207
-772,241
-820,263
-808,327
-812,373
-824,385
-812,355
-820,315
-816,349
-840,363
-816,391
-968,483
-956,491
-980,529
-984,535
-948,521
-976,531
-892,493
-936,515
-968,517
-1000,537
-1036,555
-1008,555
-1020,565
-1036,545
-964,527
-936,517
-972,511
-936,473
-900,421
-844,401
-992,519
-956,501
-924,507
-900,501
-972,531
-1036,551
-976,533
-1016,551
-936,519
-864,489
-860,489
-904,503
-976,515
-948,511
-956,517
-868,477
-808,421
-828,423
-780,393
-876,447
-904,453
-900,399
-884,371
-840,287
-820,293
-836,321
-840,395
-848,395
-840,361
-832,349
-780,323
-840,319
-788,313
-836,395
-820,355
-820,377
-864,413
-964,483
-908,459
-908,425
-852,365
-776,345
-808,393
-804,437
-740,365
-768,341
-804,359
-820,369
-756,379
-804,369
-784,427
-864,451
-888,479
-872,475
-936,461
-908,445
-844,463
-900,475
-856,457
-924,489
-928,493
-884,471
-876,479
-876,463
-852,441
-864,459
-888,421
-884,405
-864,427
-864,397
-880,405
-828,411
-812,395
-880,439
-852,427
-756,361
-800,407
-776,365
-780,381
-872,431
-896,427
-892,433
-804,397
-864,439
-772,411
-856,461
-856,433
-932,513
-952,521
-928,521
-984,525
-964,519
-948,507
-808,467
-900,489
-896,483
-848,467
-888,481
-972,509
-912,461
-932,483
-864,399
-956,457
-900,477
-956,495
-980,485
-928,489
-900,459
-852,433
-880,453
-960,505
-892,445
-872,473
-888,455
-768,389
-828,409
-832,427
-872,455
-932,469
-852,441
-960,497
-928,497
-908,481
-944,505
-928,471
-892,455
-856,451
-848,459
-844,455
-844,415
-844,423
-892,483
-976,531
-940,529
-920,495
-972,517
-1000,555
-928,523
-892,515
-944,517
-828,445
-924,469
-796,443
-876,469
-828,433
-808,441
-908,495
-996,497
-876,401
-840,381
-824,341
-880,399
-892,441
-872,445
-928,477
-940,463
-804,371
-808,387
-868,477
-948,517
-900,503
-904,503
-988,523
-944,481
-868,437
-852,405
-888,445
-840,411
-812,379
-788,365
-784,325
-808,331
-892,403
-880,389
-832,359
-816,335
-820,303
-968,421
-916,439
-980,461
-920,449
-916,477
-860,451
-788,393
-888,473
-900,481
-960,491
-888,477
-876,465
-852,453
-880,439
-780,361
-784,319
-864,387
-848,407
-872,423
-936,459
-844,445
-912,399
-904,373
-872,359
-836,343
-856,305
-856,349
-824,341
-808,359
-792,337
-772,413
-856,447
-872,465
-864,405
-896,437
-968,513
-908,489
-880,487
-932,517
-916,521
-896,507
-1008,549
-964,521
-948,513
-980,549
-960,519
-944,469
-972,471
-968,431
-884,441
-884,437
-876,449
-832,409
-756,385
-824,385
-804,401
-784,389
-816,437
-784,407
-776,379
-848,403
-880,409
-900,433
-904,445
-928,451
-884,409
-744,357
-860,385
-868,393
-820,373
-904,399
-856,391
-828,415
-840,405
-932,463
-856,433
-940,455
-948,447
-896,435
-900,443
-836,429
-844,423
-888,439
-960,467
-868,407
-820,385
-824,385
-824,431
-908,513
-948,523
-976,545
-892,489
-1008,487
-884,417
-920,433
-812,369
-780,327
-784,329
-848,403
-896,437
-756,323
-760,299
-708,253
-704,281
-692,257
-700,285
-820,317
-820,269
-828,261
-788,259
-788,279
-856,353
-844,341
-872,355
-864,325
-720,261
-700,241
-760,267
-804,251
-816,293
-804,369
-832,385
-844,429
-900,477
-856,451
-836,425
-880,431
-936,487
-1008,537
-984,521
-976,539
-1032,559
-1000,543
-908,489
-952,503
-1000,499
-944,459
-884,419
-888,441
-896,487
-964,495
-980,523
-908,507
-940,507
-856,471
-900,489
-920,499
-976,531
-988,543
-884,483
-828,427
-820,423
-856,399
-856,377
-884,369
-916,377
-900,405
-884,423
-864,391
-872,357
-780,379
-752,279
-812,339
-756,317
-792,335
-756,331
-848,391
-832,419
-952,473
-908,453
-888,419
-840,391
-952,447
-944,465
-920,487
-956,523
-884,449
-976,541
-980,533
-980,535
-956,527
-1024,527
-968,511
-988,535
-876,485
-852,481
-876,463
-952,481
-908,483
-876,389
-872,393
-836,399
-848,423
-840,407
-904,431
-916,441
-892,427
-868,437
-820,379
-864,401
-880,433
-868,409
-876,441
-832,423
-872,423
-892,437
-904,413
-844,403
-732,347
-788,295
-780,305
-820,265
-796,305
-740,313
-676,209
-640,257
-772,239
-760,133
-712,65
-664,35
-764,33
-704,147
-772,111
-752,187
-824,225
-784,175
-796,233
-952,229
-936,183
-908,189
-808,161
-720,211
-716,185
-836,263
-784,195
-768,213
-804,187
-788,153
-784,255
-784,263
-816,261
-828,241
-800,297
-764,311
-772,349
-832,291
-944,321
-856,285
-836,265
-840,275
-776,265
-828,343
-828,355
-844,341
-780,355
-840,369
-916,427
-788,387
-784,373
-880,409
-816,379
-924,457
-952,495
-964,511
-888,451
-880,453
-880,429
-852,417
-868,459
-808,381
-764,351
-784,351
-856,381
-836,407
-824,387
-928,449
-944,469
-820,433
-820,437
-908,443
-912,443
-896,467
-916,483
-944,509
-948,515
-876,471
-880,463
-864,423
-808,381
-828,427
-788,435
-836,433
-876,443
-884,443
-868,435
-864,469
-900,485
-932,493
-916,485
-904,505
-936,511
-1000,533
-980,539
-968,513
-920,483
-820,395
-808,409
-844,421
-892,457
-952,513
-908,499
-900,475
-772,411
-792,427
-892,503
-876,491
-868,467
-1000,533
-972,541
-984,537
-936,531
-960,515
-932,487
-936,485
-920,501
-912,497
-896,495
-872,459
-832,375
-800,371
-812,401
-848,351
-828,357
-796,361
-864,371
-872,367
-780,291
-824,241
-876,259
-860,253
-796,275
-748,191
-812,203
-840,281
-820,315
-948,319
-808,291
-872,367
-856,281
-912,283
-856,287
-864,309
-860,329
-868,365
-868,417
-904,385
-776,301
-852,383
-856,381
-844,393
-888,389
-852,403
-872,435
-952,515
-940,505
-1000,525
-996,543
-960,505
-1008,533
-1012,551
-1000,549
-1024,547
-896,501
-916,509
-936,515
-900,493
-932,479
-1000,505
-944,475
-948,481
-916,469
-848,409
-780,389
-760,397
-712,381
-856,427
-804,373
-820,425
-812,427
-916,471
-928,499
-960,539
-1004,553
-940,515
-1012,541
-1000,525
-988,525
-996,545
-980,531
-976,515
-880,471
-912,479
-868,469
-884,473
-856,421
-872,411
-920,447
-868,443
-920,457
-812,419
-824,435
-756,401
-744,379
-804,421
-908,435
-828,435
-888,467
-884,481
-928,513
-968,535
-964,523
-916,487
-992,527
-968,525
-1008,511
-936,515
-1000,551
-1008,543
-1068,561
-924,507
-988,529
-948,505
-872,489
-876,483
-888,499
-872,497
-968,535
-940,523
-872,495
-868,447
-888,483
-908,477
-884,469
-908,459
-860,451
-920,463
-880,457
-900,465
-952,499
-940,517
-968,531
-956,493
-844,447
-860,449
-868,439
-784,309
-792,279
-800,295
-732,289
-716,269
-776,261
-816,287
-756,211
-816,199
-732,195
-736,227
-800,239
-848,313
-864,331
-760,239
-804,215
-860,301
-856,363
-916,423
-988,515
-872,459
-904,483
-920,489
-932,493
-956,535
-924,519
-988,531
-980,543
-968,515
-928,497
-932,503
-868,447
-892,453
-896,467
-896,431
-808,387
-808,399
-840,377
-824,373
-812,349
-772,337
-812,355
-792,329
-816,385
-848,439
-944,475
-872,409
-928,397
-804,363
-884,399
-820,417
-880,441
-904,461
-836,439
-876,459
-904,495
-992,523
-956,525
-896,471
-928,453
-1004,467
-856,415
-804,377
-792,385
-876,421
-960,459
-952,481
-924,509
-892,467
-884,427
-800,389
-848,457
-932,471
-916,463
-884,447
-948,477
-948,489
-920,483
-976,515
-944,531
-944,517
-904,475
-876,455
-852,457
-820,437
-876,489
-872,471
-860,417
-800,387
-860,439
-908,465
-892,465
-836,447
-872,443
-952,497
-920,505
-984,521
-956,509
-1008,513
-928,505
-988,511
-888,467
-968,505
-972,521
-988,511
-992,543
-976,537
-964,525
-904,483
-876,453
-880,445
-840,445
-892,455
-836,417
-828,353
-756,419
-820,399
-880,465
-896,477
-944,489
-936,521
-908,509
-924,499
-956,521
-964,529
-932,517
-888,485
-864,467
-880,461
-940,497
-936,511
-820,445
-816,415
-924,479
-880,435
-804,377
-764,361
-808,351
-860,397
-900,423
-840,349
-748,251
-652,183
-732,135
-756,23
-800,-83
-744,-83
-840,-153
-812,-213
-848,-225
-864,-239
-728,-247
-748,-225
-784,-197
-776,-229
-852,-231
-880,-231
-912,-251
-736,-263
-752,-261
-696,-111
-676,-95
-656,-71
-744,-107
-688,-119
-700,-121
-748,-143
-796,-231
-816,-261
-760,-193
-764,-191
-808,-265
-796,-295
-812,-321
-892,-393
-912,-423
-960,-481
-976,-489
-960,-499
-912,-455
-948,-449
-880,-413
-892,-451
-928,-459
-824,-455
-868,-441
-904,-499
-880,-487
-876,-495
-960,-517
-892,-497
-952,-517
-988,-513
-876,-459
-876,-499
-824,-483
-804,-433
-796,-409
-796,-397
-760,-387
-928,-495
-940,-489
-976,-533
-1016,-561
-1004,-537
-972,-541
-996,-543
-924,-517
-964,-495
-888,-485
-836,-425
-860,-425
-800,-389
-860,-415
-812,-419
-820,-417
-864,-409
-848,-387
-788,-361
-720,-339
-708,-305
-756,-293
-892,-345
-844,-337
-800,-333
-796,-251
-764,-211
-800,-249
-756,-277
-752,-273
-692,-255
-800,-309
-928,-385
-908,-381
-860,-379
-832,-423
-852,-423
-924,-509
-868,-487
-872,-463
-940,-519
-916,-503
-860,-473
-904,-469
-872,-485
-880,-481
-884,-475
-892,-489
-864,-481
-900,-487
-904,-515
-736,-407
-844,-461
-884,-499
-948,-519
-920,-485
-876,-459
-900,-467
-900,-439
-832,-329
-836,-343
-804,-343
-740,-253
-744,-255
-748,-273
-832,-331
-784,-325
-812,-291
-868,-319
-828,-337
-872,-355
-896,-345
-932,-369
-852,-343
-840,-325
-844,-325
-860,-391
-832,-379
-908,-407
-884,-421
-856,-411
-908,-437
-880,-429
-864,-395
-760,-275
-780,-295
-956,-473
-856,-465
-860,-443
-828,-435
-912,-481
-896,-475
-924,-503
-936,-493
-916,-451
-844,-359
-836,-413
-904,-449
-884,-451
-808,-429
-892,-483
-928,-509
-932,-525
-964,-517
-904,-475
-848,-465
-984,-513
-1028,-549
-1028,-549
-1048,-569
-1028,-559
-1012,-549
-888,-475
-896,-445
-804,-365
-836,-433
-868,-393
-852,-415
-888,-461
-892,-457
-876,-451
-816,-411
-836,-381
-896,-377
-912,-389
-844,-355
-852,-349
-840,-341
-796,-313
-808,-315
-820,-323
-776,-393
-828,-447
-864,-469
-948,-489
-928,-483
-980,-543
-932,-517
-920,-507
-944,-509
-972,-519
-940,-523
-1020,-547
-940,-485
-928,-491
-940,-499
-936,-477
-936,-459
-896,-467
-784,-403
-792,-445
-916,-505
-952,-529
-932,-497
-872,-459
-904,-471
-832,-461
-888,-505
-912,-501
-1032,-557
-948,-527
-828,-451
-840,-443
-876,-419
-820,-343
-776,-343
-844,-393
-856,-407
-844,-397
-860,-419
-816,-355
-780,-339
-804,-329
-796,-331
-840,-379
-800,-325
-780,-317
-820,-325
-760,-289
-772,-273
-824,-227
-772,-267
-736,-255
-744,-237
-784,-253
-708,-269
-792,-321
-804,-357
-864,-367
-804,-335
-828,-377
-744,-349
-812,-389
-756,-361
-756,-311
-788,-319
-864,-295
-840,-343
-848,-373
-836,-401
-844,-389
-800,-379
-788,-357
-772,-371
-760,-355
-764,-351
-788,-405
-836,-397
-816,-373
-904,-421
-880,-411
-924,-405
-876,-379
-864,-347
-868,-315
-880,-339
-852,-345
-768,-319
-740,-293
-876,-429
-872,-415
-856,-383
-884,-407
-796,-365
-892,-421
-908,-429
-876,-473
-896,-479
-840,-461
-852,-443
-904,-433
-900,-481
-912,-495
-884,-509
-924,-513
-932,-511
-928,-515
-876,-483
-868,-463
-824,-443
-928,-453
-848,-405
-816,-405
-860,-449
-840,-433
-888,-427
-836,-425
-836,-421
-724,-287
-804,-313
-800,-297
-776,-295
-784,-343
-812,-355
-860,-433
-836,-427
-852,-445
-864,-425
-924,-459
-832,-397
-828,-341
-744,-305
-796,-359
-872,-427
-824,-413
-868,-431
-840,-447
-884,-455
-892,-445
-944,-507
-980,-525
-992,-533
-980,-529
-984,-533
-900,-489
-992,-527
-884,-483
-880,-493
-940,-519
-884,-471
-956,-517
-892,-499
-864,-473
-864,-457
-868,-473
-928,-489
-944,-505
-848,-453
-936,-493
-904,-475
-912,-461
-876,-427
-900,-421
-832,-417
-872,-427
-872,-451
-864,-481
-856,-471
-848,-463
-908,-499
-884,-479
-976,-531
-848,-467
-852,-485
-908,-517
-872,-487
-836,-437
-904,-439
-800,-367
-884,-427
-868,-471
-828,-429
-824,-425
-820,-425
-788,-409
-804,-431
-844,-461
-792,-415
-808,-415
-884,-459
-904,-475
-964,-485
-1008,-513
-940,-479
-884,-495
-952,-529
-924,-489
-876,-465
-944,-501
-964,-507
-944,-519
-996,-541
-992,-521
-948,-475
-876,-441
-852,-427
-724,-343
-700,-315
-688,-229
-720,-191
-716,-155
-716,-199
-796,-239
-776,-257
-800,-323
-760,-245
-808,-221
-836,-279
-828,-353
-816,-313
-824,-341
-908,-407
-812,-357
-828,-363
-804,-335
-784,-341
-876,-365
-864,-387
-920,-459
-888,-461
-952,-499
-952,-521
-980,-549
-1004,-531
-1000,-539
-924,-501
-936,-479
-928,-475
-952,-509
-836,-475
-900,-473
-892,-487
-988,-529
-876,-451
-920,-467
-832,-401
-828,-401
-872,-389
-872,-351
-768,-313
-868,-403
-876,-419
-944,-495
-928,-489
-924,-447
-896,-459
-924,-425
-920,-371
-904,-355
-832,-357
-740,-259
-824,-271
-840,-319
-800,-335
-816,-333
-812,-353
-792,-367
-820,-391
-820,-351
-828,-395
-840,-377
-776,-343
-880,-349
-892,-363
-844,-377
-892,-375
-884,-377
-832,-311
-808,-289
-844,-323
-920,-425
-928,-441
-864,-405
-772,-353
-796,-373
-820,-343
-784,-273
-824,-319
-812,-287
-828,-281
-892,-363
-880,-355
-828,-341
-796,-351
-860,-395
-860,-435
-864,-435
-884,-397
-904,-403
-836,-351
-836,-371
-836,-399
-872,-421
-824,-451
-768,-409
-784,-385
-780,-375
-928,-465
-892,-453
-928,-483
-972,-521
-972,-527
-956,-513
-800,-463
-764,-413
-816,-387
-840,-429
-824,-353
-924,-421
-892,-451
-836,-449
-876,-497
-884,-489
-892,-473
-904,-483
-960,-459
-980,-507
-1000,-525
-1000,-537
-944,-513
-904,-521
-828,-461
-868,-459
-884,-453
-932,-465
-960,-461
-912,-425
-980,-479
-928,-487
-904,-473
-896,-451
-812,-401
-744,-341
-788,-403
-976,-511
-976,-521
-864,-467
-912,-473
-824,-461
-836,-453
-860,-459
-796,-401
-824,-423
-868,-457
-912,-467
-800,-425
-876,-477
-888,-493
-904,-471
-888,-437
-968,-475
-968,-493
-992,-509
-1012,-539
-1056,-575
-1028,-563
-1056,-563
-980,-533
-912,-509
-960,-529
-912,-499
-916,-487
-968,-519
-968,-529
-916,-501
-872,-449
-900,-481
-892,-477
-936,-513
-1020,-555
-1004,-543
-1020,-543
-1012,-493
-952,-517
-900,-497
-860,-465
-936,-497
-1020,-531
-980,-519
-964,-499
-960,-491
-916,-463
-844,-423
-836,-423
-868,-449
-800,-405
-808,-425
-872,-471
-876,-489
-872,-483
-896,-467
-924,-443
-928,-435
-884,-427
-824,-405
-816,-413
-776,-333
-728,-321
-760,-269
-740,-189
-776,-253
-740,-289
-748,-343
-808,-377
-840,-377
-816,-377
-864,-399
-868,-337
-848,-321
-812,-325
-804,-345
-780,-375
-848,-417
-816,-373
-816,-377
-820,-397
-884,-419
-868,-417
-932,-437
-952,-449
-920,-475
-856,-447
-892,-481
-836,-461
-904,-463
-840,-431
-876,-443
-936,-473
-984,-527
-928,-513
-872,-495
-884,-479
-920,-469
-916,-481
-896,-455
-896,-449
-876,-433
-840,-455
-904,-477
-972,-489
-920,-469
-832,-453
-924,-513
-956,-523
-908,-477
-880,-457
-888,-493
-840,-459
-884,-485
-896,-449
-948,-497
-856,-455
-732,-371
-760,-367
-860,-429
-788,-407
-844,-433
-868,-467
-936,-503
-908,-487
-864,-457
-860,-381
-832,-369
-868,-369
-836,-361
-820,-373
-860,-419
-884,-425
-900,-457
-944,-465
-936,-437
-912,-455
-920,-439
-916,-481
-884,-497
-876,-491
-932,-511
-836,-459
-828,-453
-900,-487
-980,-533
-956,-533
-940,-513
-916,-473
-932,-493
-916,-433
-920,-395
-820,-333
-840,-341
-760,-299
-832,-331
-788,-333
-908,-399
-884,-417
-932,-457
-908,-427
-804,-375
-796,-371
-808,-407
-860,-459
-944,-513
-848,-493
-960,-511
-1000,-533
-992,-545
-1008,-553
-1008,-547
-996,-541
-940,-491
-940,-495
-1012,-509
-932,-469
-908,-473
-988,-499
-948,-497
-960,-511
-956,-479
-992,-531
-988,-527
-888,-493
-1000,-537
-960,-507
-984,-525
-888,-489
-928,-517
-912,-503
-936,-493
-852,-447
-840,-435
-868,-475
-872,-483
-780,-451
-896,-499
-924,-489
-912,-483
-936,-503
-872,-469
-936,-489
-928,-457
-848,-413
-848,-401
-872,-417
-856,-475
-852,-459
-812,-455
-816,-459
-888,-477
-900,-483
-904,-485
-940,-515
-872,-489
-908,-495
-880,-479
-836,-453
-808,-447
-804,-443
-832,-463
-912,-497
-984,-533
-964,-527
-964,-525
-1012,-539
-980,-527
-1008,-553
-1048,-567
-1064,-577
-1016,-543
-968,-517
-852,-465
-772,-405
-836,-425
-800,-385
-744,-405
-816,-417
-904,-473
-936,-481
-956,-469
-888,-463
-792,-407
-788,-419
-680,-375
-740,-369
-804,-397
-848,-451
-820,-445
-844,-445
-856,-455
-808,-443
-900,-491
-844,-469
-792,-447
-788,-403
-840,-383
-848,-381
-900,-421
-804,-437
-860,-483
-864,-471
-904,-485
-948,-505
-940,-523
-980,-541
-932,-491
-892,-429
-852,-409
-828,-385
-876,-429
-872,-385
-796,-267
-720,-223
-812,-161
-856,-123
-816,-125
-784,-173
-788,-165
-772,-193
-792,-179
-744,-247
-776,-147
-828,-127
-840,-137
-804,-209
-776,-167
-820,-117
-804,-129
-812,-129
-804,-133
-724,-127
-848,-109
-800,-141
-764,-117
-776,-89
-776,-167
-820,-101
-760,-97
-760,-169
-752,-157
-768,-143
-740,-127
-792,-213
-820,-207
-760,-231
-764,-293
-784,-303
-872,-313
-888,-365
-856,-385
-920,-415
-872,-417
-872,-387
-908,-391
-948,-499
-924,-447
-840,-453
-920,-433
-936,-443
-896,-437
-836,-431
-844,-401
-904,-445
-908,-469
-872,-423
-928,-429
-900,-367
-876,-411
-876,-425
-868,-431
-908,-433
-888,-447
-896,-417
-844,-401
-848,-395
-888,-435
-920,-479
-924,-499
-956,-511
-912,-483
-936,-475
-1068,-561
-952,-533
-1012,-551
-944,-481
-920,-483
-884,-439
-952,-437
-896,-481
-932,-507
-972,-521
-984,-541
-952,-519
-1008,-549
-936,-485
-920,-489
-956,-513
-928,-501
-820,-431
-796,-435
-852,-451
-968,-525
-1028,-553
-1000,-541
-1004,-549
-976,-533
-988,-533
-900,-461
-928,-485
-820,-423
-920,-481
-928,-461
-936,-513
-1012,-551
-988,-527
-968,-541
-1020,-557
-1044,-567
-972,-533
-948,-525
-1004,-539
-904,-481
-1016,-507
-992,-533
-864,-471
-860,-433
-828,-449
-872,-449
-888,-465
-884,-467
-976,-525
-1036,-563
-984,-529
-952,-511
-960,-493
-868,-477
-952,-499
-852,-427
-880,-403
-880,-417
-872,-469
-932,-479
-916,-483
-856,-411
-876,-413
-912,-451
-856,-453
-948,-499
-952,-511
-856,-455
-892,-433
-884,-451
-848,-437
-936,-495
-848,-457
-932,-469
-896,-455
-924,-421
-880,-357
-888,-351
-896,-379
-848,-393
-860,-393
-812,-381
-760,-375
-792,-397
-788,-357
-820,-355
-884,-405
-912,-409
-836,-343
-768,-329
-900,-433
-872,-423
-812,-413
-744,-403
-764,-385
-872,-455
-796,-399
-844,-403
-852,-423
-832,-369
-796,-355
-816,-363
-756,-359
-848,-401
-848,-455
-912,-505
-880,-479
-980,-537
-964,-537
-860,-467
-884,-493
-976,-545
-1024,-559
-1000,-539
-1032,-531
-1000,-527
-916,-497
-948,-505
-972,-539
-992,-547
-992,-539
-744,-401
-740,-393
-780,-419
-852,-469
-800,-457
-832,-455
-828,-417
-776,-347
-776,-381
-800,-407
-856,-421
-812,-385
-840,-373
-768,-345
-768,-291
-680,-179
-736,-245
-752,-325
-808,-341
-784,-341
-776,-319
-764,-343
-836,-333
-816,-327
-788,-363
-796,-345
-780,-353
-776,-307
-780,-295
-752,-265
-784,-271
-828,-287
-792,-279
-848,-265
-848,-281
-812,-309
-836,-233
-768,-225
-740,-215
-784,-253
-860,-253
-860,-233
-864,-253
-836,-263
-816,-241
-836,-287
-808,-187
-748,-167
-736,-135
-640,-91
-728,-155
-740,-191
-740,-131
-748,-161
-876,-177
-920,-209
-848,-193
-852,-213
-780,-149
-776,-173
-892,-207
-792,-147
-772,-63
-776,-105
-780,-191
-788,-95
-760,-81
-740,-109
-808,-85
-744,-117
-732,-101
-748,-31
-784,-57
-724,-65
-704,-141
-700,-135
-688,-147
-692,-199
-688,-185
-696,-247
-728,-267
-780,-239
-808,-245
-720,-211
-760,-237
-764,-245
-704,-245
-704,-277
-808,-321
-808,-365
-692,-257
-800,-251
-848,-241
-836,-271
-784,-185
-744,-231
-736,-249
-724,-153
-736,-213
-784,-225
-812,-311
-792,-307
-744,-287
-792,-293
-740,-241
-780,-231
-868,-247
-852,-219
-952,-251
-968,-303
-864,-317
-856,-319
-884,-401
-824,-367
-832,-325
-904,-363
-820,-281
-840,-199
-840,-165
-784,-177
-780,-237
-788,-223
-816,-227
-816,-241
-836,-297
-832,-319
-808,-311
-752,-307
-732,-243
-828,-215
-840,-245
-844,-269
-768,-259
-776,-267
-836,-331
-832,-315
-920,-317
-852,-273
-816,-251
-812,-273
-808,-209
-772,-223
-888,-271
-956,-373
-940,-403
-972,-447
-932,-435
-892,-415
-820,-363
-872,-421
-936,-477
-948,-519
-984,-523
-932,-505
-956,-513
-924,-501
-968,-517
-940,-507
-960,-539
-968,-521
-916,-505
-968,-505
-964,-501
-896,-467
-828,-425
-884,-439
-880,-463
-864,-481
-804,-441
-908,-505
-940,-519
-984,-541
-1052,-567
-1020,-547
-1016,-533
-992,-517
-992,-539
-920,-503
-956,-517
-980,-521
-932,-517
-924,-515
-884,-481
-876,-481
-860,-475
-836,-481
-884,-491
-848,-475
-928,-497
-964,-499
-900,-471
-916,-485
-892,-471
-812,-419
-828,-415
-836,-413
-808,-449
-852,-463
-856,-479
-912,-487
-916,-481
-856,-459
-848,-421
-848,-417
-860,-395
-840,-359
-864,-347
-800,-359
-868,-335
-792,-269
-748,-251
-704,-185
-776,-177
-760,-189
-748,-169
-796,-235
-832,-273
-820,-317
-860,-373
-844,-389
-828,-341
-848,-351
-844,-353
-876,-363
-800,-361
-788,-353
-844,-447
-892,-485
-920,-511
-940,-491
-924,-465
-848,-391
-860,-353
-876,-361
-876,-307
-708,-199
-768,-317
-816,-315
-836,-361
-800,-365
-876,-379
-880,-365
-860,-373
-904,-423
-800,-419
-820,-441
-892,-487
-1000,-533
-968,-505
-972,-509
-884,-479
-884,-451
-836,-459
-908,-435
-872,-473
-796,-453
-860,-455
-848,-403
-840,-435
-876,-485
-860,-469
-920,-487
-888,-497
-952,-507
-964,-525
-944,-493
-840,-465
-924,-477
-868,-459
-932,-495
-956,-499
-908,-459
-872,-459
-892,-483
-868,-459
-888,-493
-900,-485
-856,-453
-920,-489
-960,-519
-988,-545
-876,-477
-832,-445
-948,-501
-892,-469
-884,-507
-912,-517
-860,-473
-912,-497
-956,-523
-844,-471
-916,-481
-928,-515
-1008,-541
-1000,-547
-916,-515
-924,-475
-916,-485
-952,-503
-912,-469
-964,-497
-936,-441
-888,-459
-816,-445
-808,-421
-880,-477
-832,-405
-792,-399
-804,-395
-916,-421
-860,-449
-876,-431
-928,-487
-964,-519
-1004,-535
-988,-487
-932,-489
-912,-501
-920,-495
-852,-485
-868,-453
-840,-427
-812,-383
-820,-405
-796,-407
-832,-395
-840,-365
-800,-339
-824,-371
-736,-317
-892,-411
-860,-471
-812,-437
-804,-413
-912,-475
-956,-493
-832,-447
-936,-455
-944,-445
-912,-435
-800,-387
-812,-407
-900,-451
-784,-421
-756,-401
-832,-413
-888,-443
-984,-511
-928,-501
-840,-463
-924,-507
-1012,-557
-972,-519
-992,-521
-920,-483
-952,-489
-920,-499
-976,-543
-896,-505
-920,-501
-936,-489
-896,-499
-920,-487
-808,-409
-796,-351
-844,-407
-868,-431
-792,-421
-868,-427
-868,-437
-840,-441
-864,-461
-900,-493
-952,-525
-848,-449
-928,-493
-988,-533
-1008,-521
-892,-453
-808,-405
-832,-399
-928,-479
-940,-483
-876,-455
-884,-445
-912,-485
-888,-481
-852,-475
-896,-497
-924,-511
-912,-499
-980,-495
-836,-407
-820,-455
-856,-419
-876,-429
-888,-419
-884,-431
-864,-429
-888,-447
-1004,-535
-992,-517
-1004,-547
-948,-523
-920,-507
-944,-489
-960,-517
-936,-509
-980,-533
-964,-533
-884,-511
-928,-525
-968,-535
-936,-509
-860,-431
-772,-367
-928,-449
-864,-435
-832,-383
-752,-307
-772,-319
-844,-359
-760,-359
-816,-405
-900,-469
-904,-479
-824,-423
-876,-413
-860,-479
-868,-489
-924,-505
-940,-489
-988,-493
-900,-473
-952,-503
-992,-529
-960,-523
-916,-493
-848,-461
-884,-453
-876,-427
-800,-417
-808,-437
-836,-429
-780,-395
-868,-461
-908,-495
-944,-525
-992,-535
-916,-501
-892,-481
-880,-499
-848,-493
-880,-427
-904,-459
-908,-455
-900,-453
-932,-459
-944,-443
-852,-417
-844,-403
-860,-385
-808,-367
-836,-387
-860,-445
-788,-377
-760,-313
-752,-329
-844,-359
-896,-383
-836,-367
-812,-387
-780,-359
-788,-323
-852,-357
-864,-401
-948,-413
-836,-367
-824,-385
-832,-419
-908,-413
-856,-345
-804,-335
-844,-313
-900,-361
-908,-399
-920,-401
-812,-423
-872,-461
-868,-481
-912,-497
-848,-469
-932,-493
-932,-507
-912,-499
-880,-503
-932,-519
-944,-529
-876,-501
-920,-507
-972,-537
-988,-545
-1008,-543
-1012,-543
-880,-481
-900,-479
-924,-517
-912,-521
-952,-521
-960,-519
-964,-497
-912,-491
-976,-531
-1024,-561
-1024,-557
-984,-529
-932,-513
-928,-479
-912,-463
-832,-443
-908,-413
-888,-389
-888,-361
-904,-423
-1000,-485
-860,-457
-896,-465
-836,-371
-820,-305
-808,-325
-860,-369
-876,-399
-892,-379
-868,-319
-828,-331
-816,-307
-760,-279
-724,-305
-804,-311
-800,-305
-856,-339
-792,-319
-784,-295
-820,-399
-812,-421
-820,-437
-888,-445
-888,-441
-880,-419
-852,-427
-832,-445
-820,-437
-920,-475
-884,-437
-896,-443
-892,-463
-888,-449
-940,-481
-916,-473
-924,-481
-916,-477
-912,-453
-840,-415
-816,-391
-840,-357
-848,-409
-856,-451
-960,-515
-908,-495
-852,-429
-856,-415
-848,-407
-884,-441
-960,-511
-892,-431
-856,-375
-824,-355
-848,-397
-856,-419
-796,-341
-800,-339
-828,-387
-776,-381
-864,-441
-896,-457
-836,-413
-872,-431
-840,-421
-872,-467
-852,-447
-912,-483
-956,-503
-940,-505
-996,-541
-948,-523
-936,-513
-964,-523
-908,-505
-892,-479
-888,-453
-896,-481
-856,-435
-816,-421
-840,-439
-860,-457
-884,-481
-900,-465
-892,-471
-772,-379
-816,-303
-784,-213
-828,-229
-772,-173
-816,-203
-772,-195
-820,-249
-792,-275
-828,-319
-876,-377
-800,-339
-736,-287
-788,-311
-772,-399
-852,-431
-884,-447
-904,-493
-940,-517
-932,-507
-816,-465
-812,-447
-776,-423
-800,-413
-908,-477
-916,-473
-912,-437
-884,-431
-856,-405
-784,-397
-868,-409
-808,-361
-832,-321
-824,-263
-748,-295
-764,-329
-836,-407
-880,-449
-812,-405
-788,-403
-848,-381
-908,-449
-916,-461
-820,-417
-860,-419
-876,-423
-888,-405
-852,-395
-820,-339
-804,-337
-852,-365
-836,-251
-816,-175
-808,-229
-804,-145
-784,-185
-748,-217
-768,-221
-672,-171
-748,-151
-812,-163
-792,-199
-792,-215
-732,-195
-764,-199
-836,-265
-788,-303
-860,-341
-804,-289
-820,-217
-896,-187
-840,-163
-828,-149
-852,-151
-800,-169
-752,-179
-776,-185
-832,-231
-752,-163
-816,-171
-788,-193
-868,-229
-760,-239
-816,-199
-796,-177
-800,-243
-840,-255
-836,-285
-888,-305
-828,-321
-768,-275
-792,-287
-828,-293
-852,-325
-740,-293
-748,-233
-740,-265
-752,-201
-824,-241
-820,-291
-820,-289
-792,-279
-812,-273
-744,-219
-812,-259
-756,-255
-816,-179
-776,-95
-780,-93
-772,-97
-800,-199
-756,-249
-716,-247
-800,-315
-716,-297
-752,-299
-792,-221
-816,-125
-680,-9
-708,13
-692,13
-724,-21
-748,23
-828,-83
-744,-65
-784,-117
-804,-177
-776,-279
-756,-343
-832,-423
-804,-381
-824,-389
-708,-361
-700,-351
-840,-411
-876,-443
-896,-433
-864,-449
-848,-467
-892,-447
-868,-475
-980,-531
-892,-507
-900,-471
-892,-437
-920,-445
-928,-483
-968,-537
-988,-513
-840,-469
-924,-525
-904,-489
-880,-473
-816,-417
-904,-491
-964,-483
-836,-433
-976,-509
-940,-511
-964,-503
-944,-513
-972,-533
-1004,-539
-932,-481
-900,-477
-884,-481
-944,-519
-972,-533
-916,-513
-884,-473
-864,-439
-884,-437
-884,-459
-856,-477
-892,-497
-904,-481
-908,-479
-1012,-543
-904,-487
-876,-483
-912,-499
-900,-473
-912,-493
-896,-503
-888,-495
-968,-519
-888,-485
-920,-497
-988,-529
-976,-529
-976,-475
-960,-505
-900,-449
-924,-437
-876,-409
-780,-381
-756,-325
-764,-289
-736,-309
-812,-313
-848,-379
-836,-355
-828,-343
-896,-393
-912,-417
-928,-449
-900,-415
-888,-465
-876,-453
-900,-467
-876,-425
-812,-379
-832,-389
-812,-349
-912,-325
-876,-319
-952,-397
-940,-373
-860,-323
-776,-319
-820,-383
-864,-447
-808,-367
-824,-421
-792,-437
-848,-467
-920,-489
-856,-451
-884,-409
-892,-405
-892,-381
-884,-395
-960,-457
-884,-411
-864,-431
-812,-375
-768,-279
-804,-283
-844,-353
-884,-377
-928,-443
-912,-485
-980,-527
-972,-519
-1016,-545
-976,-529
-984,-531
-964,-525
-924,-487
-876,-473
-956,-515
-872,-467
-880,-463
-852,-435
-884,-465
-820,-423
-820,-419
-880,-465
-844,-447
-872,-485
-936,-513
-1016,-551
-988,-525
-940,-489
-924,-401
-868,-359
-892,-393
-848,-423
-816,-403
-812,-385
-820,-375
-844,-419
-860,-397
-880,-385
-704,-325
-752,-381
-808,-395
-816,-399
-828,-401
-864,-435
-924,-469
-984,-499
-968,-483
-848,-443
-840,-449
-852,-447
-880,-431
-852,-413
-812,-379
-864,-427
-908,-421
-844,-427
-908,-479
-932,-499
-936,-489
-936,-503
-884,-455
-884,-467
-868,-461
-888,-469
-892,-469
-932,-493
-928,-481
-956,-513
-920,-487
-988,-529
-980,-539
-920,-503
-952,-523
-976,-529
-1072,-573
-1044,-569
-860,-469
-968,-533
-960,-521
-948,-509
-1056,-553
-1000,-527
-960,-505
-848,-467
-876,-459
-892,-471
-984,-521
-964,-503
-936,-483
-920,-423
-844,-373
-904,-405
-824,-379
-952,-395
-904,-403
-984,-411
-868,-389
-864,-341
-924,-423
-932,-411
-964,-439
-960,-473
-912,-445
-884,-433
-856,-439
-860,-431
-764,-379
-852,-401
-944,-459
-912,-449
-928,-491
-888,-487
-952,-493
-940,-513
-944,-515
-824,-451
-872,-491
-908,-473
-936,-499
-892,-473
-944,-489
-984,-519
-964,-511
-996,-523
-920,-491
-980,-509
-948,-501
-956,-489
-1020,-503
-880,-485
-884,-461
-836,-433
-820,-433
-896,-477
-876,-481
-852,-453
-868,-479
-888,-501
-944,-535
-972,-515
-908,-481
-896,-461
-944,-497
-924,-515
-912,-501
-884,-491
-992,-539
-928,-493
-868,-471
-872,-487
-916,-513
-972,-531
-944,-517
-1036,-547
-912,-497
-860,-439
-924,-501
-904,-485
-972,-517
-920,-499
-956,-507
-972,-507
-908,-453
-884,-455
-892,-441
-884,-407
-832,-405
-816,-393
-868,-425
-916,-453
-948,-499
-932,-505
-844,-473
-956,-503
-944,-511
-908,-495
-888,-511
-896,-497
-852,-461
-848,-447
-880,-461
-820,-413
-856,-415
-832,-359
-852,-351
-872,-359
-940,-375
-880,-329
-920,-331
-812,-271
-872,-253
-820,-223
-776,-233
-808,-223
-756,-237
-792,-223
-792,-219
-800,-263
-776,-323
-816,-307
-816,-331
-856,-363
-860,-381
-800,-367
-852,-405
-844,-367
-812,-379
-796,-377
-780,-365
-788,-303
-700,-241
-732,-307
-712,-313
-724,-307
-764,-343
-796,-359
-828,-415
-740,-393
-800,-379
-860,-397
-860,-395
-900,-437
-908,-435
-896,-463
-856,-419
-808,-419
-764,-411
-836,-461
-912,-497
-988,-517
-944,-523
-1000,-541
-972,-519
-912,-491
-988,-537
-988,-529
-972,-507
-936,-465
-896,-409
-964,-453
-876,-403
-912,-413
-1004,-469
-884,-425
-856,-459
-920,-487
-956,-497
-944,-463
-880,-445
-948,-477
-952,-481
-960,-467
-912,-485
-956,-521
-824,-445
-852,-439
-860,-427
-836,-439
-824,-425
-808,-395
-880,-447
-868,-451
-768,-385
-776,-415
-848,-453
-960,-487
-992,-537
-924,-503
-964,-545
-976,-523
-900,-509
-912,-507
-960,-525
-920,-503
-912,-495
-904,-497
-952,-493
-876,-477
-892,-511
-960,-523
-992,-525
-884,-487
-924,-513
-932,-503
-992,-551
-1028,-569
-1000,-553
-1068,-553
-1028,-519
-924,-483
-964,-479
-920,-469
-956,-503
-968,-513
-960,-521
-912,-475
-956,-493
-980,-523
-952,-519
-1008,-533
-936,-499
-872,-437
-908,-431
-892,-463
-988,-495
-916,-461
-964,-495
-916,-495
-908,-503
-944,-521
-1036,-555
-1100,-585
-1004,-551
-976,-529
-848,-441
-920,-461
-944,-471
-956,-459
-964,-471
-948,-483
-948,-481
-936,-497
-912,-485
-984,-501
-940,-497
-852,-463
-944,-513
-872,-473
-920,-495
-940,-497
-972,-543
-876,-497
-920,-525
-984,-531
-932,-511
-1008,-547
-940,-511
-948,-517
-940,-517
-896,-501
-952,-515
-916,-501
-932,-525
-928,-519
-924,-531
-928,-511
-936,-521
-912,-501
-952,-479
-884,-477
-960,-515
-948,-513
-892,-485
-928,-509
-960,-495
-856,-445
-896,-447
-864,-421
-892,-473
-896,-487
-992,-539
-1024,-529
-896,-473
-932,-491
-912,-503
-860,-481
-868,-453
-888,-451
-920,-489
-908,-487
-984,-523
-996,-525
-964,-513
-940,-519
-924,-501
-788,-393
-808,-385
-764,-377
-880,-415
-848,-419
-860,-429
-920,-465
-920,-495
-912,-497
-972,-513
-1036,-543
-1000,-511
-940,-495
-856,-415
-844,-361
-832,-359
-808,-345
-904,-407
-852,-403
-872,-411
-932,-401
-888,-339
-896,-387
-800,-347
-844,-373
-832,-425
-864,-429
-824,-427
-924,-503
-956,-521
-932,-507
-928,-513
-872,-471
-960,-509
-928,-519
-964,-525
-952,-513
-924,-507
-860,-483
-936,-513
-928,-493
-932,-487
-924,-477
-900,-455
-908,-485
-956,-507
-944,-519
-932,-495
-972,-479
-904,-459
-952,-463
-876,-429
-888,-437
-916,-423
-828,-377
-792,-333
-828,-363
-852,-385
-880,-401
-868,-383
-896,-393
-912,-381
-860,-319
-828,-359
-868,-353
-852,-395
-880,-445
-860,-425
-948,-481
-848,-437
-904,-501
-940,-515
-900,-505
-880,-501
-868,-469
-904,-491
-880,-479
-876,-493
-972,-523
-972,-521
-888,-447
-860,-443
-872,-459
-900,-473
-864,-481
-832,-439
-832,-443
-904,-489
-820,-445
-900,-491
-984,-521
-888,-491
-948,-499
-924,-493
-940,-493
-940,-511
-944,-505
-920,-483
-876,-475
-796,-421
-784,-341
-724,-341
-780,-377
-828,-427
-792,-393
-768,-373
-848,-427
-944,-489
-860,-475
-948,-503
-976,-517
-996,-485
-964,-465
-900,-439
-860,-425
-872,-455
-804,-423
-900,-493
-904,-501
-1024,-541
-1004,-537
-928,-519
-972,-529
-1012,-557
-996,-539
-956,-521
-920,-497
-828,-451
-904,-455
-920,-447
-912,-461
-836,-463
-844,-427
-864,-471
-896,-477
-928,-495
-912,-477
-920,-487
-996,-525
-896,-497
-920,-501
-948,-493
-932,-507
-872,-463
-844,-421
-808,-405
-908,-475
-892,-459
-924,-449
-956,-501
-880,-467
-884,-475
-856,-423
-928,-467
-872,-471
-872,-481
-844,-465
-936,-525
-944,-525
-936,-523
-1040,-543
-1012,-523
-1016,-537
-992,-519
-996,-533
-916,-497
-952,-511
-928,-517
-920,-483
-856,-431
-872,-453
-928,-483
-892,-487
-904,-493
-936,-503
-892,-487
-972,-541
-908,-493
-888,-501
-952,-499
-816,-453
-868,-445
-960,-509
-1012,-509
-928,-479
-880,-465
-884,-453
-952,-525
-976,-539
-1052,-567
-1000,-545
-1004,-541
-948,-509
-952,-507
-884,-477
-908,-479
-816,-415
-848,-377
-852,-339
-844,-341
-860,-415
-956,-509
-884,-463
-944,-491
-908,-451
-844,-415
-848,-443
-896,-459
-920,-479
-956,-505
-1000,-511
-948,-457
-900,-465
-948,-501
-944,-499
-944,-513
-832,-433
-864,-467
-924,-531
-948,-515
-988,-545
-904,-481
-840,-417
-836,-399
-816,-361
-772,-323
-724,-311
-772,-359
-780,-243
-780,-325
-824,-373
-848,-423
-832,-457
-848,-445
-808,-419
-824,-467
-824,-393
-880,-407
-816,-407
-840,-449
-928,-497
-872,-437
-792,-365
-852,-413
-852,-441
-964,-491
-820,-449
-848,-415
-820,-405
-780,-369
-900,-447
-908,-443
-868,-393
-868,-407
-900,-395
-836,-345
-876,-385
-876,-405
-844,-401
-848,-409
-904,-413
-872,-427
-904,-409
-880,-359
-884,-397
-784,-353
-844,-387
-840,-399
-892,-451
-940,-487
-948,-489
-940,-471
-916,-479
-928,-509
-976,-533
-900,-487
-928,-505
-896,-493
-956,-523
-984,-525
-900,-497
-820,-413
-848,-421
-876,-463
-936,-501
-976,-535
-988,-545
-1004,-543
-972,-519
-932,-505
-932,-503
-924,-461
-908,-459
-872,-455
-924,-495
-940,-507
-896,-469
-904,-495
-936,-507
-908,-487
-1000,-527
-1008,-529
-960,-505
-940,-529
-944,-521
-916,-503
-876,-487
-940,-511
-960,-527
-996,-541
-976,-537
-992,-531
-996,-523
-908,-459
-916,-443
-912,-447
-972,-505
-904,-473
-844,-457
-880,-483
-892,-489
-912,-501
-944,-513
-892,-447
-860,-437
-848,-449
-912,-475
-916,-503
-884,-499
-860,-469
-892,-481
-904,-497
-964,-531
-1044,-555
-1088,-577
-1076,-571
-956,-531
-884,-509
-972,-543
-1024,-545
-1024,-547
-1092,-581
-1064,-565
-948,-519
-980,-535
-984,-535
-960,-531
-872,-471
-920,-501
-940,-489
-900,-421
-876,-443
-924,-455
-984,-511
-1000,-535
-940,-519
-924,-485
-900,-465
-932,-489
-916,-453
-936,-495
-988,-521
-876,-449
-936,-505
-964,-515
-1032,-543
-1016,-559
-924,-503
-876,-455
-904,-449
-956,-473
-864,-459
-824,-441
-864,-463
-920,-505
-876,-469
-852,-471
-852,-471
-860,-457
-888,-495
-808,-439
-796,-401
-820,-439
-880,-435
-848,-429
-916,-479
-864,-461
-904,-477
-900,-465
-876,-453
-960,-519
-1012,-553
-996,-555
-988,-545
-932,-509
-1016,-553
-916,-505
-952,-499
-940,-503
-888,-465
-808,-389
-828,-365
-748,-339
-760,-299
-704,-219
-768,-165
-732,-179
-736,-231
-792,-245
-740,-203
-776,-179
-816,-281
-808,-317
-824,-325
-876,-385
-856,-407
-864,-395
-816,-389
-816,-369
-804,-311
-852,-333
-840,-345
-916,-317
-852,-295
-828,-231
-832,-249
-836,-251
-844,-305
-804,-251
-800,-291
-876,-327
-864,-325
-900,-337
-928,-337
-904,-309
-796,-279
-836,-197
-840,-233
-820,-299
-808,-317
-812,-359
-916,-419
-820,-353
-832,-383
-784,-383
-796,-323
-784,-331
-696,-293
-816,-311
-756,-307
-788,-383
-872,-459
-884,-457
-864,-437
-872,-437
-864,-419
-788,-383
-752,-355
-828,-373
-868,-429
-824,-455
-840,-453
-808,-407
-796,-391
-832,-417
-864,-415
-852,-413
-944,-463
-916,-499
-972,-511
-936,-531
-932,-517
-872,-473
-908,-445
-804,-351
-868,-405
-852,-401
-844,-413
-812,-351
-880,-365
-892,-385
-836,-357
-868,-395
-848,-345
-880,-317
-792,-289
-780,-241
-744,-223
-760,-237
-792,-247
-816,-221
-788,-203
-844,-245
-832,-313
-836,-339
-800,-309
-780,-289
-704,-265
-732,-313
-724,-299
-696,-253
-668,-209
-772,-271
-836,-325
-880,-373
-876,-387
-812,-387
-800,-369
-848,-383
-840,-329
-888,-325
-860,-311
-872,-337
-824,-303
-876,-263
-808,-297
-732,-229
-828,-271
-804,-295
-824,-317
-836,-353
-856,-299
-796,-195
-768,-207
-760,-281
-700,-281
-700,-241
-700,-249
-804,-309
-824,-335
-756,-269
-752,-239
-760,-257
-768,-285
-792,-251
-764,-295
-812,-299
-828,-317
-772,-325
-772,-277
-816,-305
-764,-267
-752,-265
-664,-239
-724,-225
-728,-269
-776,-243
-816,-261
-724,-229
-892,-379
-792,-257
-764,-267
-768,-271
-756,-325
-812,-341
-832,-379
-896,-419
-868,-419
-852,-431
-884,-453
-984,-485
-968,-499
-1004,-527
-1052,-555
-1032,-565
-1060,-561
-1008,-555
-1060,-555
-964,-511
-916,-463
-832,-415
-920,-461
-880,-475
-888,-435
-812,-411
-832,-373
-784,-385
-856,-431
-908,-449
-992,-517
-1016,-545
-904,-505
-908,-511
-960,-521
-948,-521
-924,-483
-964,-507
-936,-525
-1032,-557
-988,-533
-912,-503
-920,-521
-976,-523
-884,-507
-896,-465
-880,-463
-924,-445
-976,-479
-968,-483
-936,-493
-932,-503
-844,-461
-928,-487
-968,-511
-972,-511
-944,-491
-896,-473
-908,-465
-912,-467
-852,-479
-912,-481
-968,-517
-912,-507
-796,-437
-748,-383
-816,-397
-828,-389
-848,-429
-808,-431
-892,-465
-832,-419
-796,-429
-912,-499
-912,-495
-808,-461
-920,-495
-924,-479
-1000,-499
-916,-491
-964,-517
-948,-509
-956,-513
-904,-493
-988,-527
-888,-471
-888,-465
-916,-465
-884,-441
-876,-457
-876,-423
-936,-469
-808,-415
-856,-405
-888,-433
-956,-523
-916,-509
-900,-497
-964,-537
-908,-505
-844,-481
-928,-519
-928,-511
-920,-515
-900,-495
-848,-479
-868,-471
-852,-443
-856,-451
-796,-453
-828,-437
-796,-403
-800,-425
-940,-483
-900,-459
-944,-487
-864,-475
-840,-417
-908,-485
-960,-493
-900,-447
-948,-421
-832,-383
-824,-385
-920,-409
-908,-417
-908,-447
-864,-447
-924,-501
-876,-453
-800,-425
-876,-331
-800,-313
-904,-359
-824,-333
-888,-353
-868,-377
-816,-371
-844,-379
-924,-395
-868,-399
-888,-421
-880,-395
-876,-427
-912,-499
-908,-489
-840,-455
-800,-423
-872,-431
-836,-415
-820,-393
-832,-349
-828,-393
-796,-387
-764,-361
-824,-373
-848,-389
-820,-395
-796,-347
-880,-359
-828,-307
-856,-367
-816,-319
-824,-385
-824,-419
-864,-339
-852,-345
-900,-375
-856,-391
-820,-363
-688,-297
-812,-333
-788,-321
-828,-371
-792,-329
-820,-367
-848,-369
-816,-337
-804,-351
-756,-317
-732,-359
-744,-361
-816,-431
-848,-399
-872,-433
-852,-459
-908,-469
-916,-465
-952,-461
-816,-409
-760,-327
-836,-367
-720,-325
-744,-333
-884,-399
-876,-451
-864,-471
-788,-463
-872,-499
-900,-505
-924,-513
-788,-451
-844,-469
-860,-481
-864,-467
-876,-445
-852,-379
-876,-347
-856,-325
-880,-339
-860,-373
-888,-435
-864,-431
-920,-411
-928,-393
-856,-435
-868,-415
-896,-473
-888,-441
-936,-469
-928,-479
-1024,-523
-996,-503
-1036,-537
-920,-455
-988,-485
-912,-475
-860,-463
-864,-463
-936,-483
-860,-451
-812,-413
-848,-419
-896,-455
-888,-481
-944,-507
-900,-481
-972,-517
-948,-477
-884,-471
-840,-445
-820,-427
-920,-473
-936,-487
-932,-465
-988,-449
-976,-453
-944,-451
-992,-503
-952,-513
-872,-475
-792,-427
-880,-459
-860,-427
-796,-349
-784,-405
-984,-505
-888,-487
-976,-521
-932,-507
-984,-539
-892,-491
-904,-493
-908,-487
-900,-485
-932,-513
-904,-479
-872,-463
-920,-485
-924,-503
-904,-487
-1000,-533
-924,-515
-924,-485
-880,-493
-976,-517
-988,-499
-1012,-523
-932,-471
-956,-489
-928,-465
-900,-451
-852,-447
-900,-477
-832,-405
-852,-369
-828,-341
-848,-345
-748,-291
-752,-327
-792,-287
-740,-315
-780,-347
-644,-195
-652,-245
-752,-283
-728,-235
-740,-193
-688,-205
-708,-147
-716,-113
-784,-81
-788,-79
-760,-97
-800,-49
-756,-67
-696,-135
-684,-61
-768,-11
-748,-29
-804,-9
-776,-19
-768,-159
-808,-145
-796,-137
-768,-179
-820,-273
-716,-227
-888,-289
-812,-325
-816,-397
-840,-397
-804,-443
-848,-441
-808,-411
-856,-439
-900,-435
-884,-443
-820,-365
-872,-387
-872,-385
-852,-361
-864,-367
-880,-435
-808,-323
-892,-435
-900,-425
-892,-401
-812,-391
-756,-333
-764,-361
-812,-383
-848,-365
-812,-339
-812,-303
-856,-321
-892,-321
-832,-263
-788,-227
-796,-263
-728,-203
-700,-147
-744,-161
-744,-79
-780,-81
-724,-61
-788,-67
-776,-51
-736,31
-716,63
-712,95
-788,113
-884,181
-916,147
-908,91
-880,77
-864,59
-864,85
-856,117
-844,47
-828,37
-864,55
-808,117
-848,43
-848,75
-884,1
-828,-41
-772,-69
-828,-121
-776,-121
-836,-221
-872,-175
-760,-171
-740,-121
-828,-81
-828,-125
-832,-111
-808,-145
-724,-139
-808,-111
-776,-99
-760,-109
-800,-75
-788,-29
-808,21
-816,77
-728,55
-700,55
-744,99
-780,127
-792,103
-780,79
-720,75
-712,27
-712,69
-704,75
-700,31
-696,-15
-696,-29
-688,-33
-724,-5
-756,43
-704,81
-704,89
-744,-11
-712,-13
-800,-33
-828,-83
-776,-87
-808,-125
-836,-91
-816,-109
-876,-103
-820,-115
-812,-95
-812,-173
-828,-95
-808,-17
-800,51
-808,69
-804,79
-812,99
-840,177
-820,127
-776,179
-740,195
-860,257
-804,255
-780,277
-804,337
-744,279
-780,311
-772,245
-808,109
-868,127
-860,119
-872,141
-868,99
-796,85
-760,57
-768,67
-748,77
-744,133
-784,193
-776,253
-868,285
-844,313
-804,323
-856,377
-872,393
-828,345
-888,375
-800,331
-864,373
-820,343
-876,433
-948,419
-824,395
-812,409
-728,373
-808,421
-776,419
-836,431
-832,441
-836,437
-872,475
-812,455
-832,489
-848,499
-864,467
-940,467
-896,439
-828,385
-872,379
-844,389
-828,407
-788,405
-828,391
-872,405
-796,341
-884,393
-836,397
-824,355
-876,357
-860,339
-836,259
-876,247
-804,141
-800,105
-828,137
-884,205
-820,163
-848,239
-792,171
-840,203
-824,185
-800,161
-756,131
-692,53
-828,81
-788,67
-764,-25
-832,-65
-784,-5
-736,-45
-828,-5
-752,-21
-716,-9
-752,39
-732,113
-712,177
-696,189
-772,111
-756,53
-796,7
-776,31
-836,-15
-740,15
-684,-105
-624,-109
-608,-131
-680,-143
-656,-157
-700,-201
-808,-249
-844,-273
-836,-335
-824,-355
-764,-283
-804,-337
-800,-337
-748,-281
-772,-213
-764,-209
-748,-259
-796,-315
-828,-349
-804,-303
-796,-293
-808,-389
-856,-449
-940,-499
-888,-453
-820,-417
-920,-469
-976,-483
-888,-477
-864,-483
-952,-507
-940,-481
-1000,-513
-960,-499
-868,-427
-872,-433
-876,-467
-836,-411
-848,-453
-920,-483
-864,-461
-880,-481
-876,-453
-904,-463
-916,-473
-920,-491
-908,-495
-964,-521
-856,-469
-860,-461
-948,-523
-1016,-559
-1040,-545
-1080,-571
-1068,-567
-1044,-565
-1032,-555
-968,-531
-928,-473
-920,-485
-940,-495
-984,-529
-888,-493
-936,-509
-916,-471
-916,-467
-856,-445
-900,-447
-892,-493
-816,-449
-864,-493
-828,-419
-840,-433
-852,-367
-920,-403
-856,-363
-880,-393
-864,-395
-784,-399
-860,-437
-920,-459
-920,-419
-804,-357
-848,-373
-880,-415
-884,-457
-864,-435
-876,-451
-816,-441
-828,-463
-856,-475
-876,-469
-912,-495
-892,-497
-916,-513
-900,-501
-960,-515
-912,-445
-832,-443
-812,-421
-848,-423
-904,-423
-892,-405
-940,-441
-876,-385
-876,-387
-876,-349
-892,-401
-828,-379
-860,-345
-796,-321
-768,-337
-804,-315
-892,-367
-932,-407
-908,-397
-904,-409
-860,-379
-860,-379
-836,-369
-884,-385
-808,-379
-844,-361
-852,-395
-832,-413
-848,-441
-892,-441
-908,-493
-916,-463
-888,-419
-896,-473
-916,-505
-936,-505
-980,-529
-964,-525
-900,-487
-936,-481
-852,-445
-872,-457
-816,-415
-820,-413
-844,-423
-884,-469
-924,-491
-920,-477
-852,-439
-788,-427
-780,-423
-920,-511
-992,-541
-912,-507
-984,-545
-948,-495
-904,-487
-872,-481
-868,-485
-900,-495
-900,-471
-904,-467
-852,-431
-848,-427
-904,-417
-880,-437
-888,-439
-880,-435
-848,-395
-892,-437
-964,-463
-936,-485
-984,-515
-960,-521
-992,-511
-920,-471
-872,-413
-852,-433
-884,-413
-808,-423
-956,-509
-856,-437
-1016,-547
-1064,-569
-1020,-531
-924,-497
-1024,-537
-1008,-537
-916,-471
-956,-507
-944,-507
-852,-425
-816,-361
-884,-407
-892,-423
-888,-453
-920,-483
-932,-469
-868,-439
-892,-475
-920,-513
-964,-535
-960,-517
-968,-515
-960,-499
-1000,-527
-948,-519
-916,-495
-856,-465
-852,-467
-844,-441
-864,-453
-852,-467
-1032,-543
-1008,-523
-948,-485
-920,-451
-828,-373
-836,-403
-804,-411
-892,-429
-844,-401
-892,-453
-896,-433
-840,-389
-904,-395
-824,-369
-876,-383
-876,-381
-816,-381
-864,-399
-832,-395
-864,-421
-864,-417
-764,-327
-792,-319
-792,-315
-784,-311
-844,-327
-816,-323
-780,-371
-900,-407
-896,-419
-860,-437
-920,-451
-928,-465
-844,-425
-876,-451
-884,-469
-864,-489
-980,-539
-1016,-551
-1056,-571
-1020,-553
-948,-531
-996,-545
-1032,-549
-980,-535
-1040,-569
-964,-533
-916,-495
-940,-479
-856,-447
-768,-423
-932,-515
-956,-533
-1032,-551
-1040,-547
-932,-513
-868,-439
-788,-417
-816,-403
-896,-459
-964,-489
-956,-509
-936,-507
-1000,-535
-920,-481
-844,-447
-832,-433
-872,-453
-784,-393
-748,-389
-764,-427
-872,-469
-800,-421
-800,-369
-824,-351
-788,-371
-836,-387
-884,-361
-888,-377
-788,-359
-808,-421
-792,-421
-760,-391
-788,-371
-844,-431
-920,-485
-932,-517
-996,-533
-916,-489
-900,-501
-880,-463
-960,-477
-940,-459
-944,-451
-924,-477
-836,-429
-880,-429
-884,-419
-872,-455
-904,-481
-816,-415
-844,-485
-848,-473
-844,-491
-780,-409
-888,-419
-836,-429
-916,-437
-960,-451
-864,-413
-832,-425
-840,-433
-868,-415
-776,-309
-864,-393
-912,-459
-876,-463
-908,-489
-876,-469
-808,-433
-904,-473
-948,-501
-852,-451
-808,-415
-804,-399
-804,-399
-752,-351
-768,-365
-808,-351
-796,-281
-752,-241
-712,-245
-808,-289
-792,-247
-808,-271
-720,-293
-732,-253
-688,-201
-676,-263
-812,-321
-808,-333
-868,-295
-892,-285
-808,-205
-888,-299
-884,-341
-820,-307
-776,-277
-776,-305
-884,-367
-888,-355
-868,-341
-828,-327
-808,-261
-776,-257
-784,-261
-812,-309
-780,-295
-856,-301
-708,-285
-820,-377
-860,-421
-828,-389
-872,-419
-828,-405
-892,-435
-916,-423
-964,-469
-836,-385
-892,-409
-896,-369
-928,-379
-912,-387
-924,-397
-892,-403
-900,-423
-908,-447
-916,-461
-908,-477
-940,-467
-908,-467
-936,-459
-892,-489
-932,-495
-928,-495
-888,-449
-840,-451
-828,-445
-836,-433
-912,-485
-884,-459
-836,-435
-824,-411
-792,-427
-848,-449
-840,-445
-860,-447
-924,-501
-880,-479
-836,-469
-892,-491
-932,-499
-868,-457
-852,-477
-892,-503
-932,-505
-968,-513
-888,-457
-976,-507
-988,-525
-936,-497
-968,-511
-940,-527
-960,-537
-996,-551
-1012,-549
-996,-535
-884,-479
-876,-471
-936,-479
-876,-437
-788,-411
-836,-407
-844,-431
-952,-475
-940,-495
-896,-493
-840,-475
-848,-483
-896,-477
-904,-481
-916,-515
-936,-507
-984,-519
-1020,-537
-936,-507
-880,-479
-844,-469
-816,-467
-864,-493
-884,-463
-880,-463
-928,-471
-972,-499
-952,-517
-920,-497
-1000,-543
-984,-537
-996,-543
-992,-523
-928,-509
-924,-503
-936,-509
-932,-505
-832,-447
-904,-477
-860,-467
-956,-511
-912,-517
-868,-489
-896,-471
-956,-511
-1052,-561
-1052,-567
-1028,-553
-988,-547
-988,-543
-860,-487
-904,-517
-932,-505
-848,-451
-824,-445
-756,-379
-760,-405
-920,-511
-896,-509
-908,-507
-936,-519
-972,-509
-916,-497
-900,-481
-808,-409
-908,-491
-944,-443
-884,-461
-912,-457
-896,-483
-932,-493
-988,-499
-976,-497
-900,-457
-896,-475
-872,-483
-916,-511
-996,-535
-924,-463
-896,-427
-860,-453
-860,-433
-876,-497
-956,-499
-1020,-543
-916,-509
-912,-511
-1008,-547
-1016,-555
-1008,-551
-1104,-587
-1036,-569
-1024,-527
-988,-521
-916,-505
-920,-481
-904,-479
-972,-529
-992,-545
-1040,-551
-932,-509
-1048,-563
-988,-527
-1024,-545
-1008,-547
-944,-517
-896,-501
-836,-493
-952,-525
-892,-493
-888,-485
-896,-489
-928,-493
-956,-483
-972,-507
-936,-499
-932,-493
-908,-467
-880,-435
-988,-501
-940,-475
-952,-461
-908,-475
-916,-465
-912,-485
-956,-503
-824,-435
-892,-465
-900,-487
-992,-507
-964,-515
-988,-527
-976,-517
-956,-501
-892,-475
-924,-493
-932,-489
-920,-511
-932,-517
-968,-543
-868,-493
-904,-485
-984,-529
-940,-527
-1012,-551
-972,-543
-980,-511
-976,-527
-960,-507
-1000,-545
-892,-491
-820,-435
-908,-451
-888,-463
-956,-505
-896,-465
-840,-385
-852,-413
-856,-391
-912,-447
-872,-459
-916,-465
-876,-437
-888,-463
-832,-439
-896,-455
-892,-479
-968,-531
-924,-515
-880,-445
-704,-339
-760,-395
-792,-403
-824,-401
-828,-405
-936,-467
-940,-519
-972,-509
-964,-513
-992,-541
-944,-521
-912,-509
-796,-461
-892,-497
-876,-469
-864,-443
-836,-437
-872,-439
-856,-469
-852,-465
-944,-495
-932,-477
-864,-425
-820,-419
-832,-429
-820,-425
-776,-383
-836,-413
-936,-443
-816,-371
-780,-363
-888,-471
-988,-513
-940,-473
-880,-465
-908,-475
-884,-443
-888,-465
-812,-403
-796,-377
-896,-417
-892,-469
-852,-451
-800,-441
-872,-443
-800,-439
-792,-437
-792,-425
-784,-445
-764,-387
-832,-401
-768,-357
-860,-395
-812,-369
-888,-423
-872,-411
-892,-377
-860,-413
-876,-425
-820,-329
-820,-297
-836,-353
-908,-309
-864,-309
-832,-375
-888,-369
-900,-381
-932,-363
-844,-303
-780,-227
-736,-259
-800,-243
-840,-207
-760,-71
-732,-73
-776,-131
-864,-139
-804,-125
-752,-99
-748,-153
-836,-141
-840,-171
-852,-133
-840,-121
-748,-103
-704,-129
-740,-123
-684,-101
-704,-175
-736,-283
-744,-345
-764,-263
-728,-267
-748,-295
-712,-249
-788,-253
-792,-253
-804,-313
-788,-267
-776,-225
-820,-185
-796,-233
-848,-281
-912,-345
-844,-279
-772,-253
-776,-251
-796,-299
-840,-327
-784,-307
-824,-329
-856,-403
-908,-403
-816,-351
-860,-379
-824,-377
-808,-353
-744,-347
-864,-357
-820,-309
-832,-353
-760,-349
-748,-365
-908,-395
-848,-347
-844,-317
-832,-331
-800,-319
-764,-279
-808,-299
-820,-317
-832,-283
-864,-363
-936,-473
-824,-445
-904,-483
-860,-473
-916,-499
-920,-495
-976,-521
-884,-499
-908,-505
-964,-515
-940,-507
-872,-483
-936,-511
-980,-537
-896,-481
-960,-521
-920,-481
-896,-465
-880,-477
-916,-453
-888,-441
-840,-353
-808,-325
-792,-319
-828,-291
-784,-257
-792,-281
-824,-291
-828,-283
-836,-235
-788,-255
-856,-263
-784,-223
-732,-175
-708,-121
-748,-139
-756,-31
-796,-67
-788,-39
-720,1
-692,-49
-712,-133
-672,-169
-656,-97
-720,-131
-728,-149
-776,-183
-800,-223
-724,-241
-704,-259
-748,-299
-824,-357
-840,-299
-860,-297
-840,-325
-828,-355
-788,-307
-728,-231
-768,-259
-796,-237
-700,-143
-708,-215
-720,-257
-740,-189
-728,-167
-688,-189
-684,-227
-760,-203
-808,-295
-868,-349
-816,-347
-816,-319
-812,-313
-828,-347
-868,-339
-892,-357
-840,-337
-780,-319
-844,-311
-808,-277
-712,-269
-764,-295
-796,-341
-824,-365
-760,-341
-780,-367
-812,-357
-916,-441
-884,-495
-956,-507
-876,-475
-936,-505
-940,-513
-948,-503
-1004,-527
-1008,-549
-964,-513
-940,-503
-968,-515
-988,-521
-996,-549
-976,-535
-980,-517
-944,-533
-904,-509
-936,-505
-916,-487
-936,-513
-892,-483
-908,-495
-908,-475
-844,-445
-832,-447
-832,-427
-852,-433
-896,-417
-880,-407
-812,-351
-772,-379
-884,-453
-848,-457
-896,-479
-956,-517
-924,-527
-928,-531
-964,-541
-932,-507
-932,-523
-844,-451
-884,-445
-920,-487
-904,-467
-928,-491
-952,-499
-932,-503
-996,-541
-1024,-561
-1016,-545
-1008,-535
-936,-493
-976,-495
-960,-529
-908,-485
-1080,-577
-1000,-541
-972,-505
-920,-489
-944,-527
-972,-537
-936,-511
-936,-507
-928,-505
-920,-517
-968,-509
-920,-469
-848,-453
-912,-503
-972,-521
-920,-483
-936,-497
-916,-489
-960,-523
-1008,-541
-1032,-561
-1040,-561
-1032,-563
-1016,-555
-1016,-543
-1076,-563
-1044,-563
-908,-483
-908,-489
-916,-511
-984,-539
-984,-519
-920,-481
-956,-517
-968,-525
-936,-513
-952,-511
-936,-513
-872,-457
-932,-493
-884,-495
-872,-469
-856,-465
-904,-497
-880,-481
-960,-529
-900,-493
-908,-513
-920,-507
-952,-511
-868,-465
-928,-483
-892,-467
-900,-475
-920,-431
-896,-425
-832,-405
-868,-429
-992,-501
-960,-463
-944,-495
-964,-505
-960,-477
-820,-435
-984,-521
-992,-529
-984,-541
-1000,-533
-960,-533
-980,-543
-1008,-555
-992,-545
-1008,-539
-968,-523
-832,-453
-908,-457
-904,-479
-820,-437
-776,-417
-864,-429
-828,-445
-880,-401
-860,-401
-928,-413
-868,-375
-784,-299
-716,-279
-692,-227
-772,-183
-772,-127
-776,-85
-792,-5
-748,39
-836,119
-832,103
-856,117
-768,55
-712,77
-668,63
-724,19
-684,-39
-716,21
-724,123
-724,97
-712,101
-712,155
-688,79
-724,73
-736,67
-784,111
-652,69
-672,-21
-708,-33
-744,-61
-732,-71
-704,-15
-700,15
-752,-5
-780,-3
-848,-45
-808,-17
-788,-85
-804,-67
-764,21
-712,55
-736,129
-796,107
-832,75
-736,83
-752,67
-760,43
-856,-9
-796,29
-764,13
-740,43
-692,59
-748,105
-732,149
-724,139
-732,189
-740,259
-780,253
-752,271
-768,291
-804,277
-864,325
-856,329
-848,365
-772,339
-784,363
-840,335
-836,345
-824,297
-852,293
-892,295
-780,293
-808,325
-824,355
-772,361
-816,445
-916,503
-860,481
-936,533
-968,519
-880,449
-860,445
-876,441
-772,423
-832,445
-844,449
-952,507
-860,451
-860,467
-908,471
-912,505
-852,461
-828,479
-976,523
-980,521
-896,465
-872,455
-868,375
-880,427
-824,369
-884,397
-828,369
-800,363
-808,353
-812,257
-748,231
-704,191
-804,241
-712,155
-760,171
-700,253
-720,269
-836,349
-904,405
-804,343
-828,285
-800,285
-728,255
-832,357
-860,375
-764,327
-796,353
-828,371
-816,415
-828,401
-796,365
-764,313
-824,287
-796,269
-852,349
-808,377
-724,331
-784,307
-852,351
-836,377
-800,371
-880,407
-828,417
-868,415
-916,429
-824,431
-880,447
-868,449
-872,451
-868,467
-840,413
-908,451
-940,447
-924,417
-864,461
-952,513
-948,483
-936,469
-940,477
-836,391
-824,377
-844,371
-848,397
-828,413
-872,463
-912,467
-844,441
-816,407
-812,409
-864,417
-856,407
-824,411
-792,371
-848,391
-848,399
-856,415
-868,391
-764,365
-752,331
-744,323
-868,305
-756,275
-828,341
-852,365
-892,419
-756,329
-688,293
-712,295
-792,287
-812,291
-768,271
-876,269
-824,285
-824,257
-844,321
-800,357
-756,307
-740,327
-888,373
-816,303
-784,179
-700,53
-684,33
-788,113
-744,141
-764,85
-876,115
-832,153
-816,133
-880,111
-856,97
-824,81
-836,97
-812,105
-832,97
-856,121
-804,117
-796,77
-828,61
-828,67
-872,45
-764,39
-708,27
-768,169
-752,253
-744,265
-784,301
-744,225
-848,241
-840,231
-856,245
-844,217
-852,215
-824,275
-772,241
-860,221
-832,277
-800,213
-724,201
-724,203
-744,197
-776,183
-836,233
-752,279
-736,297
-756,271
-848,347
-808,347
-856,405
-844,421
-868,439
-952,505
-1032,549
-1044,561
-1024,551
-1004,527
-920,497
-876,497
-892,477
-832,421
-892,459
-852,427
-940,495
-920,483
-936,489
-840,423
-932,461
-880,431
-872,469
-876,479
-912,495
-956,529
-1020,551
-944,501
-952,499
-892,423
-916,433
-804,387
-820,371
-804,385
-792,317
-852,305
-884,305
-872,311
-868,325
-864,341
-884,365
-868,365
-840,345
-884,427
-808,419
-816,433
-844,411
-760,391
-816,391
-804,375
-916,369
-840,363
-864,403
-892,435
-812,425
-892,453
-920,497
-940,495
-920,489
-900,467
-856,457
-868,477
-964,505
-900,487
-880,457
-816,457
-928,511
-892,459
-956,499
-928,477
-864,457
-864,447
-876,477
-860,479
-892,491
-928,499
-984,511
-872,455
-828,423
-900,489
-916,481
-864,451
-924,497
-884,477
-872,455
-860,435
-764,353
-780,347
-884,373
-812,363
-852,421
-852,439
-840,413
-944,509
-868,479
-860,467
-924,501
-968,519
-916,493
-896,493
-1004,547
-1016,545
-904,471
-856,453
-948,491
-904,443
-840,415
-836,385
-916,445
-864,471
-956,505
-976,517
-908,495
-824,465
-844,447
-864,473
-864,457
-860,461
-864,477
-952,529
-952,527
-968,525
-944,517
-936,439
-916,469
-944,485
-900,495
-940,515
-976,521
-980,523
-968,519
-948,521
-884,487
-856,477
-896,507
-972,517
-1004,535
-1020,531
-968,489
-1032,553
-876,473
-892,469
-916,481
-860,451
-896,465
-912,455
-868,449
-952,497
-980,511
-932,473
-960,501
-904,509
-888,513
-912,503
-852,473
-1000,551
-988,537
-892,487
-960,515
-944,511
-892,491
-788,385
-792,385
-832,427
-904,459
-820,429
-924,455
-968,517
-928,495
-868,483
-904,483
-860,459
-908,481
-872,473
-900,471
-868,439
-872,475
-884,483
-892,497
-888,499
-880,451
-840,443
-836,413
-856,427
-860,433
-840,405
-824,371
-928,445
-888,463
-912,451
-936,495
-916,485
-948,487
-856,431
-816,401
-808,381
-752,349
-812,373
-724,347
-808,391
-772,423
-800,427
-820,471
-904,469
-868,457
-936,491
-956,509
-880,485
-940,503
-924,477
-864,469
-888,487
-924,511
-944,527
-932,515
-992,525
-944,511
-964,519
-960,503
-888,457
-940,445
-956,513
-948,499
-912,491
-936,519
-964,525
-940,505
-912,467
-896,473
-936,499
-936,521
-888,465
-904,481
-964,529
-1016,535
-976,529
-896,479
-828,445
-828,431
-856,435
-844,445
-880,453
-836,427
-820,383
-872,393
-904,437
-952,485
-1004,497
-1020,511
-960,505
-956,523
-928,519
-904,487
-1004,539
-984,539
-1016,559
-988,547
-924,517
-1008,543
-932,519
-976,521
-900,491
-916,447
-900,427
-872,369
-908,307
-828,377
-796,361
-812,337
-824,345
-724,317
-744,345
-792,337
-868,421
-916,431
-856,441
-780,373
-896,487
-884,473
-932,507
-948,491
-936,495
-912,491
-888,487
-908,491
-924,517
-960,523
-908,499
-940,499
-892,469
-896,487
-956,527
-824,473
-824,447
-896,489
-960,483
-984,487
-928,433
-864,431
-840,423
-844,403
-880,377
-880,397
-928,421
-960,411
-936,403
-872,427
-868,413
-856,395
-824,401
-960,477
-1000,519
-940,477
-988,481
-884,437
-920,461
-884,439
-904,419
-848,421
-900,451
-892,473
-848,463
-820,451
-868,433
-924,471
-928,459
-948,505
-984,489
-888,443
-880,453
-896,457
-896,455
-916,503
-908,491
-860,477
-920,497
-972,537
-988,539
-1044,551
-980,545
-936,513
-988,545
-1032,553
-944,515
-928,509
-996,517
-860,413
-904,459
-944,453
-928,461
-876,429
-860,421
-860,433
-808,407
-840,413
-880,397
-740,305
-784,287
-740,249
-732,273
-872,365
-788,351
-808,411
-864,417
-940,445
-912,459
-944,487
-932,475
-924,445
-884,433
-892,477
-876,467
-952,505
-908,495
-872,471
-976,505
-892,495
-900,489
-864,457
-836,419
-880,409
-820,401
-748,367
-744,363
-716,287
-748,291
-820,313
-804,333
-868,401
-824,437
-788,427
-896,469
-928,469
-860,469
-876,499
-928,515
-908,487
-864,459
-948,525
-996,543
-992,507
-940,497
-964,537
-1000,539
-960,521
-948,493
-864,449
-872,465
-884,493
-920,497
-844,465
-884,471
-924,457
-936,467
-948,391
-876,383
-900,343
-852,317
-776,325
-756,307
-808,363
-840,379
-864,395
-764,307
-880,357
-868,325
-844,323
-848,403
-856,401
-840,437
-800,381
-844,415
-812,427
-852,433
-836,421
-848,427
-840,425
-860,441
-932,477
-844,445
-884,481
-928,507
-928,515
-984,537
-964,517
-988,533
-852,481
-888,511
-1036,539
-1012,503
-956,477
-908,447
-932,449
-912,471
-936,519
-880,489
-924,505
-904,501
-896,475
-824,467
-892,463
-884,463
-908,477
-900,489
-916,469
-860,463
-856,447
-828,467
-856,443
-908,443
-888,407
-892,365
-904,395
-876,349
-876,345
-816,291
-760,261
-852,361
-888,395
-916,433
-860,437
-868,461
-900,477
-848,431
-924,475
-924,499
-1012,547
-988,541
-1060,569
-956,507
-928,497
-880,451
-868,461
-888,463
-932,489
-948,473
-916,487
-1016,537
-1032,557
-1012,533
-1048,555
-1016,545
-964,527
-1012,539
-984,513
-984,525
-928,517
-908,493
-828,445
-856,433
-956,493
-816,445
-920,441
-824,417
-916,451
-860,405
-796,333
-880,391
-860,371
-876,345
-816,317
-824,359
-876,389
-848,423
-900,491
-944,517
-908,521
-868,485
-912,471
-992,537
-960,511
-840,455
-788,427
-876,449
-936,423
-864,387
-800,365
-800,377
-880,447
-836,447
-892,483
-876,447
-884,475
-892,491
-956,467
-856,401
-788,403
-952,459
-804,371
-856,393
-828,459
-936,477
-944,493
-876,485
-924,497
-968,509
-948,493
-912,489
-956,513
-852,485
-868,495
-856,461
-848,447
-908,493
-920,491
-936,485
-876,471
-780,391
-796,353
-792,301
-764,231
-760,185
-788,151
-784,133
-788,77
-740,5
-728,-65
-832,-31
-780,-5
-748,-27
-884,-17
-804,3
-752,19
-688,39
-672,77
-688,77
-804,-63
-752,-129
-732,-199
-728,-173
-768,-173
-800,-243
-768,-209
-760,-235
-792,-251
-760,-263
-776,-285
-832,-305
-844,-335
-832,-369
-776,-353
-780,-357
-884,-407
-896,-445
-860,-423
-928,-441
-856,-451
-980,-523
-908,-491
-904,-497
-856,-431
-888,-417
-896,-407
-856,-347
-836,-335
-896,-393
-840,-357
-848,-341
-824,-335
-792,-373
-860,-421
-916,-445
-876,-469
-940,-523
-976,-535
-984,-539
-996,-547
-944,-503
-900,-457
-876,-447
-904,-455
-944,-483
-828,-443
-852,-487
-860,-443
-756,-385
-864,-437
-864,-407
-936,-437
-864,-405
-896,-403
-784,-373
-892,-335
-840,-331
-744,-309
-760,-331
-796,-351
-768,-355
-764,-397
-840,-439
-912,-479
-952,-511
-944,-497
-928,-495
-908,-471
-972,-495
-944,-485
-888,-449
-892,-451
-852,-407
-888,-431
-828,-411
-808,-413
-896,-485
-908,-489
-880,-429
-880,-375
-888,-301
-836,-325
-872,-393
-804,-363
-820,-377
-844,-457
-880,-493
-908,-505
-928,-491
-912,-509
-884,-485
-912,-479
-876,-481
-988,-537
-964,-529
-960,-523
-972,-533
-1032,-535
-1044,-531
-1028,-545
-944,-471
-872,-451
-864,-461
-880,-465
-944,-487
-940,-467
-916,-489
-904,-487
-1036,-541
-924,-505
-904,-507
-900,-469
-888,-435
-912,-463
-976,-495
-952,-473
-864,-439
-852,-435
-920,-485
-828,-455
-892,-471
-852,-467
-908,-485
-1004,-543
-912,-513
-1000,-539
-976,-517
-912,-483
-928,-493
-952,-493
-1028,-537
-916,-487
-848,-411
-892,-475
-968,-505
-932,-511
-1040,-563
-988,-521
-940,-517
-968,-521
-1040,-561
-1008,-543
-1012,-553
-984,-549
-916,-517
-1008,-547
-1040,-549
-1040,-549
-972,-543
-948,-513
-992,-551
-956,-525
-968,-525
-964,-513
-900,-475
-816,-477
-940,-475
-812,-441
-820,-443
-924,-501
-960,-501
-900,-459
-888,-461
-880,-473
-908,-481
-840,-455
-852,-449
-912,-489
-948,-515
-944,-475
-936,-483
-992,-537
-972,-531
-976,-537
-932,-511
-936,-495
-912,-477
-912,-439
-900,-443
-840,-415
-824,-447
-772,-375
-716,-367
-788,-427
-796,-445
-908,-459
-824,-389
-732,-295
-788,-321
-772,-319
-724,-309
-836,-341
-876,-379
-880,-385
-912,-413
-908,-379
-856,-375
-792,-319
-808,-279
-756,-195
-792,-183
-784,-101
-804,-121
-784,-125
-808,-139
-896,-113
-828,-107
-880,-123
-840,-125
-836,-189
-856,-223
-888,-235
-840,-241
-820,-287
-772,-271
-760,-307
-832,-331
-820,-345
-880,-365
-792,-337
-784,-327
-792,-337
-736,-247
-772,-319
-864,-343
-832,-335
-844,-409
-904,-475
-912,-489
-892,-483
-920,-479
-852,-467
-884,-469
-944,-511
-972,-535
-964,-535
-928,-489
-876,-417
-816,-451
-924,-489
-924,-489
-876,-485
-856,-469
-844,-375
-876,-425
-892,-439
-880,-487
-948,-515
-984,-539
-904,-501
-956,-517
-924,-509
-940,-485
-928,-451
-872,-415
-908,-463
-892,-389
-892,-381
-900,-351
-892,-361
-812,-397
-808,-409
-824,-441
-832,-433
-868,-467
-932,-509
-960,-515
-848,-429
-876,-481
-836,-461
-924,-483
-824,-413
-812,-401
-816,-421
-796,-359
-880,-421
-900,-391
-860,-395
-884,-347
-840,-311
-864,-349
-776,-359
-796,-369
-764,-317
-728,-345
-828,-465
-852,-447
-856,-397
-908,-431
-840,-371
-868,-421
-924,-461
-824,-419
-932,-495
-912,-461
-868,-473
-928,-499
-964,-523
-1068,-565
-968,-521
-904,-479
-864,-449
-844,-421
-832,-431
-856,-451
-888,-471
-880,-467
-924,-489
-852,-435
-964,-433
-928,-429
-928,-409
-928,-427
-872,-427
-808,-393
-864,-419
-920,-455
-860,-435
-856,-391
-944,-489
-924,-489
-820,-417
-880,-469
-932,-501
-888,-479
-896,-467
-920,-485
-876,-441
-964,-497
-972,-507
-996,-541
-1044,-563
-948,-517
-944,-511
-908,-473
-936,-513
-988,-545
-980,-541
-952,-521
-956,-475
-916,-461
-904,-425
-916,-429
-868,-405
-912,-431
-864,-447
-844,-471
-896,-461
-828,-429
-856,-433
-820,-405
-852,-407
-816,-329
-824,-417
-984,-529
-940,-521
-936,-525
-944,-537
-896,-515
-896,-499
-972,-521
-952,-505
-912,-497
-932,-511
-944,-485
-856,-467
-932,-505
-984,-537
-932,-521
-1024,-551
-1004,-541
-1020,-553
-956,-523
-1032,-535
-1012,-515
-964,-523
-980,-527
-988,-511
-1044,-547
-1004,-535
-996,-541
-920,-501
-872,-469
-792,-411
-804,-379
-816,-375
-808,-347
-796,-367
-784,-381
-788,-297
-812,-291
-852,-307
-856,-285
-868,-307
-908,-309
-852,-287
-844,-327
-868,-289
-912,-321
-888,-323
-836,-293
-864,-339
-840,-317
-888,-287
-756,-223
-808,-243
-856,-307
-792,-311
-740,-171
-748,-163
-800,-245
-784,-287
-820,-325
-900,-369
-908,-389
-852,-427
-852,-407
-824,-407
-864,-397
-908,-443
-932,-451
-888,-451
-888,-453
-832,-449
-872,-475
-888,-495
-868,-477
-880,-487
-852,-453
-840,-483
-896,-507
-984,-533
-980,-547
-1012,-559
-968,-541
-1012,-537
-1000,-535
-944,-521
-956,-527
-984,-529
-868,-465
-888,-469
-976,-501
-952,-521
-984,-517
-860,-435
-972,-523
-980,-521
-880,-483
-936,-491
-928,-493
-968,-525
-856,-453
-804,-439
-792,-439
-960,-517
-940,-509
-960,-533
-960,-537
-1004,-511
-940,-507
-860,-451
-888,-481
-840,-447
-792,-437
-888,-495
-960,-507
-944,-501
-956,-523
-948,-529
-972,-529
-936,-517
-876,-495
-972,-513
-928,-497
-932,-501
-956,-535
-856,-471
-872,-437
-924,-479
-892,-489
-968,-527
-964,-511
-1016,-533
-972,-535
-1016,-551
-1040,-549
-952,-493
-992,-527
-956,-513
-924,-451
-892,-427
-848,-425
-864,-445
-932,-457
-940,-511
-928,-511
-992,-547
-1032,-561
-1008,-543
-944,-515
-880,-481
-908,-479
-924,-485
-960,-479
-876,-481
-984,-519
-960,-511
-860,-489
-932,-527
-824,-475
-916,-485
-904,-469
-860,-449
-916,-471
-900,-479
-848,-453
-888,-441
-884,-451
-864,-441
-876,-435
-968,-517
-948,-517
-932,-507
-916,-497
-944,-513
-984,-541
-928,-497
-904,-493
-840,-467
-856,-463
-892,-461
-884,-479
-864,-435
-840,-451
-936,-473
-896,-477
-852,-439
-852,-383
-808,-357
-884,-393
-920,-425
-920,-497
-884,-493
-872,-469
-880,-479
-860,-465
-852,-443
-848,-469
-880,-467
-932,-473
-896,-483
-964,-507
-960,-497
-964,-485
-912,-483
-960,-523
-936,-527
-912,-513
-884,-499
-944,-531
-944,-515
-932,-521
-948,-509
-1000,-543
-1044,-553
-1000,-521
-972,-503
-912,-469
-928,-479
-872,-455
-912,-461
-876,-443
-904,-485
-956,-509
-1012,-523
-944,-503
-968,-483
-896,-453
-996,-485
-980,-485
-884,-437
-968,-491
-1016,-503
-1064,-543
-1048,-531
-1088,-581
-988,-541
-1008,-553
-968,-531
-948,-519
-968,-519
-884,-485
-844,-461
-892,-465
-928,-471
-864,-441
-816,-415
-848,-405
-864,-407
-912,-347
-812,-305
-784,-231
-764,-115
-748,-55
-768,-141
-792,-231
-800,-201
-784,-165
-772,-171
-808,-127
-828,-79
-804,-115
-796,-143
-816,-117
-864,-153
-848,-131
-816,-107
-880,-123
-820,-173
-764,-157
-780,-201
-824,-147
-792,-127
-768,-125
-824,-135
-864,-193
-844,-257
-900,-289
-880,-257
-796,-263
-768,-223
-756,-195
-820,-261
-880,-315
-832,-277
-860,-321
-924,-361
-804,-283
-776,-223
-720,-179
-724,-193
-772,-145
-664,-129
-720,-123
-760,-73
-784,-37
-728,-59
-756,-65
-764,-5
-720,29
-748,145
-740,73
-696,51
-728,89
-748,57
-832,-17
-772,-49
-864,-51
-792,-141
-820,-119
-752,-85
-740,-77
-744,-111
-764,-69
-780,-81
-820,-89
-808,-91
-760,-103
-788,-79
-736,-103
-844,-41
-836,-61
-824,-73
-776,-75
-844,-109
-848,-105
-820,-39
-828,-21
-736,-23
-720,-103
-784,-157
-796,-175
-816,-239
-764,-187
-840,-185
-860,-217
-816,-247
-812,-249
-820,-267
-756,-241
-876,-319
-820,-337
-836,-333
-880,-325
-812,-277
-820,-237
-788,-221
-744,-205
-776,-209
-832,-265
-780,-251
-856,-253
-916,-275
-908,-279
-860,-231
-864,-257
-784,-199
-784,-197
-828,-279
-852,-209
-796,-173
-800,-199
-772,-227
-832,-209
-732,-201
-788,-227
-692,-121
-780,-179
-784,-97
-716,-147
-740,-249
-728,-173
-664,-99
-796,-151
-832,-155
-808,-237
-792,-287
-804,-247
-864,-237
-752,-139
-688,-29
-764,11
-740,13
-720,-35
-748,-39
-736,5
-792,53
-784,101
-780,-1
-788,-41
-728,-49
-660,-3
-764,31
-676,19
-776,93
-800,137
-772,157
-820,139
-800,73
-784,11
-728,9
-692,-19
-744,-11
-692,31
-696,23
-704,25
-792,19
-760,21
-836,-3
-828,-15
-792,51
-768,127
-824,17
-780,23
-748,9
-812,-15
-816,-41
-844,-39
-784,-53
-796,-101
-772,-155
-764,-123
-768,-115
-784,-97
-752,-91
-748,-147
-856,-187
-916,-177
-860,-163
-916,-113
-804,-123
-784,-81
-820,-109
-788,-113
-820,-65
-784,-61
-796,-143
-756,-145
-756,-137
-780,-189
-816,-179
-844,-181
-700,-119
-760,-131
-748,-187
-736,-173
-656,-123
-724,-183
-704,-263
-840,-317
-848,-317
-784,-303
-852,-401
-840,-397
-880,-427
-880,-439
-872,-461
-896,-467
-836,-439
-828,-463
-916,-499
-1008,-541
-1000,-539
-980,-535
-976,-529
-940,-503
-924,-493
-876,-443
-932,-511
-892,-493
-848,-475
-864,-457
-956,-493
-912,-457
-940,-479
-904,-473
-940,-507
-1008,-547
-932,-513
-976,-535
-928,-505
-956,-523
-984,-523
-960,-515
-972,-529
-992,-543
-1000,-539
-968,-535
-860,-475
-992,-515
-904,-509
-920,-515
-900,-501
-896,-485
-936,-501
-924,-489
-928,-525
-900,-501
-928,-505
-1004,-531
-956,-497
-908,-491
-892,-499
-956,-529
-996,-541
-912,-509
-872,-491
-904,-503
-884,-475
-840,-475
-924,-487
-848,-453
-912,-485
-912,-487
-936,-487
-916,-451
-908,-453
-932,-471
-932,-479
-884,-429
-928,-425
-796,-341
-808,-405
-804,-391
-804,-397
-792,-369
-824,-363
-824,-409
-876,-411
-896,-449
-844,-439
-868,-445
-864,-435
-896,-437
-980,-483
-956,-457
-928,-421
-820,-371
-824,-399
-860,-417
-868,-459
-900,-471
-908,-481
-936,-497
-936,-505
-996,-529
-984,-535
-944,-503
-868,-457
-928,-489
-924,-473
-964,-503
-1000,-519
-968,-521
-924,-517
-904,-495
-876,-481
-916,-467
-904,-493
-896,-473
-848,-407
-800,-369
-940,-491
-988,-507
-972,-505
-932,-517
-1012,-545
-952,-521
-996,-535
-908,-497
-860,-463
-824,-453
-824,-435
-920,-487
-832,-413
-808,-391
-880,-407
-836,-399
-896,-447
-896,-435
-904,-441
-856,-405
-880,-419
-852,-361
-916,-395
-948,-441
-912,-423
-816,-419
-844,-411
-868,-397
-876,-351
-900,-327
-836,-333
-792,-291
-808,-371
-780,-359
-848,-351
-888,-379
-852,-317
-844,-367
-888,-417
-944,-455
-964,-461
-892,-433
-820,-399
-932,-425
-1016,-453
-948,-437
-948,-441
-840,-393
-808,-369
-916,-409
-880,-403
-856,-381
-892,-429
-884,-457
-920,-477
-908,-491
-964,-521
-936,-525
-988,-541
-864,-475
-904,-491
-904,-499
-1000,-517
-968,-511
-1012,-541
-980,-529
-976,-529
-980,-533
-956,-527
-952,-517
-928,-493
-892,-493
-940,-521
-936,-507
-952,-525
-900,-469
-904,-459
-876,-447
-776,-403
-800,-391
-816,-401
-876,-445
-840,-335
-788,-343
-760,-355
-796,-407
-844,-435
-892,-401
-824,-375
-940,-471
-840,-409
-856,-403
-816,-377
-768,-323
-812,-343
-880,-407
-852,-313
-800,-353
-860,-391
-824,-385
-816,-425
-844,-417
-864,-433
-932,-475
-936,-481
-876,-475
-920,-471
-872,-435
-916,-493
-976,-503
-912,-483
-856,-493
-1000,-539
-920,-491
-996,-507
-932,-475
-876,-425
-868,-393
-852,-397
-940,-415
-916,-431
-864,-387
-868,-349
-892,-375
-852,-389
-864,-397
-836,-371
-896,-379
-896,-405
-864,-377
-832,-413
-804,-393
-860,-477
-872,-467
-888,-467
-816,-419
-872,-421
-800,-397
-832,-427
-896,-465
-960,-507
-852,-443
-888,-461
-840,-413
-852,-417
-844,-393
-836,-419
-900,-429
-928,-437
-828,-313
-864,-347
-812,-385
-864,-421
-860,-411
-868,-409
-832,-355
-804,-341
-748,-365
-888,-443
-824,-401
-848,-365
-844,-401
-800,-383
-876,-367
-880,-353
-880,-299
-884,-335
-868,-341
-912,-333
-888,-321
-820,-291
-776,-275
-788,-307
-856,-297
-796,-225
-772,-177
-776,-227
-776,-145
-752,-151
-716,-167
-740,-119
-700,-83
-788,-87
-816,-33
-780,-79
-832,-171
-772,-123
-828,-97
-880,-21
-828,-3
-796,69
-808,131
-812,169
-832,171
-792,97
-804,139
-732,93
-748,121
-796,151
-776,277
-812,307
-808,301
-816,257
-772,235
-816,251
-724,269
-776,319
-848,313
-836,337
-844,345
-820,361
-884,409
-836,405
-872,361
-800,301
-792,335
-868,365
-880,373
-924,433
-960,465
-824,377
-912,389
-812,285
-732,205
-784,131
-788,137
-808,111
-800,91
-808,133
-812,179
-728,135
-712,173
-752,157
-840,221
-748,171
-792,231
-760,211
-720,245
-748,203
-792,237
-708,227
-720,223
-616,167
-680,207
-732,297
-792,305
-876,341
-868,345
-892,341
-808,241
-824,235
-884,303
-856,323
-824,353
-812,427
-804,429
-868,427
-864,411
-804,369
-844,395
-820,403
-760,409
-776,445
-820,461
-804,389
-896,483
-952,511
-928,505
-900,487
-1004,527
-956,507
-944,503
-904,471
-920,487
-876,479
-920,507
-940,521
-972,543
-976,533
-892,489
-996,535
-968,515
-876,481
-924,515
-980,533
-924,509
-912,481
-892,475
-952,519
-916,513
-988,531
-928,513
-960,517
-904,493
-996,527
-968,509
-912,461
-968,503
-892,473
-896,489
-868,475
-824,433
-776,369
-824,363
-836,411
-828,431
-924,467
-980,495
-908,479
-900,493
-960,525
-948,507
-936,507
-888,493
-936,509
-888,471
-812,455
-784,441
-920,505
-900,483
-964,507
-940,483
-856,423
-860,425
-812,419
-836,439
-872,441
-924,467
-860,421
-876,441
-956,497
-960,501
-968,493
-964,509
-996,523
-1036,557
-948,525
-952,529
-900,497
-840,475
-904,483
-948,521
-944,529
-944,529
-988,529
-944,491
-948,485
-908,473
-872,445
-844,425
-756,355
-804,389
-848,421
-836,425
-892,417
-848,347
-836,329
-868,395
-868,397
-848,415
-856,463
-928,513
-936,509
-912,499
-912,477
-844,445
-836,461
-920,517
-920,485
-932,477
-920,453
-948,439
-992,399
-900,367
-872,341
-888,361
-836,395
-840,397
-868,449
-892,465
-864,443
-940,501
-960,509
-940,493
-1004,529
-948,511
-984,511
-948,507
-864,443
-872,435
-864,413
-868,433
-900,475
-900,415
-908,405
-892,397
-752,313
-812,363
-784,343
-740,285
-736,237
-748,253
-820,279
-796,183
-840,117
-892,21
-792,-47
-844,-49
-836,117
-800,143
-788,143
-712,39
-764,57
-808,81
-760,127
-788,113
-804,105
-896,137
-788,161
-776,157
-820,123
-836,69
-780,-3
-724,1
-788,57
-820,67
-716,87
-764,133
-764,95
-748,143
-800,137
-808,75
-824,79
-816,177
-852,187
-732,179
-848,263
-864,271
-748,215
-780,181
-740,231
-780,257
-772,285
-720,255
-688,211
-720,131
-672,61
-704,45
-740,43
-760,59
-780,95
-812,67
-812,51
-864,25
-860,77
-748,121
-792,135
-732,139
-724,115
-700,105
-820,63
-776,81
-764,5
-776,-21
-756,5
-680,-61
-676,-83
-748,9
-788,29
-684,69
-712,143
-676,115
-708,185
-724,179
-692,155
-708,133
-796,167
-804,239
-840,271
-820,221
-896,227
-892,259
-884,197
-804,289
-772,325
-804,361
-824,383
-852,413
-828,431
-860,455
-876,481
-780,381
-812,417
-804,435
-864,471
-920,471
-892,459
-816,413
-772,357
-900,367
-852,367
-804,343
-860,375
-864,359
-828,341
-764,357
-788,385
-800,427
-860,413
-776,345
-808,339
-852,397
-776,371
-884,433
-876,421
-836,413
-824,419
-780,415
-868,431
-912,465
-916,467
-840,387
-920,435
-880,435
-968,485
-864,369
-764,327
-788,373
-812,413
-832,457
-928,487
-860,445
-884,489
-892,485
-816,439
-844,451
-868,467
-720,343
-776,361
-836,373
-820,363
-772,339
-764,251
-728,241
-668,203
-708,203
-768,221
-800,283
-780,235
-720,159
-740,167
-724,155
-688,155
-744,173
-708,169
-684,205
-840,313
-756,251
-776,241
-760,245
-724,241
-860,389
-912,429
-876,465
-924,491
-1004,541
-960,521
-920,487
-944,483
-896,503
-932,509
-892,475
-840,453
-956,513
-964,519
-964,519
-968,545
-964,511
-908,461
-896,431
-868,407
-876,375
-928,391
-904,363
-844,361
-828,331
-896,339
-892,289
-820,305
-872,379
-896,389
-868,389
-940,437
-860,365
-900,341
-888,303
-836,231
-892,225
-788,175
-868,209
-856,229
-796,181
-740,169
-728,163
-744,197
-748,141
-756,135
-760,139
-684,161
-744,155
-736,177
-724,171
-860,267
-788,301
-796,231
-904,243
-876,273
-836,239
-856,269
-832,219
-804,271
-732,283
-828,275
-848,323
-840,255
-856,257
-820,155
-812,41
-880,47
-800,11
-760,91
-780,95
-804,47
-812,81
-816,115
-772,139
-804,201
-848,225
-872,273
-872,313
-888,293
-824,279
-772,243
-812,227
-812,217
-800,205
-760,205
-816,255
-892,361
-824,387
-792,381
-792,405
-784,393
-816,399
-848,395
-828,395
-876,427
-884,453
-880,457
-916,419
-928,399
-872,363
-868,387
-796,309
-804,335
-832,353
-756,293
-824,331
-820,309
-804,325
-808,371
-792,347
-808,329
-764,363
-792,403
-816,367
-864,327
-804,315
-796,259
-852,225
-896,185
-820,189
-776,243
-708,139
-716,217
-756,197
-712,207
-736,283
-828,365
-924,471
-824,391
-844,431
-896,455
-980,493
-888,429
-856,449
-936,467
-872,479
-948,507
-956,513
-916,511
-1008,543
-988,531
-928,507
-960,529
-940,517
-908,487
-904,487
-908,465
-1000,523
-960,501
-924,495
-956,491
-924,491
-920,505
-896,481
-908,453
-908,443
-828,383
-784,325
-792,381
-876,437
-904,497
-920,489
-972,503
-884,469
-948,487
-916,477
-936,487
-960,499
-888,489
-908,487
-900,495
-944,511
-1028,559
-952,527
-996,545
-960,529
-940,513
-972,525
-1016,555
-1036,561
-940,519
-964,521
-1000,541
-944,519
-972,509
-1020,557
-972,537
-1004,537
-956,513
-992,537
-924,487
-940,493
-1004,533
-952,529
-896,475
-868,403
-924,455
-976,491
-940,499
-912,495
-900,481
-968,473
-916,473
-884,441
-880,479
-912,483
-848,453
-848,477
-968,535
-908,519
-968,539
-1016,553
-928,495
-948,517
-976,529
-948,505
-972,517
-896,503
-832,459
-912,491
-984,535
-980,507
-920,485
-988,521
-1024,543
-1008,555
-876,499
-928,501
-936,497
-844,425
-856,403
-776,397
-788,403
-844,447
-904,453
-872,409
-832,389
-848,411
-900,447
-872,459
-952,499
-884,495
-988,517
-912,495
-856,463
-908,493
-848,451
-832,409
-796,337
-812,307
-808,359
-884,453
-872,435
-848,421
-912,461
-956,521
-924,509
-880,481
-872,465
-980,517
-920,513
-940,515
-904,483
-896,445
-904,465
-852,423
-892,447
-840,431
-852,449
-900,465
-896,467
-936,489
-984,523
-940,513
-880,497
-836,449
-848,425
-876,439
-832,419
-900,389
-892,349
-864,265
-840,291
-828,311
-860,321
-820,277
-872,363
-868,391
-872,423
-880,447
-876,447
-928,479
-928,489
-880,473
-896,463
-868,431
-840,433
-876,463
-808,357
-780,377
-788,349
-752,343
-876,425
-960,491
-924,489
-900,487
-904,503
-952,523
-928,511
-940,479
-900,445
-924,477
-1024,511
-996,487
-988,501
-932,455
-832,423
-868,405
-772,389
-760,365
-840,397
-748,377
-740,359
-748,339
-796,403
-840,419
-972,493
-900,455
-900,449
-748,409
-792,449
-780,435
-892,479
-896,425
-960,445
-860,407
-832,401
-820,389
-788,317
-784,331
-836,309
-852,333
-732,259
-828,283
-860,311
-792,335
-856,361
-844,395
-892,397
-888,411
-936,489
-968,493
-876,447
-964,521
-840,471
-908,487
-816,401
-820,401
-796,409
-860,445
-928,455
-864,461
-848,413
-916,439
-868,453
-996,471
-940,493
-944,475
-860,449
-872,455
-852,457
-824,453
-884,465
-928,481
-920,477
-912,483
-912,465
-996,509
-964,513
-956,495
-960,485
-852,425
-864,463
-932,479
-888,495
-928,499
-936,487
-892,463
-944,491
-936,457
-936,475
-944,503
-952,463
-924,477
-880,451
-868,455
-944,515
-920,509
-980,537
-1004,537
-936,459
-924,445
-880,375
-828,361
-884,405
-840,411
-848,421
-852,443
-920,465
-884,461
-908,467
-932,509
-904,509
-888,485
-912,519
-928,511
-864,489
-936,515
-872,487
-936,469
-988,511
-980,511
-928,485
-968,507
-996,531
-988,535
-888,453
-872,477
-904,507
-864,479
-924,517
-992,537
-904,501
-944,535
-1004,533
-880,487
-956,523
-952,505
-908,483
-972,497
-952,495
-968,519
-864,485
-920,507
-964,513
-952,501
-884,479
-940,519
-944,519
-900,483
-840,457
-880,487
-876,459
-956,501
-948,505
-944,479
-860,395
-836,439
-776,387
-764,409
-840,457
-796,431
-808,439
-920,457
-876,485
-920,487
-980,525
-904,505
-900,493
-904,493
-940,503
-924,501
-944,499
-964,523
-908,493
-848,459
-812,445
-828,443
-844,455
-912,473
-972,479
-1004,501
-944,499
-908,479
-880,473
-940,493
-1020,529
-1020,551
-900,515
-896,511
-936,497
-948,511
-932,507
-900,485
-876,461
-856,461
-864,437
-864,441
-836,443
-888,497
-948,491
-880,445
-956,499
-912,453
-852,423
-880,467
-852,417
-732,397
-864,457
-828,439
-912,503
-868,481
-864,479
-868,489
-920,499
-896,491
-896,479
-968,519
-932,497
-812,383
-800,321
-788,335
-784,355
-824,409
-928,487
-936,493
-892,487
-892,491
-896,499
-876,475
-900,475
-900,459
-916,487
-964,517
-932,485
-988,539
-956,525
-996,529
-960,513
-968,525
-876,447
-964,469
-948,465
-948,475
-940,471
-968,479
-884,465
-880,463
-872,455
-976,511
-860,465
-944,493
-888,505
-1012,549
-1012,553
-852,493
-832,463
-928,513
-868,451
-872,441
-780,343
-784,331
-860,387
-804,439
-868,471
-800,435
-788,391
-800,393
-860,419
-808,385
-800,401
-880,431
-948,447
-868,397
-836,373
-908,423
-856,439
-820,425
-880,461
-948,521
-956,497
-912,499
-848,469
-892,495
-932,499
-916,493
-864,481
-972,529
-972,525
-968,501
-932,455
-912,503
-900,509
-900,483
-900,467
-1000,525
-1032,555
-964,529
-900,501
-972,529
-956,515
-964,525
-932,491
-892,465
-904,445
-820,405
-856,417
-896,461
-880,465
-892,473
-984,543
-1000,547
-1020,549
-928,505
-900,487
-924,481
-972,513
-968,535
-948,519
-1004,507
-992,539
-1072,565
-1004,521
-884,455
-900,419
-848,413
-912,477
-872,493
-880,465
-852,449
-868,463
-836,435
-812,407
-776,347
-704,277
-780,275
-756,303
-764,309
-784,309
-896,311
-840,343
-808,323
-828,353
-928,399
-864,425
-904,465
-876,477
-952,503
-976,501
-908,495
-932,515
-940,509
-904,469
-932,515
-1000,531
-968,517
-984,511
-916,485
-824,423
-964,425
-920,409
-888,377
-876,369
-804,377
-868,409
-864,413
-920,403
-816,373
-884,401
-852,385
-848,425
-868,423
-940,523
-940,505
-992,483
-956,459
-928,427
-892,443
-944,471
-980,493
-984,515
-1016,537
-984,531
-928,525
-912,513
-876,455
-876,441
-872,445
-888,445
-864,405
-820,425
-864,435
-812,419
-912,443
-920,469
-924,449
-812,397
-908,465
-756,351
-720,255
-736,265
-780,281
-800,379
-772,385
-740,349
-744,281
-680,201
-704,185
-732,191
-736,225
-788,215
-748,121
-736,47
-736,17
-736,17
-752,67
-780,27
-768,-55
-776,9
-784,-37
-732,-151
-784,-195
-776,-155
-740,-147
-760,-189
-804,-229
-896,-215
-848,-195
-848,-243
-800,-243
-740,-231
-756,-225
-776,-153
-816,-157
-828,-159
-764,-169
-776,-121
-884,-257
-848,-283
-876,-315
-892,-369
-904,-351
-884,-389
-844,-367
-780,-363
-820,-399
-824,-427
-840,-379
-872,-369
-888,-347
-892,-361
-856,-385
-844,-417
-892,-417
-896,-359
-872,-361
-836,-357
-924,-427
-860,-431
-924,-459
-892,-459
-856,-441
-948,-477
-840,-423
-820,-435
-924,-483
-868,-453
-796,-433
-820,-433
-776,-405
-832,-447
-836,-445
-952,-525
-972,-529
-960,-521
-1016,-547
-924,-505
-968,-527
-968,-541
-988,-537
-1036,-557
-1000,-541
-968,-533
-908,-501
-960,-475
-808,-427
-820,-431
-856,-429
-872,-419
-912,-437
-892,-415
-904,-411
-896,-379
-872,-319
-880,-371
-824,-357
-800,-349
-792,-359
-864,-413
-896,-469
-852,-441
-860,-443
-912,-473
-940,-499
-896,-449
-848,-451
-912,-473
-940,-501
-980,-511
-980,-521
-872,-473
-976,-521
-920,-489
-944,-485
-856,-427
-848,-427
-916,-441
-884,-417
-800,-387
-904,-453
-932,-461
-944,-449
-904,-451
-880,-427
-872,-399
-808,-349
-892,-401
-856,-381
-908,-411
-916,-419
-892,-433
-924,-425
-860,-415
-900,-371
-832,-349
-820,-371
-800,-339
-812,-375
-812,-427
-944,-485
-948,-471
-884,-443
-884,-443
-856,-409
-856,-381
-904,-439
-892,-405
-860,-369
-836,-363
-880,-371
-932,-331
-832,-305
-800,-353
-804,-385
-828,-399
-828,-419
-884,-405
-856,-405
-828,-403
-844,-423
-840,-421
-1004,-517
-1004,-517
-944,-485
-1004,-511
-992,-535
-1048,-561
-920,-495
-988,-519
-944,-495
-960,-523
-944,-519
-928,-519
-880,-467
-864,-487
-916,-471
-844,-439
-876,-433
-800,-409
-896,-425
-904,-443
-948,-483
-900,-449
-812,-381
-804,-401
-840,-411
-792,-387
-908,-473
-896,-467
-948,-475
-820,-429
-868,-447
-832,-437
-836,-443
-892,-451
-804,-415
-796,-433
-900,-491
-988,-553
-1048,-561
-992,-545
-908,-481
-900,-463
-872,-467
-836,-473
-892,-493
-904,-485
-836,-441
-872,-445
-856,-429
-940,-517
-968,-511
-960,-517
-844,-463
-928,-495
-920,-463
-908,-489
-868,-463
-872,-457
-876,-497
-848,-459
-976,-527
-976,-543
-988,-529
-892,-507
-852,-477
-772,-369
-872,-401
-888,-367
-800,-299
-812,-353
-848,-411
-868,-443
-932,-449
-956,-473
-924,-457
-896,-499
-888,-477
-852,-483
-868,-491
-948,-527
-920,-507
-884,-485
-880,-485
-888,-479
-948,-497
-988,-511
-1012,-545
-1020,-543
-1032,-565
-1004,-541
-892,-467
-768,-401
-880,-481
-944,-511
-892,-437
-824,-409
-892,-425
-932,-449
-900,-413
-904,-451
-944,-475
-884,-447
-900,-479
-932,-501
-872,-463
-820,-453
-792,-439
-936,-489
-856,-469
-856,-457
-920,-487
-852,-461
-932,-497
-900,-495
-888,-487
-892,-473
-956,-515
-980,-533
-920,-505
-860,-477
-884,-471
-864,-435
-880,-445
-876,-417
-880,-455
-920,-471
-892,-445
-888,-383
-820,-349
-940,-379
-892,-405
-824,-411
-896,-441
-940,-449
-892,-421
-932,-439
-940,-451
-876,-445
-912,-455
-828,-415
-856,-443
-876,-451
-880,-489
-956,-507
-948,-483
-960,-519
-992,-519
-956,-497
-916,-451
-924,-483
-928,-483
-932,-507
-856,-479
-924,-509
-960,-525
-976,-525
-956,-521
-984,-537
-1044,-541
-980,-513
-920,-503
-840,-435
-920,-445
-876,-415
-836,-419
-852,-473
-992,-543
-852,-465
-812,-393
-848,-421
-824,-349
-776,-323
-800,-361
-804,-371
-780,-361
-876,-415
-836,-419
-856,-433
-856,-403
-844,-367
-892,-415
-876,-431
-840,-429
-884,-461
-780,-419
-760,-383
-752,-347
-736,-293
-744,-283
-804,-335
-748,-311
-760,-347
-840,-369
-740,-343
-860,-411
-1000,-469
-940,-461
-948,-483
-900,-449
-960,-449
-932,-481
-916,-487
-904,-469
-912,-467
-948,-475
-896,-433
-932,-465
-928,-439
-860,-423
-788,-351
-848,-407
-888,-419
-852,-401
-828,-321
-784,-177
-732,-209
-752,-297
-812,-349
-804,-361
-832,-385
-848,-385
-964,-465
-940,-465
-884,-451
-936,-467
-852,-437
-896,-471
-836,-441
-892,-473
-888,-483
-904,-487
-924,-495
-880,-483
-904,-473
-900,-485
-800,-379
-820,-393
-936,-445
-864,-403
-808,-381
-784,-363
-848,-383
-872,-409
-952,-449
-884,-441
-888,-475
-896,-433
-884,-465
-960,-461
-828,-439
-800,-399
-812,-401
-852,-463
-916,-509
-856,-449
-796,-391
-732,-307
-688,-285
-720,-299
-704,-191
-704,-189
-784,-201
-804,-119
-704,-109
-716,-145
-672,-125
-728,-133
-768,-207
-800,-227
-804,-275
-872,-285
-808,-311
-792,-253
-776,-257
-792,-261
-716,-199
-728,-135
-744,-231
-840,-289
-824,-239
-832,-297
-856,-267
-880,-249
-836,-167
-896,-243
-876,-233
-840,-287
-872,-285
-828,-297
-780,-273
-760,-257
-704,-247
-728,-199
-800,-279
-848,-357
-944,-501
-992,-517
-928,-499
-952,-509
-940,-499
-944,-509
-900,-477
-916,-487
-940,-483
-928,-469
-900,-445
-864,-449
-880,-475
-908,-493
-916,-509
-1028,-541
-948,-485
-912,-481
-948,-501
-1008,-527
-992,-533
-1000,-517
-896,-487
-924,-501
-924,-497
-992,-551
-932,-523
-856,-483
-936,-495
-880,-433
-916,-491
-1028,-535
-960,-531
-964,-533
-928,-505
-892,-489
-972,-497
-936,-495
-920,-509
-832,-439
-864,-495
-844,-451
-892,-463
-920,-483
-920,-489
-908,-503
-880,-473
-744,-429
-864,-469
-880,-479
-856,-467
-892,-485
-920,-487
-860,-453
-912,-491
-892,-493
-840,-431
-832,-429
-904,-439
-948,-453
-888,-437
-916,-427
-916,-393
-920,-449
-948,-455
-1008,-511
-840,-467
-864,-453
-908,-467
-932,-493
-896,-473
-916,-461
-960,-499
-932,-481
-892,-461
-840,-437
-924,-451
-868,-441
-904,-453
-756,-357
-800,-331
-880,-337
-896,-421
-912,-435
-912,-447
-956,-477
-872,-437
-912,-463
-880,-453
-788,-425
-832,-457
-928,-505
-908,-489
-920,-485
-856,-443
-872,-429
-856,-415
-892,-491
-928,-489
-944,-515
-832,-453
-848,-441
-864,-425
-884,-445
-852,-413
-848,-437
-836,-423
-932,-487
-920,-495
-968,-537
-936,-471
-808,-387
-832,-429
-924,-489
-900,-469
-832,-461
-924,-509
-868,-445
-980,-481
-904,-445
-812,-399
-888,-435
-920,-483
-836,-461
-880,-485
-920,-489
-896,-479
-948,-517
-908,-481
-844,-437
-784,-357
-880,-405
-896,-403
-872,-463
-876,-461
-924,-467
-884,-431
-804,-411
-836,-433
-964,-491
-860,-453
-864,-421
-840,-387
-904,-409
-896,-361
-916,-383
-844,-317
-808,-297
-860,-399
-868,-403
-888,-477
-904,-485
-912,-455
-976,-521
-1040,-549
-968,-529
-968,-529
-980,-527
-964,-509
-928,-505
-964,-527
-960,-509
-920,-505
-940,-519
-868,-469
-892,-491
-900,-453
-844,-415
-832,-405
-816,-353
-820,-371
-868,-341
-920,-341
-920,-341
-920,-357
-784,-371
-872,-415
-896,-461
-896,-467
-964,-467
-844,-419
-848,-431
-816,-393
-816,-399
-852,-367
-784,-365
-828,-409
-816,-383
-816,-405
-812,-389
-808,-413
-932,-489
-904,-471
-928,-499
-884,-469
-840,-421
-820,-427
-844,-419
-892,-417
-736,-303
-684,-337
-896,-429
-904,-451
-920,-443
-828,-377
-880,-411
-904,-403
-936,-429
-808,-373
-796,-371
-740,-347
-848,-307
-908,-385
-912,-379
-868,-351
-864,-347
-828,-339
-848,-343
-848,-359
-892,-371
-808,-389
-760,-339
-764,-375
-892,-461
-864,-453
-928,-471
-848,-465
-792,-423
-784,-445
-784,-445
-904,-485
-912,-509
-932,-483
-952,-487
-852,-437
-868,-447
-904,-485
-892,-471
-900,-453
-892,-449
-920,-513
-940,-521
-976,-515
-900,-485
-904,-495
-900,-497
-948,-515
-888,-483
-880,-473
-912,-495
-908,-509
-960,-537
-960,-535
-932,-501
-988,-525
-908,-477
-920,-489
-968,-523
-944,-515
-996,-547
-948,-513
-1032,-547
-1028,-551
-1024,-555
-1052,-569
-1012,-523
-936,-489
-924,-463
-928,-479
-916,-453
-832,-427
-916,-487
-912,-481
-832,-425
-876,-431
-872,-445
-980,-519
-956,-531
-900,-507
-944,-515
-868,-467
-908,-451
-920,-503
-916,-511
-936,-527
-836,-471
-800,-395
-824,-395
-852,-397
-824,-409
-896,-427
-900,-437
-844,-371
-800,-351
-840,-381
-836,-315
-784,-311
-772,-265
-804,-259
-780,-197
-740,-187
-804,-167
-796,-163
-756,-245
-772,-277
-768,-289
-756,-307
-752,-319
-840,-315
-796,-299
-812,-335
-792,-373
-844,-369
-784,-329
-716,-217
-808,-393
-792,-375
-740,-359
-760,-353
-720,-331
-776,-349
-864,-435
-896,-439
-860,-439
-856,-425
-756,-329
-788,-339
-820,-391
-764,-363
-752,-379
-840,-431
-824,-445
-928,-505
-884,-455
-880,-467
-760,-415
-764,-401
-744,-385
-756,-373
-804,-403
-808,-429
-788,-385
-828,-383
-836,-415
-936,-465
-908,-455
-824,-407
-864,-411
-920,-415
-872,-435
-884,-433
-844,-415
-816,-435
-916,-479
-972,-485
-928,-483
-904,-495
-916,-495
-876,-445
-904,-447
-864,-465
-908,-459
-868,-459
-800,-373
-820,-393
-880,-419
-848,-419
-916,-485
-840,-451
-892,-437
-780,-353
-852,-327
-760,-237
-812,-225
-808,-255
-856,-299
-828,-341
-896,-385
-860,-355
-872,-329
-852,-271
-856,-271
-852,-263
-868,-275
-912,-289
-836,-241
-788,-247
-816,-263
-840,-307
-920,-321
-848,-307
-812,-311
-800,-335
-788,-335
-868,-395
-952,-411
-920,-407
-940,-377
-896,-377
-884,-401
-876,-397
-812,-321
-872,-361
-804,-359
-844,-369
-852,-375
-888,-411
-976,-477
-964,-509
-940,-505
-960,-521
-968,-523
-980,-541
-940,-517
-972,-529
-936,-507
-840,-389
-808,-425
-972,-519
-896,-509
-960,-509
-952,-513
-956,-495
-844,-415
-804,-399
-820,-437
-864,-423
-856,-395
-784,-363
-812,-337
-772,-295
-824,-325
-832,-313
-816,-335
-776,-301
-800,-285
-816,-271
-812,-315
-876,-359
-916,-381
-860,-333
-800,-317
-836,-357
-752,-325
-776,-309
-772,-243
-780,-201
-784,-155
-804,-147
-788,-203
-788,-177
-736,-133
-796,-153
-832,-219
-832,-215
-848,-197
-780,-223
-808,-215
-788,-145
-792,-119
-788,-163
-828,-193
-848,-259
-800,-223
-748,-217
-732,-207
-732,-283
-728,-283
-760,-259
-856,-327
-832,-337
-832,-401
-964,-475
-968,-505
-896,-455
-852,-451
-800,-399
-816,-381
-832,-363
-772,-329
-800,-283
-812,-259
-800,-269
-860,-343
-932,-383
-892,-395
-848,-351
-856,-405
-944,-399
-912,-355
-832,-301
-868,-351
-880,-409
-908,-445
-876,-469
-944,-523
-1012,-547
-1004,-543
-840,-465
-832,-433
-928,-497
-872,-483
-956,-519
-940,-507
-900,-491
-1000,-515
-876,-445
-860,-431
-816,-405
-732,-331
-776,-337
-756,-351
-804,-341
-860,-357
-896,-415
-852,-427
-884,-417
-844,-429
-964,-497
-952,-481
-916,-455
-856,-429
-920,-481
-912,-455
-940,-487
-916,-499
-904,-479
-784,-435
-928,-507
-900,-499
-928,-511
-924,-481
-912,-455
-932,-441
-808,-409
-780,-395
-788,-407
-892,-459
-876,-481
-884,-467
-896,-459
-932,-497
-924,-483
-984,-529
-888,-481
-884,-475
-868,-487
-868,-471
-928,-509
-1056,-575
-940,-523
-860,-489
-948,-523
-940,-521
-868,-479
-884,-495
-872,-477
-840,-469
-928,-487
-944,-491
-940,-505
-1020,-531
-992,-541
-932,-507
-884,-491
-940,-509
-968,-515
-892,-489
-936,-521
-956,-521
-940,-471
-952,-459
-884,-419
-852,-399
-880,-397
-860,-381
-844,-437
-772,-417
-828,-445
-864,-459
-896,-497
-960,-529
-900,-511
-880,-479
-852,-461
-824,-421
-896,-463
-888,-487
-948,-521
-988,-551
-1048,-555
-1020,-547
-988,-533
-996,-543
-1000,-545
-996,-549
-996,-545
-952,-517
-980,-515
-940,-513
-900,-469
-804,-443
-912,-481
-944,-505
-968,-535
-956,-541
-1000,-545
-1028,-561
-940,-513
-976,-541
-1000,-539
-944,-517
-908,-489
-1004,-537
-984,-535
-924,-497
-956,-515
-908,-497
-972,-537
-988,-547
-960,-535
-916,-503
-892,-467
-952,-507
-1000,-535
-1032,-555
-1008,-539
-944,-517
-928,-505
-908,-509
-956,-515
-1016,-551
-976,-537
-904,-489
-912,-519
-928,-505
-888,-483
-908,-445
-868,-447
-980,-523
-944,-515
-924,-519
-936,-519
-860,-481
-772,-439
-860,-457
-892,-473
-924,-493
-864,-475
-936,-513
-1012,-541
-884,-479
-808,-445
-864,-481
-900,-469
-864,-441
-940,-489
-1004,-511
-924,-479
-920,-493
-904,-469
-892,-455
-968,-477
-796,-331
-780,-259
-728,-245
-772,-251
-724,-271
-764,-283
-816,-329
-888,-347
-872,-389
-788,-331
-964,-443
-908,-441
-888,-467
-876,-483
-872,-479
-880,-497
-876,-461
-884,-445
-924,-449
-840,-437
-832,-391
-804,-433
-888,-483
-852,-477
-872,-471
-848,-423
-844,-399
-816,-327
-872,-329
-772,-257
-868,-297
-816,-307
-916,-363
-888,-393
-888,-451
-968,-493
-920,-429
-900,-457
-924,-447
-860,-425
-836,-417
-776,-367
-816,-373
-840,-409
-904,-489
-960,-535
-1000,-547
-976,-517
-1000,-537
-1000,-541
-888,-463
-932,-481
-960,-513
-1000,-507
-916,-501
-976,-537
-896,-507
-896,-501
-880,-483
-908,-505
-896,-501
-940,-501
-864,-465
-916,-465
-912,-495
-908,-479
-872,-463
-868,-431
-848,-415
-864,-445
-916,-477
-928,-497
-852,-441
-948,-481
-976,-505
-992,-539
-960,-531
-980,-525
-984,-527
-984,-537
-996,-551
-952,-545
-880,-509
-860,-497
-848,-463
-940,-473
-964,-433
-912,-471
-992,-509
-964,-527
-924,-501
-964,-495
-892,-451
-884,-415
-884,-415
-932,-469
-848,-421
-904,-477
-952,-515
-932,-507
-860,-465
-856,-421
-808,-415
-872,-469
-888,-483
-912,-495
-956,-513
-932,-507
-960,-511
-1004,-541
-992,-531
-924,-487
-900,-451
-932,-477
-884,-451
-872,-409
-920,-443
-880,-477
-984,-517
-1040,-557
-912,-521
-976,-539
-1016,-545
-1036,-565
-1004,-549
-1016,-549
-1008,-545
-968,-541
-888,-489
-832,-463
-880,-459
-872,-451
-800,-387
-836,-325
-848,-395
-904,-433
-912,-451
-860,-421
-876,-445
-872,-419
-892,-445
-824,-447
-908,-467
-968,-495
-980,-505
-928,-475
-864,-451
-816,-405
-892,-381
-904,-449
-932,-455
-860,-453
-848,-475
-880,-491
-868,-471
-936,-487
-992,-531
-940,-497
-1036,-543
-944,-503
-904,-491
-968,-529
-984,-529
-912,-481
-940,-521
-884,-485
-904,-507
-924,-505
-1008,-521
-992,-525
-1012,-541
-1008,-553
-964,-519
-912,-473
-888,-453
-880,-437
-892,-461
-868,-413
-824,-369
-784,-283
-740,-249
-740,-233
-712,-239
-744,-267
-796,-301
-784,-331
-940,-371
-852,-303
-940,-309
-920,-317
-956,-313
-832,-279
-852,-305
-868,-331
-788,-291
-760,-269
-732,-177
-732,-145
-800,-169
-744,-95
-728,-115
-796,-169
-836,-179
-888,-113
-792,-113
-812,-115
-844,-75
-884,-175
-824,-165
-748,-95
-776,-99
-800,-85
-752,-87
-748,-87
-724,-55
-812,7
-744,-35
-776,-47
-748,-43
-700,-119
-752,-169
-788,-207
-780,-211
-792,-277
-772,-307
-696,-239
-816,-393
-796,-365
-864,-371
-796,-355
-824,-327
-768,-303
-792,-331
-756,-365
-752,-369
-836,-405
-820,-399
-892,-445
-888,-467
-952,-489
-1016,-533
-972,-513
-952,-523
-980,-511
-1004,-551
-976,-529
-876,-477
-944,-505
-1024,-553
-984,-539
-1024,-549
-1016,-543
-916,-519
-916,-521
-916,-519
-956,-523
-956,-521
-872,-473
-896,-501
-920,-515
-916,-503
-872,-471
-920,-495
-904,-487
-920,-495
-928,-501
-884,-453
-932,-489
-908,-497
-944,-513
-952,-519
-960,-523
-972,-537
-948,-529
-916,-511
-1036,-559
-944,-491
-1004,-529
-1020,-549
-976,-521
-932,-483
-968,-515
-980,-503
-972,-541
-864,-501
-892,-483
-852,-455
-912,-505
-896,-457
-884,-453
-948,-517
-988,-545
-1000,-527
-1032,-553
-1060,-563
-960,-533
-940,-525
-936,-505
-892,-451
-864,-419
-860,-407
-836,-369
-860,-401
-812,-371
-864,-457
-868,-427
-836,-453
-884,-483
-916,-497
-864,-475
-860,-479
-968,-519
-968,-535
-964,-511
-1056,-555
-984,-531
-992,-533
-916,-489
-832,-441
-876,-475
-860,-441
-792,-405
-856,-425
-816,-397
-848,-351
-848,-359
-868,-385
-840,-399
-872,-413
-884,-433
-952,-427
-928,-463
-980,-485
-920,-469
-880,-477
-940,-499
-864,-471
-836,-445
-864,-477
-848,-453
-896,-439
-924,-467
-936,-501
-936,-507
-852,-477
-920,-487
-972,-521
-936,-489
-840,-457
-924,-483
-876,-459
-900,-487
-860,-475
-860,-455
-872,-441
-832,-423
-744,-417
-872,-481
-808,-429
-836,-435
-872,-465
-864,-411
-800,-375
-828,-329
-792,-369
-716,-343
-716,-327
-784,-405
-808,-365
-888,-375
-896,-407
-800,-393
-772,-353
-724,-369
-808,-419
-864,-467
-892,-487
-896,-509
-824,-441
-848,-417
-840,-443
-776,-411
-872,-443
-896,-419
-864,-437
-812,-445
-864,-469
-900,-489
-916,-507
-904,-503
-960,-529
-964,-535
-956,-517
-936,-517
-904,-473
-960,-511
-932,-469
-904,-495
-924,-507
-980,-525
-980,-537
-944,-493
-1044,-549
-1000,-527
-944,-499
-856,-405
-936,-439
-992,-433
-900,-413
-888,-379
-872,-395
-808,-377
-820,-351
-852,-441
-952,-517
-892,-435
-964,-479
-920,-513
-996,-545
-1008,-557
-964,-533
-920,-515
-1040,-571
-1024,-549
-956,-489
-884,-473
-916,-465
-972,-513
-996,-537
-844,-467
-956,-517
-896,-503
-864,-453
-820,-423
-980,-501
-872,-483
-984,-533
-976,-535
-936,-489
-936,-501
-940,-489
-840,-451
-836,-395
-804,-313
-800,-387
-844,-425
-892,-457
-860,-443
-848,-433
-904,-449
-848,-447
-932,-477
-848,-433
-840,-381
-828,-407
-768,-377
-788,-353
-760,-373
-760,-371
-796,-335
-780,-371
-808,-347
-880,-329
-880,-319
-760,-297
-828,-343
-848,-367
-792,-383
-800,-361
-860,-433
-880,-431
-928,-497
-928,-501
-992,-519
-928,-505
-976,-525
-884,-483
-940,-499
-916,-453
-888,-411
-828,-393
-836,-395
-828,-403
-836,-433
-864,-425
-796,-385
-840,-379
-812,-381
-888,-479
-968,-533
-944,-527
-928,-519
-900,-477
-928,-503
-952,-521
-980,-539
-1012,-545
-932,-499
-924,-509
-880,-481
-872,-495
-948,-511
-924,-523
-960,-527
-932,-503
-948,-515
-908,-483
-828,-427
-828,-427
-948,-497
-892,-489
-912,-499
-920,-477
-888,-471
-956,-513
-1016,-539
-988,-507
-928,-499
-904,-477
-868,-443
-940,-479
-832,-431
-924,-499
-888,-497
-888,-475
-920,-501
-932,-515
-972,-531
-944,-521
-968,-515
-956,-511
-912,-495
-984,-499
-980,-533
-1016,-547
-956,-511
-856,-451
-852,-401
-852,-395
-872,-419
-912,-407
-916,-437
-920,-403
-864,-435
-872,-481
-940,-519
-996,-515
-888,-431
-856,-429
-804,-411
-912,-441
-888,-409
-880,-435
-884,-411
-924,-483
-932,-499
-912,-495
-940,-495
-924,-483
-924,-483
-912,-473
-904,-435
-800,-353
-896,-429
-904,-445
-912,-467
-844,-421
-828,-391
-756,-409
-824,-443
-916,-465
-1020,-531
-908,-507
-824,-449
-884,-479
-964,-511
-988,-517
-984,-519
-1008,-543
-972,-491
-960,-479
-916,-451
-896,-353
-884,-365
-880,-371
-804,-333
-800,-371
-744,-395
-828,-403
-908,-451
-936,-481
-964,-483
-956,-511
-880,-487
-840,-471
-840,-431
-852,-419
-864,-447
-772,-417
-836,-417
-848,-355
-692,-317
-708,-309
-816,-375
-764,-357
-864,-423
-924,-491
-1024,-539
-952,-487
-936,-485
-884,-457
-812,-429
-880,-457
-880,-465
-868,-487
-936,-491
-888,-471
-892,-433
-832,-393
-816,-401
-924,-457
-968,-507
-992,-531
-976,-525
-896,-495
-956,-521
-972,-537
-968,-533
-976,-543
-924,-505
-900,-493
-924,-499
-968,-485
-916,-443
-920,-449
-884,-359
-788,-379
-780,-385
-832,-383
-948,-433
-952,-449
-936,-483
-904,-471
-872,-445
-848,-417
-860,-435
-864,-433
-896,-477
-932,-487
-1004,-539
-948,-519
-916,-503
-908,-519
-852,-469
-956,-517
-996,-545
-976,-531
-924,-507
-868,-477
-804,-375
-768,-387
-848,-439
-804,-395
-796,-383
-888,-431
-912,-461
-932,-495
-944,-465
-896,-449
-788,-435
-856,-455
-848,-433
-924,-429
-904,-411
-916,-409
-840,-403
-816,-385
-860,-397
-900,-395
-936,-457
-916,-435
-884,-447
-936,-497
-1020,-537
-988,-523
-1000,-527
-1008,-517
-900,-469
-892,-473
-884,-475
-896,-445
-948,-455
-848,-421
-844,-397
-808,-375
-860,-407
-844,-369
-824,-345
-812,-361
-768,-341
-812,-399
-840,-387
-804,-361
-860,-405
-884,-469
-880,-445
-880,-471
-884,-485
-888,-455
-932,-493
-888,-493
-936,-501
-948,-493
-1004,-517
-968,-537
-968,-529
-984,-525
-952,-519
-896,-513
-864,-495
-948,-501
-956,-525
-1004,-541
-988,-537
-1056,-573
-1008,-553
-952,-537
-988,-549
-932,-509
-976,-541
-960,-539
-1044,-541
-972,-513
-872,-477
-880,-451
-868,-433
-876,-449
-908,-449
-812,-401
-876,-405
-884,-395
-896,-395
-864,-397
-888,-351
-932,-359
-932,-393
-904,-411
-848,-387
-860,-453
-920,-455
-940,-453
-888,-473
-912,-445
-872,-445
-928,-483
-864,-439
-872,-453
-904,-449
-876,-457
-864,-479
-880,-501
-984,-539
-996,-549
-932,-521
-956,-519
-888,-477
-864,-461
-932,-455
-892,-445
-800,-413
-840,-423
-896,-427
-912,-449
-840,-443
-844,-437
-860,-471
-844,-429
-808,-381
-872,-443
-888,-483
-924,-475
-900,-461
-912,-431
-880,-419
-932,-427
-836,-379
-900,-379
-804,-367
-836,-339
-804,-323
-884,-381
-864,-389
-860,-415
-840,-451
-952,-499
-928,-471
-968,-477
-952,-493
-940,-495
-1004,-527
-932,-525
-1016,-555
-1012,-545
-940,-501
-948,-519
-968,-515
-988,-537
-992,-543
-968,-507
-844,-439
-956,-521
-928,-481
-944,-519
-908,-465
-988,-451
-988,-435
-864,-443
-952,-523
-912,-507
-976,-543
-996,-531
-1036,-549
-960,-531
-900,-467
-976,-519
-852,-467
-968,-489
-892,-497
-932,-473
-864,-457
-920,-487
-896,-473
-952,-485
-1000,-523
-924,-497
-900,-435
-864,-419
-828,-401
-788,-407
-840,-451
-824,-443
-828,-431
-896,-427
-836,-373
-804,-369
-844,-333
-868,-357
-820,-337
-900,-411
-896,-451
-972,-503
-996,-493
-988,-505
-964,-517
-996,-537
-944,-523
-908,-503
-940,-521
-992,-547
-988,-525
-904,-473
-876,-495
-936,-511
-916,-505
-868,-465
-900,-475
-888,-449
-944,-485
-932,-477
-976,-483
-988,-501
-920,-471
-900,-461
-904,-423
-924,-413
-908,-417
-888,-387
-792,-375
-812,-359
-808,-427
-820,-445
-892,-471
-932,-493
-916,-507
-908,-505
-912,-499
-796,-417
-880,-441
-920,-487
-964,-489
-932,-489
-832,-453
-848,-451
-840,-413
-860,-433
-868,-485
-892,-475
-860,-469
-880,-453
-860,-471
-996,-537
-1016,-549
-1020,-551
-996,-549
-940,-509
-860,-479
-940,-527
-920,-491
-908,-491
-924,-505
-948,-503
-848,-465
-928,-513
-960,-517
-916,-495
-960,-521
-988,-539
-984,-543
-996,-537
-1052,-567
-972,-535
-1012,-547
-956,-527
-996,-549
-968,-535
-992,-553
-1012,-551
-936,-519
-972,-535
-980,-537
-932,-509
-1020,-543
-968,-527
-880,-497
-844,-457
-816,-483
-836,-467
-912,-483
-948,-487
-784,-421
-828,-437
-764,-415
-828,-439
-880,-449
-856,-439
-816,-389
-864,-435
-880,-417
-840,-409
-844,-393
-828,-389
-784,-371
-844,-413
-860,-447
-912,-503
-888,-465
-868,-457
-864,-459
-864,-457
-900,-491
-828,-463
-892,-477
-912,-479
-824,-411
-800,-439
-880,-499
-872,-469
-920,-487
-944,-507
-936,-509
-896,-483
-916,-455
-828,-407
-852,-413
-904,-419
-884,-435
-868,-439
-872,-415
-764,-329
-788,-371
-800,-399
-848,-417
-820,-343
-900,-395
-912,-397
-856,-375
-792,-325
-764,-289
-788,-267
-796,-277
-784,-281
-772,-321
-772,-363
-864,-421
-832,-377
-872,-401
-908,-429
-880,-425
-984,-453
-916,-443
-900,-457
-928,-489
-852,-463
-852,-459
-876,-461
-924,-425
-788,-385
-900,-475
-844,-453
-780,-407
-788,-413
-900,-487
-852,-483
-944,-519
-936,-531
-968,-533
-904,-495
-872,-481
-924,-483
-936,-503
-992,-523
-984,-527
-1008,-557
-992,-549
-964,-525
-904,-505
-896,-489
-892,-469
-908,-451
-944,-435
-840,-389
-752,-365
-776,-357
-812,-371
-808,-421
-928,-431
-812,-409
-892,-467
-876,-419
-784,-357
-804,-351
-768,-271
-752,-291
-800,-275
-820,-315
-820,-313
-832,-353
-876,-361
-744,-287
-764,-249
-816,-233
-796,-217
-764,-217
-700,-131
-708,-109
-720,-167
-724,-133
-712,-115
-780,-117
-864,-157
-792,-119
-740,-115
-736,-149
-824,-183
-804,-187
-808,-163
-864,-141
-864,-115
-820,-103
-840,-117
-836,-119
-788,-129
-820,-249
-764,-193
-768,-225
-732,-207
-808,-299
-756,-291
-772,-305
-792,-341
-804,-351
-784,-373
-796,-359
-716,-339
-852,-379
-912,-405
-840,-375
-824,-365
-732,-255
-728,-247
-824,-257
-788,-167
-748,-175
-760,-157
-828,-93
-824,-27
-788,-61
-820,-57
-780,-113
-780,-183
-812,-183
-752,-211
-760,-225
-788,-299
-804,-279
-876,-329
-852,-363
-916,-425
-824,-389
-824,-349
-868,-411
-856,-431
-828,-423
-900,-463
-848,-467
-908,-473
-880,-409
-832,-383
-864,-435
-896,-479
-856,-429
-812,-403
-880,-465
-892,-437
-812,-383
-848,-423
-900,-445
-812,-385
-820,-391
-824,-427
-816,-373
-784,-311
-872,-333
-836,-341
-920,-343
-820,-327
-788,-335
-792,-279
-872,-325
-776,-335
-784,-355
-828,-347
-844,-335
-864,-365
-900,-417
-860,-477
-968,-539
-928,-519
-904,-495
-976,-517
-980,-511
-932,-491
-976,-533
-964,-517
-1004,-537
-1000,-551
-928,-501
-888,-457
-988,-477
-964,-495
-904,-477
-896,-471
-840,-409
-820,-399
-820,-381
-856,-341
-764,-299
-768,-321
-748,-327
-760,-309
-752,-265
-812,-267
-792,-249
-812,-271
-780,-249
-768,-349
-852,-399
-760,-381
-772,-403
-848,-417
-872,-439
-832,-441
-904,-493
-904,-481
-880,-487
-984,-531
-936,-509
-912,-485
-852,-447
-880,-481
-896,-483
-968,-517
-924,-499
-896,-473
-1016,-527
-984,-525
-896,-483
-976,-541
-988,-519
-1060,-571
-912,-509
-880,-475
-892,-483
-880,-461
-892,-479
-924,-489
-916,-491
-920,-515
-896,-485
-848,-471
-876,-475
-876,-457
-896,-463
-916,-479
-920,-481
-936,-489
-880,-461
-756,-373
-740,-389
-748,-353
-860,-415
-900,-479
-896,-473
-1016,-525
-972,-509
-928,-497
-880,-479
-896,-449
-868,-447
-868,-413
-812,-395
-852,-437
-752,-403
-812,-413
-828,-415
-816,-427
-928,-493
-856,-475
-860,-445
-844,-447
-936,-479
-900,-489
-976,-533
-928,-501
-916,-493
-956,-517
-892,-481
-940,-491
-916,-461
-872,-421
-852,-431
-900,-445
-848,-441
-932,-465
-936,-485
-932,-487
-976,-517
-920,-501
-940,-491
-908,-471
-912,-463
-920,-471
-892,-465
-924,-469
-892,-463
-932,-459
-944,-477
-836,-447
-872,-487
-816,-411
-916,-479
-908,-471
-908,-471
-920,-509
-952,-537
-964,-527
-960,-525
-920,-481
-820,-423
-844,-431
-880,-409
-892,-441
-896,-451
-916,-459
-968,-467
-900,-437
-904,-453
-820,-455
-888,-507
-888,-501
-936,-493
-904,-463
-904,-475
-892,-497
-920,-475
-896,-473
-840,-415
-868,-451
-864,-393
-900,-435
-892,-445
-864,-417
-852,-405
-792,-379
-956,-481
-860,-381
-740,-265
-780,-297
-844,-319
-832,-293
-816,-171
-772,-235
-808,-297
-836,-309
-764,-277
-744,-265
-784,-297
-764,-321
-820,-375
-788,-381
-864,-403
-856,-373
-804,-339
-904,-401
-880,-377
-836,-403
-832,-409
-932,-475
-932,-513
-960,-533
-896,-495
-896,-495
-944,-521
-980,-539
-1024,-547
-980,-539
-912,-521
-948,-525
-828,-471
-880,-475
-892,-505
-904,-477
-828,-401
-852,-373
-820,-361
-828,-327
-828,-285
-748,-227
-816,-215
-836,-187
-760,-91
-772,-167
-736,-133
-784,-121
-784,-113
-804,-167
-768,-113
-784,-131
-824,-171
-784,-143
-764,-149
-812,-175
-824,-211
-832,-185
-820,-179
-856,-195
-812,-201
-868,-249
-804,-209
-820,-159
-756,-199
-800,-237
-796,-225
-732,-279
-752,-361
-732,-355
-832,-395
-816,-343
-808,-307
-808,-357
-852,-361
-744,-331
-872,-419
-784,-319
-808,-285
-840,-333
-848,-381
-864,-417
-752,-399
-808,-419
-868,-457
-972,-507
-996,-521
-972,-529
-984,-539
-932,-515
-1008,-545
-992,-541
-888,-485
-932,-505
-908,-507
-964,-509
-904,-503
-928,-521
-952,-533
-972,-527
-900,-481
-844,-419
-908,-479
-940,-471
-924,-469
-856,-461
-828,-439
-884,-467
-840,-459
-892,-471
-788,-411
-864,-453
-916,-473
-872,-449
-832,-467
-972,-525
-908,-477
-984,-499
-960,-515
-896,-473
-868,-445
-892,-457
-848,-461
-928,-493
-940,-481
-924,-465
-932,-479
-988,-503
-868,-453
-928,-497
-944,-507
-992,-539
-976,-519
-960,-521
-968,-523
-984,-521
-948,-503
-868,-467
-828,-403
-800,-381
-868,-481
-840,-427
-840,-443
-944,-501
-972,-519
-904,-477
-856,-467
-900,-447
-836,-437
-864,-457
-904,-451
-980,-509
-952,-483
-880,-447
-872,-451
-884,-491
-884,-485
-828,-451
-812,-455
-904,-511
-940,-521
-956,-517
-960,-533
-984,-547
-968,-533
-940,-521
-856,-495
-872,-489
-904,-513
-908,-483
-904,-469
-1004,-545
-1024,-555
-996,-545
-948,-523
-924,-501
-940,-493
-932,-447
-936,-477
-908,-487
-868,-443
-872,-431
-856,-427
-828,-407
-952,-455
-852,-411
-896,-467
-784,-393
-868,-433
-840,-415
-852,-421
-848,-393
-848,-401
-832,-427
-860,-423
-800,-389
-776,-355
-812,-377
-808,-359
-772,-351
-828,-363
-812,-317
-812,-333
-776,-325
-780,-295
-808,-291
-852,-385
-848,-407
-840,-377
-876,-345
-772,-295
-828,-357
-692,-295
-760,-277
-824,-331
-812,-329
-816,-313
-820,-307
-904,-389
-856,-433
-836,-413
-936,-423
-876,-385
-892,-459
-940,-463
-896,-445
-892,-407
-936,-445
-956,-449
-876,-431
-928,-495
-996,-533
-956,-529
-1004,-553
-1004,-551
-964,-521
-928,-501
-948,-515
-932,-513
-928,-503
-872,-493
-884,-473
-952,-515
-956,-529
-904,-477
-912,-481
-844,-469
-860,-485
-992,-549
-940,-525
-912,-515
-940,-505
-884,-457
-840,-437
-828,-451
-848,-433
-856,-441
-960,-503
-904,-503
-896,-491
-904,-493
-860,-455
-960,-521
-984,-525
-952,-501
-948,-513
-956,-521
-892,-457
-820,-433
-924,-487
-900,-475
-852,-453
-924,-487
-904,-461
-884,-429
-824,-433
-836,-427
-900,-461
-936,-495
-920,-503
-964,-529
-940,-521
-804,-409
-828,-425
-792,-443
-900,-491
-932,-485
-960,-491
-940,-487
-944,-477
-856,-423
-868,-457
-860,-449
-908,-495
-912,-493
-888,-463
-932,-485
-944,-493
-916,-473
-900,-471
-800,-367
-848,-375
-776,-351
-824,-429
-892,-469
-988,-509
-892,-429
-868,-455
-948,-493
-900,-481
-868,-439
-900,-437
-912,-465
-936,-471
-892,-497
-940,-511
-928,-515
-920,-515
-868,-465
-948,-513
-996,-539
-980,-497
-908,-437
-848,-395
-796,-329
-768,-311
-888,-317
-860,-341
-812,-311
-796,-299
-748,-331
-788,-415
-868,-465
-896,-477
-852,-451
-836,-433
-896,-473
-920,-487
-856,-453
-952,-493
-876,-497
-840,-467
-796,-419
-872,-457
-840,-411
-832,-407
-856,-441
-844,-413
-824,-421
-896,-407
-800,-363
-804,-393
-904,-449
-868,-413
-856,-433
-872,-435
-940,-503
-1032,-541
-992,-535
-924,-511
-884,-441
-824,-433
-864,-443
-956,-475
-924,-465
-928,-477
-840,-401
-864,-431
-896,-455
-916,-475
-800,-431
-952,-511
-1016,-549
-984,-537
-912,-497
-956,-521
-912,-499
-868,-459
-920,-479
-900,-467
-964,-517
-948,-489
-896,-483
-904,-471
-876,-437
-896,-425
-932,-461
-908,-469
-944,-465
-916,-439
-888,-433
-868,-419
-912,-455
-920,-475
-884,-433
-912,-441
-892,-433
-932,-459
-896,-437
-844,-435
-844,-367
-784,-299
-800,-275
-828,-343
-868,-389
-832,-367
-820,-297
-824,-259
-840,-213
-836,-233
-844,-263
-736,-275
-708,-227
-704,-179
-704,-121
-776,-143
-760,-161
-752,-199
-708,-133
-724,-103
-780,-87
-772,9
-780,-49
-672,15
-592,31
-708,-69
-808,5
-796,1
-736,61
-748,137
-764,211
-816,189
-804,237
-788,291
-776,311
-820,355
-764,335
-788,413
-940,489
-884,479
-820,419
-872,451
-844,391
-844,329
-888,341
-944,337
-928,355
-996,425
-908,411
-936,413
-880,401
-884,447
-804,431
-856,433
-884,425
-940,461
-904,455
-864,449
-876,433
-932,455
-944,465
-948,517
-860,471
-864,453
-892,481
-960,511
-900,503
-920,501
-900,477
-912,467
-912,471
-912,475
-940,503
-840,423
-804,363
-804,419
-836,429
-788,427
-736,373
-860,429
-840,391
-820,343
-820,331
-816,345
-844,449
-748,401
-784,399
-880,447
-872,445
-880,447
-884,485
-924,509
-896,491
-848,471
-892,487
-916,495
-912,463
-992,505
-1052,561
-996,547
-992,539
-1004,535
-968,503
-896,451
-844,481
-948,503
-964,529
-960,535
-988,539
-940,509
-1000,545
-948,525
-852,479
-856,465
-868,471
-900,491
-904,459
-872,397
-856,431
-832,425
-884,445
-804,403
-808,385
-832,355
-900,403
-876,441
-836,421
-888,473
-884,441
-888,465
-928,467
-912,429
-892,419
-876,457
-900,481
-852,489
-956,517
-924,497
-860,447
-872,467
-944,475
-932,463
-888,441
-956,495
-868,463
-844,427
-864,433
-852,395
-860,367
-924,377
-848,349
-804,333
-780,267
-788,295
-792,307
-812,299
-780,285
-832,319
-888,367
-784,325
-736,311
-816,343
-928,385
-976,427
-924,403
-824,441
-812,429
-916,463
-876,467
-916,509
-888,499
-896,489
-940,519
-916,499
-928,521
-904,515
-868,485
-800,443
-848,457
-860,479
-844,455
-752,391
-812,417
-840,445
-896,483
-944,487
-888,435
-904,447
-940,489
-968,521
-936,489
-904,483
-908,497
-1028,541
-940,493
-820,439
-748,377
-804,335
-780,309
-768,333
-828,393
-792,379
-868,421
-908,493
-1000,539
-976,535
-1048,563
-912,501
-784,427
-868,485
-924,499
-1096,551
-960,491
-916,489
-916,499
-896,479
-852,457
-872,469
-908,453
-928,459
-980,499
-924,511
-928,481
-856,457
-816,447
-824,431
-932,449
-920,451
-924,477
-860,449
-864,469
-864,469
-908,501
-860,479
-908,483
-936,507
-976,525
-1012,539
-908,483
-1000,533
-932,523
-1028,549
-980,521
-976,525
-892,457
-768,383
-752,367
-836,403
-840,417
-864,469
-788,451
-776,419
-864,441
-872,429
-920,441
-908,449
-900,447
-920,471
-860,447
-848,477
-892,499
-920,503
-868,465
-892,463
-952,505
-980,511
-964,509
-944,501
-896,463
-864,451
-872,461
-824,407
-856,447
-952,505
-988,529
-900,493
-948,521
-880,467
-920,469
-988,507
-908,441
-812,405
-800,395
-872,451
-916,473
-852,421
-856,433
-932,493
-936,507
-860,491
-856,471
-868,473
-952,515
-916,505
-760,443
-844,471
-828,437
-888,459
-844,405
-924,431
-920,481
-1024,543
-944,503
-932,485
-944,523
-988,531
-952,523
-1012,537
-984,529
-1100,585
-1020,557
-956,517
-860,455
-944,481
-916,489
-916,451
-880,389
-924,375
-904,399
-904,339
-836,281
-780,287
-776,243
-784,263
-728,233
-696,167
-764,195
-784,221
-912,283
-916,315
-848,263
-852,191
-860,175
-820,115
-820,87
-752,95
-724,101
-700,-23
-776,-51
-784,-85
-740,-27
-720,41
-776,83
-668,47
-780,-7
-748,-21
-732,-83
-704,-63
-720,49
-672,49
-732,37
-704,13
-740,-49
-692,-13
-716,37
-712,-27
-696,-101
-672,-119
-656,-221
-708,-195
-792,-245
-752,-199
-780,-235
-792,-181
-744,-159
-752,-165
-768,-153
-788,-235
-848,-247
-812,-227
-816,-203
-816,-143
-772,-93
-880,-71
-828,-65
-844,-89
-836,-75
-808,-75
-820,-69
-852,-11
-848,47
-856,3
-812,25
-780,81
-796,79
-840,143
-856,179
-832,187
-760,179
-876,205
-824,183
-788,163
-784,243
-824,281
-848,311
-888,355
-856,373
-832,389
-756,295
-744,303
-692,285
-784,317
-808,329
-788,343
-828,345
-916,391
-844,353
-856,357
-852,419
-784,355
-804,373
-952,461
-904,461
-940,467
-956,501
-984,537
-1080,575
-1020,539
-952,515
-956,505
-948,499
-956,501
-952,507
-976,485
-872,451
-852,471
-812,449
-856,423
-836,403
-788,375
-736,357
-728,353
-848,423
-884,477
-948,515
-976,519
-1004,533
-932,507
-920,449
-920,409
-904,411
-896,473
-952,523
-904,483
-884,461
-820,449
-816,433
-820,443
-844,459
-736,393
-836,455
-936,489
-880,411
-844,375
-828,353
-852,455
-912,497
-908,503
-896,497
-944,497
-892,475
-880,451
-892,455
-840,443
-900,461
-860,445
-892,467
-872,447
-896,451
-852,409
-904,465
-892,453
-796,459
-824,469
-868,471
-900,483
-864,461
-796,439
-848,459
-844,431
-872,455
-836,447
-856,415
-892,465
-956,509
-964,483
-960,485
-952,469
-844,397
-876,425
-884,449
-912,449
-864,411
-912,367
-844,349
-900,365
-828,355
-916,371
-876,385
-936,455
-936,449
-892,419
-896,435
-924,467
-920,471
-892,457
-892,465
-864,423
-876,447
-812,419
-780,415
-828,451
-948,503
-880,495
-808,449
-828,431
-900,491
-940,523
-876,467
-944,489
-860,463
-888,485
-944,527
-952,531
-940,515
-932,507
-880,473
-956,505
-936,483
-904,481
-872,487
-968,517
-832,465
-912,475
-964,495
-876,451
-960,487
-908,487
-964,519
-936,503
-912,479
-904,421
-872,429
-840,351
-804,305
-776,309
-820,351
-792,323
-752,331
-816,355
-756,315
-832,395
-876,459
-888,479
-776,441
-940,491
-948,529
-952,513
-912,457
-956,503
-984,523
-936,503
-932,477
-856,403
-836,393
-880,423
-876,425
-864,431
-884,387
-884,417
-864,437
-884,463
-864,445
-872,445
-820,419
-868,373
-876,369
-888,349
-856,349
-896,367
-816,351
-924,453
-864,449
-868,483
-900,491
-876,465
-972,497
-904,499
-924,519
-920,503
-944,509
-980,529
-988,543
-960,531
-964,517
-948,525
-924,491
-884,473
-880,453
-884,469
-928,483
-912,469
-852,451
-852,455
-836,431
-844,433
-792,425
-864,477
-860,443
-848,451
-908,451
-872,423
-824,389
-884,449
-880,447
-876,455
-772,353
-808,387
-824,387
-780,415
-828,433
-840,425
-784,367
-840,409
-900,427
-836,383
-836,377
-816,377
-852,355
-872,373
-816,359
-856,367
-984,451
-892,439
-964,473
-960,475
-884,465
-952,449
-940,455
-896,425
-852,379
-816,397
-808,367
-856,335
-836,357
-880,421
-940,497
-948,509
-900,485
-908,487
-872,471
-860,467
-880,479
-968,533
-1000,533
-1024,545
-1008,551
-1032,553
-996,543
-1060,569
-936,525
-936,497
-868,497
-916,511
-876,469
-836,445
-792,429
-816,449
-928,493
-936,483
-868,471
-880,453
-824,411
-864,439
-844,431
-892,457
-916,469
-908,487
-844,481
-908,489
-984,511
-1016,543
-948,519
-952,529
-932,425
-924,425
-924,463
-796,411
-864,441
-848,409
-840,411
-876,431
-872,433
-876,465
-944,441
-948,471
-860,417
-856,415
-876,449
-856,441
-836,443
-864,473
-932,499
-984,465
-996,481
-916,485
-980,523
-1024,561
-1000,547
-948,533
-976,537
-1076,577
-1032,563
-996,545
-1064,571
-980,537
-932,511
-860,489
-980,533
-968,533
-1060,569
-900,493
-912,493
-932,467
-1016,529
-980,531
-984,525
-900,507
-820,481
-904,495
-900,477
-960,511
-940,513
-1024,555
-1004,541
-936,517
-968,525
-932,475
-952,509
-884,481
-912,477
-900,469
-888,467
-804,419
-920,469
-900,477
-932,487
-824,447
-868,461
-852,417
-856,433
-936,465
-896,453
-952,463
-960,459
-928,417
-948,387
-848,307
-804,363
-856,415
-856,405
-832,419
-908,455
-936,513
-912,515
-844,481
-944,511
-940,495
-996,523
-1008,539
-992,535
-956,517
-1012,545
-1040,545
-976,545
-1052,563
-952,499
-912,427
-800,361
-804,371
-816,407
-892,433
-904,481
-868,471
-864,471
-848,411
-892,423
-876,413
-840,439
-780,401
-912,459
-888,441
-828,389
-820,371
-780,375
-792,403
-948,517
-944,509
-908,461
-904,453
-936,453
-816,381
-828,409
-896,379
-888,331
-928,337
-796,307
-744,169
-784,251
-720,221
-760,247
-748,233
-712,243
-744,221
-796,335
-816,387
-796,383
-848,455
-860,449
-860,445
-924,475
-852,465
-872,443
-848,433
-828,431
-968,503
-996,531
-980,533
-1008,529
-976,535
-1004,533
-932,489
-868,481
-924,495
-960,511
-860,481
-820,465
-988,543
-1000,539
-908,503
-848,433
-852,433
-836,413
-832,395
-800,389
-884,425
-980,451
-860,417
-880,439
-924,433
-880,415
-884,427
-812,399
-912,431
-800,393
-880,425
-888,447
-888,441
-868,451
-876,457
-848,467
-860,433
-860,405
-824,389
-888,415
-868,385
-904,431
-888,429
-932,427
-936,443
-904,469
-920,437
-888,469
-984,517
-980,527
-928,525
-944,507
-904,499
-1004,519
-964,511
-888,473
-888,441
-884,407
-860,441
-904,449
-928,479
-1012,537
-972,523
-992,515
-980,521
-948,523
-900,505
-904,505
-900,493
-804,419
-980,523
-872,467
-844,443
-844,451
-888,437
-868,417
-856,423
-932,501
-964,527
-1048,565
-972,531
-876,495
-864,457
-924,453
-948,509
-932,473
-948,501
-924,499
-1004,515
-968,489
-924,489
-896,425
-932,419
-1016,457
-964,447
-960,451
-888,421
-916,441
-868,459
-860,411
-884,423
-844,393
-864,435
-988,497
-936,479
-1004,537
-976,505
-892,467
-940,505
-1052,563
-1024,553
-956,533
-976,525
-804,411
-808,405
-868,407
-796,291
-884,333
-840,361
-860,361
-924,463
-796,345
-800,367
-812,319
-884,351
-868,375
-868,391
-852,423
-880,433
-880,455
-860,429
-860,427
-840,375
-796,283
-724,281
-756,269
-824,333
-904,395
-864,391
-908,421
-812,373
-852,385
-848,415
-800,413
-820,403
-876,443
-876,429
-872,361
-860,333
-888,385
-824,403
-864,407
-876,419
-812,427
-904,441
-916,427
-796,385
-876,429
-896,473
-920,507
-900,483
-888,485
-808,439
-900,473
-856,427
-816,411
-856,463
-912,495
-940,503
-908,473
-868,459
-896,497
-864,445
-892,455
-840,411
-796,393
-872,453
-824,459
-804,421
-768,363
-728,337
-776,353
-808,343
-828,359
-776,281
-776,247
-712,231
-784,275
-784,263
-688,209
-732,241
-776,227
-756,219
-848,251
-836,299
-776,265
-864,235
-804,205
-776,199
-760,177
-824,241
-784,301
-756,363
-768,365
-700,309
-712,297
-728,315
-776,323
-796,339
-784,353
-792,381
-848,409
-812,395
-848,385
-840,441
-856,479
-880,461
-924,455
-920,471
-924,479
-956,513
-984,541
-1012,543
-968,515
-928,487
-972,541
-932,505
-1000,533
-1020,519
-916,461
-908,485
-992,503
-960,481
-872,451
-952,521
-976,501
-1024,549
-1016,545
-1036,537
-1032,557
-1028,557
-916,513
-912,501
-964,519
-912,499
-904,487
-964,523
-968,511
-916,497
-960,491
-1000,519
-1008,545
-968,533
-984,545
-960,523
-964,513
-912,483
-932,503
-988,537
-892,497
-812,449
-936,487
-960,491
-948,505
-900,407
-864,373
-864,329
-828,343
-788,279
-816,343
-840,397
-872,403
-812,375
-916,465
-844,463
-896,453
-888,449
-912,435
-872,407
-864,389
-872,413
-952,467
-932,465
-920,487
-888,489
-908,501
-956,523
-984,539
-956,523
-1044,551
-960,535
-952,491
-916,493
-956,515
-988,545
-908,507
-960,523
-848,429
-812,421
-836,437
-852,443
-768,367
-720,359
-784,377
-796,403
-840,435
-832,421
-908,423
-880,393
-780,395
-920,433
-880,463
-880,463
-872,481
-880,467
-868,477
-824,433
-940,503
-876,461
-904,469
-908,481
-864,433
-892,455
-816,413
-884,393
-864,387
-940,339
-872,231
-852,227
-856,225
-872,189
-872,211
-860,227
-872,237
-844,291
-840,247
-820,233
-860,225
-856,231
-800,271
-832,315
-848,349
-740,261
-908,399
-924,431
-892,443
-976,481
-836,419
-832,411
-864,449
-856,449
-884,447
-892,485
-896,479
-924,507
-960,501
-980,515
-1008,549
-980,525
-952,505
-868,473
-932,485
-884,425
-920,461
-892,467
-900,473
-868,433
-896,427
-888,405
-836,401
-884,437
-876,445
-864,405
-872,395
-816,355
-836,341
-896,399
-820,363
-784,329
-768,323
-820,381
-840,383
-832,385
-872,459
-864,473
-888,469
-908,475
-900,493
-828,431
-736,379
-820,357
-756,365
-804,311
-756,231
-728,267
-816,205
-812,149
-792,211
-776,227
-848,351
-812,323
-808,275
-764,191
-796,257
-876,337
-804,377
-956,495
-868,451
-828,439
-912,497
-940,515
-868,477
-944,513
-1004,535
-940,507
-960,501
-856,445
-880,461
-776,429
-876,485
-904,491
-952,505
-988,527
-1012,555
-1024,557
-1056,573
-1024,553
-992,543
-968,537
-956,503
-1044,541
-988,519
-960,481
-864,469
-956,491
-896,477
-956,503
-888,457
-940,509
-1012,543
-944,493
-868,447
-904,495
-832,471
-892,493
-804,405
-832,449
-812,411
-868,441
-816,433
-832,455
-832,461
-848,431
-832,441
-856,485
-840,461
-860,469
-848,465
-844,449
-856,451
-884,455
-940,473
-928,485
-940,509
-904,497
-964,535
-896,511
-892,491
-892,487
-916,489
-972,513
-920,505
-928,519
-952,531
-956,529
-984,531
-976,533
-972,529
-1012,559
-1032,555
-956,499
-836,437
-872,481
-944,497
-892,487
-844,473
-968,519
-984,531
-992,525
-928,495
-996,549
-924,511
-944,507
-916,491
-944,481
-920,473
-976,477
-944,493
-804,443
-832,463
-872,459
-840,431
-836,431
-852,421
-872,445
-796,433
-796,437
-828,453
-912,511
-932,493
-924,483
-936,499
-908,489
-1024,549
-956,521
-996,551
-916,499
-912,467
-976,519
-932,497
-924,497
-968,515
-936,499
-932,497
-1008,543
-968,519
-964,529
-912,467
-916,491
-936,505
-980,533
-988,525
-976,533
-944,521
-1048,559
-1016,557
-1064,553
-1012,545
-924,479
-952,485
-928,483
-976,517
-956,501
-892,505
-832,465
-968,529
-1028,561
-940,527
-900,487
-948,517
-904,487
-824,435
-776,421
-848,483
-904,499
-892,485
-832,415
-940,487
-988,509
-1008,525
-924,499
-968,529
-948,507
-960,513
-980,543
-1064,573
-1064,575
-1012,555
-932,521
-868,491
-860,473
-864,477
-876,477
-928,507
-928,481
-900,465
-876,497
-928,511
-912,485
-908,495
-872,473
-852,465
-800,413
-948,499
-1016,479
-876,457
-960,451
-928,445
-968,475
-1016,531
-1036,539
-972,511
-992,499
-864,461
-824,441
-856,415
-852,385
-872,333
-772,305
-852,375
-924,407
-868,371
-824,369
-888,441
-932,503
-916,499
-1004,513
-960,501
-932,511
-964,529
-980,537
-1032,561
-1044,555
-984,533
-832,481
-876,503
-888,483
-976,439
-980,455
-916,411
-968,465
-1024,495
-876,439
-784,343
-832,337
-916,387
-860,333
-800,325
-856,321
-852,301
-832,289
-808,325
-848,351
-828,351
-808,363
-744,281
-764,291
-776,267
-708,285
-776,353
-728,357
-828,379
-828,369
-824,385
-792,343
-876,367
-824,383
-856,389
-796,357
-828,369
-856,403
-868,417
-856,405
-828,365
-836,395
-756,355
-760,363
-832,411
-804,387
-820,405
-828,405
-820,421
-880,447
-808,401
-872,471
-840,445
-852,425
-872,443
-780,353
-728,309
-768,323
-792,349
-816,379
-780,387
-848,431
-928,487
-936,501
-888,443
-928,507
-944,499
-952,515
-1040,559
-976,529
-956,501
-924,489
-836,399
-868,387
-844,381
-788,381
-756,355
-796,329
-800,351
-816,349
-828,363
-944,415
-864,353
-852,297
-836,295
-872,285
-820,239
-780,285
-756,299
-836,339
-876,401
-936,441
-952,463
-848,427
-816,431
-808,433
-876,483
-884,503
-848,467
-896,449
-888,451
-852,443
-804,419
-808,407
-904,473
-876,495
-912,471
-892,487
-956,519
-908,483
-868,469
-896,473
-844,415
-944,489
-860,441
-868,455
-856,429
-824,419
-784,431
-820,443
-864,483
-920,475
-912,473
-876,463
-876,449
-916,391
-884,405
-848,401
-816,385
-776,297
-776,313
-776,315
-752,263
-712,123
-712,125
-724,115
-696,57
-652,105
-740,167
-784,227
-756,231
-820,253
-780,355
-764,347
-820,315
-748,241
-740,265
-760,285
-736,291
-784,325
-824,373
-904,477
-932,489
-920,479
-980,521
-948,517
-884,491
-920,477
-920,483
-968,495
-928,495
-920,497
-880,425
-816,425
-804,369
-820,335
-780,331
-812,337
-856,413
-840,409
-876,427
-852,459
-848,467
-972,515
-936,509
-864,481
-904,493
-940,503
-976,511
-984,527
-936,515
-1040,561
-1000,547
-996,525
-956,495
-984,499
-936,469
-1000,505
-952,489
-896,465
-948,493
-944,497
-980,529
-992,545
-952,503
-948,483
-944,473
-840,429
-836,429
-824,445
-968,503
-880,475
-868,469
-896,471
-912,479
-900,473
-924,479
-920,489
-948,501
-952,499
-868,451
-892,465
-824,445
-888,447
-928,477
-892,381
-908,427
-872,415
-940,447
-912,439
-900,421
-872,375
-872,399
-832,321
-860,355
-808,297
-824,323
-832,331
-848,327
-888,363
-948,365
-868,439
-804,417
-736,353
-816,381
-768,351
-860,413
-860,449
-892,435
-832,475
-892,501
-948,537
-904,515
-876,481
-932,511
-888,459
-840,419
-792,441
-820,439
-892,435
-840,423
-820,409
-900,441
-860,441
-728,373
-852,475
-872,467
-872,455
-920,479
-976,513
-972,521
-956,481
-916,443
-972,491
-928,481
-852,453
-796,459
-876,501
-928,495
-896,495
-836,429
-848,475
-960,511
-936,511
-832,447
-836,363
-836,373
-844,371
-888,417
-828,393
-844,353
-800,317
-796,337
-832,373
-768,383
-832,453
-916,459
-872,427
-940,465
-980,499
-928,475
-912,467
-952,499
-936,471
-940,477
-892,441
-848,397
-820,413
-844,397
-896,425
-852,431
-876,469
-948,509
-932,475
-872,477
-888,481
-892,459
-1000,527
-864,469
-804,453
-860,423
-832,399
-808,395
-840,443
-704,379
-832,367
-792,355
-812,399
-760,321
-848,353
-880,405
-872,347
-824,361
-868,431
-960,453
-876,395
-852,371
-892,361
-824,313
-824,265
-772,273
-788,299
-784,335
-764,345
-784,281
-816,369
-812,287
-812,331
-876,357
-872,351
-876,331
-860,351
-884,393
-828,371
-804,375
-800,405
-908,473
-932,487
-984,525
-940,511
-964,525
-888,453
-856,439
-896,457
-892,457
-872,465
-860,451
-936,497
-896,455
-868,457
-784,397
-852,389
-840,385
-844,411
-920,471
-880,423
-908,453
-848,411
-900,431
-936,451
-916,425
-952,409
-908,437
-868,451
-868,423
-808,359
-808,325
-772,285
-772,291
-816,299
-780,317
-744,247
-728,257
-812,259
-756,199
-804,227
-776,291
-732,303
-740,293
-708,287
-804,293
-780,297
-740,271
-768,321
-760,323
-772,327
-772,259
-680,309
-736,337
-772,343
-828,315
-928,417
-864,341
-836,387
-944,441
-808,361
-780,313
-900,393
-828,399
-844,427
-832,419
-900,475
-788,421
-920,487
-896,489
-900,467
-996,537
-952,501
-988,533
-972,521
-920,473
-924,497
-908,491
-984,535
-960,529
-956,511
-964,507
-968,521
-936,515
-996,523
-1008,547
-984,533
-1012,559
-980,523
-952,531
-980,531
-940,523
-856,451
-908,449
-860,463
-852,457
-880,467
-864,443
-828,433
-828,435
-788,375
-756,303
-836,303
-852,335
-888,313
-816,335
-792,311
-780,371
-856,433
-828,387
-860,377
-844,317
-812,323
-832,357
-800,319
-860,323
-884,371
-896,405
-960,487
-980,491
-952,507
-960,503
-908,493
-1004,533
-976,539
-1012,555
-1036,547
-960,519
-880,471
-948,519
-1064,573
-968,543
-956,533
-976,507
-884,439
-936,471
-856,389
-916,413
-808,333
-864,417
-864,431
-848,415
-856,415
-908,385
-896,427
-928,465
-924,487
-924,473
-844,447
-848,419
-784,367
-836,381
-828,441
-884,461
-876,463
-980,525
-908,501
-836,451
-864,405
-888,397
-864,337
-780,315
-852,339
-824,333
-828,313
-828,209
-880,201
-892,157
-844,167
-868,179
-812,215
-808,229
-848,223
-800,241
-836,263
-804,259
-776,219
-820,159
-820,103
-876,49
-824,91
-792,141
-748,87
-776,113
-800,131
-828,19
-816,-91
-808,-97
-836,-89
-864,-117
-856,-63
-856,-69
-808,-41
-776,-47
-848,-125
-824,-149
-868,-95
-772,-77
-876,-101
-848,-55
-864,-45
-832,-55
-724,-59
-776,-61
-812,-113
-732,-187
-756,-159
-772,-67
-748,-133
-724,-71
-768,-17
-776,-9
-840,9
-776,-7
-764,37
-828,-7
-832,-19
-760,1
-664,51
-684,49
-688,119
-796,231
-760,179
-716,259
-760,285
-784,291
-748,289
-760,253
-732,225
-752,233
-736,219
-708,229
-708,271
-708,297
-744,237
-756,249
-776,255
-796,327
-880,379
-800,383
-808,385
-764,367
-820,405
-884,455
-940,527
-920,487
-932,501
-960,531
-940,531
-992,535
-944,511
-968,533
-900,503
-944,527
-896,499
-944,515
-944,527
-932,507
-892,447
-900,449
-928,469
-840,441
-860,463
-824,425
-876,429
-924,489
-884,467
-888,469
-888,477
-1000,519
-880,477
-852,451
-760,371
-800,427
-864,455
-896,483
-952,527
-868,475
-804,445
-848,445
-884,441
-768,397
-792,355
-820,353
-804,367
-836,335
-812,315
-788,299
-756,271
-680,197
-668,141
-688,171
-756,251
-812,285
-832,389
-856,415
-792,349
-784,291
-824,283
-756,257
-808,317
-804,397
-824,403
-920,471
-900,447
-916,469
-888,461
-864,429
-856,445
-888,455
-924,479
-876,487
-876,441
-828,455
-992,519
-1008,519
-1016,533
-972,509
-988,503
-1020,539
-944,513
-940,501
-940,483
-908,467
-940,489
-992,533
-980,531
-988,521
-892,479
-968,497
-956,469
-1028,517
-956,497
-816,427
-868,439
-852,419
-888,461
-904,425
-852,365
-808,361
-884,389
-868,399
-916,461
-920,445
-920,399
-808,343
-740,307
-796,369
-824,361
-916,453
-856,445
-896,471
-936,473
-896,459
-872,455
-892,459
-976,473
-940,451
-892,417
-880,415
-800,391
-748,347
-740,387
-788,443
-828,397
-888,445
-904,449
-924,479
-956,495
-964,517
-940,497
-964,481
-956,485
-964,495
-944,479
-948,451
-924,447
-936,439
-844,411
-892,417
-880,433
-836,443
-836,439
-832,425
-860,461
-840,445
-928,499
-868,451
-812,443
-900,487
-1008,549
-1000,551
-968,529
-904,473
-848,461
-888,501
-960,521
-944,505
-888,467
-848,457
-904,483
-880,505
-932,527
-924,531
-904,513
-992,547
-992,543
-984,541
-976,541
-992,513
-968,485
-916,437
-848,399
-820,405
-824,417
-936,469
-908,463
-824,447
-848,473
-860,461
-896,453
-864,429
-860,441
-776,343
-720,307
-916,339
-860,393
-852,389
-880,417
-888,419
-892,401
-828,379
-816,391
-800,401
-948,473
-760,383
-908,473
-872,471
-896,511
-972,523
-916,491
-892,477
-932,467
-904,491
-924,513
-872,451
-892,475
-892,469
-904,485
-896,481
-968,495
-972,507
-940,501
-972,519
-972,507
-956,505
-968,533
-964,521
-972,529
-980,539
-908,499
-896,503
-916,495
-888,475
-896,461
-900,469
-876,467
-928,503
-992,519
-896,459
-824,419
-948,487
-852,441
-876,481
-880,501
-952,517
-924,509
-828,417
-856,453
-908,481
-892,465
-912,493
-944,515
-880,475
-944,507
-928,503
-916,511
-908,501
-904,505
-1012,549
-920,509
-836,443
-912,441
-972,457
-904,439
-956,497
-1048,553
-1016,549
-932,479
-924,471
-848,401
-964,453
-816,399
-836,381
-900,387
-824,379
-848,409
-860,411
-844,385
-892,355
-860,377
-856,391
-848,373
-924,391
-904,419
-924,407
-920,433
-832,345
-840,391
-900,441
-948,515
-896,483
-904,467
-956,475
-936,451
-908,399
-880,383
-836,395
-820,363
-788,263
-780,263
-864,311
-888,315
-760,253
-732,233
-732,331
-748,367
-844,347
-808,303
-784,367
-796,363
-948,447
-832,417
-944,477
-1044,549
-932,503
-972,519
-920,501
-984,541
-932,519
-940,523
-920,505
-888,507
-932,515
-900,463
-872,443
-920,475
-872,437
-840,405
-872,393
-900,371
-844,393
-788,401
-748,397
-876,451
-892,459
-876,443
-848,431
-880,399
-848,389
-876,385
-832,373
-840,377
-912,441
-936,507
-916,489
-968,527
-980,531
-896,497
-912,493
-788,419
-848,435
-864,455
-912,487
-932,491
-888,463
-840,439
-880,455
-896,481
-900,485
-964,501
-916,463
-908,487
-896,487
-952,525
-940,521
-1060,567
-1016,551
-916,505
-948,519
-892,497
-956,523
-896,507
-880,479
-924,483
-888,457
-908,447
-848,429
-936,431
-916,447
-788,379
-880,457
-932,479
-976,525
-936,483
-888,473
-800,425
-816,399
-780,333
-784,333
-728,259
-788,307
-800,313
-816,357
-784,371
-752,283
-700,245
-724,279
-740,341
-844,391
-896,391
-848,289
-764,327
-768,363
-860,409
-848,429
-852,441
-868,497
-912,511
-980,531
-940,495
-848,437
-836,453
-768,383
-936,503
-864,461
-904,443
-904,425
-908,395
-796,359
-788,391
-816,417
-788,409
-864,461
-900,455
-872,439
-892,469
-936,497
-956,521
-896,487
-948,537
-988,513
-840,459
-940,503
-900,483
-964,503
-904,477
-964,523
-1044,557
-988,535
-932,503
-928,475
-868,461
-904,471
-884,445
-872,397
-872,417
-832,393
-796,435
-888,469
-876,465
-924,497
-900,487
-904,479
-880,475
-892,485
-904,473
-888,459
-876,453
-808,419
-840,435
-864,473
-912,489
-896,505
-852,461
-884,481
-992,533
-1040,555
-1000,539
-956,515
-872,453
-804,413
-820,431
-756,385
-828,423
-836,445
-872,419
-768,381
-752,375
-848,443
-848,457
-868,469
-872,455
-840,475
-924,505
-948,511
-992,547
-996,541
-940,511
-908,503
-924,495
-904,511
-940,515
-988,533
-948,525
-996,537
-928,513
-920,519
-924,493
-908,471
-940,489
-928,509
-892,509
-944,515
-984,541
-916,503
-944,505
-904,489
-856,449
-812,413
-788,401
-792,423
-724,385
-828,427
-852,445
-856,447
-908,465
-928,473
-916,481
-940,517
-928,517
-896,461
-952,485
-900,443
-888,421
-848,413
-824,321
-784,283
-768,251
-776,279
-840,333
-856,297
-764,251
-792,285
-804,305
-864,365
-808,403
-904,425
-792,379
-888,445
-880,435
-920,437
-872,435
-836,405
-832,359
-824,359
-896,387
-860,319
-828,285
-792,289
-780,301
-788,321
-808,273
-812,263
-740,315
-836,373
-760,343
-792,363
-808,349
-796,381
-868,425
-820,427
-944,497
-916,499
-920,501
-984,525
-984,525
-940,513
-1000,549
-992,537
-928,513
-956,533
-1020,533
-960,527
-972,531
-972,523
-928,479
-864,431
-876,439
-892,473
-900,475
-884,455
-884,463
-852,441
-900,495
-984,537
-976,539
-984,543
-944,513
-892,439
-880,423
-860,429
-880,473
-924,475
-868,411
-864,401
-856,409
-864,439
-852,461
-852,451
-868,455
-872,451
-832,443
-916,469
-944,483
-876,481
-852,471
-928,497
-952,505
-908,467
-836,445
-832,453
-896,471
-904,441
-884,433
-872,469
-968,517
-848,483
-900,485
-864,461
-888,459
-944,481
-976,527
-896,499
-876,463
-940,463
-932,465
-980,541
-956,525
-944,501
-896,477
-936,471
-912,457
-860,449
-848,431
-884,479
-976,521
-1020,539
-908,485
-956,513
-860,485
-940,523
-980,547
-976,537
-932,529
-948,527
-1000,539
-1036,559
-988,539
-948,509
-900,495
-884,463
-868,449
-932,483
-924,507
-904,489
-856,461
-868,483
-912,497
-864,471
-924,513
-976,531
-976,529
-996,541
-988,535
-988,539
-980,533
-788,451
-916,505
-908,487
-920,487
-928,457
-908,441
-972,503
-1028,519
-984,503
-920,499
-884,503
-912,485
-928,487
-900,463
-856,439
-948,493
-932,481
-972,519
-972,533
-980,529
-992,543
-908,505
-944,525
-928,495
-856,457
-872,455
-900,459
-888,477
-928,497
-904,467
-908,481
-888,491
-852,471
-944,475
-960,503
-868,435
-804,375
-896,405
-880,433
-884,453
-856,423
-852,411
-876,401
-868,377
-832,375
-876,409
-844,405
-804,347
-796,347
-872,319
-920,353
-904,357
-900,313
-812,287
-832,251
-704,213
-768,237
-848,253
-848,313
-828,305
-936,373
-904,391
-896,391
-856,361
-780,337
-856,367
-864,353
-740,335
-828,409
-936,451
-884,445
-916,471
-912,485
-896,491
-888,479
-912,485
-836,453
-960,487
-900,473
-928,503
-1008,551
-976,547
-960,529
-1056,573
-1116,587
-1028,567
-996,551
-1016,557
-1068,571
-944,495
-1024,537
-1032,551
-912,501
-900,453
-908,461
-900,471
-900,487
-980,519
-952,503
-932,491
-900,475
-924,481
-932,493
-844,423
-892,445
-916,457
-840,421
-808,389
-800,387
-836,355
-860,289
-800,343
-832,321
-804,309
-848,369
-828,379
-872,359
-824,343
-760,337
-796,387
-820,363
-764,317
-776,343
-788,339
-876,397
-816,337
-784,345
-724,321
-736,309
-768,301
-816,377
-840,421
-964,531
-928,513
-932,521
-936,513
-928,513
-1040,555
-968,529
-964,495
-924,507
-1028,529
-980,511
-928,469
-900,437
-864,437
-920,489
-860,465
-868,465
-876,441
-844,413
-860,389
-812,375
-776,359
-848,415
-816,399
-904,415
-848,411
-888,475
-904,469
-912,473
-892,457
-860,467
-924,479
-976,481
-928,485
-808,407
-860,427
-896,471
-852,453
-904,441
-924,479
-888,431
-796,449
-868,473
-940,513
-916,501
-924,487
-928,497
-960,529
-876,473
-868,441
-844,427
-884,489
-964,513
-956,511
-940,523
-940,533
-944,511
-856,485
-944,513
-864,475
-928,501
-980,533
-1060,553
-980,503
-872,465
-880,483
-884,479
-940,509
-948,523
-972,517
-908,497
-992,531
-924,507
-932,487
-892,477
-892,471
-864,461
-888,465
-896,465
-932,465
-960,447
-876,415
-692,249
-760,231
-672,119
-792,213
-756,211
-768,239
-788,305
-812,325
-892,319
-920,363
-788,339
-804,311
-812,325
-852,303
-828,339
-748,263
-696,157
-732,163
-776,173
-804,189
-792,219
-732,215
-832,239
-808,241
-752,249
-832,209
-788,249
-792,295
-772,333
-896,445
-944,481
-980,523
-928,499
-968,529
-960,525
-1008,531
-988,537
-956,509
-968,523
-964,521
-984,533
-1040,547
-1004,533
-944,533
-932,515
-956,495
-884,407
-876,395
-820,385
-868,373
-892,397
-876,375
-832,349
-780,311
-816,317
-832,321
-784,241
-768,253
-752,263
-696,259
-700,281
-792,263
-836,321
-836,387
-844,413
-896,425
-900,427
-892,481
-880,445
-856,453
-904,457
-908,447
-992,461
-952,469
-920,475
-960,521
-944,503
-984,519
-884,469
-944,479
-888,491
-880,487
-976,523
-1016,549
-1052,559
-936,509
-960,501
-904,447
-832,411
-816,327
-800,345
-848,375
-844,355
-920,411
-804,415
-836,417
-788,403
-748,315
-764,311
-904,393
-896,395
-840,357
-812,329
-792,343
-860,343
-932,331
-840,299
-844,301
-836,313
-888,403
-836,355
-860,363
-848,349
-844,271
-768,273
-740,229
-832,305
-772,317
-760,339
-848,451
-916,479
-880,455
-892,467
-852,463
-788,413
-832,459
-900,497
-948,525
-840,475
-888,475
-852,473
-896,497
-952,511
-860,459
-828,439
-872,413
-780,365
-888,463
-920,509
-892,491
-932,507
-912,489
-936,499
-952,509
-900,451
-852,429
-892,443
-852,397
-856,399
-864,435
-888,477
-844,449
-948,495
-860,473
-860,465
-868,433
-848,435
-904,473
-924,481
-916,457
-864,433
-912,475
-884,451
-840,439
-892,457
-832,439
-852,427
-824,405
-824,417
-916,465
-904,465
-884,449
-856,397
-832,391
-864,391
-840,387
-796,385
-848,433
-824,429
-900,453
-856,449
-828,435
-736,395
-804,429
-828,411
-868,463
-944,491
-900,469
-928,465
-920,457
-916,427
-840,437
-952,499
-988,519
-928,517
-936,515
-912,501
-932,523
-940,527
-896,471
-904,461
-880,425
-776,369
-800,349
-840,337
-860,383
-784,297
-704,241
-752,299
-736,327
-748,299
-744,337
-812,365
-896,377
-904,367
-852,321
-872,343
-912,383
-808,349
-908,391
-896,411
-840,387
-840,413
-884,395
-832,387
-864,393
-856,393
-884,415
-968,437
-972,469
-960,485
-1008,523
-920,493
-888,489
-972,519
-952,503
-904,505
-968,507
-992,543
-920,503
-1036,553
-996,523
-936,515
-964,517
-880,477
-956,505
-904,491
-892,459
-820,435
-808,439
-944,501
-1008,527
-880,453
-964,507
-908,501
-884,505
-988,523
-928,501
-1000,539
-884,505
-960,531
-1004,545
-896,479
-1000,535
-988,531
-976,489
-968,495
-1004,491
-968,497
-924,515
-868,481
-968,493
-904,465
-972,501
-908,479
-868,457
-892,453
-884,433
-884,427
-848,445
-872,485
-864,485
-864,469
-884,491
-840,461
-936,501
-916,507
-904,495
-952,517
-960,519
-868,493
-832,457
-944,509
-936,513
-996,547
-1012,551
-980,537
-964,535
-948,517
-1000,533
-936,505
-976,533
-1012,529
-940,519
-964,521
-932,493
-948,501
-944,505
-960,507
-976,509
-904,489
-1028,559
-1000,533
-1004,517
-936,471
-912,483
-968,533
-976,541
-980,535
-1008,533
-888,493
-920,507
-936,507
-864,447
-832,409
-812,395
-900,459
-844,453
-840,411
-824,373
-744,281
-728,233
-672,169
-648,153
-668,199
-628,189
-652,155
-712,79
-708,75
-808,125
-804,83
-848,85
-832,99
-848,13
-884,61
-836,77
-800,29
-784,19
-776,27
-688,25
-708,55
-760,133
-928,209
-812,217
-812,197
-712,163
-768,245
-764,237
-680,219
-744,245
-840,339
-780,369
-856,437
-908,461
-880,437
-852,417
-784,373
-756,389
-688,315
-808,385
-764,369
-844,407
-836,385
-796,401
-856,451
-900,515
-1008,543
-1036,563
-1072,573
-1000,537
-976,529
-972,533
-948,497
-868,461
-868,449
-904,469
-924,471
-896,455
-896,453
-772,431
-796,423
-852,437
-900,469
-928,497
-932,493
-980,507
-924,483
-900,447
-960,471
-940,487
-944,463
-908,423
-804,371
-788,409
-840,467
-928,495
-948,513
-948,481
-840,433
-808,451
-812,443
-840,447
-808,461
-908,501
-964,511
-876,481
-972,505
-956,501
-884,487
-928,531
-976,535
-948,509
-872,469
-968,489
-952,513
-872,493
-828,449
-848,399
-852,363
-852,347
-804,311
-768,307
-872,389
-840,397
-748,269
-724,305
-732,343
-724,297
-804,347
-760,297
-784,333
-760,349
-796,373
-836,341
-812,355
-828,399
-828,339
-796,359
-864,377
-856,373
-868,405
-896,449
-908,469
-1016,541
-944,497
-992,509
-1016,535
-976,543
-944,511
-984,519
-1004,537
-860,463
-868,475
-928,509
-980,533
-976,525
-1024,551
-984,525
-968,527
-1004,543
-996,511
-928,473
-880,441
-880,427
-888,493
-908,497
-1012,521
-972,511
-940,487
-936,507
-996,545
-1004,543
-1080,581
-996,537
-940,503
-808,449
-772,431
-932,509
-888,495
-960,493
-904,459
-948,451
-844,437
-796,395
-808,365
-840,371
-844,367
-884,431
-868,475
-928,507
-912,493
-940,499
-872,489
-916,507
-984,531
-924,513
-980,541
-1060,569
-960,501
-948,503
-992,539
-964,533
-916,511
-896,509
-1024,561
-1008,547
-976,539
-988,535
-968,525
-936,521
-1000,545
-932,501
-936,507
-984,535
-1032,551
-1000,545
-1032,561
-968,519
-1048,567
-1028,549
-976,513
-952,525
-976,531
-932,491
-960,517
-876,495
-996,535
-892,483
-872,489
-984,535
-956,527
-912,511
-916,523
-1008,541
-908,511
-876,505
-924,521
-924,519
-936,511
-980,537
-996,539
-900,499
-900,431
-784,371
-724,219
-784,165
-828,153
-768,161
-780,193
-800,215
-800,253
-828,301
-792,295
-816,333
-808,315
-804,307
-852,367
-844,329
-880,359
-860,395
-884,441
-880,439
-852,441
-912,487
-916,497
-912,487
-924,509
-932,497
-836,445
-960,509
-1000,547
-944,521
-912,487
-920,495
-908,495
-840,461
-936,485
-924,485
-780,403
-848,431
-868,465
-892,451
-880,449
-912,453
-1012,483
-904,463
-924,459
-896,441
-868,409
-884,455
-840,441
-820,417
-816,405
-908,465
-904,437
-820,393
-868,375
-812,369
-792,337
-828,351
-868,289
-860,303
-816,291
-776,297
-744,183
-728,187
-732,203
-696,211
-780,187
-772,235
-784,253
-828,337
-916,397
-816,359
-808,361
-876,333
-872,327
-804,311
-864,329
-964,389
-944,407
-976,455
-920,399
-856,381
-812,323
-828,297
-832,335
-808,267
-796,273
-820,339
-828,371
-912,415
-904,451
-880,481
-988,527
-972,529
-976,533
-912,507
-952,511
-1000,507
-960,487
-1004,519
-952,503
-976,525
-1000,529
-948,503
-920,505
-892,475
-972,471
-1012,507
-940,457
-964,453
-988,425
-872,379
-896,385
-908,407
-924,421
-952,457
-944,421
-912,373
-948,493
-980,489
-968,469
-1000,547
-988,523
-980,499
-820,447
-928,487
-892,497
-904,515
-908,497
-904,485
-836,459
-684,331
-724,279
-824,283
-748,221
-752,249
-768,237
-848,269
-860,307
-844,279
-728,169
-724,165
-736,117
-748,117
-760,107
-780,81
-728,153
-632,113
-688,185
-700,193
-764,101
-752,95
-728,61
-704,23
-748,-199
-784,-227
-716,-175
-704,-207
-812,-211
-820,-261
-828,-265
-792,-291
-816,-271
-776,-177
-808,-221
-820,-185
-812,-241
-828,-283
-824,-239
-744,-199
-812,-217
-784,-263
-908,-289
-836,-301
-820,-297
-860,-327
-860,-393
-784,-381
-804,-435
-864,-417
-836,-409
-788,-285
-812,-267
-792,-303
-776,-323
-808,-321
-760,-191
-796,-229
-828,-193
-752,-83
-760,-117
-744,-173
-784,-115
-784,-133
-668,-177
-692,-161
-796,-255
-848,-297
-788,-255
-816,-319
-768,-303
-800,-329
-808,-357
-812,-383
-756,-363
-716,-363
-752,-407
-872,-459
-888,-477
-880,-481
-788,-419
-824,-419
-788,-383
-868,-377
-828,-329
-868,-335
-856,-343
-808,-271
-812,-325
-836,-377
-876,-415
-780,-389
-728,-353
-764,-371
-764,-355
-780,-309
-836,-321
-828,-301
-812,-373
-852,-301
-776,-323
-876,-393
-872,-407
-824,-425
-820,-451
-872,-477
-808,-435
-800,-415
-816,-385
-816,-357
-856,-419
-860,-403
-812,-341
-760,-343
-824,-407
-876,-437
-908,-457
-844,-405
-864,-393
-728,-373
-764,-371
-848,-369
-788,-343
-900,-371
-912,-359
-908,-435
-816,-393
-892,-463
-976,-517
-1008,-549
-904,-517
-940,-507
-832,-431
-856,-447
-836,-429
-892,-489
-952,-515
-904,-501
-988,-525
-1012,-551
-992,-547
-960,-523
-968,-535
-904,-491
-876,-451
-932,-415
-940,-423
-860,-421
-908,-439
-860,-423
-828,-405
-852,-423
-840,-431
-744,-363
-812,-371
-876,-401
-872,-457
-772,-379
-700,-353
-736,-385
-912,-471
-876,-469
-852,-465
-884,-495
-876,-491
-904,-515
-912,-505
-848,-475
-904,-475
-908,-437
-832,-423
-884,-453
-996,-531
-912,-489
-936,-495
-1012,-529
-940,-495
-928,-515
-928,-511
-952,-513
-956,-531
-900,-495
-960,-505
-888,-477
-912,-463
-884,-457
-832,-411
-788,-401
-820,-339
-788,-349
-832,-361
-892,-397
-924,-383
-896,-337
-920,-309
-928,-285
-892,-247
-764,-197
-804,-207
-812,-199
-792,-209
-820,-197
-812,-205
-868,-167
-824,-207
-788,-235
-792,-285
-772,-193
-784,-233
-828,-273
-772,-233
-788,-273
-744,-349
-820,-431
-872,-463
-880,-479
-920,-499
-944,-511
-828,-449
-896,-455
-880,-471
-876,-479
-940,-507
-944,-513
-880,-485
-848,-447
-820,-407
-780,-367
-856,-389
-844,-409
-932,-449
-904,-499
-852,-469
-944,-499
-996,-533
-920,-491
-952,-489
-1016,-529
-1040,-519
-936,-461
-860,-437
-932,-463
-908,-475
-904,-487
-884,-475
-836,-451
-888,-495
-976,-521
-908,-505
-908,-487
-884,-487
-964,-523
-988,-545
-1004,-527
-1000,-541
-1016,-549
-960,-529
-972,-531
-960,-511
-928,-509
-960,-523
-956,-525
-1004,-521
-888,-479
-928,-509
-856,-463
-884,-491
-932,-517
-844,-487
-864,-479
-896,-503
-928,-511
-884,-503
-952,-535
-880,-483
-968,-513
-924,-503
-1016,-561
-916,-509
-992,-539
-968,-525
-1072,-563
-1044,-567
-984,-549
-972,-541
-944,-521
-920,-517
-956,-521
-912,-479
-940,-515
-848,-439
-852,-443
-940,-483
-868,-459
-932,-509
-968,-527
-928,-501
-1000,-551
-1028,-549
-976,-543
-864,-475
-916,-515
-1008,-545
-1012,-553
-1072,-577
-1000,-545
-1028,-557
-1068,-571
-1008,-537
-1028,-561
-932,-521
-900,-503
-968,-519
-844,-431
-828,-395
-860,-341
-852,-393
-820,-381
-904,-441
-896,-453
-968,-483
-948,-509
-900,-481
-944,-505
-988,-535
-960,-527
-980,-533
-916,-505
-940,-509
-968,-509
-944,-505
-952,-529
-968,-515
-944,-511
-996,-543
-916,-503
-876,-451
-936,-465
-968,-485
-920,-471
-844,-449
-896,-465
-888,-493
-932,-509
-912,-501
-860,-467
-852,-463
-800,-447
-892,-451
-876,-435
-884,-441
-812,-401
-916,-499
-924,-501
-992,-549
-1008,-553
-964,-531
-1004,-537
-1004,-521
-888,-451
-888,-459
-904,-479
-924,-499
-840,-459
-836,-457
-912,-493
-928,-525
-944,-509
-904,-505
-948,-521
-952,-521
-924,-473
-1052,-561
-992,-545
-856,-481
-916,-495
-872,-489
-884,-489
-900,-479
-924,-495
-972,-523
-964,-515
-892,-493
-1012,-517
-992,-511
-1008,-517
-984,-513
-944,-509
-888,-501
-984,-545
-992,-535
-924,-505
-896,-483
-876,-467
-840,-441
-824,-437
-872,-403
-880,-371
-912,-441
-904,-487
-892,-469
-892,-495
-996,-529
-1000,-539
-1048,-565
-932,-527
-860,-431
-880,-401
-880,-441
-916,-483
-832,-481
-924,-507
-1032,-553
-980,-539
-992,-527
-948,-507
-960,-531
-944,-523
-900,-499
-944,-531
-960,-533
-884,-493
-928,-513
-988,-537
-1044,-563
-1052,-559
-1016,-551
-976,-531
-1008,-543
-924,-507
-948,-489
-892,-459
-904,-469
-908,-489
-844,-425
-748,-371
-756,-363
-808,-389
-848,-381
-900,-407
-908,-445
-916,-421
-856,-367
-824,-321
-820,-305
-844,-303
-808,-273
-844,-333
-888,-361
-928,-401
-892,-375
-844,-353
-880,-373
-836,-371
-848,-395
-776,-373
-752,-341
-824,-335
-848,-367
-772,-369
-800,-319
-868,-373
-748,-307
-768,-365
-824,-415
-704,-357
-780,-381
-824,-387
-872,-423
-836,-379
-820,-393
-920,-445
-860,-369
-828,-351
-848,-397
-796,-339
-836,-393
-880,-385
-868,-395
-844,-425
-816,-409
-784,-343
-756,-335
-820,-321
-808,-363
-856,-361
-840,-399
-812,-407
-752,-403
-780,-405
-788,-403
-844,-453
-844,-433
-956,-527
-928,-509
-928,-485
-896,-475
-944,-487
-968,-505
-920,-487
-944,-471
-972,-483
-864,-455
-848,-477
-928,-509
-920,-495
-912,-489
-892,-495
-932,-497
-920,-509
-928,-507
-920,-473
-948,-511
-860,-453
-796,-441
-844,-453
-904,-485
-876,-495
-832,-447
-844,-475
-912,-507
-952,-509
-864,-473
-904,-479
-920,-461
-924,-501
-1012,-547
-884,-511
-936,-501
-988,-541
-904,-479
-952,-493
-936,-459
-856,-405
-804,-405
-904,-439
-1008,-529
-972,-517
-1008,-537
-924,-483
-880,-457
-864,-437
-848,-437
-868,-443
-852,-407
-776,-359
-756,-353
-796,-397
-772,-419
-804,-425
-856,-423
-892,-433
-856,-399
-872,-447
-836,-449
-876,-473
-908,-465
-896,-433
-864,-463
-908,-479
-964,-505
-896,-479
-880,-433
-936,-475
-864,-451
-912,-455
-860,-417
-828,-393
-772,-319
-816,-321
-740,-279
-752,-311
-796,-371
-768,-307
-704,-269
-752,-239
-824,-287
-868,-333
-828,-333
-860,-367
-860,-347
-896,-395
-808,-397
-816,-385
-828,-341
-844,-311
-864,-351
-920,-397
-960,-463
-840,-465
-932,-493
-956,-497
-832,-435
-832,-363
-844,-341
-788,-313
-788,-277
-900,-339
-952,-401
-896,-353
-908,-329
-912,-281
-840,-209
-816,-119
-836,-115
-816,-135
-800,-107
-852,-121
-760,-143
-744,-185
-824,-173
-884,-169
-864,-111
-856,-133
-848,-119
-816,-107
-712,-53
-660,-83
-692,-33
-704,-41
-720,-103
-808,-203
-740,-237
-772,-187
-784,-175
-820,-169
-768,-159
-740,-215
-724,-249
-716,-255
-844,-209
-908,-201
-976,-191
-844,-193
-788,-201
-796,-117
-800,-57
-704,-137
-792,-155
-844,-245
-760,-199
-764,-223
-756,-189
-760,-153
-756,-145
-684,-15
-708,13
-720,139
-732,181
-764,175
-720,155
-760,183
-772,221
-760,277
-788,281
-804,261
-780,261
-776,265
-780,227
-708,191
-748,179
-732,161
-756,253
-812,273
-860,259
-800,241
-776,175
-808,161
-808,193
-824,237
-868,387
-916,377
-880,403
-820,401
-804,359
-764,243
-828,269
-864,321
-808,309
-832,321
-884,383
-808,319
-764,315
-756,327
-744,319
-736,291
-796,291
-816,325
-812,223
-788,207
-684,171
-744,201
-760,207
-824,241
-800,311
-832,327
-792,335
-824,373
-828,347
-884,417
-860,425
-788,409
-876,451
-868,429
-884,429
-856,427
-960,467
-968,519
-856,465
-996,523
-964,529
-840,489
-908,491
-852,459
-864,441
-860,373
-824,425
-876,449
-840,417
-820,397
-792,403
-820,429
-772,405
-764,407
-788,447
-868,489
-924,515
-912,505
-892,449
-880,467
-800,463
-832,441
-884,459
-868,473
-884,477
-972,541
-956,537
-964,541
-956,529
-916,507
-928,507
-884,487
-960,513
-988,529
-936,521
-984,509
-916,483
-896,489
-960,529
-1048,561
-960,525
-980,537
-960,519
-896,469
-904,437
-900,473
-864,457
-792,407
-836,345
-796,307
-804,331
-728,303
-696,261
-756,211
-824,287
-804,283
-880,269
-892,293
-820,297
-856,303
-784,233
-772,245
-740,229
-732,223
-736,255
-816,345
-808,379
-824,381
-844,373
-816,385
-908,461
-804,427
-848,425
-892,421
-892,385
-888,399
-828,391
-884,433
-896,441
-928,427
-820,385
-904,451
-956,521
-952,505
-900,479
-948,495
-856,433
-940,479
-952,511
-944,507
-920,505
-948,529
-888,453
-780,427
-768,421
-828,437
-880,471
-956,527
-856,485
-892,495
-896,497
-908,511
-944,525
-948,517
-796,443
-860,485
-876,455
-892,491
-896,499
-860,449
-856,453
-840,443
-804,379
-888,413
-856,429
-880,461
-940,459
-936,491
-1008,533
-920,505
-956,517
-952,493
-948,483
-912,509
-920,475
-904,475
-960,495
-936,497
-900,479
-844,447
-960,493
-912,451
-952,451
-1032,447
-880,427
-896,441
-916,437
-884,395
-840,375
-840,431
-876,481
-860,471
-888,475
-924,511
-900,495
-964,503
-908,499
-1000,523
-904,439
-884,397
-848,371
-836,355
-804,335
-852,345
-796,363
-744,341
-844,349
-892,445
-852,455
-860,461
-940,479
-904,481
-940,491
-908,493
-992,541
-988,537
-920,517
-852,473
-872,475
-872,483
-936,483
-864,441
-768,365
-808,367
-788,331
-784,373
-872,435
-912,453
-868,417
-916,503
-984,529
-892,493
-860,475
-904,497
-1000,531
-1016,541
-892,489
-840,467
-952,517
-956,517
-1000,513
-964,533
-992,539
-1012,549
-1032,559
-1020,555
-964,515
-916,493
-944,503
-968,517
-928,511
-852,479
-928,507
-908,495
-928,499
-920,491
-924,501
-932,513
-840,463
-880,479
-912,505
-880,479
-960,501
-824,375
-728,361
-784,363
-796,345
-756,347
-764,313
-840,387
-820,395
-824,393
-776,377
-852,451
-900,437
-948,439
-860,407
-824,401
-864,417
-848,389
-836,423
-928,453
-944,431
-920,377
-948,447
-844,441
-756,413
-932,503
-928,513
-912,489
-864,445
-904,467
-860,419
-816,393
-864,411
-844,453
-944,489
-980,507
-940,467
-924,457
-888,451
-840,431
-932,487
-868,453
-816,433
-804,407
-840,437
-860,479
-964,531
-980,521
-956,525
-944,513
-888,473
-960,517
-952,505
-872,443
-828,439
-868,393
-884,405
-796,417
-856,463
-772,427
-848,437
-916,511
-980,521
-972,537
-1096,571
-916,493
-872,461
-896,441
-880,487
-956,519
-976,535
-1040,549
-936,503
-900,477
-900,489
-900,495
-976,521
-912,487
-1000,527
-980,525
-928,525
-980,541
-992,533
-944,503
-908,463
-980,473
-840,415
-928,439
-848,381
-824,403
-944,473
-892,479
-932,479
-896,391
-864,369
-872,351
-880,365
-808,323
-876,345
-828,365
-856,399
-828,397
-840,397
-808,403
-928,455
-868,427
-864,407
-776,367
-812,405
-844,425
-856,465
-856,415
-804,397
-852,431
-920,469
-880,491
-856,479
-884,483
-880,467
-908,495
-952,493
-920,483
-1016,545
-992,539
-936,527
-916,509
-924,503
-860,457
-968,527
-996,523
-928,509
-952,523
-988,525
-956,521
-956,525
-924,485
-920,467
-860,455
-808,449
-892,487
-904,473
-892,495
-824,451
-908,477
-836,387
-896,419
-876,447
-816,371
-864,417
-872,413
-888,407
-820,355
-804,345
-772,335
-780,321
-880,409
-784,407
-868,457
-856,427
-840,429
-844,389
-832,341
-780,303
-816,333
-764,249
-800,301
-812,229
-808,257
-876,283
-888,309
-832,357
-884,377
-844,321
-848,323
-836,333
-928,397
-880,351
-884,359
-888,379
-948,417
-956,423
-1048,499
-984,497
-940,475
-860,451
-892,497
-904,495
-944,527
-908,505
-924,525
-968,511
-804,411
-860,425
-848,453
-852,427
-848,371
-864,417
-884,461
-900,473
-928,479
-1012,537
-956,513
-904,475
-948,499
-824,411
-820,425
-832,383
-868,345
-864,411
-800,339
-864,341
-848,303
-944,331
-872,293
-852,305
-844,307
-728,249
-724,283
-820,349
-796,343
-768,315
-808,327
-852,357
-932,425
-972,449
-856,391
-860,359
-860,377
-828,327
-860,357
-828,267
-836,267
-816,279
-720,269
-796,297
-856,323
-760,279
-692,171
-784,213
-764,211
-764,135
-700,129
-700,71
-736,67
-696,11
-744,47
-756,61
-788,-39
-760,-75
-756,-47
-792,-45
-752,-65
-744,-29
-700,-27
-648,-75
-704,-119
-736,-191
-704,-149
-756,-167
-760,-167
-816,-215
-808,-215
-820,-287
-776,-265
-804,-263
-808,-319
-768,-369
-856,-371
-804,-373
-808,-367
-816,-413
-904,-485
-876,-465
-876,-471
-896,-469
-896,-493
-972,-525
-844,-437
-852,-407
-792,-349
-788,-305
-804,-339
-876,-399
-844,-403
-876,-417
-876,-445
-888,-491
-928,-499
-912,-497
-968,-523
-864,-469
-896,-493
-900,-507
-856,-451
-948,-469
-868,-437
-908,-443
-916,-435
-972,-473
-952,-489
-876,-437
-760,-387
-848,-447
-872,-437
-876,-477
-824,-467
-908,-469
-904,-431
-896,-467
-908,-487
-940,-483
-940,-497
-996,-505
-960,-497
-1024,-535
-928,-439
-908,-445
-800,-393
-904,-473
-900,-481
-920,-453
-868,-443
-820,-469
-836,-469
-920,-509
-916,-479
-948,-513
-908,-511
-972,-529
-944,-525
-940,-519
-848,-455
-828,-379
-788,-401
-800,-315
-820,-361
-840,-373
-896,-399
-872,-381
-900,-451
-944,-469
-928,-463
-952,-489
-868,-447
-856,-429
-972,-511
-856,-455
-896,-481
-876,-447
-812,-381
-832,-383
-820,-385
-944,-433
-960,-491
-976,-489
-972,-509
-980,-513
-1012,-541
-888,-469
-904,-439
-896,-449
-812,-359
-872,-403
-812,-331
-780,-317
-840,-381
-904,-399
-832,-339
-892,-333
-764,-327
-828,-409
-880,-455
-960,-459
-1000,-457
-884,-421
-812,-439
-912,-485
-964,-531
-908,-475
-948,-487
-988,-511
-900,-485
-904,-471
-904,-481
-920,-477
-948,-479
-932,-437
-864,-415
-756,-345
-792,-309
-816,-289
-828,-317
-764,-261
-860,-287
-864,-299
-920,-355
-888,-347
-848,-331
-796,-291
-824,-261
-808,-247
-820,-165
-828,-113
-836,-179
-884,-159
-828,-173
-840,-197
-788,-145
-800,-87
-748,-147
-760,-129
-796,-189
-780,-237
-836,-365
-884,-369
-800,-343
-684,-243
-768,-271
-812,-255
-796,-251
-720,-251
-772,-285
-848,-275
-812,-265
-696,-239
-752,-271
-832,-295
-872,-385
-884,-407
-960,-447
-828,-383
-840,-331
-904,-487
-996,-521
-1004,-517
-896,-489
-912,-477
-860,-457
-824,-439
-828,-439
-864,-447
-792,-399
-800,-421
-900,-479
-848,-445
-924,-493
-1000,-543
-840,-437
-844,-345
-844,-363
-748,-279
-776,-317
-740,-353
-812,-365
-880,-477
-916,-497
-976,-521
-924,-483
-892,-463
-912,-433
-844,-395
-900,-467
-856,-463
-868,-461
-864,-465
-816,-451
-844,-443
-884,-485
-964,-537
-908,-505
-932,-513
-996,-539
-904,-501
-968,-537
-912,-491
-944,-495
-936,-503
-964,-519
-900,-483
-876,-469
-920,-487
-932,-503
-836,-429
-832,-445
-972,-487
-948,-521
-920,-471
-920,-489
-888,-489
-960,-513
-872,-501
-848,-475
-900,-501
-932,-511
-928,-515
-1008,-545
-1016,-549
-988,-527
-928,-493
-956,-479
-932,-457
-968,-505
-880,-435
-876,-417
-872,-409
-804,-425
-752,-391
-856,-413
-916,-449
-864,-437
-952,-471
-984,-477
-984,-499
-984,-509
-924,-467
-832,-429
-800,-433
-844,-375
-832,-411
-936,-501
-872,-489
-916,-511
-900,-483
-912,-479
-844,-411
-792,-405
-828,-431
-860,-363
-872,-405
-844,-399
-864,-429
-904,-421
-920,-443
-920,-459
-884,-477
-904,-483
-1020,-543
-1068,-555
-956,-485
-980,-531
-960,-517
-952,-519
-900,-491
-912,-461
-844,-475
-836,-493
-924,-525
-828,-455
-856,-421
-884,-453
-820,-397
-816,-363
-916,-353
-852,-391
-716,-255
-868,-357
-864,-353
-888,-355
-900,-385
-868,-429
-916,-465
-936,-473
-888,-485
-884,-497
-948,-513
-936,-505
-920,-503
-1088,-573
-988,-537
-944,-513
-960,-533
-1064,-567
-1008,-553
-964,-515
-876,-467
-820,-457
-956,-521
-960,-521
-952,-539
-932,-495
-1032,-551
-1044,-567
-1000,-539
-1004,-551
-980,-541
-916,-495
-840,-439
-816,-409
-776,-371
-764,-365
-860,-449
-908,-481
-892,-469
-964,-515
-1000,-547
-904,-475
-908,-499
-868,-491
-844,-471
-836,-469
-992,-505
-908,-461
-740,-381
-772,-389
-792,-421
-820,-429
-832,-447
-888,-477
-964,-483
-908,-415
-868,-377
-928,-399
-1048,-497
-960,-499
-992,-505
-980,-513
-936,-473
-884,-457
-948,-459
-960,-497
-908,-473
-888,-489
-832,-433
-880,-469
-924,-505
-908,-495
-828,-465
-940,-517
-932,-481
-912,-475
-832,-467
-844,-465
-940,-471
-964,-487
-832,-427
-828,-387
-824,-325
-836,-341
-812,-407
-860,-443
-992,-537
-948,-499
-904,-485
-952,-519
-916,-509
-920,-509
-868,-485
-936,-523
-896,-473
-880,-489
-852,-439
-884,-447
-924,-469
-1052,-555
-1020,-559
-1000,-529
-900,-497
-880,-475
-924,-499
-960,-523
-924,-487
-916,-499
-848,-441
-872,-435
-900,-393
-828,-355
-848,-383
-880,-397
-856,-429
-756,-337
-736,-337
-824,-373
-860,-381
-804,-387
-856,-393
-792,-419
-848,-455
-840,-453
-896,-473
-888,-491
-940,-505
-1016,-527
-980,-467
-976,-441
-928,-449
-912,-457
-948,-465
-956,-473
-936,-487
-876,-475
-904,-463
-912,-487
-852,-457
-812,-397
-804,-385
-832,-359
-904,-405
-888,-373
-780,-335
-840,-363
-900,-413
-848,-355
-876,-359
-768,-263
-864,-267
-840,-237
-724,-143
-776,-107
-728,-145
-688,-179
-788,-245
-720,-299
-796,-285
-756,-281
-800,-275
-764,-265
-744,-293
-828,-317
-788,-339
-740,-243
-844,-359
-852,-363
-792,-375
-764,-369
-768,-355
-800,-373
-876,-381
-904,-383
-876,-391
-872,-393
-880,-439
-928,-473
-908,-475
-908,-507
-896,-475
-880,-467
-856,-447
-924,-505
-936,-515
-852,-451
-780,-397
-852,-405
-928,-467
-896,-461
-924,-481
-836,-405
-832,-403
-884,-395
-840,-351
-804,-275
-800,-291
-804,-351
-772,-363
-848,-411
-820,-413
-796,-411
-732,-379
-824,-425
-780,-413
-788,-439
-836,-441
-856,-445
-816,-411
-868,-437
-904,-399
-880,-333
-844,-315
-848,-349
-788,-329
-744,-321
-832,-367
-792,-409
-872,-377
-752,-293
-832,-305
-892,-313
-924,-301
-868,-239
-816,-261
-828,-267
-816,-281
-728,-243
-752,-285
-800,-293
-832,-275
-868,-277
-820,-285
-860,-247
-808,-253
-756,-181
-792,-259
-764,-253
-788,-253
-832,-307
-768,-381
-816,-393
-848,-391
-808,-387
-904,-483
-840,-459
-864,-437
-788,-425
-888,-447
-864,-387
-792,-343
-780,-375
-788,-395
-748,-373
-844,-447
-904,-445
-868,-467
-880,-505
-944,-517
-928,-491
-872,-473
-908,-491
-940,-507
-884,-483
-960,-505
-896,-493
-916,-483
-864,-449
-860,-445
-748,-355
-820,-453
-868,-471
-968,-519
-888,-491
-1000,-537
-1008,-545
-1016,-545
-916,-497
-900,-483
-908,-495
-892,-481
-932,-499
-912,-495
-948,-503
-956,-507
-928,-477
-932,-501
-884,-475
-920,-485
-956,-499
-872,-489
-904,-489
-848,-475
-896,-505
-948,-509
-976,-525
-932,-515
-920,-521
-912,-473
-872,-441
-896,-453
-904,-447
-924,-447
-904,-459
-888,-393
-884,-377
-752,-263
-748,-327
-816,-377
-732,-269
-712,-293
-800,-355
-772,-367
-880,-419
-760,-363
-808,-355
-888,-367
-952,-383
-880,-297
-864,-263
-904,-311
-912,-301
-944,-299
-920,-331
-860,-291
-868,-295
-800,-313
-796,-341
-840,-403
-784,-359
-896,-387
-916,-351
-920,-403
-916,-401
-920,-445
-964,-455
-936,-479
-936,-473
-908,-449
-848,-455
-948,-491
-856,-461
-892,-471
-956,-505
-952,-509
-1008,-555
-992,-543
-1016,-545
-968,-509
-1012,-555
-968,-531
-928,-529
-924,-507
-964,-525
-980,-509
-960,-485
-908,-469
-860,-455
-872,-479
-808,-433
-804,-439
-840,-413
-816,-419
-808,-435
-860,-485
-976,-507
-964,-473
-916,-463
-904,-477
-940,-501
-932,-515
-972,-537
-956,-521
-948,-507
-988,-531
-968,-519
-868,-465
-876,-471
-924,-485
-904,-487
-1000,-519
-968,-521
-940,-497
-936,-517
-992,-543
-868,-467
-900,-483
-904,-483
-936,-507
-876,-451
-812,-419
-872,-423
-828,-397
-836,-375
-860,-423
-956,-497
-948,-495
-932,-457
-876,-415
-912,-463
-952,-477
-948,-491
-980,-505
-916,-499
-1004,-509
-1000,-495
-1008,-513
-1000,-525
-956,-515
-876,-473
-872,-471
-812,-423
-808,-433
-824,-415
-756,-353
-812,-431
-852,-459
-848,-439
-860,-443
-880,-455
-824,-445
-832,-419
-836,-413
-872,-415
-916,-431
-900,-443
-848,-417
-936,-511
-900,-507
-888,-471
-852,-461
-936,-495
-972,-527
-940,-521
-908,-487
-948,-523
-924,-497
-940,-509
-912,-493
-988,-521
-936,-483
-940,-491
-940,-481
-844,-419
-908,-457
-924,-505
-928,-473
-968,-517
-932,-503
-928,-471
-964,-513
-904,-497
-868,-499
-940,-497
-1048,-567
-1080,-573
-976,-541
-932,-515
-964,-513
-972,-525
-980,-529
-964,-523
-936,-509
-892,-491
-940,-521
-876,-485
-928,-499
-936,-503
-844,-407
-916,-439
-1012,-489
-908,-431
-848,-385
-836,-401
-832,-401
-808,-397
-840,-439
-928,-489
-884,-433
-840,-421
-768,-363
-828,-421
-832,-425
-824,-431
-840,-417
-908,-495
-932,-511
-880,-489
-948,-495
-868,-471
-900,-503
-872,-415
-832,-349
-828,-343
-928,-399
-844,-439
-832,-417
-856,-425
-852,-403
-836,-395
-872,-471
-868,-485
-880,-493
-968,-513
-980,-525
-920,-487
-840,-441
-920,-481
-928,-479
-956,-529
-916,-505
-884,-463
-904,-429
-880,-439
-872,-443
-924,-493
-912,-507
-964,-513
-972,-523
-936,-505
-900,-491
-832,-455
-892,-479
-880,-469
-972,-517
-928,-491
-940,-487
-936,-513
-952,-491
-972,-513
-972,-501
-932,-475
-800,-387
-784,-377
-848,-361
-804,-365
-828,-369
-888,-411
-808,-329
-744,-313
-780,-369
-756,-349
-812,-299
-856,-317
-844,-315
-848,-395
-884,-387
-944,-409
-848,-369
-892,-407
-832,-413
-904,-475
-900,-475
-964,-505
-920,-503
-796,-425
-724,-371
-824,-451
-864,-483
-876,-497
-916,-501
-932,-487
-928,-483
-908,-455
-988,-531
-964,-529
-968,-525
-920,-495
-900,-453
-912,-461
-956,-513
-900,-487
-956,-501
-976,-513
-992,-523
-900,-465
-900,-461
-952,-499
-884,-439
-888,-433
-848,-419
-868,-443
-920,-483
-896,-483
-904,-483
-916,-507
-900,-493
-872,-473
-808,-389
-848,-467
-892,-501
-932,-497
-984,-521
-1028,-549
-952,-531
-908,-515
-968,-499
-920,-479
-928,-513
-880,-499
-928,-471
-748,-405
-800,-401
-896,-487
-980,-533
-944,-531
-972,-511
-956,-509
-904,-479
-728,-401
-844,-435
-988,-507
-816,-429
-808,-429
-752,-417
-764,-377
-816,-399
-864,-437
-792,-425
-768,-419
-852,-455
-872,-427
-936,-489
-896,-471
-900,-459
-880,-423
-908,-441
-920,-477
-980,-489
-908,-405
-952,-377
-904,-393
-920,-407
-812,-367
-820,-363
-868,-339
-804,-289
-772,-263
-796,-315
-816,-371
-868,-427
-892,-409
-840,-391
-828,-421
-800,-385
-868,-477
-944,-507
-908,-435
-892,-447
-876,-449
-832,-417
-856,-421
-824,-421
-880,-477
-876,-497
-912,-483
-920,-485
-916,-501
-896,-503
-924,-513
-1000,-539
-980,-527
-992,-551
-940,-519
-944,-501
-900,-473
-908,-461
-880,-491
-904,-507
-956,-485
-920,-433
-948,-449
-856,-415
-832,-417
-824,-393
-956,-425
-904,-407
-860,-411
-868,-417
-904,-449
-920,-457
-964,-463
-956,-479
-880,-441
-912,-477
-856,-453
-812,-443
-924,-493
-864,-489
-940,-501
-944,-491
-940,-505
-952,-529
-972,-533
-1012,-539
-988,-539
-912,-517
-940,-521
-956,-523
-968,-499
-996,-545
-976,-531
-1064,-567
-1060,-563
-1088,-573
-992,-533
-1020,-549
-1064,-573
-968,-533
-956,-533
-992,-519
-1012,-533
-976,-529
-904,-491
-908,-493
-928,-521
-824,-439
-924,-455
-928,-457
-920,-481
-948,-517
-904,-473
-900,-459
-920,-453
-924,-441
-896,-399
-912,-397
-848,-339
-832,-387
-792,-397
-844,-463
-912,-499
-832,-433
-784,-407
-840,-415
-832,-349
-864,-391
-916,-415
-900,-457
-824,-385
-832,-373
-860,-419
-864,-453
-848,-467
-900,-505
-988,-515
-940,-511
-888,-483
-912,-517
-912,-489
-936,-499
-996,-531
-1012,-551
-980,-517
-924,-471
-900,-465
-844,-451
-820,-393
-868,-357
-876,-351
-832,-333
-936,-391
-900,-425
-880,-425
-872,-433
-868,-445
-828,-431
-856,-433
-904,-431
-832,-427
-828,-413
-876,-483
-912,-495
-948,-527
-924,-481
-932,-479
-868,-467
-884,-479
-868,-461
-992,-535
-888,-481
-912,-477
-848,-433
-828,-445
-848,-445
-836,-455
-876,-463
-912,-481
-912,-479
-960,-499
-852,-433
-892,-431
-892,-445
-876,-431
-932,-475
-876,-467
-944,-507
-948,-505
-936,-487
-972,-515
-964,-477
-880,-487
-864,-483
-968,-511
-856,-455
-876,-439
-872,-433
-832,-403
-892,-433
-956,-493
-924,-473
-904,-491
-956,-525
-924,-489
-952,-521
-996,-529
-908,-475
-928,-507
-872,-449
-884,-439
-980,-479
-864,-429
-904,-407
-900,-359
-860,-345
-832,-337
-856,-345
-872,-343
-768,-321
-832,-297
-864,-325
-860,-283
-832,-259
-812,-277
-836,-357
-820,-343
-816,-337
-812,-323
-840,-327
-844,-335
-880,-361
-804,-321
-812,-343
-756,-315
-796,-257
-784,-265
-824,-333
-828,-351
-820,-313
-812,-303
-796,-261
-804,-189
-744,-179
-704,-181
-708,-155
-684,-151
-672,-179
-656,-119
-716,-41
-660,-13
-756,29
-696,-41
-784,-35
-712,-45
-672,57
-660,15
-664,31
-724,73
-740,1
-736,47
-816,-1
-728,37
-804,23
-792,45
-700,13
-744,13
-744,-15
-728,49
-760,-23
-808,-9
-800,61
-864,103
-840,187
-848,185
-892,221
-892,165
-904,179
-808,155
-756,177
-824,241
-856,297
-780,263
-844,273
-844,243
-872,231
-864,153
-784,101
-844,87
-796,125
-768,85
-772,165
-780,181
-776,199
-768,169
-808,161
-824,193
-820,171
-780,163
-792,151
-684,37
-716,25
-688,47
-724,-31
-720,-47
-732,-65
-688,-81
-700,-93
-676,-99
-756,-163
-768,-119
-760,-119
-692,-119
-744,-181
-736,-145
-736,-227
-800,-247
-808,-211
-712,-265
-720,-319
-696,-277
-724,-335
-792,-361
-800,-375
-832,-379
-848,-397
-804,-363
-788,-365
-792,-373
-872,-423
-972,-515
-904,-491
-836,-481
-948,-513
-948,-529
-956,-537
-976,-543
-904,-511
-944,-525
-900,-509
-940,-505
-932,-511
-920,-495
-936,-507
-988,-497
-1000,-533
-1048,-549
-988,-523
-936,-479
-948,-483
-956,-497
-872,-453
-944,-491
-932,-477
-896,-429
-908,-461
-916,-447
-960,-509
-932,-483
-936,-503
-928,-505
-916,-503
-928,-513
-924,-505
-944,-535
-956,-527
-976,-531
-976,-525
-1024,-553
-924,-501
-928,-501
-880,-459
-844,-471
-900,-489
-900,-487
-860,-439
-824,-411
-804,-373
-848,-439
-896,-459
-932,-459
-920,-461
-932,-525
-996,-549
-1068,-571
-964,-517
-892,-465
-852,-441
-860,-423
-964,-455
-892,-431
-836,-403
-872,-411
-896,-381
-848,-397
-884,-411
-968,-477
-912,-451
-872,-429
-940,-501
-904,-469
-788,-405
-860,-447
-908,-489
-932,-491
-924,-489
-964,-517
-892,-477
-848,-447
-928,-455
-864,-427
-800,-349
-808,-327
-804,-325
-880,-363
-892,-411
-888,-385
-836,-421
-912,-459
-816,-425
-856,-427
-876,-445
-888,-469
-892,-455
-920,-405
-872,-357
-884,-351
-808,-287
-772,-241
-812,-295
-792,-329
-856,-393
-816,-419
-836,-433
-836,-385
-836,-347
-828,-325
-820,-367
-892,-407
-836,-411
-760,-359
-860,-391
-860,-405
-844,-389
-792,-419
-880,-479
-896,-459
-896,-477
-968,-499
-880,-457
-868,-441
-836,-433
-932,-485
-960,-493
-892,-459
-916,-477
-928,-469
-972,-507
-964,-491
-880,-445
-860,-431
-860,-445
-840,-437
-800,-441
-736,-397
-816,-409
-844,-423
-920,-465
-928,-495
-828,-461
-892,-505
-828,-469
-824,-437
-852,-429
-784,-375
-812,-357
-796,-329
-776,-383
-812,-419
-896,-467
-920,-477
-948,-471
-932,-483
-956,-509
-924,-503
-860,-447
-928,-483
-944,-445
-940,-427
-916,-449
-908,-481
-948,-521
-924,-515
-992,-517
-956,-525
-892,-507
-912,-481
-884,-493
-880,-429
-928,-459
-904,-483
-980,-519
-932,-489
-908,-471
-872,-457
-840,-423
-916,-425
-968,-467
-884,-423
-888,-451
-920,-483
-848,-445
-896,-437
-844,-415
-916,-437
-892,-393
-872,-427
-848,-395
-864,-409
-848,-397
-824,-381
-836,-429
-816,-421
-900,-477
-928,-501
-984,-519
-988,-533
-968,-533
-960,-505
-900,-493
-948,-523
-1052,-549
-1012,-539
-904,-489
-936,-485
-864,-485
-920,-495
-908,-445
-836,-413
-844,-415
-860,-443
-944,-479
-860,-465
-896,-483
-932,-487
-924,-507
-944,-519
-908,-475
-908,-485
-956,-517
-932,-493
-964,-521
-936,-501
-1004,-517
-888,-479
-988,-527
-992,-537
-980,-531
-992,-545
-984,-543
-924,-503
-832,-413
-856,-433
-972,-485
-976,-485
-936,-447
-796,-383
-824,-351
-740,-291
-724,-301
-768,-349
-756,-331
-780,-369
-820,-421
-860,-431
-884,-441
-928,-467
-920,-471
-888,-479
-920,-493
-996,-501
-968,-523
-920,-507
-924,-497
-916,-499
-984,-523
-996,-549
-960,-525
-932,-521
-992,-535
-976,-525
-1012,-525
-1028,-551
-984,-535
-896,-517
-988,-545
-976,-537
-964,-535
-1032,-551
-976,-529
-972,-523
-976,-527
-936,-465
-908,-491
-936,-485
-904,-471
-836,-459
-944,-507
-960,-519
-872,-477
-968,-523
-956,-529
-908,-507
-880,-485
-920,-497
-1000,-547
-992,-523
-1060,-547
-1044,-535
-868,-481
-1004,-535
-976,-517
-852,-457
-844,-453
-772,-405
-860,-425
-900,-459
-900,-427
-876,-423
-928,-419
-940,-465
-944,-479
-928,-517
-936,-501
-920,-501
-980,-517
-984,-501
-972,-505
-1008,-533
-972,-537
-928,-501
-1004,-529
-940,-507
-960,-487
-960,-507
-916,-497
-900,-481
-880,-489
-1004,-529
-968,-519
-900,-467
-952,-501
-896,-503
-928,-517
-932,-513
-940,-523
-984,-539
-956,-527
-928,-509
-932,-485
-952,-487
-964,-525
-1016,-549
-924,-521
-940,-523
-1068,-565
-1000,-531
-936,-487
-1032,-543
-996,-537
-940,-527
-916,-513
-900,-465
-940,-529
-964,-535
-1052,-549
-996,-531
-964,-521
-928,-491
-896,-489
-840,-481
-944,-503
-988,-523
-900,-497
-988,-543
-888,-483
-824,-455
-856,-479
-980,-521
-952,-491
-928,-475
-908,-453
-848,-425
-964,-467
-920,-481
-892,-485
-1012,-525
-864,-469
-948,-511
-964,-517
-888,-471
-844,-431
-904,-467
-856,-409
-836,-409
-872,-433
-904,-421
-876,-461
-876,-469
-860,-457
-960,-515
-984,-535
-972,-505
-860,-463
-844,-379
-832,-351
-804,-349
-852,-349
-824,-317
-856,-305
-816,-243
-768,-281
-724,-213
-748,-245
-760,-229
-728,-185
-720,-119
-756,-5
-788,-73
-760,-57
-684,-43
-744,-99
-768,-109
-816,-141
-764,-91
-732,-149
-740,-223
-796,-175
-776,-251
-804,-289
-752,-269
-764,-299
-776,-321
-896,-359
-900,-367
-860,-331
-844,-245
-808,-301
-852,-333
-880,-413
-916,-455
-844,-457
-808,-435
-892,-505
-932,-513
-920,-485
-848,-449
-856,-465
-852,-451
-944,-499
-948,-513
-932,-515
-972,-505
-972,-511
-1016,-533
-972,-523
-892,-499
-852,-449
-856,-433
-848,-433
-888,-459
-880,-465
-864,-447
-888,-431
-864,-387
-900,-411
-892,-407
-848,-365
-876,-401
-828,-365
-856,-371
-904,-455
-912,-457
-964,-489
-928,-483
-924,-501
-924,-521
-856,-461
-848,-451
-880,-481
-876,-453
-968,-473
-884,-355
-880,-321
-796,-351
-800,-305
-820,-307
-804,-349
-824,-373
-852,-393
-852,-411
-880,-381
-860,-361
-884,-385
-848,-421
-948,-469
-868,-465
-948,-495
-892,-447
-944,-487
-888,-453
-904,-467
-892,-443
-948,-465
-920,-451
-884,-471
-928,-447
-892,-417
-960,-411
-884,-379
-840,-375
-812,-383
-812,-423
-880,-455
-916,-475
-864,-477
-836,-393
-852,-407
-896,-427
-892,-467
-900,-425
-880,-469
-888,-473
-884,-461
-828,-433
-892,-449
-784,-411
-828,-443
-832,-437
-920,-459
-892,-463
-908,-475
-976,-503
-908,-501
-880,-485
-928,-513
-860,-477
-784,-399
-856,-451
-900,-463
-852,-467
-812,-427
-768,-383
-784,-343
-688,-331
-796,-345
-764,-325
-860,-379
-772,-327
-768,-353
-856,-421
-836,-381
-820,-387
-748,-333
-764,-339
-824,-385
-796,-361
-820,-313
-796,-283
-872,-353
-820,-323
-912,-375
-828,-357
-752,-345
-760,-309
-812,-327
-772,-275
-788,-341
-700,-289
-760,-271
-680,-289
-816,-363
-832,-383
-808,-369
-876,-361
-916,-353
-848,-339
-844,-323
-848,-315
-828,-361
-844,-391
-728,-361
-812,-357
-900,-437
-832,-435
-864,-449
-840,-449
-876,-447
-812,-437
-856,-465
-848,-445
-912,-473
-872,-439
-824,-425
-872,-455
-844,-455
-868,-471
-916,-491
-932,-509
-968,-505
-856,-461
-896,-461
-940,-507
-900,-473
-876,-437
-864,-431
-852,-379
-828,-353
-780,-333
-764,-309
-720,-195
-700,-221
-688,-255
-760,-289
-796,-347
-752,-315
-740,-363
-804,-397
-908,-463
-836,-451
-828,-449
-884,-467
-856,-487
-884,-483
-844,-483
-864,-475
-884,-465
-884,-463
-928,-457
-928,-469
-796,-427
-824,-439
-792,-405
-848,-455
-856,-475
-1000,-535
-984,-535
-960,-527
-932,-503
-992,-529
-1004,-539
-892,-505
-856,-481
-892,-495
-916,-503
-908,-487
-984,-541
-936,-521
-872,-467
-944,-471
-864,-427
-804,-411
-784,-393
-804,-421
-884,-451
-936,-479
-932,-505
-888,-499
-1032,-549
-944,-501
-996,-537
-1000,-541
-956,-513
-972,-507
-972,-511
-856,-429
-828,-395
-816,-395
-836,-355
-860,-395
-732,-287
-832,-255
-780,-297
-716,-319
-760,-283
-800,-293
-756,-231
-860,-295
-844,-335
-876,-339
-876,-363
-932,-381
-840,-363
-784,-331
-748,-293
-860,-319
-840,-277
-804,-295
-836,-263
-896,-241
-868,-239
-856,-287
-824,-277
-808,-289
-784,-233
-788,-283
-708,-223
-696,-215
-784,-311
-780,-351
-784,-369
-840,-419
-856,-401
-836,-421
-880,-467
-892,-475
-872,-489
-992,-531
-900,-495
-928,-487
-976,-515
-952,-513
-944,-501
-964,-495
-888,-431
-864,-423
-876,-459
-816,-389
-860,-413
-820,-383
-860,-397
-908,-447
-892,-429
-924,-455
-924,-435
-948,-481
-904,-489
-900,-495
-872,-459
-940,-475
-972,-507
-968,-529
-960,-485
-944,-467
-940,-463
-856,-467
-936,-511
-880,-451
-952,-501
-972,-523
-940,-505
-976,-525
-948,-507
-928,-473
-1016,-499
-980,-497
-936,-481
-956,-453
-864,-397
-864,-389
-868,-425
-936,-489
-980,-503
-972,-505
-920,-455
-924,-459
-868,-461
-876,-455
-932,-513
-980,-541
-908,-499
-888,-469
-868,-451
-936,-489
-896,-495
-964,-517
-876,-487
-988,-537
-932,-497
-880,-491
-936,-491
-948,-507
-916,-477
-864,-473
-920,-517
-824,-459
-872,-491
-904,-505
-936,-527
-968,-525
-992,-519
-948,-507
-900,-469
-888,-401
-884,-397
-820,-377
-868,-421
-932,-477
-948,-479
-856,-409
-832,-409
-844,-433
-872,-419
-892,-429
-840,-413
-804,-393
-836,-381
-896,-421
-868,-407
-884,-445
-944,-487
-884,-461
-920,-461
-924,-471
-888,-465
-936,-485
-960,-509
-932,-505
-956,-495
-848,-409
-880,-449
-888,-443
-904,-445
-916,-499
-904,-463
-892,-475
-940,-513
-972,-529
-1004,-535
-996,-541
-936,-511
-1004,-547
-848,-497
-928,-503
-948,-517
-920,-493
-904,-457
-940,-471
-936,-493
-892,-443
-904,-407
-916,-385
-920,-423
-904,-471
-876,-445
-872,-447
-868,-441
-824,-389
-760,-345
-768,-377
-812,-413
-880,-401
-884,-435
-832,-397
-844,-383
-908,-443
-980,-505
-932,-485
-864,-467
-936,-499
-912,-475
-836,-417
-816,-383
-912,-385
-932,-405
-880,-329
-780,-285
-820,-257
-716,-219
-752,-227
-744,-235
-712,-269
-720,-285
-708,-245
-740,-205
-752,-269
-756,-257
-792,-221
-792,-275
-876,-371
-816,-327
-896,-389
-816,-383
-804,-373
-836,-387
-864,-439
-868,-471
-896,-501
-924,-497
-944,-509
-940,-519
-944,-497
-924,-481
-844,-465
-900,-487
-952,-517
-1012,-543
-908,-489
-944,-493
-868,-443
-888,-455
-992,-505
-864,-449
-920,-471
-932,-483
-956,-517
-940,-503
-868,-499
-824,-433
-780,-417
-788,-379
-736,-311
-760,-299
-628,-211
-696,-255
-808,-327
-808,-331
-760,-331
-812,-361
-824,-397
-824,-375
-864,-427
-920,-461
-936,-507
-892,-469
-860,-447
-876,-405
-872,-411
-912,-439
-844,-363
-816,-383
-844,-401
-796,-339
-828,-331
-824,-309
-744,-265
-808,-321
-888,-399
-812,-429
-808,-429
-856,-447
-836,-467
-832,-459
-888,-471
-948,-503
-960,-499
-832,-437
-828,-389
-828,-363
-852,-349
-812,-295
-840,-403
-864,-441
-856,-425
-908,-467
-852,-419
-840,-415
-820,-395
-840,-441
-784,-425
-944,-521
-880,-469
-776,-403
-756,-411
-832,-431
-888,-437
-880,-425
-912,-439
-856,-387
-808,-421
-796,-355
-828,-421
-872,-461
-860,-467
-816,-441
-828,-453
-916,-485
-908,-489
-900,-503
-872,-461
-896,-439
-920,-457
-924,-489
-856,-457
-820,-423
-848,-437
-832,-449
-856,-467
-892,-491
-896,-507
-968,-517
-932,-519
-932,-495
-928,-501
-880,-471
-876,-489
-896,-501
-936,-507
-1008,-525
-992,-535
-988,-527
-992,-515
-884,-483
-880,-481
-876,-471
-836,-427
-952,-467
-864,-455
-916,-485
-856,-461
-896,-449
-888,-423
-916,-441
-864,-397
-824,-397
-896,-439
-836,-381
-872,-409
-884,-429
-820,-405
-900,-447
-972,-515
-968,-527
-1000,-527
-948,-495
-892,-469
-1012,-539
-924,-511
-928,-509
-924,-495
-960,-505
-992,-539
-988,-531
-956,-525
-1012,-545
-976,-533
-992,-529
-908,-513
-824,-441
-868,-425
-876,-405
-900,-389
-848,-369
-876,-421
-872,-411
-824,-417
-760,-371
-796,-387
-824,-347
-824,-367
-732,-339
-808,-335
-812,-311
-852,-343
-848,-393
-900,-401
-824,-363
-840,-331
-732,-283
-796,-329
-828,-367
-844,-373
-780,-387
-728,-345
-832,-393
-876,-355
-868,-339
-852,-341
-804,-245
-768,-261
-780,-235
-860,-269
-752,-221
-780,-225
-812,-219
-808,-193
-804,-243
-856,-305
-880,-327
-828,-247
-836,-193
-804,-163
-796,-183
-748,-209
-828,-233
-784,-197
-828,-201
-796,-179
-808,-171
-780,-157
-792,-105
-836,-69
-824,-163
-792,-159
-780,-163
-772,-271
-768,-387
-820,-413
-868,-409
-964,-477
-868,-431
-924,-495
-948,-521
-924,-493
-1036,-547
-1000,-527
-1012,-545
-976,-523
-944,-485
-916,-491
-980,-539
-980,-543
-964,-507
-900,-481
-964,-503
-924,-491
-948,-499
-984,-513
-988,-509
-948,-497
-928,-497
-932,-479
-928,-495
-940,-511
-896,-491
-948,-491
-972,-491
-1000,-507
-892,-471
-880,-449
-892,-447
-812,-379
-764,-343
-768,-347
-808,-367
-840,-323
-816,-321
-876,-377
-780,-333
-768,-359
-788,-363
-880,-363
-856,-353
-892,-355
-944,-415
-864,-329
-848,-321
-852,-341
-920,-411
-964,-447
-912,-449
-932,-471
-908,-479
-880,-411
-848,-421
-800,-419
-892,-457
-984,-525
-992,-501
-884,-463
-896,-477
-992,-525
-980,-485
-932,-483
-864,-437
-876,-443
-888,-439
-852,-437
-908,-429
-912,-429
-920,-443
-852,-445
-852,-457
-844,-427
-924,-465
-880,-461
-940,-487
-904,-499
-912,-515
-944,-517
-964,-525
-912,-497
-904,-475
-896,-473
-840,-447
-848,-447
-848,-441
-860,-453
-892,-483
-944,-503
-936,-503
-976,-543
-1040,-547
-1004,-549
-1000,-559
-916,-491
-988,-529
-964,-535
-952,-491
-912,-463
-912,-471
-964,-491
-896,-457
-856,-451
-904,-479
-940,-497
-848,-473
-880,-487
-908,-489
-952,-511
-940,-523
-1012,-531
-948,-497
-940,-493
-956,-485
-944,-491
-904,-487
-896,-491
-920,-485
-884,-475
-888,-477
-856,-459
-920,-485
-924,-491
-792,-399
-860,-419
-888,-425
-856,-469
-828,-449
-832,-439
-824,-427
-844,-427
-896,-481
-888,-451
-748,-375
-756,-413
-932,-501
-920,-515
-924,-505
-968,-493
-964,-527
-1024,-515
-956,-483
-1036,-543
-932,-505
-924,-517
-920,-485
-920,-485
-852,-461
-928,-485
-920,-507
-940,-515
-920,-515
-880,-477
-952,-521
-924,-513
-996,-535
-880,-493
-972,-525
-956,-517
-944,-499
-956,-487
-976,-493
-940,-497
-1004,-527
-876,-479
-884,-467
-856,-443
-908,-421
-872,-395
-832,-385
-808,-385
-808,-399
-872,-419
-820,-421
-888,-445
-820,-405
-908,-405
-856,-371
-832,-351
-780,-377
-780,-377
-868,-435
-896,-487
-912,-489
-880,-469
-812,-389
-864,-387
-928,-493
-908,-513
-896,-513
-900,-493
-924,-509
-920,-515
-996,-541
-996,-541
-1004,-535
-912,-485
-916,-503
-1008,-531
-996,-543
-928,-491
-936,-507
-908,-479
-888,-447
-864,-431
-944,-499
-1000,-517
-956,-481
-904,-475
-960,-537
-984,-533
-928,-507
-1012,-541
-912,-499
-880,-459
-900,-469
-924,-499
-1040,-541
-1020,-543
-1036,-551
-1024,-551
-936,-495
-964,-505
-888,-485
-880,-491
-980,-523
-936,-503
-936,-501
-912,-499
-856,-439
-860,-437
-928,-447
-952,-439
-908,-485
-984,-499
-996,-503
-860,-451
-796,-411
-776,-391
-840,-367
-832,-403
-888,-445
-876,-461
-968,-507
-924,-513
-924,-499
-928,-509
-896,-503
-996,-519
-964,-497
-804,-391
-768,-361
-764,-331
-748,-327
-724,-341
-864,-427
-912,-473
-884,-481
-916,-483
-956,-523
-964,-523
-956,-523
-988,-541
-1044,-565
-1028,-555
-960,-539
-1076,-577
-1000,-557
-1064,-573
-996,-533
-912,-503
-1004,-541
-1008,-543
-956,-515
-992,-527
-992,-485
-872,-401
-864,-363
-836,-369
-852,-393
-840,-401
-852,-377
-796,-363
-788,-379
-892,-477
-968,-529
-960,-523
-984,-521
-1000,-547
-908,-473
-844,-433
-844,-439
-892,-449
-876,-395
-936,-427
-860,-425
-876,-461
-828,-423
-888,-455
-880,-467
-904,-475
-908,-501
-996,-535
-944,-523
-932,-505
-908,-499
-900,-479
-908,-491
-856,-461
-940,-491
-928,-505
-832,-451
-880,-441
-916,-471
-864,-463
-952,-517
-948,-505
-964,-525
-1028,-561
-932,-511
-948,-493
-928,-481
-852,-457
-888,-443
-848,-421
-812,-439
-824,-437
-860,-451
-824,-449
-752,-385
-852,-383
-816,-365
-788,-401
-716,-391
-864,-425
-752,-383
-832,-385
-872,-415
-816,-403
-840,-425
-840,-437
-812,-439
-884,-493
-1044,-549
-1064,-571
-964,-525
-980,-493
-956,-525
-904,-497
-840,-443
-860,-425
-932,-469
-864,-465
-892,-495
-844,-457
-828,-437
-844,-441
-860,-461
-956,-501
-948,-519
-916,-489
-992,-537
-976,-519
-904,-487
-896,-485
-844,-473
-860,-455
-1016,-547
-1044,-567
-1016,-547
-900,-475
-860,-433
-868,-421
-916,-431
-892,-451
-972,-501
-896,-461
-828,-403
-816,-399
-884,-431
-884,-431
-868,-435
-884,-451
-924,-441
-836,-407
-904,-403
-864,-405
-852,-391
-896,-433
-888,-433
-828,-431
-892,-459
-908,-477
-940,-515
-936,-517
-852,-449
-852,-465
-852,-431
-836,-427
-852,-427
-904,-441
-836,-407
-880,-443
-924,-447
-860,-373
-928,-429
-856,-425
-812,-429
-884,-467
-796,-399
-876,-449
-844,-437
-792,-395
-816,-363
-820,-397
-884,-431
-860,-419
-872,-423
-832,-419
-776,-393
-824,-411
-852,-459
-924,-491
-880,-471
-880,-451
-856,-431
-888,-463
-976,-501
-824,-389
-892,-409
-872,-413
-892,-439
-812,-405
-772,-361
-816,-389
-764,-347
-764,-353
-712,-327
-776,-305
-832,-347
-828,-371
-840,-365
-1016,-423
-992,-463
-1004,-479
-964,-435
-896,-413
-888,-437
-948,-475
-904,-475
-860,-429
-972,-487
-920,-497
-936,-495
-960,-517
-972,-509
-900,-473
-908,-457
-852,-467
-880,-463
-764,-399
-812,-339
-892,-357
-844,-373
-892,-407
-912,-381
-920,-389
-852,-395
-880,-397
-884,-415
-900,-381
-892,-451
-884,-455
-960,-509
-884,-457
-916,-479
-984,-471
-968,-465
-896,-447
-836,-457
-848,-451
-868,-469
-864,-443
-912,-445
-856,-437
-868,-467
-844,-485
-840,-455
-892,-483
-928,-499
-860,-431
-888,-493
-876,-485
-940,-523
-940,-521
-1004,-523
-920,-503
-928,-501
-892,-495
-876,-487
-932,-497
-1032,-555
-956,-515
-956,-513
-828,-471
-928,-515
-932,-525
-988,-529
-816,-475
-860,-473
-892,-485
-976,-523
-936,-509
-864,-483
-880,-493
-936,-521
-1044,-563
-956,-509
-972,-501
-968,-485
-944,-499
-908,-485
-920,-497
-900,-497
-988,-541
-972,-539
-992,-535
-916,-499
-864,-471
-896,-505
-888,-503
-1040,-567
-1064,-577
-1040,-555
-940,-535
-980,-529
-1008,-541
-964,-533
-900,-499
-936,-507
-800,-435
-832,-445
-816,-429
-920,-485
-880,-479
-896,-457
-972,-483
-936,-497
-976,-523
-920,-485
-792,-421
-876,-469
-852,-461
-912,-465
-868,-453
-832,-415
-864,-461
-880,-477
-876,-427
-812,-361
-792,-375
-780,-367
-800,-389
-792,-427
-792,-403
-820,-381
-824,-399
-868,-445
-832,-409
-872,-403
-856,-429
-880,-445
-840,-437
-868,-449
-868,-457
-912,-473
-944,-501
-960,-487
-884,-459
-872,-451
-832,-405
-872,-439
-848,-425
-804,-387
-780,-377
-792,-389
-836,-415
-824,-435
-800,-429
-896,-457
-816,-459
-904,-479
-848,-431
-976,-517
-936,-461
-864,-427
-872,-443
-892,-467
-848,-437
-916,-457
-852,-451
-900,-425
-896,-423
-888,-427
-876,-417
-932,-471
-856,-423
-960,-475
-1008,-511
-996,-533
-928,-507
-916,-501
-944,-509
-888,-465
-944,-509
-796,-431
-944,-513
-916,-471
-940,-487
-940,-489
-1020,-541
-1020,-557
-980,-537
-948,-529
-952,-531
-992,-539
-944,-507
-816,-441
-928,-479
-908,-457
-896,-463
-844,-421
-804,-411
-876,-453
-916,-421
-840,-415
-896,-473
-920,-511
-968,-513
-944,-513
-964,-507
-872,-463
-936,-491
-824,-425
-844,-437
-816,-403
-804,-405
-872,-439
-832,-397
-864,-407
-924,-463
-904,-489
-916,-483
-800,-447
-940,-513
-932,-511
-876,-473
-832,-421
-856,-403
-864,-447
-908,-485
-884,-445
-868,-435
-796,-411
-832,-435
-864,-401
-788,-343
-824,-467
-852,-473
-928,-485
-936,-483
-936,-505
-916,-517
-932,-513
-904,-479
-908,-501
-856,-459
-936,-519
-984,-519
-984,-527
-1020,-535
-912,-505
-932,-515
-916,-497
-968,-527
-892,-495
-860,-453
-832,-423
-896,-487
-1028,-553
-956,-517
-908,-483
-908,-497
-968,-541
-1000,-537
-1004,-547
-960,-541
-956,-533
-904,-485
-924,-487
-888,-461
-944,-471
-880,-439
-864,-445
-912,-479
-788,-441
-936,-509
-972,-517
-980,-525
-1008,-557
-1008,-555
-964,-519
-980,-523
-976,-523
-956,-511
-908,-495
-812,-415
-768,-377
-908,-455
-900,-425
-868,-457
-872,-447
-924,-481
-856,-461
-948,-507
-1016,-543
-940,-481
-924,-495
-852,-465
-884,-461
-952,-485
-828,-417
-828,-421
-888,-461
-920,-501
-896,-503
-960,-529
-904,-513
-864,-477
-992,-539
-952,-535
-880,-503
-844,-481
-876,-479
-920,-467
-876,-467
-872,-437
-948,-467
-960,-489
-924,-473
-920,-487
-912,-509
-996,-535
-980,-533
-1056,-549
-968,-479
-980,-495
-944,-471
-896,-459
-900,-463
-896,-481
-952,-495
-888,-461
-980,-493
-1004,-525
-892,-469
-960,-485
-900,-447
-972,-497
-984,-525
-1008,-533
-996,-547
-960,-527
-936,-519
-996,-525
-1016,-557
-920,-509
-1040,-547
-996,-543
-1008,-551
-972,-539
-848,-481
-888,-491
-860,-461
-832,-395
-856,-345
-904,-351
-848,-329
-776,-353
-876,-433
-916,-415
-824,-351
-828,-353
-808,-329
-832,-367
-832,-377
-828,-377
-828,-375
-696,-303
-756,-289
-768,-257
-756,-291
-760,-325
-756,-337
-784,-397
-844,-401
-880,-439
-904,-453
-856,-421
-872,-467
-884,-487
-860,-499
-952,-535
-1028,-553
-960,-511
-904,-505
-952,-505
-884,-481
-848,-447
-940,-483
-968,-495
-964,-509
-996,-519
-996,-517
-1008,-521
-968,-481
-1008,-513
-916,-495
-1008,-547
-1000,-535
-968,-519
-984,-525
-1060,-563
-904,-475
-896,-481
-844,-459
-968,-535
-968,-523
-916,-493
-940,-489
-988,-521
-944,-465
-812,-435
-852,-421
-900,-427
-952,-483
-940,-517
-928,-515
-984,-533
-880,-471
-780,-415
-848,-397
-896,-435
-908,-443
-884,-429
-912,-471
-832,-433
-888,-427
-864,-417
-860,-417
-844,-365
-836,-349
-816,-307
-776,-337
-804,-377
-864,-425
-752,-341
-816,-437
-884,-507
-900,-511
-984,-533
-908,-507
-936,-493
-896,-419
-960,-449
-864,-437
-868,-445
-916,-491
-876,-471
-972,-527
-896,-493
-972,-535
-1024,-517
-948,-507
-900,-489
-980,-495
-868,-479
-904,-501
-992,-547
-964,-533
-944,-525
-912,-505
-928,-507
-896,-477
-892,-469
-884,-475
-816,-387
-804,-371
-852,-463
-928,-473
-840,-477
-940,-519
-964,-529
-952,-517
-960,-509
-912,-473
-936,-437
-932,-489
-924,-465
-916,-481
-980,-505
-936,-499
-844,-403
-876,-387
-860,-423
-904,-449
-952,-465
-856,-443
-852,-435
-824,-415
-828,-417
-908,-465
-968,-477
-944,-487
-876,-375
-840,-333
-780,-315
-820,-271
-804,-257
-776,-285
-780,-235
-740,-219
-800,-269
-820,-261
-808,-255
-816,-193
-768,-243
-724,-265
-800,-267
-692,-175
-728,-161
-748,-187
-748,-189
-844,-279
-744,-265
-712,-225
-728,-287
-780,-307
-764,-325
-828,-335
-852,-329
-892,-311
-824,-279
-820,-237
-868,-239
-820,-245
-788,-229
-816,-251
-848,-279
-832,-331
-856,-385
-788,-381
-852,-405
-792,-345
-732,-197
-796,-239
-732,-197
-776,-195
-800,-215
-748,-171
-720,-161
-760,-231
-752,-171
-728,-159
-676,-221
-796,-323
-812,-369
-812,-387
-820,-429
-860,-451
-908,-499
-864,-459
-860,-463
-872,-423
-808,-417
-916,-499
-916,-495
-1000,-549
-1020,-561
-924,-519
-936,-519
-912,-485
-960,-483
-976,-501
-896,-485
-892,-497
-872,-491
-872,-463
-968,-511
-960,-491
-836,-449
-912,-473
-868,-379
-888,-401
-852,-395
-900,-421
-920,-471
-952,-477
-944,-491
-912,-493
-920,-495
-948,-483
-940,-453
-940,-491
-964,-515
-1012,-539
-984,-527
-968,-521
-964,-527
-1012,-535
-896,-487
-856,-479
-940,-513
-960,-525
-964,-537
-1004,-527
-1020,-553
-912,-507
-916,-505
-936,-489
-892,-463
-920,-501
-896,-483
-936,-521
-960,-513
-916,-499
-884,-491
-892,-451
-804,-343
-844,-327
-820,-327
-856,-333
-824,-353
-888,-403
-892,-415
-844,-405
-856,-407
-856,-439
-984,-499
-924,-453
-856,-431
-892,-443
-864,-459
-944,-515
-892,-485
-872,-475
-832,-437
-860,-459
-908,-497
-920,-497
-924,-505
-924,-503
-896,-449
-924,-489
-876,-473
-844,-457
-884,-479
-964,-523
-968,-493
-888,-463
-916,-423
-948,-431
-832,-371
-868,-361
-824,-341
-780,-357
-796,-367
-820,-381
-840,-401
-804,-369
-860,-423
-860,-423
-904,-471
-960,-537
-1020,-545
-948,-513
-952,-507
-976,-519
-960,-519
-940,-517
-972,-525
-900,-493
-836,-443
-844,-423
-848,-375
-832,-285
-788,-189
-884,-275
-844,-285
-840,-349
-760,-321
-784,-301
-744,-279
-768,-305
-708,-267
-840,-345
-860,-359
-848,-349
-864,-355
-796,-291
-800,-309
-816,-323
-836,-315
-788,-301
-840,-335
-816,-359
-744,-375
-856,-403
-940,-449
-924,-463
-848,-431
-880,-423
-908,-465
-900,-487
-984,-505
-932,-485
-892,-465
-892,-473
-924,-479
-844,-435
-908,-467
-884,-473
-944,-509
-876,-443
-900,-479
-872,-437
-752,-393
-804,-403
-884,-443
-916,-497
-960,-507
-984,-511
-948,-479
-896,-491
-896,-499
-872,-457
-840,-421
-892,-469
-884,-475
-912,-493
-924,-501
-928,-497
-908,-443
-952,-509
-984,-527
-1012,-509
-1048,-545
-1060,-551
-1040,-553
-984,-537
-996,-541
-1036,-561
-1052,-553
-1020,-517
-928,-475
-928,-443
-924,-455
-896,-453
-812,-413
-896,-495
-888,-469
-920,-515
-984,-523
-972,-535
-980,-505
-928,-449
-948,-451
-876,-435
-920,-473
-860,-461
-864,-455
-952,-511
-876,-459
-872,-433
-876,-441
-824,-395
-788,-371
-824,-355
-820,-351
-856,-309
-824,-341
-792,-373
-836,-413
-840,-375
-840,-359
-856,-377
-928,-461
-948,-483
-840,-447
-840,-467
-884,-477
-940,-495
-960,-527
-944,-517
-976,-525
-916,-505
-968,-531
-948,-517
-884,-507
-928,-509
-908,-505
-972,-517
-936,-491
-840,-439
-744,-339
-804,-283
-776,-301
-828,-279
-832,-347
-772,-317
-884,-411
-816,-409
-852,-433
-828,-381
-836,-383
-896,-421
-884,-429
-840,-411
-912,-447
-900,-463
-944,-521
-928,-511
-964,-515
-936,-481
-964,-525
-1020,-539
-948,-517
-936,-479
-932,-503
-928,-501
-896,-499
-920,-507
-920,-499
-856,-451
-972,-499
-968,-489
-968,-533
-928,-511
-868,-469
-888,-497
-1020,-543
-896,-497
-928,-501
-888,-475
-936,-513
-980,-523
-1052,-563
-1036,-549
-936,-517
-984,-533
-856,-419
-840,-443
-880,-433
-912,-439
-924,-439
-864,-427
-924,-481
-924,-499
-844,-427
-776,-353
-808,-419
-932,-469
-948,-485
-908,-435
-904,-433
-972,-521
-920,-503
-912,-489
-892,-443
-864,-461
-868,-447
-816,-429
-840,-385
-848,-441
-848,-381
-856,-387
-844,-387
-804,-319
-804,-331
-896,-377
-900,-349
-828,-327
-808,-353
-848,-381
-808,-387
-804,-365
-840,-351
-784,-343
-824,-379
-820,-343
-832,-327
-688,-253
-756,-153
-792,-169
-796,-149
-796,-185
-772,-187
-736,-157
-728,-193
-772,-261
-720,-241
-756,-257
-784,-349
-708,-311
-696,-307
-744,-329
-804,-347
-804,-349
-820,-377
-900,-443
-808,-387
-816,-431
-900,-455
-892,-447
-884,-461
-896,-447
-868,-405
-892,-443
-896,-471
-872,-483
-880,-471
-932,-525
-968,-521
-1012,-553
-880,-483
-912,-481
-960,-519
-876,-485
-864,-477
-908,-495
-852,-473
-880,-491
-940,-485
-972,-493
-920,-469
-884,-489
-852,-419
-832,-371
-748,-377
-848,-459
-944,-501
-948,-489
-916,-495
-916,-467
-880,-487
-896,-491
-916,-501
-868,-453
-888,-477
-920,-503
-960,-527
-940,-497
-900,-483
-828,-435
-828,-449
-832,-431
-852,-449
-848,-431
-752,-387
-844,-453
-760,-401
-844,-447
-852,-411
-812,-429
-868,-419
-872,-385
-840,-329
-832,-361
-916,-443
-852,-447
-868,-477
-912,-489
-892,-463
-968,-531
-940,-497
-964,-525
-956,-525
-924,-517
-904,-491
-972,-525
-932,-495
-1004,-507
-880,-459
-916,-487
-912,-485
-820,-447
-844,-467
-896,-505
-876,-507
-904,-509
-980,-539
-984,-537
-1020,-551
-892,-487
-976,-495
-924,-489
-944,-513
-948,-507
-972,-519
-916,-481
-908,-461
-836,-439
-896,-473
-848,-467
-876,-473
-884,-499
-928,-515
-964,-517
-968,-545
-936,-507
-972,-509
-916,-493
-836,-489
-940,-525
-884,-479
-916,-459
-868,-435
-896,-421
-832,-403
-812,-409
-808,-391
-768,-315
-804,-327
-824,-359
-944,-467
-904,-441
-836,-393
-716,-353
-804,-425
-808,-399
-800,-419
-828,-455
-800,-451
-868,-445
-912,-409
-936,-443
-820,-371
-848,-407
-968,-411
-980,-449
-1000,-475
-948,-469
-860,-451
-848,-385
-924,-427
-868,-411
-848,-375
-760,-373
-900,-377
-892,-359
-864,-389
-876,-371
-860,-345
-792,-295
-776,-351
-808,-339
-768,-361
-804,-351
-856,-399
-896,-433
-884,-433
-856,-425
-812,-401
-792,-331
-840,-375
-780,-349
-864,-393
-964,-429
-884,-389
-884,-401
-852,-387
-916,-465
-868,-423
-820,-415
-852,-449
-868,-469
-872,-457
-848,-459
-856,-437
-824,-421
-876,-441
-912,-393
-864,-407
-908,-431
-848,-413
-928,-451
-888,-425
-856,-417
-920,-487
-940,-487
-892,-461
-828,-423
-876,-465
-868,-467
-820,-403
-848,-461
-960,-481
-988,-497
-988,-491
-968,-511
-944,-527
-988,-533
-976,-519
-988,-521
-988,-525
-1012,-547
-884,-497
-864,-479
-848,-465
-908,-459
-872,-463
-932,-495
-904,-451
-880,-465
-916,-467
-956,-477
-952,-485
-940,-513
-1000,-533
-964,-515
-932,-519
-1008,-519
-1036,-551
-1032,-555
-1060,-569
-976,-545
-928,-523
-928,-515
-980,-525
-976,-523
-856,-475
-876,-485
-776,-431
-832,-435
-816,-427
-836,-413
-900,-419
-1000,-441
-992,-455
-856,-379
-860,-361
-876,-413
-912,-465
-900,-443
-892,-447
-920,-485
-912,-483
-908,-473
-892,-453
-884,-439
-792,-413
-856,-437
-908,-391
-872,-427
-844,-433
-908,-461
-840,-437
-932,-493
-812,-449
-872,-443
-832,-427
-748,-301
-764,-339
-824,-345
-876,-395
-896,-395
-864,-395
-784,-319
-908,-457
-936,-507
-928,-495
-944,-517
-924,-509
-836,-451
-792,-407
-768,-353
-868,-375
-788,-317
-744,-295
-696,-319
-752,-361
-700,-363
-804,-413
-948,-485
-932,-477
-840,-441
-880,-481
-712,-309
-712,-349
-812,-383
-804,-395
-864,-431
-940,-477
-868,-437
-896,-481
-896,-481
-948,-525
-908,-497
-936,-485
-920,-483
-904,-481
-856,-455
-788,-425
-852,-473
-936,-499
-936,-511
-948,-495
-856,-479
-908,-507
-944,-505
-1000,-551
-924,-473
-1020,-547
-1028,-563
-1004,-549
-988,-537
-932,-501
-868,-445
-896,-439
-840,-457
-992,-501
-992,-503
-1012,-527
-1028,-541
-1020,-539
-1040,-553
-956,-527
-932,-515
-880,-491
-904,-499
-900,-445
-880,-429
-804,-401
-928,-461
-924,-475
-872,-459
-876,-467
-948,-503
-948,-515
-996,-511
-996,-525
-952,-527
-984,-545
-1000,-515
-972,-505
-964,-499
-844,-443
-812,-393
-828,-403
-864,-461
-880,-485
-948,-499
-968,-511
-884,-463
-908,-483
-896,-465
-708,-383
-808,-393
-848,-431
-944,-483
-868,-471
-848,-477
-904,-493
-900,-491
-968,-511
-932,-515
-900,-483
-948,-481
-948,-515
-936,-517
-852,-487
-912,-501
-992,-539
-1028,-555
-920,-517
-976,-515
-888,-479
-872,-439
-852,-403
-804,-401
-880,-427
-920,-471
-928,-471
-892,-481
-932,-515
-928,-491
-892,-479
-872,-497
-872,-487
-824,-465
-860,-485
-940,-493
-880,-477
-884,-459
-832,-429
-932,-501
-1016,-555
-968,-521
-960,-493
-956,-503
-904,-479
-872,-467
-932,-505
-920,-509
-904,-493
-872,-491
-908,-493
-928,-525
-972,-539
-816,-471
-896,-491
-884,-445
-852,-445
-808,-435
-948,-469
-912,-457
-848,-415
-944,-469
-964,-469
-976,-515
-996,-535
-960,-523
-992,-539
-992,-547
-1004,-543
-984,-527
-988,-527
-1016,-545
-972,-519
-924,-497
-1000,-517
-928,-465
-924,-483
-864,-489
-916,-519
-972,-523
-928,-495
-944,-511
-1032,-547
-924,-503
-964,-489
-948,-493
-896,-483
-900,-491
-920,-501
-976,-499
-932,-503
-912,-511
-952,-519
-1004,-561
-964,-523
-956,-513
-912,-483
-836,-445
-844,-433
-984,-503
-844,-473
-940,-513
-908,-471
-900,-455
-856,-437
-968,-503
-956,-521
-944,-501
-948,-471
-880,-407
-908,-393
-804,-285
-796,-343
-792,-355
-764,-349
-796,-391
-916,-463
-832,-407
-780,-367
-736,-361
-860,-413
-852,-403
-884,-409
-804,-405
-828,-357
-840,-359
-828,-263
-800,-251
-736,-239
-740,-329
-772,-295
-744,-245
-732,-271
-836,-285
-900,-281
-808,-185
-896,-213
-904,-185
-808,-163
-848,-197
-788,-179
-760,-217
-780,-209
-780,-249
-696,-281
-760,-287
-744,-329
-884,-437
-916,-463
-892,-393
-908,-451
-896,-441
-960,-481
-864,-441
-888,-453
-824,-461
-856,-451
-908,-455
-824,-405
-800,-435
-800,-455
-812,-437
-888,-481
-928,-499
-896,-485
-960,-505
-932,-443
-948,-509
-936,-485
-952,-503
-956,-455
-980,-457
-872,-357
-896,-367
-896,-323
-912,-357
-876,-381
-936,-435
-936,-415
-864,-431
-968,-421
-908,-393
-880,-435
-820,-319
-740,-311
-764,-331
-880,-473
-920,-495
-900,-465
-928,-493
-892,-503
-940,-523
-932,-497
-924,-501
-900,-505
-900,-497
-964,-543
-984,-549
-1008,-541
-920,-493
-844,-445
-864,-453
-848,-425
-856,-447
-912,-467
-948,-511
-920,-505
-836,-463
-792,-463
-976,-535
-928,-507
-940,-459
-824,-413
-876,-387
-860,-407
-920,-481
-872,-497
-964,-529
-928,-519
-984,-531
-900,-495
-952,-527
-976,-525
-896,-503
-944,-529
-936,-521
-1024,-545
-1016,-537
-1036,-549
-904,-497
-908,-505
-952,-505
-984,-493
-932,-501
-852,-421
-924,-467
-984,-495
-888,-473
-868,-443
-864,-419
-904,-431
-832,-399
-812,-385
-860,-429
-924,-445
-888,-447
-860,-413
-808,-407
-836,-413
-804,-365
-788,-359
-848,-415
-872,-457
-872,-423
-832,-387
-856,-381
-872,-367
-892,-397
-832,-339
-888,-425
-848,-417
-892,-455
-804,-419
-772,-405
-884,-479
-976,-511
-828,-449
-884,-457
-828,-413
-792,-417
-856,-431
-852,-423
-900,-461
-948,-473
-952,-471
-900,-409
-800,-333
-792,-327
-780,-345
-700,-245
-744,-213
-788,-235
-776,-211
-788,-163
-812,-201
-724,-237
-740,-217
-768,-295
-860,-343
-868,-389
-932,-407
-888,-379
-836,-345
-796,-343
-736,-335
-780,-329
-748,-349
-784,-395
-788,-373
-736,-357
-780,-387
-816,-401
-840,-413
-840,-401
-888,-395
-948,-437
-976,-471
-932,-439
-856,-399
-792,-329
-852,-383
-880,-355
-788,-305
-860,-365
-876,-389
-880,-413
-868,-407
-892,-429
-840,-311
-876,-335
-860,-341
-848,-345
-876,-395
-828,-337
-784,-309
-828,-339
-824,-327
-912,-405
-916,-381
-876,-345
-876,-337
-860,-307
-848,-357
-820,-421
-864,-471
-852,-467
-856,-491
-928,-525
-928,-505
-868,-483
-944,-511
-920,-503
-940,-517
-968,-543
-1056,-567
-1036,-559
-1028,-541
-984,-529
-992,-523
-944,-527
-972,-531
-940,-513
-872,-485
-912,-509
-1040,-549
-916,-505
-924,-509
-980,-527
-960,-509
-1020,-535
-1092,-575
-1108,-585
-1080,-579
-1048,-565
-1016,-553
-976,-547
-1008,-553
-976,-553
-968,-535
-908,-513
-928,-519
-968,-515
-940,-493
-920,-479
-944,-467
-912,-459
-996,-521
-936,-473
-920,-473
-988,-495
-1000,-507
-964,-495
-948,-479
-1008,-495
-1016,-521
-1004,-533
-1056,-551
-1052,-545
-968,-521
-992,-529
-960,-513
-932,-513
-924,-513
-1016,-543
-1008,-535
-1004,-513
-900,-465
-864,-473
-868,-481
-944,-503
-992,-533
-972,-521
-940,-509
-916,-483
-980,-523
-928,-489
-952,-509
-936,-485
-936,-485
-904,-493
-900,-475
-864,-471
-900,-451
-880,-425
-868,-407
-856,-363
-832,-367
-792,-327
-848,-371
-832,-383
-816,-367
-872,-419
-836,-425
-904,-463
-856,-473
-928,-489
-1016,-537
-968,-497
-916,-515
-912,-503
-996,-543
-1020,-523
-888,-501
-936,-513
-968,-503
-896,-487
-936,-517
-936,-533
-1052,-567
-964,-519
-896,-497
-860,-471
-884,-445
-800,-435
-836,-433
-908,-473
-896,-433
-896,-413
-888,-417
-860,-439
-860,-433
-876,-431
-884,-447
-836,-437
-908,-471
-768,-381
-820,-347
-880,-397
-860,-383
-936,-439
-932,-487
-932,-475
-916,-483
-836,-415
-828,-427
-916,-505
-932,-511
-852,-481
-884,-495
-916,-479
-844,-427
-860,-445
-896,-441
-868,-447
-820,-403
-876,-435
-840,-441
-876,-469
-908,-489
-900,-461
-876,-391
-792,-375
-832,-325
-804,-271
-820,-293
-748,-297
-792,-415
-824,-433
-912,-457
-920,-445
-876,-449
-900,-439
-932,-509
-1024,-535
-984,-499
-992,-517
-784,-415
-820,-419
-816,-439
-856,-423
-804,-427
-864,-489
-980,-525
-964,-533
-916,-505
-964,-501
-936,-467
-952,-497
-1008,-543
-932,-517
-968,-513
-1036,-561
-936,-509
-924,-489
-880,-497
-944,-501
-896,-497
-788,-439
-912,-501
-888,-457
-872,-455
-784,-385
-776,-349
-816,-401
-852,-343
-848,-361
-812,-373
-844,-401
-896,-419
-732,-363
-776,-377
-780,-351
-780,-357
-872,-363
-912,-427
-940,-485
-776,-387
-816,-413
-904,-453
-892,-473
-860,-441
-824,-423
-804,-407
-848,-427
-828,-423
-856,-433
-776,-389
-808,-435
-728,-393
-840,-413
-916,-483
-924,-507
-940,-489
-972,-491
-952,-499
-920,-489
-936,-499
-980,-529
-924,-497
-956,-491
-920,-479
-888,-489
-916,-503
-924,-507
-840,-447
-844,-447
-840,-417
-788,-395
-840,-421
-884,-437
-924,-489
-828,-415
-844,-429
-860,-433
-820,-387
-856,-391
-812,-345
-932,-315
-868,-313
-868,-271
-828,-197
-760,-215
-836,-335
-856,-249
-824,-163
-756,-179
-800,-171
-808,-291
-760,-319
-756,-329
-752,-277
-668,-263
-768,-305
-716,-229
-732,-297
-860,-311
-788,-315
-804,-277
-808,-267
-792,-259
-800,-261
-756,-225
-768,-229
-792,-253
-776,-285
-756,-327
-900,-371
-860,-393
-772,-353
-892,-391
-880,-337
-904,-249
-872,-339
-824,-323
-868,-419
-864,-431
-996,-501
-888,-487
-976,-517
-948,-479
-880,-457
-960,-477
-936,-469
-928,-479
-972,-523
-932,-511
-916,-491
-880,-439
-952,-469
-864,-389
-856,-405
-792,-399
-816,-379
-876,-441
-896,-395
-864,-429
-868,-437
-800,-423
-872,-451
-952,-467
-944,-491
-972,-515
-924,-511
-828,-487
-896,-505
-924,-499
-864,-471
-852,-467
-940,-507
-968,-523
-872,-469
-844,-443
-904,-465
-916,-473
-832,-441
-780,-435
-860,-463
-852,-453
-908,-491
-932,-489
-892,-483
-864,-465
-872,-459
-972,-511
-916,-469
-944,-503
-924,-505
-996,-537
-968,-531
-908,-495
-912,-483
-904,-503
-940,-523
-944,-501
-976,-469
-928,-443
-832,-405
-836,-381
-876,-395
-904,-435
-824,-401
-856,-427
-836,-387
-752,-347
-716,-277
-792,-317
-764,-335
-812,-379
-792,-431
-972,-527
-1032,-543
-920,-463
-856,-405
-820,-403
-864,-429
-864,-417
-764,-387
-796,-345
-804,-291
-852,-367
-820,-369
-852,-429
-840,-405
-900,-451
-936,-499
-864,-419
-848,-397
-892,-437
-876,-459
-892,-501
-980,-543
-984,-541
-880,-479
-940,-487
-904,-465
-880,-453
-920,-475
-900,-457
-884,-419
-908,-431
-896,-419
-900,-455
-900,-475
-896,-461
-884,-423
-884,-437
-876,-461
-944,-485
-856,-477
-912,-493
-904,-475
-868,-437
-876,-443
-888,-439
-796,-423
-808,-435
-796,-389
-792,-367
-900,-429
-940,-435
-944,-451
-908,-469
-832,-451
-928,-467
-920,-451
-856,-453
-860,-469
-872,-463
-812,-467
-888,-483
-812,-425
-808,-399
-800,-389
-868,-409
-888,-429
-860,-407
-880,-403
-920,-427
-964,-445
-1000,-489
-1048,-549
-976,-539
-948,-525
-900,-487
-868,-475
-908,-487
-956,-533
-936,-511
-896,-511
-964,-521
-956,-529
-1020,-553
-988,-543
-932,-517
-904,-471
-884,-465
-820,-397
-864,-359
-848,-353
-880,-389
-856,-359
-792,-329
-872,-431
-872,-477
-872,-493
-904,-483
-872,-479
-896,-471
-908,-451
-844,-417
-848,-451
-916,-457
-872,-449
-880,-467
-932,-499
-944,-487
-900,-481
-868,-473
-960,-479
-916,-467
-892,-473
-988,-527
-964,-521
-888,-493
-876,-467
-1016,-531
-944,-509
-860,-463
-872,-481
-828,-395
-852,-395
-780,-381
-792,-301
-820,-301
-772,-289
-772,-283
-752,-299
-760,-351
-836,-351
-824,-369
-812,-341
-804,-333
-824,-361
-744,-361
-764,-361
-812,-415
-816,-355
-868,-397
-876,-393
-780,-365
-816,-389
-792,-359
-740,-297
-784,-381
-812,-401
-812,-429
-860,-447
-832,-443
-840,-445
-852,-421
-876,-455
-960,-489
-956,-483
-896,-473
-960,-475
-984,-527
-904,-491
-916,-471
-904,-457
-952,-509
-896,-491
-908,-489
-896,-489
-828,-455
-812,-417
-872,-365
-868,-399
-888,-435
-920,-457
-920,-467
-864,-415
-828,-361
-772,-327
-736,-259
-780,-279
-728,-301
-680,-295
-692,-297
-712,-279
-772,-325
-876,-379
-788,-371
-728,-331
-820,-307
-696,-265
-776,-281
-840,-321
-796,-293
-816,-385
-852,-401
-868,-379
-808,-367
-812,-367
-800,-371
-804,-397
-788,-407
-888,-491
-896,-493
-844,-469
-840,-455
-904,-435
-852,-411
-860,-455
-852,-457
-996,-541
-896,-473
-992,-525
-1040,-553
-1012,-549
-924,-487
-920,-471
-856,-475
-848,-467
-824,-401
-836,-373
-884,-397
-968,-457
-924,-441
-832,-351
-868,-379
-856,-419
-880,-437
-768,-381
-800,-379
-904,-433
-920,-441
-984,-477
-1028,-519
-988,-525
-1052,-547
-968,-507
-968,-529
-1024,-549
-1000,-547
-980,-537
-984,-537
-992,-551
-952,-527
-908,-505
-992,-543
-964,-531
-916,-511
-880,-477
-876,-453
-908,-501
-892,-485
-856,-395
-840,-393
-816,-399
-832,-415
-852,-405
-852,-381
-828,-395
-884,-461
-852,-453
-936,-491
-924,-475
-908,-457
-888,-409
-948,-437
-872,-443
-956,-507
-904,-481
-956,-513
-944,-525
-940,-503
-908,-481
-924,-497
-932,-513
-948,-511
-1012,-535
-960,-507
-944,-483
-984,-475
-1016,-501
-956,-479
-940,-475
-856,-427
-780,-397
-784,-413
-768,-395
-900,-481
-852,-447
-944,-521
-1004,-539
-924,-503
-920,-475
-980,-509
-1004,-541
-992,-513
-932,-485
-956,-489
-936,-507
-984,-545
-996,-555
-956,-517
-772,-435
-832,-415
-848,-411
-844,-425
-880,-457
-864,-465
-964,-517
-976,-539
-1056,-557
-1064,-571
-1004,-547
-972,-525
-960,-515
-984,-515
-980,-521
-908,-495
-936,-519
-980,-537
-916,-497
-932,-485
-944,-479
-972,-449
-1060,-535
-892,-493
-928,-513
-1044,-559
-1012,-549
-964,-537
-1020,-553
-1064,-571
-976,-543
-956,-515
-940,-505
-920,-505
-984,-539
-940,-505
-892,-473
-904,-451
-876,-463
-852,-455
-856,-475
-852,-463
-828,-445
-848,-417
-844,-413
-888,-417
-980,-463
-896,-495
-916,-493
-940,-503
-952,-487
-948,-491
-864,-453
-896,-473
-820,-431
-792,-427
-852,-439
-828,-399
-792,-395
-812,-339
-836,-365
-884,-421
-848,-399
-896,-393
-832,-353
-856,-367
-872,-389
-844,-359
-860,-355
-824,-349
-836,-349
-868,-399
-788,-319
-800,-307
-716,-303
-736,-293
-808,-329
-800,-315
-888,-359
-884,-421
-876,-439
-888,-381
-784,-349
-872,-381
-856,-355
-868,-347
-864,-301
-864,-321
-800,-299
-800,-295
-904,-285
-832,-235
-836,-325
-884,-383
-924,-411
-860,-369
-796,-349
-804,-307
-820,-299
-764,-189
-764,-261
-764,-207
-760,-283
-764,-303
-808,-351
-812,-313
-844,-351
-960,-401
-880,-319
-808,-291
-772,-217
-828,-267
-852,-253
-840,-237
-832,-259
-780,-267
-856,-209
-784,-215
-808,-249
-796,-217
-760,-187
-860,-189
-888,-135
-808,-125
-816,-173
-820,-79
-800,-63
-732,-91
-748,-71
-716,-37
-720,-33
-768,15
-792,69
-776,161
-860,201
-772,209
-768,147
-812,177
-712,199
-796,227
-776,233
-840,347
-820,307
-828,261
-832,245
-784,269
-768,243
-764,273
-844,309
-780,291
-828,315
-796,319
-844,359
-828,353
-816,363
-788,317
-844,287
-812,287
-836,321
-764,315
-716,287
-768,303
-768,319
-764,337
-816,361
-820,315
-864,353
-836,315
-788,373
-800,355
-868,363
-856,445
-836,403
-932,451
-868,455
-872,467
-956,491
-924,473
-988,483
-912,413
-888,415
-868,437
-948,447
-936,485
-976,469
-948,489
-924,491
-1016,539
-928,499
-896,461
-880,463
-856,469
-920,483
-944,499
-924,503
-964,517
-1004,517
-968,537
-892,485
-936,513
-952,499
-920,493
-872,437
-952,457
-900,423
-816,393
-840,389
-796,397
-792,397
-784,363
-824,371
-784,401
-880,463
-884,479
-948,515
-876,485
-960,515
-928,501
-940,497
-888,493
-1016,533
-884,477
-960,527
-920,513
-1012,549
-1000,555
-932,503
-848,455
-884,479
-912,443
-968,489
-904,437
-904,495
-928,491
-920,503
-892,463
-916,425
-820,321
-828,279
-784,315
-732,297
-720,239
-840,303
-848,303
-840,341
-848,321
-780,323
-784,357
-724,317
-760,333
-836,397
-884,445
-952,475
-892,473
-864,481
-1004,549
-936,515
-952,517
-960,529
-952,525
-900,499
-916,511
-904,497
-940,505
-900,501
-940,513
-888,473
-808,431
-840,451
-796,423
-880,441
-900,463
-864,433
-872,423
-896,497
-964,533
-1024,541
-956,507
-988,499
-924,463
-948,509
-924,499
-868,449
-916,475
-816,383
-880,443
-884,463
-940,489
-908,439
-836,411
-820,413
-900,511
-908,503
-944,503
-964,517
-988,535
-1036,551
-1020,557
-1044,561
-940,507
-952,521
-956,511
-924,481
-904,453
-964,515
-912,505
-900,491
-884,487
-928,477
-864,479
-940,499
-904,497
-940,525
-968,525
-924,479
-804,383
-864,413
-860,439
-920,451
-856,391
-908,359
-840,295
-848,289
-812,277
-824,257
-868,293
-852,339
-732,333
-780,351
-764,311
-816,301
-828,351
-764,351
-840,373
-884,477
-948,523
-932,517
-916,507
-908,489
-996,529
-984,531
-936,501
-964,491
-924,451
-808,399
-836,393
-836,319
-848,315
-732,269
-724,283
-788,261
-780,281
-860,283
-832,309
-856,313
-836,309
-844,275
-828,263
-792,251
-824,191
-784,219
-744,239
-796,207
-904,215
-860,201
-804,237
-840,279
-840,261
-832,295
-784,277
-744,279
-836,345
-804,351
-852,375
-852,399
-848,403
-836,381
-844,433
-840,429
-808,421
-864,407
-872,457
-892,483
-944,475
-916,491
-812,443
-984,527
-892,477
-944,523
-956,519
-964,531
-896,511
-928,513
-916,513
-912,497
-904,475
-900,475
-980,527
-956,513
-972,515
-920,477
-904,485
-920,497
-832,453
-840,369
-804,341
-816,365
-792,343
-816,355
-852,449
-892,481
-928,463
-816,393
-832,427
-824,401
-888,395
-892,423
-892,413
-828,407
-872,455
-868,441
-820,431
-848,453
-856,473
-936,499
-912,479
-932,497
-856,449
-908,477
-932,473
-856,461
-932,471
-972,515
-956,523
-916,497
-916,487
-888,487
-880,447
-860,445
-920,485
-880,485
-848,481
-908,487
-880,473
-820,439
-948,493
-872,441
-1012,517
-976,499
-864,411
-832,361
-876,441
-820,433
-920,477
-892,485
-852,457
-748,429
-812,437
-924,469
-912,455
-884,471
-908,479
-916,491
-920,499
-860,435
-848,399
-768,307
-796,341
-764,323
-784,307
-804,235
-816,211
-816,147
-796,135
-832,135
-824,163
-880,259
-872,217
-840,207
-732,217
-776,237
-760,279
-804,307
-808,361
-788,349
-824,383
-892,417
-860,397
-836,385
-852,367
-852,413
-860,393
-840,369
-956,467
-920,461
-872,465
-936,463
-904,419
-872,409
-896,473
-928,465
-860,407
-832,335
-844,323
-856,261
-800,245
-872,217
-832,191
-752,203
-700,303
-772,319
-764,295
-800,265
-832,191
-864,271
-804,259
-800,231
-784,223
-840,307
-832,283
-764,241
-836,231
-760,261
-744,297
-808,329
-812,401
-848,411
-884,405
-868,395
-836,435
-888,413
-832,445
-860,457
-976,503
-952,517
-932,533
-944,521
-1004,533
-912,501
-908,513
-888,479
-900,471
-888,479
-888,483
-884,485
-876,481
-976,521
-1024,551
-936,505
-884,455
-868,435
-868,457
-908,437
-836,441
-868,483
-880,493
-988,547
-964,505
-920,481
-976,517
-924,493
-888,505
-952,495
-948,505
-888,477
-900,505
-900,483
-972,515
-940,507
-940,465
-836,389
-832,415
-864,409
-868,385
-848,373
-892,405
-856,417
-896,471
-1000,521
-956,487
-948,487
-940,505
-988,521
-964,521
-948,537
-896,493
-896,487
-872,481
-852,477
-872,473
-832,447
-920,475
-864,459
-936,495
-920,481
-940,487
-944,493
-908,471
-916,449
-900,465
-904,481
-940,499
-952,501
-924,489
-964,511
-900,497
-924,517
-1000,547
-972,539
-960,533
-940,515
-900,491
-924,497
-972,523
-852,473
-920,499
-864,473
-980,519
-924,489
-904,475
-836,427
-952,469
-972,503
-1020,549
-964,525
-952,533
-976,509
-952,493
-880,469
-952,499
-968,503
-936,487
-900,489
-920,461
-944,461
-916,463
-956,497
-952,505
-1024,545
-960,499
-888,463
-888,461
-936,525
-920,497
-868,453
-924,479
-884,443
-912,463
-880,441
-864,457
-916,489
-916,515
-940,489
-948,507
-928,511
-964,539
-940,517
-900,499
-920,481
-968,513
-952,495
-884,453
-868,427
-844,403
-788,323
-832,323
-848,333
-788,325
-800,371
-884,381
-916,405
-884,371
-896,363
-972,447
-920,477
-840,405
-928,391
-904,371
-892,349
-796,269
-832,327
-852,305
-808,277
-804,309
-844,341
-880,337
-804,319
-836,345
-788,331
-780,297
-772,353
-816,395
-892,461
-964,521
-1040,565
-1000,537
-924,497
-904,499
-944,503
-876,481
-972,525
-1000,523
-904,489
-964,517
-956,515
-896,493
-892,475
-952,527
-940,523
-904,509
-860,455
-812,439
-840,431
-960,503
-936,479
-892,485
-828,453
-888,475
-876,481
-908,497
-960,537
-968,527
-900,493
-852,453
-880,451
-904,473
-908,469
-864,437
-828,381
-892,415
-904,437
-856,371
-796,317
-828,343
-932,413
-956,429
-832,341
-896,405
-908,413
-888,375
-852,323
-768,265
-776,261
-692,249
-768,187
-816,209
-812,189
-760,213
-792,199
-736,177
-728,137
-808,131
-808,163
-800,187
-828,201
-808,201
-796,241
-740,185
-692,189
-676,181
-740,211
-708,183
-724,159
-724,97
-716,69
-768,135
-764,139
-768,75
-836,73
-760,53
-712,29
-812,-11
-852,-9
-748,-43
-748,-131
-680,-101
-720,-147
-768,-157
-732,-201
-744,-225
-732,-239
-764,-199
-772,-217
-772,-223
-856,-249
-852,-227
-864,-257
-900,-277
-820,-281
-876,-319
-812,-295
-708,-173
-756,-209
-752,-239
-792,-245
-812,-205
-736,-207
-800,-251
-864,-283
-808,-293
-824,-267
-820,-299
-828,-297
-788,-249
-712,-217
-804,-275
-832,-269
-836,-303
-848,-307
-816,-281
-828,-243
-888,-283
-832,-311
-880,-347
-832,-333
-844,-313
-888,-301
-808,-233
-764,-231
-772,-265
-908,-345
-892,-357
-888,-405
-936,-451
-924,-457
-864,-437
-804,-419
-876,-431
-856,-437
-892,-419
-928,-367
-880,-313
-808,-323
-816,-369
-800,-355
-804,-365
-800,-387
-848,-429
-848,-425
-812,-375
-788,-361
-816,-361
-848,-345
-896,-355
-884,-379
-808,-347
-892,-337
-924,-331
-848,-311
-788,-273
-760,-291
-820,-361
-800,-399
-872,-461
-928,-507
-916,-483
-908,-479
-920,-485
-876,-481
-860,-481
-872,-483
-888,-451
-868,-421
-744,-339
-716,-333
-780,-359
-784,-293
-776,-267
-844,-361
-840,-403
-852,-421
-976,-487
-916,-479
-1000,-543
-912,-493
-892,-485
-828,-399
-792,-357
-820,-407
-900,-441
-872,-431
-876,-421
-812,-401
-904,-477
-864,-453
-924,-491
-928,-481
-876,-463
-908,-485
-912,-501
-880,-479
-888,-495
-952,-521
-976,-519
-912,-479
-896,-495
-940,-525
-968,-539
-896,-491
-912,-509
-984,-507
-868,-489
-836,-451
-920,-445
-944,-485
-880,-467
-920,-479
-912,-453
-844,-441
-924,-485
-892,-475
-828,-449
-848,-441
-832,-425
-848,-429
-880,-449
-904,-465
-888,-477
-976,-547
-888,-507
-860,-469
-784,-427
-868,-473
-900,-493
-944,-525
-996,-549
-932,-501
-1008,-517
-988,-531
-1040,-563
-1072,-567
-916,-521
-912,-507
-1000,-531
-1040,-549
-1036,-543
-956,-501
-936,-493
-960,-517
-956,-521
-948,-525
-988,-543
-936,-501
-904,-453
-844,-435
-852,-437
-876,-459
-876,-469
-912,-483
-892,-485
-932,-523
-924,-531
-960,-519
-928,-517
-944,-505
-952,-501
-924,-463
-952,-473
-888,-423
-864,-459
-908,-485
-968,-519
-908,-485
-820,-415
-884,-449
-908,-471
-944,-463
-884,-429
-792,-377
-812,-399
-896,-451
-916,-485
-812,-445
-912,-499
-992,-545
-984,-549
-948,-531
-1024,-549
-932,-519
-860,-485
-908,-503
-816,-449
-808,-425
-880,-447
-904,-477
-992,-545
-952,-507
-1020,-551
-960,-529
-856,-465
-864,-477
-936,-523
-916,-513
-936,-527
-1012,-539
-944,-499
-908,-479
-972,-519
-920,-503
-988,-495
-876,-461
-800,-429
-880,-453
-876,-477
-936,-519
-980,-537
-980,-535
-992,-533
-1040,-543
-908,-517
-984,-515
-952,-457
-852,-421
-864,-393
-828,-379
-828,-377
-824,-355
-884,-375
-920,-351
-900,-397
-828,-381
-836,-401
-832,-411
-844,-417
-900,-423
-836,-395
-864,-431
-908,-433
-868,-401
-952,-405
-860,-373
-824,-319
-880,-273
-852,-307
-876,-377
-956,-405
-932,-421
-876,-391
-876,-435
-856,-437
-852,-421
-900,-375
-816,-373
-764,-379
-836,-389
-832,-363
-820,-331
-800,-289
-780,-293
-792,-355
-800,-369
-824,-431
-864,-443
-888,-457
-920,-487
-904,-477
-940,-531
-1004,-557
-984,-531
-912,-515
-872,-483
-948,-517
-920,-487
-928,-469
-848,-435
-872,-453
-900,-481
-768,-413
-844,-433
-828,-413
-880,-411
-876,-403
-892,-421
-876,-431
-900,-423
-848,-423
-804,-349
-780,-385
-800,-417
-760,-361
-820,-435
-872,-447
-864,-433
-844,-433
-856,-437
-868,-467
-924,-513
-936,-503
-1024,-561
-1068,-555
-972,-517
-916,-477
-936,-507
-956,-529
-936,-521
-952,-525
-972,-531
-856,-487
-852,-485
-896,-493
-912,-503
-956,-527
-804,-423
-852,-457
-848,-461
-944,-487
-964,-491
-996,-483
-908,-477
-964,-509
-920,-493
-1044,-551
-1020,-555
-1000,-551
-892,-497
-980,-539
-936,-527
-904,-501
-944,-489
-912,-501
-932,-491
-944,-517
-880,-477
-884,-495
-880,-475
-964,-501
-984,-515
-1012,-537
-1016,-551
-964,-537
-956,-525
-968,-525
-900,-493
-880,-489
-888,-497
-928,-481
-820,-455
-892,-463
-892,-453
-912,-473
-908,-481
-896,-455
-884,-421
-868,-435
-852,-419
-908,-455
-860,-457
-900,-475
-804,-457
-932,-489
-980,-505
-996,-547
-900,-507
-896,-493
-968,-521
-1004,-541
-992,-539
-980,-531
-948,-499
-876,-449
-856,-439
-812,-399
-836,-459
-904,-493
-872,-477
-928,-515
-932,-521
-916,-503
-992,-529
-980,-535
-1012,-533
-1024,-549
-944,-521
-1036,-557
-952,-533
-980,-541
-976,-539
-1016,-555
-1016,-551
-868,-459
-940,-497
-944,-507
-888,-493
-908,-491
-940,-523
-952,-509
-972,-499
-912,-495
-928,-503
-936,-499
-952,-501
-840,-443
-960,-475
-952,-455
-956,-473
-920,-491
-968,-507
-900,-463
-968,-517
-928,-507
-900,-497
-896,-501
-952,-507
-928,-489
-892,-473
-968,-527
-988,-525
-988,-525
-996,-529
-996,-531
-952,-489
-896,-455
-936,-469
-956,-461
-840,-447
-880,-469
-928,-505
-924,-469
-968,-481
-824,-419
-868,-387
-884,-399
-888,-445
-960,-515
-1020,-533
-1024,-535
-1016,-555
-856,-467
-968,-533
-956,-519
-1012,-551
-976,-503
-892,-445
-844,-411
-920,-453
-976,-469
-984,-491
-936,-465
-976,-431
-900,-381
-844,-381
-828,-363
-752,-307
-836,-341
-860,-329
-860,-339
-856,-365
-892,-433
-868,-419
-808,-371
-916,-401
-912,-399
-900,-449
-812,-419
-832,-413
-832,-409
-780,-357
-876,-401
-796,-361
-900,-423
-956,-465
-956,-459
-904,-419
-772,-345
-912,-363
-892,-331
-868,-309
-848,-309
-852,-273
-880,-277
-852,-273
-792,-221
-816,-201
-760,-181
-776,-187
-736,-177
-752,-137
-720,-137
-700,-121
-724,-127
-772,-133
-772,-197
-832,-193
-848,-239
-864,-311
-820,-337
-828,-337
-812,-309
-904,-395
-860,-401
-844,-435
-780,-389
-792,-401
-792,-373
-904,-443
-864,-467
-828,-405
-792,-363
-856,-373
-808,-341
-836,-345
-792,-309
-796,-327
-808,-341
-824,-351
-884,-439
-832,-421
-836,-431
-804,-423
-876,-465
-796,-431
-840,-423
-800,-391
-900,-455
-812,-403
-812,-387
-760,-355
-712,-273
-732,-315
-780,-319
-816,-349
-752,-365
-776,-353
-900,-467
-816,-391
-824,-353
-740,-277
-780,-329
-716,-307
-816,-421
-848,-427
-868,-437
-852,-473
-840,-437
-852,-433
-716,-371
-848,-441
-880,-475
-928,-493
-836,-449
-872,-485
-872,-487
-824,-451
-888,-461
-884,-461
-908,-431
-924,-439
-852,-453
-892,-465
-860,-445
-876,-485
-916,-463
-840,-431
-824,-365
-836,-399
-788,-375
-836,-443
-936,-499
-920,-503
-812,-451
-892,-469
-912,-461
-864,-427
-844,-393
-768,-305
-844,-369
-760,-363
-840,-413
-908,-449
-848,-429
-848,-431
-864,-429
-884,-449
-900,-443
-892,-461
-852,-441
-804,-385
-820,-421
-772,-403
-820,-379
-852,-417
-836,-427
-916,-441
-800,-425
-928,-487
-956,-513
-904,-483
-956,-507
-968,-513
-880,-493
-1016,-545
-984,-537
-904,-511
-892,-491
-892,-485
-908,-489
-892,-485
-808,-465
-852,-459
-916,-495
-976,-499
-884,-433
-820,-429
-848,-431
-888,-479
-896,-465
-952,-503
-956,-507
-880,-453
-900,-483
-956,-505
-964,-529
-932,-525
-984,-515
-912,-441
-880,-393
-880,-439
-872,-423
-904,-413
-844,-353
-892,-379
-872,-345
-872,-341
-940,-325
-948,-309
-960,-337
-960,-363
-924,-315
-828,-227
-832,-213
-844,-141
-748,-89
-768,-135
-784,-179
-796,-255
-736,-155
-720,-173
-748,-145
-728,-177
-784,-225
-780,-221
-756,-259
-812,-231
-688,-227
-704,-239
-752,-257
-788,-235
-784,-231
-812,-217
-824,-181
-896,-163
-940,-149
-888,-137
-848,-95
-760,-101
-808,-149
-788,-75
-816,-97
-720,-69
-716,-113
-792,-155
-720,-145
-692,-151
-704,-199
-736,-193
-764,-197
-728,-217
-708,-221
-844,-269
-852,-261
-780,-277
-764,-247
-740,-247
-812,-273
-796,-291
-784,-321
-804,-301
-736,-277
-680,-249
-712,-241
-792,-331
-844,-379
-808,-373
-828,-417
-792,-379
-912,-419
-872,-407
-880,-419
-892,-457
-824,-413
-804,-427
-720,-387
-876,-461
-904,-471
-896,-483
-908,-483
-856,-451
-876,-457
-912,-469
-872,-443
-844,-407
-824,-381
-848,-395
-832,-387
-804,-351
-804,-331
-856,-331
-840,-315
-836,-309
-816,-317
-836,-367
-848,-343
-844,-291
-848,-305
-836,-251
-796,-225
-832,-235
-824,-217
-804,-287
-844,-397
-812,-413
-884,-455
-860,-427
-868,-473
-848,-409
-804,-357
-744,-365
-772,-405
-844,-431
-948,-449
-948,-473
-960,-521
-912,-503
-948,-501
-928,-483
-920,-493
-852,-447
-792,-411
-800,-411
-876,-453
-932,-475
-920,-465
-912,-439
-920,-437
-972,-409
-944,-309
-876,-287
-880,-255
-948,-289
-900,-273
-840,-311
-724,-239
-812,-241
-792,-217
-780,-215
-824,-201
-860,-243
-864,-261
-868,-327
-880,-279
-880,-321
-924,-309
-884,-313
-864,-319
-820,-311
-732,-297
-848,-383
-836,-381
-896,-439
-976,-505
-920,-509
-912,-483
-980,-527
-1024,-543
-984,-531
-964,-503
-904,-439
-872,-449
-864,-449
-812,-399
-784,-425
-812,-419
-860,-457
-832,-445
-872,-459
-856,-447
-900,-423
-816,-329
-832,-365
-844,-363
-888,-389
-800,-363
-756,-281
-788,-331
-804,-329
-784,-313
-816,-337
-816,-321
-828,-337
-876,-419
-840,-407
-880,-473
-920,-455
-920,-479
-856,-449
-908,-489
-948,-515
-1040,-567
-988,-539
-996,-531
-896,-451
-928,-497
-948,-511
-944,-523
-968,-527
-1008,-545
-956,-529
-984,-541
-992,-545
-860,-485
-840,-465
-964,-509
-912,-469
-928,-467
-928,-453
-820,-447
-792,-429
-804,-413
-896,-487
-888,-493
-956,-525
-1020,-553
-1032,-563
-992,-551
-948,-497
-884,-475
-964,-511
-964,-515
-1008,-545
-856,-469
-808,-421
-828,-301
-828,-237
-852,-207
-816,-319
-760,-291
-812,-353
-824,-355
-828,-413
-872,-465
-968,-511
-920,-479
-864,-421
-892,-425
-864,-413
-896,-417
-888,-403
-940,-367
-928,-339
-864,-369
-948,-367
-972,-431
-904,-427
-928,-413
-848,-385
-840,-381
-776,-367
-816,-337
-856,-297
-844,-229
-848,-201
-856,-177
-828,-181
-824,-217
-840,-259
-872,-253
-860,-245
-892,-313
-808,-299
-900,-281
-804,-259
-756,-273
-788,-299
-820,-337
-836,-293
-832,-351
-852,-369
-868,-423
-940,-509
-924,-511
-896,-485
-980,-535
-880,-493
-920,-505
-876,-505
-988,-533
-928,-461
-964,-501
-908,-481
-884,-483
-888,-477
-892,-489
-852,-455
-892,-437
-852,-399
-836,-367
-880,-409
-816,-381
-808,-331
-816,-347
-816,-349
-864,-401
-776,-385
-836,-397
-844,-375
-764,-325
-700,-265
-664,-165
-724,-153
-696,-57
-712,-15
-788,109
-668,73
-720,133
-796,229
-832,269
-820,341
-816,337
-856,325
-800,291
-768,239
-796,207
-724,169
-744,181
-752,137
-752,173
-716,237
-752,255
-772,233
-764,235
-824,285
-832,301
-748,223
-764,159
-744,203
-720,233
-816,317
-816,331
-748,383
-832,437
-872,441
-852,425
-840,361
-804,349
-796,319
-780,347
-776,363
-760,395
-796,443
-832,445
-764,375
-812,409
-880,415
-844,421
-796,429
-872,477
-940,509
-888,473
-884,451
-884,451
-976,483
-940,481
-880,451
-924,489
-1024,539
-904,481
-936,509
-972,509
-924,493
-996,553
-976,519
-884,485
-920,455
-972,481
-928,473
-856,457
-872,421
-912,473
-892,459
-924,469
-964,499
-904,479
-972,507
-892,469
-884,477
-908,503
-904,495
-900,483
-844,457
-900,483
-912,463
-860,449
-848,457
-988,515
-984,519
-960,529
-1012,547
-992,547
-948,511
-952,517
-876,435
-928,481
-876,491
-888,469
-864,453
-892,475
-952,519
-976,533
-952,503
-1016,549
-1064,561
-988,521
-908,511
-976,539
-992,545
-984,543
-1000,545
-984,535
-908,519
-992,535
-992,545
-1044,567
-1044,567
-1044,567
-1028,547
-1004,545
-964,513
-940,523
-916,481
-952,501
-928,507
-996,547
-960,531
-884,485
-916,495
-980,511
-956,487
-856,445
-776,393
-872,465
-872,457
-856,459
-792,371
-812,383
-796,369
-808,373
-808,339
-828,379
-860,395
-764,339
-824,409
-824,379
-756,341
-804,317
-784,277
-780,297
-760,335
-824,363
-824,339
-772,309
-752,275
-792,309
-916,387
-892,433
-940,457
-916,425
-880,439
-896,455
-904,471
-952,485
-972,509
-924,489
-884,425
-892,419
-872,441
-840,463
-848,451
-856,469
-896,503
-920,499
-984,511
-924,455
-848,385
-896,419
-884,437
-848,419
-956,483
-860,447
-864,439
-944,481
-920,487
-912,497
-872,469
-868,459
-936,473
-896,489
-836,473
-872,493
-852,455
-876,505
-920,519
-936,513
-896,483
-876,427
-876,445
-928,459
-900,453
-804,407
-904,487
-884,471
-880,439
-892,431
-904,479
-848,445
-728,383
-792,425
-864,455
-820,435
-756,409
-880,413
-796,339
-808,353
-832,367
-880,395
-836,395
-852,359
-840,381
-796,335
-688,283
-716,283
-732,259
-708,317
-760,317
-716,315
-752,333
-792,367
-812,299
-840,305
-820,297
-828,313
-772,323
-844,347
-920,367
-848,341
-764,267
-736,263
-812,331
-848,399
-908,393
-844,329
-840,371
-776,331
-816,355
-876,359
-840,289
-816,261
-824,267
-812,257
-820,301
-796,305
-832,311
-880,317
-892,313
-876,253
-904,215
-892,219
-800,201
-860,231
-912,313
-924,331
-924,319
-796,295
-796,269
-840,293
-792,257
-804,265
-804,221
-708,169
-804,199
-772,219
-764,221
-752,191
-852,241
-816,143
-796,109
-792,65
-744,67
-812,59
-764,37
-692,43
-656,-47
-800,-79
-776,-105
-772,-101
-772,-143
-804,-179
-796,-209
-812,-197
-764,-257
-840,-241
-812,-245
-852,-153
-804,-87
-852,-93
-832,-125
-868,-207
-868,-271
-928,-317
-880,-303
-864,-261
-864,-315
-856,-289
-752,-223
-764,-273
-756,-225
-800,-257
-768,-225
-800,-247
-772,-299
-808,-335
-844,-389
-816,-287
-836,-323
-836,-317
-808,-391
-860,-437
-904,-423
-928,-451
-936,-469
-900,-461
-932,-433
-916,-461
-844,-409
-812,-337
-780,-263
-884,-213
-820,-159
-848,-165
-856,-187
-852,-171
-884,-229
-824,-217
-788,-221
-752,-213
-740,-245
-780,-255
-820,-355
-852,-411
-852,-413
-828,-411
-832,-443
-824,-435
-904,-469
-876,-463
-824,-417
-892,-485
-876,-465
-836,-435
-856,-423
-900,-435
-864,-431
-800,-387
-852,-441
-876,-469
-920,-491
-912,-481
-956,-511
-912,-493
-892,-483
-844,-399
-828,-371
-844,-381
-876,-423
-888,-451
-876,-441
-836,-433
-856,-425
-924,-465
-948,-499
-972,-521
-884,-469
-916,-467
-884,-467
-892,-479
-940,-517
-876,-481
-892,-475
-860,-441
-916,-469
-916,-473
-904,-435
-848,-395
-884,-391
-920,-453
-856,-443
-880,-431
-884,-475
-904,-465
-892,-485
-880,-491
-904,-483
-928,-513
-980,-531
-976,-531
-984,-531
-992,-545
-996,-527
-936,-505
-996,-513
-972,-495
-984,-515
-1004,-511
-980,-511
-1008,-541
-912,-465
-948,-419
-852,-409
-888,-397
-868,-397
-908,-453
-876,-417
-912,-459
-940,-467
-924,-477
-972,-523
-908,-483
-984,-507
-964,-479
-900,-445
-780,-369
-764,-355
-808,-313
-784,-287
-832,-301
-816,-307
-768,-301
-820,-353
-828,-365
-804,-341
-740,-355
-804,-385
-768,-365
-812,-419
-868,-433
-828,-381
-820,-379
-848,-343
-892,-421
-892,-445
-912,-477
-884,-449
-864,-423
-856,-389
-824,-367
-848,-405
-908,-435
-832,-415
-876,-397
-864,-397
-816,-373
-912,-415
-956,-433
-852,-377
-784,-349
-860,-417
-808,-367
-832,-397
-860,-435
-840,-397
-744,-307
-784,-245
-788,-213
-800,-177
-832,-197
-848,-291
-780,-241
-828,-297
-788,-239
-832,-245
-812,-265
-844,-317
-764,-285
-680,-217
-760,-209
-796,-189
-692,-117
-700,-119
-788,-85
-824,-93
-776,-21
-704,-1
-768,-13
-788,-115
-768,-135
-812,-119
-708,-137
-788,-141
-800,-131
-712,-127
-804,-195
-824,-203
-836,-169
-752,-79
-668,-191
-768,-231
-772,-299
-820,-331
-804,-317
-756,-233
-700,-197
-760,-263
-780,-303
-788,-329
-920,-337
-896,-321
-860,-365
-876,-349
-920,-377
-864,-357
-836,-365
-820,-269
-768,-235
-824,-239
-784,-199
-788,-145
-796,-243
-824,-315
-888,-359
-864,-377
-876,-415
-904,-475
-816,-435
-868,-503
-924,-501
-968,-509
-940,-509
-972,-519
-832,-441
-884,-465
-908,-451
-792,-365
-796,-377
-892,-395
-928,-435
-848,-435
-828,-401
-860,-403
-892,-437
-880,-429
-808,-395
-796,-379
-836,-333
-892,-381
-804,-349
-816,-367
-852,-407
-828,-395
-836,-447
-848,-445
-928,-487
-804,-415
-772,-361
-824,-303
-760,-201
-736,-205
-784,-119
-768,-197
-752,-221
-744,-261
-796,-317
-792,-325
-784,-395
-856,-451
-840,-441
-956,-507
-892,-497
-808,-419
-896,-417
-776,-377
-812,-397
-836,-423
-832,-435
-844,-447
-928,-487
-928,-509
-880,-471
-856,-465
-856,-447
-956,-475
-856,-443
-904,-473
-896,-469
-940,-471
-916,-489
-892,-475
-908,-503
-976,-521
-948,-515
-948,-515
-904,-437
-840,-391
-876,-397
-808,-345
-836,-275
-840,-189
-812,-131
-748,-77
-692,-81
-808,-131
-772,-115
-808,-77
-808,-95
-840,-93
-820,-73
-780,-109
-768,-111
-776,-73
-840,-61
-760,9
-828,-1
-836,-11
-836,-35
-796,-1
-756,-53
-740,-45
-808,-87
-796,-77
-800,-45
-840,-3
-824,29
-724,59
-660,59
-664,137
-700,127
-744,101
-736,101
-772,147
-832,215
-708,137
-716,79
-744,143
-776,95
-732,75
-700,95
-760,151
-792,175
-792,177
-764,185
-776,231
-772,225
-796,279
-832,341
-804,285
-844,299
-796,297
-788,261
-820,235
-824,305
-880,355
-784,341
-844,399
-920,461
-892,433
-956,505
-1028,527
-904,475
-912,497
-828,469
-812,457
-848,443
-836,433
-892,421
-896,483
-920,479
-968,527
-988,533
-864,463
-896,461
-832,431
-856,437
-824,441
-876,491
-904,487
-928,519
-916,519
-860,495
-900,507
-944,529
-940,503
-904,461
-840,405
-924,447
-940,443
-900,403
-904,419
-912,407
-828,395
-884,433
-916,493
-972,515
-920,485
-976,525
-1052,559
-936,511
-912,495
-972,511
-932,503
-952,511
-856,475
-876,445
-876,435
-812,399
-792,375
-808,363
-796,353
-836,359
-840,387
-788,383
-872,435
-912,433
-900,451
-840,415
-852,429
-872,457
-804,455
-748,433
-884,459
-852,431
-880,453
-840,447
-852,443
-896,465
-928,477
-820,409
-832,427
-812,403
-820,383
-856,405
-880,453
-896,437
-928,477
-964,483
-984,481
-972,483
-904,489
-1012,535
-892,485
-832,459
-936,503
-820,429
-844,421
-836,409
-808,369
-756,401
-732,401
-824,411
-800,403
-884,427
-876,395
-852,417
-860,393
-796,393
-808,399
-832,411
-856,425
-832,399
-852,397
-812,389
-780,385
-848,391
-908,459
-908,477
-808,415
-868,423
-924,425
-912,473
-868,403
-804,369
-848,377
-928,447
-940,457
-932,389
-848,369
-860,385
-824,381
-952,429
-880,395
-804,337
-756,307
-728,337
-796,383
-832,407
-864,375
-876,409
-928,471
-892,441
-860,431
-832,447
-824,403
-916,453
-836,431
-932,471
-808,403
-808,421
-908,465
-928,505
-864,461
-816,411
-836,391
-884,389
-888,425
-924,455
-948,505
-896,485
-900,495
-948,523
-956,513
-900,487
-936,507
-900,479
-852,459
-892,477
-760,409
-824,459
-868,477
-952,505
-912,505
-896,471
-900,495
-824,441
-820,363
-812,361
-756,357
-784,375
-892,453
-864,461
-840,423
-940,415
-808,365
-800,361
-768,347
-816,405
-892,475
-916,497
-980,527
-1064,555
-896,487
-952,535
-1032,539
-972,519
-984,509
-968,515
-928,499
-932,511
-944,491
-908,489
-876,475
-840,443
-824,455
-820,429
-864,453
-888,429
-872,441
-900,477
-844,481
-888,501
-936,519
-940,523
-936,533
-932,513
-944,503
-904,505
-832,469
-916,455
-848,397
-816,309
-752,303
-820,375
-852,345
-884,319
-804,309
-788,257
-748,227
-812,209
-836,205
-748,201
-780,145
-844,147
-776,129
-692,129
-724,61
-736,81
-788,31
-816,15
-752,25
-816,71
-904,19
-812,31
-804,-77
-840,-89
-860,-97
-804,-67
-792,41
-748,-9
-780,93
-732,-7
-792,-21
-832,-27
-784,63
-728,133
-792,193
-732,129
-752,203
-760,139
-716,91
-800,103
-792,67
-820,95
-760,87
-732,21
-788,31
-768,19
-672,39
-716,39
-768,165
-792,173
-788,175
-764,201
-768,207
-816,259
-804,245
-828,261
-780,301
-768,333
-860,319
-816,313
-816,397
-788,379
-864,459
-780,389
-776,413
-840,413
-724,333
-728,339
-784,327
-816,337
-896,411
-812,395
-840,391
-948,437
-920,439
-880,405
-780,323
-792,307
-704,233
-752,305
-820,305
-800,341
-820,355
-836,305
-800,301
-764,261
-724,265
-780,331
-788,307
-796,345
-768,283
-796,379
-760,327
-804,303
-792,399
-872,435
-828,421
-884,435
-956,507
-952,477
-896,467
-852,441
-880,465
-920,487
-948,507
-900,485
-956,521
-876,469
-960,505
-908,475
-908,487
-912,451
-836,401
-888,435
-840,433
-760,403
-880,459
-936,505
-944,509
-984,541
-816,467
-864,461
-952,517
-960,521
-984,519
-884,493
-936,527
-864,493
-856,477
-892,493
-848,455
-884,471
-896,481
-884,435
-928,437
-928,459
-904,463
-876,427
-976,521
-880,469
-924,483
-916,501
-972,535
-980,541
-912,489
-908,463
-968,533
-1024,559
-916,505
-900,467
-864,445
-856,465
-820,439
-844,465
-920,491
-864,459
-920,477
-920,465
-908,419
-892,411
-920,373
-864,411
-888,417
-912,447
-940,487
-948,477
-924,493
-892,483
-876,485
-912,493
-940,497
-868,487
-892,493
-920,515
-932,469
-840,423
-812,399
-832,425
-892,413
-820,341
-796,361
-840,401
-860,409
-880,415
-884,405
-892,415
-836,371
-848,373
-772,335
-812,329
-832,381
-912,441
-976,473
-892,435
-944,477
-960,503
-984,521
-1016,547
-1048,553
-1048,553
-1016,545
-956,523
-1012,537
-996,509
-912,483
-920,485
-1036,565
-1000,547
-1004,551
-1072,575
-1056,571
-892,495
-916,435
-832,449
-812,429
-868,443
-840,439
-824,387
-788,365
-756,313
-740,319
-828,341
-864,389
-840,355
-824,293
-856,349
-852,367
-800,369
-828,361
-864,423
-812,425
-952,477
-968,487
-892,471
-892,475
-872,467
-788,403
-804,411
-888,481
-792,447
-864,465
-912,479
-1032,557
-936,523
-936,499
-900,471
-884,415
-888,449
-868,405
-904,425
-916,419
-844,369
-824,291
-872,345
-840,285
-844,303
-852,337
-888,385
-872,397
-856,327
-888,325
-868,333
-840,317
-820,373
-876,435
-856,477
-800,435
-908,459
-904,495
-964,519
-1032,557
-1012,553
-976,537
-960,507
-904,495
-848,479
-900,493
-976,535
-952,529
-1004,539
-936,507
-936,517
-964,505
-968,517
-940,513
-816,463
-948,521
-912,495
-936,511
-984,547
-972,519
-976,503
-960,479
-904,485
-948,487
-860,443
-912,483
-916,479
-892,431
-872,457
-956,483
-896,459
-880,461
-844,443
-784,413
-824,441
-856,469
-848,447
-848,447
-876,461
-924,481
-868,453
-840,411
-816,407
-784,401
-896,453
-872,467
-880,399
-824,441
-948,507
-960,513
-1012,537
-908,505
-820,451
-728,361
-768,365
-892,399
-920,423
-884,425
-968,495
-1028,515
-936,505
-988,515
-896,459
-888,469
-856,445
-824,371
-824,385
-848,441
-880,467
-796,439
-896,491
-860,441
-868,419
-808,407
-848,457
-912,465
-888,447
-896,469
-940,473
-956,529
-980,533
-820,431
-780,395
-880,449
-880,471
-940,491
-992,529
-944,503
-904,479
-868,511
-792,451
-860,491
-916,495
-876,479
-920,481
-892,477
-1036,557
-1004,547
-928,519
-972,511
-936,505
-896,491
-896,477
-820,457
-756,395
-808,447
-856,455
-888,471
-824,435
-840,417
-848,439
-948,487
-972,509
-892,483
-976,523
-988,509
-880,467
-888,451
-836,451
-872,457
-892,455
-848,425
-900,459
-876,421
-784,389
-876,429
-916,461
-892,441
-976,457
-884,461
-828,399
-776,407
-800,437
-828,449
-808,475
-872,487
-856,467
-828,443
-740,371
-776,359
-796,389
-856,415
-856,429
-920,445
-856,389
-920,381
-924,397
-896,333
-860,367
-816,315
-824,301
-864,381
-904,421
-860,385
-884,445
-848,443
-896,489
-916,503
-964,529
-868,473
-952,513
-900,457
-932,445
-852,415
-904,449
-880,433
-940,493
-984,517
-968,519
-948,537
-956,529
-968,537
-868,471
-800,415
-784,381
-820,419
-816,415
-844,409
-820,403
-908,425
-932,457
-912,483
-916,469
-860,457
-856,455
-876,457
-848,465
-880,435
-892,451
-860,473
-848,469
-952,519
-992,551
-1000,543
-1096,583
-992,535
-984,507
-928,497
-1036,547
-888,447
-804,413
-796,357
-920,431
-932,449
-904,455
-948,433
-880,439
-852,447
-888,433
-940,395
-912,407
-824,333
-796,387
-832,387
-860,433
-848,463
-804,431
-788,463
-832,469
-936,513
-948,495
-928,483
-860,439
-856,457
-976,535
-984,521
-956,519
-996,549
-936,507
-856,437
-924,441
-896,447
-1040,533
-944,459
-1000,489
-820,443
-856,441
-860,439
-904,469
-852,457
-896,499
-908,489
-936,501
-1012,541
-992,541
-920,467
-952,493
-964,531
-1024,553
-932,461
-936,445
-864,371
-864,417
-896,445
-876,455
-936,489
-904,491
-972,539
-920,503
-976,519
-976,533
-1004,551
-964,527
-936,519
-960,531
-992,543
-1024,555
-936,513
-924,469
-804,427
-884,465
-848,425
-876,407
-908,431
-928,445
-888,443
-884,467
-928,505
-916,473
-784,401
-852,441
-824,373
-884,407
-728,377
-808,415
-872,449
-836,437
-864,421
-852,383
-916,443
-860,447
-976,465
-952,431
-888,381
-880,389
-896,435
-868,429
-912,467
-924,481
-884,461
-940,509
-884,481
-1080,579
-984,543
-968,527
-936,519
-904,505
-844,463
-896,483
-980,531
-948,511
-984,519
-876,461
-904,453
-924,461
-848,413
-816,385
-784,405
-924,477
-884,449
-856,455
-816,417
-824,435
-812,435
-876,437
-936,499
-832,453
-904,487
-936,503
-988,511
-952,485
-884,389
-888,381
-876,391
-900,383
-832,367
-764,375
-776,359
-812,389
-936,513
-916,501
-964,499
-944,503
-936,515
-960,515
-888,479
-788,419
-840,381
-780,325
-872,315
-792,291
-784,247
-776,235
-752,255
-820,303
-900,397
-912,425
-848,371
-788,359
-764,255
-768,303
-872,269
-856,219
-832,193
-840,183
-736,185
-712,201
-716,187
-660,129
-720,81
-792,81
-816,91
-700,87
-752,83
-724,85
-732,153
-724,215
-792,197
-768,227
-784,171
-824,173
-844,165
-800,193
-808,191
-780,193
-828,219
-820,255
-876,261
-848,355
-768,315
-896,399
-904,371
-936,411
-940,413
-836,375
-772,299
-784,339
-852,317
-900,361
-860,321
-796,263
-840,301
-900,329
-976,351
-872,329
-928,341
-860,333
-832,261
-876,265
-916,293
-856,331
-760,269
-860,339
-884,411
-908,427
-928,439
-880,377
-924,337
-920,373
-924,411
-928,405
-904,423
-924,453
-932,447
-972,483
-780,417
-836,439
-824,441
-800,437
-944,505
-952,517
-908,511
-964,535
-924,489
-764,403
-816,455
-868,473
-864,441
-892,441
-928,455
-864,435
-884,447
-808,381
-840,387
-920,447
-892,439
-924,479
-884,487
-948,505
-948,509
-1040,557
-1000,535
-916,479
-1012,539
-1036,549
-964,529
-916,509
-920,497
-928,489
-972,511
-884,475
-808,433
-896,489
-968,501
-920,483
-876,437
-932,495
-968,487
-936,459
-936,479
-896,459
-884,465
-896,475
-892,507
-860,505
-908,489
-1032,529
-1048,537
-1048,527
-968,483
-928,447
-944,469
-944,469
-856,423
-836,439
-852,433
-924,481
-880,413
-860,419
-872,427
-964,483
-840,419
-808,421
-860,457
-912,441
-852,427
-936,425
-868,361
-812,309
-764,279
-744,199
-684,91
-780,21
-752,-31
-740,-21
-716,-65
-692,13
-676,-1
-660,47
-680,81
-632,177
-648,157
-680,127
-744,89
-716,115
-700,5
-672,7
-692,13
-644,49
-696,139
-736,215
-660,171
-700,245
-704,245
-644,203
-696,215
-720,201
-696,171
-764,251
-748,237
-784,265
-744,287
-828,295
-868,267
-832,219
-824,283
-876,301
-856,361
-784,355
-748,361
-804,379
-816,407
-896,461
-988,535
-996,547
-976,513
-784,411
-832,427
-928,465
-820,401
-852,347
-784,251
-748,255
-792,313
-744,301
-808,383
-764,417
-848,427
-856,465
-936,501
-872,497
-936,493
-944,509
-864,429
-852,403
-852,431
-880,435
-860,397
-856,345
-892,363
-912,377
-856,365
-912,369
-824,345
-848,377
-856,453
-872,475
-852,445
-1004,515
-936,501
-956,505
-920,505
-932,515
-948,529
-964,541
-900,491
-828,445
-812,381
-844,351
-836,315
-752,325
-888,323
-892,309
-888,375
-916,385
-884,349
-804,369
-820,369
-812,357
-780,361
-844,341
-872,365
-876,387
-916,395
-864,389
-832,349
-768,251
-840,217
-856,277
-800,247
-732,197
-724,265
-768,277
-784,243
-800,257
-820,277
-744,309
-800,359
-736,317
-796,325
-744,269
-796,305
-840,325
-812,331
-820,361
-888,437
-808,427
-804,395
-884,449
-776,379
-816,433
-856,433
-900,465
-932,481
-928,491
-1000,529
-964,511
-904,491
-900,479
-792,421
-856,431
-804,425
-944,513
-1040,565
-1044,559
-1036,565
-1100,581
-972,525
-968,519
-888,463
-900,443
-916,471
-940,485
-940,485
-988,519
-984,535
-900,489
-928,515
-988,545
-852,463
-956,505
-904,475
-852,465
-968,511
-1016,523
-980,527
-956,505
-944,511
-1012,541
-900,495
-868,493
-892,507
-980,537
-960,529
-936,511
-940,509
-964,497
-920,479
-968,485
-900,459
-916,431
-972,467
-956,459
-956,497
-964,517
-892,503
-884,461
-888,475
-924,519
-920,497
-916,483
-964,477
-960,491
-916,465
-876,439
-832,437
-828,377
-832,419
-892,465
-920,479
-920,479
-916,491
-932,469
-952,493
-964,511
-984,541
-988,539
-944,515
-980,527
-964,493
-956,513
-864,469
-916,489
-920,501
-1008,539
-948,515
-932,527
-1036,551
-1012,545
-960,519
-1020,521
-936,473
-900,483
-880,479
-888,511
-916,513
-960,513
-904,511
-948,531
-896,511
-936,513
-956,525
-924,505
-932,519
-940,535
-868,461
-924,499
-972,521
-924,503
-928,509
-928,527
-964,517
-916,477
-904,491
-900,493
-988,529
-884,479
-884,485
-896,503
-924,487
-952,491
-976,539
-968,523
-888,481
-960,507
-1004,543
-936,509
-936,491
-860,441
-936,489
-936,483
-972,489
-904,483
-844,435
-920,487
-828,465
-980,531
-960,505
-932,473
-852,423
-804,403
-828,321
-832,381
-880,457
-892,499
-832,475
-904,489
-940,507
-904,469
-956,483
-904,449
-964,473
-888,457
-760,387
-836,419
-860,437
-860,427
-876,463
-888,481
-928,493
-880,463
-844,463
-852,495
-756,439
-864,451
-876,465
-928,515
-1024,553
-1016,561
-936,527
-892,487
-960,499
-1004,537
-1028,533
-940,529
-956,539
-892,477
-872,483
-944,485
-912,481
-824,431
-884,451
-884,433
-900,471
-884,479
-884,493
-848,455
-932,487
-944,503
-1000,513
-956,491
-856,459
-864,423
-864,397
-860,353
-924,433
-900,423
-900,363
-872,377
-856,411
-856,417
-872,435
-732,361
-836,391
-932,435
-900,409
-876,411
-912,457
-968,485
-944,495
-952,511
-896,477
-856,417
-900,425
-808,383
-832,373
-764,327
-804,319
-820,405
-784,377
-852,443
-792,411
-852,453
-888,483
-852,453
-872,471
-904,453
-912,469
-968,483
-920,481
-784,395
-792,425
-876,429
-892,437
-872,447
-968,501
-944,507
-956,503
-872,445
-896,473
-984,527
-948,507
-940,517
-1008,537
-908,499
-956,525
-968,525
-912,489
-1040,545
-940,519
-992,533
-908,503
-976,527
-948,491
-900,475
-796,389
-772,343
-760,275
-836,299
-776,209
-748,261
-772,293
-808,317
-820,307
-840,299
-872,309
-876,313
-788,245
-936,257
-844,267
-820,265
-812,277
-844,271
-792,277
-828,215
-824,221
-812,287
-820,309
-824,355
-800,379
-816,419
-856,403
-868,397
-924,477
-912,499
-888,459
-904,455
-948,497
-976,509
-868,453
-848,443
-888,455
-852,463
-936,495
-892,487
-816,419
-812,433
-840,403
-976,527
-964,525
-816,405
-900,463
-872,451
-860,451
-920,505
-928,485
-976,519
-912,507
-892,505
-936,517
-972,539
-920,513
-916,509
-1028,553
-1008,547
-1020,535
-1020,539
-1032,549
-1056,555
-1004,539
-936,501
-900,515
-1032,569
-976,547
-960,541
-936,505
-964,523
-904,489
-904,467
-888,475
-936,501
-920,437
-852,423
-900,447
-848,437
-892,453
-888,459
-908,433
-776,341
-756,355
-804,425
-888,479
-888,451
-868,437
-892,437
-916,429
-924,477
-888,441
-904,449
-936,463
-932,495
-960,477
-956,463
-876,455
-868,399
-860,359
-884,375
-832,329
-884,331
-888,363
-804,305
-816,277
-708,275
-780,305
-796,335
-824,305
-860,295
-856,339
-852,331
-856,347
-872,401
-864,389
-864,385
-860,381
-804,399
-872,445
-940,513
-864,473
-872,487
-932,509
-972,539
-1064,573
-1052,561
-1052,555
-952,523
-1016,525
-1016,535
-932,509
-980,531
-920,485
-884,459
-964,523
-928,513
-980,523
-968,525
-984,539
-920,501
-880,491
-840,475
-796,419
-800,443
-820,395
-748,303
-748,279
-824,253
-860,269
-920,317
-908,315
-956,359
-884,333
-848,323
-848,377
-888,421
-840,421
-828,451
-804,441
-808,445
-808,435
-812,441
-832,429
-824,381
-872,419
-920,477
-856,405
-824,365
-796,339
-860,365
-872,389
-828,345
-860,349
-880,385
-780,339
-808,347
-864,373
-880,361
-968,437
-816,385
-856,339
-856,363
-812,377
-856,413
-804,395
-904,463
-968,487
-988,487
-1004,483
-896,471
-792,359
-820,355
-912,447
-852,445
-860,435
-824,419
-824,395
-852,393
-768,373
-828,397
-836,409
-856,431
-908,477
-980,499
-924,469
-920,465
-1004,495
-944,489
-968,495
-916,463
-856,423
-832,427
-920,483
-860,403
-872,433
-928,473
-940,487
-960,465
-812,399
-836,411
-832,359
-812,349
-752,349
-860,405
-840,393
-832,377
-824,395
-964,491
-932,503
-996,537
-1028,553
-1028,553
-960,523
-972,509
-1032,557
-1016,549
-964,501
-972,503
-872,487
-928,449
-880,441
-864,465
-916,489
-936,503
-980,503
-976,517
-848,461
-876,449
-840,421
-892,413
-892,443
-880,421
-960,429
-860,377
-836,339
-780,317
-864,373
-832,357
-896,399
-892,389
-824,367
-876,399
-844,389
-792,351
-824,411
-912,439
-840,449
-828,377
-768,251
-756,279
-728,245
-732,245
-808,291
-864,321
-820,317
-692,229
-788,275
-876,323
-912,343
-868,381
-844,389
-896,441
-944,461
-904,431
-872,413
-928,455
-844,467
-988,527
-952,511
-968,503
-1000,495
-924,427
-876,435
-876,443
-944,513
-912,503
-892,451
-856,435
-780,371
-756,331
-744,349
-844,399
-900,447
-900,457
-860,427
-936,475
-928,479
-956,509
-976,527
-908,521
-880,469
-884,471
-980,531
-1064,569
-952,535
-1004,537
-996,519
-952,489
-940,477
-872,453
-772,413
-800,411
-804,427
-820,443
-872,465
-884,455
-868,459
-916,499
-908,491
-828,431
-792,375
-824,357
-848,399
-796,341
-860,339
-860,391
-892,427
-912,439
-892,441
-940,493
-928,483
-972,537
-944,527
-980,523
-900,475
-928,491
-1036,553
-976,537
-1024,551
-992,535
-1012,545
-992,539
-976,545
-968,527
-920,491
-920,463
-840,409
-892,453
-916,501
-828,447
-820,443
-924,489
-976,531
-948,515
-904,459
-892,459
-776,371
-816,361
-792,355
-860,381
-816,321
-856,313
-836,303
-824,337
-860,367
-796,365
-792,327
-832,307
-868,315
-776,279
-784,321
-828,367
-780,413
-792,425
-844,453
-804,457
-876,477
-820,445
-828,397
-844,451
-904,423
-1040,545
-884,433
-960,445
-932,451
-892,465
-780,391
-888,487
-876,467
-776,383
-780,373
-808,409
-852,427
-856,439
-884,433
-824,399
-852,425
-860,433
-836,377
-808,355
-796,379
-808,431
-744,369
-760,351
-836,345
-792,305
-864,405
-796,359
-784,337
-816,361
-828,383
-752,357
-756,337
-828,397
-812,433
-852,463
-920,501
-908,501
-944,509
-972,523
-980,519
-988,515
-964,499
-896,481
-944,519
-968,515
-932,511
-900,497
-920,507
-928,505
-872,485
-896,453
-924,409
-868,365
-856,387
-956,461
-876,447
-872,443
-892,437
-820,397
-820,403
-804,409
-944,487
-948,515
-884,505
-980,533
-1024,547
-940,509
-952,523
-988,501
-924,475
-936,461
-812,413
-912,449
-936,471
-880,459
-944,467
-876,447
-876,447
-804,381
-844,395
-824,357
-780,353
-736,379
-828,459
-868,453
-836,443
-936,481
-976,507
-964,449
-856,397
-804,357
-836,335
-804,301
-856,369
-868,369
-880,463
-928,505
-896,489
-888,483
-844,443
-856,455
-828,435
-880,491
-904,507
-948,479
-936,475
-1016,533
-940,515
-1000,547
-980,541
-920,501
-936,511
-864,457
-872,471
-844,451
-824,429
-868,395
-768,317
-796,301
-784,273
-752,251
-792,241
-736,185
-776,173
-788,163
-760,127
-760,129
-832,141
-772,103
-764,131
-808,123
-672,131
-628,165
-676,115
-704,103
-716,71
-832,111
-748,75
-816,147
-796,93
-776,65
-744,59
-756,71
-808,75
-760,151
-768,125
-732,79
-800,239
-772,233
-668,265
-724,327
-800,393
-844,421
-924,461
-824,397
-800,389
-836,401
-860,445
-884,425
-852,415
-884,443
-880,459
-948,505
-928,525
-896,489
-892,451
-872,451
-908,503
-844,469
-872,479
-880,375
-796,295
-908,313
-816,229
-788,251
-832,241
-816,239
-808,213
-792,219
-716,215
-772,171
-828,161
-864,171
-832,197
-788,213
-736,167
-704,185
-704,255
-740,277
-724,259
-740,293
-804,287
-856,317
-876,315
-780,317
-748,283
-732,265
-828,301
-808,283
-760,223
-788,283
-728,265
-748,239
-704,175
-716,185
-776,257
-756,263
-796,237
-800,239
-816,261
-804,289
-876,329
-864,343
-764,293
-748,245
-708,237
-752,307
-780,295
-800,343
-900,365
-812,331
-820,325
-776,247
-752,231
-824,285
-768,265
-864,333
-844,331
-816,279
-840,315
-812,329
-900,403
-920,413
-868,425
-872,407
-852,365
-780,311
-816,323
-800,327
-876,379
-836,381
-832,357
-804,391
-888,451
-864,477
-844,447
-884,477
-812,413
-860,453
-856,471
-880,437
-820,349
-800,283
-736,153
-760,239
-776,297
-744,335
-704,347
-716,337
-732,309
-804,355
-748,353
-820,377
-896,445
-856,451
-828,435
-872,471
-844,473
-864,485
-932,499
-972,541
-968,519
-968,515
-984,525
-964,533
-924,487
-820,397
-908,427
-844,429
-808,381
-860,421
-976,477
-992,509
-984,513
-896,459
-888,463
-948,481
-908,459
-916,435
-924,457
-880,465
-908,487
-860,491
-860,487
-948,509
-1004,547
-980,539
-892,503
-872,479
-944,503
-916,477
-852,473
-944,525
-908,513
-908,491
-904,487
-912,493
-860,435
-860,443
-872,463
-932,495
-868,449
-924,489
-968,475
-908,453
-916,447
-948,431
-824,401
-784,357
-824,371
-840,405
-912,423
-888,421
-816,385
-868,443
-792,375
-904,469
-924,473
-864,457
-936,467
-888,433
-920,481
-928,513
-888,471
-924,471
-948,507
-868,469
-844,455
-852,457
-860,465
-956,487
-936,511
-944,505
-1016,517
-968,511
-932,463
-888,473
-900,443
-872,435
-824,419
-888,455
-848,401
-720,311
-776,393
-924,507
-928,507
-964,531
-964,521
-972,523
-896,475
-868,437
-944,473
-844,447
-880,477
-828,399
-872,409
-804,357
-808,369
-880,369
-884,397
-860,391
-852,425
-900,457
-936,449
-916,465
-904,459
-900,467
-864,453
-812,403
-852,395
-908,447
-808,415
-880,453
-876,425
-880,437
-872,431
-840,447
-848,471
-828,425
-784,383
-852,367
-772,305
-816,365
-840,397
-792,375
-716,273
-720,255
-732,285
-708,179
-720,161
-700,221
-808,247
-732,241
-740,257
-672,209
-748,245
-788,237
-804,251
-840,261
-808,269
-880,317
-788,317
-860,355
-824,421
-892,487
-864,469
-964,499
-880,429
-880,377
-864,329
-788,275
-764,199
-816,301
-812,315
-884,331
-888,379
-880,347
-744,245
-844,303
-792,255
-796,205
-816,189
-828,201
-836,223
-824,221
-764,215
-732,263
-744,227
-796,251
-856,333
-844,327
-856,373
-892,409
-868,393
-792,343
-848,373
-776,305
-724,359
-844,459
-876,453
-924,477
-960,481
-856,465
-912,493
-916,459
-924,489
-928,495
-920,493
-884,495
-972,501
-932,487
-932,501
-872,477
-976,529
-848,469
-752,381
-864,413
-824,419
-940,487
-884,427
-840,403
-868,387
-900,385
-832,393
-824,415
-976,495
-952,505
-968,501
-888,419
-904,463
-964,515
-952,519
-960,511
-968,509
-932,521
-960,523
-988,515
-1012,545
-952,523
-928,505
-960,515
-1028,549
-936,503
-888,455
-892,469
-880,479
-912,495
-916,491
-928,499
-948,495
-892,441
-912,473
-880,465
-836,451
-948,473
-864,413
-824,365
-860,393
-880,425
-924,437
-916,415
-784,353
-780,361
-824,373
-840,355
-916,393
-788,385
-792,407
-844,477
-788,425
-820,431
-816,445
-880,433
-884,425
-808,413
-904,499
-964,521
-956,511
-896,485
-844,475
-920,501
-904,485
-924,489
-936,487
-908,483
-996,545
-988,509
-1008,503
-988,515
-888,489
-920,503
-960,493
-924,465
-812,373
-860,391
-828,355
-820,357
-864,407
-792,347
-736,293
-696,317
-692,253
-696,283
-812,367
-756,357
-824,429
-956,525
-908,517
-892,489
-912,511
-1040,549
-972,525
-876,481
-888,477
-860,475
-908,503
-840,483
-820,463
-768,411
-824,417
-768,371
-804,385
-900,461
-936,487
-900,473
-848,457
-888,467
-868,475
-896,471
-916,459
-884,475
-924,463
-928,441
-868,375
-776,345
-852,333
-916,411
-920,411
-828,341
-744,231
-796,215
-796,211
-756,201
-744,143
-708,85
-768,69
-696,43
-760,117
-756,149
-712,209
-760,245
-776,233
-816,249
-768,271
-756,281
-844,241
-692,105
-660,109
-768,97
-708,101
-708,63
-736,67
-748,45
-732,47
-848,7
-856,21
-852,-39
-884,-81
-796,-141
-720,-113
-768,-93
-740,-93
-712,-31
-716,-29
-652,7
-708,29
-824,123
-732,165
-748,187
-784,125
-812,167
-876,253
-808,299
-848,315
-832,343
-864,353
-832,355
-836,341
-864,383
-824,385
-776,343
-804,367
-788,317
-804,357
-780,333
-772,391
-856,437
-820,461
-832,455
-800,433
-840,475
-868,495
-884,489
-944,521
-952,505
-968,525
-904,495
-924,505
-924,501
-964,545
-1028,559
-1044,553
-1032,555
-956,527
-916,505
-952,517
-1000,549
-1044,565
-996,555
-956,513
-948,523
-1004,547
-964,529
-852,475
-892,495
-928,509
-920,531
-920,517
-936,527
-956,539
-1004,559
-968,529
-896,487
-936,521
-888,495
-888,489
-848,461
-840,417
-884,397
-836,403
-808,391
-848,399
-868,451
-928,479
-892,473
-880,471
-864,403
-892,387
-852,377
-804,355
-864,421
-876,449
-904,451
-908,473
-960,509
-920,509
-976,541
-984,531
-952,521
-880,449
-864,413
-808,419
-936,501
-864,477
-844,477
-860,451
-812,347
-860,373
-788,349
-924,417
-852,435
-904,489
-856,453
-884,455
-900,451
-932,487
-900,473
-788,423
-896,457
-852,397
-932,401
-856,371
-896,423
-924,461
-916,481
-916,501
-972,535
-976,527
-992,523
-992,519
-960,531
-1004,539
-1012,545
-992,537
-1068,567
-1048,561
-1004,529
-1032,559
-968,541
-904,495
-928,481
-876,423
-780,387
-752,375
-792,407
-836,405
-872,419
-844,423
-912,447
-896,483
-832,437
-836,411
-948,515
-932,505
-940,521
-948,499
-888,435
-780,387
-728,375
-832,425
-824,435
-808,415
-788,369
-796,379
-816,363
-780,399
-828,435
-892,415
-872,419
-904,449
-848,399
-844,381
-812,427
-928,487
-940,503
-952,491
-992,519
-892,483
-932,487
-952,515
-896,479
-920,475
-964,505
-864,411
-928,485
-968,523
-904,501
-964,517
-928,493
-876,477
-908,481
-832,421
-792,415
-800,395
-840,417
-792,355
-860,399
-864,399
-876,437
-876,463
-1008,559
-828,471
-812,467
-892,505
-880,503
-852,481
-824,465
-920,501
-980,539
-976,529
-840,455
-952,519
-972,527
-1000,541
-1024,547
-936,517
-928,515
-960,515
-992,533
-996,533
-952,515
-912,525
-856,493
-880,457
-908,477
-968,529
-948,487
-936,519
-892,485
-888,465
-884,489
-1004,539
-980,543
-1012,553
-936,517
-892,483
-844,445
-888,467
-968,483
-880,451
-936,445
-888,449
-852,427
-824,425
-944,503
-904,505
-900,497
-852,497
-804,425
-844,469
-896,487
-988,527
-944,513
-876,485
-880,495
-904,511
-928,503
-980,533
-932,507
-1028,523
-980,505
-900,491
-928,483
-888,449
-868,459
-896,483
-1012,525
-884,481
-856,441
-908,463
-952,495
-904,479
-808,421
-876,459
-796,443
-932,511
-932,497
-884,477
-964,517
-1004,505
-928,491
-972,505
-908,449
-904,435
-856,437
-900,455
-872,457
-860,481
-920,481
-876,457
-952,471
-912,423
-820,383
-820,385
-772,401
-856,393
-808,321
-824,341
-764,317
-784,363
-932,449
-904,459
-936,493
-884,475
-928,497
-896,485
-908,499
-864,493
-932,491
-900,447
-868,453
-920,491
-972,513
-940,505
-972,535
-1032,549
-936,511
-948,505
-776,427
-796,385
-732,345
-812,379
-804,335
-836,375
-788,325
-684,279
-780,285
-828,311
-780,303
-796,283
-700,229
-792,231
-728,221
-800,303
-768,277
-796,285
-804,325
-744,301
-784,317
-912,381
-952,391
-832,337
-840,397
-896,407
-932,437
-800,365
-852,365
-864,361
-792,337
-808,311
-848,383
-920,435
-848,433
-932,465
-932,479
-972,499
-956,497
-932,409
-960,431
-964,411
-880,375
-808,349
-824,321
-884,343
-772,305
-748,275
-812,279
-808,309
-820,337
-812,299
-748,283
-732,277
-872,313
-880,365
-840,347
-812,333
-856,347
-876,333
-920,283
-864,289
-860,253
-852,323
-864,313
-824,293
-880,371
-872,417
-856,403
-796,339
-856,397
-864,425
-848,451
-908,475
-936,477
-968,521
-1024,535
-940,497
-996,523
-1004,545
-924,509
-916,493
-912,475
-872,437
-896,449
-924,467
-944,517
-916,491
-852,457
-912,483
-928,485
-852,449
-880,479
-864,477
-844,483
-852,487
-936,509
-992,543
-892,507
-976,539
-920,519
-884,499
-884,501
-916,509
-968,505
-944,495
-944,513
-1000,517
-928,501
-916,487
-852,449
-928,495
-876,489
-812,437
-884,483
-952,513
-996,539
-1036,553
-1072,575
-1068,561
-1036,541
-1028,553
-1024,555
-952,493
-968,527
-956,493
-896,469
-944,507
-932,517
-948,513
-912,495
-892,499
-928,483
-880,415
-840,403
-924,473
-912,455
-904,439
-908,437
-896,433
-880,435
-928,463
-904,449
-952,511
-960,493
-860,451
-932,485
-896,463
-856,453
-896,421
-836,425
-876,431
-952,525
-924,521
-880,499
-956,497
-892,455
-948,505
-880,489
-940,519
-1004,549
-996,553
-972,523
-1016,557
-1028,557
-1016,547
-968,523
-976,531
-1000,541
-944,519
-964,517
-944,489
-984,513
-996,545
-1028,559
-1040,565
-1008,561
-920,511
-800,425
-824,451
-836,419
-912,437
-984,443
-948,395
-892,395
-824,351
-780,321
-856,375
-880,425
-840,347
-768,279
-748,285
-760,269
-800,323
-840,357
-812,337
-780,345
-820,387
-812,413
-864,455
-768,373
-772,379
-764,397
-784,371
-828,435
-844,435
-888,457
-892,463
-864,457
-816,457
-832,451
-908,511
-924,503
-920,511
-900,485
-924,477
-908,451
-920,493
-960,483
-1012,543
-948,513
-872,475
-920,497
-852,439
-908,467
-892,451
-880,451
-744,393
-724,381
-760,381
-756,423
-872,475
-1012,531
-960,493
-1008,535
-948,507
-1016,553
-964,521
-960,517
-940,483
-908,467
-884,453
-932,521
-996,545
-940,519
-984,517
-924,503
-960,519
-928,461
-824,407
-860,427
-820,397
-896,457
-936,471
-980,507
-888,479
-892,479
-900,465
-944,479
-980,487
-956,521
-948,521
-964,509
-956,511
-976,483
-960,487
-880,435
-748,363
-844,429
-808,393
-836,329
-760,245
-788,245
-720,225
-780,259
-760,325
-764,345
-744,311
-740,313
-792,373
-824,397
-872,425
-828,427
-880,405
-888,383
-864,341
-820,359
-892,417
-800,361
-796,357
-812,403
-868,427
-812,395
-816,427
-848,447
-924,477
-864,463
-960,515
-868,483
-900,495
-844,457
-844,489
-932,519
-916,487
-904,487
-876,487
-1000,527
-980,509
-920,485
-912,485
-884,461
-856,461
-836,453
-816,397
-868,349
-908,415
-884,427
-888,467
-860,481
-948,515
-968,527
-952,515
-988,547
-936,515
-968,501
-964,503
-864,463
-956,513
-880,473
-892,485
-972,527
-984,499
-956,513
-868,479
-936,523
-964,529
-932,497
-940,469
-916,463
-980,481
-916,485
-956,513
-892,495
-944,519
-892,463
-976,523
-988,549
-1004,555
-976,543
-972,547
-912,503
-904,497
-980,521
-948,511
-936,505
-936,515
-956,531
-980,537
-984,547
-1072,577
-916,509
-944,493
-996,519
-936,473
-900,445
-820,407
-872,323
-840,297
-864,387
-824,309
-904,339
-844,323
-820,279
-884,265
-916,269
-868,213
-840,167
-836,73
-772,115
-788,91
-784,117
-780,153
-812,231
-840,293
-752,269
-840,315
-836,299
-812,193
-800,183
-840,181
-752,227
-840,267
-840,233
-860,251
-832,183
-816,199
-820,155
-736,135
-752,169
-724,157
-824,227
-828,265
-804,249
-792,317
-728,289
-788,291
-832,365
-856,353
-848,353
-852,423
-844,431
-856,449
-956,493
-872,489
-896,491
-884,477
-824,411
-864,441
-932,511
-956,519
-980,523
-1000,545
-936,499
-960,507
-936,489
-892,479
-924,485
-900,453
-932,493
-956,481
-916,479
-880,459
-784,419
-792,351
-812,277
-772,163
-760,239
-884,387
-872,393
-816,351
-752,341
-776,327
-776,303
-828,291
-880,403
-876,409
-868,409
-800,371
-868,441
-924,501
-876,495
-904,517
-980,535
-984,539
-980,537
-932,529
-924,511
-924,505
-948,527
-1024,553
-988,537
-1036,549
-1024,527
-976,511
-892,495
-872,463
-936,495
-972,533
-952,527
-892,493
-976,531
-972,505
-912,481
-912,501
-860,441
-808,411
-864,391
-736,347
-880,409
-964,483
-1000,519
-992,549
-960,533
-952,529
-964,517
-960,513
-1028,549
-924,507
-968,517
-900,495
-1040,553
-1072,571
-1080,571
-1036,549
-980,531
-960,495
-924,493
-832,453
-864,443
-904,451
-912,479
-928,491
-976,525
-984,525
-852,477
-860,459
-840,459
-856,469
-956,509
-860,445
-876,465
-956,491
-932,473
-900,469
-940,487
-912,475
-880,475
-868,485
-992,521
-984,501
-1056,549
-1024,549
-952,521
-956,507
-896,481
-872,469
-884,463
-876,487
-948,525
-964,537
-940,529
-980,539
-1004,525
-936,507
-868,441
-832,433
-832,429
-912,465
-904,453
-876,451
-820,423
-932,405
-896,341
-916,387
-884,359
-916,347
-864,321
-832,327
-792,323
-776,335
-920,385
-884,331
-780,235
-848,285
-848,321
-940,319
-940,327
-876,291
-884,341
-816,293
-964,343
-892,309
-812,301
-840,291
-832,327
-848,313
-888,345
-872,323
-808,203
-824,211
-860,227
-780,235
-768,249
-772,207
-716,191
-740,191
-652,133
-812,269
-832,269
-860,277
-916,253
-828,251
-792,227
-812,235
-924,351
-924,433
-852,419
-916,423
-920,429
-888,419
-892,413
-908,411
-864,403
-868,411
-888,463
-908,487
-788,425
-964,521
-1028,553
-1004,499
-920,455
-960,467
-932,495
-944,511
-896,485
-884,465
-968,517
-844,463
-860,473
-920,487
-908,501
-952,515
-1008,545
-972,539
-1008,549
-928,505
-884,487
-912,459
-948,481
-920,459
-864,441
-904,429
-880,425
-972,435
-916,415
-956,463
-872,445
-928,485
-920,481
-948,485
-956,495
-888,451
-948,499
-984,537
-964,533
-1012,563
-1088,583
-1072,545
-940,479
-968,507
-940,491
-908,507
-968,513
-916,459
-936,439
-824,383
-984,461
-856,411
-856,433
-980,503
-968,515
-980,511
-952,515
-872,475
-824,443
-884,419
-908,477
-856,463
-876,439
-860,439
-1016,517
-908,495
-904,461
-984,505
-976,487
-932,521
-872,491
-856,471
-904,487
-864,467
-900,493
-816,451
-1004,541
-968,521
-912,507
-808,427
-900,471
-976,503
-900,463
-932,487
-920,471
-940,495
-980,527
-948,513
-996,517
-900,479
-956,517
-1032,553
-948,521
-984,533
-920,527
-880,475
-852,455
-876,461
-900,461
-820,407
-816,381
-748,307
-872,355
-960,373
-880,375
-900,363
-892,363
-864,409
-888,387
-776,333
-800,323
-776,341
-820,331
-696,265
-764,273
-828,277
-784,245
-836,293
-832,239
-804,219
-752,173
-732,135
-772,89
-768,111
-764,121
-768,137
-796,105
-860,139
-768,75
-744,43
-704,105
-764,111
-752,89
-816,201
-856,247
-820,289
-836,345
-840,411
-972,491
-932,471
-880,461
-936,525
-892,477
-828,419
-796,423
-876,443
-888,389
-820,341
-840,367
-848,421
-816,379
-832,345
-836,369
-840,425
-836,397
-960,457
-864,419
-892,431
-888,439
-884,409
-868,401
-884,385
-884,423
-956,467
-800,399
-796,405
-884,459
-936,511
-904,481
-876,469
-776,381
-832,333
-760,331
-836,407
-800,383
-884,411
-836,383
-756,309
-860,341
-852,335
-768,315
-792,387
-828,413
-752,407
-740,407
-760,401
-780,397
-752,351
-828,393
-904,491
-900,469
-756,395
-772,401
-772,409
-708,363
-788,365
-784,353
-712,273
-772,261
-824,283
-816,249
-840,241
-884,259
-912,289
-856,291
-792,285
-836,327
-864,371
-768,349
-776,389
-748,327
-832,371
-880,397
-896,437
-912,461
-924,487
-892,457
-880,413
-904,413
-912,423
-808,365
-832,311
-860,325
-944,381
-952,365
-820,345
-888,367
-836,309
-836,279
-820,283
-800,249
-880,277
-856,355
-884,361
-840,365
-816,361
-896,401
-936,415
-920,421
-924,431
-976,501
-980,521
-952,509
-976,503
-968,503
-980,505
-1016,505
-984,487
-1020,525
-960,445
-856,429
-836,471
-864,483
-860,469
-936,511
-936,501
-924,503
-952,505
-984,527
-980,529
-1000,539
-912,509
-852,487
-872,477
-860,467
-840,447
-824,445
-784,329
-760,223
-840,267
-868,293
-900,371
-952,415
-856,417
-872,419
-820,361
-792,311
-832,305
-720,259
-776,319
-812,353
-712,269
-668,205
-676,213
-700,211
-704,265
-696,301
-728,349
-760,343
-768,381
-880,473
-800,443
-908,475
-832,449
-852,433
-884,449
-852,451
-904,435
-904,433
-912,395
-912,357
-848,351
-844,369
-844,405
-868,349
-876,377
-844,399
-844,343
-880,415
-940,433
-920,449
-868,457
-884,495
-848,489
-904,505
-944,521
-948,505
-956,507
-948,483
-912,475
-924,477
-876,449
-844,429
-860,431
-904,463
-820,415
-844,415
-848,439
-900,473
-896,443
-948,469
-972,511
-916,509
-980,523
-968,539
-952,517
-884,507
-916,519
-916,517
-940,527
-988,539
-980,521
-920,503
-972,529
-1020,555
-840,473
-904,491
-880,497
-976,515
-960,511
-968,527
-976,527
-976,527
-824,439
-844,419
-904,453
-888,453
-856,451
-844,473
-916,519
-916,521
-856,471
-860,473
-904,491
-928,487
-948,513
-964,519
-880,471
-952,515
-856,439
-876,435
-968,515
-1024,549
-940,511
-952,487
-936,491
-912,463
-860,401
-872,421
-832,397
-868,399
-916,405
-832,347
-832,365
-788,323
-776,291
-756,217
-660,167
-728,245
-752,245
-776,277
-724,269
-684,181
-688,155
-728,193
-848,241
-764,237
-736,267
-700,245
-756,181
-884,227
-832,213
-772,179
-776,197
-772,253
-792,217
-796,275
-820,269
-808,265
-880,333
-892,357
-916,379
-880,369
-836,395
-860,403
-796,315
-828,349
-848,365
-844,391
-820,369
-792,321
-768,295
-784,335
-748,309
-832,349
-912,397
-904,391
-816,359
-836,385
-808,423
-844,443
-868,447
-840,409
-868,453
-784,427
-808,447
-892,479
-836,419
-912,491
-892,457
-928,483
-896,467
-920,495
-952,537
-984,527
-916,515
-936,515
-816,451
-860,427
-916,473
-872,467
-860,465
-908,459
-860,427
-848,421
-916,413
-756,349
-828,409
-880,457
-900,449
-920,475
-916,469
-936,453
-884,443
-912,447
-876,441
-884,469
-912,503
-956,525
-920,515
-924,483
-908,467
-904,461
-880,459
-896,493
-884,465
-864,483
-856,457
-836,437
-844,403
-912,439
-856,455
-856,443
-864,463
-900,505
-856,493
-932,509
-904,489
-936,457
-872,421
-868,429
-860,415
-868,415
-816,425
-888,467
-856,457
-928,495
-956,493
-884,437
-832,437
-860,455
-748,391
-840,385
-924,431
-892,425
-904,457
-992,517
-868,445
-844,445
-872,477
-968,531
-1024,559
-1080,573
-1008,549
-1024,551
-956,507
-960,499
-912,463
-972,489
-880,421
-844,401
-940,483
-936,479
-928,511
-928,503
-920,489
-908,449
-812,443
-892,483
-908,487
-820,397
-848,421
-856,415
-944,449
-908,469
-824,395
-896,449
-856,381
-852,391
-876,493
-932,481
-884,463
-892,507
-908,485
-1008,537
-956,471
-912,497
-912,501
-848,455
-860,449
-908,471
-908,461
-824,445
-816,445
-844,473
-872,479
-904,473
-976,501
-880,455
-852,439
-904,461
-912,479
-932,503
-908,465
-992,517
-916,467
-952,509
-924,497
-952,505
-892,499
-832,427
-856,441
-912,475
-920,459
-968,497
-1000,487
-1012,523
-1064,571
-932,515
-936,521
-980,533
-880,487
-992,531
-960,501
-912,471
-896,495
-928,507
-944,515
-972,517
-916,451
-888,457
-900,479
-868,455
-912,459
-864,391
-876,411
-860,447
-880,433
-844,367
-816,381
-892,435
-828,423
-892,469
-868,465
-844,485
-908,505
-944,503
-964,509
-884,451
-776,409
-848,451
-876,455
-892,495
-940,521
-940,485
-944,465
-1004,453
-972,493
-904,453
-956,485
-872,395
-932,441
-888,477
-956,499
-944,483
-936,455
-872,455
-860,449
-844,423
-860,419
-836,435
-904,475
-920,473
-912,457
-920,445
-960,467
-876,473
-768,417
-860,455
-936,459
-872,441
-892,471
-864,469
-924,491
-880,439
-820,367
-820,305
-816,313
-828,297
-872,315
-824,361
-784,327
-756,287
-724,261
-756,357
-808,417
-900,449
-868,423
-944,457
-900,471
-892,449
-824,355
-860,393
-904,425
-944,461
-956,477
-944,473
-880,441
-840,449
-960,513
-948,497
-920,493
-916,491
-864,439
-880,451
-828,453
-812,423
-812,391
-828,423
-840,457
-856,425
-880,477
-888,479
-880,493
-892,505
-928,517
-976,533
-908,505
-940,521
-1000,557
-928,513
-844,461
-848,437
-736,331
-748,297
-844,391
-836,401
-832,425
-884,441
-884,391
-888,383
-900,387
-860,373
-868,423
-892,459
-964,495
-984,517
-996,527
-844,473
-956,511
-908,489
-908,463
-928,487
-944,475
-924,501
-904,511
-892,481
-848,477
-896,471
-1000,547
-1028,553
-936,515
-980,545
-972,531
-912,505
-936,505
-932,509
-984,527
-1076,549
-912,487
-904,477
-916,493
-872,447
-936,471
-940,489
-988,525
-844,479
-932,517
-908,483
-884,443
-856,447
-876,439
-884,461
-876,469
-920,505
-884,471
-892,477
-976,515
-988,487
-920,481
-960,491
-872,449
-880,423
-916,439
-884,441
-896,415
-912,391
-896,415
-844,391
-852,399
-920,459
-912,481
-892,491
-916,465
-920,505
-872,495
-912,515
-860,471
-932,521
-900,487
-972,493
-968,521
-1012,555
-956,535
-960,521
-992,529
-872,483
-952,523
-968,511
-920,465
-876,457
-956,441
-828,395
-908,469
-884,469
-856,459
-812,409
-848,421
-908,513
-992,535
-924,505
-1072,559
-996,535
-956,517
-864,477
-884,487
-932,499
-904,487
-984,535
-940,503
-952,511
-932,481
-956,495
-920,485
-932,509
-980,543
-932,505
-832,445
-812,437
-796,377
-804,389
-808,395
-816,363
-844,375
-876,419
-848,403
-848,415
-780,425
-840,413
-844,457
-820,433
-888,447
-928,495
-896,471
-868,437
-840,445
-928,497
-928,469
-940,515
-964,503
-968,517
-908,467
-888,479
-784,405
-864,451
-924,473
-952,533
-956,515
-916,519
-916,503
-960,521
-960,525
-984,531
-1032,551
-960,517
-1004,539
-908,497
-844,477
-964,511
-976,541
-984,531
-928,501
-936,491
-996,521
-920,511
-904,467
-880,457
-948,469
-948,507
-988,535
-944,523
-852,471
-916,491
-1012,531
-1052,529
-1060,559
-952,527
-948,533
-984,525
-1036,539
-920,493
-892,493
-844,479
-884,483
-912,485
-1012,527
-1012,551
-916,495
-868,465
-892,467
-900,453
-896,463
-812,409
-888,481
-924,515
-980,525
-908,467
-876,463
-820,471
-984,519
-1004,527
-892,487
-928,501
-880,477
-864,463
-808,463
-900,497
-924,481
-896,491
-980,509
-888,497
-924,449
-928,441
-912,387
-868,353
-828,325
-824,315
-884,379
-884,365
-776,345
-852,369
-836,329
-852,349
-820,377
-888,407
-856,423
-896,431
-872,447
-888,459
-848,401
-820,367
-856,411
-952,427
-936,401
-880,339
-892,347
-880,309
-844,313
-824,249
-884,265
-820,303
-808,199
-880,251
-932,275
-868,289
-872,295
-900,249
-928,277
-904,269
-900,303
-852,263
-760,193
-792,233
-724,207
-820,191
-788,137
-844,131
-808,71
-760,-43
-700,-51
-740,-83
-704,-113
-748,-87
-812,-145
-760,-143
-736,15
-740,-37
-756,-143
-796,-169
-772,-177
-808,-221
-832,-281
-824,-299
-816,-407
-896,-441
-844,-449
-940,-503
-904,-497
-940,-483
-880,-469
-884,-461
-864,-425
-816,-375
-920,-423
-904,-459
-884,-449
-916,-431
-876,-433
-928,-491
-932,-501
-948,-511
-936,-511
-1016,-547
-952,-515
-924,-507
-912,-495
-920,-491
-928,-501
-908,-505
-1000,-541
-968,-529
-960,-501
-908,-437
-884,-429
-872,-477
-924,-435
-868,-401
-824,-447
-808,-421
-856,-425
-916,-469
-884,-435
-800,-381
-872,-459
-848,-451
-832,-441
-804,-427
-860,-459
-748,-383
-776,-397
-896,-499
-952,-535
-964,-531
-1052,-565
-1044,-559
-1012,-549
-1012,-549
-1060,-571
-976,-521
-912,-487
-884,-469
-940,-493
-944,-507
-936,-485
-920,-465
-792,-415
-900,-455
-912,-423
-948,-451
-792,-325
-776,-215
-764,-209
-752,-213
-808,-265
-792,-279
-868,-261
-864,-265
-808,-215
-852,-199
-872,-231
-824,-229
-836,-277
-776,-279
-804,-341
-860,-381
-824,-409
-876,-457
-900,-471
-844,-449
-872,-447
-748,-283
-720,-297
-884,-411
-888,-437
-836,-371
-828,-413
-872,-431
-952,-507
-916,-497
-948,-523
-980,-541
-1020,-545
-1000,-527
-928,-491
-872,-459
-896,-455
-988,-513
-944,-521
-944,-537
-948,-529
-840,-447
-880,-469
-852,-453
-848,-441
-972,-495
-976,-467
-928,-451
-936,-451
-892,-447
-876,-389
-840,-345
-804,-339
-816,-393
-872,-419
-904,-423
-836,-339
-884,-413
-916,-457
-836,-429
-808,-397
-880,-443
-864,-465
-936,-475
-980,-487
-968,-489
-920,-525
-872,-495
-864,-479
-900,-481
-968,-489
-912,-483
-900,-421
-884,-369
-884,-369
-872,-339
-816,-325
-820,-331
-744,-267
-772,-307
-760,-277
-760,-265
-728,-239
-812,-193
-728,-121
-804,-163
-844,-163
-740,-133
-768,-113
-760,-103
-788,-155
-824,-131
-832,-167
-772,-171
-872,-167
-832,-153
-764,-157
-812,-201
-840,-235
-828,-153
-820,-165
-796,-133
-776,-227
-788,-163
-668,-105
-728,-61
-704,-35
-740,-13
-808,-55
-820,-47
-788,-27
-764,-31
-724,7
-740,63
-816,57
-840,105
-780,123
-776,139
-756,147
-724,147
-828,165
-772,203
-828,223
-804,215
-828,187
-780,227
-800,189
-704,117
-788,113
-808,165
-796,167
-808,113
-780,69
-812,79
-812,103
-792,121
-756,113
-756,133
-784,143
-768,133
-776,109
-788,147
-756,123
-760,127
-780,157
-840,169
-856,163
-856,207
-856,197
-844,187
-812,221
-864,237
-876,231
-940,315
-880,295
-924,417
-844,365
-884,377
-852,341
-924,357
-884,365
-840,355
-832,353
-860,327
-876,341
-868,355
-880,355
-824,297
-904,319
-896,335
-892,367
-844,355
-896,385
-860,411
-856,421
-776,333
-856,389
-892,431
-896,435
-884,399
-888,445
-856,465
-908,477
-980,523
-1020,549
-964,531
-932,507
-916,485
-928,503
-972,529
-948,519
-920,497
-932,521
-1000,553
-920,503
-916,517
-932,527
-968,541
-984,547
-1024,541
-984,527
-920,489
-996,545
-968,521
-876,461
-924,483
-920,497
-900,497
-996,541
-940,523
-956,509
-900,477
-848,427
-836,445
-952,499
-956,517
-884,495
-928,507
-952,495
-976,515
-976,505
-936,471
-852,431
-856,455
-872,481
-956,503
-1024,557
-972,539
-980,521
-900,493
-868,469
-844,429
-832,385
-756,363
-756,375
-836,405
-884,423
-908,469
-932,487
-968,509
-856,439
-828,395
-852,341
-920,381
-932,417
-836,391
-880,445
-960,509
-912,465
-892,469
-960,513
-936,539
-892,513
-852,481
-948,521
-944,503
-876,465
-840,443
-916,479
-972,513
-1000,531
-988,531
-1040,549
-932,513
-952,497
-916,485
-916,479
-904,459
-888,463
-872,437
-748,411
-808,427
-792,403
-788,421
-784,375
-812,371
-788,337
-800,403
-816,421
-836,433
-888,473
-900,489
-820,423
-856,437
-880,437
-884,441
-824,415
-768,365
-788,381
-728,345
-736,279
-764,273
-700,237
-760,287
-720,283
-740,271
-808,311
-840,355
-892,419
-908,443
-844,399
-892,397
-888,441
-836,439
-840,409
-700,297
-764,339
-832,315
-852,279
-848,305
-840,267
-884,285
-820,267
-828,267
-844,263
-880,259
-844,193
-848,235
-840,255
-804,265
-764,275
-800,285
-820,295
-792,249
-748,213
-788,201
-808,307
-800,313
-836,371
-904,371
-792,355
-824,409
-868,367
-868,387
-840,361
-800,427
-916,499
-820,455
-872,467
-992,541
-972,511
-952,509
-884,489
-796,455
-800,465
-856,483
-908,459
-924,459
-864,477
-856,485
-960,519
-1012,527
-1008,539
-956,501
-840,439
-952,499
-944,513
-988,529
-936,477
-948,457
-896,463
-884,445
-844,437
-940,477
-944,499
-892,491
-1028,551
-1004,527
-984,541
-984,541
-944,529
-940,485
-856,441
-920,461
-892,443
-892,431
-800,371
-788,371
-848,399
-932,423
-856,359
-828,337
-796,329
-816,353
-844,351
-832,407
-920,483
-896,495
-928,469
-856,437
-912,481
-968,523
-944,513
-932,523
-972,521
-916,503
-948,521
-964,525
-944,523
-880,487
-912,501
-904,487
-844,415
-848,341
-844,349
-828,371
-948,431
-900,375
-872,341
-904,361
-864,333
-860,361
-832,387
-876,453
-764,419
-804,415
-856,435
-896,487
-948,491
-888,485
-860,447
-844,433
-828,441
-868,469
-868,467
-932,473
-968,479
-884,433
-868,439
-896,445
-892,467
-964,497
-920,461
-920,459
-904,441
-904,501
-908,491
-984,523
-1008,543
-1032,563
-1088,583
-960,519
-976,525
-968,527
-892,481
-872,445
-912,475
-916,481
-968,505
-884,477
-824,447
-960,533
-980,537
-960,521
-968,523
-936,511
-852,451
-800,429
-792,415
-828,391
-768,347
-772,353
-872,343
-924,467
-892,509
-872,455
-876,435
-812,395
-828,431
-848,423
-908,423
-896,425
-956,451
-888,417
-792,385
-852,439
-900,475
-904,487
-944,509
-848,425
-844,375
-852,379
-904,375
-860,355
-868,353
-796,345
-772,323
-856,383
-916,431
-832,409
-824,401
-840,407
-772,399
-824,419
-844,413
-824,361
-836,293
-868,299
-808,303
-804,323
-840,219
-808,235
-752,233
-740,217
-748,215
-804,203
-772,241
-808,241
-844,271
-868,261
-844,267
-748,193
-792,231
-788,239
-792,241
-848,237
-804,257
-864,343
-752,345
-792,367
-776,369
-856,427
-860,433
-880,467
-964,501
-904,453
-964,545
-1004,551
-992,549
-884,507
-1024,561
-1020,557
-1004,543
-956,529
-980,537
-976,513
-904,469
-876,457
-780,369
-716,363
-772,425
-892,485
-824,425
-876,435
-872,401
-888,427
-848,457
-856,469
-924,499
-884,477
-900,483
-924,467
-844,435
-836,443
-832,429
-776,397
-868,423
-888,441
-912,435
-884,447
-920,473
-968,519
-888,491
-1024,547
-1004,533
-888,473
-920,485
-1016,529
-984,495
-972,517
-976,521
-952,515
-900,501
-956,529
-928,513
-892,483
-960,497
-892,479
-928,509
-932,505
-896,499
-932,511
-904,477
-940,519
-916,465
-948,453
-916,467
-912,471
-860,459
-916,479
-896,479
-940,471
-964,519
-856,475
-924,521
-968,535
-988,531
-944,503
-932,507
-1008,555
-1000,549
-956,521
-936,521
-916,507
-872,481
-912,497
-964,533
-952,531
-984,519
-896,479
-908,503
-968,515
-920,489
-884,457
-900,491
-1020,559
-1044,569
-1028,563
-1000,549
-952,527
-948,509
-908,465
-904,481
-884,497
-960,529
-936,531
-944,507
-956,519
-992,541
-1020,551
-936,523
-952,511
-948,509
-888,481
-984,525
-920,481
-816,425
-880,445
-868,475
-932,489
-1020,521
-924,497
-960,525
-1056,571
-932,503
-896,493
-900,499
-824,457
-876,477
-924,509
-892,493
-904,499
-960,495
-980,525
-944,507
-836,471
-848,443
-848,467
-872,435
-848,445
-928,467
-892,391
-840,399
-908,453
-828,379
-732,295
-860,383
-872,333
-788,253
-744,251
-744,249
-728,207
-728,223
-676,147
-672,179
-796,175
-792,173
-776,253
-748,215
-788,263
-804,333
-836,319
-832,353
-884,423
-916,491
-940,505
-896,469
-968,503
-840,459
-796,411
-780,421
-904,487
-868,465
-972,531
-956,515
-1012,531
-856,459
-972,511
-896,471
-912,457
-924,489
-836,445
-888,449
-836,411
-944,457
-928,469
-916,479
-860,465
-840,467
-896,493
-908,489
-880,473
-948,507
-912,485
-928,509
-948,521
-1004,535
-984,531
-944,513
-940,509
-1020,545
-1008,531
-864,481
-944,493
-892,483
-884,481
-780,439
-888,475
-928,479
-888,455
-900,451
-844,413
-948,497
-940,515
-956,497
-980,533
-932,513
-932,507
-924,507
-892,463
-848,433
-880,363
-804,333
-828,373
-812,375
-792,381
-840,367
-872,381
-848,373
-892,369
-956,393
-896,373
-912,389
-888,413
-900,445
-904,437
-868,367
-864,383
-796,367
-824,351
-832,333
-772,319
-872,405
-792,361
-812,393
-704,325
-660,237
-696,265
-764,307
-712,271
-700,251
-772,259
-908,385
-832,377
-948,429
-836,353
-888,333
-932,431
-912,407
-936,389
-908,377
-792,323
-832,321
-780,315
-840,349
-788,325
-772,359
-852,389
-824,339
-884,391
-840,347
-852,377
-900,369
-840,229
-876,237
-832,165
-840,177
-816,237
-756,201
-752,229
-732,299
-800,353
-900,431
-920,417
-812,401
-832,393
-820,377
-776,327
-800,351
-856,419
-876,387
-844,413
-820,425
-884,483
-1032,545
-952,517
-936,515
-892,491
-928,493
-836,467
-844,435
-836,433
-868,459
-916,471
-912,505
-920,505
-960,519
-928,511
-956,493
-968,507
-944,473
-976,493
-1016,553
-924,481
-916,465
-892,447
-852,413
-844,399
-900,445
-836,413
-800,377
-808,361
-772,367
-848,437
-816,377
-836,371
-900,433
-848,437
-876,451
-868,471
-964,505
-932,499
-936,523
-872,471
-880,471
-852,415
-796,371
-856,383
-844,383
-836,383
-840,423
-792,387
-800,339
-808,361
-764,311
-776,307
-832,323
-816,349
-792,293
-816,247
-768,169
-792,139
-740,153
-772,77
-744,115
-744,101
-784,103
-812,71
-784,165
-792,161
-788,237
-788,183
-716,135
-712,227
-716,155
-768,249
-796,181
-808,125
-788,111
-784,173
-800,267
-764,239
-800,217
-836,209
-808,215
-856,203
-824,207
-908,219
-864,221
-872,241
-864,259
-800,235
-852,211
-800,221
-844,215
-816,257
-756,291
-824,333
-820,361
-768,325
-780,299
-828,301
-824,315
-832,369
-816,377
-840,397
-860,439
-848,433
-844,393
-836,351
-840,357
-836,387
-856,369
-820,335
-776,365
-836,381
-888,415
-900,433
-884,447
-836,429
-840,449
-960,531
-992,547
-944,523
-1012,539
-1016,539
-912,497
-908,493
-920,505
-1000,535
-984,537
-996,527
-936,505
-988,531
-984,537
-936,505
-908,483
-916,513
-976,537
-1008,555
-1008,549
-932,503
-892,509
-924,511
-892,497
-848,455
-964,501
-992,511
-1024,531
-968,487
-908,471
-924,499
-940,503
-908,483
-896,449
-816,395
-744,373
-824,401
-840,403
-792,377
-744,341
-768,313
-720,331
-820,375
-856,397
-872,433
-920,475
-892,433
-876,397
-864,371
-808,399
-784,371
-884,383
-948,423
-908,399
-888,359
-852,339
-820,337
-844,359
-928,355
-948,407
-960,443
-952,453
-888,413
-892,443
-936,461
-936,469
-944,501
-936,523
-960,523
-936,477
-836,451
-700,359
-784,379
-800,393
-844,379
-804,333
-792,329
-860,433
-840,401
-820,397
-832,395
-904,469
-944,499
-956,509
-952,523
-920,503
-972,521
-944,517
-944,493
-852,467
-888,471
-888,453
-852,405
-872,417
-812,425
-968,535
-952,521
-964,491
-960,517
-992,527
-892,475
-848,443
-896,465
-868,451
-932,503
-888,473
-916,515
-956,517
-988,535
-976,539
-956,543
-960,523
-852,487
-896,493
-832,445
-940,513
-868,467
-880,487
-896,503
-908,521
-892,493
-928,513
-908,499
-880,469
-884,471
-852,455
-872,445
-864,473
-884,475
-948,479
-968,505
-980,529
-908,485
-912,497
-900,471
-912,489
-952,511
-948,497
-956,487
-904,477
-940,447
-880,439
-832,411
-840,407
-812,315
-892,351
-808,305
-808,321
-836,331
-836,373
-908,403
-848,371
-880,393
-848,369
-852,359
-800,347
-856,363
-860,401
-880,421
-836,391
-852,413
-812,395
-884,439
-804,347
-884,445
-904,417
-928,511
-904,465
-836,423
-904,497
-876,479
-1008,545
-1016,551
-980,539
-888,487
-940,509
-940,511
-984,531
-980,521
-956,529
-884,469
-848,435
-828,451
-908,473
-852,465
-924,465
-868,457
-936,487
-944,513
-940,501
-964,497
-872,457
-848,419
-788,365
-820,355
-860,355
-828,363
-900,389
-880,361
-772,327
-832,377
-892,405
-828,383
-928,457
-916,453
-892,453
-940,485
-844,407
-816,411
-824,405
-856,411
-844,429
-880,439
-856,399
-876,441
-924,477
-920,461
-972,501
-968,519
-948,503
-848,453
-920,471
-864,463
-892,469
-848,461
-876,471
-924,493
-892,497
-952,515
-884,469
-988,521
-972,539
-840,481
-852,465
-840,433
-928,465
-980,477
-916,457
-820,379
-832,411
-812,391
-836,369
-836,311
-776,245
-784,247
-776,207
-752,167
-780,111
-668,103
-720,63
-800,83
-812,43
-820,35
-772,37
-748,21
-732,61
-780,61
-768,47
-700,157
-704,163
-820,163
-812,151
-712,139
-680,131
-748,161
-768,189
-764,217
-804,265
-788,267
-756,317
-776,361
-800,385
-796,345
-820,319
-832,339
-864,319
-936,383
-852,295
-868,283
-816,297
-796,321
-756,317
-832,293
-872,341
-880,365
-836,317
-844,349
-812,303
-732,299
-736,317
-760,345
-724,363
-788,399
-824,361
-872,423
-952,479
-892,461
-780,411
-784,377
-736,357
-776,317
-796,363
-768,371
-768,365
-828,419
-792,399
-852,413
-752,353
-776,309
-696,259
-772,329
-764,287
-768,323
-848,339
-884,433
-912,453
-912,493
-1012,511
-1008,531
-1008,553
-956,515
-976,527
-984,519
-976,517
-996,521
-952,521
-1024,545
-944,513
-1008,531
-956,515
-904,513
-920,513
-960,533
-928,501
-932,501
-904,497
-868,485
-904,503
-924,495
-884,473
-924,475
-856,433
-876,427
-920,431
-836,383
-880,415
-800,409
-876,463
-872,465
-840,441
-836,437
-924,455
-836,405
-816,421
-816,417
-848,455
-832,449
-880,449
-840,413
-812,369
-828,395
-808,393
-860,421
-876,355
-836,413
-968,471
-888,463
-852,451
-940,495
-908,505
-892,485
-844,445
-932,433
-916,443
-948,475
-964,481
-924,491
-948,509
-960,495
-992,513
-992,521
-896,505
-940,517
-956,527
-848,463
-832,463
-880,429
-876,461
-924,491
-964,531
-952,525
-992,541
-1004,537
-944,515
-936,499
-936,485
-892,505
-972,523
-916,477
-884,475
-968,539
-992,519
-1056,567
-1012,551
-944,519
-984,547
-980,527
-952,533
-1000,547
-936,505
-952,491
-948,467
-904,461
-952,497
-812,421
-828,395
-756,365
-824,397
-852,433
-924,481
-884,463
-928,485
-1028,523
-996,521
-1028,561
-960,523
-852,455
-884,469
-896,483
-912,487
-888,453
-824,423
-868,481
-892,489
-940,513
-992,507
-872,453
-844,403
-828,381
-876,383
-916,357
-916,371
-828,293
-860,293
-896,339
-860,307
-864,335
-852,389
-864,377
-888,333
-812,281
-824,309
-852,287
-852,291
-860,371
-828,345
-780,309
-788,317
-816,329
-752,333
-760,325
-876,341
-844,349
-836,299
-864,333
-816,271
-736,231
-768,255
-768,243
-800,239
-748,185
-752,161
-804,157
-700,93
-688,65
-692,39
-692,5
-688,-15
-752,-67
-740,-55
-772,-73
-760,-97
-860,-65
-804,-93
-792,-57
-764,-77
-700,-33
-732,-5
-696,5
-736,-45
-684,-39
-728,-35
-752,9
-696,15
-784,15
-700,37
-768,17
-748,-3
-732,17
-772,61
-740,19
-784,-1
-852,39
-864,81
-872,133
-880,137
-828,211
-812,241
-756,269
-824,313
-856,313
-820,265
-752,219
-820,217
-768,203
-804,185
-884,281
-800,219
-932,227
-820,199
-836,203
-852,235
-836,279
-844,295
-832,355
-860,381
-844,397
-896,401
-880,439
-908,463
-1000,517
-956,493
-880,431
-892,453
-944,459
-928,449
-860,359
-868,365
-852,355
-852,359
-840,427
-848,399
-864,429
-852,423
-880,427
-900,463
-960,497
-904,461
-860,413
-900,441
-900,437
-856,411
-840,417
-816,397
-800,351
-904,411
-900,365
-844,379
-832,393
-872,435
-880,457
-936,497
-936,469
-832,425
-892,457
-900,473
-852,341
-824,305
-824,291
-924,373
-864,361
-808,359
-844,385
-872,425
-808,389
-808,301
-804,275
-804,311
-744,311
-820,361
-824,341
-844,307
-768,277
-768,345
-828,423
-816,413
-920,461
-828,441
-848,449
-856,471
-860,471
-764,393
-800,425
-884,459
-972,515
-908,465
-924,481
-1008,527
-916,497
-928,497
-964,509
-916,469
-932,499
-924,497
-912,495
-908,481
-836,425
-836,441
-828,387
-868,395
-820,353
-916,381
-852,369
-780,355
-872,391
-872,383
-816,321
-784,317
-840,401
-852,379
-804,353
-852,395
-840,339
-836,335
-920,405
-928,469
-1012,513
-904,481
-872,435
-832,419
-912,453
-888,417
-836,403
-828,399
-744,367
-804,399
-856,441
-900,485
-928,509
-932,497
-960,523
-932,525
-1020,549
-924,519
-916,509
-976,529
-940,507
-960,515
-984,497
-900,497
-944,521
-968,511
-968,499
-844,461
-844,457
-864,415
-816,373
-860,407
-880,423
-872,375
-816,303
-772,237
-804,321
-864,415
-920,489
-1000,535
-992,523
-936,493
-916,495
-960,495
-952,481
-900,495
-972,523
-992,527
-956,507
-932,495
-952,491
-872,461
-832,333
-820,281
-840,299
-724,267
-772,281
-796,291
-752,269
-756,267
-776,307
-740,317
-804,315
-792,331
-892,403
-872,399
-940,499
-936,505
-972,471
-924,471
-884,405
-900,415
-972,473
-916,449
-980,489
-920,465
-912,475
-928,487
-892,461
-912,467
-972,495
-988,499
-960,499
-892,453
-988,527
-940,493
-900,449
-868,415
-920,419
-856,405
-816,389
-828,395
-812,413
-820,355
-824,367
-808,347
-944,381
-896,351
-880,379
-812,387
-888,427
-896,345
-864,343
-752,325
-812,323
-760,273
-864,331
-860,357
-796,333
-760,345
-772,327
-792,341
-800,367
-760,383
-816,393
-880,419
-772,359
-744,349
-868,365
-920,321
-828,279
-820,285
-832,345
-884,317
-884,381
-848,355
-804,351
-828,333
-856,269
-836,307
-868,341
-836,341
-828,331
-796,335
-808,351
-800,377
-852,403
-848,429
-936,489
-872,447
-856,457
-924,493
-828,429
-868,401
-832,385
-916,451
-896,453
-864,445
-860,431
-908,475
-968,513
-892,465
-860,459
-852,449
-852,403
-844,397
-792,367
-796,361
-796,335
-820,373
-816,371
-764,249
-820,315
-868,333
-872,321
-804,273
-760,327
-852,337
-748,249
-784,201
-828,233
-796,209
-780,167
-792,171
-828,223
-800,177
-780,235
-836,253
-904,309
-872,259
-932,289
-844,287
-792,231
-872,221
-820,243
-852,205
-852,159
-888,195
-792,177
-772,173
-768,157
-812,41
-772,47
-796,57
-788,69
-764,73
-804,75
-872,35
-876,93
-792,69
-824,-11
-832,-37
-832,-61
-764,-107
-808,-69
-804,-119
-780,15
-752,9
-792,-7
-784,-15
-812,-17
-780,-73
-788,-69
-808,-25
-772,-33
-776,-5
-796,-29
-840,-49
-848,-99
-776,-115
-776,-169
-792,-131
-772,-119
-728,-81
-744,-103
-792,-129
-816,-229
-840,-263
-844,-285
-892,-343
-844,-247
-844,-269
-792,-213
-752,-225
-820,-269
-916,-345
-828,-319
-912,-359
-872,-353
-896,-349
-920,-391
-876,-427
-956,-459
-896,-433
-884,-445
-884,-473
-900,-475
-928,-491
-912,-507
-912,-499
-920,-507
-820,-427
-792,-409
-748,-375
-892,-471
-948,-509
-924,-503
-1056,-555
-1004,-537
-1032,-543
-1104,-585
-1096,-581
-1064,-565
-888,-465
-936,-511
-1044,-567
-976,-543
-952,-511
-996,-527
-992,-539
-964,-519
-900,-501
-928,-511
-984,-539
-960,-525
-916,-493
-908,-461
-916,-439
-900,-443
-852,-413
-884,-467
-888,-445
-920,-449
-956,-467
-888,-467
-800,-425
-704,-339
-728,-347
-844,-437
-864,-405
-840,-429
-888,-453
-908,-481
-992,-543
-924,-487
-888,-421
-940,-447
-856,-403
-852,-439
-904,-467
-892,-463
-824,-453
-908,-461
-800,-385
-776,-385
-780,-397
-836,-445
-880,-475
-840,-453
-828,-433
-744,-379
-804,-405
-892,-447
-944,-513
-936,-513
-892,-463
-856,-471
-848,-473
-848,-473
-916,-503
-892,-487
-892,-459
-896,-473
-864,-461
-768,-415
-756,-393
-880,-447
-880,-411
-860,-401
-876,-429
-904,-423
-864,-463
-872,-435
-892,-419
-916,-439
-872,-457
-880,-453
-836,-407
-768,-395
-908,-469
-840,-485
-908,-509
-880,-511
-956,-525
-908,-505
-928,-517
-964,-527
-884,-495
-940,-511
-964,-507
-936,-505
-988,-525
-1036,-545
-968,-531
-1008,-529
-916,-511
-972,-529
-1004,-549
-1072,-573
-916,-501
-904,-471
-900,-489
-872,-481
-824,-451
-776,-375
-800,-379
-808,-443
-872,-457
-836,-405
-896,-363
-920,-383
-892,-413
-868,-407
-864,-373
-920,-417
-944,-475
-944,-479
-924,-499
-936,-495
-980,-535
-1036,-555
-944,-513
-916,-481
-896,-469
-924,-435
-860,-381
-840,-391
-876,-397
-916,-413
-900,-383
-864,-427
-844,-397
-852,-341
-828,-317
-848,-319
-816,-271
-836,-231
-808,-191
-756,-213
-828,-237
-828,-281
-836,-281
-760,-281
-820,-307
-792,-353
-728,-369
-780,-361
-776,-381
-852,-441
-936,-473
-876,-461
-892,-475
-944,-483
-932,-465
-872,-435
-864,-449
-864,-443
-852,-455
-808,-423
-756,-391
-880,-407
-900,-435
-864,-423
-1016,-505
-1052,-559
-1000,-535
-996,-537
-956,-515
-1036,-495
-964,-483
-924,-497
-920,-487
-980,-511
-932,-493
-932,-503
-932,-515
-892,-497
-840,-443
-896,-463
-828,-415
-744,-421
-908,-451
-912,-471
-892,-481
-960,-519
-944,-529
-1004,-561
-1044,-569
-968,-523
-1028,-551
-1060,-557
-1012,-533
-920,-485
-844,-447
-840,-389
-888,-421
-792,-393
-816,-405
-780,-359
-772,-317
-836,-389
-896,-335
-800,-353
-824,-375
-832,-339
-808,-307
-756,-257
-780,-261
-852,-343
-760,-303
-720,-247
-764,-289
-832,-339
-880,-321
-940,-327
-800,-269
-824,-325
-828,-309
-856,-367
-908,-467
-952,-503
-956,-503
-940,-501
-932,-511
-992,-515
-956,-507
-908,-481
-968,-511
-984,-523
-948,-509
-948,-499
-928,-481
-908,-483
-944,-505
-924,-487
-852,-443
-868,-425
-904,-407
-896,-381
-860,-413
-860,-421
-880,-429
-808,-375
-744,-267
-796,-271
-816,-331
-788,-331
-876,-381
-896,-409
-876,-437
-828,-361
-888,-445
-928,-471
-844,-441
-796,-463
-936,-507
-1000,-535
-1016,-539
-904,-487
-900,-483
-896,-465
-928,-455
-928,-487
-884,-427
-860,-407
-868,-455
-964,-495
-936,-463
-928,-451
-936,-439
-872,-429
-880,-431
-952,-467
-924,-437
-904,-383
-828,-377
-788,-357
-800,-409
-836,-413
-892,-447
-904,-469
-904,-445
-864,-395
-876,-349
-848,-341
-764,-257
-752,-227
-704,-139
-772,-177
-740,-149
-756,-115
-756,-79
-716,-69
-748,-65
-720,-51
-708,-63
-752,-107
-720,-175
-760,-151
-828,-195
-832,-187
-900,-249
-820,-195
-820,-187
-836,-247
-876,-229
-804,-241
-812,-265
-760,-247
-820,-323
-864,-319
-880,-367
-856,-385
-904,-391
-896,-417
-916,-373
-872,-321
-856,-349
-824,-361
-800,-405
-888,-421
-844,-433
-824,-433
-892,-445
-856,-427
-876,-451
-916,-499
-984,-511
-932,-451
-888,-449
-888,-461
-940,-469
-916,-441
-880,-423
-848,-369
-840,-387
-824,-361
-840,-385
-824,-379
-776,-341
-872,-415
-860,-423
-860,-413
-956,-421
-900,-411
-924,-383
-844,-365
-816,-399
-832,-423
-860,-429
-900,-481
-872,-491
-924,-495
-968,-517
-916,-477
-896,-479
-928,-495
-924,-503
-1036,-553
-1028,-509
-992,-519
-824,-431
-860,-455
-876,-475
-980,-541
-900,-505
-912,-465
-944,-483
-868,-457
-796,-377
-848,-429
-852,-407
-840,-367
-836,-389
-800,-409
-924,-459
-940,-491
-924,-483
-948,-483
-924,-461
-932,-503
-892,-459
-916,-489
-888,-479
-892,-443
-912,-441
-908,-465
-816,-399
-860,-455
-916,-477
-832,-427
-912,-463
-940,-497
-896,-467
-912,-499
-784,-445
-836,-463
-916,-493
-912,-491
-932,-495
-884,-503
-820,-463
-868,-469
-856,-441
-896,-437
-852,-425
-860,-413
-900,-463
-988,-517
-928,-503
-976,-519
-940,-493
-1000,-515
-968,-513
-948,-499
-908,-485
-848,-455
-900,-483
-856,-461
-916,-465
-848,-405
-920,-457
-800,-455
-900,-465
-896,-455
-820,-401
-816,-407
-896,-433
-932,-449
-920,-463
-812,-435
-868,-469
-920,-505
-940,-507
-920,-495
-968,-515
-936,-493
-932,-485
-936,-489
-836,-403
-872,-443
-912,-457
-904,-461
-872,-443
-912,-455
-856,-453
-784,-413
-868,-487
-956,-529
-1016,-551
-980,-533
-928,-511
-940,-533
-996,-557
-968,-537
-1000,-547
-988,-545
-972,-531
-1048,-553
-980,-531
-1000,-537
-1024,-553
-928,-521
-1092,-579
-1032,-569
-940,-509
-996,-541
-988,-535
-996,-537
-976,-501
-904,-455
-920,-485
-876,-487
-896,-467
-956,-513
-936,-503
-820,-437
-832,-405
-812,-385
-828,-401
-860,-397
-824,-391
-848,-423
-884,-421
-912,-457
-900,-475
-864,-439
-848,-451
-816,-405
-868,-455
-836,-449
-884,-455
-932,-475
-884,-441
-924,-489
-1008,-533
-956,-507
-892,-481
-848,-461
-868,-457
-860,-453
-944,-491
-916,-477
-916,-489
-956,-511
-916,-523
-1012,-549
-932,-487
-976,-519
-976,-523
-920,-487
-908,-491
-916,-497
-896,-501
-940,-511
-920,-483
-904,-473
-932,-497
-944,-513
-948,-495
-1000,-489
-948,-483
-972,-497
-992,-521
-1008,-519
-972,-511
-916,-493
-832,-439
-848,-459
-888,-437
-912,-459
-848,-383
-732,-337
-848,-425
-840,-407
-800,-371
-860,-423
-872,-431
-752,-397
-768,-391
-796,-417
-900,-455
-856,-453
-832,-451
-972,-483
-952,-509
-908,-513
-1000,-533
-944,-509
-932,-495
-948,-509
-940,-489
-912,-469
-900,-433
-868,-413
-860,-439
-808,-431
-908,-499
-968,-515
-940,-501
-872,-475
-868,-469
-916,-491
-920,-505
-944,-511
-940,-471
-900,-439
-880,-437
-840,-417
-840,-435
-884,-459
-920,-499
-884,-461
-888,-473
-968,-507
-904,-487
-952,-495
-952,-497
-900,-449
-944,-503
-892,-473
-948,-475
-908,-441
-912,-437
-944,-415
-908,-397
-940,-473
-920,-445
-924,-509
-964,-523
-1024,-563
-1040,-561
-964,-527
-864,-465
-820,-437
-892,-485
-972,-531
-988,-531
-916,-493
-1024,-545
-968,-525
-988,-549
-972,-539
-1028,-565
-996,-541
-1048,-547
-936,-501
-876,-487
-1028,-523
-912,-489
-912,-515
-796,-439
-740,-417
-784,-423
-900,-475
-872,-411
-932,-455
-956,-511
-968,-507
-884,-479
-864,-435
-876,-447
-868,-441
-812,-461
-892,-507
-904,-519
-864,-479
-844,-439
-816,-443
-848,-463
-940,-495
-948,-505
-924,-487
-932,-465
-896,-447
-904,-497
-908,-485
-928,-503
-880,-433
-936,-467
-1000,-531
-988,-535
-972,-499
-928,-493
-888,-481
-912,-465
-952,-463
-920,-441
-872,-415
-920,-451
-844,-379
-912,-473
-908,-501
-876,-491
-896,-497
-880,-473
-976,-505
-988,-517
-1032,-541
-924,-521
-968,-531
-928,-519
-960,-533
-984,-553
-1032,-549
-1032,-557
-1000,-537
-1008,-539
-1000,-531
-964,-529
-948,-499
-892,-491
-892,-491
-1004,-535
-1020,-541
-1028,-533
-992,-501
-980,-507
-936,-507
-892,-453
-888,-449
-844,-425
-824,-421
-976,-525
-880,-465
-900,-443
-856,-427
-776,-395
-848,-409
-916,-447
-876,-435
-840,-387
-900,-437
-916,-449
-876,-443
-900,-467
-968,-497
-892,-475
-932,-491
-852,-463
-816,-409
-868,-427
-764,-367
-740,-335
-780,-341
-836,-403
-908,-451
-952,-497
-920,-511
-968,-531
-1008,-545
-984,-509
-840,-427
-856,-423
-880,-451
-976,-519
-920,-499
-988,-529
-1032,-555
-1024,-545
-952,-509
-940,-491
-872,-451
-812,-403
-788,-369
-788,-397
-888,-441
-1008,-521
-964,-505
-948,-501
-940,-501
-956,-517
-876,-461
-896,-469
-992,-515
-984,-545
-1008,-545
-1056,-565
-1076,-561
-964,-527
-920,-513
-1044,-563
-928,-503
-960,-527
-956,-529
-932,-501
-960,-503
-944,-517
-952,-501
-908,-491
-916,-469
-832,-459
-740,-409
-832,-461
-836,-429
-916,-453
-964,-475
-948,-495
-908,-469
-832,-427
-900,-441
-792,-371
-868,-423
-880,-465
-780,-445
-820,-443
-872,-473
-828,-425
-808,-401
-884,-479
-940,-477
-900,-495
-928,-501
-872,-477
-956,-511
-984,-521
-856,-489
-864,-467
-924,-499
-1012,-531
-1076,-573
-1028,-547
-980,-515
-904,-489
-916,-469
-896,-467
-880,-437
-892,-455
-912,-449
-876,-413
-900,-457
-848,-463
-860,-455
-908,-515
-992,-531
-964,-535
-988,-543
-1004,-547
-908,-487
-888,-431
-876,-415
-960,-437
-908,-393
-880,-359
-860,-381
-848,-413
-884,-415
-940,-465
-988,-501
-972,-481
-888,-455
-992,-539
-928,-521
-924,-485
-848,-455
-924,-455
-912,-479
-904,-487
-876,-491
-912,-479
-888,-439
-868,-437
-812,-355
-848,-421
-856,-421
-828,-335
-764,-377
-776,-329
-756,-285
-828,-359
-860,-375
-828,-373
-884,-371
-832,-335
-788,-303
-792,-285
-808,-339
-860,-367
-888,-389
-900,-455
-924,-489
-928,-477
-1004,-523
-972,-531
-936,-513
-940,-509
-956,-527
-884,-469
-848,-439
-832,-413
-840,-387
-828,-371
-740,-309
-760,-345
-700,-317
-756,-267
-792,-199
-820,-225
-780,-153
-788,-167
-800,-203
-840,-251
-796,-189
-776,-143
-784,-137
-776,-139
-712,-113
-776,-129
-768,-139
-716,-109
-680,-117
-752,-165
-836,-177
-844,-217
-824,-243
-804,-271
-880,-377
-816,-353
-808,-335
-700,-327
-784,-355
-800,-369
-896,-437
-916,-437
-936,-455
-896,-433
-920,-431
-860,-357
-856,-355
-944,-405
-896,-415
-828,-385
-812,-337
-792,-251
-756,-253
-804,-263
-804,-193
-772,-245
-820,-253
-824,-293
-764,-255
-796,-313
-764,-331
-840,-395
-776,-375
-860,-469
-836,-409
-920,-483
-896,-467
-972,-519
-940,-515
-880,-465
-880,-451
-824,-429
-864,-479
-940,-513
-928,-505
-972,-517
-972,-519
-928,-481
-892,-477
-900,-483
-884,-465
-828,-443
-900,-479
-916,-509
-940,-517
-1024,-547
-880,-493
-888,-497
-988,-531
-1048,-567
-1092,-585
-1004,-535
-960,-507
-920,-519
-940,-525
-992,-537
-932,-489
-952,-501
-1000,-517
-976,-497
-976,-509
-912,-471
-936,-499
-916,-481
-856,-477
-916,-519
-904,-495
-968,-521
-944,-503
-964,-523
-944,-525
-952,-525
-936,-507
-1000,-537
-972,-537
-956,-497
-952,-507
-908,-491
-928,-509
-960,-509
-832,-425
-872,-437
-888,-465
-948,-489
-916,-483
-948,-517
-892,-497
-968,-529
-968,-507
-932,-499
-912,-495
-876,-449
-864,-435
-804,-423
-852,-433
-928,-497
-932,-493
-916,-481
-856,-453
-896,-415
-820,-395
-752,-387
-724,-359
-712,-361
-820,-417
-860,-427
-856,-433
-860,-411
-852,-411
-892,-459
-828,-453
-964,-471
-984,-513
-892,-445
-848,-423
-920,-497
-876,-477
-932,-495
-940,-487
-964,-503
-980,-505
-932,-477
-900,-455
-904,-413
-940,-455
-884,-441
-900,-447
-832,-405
-852,-419
-828,-461
-848,-449
-904,-449
-960,-463
-896,-389
-824,-375
-792,-389
-780,-357
-852,-385
-884,-425
-924,-461
-864,-451
-848,-429
-824,-405
-792,-371
-872,-433
-880,-441
-824,-443
-852,-469
-968,-507
-908,-493
-828,-449
-828,-459
-900,-445
-900,-451
-920,-463
-872,-463
-912,-503
-960,-519
-976,-529
-1036,-569
-976,-545
-924,-509
-912,-509
-960,-529
-1036,-565
-992,-545
-1012,-551
-1056,-561
-1064,-569
-1032,-557
-928,-533
-908,-513
-932,-495
-940,-481
-916,-485
-872,-467
-888,-461
-856,-427
-840,-379
-920,-383
-920,-421
-872,-437
-880,-397
-884,-453
-844,-417
-860,-425
-888,-447
-928,-465
-896,-461
-860,-451
-868,-451
-940,-495
-1004,-537
-976,-531
-1008,-553
-1020,-561
-996,-553
-948,-529
-908,-501
-996,-523
-956,-525
-1020,-541
-1000,-553
-912,-499
-908,-453
-972,-531
-964,-521
-896,-489
-952,-507
-816,-451
-820,-447
-868,-451
-916,-491
-992,-541
-972,-521
-952,-515
-1008,-537
-888,-487
-948,-511
-944,-493
-900,-459
-880,-421
-924,-461
-912,-457
-880,-417
-840,-347
-856,-263
-808,-263
-856,-221
-808,-195
-804,-209
-836,-205
-804,-109
-760,-61
-764,-29
-644,-31
-676,-43
-696,-43
-672,-41
-680,9
-652,31
-728,-37
-708,-103
-744,-147
-736,-113
-760,-171
-856,-141
-888,-157
-828,-151
-752,-147
-684,-163
-760,-233
-768,-169
-768,-123
-732,-157
-780,-159
-756,-189
-836,-259
-828,-239
-856,-309
-892,-405
-904,-427
-852,-453
-884,-465
-992,-521
-968,-521
-920,-493
-904,-481
-968,-503
-924,-495
-992,-539
-1092,-585
-1020,-553
-968,-529
-976,-529
-948,-511
-972,-535
-916,-495
-972,-527
-928,-481
-972,-523
-968,-543
-988,-543
-1000,-545
-1076,-573
-996,-531
-892,-493
-856,-477
-936,-517
-924,-463
-908,-473
-940,-491
-832,-417
-868,-415
-972,-457
-900,-435
-916,-457
-880,-445
-932,-501
-900,-507
-960,-529
-1020,-553
-1064,-573
-988,-535
-940,-501
-936,-497
-936,-507
-908,-489
-932,-469
-908,-477
-880,-467
-856,-445
-848,-439
-860,-433
-924,-467
-928,-479
-956,-509
-984,-519
-832,-445
-932,-459
-960,-479
-1032,-525
-960,-509
-960,-485
-940,-441
-912,-459
-832,-375
-812,-371
-836,-379
-824,-371
-828,-397
-828,-409
-924,-425
-932,-455
-888,-427
-900,-383
-916,-399
-884,-371
-828,-347
-852,-365
-816,-299
-824,-273
-832,-325
-844,-341
-880,-349
-900,-425
-940,-451
-928,-433
-904,-461
-960,-501
-880,-395
-864,-391
-876,-407
-928,-431
-936,-491
-912,-517
-968,-539
-996,-553
-928,-505
-952,-515
-956,-511
-928,-497
-956,-513
-1012,-551
-908,-511
-992,-543
-1008,-549
-912,-513
-880,-493
-932,-531
-984,-535
-984,-535
-984,-535
-896,-475
-852,-421
-800,-367
-824,-415
-808,-393
-912,-447
-908,-457
-996,-511
-956,-483
-932,-495
-892,-453
-840,-425
-876,-425
-904,-477
-904,-489
-980,-525
-864,-485
-972,-535
-936,-513
-908,-453
-908,-421
-836,-375
-852,-411
-836,-461
-932,-485
-940,-513
-1024,-539
-976,-539
-928,-525
-768,-419
-904,-487
-960,-521
-932,-511
-1000,-549
-988,-525
-960,-499
-900,-503
-868,-455
-852,-465
-880,-485
-884,-487
-872,-499
-872,-497
-928,-505
-988,-539
-908,-489
-908,-471
-932,-497
-932,-519
-860,-475
-868,-459
-836,-409
-816,-339
-876,-431
-800,-363
-772,-363
-936,-481
-972,-487
-924,-481
-972,-507
-956,-491
-896,-471
-904,-481
-920,-483
-836,-451
-916,-463
-856,-431
-828,-421
-808,-421
-816,-391
-808,-451
-876,-473
-876,-449
-912,-437
-872,-367
-868,-363
-860,-323
-740,-255
-792,-271
-800,-315
-812,-329
-828,-311
-856,-311
-800,-343
-900,-327
-864,-309
-868,-261
-828,-281
-900,-383
-828,-363
-784,-307
-824,-329
-800,-315
-880,-363
-884,-327
-908,-375
-924,-381
-844,-381
-788,-369
-836,-379
-808,-389
-752,-341
-812,-399
-840,-413
-780,-369
-896,-425
-920,-461
-900,-393
-936,-465
-888,-477
-924,-509
-960,-507
-976,-531
-1016,-547
-968,-507
-912,-469
-912,-419
-872,-371
-924,-431
-932,-453
-844,-445
-804,-403
-876,-463
-872,-447
-924,-491
-940,-511
-988,-523
-904,-495
-904,-495
-908,-497
-888,-467
-968,-501
-888,-483
-772,-393
-820,-393
-816,-421
-844,-413
-896,-453
-948,-471
-936,-473
-984,-459
-884,-443
-984,-469
-928,-459
-836,-421
-868,-415
-900,-469
-948,-501
-892,-491
-956,-515
-892,-475
-780,-411
-824,-419
-808,-443
-812,-431
-792,-371
-780,-347
-828,-355
-788,-331
-736,-339
-764,-353
-752,-357
-712,-283
-864,-425
-876,-467
-972,-521
-932,-491
-884,-477
-936,-507
-952,-495
-940,-511
-968,-499
-912,-445
-832,-417
-808,-381
-856,-411
-812,-397
-864,-449
-784,-419
-928,-499
-820,-449
-808,-421
-844,-441
-872,-439
-880,-435
-916,-447
-924,-447
-904,-469
-944,-497
-932,-495
-968,-495
-924,-463
-832,-353
-900,-359
-844,-357
-908,-391
-824,-373
-840,-327
-868,-375
-864,-327
-796,-355
-808,-421
-768,-383
-796,-417
-912,-495
-960,-519
-948,-489
-1012,-513
-920,-481
-948,-493
-924,-483
-884,-459
-860,-457
-844,-447
-900,-483
-836,-417
-800,-389
-900,-481
-980,-541
-988,-543
-972,-539
-952,-535
-1040,-567
-1044,-555
-976,-527
-952,-507
-972,-511
-932,-499
-952,-499
-964,-505
-892,-461
-872,-477
-884,-467
-924,-473
-876,-453
-928,-471
-912,-475
-860,-485
-1012,-551
-976,-535
-1004,-549
-920,-489
-1000,-541
-980,-535
-1036,-563
-1008,-559
-940,-503
-972,-539
-1012,-559
-1016,-555
-1028,-553
-1004,-549
-980,-539
-972,-529
-1024,-539
-904,-469
-900,-449
-904,-455
-784,-367
-856,-403
-924,-471
-928,-453
-852,-357
-880,-395
-836,-409
-872,-383
-792,-375
-824,-411
-832,-425
-860,-435
-848,-423
-920,-449
-872,-409
-812,-401
-796,-375
-828,-437
-868,-477
-920,-499
-908,-465
-928,-485
-888,-445
-956,-467
-952,-495
-924,-501
-952,-501
-880,-465
-924,-483
-956,-497
-940,-509
-972,-503
-796,-389
-792,-407
-808,-399
-796,-387
-832,-445
-876,-453
-856,-449
-792,-441
-864,-457
-900,-493
-904,-501
-1000,-539
-916,-481
-840,-453
-896,-465
-904,-489
-984,-537
-852,-467
-928,-515
-896,-507
-972,-521
-932,-487
-900,-469
-936,-471
-928,-491
-920,-465
-992,-507
-988,-515
-1028,-535
-880,-491
-884,-495
-916,-513
-868,-507
-972,-531
-1004,-559
-988,-543
-960,-535
-936,-533
-884,-471
-896,-517
-936,-523
-916,-519
-952,-515
-1020,-551
-928,-513
-912,-503
-888,-477
-924,-459
-912,-459
-880,-429
-864,-461
-836,-459
-932,-527
-908,-489
-904,-477
-920,-495
-928,-515
-872,-473
-884,-477
-852,-463
-900,-495
-864,-475
-908,-501
-872,-443
-924,-455
-884,-475
-876,-485
-932,-515
-956,-487
-900,-465
-844,-383
-816,-399
-960,-509
-1000,-527
-1020,-539
-992,-525
-988,-527
-896,-487
-956,-513
-964,-523
-912,-491
-888,-483
-916,-519
-908,-501
-928,-457
-972,-511
-968,-529
-980,-539
-948,-531
-912,-513
-892,-493
-904,-489
-872,-441
-896,-483
-948,-501
-960,-485
-1016,-499
-928,-447
-812,-387
-816,-361
-832,-423
-784,-383
-780,-373
-840,-433
-788,-393
-864,-429
-796,-391
-804,-453
-856,-467
-920,-491
-832,-421
-928,-447
-936,-479
-868,-457
-876,-447
-932,-501
-1012,-537
-956,-491
-900,-455
-916,-485
-932,-495
-920,-509
-848,-455
-796,-431
-864,-407
-844,-385
-792,-395
-812,-431
-820,-431
-892,-439
-860,-445
-916,-459
-816,-417
-856,-455
-828,-415
-904,-431
-876,-431
-920,-461
-960,-491
-900,-421
-936,-463
-936,-491
-956,-513
-1036,-537
-980,-507
-940,-497
-960,-529
-832,-453
-888,-475
-916,-483
-888,-479
-872,-469
-964,-511
-940,-511
-972,-533
-984,-537
-948,-515
-908,-493
-900,-481
-924,-487
-864,-443
-820,-399
-844,-419
-932,-483
-900,-461
-828,-423
-744,-351
-752,-337
-788,-379
-784,-355
-772,-315
-796,-345
-836,-369
-864,-341
-872,-343
-832,-373
-912,-347
-800,-293
-828,-323
-764,-285
-848,-285
-848,-295
-792,-171
-860,-167
-892,-207
-880,-243
-852,-265
-892,-217
-876,-193
-792,-175
-756,-183
-848,-219
-752,-233
-816,-313
-800,-273
-840,-287
-788,-345
-832,-365
-828,-335
-796,-363
-780,-361
-856,-325
-776,-287
-744,-267
-724,-217
-804,-233
-784,-225
-720,-207
-660,-141
-744,-131
-720,-125
-780,-97
-748,-31
-700,-17
-688,23
-644,55
-672,-55
-696,-137
-764,-149
-820,-253
-784,-275
-796,-427
-860,-477
-904,-471
-888,-483
-900,-469
-916,-477
-812,-431
-884,-449
-896,-423
-868,-451
-884,-469
-896,-483
-872,-461
-808,-433
-904,-463
-852,-409
-844,-417
-828,-399
-864,-447
-852,-463
-932,-481
-904,-455
-920,-457
-908,-469
-892,-465
-968,-525
-988,-537
-988,-543
-988,-541
-924,-529
-968,-531
-932,-499
-944,-525
-1008,-535
-972,-533
-896,-505
-972,-521
-924,-491
-976,-513
-920,-503
-896,-487
-920,-479
-952,-459
-952,-485
-984,-507
-892,-433
-824,-409
-792,-391
-800,-383
-748,-379
-708,-339
-744,-327
-744,-351
-800,-363
-864,-369
-768,-245
-712,-247
-748,-257
-828,-321
-748,-229
-764,-243
-768,-233
-784,-301
-748,-279
-800,-321
-776,-367
-872,-425
-884,-445
-952,-461
-872,-431
-868,-429
-856,-415
-788,-367
-800,-353
-844,-359
-856,-421
-928,-473
-960,-497
-984,-491
-904,-459
-904,-439
-880,-477
-860,-439
-908,-503
-904,-475
-784,-403
-884,-433
-900,-457
-788,-397
-900,-421
-808,-431
-884,-451
-1020,-535
-992,-531
-1012,-561
-988,-531
-884,-475
-840,-465
-916,-515
-904,-489
-856,-471
-892,-497
-896,-507
-760,-441
-736,-439
-884,-481
-852,-475
-892,-499
-896,-481
-896,-483
-836,-459
-804,-413
-832,-435
-900,-479
-924,-501
-904,-475
-936,-509
-944,-535
-968,-537
-972,-517
-944,-517
-1040,-553
-964,-531
-992,-539
-936,-505
-908,-451
-876,-437
-856,-457
-932,-457
-872,-427
-836,-353
-844,-415
-896,-469
-944,-511
-904,-485
-940,-471
-964,-511
-968,-521
-1000,-553
-968,-537
-924,-483
-872,-445
-936,-471
-964,-497
-908,-393
-936,-405
-900,-443
-980,-459
-888,-433
-880,-447
-900,-471
-916,-441
-856,-413
-844,-431
-912,-443
-952,-459
-872,-433
-852,-423
-824,-297
-836,-251
-708,-197
-732,-161
-764,-147
-788,-157
-816,-147
-780,-143
-740,-133
-752,-63
-720,5
-688,-47
-780,-13
-780,-63
-760,-31
-740,-93
-812,-127
-780,-131
-772,-133
-724,-181
-832,-231
-808,-241
-832,-209
-760,-179
-796,-201
-740,-221
-768,-207
-792,-227
-716,-207
-796,-151
-788,-147
-776,-105
-824,-229
-760,-225
-824,-251
-780,-183
-808,-181
-692,-109
-764,-85
-812,-87
-804,-111
-836,-131
-796,-163
-836,-203
-908,-207
-876,-241
-884,-215
-880,-265
-852,-277
-916,-337
-880,-297
-796,-253
-816,-195
-820,-187
-764,-141
-784,-169
-792,-157
-812,-209
-740,-201
-800,-233
-840,-243
-868,-239
-868,-201
-840,-219
-820,-179
-812,-207
-816,-175
-756,-189
-768,-211
-816,-153
-728,-231
-724,-161
-708,-185
-772,-177
-792,-207
-840,-151
-864,-165
-768,-165
-836,-215
-828,-265
-876,-285
-764,-265
-748,-231
-728,-243
-884,-285
-932,-287
-900,-287
-896,-293
-944,-317
-856,-309
-752,-215
-812,-207
-820,-215
-736,-117
-784,-139
-824,-227
-828,-171
-768,-161
-784,-189
-776,-189
-812,-251
-748,-283
-740,-307
-776,-375
-748,-365
-916,-373
-872,-347
-836,-391
-828,-379
-804,-365
-784,-375
-748,-357
-776,-341
-824,-357
-900,-415
-796,-341
-844,-391
-824,-325
-796,-345
-840,-355
-908,-411
-820,-307
-804,-287
-860,-297
-820,-267
-764,-261
-772,-251
-784,-211
-808,-229
-812,-209
-832,-289
-864,-319
-812,-315
-804,-325
-812,-371
-848,-411
-864,-403
-876,-409
-932,-411
-944,-463
-912,-485
-944,-487
-948,-483
-880,-477
-916,-439
-932,-481
-1028,-537
-1016,-531
-972,-525
-896,-463
-876,-469
-908,-479
-852,-459
-916,-493
-976,-517
-956,-525
-964,-529
-896,-495
-968,-523
-900,-493
-908,-467
-860,-427
-772,-351
-844,-407
-808,-399
-864,-445
-900,-447
-816,-415
-680,-359
-772,-399
-828,-439
-892,-461
-832,-431
-784,-383
-748,-325
-808,-345
-872,-387
-920,-395
-904,-407
-888,-435
-880,-461
-840,-395
-820,-411
-884,-463
-944,-525
-928,-509
-892,-485
-896,-499
-936,-497
-772,-373
-816,-391
-856,-415
-864,-415
-852,-407
-792,-365
-796,-333
-796,-337
-728,-275
-768,-295
-800,-355
-844,-363
-848,-367
-804,-373
-816,-411
-896,-471
-896,-487
-908,-493
-968,-519
-928,-509
-880,-493
-948,-505
-948,-513
-972,-521
-948,-513
-928,-507
-940,-517
-1028,-535
-932,-483
-872,-445
-908,-479
-936,-481
-880,-483
-832,-427
-812,-423
-936,-471
-880,-459
-928,-473
-896,-469
-940,-475
-904,-443
-896,-443
-916,-465
-940,-461
-972,-501
-912,-521
-936,-501
-892,-495
-932,-511
-912,-505
-944,-507
-868,-445
-840,-385
-832,-345
-844,-361
-852,-383
-808,-375
-840,-405
-924,-453
-868,-405
-788,-347
-724,-289
-764,-293
-740,-279
-756,-277
-848,-351
-784,-331
-812,-315
-736,-241
-840,-337
-816,-329
-824,-307
-824,-287
-864,-327
-848,-363
-844,-393
-900,-409
-804,-333
-864,-379
-856,-387
-888,-435
-864,-405
-876,-407
-840,-393
-908,-473
-924,-501
-940,-517
-992,-519
-908,-493
-900,-493
-872,-451
-912,-495
-876,-481
-924,-459
-884,-439
-808,-375
-848,-363
-852,-377
-840,-379
-840,-383
-856,-403
-812,-371
-892,-397
-952,-431
-892,-391
-916,-457
-1012,-525
-1068,-543
-1080,-567
-964,-525
-936,-519
-992,-537
-952,-529
-972,-527
-880,-499
-840,-479
-856,-487
-792,-435
-836,-455
-880,-461
-940,-515
-956,-519
-920,-479
-884,-453
-840,-373
-840,-301
-884,-397
-900,-431
-836,-419
-864,-435
-824,-419
-916,-453
-896,-425
-832,-415
-832,-365
-832,-395
-928,-411
-888,-389
-860,-321
-916,-345
-784,-275
-856,-247
-816,-247
-780,-219
-744,-215
-812,-273
-756,-265
-768,-265
-844,-291
-852,-395
-892,-385
-872,-423
-848,-395
-796,-327
-856,-437
-768,-407
-800,-455
-924,-513
-856,-475
-952,-521
-972,-529
-1012,-539
-984,-521
-984,-521
-892,-487
-892,-497
-888,-465
-964,-495
-932,-505
-900,-485
-936,-485
-1032,-553
-1020,-551
-968,-529
-924,-491
-968,-517
-952,-521
-972,-525
-956,-513
-840,-477
-900,-473
-836,-437
-896,-479
-852,-473
-828,-457
-860,-495
-988,-539
-928,-501
-896,-461
-856,-473
-816,-431
-828,-423
-908,-507
-932,-517
-856,-481
-892,-475
-856,-439
-912,-453
-940,-455
-852,-403
-872,-387
-860,-343
-808,-321
-752,-289
-796,-279
-796,-271
-800,-231
-780,-221
-800,-233
-760,-143
-716,-203
-756,-175
-776,-165
-920,-221
-868,-249
-792,-237
-856,-257
-836,-257
-788,-247
-792,-193
-864,-195
-836,-201
-904,-233
-880,-219
-868,-263
-800,-237
-796,-247
-768,-297
-836,-257
-756,-263
-740,-229
-768,-277
-788,-283
-792,-273
-828,-249
-868,-261
-912,-285
-832,-273
-800,-287
-836,-305
-748,-259
-756,-243
-684,-227
-772,-299
-768,-237
-728,-255
-696,-259
-824,-253
-808,-271
-756,-247
-728,-221
-764,-189
-732,-169
-852,-273
-900,-307
-868,-337
-920,-395
-868,-383
-824,-397
-924,-467
-928,-451
-876,-375
-928,-409
-852,-401
-848,-375
-740,-359
-740,-343
-772,-315
-832,-399
-864,-389
-848,-385
-856,-399
-876,-413
-804,-345
-776,-317
-796,-301
-816,-259
-824,-249
-820,-153
-812,-73
-740,-165
-836,-185
-816,-223
-804,-293
-892,-357
-852,-395
-892,-413
-900,-371
-816,-357
-772,-299
-860,-353
-860,-353
-856,-345
-800,-359
-792,-363
-804,-371
-760,-349
-808,-377
-932,-479
-856,-397
-824,-339
-884,-445
-908,-473
-904,-483
-916,-473
-968,-489
-964,-481
-984,-507
-916,-473
-952,-517
-1004,-533
-952,-499
-924,-485
-844,-463
-876,-475
-892,-487
-824,-453
-828,-441
-788,-421
-928,-497
-916,-497
-924,-503
-972,-529
-884,-473
-872,-473
-924,-477
-868,-453
-856,-471
-928,-485
-892,-475
-908,-491
-988,-527
-920,-497
-940,-493
-940,-491
-880,-437
-868,-431
-820,-405
-876,-405
-920,-435
-900,-469
-828,-401
-760,-313
-768,-327
-800,-333
-784,-341
-764,-377
-820,-349
-732,-363
-824,-441
-892,-493
-880,-479
-920,-501
-948,-475
-916,-481
-972,-523
-1032,-549
-1008,-527
-1016,-533
-964,-531
-872,-495
-944,-527
-908,-495
-956,-501
-840,-465
-944,-511
-992,-533
-928,-519
-908,-509
-848,-465
-944,-501
-760,-427
-820,-439
-908,-451
-868,-451
-852,-451
-836,-423
-832,-397
-796,-365
-880,-483
-864,-479
-808,-449
-948,-521
-1020,-555
-992,-537
-976,-521
-968,-529
-908,-495
-876,-475
-1000,-511
-964,-529
-916,-491
-924,-493
-908,-461
-960,-531
-980,-529
-996,-545
-1004,-541
-892,-469
-820,-457
-856,-485
-892,-495
-920,-509
-960,-513
-944,-465
-928,-455
-896,-445
-848,-407
-904,-465
-988,-459
-908,-449
-816,-431
-840,-473
-948,-519
-996,-545
-984,-525
-1008,-533
-928,-503
-896,-471
-848,-447
-820,-419
-852,-409
-844,-405
-848,-347
-912,-385
-860,-341
-936,-361
-952,-357
-848,-323
-852,-395
-848,-431
-828,-377
-844,-401
-820,-371
-752,-373
-804,-439
-788,-403
-876,-461
-908,-479
-932,-483
-912,-459
-852,-445
-824,-409
-780,-389
-872,-463
-980,-525
-944,-525
-936,-505
-872,-459
-820,-411
-872,-395
-876,-427
-812,-313
-860,-345
-860,-311
-784,-237
-832,-241
-784,-205
-736,-131
-656,-17
-756,51
-764,39
-784,39
-656,59
-632,3
-656,-19
-632,-35
-632,-45
-676,-1
-732,47
-768,57
-792,51
-780,85
-732,97
-768,143
-780,105
-732,113
-752,29
-768,47
-836,49
-792,-9
-776,-25
-804,-53
-820,-63
-736,-13
-744,-53
-732,-39
-724,69
-704,99
-820,21
-916,-61
-824,-109
-736,-107
-720,-133
-744,-115
-648,-109
-704,-151
-752,-99
-828,-187
-740,-133
-680,-127
-796,-103
-792,-37
-796,-1
-792,39
-808,89
-804,89
-768,169
-784,85
-764,43
-776,27
-780,19
-828,7
-736,59
-740,107
-776,125
-776,243
-772,255
-808,249
-744,217
-736,191
-724,143
-704,179
-736,115
-772,73
-788,45
-792,29
-792,101
-772,61
-772,91
-768,109
-764,29
-784,-17
-708,-23
-792,-13
-692,-3
-684,21
-728,43
-720,39
-652,1
-680,-33
-632,-7
-628,-21
-700,13
-668,73
-780,175
-764,133
-788,153
-820,207
-796,205
-816,215
-748,135
-792,173
-792,197
-804,175
-832,169
-796,143
-744,109
-776,109
-724,123
-756,109
-820,113
-804,137
-776,93
-748,99
-780,129
-776,145
-820,205
-812,261
-904,341
-872,311
-784,341
-828,361
-916,391
-880,413
-892,437
-1012,479
-1004,477
-904,461
-916,445
-952,451
-944,491
-960,495
-880,455
-796,401
-860,421
-848,379
-880,369
-872,353
-764,267
-864,321
-780,339
-816,391
-908,413
-844,401
-880,393
-864,391
-908,429
-936,431
-904,427
-904,445
-916,449
-896,421
-884,437
-880,465
-936,499
-952,535
-924,499
-912,491
-884,473
-872,437
-856,435
-884,439
-868,419
-900,441
-812,413
-816,449
-780,363
-804,357
-848,395
-860,369
-800,309
-728,313
-772,311
-772,281
-744,241
-752,275
-724,311
-812,333
-756,353
-768,347
-728,305
-812,301
-788,317
-784,315
-788,305
-796,277
-832,319
-828,323
-784,363
-848,411
-884,461
-884,469
-952,513
-884,495
-952,517
-860,469
-852,425
-804,367
-856,427
-740,327
-724,375
-800,453
-784,443
-824,465
-876,461
-908,479
-852,401
-876,389
-912,413
-840,353
-868,381
-908,425
-876,395
-864,431
-836,417
-876,435
-924,481
-944,515
-972,517
-948,515
-812,471
-884,507
-1000,543
-924,511
-992,545
-972,513
-932,513
-856,477
-952,529
-968,537
-964,517
-876,463
-912,495
-928,501
-924,519
-820,441
-848,469
-844,431
-876,463
-908,493
-948,515
-968,523
-892,449
-800,413
-732,363
-864,469
-864,453
-872,429
-960,491
-912,491
-916,513
-976,521
-968,527
-980,529
-896,483
-936,507
-948,501
-916,487
-904,495
-992,551
-1020,553
-996,531
-980,549
-976,531
-876,501
-864,481
-828,463
-844,463
-900,485
-820,427
-828,403
-812,381
-868,367
-856,333
-868,381
-916,437
-908,471
-880,425
-892,385
-916,365
-968,387
-952,425
-896,411
-868,397
-848,307
-920,309
-856,333
-888,349
-956,369
-860,317
-904,323
-836,335
-804,351
-812,351
-808,317
-760,343
-884,401
-896,373
-824,349
-872,367
-852,309
-844,335
-808,291
-756,195
-724,125
-660,81
-740,45
-704,25
-664,-13
-736,29
-704,83
-784,101
-844,101
-824,129
-772,133
-816,123
-812,69
-860,53
-824,11
-832,17
-864,53
-852,89
-800,123
-740,111
-772,95
-748,61
-744,139
-744,135
-716,51
-720,129
-716,153
-760,141
-748,95
-784,91
-800,123
-832,107
-772,77
-864,53
-800,-11
-804,-103
-768,-157
-800,-203
-752,-217
-880,-311
-832,-301
-780,-279
-804,-329
-784,-301
-820,-319
-880,-321
-856,-205
-876,-191
-796,-181
-748,-207
-716,-139
-688,-79
-664,-59
-748,-19
-780,13
-792,-87
-780,-95
-804,-123
-736,-133
-708,-129
-712,-101
-776,-135
-728,-153
-688,-173
-764,-201
-788,-251
-812,-185
-780,-157
-720,-183
-780,-177
-796,-207
-748,-105
-760,-5
-796,-55
-760,-15
-720,-89
-732,-89
-768,-63
-708,-23
-728,27
-700,-85
-744,-181
-736,-121
-748,-157
-740,-243
-808,-337
-788,-339
-796,-309
-724,-279
-784,-319
-784,-379
-772,-391
-808,-445
-908,-479
-908,-471
-884,-431
-928,-477
-964,-523
-924,-505
-968,-535
-964,-535
-852,-473
-852,-449
-972,-467
-912,-421
-868,-381
-868,-393
-904,-385
-876,-379
-748,-373
-776,-341
-808,-375
-840,-419
-884,-453
-952,-497
-920,-499
-888,-495
-848,-435
-876,-429
-856,-385
-844,-363
-840,-399
-816,-355
-860,-461
-848,-451
-780,-375
-748,-343
-780,-255
-780,-241
-740,-255
-660,-159
-652,-117
-688,-123
-728,-103
-708,-105
-736,-199
-724,-271
-824,-255
-852,-293
-844,-311
-892,-335
-908,-281
-880,-231
-856,-277
-776,-209
-792,-227
-844,-263
-936,-279
-824,-265
-836,-257
-716,-249
-824,-313
-796,-267
-860,-267
-828,-251
-808,-245
-820,-233
-776,-197
-824,-231
-848,-335
-844,-347
-800,-297
-744,-229
-788,-225
-808,-213
-676,-123
-748,-231
-820,-265
-800,-287
-804,-303
-836,-309
-844,-273
-716,-233
-816,-273
-828,-305
-884,-323
-820,-283
-764,-225
-828,-205
-812,-189
-792,-129
-824,-93
-792,-101
-752,-57
-800,-57
-692,-45
-744,39
-772,31
-756,45
-712,-23
-808,77
-864,117
-860,59
-828,51
-804,169
-752,157
-800,177
-808,179
-776,185
-756,205
-764,257
-688,253
-672,285
-828,367
-880,409
-852,429
-848,427
-856,427
-804,385
-760,337
-728,311
-792,315
-748,247
-772,271
-808,293
-816,321
-816,325
-820,317
-840,339
-844,357
-840,295
-864,241
-884,241
-876,303
-784,319
-752,251
-924,335
-828,321
-844,335
-916,417
-868,447
-836,409
-848,431
-784,411
-864,411
-896,445
-856,407
-864,427
-848,395
-824,423
-792,379
-820,391
-784,373
-836,315
-824,311
-876,409
-912,417
-928,425
-848,389
-900,413
-816,381
-792,353
-852,397
-952,405
-900,399
-828,373
-892,405
-848,375
-828,381
-768,285
-792,275
-788,289
-828,273
-800,277
-784,229
-824,245
-852,173
-732,197
-688,225
-680,273
-652,235
-672,179
-696,177
-780,207
-828,233
-824,261
-884,351
-836,385
-956,423
-892,427
-892,435
-892,451
-956,495
-1004,495
-896,433
-932,471
-872,469
-940,509
-940,533
-1024,547
-964,519
-976,497
-924,471
-928,485
-936,501
-976,523
-972,523
-928,497
-940,523
-1004,549
-1004,545
-1004,545
-996,537
-948,525
-964,521
-892,493
-900,467
-992,477
-972,471
-924,503
-948,527
-936,511
-908,513
-932,505
-884,483
-988,525
-932,487
-964,523
-980,509
-1004,517
-1000,515
-1028,529
-908,487
-856,459
-840,449
-872,455
-880,457
-964,511
-972,523
-988,519
-928,485
-928,483
-884,473
-920,487
-928,495
-948,513
-1028,555
-928,509
-896,473
-972,525
-1020,549
-984,535
-916,493
-968,523
-1000,503
-832,459
-864,493
-920,475
-864,407
-844,389
-872,365
-904,369
-884,379
-784,369
-796,345
-812,319
-864,317
-904,399
-932,431
-832,307
-808,311
-776,311
-784,401
-884,435
-876,447
-880,457
-924,501
-916,485
-888,479
-776,361
-736,337
-796,329
-856,373
-920,427
-872,451
-900,433
-848,361
-772,329
-848,371
-840,411
-784,373
-848,407
-824,393
-824,387
-760,369
-884,455
-904,433
-928,459
-864,423
-868,389
-776,295
-792,303
-796,315
-848,401
-876,415
-880,467
-864,469
-856,449
-900,479
-964,517
-944,503
-900,473
-940,491
-924,505
-980,537
-1008,545
-1036,561
-1032,547
-1008,551
-1020,541
-948,511
-856,407
-880,447
-868,449
-888,479
-872,419
-924,469
-928,497
-852,437
-936,501
-920,517
-984,533
-976,521
-928,509
-984,529
-912,527
-892,505
-828,463
-868,475
-880,451
-924,491
-980,511
-908,473
-864,447
-936,447
-956,495
-988,501
-952,487
-964,503
-948,513
-976,533
-956,515
-980,519
-888,487
-888,487
-928,499
-960,507
-928,493
-944,473
-936,525
-964,527
-924,501
-924,487
-816,415
-860,415
-840,423
-824,437
-796,371
-792,365
-864,419
-864,437
-856,357
-860,367
-892,365
-852,321
-808,263
-812,287
-868,293
-888,339
-828,347
-888,373
-908,391
-876,361
-888,331
-908,379
-804,353
-768,329
-788,301
-744,343
-876,421
-844,461
-888,473
-912,503
-904,485
-860,463
-852,439
-936,485
-984,487
-940,493
-892,485
-1004,527
-1048,563
-972,529
-932,509
-856,457
-908,503
-908,483
-840,435
-876,455
-920,439
-896,463
-932,455
-844,421
-964,495
-888,493
-900,485
-912,493
-1012,551
-992,539
-924,511
-848,461
-892,487
-888,489
-916,495
-968,511
-884,475
-872,467
-804,425
-868,459
-812,411
-864,463
-928,515
-996,549
-1036,563
-996,557
-1028,553
-1076,573
-976,537
-996,541
-988,541
-952,529
-1036,529
-912,487
-896,499
-944,521
-884,499
-968,531
-992,527
-964,517
-872,455
-808,419
-804,429
-844,437
-892,495
-904,505
-848,479
-992,525
-892,491
-924,521
-1012,557
-1068,577
-936,499
-992,533
-876,481
-908,507
-1004,551
-1004,547
-980,531
-888,489
-976,547
-900,485
-940,515
-984,499
-908,503
-1004,527
-996,521
-972,529
-904,477
-872,443
-844,423
-912,489
-876,481
-1000,533
-908,477
-984,519
-988,527
-1008,545
-964,535
-912,513
-992,551
-996,551
-940,527
-908,501
-872,495
-960,539
-964,527
-948,503
-872,467
-816,445
-888,483
-840,441
-792,379
-764,343
-780,383
-852,431
-896,473
-800,423
-776,389
-832,413
-844,455
-904,497
-1032,549
-1036,553
-1020,547
-972,517
-992,517
-968,501
-984,517
-984,537
-900,497
-892,479
-920,473
-792,411
-860,449
-936,521
-888,499
-928,489
-924,511
-988,545
-964,531
-904,523
-836,465
-816,443
-812,441
-876,461
-908,461
-908,465
-932,505
-960,491
-992,533
-940,527
-928,507
-900,499
-900,427
-920,439
-888,443
-968,511
-964,493
-876,433
-840,399
-856,391
-864,433
-840,429
-928,467
-852,443
-844,403
-784,389
-876,379
-808,407
-844,437
-932,493
-856,467
-944,517
-928,509
-948,495
-896,479
-864,469
-932,503
-916,477
-872,457
-932,475
-972,511
-960,515
-932,497
-1004,497
-900,481
-920,451
-872,421
-872,429
-944,471
-936,463
-888,457
-864,427
-752,337
-836,403
-856,403
-820,353
-792,247
-668,141
-632,83
-664,41
-640,-11
-680,-115
-736,-169
-688,-161
-676,-159
-676,-219
-696,-195
-808,-241
-764,-193
-844,-223
-808,-157
-712,-159
-772,-119
-740,-181
-692,-179
-736,-245
-820,-263
-808,-287
-808,-229
-808,-253
-868,-323
-840,-359
-876,-343
-788,-345
-740,-317
-820,-401
-892,-449
-808,-415
-844,-409
-844,-389
-852,-383
-820,-367
-816,-383
-812,-403
-952,-481
-892,-443
-948,-463
-904,-455
-936,-461
-940,-507
-904,-473
-868,-471
-868,-467
-944,-489
-940,-515
-880,-473
-912,-481
-852,-469
-832,-455
-824,-431
-848,-483
-960,-523
-904,-485
-924,-509
-964,-511
-980,-527
-1020,-551
-984,-541
-1068,-557
-1044,-549
-944,-489
-932,-495
-916,-499
-920,-495
-888,-493
-964,-533
-952,-489
-968,-533
-840,-465
-916,-493
-964,-519
-960,-497
-856,-465
-968,-529
-884,-497
-904,-495
-896,-495
-928,-503
-904,-493
-856,-453
-932,-511
-984,-545
-948,-529
-936,-505
-836,-479
-1004,-535
-1016,-539
-1036,-539
-984,-531
-964,-531
-1032,-557
-1004,-551
-964,-523
-928,-521
-856,-471
-868,-495
-920,-517
-912,-501
-956,-513
-904,-513
-872,-469
-964,-517
-812,-433
-896,-479
-968,-525
-924,-503
-932,-497
-1008,-531
-936,-497
-920,-483
-840,-399
-844,-397
-836,-445
-848,-401
-800,-349
-820,-303
-816,-321
-832,-311
-868,-365
-796,-293
-792,-333
-912,-439
-912,-409
-868,-443
-888,-467
-956,-517
-896,-489
-992,-529
-860,-473
-856,-455
-844,-455
-856,-475
-832,-455
-904,-477
-832,-405
-836,-431
-860,-429
-860,-463
-860,-459
-888,-487
-920,-503
-904,-491
-860,-453
-868,-465
-808,-417
-816,-379
-760,-313
-772,-375
-796,-365
-804,-305
-932,-357
-928,-371
-880,-321
-796,-293
-848,-291
-880,-299
-940,-363
-860,-311
-860,-339
-832,-331
-832,-365
-860,-431
-892,-459
-916,-467
-912,-457
-840,-451
-912,-469
-980,-539
-1008,-539
-920,-483
-880,-443
-884,-403
-864,-399
-848,-399
-812,-399
-796,-365
-844,-429
-892,-477
-896,-459
-816,-401
-948,-521
-852,-465
-916,-451
-924,-479
-872,-441
-852,-399
-840,-411
-856,-379
-908,-475
-940,-485
-864,-473
-844,-437
-864,-403
-832,-351
-844,-369
-848,-419
-800,-379
-888,-439
-788,-417
-856,-405
-820,-403
-796,-381
-920,-445
-896,-475
-896,-511
-952,-525
-952,-513
-912,-487
-960,-517
-928,-507
-928,-487
-924,-485
-900,-489
-904,-483
-888,-483
-892,-497
-868,-489
-944,-513
-928,-497
-912,-505
-904,-457
-816,-459
-824,-459
-892,-491
-892,-461
-952,-473
-952,-451
-840,-425
-860,-415
-828,-357
-952,-383
-796,-317
-824,-333
-820,-397
-940,-497
-964,-537
-984,-541
-928,-499
-876,-479
-904,-471
-848,-449
-936,-503
-960,-475
-964,-513
-880,-475
-868,-447
-892,-457
-836,-469
-1012,-537
-988,-529
-908,-461
-860,-471
-932,-493
-968,-511
-952,-471
-884,-435
-836,-415
-908,-451
-888,-441
-920,-425
-868,-431
-808,-435
-888,-455
-952,-495
-952,-499
-944,-493
-920,-481
-872,-445
-956,-465
-920,-463
-900,-441
-872,-437
-856,-431
-848,-443
-876,-455
-968,-503
-852,-467
-856,-429
-860,-439
-920,-475
-880,-453
-868,-441
-904,-487
-884,-501
-888,-507
-976,-531
-924,-515
-972,-507
-968,-493
-944,-473
-924,-471
-848,-429
-844,-415
-812,-365
-876,-403
-780,-385
-832,-389
-816,-363
-844,-381
-756,-339
-888,-411
-832,-405
-800,-403
-844,-453
-884,-479
-820,-443
-940,-513
-932,-505
-928,-507
-852,-459
-944,-511
-1024,-535
-948,-505
-884,-471
-852,-455
-920,-493
-904,-489
-948,-515
-908,-477
-892,-441
-908,-463
-824,-451
-856,-443
-928,-475
-928,-433
-900,-401
-872,-409
-840,-363
-792,-299
-744,-313
-744,-309
-784,-395
-872,-475
-908,-487
-836,-461
-980,-527
-992,-533
-1060,-551
-920,-479
-936,-519
-952,-529
-896,-493
-920,-505
-980,-533
-952,-531
-932,-505
-916,-503
-964,-523
-972,-521
-880,-493
-948,-479
-892,-471
-916,-475
-996,-533
-1036,-521
-980,-489
-948,-493
-844,-435
-916,-499
-972,-535
-968,-535
-1084,-573
-1072,-569
-1040,-551
-1032,-559
-1024,-551
-1000,-535
-988,-523
-892,-507
-924,-501
-964,-511
-924,-479
-892,-461
-860,-431
-848,-459
-952,-507
-1028,-551
-1004,-549
-908,-479
-928,-477
-940,-457
-968,-489
-920,-497
-880,-453
-848,-417
-804,-367
-752,-363
-800,-371
-848,-411
-884,-407
-916,-447
-888,-465
-880,-461
-968,-511
-1016,-549
-976,-537
-884,-487
-940,-499
-1016,-535
-1012,-519
-936,-439
-808,-397
-896,-459
-868,-453
-852,-471
-900,-485
-852,-465
-928,-441
-920,-467
-964,-487
-964,-495
-856,-421
-888,-383
-848,-369
-972,-451
-928,-449
-960,-453
-924,-457
-860,-425
-812,-363
-836,-405
-800,-353
-820,-393
-868,-465
-940,-505
-916,-467
-932,-467
-896,-445
-916,-461
-872,-461
-868,-447
-892,-477
-900,-475
-832,-469
-808,-433
-868,-457
-856,-435
-952,-495
-952,-497
-912,-465
-884,-441
-860,-449
-820,-437
-888,-489
-872,-475
-896,-481
-952,-499
-892,-469
-892,-465
-888,-481
-920,-493
-848,-455
-828,-411
-856,-415
-892,-461
-936,-467
-808,-419
-808,-419
-896,-459
-976,-509
-956,-509
-1032,-541
-992,-511
-932,-479
-912,-485
-844,-475
-916,-477
-832,-433
-836,-407
-880,-451
-936,-489
-896,-459
-820,-363
-796,-367
-792,-397
-800,-401
-808,-387
-820,-421
-896,-455
-940,-439
-844,-329
-808,-325
-872,-355
-848,-375
-776,-361
-804,-301
-744,-301
-792,-367
-740,-327
-720,-305
-744,-285
-776,-269
-752,-227
-800,-261
-812,-283
-752,-237
-784,-219
-832,-227
-788,-125
-716,-103
-668,-43
-724,-95
-760,-65
-748,-59
-716,-11
-824,59
-812,23
-772,-3
-728,-23
-720,-57
-728,-93
-744,-63
-784,-129
-724,-115
-760,-123
-780,-143
-716,-87
-740,-43
-660,-11
-732,-25
-752,-131
-748,-149
-744,-103
-648,-99
-712,-109
-716,-153
-684,-141
-692,-193
-748,-255
-736,-229
-720,-221
-732,-221
-752,-197
-756,-235
-736,-135
-768,-191
-660,-191
-744,-257
-800,-331
-808,-347
-844,-377
-840,-413
-852,-403
-916,-455
-852,-419
-812,-349
-768,-335
-828,-397
-824,-399
-904,-425
-896,-435
-940,-483
-964,-521
-952,-525
-1000,-543
-960,-513
-960,-523
-920,-469
-900,-475
-900,-459
-868,-465
-928,-509
-916,-511
-988,-535
-1000,-549
-936,-519
-1016,-557
-972,-541
-980,-523
-920,-513
-908,-495
-912,-501
-904,-501
-960,-529
-960,-521
-928,-513
-864,-477
-912,-491
-864,-467
-976,-519
-936,-497
-888,-475
-1000,-537
-956,-533
-884,-503
-1008,-561
-1056,-573
-1000,-551
-996,-533
-960,-523
-928,-519
-968,-531
-920,-511
-828,-439
-916,-475
-900,-459
-820,-413
-888,-425
-900,-429
-892,-413
-952,-423
-944,-399
-936,-379
-964,-369
-828,-273
-892,-293
-880,-361
-892,-415
-924,-455
-896,-461
-872,-433
-876,-447
-892,-461
-888,-477
-900,-459
-892,-489
-864,-453
-888,-475
-960,-491
-964,-533
-1016,-547
-1004,-551
-1040,-559
-1096,-585
-872,-495
-888,-459
-932,-473
-888,-463
-740,-389
-772,-413
-888,-483
-872,-485
-944,-487
-952,-489
-904,-487
-952,-517
-868,-461
-884,-453
-856,-405
-780,-359
-748,-319
-736,-315
-844,-381
-844,-319
-804,-231
-848,-201
-848,-155
-792,-73
-752,-69
-764,-11
-780,93
-772,135
-832,97
-800,111
-656,129
-712,67
-704,-13
-788,5
-720,-61
-680,17
-720,-5
-648,133
-700,203
-712,159
-724,231
-736,293
-828,277
-864,313
-788,297
-796,271
-824,303
-816,229
-800,183
-772,107
-788,155
-776,173
-784,87
-792,131
-796,95
-748,59
-752,77
-752,-11
-824,69
-792,75
-816,85
-752,-11
-768,-61
-764,-85
-792,-71
-872,-89
-824,-29
-848,-121
-840,-175
-792,-139
-828,-153
-820,-173
-800,-205
-816,-247
-828,-285
-772,-251
-764,-205
-748,-223
-800,-295
-768,-237
-780,-295
-808,-321
-684,-281
-820,-369
-808,-379
-780,-359
-804,-297
-820,-297
-748,-289
-784,-351
-744,-307
-788,-389
-796,-421
-836,-457
-796,-409
-880,-455
-912,-487
-920,-487
-892,-471
-888,-457
-900,-423
-880,-411
-852,-391
-848,-407
-924,-433
-828,-433
-844,-365
-896,-405
-848,-401
-868,-451
-900,-461
-876,-469
-780,-395
-816,-351
-844,-391
-896,-483
-956,-503
-956,-495
-880,-477
-944,-493
-972,-533
-1020,-547
-1028,-547
-992,-505
-952,-475
-860,-441
-892,-463
-864,-443
-872,-449
-920,-439
-864,-383
-852,-377
-848,-347
-868,-385
-860,-379
-884,-357
-808,-247
-788,-211
-768,-285
-804,-355
-820,-355
-908,-353
-840,-309
-828,-329
-800,-319
-772,-365
-780,-387
-856,-437
-756,-309
-832,-335
-692,-325
-760,-295
-684,-249
-684,-225
-636,-115
-684,-177
-760,-125
-700,-123
-680,-81
-712,-113
-672,-117
-684,-127
-796,-95
-688,-65
-772,-125
-796,-171
-856,-147
-812,-135
-752,-129
-716,-117
-700,-175
-808,-247
-852,-251
-824,-297
-812,-337
-824,-301
-812,-279
-828,-241
-756,-243
-712,-281
-828,-353
-768,-331
-736,-301
-752,-271
-716,-259
-720,-267
-780,-335
-772,-325
-824,-357
-788,-337
-856,-369
-828,-343
-780,-357
-864,-379
-872,-429
-828,-429
-860,-473
-904,-489
-1000,-549
-956,-517
-964,-517
-932,-495
-836,-411
-820,-423
-796,-423
-908,-489
-896,-461
-924,-459
-904,-455
-868,-453
-860,-429
-824,-427
-868,-475
-944,-515
-960,-509
-912,-491
-872,-457
-804,-451
-868,-461
-916,-485
-932,-483
-868,-459
-880,-483
-912,-499
-904,-495
-928,-503
-916,-503
-912,-495
-888,-505
-960,-537
-984,-547
-980,-543
-936,-519
-924,-501
-904,-483
-916,-479
-832,-445
-932,-493
-848,-443
-832,-433
-964,-509
-924,-499
-892,-485
-896,-493
-980,-529
-992,-543
-920,-501
-828,-457
-840,-441
-844,-381
-840,-383
-916,-371
-872,-329
-848,-313
-908,-423
-748,-333
-712,-269
-728,-217
-764,-197
-672,-193
-800,-173
-836,-181
-884,-241
-844,-235
-812,-289
-864,-329
-952,-417
-952,-469
-900,-449
-940,-471
-928,-479
-892,-445
-928,-469
-916,-447
-840,-439
-888,-445
-920,-437
-908,-433
-860,-447
-876,-443
-888,-473
-892,-483
-896,-491
-868,-461
-836,-475
-948,-519
-1004,-535
-984,-529
-924,-501
-928,-499
-884,-489
-828,-461
-896,-501
-924,-503
-916,-481
-876,-457
-852,-445
-712,-367
-780,-399
-764,-377
-784,-381
-752,-329
-804,-311
-804,-269
-872,-343
-900,-321
-908,-339
-892,-369
-916,-433
-936,-455
-864,-395
-872,-431
-812,-421
-772,-363
-812,-389
-804,-395
-820,-389
-836,-399
-876,-449
-788,-381
-792,-351
-808,-377
-784,-339
-780,-313
-784,-321
-756,-315
-912,-407
-864,-411
-872,-409
-848,-399
-860,-337
-832,-331
-800,-381
-776,-345
-812,-359
-896,-405
-940,-489
-1020,-537
-972,-485
-864,-415
-948,-443
-840,-409
-892,-425
-884,-473
-928,-487
-760,-393
-840,-411
-948,-473
-860,-417
-864,-447
-864,-433
-868,-459
-820,-443
-876,-493
-996,-545
-1028,-551
-1000,-521
-912,-509
-940,-493
-924,-461
-876,-443
-932,-473
-884,-423
-944,-467
-932,-479
-920,-465
-840,-423
-868,-455
-984,-505
-968,-491
-896,-463
-852,-445
-784,-387
-796,-319
-780,-321
-812,-339
-832,-353
-788,-309
-876,-319
-900,-393
-764,-337
-716,-311
-772,-313
-768,-301
-820,-353
-820,-357
-844,-345
-796,-365
-820,-367
-828,-357
-712,-255
-740,-281
-704,-311
-764,-339
-888,-435
-804,-437
-840,-409
-852,-361
-760,-305
-856,-359
-860,-363
-852,-383
-744,-315
-740,-295
-796,-385
-824,-465
-852,-465
-880,-487
-852,-475
-880,-465
-892,-451
-800,-397
-820,-403
-896,-475
-920,-481
-888,-477
-852,-429
-772,-383
-884,-463
-764,-409
-860,-459
-952,-493
-932,-503
-972,-517
-928,-459
-900,-471
-924,-481
-944,-489
-880,-459
-912,-481
-988,-525
-888,-481
-872,-483
-936,-493
-928,-471
-896,-477
-900,-487
-864,-477
-912,-489
-900,-489
-912,-481
-988,-525
-1004,-533
-1040,-555
-1020,-547
-892,-509
-940,-517
-988,-539
-908,-513
-1016,-531
-908,-485
-872,-445
-932,-463
-816,-349
-916,-353
-876,-389
-816,-389
-848,-421
-828,-389
-848,-391
-852,-383
-808,-379
-880,-435
-868,-439
-792,-373
-800,-327
-916,-355
-996,-405
-944,-413
-800,-371
-840,-417
-912,-457
-892,-445
-964,-445
-944,-485
-904,-471
-996,-527
-872,-471
-868,-449
-796,-403
-816,-403
-884,-469
-900,-469
-872,-471
-924,-479
-856,-471
-852,-397
-844,-357
-828,-379
-808,-389
-800,-405
-916,-447
-896,-427
-936,-461
-876,-447
-808,-397
-828,-323
-812,-289
-708,-279
-868,-319
-856,-341
-812,-263
-840,-291
-864,-333
-888,-371
-864,-415
-936,-419
-944,-457
-876,-429
-936,-449
-836,-431
-820,-431
-796,-387
-832,-411
-904,-367
-752,-357
-904,-441
-840,-423
-864,-439
-872,-379
-896,-445
-964,-493
-992,-521
-944,-471
-976,-515
-936,-487
-900,-481
-852,-457
-924,-493
-880,-499
-948,-513
-888,-491
-920,-515
-952,-513
-940,-525
-900,-497
-900,-509
-924,-517
-888,-501
-952,-519
-888,-467
-868,-451
-908,-495
-864,-455
-780,-371
-820,-413
-876,-439
-828,-435
-920,-483
-864,-415
-864,-413
-840,-415
-824,-437
-880,-445
-852,-447
-808,-399
-856,-435
-852,-445
-788,-383
-852,-351
-804,-299
-796,-363
-804,-383
-896,-457
-892,-453
-900,-435
-880,-443
-964,-495
-912,-505
-948,-523
-948,-529
-988,-533
-948,-525
-936,-505
-892,-447
-936,-513
-908,-493
-908,-497
-856,-489
-868,-489
-952,-529
-936,-523
-944,-517
-1008,-555
-1008,-535
-1004,-525
-984,-511
-952,-501
-960,-483
-984,-509
-916,-485
-924,-509
-940,-523
-920,-503
-936,-499
-1012,-551
-1004,-549
-1072,-557
-952,-505
-824,-455
-884,-429
-916,-417
-864,-411
-864,-397
-904,-423
-876,-407
-832,-309
-812,-277
-768,-299
-732,-297
-792,-371
-712,-329
-796,-379
-880,-429
-832,-401
-836,-345
-820,-359
-916,-373
-860,-289
-800,-315
-796,-359
-800,-405
-816,-425
-792,-389
-752,-357
-828,-405
-816,-413
-896,-471
-892,-499
-936,-511
-900,-509
-888,-461
-900,-477
-900,-475
-940,-491
-876,-475
-824,-447
-840,-431
-860,-459
-788,-397
-872,-455
-956,-519
-880,-489
-892,-461
-928,-515
-972,-537
-940,-513
-908,-479
-944,-503
-940,-515
-928,-503
-948,-515
-864,-475
-964,-509
-952,-493
-952,-511
-892,-489
-932,-493
-888,-487
-972,-523
-1008,-521
-960,-481
-944,-499
-936,-483
-832,-443
-908,-413
-940,-433
-880,-449
-920,-491
-868,-477
-968,-519
-940,-509
-916,-501
-884,-485
-908,-495
-932,-475
-828,-435
-884,-469
-852,-413
-884,-443
-904,-437
-832,-451
-856,-445
-800,-395
-908,-423
-876,-443
-812,-427
-920,-483
-940,-487
-900,-481
-932,-503
-940,-493
-872,-479
-972,-535
-1036,-549
-992,-541
-916,-501
-852,-479
-900,-491
-984,-527
-920,-497
-832,-457
-880,-477
-912,-485
-896,-477
-884,-485
-952,-507
-932,-479
-836,-433
-844,-453
-832,-423
-840,-449
-828,-405
-856,-421
-936,-479
-904,-449
-932,-477
-940,-481
-908,-435
-828,-413
-952,-435
-900,-433
-920,-443
-872,-419
-896,-423
-924,-481
-908,-459
-876,-443
-796,-399
-792,-433
-896,-479
-980,-525
-908,-481
-932,-515
-920,-513
-932,-529
-916,-509
-904,-501
-944,-527
-916,-451
-860,-385
-840,-403
-924,-451
-828,-443
-820,-455
-856,-451
-832,-441
-860,-429
-968,-499
-864,-435
-904,-483
-920,-477
-888,-475
-884,-445
-864,-425
-884,-457
-924,-487
-840,-461
-828,-451
-820,-407
-872,-433
-852,-447
-864,-475
-836,-465
-940,-467
-832,-443
-824,-455
-760,-389
-732,-399
-848,-419
-868,-413
-880,-413
-888,-413
-888,-413
-852,-421
-884,-455
-920,-401
-908,-405
-836,-385
-916,-467
-852,-459
-900,-455
-824,-431
-868,-467
-964,-533
-980,-513
-1012,-535
-964,-511
-1000,-489
-864,-471
-832,-457
-960,-505
-968,-515
-888,-495
-908,-497
-1000,-531
-956,-505
-916,-491
-900,-447
-824,-427
-860,-441
-912,-433
-808,-365
-796,-349
-784,-393
-904,-477
-948,-469
-900,-475
-832,-395
-904,-465
-960,-489
-956,-493
-968,-493
-948,-517
-900,-503
-856,-463
-888,-475
-920,-485
-904,-507
-1028,-565
-1012,-559
-992,-539
-932,-525
-948,-519
-908,-495
-952,-475
-872,-413
-924,-385
-852,-353
-920,-461
-1032,-545
-988,-545
-888,-501
-976,-535
-964,-513
-880,-477
-988,-541
-976,-535
-940,-503
-908,-499
-892,-489
-872,-491
-924,-493
-960,-515
-1012,-547
-1076,-573
-1032,-565
-880,-507
-964,-527
-1032,-551
-936,-509
-996,-537
-956,-509
-952,-519
-956,-533
-976,-525
-884,-471
-896,-471
-748,-371
-784,-313
-860,-347
-800,-361
-804,-355
-832,-399
-936,-469
-852,-461
-884,-463
-956,-513
-976,-523
-888,-467
-868,-489
-876,-469
-900,-461
-868,-427
-876,-451
-920,-485
-864,-451
-1020,-533
-1040,-559
-952,-525
-904,-519
-996,-525
-1016,-557
-1004,-549
-980,-541
-1000,-537
-964,-511
-1024,-543
-1008,-545
-940,-483
-928,-485
-820,-429
-840,-429
-864,-447
-932,-487
-976,-543
-976,-543
-1012,-553
-944,-515
-1004,-545
-916,-521
-932,-517
-912,-501
-948,-497
-944,-467
-940,-455
-916,-423
-940,-425
-980,-453
-936,-471
-956,-519
-916,-509
-960,-525
-1020,-565
-952,-521
-972,-531
-972,-525
-1000,-533
-900,-495
-896,-487
-912,-455
-940,-481
-876,-471
-848,-439
-848,-449
-868,-447
-908,-501
-852,-479
-908,-505
-932,-513
-872,-477
-912,-497
-984,-523
-944,-493
-884,-457
-888,-447
-920,-471
-1016,-505
-880,-459
-976,-515
-904,-463
-932,-407
-916,-387
-844,-363
-840,-345
-808,-387
-772,-389
-860,-419
-936,-425
-768,-355
-756,-329
-788,-365
-724,-335
-776,-373
-832,-419
-840,-425
-804,-385
-868,-363
-852,-337
-836,-317
-816,-283
-844,-247
-844,-267
-856,-289
-900,-275
-836,-263
-816,-205
-796,-209
-796,-313
-740,-295
-724,-295
-740,-363
-824,-401
-852,-427
-864,-423
-956,-481
-828,-379
-812,-379
-736,-361
-808,-379
-932,-473
-1004,-507
-928,-495
-944,-509
-908,-493
-832,-427
-872,-463
-864,-433
-808,-437
-888,-473
-920,-507
-880,-483
-900,-493
-908,-491
-932,-503
-936,-519
-952,-527
-1032,-561
-952,-529
-984,-545
-956,-537
-820,-453
-868,-467
-980,-527
-1044,-555
-1040,-565
-1000,-547
-1008,-543
-988,-533
-976,-531
-944,-521
-868,-453
-944,-495
-928,-493
-880,-487
-876,-461
-832,-437
-796,-411
-860,-425
-836,-443
-852,-453
-944,-517
-936,-511
-936,-525
-1004,-547
-980,-535
-928,-491
-940,-493
-1008,-531
-976,-521
-988,-537
-956,-533
-1016,-553
-976,-517
-920,-475
-972,-515
-944,-481
-892,-439
-884,-425
-840,-379
-832,-419
-872,-437
-924,-455
-948,-481
-936,-485
-900,-499
-884,-479
-988,-531
-1016,-557
-916,-523
-884,-509
-880,-479
-932,-515
-972,-523
-976,-533
-916,-489
-980,-541
-920,-503
-960,-521
-956,-513
-920,-487
-924,-461
-908,-455
-896,-451
-888,-471
-772,-407
-800,-403
-780,-453
-800,-427
-768,-385
-852,-399
-920,-487
-888,-491
-944,-521
-964,-533
-932,-515
-916,-485
-864,-449
-892,-459
-908,-501
-940,-511
-932,-493
-824,-439
-876,-431
-828,-403
-908,-407
-932,-429
-816,-399
-820,-387
-796,-405
-944,-493
-892,-459
-908,-493
-924,-493
-884,-453
-872,-425
-852,-461
-816,-401
-832,-405
-728,-367
-800,-397
-848,-419
-852,-427
-820,-435
-824,-425
-888,-467
-848,-461
-868,-483
-964,-521
-952,-505
-912,-479
-948,-441
-828,-425
-836,-415
-844,-437
-888,-479
-888,-451
-948,-457
-944,-457
-1000,-507
-1004,-527
-920,-499
-856,-453
-840,-433
-816,-441
-916,-491
-908,-493
-976,-505
-968,-495
-944,-481
-908,-461
-904,-487
-860,-451
-844,-423
-792,-421
-816,-439
-872,-473
-972,-537
-1004,-557
-968,-525
-996,-531
-996,-529
-968,-539
-908,-521
-1048,-565
-1048,-571
-960,-521
-1004,-543
-972,-525
-928,-495
-832,-429
-908,-479
-816,-431
-908,-489
-900,-489
-904,-479
-796,-417
-920,-501
-908,-485
-916,-499
-920,-501
-936,-503
-884,-481
-888,-439
-808,-431
-804,-425
-848,-455
-976,-517
-880,-493
-908,-511
-908,-497
-928,-505
-876,-459
-784,-419
-784,-421
-836,-445
-784,-401
-796,-395
-884,-471
-896,-491
-960,-483
-876,-475
-880,-455
-896,-471
-940,-523
-908,-485
-920,-497
-976,-527
-920,-505
-932,-481
-884,-461
-884,-499
-932,-477
-884,-439
-788,-407
-860,-427
-868,-429
-844,-427
-824,-443
-792,-435
-844,-457
-832,-429
-900,-461
-1040,-537
-972,-525
-1004,-531
-860,-483
-944,-517
-816,-427
-812,-429
-856,-435
-848,-485
-892,-489
-960,-519
-948,-515
-940,-507
-948,-497
-864,-479
-872,-463
-968,-515
-980,-517
-948,-517
-956,-523
-920,-481
-952,-491
-952,-493
-964,-481
-980,-499
-964,-511
-916,-501
-912,-473
-880,-465
-880,-497
-844,-465
-836,-483
-840,-459
-900,-479
-896,-485
-904,-491
-952,-523
-956,-497
-912,-493
-992,-521
-996,-521
-876,-477
-900,-503
-928,-525
-956,-531
-860,-459
-764,-361
-852,-431
-864,-449
-916,-425
-904,-471
-824,-459
-912,-479
-964,-471
-872,-459
-972,-485
-960,-487
-920,-491
-996,-513
-988,-517
-900,-479
-888,-481
-892,-449
-852,-435
-780,-395
-832,-433
-912,-487
-1044,-543
-1032,-553
-936,-509
-972,-517
-1020,-543
-1012,-545
-964,-525
-984,-533
-1020,-547
-1032,-545
-952,-519
-892,-469
-832,-415
-884,-439
-900,-455
-924,-453
-976,-503
-972,-489
-972,-527
-944,-521
-964,-521
-940,-485
-984,-477
-896,-385
-892,-413
-888,-435
-856,-407
-760,-381
-860,-419
-868,-431
-912,-441
-924,-435
-948,-439
-932,-439
-892,-427
-872,-423
-872,-403
-784,-351
-808,-369
-856,-441
-888,-463
-976,-513
-932,-497
-944,-521
-888,-505
-952,-533
-932,-503
-940,-511
-944,-491
-840,-425
-832,-447
-944,-511
-992,-515
-968,-515
-944,-513
-932,-517
-952,-525
-984,-533
-916,-487
-916,-485
-892,-479
-892,-493
-888,-479
-896,-479
-844,-447
-828,-415
-860,-429
-876,-463
-852,-453
-872,-453
-880,-447
-908,-461
-916,-495
-948,-523
-920,-521
-884,-467
-836,-431
-880,-441
-884,-467
-904,-509
-936,-477
-956,-499
-972,-527
-996,-553
-1056,-571
-960,-529
-1020,-547
-988,-529
-944,-523
-860,-481
-920,-519
-960,-537
-980,-535
-916,-511
-912,-505
-864,-493
-916,-493
-984,-521
-852,-457
-896,-471
-864,-495
-876,-483
-860,-475
-888,-451
-984,-511
-1008,-533
-984,-541
-1020,-539
-1040,-559
-964,-535
-916,-493
-1000,-525
-1040,-559
-1084,-553
-948,-493
-916,-453
-896,-455
-880,-471
-948,-477
-936,-473
-932,-465
-912,-433
-824,-381
-928,-467
-832,-407
-888,-407
-848,-403
-840,-361
-832,-373
-864,-383
-816,-369
-804,-363
-744,-419
-816,-431
-820,-437
-856,-423
-884,-425
-888,-427
-896,-463
-788,-387
-812,-351
-720,-297
-756,-245
-788,-239
-788,-203
-716,-209
-728,-261
-776,-289
-756,-215
-716,-227
-716,-163
-704,-155
-676,-79
-752,-99
-716,-101
-732,-169
-752,-191
-808,-219
-776,-225
-752,-175
-776,-209
-748,-203
-756,-231
-796,-283
-836,-343
-816,-415
-792,-411
-844,-413
-820,-437
-864,-455
-916,-499
-960,-537
-980,-535
-976,-529
-976,-543
-1000,-551
-1020,-555
-904,-509
-892,-493
-904,-503
-864,-481
-816,-463
-912,-487
-936,-473
-884,-435
-920,-477
-840,-485
-940,-473
-804,-381
-856,-431
-888,-461
-996,-511
-1052,-547
-984,-519
-868,-459
-776,-443
-856,-469
-880,-473
-880,-449
-844,-381
-920,-441
-904,-441
-904,-415
-804,-381
-808,-411
-916,-489
-1036,-559
-984,-533
-956,-503
-904,-505
-920,-487
-992,-531
-1008,-507
-960,-485
-900,-491
-912,-473
-860,-461
-980,-493
-980,-489
-892,-465
-884,-433
-856,-419
-896,-473
-864,-461
-868,-437
-936,-493
-964,-517
-944,-495
-904,-465
-852,-435
-956,-521
-1020,-549
-944,-505
-880,-481
-1056,-563
-976,-519
-964,-523
-904,-511
-884,-449
-904,-417
-864,-329
-800,-321
-820,-319
-800,-345
-768,-343
-816,-411
-888,-469
-904,-473
-876,-489
-868,-469
-928,-493
-964,-515
-868,-491
-980,-503
-952,-513
-928,-481
-932,-499
-892,-463
-888,-481
-904,-491
-860,-461
-832,-495
-804,-429
-868,-451
-896,-471
-880,-447
-880,-459
-820,-381
-784,-323
-880,-395
-892,-413
-888,-429
-976,-491
-892,-467
-884,-477
-840,-447
-828,-419
-884,-459
-868,-449
-916,-483
-920,-477
-924,-475
-880,-469
-880,-417
-844,-411
-860,-445
-804,-423
-768,-389
-884,-473
-848,-441
-800,-385
-812,-419
-756,-421
-832,-459
-900,-483
-864,-467
-804,-415
-920,-481
-980,-533
-996,-535
-984,-521
-952,-505
-964,-509
-880,-479
-860,-479
-908,-497
-884,-443
-956,-489
-904,-445
-916,-451
-916,-455
-848,-463
-844,-463
-880,-495
-940,-513
-1004,-543
-984,-541
-948,-523
-972,-525
-852,-465
-888,-409
-900,-387
-836,-375
-888,-367
-908,-403
-856,-415
-940,-451
-900,-399
-844,-383
-836,-419
-844,-421
-848,-423
-884,-429
-896,-443
-804,-399
-880,-427
-852,-419
-864,-373
-892,-399
-924,-447
-872,-441
-828,-433
-876,-433
-932,-473
-908,-447
-924,-467
-860,-419
-888,-405
-832,-377
-824,-421
-872,-457
-940,-487
-900,-485
-940,-485
-888,-491
-940,-521
-944,-525
-932,-509
-984,-539
-916,-489
-940,-519
-928,-505
-980,-525
-1020,-515
-1000,-503
-960,-479
-960,-521
-884,-465
-964,-503
-996,-523
-964,-533
-944,-531
-900,-477
-936,-499
-904,-491
-984,-521
-872,-467
-836,-437
-776,-375
-844,-429
-928,-483
-936,-485
-920,-471
-888,-439
-952,-499
-952,-507
-904,-481
-900,-485
-932,-493
-964,-517
-960,-525
-940,-493
-972,-511
-936,-469
-968,-479
-932,-459
-936,-501
-872,-381
-900,-457
-900,-479
-848,-453
-860,-439
-864,-471
-904,-479
-948,-481
-856,-441
-828,-409
-884,-455
-872,-451
-888,-483
-920,-511
-964,-535
-1004,-539
-944,-535
-928,-493
-848,-451
-860,-461
-916,-487
-900,-477
-904,-467
-920,-489
-1008,-523
-912,-493
-836,-451
-884,-481
-952,-499
-984,-507
-848,-429
-916,-485
-932,-485
-888,-455
-972,-523
-1016,-547
-960,-519
-896,-497
-1000,-541
-1016,-543
-1012,-533
-968,-525
-948,-523
-912,-471
-832,-413
-940,-475
-984,-531
-952,-539
-1008,-539
-980,-523
-952,-507
-952,-515
-956,-521
-872,-451
-964,-507
-992,-541
-940,-487
-908,-485
-984,-481
-976,-479
-940,-463
-900,-497
-856,-451
-812,-419
-892,-465
-904,-441
-956,-483
-988,-525
-980,-541
-984,-527
-972,-479
-888,-489
-904,-473
-840,-461
-888,-473
-984,-511
-1036,-565
-968,-539
-888,-487
-948,-491
-932,-487
-820,-399
-788,-389
-816,-443
-844,-449
-936,-503
-876,-475
-952,-515
-912,-509
-944,-507
-892,-447
-852,-395
-748,-323
-876,-405
-904,-429
-964,-483
-892,-453
-904,-467
-924,-489
-920,-489
-892,-481
-856,-441
-844,-439
-836,-415
-924,-485
-800,-417
-796,-409
-840,-395
-804,-381
-912,-461
-920,-467
-872,-437
-892,-457
-888,-455
-852,-433
-832,-369
-848,-433
-896,-463
-880,-441
-864,-415
-932,-497
-1004,-543
-900,-485
-868,-481
-900,-485
-904,-497
-972,-507
-996,-525
-936,-515
-928,-501
-940,-517
-956,-517
-896,-457
-896,-471
-820,-435
-812,-409
-872,-477
-928,-459
-1000,-511
-940,-489
-988,-519
-1000,-519
-964,-493
-956,-525
-880,-499
-900,-511
-940,-519
-992,-541
-1064,-561
-972,-535
-1012,-549
-924,-525
-968,-531
-996,-541
-984,-537
-1000,-545
-1024,-553
-980,-525
-980,-537
-976,-523
-928,-503
-960,-493
-892,-481
-940,-509
-924,-509
-908,-495
-948,-501
-972,-519
-920,-479
-936,-497
-920,-493
-912,-491
-884,-475
-900,-489
-912,-495
-904,-499
-976,-547
-932,-515
-824,-471
-924,-493
-840,-461
-840,-469
-808,-451
-816,-467
-884,-477
-956,-503
-944,-509
-1028,-551
-880,-503
-904,-475
-988,-529
-888,-501
-896,-493
-964,-517
-988,-523
-960,-511
-1008,-513
-968,-499
-920,-487
-952,-505
-912,-463
-904,-455
-980,-499
-964,-505
-952,-521
-884,-499
-972,-525
-884,-503
-896,-493
-916,-503
-964,-521
-856,-435
-936,-467
-900,-493
-924,-503
-884,-501
-952,-515
-1012,-529
-1000,-551
-1036,-549
-972,-537
-964,-535
-900,-521
-944,-527
-900,-491
-896,-487
-968,-535
-928,-507
-932,-521
-976,-543
-972,-539
-968,-533
-888,-471
-832,-423
-852,-387
-788,-385
-832,-359
-800,-375
-868,-417
-896,-433
-892,-401
-828,-355
-912,-453
-872,-419
-908,-445
-940,-475
-856,-429
-844,-435
-856,-453
-856,-437
-924,-481
-912,-475
-900,-443
-860,-471
-864,-451
-908,-457
-860,-423
-876,-441
-904,-465
-892,-475
-900,-473
-980,-497
-860,-407
-944,-475
-928,-463
-860,-389
-860,-333
-820,-321
-828,-353
-892,-433
-936,-425
-932,-409
-888,-415
-892,-399
-904,-413
-928,-425
-912,-429
-908,-425
-908,-435
-848,-415
-908,-435
-768,-389
-800,-347
-800,-391
-852,-451
-816,-403
-836,-347
-852,-325
-920,-379
-880,-349
-856,-361
-948,-365
-860,-321
-792,-325
-820,-335
-836,-279
-788,-295
-716,-213
-808,-163
-724,-125
-788,-171
-796,-173
-788,-159
-756,-91
-904,-165
-904,-145
-840,-145
-816,-179
-816,-185
-784,-161
-784,-81
-800,-83
-752,-97
-756,-43
-772,-141
-712,-187
-724,-147
-776,-223
-792,-263
-840,-239
-876,-221
-908,-209
-832,-191
-896,-243
-884,-237
-876,-193
-872,-181
-840,-107
-812,-177
-748,-129
-740,-121
-780,-89
-796,-87
-820,-75
-704,-15
-780,-43
-780,-101
-816,-125
-828,-103
-808,-143
-852,-143
-832,-131
-816,-117
-792,-77
-736,-61
-712,-113
-668,-81
-748,-39
-696,-59
-824,-91
-800,-143
-800,-171
-768,-281
-740,-309
-772,-353
-772,-289
-832,-293
-824,-261
-784,-243
-772,-123
-724,-85
-696,-69
-664,-75
-652,-9
-736,3
-780,-91
-728,-95
-744,-45
-748,47
-796,109
-800,145
-780,115
-836,155
-832,151
-752,145
-776,107
-792,99
-808,147
-772,127
-768,51
-780,5
-808,-115
-816,-57
-752,31
-728,-15
-732,3
-728,-161
-744,-199
-828,-205
-780,-147
-748,-161
-700,-187
-736,-181
-720,-133
-684,-83
-776,-111
-808,-203
-776,-217
-736,-193
-704,-209
-768,-165
-792,-197
-776,-275
-884,-303
-816,-315
-784,-321
-756,-323
-772,-351
-812,-401
-896,-423
-864,-409
-836,-377
-832,-317
-772,-289
-852,-257
-792,-221
-828,-131
-880,-129
-840,-97
-764,-159
-816,-187
-792,-181
-808,-211
-888,-229
-924,-259
-868,-257
-832,-277
-908,-343
-928,-457
-876,-395
-844,-333
-816,-343
-800,-325
-788,-353
-876,-397
-888,-417
-832,-435
-888,-457
-900,-481
-872,-445
-884,-435
-844,-411
-852,-377
-748,-293
-780,-303
-792,-301
-788,-291
-768,-271
-796,-307
-824,-291
-868,-293
-840,-273
-836,-305
-836,-327
-840,-353
-860,-343
-868,-385
-900,-395
-916,-391
-840,-403
-852,-399
-796,-355
-748,-353
-800,-367
-808,-399
-748,-393
-784,-407
-784,-449
-784,-451
-856,-455
-840,-473
-916,-497
-860,-471
-864,-447
-852,-413
-852,-377
-836,-441
-756,-369
-836,-425
-852,-437
-868,-391
-868,-385
-824,-319
-760,-299
-788,-335
-832,-335
-788,-281
-804,-303
-836,-335
-880,-367
-804,-327
-768,-291
-808,-329
-800,-361
-816,-357
-796,-299
-832,-335
-808,-359
-908,-461
-928,-459
-916,-433
-860,-389
-836,-377
-868,-403
-920,-383
-904,-387
-900,-393
-928,-427
-932,-419
-888,-417
-908,-443
-896,-439
-840,-423
-896,-417
-828,-445
-780,-391
-868,-419
-852,-425
-896,-419
-892,-383
-884,-369
-912,-387
-888,-361
-880,-347
-780,-317
-844,-257
-784,-231
-720,-125
-768,-159
-768,-103
-808,-117
-736,-123
-764,-151
-784,-131
-784,-125
-780,-169
-896,-249
-848,-227
-804,-247
-864,-249
-792,-287
-920,-289
-940,-259
-856,-221
-772,-167
-792,-239
-864,-285
-792,-257
-868,-265
-876,-251
-828,-259
-832,-283
-840,-319
-892,-375
-868,-357
-860,-363
-852,-355
-884,-367
-808,-313
-784,-311
-852,-341
-820,-319
-792,-347
-796,-347
-752,-299
-884,-373
-940,-395
-872,-399
-924,-417
-872,-421
-892,-431
-808,-403
-752,-371
-860,-381
-816,-367
-800,-341
-816,-353
-764,-321
-796,-339
-744,-291
-712,-277
-768,-335
-860,-421
-844,-383
-820,-397
-764,-355
-888,-435
-900,-455
-940,-461
-932,-457
-868,-427
-824,-409
-860,-453
-920,-493
-852,-445
-864,-473
-896,-485
-912,-463
-856,-459
-836,-463
-824,-421
-808,-411
-776,-375
-756,-321
-728,-293
-780,-341
-892,-361
-844,-339
-832,-307
-864,-325
-820,-351
-872,-383
-788,-245
-852,-205
-888,-179
-816,-159
-856,-209
-928,-265
-844,-233
-756,-189
-840,-193
-760,-123
-712,-165
-752,-147
-772,-185
-728,-217
-748,-229
-796,-229
-796,-219
-812,-195
-804,-223
-856,-213
-864,-157
-828,-137
-828,-145
-708,-131
-792,-173
-852,-141
-788,-91
-740,-81
-728,-89
-792,-213
-808,-219
-864,-243
-940,-329
-904,-363
-900,-375
-912,-371
-832,-317
-796,-291
-824,-323
-780,-297
-740,-295
-784,-301
-752,-261
-852,-385
-788,-307
-800,-365
-844,-357
-916,-387
-876,-377
-844,-355
-844,-329
-888,-387
-836,-367
-816,-359
-776,-401
-792,-423
-776,-401
-860,-409
-780,-377
-740,-359
-756,-323
-736,-273
-752,-271
-792,-289
-672,-213
-792,-195
-824,-229
-804,-205
-788,-209
-808,-167
-776,-131
-824,-181
-772,-181
-808,-153
-868,-169
-820,-137
-836,-117
-752,-155
-796,-245
-724,-179
-856,-139
-868,-117
-792,-129
-792,-203
-728,-225
-812,-301
-856,-309
-852,-307
-852,-285
-780,-289
-784,-273
-820,-249
-880,-251
-816,-275
-780,-245
-712,-235
-808,-293
-748,-319
-760,-333
-808,-363
-896,-459
-1004,-527
-996,-531
-980,-525
-984,-501
-924,-481
-936,-489
-1012,-521
-1044,-553
-984,-529
-972,-507
-928,-487
-892,-505
-908,-509
-824,-459
-944,-479
-916,-455
-928,-473
-800,-397
-784,-385
-928,-477
-844,-433
-880,-453
-772,-437
-824,-447
-852,-443
-904,-475
-932,-487
-900,-489
-976,-515
-928,-497
-856,-477
-868,-473
-844,-445
-876,-487
-904,-505
-888,-503
-928,-527
-980,-537
-940,-521
-864,-461
-852,-443
-948,-493
-940,-507
-956,-505
-916,-477
-896,-437
-848,-419
-864,-379
-828,-375
-920,-429
-900,-459
-968,-445
-936,-433
-916,-465
-952,-523
-964,-533
-924,-509
-904,-493
-820,-413
-924,-449
-828,-411
-852,-419
-864,-425
-932,-473
-952,-497
-864,-423
-844,-425
-820,-409
-872,-431
-904,-413
-852,-415
-848,-397
-796,-373
-812,-421
-864,-449
-984,-529
-928,-499
-996,-531
-964,-517
-936,-495
-896,-485
-956,-487
-988,-525
-936,-493
-900,-481
-924,-505
-884,-479
-928,-463
-888,-447
-868,-445
-920,-463
-936,-513
-936,-513
-928,-521
-992,-553
-1040,-559
-976,-537
-908,-475
-844,-481
-928,-521
-940,-521
-936,-511
-960,-525
-924,-517
-932,-499
-940,-517
-952,-511
-960,-509
-1004,-533
-956,-487
-924,-485
-888,-467
-872,-439
-920,-457
-880,-455
-872,-473
-896,-487
-832,-441
-864,-435
-872,-423
-884,-387
-872,-423
-864,-445
-888,-455
-924,-499
-936,-541
-920,-521
-916,-525
-940,-527
-1036,-559
-1028,-543
-908,-477
-928,-481
-832,-451
-848,-453
-900,-495
-844,-475
-880,-443
-928,-415
-876,-391
-840,-395
-840,-381
-804,-361
-852,-311
-852,-289
-840,-239
-748,-213
-796,-249
-804,-229
-796,-241
-836,-325
-788,-315
-812,-339
-844,-323
-872,-315
-900,-355
-860,-363
-908,-353
-860,-333
-812,-347
-812,-335
-728,-339
-748,-307
-752,-379
-836,-427
-824,-463
-840,-445
-952,-463
-896,-439
-848,-409
-844,-419
-960,-455
-900,-469
-980,-515
-948,-509
-908,-479
-944,-501
-912,-489
-808,-449
-904,-445
-872,-431
-804,-379
-768,-339
-856,-391
-828,-371
-852,-425
-824,-403
-852,-397
-836,-359
-912,-369
-904,-393
-844,-367
-848,-385
-816,-275
-892,-351
-912,-333
-804,-275
-752,-255
-764,-259
-820,-279
-820,-337
-836,-369
-880,-339
-864,-347
-888,-357
-856,-375
-776,-377
-808,-391
-836,-333
-864,-351
-856,-329
-816,-379
-844,-387
-860,-405
-876,-335
-820,-307
-860,-291
-908,-347
-920,-357
-900,-383
-932,-423
-952,-439
-952,-435
-880,-407
-768,-361
-804,-389
-828,-359
-736,-339
-816,-385
-852,-357
-832,-321
-904,-305
-836,-319
-820,-309
-836,-309
-812,-271
-800,-369
-748,-343
-840,-411
-816,-431
-832,-433
-784,-407
-784,-351
-804,-333
-812,-379
-748,-385
-712,-319
-768,-283
-756,-281
-760,-287
-764,-355
-684,-331
-784,-397
-908,-461
-800,-373
-780,-355
-788,-319
-820,-349
-764,-313
-736,-331
-784,-383
-912,-427
-896,-449
-816,-439
-812,-433
-944,-457
-896,-431
-904,-351
-840,-299
-832,-343
-916,-465
-952,-513
-952,-527
-944,-525
-976,-537
-976,-545
-972,-523
-1012,-545
-976,-515
-928,-489
-984,-513
-988,-537
-1000,-543
-984,-521
-936,-511
-924,-489
-828,-469
-832,-463
-876,-475
-896,-455
-836,-387
-872,-439
-820,-429
-848,-429
-848,-421
-796,-343
-792,-349
-756,-353
-788,-321
-860,-335
-812,-331
-872,-261
-876,-295
-916,-327
-900,-329
-896,-415
-856,-379
-792,-363
-872,-333
-764,-311
-704,-227
-696,-163
-676,-121
-784,-89
-784,-19
-752,-59
-720,-111
-740,-117
-712,-123
-716,-153
-728,-161
-716,-161
-720,-137
-784,-111
-720,-115
-712,-79
-736,-119
-728,-143
-700,-121
-672,17
-696,151
-796,167
-792,153
-788,77
-792,83
-740,67
-664,95
-732,123
-748,179
-828,249
-884,287
-864,305
-812,291
-836,307
-816,319
-848,283
-888,329
-900,297
-920,321
-852,299
-900,275
-904,257
-860,167
-888,185
-872,153
-832,131
-828,187
-868,245
-892,261
-872,239
-844,183
-808,195
-840,241
-820,247
-768,233
-780,241
-816,337
-852,345
-860,383
-920,443
-960,475
-912,463
-856,425
-956,477
-932,463
-892,449
-860,459
-840,457
-864,469
-896,451
-888,465
-948,501
-896,471
-904,459
-912,469
-940,469
-828,407
-892,405
-960,421
-908,373
-784,297
-848,303
-776,229
-808,187
-832,181
-792,145
-736,121
-728,141
-708,159
-708,183
-748,229
-740,185
-820,229
-816,201
-764,169
-712,129
-708,123
-704,63
-704,17
-800,-51
-752,35
-680,11
-740,-71
-724,-85
-792,-175
-808,-213
-824,-203
-776,-235
-740,-175
-812,-215
-728,-193
-760,-223
-696,-173
-704,-189
-700,-205
-712,-171
-728,-115
-760,-49
-748,-161
-864,-239
-832,-279
-868,-329
-852,-297
-812,-259
-836,-215
-900,-249
-788,-205
-880,-205
-856,-229
-860,-163
-800,-95
-772,-143
-804,-301
-872,-291
-820,-285
-868,-295
-832,-327
-880,-391
-856,-415
-952,-467
-900,-439
-880,-463
-896,-419
-892,-393
-888,-425
-836,-429
-928,-499
-784,-427
-824,-449
-728,-367
-780,-389
-856,-425
-932,-455
-956,-497
-828,-405
-916,-473
-856,-445
-932,-459
-840,-453
-844,-431
-868,-469
-884,-467
-972,-541
-1012,-545
-1020,-547
-976,-511
-884,-467
-848,-469
-892,-481
-944,-475
-868,-427
-848,-427
-912,-449
-936,-437
-940,-425
-892,-407
-872,-413
-904,-415
-876,-433
-884,-423
-820,-395
-864,-391
-840,-395
-828,-399
-824,-425
-932,-485
-924,-505
-912,-481
-880,-491
-964,-511
-876,-479
-848,-415
-824,-429
-812,-357
-760,-305
-800,-323
-820,-259
-808,-237
-792,-223
-784,-193
-820,-227
-772,-219
-800,-239
-804,-231
-744,-239
-720,-211
-796,-197
-816,-191
-900,-233
-868,-261
-776,-227
-784,-249
-772,-293
-732,-239
-696,-195
-736,-261
-808,-279
-884,-285
-836,-269
-748,-207
-796,-247
-796,-251
-776,-259
-724,-227
-776,-245
-744,-225
-732,-141
-712,-113
-764,-85
-656,-153
-680,-91
-676,-137
-752,-187
-728,-259
-656,-275
-744,-351
-800,-357
-756,-377
-796,-419
-836,-441
-864,-417
-768,-411
-820,-401
-872,-415
-812,-403
-840,-383
-900,-421
-988,-511
-928,-455
-880,-449
-920,-463
-860,-447
-888,-471
-896,-475
-928,-457
-972,-471
-904,-445
-888,-449
-872,-451
-844,-475
-896,-469
-880,-449
-880,-457
-828,-425
-828,-405
-880,-433
-832,-433
-832,-437
-752,-375
-784,-375
-840,-367
-824,-329
-816,-309
-796,-381
-788,-393
-832,-441
-800,-431
-708,-383
-808,-449
-840,-471
-788,-407
-752,-403
-776,-409
-820,-433
-820,-419
-832,-387
-900,-417
-812,-355
-772,-303
-756,-305
-792,-331
-880,-349
-876,-371
-792,-347
-848,-367
-828,-355
-804,-331
-804,-333
-776,-295
-812,-275
-796,-257
-788,-235
-812,-237
-768,-205
-764,-231
-752,-237
-780,-231
-852,-317
-900,-329
-816,-233
-776,-239
-820,-263
-804,-237
-764,-191
-764,-211
-752,-227
-772,-199
-756,-211
-740,-237
-764,-203
-756,-151
-796,-177
-704,-171
-660,-185
-768,-123
-764,-79
-768,-21
-768,31
-780,13
-696,63
-760,101
-740,29
-792,-33
-856,-67
-820,23
-884,11
-752,-19
-764,-1
-792,-47
-784,-39
-744,-119
-732,-189
-748,-189
-716,-151
-740,-247
-716,-317
-820,-351
-836,-365
-892,-471
-924,-471
-856,-473
-824,-453
-844,-481
-928,-509
-1016,-557
-964,-543
-912,-499
-868,-455
-904,-493
-872,-469
-888,-471
-892,-471
-956,-519
-904,-487
-988,-523
-920,-511
-872,-481
-948,-527
-928,-505
-908,-497
-824,-419
-796,-401
-884,-429
-840,-447
-824,-429
-840,-453
-912,-483
-944,-505
-856,-459
-812,-441
-884,-453
-872,-479
-928,-529
-952,-523
-1024,-525
-952,-477
-932,-505
-856,-451
-836,-461
-872,-473
-860,-445
-812,-431
-852,-443
-848,-435
-908,-505
-892,-469
-904,-483
-876,-475
-988,-541
-872,-475
-944,-493
-960,-537
-1012,-549
-996,-531
-912,-489
-920,-493
-932,-479
-936,-501
-908,-517
-904,-499
-924,-509
-916,-515
-896,-505
-920,-505
-900,-511
-908,-495
-896,-467
-828,-427
-924,-415
-868,-379
-908,-453
-1020,-443
-896,-387
-928,-445
-928,-425
-872,-405
-876,-429
-856,-433
-872,-423
-836,-417
-804,-399
-788,-373
-844,-349
-824,-359
-880,-389
-908,-391
-924,-375
-880,-379
-948,-403
-924,-389
-868,-375
-928,-395
-908,-415
-904,-425
-892,-467
-932,-511
-872,-459
-880,-475
-896,-493
-960,-523
-928,-505
-908,-487
-936,-521
-1000,-541
-1060,-559
-984,-541
-1032,-545
-1004,-537
-964,-513
-904,-481
-832,-461
-928,-485
-872,-481
-892,-473
-904,-461
-980,-491
-952,-501
-916,-479
-848,-463
-764,-377
-816,-381
-764,-345
-740,-265
-828,-273
-836,-313
-824,-303
-880,-305
-904,-281
-840,-231
-896,-271
-860,-211
-888,-137
-828,-179
-812,-213
-788,-241
-816,-305
-824,-337
-908,-359
-908,-361
-860,-271
-832,-279
-844,-351
-796,-317
-820,-283
-904,-343
-788,-351
-796,-321
-840,-319
-844,-343
-836,-345
-840,-329
-872,-381
-856,-437
-836,-429
-908,-489
-1028,-545
-1044,-569
-1004,-547
-940,-509
-904,-487
-932,-489
-940,-487
-896,-501
-932,-497
-916,-487
-868,-491
-872,-459
-860,-415
-888,-403
-904,-471
-920,-479
-920,-501
-952,-527
-968,-535
-948,-509
-952,-517
-940,-513
-968,-513
-972,-505
-1020,-529
-976,-523
-1000,-539
-928,-489
-1000,-509
-984,-499
-916,-451
-832,-429
-864,-397
-900,-467
-896,-473
-952,-515
-956,-525
-932,-527
-936,-525
-908,-497
-972,-527
-948,-523
-848,-485
-824,-459
-868,-455
-908,-459
-864,-405
-780,-363
-852,-447
-896,-479
-940,-493
-884,-453
-828,-457
-760,-361
-768,-323
-788,-373
-872,-483
-912,-499
-940,-501
-912,-483
-948,-505
-912,-499
-912,-485
-784,-405
-772,-413
-848,-395
-876,-443
-900,-461
-912,-469
-888,-459
-800,-411
-796,-395
-860,-439
-904,-475
-856,-445
-868,-447
-812,-429
-800,-405
-860,-459
-868,-469
-940,-491
-936,-485
-916,-485
-916,-509
-836,-481
-868,-441
-900,-495
-896,-495
-904,-497
-952,-511
-932,-499
-916,-501
-908,-479
-908,-475
-896,-485
-980,-527
-976,-509
-892,-493
-904,-483
-944,-509
-932,-515
-924,-507
-908,-501
-1020,-537
-952,-517
-912,-503
-872,-481
-860,-471
-820,-449
-932,-495
-920,-477
-892,-479
-924,-499
-888,-487
-860,-439
-908,-469
-896,-411
-816,-363
-848,-339
-848,-389
-832,-411
-816,-391
-824,-399
-856,-423
-884,-427
-900,-447
-908,-449
-960,-495
-944,-505
-952,-513
-980,-525
-944,-517
-1036,-553
-1028,-545
-932,-499
-928,-479
-984,-523
-856,-469
-916,-485
-948,-449
-876,-409
-848,-391
-876,-379
-912,-385
-816,-355
-892,-425
-932,-473
-952,-509
-992,-505
-968,-519
-804,-447
-852,-453
-832,-435
-796,-337
-832,-357
-868,-449
-812,-407
-776,-401
-792,-417
-744,-373
-852,-395
-824,-429
-768,-371
-756,-353
-788,-341
-832,-395
-788,-401
-784,-437
-768,-363
-812,-349
-732,-267
-844,-339
-848,-345
-844,-313
-772,-273
-824,-371
-836,-361
-840,-405
-932,-465
-896,-443
-852,-445
-980,-501
-888,-489
-940,-499
-948,-515
-932,-495
-876,-479
-908,-477
-800,-395
-764,-411
-756,-391
-812,-451
-908,-495
-892,-477
-864,-473
-828,-463
-836,-465
-940,-503
-872,-507
-976,-523
-860,-469
-972,-507
-968,-517
-916,-503
-892,-459
-812,-449
-800,-431
-884,-493
-924,-509
-952,-515
-872,-457
-824,-467
-944,-517
-936,-497
-968,-517
-968,-521
-952,-499
-988,-521
-944,-497
-856,-453
-904,-473
-880,-451
-964,-511
-964,-499
-952,-513
-896,-473
-868,-449
-884,-497
-912,-505
-924,-495
-888,-493
-940,-515
-1064,-567
-964,-511
-872,-437
-836,-415
-880,-437
-904,-449
-940,-493
-928,-435
-996,-489
-976,-477
-884,-425
-868,-429
-896,-453
-948,-493
-972,-529
-1052,-561
-1004,-545
-920,-501
-940,-505
-940,-493
-900,-483
-968,-515
-904,-499
-980,-501
-936,-501
-808,-449
-876,-479
-876,-445
-900,-459
-916,-479
-940,-499
-1024,-539
-980,-541
-1064,-577
-968,-529
-1076,-583
-1016,-553
-1036,-555
-984,-503
-984,-511
-944,-521
-1008,-547
-912,-483
-920,-491
-976,-529
-972,-521
-984,-529
-900,-501
-912,-451
-900,-433
-928,-441
-908,-463
-940,-507
-936,-485
-944,-491
-932,-481
-932,-495
-908,-507
-924,-501
-944,-501
-920,-499
-908,-489
-880,-467
-908,-469
-880,-449
-948,-491
-944,-531
-996,-513
-960,-529
-860,-449
-836,-405
-804,-403
-804,-385
-740,-317
-820,-389
-888,-443
-868,-435
-856,-435
-912,-465
-940,-463
-892,-477
-968,-519
-928,-505
-960,-491
-980,-535
-968,-499
-924,-479
-880,-453
-916,-475
-856,-403
-892,-439
-832,-383
-796,-329
-812,-323
-832,-361
-780,-353
-804,-359
-908,-447
-960,-533
-984,-541
-908,-477
-932,-445
-908,-451
-996,-495
-1036,-511
-1020,-529
-988,-521
-940,-491
-972,-511
-1008,-547
-944,-505
-928,-505
-928,-505
-912,-489
-944,-515
-960,-517
-944,-487
-916,-423
-900,-429
-904,-435
-800,-425
-840,-415
-776,-377
-884,-403
-884,-421
-824,-351
-880,-361
-880,-331
-844,-249
-816,-255
-816,-203
-852,-243
-892,-277
-912,-269
-880,-209
-840,-213
-872,-201
-780,-293
-728,-253
-744,-261
-756,-253
-712,-181
-720,-131
-716,-113
-704,-141
-772,-223
-764,-221
-736,-183
-728,-273
-772,-347
-828,-385
-824,-359
-788,-331
-852,-335
-868,-375
-920,-433
-884,-393
-872,-349
-904,-425
-928,-423
-808,-371
-948,-473
-932,-473
-924,-473
-860,-455
-848,-459
-924,-501
-976,-541
-972,-541
-952,-531
-852,-479
-932,-525
-944,-531
-1004,-541
-944,-525
-976,-537
-852,-445
-864,-437
-892,-435
-868,-415
-868,-431
-876,-433
-796,-305
-808,-329
-792,-309
-724,-333
-784,-341
-852,-373
-896,-381
-884,-407
-864,-377
-824,-395
-860,-415
-860,-431
-872,-465
-860,-455
-896,-493
-896,-473
-876,-455
-816,-401
-828,-377
-828,-361
-820,-389
-788,-407
-804,-381
-816,-387
-836,-397
-896,-397
-892,-427
-952,-439
-944,-479
-864,-465
-868,-497
-928,-505
-960,-509
-956,-513
-844,-455
-884,-483
-952,-527
-984,-509
-948,-521
-840,-455
-892,-477
-884,-489
-824,-435
-824,-455
-812,-445
-836,-443
-856,-479
-872,-477
-908,-471
-872,-435
-860,-439
-964,-521
-900,-489
-872,-437
-868,-465
-900,-473
-860,-479
-964,-535
-924,-495
-824,-469
-856,-433
-940,-431
-932,-455
-844,-419
-880,-451
-928,-433
-912,-395
-936,-423
-928,-425
-940,-465
-932,-455
-848,-445
-848,-473
-896,-491
-932,-501
-952,-519
-804,-417
-836,-449
-940,-521
-960,-513
-928,-479
-884,-455
-856,-425
-860,-445
-936,-481
-972,-525
-920,-487
-872,-441
-936,-455
-916,-455
-884,-475
-944,-509
-932,-501
-1004,-533
-976,-537
-984,-533
-1024,-541
-1000,-517
-936,-499
-984,-511
-952,-485
-900,-495
-812,-419
-816,-439
-812,-447
-888,-493
-848,-429
-948,-473
-860,-425
-948,-475
-932,-485
-968,-505
-932,-509
-908,-491
-856,-453
-912,-459
-976,-481
-928,-493
-956,-517
-872,-489
-916,-495
-988,-497
-1008,-535
-940,-509
-928,-507
-952,-509
-884,-477
-844,-431
-864,-443
-876,-411
-868,-457
-836,-425
-856,-411
-936,-477
-928,-441
-892,-409
-868,-363
-848,-367
-732,-275
-744,-321
-776,-351
-856,-375
-848,-409
-868,-397
-916,-445
-892,-479
-872,-491
-960,-529
-948,-501
-936,-499
-912,-477
-912,-475
-872,-451
-800,-415
-948,-507
-996,-537
-1032,-533
-980,-507
-956,-519
-980,-501
-964,-475
-900,-433
-912,-447
-868,-449
-896,-479
-864,-445
-872,-409
-856,-423
-876,-447
-992,-503
-976,-493
-896,-457
-908,-475
-824,-419
-892,-437
-896,-449
-892,-423
-904,-447
-868,-403
-880,-419
-856,-415
-880,-449
-952,-481
-844,-407
-776,-383
-800,-373
-812,-365
-880,-401
-880,-409
-872,-417
-936,-469
-956,-505
-912,-493
-976,-533
-972,-531
-928,-503
-888,-469
-864,-467
-900,-473
-892,-479
-848,-477
-792,-447
-824,-471
-876,-469
-792,-429
-852,-465
-876,-479
-936,-479
-880,-433
-920,-453
-936,-477
-896,-469
-848,-445
-848,-447
-884,-409
-864,-421
-892,-459
-968,-497
-960,-525
-912,-513
-928,-503
-968,-531
-1068,-573
-952,-525
-1032,-555
-1020,-553
-1068,-541
-1040,-561
-968,-523
-912,-515
-988,-541
-884,-493
-828,-469
-912,-507
-976,-527
-964,-531
-1000,-539
-952,-523
-912,-505
-888,-477
-964,-505
-936,-517
-912,-505
-944,-531
-960,-529
-1048,-569
-1016,-551
-904,-491
-900,-493
-876,-435
-908,-455
-924,-465
-868,-441
-920,-495
-952,-525
-1004,-535
-1008,-539
-1028,-553
-1008,-543
-1076,-577
-1076,-577
-1032,-557
-972,-537
-888,-485
-1008,-533
-860,-475
-884,-475
-928,-497
-868,-457
-832,-429
-888,-465
-900,-469
-916,-489
-1012,-553
-952,-525
-936,-517
-992,-543
-1028,-555
-972,-541
-936,-519
-940,-509
-968,-525
-992,-539
-908,-501
-980,-533
-840,-473
-904,-481
-856,-443
-916,-481
-916,-481
-848,-473
-832,-445
-852,-403
-836,-427
-884,-447
-920,-463
-864,-405
-868,-429
-896,-455
-892,-479
-872,-463
-884,-455
-856,-457
-928,-487
-900,-493
-868,-461
-864,-485
-896,-481
-928,-487
-984,-523
-988,-509
-1000,-521
-872,-465
-872,-415
-1004,-543
-972,-511
-960,-515
-980,-519
-952,-501
-832,-389
-820,-339
-764,-339
-836,-367
-792,-381
-748,-359
-844,-413
-836,-415
-768,-371
-808,-399
-792,-367
-776,-351
-880,-435
-824,-417
-820,-407
-780,-349
-840,-437
-916,-503
-948,-517
-912,-523
-864,-465
-900,-497
-908,-485
-872,-489
-904,-495
-864,-405
-864,-373
-884,-375
-760,-301
-784,-335
-780,-321
-740,-323
-828,-423
-924,-477
-904,-429
-868,-435
-920,-445
-876,-409
-860,-413
-940,-447
-940,-463
-884,-459
-944,-481
-908,-467
-888,-473
-868,-441
-912,-451
-844,-421
-804,-417
-760,-391
-828,-419
-780,-407
-780,-391
-808,-411
-888,-419
-800,-349
-768,-293
-768,-253
-756,-305
-844,-371
-928,-419
-936,-439
-912,-481
-904,-495
-964,-517
-904,-489
-884,-499
-928,-501
-960,-525
-952,-525
-928,-509
-964,-527
-920,-483
-912,-469
-904,-463
-820,-427
-836,-411
-792,-389
-812,-413
-936,-485
-896,-445
-812,-401
-880,-429
-868,-461
-828,-447
-824,-377
-768,-367
-804,-401
-900,-437
-860,-401
-800,-343
-748,-347
-916,-449
-892,-451
-848,-409
-860,-415
-852,-433
-800,-389
-844,-431
-832,-467
-820,-469
-908,-497
-916,-489
-920,-481
-916,-473
-900,-457
-900,-457
-916,-469
-920,-469
-1008,-477
-916,-471
-812,-407
-800,-437
-900,-483
-924,-467
-876,-445
-868,-439
-900,-493
-892,-505
-948,-505
-1000,-537
-920,-483
-924,-487
-928,-473
-924,-463
-960,-493
-908,-473
-960,-509
-896,-463
-840,-421
-752,-391
-752,-363
-820,-421
-776,-413
-856,-443
-908,-439
-948,-455
-968,-479
-900,-431
-912,-457
-920,-491
-900,-461
-900,-421
-876,-425
-956,-505
-992,-545
-1028,-553
-932,-523
-896,-487
-924,-483
-960,-525
-932,-513
-968,-511
-920,-497
-900,-487
-916,-457
-880,-431
-900,-441
-940,-443
-924,-475
-884,-461
-924,-489
-928,-499
-884,-459
-900,-461
-840,-413
-880,-361
-852,-403
-784,-341
-832,-357
-888,-419
-948,-463
-928,-441
-900,-453
-900,-431
-844,-363
-868,-349
-912,-359
-932,-349
-980,-421
-980,-459
-896,-441
-848,-399
-868,-437
-900,-465
-924,-487
-916,-481
-996,-525
-996,-529
-1008,-507
-976,-507
-908,-465
-836,-409
-828,-359
-828,-335
-840,-397
-932,-459
-868,-457
-856,-401
-816,-349
-808,-363
-840,-407
-896,-461
-900,-501
-972,-525
-1008,-553
-912,-503
-984,-511
-900,-467
-892,-465
-912,-473
-900,-487
-912,-497
-908,-487
-932,-481
-868,-441
-792,-385
-824,-365
-840,-383
-840,-379
-848,-381
-844,-343
-836,-335
-776,-299
-744,-307
-804,-283
-852,-319
-804,-323
-804,-355
-676,-253
-788,-285
-776,-303
-784,-329
-828,-341
-836,-339
-828,-353
-816,-321
-876,-371
-804,-331
-856,-299
-840,-323
-752,-345
-808,-397
-940,-459
-880,-415
-832,-393
-836,-361
-860,-395
-832,-379
-864,-417
-840,-415
-852,-367
-800,-369
-784,-313
-744,-297
-928,-423
-832,-357
-872,-331
-892,-361
-912,-399
-908,-381
-884,-407
-856,-417
-892,-437
-876,-397
-804,-407
-848,-399
-796,-357
-860,-351
-796,-319
-796,-321
-832,-315
-876,-335
-840,-385
-804,-393
-824,-419
-832,-395
-964,-503
-812,-429
-900,-487
-924,-433
-900,-381
-832,-365
-884,-387
-892,-365
-928,-337
-912,-303
-840,-261
-812,-231
-764,-265
-780,-311
-804,-317
-776,-295
-816,-337
-788,-299
-788,-299
-836,-363
-896,-435
-928,-451
-884,-443
-928,-491
-908,-493
-972,-523
-900,-487
-840,-443
-852,-447
-800,-385
-812,-399
-824,-417
-848,-431
-864,-407
-872,-393
-840,-407
-868,-421
-764,-351
-860,-325
-860,-369
-820,-349
-844,-359
-820,-363
-816,-373
-796,-431
-852,-457
-816,-421
-860,-393
-816,-421
-868,-399
-860,-409
-924,-445
-864,-403
-916,-433
-912,-425
-872,-439
-884,-463
-932,-433
-944,-433
-844,-409
-932,-421
-940,-385
-936,-423
-952,-431
-904,-409
-888,-409
-816,-399
-896,-449
-928,-487
-872,-473
-844,-463
-908,-499
-940,-515
-1008,-529
-888,-481
-1000,-525
-1048,-557
-972,-521
-924,-489
-968,-511
-968,-517
-944,-527
-900,-495
-940,-525
-904,-495
-892,-497
-844,-487
-864,-485
-904,-513
-936,-521
-928,-495
-1004,-541
-972,-539
-932,-499
-872,-439
-876,-427
-836,-447
-800,-433
-856,-437
-836,-411
-872,-461
-900,-485
-972,-495
-880,-431
-844,-431
-888,-391
-772,-335
-788,-413
-772,-417
-872,-413
-920,-487
-924,-467
-956,-477
-948,-481
-924,-503
-968,-495
-988,-525
-924,-499
-928,-485
-952,-495
-832,-401
-796,-401
-816,-399
-872,-423
-844,-387
-836,-313
-788,-317
-852,-411
-964,-485
-952,-505
-984,-517
-1016,-541
-928,-501
-1020,-539
-1016,-539
-948,-491
-904,-473
-900,-459
-892,-447
-972,-489
-924,-479
-940,-461
-956,-443
-868,-421
-824,-399
-840,-435
-876,-443
-816,-441
-896,-481
-868,-429
-772,-397
-884,-475
-848,-453
-856,-441
-968,-501
-892,-447
-880,-441
-948,-443
-836,-433
-840,-455
-872,-437
-868,-397
-884,-405
-888,-435
-912,-437
-956,-495
-868,-481
-880,-507
-988,-537
-1004,-553
-948,-521
-936,-511
-964,-515
-904,-467
-908,-447
-844,-409
-924,-429
-812,-403
-836,-387
-880,-405
-916,-453
-852,-415
-860,-401
-836,-351
-852,-377
-820,-369
-864,-407
-876,-419
-824,-429
-880,-429
-784,-419
-884,-501
-928,-513
-892,-507
-968,-507
-1008,-551
-1000,-535
-872,-463
-884,-473
-788,-399
-832,-395
-844,-355
-920,-349
-888,-259
-804,-249
-744,-239
-832,-267
-876,-203
-800,-201
-848,-209
-804,-215
-820,-223
-800,-217
-820,-141
-784,-111
-796,-123
-764,-163
-848,-79
-872,-29
-824,27
-872,51
-852,35
-820,59
-828,95
-788,63
-792,35
-792,13
-772,35
-760,51
-748,107
-700,155
-796,195
-856,145
-888,143
-836,113
-932,145
-920,63
-896,29
-796,53
-720,-39
-704,19
-744,-53
-708,-121
-660,-13
-712,31
-748,7
-732,-41
-708,1
-716,-53
-708,-7
-696,41
-660,41
-676,41
-724,77
-808,113
-824,173
-792,221
-792,233
-716,201
-728,237
-728,219
-716,207
-780,229
-824,313
-852,365
-844,407
-884,431
-812,413
-820,391
-888,419
-808,383
-820,387
-872,395
-888,401
-880,379
-928,443
-964,499
-1056,551
-908,481
-864,421
-932,447
-960,477
-856,433
-884,457
-856,421
-856,417
-904,441
-896,475
-872,439
-820,431
-900,475
-864,429
-844,461
-980,519
-964,505
-900,477
-924,507
-1008,537
-992,487
-916,437
-888,445
-744,345
-828,415
-820,417
-856,425
-816,397
-888,421
-924,461
-964,501
-932,505
-900,501
-880,493
-912,495
-1024,523
-972,525
-900,485
-916,499
-900,453
-940,423
-944,435
-824,407
-856,389
-856,377
-844,403
-908,445
-844,423
-940,445
-940,469
-876,427
-908,363
-884,393
-836,389
-844,355
-856,397
-824,385
-788,367
-840,383
-908,377
-840,355
-828,371
-836,409
-820,431
-884,399
-896,435
-856,407
-824,355
-764,285
-692,265
-780,275
-796,303
-784,309
-888,335
-900,375
-948,375
-892,317
-880,313
-832,291
-888,365
-876,359
-848,379
-832,343
-820,313
-868,347
-880,367
-868,353
-808,257
-808,257
-840,271
-816,245
-796,225
-776,261
-728,253
-800,237
-772,219
-816,237
-844,241
-836,145
-788,83
-840,75
-872,69
-872,101
-840,89
-808,5
-768,-37
-664,-85
-696,-133
-700,-63
-692,-69
-704,-53
-708,1
-732,-73
-752,-47
-704,-41
-752,-51
-752,21
-764,21
-784,39
-768,103
-732,113
-784,139
-816,101
-732,71
-724,75
-724,119
-736,69
-744,57
-672,-43
-664,-129
-748,-175
-712,-113
-688,-65
-772,-161
-820,-197
-852,-179
-844,-195
-804,-231
-764,-205
-728,-213
-816,-293
-800,-235
-784,-233
-808,-223
-804,-235
-848,-219
-860,-241
-780,-199
-844,-211
-816,-223
-896,-313
-852,-309
-888,-319
-852,-311
-848,-379
-780,-325
-876,-373
-852,-393
-880,-427
-908,-443
-924,-469
-908,-495
-960,-513
-976,-515
-900,-469
-968,-497
-916,-511
-912,-503
-940,-519
-940,-519
-1004,-529
-868,-467
-984,-497
-984,-545
-916,-499
-948,-519
-984,-539
-1000,-529
-912,-495
-828,-397
-832,-403
-856,-411
-924,-491
-816,-405
-832,-403
-804,-367
-896,-447
-856,-469
-892,-471
-896,-457
-864,-459
-968,-503
-1032,-559
-1096,-581
-1044,-567
-1024,-529
-996,-533
-972,-531
-928,-511
-912,-503
-968,-519
-1032,-545
-1040,-559
-1004,-551
-992,-515
-924,-491
-944,-499
-844,-451
-900,-489
-936,-501
-900,-451
-916,-471
-928,-495
-868,-491
-828,-447
-832,-449
-780,-435
-1000,-547
-828,-457
-848,-487
-908,-503
-884,-475
-876,-445
-872,-465
-876,-455
-864,-449
-948,-505
-932,-495
-904,-501
-980,-531
-896,-483
-916,-475
-896,-479
-904,-475
-916,-459
-916,-519
-884,-499
-896,-493
-848,-489
-828,-439
-796,-423
-844,-447
-804,-383
-820,-379
-768,-327
-768,-299
-700,-279
-764,-297
-772,-287
-860,-355
-832,-323
-808,-279
-852,-311
-844,-325
-856,-341
-840,-365
-892,-361
-884,-411
-972,-453
-944,-425
-896,-431
-880,-409
-916,-417
-820,-353
-860,-343
-788,-361
-804,-399
-864,-447
-848,-411
-920,-451
-904,-413
-840,-375
-896,-427
-884,-451
-904,-451
-924,-477
-944,-481
-928,-467
-868,-415
-876,-427
-824,-365
-828,-417
-840,-425
-828,-419
-872,-433
-912,-445
-876,-413
-852,-417
-880,-425
-856,-411
-832,-417
-904,-445
-972,-517
-976,-539
-1012,-519
-896,-417
-828,-341
-876,-393
-884,-399
-892,-457
-872,-403
-920,-435
-948,-469
-968,-497
-960,-509
-1016,-509
-996,-543
-848,-469
-960,-535
-936,-497
-868,-485
-928,-511
-896,-473
-860,-433
-836,-419
-820,-357
-816,-367
-736,-371
-804,-419
-792,-415
-832,-425
-856,-465
-944,-529
-972,-531
-996,-543
-1048,-563
-944,-529
-960,-533
-1048,-545
-924,-499
-900,-489
-1012,-529
-956,-515
-928,-509
-896,-475
-848,-399
-912,-407
-908,-423
-944,-459
-916,-463
-896,-451
-960,-501
-1008,-525
-944,-481
-900,-473
-980,-523
-972,-527
-988,-537
-956,-523
-932,-485
-940,-519
-932,-507
-892,-479
-872,-457
-856,-435
-856,-445
-932,-451
-924,-453
-896,-441
-812,-387
-780,-359
-860,-391
-884,-389
-916,-469
-944,-471
-988,-527
-1064,-555
-984,-501
-956,-483
-964,-509
-1044,-539
-964,-503
-968,-527
-940,-501
-868,-463
-900,-487
-852,-451
-844,-453
-924,-473
-796,-409
-788,-413
-872,-479
-904,-473
-864,-445
-900,-471
-860,-471
-872,-435
-840,-447
-844,-441
-880,-467
-864,-461
-924,-489
-768,-437
-680,-363
-684,-357
-784,-417
-928,-509
-1040,-551
-972,-539
-936,-529
-960,-535
-916,-507
-832,-437
-848,-467
-820,-457
-896,-485
-856,-463
-840,-425
-884,-465
-828,-453
-844,-445
-900,-479
-808,-397
-820,-389
-784,-347
-712,-259
-732,-277
-824,-311
-840,-359
-912,-391
-844,-393
-876,-427
-848,-419
-868,-367
-844,-383
-792,-365
-848,-393
-904,-449
-940,-473
-924,-429
-920,-477
-956,-473
-828,-441
-940,-513
-928,-493
-940,-507
-828,-435
-892,-491
-872,-473
-860,-471
-904,-499
-852,-459
-884,-469
-836,-449
-852,-429
-872,-415
-932,-453
-944,-435
-960,-523
-896,-491
-920,-509
-920,-501
-944,-507
-900,-493
-920,-487
-960,-525
-1004,-529
-1012,-555
-960,-531
-956,-533
-948,-531
-972,-527
-880,-497
-900,-427
-884,-421
-868,-421
-908,-439
-884,-433
-924,-479
-904,-475
-948,-509
-920,-495
-916,-459
-912,-503
-920,-493
-884,-489
-908,-499
-920,-517
-928,-507
-944,-499
-888,-423
-924,-453
-852,-379
-756,-303
-728,-297
-728,-311
-700,-241
-720,-211
-752,-259
-820,-223
-800,-253
-792,-267
-828,-251
-824,-305
-824,-373
-876,-369
-800,-289
-788,-265
-860,-327
-844,-361
-796,-381
-848,-415
-876,-413
-840,-409
-864,-455
-860,-447
-840,-449
-904,-493
-952,-509
-920,-485
-848,-421
-920,-447
-952,-493
-948,-501
-908,-479
-836,-447
-808,-399
-872,-449
-960,-465
-876,-431
-892,-441
-896,-469
-860,-473
-840,-443
-932,-489
-996,-529
-996,-513
-972,-505
-896,-475
-976,-535
-1008,-535
-924,-491
-936,-493
-940,-531
-976,-537
-1044,-553
-1048,-551
-976,-519
-984,-541
-1016,-559
-1040,-563
-944,-511
-1008,-543
-1028,-559
-984,-511
-952,-503
-892,-489
-840,-437
-852,-443
-904,-481
-884,-477
-984,-527
-960,-545
-932,-533
-968,-531
-1048,-567
-972,-527
-1020,-551
-968,-523
-876,-443
-924,-491
-948,-491
-872,-465
-892,-437
-852,-427
-904,-473
-908,-441
-852,-437
-836,-415
-788,-381
-812,-395
-848,-401
-792,-409
-860,-463
-852,-447
-884,-493
-868,-437
-884,-457
-916,-471
-888,-437
-876,-461
-908,-469
-932,-481
-904,-449
-832,-441
-868,-451
-944,-485
-968,-507
-848,-475
-836,-485
-924,-489
-936,-489
-904,-485
-928,-503
-884,-485
-908,-481
-816,-449
-868,-479
-920,-481
-900,-481
-968,-513
-912,-509
-1012,-541
-1032,-563
-936,-527
-900,-503
-960,-521
-908,-483
-932,-491
-884,-461
-808,-437
-840,-399
-900,-427
-832,-383
-776,-363
-812,-343
-828,-343
-800,-357
-792,-267
-764,-273
-872,-305
-876,-325
-884,-265
-820,-181
-772,-109
-756,-149
-796,-165
-824,-197
-772,-205
-772,-183
-804,-251
-780,-257
-744,-217
-796,-299
-780,-357
-888,-397
-860,-411
-900,-465
-860,-465
-972,-537
-960,-537
-960,-499
-948,-503
-936,-493
-888,-455
-844,-429
-932,-487
-984,-543
-1064,-569
-1004,-551
-920,-491
-964,-505
-904,-495
-956,-473
-856,-395
-876,-391
-788,-317
-796,-367
-736,-375
-756,-359
-792,-341
-784,-347
-832,-407
-848,-415
-824,-455
-800,-455
-828,-441
-912,-459
-944,-473
-944,-515
-868,-467
-820,-431
-864,-443
-888,-457
-852,-423
-860,-445
-832,-439
-856,-467
-892,-477
-956,-497
-916,-487
-916,-505
-972,-537
-980,-539
-952,-515
-892,-465
-788,-439
-748,-403
-816,-431
-868,-441
-1004,-547
-1020,-543
-952,-509
-1024,-539
-972,-529
-944,-507
-892,-495
-932,-497
-932,-485
-832,-433
-836,-421
-780,-397
-820,-373
-820,-325
-812,-319
-800,-373
-856,-411
-868,-373
-784,-349
-780,-343
-856,-387
-848,-393
-768,-389
-900,-443
-880,-439
-872,-447
-832,-419
-860,-455
-824,-425
-848,-437
-928,-483
-932,-467
-904,-453
-872,-419
-796,-349
-732,-297
-788,-367
-776,-341
-808,-283
-788,-287
-808,-295
-756,-269
-776,-271
-820,-307
-844,-339
-856,-357
-804,-373
-800,-387
-832,-351
-864,-361
-836,-357
-876,-345
-880,-345
-828,-305
-880,-327
-844,-325
-864,-327
-832,-389
-832,-423
-908,-435
-888,-431
-916,-483
-956,-521
-844,-425
-816,-445
-828,-417
-924,-453
-936,-485
-888,-479
-840,-449
-848,-469
-876,-465
-876,-437
-908,-411
-860,-373
-816,-339
-932,-381
-904,-359
-872,-307
-824,-337
-840,-285
-784,-303
-764,-269
-800,-265
-780,-321
-796,-323
-856,-371
-824,-341
-812,-327
-820,-359
-800,-343
-860,-413
-812,-437
-812,-395
-784,-391
-816,-403
-824,-401
-832,-407
-864,-433
-876,-469
-836,-447
-956,-499
-960,-503
-916,-493
-944,-497
-964,-511
-968,-529
-972,-533
-984,-527
-1020,-559
-1000,-539
-1020,-551
-1004,-541
-1048,-547
-984,-521
-976,-505
-956,-497
-932,-427
-888,-431
-848,-407
-784,-387
-848,-427
-800,-393
-764,-413
-748,-371
-812,-415
-836,-447
-872,-473
-812,-427
-928,-481
-888,-479
-944,-495
-896,-469
-836,-481
-900,-499
-948,-523
-956,-519
-944,-503
-948,-509
-948,-513
-952,-517
-964,-511
-920,-515
-864,-487
-888,-483
-932,-509
-884,-487
-916,-477
-948,-523
-1012,-529
-956,-507
-932,-485
-968,-525
-944,-517
-984,-541
-976,-537
-1048,-559
-880,-497
-936,-503
-972,-533
-960,-519
-972,-471
-880,-435
-916,-431
-860,-393
-884,-397
-836,-401
-868,-435
-832,-427
-788,-413
-792,-425
-872,-459
-892,-479
-916,-491
-976,-501
-1016,-551
-952,-513
-948,-481
-908,-475
-960,-477
-952,-437
-936,-429
-812,-409
-828,-395
-796,-327
-840,-339
-892,-353
-880,-361
-888,-359
-816,-319
-860,-371
-820,-403
-808,-367
-864,-431
-868,-437
-908,-493
-976,-535
-1004,-537
-956,-493
-904,-495
-892,-467
-844,-455
-908,-503
-796,-453
-780,-415
-924,-497
-932,-505
-872,-487
-892,-505
-944,-519
-904,-487
-772,-453
-968,-541
-872,-475
-904,-499
-932,-497
-860,-471
-1012,-541
-996,-529
-948,-529
-964,-531
-984,-543
-908,-501
-900,-463
-916,-473
-860,-439
-808,-415
-764,-367
-772,-321
-808,-323
-796,-327
-744,-269
-772,-305
-856,-405
-884,-395
-844,-409
-884,-401
-884,-391
-896,-407
-828,-419
-824,-423
-880,-419
-916,-409
-884,-401
-876,-439
-884,-455
-932,-471
-984,-499
-920,-493
-948,-505
-996,-517
-972,-509
-1000,-547
-952,-511
-848,-469
-864,-467
-944,-513
-904,-493
-904,-487
-908,-447
-920,-475
-956,-509
-912,-507
-892,-481
-900,-469
-896,-495
-892,-487
-908,-489
-936,-493
-944,-497
-864,-483
-900,-507
-948,-499
-936,-473
-960,-463
-948,-501
-984,-535
-1004,-549
-964,-527
-828,-451
-744,-373
-788,-379
-816,-385
-832,-383
-864,-399
-852,-389
-844,-351
-836,-387
-820,-439
-844,-387
-864,-391
-888,-415
-932,-467
-960,-489
-860,-459
-744,-385
-864,-469
-872,-489
-964,-503
-904,-487
-920,-493
-992,-535
-876,-501
-976,-515
-912,-461
-868,-419
-864,-411
-832,-401
-820,-397
-804,-393
-836,-409
-764,-363
-840,-389
-796,-335
-768,-339
-832,-415
-788,-341
-768,-329
-780,-247
-820,-241
-780,-265
-844,-303
-820,-407
-860,-363
-904,-399
-864,-417
-912,-465
-944,-521
-880,-477
-864,-489
-828,-449
-872,-459
-956,-503
-968,-519
-940,-513
-944,-503
-892,-489
-852,-471
-1012,-545
-880,-483
-840,-441
-788,-413
-848,-481
-920,-517
-880,-479
-888,-493
-916,-519
-928,-499
-944,-503
-972,-513
-992,-523
-924,-505
-992,-529
-956,-517
-908,-477
-904,-509
-864,-505
-884,-483
-944,-499
-952,-519
-976,-507
-1060,-567
-1052,-571
-964,-523
-916,-489
-916,-513
-960,-531
-908,-497
-928,-517
-956,-521
-900,-497
-876,-453
-972,-517
-952,-495
-976,-519
-932,-501
-988,-493
-900,-457
-928,-429
-924,-463
-944,-461
-944,-439
-936,-427
-924,-381
-824,-383
-824,-425
-880,-407
-876,-391
-812,-305
-876,-333
-804,-329
-772,-299
-780,-301
-724,-285
-808,-305
-836,-365
-896,-393
-892,-381
-892,-389
-876,-429
-860,-427
-872,-433
-860,-471
-808,-413
-788,-413
-820,-461
-876,-477
-896,-487
-932,-509
-880,-461
-872,-481
-952,-529
-988,-543
-956,-527
-940,-525
-956,-521
-936,-501
-840,-485
-896,-483
-956,-523
-976,-523
-908,-483
-880,-435
-824,-389
-792,-411
-808,-411
-804,-349
-888,-337
-844,-351
-864,-339
-880,-337
-832,-347
-796,-351
-856,-367
-788,-339
-872,-439
-856,-431
-808,-413
-780,-377
-780,-409
-800,-409
-824,-437
-948,-481
-836,-453
-840,-427
-848,-435
-820,-433
-868,-477
-888,-485
-864,-473
-908,-483
-852,-487
-952,-521
-932,-525
-900,-503
-876,-503
-940,-515
-952,-531
-948,-517
-964,-513
-852,-469
-812,-411
-908,-473
-904,-421
-904,-425
-896,-441
-912,-449
-900,-433
-876,-433
-876,-453
-1008,-547
-1036,-559
-1036,-561
-988,-469
-812,-425
-872,-469
-972,-521
-992,-517
-988,-531
-1024,-557
-912,-505
-964,-517
-932,-511
-1036,-545
-924,-509
-932,-499
-976,-537
-988,-529
-972,-535
-984,-535
-976,-517
-956,-529
-952,-521
-1024,-519
-976,-477
-932,-469
-916,-455
-820,-429
-744,-395
-832,-413
-824,-391
-844,-381
-860,-409
-848,-453
-984,-497
-1016,-541
-972,-523
-932,-493
-792,-443
-860,-471
-860,-457
-904,-493
-972,-535
-1012,-531
-1000,-519
-1012,-521
-948,-523
-984,-547
-880,-505
-856,-477
-892,-477
-952,-517
-884,-461
-844,-411
-852,-439
-804,-415
-848,-423
-924,-409
-816,-349
-748,-273
-816,-347
-804,-385
-820,-365
-856,-455
-804,-427
-816,-431
-824,-427
-832,-449
-860,-475
-860,-471
-972,-513
-868,-455
-860,-439
-892,-465
-868,-447
-908,-479
-788,-393
-820,-411
-864,-433
-832,-425
-836,-403
-816,-371
-856,-415
-892,-457
-844,-397
-864,-409
-828,-411
-932,-455
-1000,-509
-920,-503
-964,-497
-856,-469
-892,-493
-984,-531
-1000,-553
-1056,-565
-1000,-543
-1032,-553
-912,-497
-908,-471
-848,-435
-940,-489
-948,-497
-916,-489
-896,-447
-880,-467
-956,-489
-992,-533
-988,-527
-988,-533
-972,-521
-908,-467
-992,-537
-896,-499
-848,-447
-924,-489
-984,-509
-812,-457
-868,-489
-792,-437
-868,-469
-984,-523
-936,-511
-916,-515
-896,-485
-1020,-545
-936,-497
-916,-481
-912,-465
-940,-497
-968,-529
-1000,-541
-996,-543
-944,-519
-896,-507
-948,-527
-828,-455
-936,-511
-956,-515
-900,-481
-916,-505
-972,-529
-888,-485
-900,-487
-944,-503
-976,-539
-928,-515
-984,-531
-956,-511
-888,-475
-896,-475
-884,-429
-860,-433
-856,-387
-816,-387
-840,-363
-816,-365
-768,-369
-760,-375
-792,-365
-856,-385
-892,-369
-896,-403
-804,-357
-800,-365
-684,-297
-740,-357
-796,-389
-748,-319
-768,-301
-748,-321
-636,-259
-692,-267
-860,-397
-868,-449
-916,-479
-936,-491
-940,-507
-956,-519
-908,-483
-932,-509
-944,-501
-976,-531
-896,-501
-948,-517
-1020,-553
-988,-527
-948,-525
-1008,-537
-968,-529
-944,-515
-892,-507
-892,-489
-804,-431
-764,-379
-800,-397
-840,-387
-888,-383
-756,-341
-844,-409
-880,-439
-860,-433
-856,-419
-1008,-527
-900,-491
-932,-513
-916,-497
-896,-491
-900,-499
-852,-461
-860,-489
-928,-503
-896,-513
-940,-509
-960,-517
-968,-529
-1028,-547
-948,-497
-880,-437
-948,-501
-944,-495
-920,-489
-896,-479
-900,-471
-940,-487
-1000,-523
-844,-441
-840,-421
-796,-375
-808,-417
-840,-443
-804,-379
-812,-401
-784,-369
-856,-403
-756,-331
-808,-343
-764,-329
-716,-289
-708,-263
-780,-277
-832,-315
-820,-329
-796,-341
-872,-407
-892,-425
-876,-459
-896,-465
-872,-473
-788,-467
-812,-411
-848,-393
-808,-403
-908,-435
-780,-391
-792,-371
-800,-379
-924,-443
-884,-453
-944,-473
-916,-439
-852,-401
-828,-313
-856,-297
-848,-303
-808,-323
-836,-417
-868,-463
-852,-439
-840,-415
-840,-453
-888,-437
-896,-461
-768,-409
-852,-433
-872,-455
-860,-451
-936,-487
-968,-493
-936,-503
-888,-477
-872,-437
-764,-357
-696,-265
-748,-261
-720,-309
-800,-263
-792,-293
-868,-315
-832,-309
-784,-317
-852,-273
-804,-203
-800,-241
-792,-275
-860,-329
-844,-325
-844,-411
-880,-417
-856,-379
-848,-365
-872,-369
-880,-405
-828,-379
-872,-327
-784,-289
-880,-333
-876,-327
-812,-221
-672,-123
-720,-153
-728,-185
-780,-209
-740,-261
-784,-365
-776,-323
-768,-323
-780,-373
-796,-413
-824,-411
-876,-439
-872,-411
-952,-447
-932,-415
-892,-387
-852,-353
-780,-315
-828,-247
-848,-297
-728,-247
-732,-255
-856,-301
-768,-309
-744,-329
-816,-379
-860,-431
-952,-483
-896,-459
-880,-455
-880,-475
-1020,-547
-1020,-547
-1008,-555
-948,-525
-968,-543
-996,-551
-992,-535
-940,-465
-964,-461
-988,-501
-776,-381
-840,-425
-796,-421
-788,-395
-880,-437
-876,-423
-808,-355
-824,-331
-876,-427
-856,-441
-856,-453
-868,-477
-872,-445
-820,-409
-864,-431
-892,-447
-824,-409
-832,-359
-808,-331
-744,-309
-776,-307
-764,-317
-804,-319
-800,-327
-864,-381
-904,-407
-944,-471
-904,-447
-880,-481
-840,-449
-872,-473
-860,-467
-888,-481
-952,-501
-976,-491
-872,-487
-824,-415
-788,-299
-780,-241
-844,-179
-844,-135
-764,-85
-748,-41
-740,7
-712,-45
-680,39
-672,39
-736,7
-752,77
-680,49
-684,27
-748,15
-772,-31
-676,-65
-692,-47
-764,-101
-776,-123
-816,-133
-772,-81
-760,-85
-788,-89
-800,-25
-784,-35
-764,9
-748,-7
-744,95
-676,83
-776,135
-808,159
-768,157
-764,151
-732,143
-692,111
-664,87
-744,37
-760,-75
-752,-177
-740,-201
-724,-187
-792,-223
-828,-203
-720,-161
-732,-101
-744,-99
-804,-131
-728,-95
-680,-39
-768,-13
-752,-125
-780,-123
-748,-89
-728,-101
-668,-151
-772,-157
-788,-191
-712,-251
-772,-225
-804,-279
-856,-329
-804,-305
-788,-285
-852,-335
-876,-343
-872,-379
-868,-399
-936,-443
-936,-491
-964,-513
-860,-445
-876,-479
-880,-473
-880,-449
-852,-395
-792,-385
-852,-429
-856,-439
-956,-513
-876,-471
-928,-495
-844,-457
-884,-493
-916,-521
-1012,-553
-912,-517
-904,-487
-896,-473
-936,-465
-980,-525
-992,-525
-952,-517
-932,-501
-944,-485
-924,-503
-920,-493
-908,-495
-924,-499
-816,-455
-808,-401
-832,-427
-788,-389
-836,-455
-872,-467
-940,-485
-876,-437
-808,-379
-848,-409
-828,-425
-892,-453
-936,-505
-904,-479
-820,-429
-900,-479
-828,-457
-824,-453
-864,-475
-908,-491
-948,-523
-976,-553
-952,-537
-920,-507
-884,-493
-916,-477
-968,-521
-916,-503
-844,-421
-904,-451
-892,-429
-908,-371
-896,-383
-912,-389
-868,-387
-908,-409
-920,-455
-948,-459
-900,-407
-932,-425
-884,-467
-832,-435
-788,-413
-732,-327
-736,-309
-720,-267
-768,-267
-704,-255
-820,-319
-796,-311
-792,-345
-812,-373
-780,-357
-860,-393
-856,-355
-848,-337
-776,-311
-804,-277
-752,-241
-748,-233
-776,-195
-792,-219
-836,-155
-876,-261
-804,-249
-792,-275
-892,-303
-896,-309
-856,-357
-824,-303
-852,-261
-904,-299
-916,-305
-880,-319
-868,-337
-868,-311
-828,-311
-876,-347
-788,-345
-808,-385
-792,-387
-896,-421
-832,-381
-864,-373
-872,-391
-816,-391
-828,-437
-916,-421
-900,-415
-804,-381
-748,-387
-820,-445
-908,-485
-928,-513
-960,-523
-840,-463
-888,-473
-872,-443
-896,-453
-876,-435
-788,-347
-808,-325
-800,-351
-852,-325
-904,-329
-824,-329
-740,-303
-688,-251
-768,-249
-736,-293
-788,-347
-840,-389
-872,-415
-832,-383
-796,-345
-848,-437
-812,-411
-748,-361
-744,-365
-856,-407
-928,-407
-876,-405
-784,-427
-856,-449
-856,-457
-852,-457
-936,-487
-900,-479
-940,-489
-892,-493
-904,-495
-932,-477
-944,-481
-944,-459
-876,-451
-832,-403
-884,-449
-836,-399
-832,-405
-852,-395
-868,-429
-780,-391
-756,-399
-804,-417
-828,-403
-768,-369
-792,-389
-792,-413
-876,-463
-840,-441
-836,-465
-924,-493
-920,-487
-876,-439
-856,-453
-824,-421
-808,-393
-840,-387
-888,-411
-972,-433
-876,-395
-880,-437
-908,-473
-828,-443
-940,-489
-1020,-541
-976,-527
-928,-505
-840,-471
-924,-511
-848,-449
-860,-437
-860,-439
-876,-431
-872,-445
-868,-457
-912,-481
-936,-505
-928,-485
-848,-419
-880,-375
-808,-329
-816,-341
-764,-317
-788,-279
-816,-347
-868,-345
-836,-387
-808,-385
-900,-429
-820,-377
-816,-367
-752,-337
-820,-361
-800,-339
-844,-363
-904,-365
-976,-435
-880,-425
-816,-381
-756,-309
-784,-325
-824,-257
-780,-363
-872,-441
-924,-485
-844,-461
-868,-449
-852,-455
-864,-425
-816,-417
-844,-467
-860,-463
-852,-453
-972,-503
-968,-507
-996,-537
-1044,-565
-996,-537
-968,-517
-1032,-557
-912,-521
-936,-503
-864,-463
-844,-443
-920,-423
-872,-417
-872,-447
-916,-483
-936,-487
-952,-469
-952,-461
-868,-431
-900,-427
-964,-481
-1028,-535
-960,-511
-1032,-555
-1064,-561
-1000,-527
-940,-471
-960,-469
-888,-445
-840,-401
-792,-411
-792,-349
-776,-357
-768,-409
-760,-423
-836,-431
-848,-377
-820,-373
-840,-411
-840,-409
-884,-455
-824,-401
-848,-459
-920,-491
-924,-475
-872,-483
-900,-461
-940,-473
-864,-453
-848,-427
-808,-385
-784,-369
-808,-411
-784,-393
-856,-429
-820,-399
-808,-397
-752,-381
-852,-389
-752,-369
-784,-373
-780,-347
-784,-377
-804,-365
-872,-375
-792,-281
-772,-323
-784,-329
-736,-259
-760,-223
-716,-169
-800,-257
-796,-243
-780,-261
-748,-311
-796,-319
-856,-353
-832,-337
-852,-305
-804,-255
-748,-179
-820,-137
-744,-155
-748,-203
-752,-173
-812,-291
-784,-319
-780,-291
-744,-297
-768,-303
-804,-351
-852,-393
-868,-371
-820,-337
-868,-333
-876,-287
-844,-257
-780,-269
-804,-343
-784,-313
-836,-331
-832,-353
-776,-329
-856,-399
-864,-461
-864,-477
-908,-493
-856,-449
-880,-465
-896,-439
-920,-471
-920,-477
-912,-471
-904,-447
-920,-501
-940,-493
-844,-465
-928,-499
-880,-461
-892,-423
-840,-377
-952,-509
-932,-505
-956,-513
-912,-507
-904,-469
-920,-439
-876,-449
-908,-463
-932,-467
-896,-449
-832,-401
-820,-429
-824,-433
-868,-463
-796,-417
-804,-421
-836,-425
-876,-403
-884,-415
-912,-399
-860,-397
-828,-321
-920,-393
-868,-343
-828,-341
-812,-347
-752,-307
-820,-325
-812,-281
-832,-323
-816,-299
-804,-361
-800,-401
-740,-385
-740,-335
-784,-283
-796,-335
-692,-245
-680,-233
-768,-275
-772,-267
-860,-365
-840,-385
-792,-319
-892,-325
-880,-331
-808,-295
-844,-263
-832,-333
-812,-257
-924,-355
-908,-391
-956,-437
-896,-427
-904,-457
-896,-425
-868,-383
-864,-399
-776,-389
-852,-415
-792,-395
-852,-411
-896,-395
-852,-411
-796,-371
-840,-367
-840,-279
-816,-351
-864,-423
-884,-441
-848,-419
-868,-417
-900,-437
-868,-403
-828,-367
-848,-391
-796,-363
-832,-381
-900,-453
-832,-455
-872,-473
-848,-411
-864,-419
-772,-307
-864,-315
-844,-283
-896,-375
-856,-401
-900,-435
-808,-429
-744,-377
-820,-357
-856,-369
-796,-325
-728,-285
-764,-331
-768,-285
-832,-389
-824,-405
-888,-461
-908,-477
-952,-525
-948,-517
-904,-495
-944,-515
-984,-539
-1008,-533
-996,-523
-948,-511
-908,-499
-928,-463
-960,-505
-876,-429
-748,-327
-692,-289
-796,-321
-792,-297
-816,-287
-836,-313
-864,-323
-844,-355
-828,-363
-776,-357
-868,-381
-852,-421
-844,-387
-844,-409
-884,-441
-876,-411
-832,-443
-864,-395
-916,-411
-892,-403
-828,-427
-944,-463
-928,-445
-888,-471
-888,-499
-840,-415
-908,-507
-928,-501
-864,-445
-964,-523
-844,-469
-916,-493
-908,-457
-856,-455
-852,-439
-848,-445
-796,-341
-872,-417
-924,-449
-912,-467
-880,-417
-852,-427
-844,-451
-864,-433
-856,-385
-916,-431
-876,-419
-892,-433
-836,-383
-904,-389
-960,-449
-944,-461
-916,-495
-984,-537
-1024,-559
-1012,-559
-880,-493
-936,-515
-876,-483
-912,-483
-832,-421
-872,-409
-908,-463
-816,-435
-760,-355
-792,-345
-824,-381
-840,-397
-816,-419
-824,-401
-800,-395
-792,-365
-792,-371
-904,-473
-960,-513
-940,-521
-920,-513
-908,-485
-900,-499
-940,-515
-944,-511
-916,-507
-972,-519
-932,-481
-900,-469
-864,-463
-836,-393
-892,-419
-840,-427
-884,-429
-896,-435
-876,-417
-840,-375
-928,-377
-908,-383
-840,-351
-820,-285
-824,-277
-752,-293
-736,-305
-828,-379
-904,-395
-784,-369
-796,-369
-944,-445
-976,-443
-864,-455
-916,-485
-988,-523
-928,-501
-840,-459
-888,-461
-856,-401
-856,-417
-824,-369
-812,-407
-820,-397
-888,-409
-864,-345
-772,-321
-748,-369
-772,-411
-824,-429
-864,-465
-908,-481
-972,-517
-992,-523
-968,-519
-872,-439
-832,-423
-896,-467
-828,-449
-980,-531
-1020,-539
-928,-519
-920,-485
-920,-477
-928,-507
-948,-493
-932,-485
-852,-467
-972,-523
-876,-487
-972,-527
-940,-525
-916,-511
-864,-487
-860,-463
-880,-461
-944,-491
-940,-471
-868,-437
-900,-423
-872,-421
-904,-465
-840,-423
-736,-367
-836,-445
-932,-465
-972,-515
-956,-531
-960,-513
-796,-421
-868,-471
-932,-511
-920,-469
-876,-489
-940,-487
-932,-485
-988,-521
-1052,-553
-960,-523
-928,-513
-972,-533
-1000,-539
-996,-541
-1004,-535
-980,-529
-864,-489
-956,-535
-936,-515
-972,-533
-900,-489
-868,-479
-880,-441
-944,-483
-1000,-507
-940,-507
-996,-505
-892,-467
-880,-441
-940,-469
-908,-471
-920,-483
-944,-505
-924,-499
-852,-455
-892,-481
-932,-497
-948,-501
-872,-439
-916,-467
-872,-367
-804,-353
-804,-343
-828,-383
-832,-365
-900,-413
-848,-441
-724,-379
-724,-361
-840,-377
-900,-477
-892,-507
-848,-483
-876,-473
-844,-429
-836,-389
-832,-385
-912,-427
-880,-385
-868,-429
-820,-357
-808,-347
-848,-385
-832,-401
-876,-427
-872,-427
-908,-403
-892,-383
-856,-333
-916,-367
-812,-297
-868,-341
-840,-321
-776,-297
-868,-355
-868,-385
-808,-333
-876,-351
-812,-347
-856,-365
-844,-371
-864,-431
-860,-437
-960,-493
-952,-505
-932,-495
-872,-473
-928,-491
-992,-505
-944,-479
-920,-471
-928,-521
-1064,-573
-988,-521
-876,-483
-880,-483
-884,-473
-904,-497
-924,-511
-968,-527
-984,-533
-920,-503
-900,-475
-896,-503
-976,-521
-924,-481
-948,-505
-888,-455
-864,-457
-960,-477
-1000,-519
-988,-529
-972,-539
-984,-551
-916,-499
-860,-493
-844,-471
-916,-461
-956,-469
-872,-429
-852,-459
-972,-519
-968,-531
-892,-463
-896,-473
-996,-541
-968,-513
-956,-521
-940,-509
-880,-497
-940,-485
-980,-513
-980,-491
-848,-425
-868,-481
-996,-543
-992,-539
-1048,-565
-1032,-553
-928,-511
-868,-485
-904,-473
-992,-535
-1012,-545
-976,-537
-924,-497
-812,-427
-912,-501
-928,-511
-908,-501
-992,-547
-924,-509
-1036,-565
-952,-537
-1008,-539
-1008,-549
-992,-543
-992,-541
-928,-517
-908,-487
-980,-517
-884,-431
-892,-405
-868,-459
-916,-451
-856,-445
-868,-465
-912,-461
-864,-481
-828,-453
-836,-407
-820,-407
-832,-367
-828,-363
-780,-387
-692,-373
-644,-335
-788,-401
-920,-483
-1016,-523
-988,-541
-888,-483
-948,-503
-840,-455
-908,-501
-912,-487
-920,-495
-928,-483
-928,-497
-896,-475
-884,-473
-804,-399
-808,-397
-828,-343
-800,-349
-812,-387
-740,-351
-804,-371
-788,-347
-800,-327
-836,-339
-908,-369
-804,-369
-800,-341
-888,-399
-880,-407
-920,-417
-920,-435
-1072,-507
-964,-455
-1020,-509
-980,-481
-880,-429
-872,-437
-820,-425
-940,-503
-908,-489
-900,-505
-876,-453
-916,-487
-932,-521
-940,-519
-996,-549
-868,-475
-928,-493
-916,-485
-920,-463
-852,-461
-888,-435
-816,-341
-776,-317
-856,-359
-848,-353
-936,-389
-908,-409
-820,-343
-844,-385
-880,-439
-884,-463
-848,-427
-856,-371
-944,-465
-928,-463
-964,-463
-852,-421
-884,-469
-888,-473
-876,-467
-936,-503
-980,-515
-916,-491
-864,-483
-908,-471
-864,-441
-860,-461
-884,-435
-936,-477
-868,-467
-912,-497
-900,-469
-940,-483
-876,-425
-844,-427
-920,-469
-960,-517
-888,-485
-828,-445
-908,-487
-1008,-535
-976,-525
-892,-461
-948,-505
-872,-487
-856,-461
-876,-447
-900,-415
-908,-395
-836,-361
-792,-371
-812,-359
-784,-343
-784,-343
-892,-405
-824,-377
-896,-425
-892,-435
-864,-403
-912,-449
-852,-415
-820,-377
-876,-405
-836,-381
-824,-377
-784,-301
-732,-211
-840,-243
-856,-281
-800,-221
-708,-117
-716,-117
-780,-129
-832,-77
-760,-119
-716,-105
-732,-77
-724,-51
-776,-185
-748,-147
-732,-137
-824,-199
-864,-265
-792,-205
-832,-151
-784,-121
-776,-83
-792,-45
-792,-81
-760,-103
-764,-47
-780,-117
-788,-123
-748,-79
-816,-25
-740,27
-748,63
-764,85
-784,113
-776,95
-764,39
-792,29
-740,7
-732,55
-772,75
-732,97
-724,81
-736,63
-780,43
-760,41
-788,29
-808,65
-788,137
-840,147
-812,181
-752,185
-792,121
-740,133
-728,123
-792,107
-744,81
-692,15
-736,-13
-804,-33
-756,-37
-736,-7
-732,55
-832,55
-856,65
-784,25
-720,-59
-784,-105
-816,-181
-844,-199
-840,-169
-852,-211
-788,-251
-748,-227
-772,-179
-796,-167
-840,-247
-808,-131
-800,-93
-824,-59
-832,-53
-848,-27
-820,-99
-800,-113
-716,-161
-712,-199
-768,-141
-716,-151
-760,-109
-712,-207
-760,-187
-740,-153
-828,-159
-796,-191
-816,-155
-836,-111
-784,-73
-812,1
-760,23
-848,65
-868,99
-900,73
-896,103
-872,109
-844,189
-848,185
-840,199
-884,231
-860,239
-840,255
-796,265
-816,321
-872,401
-876,431
-836,411
-868,391
-768,289
-728,261
-784,295
-784,277
-724,259
-852,257
-868,263
-800,241
-828,235
-728,269
-720,271
-692,257
-740,257
-744,221
-772,217
-764,267
-840,275
-836,337
-844,367
-820,387
-848,387
-828,403
-972,505
-1040,537
-972,519
-1000,517
-936,479
-944,491
-848,407
-904,459
-936,473
-864,477
-908,477
-884,463
-932,501
-916,511
-944,495
-796,401
-748,403
-920,503
-872,467
-908,475
-900,497
-936,509
-1008,547
-1008,555
-924,509
-920,513
-948,537
-968,541
-956,527
-948,507
-1004,557
-1020,547
-916,517
-876,481
-852,443
-848,459
-904,465
-892,459
-908,499
-872,467
-972,509
-920,503
-960,523
-984,527
-964,523
-868,485
-912,515
-928,493
-892,463
-960,489
-956,511
-984,539
-928,477
-900,469
-824,409
-772,385
-816,397
-888,453
-908,469
-964,463
-944,481
-1012,513
-912,483
-896,479
-780,417
-880,461
-876,475
-924,521
-976,535
-972,537
-1020,551
-932,517
-952,521
-948,517
-988,529
-1052,563
-1004,545
-948,513
-988,541
-1008,549
-952,501
-972,519
-900,495
-960,501
-992,537
-1008,549
-952,513
-928,475
-952,499
-948,499
-908,473
-876,455
-864,449
-896,447
-860,429
-816,419
-836,439
-928,485
-884,449
-900,459
-952,523
-996,537
-940,521
-964,533
-988,529
-876,471
-940,481
-908,471
-932,461
-840,429
-836,465
-932,525
-1008,553
-912,515
-912,527
-928,491
-964,483
-912,487
-948,493
-956,505
-908,477
-812,389
-832,407
-836,429
-836,429
-824,405
-820,387
-824,409
-904,485
-936,509
-924,521
-960,521
-1020,541
-1000,553
-948,531
-888,487
-944,499
-968,509
-896,475
-888,447
-848,451
-884,465
-912,481
-988,527
-996,529
-972,511
-960,523
-884,473
-908,487
-908,487
-788,455
-884,479
-776,373
-780,357
-784,343
-744,303
-820,357
-768,339
-760,331
-744,371
-828,409
-908,433
-908,461
-804,413
-856,419
-852,371
-824,353
-852,339
-860,311
-876,365
-900,383
-832,343
-896,327
-888,345
-896,353
-888,307
-848,327
-908,349
-884,305
-880,331
-868,313
-796,335
-772,283
-740,287
-840,295
-868,361
-876,421
-880,425
-852,395
-876,393
-788,399
-816,373
-776,341
-764,329
-856,407
-900,445
-900,431
-900,461
-920,437
-856,391
-816,347
-828,355
-880,367
-840,351
-816,293
-808,283
-848,311
-812,323
-800,339
-816,381
-824,385
-868,423
-920,445
-900,445
-836,405
-820,439
-888,457
-1020,541
-1016,535
-1028,537
-928,487
-860,465
-984,509
-940,505
-868,433
-852,411
-780,399
-804,419
-860,461
-756,391
-820,425
-840,465
-900,499
-976,495
-944,487
-952,483
-844,421
-708,305
-700,303
-804,345
-836,385
-788,319
-768,275
-780,359
-828,443
-956,471
-832,385
-804,365
-800,321
-844,327
-836,323
-808,287
-812,345
-784,303
-796,307
-812,321
-816,321
-768,355
-844,343
-836,361
-896,379
-864,373
-740,319
-844,335
-880,383
-876,345
-908,345
-884,329
-860,287
-804,313
-696,219
-648,255
-728,297
-704,293
-744,337
-764,365
-836,431
-828,423
-832,443
-852,471
-860,459
-880,461
-900,475
-900,487
-856,471
-924,483
-1000,539
-1004,533
-976,525
-1000,527
-972,507
-908,495
-920,517
-976,539
-964,525
-908,491
-968,495
-904,483
-916,491
-932,503
-992,533
-972,531
-976,523
-936,509
-936,507
-880,495
-916,509
-948,531
-944,509
-892,481
-956,493
-948,499
-880,467
-948,497
-888,481
-984,527
-924,491
-1000,541
-972,533
-984,531
-868,461
-932,501
-932,493
-816,411
-828,397
-776,419
-868,451
-832,433
-864,415
-848,401
-820,429
-824,467
-952,525
-864,501
-960,537
-884,477
-876,447
-752,355
-772,319
-736,249
-772,237
-776,301
-800,311
-804,327
-780,351
-880,407
-804,379
-788,297
-820,353
-768,327
-804,331
-756,295
-840,321
-836,339
-808,335
-792,279
-800,229
-784,197
-788,179
-724,93
-704,113
-756,167
-736,173
-672,61
-640,39
-652,93
-728,69
-740,57
-716,25
-804,55
-768,45
-724,57
-728,57
-756,27
-748,31
-760,15
-732,87
-704,131
-700,87
-724,73
-776,81
-748,65
-760,43
-728,9
-704,1
-772,13
-828,35
-816,29
-812,31
-776,55
-772,-5
-708,-29
-708,-89
-764,-129
-804,-89
-780,-51
-736,-31
-764,35
-704,35
-744,41
-776,37
-800,-17
-728,-29
-688,-119
-760,-97
-792,-175
-772,-139
-804,-165
-820,-151
-780,-169
-808,-199
-764,-147
-852,-179
-876,-199
-816,-183
-832,-123
-756,-159
-760,-183
-768,-193
-780,-161
-812,-179
-820,-257
-752,-139
-720,-137
-756,-109
-788,-137
-844,-193
-760,-167
-792,-169
-808,-193
-840,-193
-860,-305
-812,-319
-832,-371
-856,-339
-900,-349
-864,-341
-828,-319
-804,-335
-860,-387
-924,-411
-884,-323
-844,-283
-796,-257
-764,-325
-828,-379
-820,-363
-848,-359
-848,-391
-768,-365
-856,-399
-852,-397
-800,-339
-836,-355
-876,-399
-908,-437
-832,-447
-820,-453
-784,-421
-804,-431
-908,-491
-1028,-553
-1084,-555
-1032,-541
-1008,-543
-960,-539
-932,-529
-960,-525
-964,-513
-968,-515
-968,-503
-936,-519
-872,-485
-936,-499
-872,-473
-864,-467
-852,-443
-956,-515
-952,-503
-992,-529
-924,-501
-872,-467
-836,-477
-892,-483
-960,-509
-996,-501
-892,-473
-948,-485
-888,-461
-852,-425
-928,-479
-808,-405
-756,-321
-800,-265
-816,-227
-772,-187
-740,-159
-800,-159
-752,-139
-760,-95
-728,-89
-748,-61
-812,-49
-860,-57
-848,-73
-764,-51
-800,-137
-744,-81
-784,-113
-748,-125
-744,-207
-740,-163
-788,-141
-780,-139
-748,-195
-736,-239
-800,-319
-720,-259
-768,-201
-816,-247
-804,-275
-832,-367
-908,-441
-868,-451
-880,-449
-832,-419
-848,-421
-896,-487
-944,-517
-1020,-553
-1032,-559
-912,-503
-912,-509
-940,-501
-900,-501
-964,-531
-984,-531
-944,-515
-1008,-545
-968,-491
-892,-417
-840,-385
-788,-363
-840,-397
-812,-393
-844,-441
-924,-475
-1000,-511
-1000,-529
-892,-481
-936,-511
-900,-455
-876,-415
-820,-367
-860,-393
-848,-391
-880,-403
-872,-377
-884,-381
-868,-367
-896,-371
-904,-411
-876,-367
-848,-357
-876,-409
-892,-357
-836,-353
-844,-349
-904,-383
-896,-349
-908,-315
-880,-315
-912,-353
-840,-223
-832,-221
-868,-223
-792,-243
-792,-247
-848,-267
-776,-221
-848,-227
-788,-257
-820,-247
-764,-247
-884,-363
-860,-393
-884,-451
-836,-373
-856,-347
-864,-411
-892,-399
-904,-369
-852,-345
-820,-299
-772,-305
-764,-275
-792,-293
-764,-331
-736,-283
-744,-327
-768,-303
-836,-297
-848,-269
-800,-273
-808,-267
-840,-337
-872,-393
-972,-515
-1000,-533
-896,-483
-936,-471
-884,-485
-1000,-533
-968,-521
-1004,-549
-1032,-563
-1068,-577
-960,-511
-1024,-535
-1004,-543
-900,-505
-908,-491
-964,-493
-948,-499
-988,-543
-864,-501
-928,-497
-940,-505
-924,-485
-892,-465
-844,-473
-920,-499
-944,-507
-916,-511
-892,-481
-872,-457
-832,-437
-820,-425
-860,-397
-860,-413
-960,-479
-900,-463
-940,-495
-940,-499
-928,-491
-920,-509
-816,-457
-908,-465
-812,-391
-860,-431
-820,-383
-836,-389
-864,-415
-900,-449
-948,-479
-892,-479
-880,-473
-952,-497
-864,-447
-816,-451
-892,-477
-848,-477
-920,-495
-844,-453
-884,-459
-840,-451
-816,-431
-836,-443
-864,-445
-828,-435
-992,-513
-940,-499
-916,-491
-948,-499
-864,-463
-888,-487
-956,-521
-872,-495
-864,-475
-800,-447
-880,-477
-900,-481
-892,-477
-840,-445
-864,-453
-764,-379
-796,-371
-912,-471
-876,-469
-844,-421
-884,-443
-888,-471
-876,-457
-884,-475
-780,-427
-932,-485
-964,-517
-1016,-543
-960,-525
-992,-533
-984,-525
-960,-491
-908,-435
-892,-445
-904,-439
-880,-489
-852,-451
-872,-465
-724,-355
-776,-343
-820,-371
-828,-407
-944,-483
-824,-407
-856,-453
-884,-455
-852,-449
-844,-371
-860,-387
-864,-421
-812,-413
-836,-417
-860,-411
-824,-435
-900,-483
-800,-429
-896,-499
-872,-481
-912,-435
-864,-427
-864,-409
-936,-449
-932,-457
-948,-445
-920,-447
-840,-415
-840,-369
-868,-379
-812,-335
-836,-367
-820,-317
-844,-277
-788,-293
-792,-319
-856,-299
-856,-291
-796,-307
-824,-265
-772,-241
-816,-249
-820,-301
-788,-327
-752,-311
-824,-387
-880,-393
-836,-363
-812,-313
-776,-305
-768,-325
-780,-347
-768,-363
-868,-425
-868,-401
-748,-365
-864,-443
-800,-385
-812,-407
-820,-357
-744,-273
-836,-397
-824,-411
-884,-461
-932,-473
-964,-531
-992,-551
-1032,-563
-984,-535
-964,-525
-912,-463
-848,-425
-752,-351
-748,-341
-832,-365
-792,-361
-792,-385
-800,-381
-796,-379
-820,-383
-964,-473
-864,-437
-772,-379
-892,-469
-908,-507
-1012,-549
-988,-545
-884,-505
-932,-509
-928,-501
-884,-477
-884,-453
-932,-511
-1004,-543
-948,-533
-964,-515
-892,-471
-892,-453
-896,-443
-968,-489
-1040,-535
-1048,-545
-884,-485
-896,-503
-864,-485
-948,-491
-884,-459
-872,-447
-884,-449
-792,-441
-804,-443
-832,-469
-872,-491
-944,-519
-956,-517
-956,-521
-1012,-523
-1052,-543
-1052,-549
-932,-487
-908,-429
-884,-443
-940,-445
-952,-439
-884,-411
-880,-341
-780,-303
-764,-335
-820,-419
-844,-465
-860,-473
-892,-459
-928,-497
-944,-527
-1000,-541
-900,-497
-820,-443
-904,-455
-936,-435
-888,-399
-828,-381
-800,-425
-852,-435
-880,-411
-808,-393
-840,-383
-796,-313
-864,-375
-904,-399
-932,-439
-892,-471
-884,-487
-912,-515
-968,-541
-952,-503
-968,-509
-976,-515
-1000,-547
-1000,-517
-956,-517
-884,-465
-892,-475
-928,-483
-880,-455
-896,-477
-912,-451
-884,-451
-892,-459
-912,-457
-848,-431
-876,-451
-856,-417
-728,-337
-724,-255
-756,-251
-740,-295
-780,-353
-836,-357
-844,-329
-784,-351
-820,-373
-948,-449
-848,-427
-932,-471
-880,-479
-912,-483
-916,-479
-936,-473
-940,-497
-896,-505
-940,-499
-964,-515
-984,-521
-1004,-535
-980,-525
-1012,-543
-976,-525
-928,-477
-948,-503
-1012,-525
-956,-509
-936,-495
-936,-475
-928,-479
-872,-465
-840,-461
-916,-487
-956,-509
-844,-469
-828,-439
-1004,-545
-968,-507
-920,-499
-940,-503
-924,-509
-972,-533
-884,-497
-964,-515
-968,-515
-984,-535
-1032,-553
-980,-543
-968,-541
-972,-531
-960,-499
-892,-495
-956,-513
-900,-503
-944,-517
-952,-515
-964,-529
-960,-521
-956,-515
-936,-507
-872,-455
-928,-485
-916,-477
-872,-477
-912,-509
-844,-431
-924,-463
-872,-431
-880,-413
-768,-365
-796,-381
-840,-381
-836,-359
-820,-353
-740,-315
-780,-361
-796,-335
-780,-319
-896,-437
-924,-475
-828,-451
-832,-405
-884,-433
-880,-439
-804,-419
-916,-455
-916,-471
-868,-429
-892,-465
-956,-483
-864,-433
-908,-417
-928,-445
-948,-461
-908,-493
-896,-439
-948,-457
-928,-463
-880,-425
-916,-449
-900,-463
-924,-497
-944,-505
-980,-527
-944,-489
-836,-451
-936,-513
-916,-495
-920,-481
-880,-483
-856,-417
-852,-399
-888,-457
-896,-503
-932,-511
-960,-499
-964,-513
-944,-507
-1020,-553
-956,-499
-984,-513
-840,-455
-812,-413
-792,-373
-864,-357
-832,-383
-904,-423
-920,-419
-828,-405
-872,-457
-872,-445
-896,-477
-912,-487
-828,-443
-796,-363
-820,-375
-776,-345
-844,-377
-844,-353
-836,-387
-800,-377
-824,-349
-816,-335
-756,-255
-752,-239
-820,-219
-792,-233
-788,-247
-752,-197
-748,-159
-792,-171
-760,-179
-724,-197
-732,-255
-724,-185
-780,-241
-840,-267
-852,-287
-820,-331
-852,-295
-860,-363
-872,-383
-860,-411
-856,-451
-956,-471
-980,-481
-956,-465
-908,-471
-888,-455
-908,-475
-824,-427
-924,-507
-948,-493
-888,-469
-888,-463
-932,-483
-876,-451
-888,-461
-868,-469
-924,-459
-916,-519
-936,-525
-976,-529
-1016,-549
-976,-517
-992,-533
-992,-545
-980,-539
-960,-505
-948,-497
-1012,-517
-932,-495
-920,-477
-956,-513
-996,-519
-936,-497
-916,-511
-924,-503
-880,-459
-912,-485
-872,-447
-888,-451
-920,-465
-932,-483
-944,-513
-968,-497
-944,-485
-920,-459
-924,-479
-856,-461
-852,-491
-908,-477
-932,-505
-952,-517
-948,-513
-996,-501
-900,-483
-1004,-521
-916,-483
-880,-447
-868,-433
-776,-341
-812,-377
-796,-375
-824,-409
-840,-425
-924,-493
-904,-461
-856,-439
-856,-455
-916,-489
-916,-517
-920,-503
-908,-479
-904,-463
-928,-439
-924,-463
-900,-445
-936,-453
-928,-439
-896,-437
-864,-417
-876,-453
-892,-437
-844,-419
-796,-393
-804,-395
-812,-399
-832,-387
-820,-399
-860,-413
-796,-303
-908,-399
-872,-335
-856,-289
-768,-283
-784,-331
-868,-399
-820,-377
-740,-311
-796,-265
-760,-305
-856,-319
-960,-373
-864,-311
-916,-393
-908,-427
-924,-409
-940,-463
-832,-383
-860,-383
-876,-401
-824,-341
-800,-323
-840,-309
-776,-285
-808,-335
-748,-303
-812,-335
-736,-327
-800,-345
-796,-399
-816,-371
-736,-311
-744,-275
-752,-331
-840,-345
-852,-385
-848,-363
-792,-317
-824,-341
-852,-347
-860,-403
-896,-453
-1000,-507
-952,-523
-892,-491
-944,-505
-968,-509
-836,-413
-856,-465
-988,-525
-960,-535
-952,-523
-960,-503
-956,-519
-952,-513
-932,-501
-876,-431
-868,-409
-848,-401
-852,-385
-876,-427
-844,-419
-828,-419
-884,-439
-980,-489
-996,-507
-1040,-553
-1052,-563
-988,-537
-1000,-545
-932,-507
-968,-529
-952,-503
-1028,-531
-916,-479
-928,-507
-872,-467
-968,-521
-968,-511
-968,-495
-936,-473
-872,-405
-824,-343
-760,-197
-712,-117
-664,-153
-712,-123
-752,-99
-764,-71
-768,7
-836,-17
-856,-13
-900,-11
-832,-19
-764,-109
-716,-25
-716,-19
-760,-69
-784,-3
-768,-39
-776,-39
-752,7
-792,51
-700,-3
-772,45
-740,51
-756,57
-796,55
-820,29
-820,23
-888,55
-852,71
-792,35
-760,-53
-772,-105
-752,-51
-724,-51
-780,51
-832,157
-836,89
-772,59
-748,49
-708,13
-704,33
-780,39
-776,77
-752,107
-764,55
-724,65
-712,51
-692,25
-780,65
-768,25
-780,33
-768,71
-812,137
-852,179
-840,209
-792,231
-764,277
-804,325
-812,399
-852,363
-792,325
-840,325
-892,363
-876,353
-848,367
-888,343
-756,281
-708,281
-860,317
-816,291
-808,219
-780,165
-868,139
-880,119
-876,95
-848,151
-776,105
-804,143
-860,161
-808,183
-784,179
-716,175
-752,189
-712,161
-788,335
-828,355
-820,325
-768,297
-688,197
-780,263
-752,295
-828,357
-888,403
-832,393
-800,373
-868,385
-928,419
-952,459
-856,413
-900,423
-840,423
-844,425
-924,437
-948,479
-964,523
-932,497
-928,491
-880,461
-864,447
-884,487
-948,513
-908,479
-888,483
-916,495
-896,505
-932,503
-904,491
-920,511
-1028,551
-976,521
-944,497
-928,517
-868,491
-824,437
-940,499
-924,497
-964,525
-928,511
-964,539
-948,507
-848,457
-964,525
-892,457
-904,459
-836,435
-932,483
-948,497
-884,473
-988,519
-876,489
-972,519
-976,531
-1028,517
-964,513
-892,461
-864,473
-908,491
-980,523
-904,487
-864,455
-796,409
-816,441
-920,471
-868,419
-872,397
-876,397
-880,357
-840,349
-820,343
-852,383
-868,337
-836,353
-752,349
-768,357
-884,441
-944,457
-960,505
-944,511
-784,427
-860,419
-856,421
-852,411
-860,463
-1016,539
-1032,547
-1012,527
-972,505
-880,429
-860,455
-980,531
-996,541
-1020,553
-1028,537
-1020,539
-1016,551
-972,529
-1008,533
-948,511
-956,525
-932,495
-948,523
-1048,553
-960,517
-912,501
-904,473
-944,485
-908,477
-904,481
-956,507
-892,475
-840,425
-804,419
-876,437
-912,459
-912,481
-984,517
-948,507
-908,499
-904,501
-940,513
-848,443
-960,501
-920,497
-936,485
-996,543
-912,511
-928,503
-872,493
-944,509
-940,507
-980,509
-996,499
-860,431
-852,339
-884,385
-908,411
-836,401
-820,435
-752,395
-720,355
-732,325
-812,365
-780,339
-876,397
-852,391
-840,411
-868,409
-828,357
-892,421
-836,419
-812,389
-744,325
-812,361
-872,367
-896,393
-936,411
-872,413
-888,443
-840,413
-904,479
-944,511
-872,475
-840,455
-868,477
-788,461
-916,515
-996,549
-980,535
-984,539
-944,511
-984,507
-860,505
-892,495
-980,523
-956,523
-840,435
-852,413
-936,429
-868,455
-872,471
-900,431
-896,441
-924,501
-892,437
-728,339
-804,421
-864,455
-972,483
-844,427
-704,323
-836,387
-788,375
-872,395
-824,415
-800,413
-772,361
-796,381
-780,361
-792,427
-936,489
-960,495
-1008,525
-952,489
-924,483
-952,519
-936,501
-1004,555
-1036,551
-948,507
-944,511
-840,443
-852,487
-940,523
-948,503
-936,487
-1004,499
-944,499
-908,491
-928,505
-840,463
-820,429
-844,407
-856,385
-856,299
-840,175
-808,179
-780,163
-756,173
-712,109
-716,73
-736,63
-724,43
-680,33
-716,81
-784,99
-832,211
-768,189
-800,191
-764,285
-808,315
-900,373
-856,389
-876,393
-868,431
-892,427
-852,421
-824,417
-928,477
-776,351
-816,359
-836,343
-824,331
-844,347
-816,321
-796,327
-872,347
-792,359
-832,305
-792,327
-876,385
-832,373
-900,361
-808,339
-888,431
-900,483
-868,469
-876,493
-900,467
-932,487
-884,451
-912,461
-808,407
-936,479
-832,441
-860,457
-952,493
-1012,537
-1004,551
-932,527
-984,551
-1024,551
-900,493
-836,449
-868,459
-816,431
-844,429
-900,453
-928,481
-968,509
-916,483
-936,479
-916,511
-976,529
-884,495
-984,527
-980,527
-988,531
-996,537
-1056,569
-920,515
-980,519
-972,503
-928,481
-948,523
-924,511
-984,537
-980,537
-992,529
-1044,557
-944,507
-904,509
-888,461
-884,439
-912,481
-908,499
-920,509
-928,523
-984,545
-956,523
-980,539
-992,531
-1008,547
-972,537
-1016,551
-1016,547
-928,519
-960,523
-932,507
-912,479
-856,457
-912,453
-812,405
-784,389
-772,375
-716,361
-808,373
-860,437
-828,413
-840,397
-788,387
-860,399
-884,369
-880,377
-864,407
-872,447
-856,477
-1064,569
-1020,547
-984,527
-1036,513
-988,515
-868,451
-860,453
-832,457
-924,501
-956,509
-948,495
-948,503
-908,469
-952,441
-892,379
-892,359
-856,345
-784,321
-872,317
-892,329
-924,325
-772,305
-784,329
-820,365
-728,309
-732,349
-824,403
-788,357
-844,397
-804,415
-656,317
-776,339
-880,383
-784,351
-816,367
-824,351
-896,361
-764,293
-792,257
-776,225
-760,143
-864,139
-836,187
-800,191
-832,137
-772,173
-804,245
-812,231
-820,237
-764,167
-728,113
-708,133
-732,103
-792,75
-736,37
-788,-55
-736,-37
-776,-53
-836,-101
-824,-151
-804,-75
-764,-57
-764,63
-740,85
-768,35
-800,67
-796,37
-748,53
-756,29
-836,7
-788,-9
-840,-61
-844,-61
-876,-241
-860,-191
-844,-241
-904,-227
-796,-263
-816,-313
-868,-297
-780,-269
-836,-377
-792,-345
-880,-435
-892,-441
-828,-353
-872,-409
-916,-465
-872,-405
-924,-421
-852,-397
-892,-467
-812,-429
-808,-453
-892,-473
-908,-483
-884,-471
-936,-517
-956,-525
-864,-483
-908,-497
-868,-465
-900,-441
-908,-427
-932,-405
-912,-417
-836,-415
-896,-483
-892,-487
-940,-519
-940,-495
-888,-489
-880,-457
-776,-397
-820,-409
-912,-457
-952,-489
-896,-487
-896,-495
-888,-467
-864,-359
-764,-333
-824,-289
-784,-261
-784,-277
-740,-385
-816,-411
-836,-393
-892,-423
-868,-369
-832,-387
-916,-407
-904,-497
-864,-493
-940,-511
-896,-459
-936,-455
-976,-513
-960,-513
-1008,-537
-968,-527
-1000,-539
-1060,-557
-1052,-553
-1004,-543
-980,-519
-904,-449
-876,-393
-792,-393
-760,-347
-724,-301
-772,-295
-868,-399
-884,-417
-848,-429
-872,-373
-872,-417
-940,-477
-904,-473
-908,-495
-908,-519
-880,-485
-868,-453
-844,-457
-960,-515
-928,-511
-908,-515
-980,-535
-900,-499
-952,-523
-924,-515
-948,-523
-940,-515
-940,-519
-964,-533
-1016,-549
-980,-537
-992,-525
-1040,-553
-960,-529
-972,-535
-992,-545
-1004,-535
-992,-535
-932,-501
-972,-521
-936,-497
-868,-451
-872,-425
-892,-453
-920,-491
-900,-497
-944,-503
-876,-443
-892,-455
-908,-471
-880,-447
-1008,-533
-920,-477
-940,-451
-888,-443
-816,-397
-872,-419
-912,-429
-812,-391
-768,-359
-844,-337
-816,-341
-856,-347
-904,-363
-824,-251
-824,-201
-808,-221
-796,-155
-768,-81
-760,-51
-816,-87
-844,-129
-752,-133
-704,-57
-752,-79
-712,-27
-708,-31
-724,-73
-704,-43
-768,-75
-752,-173
-776,-165
-728,-119
-760,-215
-804,-287
-728,-271
-728,-253
-708,-243
-796,-257
-812,-265
-844,-249
-852,-235
-836,-255
-860,-331
-808,-341
-736,-319
-856,-431
-892,-455
-916,-465
-916,-455
-928,-445
-928,-439
-828,-393
-808,-379
-820,-379
-888,-391
-884,-367
-880,-385
-920,-405
-928,-405
-908,-403
-868,-345
-868,-375
-860,-439
-908,-413
-824,-377
-812,-347
-888,-371
-828,-361
-820,-359
-720,-343
-724,-343
-788,-349
-840,-421
-896,-409
-904,-405
-864,-393
-772,-387
-832,-375
-816,-397
-740,-373
-824,-393
-900,-431
-984,-475
-904,-455
-900,-473
-900,-441
-960,-479
-952,-513
-844,-485
-908,-475
-932,-489
-960,-499
-940,-481
-872,-471
-896,-469
-1000,-531
-928,-509
-912,-483
-808,-431
-860,-445
-860,-449
-904,-463
-992,-537
-972,-537
-1024,-559
-1004,-555
-964,-535
-880,-461
-936,-485
-924,-479
-896,-497
-896,-489
-860,-439
-808,-427
-836,-425
-796,-425
-840,-447
-896,-461
-820,-413
-852,-415
-828,-415
-852,-469
-848,-445
-872,-411
-768,-429
-784,-435
-784,-409
-856,-469
-936,-523
-952,-529
-920,-509
-1008,-543
-904,-487
-876,-481
-916,-505
-864,-465
-820,-413
-932,-473
-880,-465
-908,-493
-880,-485
-856,-461
-852,-455
-904,-485
-952,-503
-896,-477
-988,-509
-972,-527
-920,-511
-988,-535
-924,-523
-924,-513
-920,-505
-844,-463
-816,-473
-892,-503
-980,-531
-1020,-555
-1052,-551
-884,-483
-908,-481
-956,-481
-820,-433
-980,-531
-900,-503
-864,-483
-972,-537
-888,-517
-936,-511
-908,-503
-968,-531
-992,-553
-1000,-543
-964,-499
-936,-497
-928,-501
-1000,-549
-972,-527
-948,-521
-980,-527
-940,-491
-920,-479
-868,-423
-836,-399
-796,-359
-816,-313
-728,-279
-776,-273
-816,-307
-816,-371
-828,-401
-888,-439
-912,-437
-964,-471
-956,-479
-944,-465
-940,-449
-872,-377
-900,-379
-892,-387
-880,-393
-816,-325
-736,-303
-800,-297
-808,-337
-872,-403
-880,-403
-844,-383
-860,-375
-804,-371
-812,-351
-808,-327
-764,-301
-672,-277
-792,-309
-776,-305
-840,-381
-892,-393
-920,-465
-868,-455
-872,-433
-808,-403
-888,-443
-792,-389
-908,-445
-908,-465
-928,-479
-944,-503
-900,-481
-852,-419
-788,-381
-756,-387
-792,-379
-880,-429
-888,-443
-916,-445
-844,-373
-788,-335
-824,-321
-768,-323
-828,-333
-800,-329
-732,-295
-792,-309
-816,-273
-776,-257
-740,-179
-740,-111
-760,-119
-852,-123
-744,-79
-776,15
-816,53
-788,93
-764,95
-764,51
-764,33
-760,45
-724,83
-788,139
-816,65
-776,33
-772,89
-652,33
-652,57
-672,25
-608,31
-648,83
-756,171
-784,207
-692,109
-724,113
-688,113
-788,117
-796,53
-800,65
-792,57
-788,9
-800,-1
-764,41
-812,-9
-856,-29
-728,23
-756,25
-852,-27
-792,3
-756,-31
-712,-73
-740,-89
-748,-29
-820,-53
-808,-71
-776,-75
-764,-91
-752,-117
-804,-23
-784,-7
-816,-37
-804,-65
-752,-67
-812,-65
-788,-115
-792,-153
-748,-111
-768,-83
-664,-85
-676,-51
-768,-173
-796,-195
-820,-217
-840,-281
-872,-241
-904,-309
-800,-273
-836,-247
-812,-269
-812,-281
-808,-223
-820,-203
-856,-177
-836,-223
-792,-235
-760,-247
-740,-309
-832,-355
-880,-339
-824,-375
-712,-313
-796,-321
-792,-337
-804,-315
-904,-349
-876,-367
-920,-475
-936,-503
-972,-521
-912,-511
-984,-545
-988,-543
-944,-531
-968,-521
-1000,-531
-940,-517
-1024,-545
-916,-497
-944,-513
-960,-513
-884,-459
-976,-515
-916,-503
-912,-467
-836,-449
-832,-431
-960,-509
-956,-521
-1008,-543
-928,-515
-820,-443
-864,-431
-932,-497
-900,-469
-868,-435
-888,-471
-868,-405
-868,-423
-840,-401
-932,-467
-840,-437
-964,-493
-896,-477
-864,-479
-928,-485
-956,-523
-1072,-569
-1016,-539
-884,-465
-864,-471
-908,-491
-1032,-555
-988,-531
-944,-501
-976,-517
-944,-493
-948,-517
-924,-505
-932,-485
-992,-529
-936,-501
-868,-475
-868,-439
-936,-525
-980,-535
-1048,-569
-924,-455
-848,-433
-804,-395
-804,-359
-844,-429
-880,-445
-916,-499
-880,-499
-956,-535
-944,-503
-952,-495
-924,-479
-916,-457
-884,-457
-852,-435
-824,-449
-864,-469
-840,-453
-820,-423
-784,-421
-832,-383
-836,-395
-908,-467
-900,-473
-892,-475
-872,-469
-916,-483
-812,-431
-792,-407
-816,-403
-796,-377
-808,-355
-784,-361
-804,-367
-816,-325
-852,-303
-868,-351
-840,-305
-828,-289
-860,-303
-820,-289
-760,-247
-756,-229
-768,-211
-724,-285
-784,-377
-820,-393
-772,-387
-836,-445
-892,-429
-780,-389
-792,-401
-856,-459
-868,-487
-940,-525
-892,-457
-920,-489
-892,-505
-1004,-545
-984,-539
-952,-517
-984,-535
-932,-523
-924,-465
-892,-487
-940,-445
-892,-437
-864,-437
-868,-419
-920,-459
-852,-411
-776,-387
-812,-401
-812,-419
-752,-349
-720,-297
-732,-193
-804,-99
-820,-23
-848,67
-892,111
-828,71
-824,83
-824,83
-776,113
-780,115
-692,143
-760,119
-716,105
-780,161
-772,161
-884,297
-844,269
-792,283
-816,315
-776,319
-892,391
-904,401
-852,349
-760,321
-744,293
-776,355
-812,389
-900,467
-972,493
-972,517
-920,515
-956,511
-940,521
-984,513
-984,521
-948,499
-948,485
-936,467
-988,463
-968,449
-904,423
-904,413
-908,425
-856,409
-908,427
-916,417
-816,373
-804,333
-836,377
-864,427
-832,377
-836,355
-824,395
-844,375
-928,441
-880,421
-900,451
-904,431
-968,475
-908,453
-892,485
-856,477
-960,513
-880,479
-896,497
-940,503
-992,525
-868,467
-828,431
-868,455
-880,379
-844,299
-820,305
-832,349
-728,387
-896,455
-924,485
-956,497
-928,503
-920,477
-940,497
-904,409
-876,423
-812,417
-844,427
-856,459
-848,457
-936,495
-948,465
-904,425
-924,417
-820,371
-932,463
-924,477
-804,447
-840,431
-740,381
-796,399
-768,395
-812,403
-884,449
-852,459
-888,477
-904,503
-908,489
-912,499
-972,527
-936,517
-816,447
-848,435
-900,489
-888,489
-920,485
-864,407
-832,393
-764,369
-868,411
-872,427
-896,457
-896,457
-920,495
-896,493
-904,491
-924,513
-904,497
-908,491
-880,455
-852,453
-876,447
-868,415
-904,451
-920,471
-964,503
-972,525
-920,475
-928,495
-996,541
-904,483
-868,489
-884,443
-920,479
-940,503
-936,505
-872,485
-864,469
-844,449
-816,415
-920,437
-884,441
-872,469
-968,523
-1052,567
-1072,575
-1008,549
-960,529
-1000,537
-988,527
-1076,581
-976,525
-972,531
-948,517
-920,493
-980,539
-920,489
-996,517
-936,481
-912,465
-956,513
-992,535
-920,485
-888,503
-896,483
-916,491
-1048,559
-980,511
-852,423
-936,459
-860,453
-900,459
-888,447
-884,477
-800,423
-800,391
-836,429
-812,359
-736,337
-756,359
-808,383
-892,477
-916,447
-824,357
-860,389
-880,389
-912,373
-884,371
-796,339
-788,285
-760,349
-860,419
-800,391
-796,355
-868,305
-860,315
-828,359
-852,371
-780,337
-876,415
-844,437
-904,423
-892,435
-800,359
-840,397
-908,389
-844,325
-860,369
-852,377
-772,371
-924,451
-904,493
-872,423
-816,371
-784,337
-844,343
-828,401
-888,403
-844,399
-848,409
-840,427
-788,401
-876,451
-860,413
-856,409
-824,397
-892,427
-864,433
-960,513
-960,509
-916,493
-864,463
-984,521
-824,441
-792,431
-836,443
-844,467
-992,551
-932,497
-896,473
-860,449
-964,481
-896,461
-820,423
-872,451
-840,447
-880,485
-928,497
-956,527
-924,501
-960,511
-952,483
-976,503
-960,493
-920,499
-904,503
-924,463
-920,491
-952,523
-940,513
-1012,531
-952,433
-932,381
-924,377
-916,411
-956,507
-868,479
-948,511
-904,489
-928,491
-920,515
-872,471
-884,439
-872,473
-912,465
-880,467
-904,465
-888,469
-872,483
-888,497
-908,509
-956,527
-1036,563
-1028,553
-1000,545
-908,485
-888,487
-876,479
-856,431
-824,435
-796,409
-748,375
-848,407
-868,403
-852,407
-848,443
-884,437
-804,417
-884,449
-840,449
-888,495
-880,435
-844,431
-856,451
-860,455
-820,451
-888,483
-856,475
-920,503
-892,491
-944,509
-960,521
-908,493
-904,477
-848,469
-884,483
-836,451
-872,455
-884,463
-976,513
-972,527
-908,509
-936,491
-1004,541
-988,547
-916,483
-904,457
-856,431
-908,449
-960,449
-944,421
-892,431
-828,421
-900,471
-836,447
-928,467
-880,491
-944,515
-904,489
-860,425
-852,433
-908,467
-868,447
-924,487
-880,459
-792,361
-812,331
-804,355
-816,351
-840,357
-856,345
-828,311
-768,271
-780,299
-736,299
-800,275
-884,243
-816,319
-812,371
-836,311
-952,399
-948,433
-956,473
-908,501
-944,517
-884,503
-908,453
-940,431
-856,355
-816,329
-856,387
-956,395
-908,369
-840,325
-856,285
-852,243
-836,293
-840,337
-828,381
-820,353
-820,389
-852,455
-840,453
-924,483
-936,465
-972,457
-864,419
-852,457
-908,471
-936,473
-956,485
-896,433
-840,411
-816,399
-820,401
-784,389
-808,377
-832,407
-856,417
-864,407
-816,405
-812,347
-836,397
-888,393
-832,359
-772,349
-820,301
-832,235
-808,219
-860,207
-748,231
-792,225
-772,253
-688,289
-748,277
-736,237
-728,215
-824,255
-852,243
-868,243
-764,205
-728,137
-724,175
-768,157
-760,141
-752,131
-756,93
-712,127
-728,119
-760,211
-784,209
-760,197
-760,139
-776,191
-788,247
-748,189
-784,197
-808,177
-888,209
-748,175
-712,89
-728,125
-696,81
-796,165
-808,195
-800,251
-724,271
-772,307
-812,379
-796,393
-836,383
-780,363
-800,419
-780,367
-824,383
-948,461
-972,489
-908,455
-844,427
-816,455
-840,447
-844,439
-868,475
-984,499
-960,497
-984,503
-860,455
-852,443
-996,527
-912,499
-916,505
-932,515
-952,523
-976,531
-892,493
-932,505
-964,509
-856,463
-804,463
-824,407
-872,427
-984,499
-984,529
-948,477
-936,467
-896,469
-804,435
-884,461
-896,469
-892,489
-888,489
-928,511
-904,483
-900,487
-924,505
-924,489
-924,495
-908,491
-924,495
-960,513
-924,505
-904,517
-968,535
-972,535
-896,483
-940,495
-880,469
-904,473
-904,477
-924,463
-964,495
-872,451
-868,475
-996,533
-992,507
-908,489
-948,489
-904,485
-996,543
-956,515
-856,427
-968,509
-920,497
-952,523
-904,515
-956,525
-932,517
-772,433
-900,509
-968,533
-968,505
-856,443
-952,485
-996,517
-952,483
-944,497
-940,481
-904,501
-1004,531
-956,511
-956,495
-960,503
-920,489
-968,535
-864,445
-928,515
-940,517
-924,501
-1036,557
-1016,545
-980,535
-932,503
-980,515
-932,509
-1004,547
-956,515
-984,537
-964,529
-912,491
-892,481
-816,389
-856,399
-768,373
-748,293
-748,293
-704,289
-724,313
-696,307
-764,343
-776,363
-828,407
-808,415
-940,503
-860,455
-860,465
-916,493
-988,521
-924,507
-896,461
-872,461
-912,469
-936,485
-856,441
-864,441
-908,447
-804,391
-828,423
-904,469
-892,481
-868,465
-892,449
-880,479
-920,471
-832,441
-912,459
-860,415
-940,481
-924,493
-892,489
-948,525
-968,525
-988,533
-1016,533
-944,511
-988,521
-936,529
-988,539
-952,499
-872,509
-908,523
-852,459
-816,435
-912,491
-924,493
-936,493
-932,509
-900,471
-896,455
-920,471
-804,431
-832,415
-780,391
-800,425
-872,473
-932,495
-884,433
-924,461
-936,437
-908,419
-932,507
-924,501
-1000,529
-980,519
-940,525
-892,501
-960,505
-920,499
-948,497
-924,487
-892,489
-844,455
-956,511
-980,535
-892,477
-852,443
-868,393
-828,355
-772,313
-872,379
-852,443
-880,443
-812,425
-816,445
-876,469
-896,489
-920,495
-928,473
-964,505
-860,475
-848,433
-856,437
-780,409
-840,465
-924,517
-996,545
-928,501
-908,501
-940,517
-940,503
-932,499
-980,539
-1000,543
-872,461
-876,485
-836,459
-896,491
-940,505
-936,501
-932,495
-872,459
-904,499
-892,489
-844,487
-856,415
-832,407
-868,391
-884,421
-876,435
-888,439
-844,447
-812,461
-836,423
-920,495
-904,483
-824,445
-816,443
-776,401
-880,443
-888,421
-848,401
-952,451
-808,397
-920,437
-916,455
-864,447
-956,475
-964,507
-976,527
-1012,537
-936,519
-980,525
-928,519
-1040,539
-908,499
-904,461
-788,397
-868,419
-900,477
-956,509
-928,509
-1020,557
-976,531
-1004,531
-1012,553
-980,537
-968,525
-876,453
-932,485
-908,459
-960,487
-896,487
-852,485
-964,513
-944,513
-852,473
-988,515
-1020,513
-928,523
-900,507
-932,515
-968,537
-980,523
-948,501
-948,523
-1008,541
-980,535
-972,533
-1036,557
-1004,539
-956,525
-908,507
-996,521
-980,531
-920,495
-888,491
-908,483
-904,507
-980,539
-980,539
-936,513
-956,521
-916,499
-928,501
-936,509
-932,523
-976,539
-988,551
-1032,553
-948,509
-960,525
-1000,533
-976,523
-1000,537
-896,497
-860,481
-848,491
-976,515
-988,521
-1004,537
-928,489
-936,517
-952,515
-896,455
-884,471
-900,467
-828,389
-844,375
-792,391
-836,377
-844,371
-788,365
-812,363
-772,337
-760,319
-780,327
-872,427
-796,375
-880,427
-892,457
-892,471
-792,431
-884,439
-848,427
-840,445
-868,445
-892,435
-892,439
-816,411
-796,345
-764,327
-800,377
-856,419
-888,409
-864,423
-852,451
-844,415
-860,423
-904,455
-876,449
-900,483
-908,467
-932,479
-840,415
-808,397
-860,425
-828,339
-828,319
-840,281
-844,309
-800,307
-884,393
-872,413
-948,489
-940,481
-948,503
-872,447
-916,485
-936,493
-936,515
-920,493
-884,441
-872,411
-860,361
-896,343
-916,453
-960,511
-928,519
-888,491
-880,451
-892,465
-960,517
-892,479
-868,461
-900,493
-964,509
-948,519
-908,515
-832,463
-948,463
-900,433
-844,413
-900,413
-900,413
-948,411
-844,361
-916,445
-824,385
-980,431
-1008,453
-964,405
-992,439
-992,499
-964,483
-896,451
-888,463
-812,431
-860,405
-876,421
-868,429
-876,445
-880,467
-900,449
-868,409
-912,435
-908,463
-924,417
-892,415
-880,373
-888,367
-844,335
-856,363
-860,363
-840,367
-848,367
-816,333
-876,355
-900,393
-856,395
-836,429
-908,505
-884,501
-844,473
-844,455
-844,461
-852,421
-944,461
-808,389
-840,385
-808,353
-856,381
-780,343
-836,357
-796,307
-784,301
-772,293
-780,285
-692,207
-788,277
-792,325
-804,335
-772,325
-796,341
-892,405
-936,435
-876,393
-848,363
-824,345
-784,307
-716,291
-752,325
-792,401
-748,413
-784,417
-880,463
-928,473
-1000,509
-888,427
-852,431
-884,433
-928,485
-1000,533
-908,501
-956,507
-968,515
-1044,553
-992,537
-956,525
-912,501
-972,525
-888,477
-916,497
-888,461
-908,473
-852,459
-820,429
-812,391
-896,441
-904,449
-892,411
-880,415
-864,407
-844,367
-840,383
-948,473
-864,451
-856,455
-852,457
-968,523
-888,495
-940,515
-956,515
-952,499
-920,495
-944,515
-892,467
-936,497
-924,519
-996,547
-1080,579
-988,535
-896,503
-944,477
-968,507
-896,473
-828,421
-812,355
-828,363
-868,409
-888,421
-912,429
-940,471
-1008,515
-956,489
-1012,511
-888,485
-964,531
-964,525
-1004,549
-1036,543
-968,537
-968,531
-936,497
-940,499
-880,505
-956,449
-964,535
-948,513
-996,541
-948,521
-944,529
-908,487
-916,483
-856,431
-800,371
-796,355
-776,359
-728,333
-772,337
-796,315
-760,243
-728,249
-824,239
-772,243
-752,219
-696,205
-696,213
-772,241
-804,249
-780,261
-804,253
-812,237
-804,263
-756,199
-768,207
-728,235
-824,285
-824,241
-808,257
-788,285
-808,325
-848,339
-832,341
-820,305
-808,317
-776,315
-800,365
-904,387
-928,439
-836,365
-828,269
-860,253
-800,251
-780,229
-796,235
-784,121
-792,129
-796,39
-804,-97
-816,-111
-860,-87
-816,-43
-868,-105
-788,-49
-768,-79
-828,-71
-764,-135
-748,-113
-748,-183
-800,-159
-780,-175
-880,-251
-916,-193
-824,-207
-812,-187
-760,-121
-792,-17
-780,-35
-848,-67
-724,-55
-728,-15
-780,11
-708,-45
-848,45
-804,-23
-764,-43
-776,39
-756,29
-744,47
-764,-41
-756,-19
-688,-3
-748,39
-696,49
-784,177
-812,215
-796,249
-760,257
-832,313
-836,343
-828,263
-756,179
-724,141
-840,111
-808,19
-780,101
-856,81
-804,55
-740,23
-744,-9
-796,31
-720,147
-788,133
-748,97
-732,31
-728,17
-728,29
-768,-55
-740,-83
-768,-109
-800,-81
-748,-81
-732,-141
-752,-135
-712,-149
-688,-181
-768,-215
-772,-189
-808,-161
-728,-81
-724,-9
-708,5
-740,23
-664,75
-720,65
-788,33
-812,19
-844,-77
-836,-65
-764,5
-764,-19
-868,5
-816,41
-820,45
-792,7
-772,-21
-748,-31
-760,15
-772,13
-756,-25
-836,-45
-820,43
-828,47
-840,7
-860,23
-836,-45
-844,-73
-832,-45
-808,-25
-844,-83
-792,-23
-836,-11
-816,-21
-880,-75
-816,-55
-852,-37
-828,-15
-748,-53
-776,-59
-732,-95
-812,-65
-808,-79
-804,-73
-836,-51
-784,-23
-800,-15
-820,23
-788,31
-872,65
-836,69
-800,121
-784,37
-832,15
-832,23
-852,7
-836,-15
-836,-7
-788,-13
-828,-29
-872,-11
-880,39
-824,29
-772,-49
-760,5
-792,-15
-704,47
-816,49
-832,45
-828,89
-808,127
-844,115
-820,111
-852,127
-800,157
-756,185
-800,215
-812,291
-824,291
-868,297
-772,345
-748,309
-812,397
-876,405
-884,447
-924,473
-908,497
-948,531
-900,507
-904,469
-900,459
-952,503
-964,523
-968,529
-1004,523
-976,531
-1040,561
-1024,553
-984,515
-1044,557
-1000,537
-780,407
-804,433
-836,433
-832,439
-916,503
-912,515
-884,487
-912,485
-940,481
-812,399
-924,487
-948,483
-956,487
-956,499
-856,467
-840,453
-912,465
-932,475
-884,415
-824,357
-804,341
-788,309
-732,339
-904,415
-852,435
-840,445
-872,465
-848,421
-864,423
-832,427
-916,435
-848,391
-876,427
-844,399
-740,385
-808,413
-864,433
-896,455
-904,477
-896,479
-880,501
-900,493
-988,531
-1000,545
-948,513
-912,501
-896,489
-928,467
-936,455
-892,413
-872,409
-824,427
-812,421
-876,457
-932,479
-884,423
-864,419
-948,481
-904,485
-960,513
-888,475
-964,523
-956,505
-912,503
-904,459
-860,443
-940,473
-968,461
-956,435
-896,397
-916,419
-908,401
-892,461
-912,465
-860,467
-908,467
-924,463
-912,445
-792,405
-792,391
-860,407
-848,423
-872,449
-988,523
-932,497
-864,457
-824,399
-752,367
-800,365
-808,337
-800,301
-792,305
-764,277
-884,377
-852,389
-836,415
-860,407
-812,333
-860,371
-812,321
-900,401
-816,375
-872,431
-836,433
-900,445
-884,421
-896,365
-828,353
-824,301
-796,255
-760,241
-760,269
-736,299
-780,365
-776,365
-668,305
-720,285
-792,287
-760,241
-752,285
-740,337
-876,413
-884,455
-920,467
-960,477
-924,465
-916,463
-952,499
-952,515
-960,535
-1028,545
-904,501
-868,449
-804,415
-868,461
-888,481
-844,405
-924,457
-996,507
-912,433
-856,367
-828,295
-804,381
-792,299
-756,265
-888,321
-868,379
-876,431
-944,461
-852,439
-844,415
-924,459
-980,503
-964,503
-992,523
-964,509
-988,517
-888,473
-932,487
-996,529
-868,479
-844,459
-908,479
-840,447
-788,395
-868,417
-820,347
-856,361
-884,353
-892,357
-872,341
-788,313
-852,369
-876,375
-912,379
-928,423
-916,495
-968,529
-1000,543
-892,497
-1000,535
-972,529
-924,483
-888,465
-888,441
-848,427
-788,363
-812,387
-836,399
-840,423
-840,429
-904,479
-856,435
-832,405
-836,421
-908,479
-916,485
-888,491
-908,483
-940,513
-884,481
-852,455
-916,479
-956,501
-916,481
-952,489
-952,497
-856,461
-912,483
-968,489
-948,473
-932,467
-988,471
-932,469
-860,453
-956,493
-884,467
-884,443
-920,483
-908,481
-896,459
-872,467
-872,483
-848,477
-904,489
-952,521
-908,491
-956,523
-924,513
-912,511
-876,475
-908,503
-972,533
-1028,551
-1032,559
-944,525
-920,513
-940,513
-956,521
-980,539
-928,509
-984,527
-932,509
-984,525
-940,507
-940,503
-900,513
-864,481
-932,515
-928,511
-1032,533
-960,517
-904,509
-940,515
-948,489
-880,467
-924,497
-976,521
-916,511
-864,449
-884,453
-936,487
-900,473
-924,491
-892,483
-840,427
-732,301
-780,335
-800,351
-820,379
-740,377
-816,403
-828,393
-860,411
-896,419
-848,395
-776,399
-844,441
-820,409
-844,397
-864,375
-804,391
-860,359
-908,407
-884,397
-840,419
-856,441
-888,463
-860,457
-856,435
-784,409
-868,437
-820,419
-808,425
-856,415
-872,437
-828,409
-860,369
-840,357
-812,383
-828,391
-812,391
-904,497
-1016,535
-980,519
-1004,523
-924,495
-832,449
-832,421
-820,417
-792,375
-736,305
-712,317
-780,391
-820,463
-908,453
-796,363
-776,347
-864,433
-848,419
-784,405
-896,481
-840,453
-864,421
-868,395
-784,365
-864,397
-852,359
-864,371
-960,421
-840,339
-876,423
-912,419
-880,387
-868,389
-900,355
-896,369
-928,377
-880,391
-868,405
-884,399
-876,449
-884,461
-880,431
-924,457
-936,477
-864,457
-824,401
-880,415
-864,419
-956,483
-980,509
-940,497
-936,481
-920,481
-932,503
-916,507
-1020,553
-932,503
-1008,517
-984,533
-964,523
-1044,553
-1000,539
-980,487
-996,511
-1052,555
-1028,537
-984,527
-952,507
-1012,541
-952,529
-872,491
-956,503
-920,495
-916,495
-864,453
-912,475
-848,457
-884,451
-780,401
-788,385
-812,429
-832,453
-876,465
-860,423
-800,399
-712,301
-716,253
-756,327
-780,351
-852,347
-844,367
-820,335
-844,349
-804,313
-780,321
-824,405
-808,443
-832,465
-824,459
-780,457
-844,475
-912,471
-936,497
-964,515
-988,523
-1016,541
-1012,545
-996,533
-912,519
-940,527
-912,493
-880,497
-1016,559
-1116,583
-996,517
-956,485
-904,463
-896,405
-800,383
-752,373
-908,437
-896,411
-852,369
-876,403
-872,413
-856,371
-816,299
-896,331
-848,343
-824,307
-792,305
-760,327
-792,321
-804,297
-812,361
-832,435
-872,477
-860,477
-860,459
-860,421
-852,453
-1020,545
-932,523
-948,515
-904,477
-836,475
-984,543
-928,517
-940,527
-940,501
-940,493
-984,517
-888,463
-900,451
-852,419
-820,389
-860,387
-832,413
-920,467
-876,449
-976,525
-876,471
-908,473
-952,525
-972,543
-1000,545
-896,461
-828,437
-904,473
-984,543
-1044,555
-996,529
-972,523
-1004,551
-1020,537
-952,511
-920,495
-876,497
-936,519
-888,495
-932,523
-916,509
-884,517
-948,533
-876,429
-900,451
-936,441
-980,507
-920,493
-908,461
-972,529
-904,477
-956,501
-976,509
-836,445
-932,473
-864,461
-828,467
-872,473
-872,459
-884,467
-924,509
-852,455
-768,407
-812,451
-872,483
-948,495
-848,461
-868,469
-868,477
-952,517
-984,515
-908,481
-864,457
-852,425
-816,427
-824,417
-812,411
-840,393
-812,351
-868,359
-896,405
-832,361
-836,389
-872,409
-868,451
-868,459
-908,469
-912,467
-888,463
-852,417
-864,421
-840,433
-864,411
-860,429
-908,459
-820,413
-812,411
-796,397
-792,399
-836,449
-892,465
-928,481
-1004,533
-912,481
-972,543
-896,517
-916,519
-968,525
-896,475
-916,473
-900,483
-876,459
-916,453
-968,467
-864,459
-900,441
-816,381
-784,387
-784,395
-812,397
-908,449
-872,435
-836,375
-892,449
-956,501
-956,505
-836,443
-728,403
-896,469
-896,451
-932,471
-888,407
-908,455
-920,455
-948,471
-964,487
-976,499
-936,509
-888,491
-864,485
-860,487
-868,461
-880,439
-876,453
-952,469
-948,437
-916,385
-880,383
-828,361
-828,355
-864,351
-856,353
-824,351
-800,355
-716,287
-792,379
-792,367
-848,343
-836,343
-844,397
-860,409
-928,445
-984,447
-932,425
-820,419
-852,439
-896,475
-972,501
-960,531
-944,493
-932,485
-900,481
-920,487
-852,463
-816,435
-840,423
-880,475
-904,475
-904,481
-924,481
-912,483
-940,509
-952,511
-956,525
-968,523
-864,489
-844,475
-848,483
-900,493
-876,489
-848,463
-944,501
-984,523
-964,521
-1020,547
-992,535
-888,473
-864,427
-872,383
-876,355
-872,409
-868,453
-884,465
-872,465
-888,429
-848,461
-928,467
-964,511
-928,509
-980,539
-908,509
-984,535
-984,517
-1000,551
-988,547
-1004,555
-1008,543
-992,531
-920,507
-948,515
-988,535
-1008,539
-960,505
-928,491
-880,477
-924,497
-968,519
-1000,537
-1036,549
-952,525
-908,509
-908,489
-836,439
-832,421
-912,485
-896,433
-828,403
-852,403
-816,377
-892,403
-872,415
-888,401
-848,339
-836,285
-788,335
-780,331
-708,283
-768,303
-748,291
-728,289
-824,255
-848,237
-780,227
-772,137
-840,185
-808,151
-800,117
-756,139
-736,151
-764,209
-656,197
-792,313
-784,297
-724,247
-796,319
-776,285
-760,269
-748,281
-752,233
-760,195
-784,205
-748,199
-772,217
-752,189
-700,137
-676,69
-720,59
-728,11
-712,105
-724,137
-712,151
-712,163
-764,209
-752,187
-732,211
-760,265
-740,267
-712,273
-804,315
-792,361
-856,417
-828,367
-724,329
-864,409
-888,385
-844,421
-808,409
-840,415
-832,399
-920,461
-844,451
-852,443
-904,473
-908,467
-864,449
-788,433
-844,469
-944,527
-984,541
-968,515
-964,519
-872,465
-752,427
-724,387
-848,429
-884,445
-884,463
-888,487
-976,531
-896,465
-1072,571
-944,513
-952,515
-996,549
-932,505
-916,467
-932,509
-1044,561
-1004,541
-1040,559
-964,519
-872,471
-908,479
-924,491
-908,453
-860,429
-856,417
-848,455
-880,461
-852,417
-844,387
-848,407
-784,325
-852,349
-812,325
-728,299
-824,343
-792,315
-888,347
-812,325
-900,383
-872,367
-808,295
-872,303
-820,329
-804,363
-872,369
-880,375
-920,443
-904,459
-860,469
-836,463
-824,463
-796,435
-908,491
-756,403
-844,473
-832,457
-848,435
-876,463
-924,453
-908,443
-912,505
-892,457
-928,453
-892,441
-912,495
-1024,553
-1028,531
-1044,533
-1020,517
-924,491
-984,531
-1004,551
-956,521
-964,523
-956,523
-912,505
-952,505
-1016,543
-936,521
-936,513
-956,531
-980,521
-924,473
-832,461
-988,539
-984,541
-1036,555
-1008,551
-1024,551
-992,521
-988,521
-928,491
-948,499
-956,513
-916,473
-872,477
-908,509
-864,487
-936,513
-1008,559
-980,531
-892,479
-896,449
-860,479
-820,441
-792,401
-824,435
-844,445
-812,409
-832,433
-840,451
-844,423
-848,439
-936,503
-908,505
-956,517
-988,521
-940,501
-888,489
-908,489
-940,461
-880,427
-836,393
-796,387
-884,417
-876,433
-832,447
-836,409
-884,423
-828,385
-860,325
-832,351
-792,359
-824,411
-852,447
-764,419
-860,491
-920,515
-1000,535
-900,487
-892,483
-956,521
-908,503
-888,491
-852,449
-840,425
-896,487
-896,505
-880,487
-948,505
-908,493
-884,495
-900,485
-920,483
-964,505
-952,515
-940,519
-880,463
-872,449
-896,479
-840,411
-868,413
-832,395
-800,365
-836,377
-804,383
-876,445
-816,431
-796,405
-812,423
-908,495
-956,515
-896,489
-940,519
-920,505
-860,441
-924,469
-856,461
-900,465
-940,489
-948,531
-936,505
-904,463
-1008,539
-908,499
-988,527
-988,535
-936,503
-1056,551
-1028,557
-984,529
-924,505
-1016,551
-928,505
-924,477
-880,443
-1000,511
-948,499
-948,513
-1028,553
-976,533
-944,515
-964,539
-972,525
-828,443
-852,455
-908,471
-944,485
-876,461
-904,471
-900,475
-920,477
-892,491
-904,455
-912,457
-908,459
-980,489
-948,485
-928,493
-928,471
-880,475
-884,471
-828,445
-880,465
-876,465
-1008,551
-1028,549
-1008,531
-940,495
-976,539
-1004,529
-944,499
-940,475
-868,415
-916,433
-880,425
-844,411
-832,425
-844,443
-880,445
-896,473
-924,491
-964,523
-912,439
-920,465
-836,459
-832,449
-908,463
-916,405
-864,417
-864,403
-892,453
-972,519
-912,475
-956,501
-880,475
-964,503
-972,509
-928,493
-912,461
-856,427
-872,421
-924,491
-956,491
-988,493
-888,465
-948,491
-980,531
-1044,563
-1144,599
-992,543
-1044,559
-996,527
-1016,545
-1048,563
-1032,561
-1092,573
-1052,565
-896,491
-924,513
-956,525
-948,525
-948,527
-976,535
-988,521
-972,505
-996,503
-928,455
-928,473
-892,437
-912,443
-836,431
-892,459
-956,521
-896,473
-900,481
-856,439
-912,477
-952,501
-952,525
-956,527
-1004,543
-980,543
-1044,571
-1064,561
-964,519
-996,543
-940,529
-924,499
-984,535
-964,529
-844,467
-888,475
-908,513
-932,503
-956,515
-936,499
-868,491
-868,499
-920,517
-956,521
-980,529
-1000,555
-1040,559
-1032,553
-908,481
-944,459
-892,407
-892,403
-976,447
-920,433
-884,457
-944,493
-900,451
-872,437
-836,415
-812,443
-816,439
-884,481
-820,465
-896,475
-952,497
-972,519
-948,505
-860,451
-848,479
-844,431
-820,401
-864,405
-848,389
-880,427
-872,427
-908,415
-884,413
-856,401
-860,397
-924,479
-984,525
-996,541
-856,459
-928,481
-912,487
-892,477
-956,505
-916,497
-976,481
-856,393
-760,317
-908,405
-872,401
-876,387
-828,351
-752,327
-860,417
-904,437
-868,469
-876,459
-944,469
-960,507
-996,521
-1052,553
-1000,541
-876,475
-944,497
-848,477
-912,501
-1008,537
-1004,541
-988,535
-920,485
-956,517
-820,459
-864,477
-832,441
-876,453
-936,467
-824,387
-900,415
-892,407
-904,427
-872,461
-816,427
-908,483
-856,465
-812,431
-868,449
-736,375
-848,419
-844,387
-876,417
-892,417
-916,435
-868,401
-852,403
-808,421
-876,431
-880,447
-908,435
-916,437
-880,429
-924,459
-888,433
-864,431
-848,425
-880,455
-864,465
-884,491
-992,535
-1000,539
-1056,563
-984,541
-988,539
-988,545
-1024,551
-956,527
-892,485
-968,513
-1016,525
-932,471
-904,459
-880,447
-932,497
-848,441
-912,475
-924,509
-936,511
-844,471
-952,503
-900,493
-844,465
-840,465
-844,473
-940,481
-824,429
-860,463
-908,475
-912,497
-884,485
-948,527
-876,503
-888,499
-928,511
-928,473
-972,463
-920,479
-992,531
-996,529
-968,503
-948,505
-972,523
-1008,541
-976,527
-944,507
-928,505
-936,519
-936,499
-900,471
-900,463
-924,503
-916,493
-924,521
-936,531
-900,507
-956,529
-912,491
-936,529
-956,511
-932,521
-952,513
-852,449
-888,463
-916,475
-880,445
-884,461
-824,349
-784,305
-892,399
-784,317
-732,321
-736,317
-896,401
-924,417
-924,455
-944,479
-952,465
-988,481
-860,455
-980,489
-904,479
-976,509
-964,513
-840,443
-832,423
-804,411
-864,441
-900,441
-884,447
-832,375
-804,405
-848,409
-748,401
-832,451
-760,437
-912,451
-864,459
-896,481
-880,487
-892,489
-916,451
-856,397
-752,335
-800,365
-764,309
-848,323
-804,321
-832,301
-824,279
-828,239
-808,247
-812,279
-804,303
-792,317
-852,341
-892,387
-880,425
-836,407
-748,385
-788,373
-848,429
-868,461
-876,443
-868,423
-864,421
-944,463
-992,503
-924,491
-1012,537
-1012,549
-948,511
-940,501
-960,527
-936,499
-1000,547
-880,487
-904,489
-988,519
-984,519
-980,527
-860,471
-920,501
-908,455
-916,451
-892,449
-840,421
-832,381
-936,479
-896,465
-912,469
-880,465
-860,447
-864,451
-808,433
-812,439
-860,409
-812,431
-816,417
-836,413
-792,353
-824,357
-720,271
-848,329
-868,383
-816,367
-792,325
-928,429
-808,351
-856,349
-760,343
-840,391
-848,391
-784,357
-796,387
-772,387
-748,339
-736,353
-756,343
-724,347
-776,367
-736,381
-884,433
-836,389
-864,429
-856,421
-840,453
-924,495
-1000,529
-992,515
-976,499
-1000,541
-960,533
-860,471
-968,535
-908,461
-964,495
-940,503
-924,491
-968,519
-964,517
-944,501
-816,379
-788,351
-840,365
-848,373
-920,417
-976,477
-908,389
-868,293
-816,289
-836,351
-852,275
-812,297
-752,227
-848,217
-888,295
-916,279
-868,297
-856,295
-804,291
-828,373
-884,363
-892,325
-848,299
-812,259
-812,263
-740,191
-792,233
-744,255
-768,249
-812,283
-812,277
-828,327
-856,379
-912,409
-820,395
-828,401
-848,441
-904,461
-848,425
-908,477
-848,407
-864,399
-856,431
-828,421
-856,429
-800,391
-780,345
-784,355
-792,353
-896,443
-916,411
-844,341
-864,371
-920,429
-956,465
-820,399
-824,419
-832,409
-868,377
-856,393
-792,379
-784,375
-840,367
-876,387
-944,395
-912,411
-880,395
-836,345
-756,315
-748,273
-832,351
-816,375
-856,421
-856,397
-880,453
-824,441
-868,463
-944,519
-876,477
-868,477
-884,515
-872,503
-888,485
-804,443
-908,489
-896,477
-944,465
-896,443
-880,445
-884,443
-900,447
-924,463
-884,475
-960,521
-1008,539
-944,499
-900,475
-828,409
-820,357
-780,311
-816,337
-836,357
-892,429
-808,435
-792,425
-720,391
-844,401
-792,401
-796,385
-868,445
-852,429
-928,439
-888,441
-756,355
-768,355
-780,319
-768,315
-812,287
-832,321
-776,291
-872,255
-804,191
-848,221
-824,229
-820,293
-964,375
-924,317
-896,323
-832,327
-820,303
-792,271
-748,249
-784,245
-856,265
-808,249
-864,217
-796,217
-768,229
-784,231
-760,257
-760,239
-828,277
-776,275
-768,261
-852,329
-932,289
-928,317
-828,371
-796,315
-804,361
-808,351
-780,391
-812,389
-776,383
-812,373
-784,393
-912,459
-872,411
-864,393
-848,429
-940,449
-932,469
-968,493
-980,477
-984,457
-912,471
-988,533
-1040,555
-976,535
-1080,567
-972,541
-860,487
-912,473
-916,449
-828,393
-872,429
-804,391
-864,439
-884,473
-848,493
-908,509
-900,497
-820,443
-836,467
-980,521
-996,519
-964,491
-752,411
-808,417
-800,389
-788,391
-812,403
-880,437
-924,451
-836,371
-844,337
-840,399
-856,357
-800,275
-764,335
-820,361
-828,335
-880,407
-900,399
-844,387
-852,387
-872,371
-792,371
-784,391
-848,437
-868,457
-828,413
-768,379
-872,431
-812,385
-872,415
-868,431
-888,437
-932,453
-912,461
-904,479
-892,479
-880,473
-916,489
-848,457
-900,477
-984,543
-892,473
-896,481
-856,457
-848,459
-836,449
-864,449
-856,465
-860,465
-852,465
-848,479
-880,493
-908,507
-976,527
-876,503
-900,473
-880,459
-860,455
-852,429
-804,363
-820,385
-836,397
-820,307
-808,283
-840,289
-880,307
-804,251
-800,239
-836,329
-776,373
-844,419
-948,511
-960,515
-960,485
-800,445
-788,385
-840,401
-924,469
-860,457
-920,481
-904,465
-888,427
-828,353
-828,327
-840,353
-844,345
-840,335
-872,349
-844,351
-816,321
-772,219
-860,305
-856,319
-892,345
-884,319
-808,287
-816,321
-800,287
-872,383
-924,399
-920,437
-932,491
-924,507
-956,517
-920,509
-936,501
-936,517
-968,543
-812,447
-868,449
-960,515
-916,477
-948,465
-920,485
-900,481
-912,485
-884,491
-872,487
-948,521
-912,505
-992,543
-932,513
-972,527
-956,499
-876,501
-944,533
-864,485
-916,501
-928,517
-872,451
-912,461
-836,433
-868,439
-892,483
-816,441
-928,477
-932,471
-852,443
-868,465
-884,451
-996,487
-952,495
-884,481
-1024,551
-936,521
-1000,525
-948,439
-936,409
-912,389
-900,351
-840,317
-760,283
-800,263
-888,311
-832,333
-820,303
-816,285
-824,283
-848,311
-788,299
-800,275
-768,271
-820,289
-784,291
-768,299
-788,299
-736,289
-768,255
-760,255
-776,217
-836,229
-852,289
-796,225
-720,187
-720,215
-760,205
-792,193
-800,217
-812,221
-808,215
-784,227
-808,195
-756,207
-740,209
-800,173
-840,145
-824,181
-792,163
-768,109
-772,157
-740,131
-740,103
-680,93
-716,155
-720,157
-764,149
-792,175
-768,179
-808,241
-748,185
-756,161
-752,197
-756,253
-740,241
-760,177
-712,181
-756,141
-804,147
-784,183
-820,147
-788,177
-840,241
-868,287
-872,357
-960,431
-956,441
-940,449
-992,459
-1016,485
-976,485
-860,437
-724,349
-760,387
-720,329
-732,289
-768,257
-756,351
-752,359
-760,365
-828,355
-800,303
-856,331
-924,417
-804,375
-848,393
-912,445
-816,383
-808,353
-852,405
-952,447
-916,415
-848,347
-856,373
-872,371
-816,325
-808,345
-832,355
-832,359
-888,363
-816,299
-776,237
-816,265
-860,237
-828,291
-868,303
-812,297
-768,303
-760,305
-736,333
-792,407
-832,389
-848,405
-840,415
-864,397
-900,437
-820,371
-804,377
-768,345
-764,319
-696,289
-808,397
-940,475
-876,453
-836,401
-948,461
-788,395
-764,389
-808,383
-860,357
-808,317
-772,357
-848,387
-920,407
-900,379
-852,359
-884,395
-900,437
-904,417
-876,371
-824,311
-772,217
-716,197
-816,217
-860,267
-792,243
-812,327
-820,331
-840,369
-884,381
-836,373
-800,381
-872,373
-848,395
-908,429
-832,423
-848,455
-856,447
-896,473
-912,505
-904,481
-928,517
-952,515
-924,495
-904,495
-892,489
-808,435
-812,409
-844,407
-736,341
-796,381
-796,365
-756,293
-780,331
-824,371
-784,301
-796,271
-724,227
-716,217
-736,171
-764,191
-784,223
-832,249
-844,271
-824,261
-768,273
-832,323
-852,289
-892,353
-872,321
-804,301
-744,273
-784,249
-808,189
-764,113
-780,101
-804,125
-728,137
-756,183
-772,123
-704,103
-760,229
-720,177
-704,205
-668,249
-764,377
-888,443
-944,471
-904,477
-880,473
-784,409
-820,359
-844,407
-848,381
-824,377
-816,405
-804,375
-852,389
-892,389
-824,305
-796,295
-776,323
-748,289
-800,261
-760,243
-792,263
-828,285
-828,243
-772,165
-772,213
-772,263
-776,279
-812,285
-848,333
-872,359
-808,315
-840,313
-700,175
-772,173
-808,105
-772,73
-740,145
-768,209
-768,225
-772,223
-824,253
-748,221
-712,241
-776,321
-840,337
-744,315
-876,351
-864,389
-836,383
-808,361
-784,335
-768,339
-700,313
-820,373
-892,433
-828,425
-860,415
-828,455
-916,503
-880,487
-908,491
-920,459
-920,477
-964,505
-936,495
-952,529
-932,481
-864,455
-932,499
-936,505
-952,519
-988,537
-872,499
-836,451
-816,433
-764,395
-828,391
-800,379
-792,363
-908,401
-900,427
-904,469
-940,485
-900,457
-836,385
-812,319
-856,337
-836,301
-832,267
-916,299
-908,367
-872,351
-816,349
-832,329
-864,383
-864,385
-780,347
-864,389
-816,347
-808,339
-852,351
-876,377
-864,413
-888,407
-912,395
-816,397
-904,441
-892,427
-812,427
-820,423
-764,383
-772,405
-808,415
-904,409
-868,389
-812,427
-908,463
-864,463
-792,407
-836,429
-848,425
-756,359
-772,335
-888,435
-880,431
-852,401
-828,399
-880,451
-896,455
-920,475
-900,469
-900,511
-872,453
-828,407
-884,405
-800,389
-852,401
-720,367
-788,361
-776,349
-844,375
-916,413
-888,455
-908,493
-920,501
-884,473
-884,481
-936,503
-960,481
-904,449
-876,457
-928,477
-944,509
-1008,547
-976,531
-1008,547
-960,523
-924,475
-896,429
-948,487
-1020,523
-1004,501
-948,469
-904,453
-828,421
-876,445
-868,447
-832,441
-752,397
-820,453
-784,423
-928,497
-864,485
-1044,549
-984,531
-956,525
-940,495
-944,503
-928,481
-984,525
-952,521
-1020,555
-976,537
-968,525
-872,475
-944,519
-952,503
-916,489
-920,485
-936,503
-992,545
-912,511
-980,531
-1036,543
-1000,543
-900,515
-892,507
-972,527
-1032,555
-1008,539
-992,541
-960,505
-980,513
-980,515
-928,465
-916,499
-868,457
-856,457
-908,459
-844,465
-896,473
-948,503
-1044,547
-968,507
-892,505
-892,507
-972,527
-972,515
-928,501
-976,539
-1000,541
-1044,555
-984,543
-988,539
-948,529
-988,535
-900,471
-936,457
-936,461
-964,507
-936,459
-852,381
-820,433
-908,493
-972,521
-984,521
-900,507
-880,487
-852,465
-924,469
-884,417
-820,407
-880,409
-920,397
-784,363
-868,419
-804,413
-800,365
-720,331
-772,359
-888,403
-920,439
-856,459
-924,471
-900,461
-844,421
-892,463
-840,399
-748,405
-824,465
-936,471
-892,451
-912,465
-904,473
-864,447
-820,403
-884,463
-892,495
-900,477
-904,491
-944,481
-864,433
-848,425
-844,417
-752,361
-824,389
-784,347
-816,405
-892,479
-952,521
-964,513
-896,453
-880,435
-908,419
-920,461
-908,481
-976,523
-948,501
-1024,551
-1000,527
-976,523
-876,459
-868,443
-832,421
-880,395
-908,389
-904,415
-856,429
-904,431
-804,407
-904,447
-840,407
-864,401
-912,391
-896,401
-784,365
-876,435
-880,389
-904,395
-976,443
-892,473
-844,481
-896,481
-932,513
-912,493
-916,501
-956,515
-944,515
-892,505
-860,485
-820,475
-908,463
-912,509
-920,515
-976,529
-944,515
-980,535
-980,539
-920,499
-924,485
-924,503
-960,499
-896,469
-816,423
-792,407
-876,421
-876,427
-876,437
-852,407
-856,425
-864,459
-908,491
-824,409
-812,407
-844,405
-924,457
-928,449
-936,463
-860,429
-816,373
-800,359
-864,391
-920,413
-896,413
-896,413
-936,467
-900,451
-928,445
-952,471
-948,475
-904,419
-896,403
-868,443
-900,457
-896,467
-820,471
-904,503
-1024,555
-956,527
-960,521
-988,529
-968,541
-956,533
-960,509
-916,475
-960,509
-1032,531
-1024,547
-1032,559
-1000,545
-996,539
-1076,577
-960,509
-940,493
-912,505
-936,501
-956,529
-960,495
-1004,517
-884,461
-900,459
-936,515
-864,473
-904,481
-848,457
-900,501
-984,539
-940,527
-888,505
-888,491
-904,503
-900,505
-916,503
-952,529
-976,535
-900,511
-936,515
-952,497
-980,499
-932,501
-976,509
-948,485
-964,533
-948,511
-888,483
-884,489
-880,487
-920,513
-964,517
-940,519
-952,525
-996,545
-932,513
-1004,533
-896,485
-872,475
-952,501
-952,499
-916,481
-920,497
-792,451
-856,477
-856,493
-828,479
-928,515
-848,471
-876,479
-864,473
-864,493
-920,485
-1024,547
-1040,561
-1048,559
-1020,553
-1028,551
-868,473
-876,475
-868,467
-888,463
-880,479
-960,495
-940,453
-880,417
-884,431
-812,367
-856,357
-880,365
-868,363
-912,399
-936,421
-856,419
-800,371
-828,365
-796,343
-808,335
-840,309
-816,313
-824,329
-832,357
-800,367
-808,339
-852,349
-900,351
-892,351
-828,351
-820,307
-868,347
-784,245
-856,285
-816,279
-764,321
-828,397
-844,417
-944,489
-992,533
-1044,555
-904,519
-956,517
-908,447
-896,457
-904,471
-912,439
-844,387
-844,377
-868,373
-868,373
-904,387
-868,321
-856,313
-904,331
-848,277
-840,303
-812,339
-896,425
-940,501
-956,497
-980,521
-1016,513
-944,487
-852,415
-800,373
-776,381
-792,413
-908,473
-908,461
-828,449
-916,501
-924,505
-952,515
-920,513
-976,525
-980,507
-956,519
-928,511
-972,531
-856,483
-884,491
-892,467
-896,477
-836,429
-900,469
-960,475
-908,439
-840,395
-848,405
-884,383
-772,351
-796,367
-836,401
-828,417
-828,403
-840,393
-860,397
-808,341
-840,353
-888,383
-760,351
-732,353
-812,379
-856,441
-796,391
-856,419
-844,411
-824,455
-876,441
-888,415
-908,445
-1012,531
-940,519
-952,535
-964,537
-932,525
-1012,539
-972,505
-872,465
-800,387
-852,389
-884,425
-928,459
-864,447
-784,333
-824,407
-924,453
-908,457
-948,425
-872,439
-920,405
-840,413
-904,395
-904,411
-880,405
-984,475
-960,483
-948,471
-936,459
-868,435
-804,423
-852,441
-876,437
-792,385
-788,403
-736,383
-852,441
-856,465
-884,475
-920,463
-880,465
-944,503
-872,473
-872,465
-932,485
-904,499
-1016,557
-972,537
-1028,561
-1016,553
-1068,571
-992,533
-896,485
-896,485
-920,509
-968,517
-884,489
-948,505
-960,529
-1036,557
-1004,539
-936,513
-976,531
-924,525
-952,517
-912,507
-844,483
-868,469
-896,485
-908,483
-896,475
-924,503
-984,527
-1012,557
-1024,543
-932,511
-928,507
-904,513
-904,503
-964,495
-976,495
-988,505
-956,505
-892,487
-932,515
-876,455
-900,425
-904,447
-904,451
-904,455
-904,431
-944,449
-944,469
-852,447
-848,431
-856,443
-896,459
-916,457
-812,433
-852,461
-936,499
-956,541
-920,501
-1008,547
-976,533
-952,537
-952,509
-924,493
-916,473
-904,441
-944,487
-984,495
-936,511
-896,477
-912,483
-916,511
-908,489
-892,503
-980,535
-908,479
-900,491
-892,477
-916,487
-924,495
-884,503
-992,535
-1048,569
-972,523
-924,485
-908,473
-952,459
-884,483
-912,497
-944,499
-908,479
-896,481
-904,471
-920,477
-932,479
-956,467
-904,483
-888,427
-888,419
-876,385
-832,323
-776,311
-776,315
-772,361
-804,371
-796,385
-768,337
-876,457
-816,407
-812,445
-844,457
-884,459
-824,375
-824,349
-848,313
-788,295
-812,291
-812,303
-900,367
-880,339
-852,313
-856,353
-976,427
-896,413
-924,437
-932,419
-832,383
-848,417
-860,391
-864,425
-888,467
-908,517
-804,463
-848,479
-784,417
-820,395
-804,397
-840,441
-912,493
-900,469
-900,453
-800,379
-924,433
-828,423
-852,363
-780,283
-800,299
-768,255
-804,255
-760,261
-816,285
-804,285
-856,277
-840,321
-900,379
-896,443
-920,441
-988,501
-1028,543
-1004,549
-944,511
-972,539
-960,533
-984,519
-1056,561
-944,525
-924,513
-908,513
-976,513
-900,479
-884,477
-828,453
-904,499
-976,519
-912,507
-952,523
-960,535
-956,543
-900,503
-872,469
-936,463
-924,497
-936,521
-924,513
-900,413
-912,457
-980,487
-888,483
-912,485
-876,483
-780,437
-828,415
-824,385
-872,431
-820,429
-844,427
-888,423
-908,461
-952,491
-952,499
-920,481
-860,457
-868,447
-972,481
-872,429
-812,401
-768,367
-748,365
-848,407
-860,423
-812,397
-836,425
-844,463
-916,509
-1000,533
-1024,535
-912,477
-928,485
-952,493
-868,489
-940,513
-916,485
-936,473
-908,441
-856,405
-872,417
-888,443
-924,441
-928,439
-980,455
-972,485
-860,427
-928,475
-1000,527
-936,517
-936,525
-1000,545
-1012,535
-1024,559
-968,521
-992,537
-908,513
-932,513
-944,525
-956,525
-860,483
-948,505
-832,447
-988,509
-888,477
-888,503
-932,511
-876,471
-908,489
-924,501
-880,441
-924,491
-928,507
-972,539
-988,549
-940,513
-900,507
-848,473
-912,491
-916,511
-936,515
-792,421
-780,421
-768,393
-728,387
-904,489
-932,515
-924,505
-892,455
-840,403
-824,321
-816,243
-708,239
-812,237
-884,303
-788,271
-752,223
-864,307
-748,251
-812,359
-880,407
-796,371
-904,461
-928,489
-880,463
-880,469
-844,439
-892,447
-896,419
-900,441
-940,477
-876,433
-868,425
-832,393
-776,409
-840,405
-800,383
-912,459
-904,469
-884,449
-764,369
-832,409
-820,365
-904,355
-772,279
-848,291
-876,289
-900,281
-892,315
-936,381
-852,347
-692,317
-752,329
-840,365
-832,431
-860,457
-976,491
-904,453
-884,459
-916,467
-920,477
-828,337
-840,345
-848,381
-908,397
-872,385
-820,371
-864,407
-864,411
-812,357
-840,391
-836,385
-860,373
-820,369
-824,341
-824,325
-856,377
-872,341
-844,313
-840,325
-868,349
-956,365
-904,339
-928,325
-904,343
-892,323
-824,337
-884,403
-844,395
-940,487
-932,495
-1020,529
-980,505
-972,499
-1016,533
-996,531
-980,547
-952,531
-980,513
-844,465
-876,443
-884,441
-832,355
-904,359
-840,395
-840,447
-824,387
-868,415
-868,375
-856,375
-812,353
-856,395
-796,383
-828,405
-872,439
-832,415
-888,459
-904,501
-964,537
-924,485
-896,485
-928,487
-844,439
-848,429
-876,435
-796,407
-904,465
-944,513
-988,525
-968,535
-976,527
-956,537
-824,465
-872,457
-848,417
-804,373
-844,401
-748,333
-776,287
-820,301
-816,289
-776,293
-820,305
-832,279
-824,289
-840,327
-836,299
-868,343
-880,357
-868,341
-792,349
-836,347
-832,315
-856,351
-864,357
-936,369
-892,361
-832,355
-876,295
-892,339
-896,309
-932,343
-856,305
-868,285
-808,295
-712,259
-704,289
-768,343
-784,407
-668,251
-728,205
-744,153
-672,117
-772,129
-816,259
-824,309
-948,479
-920,449
-892,457
-928,481
-920,487
-968,533
-1032,545
-936,517
-948,523
-920,517
-872,483
-948,481
-936,513
-900,501
-948,509
-832,465
-864,483
-880,463
-884,479
-900,469
-892,479
-1020,537
-884,485
-924,505
-972,533
-984,537
-964,529
-856,463
-808,401
-848,371
-812,345
-880,369
-836,367
-820,367
-864,353
-840,327
-840,333
-872,359
-840,333
-824,295
-864,273
-832,289
-784,209
-836,141
-780,127
-772,49
-852,23
-844,-33
-840,-97
-824,-163
-784,-231
-772,-261
-816,-285
-816,-283
-868,-279
-836,-245
-816,-263
-788,-131
-876,-165
-864,-185
-836,-153
-744,-55
-732,-97
-732,-75
-804,-49
-732,-103
-712,-209
-848,-223
-792,-225
-844,-253
-792,-247
-876,-307
-896,-297
-900,-287
-864,-303
-852,-305
-844,-311
-800,-319
-820,-351
-764,-319
-828,-349
-884,-373
-804,-361
-884,-389
-832,-365
-836,-365
-876,-395
-896,-457
-872,-435
-932,-465
-876,-465
-920,-505
-1012,-543
-976,-515
-976,-525
-1060,-553
-992,-517
-960,-493
-916,-495
-884,-481
-924,-513
-984,-539
-932,-519
-964,-525
-924,-487
-1048,-567
-988,-543
-908,-501
-988,-549
-1028,-557
-1020,-557
-1036,-565
-972,-525
-944,-517
-1004,-523
-952,-505
-896,-465
-924,-451
-880,-445
-864,-453
-900,-471
-856,-461
-872,-467
-908,-463
-884,-463
-912,-487
-912,-487
-936,-507
-888,-485
-940,-507
-904,-503
-892,-467
-844,-435
-848,-427
-868,-461
-888,-473
-864,-455
-808,-447
-912,-471
-964,-503
-964,-513
-928,-487
-948,-533
-944,-513
-988,-529
-972,-527
-1040,-555
-1004,-527
-988,-541
-992,-541
-968,-531
-908,-517
-848,-477
-900,-487
-928,-497
-928,-505
-912,-485
-972,-501
-988,-521
-832,-465
-848,-475
-1020,-555
-1012,-541
-968,-539
-868,-475
-912,-473
-836,-435
-828,-379
-932,-399
-908,-375
-840,-359
-912,-411
-900,-435
-968,-469
-912,-433
-896,-437
-848,-417
-800,-383
-884,-433
-848,-433
-828,-411
-892,-423
-920,-433
-884,-403
-796,-335
-744,-277
-800,-333
-852,-353
-832,-261
-904,-325
-760,-329
-860,-383
-856,-415
-764,-379
-860,-421
-928,-479
-908,-489
-888,-479
-904,-469
-952,-489
-1024,-543
-940,-499
-904,-451
-916,-469
-960,-475
-968,-477
-924,-463
-884,-483
-872,-483
-948,-529
-928,-523
-884,-489
-860,-455
-828,-455
-876,-465
-908,-435
-848,-427
-928,-423
-844,-409
-852,-403
-884,-413
-908,-431
-880,-423
-888,-433
-912,-403
-892,-431
-880,-441
-928,-459
-912,-497
-928,-497
-916,-471
-888,-487
-928,-495
-936,-507
-932,-525
-944,-515
-932,-493
-984,-519
-936,-493
-912,-509
-904,-493
-868,-471
-952,-505
-896,-465
-892,-471
-920,-457
-884,-451
-924,-447
-920,-477
-844,-419
-824,-451
-888,-477
-964,-507
-888,-457
-796,-423
-948,-505
-1004,-529
-936,-507
-852,-477
-796,-397
-848,-413
-864,-437
-936,-429
-844,-363
-796,-301
-788,-345
-856,-307
-788,-281
-788,-329
-840,-371
-820,-335
-776,-363
-848,-351
-804,-351
-768,-397
-836,-373
-808,-381
-800,-367
-880,-375
-884,-415
-860,-375
-808,-297
-748,-217
-788,-251
-808,-331
-784,-311
-892,-443
-840,-415
-760,-365
-824,-419
-816,-407
-960,-461
-900,-417
-808,-315
-812,-321
-844,-353
-880,-393
-876,-393
-872,-361
-896,-403
-856,-405
-820,-357
-860,-389
-856,-355
-852,-375
-876,-375
-824,-375
-784,-379
-892,-469
-896,-483
-940,-489
-980,-509
-880,-469
-876,-461
-908,-497
-924,-483
-912,-497
-1000,-525
-880,-465
-892,-487
-880,-481
-808,-411
-864,-455
-800,-443
-900,-465
-904,-485
-872,-477
-796,-419
-848,-475
-896,-437
-824,-411
-780,-387
-828,-397
-904,-449
-880,-449
-856,-403
-840,-345
-816,-329
-776,-305
-772,-313
-812,-277
-772,-261
-788,-311
-736,-305
-820,-405
-808,-431
-852,-443
-848,-427
-844,-397
-912,-435
-900,-447
-984,-451
-996,-497
-828,-419
-836,-407
-904,-415
-908,-431
-844,-401
-796,-435
-812,-387
-792,-325
-776,-279
-704,-211
-732,-177
-732,-103
-692,-171
-748,-203
-764,-233
-752,-241
-728,-257
-788,-247
-808,-263
-852,-299
-856,-333
-872,-373
-840,-381
-848,-325
-788,-311
-852,-351
-860,-361
-804,-363
-796,-333
-724,-333
-836,-443
-932,-509
-904,-501
-952,-499
-944,-523
-952,-505
-932,-503
-892,-489
-900,-485
-1016,-549
-984,-545
-1056,-571
-1000,-539
-984,-543
-920,-501
-940,-531
-1000,-541
-948,-501
-936,-495
-860,-455
-868,-459
-908,-479
-868,-471
-944,-507
-920,-453
-844,-413
-916,-439
-904,-425
-972,-453
-988,-517
-920,-487
-908,-497
-880,-483
-824,-427
-888,-421
-848,-425
-936,-495
-932,-487
-1016,-537
-1000,-505
-968,-501
-900,-487
-968,-513
-876,-465
-936,-459
-940,-433
-912,-437
-892,-447
-916,-461
-940,-459
-844,-425
-856,-453
-880,-473
-944,-503
-992,-519
-944,-525
-952,-513
-960,-527
-1004,-551
-1016,-535
-1020,-537
-940,-495
-852,-441
-780,-403
-816,-399
-924,-457
-908,-461
-944,-503
-968,-487
-956,-501
-924,-503
-900,-489
-940,-513
-980,-529
-924,-503
-860,-471
-852,-459
-952,-521
-896,-493
-828,-425
-764,-349
-796,-309
-824,-307
-752,-193
-748,-221
-760,-223
-840,-291
-864,-361
-812,-377
-780,-313
-672,-219
-772,-251
-784,-281
-756,-241
-748,-249
-796,-221
-808,-189
-812,-183
-844,-247
-820,-245
-788,-277
-752,-201
-808,-207
-876,-243
-864,-247
-832,-263
-748,-193
-776,-227
-772,-265
-744,-295
-824,-313
-832,-313
-804,-321
-748,-289
-784,-313
-824,-343
-812,-317
-784,-331
-772,-319
-764,-329
-772,-365
-864,-399
-780,-339
-708,-283
-812,-355
-796,-385
-852,-389
-864,-417
-952,-487
-952,-469
-944,-501
-1016,-487
-916,-469
-932,-445
-912,-437
-840,-401
-912,-433
-820,-397
-852,-361
-824,-337
-808,-333
-744,-335
-804,-367
-768,-267
-744,-293
-904,-311
-916,-269
-800,-335
-828,-335
-884,-397
-792,-369
-816,-375
-888,-415
-888,-431
-836,-387
-844,-355
-820,-353
-816,-401
-824,-409
-880,-411
-820,-423
-780,-367
-812,-355
-900,-373
-892,-423
-872,-409
-908,-357
-828,-329
-900,-355
-876,-363
-900,-411
-892,-423
-860,-435
-908,-445
-1004,-495
-912,-441
-896,-431
-832,-409
-896,-459
-852,-445
-896,-471
-864,-433
-876,-429
-864,-423
-812,-341
-764,-339
-804,-379
-784,-337
-788,-361
-780,-353
-816,-305
-844,-369
-768,-309
-840,-329
-784,-257
-896,-239
-864,-281
-892,-337
-852,-297
-852,-259
-796,-175
-752,-161
-824,-131
-724,-119
-764,-205
-820,-255
-804,-235
-788,-193
-768,-157
-740,-87
-792,-79
-792,-63
-840,-143
-848,-163
-856,-185
-840,-231
-716,-223
-744,-261
-764,-285
-764,-299
-780,-335
-832,-367
-848,-393
-936,-447
-892,-427
-920,-465
-884,-447
-868,-421
-924,-455
-896,-443
-908,-431
-932,-427
-848,-399
-880,-433
-860,-433
-784,-425
-840,-445
-880,-443
-840,-477
-892,-491
-896,-473
-860,-435
-928,-443
-944,-441
-988,-463
-896,-413
-872,-375
-780,-369
-872,-371
-848,-365
-828,-335
-868,-343
-840,-371
-768,-351
-848,-347
-792,-299
-772,-285
-760,-263
-836,-293
-788,-273
-804,-269
-792,-297
-784,-269
-788,-301
-848,-347
-828,-325
-872,-381
-860,-403
-876,-435
-948,-483
-984,-475
-924,-495
-916,-519
-948,-535
-964,-517
-968,-503
-904,-465
-904,-437
-920,-453
-856,-401
-908,-427
-856,-403
-852,-435
-796,-411
-844,-401
-848,-431
-840,-435
-928,-461
-888,-437
-876,-453
-972,-505
-1000,-527
-1016,-545
-960,-517
-908,-465
-784,-361
-812,-353
-828,-399
-792,-387
-800,-381
-792,-425
-828,-397
-852,-461
-932,-499
-900,-455
-832,-369
-824,-365
-804,-343
-856,-369
-856,-411
-900,-463
-936,-489
-832,-421
-836,-411
-940,-493
-892,-479
-884,-473
-900,-455
-924,-491
-864,-461
-820,-429
-912,-485
-860,-465
-892,-465
-952,-495
-932,-509
-992,-511
-872,-467
-892,-477
-948,-491
-828,-415
-856,-459
-840,-461
-900,-485
-924,-417
-872,-415
-932,-497
-936,-501
-912,-485
-920,-485
-936,-515
-956,-523
-992,-517
-976,-511
-896,-503
-956,-533
-932,-521
-952,-527
-1012,-551
-956,-525
-940,-513
-852,-457
-868,-441
-856,-465
-1048,-555
-984,-521
-852,-433
-812,-399
-808,-423
-820,-443
-828,-443
-876,-453
-904,-437
-928,-439
-864,-405
-836,-429
-864,-465
-872,-491
-888,-491
-844,-457
-856,-465
-880,-483
-888,-493
-912,-509
-980,-507
-944,-507
-868,-445
-836,-403
-832,-427
-820,-453
-904,-459
-920,-475
-928,-495
-1032,-547
-952,-523
-884,-475
-872,-463
-852,-463
-884,-477
-840,-453
-888,-499
-996,-551
-988,-549
-944,-525
-876,-449
-880,-403
-900,-331
-912,-293
-804,-215
-784,-179
-856,-203
-880,-239
-832,-289
-756,-217
-812,-281
-736,-233
-688,-149
-724,-75
-772,-85
-780,-57
-696,-47
-760,-23
-808,-97
-752,-117
-784,-69
-780,-99
-688,-87
-740,-163
-764,-163
-756,-99
-780,-119
-740,-61
-752,25
-776,25
-740,89
-816,117
-848,101
-808,73
-872,65
-804,41
-824,51
-748,1
-792,51
-736,59
-700,89
-728,29
-736,65
-764,95
-696,105
-736,141
-688,119
-688,67
-640,61
-692,137
-720,115
-776,45
-788,79
-732,111
-708,53
-716,17
-696,21
-652,89
-700,131
-720,197
-760,145
-784,195
-800,241
-764,277
-776,243
-696,177
-700,299
-780,315
-780,203
-820,259
-784,205
-776,215
-824,287
-852,323
-860,319
-884,329
-880,327
-960,401
-928,395
-888,403
-904,437
-928,423
-876,365
-856,325
-824,323
-900,403
-924,453
-972,493
-1056,507
-968,497
-908,469
-824,395
-884,385
-824,341
-848,409
-872,413
-912,399
-852,331
-772,215
-736,171
-788,243
-708,261
-716,305
-744,357
-768,381
-720,373
-880,453
-912,471
-848,427
-872,413
-796,365
-832,395
-824,367
-856,359
-812,397
-816,405
-832,369
-892,351
-872,381
-872,369
-836,323
-880,349
-852,257
-840,237
-808,241
-840,257
-828,275
-752,259
-748,209
-800,167
-772,83
-800,145
-832,195
-772,167
-760,143
-780,191
-768,261
-820,311
-852,303
-804,289
-824,265
-812,245
-856,325
-812,357
-788,355
-860,411
-864,373
-956,409
-956,441
-976,449
-944,465
-904,443
-944,477
-828,447
-840,445
-940,479
-992,519
-952,495
-976,527
-940,505
-848,433
-908,487
-880,449
-888,473
-864,421
-792,435
-788,417
-800,385
-752,411
-832,415
-852,465
-892,475
-876,483
-840,459
-948,487
-968,511
-912,483
-924,491
-872,451
-952,501
-960,535
-888,511
-936,517
-888,489
-924,485
-904,467
-872,453
-952,515
-1000,515
-932,507
-896,481
-880,471
-928,537
-936,517
-948,525
-936,503
-964,535
-944,521
-1012,551
-944,509
-888,467
-944,459
-928,435
-856,425
-844,425
-888,427
-920,471
-920,461
-928,463
-924,451
-904,489
-912,499
-984,525
-940,515
-904,437
-912,407
-840,383
-836,393
-904,439
-952,475
-964,479
-968,457
-976,473
-908,465
-888,479
-944,487
-928,473
-1000,499
-884,429
-832,413
-904,467
-840,439
-836,441
-876,463
-896,497
-884,485
-960,533
-1036,549
-1000,521
-960,521
-972,533
-860,475
-916,493
-920,473
-1016,547
-1008,539
-964,525
-992,541
-972,511
-900,489
-860,435
-808,377
-792,331
-936,375
-940,385
-940,373
-828,357
-820,369
-844,421
-768,433
-840,461
-884,473
-912,469
-960,507
-928,513
-964,527
-880,469
-852,415
-832,355
-760,313
-772,295
-748,383
-812,407
-900,487
-880,487
-816,433
-924,505
-968,539
-912,497
-932,507
-952,527
-896,463
-932,505
-872,481
-888,507
-924,517
-984,541
-928,527
-936,513
-1032,553
-1028,557
-1076,573
-1004,543
-928,505
-940,513
-912,499
-916,507
-888,497
-936,521
-900,513
-944,527
-940,523
-1008,539
-948,509
-872,473
-928,493
-964,513
-876,481
-980,517
-980,511
-984,523
-1016,547
-940,501
-972,521
-964,527
-952,521
-868,479
-916,479
-872,469
-824,447
-808,405
-844,413
-868,425
-872,417
-860,417
-932,439
-840,417
-856,445
-908,475
-836,441
-820,427
-984,495
-884,461
-836,455
-904,499
-884,497
-920,515
-840,433
-772,377
-792,421
-836,435
-948,489
-932,487
-976,519
-952,479
-948,473
-816,467
-888,493
-884,465
-928,521
-920,511
-924,505
-920,495
-892,499
-924,513
-1016,551
-988,527
-908,481
-940,483
-920,457
-900,427
-956,475
-948,511
-924,503
-872,475
-916,491
-860,445
-912,451
-884,411
-924,401
-884,389
-872,373
-900,407
-880,433
-848,427
-816,395
-824,403
-796,367
-912,443
-948,469
-940,457
-912,415
-856,357
-948,383
-924,381
-892,355
-908,355
-880,323
-904,381
-948,355
-900,365
-824,327
-820,373
-912,445
-908,483
-920,489
-916,463
-880,419
-892,409
-932,441
-860,417
-872,439
-812,409
-772,421
-856,465
-840,443
-880,445
-932,489
-904,491
-888,481
-856,483
-836,443
-892,431
-872,429
-868,447
-868,437
-808,365
-892,383
-828,399
-872,439
-820,463
-920,523
-956,495
-880,453
-936,483
-948,489
-964,527
-936,503
-912,475
-892,455
-916,459
-908,495
-908,489
-972,519
-1012,523
-1040,539
-1064,567
-1032,561
-996,521
-940,479
-828,433
-856,381
-848,343
-872,297
-828,285
-804,323
-808,389
-896,415
-872,427
-968,499
-976,483
-940,461
-896,441
-948,467
-996,479
-908,465
-884,421
-808,367
-796,351
-816,359
-788,333
-844,373
-784,353
-812,385
-812,349
-856,395
-952,471
-936,495
-916,471
-952,481
-840,431
-848,391
-816,371
-860,423
-796,355
-904,401
-908,395
-764,353
-836,353
-772,351
-800,395
-740,387
-804,403
-808,403
-796,401
-776,375
-740,353
-712,261
-732,321
-808,373
-748,335
-792,391
-892,451
-872,407
-816,347
-788,341
-788,295
-800,275
-792,317
-812,397
-852,461
-848,453
-872,461
-896,489
-956,519
-900,503
-836,429
-788,423
-880,451
-896,435
-880,477
-888,485
-992,539
-944,517
-920,495
-932,507
-976,503
-896,473
-900,471
-964,513
-912,489
-876,461
-920,469
-988,527
-992,535
-912,485
-856,429
-844,431
-872,451
-868,459
-788,401
-836,423
-912,491
-884,443
-852,451
-964,517
-856,445
-764,367
-824,381
-848,371
-764,337
-752,277
-792,281
-764,229
-700,175
-676,123
-724,141
-732,107
-776,155
-744,133
-804,225
-772,225
-816,215
-792,221
-856,237
-804,291
-916,303
-848,231
-792,227
-752,263
-760,289
-720,195
-784,119
-748,71
-764,45
-816,5
-860,67
-820,113
-760,121
-716,105
-756,181
-704,163
-800,177
-792,243
-772,251
-812,243
-856,311
-768,257
-732,191
-788,125
-864,175
-824,125
-792,129
-808,115
-772,83
-696,75
-720,109
-744,177
-732,167
-776,165
-764,153
-692,215
-724,293
-768,321
-836,331
-880,365
-884,391
-900,381
-892,423
-796,391
-756,407
-804,423
-900,499
-920,509
-960,513
-900,469
-844,457
-772,429
-856,423
-832,441
-840,433
-876,471
-924,519
-980,533
-956,503
-952,503
-948,471
-896,473
-948,515
-968,509
-948,487
-936,461
-944,467
-860,395
-852,381
-760,381
-732,389
-756,405
-752,385
-708,373
-860,435
-932,489
-904,495
-988,539
-1012,541
-916,471
-936,487
-932,501
-980,537
-928,523
-896,513
-964,527
-1000,547
-872,479
-972,529
-936,503
-920,499
-904,487
-796,405
-844,447
-988,475
-992,493
-912,451
-864,467
-888,483
-816,401
-872,481
-892,485
-868,459
-816,413
-796,385
-780,351
-852,437
-836,345
-796,307
-788,239
-800,367
-768,285
-876,333
-880,355
-836,347
-880,379
-904,397
-792,345
-812,341
-900,341
-848,379
-828,363
-864,407
-876,437
-956,511
-1012,529
-1004,503
-932,485
-912,485
-952,505
-860,417
-836,405
-908,457
-928,471
-888,441
-904,441
-928,487
-872,489
-944,499
-912,481
-844,453
-904,473
-836,413
-860,383
-960,511
-936,511
-944,519
-984,535
-928,493
-876,469
-788,409
-748,433
-812,449
-880,497
-808,387
-892,469
-944,477
-844,439
-872,459
-868,451
-868,447
-948,465
-880,429
-876,435
-828,417
-936,461
-880,469
-956,517
-940,513
-924,491
-968,507
-892,465
-904,455
-996,501
-972,515
-952,509
-960,519
-956,511
-952,475
-916,471
-932,451
-880,447
-840,425
-888,441
-800,399
-888,425
-864,423
-868,403
-808,381
-756,417
-788,451
-844,437
-936,487
-948,497
-984,529
-920,501
-932,525
-964,531
-968,531
-924,475
-848,395
-828,433
-872,453
-920,465
-880,467
-864,467
-896,473
-896,461
-872,463
-924,493
-928,493
-916,487
-944,507
-912,507
-884,475
-884,431
-916,419
-876,429
-928,459
-968,481
-960,477
-908,501
-912,509
-928,513
-1056,569
-980,539
-908,499
-960,495
-936,497
-944,507
-1016,541
-872,487
-884,453
-980,493
-948,477
-872,409
-860,383
-884,445
-924,501
-972,517
-988,533
-1024,547
-936,511
-988,533
-980,527
-968,505
-1012,551
-984,547
-956,527
-1020,541
-932,517
-844,469
-920,501
-844,441
-948,529
-996,539
-972,527
-888,491
-888,485
-884,487
-884,473
-908,501
-872,489
-900,509
-836,453
-920,485
-940,491
-992,541
-976,525
-992,551
-956,531
-924,515
-944,523
-900,491
-988,535
-936,501
-840,429
-952,471
-904,471
-936,515
-1020,553
-992,533
-1048,573
-1048,565
-984,531
-952,511
-876,463
-964,515
-972,517
-988,521
-916,523
-928,501
-888,423
-920,467
-936,489
-984,523
-912,509
-936,481
-912,455
-940,473
-940,473
-936,443
-924,435
-880,425
-860,419
-760,347
-764,207
-796,227
-844,245
-896,281
-816,313
-824,369
-900,423
-880,441
-880,445
-900,461
-948,507
-916,499
-1032,547
-940,517
-1024,555
-1024,543
-864,481
-868,479
-860,445
-792,423
-816,459
-912,509
-964,527
-908,493
-948,473
-892,461
-884,477
-868,471
-908,483
-832,445
-792,441
-888,441
-900,459
-760,367
-872,421
-908,465
-928,443
-880,435
-916,437
-896,433
-812,399
-816,367
-768,307
-744,289
-732,309
-804,365
-768,325
-804,377
-840,431
-908,457
-892,435
-840,439
-896,481
-896,483
-864,453
-880,445
-840,471
-876,495
-868,437
-864,419
-928,439
-900,451
-936,491
-900,511
-960,539
-952,521
-892,487
-824,425
-852,445
-916,479
-936,467
-884,459
-904,455
-884,447
-888,445
-904,439
-864,425
-936,487
-928,507
-1036,537
-1000,513
-1000,537
-936,497
-932,485
-964,525
-1024,531
-960,507
-960,525
-916,487
-928,479
-908,475
-868,479
-872,465
-832,413
-928,427
-844,373
-824,333
-732,325
-772,347
-840,393
-832,393
-820,393
-812,411
-820,429
-900,495
-908,469
-848,419
-848,457
-968,519
-908,491
-900,473
-872,437
-840,437
-872,443
-872,473
-916,491
-884,453
-892,473
-876,463
-852,411
-796,425
-788,383
-800,417
-828,427
-848,411
-804,365
-848,369
-904,379
-820,307
-840,295
-832,181
-812,87
-780,109
-720,165
-744,177
-744,137
-760,181
-760,205
-756,207
-764,271
-760,325
-712,247
-752,275
-776,231
-772,189
-796,253
-760,293
-896,295
-812,275
-848,263
-828,321
-864,333
-828,337
-924,381
-912,359
-892,377
-904,379
-920,415
-852,421
-848,457
-980,515
-960,527
-984,503
-876,457
-908,465
-948,489
-912,493
-936,507
-952,519
-976,489
-968,497
-932,515
-868,455
-864,459
-936,495
-876,485
-868,473
-908,503
-884,473
-968,505
-888,501
-836,451
-976,513
-988,527
-1024,559
-1036,559
-944,531
-988,545
-932,515
-956,531
-976,521
-968,527
-976,521
-816,435
-896,459
-936,485
-940,509
-972,531
-1044,557
-1080,571
-944,505
-792,421
-828,447
-884,491
-892,499
-952,533
-932,519
-968,513
-900,447
-908,471
-868,455
-916,473
-900,481
-992,527
-952,493
-968,541
-980,535
-980,525
-1028,553
-876,455
-892,471
-944,487
-996,529
-912,511
-1016,547
-1016,545
-1004,541
-1016,529
-964,527
-868,485
-928,505
-968,527
-912,505
-940,519
-1012,531
-988,523
-1008,531
-1032,551
-972,529
-956,525
-956,513
-864,469
-896,489
-916,505
-976,539
-948,521
-960,541
-932,535
-924,525
-968,533
-944,513
-984,525
-1004,541
-888,493
-876,479
-960,513
-1000,533
-1044,539
-1012,541
-1068,561
-1036,559
-1012,543
-996,523
-944,491
-876,469
-788,421
-772,423
-836,475
-924,505
-868,481
-904,495
-900,479
-860,445
-884,463
-868,475
-828,413
-812,389
-824,397
-840,367
-816,363
-876,417
-936,479
-884,413
-888,481
-908,495
-928,507
-976,497
-944,483
-920,465
-984,491
-944,493
-912,501
-996,525
-960,513
-952,519
-896,487
-912,465
-908,499
-932,525
-980,553
-1040,565
-1008,551
-988,551
-956,519
-932,529
-936,511
-884,461
-852,405
-900,417
-932,453
-860,409
-936,439
-920,443
-848,399
-844,415
-764,363
-788,405
-916,439
-936,483
-988,483
-884,441
-836,391
-768,345
-684,307
-792,315
-788,385
-824,377
-840,329
-832,301
-840,323
-832,323
-808,359
-820,309
-828,325
-836,365
-852,425
-876,437
-792,413
-784,375
-820,355
-784,331
-808,349
-808,413
-792,411
-860,415
-832,437
-844,455
-844,473
-772,449
-800,443
-868,479
-892,489
-912,495
-884,419
-824,431
-860,443
-900,397
-860,431
-868,439
-924,491
-912,489
-892,473
-908,509
-896,495
-912,489
-932,493
-952,487
-976,463
-904,457
-832,399
-876,429
-928,463
-932,463
-904,469
-876,487
-896,465
-912,473
-880,473
-904,467
-932,483
-920,491
-908,473
-896,435
-912,439
-824,431
-832,449
-896,467
-916,481
-844,471
-828,427
-992,507
-940,513
-956,539
-924,497
-912,473
-832,463
-824,453
-952,503
-940,477
-976,529
-976,547
-952,531
-1004,541
-1000,533
-940,485
-984,501
-952,489
-988,507
-876,427
-856,417
-860,405
-832,403
-892,381
-840,389
-844,361
-828,291
-808,307
-844,317
-828,277
-776,263
-744,207
-792,181
-796,221
-828,257
-780,229
-808,255
-832,287
-892,359
-852,349
-868,329
-928,381
-832,345
-872,341
-912,363
-852,363
-840,369
-864,417
-852,363
-872,397
-880,405
-920,421
-884,379
-880,387
-820,389
-792,411
-940,495
-952,523
-936,511
-868,473
-860,455
-976,483
-932,471
-944,459
-856,395
-844,397
-832,385
-856,383
-884,419
-880,443
-872,427
-784,399
-752,369
-772,385
-852,425
-828,425
-784,385
-860,379
-852,337
-888,345
-748,251
-804,241
-776,177
-760,145
-772,119
-756,157
-736,161
-764,101
-880,121
-908,159
-920,197
-876,195
-840,199
-836,171
-832,209
-944,345
-832,327
-816,313
-864,331
-888,375
-852,355
-868,375
-860,357
-852,409
-896,471
-880,473
-940,509
-952,495
-892,455
-992,513
-936,489
-872,435
-784,359
-788,413
-784,407
-884,455
-868,433
-976,495
-936,497
-860,471
-836,451
-868,447
-872,397
-888,379
-844,395
-868,427
-964,501
-996,497
-876,471
-820,445
-924,485
-912,485
-880,473
-972,513
-924,499
-936,465
-844,461
-948,473
-940,483
-980,527
-928,495
-888,499
-908,477
-964,515
-840,461
-864,461
-884,487
-968,523
-940,501
-940,497
-928,479
-860,429
-872,429
-820,387
-784,377
-804,447
-800,353
-804,397
-880,437
-896,449
-956,447
-924,435
-872,457
-912,475
-900,439
-872,351
-820,297
-816,293
-800,275
-828,315
-864,345
-792,243
-780,287
-804,327
-752,309
-688,333
-724,303
-700,315
-804,303
-800,319
-776,321
-812,379
-836,397
-852,421
-888,431
-928,491
-864,463
-896,493
-972,537
-980,531
-920,499
-844,457
-840,469
-948,501
-948,531
-1024,551
-952,529
-972,527
-904,523
-876,481
-852,469
-836,461
-876,473
-924,497
-976,537
-928,517
-956,525
-888,477
-800,415
-820,365
-800,363
-844,419
-844,429
-952,519
-932,493
-844,453
-896,479
-900,479
-928,485
-916,441
-896,465
-884,473
-932,463
-860,433
-920,455
-900,477
-912,475
-920,473
-872,471
-824,439
-920,499
-996,529
-1000,543
-944,525
-912,515
-940,519
-868,465
-928,503
-988,537
-912,467
-848,439
-892,457
-792,409
-892,407
-916,351
-784,247
-812,255
-804,221
-852,217
-828,229
-752,223
-768,217
-828,199
-820,151
-840,163
-820,147
-836,119
-856,127
-872,121
-780,29
-756,45
-832,111
-796,95
-764,103
-872,185
-856,173
-764,173
-800,201
-808,267
-832,303
-800,373
-912,411
-964,461
-872,395
-916,381
-868,425
-844,437
-888,483
-948,523
-868,495
-980,531
-1028,559
-964,529
-960,503
-944,507
-964,533
-860,499
-920,519
-992,533
-1004,531
-1000,513
-944,475
-880,483
-908,487
-932,507
-984,525
-968,539
-896,495
-924,501
-940,499
-868,439
-848,455
-816,447
-880,481
-996,537
-872,495
-912,511
-812,439
-852,467
-924,483
-900,479
-968,515
-944,509
-868,469
-920,493
-828,435
-880,437
-916,441
-912,415
-880,441
-936,473
-980,515
-988,519
-984,541
-844,471
-912,497
-808,447
-772,395
-900,477
-924,471
-888,439
-932,469
-892,427
-916,461
-832,433
-796,423
-868,447
-888,435
-848,433
-848,441
-800,413
-920,457
-912,439
-892,473
-916,495
-908,497
-904,515
-1012,553
-1020,557
-960,517
-880,475
-972,515
-984,543
-916,513
-904,505
-936,515
-1020,555
-1048,571
-984,529
-912,497
-908,501
-940,493
-872,477
-916,501
-1004,539
-1004,551
-952,535
-880,499
-920,517
-988,535
-956,515
-852,461
-760,379
-820,405
-900,435
-848,405
-788,389
-764,363
-788,341
-856,361
-908,409
-848,375
-924,411
-852,431
-904,475
-888,487
-916,505
-976,537
-860,489
-968,517
-940,499
-852,477
-908,495
-968,499
-896,483
-896,453
-828,451
-872,451
-776,425
-876,459
-816,429
-768,381
-888,431
-832,407
-864,435
-856,447
-896,471
-860,443
-912,473
-960,487
-908,457
-860,477
-852,451
-952,507
-928,503
-984,525
-964,511
-940,493
-924,471
-908,429
-876,409
-812,377
-860,353
-868,375
-836,361
-816,357
-756,291
-816,319
-828,331
-852,377
-836,361
-820,357
-888,393
-884,343
-896,357
-904,365
-824,335
-828,313
-864,321
-804,313
-824,295
-768,281
-828,341
-776,305
-792,327
-776,289
-824,259
-808,297
-876,333
-880,345
-848,307
-828,363
-836,375
-756,351
-732,323
-860,385
-940,449
-940,461
-956,417
-988,453
-856,427
-832,411
-792,341
-812,333
-808,329
-844,217
-720,157
-760,191
-676,225
-696,181
-660,67
-692,11
-768,-23
-764,-97
-724,-115
-720,-87
-716,-63
-660,-25
-672,-69
-736,-131
-780,-109
-748,-45
-784,-7
-824,-41
-768,-41
-740,-53
-768,-81
-712,-93
-688,-63
-788,-49
-780,-75
-768,-99
-704,-95
-740,-45
-736,-55
-788,-119
-768,-251
-728,-233
-760,-191
-764,-171
-780,-181
-760,-221
-872,-291
-872,-347
-896,-387
-876,-361
-844,-357
-804,-283
-844,-349
-856,-387
-868,-379
-848,-383
-812,-409
-864,-419
-840,-351
-788,-337
-820,-369
-804,-383
-832,-347
-864,-379
-836,-369
-816,-365
-780,-375
-888,-449
-864,-445
-920,-455
-896,-441
-916,-423
-824,-313
-892,-361
-864,-389
-812,-375
-876,-423
-836,-429
-832,-435
-888,-475
-888,-413
-892,-445
-868,-395
-824,-391
-788,-355
-872,-431
-872,-449
-904,-439
-940,-399
-932,-433
-912,-385
-944,-359
-832,-309
-860,-351
-876,-315
-884,-339
-796,-333
-840,-331
-888,-383
-912,-409
-892,-395
-872,-381
-924,-427
-832,-387
-892,-401
-972,-495
-872,-465
-876,-465
-796,-435
-832,-463
-892,-483
-932,-505
-920,-487
-916,-493
-900,-477
-904,-451
-860,-469
-980,-525
-900,-497
-964,-515
-876,-483
-852,-461
-804,-435
-784,-443
-864,-487
-840,-477
-988,-531
-892,-475
-900,-503
-832,-431
-876,-449
-872,-467
-844,-457
-964,-513
-964,-519
-936,-507
-976,-529
-932,-491
-896,-475
-888,-491
-896,-485
-1072,-569
-992,-543
-892,-491
-744,-337
-828,-307
-876,-309
-732,-255
-808,-297
-780,-305
-860,-353
-804,-357
-804,-315
-856,-431
-900,-471
-948,-513
-932,-525
-892,-493
-836,-443
-788,-431
-880,-411
-900,-461
-920,-463
-936,-485
-888,-503
-972,-517
-928,-491
-968,-537
-1004,-547
-936,-511
-1000,-551
-1000,-543
-1060,-551
-1028,-527
-924,-503
-948,-515
-948,-517
-916,-487
-904,-505
-976,-529
-960,-517
-904,-505
-984,-513
-888,-461
-848,-431
-912,-457
-924,-481
-904,-471
-920,-479
-940,-491
-992,-517
-912,-489
-868,-483
-908,-517
-960,-527
-932,-509
-976,-535
-1036,-555
-940,-503
-960,-519
-976,-525
-944,-517
-960,-473
-864,-477
-824,-431
-928,-503
-904,-491
-816,-421
-864,-445
-896,-445
-872,-439
-924,-473
-872,-469
-860,-479
-924,-517
-960,-533
-988,-527
-932,-527
-908,-501
-920,-499
-872,-419
-932,-403
-948,-461
-916,-451
-976,-487
-892,-437
-888,-463
-928,-459
-932,-445
-948,-455
-872,-417
-844,-387
-848,-381
-832,-377
-816,-383
-840,-355
-796,-351
-796,-345
-820,-345
-836,-323
-800,-301
-872,-343
-792,-305
-880,-397
-876,-393
-848,-397
-820,-353
-780,-329
-728,-173
-716,-35
-744,-33
-748,61
-720,105
-712,57
-708,-3
-752,-43
-772,-53
-828,-51
-864,-67
-784,-99
-860,-137
-804,-99
-804,-33
-736,-75
-816,-117
-848,-39
-760,-3
-812,-43
-764,13
-800,43
-856,-11
-816,5
-720,-17
-720,51
-764,5
-692,-13
-736,21
-832,-15
-812,-11
-788,-91
-760,-157
-816,-175
-800,-193
-700,-119
-720,-49
-736,-43
-748,39
-800,-7
-768,55
-800,-13
-800,-1
-796,-3
-768,-9
-768,17
-768,-1
-760,-13
-748,-13
-732,-77
-764,-35
-784,-79
-808,7
-764,-17
-808,-3
-856,27
-848,35
-800,23
-764,-7
-772,5
-776,71
-856,121
-876,145
-852,105
-856,135
-884,109
-860,113
-772,189
-852,175
-792,151
-740,171
-784,123
-804,169
-764,173
-728,131
-692,137
-772,123
-784,157
-756,169
-776,229
-860,283
-816,299
-852,395
-928,407
-880,401
-928,455
-972,507
-860,453
-892,489
-908,457
-824,445
-840,455
-868,455
-864,435
-776,407
-756,429
-856,457
-840,469
-860,459
-976,499
-988,499
-924,487
-976,525
-892,465
-832,397
-836,369
-860,337
-800,267
-876,267
-852,253
-828,187
-716,161
-800,123
-772,133
-784,83
-724,29
-768,1
-808,-81
-804,-167
-780,-113
-776,-97
-816,-191
-844,-207
-836,-189
