time,prey,pred
0.000000,500,800
0.000101,499,801
0.000109,498,802
0.000147,498,801
0.000262,497,802
0.000368,496,803
0.000571,496,802
0.000738,495,803
0.000979,494,804
0.001041,493,805
0.001170,493,804
0.001267,492,805
0.001485,491,806
0.001602,491,805
0.001624,492,805
0.001640,491,806
0.001738,491,805
0.001926,490,806
0.002100,490,805
0.002134,490,804
0.002170,490,803
0.002235,489,804
0.002292,489,803
0.002433,489,802
0.002669,488,803
0.002716,488,802
0.002720,487,803
0.002833,487,802
0.002881,486,803
0.002894,487,803
0.003193,487,802
0.003279,486,803
0.003381,486,802
0.003653,485,803
0.003781,486,803
0.003795,485,804
0.003816,485,803
0.003933,486,803
0.003957,486,802
0.004043,487,802
0.004247,486,803
0.004251,487,803
0.004269,487,802
0.004326,487,801
0.004343,488,801
0.004365,488,800
0.004459,488,799
0.004514,488,798
0.004522,487,799
0.004640,486,800
0.004660,486,799
0.004894,485,800
0.005013,485,799
0.005126,486,799
0.005148,485,800
0.005174,485,799
0.005280,484,800
0.005301,485,800
0.005319,486,800
0.005330,487,800
0.005460,486,801
0.005631,486,800
0.005649,485,801
0.005687,484,802
0.006027,483,803
0.006468,484,803
0.006912,484,802
0.006925,483,803
0.006932,482,804
0.007000,481,805
0.007017,481,804
0.007153,481,803
0.007265,481,802
0.007439,482,802
0.007532,482,801
0.007626,481,802
0.007984,481,801
0.008107,480,802
0.008280,479,803
0.008281,478,804
0.008431,478,803
0.008804,477,804
0.008884,478,804
0.008898,477,805
0.009166,477,804
0.009548,478,804
0.010138,478,803
0.010297,477,804
0.010465,477,803
0.010533,476,804
0.010578,477,804
0.010599,476,805
0.010661,476,804
0.010815,476,803
0.010827,476,802
0.010831,477,802
0.010844,477,801
0.011063,478,801
0.011163,478,800
0.011200,479,800
0.011301,478,801
0.011333,478,800
0.011371,478,799
0.011471,477,800
0.011812,476,801
0.011815,476,800
0.012089,476,799
0.012137,476,798
0.012290,476,797
0.012458,475,798
0.012465,476,798
0.012581,477,798
0.012615,478,798
0.012703,479,798
0.012732,478,799
0.012827,479,799
0.012984,480,799
0.013001,479,800
0.013020,480,800
0.013213,480,799
0.013456,480,798
0.013574,480,797
0.013575,481,797
0.013642,481,796
0.013684,481,795
0.013766,481,794
0.013871,481,793
0.013909,481,792
0.014058,480,793
0.014220,479,794
0.014413,479,793
0.014564,478,794
0.014740,477,795
0.014764,478,795
0.014922,478,794
0.014936,477,795
0.014937,476,796
0.015083,476,795
0.015086,475,796
0.015093,476,796
0.015504,475,797
0.015516,474,798
0.015568,473,799
0.015577,474,799
0.015665,474,798
0.015810,473,799
0.015847,473,798
0.015870,473,797
0.015897,472,798
0.016087,472,797
0.016117,471,798
0.016210,470,799
0.016224,471,799
0.016344,471,798
0.016539,471,797
0.016591,470,798
0.016757,469,799
0.016770,468,800
0.016789,468,799
0.016941,468,798
0.017354,467,799
0.017364,467,798
0.017383,466,799
0.017487,466,798
0.017878,467,798
0.018004,467,797
0.018008,467,796
0.018079,466,797
0.018114,465,798
0.018200,465,797
0.018313,465,796
0.018433,465,795
0.018549,466,795
0.018908,467,795
0.019382,468,795
0.019448,467,796
0.019615,466,797
0.019644,466,796
0.019674,465,797
0.019678,464,798
0.019693,463,799
0.019799,462,800
0.020181,462,799
0.020558,463,799
0.020671,462,800
0.020748,463,800
0.020946,463,799
0.021089,463,798
0.021243,464,798
0.021291,464,797
0.021308,464,796
0.021362,464,795
0.021694,464,794
0.021794,463,795
0.021850,462,796
0.021987,462,795
0.022015,462,794
0.022050,463,794
0.022095,462,795
0.022163,463,795
0.022207,463,794
0.022343,463,793
0.022616,462,794
0.022664,461,795
0.022699,462,795
0.022712,462,794
0.022786,463,794
0.023116,464,794
0.023142,465,794
0.023157,464,795
0.023178,463,796
0.023242,464,796
0.023565,463,797
0.023717,464,797
0.023835,465,797
0.023944,465,796
0.023958,466,796
0.024168,465,797
0.024289,465,796
0.024342,464,797
0.024385,465,797
0.024456,465,796
0.024478,465,795
0.024650,464,796
0.024679,464,795
0.024920,464,794
0.025276,463,795
0.025362,464,795
0.025519,463,796
0.025577,464,796
0.025777,464,795
0.025961,464,794
0.026052,464,793
0.026115,464,792
0.026257,464,791
0.026358,465,791
0.026573,464,792
0.026613,465,792
0.026640,465,791
0.026744,464,792
0.026799,465,792
0.027344,465,791
0.027462,466,791
0.027699,466,790
0.027852,465,791
0.027890,465,790
0.027932,466,790
0.028028,466,789
0.028096,467,789
0.028181,467,788
0.028183,467,787
0.028584,467,786
0.028662,466,787
0.028742,465,788
0.028748,465,787
0.028896,465,786
0.029174,465,785
0.029248,465,784
0.029312,464,785
0.029312,464,784
0.029315,464,783
0.029348,463,784
0.029431,462,785
0.029653,462,784
0.029684,462,783
0.029925,462,782
0.029993,462,781
0.029996,462,780
0.030008,461,781
0.030117,461,780
0.030229,461,779
0.030262,460,780
0.030446,460,779
0.030576,459,780
0.030803,459,779
0.030899,458,780
0.030926,458,779
0.030967,457,780
0.030969,458,780
0.030980,457,781
0.030994,456,782
0.031046,455,783
0.031175,454,784
0.031187,454,783
0.031221,453,784
0.031776,453,783
0.031813,452,784
0.031866,453,784
0.032024,453,783
0.032024,453,782
0.032091,452,783
0.032225,452,782
0.032243,451,783
0.032420,451,782
0.032551,451,781
0.032702,450,782
0.032783,450,781
0.032790,449,782
0.032903,449,781
0.033091,448,782
0.033328,447,783
0.033502,448,783
0.033949,448,782
0.034199,447,783
0.034223,446,784
0.034290,446,783
0.034376,445,784
0.034415,444,785
0.034424,443,786
0.034591,442,787
0.034628,441,788
0.034779,442,788
0.034809,442,787
0.035003,442,786
0.035039,441,787
0.035102,440,788
0.035261,440,787
0.035279,439,788
0.035280,438,789
0.035693,438,788
0.035756,438,787
0.035815,437,788
0.036298,436,789
0.036390,436,788
0.036450,435,789
0.036862,434,790
0.036899,435,790
0.036950,435,789
0.037108,436,789
0.037532,436,788
0.037538,436,787
0.037590,437,787
0.037601,436,788
0.037711,435,789
0.037805,435,788
0.037809,434,789
0.037815,434,788
0.037898,435,788
0.038101,434,789
0.038276,433,790
0.038401,433,789
0.038452,433,788
0.038667,432,789
0.038709,432,788
0.038850,433,788
0.039103,433,787
0.039320,433,786
0.039350,434,786
0.039452,433,787
0.039454,432,788
0.039578,432,787
0.039587,431,788
0.039592,431,787
0.039625,432,787
0.039773,432,786
0.039842,432,785
0.039848,431,786
0.039884,432,786
0.039891,431,787
0.040131,431,786
0.040437,430,787
0.040456,431,787
0.040543,432,787
0.040624,433,787
0.040640,433,786
0.040683,433,785
0.040764,432,786
0.041003,433,786
0.041116,432,787
0.041210,432,786
0.041294,432,785
0.041375,433,785
0.041876,433,784
0.041947,433,783
0.041969,432,784
0.042262,431,785
0.042429,430,786
0.042571,430,785
0.042724,429,786
0.042731,429,785
0.043072,428,786
0.043156,427,787
0.043193,426,788
0.043498,425,789
0.043538,425,788
0.043568,424,789
0.043672,423,790
0.043827,424,790
0.043942,424,789
0.043969,423,790
0.043987,423,789
0.044124,423,788
0.044136,422,789
0.044202,422,788
0.044396,421,789
0.044446,420,790
0.044532,420,789
0.044562,419,790
0.044579,418,791
0.044648,417,792
0.044651,417,791
0.044691,417,790
0.044701,416,791
0.044846,415,792
0.044980,415,791
0.045059,415,790
0.045217,415,789
0.045254,416,789
0.045260,416,788
0.045393,415,789
0.045532,416,789
0.045624,416,788
0.045836,415,789
0.045864,414,790
0.045978,415,790
0.046072,415,789
0.046162,415,788
0.046167,414,789
0.046331,413,790
0.046408,412,791
0.046510,411,792
0.046649,410,793
0.046725,409,794
0.047003,409,793
0.047228,409,792
0.047308,408,793
0.047403,408,792
0.047625,407,793
0.048239,406,794
0.048377,406,793
0.048438,406,792
0.048626,405,793
0.048652,404,794
0.048654,405,794
0.048747,404,795
0.048840,405,795
0.049136,405,794
0.049284,405,793
0.049305,406,793
0.049323,406,792
0.049437,406,791
0.049554,406,790
0.049616,406,789
0.049720,406,788
0.049723,406,787
0.049857,406,786
0.050083,406,785
0.050119,406,784
0.050305,406,783
0.050612,406,782
0.050714,406,781
0.051029,407,781
0.051041,406,782
0.051219,406,781
0.051799,405,782
0.051847,405,781
0.051975,405,780
0.052171,405,779
0.052181,405,778
0.052305,406,778
0.052643,406,777
0.052811,405,778
0.052847,406,778
0.052920,406,777
0.053031,405,778
0.053126,405,777
0.053182,406,777
0.053215,405,778
0.053232,404,779
0.053264,404,778
0.053360,403,779
0.053445,403,778
0.053644,403,777
0.053848,404,777
0.054018,403,778
0.054061,402,779
0.054071,402,778
0.054143,401,779
0.054186,400,780
0.054327,399,781
0.054616,399,780
0.054849,398,781
0.054969,398,780
0.055214,398,779
0.055281,399,779
0.055360,399,778
0.055369,399,777
0.055468,398,778
0.055473,398,777
0.055718,398,776
0.055842,397,777
0.055890,397,776
0.056494,397,775
0.056529,396,776
0.056714,396,775
0.056732,395,776
0.056747,394,777
0.056809,393,778
0.056952,393,777
0.057105,392,778
0.057353,391,779
0.057641,390,780
0.057674,389,781
0.057738,389,780
0.057766,388,781
0.057788,388,780
0.058245,388,779
0.058477,388,778
0.058576,387,779
0.058730,387,778
0.058906,386,779
0.058969,386,778
0.058986,385,779
0.059247,385,778
0.059251,384,779
0.059385,384,778
0.059482,383,779
0.059485,382,780
0.059653,381,781
0.059988,380,782
0.060011,381,782
0.060108,380,783
0.060178,379,784
0.060253,378,785
0.060495,377,786
0.060526,377,785
0.060548,377,784
0.060620,376,785
0.060802,376,784
0.061001,375,785
0.061085,375,784
0.061136,374,785
0.061165,373,786
0.061230,373,785
0.061271,372,786
0.061291,371,787
0.061316,370,788
0.061353,369,789
0.061427,368,790
0.061449,368,789
0.061468,368,788
0.061513,368,787
0.061699,368,786
0.062141,368,785
0.062174,367,786
0.062185,366,787
0.062342,365,788
0.062389,366,788
0.062469,365,789
0.062511,365,788
0.062791,366,788
0.063112,367,788
0.063187,367,787
0.063212,368,787
0.063583,367,788
0.063621,366,789
0.064057,365,790
0.064094,364,791
0.064184,364,790
0.064221,364,789
0.064300,364,788
0.064380,363,789
0.064454,363,788
0.064638,362,789
0.064664,361,790
0.064689,360,791
0.064892,359,792
0.064959,358,793
0.064966,357,794
0.065063,356,795
0.065159,356,794
0.065227,356,793
0.065325,355,794
0.065433,355,793
0.065482,356,793
0.065751,357,793
0.065903,356,794
0.066474,357,794
0.066737,357,793
0.066780,356,794
0.066847,355,795
0.067064,355,794
0.067113,355,793
0.067118,356,793
0.067270,355,794
0.067342,355,793
0.067653,355,792
0.067726,354,793
0.067812,354,792
0.067942,354,791
0.068052,355,791
0.068097,354,792
0.068175,354,791
0.068231,354,790
0.068411,353,791
0.068546,352,792
0.068594,351,793
0.068625,350,794
0.068789,350,793
0.068991,349,794
0.069050,350,794
0.069197,349,795
0.069382,348,796
0.069436,349,796
0.069928,349,795
0.070302,350,795
0.070809,350,794
0.071389,349,795
0.071661,349,794
0.071971,348,795
0.072204,348,794
0.072277,348,793
0.072531,349,793
0.072543,349,792
0.072627,348,793
0.072917,347,794
0.072925,347,793
0.072949,347,792
0.073238,346,793
0.073555,347,793
0.073587,348,793
0.073880,348,792
0.074061,347,793
0.074079,346,794
0.074334,346,793
0.074613,346,792
0.074723,345,793
0.074737,346,793
0.074776,347,793
0.074948,347,792
0.075079,346,793
0.075086,345,794
0.075095,344,795
0.075110,344,794
0.075535,344,793
0.075657,344,792
0.076012,345,792
0.076161,344,793
0.076415,344,792
0.076429,344,791
0.076570,344,790
0.076650,344,789
0.076651,343,790
0.076769,342,791
0.076980,342,790
0.077003,341,791
0.077019,341,790
0.077241,340,791
0.077250,339,792
0.077392,340,792
0.077448,339,793
0.077493,338,794
0.077511,338,793
0.077635,337,794
0.077842,336,795
0.077866,337,795
0.078006,337,794
0.078375,336,795
0.078470,335,796
0.078531,334,797
0.078544,334,796
0.078728,334,795
0.078833,335,795
0.078911,334,796
0.079342,333,797
0.079455,334,797
0.079678,334,796
0.079873,335,796
0.079974,335,795
0.080264,334,796
0.080290,334,795
0.080486,335,795
0.080572,336,795
0.080574,336,794
0.080736,337,794
0.080742,336,795
0.081035,335,796
0.081112,336,796
0.081219,336,795
0.081503,335,796
0.081913,335,795
0.082118,335,794
0.082140,334,795
0.082258,334,794
0.082476,333,795
0.082625,333,794
0.082909,332,795
0.082953,332,794
0.082971,333,794
0.083050,333,793
0.083185,332,794
0.083236,331,795
0.083267,331,794
0.083337,330,795
0.083359,330,794
0.083495,330,793
0.083623,329,794
0.083727,328,795
0.083968,328,794
0.084093,328,793
0.084476,327,794
0.084503,327,793
0.084517,328,793
0.084959,329,793
0.085026,329,792
0.085117,329,791
0.085775,329,790
0.085796,329,789
0.085813,329,788
0.086176,329,787
0.086269,329,786
0.086433,328,787
0.086505,328,786
0.086506,328,785
0.086783,327,786
0.086862,327,785
0.087039,328,785
0.087090,329,785
0.087286,328,786
0.087516,327,787
0.087763,327,786
0.087898,327,785
0.087923,327,784
0.088228,327,783
0.088289,328,783
0.088317,328,782
0.088382,328,781
0.088568,328,780
0.088631,329,780
0.088687,329,779
0.088728,328,780
0.088840,329,780
0.088919,329,779
0.088991,328,780
0.089056,327,781
0.089115,327,780
0.089135,327,779
0.089137,326,780
0.089243,326,779
0.089344,327,779
0.089438,327,778
0.089553,327,777
0.089728,326,778
0.089838,325,779
0.089991,324,780
0.090108,325,780
0.090219,324,781
0.090225,324,780
0.090711,324,779
0.090734,324,778
0.090750,323,779
0.090761,323,778
0.091153,323,777
0.091166,323,776
0.091208,323,775
0.091395,323,774
0.091816,322,775
0.092147,322,774
0.092220,322,773
0.092315,321,774
0.092499,320,775
0.092603,320,774
0.093025,319,775
0.093059,318,776
0.093124,317,777
0.093502,316,778
0.093509,316,777
0.093667,315,778
0.093749,314,779
0.093753,313,780
0.093828,313,779
0.094035,313,778
0.094057,313,777
0.094063,312,778
0.094074,312,777
0.094226,312,776
0.094393,311,777
0.094655,311,776
0.094679,311,775
0.094777,311,774
0.094843,312,774
0.094900,312,773
0.094985,311,774
0.095064,310,775
0.095086,309,776
0.095119,308,777
0.095263,308,776
0.095315,308,775
0.095575,308,774
0.095595,308,773
0.095718,307,774
0.095913,307,773
0.096244,307,772
0.096273,306,773
0.096350,306,772
0.096391,306,771
0.096492,305,772
0.096793,304,773
0.096930,305,773
0.096950,305,772
0.096981,304,773
0.097026,304,772
0.097278,304,771
0.097394,303,772
0.097433,303,771
0.097462,304,771
0.097488,303,772
0.097520,302,773
0.097543,302,772
0.097751,302,771
0.097893,301,772
0.097924,301,771
0.098273,300,772
0.098637,299,773
0.098749,299,772
0.098866,298,773
0.099245,297,774
0.099311,297,773
0.099322,297,772
0.099589,297,771
0.099601,296,772
0.099704,295,773
0.099862,295,772
0.100270,295,771
0.100501,295,770
0.100546,295,769
0.100629,295,768
0.100746,294,769
0.100810,294,768
0.100828,294,767
0.101547,293,768
0.101582,294,768
0.101668,294,767
0.101690,293,768
0.102072,293,767
0.102148,294,767
0.102285,294,766
0.102603,294,765
0.102683,294,764
0.103000,293,765
0.103022,293,764
0.103060,292,765
0.103398,293,765
0.103705,292,766
0.103740,292,765
0.103799,293,765
0.103858,293,764
0.103868,293,763
0.104205,292,764
0.104352,291,765
0.104446,290,766
0.104662,290,765
0.104689,291,765
0.105379,291,764
0.105402,291,763
0.105412,291,762
0.105520,291,761
0.105684,290,762
0.105724,291,762
0.105735,290,763
0.105794,290,762
0.105807,289,763
0.105856,289,762
0.106016,289,761
0.106158,290,761
0.106187,290,760
0.106203,290,759
0.107035,290,758
0.107068,290,757
0.107484,289,758
0.107762,289,757
0.107916,288,758
0.107958,288,757
0.108099,289,757
0.108418,289,756
0.108617,289,755
0.108693,289,754
0.109007,288,755
0.109032,288,754
0.109080,288,753
0.109176,287,754
0.109641,287,753
0.109662,287,752
0.109789,286,753
0.109893,285,754
0.110150,286,754
0.110322,287,754
0.110686,286,755
0.110694,286,754
0.110950,286,753
0.110954,286,752
0.111253,285,753
0.111376,285,752
0.111433,284,753
0.111487,284,752
0.111554,284,751
0.111613,284,750
0.111683,283,751
0.111706,282,752
0.111724,281,753
0.111833,281,752
0.111979,281,751
0.112180,280,752
0.112215,280,751
0.112476,280,750
0.112645,280,749
0.112745,279,750
0.112787,279,749
0.112808,278,750
0.112855,278,749
0.113002,278,748
0.113184,277,749
0.113226,278,749
0.113366,278,748
0.113553,278,747
0.113738,277,748
0.113900,277,747
0.113908,277,746
0.113969,276,747
0.114069,276,746
0.114106,276,745
0.114121,277,745
0.114285,278,745
0.114470,279,745
0.114480,278,746
0.114599,277,747
0.114668,277,746
0.114817,278,746
0.114961,279,746
0.114972,278,747
0.115104,278,746
0.115205,277,747
0.115229,278,747
0.115244,277,748
0.115510,277,747
0.115816,276,748
0.115871,277,748
0.116014,276,749
0.116215,276,748
0.116216,276,747
0.116288,275,748
0.116360,276,748
0.116373,275,749
0.116589,274,750
0.116657,274,749
0.116697,274,748
0.116876,274,747
0.117107,273,748
0.117119,274,748
0.117168,274,747
0.117180,273,748
0.117234,273,747
0.117693,274,747
0.117715,273,748
0.117895,273,747
0.118175,272,748
0.118203,272,747
0.118346,273,747
0.118386,272,748
0.118441,272,747
0.118787,272,746
0.118834,272,745
0.119139,271,746
0.119307,271,745
0.119321,270,746
0.119439,269,747
0.119664,270,747
0.119733,270,746
0.119824,270,745
0.119849,270,744
0.120423,270,743
0.120760,270,742
0.121004,270,741
0.121077,270,740
0.121079,269,741
0.121095,268,742
0.121154,269,742
0.121214,268,743
0.121348,267,744
0.122076,266,745
0.122203,266,744
0.122508,266,743
0.122639,266,742
0.122923,267,742
0.123109,266,743
0.123191,267,743
0.123546,267,742
0.123680,267,741
0.124206,267,740
0.124227,266,741
0.124398,265,742
0.124644,265,741
0.124701,265,740
0.124800,266,740
0.124847,266,739
0.125017,265,740
0.125193,265,739
0.125221,265,738
0.125229,264,739
0.125455,264,738
0.125608,263,739
0.125653,263,738
0.125809,263,737
0.126058,263,736
0.126140,262,737
0.126599,262,736
0.126621,261,737
0.126707,260,738
0.127042,260,737
0.127127,261,737
0.127375,261,736
0.127408,262,736
0.127756,263,736
0.127844,264,736
0.127886,263,737
0.127907,262,738
0.127930,262,737
0.128012,261,738
0.128244,261,737
0.128461,260,738
0.128486,260,737
0.128685,260,736
0.128735,259,737
0.128836,259,736
0.128841,258,737
0.128891,258,736
0.128899,258,735
0.128994,258,734
0.129032,258,733
0.129186,258,732
0.129203,258,731
0.129228,258,730
0.129238,257,731
0.129437,257,730
0.129595,258,730
0.129607,257,731
0.129787,258,731
0.129817,257,732
0.130818,256,733
0.130880,257,733
0.131127,256,734
0.131316,256,733
0.131649,256,732
0.131857,256,731
0.131925,256,730
0.131939,256,729
0.132025,256,728
0.132284,255,729
0.132308,255,728
0.132311,256,728
0.132492,257,728
0.132697,256,729
0.132775,256,728
0.132966,255,729
0.133042,255,728
0.133339,254,729
0.133358,255,729
0.133568,255,728
0.133679,256,728
0.133840,256,727
0.134094,255,728
0.134259,255,727
0.134268,255,726
0.134495,254,727
0.134569,254,726
0.134586,254,725
0.134723,254,724
0.134750,253,725
0.135050,253,724
0.135353,253,723
0.135407,252,724
0.135471,251,725
0.135492,251,724
0.135670,250,725
0.136352,250,724
0.136381,251,724
0.136613,251,723
0.137323,250,724
0.137496,250,723
0.137514,250,722
0.137575,250,721
0.137677,250,720
0.137890,250,719
0.137977,251,719
0.138288,251,718
0.138811,251,717
0.139009,251,716
0.139315,250,717
0.139568,250,716
0.139939,250,715
0.140118,250,714
0.140159,250,713
0.140432,250,712
0.140557,251,712
0.140562,250,713
0.140914,251,713
0.140998,250,714
0.141169,250,713
0.141352,249,714
0.141410,249,713
0.141670,248,714
0.141898,248,713
0.142035,248,712
0.142259,247,713
0.142987,247,712
0.143158,247,711
0.143335,247,710
0.143426,247,709
0.143516,246,710
0.143558,246,709
0.143574,246,708
0.143606,245,709
0.143758,244,710
0.144129,244,709
0.144375,244,708
0.144450,243,709
0.145106,243,708
0.145520,243,707
0.145678,243,706
0.146068,243,705
0.146165,243,704
0.146166,244,704
0.146522,244,703
0.146611,244,702
0.146785,244,701
0.146838,244,700
0.146908,244,699
0.147094,244,698
0.147477,243,699
0.147519,243,698
0.147698,243,697
0.147719,243,696
0.147811,243,695
0.147830,244,695
0.148270,244,694
0.148569,244,693
0.148711,244,692
0.148771,243,693
0.148842,242,694
0.148921,241,695
0.148939,240,696
0.149030,240,695
0.149049,240,694
0.149368,240,693
0.149702,241,693
0.149725,240,694
0.149749,239,695
0.149763,239,694
0.149922,239,693
0.150097,239,692
0.150303,239,691
0.150458,239,690
0.150471,239,689
0.150723,239,688
0.150915,239,687
0.150974,239,686
0.150990,239,685
0.151320,239,684
0.151392,239,683
0.151580,239,682
0.151735,240,682
0.151739,241,682
0.151914,240,683
0.152015,240,682
0.152153,239,683
0.152255,238,684
0.152460,237,685
0.152494,237,684
0.152520,236,685
0.152596,236,684
0.152613,236,683
0.152631,235,684
0.152665,234,685
0.152667,234,684
0.152735,233,685
0.152764,233,684
0.152827,233,683
0.152862,232,684
0.153056,233,684
0.153077,234,684
0.153590,234,683
0.153969,233,684
0.154039,232,685
0.154241,231,686
0.154262,232,686
0.154274,231,687
0.154689,232,687
0.154874,231,688
0.155134,231,687
0.155308,230,688
0.155443,231,688
0.155519,231,687
0.155550,231,686
0.155555,232,686
0.155614,231,687
0.155665,230,688
0.155879,229,689
0.155922,228,690
0.155980,227,691
0.156147,227,690
0.156430,227,689
0.156432,227,688
0.156727,227,687
0.156979,227,686
0.157419,227,685
0.157604,227,684
0.158109,226,685
0.158431,226,684
0.158753,225,685
0.158831,225,684
0.158940,225,683
0.159186,225,682
0.159379,225,681
0.159381,225,680
0.159643,225,679
0.159693,225,678
0.159791,225,677
0.160016,225,676
0.160440,225,675
0.160580,225,674
0.160711,226,674
0.160907,225,675
0.160977,225,674
0.161086,225,673
0.161289,225,672
0.161375,225,671
0.161506,225,670
0.161823,224,671
0.161934,223,672
0.162017,223,671
0.162038,223,670
0.162050,223,669
0.162151,222,670
0.162178,222,669
0.162494,222,668
0.162607,222,667
0.162980,222,666
0.163694,223,666
0.163755,222,667
0.164429,223,667
0.164496,223,666
0.164581,222,667
0.164619,223,667
0.164741,222,668
0.165069,221,669
0.165253,220,670
0.165294,220,669
0.165903,219,670
0.165933,219,669
0.165959,219,668
0.166023,219,667
0.166516,219,666
0.166530,218,667
0.166760,217,668
0.166887,218,668
0.167020,218,667
0.167108,218,666
0.167231,218,665
0.167532,218,664
0.167686,219,664
0.167757,220,664
0.167776,220,663
0.168125,220,662
0.168337,220,661
0.168798,220,660
0.169030,219,661
0.169133,220,661
0.169181,220,660
0.169342,220,659
0.169432,220,658
0.169600,219,659
0.169745,219,658
0.169753,219,657
0.169892,218,658
0.170034,217,659
0.170288,216,660
0.170337,216,659
0.170345,217,659
0.170828,217,658
0.170998,217,657
0.171446,216,658
0.171477,215,659
0.171546,214,660
0.171564,214,659
0.171629,214,658
0.171630,214,657
0.171728,214,656
0.171819,213,657
0.171979,213,656
0.172013,213,655
0.172075,213,654
0.172223,213,653
0.172665,213,652
0.172946,212,653
0.173230,212,652
0.173629,213,652
0.173631,213,651
0.173636,212,652
0.173770,212,651
0.173991,211,652
0.174083,211,651
0.174304,211,650
0.174396,210,651
0.174415,210,650
0.174535,210,649
0.174539,210,648
0.174615,210,647
0.174670,211,647
0.174786,212,647
0.174827,212,646
0.174896,212,645
0.175572,213,645
0.175771,213,644
0.175888,214,644
0.176026,214,643
0.176032,214,642
0.176200,214,641
0.176277,213,642
0.176496,214,642
0.176741,213,643
0.177040,212,644
0.177078,212,643
0.177323,213,643
0.177336,213,642
0.177705,213,641
0.177770,213,640
0.178018,212,641
0.178253,212,640
0.178279,212,639
0.178476,212,638
0.178794,211,639
0.178932,212,639
0.179114,211,640
0.179331,211,639
0.179592,211,638
0.179737,210,639
0.179965,211,639
0.179996,211,638
0.180467,211,637
0.180502,211,636
0.180586,212,636
0.180749,212,635
0.180762,211,636
0.180779,211,635
0.180835,211,634
0.181166,211,633
0.181378,211,632
0.181525,211,631
0.182037,211,630
0.182359,210,631
0.182450,210,630
0.182651,210,629
0.182653,209,630
0.183019,208,631
0.183060,208,630
0.183720,208,629
0.183805,208,628
0.183807,208,627
0.184073,207,628
0.184301,207,627
0.184614,208,627
0.184846,208,626
0.184902,208,625
0.184943,207,626
0.184959,206,627
0.185076,207,627
0.185076,207,626
0.185213,208,626
0.185265,208,625
0.185565,208,624
0.185647,209,624
0.186120,209,623
0.186461,209,622
0.186601,209,621
0.186622,210,621
0.186716,210,620
0.187076,210,619
0.187102,210,618
0.187281,210,617
0.187614,209,618
0.187880,210,618
0.187955,210,617
0.187963,210,616
0.188297,209,617
0.188369,210,617
0.188382,210,616
0.188541,210,615
0.188736,210,614
0.188817,211,614
0.189197,210,615
0.189214,210,614
0.189231,209,615
0.189379,208,616
0.189493,208,615
0.189815,207,616
0.189834,207,615
0.189970,206,616
0.190332,205,617
0.190402,205,616
0.190674,205,615
0.190887,205,614
0.191000,206,614
0.191116,206,613
0.191579,206,612
0.191653,205,613
0.191684,205,612
0.191843,204,613
0.191900,203,614
0.191917,203,613
0.192205,203,612
0.192247,203,611
0.192399,203,610
0.192597,202,611
0.192603,202,610
0.192691,201,611
0.192758,201,610
0.192865,201,609
0.193236,201,608
0.194656,201,607
0.194736,201,606
0.194838,201,605
0.194851,201,604
0.195012,201,603
0.195041,201,602
0.195181,201,601
0.195209,200,602
0.195264,200,601
0.195291,200,600
0.195545,200,599
0.195767,200,598
0.195865,200,597
0.195971,200,596
0.196009,199,597
0.196740,199,596
0.196950,199,595
0.197209,200,595
0.197324,200,594
0.197389,200,593
0.197407,200,592
0.197606,200,591
0.197711,200,590
0.197739,200,589
0.198287,201,589
0.198313,201,588
0.198364,201,587
0.198713,201,586
0.198799,200,587
0.198871,200,586
0.199000,201,586
0.199043,201,585
0.199107,201,584
0.199231,201,583
0.199264,200,584
0.199420,199,585
0.199529,198,586
0.199556,198,585
0.199575,198,584
0.199760,198,583
0.199887,198,582
0.200175,198,581
0.200391,198,580
0.200533,199,580
0.200534,199,579
0.200737,199,578
0.200995,198,579
0.201093,198,578
0.201538,197,579
0.201626,197,578
0.201668,196,579
0.201809,195,580
0.202099,195,579
0.202115,194,580
0.202158,195,580
0.202176,195,579
0.202184,194,580
0.202269,194,579
0.202421,194,578
0.202464,193,579
0.202475,193,578
0.202634,192,579
0.202752,192,578
0.203260,192,577
0.203278,192,576
0.203505,192,575
0.203571,192,574
0.204132,192,573
0.204408,192,572
0.204430,192,571
0.204445,193,571
0.204651,192,572
0.205120,192,571
0.206639,193,571
0.206828,193,570
0.207118,194,570
0.207287,194,569
0.207334,194,568
0.207397,193,569
0.207995,193,568
0.208516,193,567
0.208845,193,566
0.208879,193,565
0.208932,194,565
0.209175,193,566
0.209256,192,567
0.209707,192,566
0.209877,192,565
0.210504,192,564
0.210509,191,565
0.210913,191,564
0.211005,191,563
0.211267,190,564
0.211370,189,565
0.211418,189,564
0.211586,189,563
0.211706,188,564
0.211775,187,565
0.212206,188,565
0.212566,188,564
0.213025,188,563
0.213162,188,562
0.213721,188,561
0.214185,188,560
0.215067,188,559
0.215416,188,558
0.215611,188,557
0.215629,188,556
0.215899,188,555
0.216128,188,554
0.216394,187,555
0.216505,187,554
0.216658,186,555
0.217343,185,556
0.217436,186,556
0.217438,186,555
0.217696,186,554
0.217700,186,553
0.218365,186,552
0.218460,186,551
0.218583,186,550
0.218808,186,549
0.218830,186,548
0.219086,186,547
0.219293,185,548
0.219773,185,547
0.219814,185,546
0.219923,184,547
0.220236,184,546
0.220577,183,547
0.220614,183,546
0.220966,183,545
0.221344,184,545
0.221417,184,544
0.222020,184,543
0.222155,184,542
0.222281,184,541
0.222438,184,540
0.222457,184,539
0.223048,185,539
0.223156,185,538
0.223471,185,537
0.223534,184,538
0.223644,183,539
0.224016,184,539
0.224509,184,538
0.224522,184,537
0.224960,184,536
0.225096,184,535
0.225204,184,534
0.225480,183,535
0.225560,182,536
0.225816,181,537
0.225846,181,536
0.226747,180,537
0.227005,180,536
0.227154,180,535
0.227511,180,534
0.227565,180,533
0.227579,180,532
0.227600,180,531
0.227673,180,530
0.227818,180,529
0.227927,180,528
0.228068,180,527
0.228808,180,526
0.229030,180,525
0.229158,181,525
0.229413,181,524
0.229650,181,523
0.229747,180,524
0.229924,180,523
0.230148,181,523
0.231131,181,522
0.231196,181,521
0.231287,181,520
0.231804,181,519
0.231884,181,518
0.232331,180,519
0.232639,180,518
0.232713,180,517
0.232853,179,518
0.232915,179,517
0.234052,178,518
0.234333,177,519
0.235152,177,518
0.235720,178,518
0.236178,177,519
0.236657,177,518
0.236762,177,517
0.237818,177,516
0.238723,178,516
0.239024,178,515
0.239116,178,514
0.239118,177,515
0.239880,177,514
0.240059,178,514
0.240092,178,513
0.240306,178,512
0.240585,178,511
0.240703,178,510
0.240869,179,510
0.240903,180,510
0.241105,180,509
0.241194,179,510
0.241670,180,510
0.241714,180,509
0.241811,180,508
0.242535,180,507
0.242817,180,506
0.243872,181,506
0.243912,180,507
0.244040,180,506
0.244369,179,507
0.244621,178,508
0.245098,177,509
0.245267,176,510
0.245423,176,509
0.245617,176,508
0.245965,175,509
0.245997,175,508
0.246033,175,507
0.246232,175,506
0.246578,175,505
0.246876,175,504
0.248179,174,505
0.248379,174,504
0.248599,173,505
0.248960,172,506
0.249841,171,507
0.250137,171,506
0.250211,171,505
0.250395,171,504
0.250466,172,504
0.251212,172,503
0.251240,172,502
0.251247,171,503
0.251490,171,502
0.251497,171,501
0.251771,171,500
0.252683,171,499
0.252916,171,498
0.253059,171,497
0.254442,171,496
0.255089,172,496
0.255139,173,496
0.255330,173,495
0.255388,172,496
0.255840,172,495
0.255966,172,494
0.255996,172,493
0.256311,172,492
0.256496,172,491
0.256567,172,490
0.257004,171,491
0.257389,171,490
0.257449,171,489
0.257580,170,490
0.257585,171,490
0.257600,171,489
0.257645,172,489
0.258852,171,490
0.258913,171,489
0.259206,171,488
0.259302,171,487
0.259464,172,487
0.259759,171,488
0.260459,171,487
0.260852,172,487
0.260951,172,486
0.260988,172,485
0.261001,172,484
0.261007,172,483
0.261313,172,482
0.261413,171,483
0.261487,171,482
0.262114,171,481
0.262246,172,481
0.262652,173,481
0.262705,173,480
0.262708,172,481
0.262894,172,480
0.263138,171,481
0.263299,172,481
0.263329,172,480
0.263588,172,479
0.264146,172,478
0.264294,172,477
0.264334,173,477
0.264360,173,476
0.264541,173,475
0.265015,172,476
0.265249,172,475
0.265368,172,474
0.265859,171,475
0.266078,171,474
0.266441,171,473
0.267113,171,472
0.267321,171,471
0.267553,171,470
0.267692,171,469
0.267948,171,468
0.268107,171,467
0.268346,171,466
0.268497,170,467
0.268628,169,468
0.268995,168,469
0.269323,168,468
0.269663,168,467
0.269753,168,466
0.269801,168,465
0.269987,169,465
0.270270,168,466
0.270615,168,465
0.271189,168,464
0.271255,167,465
0.271444,166,466
0.271521,166,465
0.271651,166,464
0.272024,166,463
0.272094,166,462
0.272613,165,463
0.272663,164,464
0.273753,164,463
0.274054,165,463
0.274357,165,462
0.274455,165,461
0.274501,165,460
0.274766,165,459
0.275512,164,460
0.275652,163,461
0.275971,164,461
0.276074,164,460
0.276645,163,461
0.276705,163,460
0.277046,162,461
0.277815,161,462
0.277914,162,462
0.278027,162,461
0.278154,162,460
0.278272,162,459
0.278804,162,458
0.279500,162,457
0.279544,162,456
0.280075,161,457
0.280428,161,456
0.280473,162,456
0.280655,163,456
0.280875,163,455
0.281027,163,454
0.281174,163,453
0.281649,163,452
0.281768,162,453
0.282158,162,452
0.282190,162,451
0.282523,162,450
0.283129,162,449
0.283145,163,449
0.283741,163,448
0.283803,162,449
0.283806,163,449
0.283984,164,449
0.284502,163,450
0.284616,162,451
0.284665,162,450
0.285116,161,451
0.285184,161,450
0.285215,161,449
0.285573,161,448
0.285614,161,447
0.286535,161,446
0.286724,160,447
0.287048,160,446
0.287115,160,445
0.287156,159,446
0.287659,160,446
0.287755,160,445
0.288343,160,444
0.289246,159,445
0.289360,159,444
0.290125,158,445
0.290301,158,444
0.290977,157,445
0.291438,156,446
0.292084,157,446
0.292292,158,446
0.292387,157,447
0.292510,158,447
0.292585,158,446
0.292823,157,447
0.292996,157,446
0.293266,157,445
0.293267,156,446
0.293421,157,446
0.293489,157,445
0.293562,156,446
0.294110,156,445
0.294435,156,444
0.295538,156,443
0.295567,156,442
0.295722,156,441
0.295952,155,442
0.295965,155,441
0.296638,155,440
0.296950,155,439
0.297253,155,438
0.297475,155,437
0.298357,155,436
0.298429,155,435
0.299197,154,436
0.299297,154,435
0.299487,154,434
0.299778,154,433
0.300139,154,432
0.300266,154,431
0.300749,154,430
0.300895,153,431
0.301235,152,432
0.301671,151,433
0.301732,151,432
0.302201,151,431
0.302418,152,431
0.302512,153,431
0.302522,152,432
0.302584,152,431
0.302656,152,430
0.302745,152,429
0.302826,152,428
0.302945,152,427
0.303842,152,426
0.304216,152,425
0.305005,151,426
0.305654,151,425
0.305985,150,426
0.306282,151,426
0.306351,151,425
0.306854,151,424
0.306961,151,423
0.307034,152,423
0.307115,153,423
0.307135,153,422
0.307594,153,421
0.307692,153,420
0.307752,152,421
0.308008,152,420
0.308221,151,421
0.308227,150,422
0.308351,150,421
0.308569,150,420
0.308994,149,421
0.309181,148,422
0.309979,148,421
0.310670,148,420
0.311128,147,421
0.311223,148,421
0.311620,148,420
0.311638,147,421
0.312007,147,420
0.312013,148,420
0.312110,147,421
0.312114,146,422
0.312187,146,421
0.312343,146,420
0.312511,146,419
0.312573,146,418
0.313251,146,417
0.313259,146,416
0.313870,145,417
0.314294,146,417
0.315106,147,417
0.315109,147,416
0.315333,147,415
0.315485,147,414
0.315734,147,413
0.315777,148,413
0.316512,147,414
0.316749,147,413
0.316934,147,412
0.316997,148,412
0.318026,148,411
0.318108,148,410
0.319325,148,409
0.319355,147,410
0.319601,148,410
0.319703,148,409
0.319836,148,408
0.320191,148,407
0.320207,148,406
0.320335,148,405
0.320516,148,404
0.321064,148,403
0.321072,147,404
0.321092,148,404
0.321372,147,405
0.322229,148,405
0.322698,148,404
0.322753,147,405
0.322771,147,404
0.323187,147,403
0.323598,147,402
0.323752,147,401
0.323784,146,402
0.323960,146,401
0.324063,146,400
0.324177,146,399
0.324414,145,400
0.324616,145,399
0.325082,145,398
0.325112,145,397
0.325141,146,397
0.325178,146,396
0.326136,147,396
0.326515,146,397
0.326757,146,396
0.327069,146,395
0.327173,145,396
0.327510,145,395
0.327684,146,395
0.329055,146,394
0.330083,146,393
0.330227,146,392
0.330266,147,392
0.330390,146,393
0.330482,146,392
0.330852,146,391
0.331454,146,390
0.331681,146,389
0.331767,145,390
0.332026,145,389
0.332763,145,388
0.333109,145,387
0.333165,144,388
0.333372,144,387
0.333804,144,386
0.333910,143,387
0.334492,142,388
0.334655,142,387
0.334800,141,388
0.335951,141,387
0.336300,141,386
0.336361,142,386
0.336522,142,385
0.336720,142,384
0.337132,142,383
0.337616,141,384
0.338156,142,384
0.338214,142,383
0.338615,142,382
0.339150,143,382
0.339327,143,381
0.339831,143,380
0.340514,144,380
0.341179,144,379
0.341600,144,378
0.342915,143,379
0.342937,143,378
0.343156,143,377
0.343522,143,376
0.343578,143,375
0.343762,143,374
0.344708,143,373
0.344860,143,372
0.345698,143,371
0.346963,142,372
0.347927,142,371
0.348229,141,372
0.348507,141,371
0.348953,141,370
0.349324,141,369
0.349521,141,368
0.349935,142,368
0.349967,142,367
0.350080,142,366
0.350365,141,367
0.350578,141,366
0.350606,142,366
0.351469,143,366
0.351658,143,365
0.352163,143,364
0.352483,143,363
0.352666,144,363
0.352941,143,364
0.353453,142,365
0.354060,142,364
0.354113,143,364
0.354239,142,365
0.354516,142,364
0.355324,141,365
0.357270,140,366
0.357535,140,365
0.358317,141,365
0.358969,141,364
0.359383,141,363
0.359420,142,363
0.360128,142,362
0.360694,141,363
0.360705,141,362
0.360761,141,361
0.361374,141,360
0.361515,141,359
0.361563,141,358
0.361617,140,359
0.361694,139,360
0.361855,138,361
0.362370,138,360
0.362423,137,361
0.363637,136,362
0.364247,136,361
0.364279,136,360
0.364577,135,361
0.364597,135,360
0.365296,134,361
0.365615,133,362
0.365700,133,361
0.366162,133,360
0.366263,133,359
0.366264,133,358
0.366285,133,357
0.366542,133,356
0.367597,133,355
0.367646,133,354
0.368070,133,353
0.368811,133,352
0.369048,132,353
0.369080,131,354
0.369168,131,353
0.369667,130,354
0.369821,129,355
0.370708,128,356
0.370753,127,357
0.370925,127,356
0.371112,127,355
0.371476,127,354
0.371900,127,353
0.372327,127,352
0.372347,126,353
0.372351,125,354
0.372513,124,355
0.372580,124,354
0.373057,124,353
0.373258,124,352
0.374300,124,351
0.374825,123,352
0.374850,123,351
0.374870,123,350
0.375698,124,350
0.376203,124,349
0.376582,124,348
0.376925,123,349
0.377268,123,348
0.377523,122,349
0.377904,122,348
0.378090,122,347
0.378399,121,348
0.378421,121,347
0.379303,121,346
0.379477,121,345
0.379854,121,344
0.380262,121,343
0.380904,122,343
0.381923,122,342
0.382789,121,343
0.383420,121,342
0.384217,121,341
0.384704,121,340
0.384751,121,339
0.384840,121,338
0.385949,122,338
0.387366,123,338
0.387458,123,337
0.387539,122,338
0.387693,122,337
0.388270,121,338
0.388525,121,337
0.389272,120,338
0.389311,119,339
0.389343,120,339
0.389467,119,340
0.389890,119,339
0.390696,120,339
0.391802,120,338
0.391832,120,337
0.392354,120,336
0.392462,119,337
0.392865,120,337
0.393338,119,338
0.393588,119,337
0.393651,119,336
0.393877,119,335
0.394065,119,334
0.394542,119,333
0.395439,118,334
0.395958,118,333
0.397414,117,334
0.397621,116,335
0.398666,116,334
0.398784,117,334
0.398789,116,335
0.398954,116,334
0.399557,115,335
0.400589,116,335
0.400673,115,336
0.400734,116,336
0.401307,116,335
0.402083,116,334
0.402084,115,335
0.402701,115,334
0.402726,115,333
0.403310,115,332
0.403887,115,331
0.404098,115,330
0.404597,115,329
0.404723,114,330
0.405759,114,329
0.405941,113,330
0.406575,113,329
0.406593,113,328
0.406844,112,329
0.407181,112,328
0.407738,112,327
0.409331,112,326
0.409390,112,325
0.409991,112,324
0.410391,112,323
0.411304,112,322
0.411769,112,321
0.411869,112,320
0.411918,113,320
0.411937,113,319
0.413509,113,318
0.413832,113,317
0.414315,113,316
0.414489,113,315
0.415029,113,314
0.415537,113,313
0.415931,114,313
0.416174,114,312
0.416272,115,312
0.416441,115,311
0.416510,116,311
0.416601,117,311
0.416876,117,310
0.417698,117,309
0.417787,117,308
0.417992,117,307
0.418548,117,306
0.418650,117,305
0.419560,117,304
0.420087,117,303
0.420326,116,304
0.420367,117,304
0.420461,117,303
0.420790,117,302
0.420884,117,301
0.421227,117,300
0.421604,118,300
0.421967,118,299
0.421996,118,298
0.422544,117,299
0.423254,117,298
0.423408,118,298
0.423980,118,297
0.424507,118,296
0.424563,117,297
0.424787,117,296
0.424854,118,296
0.424886,118,295
0.425676,118,294
0.426797,118,293
0.427480,118,292
0.427985,118,291
0.428069,119,291
0.428187,119,290
0.428225,119,289
0.428271,119,288
0.428314,120,288
0.428567,120,287
0.428956,120,286
0.429160,120,285
0.429770,121,285
0.430512,121,284
0.430820,121,283
0.431108,121,282
0.431719,122,282
0.431889,122,281
0.433551,121,282
0.434158,121,281
0.434814,121,280
0.435379,122,280
0.435744,122,279
0.436094,123,279
0.436789,123,278
0.437192,123,277
0.437675,124,277
0.438602,124,276
0.438783,124,275
0.440396,124,274
0.440625,124,273
0.441005,123,274
0.441376,123,273
0.441940,123,272
0.441960,123,271
0.442075,124,271
0.442601,124,270
0.444131,124,269
0.444569,123,270
0.444771,123,269
0.445171,122,270
0.445299,122,269
0.445459,122,268
0.445867,122,267
0.446299,122,266
0.446359,122,265
0.446477,123,265
0.447416,123,264
0.448149,123,263
0.448504,124,263
0.448916,124,262
0.448944,124,261
0.449072,124,260
0.449929,123,261
0.450248,122,262
0.451346,123,262
0.451528,122,263
0.451716,123,263
0.451999,123,262
0.452509,123,261
0.452627,122,262
0.453534,123,262
0.454989,123,261
0.455375,124,261
0.455447,125,261
0.456166,126,261
0.456629,125,262
0.457247,125,261
0.457782,125,260
0.457862,125,259
0.458646,126,259
0.459009,125,260
0.460041,126,260
0.460216,126,259
0.460622,126,258
0.461283,125,259
0.461423,125,258
0.461923,125,257
0.463529,126,257
0.463800,126,256
0.463875,125,257
0.464384,126,257
0.464807,126,256
0.465372,125,257
0.465580,125,256
0.465751,126,256
0.465976,126,255
0.466459,126,254
0.466538,126,253
0.467065,126,252
0.467621,127,252
0.468521,127,251
0.469133,127,250
0.469360,127,249
0.470167,128,249
0.470680,129,249
0.470970,130,249
0.471276,130,248
0.471699,131,248
0.471818,131,247
0.472391,131,246
0.472631,132,246
0.473884,133,246
0.474020,132,247
0.474469,132,246
0.474828,132,245
0.475218,132,244
0.475262,132,243
0.475608,132,242
0.476209,132,241
0.478089,132,240
0.479189,133,240
0.479432,133,239
0.479658,134,239
0.479883,135,239
0.480066,135,238
0.480841,136,238
0.481933,136,237
0.482533,136,236
0.483761,136,235
0.484151,136,234
0.486115,137,234
0.486209,137,233
0.486268,137,232
0.487115,137,231
0.487992,137,230
0.488211,136,231
0.488444,137,231
0.489020,138,231
0.489070,138,230
0.490665,138,229
0.490736,138,228
0.491664,138,227
0.491839,139,227
0.492609,139,226
0.493068,139,225
0.493169,139,224
0.493237,139,223
0.494211,140,223
0.494893,140,222
0.495147,140,221
0.495533,141,221
0.496294,141,220
0.496509,142,220
0.497092,143,220
0.497731,144,220
0.498588,144,219
0.499489,144,218
0.499832,145,218
0.500210,145,217
0.500609,146,217
0.501608,145,218
0.501653,146,218
0.503290,146,217
0.503781,146,216
0.504000,146,215
0.504050,146,214
0.506392,146,213
0.506922,147,213
0.507297,146,214
0.507963,146,213
0.508621,146,212
0.508942,145,213
0.509051,145,212
0.510416,145,211
0.511412,145,210
0.511574,146,210
0.511893,145,211
0.512288,146,211
0.512314,146,210
0.515707,146,209
0.516145,146,208
0.516774,146,207
0.517009,145,208
0.517939,145,207
0.518601,145,206
0.519433,146,206
0.519684,146,205
0.519737,146,204
0.519737,147,204
0.520583,147,203
0.522902,147,202
0.523162,147,201
0.523580,147,200
0.524086,147,199
0.524362,147,198
0.525588,148,198
0.525593,148,197
0.526836,149,197
0.529169,149,196
0.529483,150,196
0.529856,150,195
0.530450,150,194
0.530780,150,193
0.531066,150,192
0.531232,150,191
0.531732,150,190
0.531832,150,189
0.532850,151,189
0.532927,151,188
0.535491,151,187
0.535751,152,187
0.536994,152,186
0.537901,152,185
0.538311,152,184
0.538543,152,183
0.538788,151,184
0.540457,151,183
0.540538,152,183
0.540886,152,182
0.541159,151,183
0.541177,152,183
0.543454,152,182
0.543470,152,181
0.543690,151,182
0.543735,151,181
0.544483,151,180
0.544847,151,179
0.546390,151,178
0.546460,152,178
0.548302,153,178
0.548558,154,178
0.548932,153,179
0.549479,153,178
0.549655,153,177
0.550414,154,177
0.550797,154,176
0.551470,154,175
0.551865,154,174
0.553027,154,173
0.553085,155,173
0.553585,155,172
0.554728,156,172
0.556059,157,172
0.556208,158,172
0.556675,158,171
0.557335,158,170
0.557920,158,169
0.558017,158,168
0.558105,159,168
0.558624,159,167
0.559391,160,167
0.559584,160,166
0.559957,160,165
0.560148,161,165
0.560254,160,166
0.560486,161,166
0.560777,162,166
0.561337,162,165
0.561367,162,164
0.562109,163,164
0.562705,164,164
0.563299,163,165
0.563888,163,164
0.564573,162,165
0.565096,162,164
0.566348,162,163
0.566958,161,164
0.569424,162,164
0.569449,162,163
0.569554,162,162
0.570289,163,162
0.571247,164,162
0.572162,165,162
0.572958,164,163
0.573166,164,162
0.573659,164,161
0.573683,164,160
0.576724,163,161
0.577007,164,161
0.577746,165,161
0.578032,165,160
0.579457,165,159
0.579745,164,160
0.581887,164,159
0.582080,165,159
0.582380,166,159
0.584283,165,160
0.585306,166,160
0.586427,166,159
0.586517,165,160
0.586576,165,159
0.586629,166,159
0.586774,166,158
0.586794,166,157
0.587149,165,158
0.588534,165,157
0.589297,164,158
0.590465,165,158
0.591174,165,157
0.591488,165,156
0.592553,165,155
0.592613,165,154
0.593974,164,155
0.594137,164,154
0.594274,165,154
0.594638,165,153
0.597288,165,152
0.598336,165,151
0.598486,165,150
0.599560,165,149
0.600948,166,149
0.601136,165,150
0.601267,165,149
0.601653,165,148
0.602819,165,147
0.603743,166,147
0.604647,167,147
0.608380,167,146
0.609311,166,147
0.609553,166,146
0.610096,165,147
0.610859,165,146
0.611098,165,145
0.612564,165,144
0.612626,165,143
0.613670,166,143
0.613918,166,142
0.615587,165,143
0.615759,166,143
0.615841,166,142
0.616246,166,141
0.616288,167,141
0.616782,167,140
0.617398,166,141
0.617667,167,141
0.617982,168,141
0.618942,168,140
0.619895,169,140
0.620052,169,139
0.620282,169,138
0.620994,169,137
0.621085,170,137
0.621386,169,138
0.621395,170,138
0.621620,170,137
0.621917,169,138
0.622265,169,137
0.622810,170,137
0.623531,170,136
0.623708,169,137
0.624108,170,137
0.624184,170,136
0.625293,170,135
0.625404,171,135
0.625422,170,136
0.626003,170,135
0.626080,171,135
0.627136,172,135
0.627737,173,135
0.628007,174,135
0.630007,174,134
0.630681,174,133
0.630800,174,132
0.630985,175,132
0.631115,175,131
0.631624,176,131
0.631872,175,132
0.632735,174,133
0.633607,175,133
0.634194,175,132
0.636451,176,132
0.636765,177,132
0.637101,177,131
0.638032,177,130
0.638193,177,129
0.638939,178,129
0.639216,178,128
0.639304,179,128
0.639858,178,129
0.640132,179,129
0.640157,179,128
0.640174,179,127
0.641348,180,127
0.641830,179,128
0.642186,180,128
0.642915,180,127
0.642976,179,128
0.643136,178,129
0.643640,178,128
0.643650,177,129
0.644435,178,129
0.645545,177,130
0.646854,176,131
0.647351,176,130
0.648150,176,129
0.650350,176,128
0.650609,176,127
0.651212,176,126
0.654353,176,125
0.654454,177,125
0.654962,177,124
0.655561,176,125
0.656717,175,126
0.657069,175,125
0.657839,175,124
0.658052,176,124
0.658954,175,125
0.659111,176,125
0.659598,177,125
0.659645,176,126
0.660261,176,125
0.660949,177,125
0.660967,178,125
0.662492,178,124
0.664154,179,124
0.665326,180,124
0.666730,179,125
0.667071,180,125
0.667232,181,125
0.669700,181,124
0.671129,182,124
0.672268,183,124
0.672345,182,125
0.672383,183,125
0.672575,182,126
0.672912,183,126
0.674797,183,125
0.674995,183,124
0.675428,183,123
0.675465,184,123
0.676883,183,124
0.677770,183,123
0.679289,183,122
0.680180,183,121
0.680215,184,121
0.680576,185,121
0.680786,185,120
0.684740,185,119
0.685388,186,119
0.685655,185,120
0.686481,185,119
0.687050,186,119
0.687745,185,120
0.689249,186,120
0.689509,186,119
0.689804,186,118
0.692552,186,117
0.693270,186,116
0.694467,186,115
0.695092,187,115
0.695254,187,114
0.696507,186,115
0.696641,186,114
0.696887,187,114
0.698028,186,115
0.698677,186,114
0.698904,185,115
0.700225,185,114
0.700293,184,115
0.701169,184,114
0.701265,184,113
0.701299,185,113
0.701521,185,112
0.702112,185,111
0.703161,184,112
0.704018,185,112
0.704095,184,113
0.704359,183,114
0.705169,183,113
0.707972,182,114
0.708794,182,113
0.709823,183,113
0.710423,183,112
0.711780,183,111
0.711955,182,112
0.712682,183,112
0.713314,182,113
0.714517,183,113
0.714543,183,112
0.715116,183,111
0.715812,184,111
0.716345,185,111
0.717610,185,110
0.720211,186,110
0.720386,186,109
0.721126,186,108
0.722072,185,109
0.723217,186,109
0.724755,186,108
0.726073,186,107
0.729086,187,107
0.729100,188,107
0.729424,188,106
0.729765,187,107
0.730051,188,107
0.730437,189,107
0.730850,190,107
0.732982,190,106
0.733797,191,106
0.735235,192,106
0.735389,193,106
0.736337,192,107
0.737272,192,106
0.737526,193,106
0.738885,193,105
0.738972,194,105
0.741823,194,104
0.745566,195,104
0.747600,194,105
0.747670,193,106
0.748341,194,106
0.748632,195,106
0.749409,196,106
0.751067,197,106
0.751776,198,106
0.752162,199,106
0.755478,200,106
0.755481,200,105
0.755741,199,106
0.755946,199,105
0.757156,198,106
0.757857,199,106
0.757922,198,107
0.758004,199,107
0.758045,199,106
0.758142,198,107
0.758465,197,108
0.759900,196,109
0.760295,196,108
0.760439,197,108
0.760504,196,109
0.761122,196,108
0.762237,197,108
0.762449,197,107
0.762571,198,107
0.764201,197,108
0.764749,198,108
0.764907,198,107
0.764923,199,107
0.765641,199,106
0.767293,200,106
0.768014,200,105
0.768653,200,104
0.769786,200,103
0.770698,199,104
0.772123,200,104
0.773806,201,104
0.775708,201,103
0.775905,202,103
0.775908,202,102
0.776264,201,103
0.776525,201,102
0.776556,201,101
0.776788,202,101
0.777396,203,101
0.778269,203,100
0.778388,203,99
0.778686,204,99
0.780820,204,98
0.780916,205,98
0.781062,206,98
0.781917,207,98
0.782454,207,97
0.782966,207,96
0.784214,207,95
0.785738,206,96
0.786567,206,95
0.786722,206,94
0.789034,207,94
0.793728,207,93
0.794171,207,92
0.794388,208,92
0.797586,208,91
0.797597,209,91
0.797642,210,91
0.798261,210,90
0.800827,211,90
0.801229,211,89
0.801810,211,88
0.802669,211,87
0.803166,211,86
0.803481,212,86
0.803859,212,85
0.804117,213,85
0.804268,213,84
0.804340,214,84
0.806059,215,84
0.806069,216,84
0.806504,217,84
0.808034,218,84
0.809039,219,84
0.809589,220,84
0.810203,221,84
0.810710,222,84
0.814950,223,84
0.815294,224,84
0.816352,225,84
0.817040,226,84
0.818593,226,83
0.818744,227,83
0.818957,227,82
0.819751,227,81
0.819842,228,81
0.821146,229,81
0.822166,230,81
0.822249,231,81
0.822400,232,81
0.823234,231,82
0.824342,230,83
0.824584,231,83
0.825530,231,82
0.826534,232,82
0.826658,233,82
0.828258,233,81
0.828342,233,80
0.828800,234,80
0.829453,234,79
0.830461,234,78
0.832423,235,78
0.832853,235,77
0.833172,235,76
0.833764,236,76
0.834166,237,76
0.835044,238,76
0.835267,239,76
0.835629,240,76
0.836701,240,75
0.836749,241,75
0.837478,242,75
0.837680,241,76
0.839164,242,76
0.840036,243,76
0.841560,242,77
0.842546,243,77
0.843101,243,76
0.845409,244,76
0.846135,245,76
0.847582,246,76
0.848918,245,77
0.849223,246,77
0.850600,246,76
0.850870,245,77
0.851084,246,77
0.851774,246,76
0.852020,247,76
0.852928,248,76
0.853171,248,75
0.854130,249,75
0.854696,250,75
0.854878,251,75
0.856190,251,74
0.856310,250,75
0.856503,250,74
0.860141,251,74
0.860753,252,74
0.861247,253,74
0.861371,254,74
0.861694,253,75
0.864121,254,75
0.864448,255,75
0.866039,256,75
0.866342,256,74
0.866619,257,74
0.867748,257,73
0.867901,258,73
0.868275,259,73
0.868787,260,73
0.869048,261,73
0.870297,262,73
0.871610,262,72
0.871939,263,72
0.873713,263,71
0.873840,263,70
0.874149,262,71
0.874267,262,70
0.874488,263,70
0.874648,264,70
0.874685,264,69
0.875340,265,69
0.876712,266,69
0.877193,267,69
0.877242,268,69
0.877808,269,69
0.878570,270,69
0.879422,271,69
0.880012,270,70
0.881803,270,69
0.881828,271,69
0.882737,271,68
0.883977,272,68
0.884830,273,68
0.884951,274,68
0.885035,275,68
0.885314,276,68
0.885802,276,67
0.887074,275,68
0.887414,276,68
0.888160,277,68
0.888766,278,68
0.889586,278,67
0.890304,279,67
0.890499,280,67
0.894856,281,67
0.896264,281,66
0.896404,280,67
0.897264,281,67
0.897810,282,67
0.897828,283,67
0.898489,284,67
0.898677,285,67
0.899687,286,67
0.900949,287,67
0.902623,288,67
0.903839,288,66
0.905640,289,66
0.906413,290,66
0.908055,291,66
0.908370,291,65
0.908521,291,64
0.909190,292,64
0.910686,293,64
0.911282,293,63
0.911421,294,63
0.913252,295,63
0.913773,295,62
0.915227,294,63
0.917756,294,62
0.918337,294,61
0.918503,295,61
0.919487,295,60
0.919536,295,59
0.919699,296,59
0.921561,297,59
0.923303,298,59
0.923485,299,59
0.924788,300,59
0.925695,301,59
0.925706,302,59
0.925823,302,58
0.926896,301,59
0.929149,302,59
0.930060,303,59
0.930401,303,58
0.931264,304,58
0.931279,305,58
0.932746,306,58
0.933341,307,58
0.933876,308,58
0.934352,309,58
0.935174,310,58
0.935356,311,58
0.937049,312,58
0.937384,313,58
0.939049,314,58
0.939366,315,58
0.940708,316,58
0.941392,317,58
0.943773,318,58
0.945263,319,58
0.946546,320,58
0.947216,321,58
0.948277,322,58
0.948860,323,58
0.948966,324,58
0.949341,323,59
0.951122,324,59
0.951820,325,59
0.952093,326,59
0.952312,326,58
0.952312,326,57
0.953058,327,57
0.953075,328,57
0.953752,329,57
0.954825,330,57
0.955574,330,56
0.956095,331,56
0.957554,332,56
0.959301,333,56
0.959355,334,56
0.959453,335,56
0.959525,335,55
0.959781,336,55
0.960253,337,55
0.960404,337,54
0.961237,338,54
0.962275,337,55
0.962471,336,56
0.963270,337,56
0.963524,338,56
0.964000,339,56
0.964421,340,56
0.964795,339,57
0.964831,338,58
0.965049,338,57
0.965264,339,57
0.965531,340,57
0.965564,339,58
0.965572,340,58
0.965778,341,58
0.965837,342,58
0.966492,343,58
0.968041,343,57
0.968828,344,57
0.969016,343,58
0.969433,344,58
0.970448,344,57
0.970593,343,58
0.971368,344,58
0.971744,345,58
0.971886,346,58
0.972661,347,58
0.973008,348,58
0.973125,349,58
0.974160,350,58
0.974299,351,58
0.974464,352,58
0.974540,353,58
0.975006,354,58
0.975160,355,58
0.975360,356,58
0.976146,356,57
0.976516,357,57
0.976670,358,57
0.976703,359,57
0.978686,359,56
0.979035,360,56
0.980102,361,56
0.980747,362,56
0.980928,363,56
0.981365,363,55
0.982870,364,55
0.984131,365,55
0.985085,366,55
0.986864,367,55
0.987470,368,55
0.987845,369,55
0.988145,370,55
0.989055,371,55
0.989494,372,55
0.989726,373,55
0.990444,374,55
0.991060,373,56
0.991204,374,56
0.992141,375,56
0.992791,376,56
0.993547,377,56
0.994426,377,55
0.994516,378,55
0.994587,379,55
0.995271,379,54
0.995445,380,54
0.995911,381,54
0.996104,382,54
0.996383,383,54
0.996448,384,54
0.996802,385,54
0.998152,386,54
0.999843,387,54
1.000360,388,54
1.000933,389,54
1.003296,390,54
1.003424,391,54
1.003921,392,54
1.004741,393,54
1.005046,394,54
1.006003,394,53
1.006742,395,53
1.007155,396,53
1.007468,396,52
1.007636,396,51
1.007742,397,51
1.008077,396,52
1.008325,397,52
1.008732,397,51
1.009207,397,50
1.010103,398,50
1.010303,399,50
1.011686,400,50
1.012094,400,49
1.012537,401,49
1.013205,401,48
1.013483,402,48
1.014146,401,49
1.014834,402,49
1.015650,401,50
1.016236,400,51
1.016480,400,50
1.017845,399,51
1.017933,400,51
1.019013,399,52
1.020855,400,52
1.021232,401,52
1.022214,400,53
1.022485,401,53
1.023358,401,52
1.025885,402,52
1.025950,402,51
1.025965,401,52
1.027258,402,52
1.028104,401,53
1.028274,402,53
1.030456,402,52
1.030791,402,51
1.031071,401,52
1.031764,402,52
1.032231,403,52
1.032808,404,52
1.033018,405,52
1.033169,405,51
1.034388,406,51
1.035222,405,52
1.036221,406,52
1.037562,405,53
1.038052,406,53
1.038663,407,53
1.038667,408,53
1.038857,407,54
1.039921,408,54
1.040686,407,55
1.040773,406,56
1.041193,405,57
1.041989,406,57
1.042447,406,56
1.042792,406,55
1.043031,407,55
1.044507,408,55
1.044528,409,55
1.045492,410,55
1.046672,410,54
1.047358,411,54
1.048920,410,55
1.048967,411,55
1.049217,412,55
1.049751,413,55
1.051105,414,55
1.052075,415,55
1.052413,416,55
1.052623,416,54
1.054283,417,54
1.055183,418,54
1.055199,417,55
1.055343,417,54
1.055998,418,54
1.056654,418,53
1.056684,417,54
1.057079,416,55
1.057134,416,54
1.057172,417,54
1.058201,418,54
1.058640,418,53
1.058863,418,52
1.058967,419,52
1.059707,420,52
1.059788,420,51
1.060225,420,50
1.061261,421,50
1.061465,422,50
1.061584,423,50
1.061649,424,50
1.061852,425,50
1.062011,426,50
1.062629,425,51
1.062800,426,51
1.062987,427,51
1.063443,427,50
1.064708,427,49
1.064773,428,49
1.066308,429,49
1.066437,430,49
1.066581,431,49
1.067179,432,49
1.067183,433,49
1.067756,434,49
1.068166,435,49
1.068529,436,49
1.068758,437,49
1.068804,436,50
1.070739,437,50
1.070866,438,50
1.070972,437,51
1.071708,438,51
1.072157,439,51
1.072840,440,51
1.072863,440,50
1.074023,439,51
1.074443,439,50
1.074535,440,50
1.074864,439,51
1.074906,440,51
1.075148,441,51
1.076770,442,51
1.077083,443,51
1.077780,444,51
1.079307,445,51
1.079943,446,51
1.080371,447,51
1.081347,448,51
1.081408,448,50
1.082343,449,50
1.083005,450,50
1.083698,451,50
1.084845,452,50
1.084928,453,50
1.085256,454,50
1.085261,455,50
1.085882,456,50
1.085896,456,49
1.087519,457,49
1.087835,456,50
1.087893,457,50
1.088651,457,49
1.088683,457,48
1.089665,458,48
1.089766,458,47
1.091743,459,47
1.092097,459,46
1.092521,460,46
1.092649,461,46
1.092816,462,46
1.092974,461,47
1.093293,462,47
1.093882,461,48
1.095441,462,48
1.095871,463,48
1.096082,463,47
1.096098,464,47
1.096990,465,47
1.097344,466,47
1.099245,467,47
1.099703,467,46
1.099825,468,46
1.100024,469,46
1.100102,470,46
1.100633,471,46
1.100909,470,47
1.101493,469,48
1.101951,470,48
1.102391,471,48
1.102397,472,48
1.103345,473,48
1.104336,474,48
1.104533,475,48
1.105058,476,48
1.105673,475,49
1.105769,475,48
1.105812,476,48
1.106365,477,48
1.107588,478,48
1.107968,479,48
1.108347,480,48
1.108862,481,48
1.109303,482,48
1.109525,483,48
1.109527,482,49
1.109838,481,50
1.110011,482,50
1.110329,483,50
1.110387,484,50
1.110879,485,50
1.111105,486,50
1.111145,487,50
1.112371,486,51
1.112520,487,51
1.113117,488,51
1.113736,489,51
1.114615,489,50
1.114817,490,50
1.114991,491,50
1.115238,491,49
1.115728,492,49
1.115750,493,49
1.117288,494,49
1.117708,495,49
1.117848,496,49
1.118150,497,49
1.118279,498,49
1.118392,497,50
1.118583,498,50
1.118989,499,50
1.119045,499,49
1.119428,500,49
1.119684,500,48
1.120511,501,48
1.121333,502,48
1.122262,503,48
1.122673,504,48
1.122810,503,49
1.124563,503,48
1.124863,504,48
1.125266,505,48
1.126879,506,48
1.126982,507,48
1.128763,507,47
1.129166,507,46
1.129947,508,46
1.130716,507,47
1.130889,508,47
1.131614,508,46
1.132205,508,45
1.132328,508,44
1.132337,509,44
1.135101,510,44
1.135115,511,44
1.135217,511,43
1.135514,512,43
1.136756,513,43
1.136782,514,43
1.137085,515,43
1.138305,516,43
1.138914,517,43
1.140475,518,43
1.140493,519,43
1.140495,520,43
1.141702,519,44
1.142414,518,45
1.142539,518,44
1.142989,518,43
1.143623,519,43
1.144061,519,42
1.144267,520,42
1.144747,521,42
1.145077,522,42
1.145194,523,42
1.145793,524,42
1.146001,525,42
1.146339,526,42
1.147186,527,42
1.147888,528,42
1.147909,529,42
1.148412,530,42
1.149738,529,43
1.150440,530,43
1.151026,531,43
1.151342,532,43
1.151543,533,43
1.151550,534,43
1.151941,533,44
1.152291,534,44
1.152444,535,44
1.152718,536,44
1.153231,537,44
1.153330,538,44
1.153432,539,44
1.154205,540,44
1.154362,541,44
1.154662,542,44
1.155071,541,45
1.155341,542,45
1.156260,543,45
1.156375,544,45
1.156760,545,45
1.156964,546,45
1.158280,547,45
1.158973,548,45
1.159145,549,45
1.159336,549,44
1.161037,550,44
1.161838,549,45
1.161978,550,45
1.162374,551,45
1.163239,552,45
1.163527,553,45
1.163582,554,45
1.163636,555,45
1.164082,556,45
1.164270,557,45
1.164476,558,45
1.164895,558,44
1.166255,559,44
1.166673,560,44
1.167260,561,44
1.167341,562,44
1.167456,563,44
1.167597,564,44
1.169083,565,44
1.169778,566,44
1.169999,565,45
1.170601,566,45
1.170657,567,45
1.171648,568,45
1.172121,569,45
1.172646,568,46
1.173302,568,45
1.173327,569,45
1.173466,570,45
1.173729,571,45
1.174392,572,45
1.174466,573,45
1.175840,573,44
1.176239,574,44
1.176698,574,43
1.177072,575,43
1.178165,576,43
1.178809,577,43
1.179160,578,43
1.179444,579,43
1.179984,580,43
1.180735,581,43
1.180956,581,42
1.181254,582,42
1.181899,583,42
1.182344,584,42
1.185195,583,43
1.185272,584,43
1.188329,585,43
1.188434,585,42
1.189516,586,42
1.189741,587,42
1.189881,588,42
1.189984,587,43
1.189991,588,43
1.190512,588,42
1.191041,589,42
1.191416,588,43
1.191420,589,43
1.191463,590,43
1.191858,589,44
1.191919,590,44
1.192919,591,44
1.193477,592,44
1.193572,591,45
1.195014,592,45
1.195270,593,45
1.195602,593,44
1.195800,594,44
1.196630,595,44
1.197217,596,44
1.197247,597,44
1.197992,598,44
1.198346,599,44
1.198949,600,44
1.199894,599,45
1.201883,598,46
1.202727,599,46
1.203033,600,46
1.203638,599,47
1.204350,598,48
1.205181,599,48
1.205683,600,48
1.205788,601,48
1.206064,602,48
1.206294,603,48
1.206682,603,47
1.207673,603,46
1.208681,604,46
1.208689,604,45
1.210068,605,45
1.211171,606,45
1.211232,607,45
1.211238,608,45
1.211936,609,45
1.212051,610,45
1.212330,611,45
1.212414,612,45
1.213082,613,45
1.213350,614,45
1.213858,614,44
1.214319,615,44
1.214623,616,44
1.215438,615,45
1.216129,616,45
1.216301,617,45
1.216382,618,45
1.216720,619,45
1.217566,620,45
1.217763,621,45
1.218384,622,45
1.218558,623,45
1.219087,624,45
1.219105,625,45
1.219407,626,45
1.219558,627,45
1.219854,628,45
1.219869,629,45
1.220012,630,45
1.220102,631,45
1.220316,632,45
1.221257,633,45
1.221371,634,45
1.221433,634,44
1.221859,635,44
1.222263,636,44
1.222690,637,44
1.222725,638,44
1.222833,638,43
1.222834,639,43
1.222891,640,43
1.222948,641,43
1.223597,642,43
1.225143,643,43
1.225161,644,43
1.225315,643,44
1.225498,644,44
1.225672,644,43
1.226159,645,43
1.226169,644,44
1.226192,644,43
1.226444,645,43
1.227415,646,43
1.227855,647,43
1.228310,648,43
1.228455,649,43
1.228660,650,43
1.229134,651,43
1.229301,652,43
1.230071,651,44
1.230368,652,44
1.230524,653,44
1.230886,654,44
1.231015,655,44
1.231351,656,44
1.232001,657,44
1.232040,658,44
1.232270,659,44
1.232318,660,44
1.232327,661,44
1.232597,661,43
1.232676,661,42
1.233741,662,42
1.234227,663,42
1.234307,664,42
1.235134,665,42
1.235935,666,42
1.236396,667,42
1.236997,668,42
1.237261,669,42
1.237747,670,42
1.237829,671,42
1.238205,672,42
1.238350,672,41
1.239065,671,42
1.239869,672,42
1.240048,673,42
1.240244,674,42
1.240897,675,42
1.240960,676,42
1.240988,677,42
1.241009,678,42
1.241483,679,42
1.241611,680,42
1.242345,681,42
1.242477,681,41
1.242902,682,41
1.243463,683,41
1.244007,684,41
1.244531,685,41
1.244623,686,41
1.246327,687,41
1.246447,688,41
1.246886,689,41
1.247108,690,41
1.247363,691,41
1.247497,692,41
1.248080,693,41
1.248641,694,41
1.248893,695,41
1.249448,696,41
1.249588,697,41
1.249606,698,41
1.250286,699,41
1.250534,700,41
1.250558,701,41
1.250692,702,41
1.250816,703,41
1.251062,704,41
1.251214,703,42
1.251680,704,42
1.251927,704,41
1.252298,705,41
1.253011,706,41
1.253312,707,41
1.253609,708,41
1.253817,707,42
1.254132,708,42
1.254599,707,43
1.255088,708,43
1.255650,709,43
1.256025,710,43
1.256240,711,43
1.256343,710,44
1.256649,711,44
1.256662,712,44
1.256673,713,44
1.256683,713,43
1.257106,714,43
1.257139,715,43
1.257347,716,43
1.257515,717,43
1.257893,717,42
1.257898,718,42
1.258211,719,42
1.258275,719,41
1.258818,720,41
1.258976,721,41
1.258999,722,41
1.259273,723,41
1.259849,724,41
1.260164,725,41
1.261220,726,41
1.261684,727,41
1.262659,728,41
1.263230,728,40
1.263307,728,39
1.264743,728,38
1.264815,728,37
1.264985,728,36
1.265462,729,36
1.266357,729,35
1.266612,730,35
1.267135,731,35
1.267264,732,35
1.268502,733,35
1.269040,734,35
1.269673,735,35
1.269933,736,35
1.270213,737,35
1.270267,738,35
1.270479,739,35
1.270668,740,35
1.270817,741,35
1.271191,742,35
1.271441,743,35
1.271670,744,35
1.271680,745,35
1.272580,746,35
1.272858,747,35
1.273476,748,35
1.273847,749,35
1.273878,750,35
1.273886,751,35
1.274020,752,35
1.274676,752,34
1.275920,753,34
1.276167,754,34
1.276226,755,34
1.276358,756,34
1.276438,756,33
1.276443,757,33
1.277490,758,33
1.278095,759,33
1.280212,759,32
1.280372,760,32
1.280836,761,32
1.280926,762,32
1.280984,763,32
1.281766,764,32
1.282037,765,32
1.283198,766,32
1.283636,767,32
1.284619,766,33
1.284680,767,33
1.284823,768,33
1.284917,769,33
1.285120,770,33
1.285164,771,33
1.286501,772,33
1.286918,773,33
1.287907,774,33
1.288157,775,33
1.288194,776,33
1.288267,777,33
1.288342,778,33
1.288455,779,33
1.290319,779,32
1.290371,780,32
1.290382,779,33
1.290790,780,33
1.291003,781,33
1.291347,782,33
1.291388,783,33
1.291791,784,33
1.292347,785,33
1.293600,786,33
1.293843,787,33
1.294043,788,33
1.294420,789,33
1.294570,790,33
1.294861,791,33
1.294953,792,33
1.295006,791,34
1.295244,792,34
1.295268,793,34
1.295294,794,34
1.295783,794,33
1.296002,795,33
1.296129,795,32
1.296176,796,32
1.296287,797,32
1.296395,798,32
1.296489,799,32
1.297201,798,33
1.298117,799,33
1.298583,800,33
1.298866,801,33
1.299168,802,33
1.299742,802,32
1.299816,803,32
1.299869,804,32
1.300035,805,32
1.300153,806,32
1.300468,807,32
1.302207,808,32
1.302263,807,33
1.302340,808,33
1.302352,809,33
1.302527,810,33
1.303355,811,33
1.303392,812,33
1.303625,813,33
1.303680,814,33
1.303687,815,33
1.305631,816,33
1.305675,817,33
1.305689,816,34
1.307240,817,34
1.307295,818,34
1.307644,819,34
1.307847,820,34
1.308110,820,33
1.308682,821,33
1.308888,822,33
1.308981,823,33
1.309333,824,33
1.309835,825,33
1.309855,826,33
1.309963,827,33
1.310187,828,33
1.310378,829,33
1.310639,830,33
1.312634,830,32
1.313048,829,33
1.313299,830,33
1.313313,831,33
1.313913,832,33
1.314578,833,33
1.314671,834,33
1.314676,835,33
1.314854,836,33
1.316241,837,33
1.316707,838,33
1.317112,839,33
1.317199,840,33
1.317534,841,33
1.317671,842,33
1.318259,843,33
1.318796,844,33
1.319019,845,33
1.319500,844,34
1.320294,845,34
1.320316,846,34
1.320679,847,34
1.320985,848,34
1.321264,849,34
1.321378,850,34
1.321383,851,34
1.322419,852,34
1.322721,853,34
1.323247,854,34
1.323552,855,34
1.323668,856,34
1.323824,857,34
1.324155,858,34
1.324669,859,34
1.324936,860,34
1.325018,861,34
1.325113,862,34
1.325456,861,35
1.325465,862,35
1.325606,863,35
1.325739,864,35
1.325751,865,35
1.325884,866,35
1.325985,867,35
1.326221,868,35
1.326499,869,35
1.326640,870,35
1.326741,870,34
1.326908,871,34
1.327873,872,34
1.328508,873,34
1.328579,874,34
1.329097,875,34
1.329144,876,34
1.330348,877,34
1.330352,878,34
1.330413,879,34
1.330435,880,34
1.330801,881,34
1.330843,880,35
1.331067,880,34
1.331342,881,34
1.331427,882,34
1.331558,883,34
1.331679,884,34
1.331718,885,34
1.331858,884,35
1.333510,885,35
1.333732,886,35
1.333742,887,35
1.333848,888,35
1.333894,889,35
1.334347,890,35
1.335795,891,35
1.335885,892,35
1.336900,892,34
1.337287,893,34
1.337728,894,34
1.338023,893,35
1.338337,894,35
1.338527,895,35
1.338868,896,35
1.339231,897,35
1.339464,898,35
1.339469,899,35
1.339906,900,35
1.340273,901,35
1.340572,900,36
1.340880,901,36
1.340998,902,36
1.342013,903,36
1.342184,904,36
1.342341,903,37
1.344899,904,37
1.344922,905,37
1.344958,906,37
1.344998,905,38
1.345073,906,38
1.345120,907,38
1.345808,906,39
1.346325,907,39
1.346757,908,39
1.347361,909,39
1.347782,910,39
1.348002,911,39
1.348525,912,39
1.349341,913,39
1.349373,914,39
1.349378,915,39
1.349408,916,39
1.349534,917,39
1.349782,918,39
1.349863,919,39
1.350356,920,39
1.350457,921,39
1.350540,920,40
1.351075,920,39
1.351325,921,39
1.352155,922,39
1.352797,923,39
1.354869,924,39
1.355064,924,38
1.355238,925,38
1.355244,926,38
1.356601,927,38
1.357515,928,38
1.357645,929,38
1.358167,930,38
1.359054,931,38
1.359086,932,38
1.360143,932,37
1.360476,933,37
1.360674,934,37
1.360918,935,37
1.361214,936,37
1.361304,935,38
1.361368,936,38
1.361436,935,39
1.361619,936,39
1.361854,937,39
1.362214,938,39
1.362708,939,39
1.362965,940,39
1.363002,941,39
1.363061,940,40
1.363291,941,40
1.363414,942,40
1.363801,943,40
1.363849,944,40
1.363884,945,40
1.363905,946,40
1.364169,947,40
1.364383,948,40
1.364740,949,40
1.364774,950,40
1.365106,951,40
1.365749,952,40
1.365886,953,40
1.365964,954,40
1.366069,955,40
1.366986,956,40
1.367008,957,40
1.367138,958,40
1.367888,959,40
1.368028,960,40
1.368110,961,40
1.368231,962,40
1.369522,963,40
1.369854,964,40
1.370189,965,40
1.370317,966,40
1.370585,967,40
1.371029,968,40
1.371049,967,41
1.371234,968,41
1.371925,969,41
1.372144,970,41
1.372483,971,41
1.373108,970,42
1.373733,971,42
1.373773,972,42
1.374621,973,42
1.374693,974,42
1.374694,975,42
1.374751,976,42
1.374764,977,42
1.375235,978,42
1.375305,979,42
1.375438,980,42
1.375658,981,42
1.376042,982,42
1.376169,983,42
1.376664,984,42
1.376710,984,41
1.376959,985,41
1.377425,984,42
1.377458,985,42
1.377499,986,42
1.377570,987,42
1.377583,988,42
1.378346,989,42
1.378499,990,42
1.378558,991,42
1.378642,992,42
1.378671,993,42
1.378811,994,42
1.379317,995,42
1.379392,996,42
1.379595,995,43
1.379794,996,43
1.379917,997,43
1.380010,997,42
1.380246,998,42
1.380270,999,42
1.380338,1000,42
1.381826,1001,42
1.381868,1002,42
1.381879,1003,42
1.381894,1004,42
1.381907,1005,42
1.382181,1006,42
1.382903,1007,42
1.383064,1008,42
1.383079,1009,42
1.383739,1010,42
1.383936,1011,42
1.384232,1012,42
1.385360,1013,42
1.385444,1014,42
1.385640,1015,42
1.386025,1016,42
1.386577,1015,43
1.387217,1016,43
1.387238,1015,44
1.387816,1016,44
1.387847,1017,44
1.388257,1018,44
1.388345,1017,45
1.389338,1018,45
1.389696,1017,46
1.389925,1018,46
1.390171,1019,46
1.390876,1020,46
1.391023,1021,46
1.391393,1022,46
1.391739,1021,47
1.391812,1022,47
1.391990,1023,47
1.392180,1024,47
1.392251,1025,47
1.392436,1026,47
1.392469,1027,47
1.392535,1028,47
1.392556,1029,47
1.392580,1030,47
1.392718,1031,47
1.392817,1032,47
1.392826,1033,47
1.392828,1034,47
1.393255,1035,47
1.394141,1036,47
1.394173,1037,47
1.394373,1038,47
1.394433,1039,47
1.394526,1040,47
1.394812,1040,46
1.394866,1041,46
1.394869,1042,46
1.394963,1043,46
1.395060,1044,46
1.395711,1045,46
1.396018,1046,46
1.396294,1047,46
1.396472,1048,46
1.397213,1049,46
1.397795,1050,46
1.397809,1049,47
1.397989,1049,46
1.398092,1050,46
1.398340,1051,46
1.398356,1052,46
1.398454,1053,46
1.398598,1054,46
1.398869,1055,46
1.398970,1056,46
1.399173,1057,46
1.399645,1057,45
1.399676,1058,45
1.399841,1059,45
1.399968,1060,45
1.400022,1061,45
1.400543,1060,46
1.400809,1061,46
1.400854,1062,46
1.400940,1063,46
1.401082,1062,47
1.401099,1063,47
1.401651,1064,47
1.402032,1065,47
1.402679,1066,47
1.403189,1067,47
1.403695,1068,47
1.403744,1069,47
1.403822,1070,47
1.404051,1069,48
1.404217,1070,48
1.404246,1071,48
1.404261,1072,48
1.404316,1073,48
1.404746,1074,48
1.404769,1075,48
1.405705,1076,48
1.405754,1077,48
1.406344,1078,48
1.406346,1077,49
1.406863,1078,49
1.406908,1079,49
1.406939,1080,49
1.408419,1079,50
1.408567,1080,50
1.408715,1081,50
1.408746,1082,50
1.409213,1081,51
1.409261,1082,51
1.409389,1083,51
1.409409,1084,51
1.409911,1085,51
1.410585,1085,50
1.410828,1086,50
1.410982,1087,50
1.411800,1088,50
1.411926,1089,50
1.412101,1090,50
1.412207,1091,50
1.412495,1092,50
1.412533,1093,50
1.412811,1094,50
1.413162,1095,50
1.413682,1096,50
1.414119,1097,50
1.414719,1097,49
1.414891,1098,49
1.414921,1099,49
1.415601,1100,49
1.415751,1101,49
1.415928,1102,49
1.416140,1103,49
1.416451,1102,50
1.416873,1103,50
1.417268,1104,50
1.417381,1105,50
1.417534,1106,50
1.417784,1107,50
1.418027,1106,51
1.418268,1107,51
1.418388,1108,51
1.418925,1109,51
1.418964,1110,51
1.419442,1110,50
1.419543,1111,50
1.419633,1112,50
1.419691,1111,51
1.419709,1112,51
1.420258,1113,51
1.420637,1114,51
1.420701,1115,51
1.420821,1114,52
1.421332,1113,53
1.421595,1114,53
1.421716,1115,53
1.421790,1116,53
1.421815,1117,53
1.421847,1118,53
1.422032,1117,54
1.422368,1118,54
1.422466,1117,55
1.422536,1118,55
1.422678,1119,55
1.423519,1118,56
1.425453,1117,57
1.425485,1118,57
1.425531,1119,57
1.425570,1118,58
1.425700,1119,58
1.425749,1120,58
1.425923,1121,58
1.426479,1122,58
1.426509,1123,58
1.426989,1124,58
1.427437,1125,58
1.427704,1126,58
1.427980,1127,58
1.428290,1128,58
1.428787,1127,59
1.429010,1128,59
1.429031,1127,60
1.429103,1128,60
1.429703,1127,61
1.431177,1128,61
1.431412,1129,61
1.431430,1130,61
1.432096,1131,61
1.432183,1132,61
1.432187,1133,61
1.433277,1134,61
1.433306,1133,62
1.433943,1132,63
1.434119,1131,64
1.434714,1132,64
1.434874,1133,64
1.435251,1134,64
1.435266,1133,65
1.435302,1134,65
1.435816,1133,66
1.436001,1132,67
1.436228,1133,67
1.436558,1134,67
1.436623,1135,67
1.436707,1134,68
1.437371,1135,68
1.437425,1136,68
1.437817,1137,68
1.437945,1136,69
1.438117,1137,69
1.438157,1136,70
1.438299,1137,70
1.438911,1138,70
1.439521,1139,70
1.439528,1140,70
1.439909,1141,70
1.440260,1140,71
1.440270,1139,72
1.440432,1140,72
1.440606,1141,72
1.441674,1141,71
1.441802,1142,71
1.441859,1143,71
1.442099,1143,70
1.442404,1144,70
1.442733,1143,71
1.442758,1144,71
1.443194,1145,71
1.443544,1146,71
1.443727,1147,71
1.443798,1148,71
1.443862,1149,71
1.444025,1150,71
1.444358,1151,71
1.444502,1152,71
1.444515,1153,71
1.444646,1152,72
1.444682,1152,71
1.444682,1153,71
1.444876,1154,71
1.444910,1155,71
1.445228,1156,71
1.445316,1157,71
1.446034,1156,72
1.446204,1157,72
1.446503,1158,72
1.447051,1157,73
1.447363,1156,74
1.447466,1157,74
1.448444,1156,75
1.448487,1157,75
1.448625,1157,74
1.448657,1158,74
1.448676,1159,74
1.448792,1160,74
1.448848,1161,74
1.448849,1162,74
1.449005,1163,74
1.449397,1164,74
1.449574,1165,74
1.449594,1166,74
1.449868,1167,74
1.450064,1168,74
1.450078,1167,75
1.450194,1168,75
1.450332,1169,75
1.450421,1168,76
1.450667,1169,76
1.450906,1170,76
1.451018,1171,76
1.451378,1172,76
1.451406,1173,76
1.451432,1172,77
1.451478,1173,77
1.451938,1174,77
1.452134,1175,77
1.452223,1176,77
1.452337,1175,78
1.452487,1174,79
1.452488,1175,79
1.452608,1176,79
1.452783,1177,79
1.453085,1178,79
1.453155,1178,78
1.453212,1179,78
1.453330,1178,79
1.453629,1179,79
1.453782,1180,79
1.453859,1181,79
1.453905,1180,80
1.453927,1179,81
1.453999,1178,82
1.454187,1179,82
1.454307,1180,82
1.454694,1181,82
1.455021,1182,82
1.455159,1183,82
1.455223,1184,82
1.455267,1185,82
1.455364,1186,82
1.455377,1187,82
1.455453,1188,82
1.456305,1189,82
1.456392,1188,83
1.456451,1188,82
1.456827,1188,81
1.456982,1187,82
1.457156,1188,82
1.457485,1187,83
1.457513,1187,82
1.457646,1188,82
1.457723,1189,82
1.457902,1190,82
1.458031,1191,82
1.458513,1192,82
1.458918,1193,82
1.458938,1194,82
1.459232,1195,82
1.459244,1196,82
1.459252,1195,83
1.459418,1196,83
1.459468,1195,84
1.459644,1194,85
1.459687,1195,85
1.459743,1194,86
1.459888,1195,86
1.460032,1194,87
1.460165,1195,87
1.460630,1196,87
1.461014,1197,87
1.461075,1196,88
1.461163,1197,88
1.461365,1198,88
1.461446,1199,88
1.461468,1200,88
1.461481,1201,88
1.461610,1202,88
1.461614,1203,88
1.461747,1203,87
1.461777,1202,88
1.461798,1203,88
1.461877,1203,87
1.462222,1204,87
1.462478,1203,88
1.462480,1204,88
1.462573,1205,88
1.462596,1205,87
1.462945,1206,87
1.463071,1207,87
1.463103,1207,86
1.463129,1208,86
1.463685,1207,87
1.463877,1208,87
1.464153,1209,87
1.464297,1208,88
1.464349,1208,87
1.464718,1209,87
1.464799,1210,87
1.464857,1211,87
1.465228,1210,88
1.465237,1211,88
1.465426,1212,88
1.465534,1211,89
1.465611,1212,89
1.465660,1211,90
1.465668,1210,91
1.466098,1211,91
1.466280,1210,92
1.466419,1210,91
1.466800,1211,91
1.466926,1211,90
1.467420,1212,90
1.467971,1213,90
1.467983,1214,90
1.468232,1214,89
1.468480,1215,89
1.468798,1216,89
1.468802,1217,89
1.469501,1218,89
1.469720,1219,89
1.470002,1218,90
1.470051,1218,89
1.470324,1218,88
1.470366,1219,88
1.470471,1220,88
1.470475,1221,88
1.470573,1222,88
1.470646,1221,89
1.471378,1220,90
1.471478,1221,90
1.471703,1220,91
1.471767,1219,92
1.471816,1220,92
1.472110,1221,92
1.472414,1222,92
1.472500,1222,91
1.472828,1223,91
1.472874,1224,91
1.472926,1225,91
1.473230,1226,91
1.473416,1227,91
1.473971,1227,90
1.474142,1226,91
1.474172,1227,91
1.474247,1228,91
1.474669,1229,91
1.475548,1228,92
1.475783,1229,92
1.476109,1228,93
1.476684,1227,94
1.476688,1228,94
1.476918,1229,94
1.477310,1230,94
1.477740,1230,93
1.478054,1229,94
1.478356,1228,95
1.478389,1229,95
1.478690,1228,96
1.478715,1229,96
1.479648,1230,96
1.479703,1231,96
1.479981,1232,96
1.480231,1233,96
1.480351,1234,96
1.480699,1235,96
1.480772,1234,97
1.480836,1235,97
1.480912,1234,98
1.480927,1233,99
1.480935,1232,100
1.481039,1233,100
1.481151,1234,100
1.481363,1235,100
1.481457,1236,100
1.481722,1237,100
1.481760,1236,101
1.481960,1237,101
1.482235,1238,101
1.482239,1237,102
1.482534,1238,102
1.482634,1239,102
1.482711,1240,102
1.482851,1241,102
1.483072,1242,102
1.483120,1243,102
1.483228,1242,103
1.483579,1243,103
1.483662,1242,104
1.483902,1243,104
1.484004,1242,105
1.484100,1242,104
1.484278,1241,105
1.484413,1242,105
1.484620,1242,104
1.484669,1243,104
1.485176,1244,104
1.485184,1243,105
1.485329,1244,105
1.485366,1245,105
1.485570,1244,106
1.486008,1245,106
1.486030,1244,107
1.486050,1245,107
1.486329,1244,108
1.486392,1245,108
1.486555,1246,108
1.486601,1247,108
1.486636,1248,108
1.486777,1249,108
1.486894,1250,108
1.487549,1250,107
1.487552,1251,107
1.487715,1252,107
1.487891,1253,107
1.488143,1253,106
1.488228,1254,106
1.488253,1255,106
1.488328,1256,106
1.488541,1257,106
1.488544,1258,106
1.488720,1259,106
1.488780,1260,106
1.488801,1261,106
1.489043,1262,106
1.489076,1261,107
1.489083,1260,108
1.489087,1261,108
1.489147,1262,108
1.489344,1262,107
1.489429,1263,107
1.489754,1264,107
1.489919,1263,108
1.489960,1262,109
1.490339,1263,109
1.490449,1263,108
1.490570,1262,109
1.490653,1263,109
1.490772,1264,109
1.490813,1263,110
1.490869,1264,110
1.491196,1265,110
1.491396,1266,110
1.491467,1265,111
1.491547,1266,111
1.491611,1266,110
1.491633,1267,110
1.491690,1268,110
1.491712,1268,109
1.491830,1269,109
1.491962,1268,110
1.492202,1269,110
1.492392,1268,111
1.492532,1269,111
1.492576,1270,111
1.492578,1271,111
1.492872,1270,112
1.493039,1270,111
1.493144,1271,111
1.493223,1271,110
1.493307,1272,110
1.493663,1273,110
1.493831,1273,109
1.493917,1273,108
1.493919,1272,109
1.494420,1271,110
1.494505,1271,109
1.494652,1272,109
1.494707,1273,109
1.494830,1274,109
1.494839,1275,109
1.494948,1276,109
1.494985,1275,110
1.494992,1276,110
1.495133,1277,110
1.495192,1278,110
1.495645,1277,111
1.495853,1278,111
1.495887,1279,111
1.495921,1280,111
1.496069,1280,110
1.496203,1281,110
1.496955,1282,110
1.497179,1281,111
1.497405,1282,111
1.497671,1283,111
1.497712,1284,111
1.497737,1285,111
1.498079,1284,112
1.498151,1283,113
1.498557,1284,113
1.498589,1283,114
1.498831,1282,115
1.499103,1283,115
1.499212,1284,115
1.499324,1285,115
1.499500,1286,115
1.499571,1287,115
1.500247,1286,116
1.500344,1287,116
1.500542,1287,115
1.500741,1288,115
1.500914,1288,114
1.500959,1289,114
1.501120,1289,113
1.501484,1290,113
1.501793,1289,114
1.501794,1288,115
1.501846,1289,115
1.502037,1288,116
1.502186,1287,117
1.502287,1288,117
1.502543,1288,116
1.502801,1289,116
1.503009,1288,117
1.503101,1289,117
1.503186,1290,117
1.503320,1291,117
1.503824,1292,117
1.504097,1293,117
1.504409,1294,117
1.504500,1294,116
1.505022,1295,116
1.505153,1296,116
1.505488,1295,117
1.505685,1295,116
1.505765,1296,116
1.505846,1297,116
1.506010,1296,117
1.506132,1297,117
1.506511,1296,118
1.506584,1297,118
1.506722,1298,118
1.506849,1299,118
1.506934,1298,119
1.507457,1299,119
1.507523,1300,119
1.507540,1301,119
1.507590,1302,119
1.507687,1303,119
1.507797,1302,120
1.508011,1303,120
1.508249,1302,121
1.508280,1303,121
1.508285,1304,121
1.508437,1304,120
1.508467,1305,120
1.508515,1306,120
1.508531,1307,120
1.509011,1306,121
1.509034,1307,121
1.509272,1306,122
1.509398,1307,122
1.509484,1308,122
1.509498,1309,122
1.510072,1310,122
1.510085,1311,122
1.510198,1310,123
1.510341,1311,123
1.510491,1312,123
1.510632,1311,124
1.510660,1312,124
1.510840,1313,124
1.510847,1313,123
1.510922,1312,124
1.510982,1313,124
1.511346,1314,124
1.511576,1314,123
1.511658,1315,123
1.511707,1316,123
1.511785,1317,123
1.512278,1318,123
1.512439,1319,123
1.512616,1320,123
1.512637,1321,123
1.512698,1322,123
1.512817,1323,123
1.512904,1324,123
1.513148,1323,124
1.513395,1324,124
1.513493,1324,123
1.513520,1325,123
1.513630,1326,123
1.513668,1327,123
1.513707,1328,123
1.513776,1327,124
1.513794,1326,125
1.514259,1325,126
1.514409,1325,125
1.514472,1326,125
1.514481,1327,125
1.514540,1328,125
1.514585,1327,126
1.514918,1328,126
1.514928,1329,126
1.514975,1328,127
1.515059,1329,127
1.515080,1328,128
1.515277,1327,129
1.515477,1328,129
1.515486,1329,129
1.515571,1330,129
1.515659,1329,130
1.515732,1328,131
1.515747,1327,132
1.516223,1328,132
1.516683,1329,132
1.516716,1329,131
1.516855,1329,130
1.517463,1328,131
1.517502,1327,132
1.517557,1328,132
1.517710,1329,132
1.517916,1328,133
1.517924,1329,133
1.517995,1330,133
1.518345,1330,132
1.518812,1330,131
1.519260,1331,131
1.519582,1332,131
1.519701,1332,130
1.519702,1332,129
1.520038,1332,128
1.520058,1333,128
1.520206,1332,129
1.520359,1332,128
1.520508,1332,127
1.520859,1333,127
1.520888,1333,126
1.521168,1333,125
1.521496,1332,126
1.521502,1333,126
1.521577,1334,126
1.522115,1333,127
1.522466,1334,127
1.522547,1333,128
1.522716,1334,128
1.522772,1333,129
1.522883,1334,129
1.523056,1335,129
1.523370,1336,129
1.523558,1336,128
1.523786,1337,128
1.523905,1336,129
1.524151,1335,130
1.524231,1334,131
1.524297,1335,131
1.524884,1334,132
1.525980,1335,132
1.526421,1336,132
1.526601,1337,132
1.527057,1337,131
1.527106,1338,131
1.527275,1339,131
1.527600,1340,131
1.527611,1341,131
1.527627,1340,132
1.527629,1339,133
1.527803,1340,133
1.527822,1339,134
1.527954,1340,134
1.527992,1339,135
1.528127,1340,135
1.528345,1339,136
1.528369,1338,137
1.528398,1338,136
1.528512,1339,136
1.528704,1340,136
1.529457,1341,136
1.529792,1342,136
1.529864,1341,137
1.530046,1342,137
1.530216,1343,137
1.530408,1344,137
1.530604,1343,138
1.530663,1344,138
1.530751,1345,138
1.530955,1346,138
1.531024,1345,139
1.531471,1345,138
1.531690,1346,138
1.531977,1347,138
1.532108,1347,137
1.532114,1348,137
1.532305,1349,137
1.532378,1350,137
1.532866,1351,137
1.533053,1352,137
1.533081,1353,137
1.533302,1354,137
1.533310,1353,138
1.533487,1352,139
1.533600,1353,139
1.533859,1352,140
1.534050,1353,140
1.534533,1353,139
1.534534,1352,140
1.534564,1351,141
1.534937,1352,141
1.535078,1351,142
1.535135,1350,143
1.535158,1351,143
1.535282,1352,143
1.535338,1353,143
1.535448,1353,142
1.535477,1354,142
1.535500,1354,141
1.535652,1353,142
1.535696,1354,142
1.535828,1353,143
1.535952,1354,143
1.535975,1355,143
1.536212,1355,142
1.536295,1356,142
1.536337,1355,143
1.536506,1356,143
1.536621,1357,143
1.536969,1358,143
1.536982,1357,144
1.537302,1358,144
1.537441,1357,145
1.537510,1358,145
1.537523,1357,146
1.537697,1358,146
1.537795,1357,147
1.537935,1356,148
1.538098,1357,148
1.538267,1358,148
1.538613,1359,148
1.538624,1360,148
1.538637,1359,149
1.538657,1358,150
1.538905,1359,150
1.539007,1360,150
1.539176,1361,150
1.539293,1362,150
1.539304,1363,150
1.539373,1364,150
1.539430,1365,150
1.539439,1364,151
1.539550,1365,151
1.539640,1366,151
1.539716,1367,151
1.539736,1368,151
1.540274,1367,152
1.540289,1368,152
1.540338,1369,152
1.540627,1370,152
1.540764,1371,152
1.540864,1370,153
1.540900,1371,153
1.540934,1372,153
1.541088,1372,152
1.541114,1373,152
1.541207,1372,153
1.541506,1373,153
1.541510,1372,154
1.541511,1371,155
1.541548,1370,156
1.541588,1369,157
1.541834,1368,158
1.542680,1369,158
1.542830,1370,158
1.543038,1370,157
1.543224,1371,157
1.543286,1370,158
1.543291,1371,158
1.543326,1372,158
1.543547,1373,158
1.543689,1374,158
1.543706,1375,158
1.543756,1376,158
1.543851,1375,159
1.543909,1376,159
1.543922,1377,159
1.544053,1378,159
1.544139,1377,160
1.544281,1378,160
1.544376,1377,161
1.544462,1376,162
1.544525,1375,163
1.544658,1376,163
1.544726,1377,163
1.544726,1378,163
1.545098,1379,163
1.545193,1380,163
1.545210,1379,164
1.545265,1378,165
1.545266,1379,165
1.545411,1380,165
1.545476,1380,164
1.545695,1380,163
1.545915,1379,164
1.545963,1380,164
1.545976,1381,164
1.546072,1380,165
1.546102,1379,166
1.546462,1380,166
1.546462,1381,166
1.546671,1382,166
1.546955,1383,166
1.547016,1383,165
1.547023,1382,166
1.547638,1383,166
1.547662,1382,167
1.547783,1383,167
1.547918,1384,167
1.548049,1385,167
1.548085,1385,166
1.548095,1386,166
1.548171,1387,166
1.548494,1388,166
1.548536,1389,166
1.548546,1388,167
1.548589,1389,167
1.548638,1388,168
1.548710,1388,167
1.548740,1389,167
1.548810,1388,168
1.548891,1387,169
1.548938,1386,170
1.549142,1387,170
1.549146,1388,170
1.549498,1389,170
1.549605,1390,170
1.549690,1389,171
1.549693,1388,172
1.549750,1389,172
1.549952,1388,173
1.550414,1389,173
1.550463,1390,173
1.550563,1390,172
1.550577,1391,172
1.550725,1392,172
1.550727,1393,172
1.550753,1392,173
1.550890,1393,173
1.551173,1392,174
1.551236,1391,175
1.551343,1392,175
1.551383,1393,175
1.551392,1392,176
1.551495,1393,176
1.551588,1392,177
1.551596,1392,176
1.551954,1393,176
1.551989,1394,176
1.552090,1393,177
1.552147,1392,178
1.552235,1393,178
1.552257,1393,177
1.552297,1394,177
1.552501,1395,177
1.552536,1395,176
1.552862,1394,177
1.552906,1393,178
1.553114,1394,178
1.553232,1395,178
1.553290,1396,178
1.553370,1395,179
1.553507,1394,180
1.553814,1395,180
1.554102,1396,180
1.554192,1397,180
1.554356,1398,180
1.554584,1397,181
1.554696,1396,182
1.554947,1395,183
1.555069,1396,183
1.555449,1397,183
1.555514,1398,183
1.555558,1399,183
1.555559,1398,184
1.555620,1397,185
1.555894,1397,184
1.556173,1398,184
1.556243,1397,185
1.556417,1396,186
1.556601,1397,186
1.556639,1396,187
1.556835,1397,187
1.556887,1398,187
1.557225,1398,186
1.557322,1399,186
1.557444,1400,186
1.557942,1399,187
1.558095,1400,187
1.558335,1400,186
1.558502,1401,186
1.558686,1402,186
1.558776,1403,186
1.558942,1404,186
1.558956,1404,185
1.559175,1405,185
1.559302,1406,185
1.559691,1405,186
1.559863,1404,187
1.559872,1404,186
1.560381,1403,187
1.560460,1403,186
1.560532,1404,186
1.560543,1405,186
1.560680,1404,187
1.560775,1405,187
1.560862,1406,187
1.561232,1407,187
1.561673,1408,187
1.561792,1407,188
1.562272,1406,189
1.562344,1405,190
1.562397,1406,190
1.562572,1405,191
1.562826,1406,191
1.562886,1407,191
1.562966,1407,190
1.563295,1406,191
1.563408,1406,190
1.563541,1406,189
1.563656,1407,189
1.564074,1406,190
1.564164,1407,190
1.564380,1406,191
1.564400,1405,192
1.564538,1406,192
1.564679,1407,192
1.564764,1406,193
1.564934,1406,192
1.565190,1407,192
1.565222,1408,192
1.565441,1409,192
1.565521,1408,193
1.565730,1407,194
1.565802,1408,194
1.565863,1409,194
1.565884,1410,194
1.565980,1411,194
1.566133,1410,195
1.566173,1411,195
1.566282,1412,195
1.566427,1412,194
1.566583,1411,195
1.566678,1412,195
1.566731,1411,196
1.566868,1411,195
1.566893,1412,195
1.566970,1412,194
1.567045,1412,193
1.567059,1413,193
1.567239,1413,192
1.567241,1414,192
1.567302,1413,193
1.567363,1413,192
1.567364,1414,192
1.567411,1413,193
1.567519,1412,194
1.567590,1412,193
1.567603,1412,192
1.567606,1411,193
1.567939,1410,194
1.567946,1410,193
1.568032,1409,194
1.568063,1410,194
1.568385,1409,195
1.568494,1408,196
1.568540,1408,195
1.568699,1407,196
1.568845,1406,197
1.569054,1405,198
1.569381,1404,199
1.569490,1403,200
1.569503,1402,201
1.569524,1403,201
1.569994,1403,200
1.569998,1402,201
1.570126,1403,201
1.570539,1402,202
1.570571,1403,202
1.570765,1402,203
1.571169,1402,202
1.571331,1403,202
1.571433,1404,202
1.571456,1404,201
1.571666,1405,201
1.571935,1404,202
1.572049,1405,202
1.572180,1405,201
1.572182,1406,201
1.572370,1407,201
1.572465,1408,201
1.572568,1409,201
1.572569,1408,202
1.572726,1407,203
1.572920,1406,204
1.573153,1405,205
1.573155,1406,205
1.573161,1406,204
1.573389,1407,204
1.573548,1406,205
1.573576,1405,206
1.573817,1405,205
1.574383,1405,204
1.574423,1404,205
1.574506,1405,205
1.574575,1406,205
1.574658,1405,206
1.574820,1405,205
1.575001,1406,205
1.575072,1405,206
1.575109,1406,206
1.575154,1407,206
1.575226,1406,207
1.575231,1407,207
1.575233,1408,207
1.575240,1408,206
1.575479,1409,206
1.575492,1410,206
1.575623,1409,207
1.575650,1408,208
1.575832,1407,209
1.575887,1408,209
1.575927,1407,210
1.576155,1408,210
1.576294,1407,211
1.576366,1407,210
1.576478,1406,211
1.576496,1407,211
1.576523,1408,211
1.576690,1409,211
1.576771,1409,210
1.576810,1408,211
1.576819,1407,212
1.576825,1408,212
1.577205,1409,212
1.577321,1410,212
1.577430,1411,212
1.577452,1410,213
1.577472,1409,214
1.577524,1410,214
1.578108,1411,214
1.578209,1410,215
1.578283,1409,216
1.578437,1410,216
1.578474,1409,217
1.578836,1410,217
1.578946,1411,217
1.579024,1410,218
1.579127,1409,219
1.579412,1408,220
1.579447,1409,220
1.579472,1408,221
1.579755,1407,222
1.579854,1406,223
1.580240,1405,224
1.580282,1406,224
1.580321,1407,224
1.580383,1408,224
1.580453,1409,224
1.580501,1410,224
1.580693,1411,224
1.580841,1410,225
1.581016,1409,226
1.581033,1408,227
1.581080,1407,228
1.581123,1406,229
1.581157,1407,229
1.581159,1407,228
1.581198,1406,229
1.581214,1405,230
1.581446,1404,231
1.581466,1405,231
1.581771,1404,232
1.582258,1403,233
1.582403,1404,233
1.582403,1404,232
1.582648,1403,233
1.582774,1404,233
1.582888,1405,233
1.582927,1404,234
1.583119,1403,235
1.583257,1404,235
1.583491,1405,235
1.583558,1406,235
1.583606,1407,235
1.583659,1406,236
1.583708,1407,236
1.583885,1406,237
1.583942,1407,237
1.583972,1407,236
1.584014,1408,236
1.584157,1407,237
1.584645,1408,237
1.584671,1409,237
1.585077,1409,236
1.585160,1408,237
1.585171,1409,237
1.585209,1408,238
1.585348,1409,238
1.585828,1408,239
1.586042,1407,240
1.586129,1406,241
1.586361,1406,240
1.586729,1405,241
1.586867,1406,241
1.586924,1405,242
1.586961,1404,243
1.587081,1405,243
1.587416,1406,243
1.587597,1407,243
1.587659,1406,244
1.587736,1407,244
1.587890,1406,245
1.588071,1407,245
1.588212,1407,244
1.588260,1406,245
1.588401,1407,245
1.588503,1408,245
1.588718,1407,246
1.588782,1408,246
1.588830,1408,245
1.588834,1408,244
1.588967,1409,244
1.589039,1410,244
1.589141,1411,244
1.589184,1412,244
1.589185,1411,245
1.589204,1412,245
1.589323,1412,244
1.589376,1413,244
1.589442,1412,245
1.589495,1412,244
1.589650,1413,244
1.589774,1414,244
1.589864,1414,243
1.589918,1413,244
1.590084,1412,245
1.590121,1413,245
1.590167,1414,245
1.590382,1415,245
1.590469,1414,246
1.590513,1415,246
1.590522,1416,246
1.590537,1417,246
1.590629,1418,246
1.591001,1419,246
1.591062,1418,247
1.591172,1419,247
1.591177,1420,247
1.591259,1421,247
1.591369,1420,248
1.591387,1421,248
1.591727,1421,247
1.591947,1422,247
1.591950,1421,248
1.591953,1422,248
1.591967,1422,247
1.592229,1421,248
1.592243,1422,248
1.592274,1423,248
1.592411,1422,249
1.592457,1421,250
1.592579,1422,250
1.592663,1423,250
1.592899,1424,250
1.593041,1425,250
1.593205,1426,250
1.593226,1425,251
1.593268,1425,250
1.593307,1424,251
1.593320,1423,252
1.593420,1423,251
1.593718,1422,252
1.593874,1423,252
1.594088,1422,253
1.594228,1422,252
1.594269,1421,253
1.594374,1420,254
1.594412,1419,255
1.594414,1420,255
1.594480,1421,255
1.594501,1422,255
1.594544,1422,254
1.594593,1421,255
1.594715,1422,255
1.594738,1422,254
1.594848,1421,255
1.594851,1422,255
1.594999,1423,255
1.595080,1422,256
1.595183,1421,257
1.595327,1420,258
1.595439,1421,258
1.595510,1422,258
1.595625,1421,259
1.595674,1420,260
1.595698,1421,260
1.595797,1422,260
1.595807,1423,260
1.595822,1422,261
1.595823,1421,262
1.595894,1421,261
1.595988,1420,262
1.596026,1421,262
1.596069,1420,263
1.596170,1421,263
1.596298,1421,262
1.596378,1421,261
1.596557,1422,261
1.596642,1421,262
1.596666,1420,263
1.596820,1421,263
1.596821,1422,263
1.596912,1423,263
1.597265,1422,264
1.597314,1423,264
1.597431,1422,265
1.597438,1421,266
1.597455,1420,267
1.597647,1419,268
1.597691,1419,267
1.597872,1418,268
1.598155,1419,268
1.598268,1418,269
1.598401,1417,270
1.598485,1417,269
1.598500,1418,269
1.598766,1417,270
1.598824,1417,269
1.598826,1416,270
1.599054,1415,271
1.599071,1416,271
1.599245,1416,270
1.599321,1417,270
1.599427,1417,269
1.599588,1416,270
1.599704,1417,270
1.599740,1418,270
1.599857,1419,270
1.599919,1418,271
1.599956,1418,270
1.599988,1419,270
1.600076,1420,270
1.600103,1419,271
1.600245,1419,270
1.600417,1419,269
1.600446,1420,269
1.600457,1419,270
1.600651,1420,270
1.600661,1419,271
1.600777,1420,271
1.600972,1421,271
1.601221,1420,272
1.601272,1420,271
1.601308,1420,270
1.601324,1419,271
1.601326,1418,272
1.601534,1417,273
1.601905,1416,274
1.601915,1416,273
1.602033,1415,274
1.602096,1416,274
1.602140,1417,274
1.602262,1418,274
1.602274,1417,275
1.602284,1418,275
1.602343,1417,276
1.602381,1418,276
1.602542,1419,276
1.602726,1420,276
1.602910,1421,276
1.603155,1420,277
1.603250,1419,278
1.603415,1418,279
1.603478,1417,280
1.603515,1418,280
1.603585,1419,280
1.603596,1419,279
1.603618,1419,278
1.603846,1418,279
1.603970,1419,279
1.604409,1420,279
1.604601,1419,280
1.604633,1418,281
1.604685,1419,281
1.604716,1420,281
1.604901,1421,281
1.604930,1422,281
1.604932,1422,280
1.605065,1422,279
1.605116,1423,279
1.605209,1424,279
1.605287,1424,278
1.605400,1424,277
1.605529,1423,278
1.605596,1424,278
1.605610,1423,279
1.605700,1422,280
1.605747,1421,281
1.605892,1422,281
1.605914,1422,280
1.605918,1423,280
1.605919,1424,280
1.606051,1425,280
1.606369,1426,280
1.606409,1425,281
1.606572,1425,280
1.606620,1426,280
1.606780,1425,281
1.606807,1424,282
1.606821,1423,283
1.606881,1424,283
1.606895,1425,283
1.606939,1424,284
1.607015,1423,285
1.607030,1422,286
1.607043,1421,287
1.607111,1420,288
1.607173,1419,289
1.607288,1418,290
1.607385,1417,291
1.607412,1418,291
1.607451,1417,292
1.607784,1418,292
1.608047,1417,293
1.608058,1416,294
1.608094,1417,294
1.608129,1416,295
1.608142,1415,296
1.608242,1415,295
1.608308,1416,295
1.608322,1415,296
1.608339,1414,297
1.608555,1415,297
1.608726,1414,298
1.608884,1414,297
1.608975,1413,298
1.609059,1412,299
1.609103,1413,299
1.609290,1412,300
1.609453,1411,301
1.609461,1412,301
1.609556,1413,301
1.609716,1414,301
1.609752,1414,300
1.609799,1413,301
1.609822,1412,302
1.609925,1413,302
1.610027,1414,302
1.610045,1414,301
1.610439,1415,301
1.610461,1414,302
1.610464,1413,303
1.610473,1414,303
1.610564,1415,303
1.610686,1416,303
1.610690,1416,302
1.610716,1417,302
1.610727,1416,303
1.610818,1417,303
1.611192,1416,304
1.611707,1415,305
1.611729,1416,305
1.611862,1416,304
1.611973,1415,305
1.612058,1414,306
1.612082,1415,306
1.612124,1414,307
1.612158,1413,308
1.612162,1414,308
1.612313,1415,308
1.612553,1415,307
1.612589,1414,308
1.612644,1413,309
1.612742,1412,310
1.612767,1411,311
1.612922,1411,310
1.613038,1410,311
1.613053,1409,312
1.613113,1408,313
1.613230,1409,313
1.613279,1410,313
1.613555,1409,314
1.613786,1408,315
1.613808,1409,315
1.613832,1408,316
1.614022,1409,316
1.614064,1408,317
1.614068,1407,318
1.614077,1406,319
1.614143,1405,320
1.614169,1406,320
1.614239,1405,321
1.614267,1406,321
1.614277,1406,320
1.614417,1405,321
1.614478,1404,322
1.614596,1403,323
1.614708,1403,322
1.614789,1402,323
1.615119,1401,324
1.615199,1400,325
1.615705,1401,325
1.615729,1400,326
1.615819,1401,326
1.615956,1400,327
1.616085,1399,328
1.616108,1398,329
1.616119,1398,328
1.616337,1399,328
1.616384,1400,328
1.616402,1401,328
1.616460,1402,328
1.616546,1401,329
1.616559,1400,330
1.616586,1399,331
1.616914,1400,331
1.616945,1401,331
1.616995,1401,330
1.617047,1402,330
1.617085,1401,331
1.617313,1402,331
1.617322,1402,330
1.617330,1401,331
1.617340,1400,332
1.617394,1401,332
1.617563,1402,332
1.617586,1403,332
1.617652,1404,332
1.617699,1404,331
1.618026,1405,331
1.618110,1404,332
1.618185,1405,332
1.618289,1406,332
1.618334,1407,332
1.618474,1406,333
1.618791,1406,332
1.618860,1407,332
1.619238,1408,332
1.619283,1407,333
1.619320,1406,334
1.619364,1405,335
1.619472,1404,336
1.619552,1403,337
1.619635,1404,337
1.619829,1405,337
1.619886,1405,336
1.620095,1404,337
1.620263,1403,338
1.620369,1404,338
1.620405,1405,338
1.620510,1405,337
1.620553,1406,337
1.620788,1407,337
1.620837,1408,337
1.620838,1407,338
1.621221,1406,339
1.621261,1406,338
1.621267,1405,339
1.621280,1404,340
1.621444,1405,340
1.621533,1406,340
1.621555,1406,339
1.621567,1407,339
1.621574,1406,340
1.621634,1407,340
1.621709,1406,341
1.621735,1406,340
1.621882,1407,340
1.621908,1406,341
1.621941,1407,341
1.621952,1406,342
1.622022,1405,343
1.622288,1406,343
1.622318,1407,343
1.622345,1406,344
1.622406,1407,344
1.622580,1406,345
1.622620,1406,344
1.622798,1405,345
1.622835,1406,345
1.622949,1407,345
1.623133,1406,346
1.623642,1407,346
1.623672,1408,346
1.623683,1409,346
1.623992,1408,347
1.624077,1407,348
1.624150,1406,349
1.624265,1406,348
1.624280,1405,349
1.624677,1404,350
1.624791,1403,351
1.625131,1402,352
1.625163,1403,352
1.625260,1402,353
1.625387,1401,354
1.625457,1400,355
1.625593,1399,356
1.625647,1398,357
1.625835,1399,357
1.625839,1400,357
1.625957,1399,358
1.626021,1400,358
1.626049,1401,358
1.626135,1400,359
1.626162,1401,359
1.626240,1402,359
1.626552,1402,358
1.626564,1401,359
1.626576,1402,359
1.626579,1401,360
1.626724,1400,361
1.626733,1399,362
1.626843,1398,363
1.626933,1399,363
1.627066,1400,363
1.627163,1399,364
1.627172,1398,365
1.627243,1397,366
1.627323,1396,367
1.627332,1396,366
1.627335,1397,366
1.627453,1396,367
1.627490,1397,367
1.627504,1398,367
1.627676,1399,367
1.627686,1400,367
1.627817,1399,368
1.627839,1400,368
1.627954,1401,368
1.628323,1400,369
1.628400,1401,369
1.628496,1400,370
1.628572,1400,369
1.628582,1401,369
1.628585,1402,369
1.628633,1401,370
1.628719,1402,370
1.628800,1403,370
1.628936,1404,370
1.629081,1403,371
1.629117,1403,370
1.629329,1402,371
1.629335,1403,371
1.629469,1402,372
1.629545,1403,372
1.629650,1402,373
1.629659,1403,373
1.629670,1402,374
1.629976,1401,375
1.630173,1402,375
1.630231,1402,374
1.630377,1401,375
1.630485,1400,376
1.630515,1399,377
1.630606,1398,378
1.630779,1397,379
1.630912,1397,378
1.631013,1396,379
1.631022,1397,379
1.631107,1398,379
1.631265,1397,380
1.631549,1398,380
1.631551,1399,380
1.631598,1400,380
1.631623,1400,379
1.631692,1400,378
1.631762,1399,379
1.631867,1400,379
1.631872,1401,379
1.631895,1400,380
1.631956,1401,380
1.631957,1400,381
1.631963,1399,382
1.631996,1398,383
1.632024,1397,384
1.632053,1397,383
1.632055,1396,384
1.632082,1397,384
1.632172,1397,383
1.632526,1396,384
1.632610,1397,384
1.632639,1396,385
1.632696,1395,386
1.632835,1394,387
1.632928,1393,388
1.633091,1392,389
1.633204,1391,390
1.633293,1390,391
1.633339,1391,391
1.633358,1392,391
1.633366,1391,392
1.633394,1390,393
1.633450,1391,393
1.633457,1392,393
1.633573,1391,394
1.633649,1392,394
1.633982,1393,394
1.633995,1393,393
1.634009,1394,393
1.634111,1393,394
1.634139,1394,394
1.634161,1393,395
1.634322,1394,395
1.634361,1394,394
1.634361,1395,394
1.634413,1394,395
1.634467,1393,396
1.634601,1392,397
1.634710,1391,398
1.634771,1392,398
1.634802,1392,397
1.634832,1391,398
1.634859,1392,398
1.634871,1393,398
1.635182,1392,399
1.635213,1392,398
1.635316,1393,398
1.635416,1394,398
1.635613,1393,399
1.635653,1394,399
1.635883,1394,398
1.636022,1395,398
1.636049,1396,398
1.636085,1395,399
1.636279,1394,400
1.636332,1393,401
1.636345,1394,401
1.636373,1393,402
1.636448,1392,403
1.636463,1391,404
1.636524,1390,405
1.636605,1391,405
1.636675,1390,406
1.636902,1389,407
1.637234,1390,407
1.637295,1391,407
1.637400,1391,406
1.637465,1391,405
1.637568,1392,405
1.637600,1393,405
1.637641,1392,406
1.637685,1393,406
1.637890,1394,406
1.637926,1394,405
1.637936,1393,406
1.638011,1392,407
1.638175,1391,408
1.638247,1391,407
1.638314,1391,406
1.638354,1392,406
1.638440,1391,407
1.638451,1390,408
1.638582,1389,409
1.638767,1390,409
1.638772,1391,409
1.638820,1390,410
1.639116,1389,411
1.639121,1390,411
1.639256,1390,410
1.639392,1391,410
1.639401,1390,411
1.639505,1389,412
1.639564,1388,413
1.639641,1387,414
1.639668,1388,414
1.639687,1388,413
1.639706,1387,414
1.639747,1388,414
1.639793,1389,414
1.639857,1388,415
1.639990,1389,415
1.640141,1388,416
1.640180,1387,417
1.640264,1387,416
1.640348,1386,417
1.640500,1385,418
1.640597,1384,419
1.640666,1383,420
1.640776,1382,421
1.641022,1383,421
1.641065,1383,420
1.641182,1382,421
1.641295,1381,422
1.641392,1380,423
1.641648,1379,424
1.641832,1378,425
1.641919,1379,425
1.641971,1378,426
1.642003,1378,425
1.642169,1377,426
1.642181,1377,425
1.642342,1376,426
1.642350,1375,427
1.642526,1374,428
1.642703,1374,427
1.642825,1373,428
1.642871,1374,428
1.643028,1373,429
1.643077,1372,430
1.643177,1371,431
1.643243,1372,431
1.643363,1373,431
1.643370,1372,432
1.643448,1371,433
1.643457,1370,434
1.643712,1369,435
1.643824,1370,435
1.643838,1369,436
1.643954,1369,435
1.644034,1368,436
1.644061,1369,436
1.644314,1369,435
1.644440,1370,435
1.644452,1369,436
1.644707,1370,436
1.644779,1370,435
1.644803,1369,436
1.644841,1370,436
1.644860,1369,437
1.644922,1368,438
1.644992,1369,438
1.645008,1369,437
1.645043,1368,438
1.645071,1367,439
1.645078,1368,439
1.645510,1368,438
1.645687,1367,439
1.645707,1367,438
1.645733,1368,438
1.645850,1368,437
1.645865,1368,436
1.645876,1368,435
1.645988,1367,436
1.646002,1368,436
1.646066,1367,437
1.646082,1368,437
1.646112,1369,437
1.646122,1370,437
1.646185,1369,438
1.646254,1370,438
1.646456,1371,438
1.646458,1370,439
1.646493,1371,439
1.646503,1370,440
1.646557,1369,441
1.646591,1370,441
1.646631,1369,442
1.646738,1370,442
1.647091,1369,443
1.647142,1369,442
1.647372,1370,442
1.647427,1371,442
1.647816,1372,442
1.648162,1371,443
1.648165,1371,442
1.648240,1370,443
1.648402,1369,444
1.648459,1368,445
1.648607,1369,445
1.648614,1369,444
1.648665,1368,445
1.648819,1369,445
1.648830,1369,444
1.648896,1368,445
1.649202,1369,445
1.649274,1368,446
1.649318,1369,446
1.649319,1370,446
1.649322,1369,447
1.649643,1368,448
1.649749,1367,449
1.649818,1368,449
1.649978,1369,449
1.650022,1368,450
1.650033,1369,450
1.650061,1368,451
1.650128,1367,452
1.650142,1366,453
1.650199,1365,454
1.650200,1364,455
1.650400,1363,456
1.650430,1364,456
1.650511,1365,456
1.650668,1366,456
1.650734,1365,457
1.650824,1364,458
1.650857,1363,459
1.650857,1362,460
1.650930,1361,461
1.651009,1360,462
1.651186,1361,462
1.651193,1360,463
1.651232,1359,464
1.651263,1360,464
1.651297,1359,465
1.651450,1358,466
1.651475,1359,466
1.651482,1359,465
1.651547,1359,464
1.651596,1358,465
1.651605,1357,466
1.651784,1358,466
1.651821,1357,467
1.651931,1357,466
1.651959,1358,466
1.651983,1357,467
1.651998,1356,468
1.652004,1355,469
1.652105,1355,468
1.652264,1354,469
1.652311,1355,469
1.652333,1354,470
1.652351,1353,471
1.652388,1352,472
1.652392,1351,473
1.652483,1350,474
1.652492,1349,475
1.652512,1350,475
1.652569,1351,475
1.652618,1350,476
1.652708,1349,477
1.652783,1348,478
1.652804,1347,479
1.652987,1346,480
1.653000,1345,481
1.653359,1346,481
1.653397,1347,481
1.653428,1348,481
1.653622,1347,482
1.653667,1348,482
1.653686,1348,481
1.653756,1349,481
1.653818,1348,482
1.653868,1347,483
1.653926,1346,484
1.653960,1347,484
1.654099,1346,485
1.654230,1347,485
1.654287,1348,485
1.654461,1349,485
1.654487,1348,486
1.654568,1349,486
1.654716,1348,487
1.654838,1348,486
1.654874,1347,487
1.655048,1346,488
1.655194,1347,488
1.655231,1347,487
1.655250,1348,487
1.655260,1349,487
1.655297,1348,488
1.655440,1348,487
1.655573,1347,488
1.655632,1346,489
1.655846,1345,490
1.655901,1344,491
1.655941,1343,492
1.655959,1342,493
1.656201,1341,494
1.656214,1340,495
1.656641,1339,496
1.656722,1340,496
1.656722,1339,497
1.656873,1338,498
1.656878,1337,499
1.656968,1336,500
1.657085,1337,500
1.657209,1336,501
1.657279,1337,501
1.657325,1336,502
1.657490,1335,503
1.657673,1335,502
1.657705,1335,501
1.657790,1334,502
1.657915,1335,502
1.657971,1335,501
1.657982,1335,500
1.658037,1336,500
1.658067,1337,500
1.658095,1336,501
1.658167,1337,501
1.658264,1338,501
1.658358,1337,502
1.658424,1336,503
1.658597,1335,504
1.658740,1336,504
1.658839,1337,504
1.658860,1338,504
1.658866,1339,504
1.659187,1340,504
1.659197,1341,504
1.659199,1342,504
1.659271,1341,505
1.659324,1340,506
1.659333,1341,506
1.659351,1342,506
1.659363,1341,507
1.659364,1342,507
1.659416,1341,508
1.659427,1340,509
1.659428,1339,510
1.659482,1338,511
1.659556,1337,512
1.659642,1336,513
1.659713,1336,512
1.659736,1335,513
1.659742,1336,513
1.659752,1336,512
1.659753,1336,511
1.659785,1337,511
1.659794,1338,511
1.659854,1337,512
1.659891,1336,513
1.660158,1335,514
1.660189,1336,514
1.660191,1337,514
1.660432,1338,514
1.660768,1337,515
1.660847,1336,516
1.660904,1335,517
1.660957,1334,518
1.660981,1335,518
1.661029,1336,518
1.661068,1335,519
1.661139,1336,519
1.661228,1335,520
1.661249,1336,520
1.661296,1337,520
1.661356,1337,519
1.661421,1338,519
1.661447,1337,520
1.661563,1338,520
1.661700,1337,521
1.661749,1337,520
1.661760,1336,521
1.661778,1335,522
1.661841,1334,523
1.661874,1334,522
1.662022,1333,523
1.662122,1334,523
1.662218,1335,523
1.662235,1334,524
1.662442,1333,525
1.662520,1332,526
1.662531,1331,527
1.662533,1332,527
1.662697,1331,528
1.662746,1330,529
1.662843,1329,530
1.663054,1330,530
1.663106,1330,529
1.663167,1329,530
1.663326,1330,530
1.663335,1329,531
1.663410,1329,530
1.663763,1330,530
1.663974,1329,531
1.664104,1329,530
1.664120,1328,531
1.664169,1327,532
1.664199,1326,533
1.664242,1327,533
1.664283,1328,533
1.664300,1327,534
1.664331,1327,533
1.664372,1327,532
1.664674,1328,532
1.664776,1329,532
1.664803,1330,532
1.664908,1329,533
1.664952,1329,532
1.665078,1328,533
1.665172,1328,532
1.665205,1329,532
1.665281,1329,531
1.665365,1328,532
1.665367,1327,533
1.665378,1326,534
1.665381,1327,534
1.665411,1328,534
1.665457,1328,533
1.665512,1329,533
1.665542,1328,534
1.665615,1327,535
1.665668,1327,534
1.665745,1328,534
1.665807,1329,534
1.665900,1328,535
1.665989,1327,536
1.666207,1327,535
1.666267,1326,536
1.666455,1327,536
1.666469,1328,536
1.666653,1327,537
1.666678,1326,538
1.666769,1325,539
1.666814,1325,538
1.666828,1324,539
1.666920,1324,538
1.666980,1324,537
1.666990,1323,538
1.667005,1324,538
1.667029,1324,537
1.667125,1325,537
1.667132,1325,536
1.667176,1324,537
1.667191,1323,538
1.667304,1322,539
1.667365,1322,538
1.667401,1321,539
1.667474,1322,539
1.667475,1322,538
1.667598,1321,539
1.667673,1320,540
1.667787,1321,540
1.667787,1322,540
1.667905,1323,540
1.667907,1322,541
1.668006,1321,542
1.668046,1320,543
1.668102,1319,544
1.668219,1320,544
1.668404,1319,545
1.668697,1318,546
1.668721,1319,546
1.668795,1320,546
1.668857,1319,547
1.668931,1320,547
1.669025,1321,547
1.669034,1320,548
1.669075,1321,548
1.669123,1321,547
1.669131,1321,546
1.669179,1320,547
1.669202,1319,548
1.669234,1320,548
1.669287,1319,549
1.669317,1320,549
1.669400,1321,549
1.669436,1321,548
1.669686,1322,548
1.669764,1321,549
1.669833,1320,550
1.669842,1320,549
1.669847,1320,548
1.669857,1321,548
1.669901,1320,549
1.669995,1321,549
1.670122,1321,548
1.670298,1320,549
1.670323,1319,550
1.670326,1320,550
1.670352,1319,551
1.670399,1318,552
1.670423,1319,552
1.670600,1318,553
1.670632,1318,552
1.670673,1317,553
1.670719,1316,554
1.670981,1316,553
1.671034,1317,553
1.671073,1317,552
1.671329,1316,553
1.671490,1317,553
1.671618,1316,554
1.671628,1315,555
1.671645,1314,556
1.671670,1315,556
1.671838,1316,556
1.671872,1317,556
1.671915,1316,557
1.671986,1316,556
1.671991,1315,557
1.672059,1314,558
1.672099,1313,559
1.672304,1312,560
1.672319,1313,560
1.672496,1313,559
1.672584,1312,560
1.672650,1312,559
1.672714,1311,560
1.672888,1310,561
1.672918,1311,561
1.672954,1311,560
1.672977,1312,560
1.673015,1312,559
1.673022,1311,560
1.673118,1311,559
1.673220,1311,558
1.673243,1310,559
1.673473,1309,560
1.673483,1309,559
1.673494,1310,559
1.673542,1309,560
1.673571,1308,561
1.673617,1308,560
1.673630,1309,560
1.673680,1308,561
1.673765,1308,560
1.673805,1309,560
1.673821,1310,560
1.674000,1309,561
1.674005,1310,561
1.674102,1309,562
1.674135,1310,562
1.674181,1309,563
1.674182,1308,564
1.674212,1309,564
1.674224,1308,565
1.674235,1309,565
1.674384,1310,565
1.674391,1310,564
1.674530,1310,563
1.674542,1309,564
1.674665,1309,563
1.674666,1310,563
1.674804,1309,564
1.674870,1308,565
1.675170,1308,564
1.675267,1307,565
1.675328,1306,566
1.675398,1307,566
1.675610,1308,566
1.675651,1307,567
1.675726,1308,567
1.675772,1307,568
1.675843,1306,569
1.675983,1305,570
1.675994,1304,571
1.676072,1303,572
1.676167,1303,571
1.676253,1304,571
1.676275,1303,572
1.676604,1302,573
1.676631,1301,574
1.676670,1300,575
1.676697,1301,575
1.676757,1300,576
1.676983,1299,577
1.677234,1298,578
1.677412,1298,577
1.677543,1298,576
1.677796,1298,575
1.677817,1298,574
1.677988,1299,574
1.677999,1298,575
1.678061,1297,576
1.678091,1296,577
1.678179,1295,578
1.678263,1294,579
1.678301,1295,579
1.678319,1294,580
1.678341,1294,579
1.678401,1293,580
1.678447,1294,580
1.678529,1293,581
1.678551,1292,582
1.678631,1293,582
1.678807,1292,583
1.678821,1291,584
1.678838,1291,583
1.678843,1291,582
1.678908,1290,583
1.678951,1289,584
1.678978,1288,585
1.678981,1287,586
1.679011,1286,587
1.679019,1285,588
1.679075,1285,587
1.679125,1286,587
1.679224,1285,588
1.679355,1284,589
1.679400,1284,588
1.679461,1284,587
1.679526,1285,587
1.679760,1284,588
1.679766,1283,589
1.679772,1283,588
1.679845,1282,589
1.679890,1281,590
1.679898,1280,591
1.679926,1281,591
1.680001,1280,592
1.680156,1279,593
1.680221,1278,594
1.680359,1277,595
1.680404,1276,596
1.680487,1277,596
1.680513,1277,595
1.680555,1276,596
1.680633,1275,597
1.680684,1276,597
1.680695,1275,598
1.680700,1274,599
1.680785,1275,599
1.680834,1276,599
1.680857,1277,599
1.681185,1278,599
1.681383,1277,600
1.681409,1276,601
1.681470,1275,602
1.681471,1275,601
1.681534,1274,602
1.681546,1273,603
1.681607,1272,604
1.681684,1271,605
1.681791,1270,606
1.681819,1269,607
1.681850,1270,607
1.681863,1269,608
1.681894,1269,607
1.681899,1269,606
1.681954,1268,607
1.682056,1267,608
1.682108,1268,608
1.682406,1268,607
1.682496,1268,606
1.682513,1268,605
1.682628,1267,606
1.682677,1266,607
1.682749,1267,607
1.682765,1266,608
1.682888,1267,608
1.682958,1266,609
1.683004,1266,608
1.683213,1266,607
1.683367,1265,608
1.683386,1264,609
1.683435,1263,610
1.683527,1262,611
1.683568,1262,610
1.683850,1261,611
1.683878,1260,612
1.683929,1259,613
1.684277,1260,613
1.684354,1259,614
1.684460,1260,614
1.684623,1259,615
1.684627,1260,615
1.684696,1259,616
1.684774,1258,617
1.684823,1259,617
1.684830,1260,617
1.684850,1259,618
1.685050,1258,619
1.685069,1257,620
1.685069,1257,619
1.685173,1257,618
1.685241,1258,618
1.685288,1258,617
1.685291,1259,617
1.685297,1258,618
1.685315,1259,618
1.685332,1259,617
1.685385,1258,618
1.685463,1259,618
1.685481,1258,619
1.685550,1259,619
1.685561,1258,620
1.685706,1257,621
1.685816,1256,622
1.685868,1255,623
1.686001,1255,622
1.686061,1256,622
1.686084,1255,623
1.686090,1254,624
1.686155,1253,625
1.686343,1252,626
1.686344,1251,627
1.686529,1251,626
1.686554,1250,627
1.686725,1249,628
1.686751,1248,629
1.686886,1247,630
1.686899,1246,631
1.686945,1246,630
1.686983,1245,631
1.687196,1246,631
1.687207,1245,632
1.687238,1244,633
1.687240,1243,634
1.687271,1242,635
1.687356,1243,635
1.687411,1242,636
1.687449,1241,637
1.687553,1241,636
1.687671,1240,637
1.687776,1239,638
1.687802,1240,638
1.687886,1239,639
1.687924,1240,639
1.687929,1241,639
1.687930,1240,640
1.687984,1240,639
1.688037,1239,640
1.688041,1240,640
1.688199,1240,639
1.688201,1239,640
1.688267,1240,640
1.688487,1239,641
1.688488,1239,640
1.688664,1239,639
1.688687,1238,640
1.688966,1237,641
1.689014,1236,642
1.689017,1236,641
1.689064,1237,641
1.689068,1237,640
1.689102,1237,639
1.689136,1236,640
1.689198,1236,639
1.689249,1235,640
1.689342,1234,641
1.689412,1234,640
1.689505,1233,641
1.689612,1233,640
1.689675,1232,641
1.689712,1231,642
1.689735,1231,641
1.689853,1232,641
1.689868,1233,641
1.689966,1233,640
1.689983,1233,639
1.689996,1232,640
1.690035,1231,641
1.690036,1230,642
1.690082,1229,643
1.690143,1228,644
1.690144,1229,644
1.690159,1228,645
1.690254,1227,646
1.690456,1226,647
1.690487,1226,646
1.690501,1226,645
1.690601,1226,644
1.690737,1225,645
1.690815,1224,646
1.690817,1223,647
1.690828,1222,648
1.690836,1221,649
1.690936,1221,648
1.690967,1221,647
1.690984,1221,646
1.690998,1220,647
1.691026,1220,646
1.691257,1221,646
1.691437,1220,647
1.691468,1220,646
1.691472,1220,645
1.691473,1219,646
1.691514,1218,647
1.691525,1217,648
1.691525,1217,647
1.691564,1216,648
1.691571,1215,649
1.691617,1214,650
1.691622,1214,649
1.691647,1215,649
1.691744,1214,650
1.691757,1215,650
1.691824,1216,650
1.691959,1216,649
1.691968,1215,650
1.692021,1214,651
1.692028,1213,652
1.692066,1213,651
1.692196,1212,652
1.692275,1213,652
1.692442,1212,653
1.692489,1211,654
1.692506,1211,653
1.692544,1210,654
1.692803,1211,654
1.692826,1211,653
1.692926,1210,654
1.693009,1209,655
1.693044,1210,655
1.693047,1209,656
1.693152,1210,656
1.693321,1210,655
1.693335,1209,656
1.693353,1208,657
1.693394,1208,656
1.693436,1207,657
1.693510,1206,658
1.693629,1207,658
1.693665,1206,659
1.693767,1206,658
1.693833,1206,657
1.693884,1206,656
1.693930,1205,657
1.693937,1204,658
1.693949,1204,657
1.694030,1204,656
1.694140,1205,656
1.694162,1206,656
1.694256,1206,655
1.694261,1206,654
1.694403,1206,653
1.694450,1207,653
1.694531,1207,652
1.694640,1206,653
1.694838,1205,654
1.695157,1206,654
1.695296,1205,655
1.695328,1204,656
1.695473,1203,657
1.695481,1203,656
1.695527,1204,656
1.695568,1203,657
1.695605,1203,656
1.695695,1202,657
1.695728,1201,658
1.695811,1202,658
1.695929,1201,659
1.695948,1202,659
1.696008,1201,660
1.696119,1202,660
1.696210,1203,660
1.696240,1202,661
1.696264,1203,661
1.696291,1202,662
1.696291,1203,662
1.696368,1202,663
1.696374,1201,664
1.696634,1202,664
1.696636,1201,665
1.696637,1200,666
1.696690,1199,667
1.696691,1200,667
1.696725,1200,666
1.696859,1199,667
1.696904,1198,668
1.696910,1199,668
1.696934,1198,669
1.696988,1197,670
1.697259,1196,671
1.697327,1196,670
1.697432,1196,669
1.697694,1197,669
1.697742,1196,670
1.697811,1195,671
1.697905,1194,672
1.697966,1195,672
1.698095,1195,671
1.698140,1194,672
1.698203,1193,673
1.698210,1192,674
1.698228,1191,675
1.698446,1190,676
1.698460,1191,676
1.698616,1191,675
1.698676,1190,676
1.698687,1189,677
1.698717,1188,678
1.698783,1187,679
1.698807,1186,680
1.698823,1185,681
1.698963,1185,680
1.698987,1184,681
1.699166,1183,682
1.699167,1183,681
1.699251,1182,682
1.699317,1181,683
1.699415,1180,684
1.699450,1180,683
1.699583,1179,684
1.699662,1178,685
1.699706,1177,686
1.699713,1177,685
1.699824,1178,685
1.699997,1177,686
1.700130,1176,687
1.700156,1175,688
1.700164,1175,687
1.700237,1176,687
1.700257,1175,688
1.700360,1174,689
1.700380,1173,690
1.700466,1172,691
1.700702,1171,692
1.700721,1171,691
1.700748,1171,690
1.700863,1170,691
1.701021,1170,690
1.701065,1169,691
1.701066,1170,691
1.701100,1169,692
1.701142,1168,693
1.701217,1168,692
1.701234,1167,693
1.701281,1167,692
1.701296,1166,693
1.701332,1167,693
1.701342,1168,693
1.701345,1167,694
1.701450,1166,695
1.701462,1167,695
1.701608,1166,696
1.701666,1166,695
1.701693,1165,696
1.701832,1164,697
1.701870,1163,698
1.701905,1162,699
1.702121,1163,699
1.702299,1164,699
1.702362,1163,700
1.702624,1162,701
1.702694,1161,702
1.702833,1160,703
1.702913,1160,702
1.702936,1159,703
1.702949,1158,704
1.702965,1157,705
1.703103,1156,706
1.703137,1155,707
1.703186,1154,708
1.703194,1153,709
1.703245,1153,708
1.703447,1153,707
1.703470,1154,707
1.703508,1154,706
1.703512,1153,707
1.703553,1154,707
1.703568,1155,707
1.703707,1154,708
1.703722,1153,709
1.703728,1154,709
1.703733,1154,708
1.704151,1153,709
1.704160,1152,710
1.704256,1152,709
1.704356,1151,710
1.704371,1150,711
1.704404,1149,712
1.704410,1148,713
1.704489,1148,712
1.704602,1149,712
1.704682,1148,713
1.704733,1148,712
1.704810,1147,713
1.704850,1148,713
1.704906,1147,714
1.704971,1148,714
1.704975,1148,713
1.704983,1147,714
1.705021,1147,713
1.705108,1146,714
1.705127,1146,713
1.705197,1146,712
1.705266,1145,713
1.705273,1144,714
1.705356,1144,713
1.705390,1144,712
1.705422,1145,712
1.705462,1144,713
1.705501,1143,714
1.705504,1144,714
1.705516,1144,713
1.705722,1143,714
1.705791,1142,715
1.705850,1141,716
1.706207,1142,716
1.706217,1142,715
1.706319,1141,716
1.706355,1140,717
1.706450,1139,718
1.706559,1138,719
1.706604,1138,718
1.706653,1137,719
1.706763,1136,720
1.707019,1136,719
1.707127,1135,720
1.707253,1135,719
1.707433,1136,719
1.707508,1135,720
1.707571,1134,721
1.707578,1134,720
1.707638,1135,720
1.707861,1134,721
1.707877,1134,720
1.707896,1133,721
1.707916,1132,722
1.707926,1131,723
1.708053,1130,724
1.708213,1131,724
1.708248,1131,723
1.708261,1131,722
1.708294,1130,723
1.708327,1129,724
1.708348,1129,723
1.708412,1129,722
1.708422,1129,721
1.708634,1128,722
1.708720,1128,721
1.708808,1128,720
1.708953,1127,721
1.709065,1127,720
1.709080,1126,721
1.709162,1127,721
1.709233,1126,722
1.709243,1127,722
1.709314,1128,722
1.709481,1127,723
1.709482,1127,722
1.709610,1126,723
1.709639,1127,723
1.709640,1126,724
1.709782,1126,723
1.709787,1125,724
1.709797,1125,723
1.709869,1124,724
1.709880,1123,725
1.709951,1122,726
1.710046,1121,727
1.710109,1121,726
1.710142,1121,725
1.710147,1120,726
1.710247,1119,727
1.710265,1118,728
1.710280,1117,729
1.710439,1116,730
1.710468,1115,731
1.710486,1114,732
1.710508,1115,732
1.710537,1114,733
1.710547,1115,733
1.710645,1114,734
1.710722,1113,735
1.710880,1113,734
1.710885,1112,735
1.711009,1113,735
1.711047,1112,736
1.711134,1111,737
1.711314,1111,736
1.711350,1110,737
1.711484,1109,738
1.711539,1108,739
1.711549,1108,738
1.711579,1108,737
1.711579,1107,738
1.711619,1107,737
1.711720,1107,736
1.711728,1107,735
1.711819,1106,736
1.711844,1105,737
1.711939,1104,738
1.712015,1103,739
1.712088,1103,738
1.712134,1102,739
1.712251,1102,738
1.712265,1101,739
1.712273,1100,740
1.712505,1099,741
1.712606,1098,742
1.712667,1098,741
1.712819,1097,742
1.712933,1097,741
1.713129,1098,741
1.713353,1099,741
1.713467,1098,742
1.713482,1097,743
1.713571,1096,744
1.713574,1095,745
1.713613,1094,746
1.713708,1093,747
1.713708,1093,746
1.713833,1092,747
1.713838,1091,748
1.713869,1090,749
1.713970,1089,750
1.714299,1088,751
1.714424,1087,752
1.714439,1088,752
1.714447,1087,753
1.714564,1086,754
1.714692,1085,755
1.714704,1086,755
1.714720,1086,754
1.714838,1085,755
1.714847,1084,756
1.714857,1084,755
1.714920,1085,755
1.714942,1084,756
1.715019,1083,757
1.715024,1084,757
1.715068,1083,758
1.715099,1082,759
1.715133,1083,759
1.715223,1082,760
1.715242,1083,760
1.715243,1082,761
1.715333,1082,760
1.715481,1083,760
1.715490,1084,760
1.715612,1084,759
1.715642,1084,758
1.715759,1083,759
1.715939,1082,760
1.716066,1082,759
1.716112,1081,760
1.716147,1080,761
1.716197,1079,762
1.716348,1078,763
1.716402,1077,764
1.716414,1077,763
1.716825,1076,764
1.717038,1075,765
1.717070,1075,764
1.717237,1075,763
1.717425,1074,764
1.717486,1073,765
1.717511,1074,765
1.717537,1074,764
1.717599,1073,765
1.717617,1074,765
1.717646,1075,765
1.717650,1074,766
1.717650,1075,766
1.717661,1074,767
1.717806,1073,768
1.717829,1073,767
1.718299,1072,768
1.718414,1071,769
1.718428,1070,770
1.718464,1070,769
1.718507,1071,769
1.718508,1070,770
1.718642,1069,771
1.718688,1068,772
1.718711,1067,773
1.718724,1066,774
1.718727,1067,774
1.718741,1066,775
1.718800,1066,774
1.718835,1065,775
1.719029,1066,775
1.719046,1065,776
1.719099,1064,777
1.719232,1063,778
1.719333,1062,779
1.719445,1063,779
1.719588,1062,780
1.719607,1061,781
1.719626,1062,781
1.719635,1062,780
1.719692,1062,779
1.719726,1063,779
1.719814,1062,780
1.719893,1062,779
1.720018,1061,780
1.720037,1061,779
1.720071,1062,779
1.720120,1061,780
1.720247,1060,781
1.720329,1059,782
1.720340,1058,783
1.720401,1057,784
1.720426,1057,783
1.720518,1057,782
1.720597,1056,783
1.720710,1055,784
1.720796,1056,784
1.720806,1056,783
1.720954,1057,783
1.720975,1056,784
1.721089,1055,785
1.721192,1054,786
1.721304,1054,785
1.721315,1053,786
1.721317,1052,787
1.721318,1051,788
1.721392,1050,789
1.721395,1049,790
1.721404,1049,789
1.721509,1050,789
1.721527,1051,789
1.721564,1052,789
1.721655,1051,790
1.721672,1050,791
1.721772,1049,792
1.721795,1048,793
1.721828,1048,792
1.721831,1047,793
1.721844,1046,794
1.721931,1046,793
1.722017,1045,794
1.722022,1046,794
1.722385,1045,795
1.722388,1046,795
1.722411,1047,795
1.722448,1048,795
1.722474,1047,796
1.722504,1046,797
1.722620,1046,796
1.722646,1046,795
1.722678,1045,796
1.722737,1046,796
1.722859,1045,797
1.722895,1044,798
1.722919,1043,799
1.723088,1043,798
1.723147,1043,797
1.723326,1042,798
1.723356,1042,797
1.723382,1041,798
1.723439,1042,798
1.723490,1042,797
1.723548,1041,798
1.723572,1040,799
1.723583,1040,798
1.723592,1041,798
1.723602,1040,799
1.723720,1040,798
1.723755,1041,798
1.723855,1042,798
1.723862,1043,798
1.723891,1044,798
1.723919,1043,799
1.724016,1042,800
1.724040,1041,801
1.724049,1041,800
1.724099,1042,800
1.724140,1041,801
1.724332,1041,800
1.724365,1040,801
1.724523,1039,802
1.724547,1039,801
1.724555,1040,801
1.724587,1039,802
1.724591,1040,802
1.724642,1039,803
1.724749,1040,803
1.724758,1041,803
1.724796,1040,804
1.725168,1041,804
1.725170,1042,804
1.725184,1043,804
1.725231,1043,803
1.725362,1042,804
1.725373,1041,805
1.725456,1040,806
1.725488,1040,805
1.725588,1041,805
1.725705,1040,806
1.725749,1039,807
1.725794,1038,808
1.725814,1039,808
1.725846,1039,807
1.725900,1038,808
1.725926,1038,807
1.726027,1037,808
1.726044,1036,809
1.726055,1035,810
1.726153,1034,811
1.726157,1033,812
1.726230,1033,811
1.726311,1032,812
1.726332,1031,813
1.726371,1030,814
1.726534,1029,815
1.726656,1030,815
1.726760,1031,815
1.726764,1030,816
1.726806,1029,817
1.726900,1030,817
1.726954,1029,818
1.726992,1028,819
1.727072,1027,820
1.727125,1027,819
1.727131,1026,820
1.727183,1026,819
1.727206,1025,820
1.727328,1026,820
1.727459,1026,819
1.727468,1026,818
1.727531,1027,818
1.727543,1026,819
1.727580,1026,818
1.727619,1026,817
1.727724,1025,818
1.727765,1024,819
1.727825,1024,818
1.727926,1023,819
1.727933,1022,820
1.728263,1021,821
1.728327,1022,821
1.728334,1021,822
1.728441,1020,823
1.728490,1019,824
1.728537,1018,825
1.728582,1017,826
1.728616,1017,825
1.728647,1016,826
1.728739,1016,825
1.728798,1015,826
1.728955,1016,826
1.729018,1015,827
1.729084,1015,826
1.729308,1015,825
1.729314,1016,825
1.729332,1017,825
1.729407,1016,826
1.729560,1017,826
1.729582,1018,826
1.729584,1017,827
1.729611,1016,828
1.729813,1016,827
1.729867,1015,828
1.729878,1015,827
1.729886,1014,828
1.729892,1013,829
1.729958,1012,830
1.729962,1011,831
1.730047,1010,832
1.730176,1011,832
1.730191,1011,831
1.730213,1010,832
1.730218,1011,832
1.730280,1012,832
1.730430,1012,831
1.730495,1011,832
1.730750,1010,833
1.730775,1010,832
1.730846,1011,832
1.730925,1010,833
1.731064,1010,832
1.731092,1009,833
1.731107,1008,834
1.731191,1007,835
1.731240,1007,834
1.731283,1006,835
1.731493,1006,834
1.731547,1006,833
1.731605,1007,833
1.731649,1006,834
1.731671,1005,835
1.731850,1006,835
1.731936,1006,834
1.732006,1007,834
1.732168,1006,835
1.732169,1006,834
1.732198,1007,834
1.732339,1006,835
1.732368,1005,836
1.732371,1004,837
1.732492,1003,838
1.732570,1003,837
1.732725,1003,836
1.732789,1002,837
1.732875,1002,836
1.732940,1002,835
1.732954,1002,834
1.732963,1002,833
1.732987,1002,832
1.733097,1001,833
1.733132,1002,833
1.733305,1003,833
1.733320,1002,834
1.733453,1003,834
1.733809,1003,833
1.733943,1002,834
1.734058,1003,834
1.734124,1004,834
1.734124,1003,835
1.734249,1002,836
1.734322,1001,837
1.734354,1000,838
1.734535,999,839
1.734713,998,840
1.734765,997,841
1.734892,998,841
1.734892,997,842
1.734902,997,841
1.735132,996,842
1.735202,995,843
1.735245,994,844
1.735300,993,845
1.735357,992,846
1.735404,993,846
1.735456,992,847
1.735525,991,848
1.735616,990,849
1.735620,990,848
1.735629,990,847
1.735642,989,848
1.735822,990,848
1.735917,989,849
1.736100,990,849
1.736183,989,850
1.736213,988,851
1.736295,987,852
1.736319,987,851
1.736483,986,852
1.736604,987,852
1.736733,986,853
1.736735,987,853
1.736757,986,854
1.736826,985,855
1.736854,984,856
1.736860,985,856
1.736870,986,856
1.736909,985,857
1.736941,984,858
1.736994,984,857
1.737023,983,858
1.737111,982,859
1.737112,981,860
1.737210,981,859
1.737254,981,858
1.737257,980,859
1.737262,979,860
1.737288,979,859
1.737343,980,859
1.737460,979,860
1.737465,978,861
1.737478,977,862
1.737648,976,863
1.737766,975,864
1.737816,976,864
1.737818,975,865
1.737834,976,865
1.737852,977,865
1.738024,976,866
1.738175,975,867
1.738177,974,868
1.738247,974,867
1.738361,973,868
1.738379,974,868
1.738381,973,869
1.738533,973,868
1.738555,972,869
1.738573,972,868
1.738853,971,869
1.738864,971,868
1.738929,970,869
1.738938,969,870
1.739020,968,871
1.739042,967,872
1.739045,966,873
1.739083,966,872
1.739095,965,873
1.739156,966,873
1.739156,966,872
1.739243,967,872
1.739439,966,873
1.739460,965,874
1.739478,964,875
1.739507,963,876
1.739530,962,877
1.739624,961,878
1.739680,960,879
1.739963,960,878
1.740055,959,879
1.740173,958,880
1.740179,958,879
1.740215,959,879
1.740218,960,879
1.740276,961,879
1.740289,961,878
1.740450,960,879
1.740490,959,880
1.740546,959,879
1.740584,958,880
1.740630,957,881
1.740665,956,882
1.740690,955,883
1.740700,954,884
1.740896,954,883
1.740985,954,882
1.741099,955,882
1.741122,956,882
1.741338,955,883
1.741444,956,883
1.741452,955,884
1.741601,954,885
1.741605,954,884
1.741670,953,885
1.741713,952,886
1.741762,952,885
1.741891,953,885
1.741925,952,886
1.741960,953,886
1.742077,953,885
1.742104,954,885
1.742108,953,886
1.742115,954,886
1.742286,953,887
1.742316,954,887
1.742403,954,886
1.742533,953,887
1.742567,952,888
1.742581,951,889
1.742737,950,890
1.742762,949,891
1.742983,948,892
1.743063,947,893
1.743081,947,892
1.743092,946,893
1.743103,945,894
1.743185,945,893
1.743285,945,892
1.743579,945,891
1.743650,946,891
1.743718,945,892
1.743768,946,892
1.743795,945,893
1.743849,945,892
1.743858,944,893
1.743873,945,893
1.744019,944,894
1.744034,945,894
1.744119,945,893
1.744140,944,894
1.744184,945,894
1.744194,944,895
1.744206,943,896
1.744226,943,895
1.744243,942,896
1.744284,942,895
1.744377,943,895
1.744394,943,894
1.744440,942,895
1.744584,941,896
1.744607,941,895
1.744748,940,896
1.744834,941,896
1.744941,941,895
1.744944,940,896
1.745001,939,897
1.745131,940,897
1.745139,939,898
1.745159,938,899
1.745220,937,900
1.745303,938,900
1.745464,938,899
1.745509,939,899
1.745524,939,898
1.745558,938,899
1.745739,937,900
1.745908,938,900
1.745913,937,901
1.745940,938,901
1.745942,938,900
1.745987,937,901
1.746006,937,900
1.746021,936,901
1.746087,936,900
1.746123,937,900
1.746130,937,899
1.746181,936,900
1.746199,935,901
1.746333,936,901
1.746345,937,901
1.746346,936,902
1.746434,937,902
1.746511,937,901
1.746747,937,900
1.746853,936,901
1.746871,935,902
1.746968,936,902
1.746995,937,902
1.747150,938,902
1.747338,937,903
1.747370,936,904
1.747421,935,905
1.747502,935,904
1.747610,934,905
1.747704,933,906
1.747852,934,906
1.747890,933,907
1.748037,932,908
1.748064,932,907
1.748088,932,906
1.748212,932,905
1.748420,933,905
1.748630,933,904
1.748642,932,905
1.748643,932,904
1.748663,931,905
1.748724,930,906
1.748772,929,907
1.748785,928,908
1.748850,929,908
1.748863,930,908
1.748924,930,907
1.748935,931,907
1.748938,930,908
1.749036,929,909
1.749073,928,910
1.749192,928,909
1.749236,927,910
1.749323,926,911
1.749412,926,910
1.749419,925,911
1.749431,924,912
1.749465,924,911
1.749569,925,911
1.749587,924,912
1.749611,923,913
1.749689,922,914
1.749738,922,913
1.749741,922,912
1.749827,922,911
1.749944,922,910
1.749980,921,911
1.750139,921,910
1.750169,921,909
1.750359,921,908
1.750374,921,907
1.750492,922,907
1.750520,921,908
1.750533,920,909
1.750559,920,908
1.750582,919,909
1.750586,919,908
1.750614,919,907
1.750630,918,908
1.750761,917,909
1.750828,917,908
1.750834,916,909
1.750915,915,910
1.750938,916,910
1.750964,917,910
1.751082,917,909
1.751325,916,910
1.751330,915,911
1.751426,916,911
1.751617,915,912
1.751713,916,912
1.751718,915,913
1.751744,914,914
1.751772,913,915
1.751935,913,914
1.751970,913,913
1.751975,912,914
1.752113,911,915
1.752139,911,914
1.752159,910,915
1.752225,910,914
1.752318,909,915
1.752385,909,914
1.752433,908,915
1.752440,909,915
1.752711,909,914
1.752798,909,913
1.753025,908,914
1.753136,907,915
1.753144,907,914
1.753156,908,914
1.753203,909,914
1.753210,908,915
1.753362,907,916
1.753495,907,915
1.753527,906,916
1.753555,905,917
1.753609,904,918
1.753661,903,919
1.753797,903,918
1.753891,902,919
1.753929,901,920
1.753950,900,921
1.753978,901,921
1.754005,900,922
1.754068,900,921
1.754133,901,921
1.754182,902,921
1.754187,901,922
1.754246,902,922
1.754281,901,923
1.754332,900,924
1.754338,900,923
1.754412,901,923
1.754452,900,924
1.754574,901,924
1.754576,900,925
1.754615,899,926
1.754629,898,927
1.754692,897,928
1.754716,896,929
1.754810,896,928
1.754854,895,929
1.755122,895,928
1.755185,894,929
1.755188,893,930
1.755208,892,931
1.755247,893,931
1.755263,892,932
1.755324,891,933
1.755348,890,934
1.755354,890,933
1.755382,889,934
1.755450,888,935
1.755631,887,936
1.755664,886,937
1.755739,886,936
1.755780,885,937
1.755916,885,936
1.755987,885,935
1.756028,885,934
1.756096,884,935
1.756254,883,936
1.756269,882,937
1.756321,882,936
1.756358,881,937
1.756385,881,936
1.756548,881,935
1.756650,880,936
1.756708,881,936
1.756761,881,935
1.756769,882,935
1.756774,881,936
1.756776,880,937
1.756827,879,938
1.756837,880,938
1.756960,881,938
1.757053,881,937
1.757197,880,938
1.757220,879,939
1.757225,879,938
1.757247,878,939
1.757408,878,938
1.757413,879,938
1.757416,878,939
1.757528,877,940
1.757714,876,941
1.757775,877,941
1.757822,877,940
1.758262,877,939
1.758319,877,938
1.758327,878,938
1.758354,877,939
1.758371,876,940
1.758491,876,939
1.758556,875,940
1.758592,874,941
1.758676,874,940
1.758726,873,941
1.758732,873,940
1.758782,872,941
1.758898,873,941
1.759034,872,942
1.759040,872,941
1.759041,871,942
1.759102,870,943
1.759112,871,943
1.759115,871,942
1.759315,870,943
1.759354,871,943
1.759430,872,943
1.759436,871,944
1.759440,872,944
1.759485,871,945
1.759578,871,944
1.759634,871,943
1.759690,871,942
1.759824,871,941
1.759850,871,940
1.759872,870,941
1.759963,869,942
1.759972,869,941
1.760046,869,940
1.760078,868,941
1.760099,867,942
1.760133,866,943
1.760220,865,944
1.760349,866,944
1.760395,866,943
1.760498,865,944
1.760672,864,945
1.760709,864,944
1.760778,864,943
1.760784,865,943
1.760843,866,943
1.760906,865,944
1.761000,864,945
1.761017,864,944
1.761020,865,944
1.761029,864,945
1.761086,863,946
1.761112,864,946
1.761190,863,947
1.761210,862,948
1.761217,861,949
1.761299,862,949
1.761325,862,948
1.761460,863,948
1.761542,862,949
1.761597,861,950
1.761602,861,949
1.761680,860,950
1.761688,860,949
1.761736,860,948
1.761768,859,949
1.761818,859,948
1.761830,860,948
1.761891,860,947
1.761951,859,948
1.762293,859,947
1.762298,859,946
1.762453,858,947
1.762468,857,948
1.762520,858,948
1.762627,858,947
1.762641,857,948
1.762657,857,947
1.762743,857,946
1.762903,857,945
1.763007,858,945
1.763015,857,946
1.763020,858,946
1.763077,857,947
1.763103,857,946
1.763131,856,947
1.763138,856,946
1.763252,857,946
1.763355,857,945
1.763379,858,945
1.763383,859,945
1.763517,859,944
1.763656,859,943
1.763744,858,944
1.763762,857,945
1.763762,856,946
1.763766,856,945
1.763821,857,945
1.763980,858,945
1.764207,858,944
1.764344,858,943
1.764355,857,944
1.764506,857,943
1.764522,856,944
1.764960,855,945
1.765001,855,944
1.765075,856,944
1.765154,855,945
1.765188,854,946
1.765422,854,945
1.765428,855,945
1.765442,855,944
1.765688,854,945
1.765701,855,945
1.765739,854,946
1.766273,853,947
1.766350,852,948
1.766493,851,949
1.766562,850,950
1.766737,850,949
1.766766,851,949
1.767145,851,948
1.767251,850,949
1.767261,850,948
1.767302,849,949
1.767426,848,950
1.767502,848,949
1.767605,847,950
1.767773,846,951
1.767887,845,952
1.767928,845,951
1.767966,845,950
1.768012,845,949
1.768021,845,948
1.768165,845,947
1.768175,844,948
1.768298,844,947
1.768329,845,947
1.768355,844,948
1.768376,844,947
1.768481,843,948
1.768765,843,947
1.768898,842,948
1.768908,842,947
1.768965,841,948
1.769217,840,949
1.769226,841,949
1.769259,840,950
1.769401,840,949
1.769416,841,949
1.769467,840,950
1.769509,840,949
1.769881,839,950
1.769942,839,949
1.769996,840,949
1.770079,839,950
1.770139,838,951
1.770146,837,952
1.770246,838,952
1.770255,839,952
1.770341,840,952
1.770378,839,953
1.770449,838,954
1.770484,839,954
1.770494,838,955
1.770561,837,956
1.770594,837,955
1.770788,838,955
1.770852,837,956
1.770903,838,956
1.770971,837,957
1.771097,836,958
1.771169,836,957
1.771281,835,958
1.771363,836,958
1.771384,835,959
1.771388,835,958
1.771398,836,958
1.771442,835,959
1.771480,834,960
1.771578,835,960
1.771593,836,960
1.771628,835,961
1.771696,834,962
1.771750,833,963
1.771766,832,964
1.771810,832,963
1.771914,832,962
1.771976,832,961
1.772019,832,960
1.772050,831,961
1.772193,831,960
1.772215,830,961
1.772231,831,961
1.772290,831,960
1.772347,830,961
1.772359,829,962
1.772360,828,963
1.772403,827,964
1.772404,826,965
1.772436,826,964
1.772539,827,964
1.772734,828,964
1.772777,827,965
1.772802,826,966
1.772802,826,965
1.772858,825,966
1.772870,825,965
1.773050,824,966
1.773062,823,967
1.773075,824,967
1.773094,824,966
1.773108,824,965
1.773302,823,966
1.773409,822,967
1.773466,821,968
1.773558,821,967
1.773564,820,968
1.773804,819,969
1.773936,818,970
1.773945,817,971
1.773956,816,972
1.774046,815,973
1.774249,816,973
1.774252,817,973
1.774295,816,974
1.774308,816,973
1.774322,815,974
1.774333,814,975
1.774350,814,974
1.774352,813,975
1.774397,812,976
1.774408,811,977
1.774482,810,978
1.774498,809,979
1.774552,808,980
1.774655,807,981
1.774820,806,982
1.774875,807,982
1.775091,806,983
1.775211,806,982
1.775312,807,982
1.775360,807,981
1.775379,807,980
1.775471,807,979
1.775547,806,980
1.775579,805,981
1.775585,805,980
1.775609,806,980
1.775612,805,981
1.775614,804,982
1.775644,805,982
1.775731,804,983
1.775761,803,984
1.775873,804,984
1.775910,803,985
1.776044,802,986
1.776054,803,986
1.776106,804,986
1.776138,804,985
1.776149,803,986
1.776199,803,985
1.776273,802,986
1.776292,801,987
1.776333,800,988
1.776385,801,988
1.776400,801,987
1.776784,802,987
1.776820,802,986
1.776840,802,985
1.776866,802,984
1.777081,802,983
1.777088,802,982
1.777096,801,983
1.777151,801,982
1.777352,801,981
1.777371,800,982
1.777379,800,981
1.777384,801,981
1.777489,801,980
1.777834,800,981
1.777948,800,980
1.778070,800,979
1.778099,799,980
1.778123,798,981
1.778183,797,982
1.778191,796,983
1.778218,795,984
1.778306,796,984
1.778378,795,985
1.778417,795,984
1.778433,795,983
1.778450,796,983
1.778488,795,984
1.778504,794,985
1.778537,793,986
1.778608,794,986
1.778771,793,987
1.778853,792,988
1.778871,793,988
1.779020,794,988
1.779050,794,987
1.779063,793,988
1.779080,792,989
1.779106,791,990
1.779159,791,989
1.779170,790,990
1.779183,789,991
1.779203,788,992
1.779365,789,992
1.779436,790,992
1.779545,789,993
1.779565,788,994
1.779576,788,993
1.779608,787,994
1.779703,786,995
1.779752,785,996
1.779793,784,997
1.779818,783,998
1.779825,782,999
1.779961,781,1000
1.780095,781,999
1.780161,780,1000
1.780193,779,1001
1.780233,778,1002
1.780266,777,1003
1.780327,776,1004
1.780370,777,1004
1.780388,776,1005
1.780505,775,1006
1.780558,775,1005
1.780595,775,1004
1.780736,775,1003
1.780744,775,1002
1.780816,775,1001
1.780866,774,1002
1.780892,773,1003
1.780995,772,1004
1.781023,772,1003
1.781051,773,1003
1.781107,773,1002
1.781110,772,1003
1.781124,772,1002
1.781233,772,1001
1.781318,771,1002
1.781371,770,1003
1.781410,770,1002
1.781414,770,1001
1.781484,770,1000
1.781509,770,999
1.781551,769,1000
1.781623,769,999
1.781636,768,1000
1.781648,768,999
1.781686,767,1000
1.781824,767,999
1.781879,768,999
1.781900,767,1000
1.781919,767,999
1.782031,766,1000
1.782039,767,1000
1.782126,766,1001
1.782143,765,1002
1.782293,764,1003
1.782325,764,1002
1.782377,764,1001
1.782434,763,1002
1.782475,764,1002
1.782613,765,1002
1.782673,766,1002
1.782702,765,1003
1.782756,764,1004
1.782806,764,1003
1.782889,763,1004
1.783008,764,1004
1.783114,764,1003
1.783119,763,1004
1.783176,762,1005
1.783277,761,1006
1.783334,761,1005
1.783401,760,1006
1.783429,759,1007
1.783430,759,1006
1.783433,758,1007
1.783531,757,1008
1.783588,756,1009
1.783624,757,1009
1.783657,756,1010
1.783764,755,1011
1.783782,754,1012
1.783846,753,1013
1.784127,753,1012
1.784273,753,1011
1.784287,752,1012
1.784375,753,1012
1.784389,752,1013
1.784405,752,1012
1.784415,753,1012
1.784447,753,1011
1.784490,752,1012
1.784492,752,1011
1.784560,752,1010
1.784609,751,1011
1.784681,750,1012
1.784690,750,1011
1.784894,749,1012
1.784932,750,1012
1.785012,750,1011
1.785030,750,1010
1.785136,750,1009
1.785180,751,1009
1.785200,750,1010
1.785471,750,1009
1.785728,750,1008
1.785850,749,1009
1.785974,749,1008
1.786084,749,1007
1.786108,750,1007
1.786139,749,1008
1.786153,750,1008
1.786156,750,1007
1.786213,749,1008
1.786219,749,1007
1.786292,748,1008
1.786351,748,1007
1.786374,747,1008
1.786411,746,1009
1.786420,747,1009
1.786509,747,1008
1.786600,747,1007
1.786620,746,1008
1.786628,747,1008
1.786657,746,1009
1.786658,746,1008
1.786916,746,1007
1.786972,745,1008
1.787031,746,1008
1.787048,745,1009
1.787161,746,1009
1.787198,746,1008
1.787250,746,1007
1.787349,745,1008
1.787474,744,1009
1.787501,743,1010
1.787637,742,1011
1.787650,743,1011
1.787680,742,1012
1.787706,741,1013
1.787720,742,1013
1.788000,741,1014
1.788056,741,1013
1.788159,740,1014
1.788183,739,1015
1.788212,740,1015
1.788258,741,1015
1.788299,741,1014
1.788317,741,1013
1.788327,740,1014
1.788331,739,1015
1.788418,738,1016
1.788445,737,1017
1.788448,738,1017
1.788504,737,1018
1.788512,738,1018
1.788520,739,1018
1.788646,739,1017
1.788657,739,1016
1.788667,738,1017
1.788705,738,1016
1.788784,738,1015
1.788910,738,1014
1.788929,738,1013
1.788965,738,1012
1.788975,738,1011
1.788993,739,1011
1.789023,739,1010
1.789026,740,1010
1.789134,739,1011
1.789172,738,1012
1.789226,737,1013
1.789354,736,1014
1.789430,736,1013
1.789430,735,1014
1.789431,735,1013
1.789568,734,1014
1.789625,734,1013
1.789732,733,1014
1.789743,732,1015
1.789750,731,1016
1.789927,730,1017
1.789956,730,1016
1.789967,731,1016
1.789992,730,1017
1.790053,729,1018
1.790094,728,1019
1.790103,728,1018
1.790131,727,1019
1.790153,726,1020
1.790193,725,1021
1.790253,724,1022
1.790296,723,1023
1.790296,722,1024
1.790300,723,1024
1.790424,722,1025
1.790445,722,1024
1.790481,722,1023
1.790620,722,1022
1.790634,723,1022
1.790979,722,1023
1.791077,721,1024
1.791375,720,1025
1.791379,719,1026
1.791431,719,1025
1.791448,718,1026
1.791520,719,1026
1.791578,718,1027
1.791589,717,1028
1.791601,718,1028
1.791633,719,1028
1.791641,720,1028
1.791715,720,1027
1.791777,719,1028
1.791842,719,1027
1.791845,719,1026
1.791862,719,1025
1.791991,720,1025
1.792002,721,1025
1.792025,721,1024
1.792065,720,1025
1.792068,720,1024
1.792204,719,1025
1.792298,718,1026
1.792344,717,1027
1.792409,716,1028
1.792751,715,1029
1.792835,714,1030
1.792942,713,1031
1.792946,714,1031
1.792992,714,1030
1.793004,714,1029
1.793096,713,1030
1.793098,713,1029
1.793124,712,1030
1.793215,711,1031
1.793242,710,1032
1.793256,709,1033
1.793537,708,1034
1.793764,707,1035
1.794065,707,1034
1.794141,706,1035
1.794160,705,1036
1.794223,704,1037
1.794500,703,1038
1.794594,703,1037
1.794646,702,1038
1.794732,702,1037
1.794899,701,1038
1.794996,701,1037
1.795019,701,1036
1.795087,701,1035
1.795218,702,1035
1.795239,701,1036
1.795240,702,1036
1.795263,701,1037
1.795268,701,1036
1.795382,701,1035
1.795400,701,1034
1.795476,701,1033
1.795540,702,1033
1.795542,702,1032
1.795586,703,1032
1.795658,702,1033
1.795719,701,1034
1.795770,701,1033
1.795808,700,1034
1.795828,700,1033
1.795854,699,1034
1.795893,698,1035
1.795943,697,1036
1.795954,696,1037
1.796074,696,1036
1.796228,696,1035
1.796296,695,1036
1.796620,694,1037
1.796762,694,1036
1.796826,693,1037
1.796898,693,1036
1.796967,693,1035
1.796973,693,1034
1.797143,694,1034
1.797184,693,1035
1.797440,692,1036
1.797483,691,1037
1.797534,690,1038
1.797582,690,1037
1.797593,691,1037
1.797782,692,1037
1.797925,691,1038
1.797956,690,1039
1.798001,690,1038
1.798004,690,1037
1.798157,689,1038
1.798230,688,1039
1.798234,687,1040
1.798242,686,1041
1.798290,685,1042
1.798337,685,1041
1.798355,684,1042
1.798453,683,1043
1.798480,683,1042
1.798540,682,1043
1.798565,683,1043
1.798625,682,1044
1.798745,681,1045
1.798791,682,1045
1.798876,683,1045
1.798876,682,1046
1.798981,683,1046
1.798990,682,1047
1.799013,683,1047
1.799071,683,1046
1.799202,682,1047
1.799223,683,1047
1.799298,684,1047
1.799311,685,1047
1.799496,684,1048
1.799578,683,1049
1.799666,683,1048
1.799677,684,1048
1.799761,684,1047
1.799810,685,1047
1.799826,684,1048
1.799837,684,1047
1.799919,684,1046
1.800008,684,1045
1.800164,684,1044
1.800232,683,1045
1.800299,682,1046
1.800382,682,1045
1.800416,681,1046
1.800487,682,1046
1.800511,681,1047
1.800602,680,1048
1.800630,680,1047
1.800686,681,1047
1.800696,682,1047
1.800703,682,1046
1.800863,681,1047
1.800901,680,1048
1.800936,679,1049
1.800978,679,1048
1.801007,678,1049
1.801130,678,1048
1.801178,679,1048
1.801181,678,1049
1.801253,678,1048
1.801254,677,1049
1.801256,676,1050
1.801329,676,1049
1.801431,675,1050
1.801509,676,1050
1.801580,677,1050
1.801582,676,1051
1.801852,675,1052
1.801893,674,1053
1.802023,674,1052
1.802098,673,1053
1.802368,672,1054
1.802389,671,1055
1.802475,670,1056
1.802574,670,1055
1.802576,669,1056
1.802615,668,1057
1.802627,669,1057
1.802747,668,1058
1.802754,668,1057
1.802800,668,1056
1.803015,667,1057
1.803035,666,1058
1.803187,666,1057
1.803269,666,1056
1.803308,666,1055
1.803436,665,1056
1.803756,666,1056
1.803848,666,1055
1.804043,667,1055
1.804172,667,1054
1.804211,667,1053
1.804216,666,1054
1.804259,666,1053
1.804358,666,1052
1.804388,665,1053
1.804392,665,1052
1.804410,665,1051
1.804445,664,1052
1.804462,663,1053
1.804492,663,1052
1.804551,662,1053
1.804661,663,1053
1.804718,663,1052
1.804731,663,1051
1.804807,664,1051
1.804850,663,1052
1.804968,664,1052
1.805007,664,1051
1.805076,663,1052
1.805130,664,1052
1.805137,663,1053
1.805240,662,1054
1.805264,661,1055
1.805357,660,1056
1.805432,660,1055
1.805562,659,1056
1.805637,659,1055
1.805688,658,1056
1.805710,657,1057
1.805770,657,1056
1.805804,656,1057
1.805899,656,1056
1.805913,655,1057
1.806021,654,1058
1.806225,653,1059
1.806235,653,1058
1.806240,652,1059
1.806263,651,1060
1.806272,650,1061
1.806291,650,1060
1.806292,650,1059
1.806409,649,1060
1.806412,649,1059
1.806484,648,1060
1.806519,648,1059
1.806694,648,1058
1.806721,647,1059
1.806765,647,1058
1.806886,646,1059
1.807181,647,1059
1.807192,646,1060
1.807255,646,1059
1.807379,645,1060
1.807531,644,1061
1.807565,644,1060
1.807612,643,1061
1.807652,643,1060
1.807692,642,1061
1.807716,642,1060
1.807849,641,1061
1.807923,642,1061
1.807950,642,1060
1.808009,643,1060
1.808061,644,1060
1.808112,643,1061
1.808349,643,1060
1.808410,642,1061
1.808414,641,1062
1.808469,641,1061
1.808607,640,1062
1.808609,639,1063
1.808685,638,1064
1.808754,637,1065
1.808763,636,1066
1.808777,635,1067
1.808887,635,1066
1.808950,636,1066
1.809090,635,1067
1.809293,634,1068
1.809353,634,1067
1.809502,633,1068
1.809516,633,1067
1.809658,632,1068
1.809795,631,1069
1.809822,630,1070
1.809908,630,1069
1.809921,630,1068
1.809921,630,1067
1.809941,630,1066
1.809963,629,1067
1.809992,630,1067
1.810069,629,1068
1.810116,628,1069
1.810205,628,1068
1.810285,628,1067
1.810417,627,1068
1.810424,627,1067
1.810598,626,1068
1.810789,626,1067
1.810841,626,1066
1.810951,625,1067
1.811003,624,1068
1.811115,624,1067
1.811142,623,1068
1.811204,624,1068
1.811270,624,1067
1.811274,624,1066
1.811366,623,1067
1.811382,622,1068
1.811417,622,1067
1.811426,621,1068
1.811439,620,1069
1.811744,620,1068
1.811847,619,1069
1.811885,618,1070
1.812241,617,1071
1.812311,617,1070
1.812417,616,1071
1.812432,616,1070
1.812595,615,1071
1.812602,615,1070
1.812794,616,1070
1.812866,615,1071
1.813086,615,1070
1.813140,614,1071
1.813171,614,1070
1.813215,615,1070
1.813238,615,1069
1.813282,615,1068
1.813292,614,1069
1.813306,613,1070
1.813567,612,1071
1.813646,612,1070
1.813703,611,1071
1.813760,611,1070
1.813951,611,1069
1.813959,610,1070
1.814046,610,1069
1.814084,611,1069
1.814114,612,1069
1.814166,613,1069
1.814215,613,1068
1.814326,613,1067
1.814372,613,1066
1.814402,612,1067
1.814528,611,1068
1.814738,611,1067
1.814740,610,1068
1.814770,611,1068
1.814774,611,1067
1.814816,610,1068
1.814910,610,1067
1.815030,610,1066
1.815056,610,1065
1.815099,610,1064
1.815105,610,1063
1.815241,610,1062
1.815280,610,1061
1.815460,610,1060
1.815473,611,1060
1.815521,610,1061
1.815648,609,1062
1.815769,609,1061
1.815827,608,1062
1.815832,608,1061
1.815840,608,1060
1.815968,608,1059
1.816102,608,1058
1.816134,607,1059
1.816146,607,1058
1.816311,606,1059
1.816311,605,1060
1.816341,604,1061
1.816473,603,1062
1.816503,602,1063
1.816570,602,1062
1.816642,603,1062
1.816673,604,1062
1.816859,604,1061
1.816910,604,1060
1.816925,604,1059
1.816989,604,1058
1.817005,603,1059
1.817051,602,1060
1.817198,601,1061
1.817306,602,1061
1.817584,602,1060
1.817604,602,1059
1.817816,602,1058
1.817868,601,1059
1.817903,601,1058
1.817905,600,1059
1.817986,599,1060
1.818338,599,1059
1.818356,599,1058
1.818616,599,1057
1.818643,599,1056
1.818697,600,1056
1.818730,599,1057
1.818742,598,1058
1.818743,597,1059
1.818773,598,1059
1.818809,598,1058
1.818965,599,1058
1.819034,598,1059
1.819392,597,1060
1.819393,596,1061
1.819403,596,1060
1.819546,596,1059
1.819603,596,1058
1.819656,596,1057
1.819660,595,1058
1.819963,594,1059
1.820013,593,1060
1.820161,593,1059
1.820210,593,1058
1.820251,593,1057
1.820278,594,1057
1.820291,593,1058
1.820291,592,1059
1.820423,591,1060
1.820540,591,1059
1.820659,591,1058
1.820660,590,1059
1.820745,590,1058
1.820747,590,1057
1.820773,591,1057
1.820931,591,1056
1.820960,591,1055
1.821000,590,1056
1.821102,589,1057
1.821218,589,1056
1.821316,588,1057
1.821434,588,1056
1.821487,587,1057
1.821491,586,1058
1.821495,586,1057
1.821572,585,1058
1.821617,585,1057
1.821844,584,1058
1.821888,584,1057
1.821897,584,1056
1.821966,583,1057
1.822073,584,1057
1.822097,585,1057
1.822154,584,1058
1.822199,583,1059
1.822293,582,1060
1.822293,581,1061
1.822313,582,1061
1.822432,582,1060
1.822465,581,1061
1.822499,581,1060
1.822571,582,1060
1.822715,582,1059
1.822758,583,1059
1.822823,583,1058
1.822866,583,1057
1.823070,583,1056
1.823144,582,1057
1.823159,582,1056
1.823208,583,1056
1.823220,582,1057
1.823366,582,1056
1.823403,583,1056
1.823506,582,1057
1.823575,582,1056
1.823616,582,1055
1.823683,581,1056
1.823733,582,1056
1.823795,581,1057
1.823874,581,1056
1.823892,580,1057
1.824141,579,1058
1.824271,578,1059
1.824291,578,1058
1.824371,578,1057
1.824414,579,1057
1.824496,579,1056
1.824535,578,1057
1.824691,579,1057
1.824795,578,1058
1.824861,578,1057
1.824917,578,1056
1.824950,577,1057
1.824965,577,1056
1.824976,578,1056
1.824995,578,1055
1.825019,579,1055
1.825055,578,1056
1.825118,577,1057
1.825137,578,1057
1.825158,578,1056
1.825206,578,1055
1.825287,578,1054
1.825349,577,1055
1.825484,577,1054
1.825495,576,1055
1.825512,576,1054
1.825523,575,1055
1.825534,574,1056
1.825586,573,1057
1.825717,574,1057
1.825931,573,1058
1.826022,573,1057
1.826026,574,1057
1.826036,573,1058
1.826079,572,1059
1.826232,572,1058
1.826252,571,1059
1.826322,570,1060
1.826325,571,1060
1.826523,571,1059
1.826549,570,1060
1.826778,569,1061
1.827196,569,1060
1.827271,569,1059
1.827293,568,1060
1.827348,567,1061
1.827385,566,1062
1.827390,565,1063
1.827423,565,1062
1.827444,565,1061
1.827572,564,1062
1.827699,563,1063
1.827814,562,1064
1.827820,563,1064
1.827893,562,1065
1.827938,561,1066
1.828046,561,1065
1.828131,560,1066
1.828142,560,1065
1.828179,559,1066
1.828376,558,1067
1.828791,559,1067
1.828954,558,1068
1.829100,558,1067
1.829185,557,1068
1.829270,558,1068
1.829283,558,1067
1.829287,557,1068
1.829372,557,1067
1.829423,556,1068
1.829528,556,1067
1.829588,555,1068
1.829703,554,1069
1.829821,554,1068
1.829881,555,1068
1.829912,554,1069
1.829970,553,1070
1.830030,553,1069
1.830085,554,1069
1.830179,554,1068
1.830196,555,1068
1.830308,556,1068
1.830318,555,1069
1.830611,554,1070
1.830621,553,1071
1.830702,553,1070
1.830734,553,1069
1.830748,552,1070
1.830782,551,1071
1.830818,551,1070
1.830820,551,1069
1.831179,551,1068
1.831470,550,1069
1.831515,549,1070
1.831532,548,1071
1.831588,548,1070
1.831690,548,1069
1.831731,548,1068
1.831772,549,1068
1.831813,549,1067
1.831867,549,1066
1.831933,548,1067
1.831947,548,1066
1.832167,549,1066
1.832414,549,1065
1.832433,548,1066
1.832456,548,1065
1.832841,547,1066
1.832940,547,1065
1.832980,547,1064
1.833005,546,1065
1.833114,545,1066
1.833209,545,1065
1.833239,544,1066
1.833255,544,1065
1.833262,543,1066
1.833490,542,1067
1.833499,541,1068
1.833502,541,1067
1.833536,541,1066
1.833543,540,1067
1.833719,540,1066
1.833850,539,1067
1.833883,538,1068
1.834143,538,1067
1.834211,539,1067
1.834221,539,1066
1.834245,539,1065
1.834260,538,1066
1.834357,538,1065
1.834407,537,1066
1.834530,538,1066
1.834704,537,1067
1.834724,537,1066
1.834883,536,1067
1.834987,537,1067
1.835072,536,1068
1.835147,535,1069
1.835163,534,1070
1.835310,534,1069
1.835389,535,1069
1.835433,534,1070
1.835472,534,1069
1.835507,533,1070
1.835515,533,1069
1.835557,533,1068
1.835637,533,1067
1.835668,533,1066
1.835684,532,1067
1.835702,531,1068
1.835764,531,1067
1.835776,530,1068
1.835884,530,1067
1.836027,530,1066
1.836040,529,1067
1.836069,528,1068
1.836076,529,1068
1.836104,529,1067
1.836117,529,1066
1.836122,528,1067
1.836207,528,1066
1.836241,527,1067
1.836274,527,1066
1.836737,527,1065
1.836769,527,1064
1.836844,527,1063
1.836846,527,1062
1.836872,526,1063
1.836909,526,1062
1.837052,525,1063
1.837091,524,1064
1.837104,523,1065
1.837307,522,1066
1.837464,521,1067
1.837493,520,1068
1.837525,519,1069
1.837834,519,1068
1.837859,519,1067
1.837963,519,1066
1.838114,520,1066
1.838288,519,1067
1.838315,520,1067
1.838369,519,1068
1.838488,520,1068
1.838642,519,1069
1.838760,518,1070
1.838884,517,1071
1.839006,516,1072
1.839050,515,1073
1.839119,515,1072
1.839210,514,1073
1.839324,515,1073
1.839361,515,1072
1.839438,515,1071
1.839472,514,1072
1.839544,513,1073
1.839763,513,1072
1.839771,512,1073
1.839966,511,1074
1.839974,510,1075
1.839984,510,1074
1.840099,510,1073
1.840154,511,1073
1.840156,512,1073
1.840182,511,1074
1.840239,510,1075
1.840403,510,1074
1.840451,509,1075
1.840466,508,1076
1.840483,509,1076
1.840571,508,1077
1.840613,507,1078
1.840628,507,1077
1.840733,506,1078
1.840746,507,1078
1.841201,508,1078
1.841239,508,1077
1.841254,508,1076
1.841367,507,1077
1.841515,507,1076
1.841525,507,1075
1.841608,506,1076
1.841745,506,1075
1.841780,506,1074
1.841844,505,1075
1.841855,505,1074
1.841859,505,1073
1.841905,504,1074
1.841908,505,1074
1.842026,505,1073
1.842114,505,1072
1.842301,505,1071
1.842374,504,1072
1.842554,503,1073
1.842668,502,1074
1.842913,502,1073
1.843110,502,1072
1.843183,501,1073
1.843454,500,1074
1.843612,500,1073
1.843665,500,1072
1.843814,500,1071
1.843844,500,1070
1.843917,500,1069
1.843926,499,1070
1.843991,498,1071
1.844013,498,1070
1.844026,497,1071
1.844254,496,1072
1.844310,497,1072
1.844606,496,1073
1.844668,495,1074
1.844773,494,1075
1.844802,493,1076
1.844892,492,1077
1.844997,492,1076
1.845082,492,1075
1.845132,491,1076
1.845176,490,1077
1.845198,490,1076
1.845247,489,1077
1.845357,488,1078
1.845409,487,1079
1.845454,486,1080
1.845505,486,1079
1.845624,485,1080
1.845626,485,1079
1.845629,485,1078
1.845682,485,1077
1.845784,486,1077
1.845878,485,1078
1.846076,484,1079
1.846128,484,1078
1.846168,483,1079
1.846179,482,1080
1.846234,482,1079
1.846254,482,1078
1.846312,482,1077
1.846340,482,1076
1.846397,482,1075
1.846654,483,1075
1.846729,483,1074
1.846842,482,1075
1.846903,483,1075
1.846905,483,1074
1.847148,483,1073
1.847189,482,1074
1.847191,483,1074
1.847205,483,1073
1.847226,482,1074
1.847481,481,1075
1.847601,480,1076
1.847630,481,1076
1.847729,480,1077
1.847913,480,1076
1.847957,480,1075
1.847958,480,1074
1.848162,480,1073
1.848183,480,1072
1.848202,481,1072
1.848777,482,1072
1.848901,482,1071
1.848982,481,1072
1.849005,481,1071
1.849201,481,1070
1.849239,481,1069
1.849327,481,1068
1.849329,480,1069
1.849387,480,1068
1.849399,480,1067
1.849575,481,1067
1.849704,480,1068
1.849723,481,1068
1.849787,480,1069
1.849981,480,1068
1.850094,480,1067
1.850127,481,1067
1.850129,480,1068
1.850138,479,1069
1.850165,478,1070
1.850359,477,1071
1.850525,477,1070
1.850583,476,1071
1.850707,476,1070
1.850758,477,1070
1.850785,477,1069
1.850816,476,1070
1.850994,477,1070
1.851045,476,1071
1.851084,475,1072
1.851158,474,1073
1.851375,475,1073
1.851450,475,1072
1.851459,475,1071
1.851463,474,1072
1.851474,474,1071
1.851658,473,1072
1.851829,473,1071
1.851868,473,1070
1.852034,473,1069
1.852199,472,1070
1.852254,472,1069
1.852311,472,1068
1.852376,472,1067
1.852395,471,1068
1.852448,471,1067
1.852540,471,1066
1.852703,471,1065
1.852765,472,1065
1.852852,473,1065
1.852881,473,1064
1.852894,473,1063
1.852947,474,1063
1.853101,473,1064
1.853101,473,1063
1.853147,474,1063
1.853214,473,1064
1.853268,473,1063
1.853305,472,1064
1.853416,472,1063
1.853450,472,1062
1.853579,473,1062
1.853587,473,1061
1.853624,474,1061
1.853701,475,1061
1.853738,474,1062
1.853801,475,1062
1.853876,475,1061
1.853879,474,1062
1.853950,473,1063
1.853971,473,1062
1.854020,472,1063
1.854134,471,1064
1.854145,471,1063
1.854159,471,1062
1.854194,470,1063
1.854216,471,1063
1.854228,470,1064
1.854301,469,1065
1.854324,469,1064
1.854492,468,1065
1.854745,467,1066
1.854782,467,1065
1.854927,466,1066
1.854976,466,1065
1.854978,466,1064
1.854979,465,1065
1.855029,465,1064
1.855148,465,1063
1.855191,464,1064
1.855237,465,1064
1.855281,464,1065
1.855385,465,1065
1.855540,464,1066
1.855548,463,1067
1.855812,464,1067
1.855852,465,1067
1.855888,465,1066
1.855893,464,1067
1.855896,464,1066
1.856030,464,1065
1.856053,463,1066
1.856135,464,1066
1.856209,464,1065
1.856230,464,1064
1.856233,464,1063
1.856316,464,1062
1.856331,465,1062
1.856338,465,1061
1.856566,466,1061
1.856684,465,1062
1.856860,464,1063
1.856890,464,1062
1.857020,464,1061
1.857203,464,1060
1.857245,465,1060
1.857249,464,1061
1.857322,463,1062
1.857355,462,1063
1.857449,461,1064
1.857556,461,1063
1.857686,461,1062
1.857795,461,1061
1.857824,462,1061
1.857979,462,1060
1.858214,462,1059
1.858254,461,1060
1.858271,460,1061
1.858298,459,1062
1.858362,458,1063
1.858421,459,1063
1.858446,460,1063
1.858491,460,1062
1.858495,460,1061
1.858527,460,1060
1.858528,459,1061
1.858675,458,1062
1.858873,458,1061
1.859003,458,1060
1.859130,458,1059
1.859241,457,1060
1.859358,456,1061
1.859403,455,1062
1.859411,456,1062
1.859483,455,1063
1.859618,455,1062
1.859726,454,1063
1.859777,454,1062
1.859826,453,1063
1.859840,452,1064
1.859906,451,1065
1.859924,451,1064
1.859974,451,1063
1.860030,450,1064
1.860078,451,1064
1.860207,450,1065
1.860238,449,1066
1.860430,448,1067
1.860522,449,1067
1.860528,449,1066
1.860621,448,1067
1.860656,447,1068
1.860701,446,1069
1.860774,446,1068
1.860803,446,1067
1.860804,446,1066
1.860834,447,1066
1.860917,446,1067
1.860920,446,1066
1.861042,446,1065
1.861138,445,1066
1.861255,446,1066
1.861311,445,1067
1.861433,444,1068
1.861517,445,1068
1.861535,444,1069
1.861660,443,1070
1.861830,443,1069
1.861867,443,1068
1.861952,443,1067
1.862015,444,1067
1.862142,444,1066
1.862158,443,1067
1.862160,444,1067
1.862473,443,1068
1.862490,443,1067
1.862594,443,1066
1.862610,442,1067
1.862870,441,1068
1.863082,440,1069
1.863170,439,1070
1.863236,438,1071
1.863346,437,1072
1.863410,436,1073
1.863438,436,1072
1.863483,437,1072
1.863570,438,1072
1.863646,439,1072
1.863877,440,1072
1.863951,441,1072
1.864003,440,1073
1.864169,439,1074
1.864174,439,1073
1.864205,440,1073
1.864241,439,1074
1.864261,439,1073
1.864275,439,1072
1.864333,438,1073
1.864428,439,1073
1.864511,439,1072
1.864534,439,1071
1.864553,439,1070
1.864588,439,1069
1.864597,439,1068
1.864597,439,1067
1.864682,439,1066
1.864689,439,1065
1.864716,440,1065
1.864811,439,1066
1.864884,440,1066
1.864908,441,1066
1.864933,441,1065
1.864994,442,1065
1.865074,441,1066
1.865166,440,1067
1.865233,439,1068
1.865245,438,1069
1.865376,437,1070
1.865404,437,1069
1.865449,436,1070
1.865593,436,1069
1.865606,435,1070
1.865643,434,1071
1.865845,433,1072
1.865997,434,1072
1.866110,433,1073
1.866156,432,1074
1.866327,432,1073
1.866353,431,1074
1.866415,431,1073
1.866624,430,1074
1.866785,430,1073
1.866843,430,1072
1.866865,431,1072
1.866881,430,1073
1.867134,430,1072
1.867135,430,1071
1.867181,429,1072
1.867228,429,1071
1.867336,429,1070
1.867364,429,1069
1.867484,428,1070
1.867515,428,1069
1.867611,428,1068
1.867720,428,1067
1.867736,428,1066
1.867807,428,1065
1.867974,428,1064
1.868084,427,1065
1.868387,427,1064
1.868431,426,1065
1.868803,425,1066
1.868817,426,1066
1.868867,427,1066
1.869010,427,1065
1.869142,428,1065
1.869433,428,1064
1.869674,427,1065
1.869823,427,1064
1.869826,428,1064
1.869901,427,1065
1.869937,427,1064
1.869946,427,1063
1.870036,427,1062
1.870097,427,1061
1.870190,428,1061
1.870212,428,1060
1.870589,428,1059
1.870643,428,1058
1.870758,428,1057
1.870761,427,1058
1.870847,427,1057
1.870901,426,1058
1.870952,425,1059
1.871022,425,1058
1.871094,425,1057
1.871227,424,1058
1.871257,424,1057
1.871344,425,1057
1.871494,425,1056
1.871504,425,1055
1.871806,425,1054
1.871876,426,1054
1.871949,426,1053
1.872235,426,1052
1.872325,425,1053
1.872482,425,1052
1.872747,424,1053
1.872806,423,1054
1.872892,423,1053
1.873018,422,1054
1.873019,421,1055
1.873070,421,1054
1.873173,420,1055
1.873293,419,1056
1.873371,419,1055
1.873387,420,1055
1.873394,420,1054
1.873518,420,1053
1.873658,420,1052
1.873833,419,1053
1.874001,418,1054
1.874306,419,1054
1.874330,418,1055
1.874619,418,1054
1.874639,417,1055
1.874648,416,1056
1.874886,415,1057
1.874908,415,1056
1.874989,416,1056
1.875017,415,1057
1.875107,414,1058
1.875354,415,1058
1.875521,415,1057
1.875544,416,1057
1.875578,417,1057
1.875674,417,1056
1.875758,416,1057
1.876118,416,1056
1.876125,417,1056
1.876196,416,1057
1.876206,415,1058
1.876308,414,1059
1.876372,413,1060
1.876489,413,1059
1.876621,413,1058
1.876625,413,1057
1.876640,413,1056
1.876688,412,1057
1.876793,411,1058
1.876888,410,1059
1.876908,410,1058
1.877242,409,1059
1.877357,408,1060
1.877388,407,1061
1.877392,408,1061
1.877415,407,1062
1.877455,408,1062
1.877591,407,1063
1.877790,406,1064
1.877820,406,1063
1.877894,406,1062
1.877999,405,1063
1.878089,404,1064
1.878120,404,1063
1.878237,404,1062
1.878296,404,1061
1.878310,404,1060
1.878375,404,1059
1.878394,403,1060
1.878417,403,1059
1.878536,404,1059
1.878880,405,1059
1.878906,405,1058
1.878914,404,1059
1.878924,403,1060
1.879045,402,1061
1.879129,402,1060
1.879190,402,1059
1.879289,401,1060
1.879439,400,1061
1.879487,400,1060
1.879619,399,1061
1.879632,399,1060
1.879636,399,1059
1.879647,399,1058
1.879852,400,1058
1.879891,399,1059
1.880095,400,1059
1.880243,399,1060
1.880348,399,1059
1.880401,399,1058
1.880437,400,1058
1.880513,400,1057
1.880674,400,1056
1.880777,400,1055
1.880814,399,1056
1.881015,399,1055
1.881026,398,1056
1.881107,398,1055
1.881227,398,1054
1.881440,398,1053
1.881629,397,1054
1.881692,396,1055
1.881866,395,1056
1.881869,395,1055
1.881971,394,1056
1.882014,393,1057
1.882056,393,1056
1.882343,394,1056
1.882558,394,1055
1.882571,394,1054
1.882701,394,1053
1.882811,394,1052
1.882897,393,1053
1.883013,393,1052
1.883026,392,1053
1.883050,391,1054
1.883066,391,1053
1.883145,390,1054
1.883148,390,1053
1.883231,390,1052
1.883317,390,1051
1.883331,391,1051
1.883438,391,1050
1.883446,390,1051
1.883564,390,1050
1.883626,390,1049
1.883692,390,1048
1.883759,389,1049
1.884084,389,1048
1.884139,388,1049
1.884487,388,1048
1.884491,388,1047
1.884560,388,1046
1.884623,388,1045
1.884623,388,1044
1.884877,388,1043
1.885012,387,1044
1.885085,387,1043
1.885163,388,1043
1.885247,389,1043
1.885346,389,1042
1.885685,389,1041
1.885757,388,1042
1.885813,388,1041
1.885889,388,1040
1.886245,387,1041
1.886744,386,1042
1.886834,386,1041
1.887056,386,1040
1.887125,387,1040
1.887222,387,1039
1.887222,387,1038
1.887373,386,1039
1.887536,385,1040
1.887657,384,1041
1.887920,384,1040
1.888011,383,1041
1.888018,382,1042
1.888100,382,1041
1.888161,381,1042
1.888214,381,1041
1.888268,380,1042
1.888466,380,1041
1.888588,380,1040
1.888647,380,1039
1.888658,379,1040
1.888786,378,1041
1.888812,378,1040
1.888962,377,1041
1.888998,376,1042
1.889040,375,1043
1.889114,374,1044
1.889162,373,1045
1.889226,372,1046
1.889279,371,1047
1.889293,371,1046
1.889300,371,1045
1.889352,370,1046
1.889501,369,1047
1.889691,368,1048
1.889728,367,1049
1.889752,367,1048
1.889861,367,1047
1.889876,367,1046
1.889894,367,1045
1.889894,366,1046
1.889933,366,1045
1.889976,365,1046
1.890001,364,1047
1.890076,364,1046
1.890140,364,1045
1.890423,364,1044
1.890513,364,1043
1.890935,364,1042
1.891022,363,1043
1.891131,364,1043
1.891166,364,1042
1.891170,364,1041
1.891197,364,1040
1.891207,364,1039
1.891733,364,1038
1.891978,364,1037
1.892368,364,1036
1.892450,363,1037
1.892508,362,1038
1.892895,362,1037
1.893136,362,1036
1.893206,362,1035
1.893220,361,1036
1.893287,360,1037
1.893344,360,1036
1.893467,360,1035
1.893512,359,1036
1.893570,360,1036
1.893628,359,1037
1.893657,359,1036
1.893717,359,1035
1.893924,359,1034
1.893986,359,1033
1.894173,358,1034
1.894207,357,1035
1.894214,357,1034
1.894229,356,1035
1.894252,356,1034
1.894592,357,1034
1.894659,356,1035
1.894674,355,1036
1.894827,355,1035
1.894840,355,1034
1.894875,355,1033
1.894943,355,1032
1.894976,355,1031
1.895094,354,1032
1.895190,353,1033
1.895203,352,1034
1.895203,352,1033
1.895204,352,1032
1.895240,352,1031
1.895331,351,1032
1.895386,351,1031
1.895395,351,1030
1.895442,351,1029
1.895585,352,1029
1.895621,351,1030
1.895756,351,1029
1.895777,350,1030
1.895784,349,1031
1.896041,349,1030
1.896067,348,1031
1.896469,347,1032
1.896489,346,1033
1.896735,345,1034
1.896861,346,1034
1.896889,346,1033
1.897111,346,1032
1.897126,345,1033
1.897282,344,1034
1.897459,344,1033
1.897726,344,1032
1.897870,343,1033
1.897989,342,1034
1.898353,342,1033
1.898430,342,1032
1.898468,341,1033
1.898490,341,1032
1.898545,340,1033
1.898698,339,1034
1.898700,338,1035
1.898834,338,1034
1.898857,337,1035
1.899020,336,1036
1.899052,337,1036
1.899224,338,1036
1.899251,337,1037
1.899406,337,1036
1.899429,337,1035
1.899694,338,1035
1.899716,337,1036
1.899739,336,1037
1.899853,336,1036
1.899924,336,1035
1.900340,335,1036
1.900371,335,1035
1.900380,335,1034
1.900412,335,1033
1.900527,335,1032
1.900585,334,1033
1.900825,334,1032
1.901234,333,1033
1.901442,332,1034
1.901444,332,1033
1.901734,332,1032
1.901809,332,1031
1.902031,333,1031
1.902174,333,1030
1.902221,333,1029
1.902254,333,1028
1.902290,333,1027
1.902349,333,1026
1.902372,333,1025
1.902621,333,1024
1.902672,333,1023
1.902703,333,1022
1.902863,333,1021
1.902992,333,1020
1.903077,334,1020
1.903138,333,1021
1.903231,332,1022
1.903347,331,1023
1.903375,331,1022
1.903377,330,1023
1.903417,329,1024
1.903419,329,1023
1.903440,329,1022
1.903524,329,1021
1.903572,328,1022
1.903861,329,1022
1.903961,329,1021
1.904042,329,1020
1.904126,329,1019
1.904214,328,1020
1.904413,328,1019
1.904444,328,1018
1.904630,327,1019
1.904810,326,1020
1.904820,326,1019
1.905024,325,1020
1.905080,324,1021
1.905123,324,1020
1.905398,324,1019
1.905466,323,1020
1.905477,323,1019
1.905514,323,1018
1.905681,322,1019
1.905724,321,1020
1.905963,320,1021
1.906047,321,1021
1.906171,321,1020
1.906172,320,1021
1.906217,320,1020
1.906393,319,1021
1.906395,318,1022
1.906542,318,1021
1.906584,318,1020
1.906588,318,1019
1.906687,319,1019
1.906713,319,1018
1.907020,319,1017
1.907349,319,1016
1.907414,318,1017
1.907511,318,1016
1.907576,318,1015
1.907637,317,1016
1.907764,316,1017
1.907804,315,1018
1.907823,314,1019
1.907942,314,1018
1.907965,313,1019
1.908001,313,1018
1.908026,314,1018
1.908271,314,1017
1.908437,313,1018
1.908446,312,1019
1.908482,311,1020
1.908531,311,1019
1.908624,311,1018
1.908719,312,1018
1.908815,311,1019
1.908920,311,1018
1.909092,311,1017
1.909202,311,1016
1.909285,310,1017
1.909332,310,1016
1.909460,309,1017
1.909475,308,1018
1.909664,308,1017
1.909668,309,1017
1.909825,309,1016
1.909927,308,1017
1.910005,307,1018
1.910052,307,1017
1.910161,306,1018
1.910175,306,1017
1.910505,306,1016
1.910642,306,1015
1.910763,307,1015
1.910809,306,1016
1.910877,306,1015
1.910882,305,1016
1.910939,305,1015
1.911097,305,1014
1.911158,305,1013
1.911215,305,1012
1.911331,306,1012
1.911386,307,1012
1.911495,307,1011
1.911594,307,1010
1.911736,306,1011
1.911745,305,1012
1.911815,305,1011
1.911825,305,1010
1.911834,304,1011
1.911903,304,1010
1.911958,303,1011
1.912160,302,1012
1.912203,301,1013
1.912228,300,1014
1.912274,300,1013
1.912487,300,1012
1.912669,300,1011
1.912677,301,1011
1.912700,301,1010
1.912803,301,1009
1.912812,301,1008
1.912823,300,1009
1.913049,301,1009
1.913235,300,1010
1.913287,300,1009
1.913347,299,1010
1.913399,300,1010
1.913707,299,1011
1.913780,298,1012
1.913872,299,1012
1.913922,298,1013
1.913935,298,1012
1.914182,298,1011
1.914271,299,1011
1.914428,299,1010
1.914492,299,1009
1.914502,298,1010
1.914572,297,1011
1.914745,298,1011
1.914898,299,1011
1.914952,299,1010
1.914965,299,1009
1.915023,300,1009
1.915192,300,1008
1.915199,300,1007
1.915644,300,1006
1.915707,300,1005
1.915751,300,1004
1.915928,300,1003
1.915955,299,1004
1.915972,299,1003
1.915977,300,1003
1.916045,301,1003
1.916365,300,1004
1.916437,300,1003
1.916549,299,1004
1.916621,298,1005
1.916641,297,1006
1.916687,298,1006
1.916800,298,1005
1.916854,297,1006
1.916940,296,1007
1.917046,296,1006
1.917174,297,1006
1.917212,297,1005
1.917217,296,1006
1.917324,296,1005
1.917387,296,1004
1.917472,296,1003
1.917515,295,1004
1.917675,294,1005
1.917800,294,1004
1.917890,295,1004
1.917896,295,1003
1.917939,295,1002
1.918012,294,1003
1.918216,295,1003
1.918246,295,1002
1.918253,295,1001
1.918253,296,1001
1.918283,295,1002
1.918435,295,1001
1.918627,294,1002
1.918686,294,1001
1.918880,294,1000
1.918888,294,999
1.918973,293,1000
1.918997,293,999
1.919078,292,1000
1.919113,291,1001
1.919223,291,1000
1.919278,290,1001
1.919329,289,1002
1.919366,289,1001
1.919413,288,1002
1.919452,289,1002
1.919466,289,1001
1.919493,288,1002
1.919571,288,1001
1.919688,288,1000
1.919878,288,999
1.920067,287,1000
1.920177,287,999
1.920177,287,998
1.920362,287,997
1.920436,287,996
1.920491,287,995
1.920520,286,996
1.920942,286,995
1.920964,286,994
1.921065,286,993
1.921277,285,994
1.921838,285,993
1.922008,285,992
1.922078,284,993
1.922131,284,992
1.922410,284,991
1.922569,284,990
1.922649,284,989
1.922782,284,988
1.922809,284,987
1.923114,283,988
1.923299,283,987
1.923386,283,986
1.923638,283,985
1.923644,282,986
1.923953,283,986
1.924026,282,987
1.924188,281,988
1.924495,281,987
1.924530,281,986
1.924918,281,985
1.924932,280,986
1.925118,280,985
1.925346,279,986
1.925374,279,985
1.925377,279,984
1.925596,279,983
1.925645,278,984
1.925697,278,983
1.925767,277,984
1.925927,277,983
1.926172,278,983
1.926238,278,982
1.926250,278,981
1.926455,277,982
1.926566,277,981
1.926742,276,982
1.927069,277,982
1.927250,276,983
1.927308,276,982
1.927341,276,981
1.927496,276,980
1.927542,276,979
1.927555,277,979
1.927620,278,979
1.927823,278,978
1.928150,277,979
1.928372,277,978
1.928493,276,979
1.928514,276,978
1.928595,277,978
1.928636,276,979
1.928890,276,978
1.928974,276,977
1.928983,276,976
1.928995,277,976
1.929065,276,977
1.929135,275,978
1.929535,275,977
1.929613,275,976
1.929757,276,976
1.929821,275,977
1.929860,276,977
1.929941,276,976
1.929955,276,975
1.930146,275,976
1.930520,275,975
1.930684,275,974
1.930813,275,973
1.930880,275,972
1.930921,275,971
1.930929,275,970
1.931221,275,969
1.931480,275,968
1.931500,275,967
1.931508,275,966
1.931742,275,965
1.931887,276,965
1.931903,275,966
1.932424,275,965
1.932459,274,966
1.932480,274,965
1.932483,274,964
1.932908,274,963
1.933012,275,963
1.933213,275,962
1.933270,274,963
1.933296,274,962
1.933637,273,963
1.933655,273,962
1.933662,273,961
1.933685,273,960
1.933696,273,959
1.933734,272,960
1.933799,271,961
1.933829,270,962
1.933851,269,963
1.933910,268,964
1.934808,267,965
1.934879,267,964
1.934905,267,963
1.935068,267,962
1.935322,267,961
1.935376,268,961
1.935638,268,960
1.935671,267,961
1.935713,267,960
1.935789,267,959
1.935810,267,958
1.936339,267,957
1.936598,266,958
1.936686,266,957
1.936695,265,958
1.936758,265,957
1.936853,264,958
1.937201,264,957
1.937303,264,956
1.937478,264,955
1.937526,263,956
1.937657,262,957
1.937689,261,958
1.937776,261,957
1.937850,262,957
1.937881,262,956
1.937918,262,955
1.937966,262,954
1.938024,262,953
1.938154,262,952
1.938249,261,953
1.938376,261,952
1.938438,260,953
1.938510,260,952
1.938580,260,951
1.938774,260,950
1.939143,259,951
1.939161,259,950
1.939250,258,951
1.939325,258,950
1.939372,258,949
1.939562,257,950
1.939621,256,951
1.939628,257,951
1.939662,257,950
1.939698,257,949
1.939866,256,950
1.940041,255,951
1.940041,255,950
1.940171,254,951
1.940248,254,950
1.940249,253,951
1.940618,252,952
1.940643,251,953
1.940768,252,953
1.940769,251,954
1.940793,251,953
1.940848,251,952
1.940950,251,951
1.941161,250,952
1.941229,249,953
1.941356,249,952
1.941538,248,953
1.941650,248,952
1.941826,248,951
1.941951,248,950
1.942024,248,949
1.942444,248,948
1.942496,248,947
1.942739,247,948
1.942938,246,949
1.942978,245,950
1.943090,244,951
1.943455,244,950
1.943809,244,949
1.944138,244,948
1.944666,243,949
1.944744,243,948
1.944929,242,949
1.945264,242,948
1.945267,241,949
1.945299,240,950
1.945553,241,950
1.945713,241,949
1.945950,241,948
1.945951,241,947
1.946054,240,948
1.946163,239,949
1.946228,239,948
1.946253,239,947
1.946445,238,948
1.946484,238,947
1.946541,238,946
1.946591,238,945
1.946600,238,944
1.946659,238,943
1.946679,237,944
1.946856,237,943
1.947069,237,942
1.947346,238,942
1.947453,238,941
1.947469,238,940
1.947709,238,939
1.948119,237,940
1.948384,236,941
1.948542,236,940
1.948659,236,939
1.948688,236,938
1.948937,236,937
1.949020,236,936
1.949158,236,935
1.949297,235,936
1.949437,234,937
1.949731,234,936
1.949747,234,935
1.949923,234,934
1.949981,234,933
1.950072,234,932
1.950138,234,931
1.950548,234,930
1.950582,234,929
1.950677,235,929
1.950705,235,928
1.950858,235,927
1.950953,235,926
1.951325,235,925
1.951438,235,924
1.951627,235,923
1.951797,235,922
1.951814,235,921
1.951955,236,921
1.952135,236,920
1.952184,236,919
1.952295,236,918
1.952339,236,917
1.952499,236,916
1.952741,235,917
1.952870,234,918
1.952948,234,917
1.953097,234,916
1.953405,233,917
1.953544,233,916
1.953617,233,915
1.953686,233,914
1.953981,233,913
1.954148,233,912
1.954240,233,911
1.954259,232,912
1.954435,232,911
1.954511,232,910
1.954517,232,909
1.954533,232,908
1.954608,231,909
1.954637,231,908
1.955008,230,909
1.955010,229,910
1.955140,229,909
1.955503,229,908
1.955581,229,907
1.955644,230,907
1.955890,230,906
1.956150,230,905
1.956502,230,904
1.956528,230,903
1.956663,230,902
1.956888,229,903
1.957113,228,904
1.957137,228,903
1.957220,227,904
1.957330,226,905
1.957641,227,905
1.957831,227,904
1.958034,227,903
1.958131,227,902
1.958366,228,902
1.958391,228,901
1.958498,227,902
1.958646,226,903
1.958888,226,902
1.959211,226,901
1.959366,226,900
1.959388,225,901
1.959946,225,900
1.959968,224,901
1.959982,224,900
1.960295,223,901
1.960530,223,900
1.960618,222,901
1.960709,222,900
1.961121,221,901
1.961178,221,900
1.961367,220,901
1.961935,219,902
1.961937,219,901
1.962243,219,900
1.962376,219,899
1.962384,219,898
1.962609,219,897
1.962771,219,896
1.962895,219,895
1.962942,218,896
1.963327,218,895
1.963352,218,894
1.963376,219,894
1.963698,219,893
1.963716,218,894
1.963802,218,893
1.963908,218,892
1.963916,218,891
1.963941,218,890
1.964481,217,891
1.964531,218,891
1.964904,218,890
1.965059,218,889
1.965183,218,888
1.965249,217,889
1.965378,217,888
1.965383,217,887
1.965403,216,888
1.965452,216,887
1.965696,215,888
1.965726,215,887
1.966270,214,888
1.966295,214,887
1.966581,213,888
1.966630,213,887
1.966887,213,886
1.966967,212,887
1.966995,212,886
1.967070,212,885
1.967155,213,885
1.967204,213,884
1.967243,213,883
1.967347,214,883
1.967416,214,882
1.967445,214,881
1.967449,213,882
1.967559,213,881
1.967576,213,880
1.967585,213,879
1.967632,212,880
1.967841,212,879
1.967872,212,878
1.968191,212,877
1.968427,212,876
1.968479,212,875
1.968492,212,874
1.968544,212,873
1.968791,211,874
1.968818,211,873
1.969085,210,874
1.969603,210,873
1.969923,210,872
1.969939,210,871
1.970053,210,870
1.970058,210,869
1.970325,209,870
1.970363,209,869
1.970408,209,868
1.970667,210,868
1.970734,209,869
1.970821,208,870
1.971035,208,869
1.971212,208,868
1.971608,207,869
1.971646,207,868
1.971787,207,867
1.972156,207,866
1.972160,206,867
1.972255,206,866
1.972294,206,865
1.972461,205,866
1.972695,205,865
1.972775,205,864
1.972787,204,865
1.972896,205,865
1.973172,205,864
1.973176,205,863
1.973267,205,862
1.973450,205,861
1.974137,205,860
1.974218,204,861
1.974240,203,862
1.974273,203,861
1.974297,203,860
1.974344,203,859
1.974784,203,858
1.974848,203,857
1.975205,203,856
1.975643,203,855
1.975675,203,854
1.975900,203,853
1.975999,204,853
1.976262,204,852
1.976549,204,851
1.976696,203,852
1.976745,203,851
1.976842,204,851
1.977070,204,850
1.977098,203,851
1.977184,203,850
1.977629,202,851
1.977672,202,850
1.977733,202,849
1.977780,201,850
1.977787,200,851
1.977958,199,852
1.978108,199,851
1.978823,199,850
1.978900,199,849
1.979128,199,848
1.979340,199,847
1.979450,198,848
1.979560,198,847
1.979691,197,848
1.979721,197,847
1.980035,197,846
1.980061,196,847
1.980121,195,848
1.980146,195,847
1.980223,195,846
1.980261,194,847
1.980473,193,848
1.980478,192,849
1.980753,191,850
1.980779,191,849
1.980947,190,850
1.981021,189,851
1.981233,188,852
1.981242,188,851
1.981327,188,850
1.981413,187,851
1.981576,187,850
1.981645,186,851
1.981701,186,850
1.981722,186,849
1.981768,186,848
1.981874,186,847
1.981876,186,846
1.982529,187,846
1.982592,188,846
1.982626,188,845
1.982866,189,845
1.982894,190,845
1.983044,189,846
1.983069,189,845
1.983347,190,845
1.983532,190,844
1.983607,190,843
1.984020,190,842
1.984025,191,842
1.984157,191,841
1.984533,191,840
1.984661,190,841
1.984703,190,840
1.984861,189,841
1.984863,188,842
1.984962,188,841
1.985075,187,842
1.985373,187,841
1.985687,188,841
1.985738,188,840
1.985773,188,839
1.985918,189,839
1.986049,189,838
1.986173,189,837
1.986183,188,838
1.986373,188,837
1.986391,188,836
1.986452,188,835
1.986470,188,834
1.986498,188,833
1.986757,188,832
1.986857,189,832
1.986984,189,831
1.987187,188,832
1.987348,188,831
1.987408,188,830
1.987469,187,831
1.987633,187,830
1.987910,186,831
1.988028,186,830
1.988053,185,831
1.988085,184,832
1.988373,185,832
1.988521,185,831
1.989095,185,830
1.989389,185,829
1.989457,185,828
1.989530,185,827
1.989715,184,828
1.989736,184,827
1.989781,184,826
1.990116,184,825
1.990158,183,826
1.990280,183,825
1.990295,183,824
1.990413,183,823
1.990809,183,822
1.990990,183,821
1.990996,183,820
1.991064,182,821
1.991326,181,822
1.991661,181,821
1.991761,181,820
1.991875,181,819
1.991902,181,818
1.992012,181,817
1.992401,181,816
1.992440,182,816
1.992590,182,815
1.992677,182,814
1.992955,182,813
1.993050,183,813
1.993425,183,812
1.993639,182,813
1.993640,183,813
1.993835,183,812
1.993973,183,811
1.994163,183,810
1.994183,184,810
1.994257,183,811
1.994384,182,812
1.994405,183,812
1.994695,183,811
1.994770,182,812
1.994819,182,811
1.994846,181,812
1.995137,181,811
1.995262,181,810
1.995312,181,809
1.995482,181,808
1.995637,181,807
1.995650,181,806
1.995817,181,805
1.995839,180,806
1.995899,180,805
1.995951,179,806
1.996431,179,805
1.996444,179,804
1.996531,179,803
1.996562,179,802
1.996640,179,801
1.996719,179,800
1.996765,178,801
1.996776,178,800
1.996800,178,799
1.997291,177,800
1.997385,177,799
1.997438,177,798
1.997521,177,797
1.997921,177,796
1.998039,176,797
1.998073,176,796
1.998192,175,797
1.998343,175,796
1.998414,175,795
1.998678,176,795
1.998965,176,794
1.999105,176,793
1.999301,175,794
1.999494,174,795
1.999646,174,794
1.999660,174,793
1.999782,174,792
1.999911,174,791
1.999932,173,792
2.000096,173,791
2.000251,173,790
2.000380,173,789
2.000626,173,788
2.000708,173,787
2.000749,173,786
2.000836,172,787
2.000893,171,788
2.000909,171,787
2.000999,171,786
2.001175,171,785
2.001297,170,786
2.001673,169,787
2.001766,169,786
2.002486,169,785
2.002631,170,785
2.002710,170,784
2.002765,171,784
2.002798,171,783
2.003344,170,784
2.003542,170,783
2.003791,171,783
2.003942,172,783
2.003997,173,783
2.004247,173,782
2.004629,172,783
2.004822,172,782
2.004835,172,781
2.005097,173,781
2.005154,173,780
2.005263,173,779
2.005537,172,780
2.005565,172,779
2.005682,172,778
2.005819,172,777
2.005878,172,776
2.006118,172,775
2.006169,172,774
2.006301,172,773
2.006398,172,772
2.006560,172,771
2.007109,172,770
2.007409,172,769
2.007912,172,768
2.008347,171,769
2.008589,171,768
2.008617,171,767
2.008921,171,766
2.009029,171,765
2.009269,171,764
2.009674,171,763
2.009799,170,764
2.009874,171,764
2.010011,171,763
2.010379,171,762
2.010417,170,763
2.010490,170,762
2.010693,170,761
2.010737,169,762
2.010741,168,763
2.010770,167,764
2.010822,167,763
2.010837,167,762
2.011071,167,761
2.011165,167,760
2.011519,167,759
2.011760,167,758
2.011935,167,757
2.011936,167,756
2.012089,167,755
2.012105,167,754
2.012233,167,753
2.012665,167,752
2.012770,166,753
2.012831,167,753
2.013072,167,752
2.013096,167,751
2.013226,167,750
2.013259,167,749
2.013279,167,748
2.013359,167,747
2.013493,168,747
2.013783,167,748
2.013909,167,747
2.013981,167,746
2.014277,167,745
2.014363,167,744
2.014506,166,745
2.014584,167,745
2.015697,167,744
2.015770,167,743
2.015822,166,744
2.015922,166,743
2.016017,166,742
2.016098,166,741
2.016208,166,740
2.016407,165,741
2.016523,165,740
2.016552,165,739
2.016657,164,740
2.017043,164,739
2.017564,164,738
2.017784,164,737
2.018083,163,738
2.018651,163,737
2.018717,163,736
2.018730,163,735
2.019070,164,735
2.019308,165,735
2.019496,165,734
2.019504,165,733
2.020470,166,733
2.020642,166,732
2.020675,166,731
2.020683,167,731
2.020893,167,730
2.021307,167,729
2.021653,166,730
2.021725,165,731
2.021964,165,730
2.022418,165,729
2.022571,165,728
2.022799,164,729
2.022825,163,730
2.023291,163,729
2.023420,163,728
2.023447,164,728
2.023628,164,727
2.023734,165,727
2.023764,165,726
2.023850,165,725
2.024049,165,724
2.024080,165,723
2.024425,165,722
2.024540,166,722
2.024561,165,723
2.025299,165,722
2.025356,165,721
2.025549,165,720
2.025765,165,719
2.026086,165,718
2.026235,165,717
2.026374,165,716
2.026483,165,715
2.026531,164,716
2.026854,164,715
2.027079,164,714
2.027164,164,713
2.027174,163,714
2.027324,163,713
2.027752,163,712
2.028175,162,713
2.028339,163,713
2.028584,163,712
2.028608,163,711
2.028618,163,710
2.028935,163,709
2.029134,163,708
2.029193,163,707
2.029307,163,706
2.029334,163,705
2.029455,162,706
2.029542,163,706
2.029793,164,706
2.030081,163,707
2.030132,163,706
2.030478,163,705
2.030524,163,704
2.030657,163,703
2.031178,162,704
2.031292,162,703
2.031576,162,702
2.031895,162,701
2.031933,162,700
2.032281,162,699
2.032392,162,698
2.032464,161,699
2.033093,160,700
2.033211,160,699
2.033291,160,698
2.033494,159,699
2.033605,159,698
2.034308,158,699
2.034384,157,700
2.034428,157,699
2.034603,157,698
2.035065,158,698
2.035228,159,698
2.035237,158,699
2.035320,158,698
2.035393,158,697
2.035519,157,698
2.035704,156,699
2.035956,155,700
2.036165,155,699
2.036333,154,700
2.036574,155,700
2.036931,154,701
2.037177,154,700
2.037323,153,701
2.037695,153,700
2.037744,153,699
2.037960,153,698
2.038439,153,697
2.038861,154,697
2.039185,154,696
2.039275,154,695
2.039293,154,694
2.039503,154,693
2.039524,154,692
2.039689,154,691
2.039769,154,690
2.039812,154,689
2.040046,153,690
2.040256,153,689
2.040300,152,690
2.040506,153,690
2.040573,153,689
2.040594,153,688
2.040600,153,687
2.040633,153,686
2.040990,153,685
2.040990,153,684
2.041354,152,685
2.042719,152,684
2.042724,152,683
2.043078,152,682
2.043297,152,681
2.043346,152,680
2.043584,152,679
2.043972,152,678
2.044746,152,677
2.044791,152,676
2.044898,153,676
2.045093,153,675
2.045190,153,674
2.045190,154,674
2.045244,154,673
2.045364,155,673
2.045538,155,672
2.045641,155,671
2.045865,155,670
2.045878,155,669
2.046085,155,668
2.046258,155,667
2.046578,156,667
2.047259,155,668
2.047290,154,669
2.047641,154,668
2.047792,154,667
2.047950,153,668
2.048201,154,668
2.048260,153,669
2.048875,153,668
2.049604,153,667
2.049614,153,666
2.049760,153,665
2.049831,152,666
2.049916,152,665
2.050746,151,666
2.050985,150,667
2.051181,149,668
2.051295,149,667
2.051317,149,666
2.051577,149,665
2.051768,149,664
2.051845,148,665
2.052029,148,664
2.052097,148,663
2.052128,148,662
2.052595,148,661
2.052841,148,660
2.052897,148,659
2.052949,149,659
2.052972,149,658
2.053039,149,657
2.053198,149,656
2.053626,149,655
2.053697,149,654
2.053749,149,653
2.053751,148,654
2.053827,147,655
2.053959,147,654
2.054173,147,653
2.054175,148,653
2.054245,148,652
2.054684,148,651
2.054821,148,650
2.055022,149,650
2.055036,149,649
2.055228,149,648
2.055250,150,648
2.055271,150,647
2.055858,150,646
2.055968,150,645
2.056200,150,644
2.056209,150,643
2.056251,150,642
2.056396,151,642
2.056696,151,641
2.056904,151,640
2.056916,150,641
2.056968,150,640
2.057092,149,641
2.057919,149,640
2.058265,149,639
2.058347,148,640
2.058460,148,639
2.058607,148,638
2.059041,147,639
2.059417,148,639
2.059494,148,638
2.059715,148,637
2.059928,148,636
2.060176,148,635
2.060245,149,635
2.060642,149,634
2.061406,149,633
2.061606,149,632
2.061788,149,631
2.062060,149,630
2.062389,149,629
2.062509,148,630
2.062576,148,629
2.062792,147,630
2.062959,147,629
2.063392,147,628
2.063421,147,627
2.063483,147,626
2.063759,146,627
2.064139,146,626
2.064142,147,626
2.064311,147,625
2.064377,146,626
2.064584,146,625
2.064700,146,624
2.064723,146,623
2.064879,145,624
2.065084,145,623
2.065098,144,624
2.065458,144,623
2.065938,144,622
2.066010,144,621
2.066098,144,620
2.066323,144,619
2.066711,144,618
2.066878,144,617
2.067118,144,616
2.067292,143,617
2.067396,143,616
2.067480,142,617
2.067681,142,616
2.067833,142,615
2.067841,142,614
2.068073,142,613
2.068186,143,613
2.068329,143,612
2.068978,143,611
2.069104,144,611
2.069225,144,610
2.069314,144,609
2.069325,144,608
2.069435,145,608
2.069630,144,609
2.069694,144,608
2.069788,144,607
2.070035,144,606
2.070119,145,606
2.070496,146,606
2.070718,146,605
2.070824,146,604
2.070937,147,604
2.071014,148,604
2.071157,148,603
2.071852,147,604
2.071914,147,603
2.072054,147,602
2.072203,147,601
2.072376,147,600
2.072737,147,599
2.072739,147,598
2.072900,147,597
2.072908,147,596
2.072925,147,595
2.073293,147,594
2.073354,147,593
2.073360,147,592
2.073888,148,592
2.073929,148,591
2.074054,148,590
2.074476,149,590
2.074478,148,591
2.074530,149,591
2.074714,148,592
2.074859,148,591
2.074918,148,590
2.075139,148,589
2.075594,148,588
2.075671,148,587
2.075752,148,586
2.075760,148,585
2.075765,148,584
2.075885,148,583
2.075902,147,584
2.076021,147,583
2.076111,147,582
2.076157,146,583
2.076198,146,582
2.076483,146,581
2.076688,147,581
2.077547,147,580
2.078019,147,579
2.078140,147,578
2.078150,146,579
2.078429,146,578
2.078566,146,577
2.078782,146,576
2.079464,145,577
2.079873,145,576
2.079948,145,575
2.079968,145,574
2.080028,145,573
2.080393,145,572
2.080422,146,572
2.080436,145,573
2.080962,146,573
2.081404,146,572
2.081425,146,571
2.081428,146,570
2.081687,146,569
2.081706,145,570
2.081781,145,569
2.082179,145,568
2.082212,145,567
2.082276,145,566
2.082501,145,565
2.083064,144,566
2.083403,143,567
2.083671,143,566
2.083915,144,566
2.083945,144,565
2.083990,144,564
2.084592,143,565
2.085237,142,566
2.085325,142,565
2.085415,142,564
2.085428,142,563
2.085572,142,562
2.085674,142,561
2.085782,142,560
2.085813,142,559
2.086049,141,560
2.086394,141,559
2.086597,141,558
2.086761,140,559
2.086862,140,558
2.087170,139,559
2.087290,139,558
2.087572,139,557
2.087657,139,556
2.087982,139,555
2.088116,139,554
2.088246,139,553
2.088436,139,552
2.088582,140,552
2.088982,140,551
2.089010,140,550
2.089242,140,549
2.089276,140,548
2.089308,139,549
2.089552,139,548
2.089676,139,547
2.089715,138,548
2.089715,138,547
2.089956,138,546
2.090282,139,546
2.090312,139,545
2.090822,139,544
2.091125,139,543
2.091282,140,543
2.091292,140,542
2.091633,140,541
2.091664,139,542
2.091830,138,543
2.092145,138,542
2.092198,139,542
2.092307,139,541
2.092320,140,541
2.092681,140,540
2.093197,140,539
2.093291,139,540
2.093379,138,541
2.093503,138,540
2.093568,138,539
2.093861,138,538
2.094159,138,537
2.094503,138,536
2.094832,138,535
2.094996,138,534
2.095050,138,533
2.095580,138,532
2.095648,137,533
2.095832,137,532
2.095838,137,531
2.095894,137,530
2.096076,137,529
2.096134,136,530
2.096166,135,531
2.096293,134,532
2.097888,134,531
2.097899,134,530
2.098108,134,529
2.098267,134,528
2.098398,134,527
2.098867,134,526
2.098874,133,527
2.098953,133,526
2.099982,133,525
2.100286,133,524
2.100294,133,523
2.100296,133,522
2.100537,133,521
2.101683,134,521
2.101763,133,522
2.102182,132,523
2.102299,132,522
2.102771,132,521
2.103230,132,520
2.103259,132,519
2.103287,132,518
2.103345,131,519
2.103521,131,518
2.103851,131,517
2.104863,131,516
2.104909,131,515
2.105152,131,514
2.105263,132,514
2.105612,132,513
2.106065,131,514
2.106425,131,513
2.106503,131,512
2.106615,131,511
2.106681,131,510
2.106836,131,509
2.106865,131,508
2.106899,131,507
2.106999,131,506
2.107289,131,505
2.107753,131,504
2.108312,132,504
2.108432,132,503
2.108476,132,502
2.109261,132,501
2.109400,131,502
2.109569,131,501
2.109852,131,500
2.110056,131,499
2.110572,131,498
2.110587,131,497
2.110640,130,498
2.110648,129,499
2.111193,129,498
2.111197,129,497
2.111382,128,498
2.112210,128,497
2.112763,128,496
2.113092,127,497
2.113477,127,496
2.113705,127,495
2.113825,127,494
2.114432,127,493
2.114658,127,492
2.116146,128,492
2.116268,128,491
2.116741,128,490
2.116844,129,490
2.117155,129,489
2.118134,129,488
2.118464,129,487
2.119246,129,486
2.119563,129,485
2.120117,129,484
2.120488,129,483
2.120732,129,482
2.120836,129,481
2.121147,129,480
2.121186,129,479
2.121276,129,478
2.122465,128,479
2.122504,128,478
2.123659,128,477
2.124046,129,477
2.124429,129,476
2.124804,129,475
2.124845,129,474
2.124947,129,473
2.125319,129,472
2.125398,129,471
2.125450,129,470
2.126455,129,469
2.126557,129,468
2.127875,130,468
2.128146,130,467
2.128183,130,466
2.128623,131,466
2.128879,131,465
2.129191,131,464
2.129457,131,463
2.129728,132,463
2.130069,132,462
2.130737,132,461
2.131873,131,462
2.132170,131,461
2.132290,131,460
2.132395,130,461
2.132427,130,460
2.133054,129,461
2.133130,129,460
2.133276,130,460
2.133993,130,459
2.134694,130,458
2.134893,131,458
2.135003,131,457
2.135609,131,456
2.136278,131,455
2.136323,130,456
2.136344,130,455
2.136354,131,455
2.136619,131,454
2.136875,130,455
2.136914,130,454
2.137940,129,455
2.138432,129,454
2.138494,129,453
2.138793,129,452
2.139455,129,451
2.139861,130,451
2.139978,130,450
2.140974,130,449
2.141093,130,448
2.141525,131,448
2.142489,131,447
2.142517,132,447
2.143243,132,446
2.143381,131,447
2.143410,131,446
2.143611,131,445
2.143779,131,444
2.144332,131,443
2.144598,131,442
2.144661,131,441
2.144694,131,440
2.144815,131,439
2.144988,131,438
2.145334,131,437
2.145629,131,436
2.147079,131,435
2.147185,131,434
2.148019,131,433
2.148123,131,432
2.148388,131,431
2.148538,132,431
2.148699,131,432
2.148753,131,431
2.148947,131,430
2.149247,131,429
2.149704,131,428
2.149813,131,427
2.149969,130,428
2.150208,129,429
2.150331,129,428
2.150849,129,427
2.151140,129,426
2.151332,128,427
2.151463,127,428
2.151919,127,427
2.152342,127,426
2.152683,127,425
2.153135,126,426
2.153274,126,425
2.153966,126,424
2.153977,126,423
2.154115,125,424
2.154123,125,423
2.154432,125,422
2.154623,126,422
2.154726,127,422
2.155860,128,422
2.156155,128,421
2.156179,129,421
2.156225,129,420
2.156630,129,419
2.156688,129,418
2.156961,128,419
2.157697,129,419
2.157840,130,419
2.158357,130,418
2.158475,131,418
2.159648,130,419
2.159811,130,418
2.160337,130,417
2.160375,130,416
2.160638,130,415
2.160894,130,414
2.160994,130,413
2.161979,130,412
2.162172,130,411
2.162691,130,410
2.162774,130,409
2.162998,130,408
2.163682,130,407
2.163765,130,406
2.163914,130,405
2.164062,130,404
2.165001,130,403
2.165696,130,402
2.165731,130,401
2.165829,130,400
2.166133,130,399
2.166358,129,400
2.166753,129,399
2.167039,129,398
2.167321,129,397
2.168539,129,396
2.168945,130,396
2.169098,131,396
2.170646,131,395
2.170816,131,394
2.171036,131,393
2.172988,132,393
2.173433,133,393
2.174362,133,392
2.174443,134,392
2.175295,134,391
2.175601,134,390
2.175613,134,389
2.175699,134,388
2.176110,134,387
2.176244,134,386
2.176266,135,386
2.177264,134,387
2.177583,134,386
2.177991,133,387
2.178169,133,386
2.178371,134,386
2.178590,134,385
2.179082,134,384
2.179098,135,384
2.179275,135,383
2.179515,134,384
2.179543,135,384
2.179623,134,385
2.180111,134,384
2.180118,135,384
2.181938,134,385
2.182280,133,386
2.182286,132,387
2.182496,132,386
2.182798,132,385
2.183348,132,384
2.183947,131,385
2.185377,131,384
2.185514,130,385
2.185565,130,384
2.186498,131,384
2.187149,131,383
2.187152,131,382
2.187221,132,382
2.187485,131,383
2.187539,130,384
2.187600,130,383
2.188356,130,382
2.188641,130,381
2.189443,130,380
2.189586,130,379
2.190215,129,380
2.190769,130,380
2.190860,130,379
2.191426,130,378
2.191481,130,377
2.191705,129,378
2.192164,129,377
2.192170,129,376
2.193343,130,376
2.193472,130,375
2.195121,130,374
2.195330,130,373
2.195594,130,372
2.196754,130,371
2.197042,130,370
2.198242,130,369
2.198256,130,368
2.199305,130,367
2.201061,130,366
2.201327,130,365
2.201549,130,364
2.201839,129,365
2.202280,129,364
2.202399,129,363
2.202886,129,362
2.203961,129,361
2.204771,129,360
2.205423,128,361
2.205620,128,360
2.205991,128,359
2.206187,128,358
2.207888,129,358
2.208069,129,357
2.208153,128,358
2.208367,128,357
2.208379,128,356
2.208421,128,355
2.209079,128,354
2.209137,128,353
2.209768,129,353
2.210179,130,353
2.210702,130,352
2.211649,131,352
2.211704,132,352
2.211709,132,351
2.212095,132,350
2.212174,133,350
2.212401,133,349
2.212513,133,348
2.212838,134,348
2.212849,135,348
2.212916,135,347
2.213186,135,346
2.213407,136,346
2.214248,136,345
2.215304,136,344
2.215316,136,343
2.215957,136,342
2.216141,137,342
2.216346,137,341
2.216771,137,340
2.217021,137,339
2.217392,137,338
2.217709,137,337
2.217760,136,338
2.218623,135,339
2.218888,135,338
2.218988,135,337
2.219749,135,336
2.220171,134,337
2.220203,135,337
2.220423,134,338
2.220473,134,337
2.220499,134,336
2.220550,135,336
2.222200,135,335
2.222898,134,336
2.223632,133,337
2.223825,134,337
2.224430,134,336
2.224511,133,337
2.224537,134,337
2.224940,134,336
2.225469,134,335
2.225491,134,334
2.225872,134,333
2.226288,133,334
2.226300,132,335
2.226714,132,334
2.226834,132,333
2.226944,132,332
2.227054,132,331
2.227135,132,330
2.227574,132,329
2.227826,132,328
2.227899,131,329
2.227929,131,328
2.228644,132,328
2.229196,131,329
2.229492,131,328
2.229828,130,329
2.230283,130,328
2.230323,131,328
2.230470,131,327
2.231058,131,326
2.231078,131,325
2.231455,131,324
2.233441,131,323
2.234017,131,322
2.234484,130,323
2.235405,130,322
2.236117,130,321
2.236598,130,320
2.237062,130,319
2.237707,129,320
2.237857,129,319
2.238020,128,320
2.238223,127,321
2.238282,127,320
2.238518,128,320
2.238523,128,319
2.238565,128,318
2.238851,128,317
2.239187,128,316
2.239455,128,315
2.239929,128,314
2.240606,128,313
2.240931,128,312
2.241058,128,311
2.241156,128,310
2.241282,129,310
2.241320,129,309
2.242015,129,308
2.242027,130,308
2.242161,131,308
2.243487,131,307
2.243762,131,306
2.244333,132,306
2.244992,132,305
2.245273,132,304
2.245707,132,303
2.247013,132,302
2.247817,133,302
2.248114,132,303
2.248250,132,302
2.248786,132,301
2.249044,132,300
2.249255,131,301
2.249340,131,300
2.250086,131,299
2.250545,131,298
2.251023,131,297
2.251741,131,296
2.252337,132,296
2.252815,131,297
2.252836,132,297
2.253222,132,296
2.253558,131,297
2.253620,131,296
2.254256,130,297
2.254732,131,297
2.254867,130,298
2.255617,131,298
2.255696,130,299
2.255698,130,298
2.255933,130,297
2.256116,129,298
2.256303,129,297
2.256323,129,296
2.256490,130,296
2.256953,130,295
2.257056,131,295
2.257110,130,296
2.257111,131,296
2.257251,131,295
2.257398,131,294
2.258371,131,293
2.259434,131,292
2.259591,131,291
2.259907,131,290
2.260567,132,290
2.261788,132,289
2.262821,132,288
2.263468,132,287
2.263787,131,288
2.264261,130,289
2.264612,130,288
2.264688,130,287
2.266351,130,286
2.266594,130,285
2.266645,130,284
2.267587,130,283
2.267691,129,284
2.268149,128,285
2.268334,128,284
2.268480,128,283
2.269380,127,284
2.269513,128,284
2.270203,128,283
2.270358,128,282
2.270742,128,281
2.271858,129,281
2.271896,129,280
2.272056,130,280
2.272475,130,279
2.273560,130,278
2.273671,130,277
2.275558,130,276
2.276127,130,275
2.276487,130,274
2.277287,130,273
2.277718,130,272
2.278707,130,271
2.278878,130,270
2.278907,130,269
2.279870,131,269
2.279950,131,268
2.280075,131,267
2.280126,131,266
2.280134,132,266
2.281276,132,265
2.281590,131,266
2.281620,131,265
2.281697,132,265
2.281861,132,264
2.281907,133,264
2.281998,133,263
2.282837,133,262
2.283035,133,261
2.283532,134,261
2.284077,133,262
2.284263,133,261
2.284622,132,262
2.285102,132,261
2.285550,132,260
2.285597,131,261
2.285604,131,260
2.286102,130,261
2.286724,130,260
2.286823,129,261
2.287619,128,262
2.288727,127,263
2.289567,127,262
2.289934,128,262
2.290242,127,263
2.290695,128,263
2.291440,128,262
2.292040,128,261
2.292677,128,260
2.292743,128,259
2.292787,128,258
2.293461,128,257
2.293733,129,257
2.293759,129,256
2.294193,128,257
2.294281,128,256
2.294351,128,255
2.294415,128,254
2.294437,128,253
2.294536,128,252
2.295454,128,251
2.295512,128,250
2.296062,129,250
2.296107,129,249
2.297193,129,248
2.297791,129,247
2.298120,130,247
2.298201,130,246
2.298593,131,246
2.298639,131,245
2.299897,132,245
2.300168,132,244
2.300998,132,243
2.301295,132,242
2.301647,132,241
2.301703,132,240
2.302435,133,240
2.302995,132,241
2.303818,132,240
2.304380,132,239
2.304545,131,240
2.305470,131,239
2.307297,132,239
2.308341,132,238
2.309007,133,238
2.309215,133,237
2.309617,133,236
2.309925,133,235
2.311261,132,236
2.311393,132,235
2.312019,132,234
2.312787,132,233
2.313498,132,232
2.313664,131,233
2.314643,131,232
2.314841,131,231
2.315348,132,231
2.315825,132,230
2.316199,131,231
2.316305,130,232
2.316840,130,231
2.318840,129,232
2.318992,129,231
2.320008,128,232
2.320141,128,231
2.320343,129,231
2.321627,129,230
2.321678,129,229
2.321798,129,228
2.322006,129,227
2.322492,129,226
2.323926,129,225
2.324251,128,226
2.324820,127,227
2.324935,126,228
2.325478,125,229
2.325808,125,228
2.326058,125,227
2.327045,125,226
2.327501,125,225
2.330558,125,224
2.331357,126,224
2.331572,127,224
2.332600,128,224
2.332859,128,223
2.333204,128,222
2.333217,128,221
2.334217,128,220
2.334416,128,219
2.334505,128,218
2.334904,127,219
2.335345,127,218
2.337408,128,218
2.337701,129,218
2.337996,129,217
2.338439,129,216
2.339355,129,215
2.339610,129,214
2.340198,129,213
2.342038,129,212
2.342418,130,212
2.342541,130,211
2.342875,130,210
2.342974,129,211
2.343508,130,211
2.345002,129,212
2.345446,129,211
2.345728,130,211
2.346149,129,212
2.346455,130,212
2.346786,130,211
2.346938,130,210
2.347914,130,209
2.348116,130,208
2.348338,131,208
2.348341,130,209
2.348982,130,208
2.349619,130,207
2.349657,130,206
2.349693,130,205
2.350444,130,204
2.351385,131,204
2.351477,132,204
2.353380,132,203
2.354758,132,202
2.354774,131,203
2.354782,131,202
2.354813,131,201
2.354932,132,201
2.355310,132,200
2.355534,132,199
2.356518,132,198
2.356723,132,197
2.356838,133,197
2.357741,133,196
2.357754,133,195
2.358062,133,194
2.358477,134,194
2.358684,134,193
2.359578,135,193
2.360548,135,192
2.361185,135,191
2.361420,136,191
2.362994,135,192
2.363845,136,192
2.363912,136,191
2.364016,136,190
2.365996,136,189
2.366640,136,188
2.368295,136,187
2.370378,137,187
2.370691,136,188
2.370984,135,189
2.371859,135,188
2.372895,135,187
2.373070,134,188
2.373712,134,187
2.373944,133,188
2.374492,134,188
2.374948,134,187
2.375193,135,187
2.376096,136,187
2.377299,137,187
2.378649,137,186
2.379178,137,185
2.380686,136,186
2.381164,136,185
2.381287,135,186
2.381295,135,185
2.381895,135,184
2.382900,135,183
2.382981,136,183
2.383269,137,183
2.384203,137,182
2.384303,138,182
2.384973,137,183
2.385632,137,182
2.386419,137,181
2.388294,138,181
2.388868,139,181
2.389406,140,181
2.389992,141,181
2.390721,141,180
2.390983,141,179
2.391086,141,178
2.392336,141,177
2.393028,141,176
2.396622,141,175
2.396751,140,176
2.399586,140,175
2.399629,139,176
2.399663,139,175
2.399963,140,175
2.400082,141,175
2.400225,141,174
2.400248,140,175
2.401623,141,175
2.402410,142,175
2.402422,141,176
2.403098,141,175
2.403187,140,176
2.404294,140,175
2.405392,140,174
2.406411,139,175
2.406421,139,174
2.409594,138,175
2.409777,138,174
2.410892,138,173
2.412005,138,172
2.413144,138,171
2.413699,137,172
2.414483,137,171
2.414887,137,170
2.415035,137,169
2.415054,137,168
2.415518,136,169
2.415715,136,168
2.416863,136,167
2.417852,135,168
2.418881,134,169
2.419903,133,170
2.420110,133,169
2.423900,133,168
2.424412,133,167
2.424517,134,167
2.424647,133,168
2.425267,133,167
2.425271,132,168
2.425795,132,167
2.426515,132,166
2.427233,133,166
2.427446,134,166
2.428005,134,165
2.428581,134,164
2.429603,134,163
2.431200,134,162
2.431463,134,161
2.431872,134,160
2.432525,134,159
2.432691,135,159
2.433427,135,158
2.433696,136,158
2.434757,135,159
2.435503,136,159
2.436229,137,159
2.436949,137,158
2.437194,137,157
2.437991,138,157
2.438164,139,157
2.438326,139,156
2.441109,138,157
2.441127,138,156
2.442358,138,155
2.444115,139,155
2.444427,139,154
2.444872,139,153
2.445353,140,153
2.445436,140,152
2.446727,141,152
2.446832,141,151
2.447477,140,152
2.447786,140,151
2.448751,140,150
2.450156,140,149
2.450234,139,150
2.450267,138,151
2.450950,139,151
2.451005,139,150
2.452818,139,149
2.453051,140,149
2.453779,140,148
2.454161,140,147
2.455733,140,146
2.456525,140,145
2.456597,140,144
2.458454,140,143
2.458564,140,142
2.459259,141,142
2.459614,142,142
2.460003,142,141
2.460017,143,141
2.460063,143,140
2.460231,143,139
2.461333,143,138
2.461522,143,137
2.461929,144,137
2.462749,145,137
2.464992,145,136
2.465042,145,135
2.466742,145,134
2.467292,144,135
2.467688,145,135
2.467905,145,134
2.467925,146,134
2.468115,146,133
2.468285,146,132
2.469606,146,131
2.469914,145,132
2.469929,145,131
2.470612,146,131
2.470619,146,130
2.472412,146,129
2.472575,147,129
2.472943,146,130
2.473598,146,129
2.475368,145,130
2.477362,145,129
2.477660,146,129
2.477673,146,128
2.477699,146,127
2.477766,147,127
2.477826,147,126
2.477980,147,125
2.478127,148,125
2.479946,148,124
2.480283,149,124
2.483018,149,123
2.484813,149,122
2.484888,149,121
2.485666,149,120
2.486585,150,120
2.486838,150,119
2.487043,149,120
2.487083,150,120
2.487487,151,120
2.487735,150,121
2.488806,151,121
2.489869,152,121
2.490601,152,120
2.492732,152,119
2.493728,153,119
2.493976,154,119
2.494465,154,118
2.494672,154,117
2.495948,154,116
2.496505,155,116
2.496935,156,116
2.497926,157,116
2.498516,156,117
2.499835,156,116
2.503632,156,115
2.504847,157,115
2.505298,158,115
2.506071,157,116
2.506178,157,115
2.508233,158,115
2.508770,158,114
2.509247,159,114
2.510108,159,113
2.511790,159,112
2.512687,160,112
2.514412,161,112
2.514560,162,112
2.514867,162,111
2.515514,162,110
2.515879,162,109
2.515899,162,108
2.516848,161,109
2.517667,162,109
2.517916,162,108
2.518918,162,107
2.521272,163,107
2.522390,164,107
2.522543,163,108
2.523015,163,107
2.523228,163,106
2.524032,164,106
2.525132,164,105
2.526374,165,105
2.526688,166,105
2.527259,167,105
2.529141,168,105
2.530190,168,104
2.531050,169,104
2.531222,169,103
2.533094,168,104
2.533123,168,103
2.533731,169,103
2.534572,170,103
2.534690,170,102
2.535443,170,101
2.536876,170,100
2.537333,170,99
2.537510,170,98
2.537775,170,97
2.538011,170,96
2.538185,170,95
2.538515,171,95
2.538961,170,96
2.539783,171,96
2.540378,172,96
2.540914,173,96
2.541942,174,96
2.543120,174,95
2.543745,175,95
2.543865,175,94
2.544167,176,94
2.544413,177,94
2.547282,178,94
2.549914,179,94
2.550262,179,93
2.550548,179,92
2.551206,180,92
2.552880,181,92
2.553655,182,92
2.553755,183,92
2.553840,182,93
2.554831,182,92
2.555170,181,93
2.555585,182,93
2.556454,182,92
2.556687,182,91
2.556702,182,90
2.556973,181,91
2.557063,182,91
2.557269,182,90
2.558578,182,89
2.559597,182,88
2.560209,182,87
2.560372,181,88
2.560394,181,87
2.560521,181,86
2.561184,182,86
2.561676,183,86
2.561980,184,86
2.562053,185,86
2.563279,185,85
2.566887,184,86
2.568724,184,85
2.569032,185,85
2.569343,184,86
2.571180,184,85
2.571182,185,85
2.571317,185,84
2.571435,186,84
2.572652,187,84
2.573961,188,84
2.574179,188,83
2.574259,189,83
2.576147,189,82
2.577387,190,82
2.577858,190,81
2.578822,189,82
2.579395,189,81
2.580556,189,80
2.580691,190,80
2.582517,191,80
2.585387,191,79
2.586439,192,79
2.587560,192,78
2.588559,193,78
2.588698,194,78
2.589876,195,78
2.590043,196,78
2.590804,197,78
2.590979,197,77
2.591315,198,77
2.591430,199,77
2.593640,200,77
2.594923,201,77
2.594938,200,78
2.595846,201,78
2.595885,202,78
2.596390,203,78
2.596862,203,77
2.599116,204,77
2.600173,205,77
2.601830,205,76
2.603043,205,75
2.604255,205,74
2.605664,206,74
2.607841,206,73
2.607875,207,73
2.609682,207,72
2.609911,207,71
2.610397,208,71
2.611589,207,72
2.611638,206,73
2.611870,207,73
2.612758,208,73
2.613618,209,73
2.613708,209,72
2.614223,210,72
2.615743,210,71
2.616358,211,71
2.616958,212,71
2.618153,211,72
2.618842,211,71
2.619334,211,70
2.619820,212,70
2.620929,213,70
2.620997,213,69
2.622451,214,69
2.623118,214,68
2.623166,215,68
2.623347,214,69
2.623371,215,69
2.623942,216,69
2.627033,215,70
2.627540,216,70
2.628445,217,70
2.628789,218,70
2.628839,219,70
2.629407,219,69
2.629507,220,69
2.629681,220,68
2.629709,219,69
2.630049,220,69
2.631719,220,68
2.631765,220,67
2.632007,220,66
2.633141,221,66
2.633314,222,66
2.633927,223,66
2.637334,224,66
2.637919,225,66
2.637931,226,66
2.638026,227,66
2.638637,228,66
2.638800,229,66
2.639613,230,66
2.639909,230,65
2.640339,231,65
2.640694,231,64
2.641319,230,65
2.641349,230,64
2.642143,231,64
2.643354,231,63
2.643506,230,64
2.645242,231,64
2.645467,232,64
2.650147,233,64
2.650685,234,64
2.651061,235,64
2.652585,234,65
2.653617,235,65
2.653710,234,66
2.653800,234,65
2.654393,234,64
2.655356,234,63
2.655487,235,63
2.656599,236,63
2.657447,237,63
2.657678,237,62
2.660245,237,61
2.660990,237,60
2.661276,236,61
2.662881,236,60
2.663935,236,59
2.664345,237,59
2.664747,237,58
2.666563,238,58
2.669889,239,58
2.670294,240,58
2.671076,240,57
2.671968,241,57
2.673564,242,57
2.673991,243,57
2.674106,244,57
2.674587,244,56
2.674848,245,56
2.675258,246,56
2.675348,247,56
2.677242,247,55
2.677313,248,55
2.677627,249,55
2.678074,250,55
2.678788,249,56
2.678965,250,56
2.679281,249,57
2.679834,249,56
2.680026,249,55
2.680269,249,54
2.680983,250,54
2.681600,250,53
2.681647,249,54
2.682995,250,54
2.683609,251,54
2.683816,252,54
2.684592,251,55
2.686413,252,55
2.687133,253,55
2.687915,254,55
2.689070,255,55
2.689194,256,55
2.689869,256,54
2.693325,257,54
2.693852,257,53
2.695793,257,52
2.695898,258,52
2.698031,257,53
2.700718,258,53
2.700792,259,53
2.701068,258,54
2.701160,259,54
2.701252,259,53
2.701603,260,53
2.702303,260,52
2.703120,261,52
2.703580,260,53
2.703770,261,53
2.704878,262,53
2.704895,263,53
2.705522,263,52
2.706169,264,52
2.706419,265,52
2.707915,266,52
2.708015,267,52
2.708036,268,52
2.709884,269,52
2.709971,270,52
2.711289,271,52
2.711618,272,52
2.713097,273,52
2.713869,274,52
2.714628,275,52
2.715107,276,52
2.715792,277,52
2.716198,278,52
2.717746,278,51
2.719106,279,51
2.719169,280,51
2.719259,281,51
2.720590,282,51
2.721937,283,51
2.723396,282,52
2.724180,283,52
2.724749,284,52
2.725997,283,53
2.727132,284,53
2.727180,285,53
2.727198,285,52
2.727705,286,52
2.728204,287,52
2.728382,287,51
2.728436,288,51
2.728547,287,52
2.729128,288,52
2.729757,289,52
2.731339,290,52
2.732089,290,51
2.732394,291,51
2.733785,292,51
2.735138,293,51
2.736114,293,50
2.736176,294,50
2.736485,295,50
2.736997,296,50
2.737081,297,50
2.737117,298,50
2.737212,299,50
2.737746,299,49
2.738563,300,49
2.739388,301,49
2.739913,300,50
2.740526,301,50
2.740660,301,49
2.741761,302,49
2.742031,302,48
2.743741,301,49
2.744196,301,48
2.744430,302,48
2.745235,301,49
2.745345,300,50
2.745593,301,50
2.747257,302,50
2.747566,303,50
2.747924,304,50
2.748064,304,49
2.749160,304,48
2.750934,305,48
2.750947,305,47
2.751098,306,47
2.751706,307,47
2.753087,306,48
2.753388,305,49
2.753761,306,49
2.754322,307,49
2.754670,307,48
2.755115,308,48
2.755439,309,48
2.755919,310,48
2.757301,311,48
2.757579,312,48
2.758750,313,48
2.760811,312,49
2.762361,313,49
2.762723,314,49
2.763720,314,48
2.764390,315,48
2.765158,316,48
2.766217,316,47
2.767388,317,47
2.767543,316,48
2.767972,317,48
2.768794,317,47
2.769132,318,47
2.769870,319,47
2.770173,320,47
2.771874,320,46
2.773005,321,46
2.773033,322,46
2.775141,323,46
2.775352,323,45
2.775974,324,45
2.776683,324,44
2.776825,325,44
2.777316,326,44
2.777441,327,44
2.777958,328,44
2.778593,329,44
2.779229,330,44
2.780997,331,44
2.783247,332,44
2.783608,333,44
2.785491,334,44
2.786169,335,44
2.787250,334,45
2.787684,335,45
2.788085,336,45
2.788925,335,46
2.789582,334,47
2.790265,335,47
2.791072,336,47
2.791296,337,47
2.792428,338,47
2.792730,339,47
2.792904,340,47
2.794979,341,47
2.795612,341,46
2.795734,341,45
2.796134,342,45
2.797984,343,45
2.798084,344,45
2.798802,345,45
2.799212,345,44
2.799540,346,44
2.799559,346,43
2.799762,346,42
2.800542,345,43
2.800855,346,43
2.800913,346,42
2.801049,347,42
2.801902,346,43
2.802190,347,43
2.803615,348,43
2.803794,349,43
2.804292,350,43
2.804322,351,43
2.805328,352,43
2.806090,351,44
2.806090,352,44
2.806334,353,44
2.806930,354,44
2.807111,355,44
2.807473,356,44
2.807901,357,44
2.809441,356,45
2.809981,357,45
2.811254,358,45
2.811350,359,45
2.812137,360,45
2.812632,361,45
2.813422,361,44
2.813968,362,44
2.814181,363,44
2.814821,364,44
2.815017,365,44
2.815403,366,44
2.817026,367,44
2.817066,368,44
2.818363,369,44
2.819470,370,44
2.819566,371,44
2.820645,372,44
2.820892,373,44
2.821823,372,45
2.821947,373,45
2.822828,374,45
2.822963,375,45
2.823028,376,45
2.824427,377,45
2.824449,378,45
2.824804,379,45
2.826197,380,45
2.826452,380,44
2.826570,381,44
2.827295,381,43
2.827475,382,43
2.828579,383,43
2.829632,382,44
2.830346,383,44
2.830558,384,44
2.830773,385,44
2.830887,386,44
2.831410,387,44
2.832182,386,45
2.832309,387,45
2.832891,387,44
2.833295,388,44
2.834699,389,44
2.835079,390,44
2.835591,391,44
2.836172,392,44
2.836322,393,44
2.836943,394,44
2.837539,393,45
2.838011,394,45
2.838211,395,45
2.838410,396,45
2.840285,397,45
2.840589,398,45
2.842247,397,46
2.843740,398,46
2.844184,399,46
2.844416,400,46
2.844631,401,46
2.844716,402,46
2.845357,403,46
2.845473,402,47
2.845730,401,48
2.846025,402,48
2.846344,402,47
2.846536,403,47
2.847098,402,48
2.847150,403,48
2.847371,403,47
2.848167,404,47
2.848458,405,47
2.849756,406,47
2.849884,407,47
2.850700,407,46
2.852248,408,46
2.852892,408,45
2.853259,409,45
2.854571,410,45
2.855619,409,46
2.856225,410,46
2.856250,411,46
2.857022,412,46
2.857471,413,46
2.858652,414,46
2.858708,415,46
2.859102,416,46
2.859308,417,46
2.859514,418,46
2.860491,419,46
2.860744,420,46
2.860814,420,45
2.861342,420,44
2.861454,421,44
2.861485,421,43
2.861630,422,43
2.861709,423,43
2.862761,424,43
2.863425,425,43
2.863577,425,42
2.863872,426,42
2.863913,427,42
2.864102,428,42
2.864963,428,41
2.865901,429,41
2.866234,430,41
2.867655,430,40
2.868129,431,40
2.868753,432,40
2.869161,432,39
2.869485,432,38
2.869745,433,38
2.870301,434,38
2.870730,435,38
2.871459,436,38
2.872033,437,38
2.872403,438,38
2.873368,439,38
2.874378,438,39
2.874487,439,39
2.874654,440,39
2.875043,440,38
2.875137,441,38
2.875532,442,38
2.876255,443,38
2.876276,444,38
2.876739,443,39
2.877473,443,38
2.878296,443,37
2.878352,444,37
2.878753,445,37
2.878958,446,37
2.879173,447,37
2.879733,448,37
2.879760,449,37
2.880066,450,37
2.880489,451,37
2.880929,452,37
2.881768,453,37
2.882328,454,37
2.882511,455,37
2.882556,456,37
2.883126,457,37
2.883689,458,37
2.883836,459,37
2.884206,460,37
2.884713,459,38
2.885237,460,38
2.886159,461,38
2.886534,462,38
2.887331,463,38
2.887699,464,38
2.888284,465,38
2.888697,466,38
2.888853,467,38
2.889650,468,38
2.889676,469,38
2.889679,470,38
2.889769,471,38
2.889870,472,38
2.890085,473,38
2.891280,474,38
2.892242,474,37
2.893230,473,38
2.893752,474,38
2.893976,475,38
2.894198,476,38
2.895384,476,37
2.896536,475,38
2.898262,476,38
2.898278,477,38
2.898296,478,38
2.898391,479,38
2.898584,480,38
2.898784,481,38
2.899358,482,38
2.899612,483,38
2.900398,484,38
2.900557,485,38
2.900768,485,37
2.901154,486,37
2.902106,487,37
2.902212,488,37
2.902899,489,37
2.902905,490,37
2.903567,491,37
2.903638,492,37
2.904174,493,37
2.906429,494,37
2.906702,493,38
2.906862,492,39
2.907138,491,40
2.907449,492,40
2.907515,493,40
2.908139,494,40
2.908347,494,39
2.908458,495,39
2.908631,496,39
2.909105,497,39
2.909409,498,39
2.909898,499,39
2.909972,500,39
2.909988,501,39
2.910249,502,39
2.911158,503,39
2.911392,504,39
2.912319,505,39
2.912561,506,39
2.912898,507,39
2.913713,507,38
2.914951,508,38
2.914996,509,38
2.914996,510,38
2.915260,511,38
2.917157,512,38
2.917421,513,38
2.919273,514,38
2.919807,515,38
2.920187,516,38
2.920217,517,38
2.920305,516,39
2.921390,515,40
2.921975,516,40
2.922785,517,40
2.923646,518,40
2.923961,518,39
2.924865,519,39
2.925736,520,39
2.925880,521,39
2.926896,522,39
2.927548,521,40
2.928084,520,41
2.928646,521,41
2.928696,522,41
2.929253,521,42
2.931953,520,43
2.932050,521,43
2.932446,522,43
2.933748,523,43
2.934440,524,43
2.934640,525,43
2.934646,526,43
2.935697,527,43
2.935926,528,43
2.936204,529,43
2.938874,530,43
2.939308,531,43
2.939458,532,43
2.939685,533,43
2.940343,534,43
2.940391,535,43
2.940847,536,43
2.942381,537,43
2.942754,538,43
2.942782,539,43
2.943029,540,43
2.943042,541,43
2.943511,542,43
2.943764,543,43
2.944992,544,43
2.945075,543,44
2.945836,542,45
2.946032,543,45
2.946086,544,45
2.946117,545,45
2.946220,546,45
2.946496,547,45
2.946582,548,45
2.946894,549,45
2.947673,549,44
2.948868,548,45
2.948938,547,46
2.950158,547,45
2.951310,548,45
2.951380,549,45
2.951555,550,45
2.952034,551,45
2.952504,552,45
2.952667,553,45
2.953124,552,46
2.953243,551,47
2.954296,552,47
2.954421,553,47
2.954878,554,47
2.955119,555,47
2.955480,556,47
2.955820,556,46
2.956001,557,46
2.956125,558,46
2.956154,559,46
2.956382,560,46
2.957076,561,46
2.957094,560,47
2.957310,561,47
2.957696,562,47
2.958713,563,47
2.959305,564,47
2.960624,565,47
2.961434,566,47
2.962158,567,47
2.963199,568,47
2.963244,569,47
2.963328,570,47
2.963852,571,47
2.965978,572,47
2.966735,573,47
2.967233,574,47
2.967525,575,47
2.968086,576,47
2.968222,577,47
2.968913,578,47
2.969324,578,46
2.970038,579,46
2.970188,580,46
2.971322,581,46
2.972526,582,46
2.973696,583,46
2.973747,584,46
2.973963,585,46
2.974131,586,46
2.974337,586,45
2.974998,587,45
2.975368,586,46
2.975373,587,46
2.975474,587,45
2.976220,586,46
2.976530,587,46
2.976836,588,46
2.976976,589,46
2.977298,590,46
2.977402,589,47
2.977521,590,47
2.977640,591,47
2.977983,592,47
2.978100,592,46
2.978770,592,45
2.979763,593,45
2.980904,592,46
2.981408,593,46
2.981657,594,46
2.981857,595,46
2.982793,596,46
2.983198,597,46
2.983277,598,46
2.983922,599,46
2.984111,600,46
2.985129,601,46
2.985190,602,46
2.985482,601,47
2.985502,602,47
2.986078,603,47
2.986106,604,47
2.986600,605,47
2.986961,604,48
2.987365,605,48
2.987455,606,48
2.987743,607,48
2.987925,608,48
2.988041,609,48
2.988496,610,48
2.988795,611,48
2.989492,610,49
2.989933,611,49
2.990148,611,48
2.990208,612,48
2.990318,613,48
2.990356,614,48
2.990373,615,48
2.991063,616,48
2.991519,616,47
2.991798,617,47
2.993529,618,47
2.993564,619,47
2.994200,620,47
2.994241,619,48
2.994249,620,48
2.995515,621,48
2.996067,622,48
2.996095,623,48
2.996434,624,48
2.997758,625,48
2.997811,626,48
2.999082,627,48
2.999096,628,48
2.999623,629,48
2.999922,630,48
3.000637,631,48
3.000792,632,48
3.001470,633,48
3.002530,634,48
3.002554,635,48
3.002763,636,48
3.002786,637,48
3.003008,638,48
3.003047,639,48
3.003400,640,48
3.003432,641,48
3.003471,642,48
3.003866,643,48
3.004476,643,47
3.004976,644,47
3.005312,645,47
3.005539,646,47
3.005557,647,47
3.005562,648,47
3.005668,649,47
3.006090,650,47
3.006254,651,47
3.006522,652,47
3.006934,653,47
3.007891,654,47
3.008710,655,47
3.008739,656,47
3.008852,657,47
3.008881,658,47
3.008989,659,47
3.009200,660,47
3.009354,661,47
3.009488,661,46
3.010450,661,45
3.010570,662,45
3.011782,663,45
3.011811,664,45
3.012279,663,46
3.012468,664,46
3.014094,665,46
3.014711,666,46
3.014779,667,46
3.014800,668,46
3.014911,669,46
3.015459,669,45
3.016134,670,45
3.016960,671,45
3.017161,671,44
3.017939,670,45
3.019023,671,45
3.019091,672,45
3.019506,673,45
3.019703,673,44
3.019760,673,43
3.020006,674,43
3.020421,675,43
3.020861,676,43
3.021163,677,43
3.022090,678,43
3.022114,679,43
3.022523,680,43
3.022909,681,43
3.023287,682,43
3.023388,683,43
3.023442,683,42
3.023443,682,43
3.023670,683,43
3.024943,683,42
3.025345,684,42
3.025851,685,42
3.026531,686,42
3.027362,687,42
3.027816,686,43
3.028000,687,43
3.028412,688,43
3.029858,689,43
3.029918,690,43
3.029959,691,43
3.030143,692,43
3.030376,693,43
3.030842,694,43
3.031009,694,42
3.031120,695,42
3.031406,695,41
3.031577,696,41
3.033271,697,41
3.033803,698,41
3.034130,699,41
3.034235,700,41
3.034252,701,41
3.034298,702,41
3.034355,702,40
3.034975,703,40
3.035389,704,40
3.035443,703,41
3.035889,704,41
3.036182,705,41
3.037938,706,41
3.038229,707,41
3.038707,707,40
3.039787,707,39
3.040252,708,39
3.040313,709,39
3.040347,710,39
3.040368,711,39
3.040471,712,39
3.040694,711,40
3.040871,712,40
3.041125,713,40
3.041301,714,40
3.041795,714,39
3.041934,715,39
3.042334,714,40
3.042700,715,40
3.042820,716,40
3.043028,717,40
3.043714,718,40
3.045083,719,40
3.045389,720,40
3.045588,721,40
3.045887,722,40
3.045898,721,41
3.046365,722,41
3.047041,723,41
3.047239,724,41
3.047459,725,41
3.048133,726,41
3.048160,727,41
3.048443,726,42
3.049079,727,42
3.050119,728,42
3.050426,729,42
3.051356,730,42
3.051799,731,42
3.052362,732,42
3.052779,733,42
3.054482,734,42
3.054971,735,42
3.055447,736,42
3.056039,737,42
3.056253,738,42
3.056396,739,42
3.056609,738,43
3.056739,739,43
3.057177,738,44
3.057608,737,45
3.057725,738,45
3.058230,739,45
3.058426,740,45
3.058585,739,46
3.059485,740,46
3.059610,741,46
3.059920,742,46
3.060471,743,46
3.060726,744,46
3.061701,745,46
3.061849,746,46
3.062356,745,47
3.062384,746,47
3.062772,747,47
3.063314,748,47
3.063498,749,47
3.064144,750,47
3.064256,751,47
3.064613,752,47
3.064808,753,47
3.064872,754,47
3.064995,755,47
3.065068,755,46
3.065331,756,46
3.065373,757,46
3.065761,758,46
3.066278,757,47
3.066712,758,47
3.066952,759,47
3.067215,760,47
3.068440,761,47
3.068570,762,47
3.069174,763,47
3.069193,762,48
3.069593,763,48
3.070407,764,48
3.072752,765,48
3.073193,766,48
3.073339,767,48
3.073806,768,48
3.073859,769,48
3.074150,769,47
3.074540,770,47
3.074692,771,47
3.075042,772,47
3.075464,773,47
3.075608,774,47
3.075934,775,47
3.075988,776,47
3.076198,777,47
3.076763,778,47
3.076820,779,47
3.077408,779,46
3.077490,780,46
3.077581,781,46
3.078070,782,46
3.078144,783,46
3.078839,783,45
3.079130,784,45
3.079385,785,45
3.079722,784,46
3.079922,783,47
3.080034,783,46
3.081052,782,47
3.082118,783,47
3.082271,784,47
3.082644,785,47
3.082644,786,47
3.082689,787,47
3.082752,788,47
3.083180,789,47
3.083206,788,48
3.083326,789,48
3.083333,788,49
3.083386,788,48
3.083637,789,48
3.083739,790,48
3.083932,791,48
3.084236,792,48
3.084779,793,48
3.084878,794,48
3.085222,795,48
3.085839,796,48
3.085862,795,49
3.086151,796,49
3.086227,797,49
3.086364,797,48
3.086514,798,48
3.086565,799,48
3.086781,800,48
3.086933,801,48
3.087095,800,49
3.087100,801,49
3.087575,800,50
3.088451,801,50
3.088507,802,50
3.089448,803,50
3.089591,804,50
3.089646,805,50
3.089747,804,51
3.090161,804,50
3.090472,805,50
3.090677,806,50
3.090750,807,50
3.090826,807,49
3.091320,808,49
3.091708,809,49
3.094804,810,49
3.094972,811,49
3.095057,811,48
3.095741,812,48
3.095859,813,48
3.096236,814,48
3.096299,815,48
3.096351,816,48
3.097221,817,48
3.097599,818,48
3.098629,819,48
3.098733,818,49
3.098993,819,49
3.099003,820,49
3.099008,821,49
3.099416,822,49
3.099967,823,49
3.100731,824,49
3.100909,825,49
3.101916,825,48
3.102020,826,48
3.102166,827,48
3.102446,828,48
3.102662,829,48
3.102755,830,48
3.103180,831,48
3.103536,832,48
3.104097,833,48
3.104460,834,48
3.105848,835,48
3.105973,836,48
3.106828,835,49
3.108088,836,49
3.108614,836,48
3.109049,837,48
3.109702,838,48
3.109938,839,48
3.110003,840,48
3.111009,841,48
3.111420,842,48
3.112038,843,48
3.112116,844,48
3.112202,845,48
3.113419,846,48
3.113522,847,48
3.113594,848,48
3.114160,849,48
3.114989,848,49
3.115391,848,48
3.115650,849,48
3.115734,848,49
3.115837,849,49
3.115903,850,49
3.116121,851,49
3.116283,850,50
3.116867,851,50
3.117043,852,50
3.117257,853,50
3.117340,854,50
3.117515,853,51
3.117542,854,51
3.117909,855,51
3.118095,856,51
3.118500,857,51
3.118909,858,51
3.119119,858,50
3.119634,859,50
3.119882,858,51
3.119924,859,51
3.120197,859,50
3.120626,860,50
3.120748,861,50
3.121026,862,50
3.121181,861,51
3.121488,862,51
3.121537,863,51
3.121708,862,52
3.121772,863,52
3.122117,864,52
3.122541,865,52
3.122796,866,52
3.123151,867,52
3.123530,868,52
3.123587,869,52
3.123905,870,52
3.124130,871,52
3.124399,870,53
3.124961,870,52
3.124996,871,52
3.125533,872,52
3.125864,873,52
3.125874,874,52
3.126860,875,52
3.127520,876,52
3.127749,877,52
3.128244,878,52
3.128530,879,52
3.128617,878,53
3.128641,879,53
3.128914,880,53
3.129038,881,53
3.129484,880,54
3.130518,881,54
3.130740,882,54
3.131186,882,53
3.131624,883,53
3.132198,884,53
3.132360,885,53
3.132561,885,52
3.132621,884,53
3.132652,885,53
3.133028,884,54
3.133641,885,54
3.133937,886,54
3.133944,887,54
3.133969,888,54
3.134935,889,54
3.134997,890,54
3.135210,889,55
3.135239,890,55
3.136113,891,55
3.136264,890,56
3.136640,891,56
3.136972,892,56
3.137186,893,56
3.137365,894,56
3.137709,895,56
3.139047,896,56
3.139223,897,56
3.139373,898,56
3.139489,899,56
3.139942,900,56
3.140742,900,55
3.140889,901,55
3.141040,902,55
3.141110,903,55
3.141199,904,55
3.141391,903,56
3.141637,904,56
3.142341,905,56
3.142378,906,56
3.142538,907,56
3.142796,908,56
3.142889,909,56
3.143791,910,56
3.144227,911,56
3.144340,912,56
3.145312,913,56
3.145456,912,57
3.146203,911,58
3.146289,912,58
3.146490,913,58
3.146762,912,59
3.146769,913,59
3.147071,914,59
3.147504,915,59
3.147677,916,59
3.147814,915,60
3.148337,915,59
3.148384,916,59
3.148661,917,59
3.148880,918,59
3.148958,918,58
3.148977,919,58
3.149039,920,58
3.149285,921,58
3.149294,922,58
3.149312,923,58
3.149540,924,58
3.149615,925,58
3.149755,926,58
3.150844,927,58
3.150992,928,58
3.151265,929,58
3.152963,930,58
3.153063,931,58
3.153238,932,58
3.153298,931,59
3.153671,932,59
3.154012,933,59
3.154016,933,58
3.154120,934,58
3.154248,935,58
3.154643,936,58
3.154728,937,58
3.154829,938,58
3.155303,937,59
3.155396,937,58
3.155577,936,59
3.155935,937,59
3.156514,938,59
3.158455,939,59
3.158474,940,59
3.159334,941,59
3.159438,942,59
3.160570,943,59
3.160725,944,59
3.161259,945,59
3.161385,946,59
3.161471,947,59
3.161791,948,59
3.161913,947,60
3.162099,948,60
3.162326,949,60
3.162391,950,60
3.162504,951,60
3.162790,952,60
3.163364,953,60
3.163407,954,60
3.163598,954,59
3.164176,955,59
3.164214,954,60
3.164968,953,61
3.165188,954,61
3.165716,955,61
3.166776,956,61
3.166888,957,61
3.166924,958,61
3.167067,959,61
3.167156,960,61
3.167478,959,62
3.167509,958,63
3.167546,959,63
3.167584,960,63
3.168057,961,63
3.168144,962,63
3.168378,963,63
3.168388,962,64
3.168931,963,64
3.169490,962,65
3.169814,963,65
3.170046,964,65
3.170371,965,65
3.170459,965,64
3.170493,966,64
3.170543,967,64
3.170543,966,65
3.170781,967,65
3.170805,966,66
3.170827,967,66
3.170844,968,66
3.170999,969,66
3.171640,968,67
3.171661,969,67
3.171794,970,67
3.171855,970,66
3.172137,971,66
3.172322,972,66
3.172972,972,65
3.172990,973,65
3.173355,974,65
3.173504,975,65
3.173693,976,65
3.173799,976,64
3.173822,977,64
3.173902,978,64
3.174261,977,65
3.174640,978,65
3.175017,979,65
3.176033,980,65
3.176227,981,65
3.176313,982,65
3.176404,981,66
3.176602,982,66
3.176750,983,66
3.176774,984,66
3.176809,983,67
3.176923,983,66
3.177008,984,66
3.177252,985,66
3.177301,985,65
3.177608,985,64
3.178229,984,65
3.178465,983,66
3.178668,982,67
3.178755,983,67
3.178809,983,66
3.178963,984,66
3.179183,985,66
3.179544,986,66
3.179614,987,66
3.179697,988,66
3.180173,989,66
3.180373,990,66
3.180645,991,66
3.180652,991,65
3.180745,990,66
3.180883,991,66
3.180929,990,67
3.181167,991,67
3.181284,992,67
3.181575,993,67
3.181608,994,67
3.181806,994,66
3.182259,995,66
3.182704,994,67
3.182736,995,67
3.182839,994,68
3.182982,995,68
3.183039,995,67
3.183130,996,67
3.183348,997,67
3.183437,996,68
3.183472,997,68
3.183611,998,68
3.183615,999,68
3.183697,1000,68
3.183945,1001,68
3.184009,1000,69
3.184278,1001,69
3.184471,1002,69
3.184586,1003,69
3.184917,1003,68
3.185187,1003,67
3.185340,1002,68
3.186353,1003,68
3.186740,1002,69
3.187010,1003,69
3.187030,1004,69
3.187043,1005,69
3.187509,1006,69
3.188021,1007,69
3.188142,1006,70
3.188195,1007,70
3.188590,1008,70
3.188749,1009,70
3.189103,1010,70
3.189342,1009,71
3.189442,1010,71
3.189657,1011,71
3.190228,1012,71
3.191463,1013,71
3.191662,1014,71
3.191875,1015,71
3.192266,1016,71
3.193264,1017,71
3.193511,1018,71
3.193946,1019,71
3.193959,1020,71
3.193988,1020,70
3.194072,1021,70
3.194377,1022,70
3.194473,1022,69
3.194475,1023,69
3.194481,1024,69
3.194607,1023,70
3.194758,1024,70
3.194813,1025,70
3.194862,1026,70
3.194960,1027,70
3.195412,1026,71
3.195594,1027,71
3.195626,1028,71
3.195997,1029,71
3.196229,1030,71
3.196426,1031,71
3.196769,1030,72
3.197063,1031,72
3.197434,1032,72
3.197760,1032,71
3.198023,1032,70
3.198372,1031,71
3.198623,1032,71
3.198900,1033,71
3.199057,1034,71
3.199253,1035,71
3.199341,1036,71
3.199415,1037,71
3.199437,1036,72
3.199469,1037,72
3.200066,1036,73
3.200216,1037,73
3.200329,1038,73
3.200641,1039,73
3.200767,1038,74
3.201223,1039,74
3.201717,1040,74
3.201848,1041,74
3.201892,1042,74
3.202286,1041,75
3.202384,1042,75
3.202411,1043,75
3.202781,1044,75
3.203206,1045,75
3.203496,1046,75
3.203753,1047,75
3.203829,1047,74
3.204127,1048,74
3.204362,1047,75
3.204405,1046,76
3.204647,1047,76
3.204778,1048,76
3.204847,1049,76
3.204968,1050,76
3.205310,1051,76
3.205431,1050,77
3.205802,1049,78
3.205869,1049,77
3.206022,1050,77
3.206120,1051,77
3.206243,1052,77
3.206728,1053,77
3.207017,1052,78
3.207022,1053,78
3.207307,1054,78
3.207417,1055,78
3.207724,1056,78
3.208028,1057,78
3.208096,1058,78
3.208104,1059,78
3.208422,1058,79
3.208691,1059,79
3.208938,1060,79
3.209334,1060,78
3.209475,1061,78
3.209572,1062,78
3.209782,1063,78
3.209885,1064,78
3.210005,1063,79
3.210718,1063,78
3.210776,1064,78
3.210991,1065,78
3.211226,1064,79
3.212024,1065,79
3.212068,1066,79
3.212365,1066,78
3.212542,1067,78
3.212713,1068,78
3.212869,1067,79
3.213149,1068,79
3.213239,1069,79
3.213531,1068,80
3.213760,1069,80
3.214059,1070,80
3.214064,1070,79
3.215128,1069,80
3.215182,1069,79
3.215231,1070,79
3.216039,1069,80
3.216137,1070,80
3.216256,1071,80
3.216556,1072,80
3.216599,1073,80
3.217079,1074,80
3.217297,1075,80
3.217313,1074,81
3.217373,1075,81
3.217928,1074,82
3.218195,1075,82
3.218216,1076,82
3.218384,1077,82
3.218554,1078,82
3.218773,1078,81
3.218866,1077,82
3.219166,1078,82
3.219190,1079,82
3.219198,1080,82
3.219288,1079,83
3.219291,1080,83
3.219531,1081,83
3.220007,1081,82
3.220465,1082,82
3.220732,1081,83
3.220867,1082,83
3.220875,1083,83
3.221022,1084,83
3.221163,1085,83
3.221490,1086,83
3.221853,1087,83
3.222415,1088,83
3.222510,1088,82
3.222671,1088,81
3.222788,1088,80
3.223051,1087,81
3.223379,1088,81
3.223682,1089,81
3.223684,1088,82
3.223812,1089,82
3.223887,1090,82
3.224589,1091,82
3.224747,1090,83
3.224947,1091,83
3.226393,1092,83
3.226553,1091,84
3.227102,1090,85
3.227638,1091,85
3.227681,1092,85
3.228849,1093,85
3.229090,1094,85
3.229652,1095,85
3.230142,1096,85
3.230199,1097,85
3.230204,1096,86
3.230955,1095,87
3.231134,1096,87
3.231142,1097,87
3.231185,1098,87
3.231292,1099,87
3.231430,1100,87
3.231590,1101,87
3.231744,1102,87
3.231747,1103,87
3.231824,1104,87
3.232038,1103,88
3.232073,1104,88
3.232255,1103,89
3.232602,1104,89
3.232621,1105,89
3.232726,1106,89
3.232795,1107,89
3.233221,1108,89
3.233392,1107,90
3.233624,1108,90
3.233809,1109,90
3.234275,1110,90
3.234369,1111,90
3.235067,1112,90
3.235477,1113,90
3.235486,1112,91
3.236019,1113,91
3.236534,1114,91
3.236545,1114,90
3.236931,1113,91
3.237340,1114,91
3.237470,1114,90
3.237472,1115,90
3.237550,1116,90
3.237724,1115,91
3.238158,1116,91
3.238341,1117,91
3.238884,1116,92
3.238910,1115,93
3.239503,1116,93
3.239625,1117,93
3.240325,1116,94
3.240400,1116,93
3.240986,1117,93
3.241434,1118,93
3.241835,1119,93
3.241841,1119,92
3.242395,1118,93
3.242665,1119,93
3.242814,1120,93
3.243286,1121,93
3.243583,1122,93
3.243720,1123,93
3.244227,1124,93
3.244283,1125,93
3.244407,1126,93
3.244610,1127,93
3.244857,1126,94
3.244940,1127,94
3.244954,1126,95
3.245659,1127,95
3.245904,1126,96
3.246148,1127,96
3.246168,1128,96
3.246419,1127,97
3.246811,1128,97
3.246964,1129,97
3.247119,1130,97
3.247387,1131,97
3.247452,1130,98
3.247488,1131,98
3.247527,1132,98
3.248113,1131,99
3.248138,1132,99
3.248673,1131,100
3.248721,1130,101
3.248753,1131,101
3.248890,1132,101
3.248950,1133,101
3.248989,1133,100
3.249243,1134,100
3.249338,1135,100
3.249383,1136,100
3.249878,1136,99
3.250156,1135,100
3.250299,1136,100
3.250436,1137,100
3.250740,1138,100
3.250741,1139,100
3.250792,1140,100
3.250889,1141,100
3.251022,1142,100
3.251434,1141,101
3.251629,1142,101
3.251781,1143,101
3.252208,1142,102
3.252649,1143,102
3.253015,1144,102
3.253410,1143,103
3.253600,1143,102
3.253767,1142,103
3.254250,1143,103
3.254356,1144,103
3.254737,1143,104
3.254962,1142,105
3.255224,1142,104
3.255578,1143,104
3.255682,1144,104
3.255749,1145,104
3.256146,1146,104
3.256828,1145,105
3.257014,1146,105
3.257270,1147,105
3.257720,1148,105
3.257848,1149,105
3.258034,1150,105
3.258044,1151,105
3.258195,1150,106
3.258218,1151,106
3.258502,1150,107
3.258577,1149,108
3.258810,1150,108
3.258916,1149,109
3.259020,1148,110
3.259478,1149,110
3.259734,1150,110
3.259803,1149,111
3.260167,1150,111
3.260195,1151,111
3.260203,1152,111
3.260246,1152,110
3.260281,1151,111
3.260572,1152,111
3.260879,1153,111
3.261035,1152,112
3.261112,1153,112
3.261148,1152,113
3.261211,1153,113
3.261920,1154,113
3.261982,1155,113
3.262392,1154,114
3.262620,1155,114
3.263156,1156,114
3.263367,1157,114
3.263553,1158,114
3.263700,1157,115
3.263828,1158,115
3.263899,1159,115
3.263912,1158,116
3.263980,1159,116
3.264257,1160,116
3.264393,1161,116
3.264469,1160,117
3.264482,1160,116
3.264684,1161,116
3.264831,1162,116
3.264909,1163,116
3.265324,1164,116
3.265413,1164,115
3.265588,1165,115
3.265649,1164,116
3.265675,1163,117
3.265817,1162,118
3.265866,1163,118
3.265877,1164,118
3.266043,1163,119
3.266333,1162,120
3.266559,1163,120
3.266665,1163,119
3.267068,1162,120
3.267069,1161,121
3.267389,1162,121
3.267394,1162,120
3.267426,1163,120
3.267663,1164,120
3.267882,1165,120
3.268199,1165,119
3.268279,1166,119
3.268326,1167,119
3.268434,1168,119
3.268608,1168,118
3.269324,1169,118
3.269555,1168,119
3.269691,1169,119
3.269725,1169,118
3.269751,1170,118
3.269937,1169,119
3.270638,1170,119
3.272071,1171,119
3.272085,1172,119
3.272421,1173,119
3.272479,1174,119
3.272510,1173,120
3.272640,1174,120
3.272693,1173,121
3.272966,1174,121
3.273002,1174,120
3.273012,1175,120
3.273058,1175,119
3.273065,1176,119
3.273531,1177,119
3.273829,1178,119
3.273962,1179,119
3.274215,1180,119
3.274380,1179,120
3.274674,1178,121
3.274781,1178,120
3.274790,1177,121
3.274834,1178,121
3.275216,1179,121
3.275428,1180,121
3.275581,1181,121
3.275740,1180,122
3.275740,1181,122
3.275799,1182,122
3.275886,1183,122
3.275998,1184,122
3.276423,1183,123
3.276448,1184,123
3.276803,1185,123
3.276947,1186,123
3.276999,1185,124
3.277035,1186,124
3.278589,1185,125
3.278713,1184,126
3.278778,1185,126
3.278914,1184,127
3.278926,1185,127
3.279262,1185,126
3.279882,1184,127
3.279917,1185,127
3.280218,1186,127
3.280227,1185,128
3.280512,1186,128
3.280845,1187,128
3.281089,1186,129
3.281093,1187,129
3.281364,1188,129
3.281430,1188,128
3.281890,1189,128
3.281919,1189,127
3.281985,1188,128
3.281990,1189,128
3.282083,1188,129
3.282320,1189,129
3.282338,1188,130
3.282453,1187,131
3.282549,1186,132
3.282649,1185,133
3.282724,1185,132
3.282787,1184,133
3.282912,1185,133
3.282914,1186,133
3.283464,1186,132
3.283658,1187,132
3.283711,1188,132
3.283785,1188,131
3.284024,1187,132
3.284071,1188,132
3.284094,1189,132
3.284134,1188,133
3.284527,1188,132
3.284745,1189,132
3.284853,1188,133
3.284905,1187,134
3.285049,1187,133
3.285091,1188,133
3.285197,1189,133
3.285218,1188,134
3.285351,1189,134
3.285396,1189,133
3.285433,1190,133
3.285458,1189,134
3.285754,1190,134
3.285968,1191,134
3.286100,1192,134
3.286117,1193,134
3.286251,1194,134
3.286436,1195,134
3.286540,1195,133
3.286636,1194,134
3.286712,1195,134
3.286904,1194,135
3.286969,1194,134
3.287107,1193,135
3.287178,1194,135
3.287313,1193,136
3.287332,1194,136
3.287475,1193,137
3.287866,1194,137
3.287905,1195,137
3.287956,1196,137
3.288012,1195,138
3.288229,1194,139
3.288645,1195,139
3.288744,1194,140
3.289156,1193,141
3.289166,1194,141
3.289360,1193,142
3.289484,1194,142
3.289634,1195,142
3.289656,1196,142
3.290150,1196,141
3.290389,1195,142
3.290484,1195,141
3.290773,1196,141
3.290943,1197,141
3.291177,1196,142
3.291224,1195,143
3.291280,1196,143
3.291288,1195,144
3.291776,1196,144
3.291897,1197,144
3.292126,1196,145
3.292527,1197,145
3.292634,1198,145
3.292818,1199,145
3.292842,1200,145
3.292944,1200,144
3.293370,1201,144
3.293389,1200,145
3.293795,1199,146
3.293983,1200,146
3.294689,1201,146
3.294981,1201,145
3.295220,1201,144
3.295725,1200,145
3.295774,1201,145
3.295908,1201,144
3.295959,1202,144
3.296079,1203,144
3.296173,1204,144
3.296423,1203,145
3.296804,1202,146
3.296837,1203,146
3.296956,1202,147
3.297076,1203,147
3.297130,1204,147
3.297223,1204,146
3.297237,1203,147
3.297339,1202,148
3.297343,1201,149
3.297514,1202,149
3.297565,1203,149
3.298079,1204,149
3.298290,1203,150
3.298425,1202,151
3.298595,1203,151
3.298611,1204,151
3.298638,1203,152
3.298938,1202,153
3.299005,1203,153
3.299146,1204,153
3.299201,1205,153
3.299326,1204,154
3.299349,1205,154
3.299353,1204,155
3.299359,1205,155
3.299398,1204,156
3.299672,1205,156
3.299740,1204,157
3.299888,1204,156
3.299991,1203,157
3.300074,1204,157
3.300128,1205,157
3.300174,1204,158
3.300179,1205,158
3.300354,1204,159
3.300501,1204,158
3.300580,1203,159
3.300620,1202,160
3.300627,1201,161
3.300830,1202,161
3.300987,1203,161
3.301493,1202,162
3.301739,1203,162
3.301782,1204,162
3.302175,1205,162
3.302328,1204,163
3.302519,1203,164
3.302537,1202,165
3.302635,1203,165
3.302667,1202,166
3.302924,1203,166
3.302957,1202,167
3.302975,1203,167
3.303072,1204,167
3.303227,1203,168
3.303328,1202,169
3.303650,1203,169
3.304189,1203,168
3.304241,1204,168
3.304245,1205,168
3.304591,1206,168
3.304773,1207,168
3.305152,1208,168
3.305233,1207,169
3.305237,1208,169
3.305397,1209,169
3.305550,1210,169
3.305958,1211,169
3.306060,1212,169
3.306357,1213,169
3.306572,1214,169
3.306576,1214,168
3.306867,1214,167
3.307295,1215,167
3.307502,1216,167
3.307951,1217,167
3.308100,1216,168
3.308202,1216,167
3.308275,1216,166
3.308567,1217,166
3.308773,1218,166
3.308820,1219,166
3.308916,1218,167
3.309060,1217,168
3.309182,1218,168
3.309235,1219,168
3.309299,1220,168
3.309300,1221,168
3.309395,1220,169
3.309520,1221,169
3.309627,1222,169
3.309887,1223,169
3.310190,1224,169
3.310474,1225,169
3.310551,1226,169
3.310630,1227,169
3.310836,1228,169
3.310855,1228,168
3.310863,1229,168
3.311013,1230,168
3.311062,1231,168
3.311403,1230,169
3.311776,1230,168
3.311978,1231,168
3.312036,1231,167
3.312492,1232,167
3.312557,1233,167
3.312848,1234,167
3.312937,1235,167
3.313051,1234,168
3.313434,1233,169
3.313563,1234,169
3.313731,1235,169
3.313845,1236,169
3.314156,1236,168
3.314250,1237,168
3.314259,1237,167
3.314424,1238,167
3.314626,1239,167
3.314808,1238,168
3.314909,1237,169
3.315276,1238,169
3.315434,1239,169
3.315844,1240,169
3.315876,1241,169
3.315921,1240,170
3.316076,1240,169
3.316157,1241,169
3.316304,1240,170
3.316541,1239,171
3.316731,1240,171
3.316774,1241,171
3.316904,1242,171
3.316965,1243,171
3.316998,1244,171
3.317060,1245,171
3.317091,1246,171
3.317174,1245,172
3.317268,1246,172
3.317497,1247,172
3.317681,1247,171
3.317704,1246,172
3.318015,1247,172
3.318031,1246,173
3.318045,1245,174
3.318115,1246,174
3.318277,1245,175
3.318510,1244,176
3.318726,1245,176
3.318847,1246,176
3.319128,1247,176
3.319177,1248,176
3.319225,1247,177
3.319601,1248,177
3.319931,1249,177
3.319992,1250,177
3.320059,1251,177
3.320102,1250,178
3.320478,1251,178
3.320511,1250,179
3.320626,1251,179
3.320759,1251,178
3.320763,1252,178
3.320778,1253,178
3.320795,1252,179
3.320861,1251,180
3.320961,1252,180
3.321005,1251,181
3.321103,1252,181
3.321354,1251,182
3.321359,1252,182
3.321497,1253,182
3.321539,1254,182
3.321639,1253,183
3.321931,1254,183
3.322146,1253,184
3.322161,1254,184
3.322255,1255,184
3.322509,1256,184
3.322522,1255,185
3.322732,1254,186
3.323030,1253,187
3.323059,1252,188
3.323169,1252,187
3.323237,1253,187
3.323501,1252,188
3.323555,1251,189
3.323564,1250,190
3.323654,1251,190
3.323803,1252,190
3.323900,1251,191
3.324018,1251,190
3.324202,1252,190
3.324312,1253,190
3.324365,1253,189
3.324444,1254,189
3.324483,1254,188
3.324534,1255,188
3.324589,1254,189
3.324664,1255,189
3.324943,1254,190
3.324951,1255,190
3.325295,1256,190
3.325319,1257,190
3.325844,1258,190
3.325862,1257,191
3.325867,1256,192
3.325910,1255,193
3.326218,1254,194
3.326268,1255,194
3.326947,1256,194
3.327140,1257,194
3.327602,1258,194
3.327640,1259,194
3.327751,1260,194
3.327759,1259,195
3.327878,1258,196
3.328347,1257,197
3.328351,1256,198
3.328454,1257,198
3.328465,1256,199
3.328593,1256,198
3.328940,1257,198
3.329199,1258,198
3.329289,1257,199
3.329418,1258,199
3.329423,1259,199
3.329435,1258,200
3.329478,1259,200
3.329504,1258,201
3.329809,1259,201
3.330025,1260,201
3.330078,1259,202
3.330134,1260,202
3.330322,1261,202
3.330440,1260,203
3.330625,1259,204
3.330750,1260,204
3.330967,1261,204
3.331064,1262,204
3.331068,1261,205
3.331130,1262,205
3.331490,1262,204
3.331669,1261,205
3.331719,1260,206
3.331770,1261,206
3.332581,1261,205
3.332604,1262,205
3.332701,1261,206
3.332859,1262,206
3.333489,1262,205
3.333532,1261,206
3.333655,1260,207
3.333665,1261,207
3.333737,1261,206
3.333749,1262,206
3.333826,1261,207
3.333945,1260,208
3.333962,1259,209
3.334044,1260,209
3.334105,1261,209
3.334262,1260,210
3.334338,1261,210
3.334375,1260,211
3.334406,1261,211
3.334582,1260,212
3.334743,1259,213
3.334759,1258,214
3.334866,1259,214
3.334919,1258,215
3.334992,1257,216
3.335189,1258,216
3.335340,1257,217
3.335349,1256,218
3.335399,1255,219
3.335797,1254,220
3.335806,1255,220
3.336133,1256,220
3.336258,1255,221
3.336302,1254,222
3.336428,1253,223
3.336460,1254,223
3.336611,1253,224
3.336679,1252,225
3.336696,1253,225
3.336783,1254,225
3.337340,1255,225
3.337520,1254,226
3.337542,1253,227
3.337603,1253,226
3.337928,1252,227
3.337936,1253,227
3.337946,1252,228
3.338183,1251,229
3.338217,1252,229
3.338450,1253,229
3.338463,1254,229
3.338694,1253,230
3.338943,1252,231
3.338971,1252,230
3.339208,1253,230
3.339301,1254,230
3.339407,1255,230
3.339643,1256,230
3.339672,1256,229
3.339748,1256,228
3.339816,1255,229
3.339861,1254,230
3.339975,1254,229
3.340000,1254,228
3.340026,1255,228
3.340321,1254,229
3.340517,1253,230
3.340759,1252,231
3.340764,1251,232
3.340990,1250,233
3.341030,1249,234
3.341044,1248,235
3.341055,1249,235
3.341113,1250,235
3.341116,1250,234
3.341233,1250,233
3.341256,1251,233
3.341444,1252,233
3.341465,1251,234
3.341583,1252,234
3.341670,1251,235
3.341706,1250,236
3.341892,1250,235
3.341960,1249,236
3.341987,1250,236
3.342082,1251,236
3.342236,1252,236
3.342360,1251,237
3.342500,1250,238
3.342557,1251,238
3.342753,1250,239
3.343178,1251,239
3.343303,1252,239
3.343420,1252,238
3.343695,1253,238
3.344066,1252,239
3.344068,1253,239
3.344272,1252,240
3.344644,1253,240
3.345123,1252,241
3.345173,1251,242
3.345281,1252,242
3.345426,1251,243
3.345427,1250,244
3.345536,1251,244
3.345694,1252,244
3.345815,1253,244
3.346304,1253,243
3.346313,1254,243
3.346714,1253,244
3.346807,1254,244
3.347035,1255,244
3.347191,1254,245
3.347300,1253,246
3.347352,1252,247
3.347393,1251,248
3.347453,1250,249
3.347507,1251,249
3.347724,1252,249
3.347728,1253,249
3.347750,1254,249
3.347779,1255,249
3.347925,1256,249
3.347965,1255,250
3.348313,1256,250
3.348491,1257,250
3.348511,1258,250
3.348515,1259,250
3.348596,1260,250
3.348679,1261,250
3.348750,1262,250
3.348807,1261,251
3.348901,1260,252
3.348952,1260,251
3.349064,1259,252
3.349127,1258,253
3.349205,1258,252
3.349222,1259,252
3.349371,1258,253
3.349385,1257,254
3.349429,1258,254
3.349640,1259,254
3.349740,1259,253
3.349860,1260,253
3.350245,1261,253
3.350563,1262,253
3.350702,1263,253
3.350730,1264,253
3.350838,1265,253
3.351120,1265,252
3.351284,1265,251
3.351514,1264,252
3.351608,1265,252
3.351851,1264,253
3.351946,1264,252
3.351953,1263,253
3.351997,1264,253
3.352114,1263,254
3.352137,1262,255
3.352185,1263,255
3.352325,1264,255
3.352747,1263,256
3.352759,1262,257
3.352765,1262,256
3.352803,1263,256
3.353010,1264,256
3.353123,1263,257
3.353231,1262,258
3.353281,1261,259
3.353282,1260,260
3.353326,1261,260
3.353637,1260,261
3.353640,1259,262
3.353653,1260,262
3.353659,1259,263
3.353816,1258,264
3.353940,1257,265
3.353949,1257,264
3.353958,1256,265
3.354023,1255,266
3.354123,1255,265
3.354130,1256,265
3.354289,1257,265
3.354342,1256,266
3.354357,1255,267
3.354374,1254,268
3.354465,1255,268
3.354495,1254,269
3.354633,1255,269
3.354913,1254,270
3.355024,1253,271
3.355030,1252,272
3.355127,1253,272
3.355135,1254,272
3.355573,1255,272
3.355869,1256,272
3.356062,1256,271
3.356103,1255,272
3.356131,1254,273
3.356332,1255,273
3.356348,1255,272
3.357509,1255,271
3.357854,1255,270
3.357861,1256,270
3.357914,1257,270
3.357993,1258,270
3.357997,1259,270
3.358113,1259,269
3.358154,1258,270
3.358266,1257,271
3.358382,1258,271
3.358507,1259,271
3.358619,1259,270
3.358720,1258,271
3.358839,1259,271
3.358845,1260,271
3.358959,1261,271
3.359042,1262,271
3.359182,1263,271
3.359405,1263,270
3.359622,1264,270
3.359838,1263,271
3.359888,1262,272
3.360308,1261,273
3.360334,1260,274
3.360388,1259,275
3.360575,1259,274
3.360959,1258,275
3.361288,1259,275
3.361289,1260,275
3.361800,1261,275
3.361910,1262,275
3.361977,1263,275
3.362019,1262,276
3.362041,1263,276
3.362061,1264,276
3.362121,1265,276
3.362191,1266,276
3.362298,1267,276
3.362455,1266,277
3.362487,1265,278
3.362572,1266,278
3.362604,1267,278
3.362618,1267,277
3.362660,1268,277
3.362777,1267,278
3.362940,1266,279
3.362978,1265,280
3.362989,1264,281
3.363113,1265,281
3.363400,1266,281
3.363458,1267,281
3.363482,1266,282
3.363565,1265,283
3.363919,1266,283
3.363989,1265,284
3.363996,1265,283
3.364106,1266,283
3.364148,1265,284
3.364150,1264,285
3.364243,1265,285
3.364318,1266,285
3.364507,1267,285
3.364627,1267,284
3.364827,1266,285
3.364885,1266,284
3.364889,1267,284
3.364942,1268,284
3.364945,1269,284
3.364945,1268,285
3.365063,1269,285
3.365098,1270,285
3.365185,1271,285
3.365210,1271,284
3.365381,1270,285
3.365409,1271,285
3.365546,1272,285
3.365582,1271,286
3.365601,1270,287
3.365614,1269,288
3.365672,1268,289
3.365741,1269,289
3.366159,1268,290
3.366165,1268,289
3.366205,1269,289
3.366244,1268,290
3.366362,1269,290
3.366475,1270,290
3.366579,1271,290
3.366727,1270,291
3.366784,1269,292
3.366861,1268,293
3.367139,1267,294
3.367218,1266,295
3.367551,1265,296
3.367606,1266,296
3.367691,1266,295
3.367698,1267,295
3.368083,1267,294
3.368102,1267,293
3.368149,1267,292
3.368352,1268,292
3.368480,1269,292
3.368568,1270,292
3.368637,1269,293
3.368709,1268,294
3.368751,1269,294
3.368778,1268,295
3.368843,1269,295
3.369009,1268,296
3.369234,1267,297
3.369419,1268,297
3.369473,1267,298
3.369695,1266,299
3.369749,1265,300
3.369764,1264,301
3.369834,1265,301
3.369878,1266,301
3.369947,1265,302
3.369956,1264,303
3.370059,1265,303
3.370099,1265,302
3.370209,1264,303
3.370371,1263,304
3.370403,1264,304
3.370607,1263,305
3.370664,1262,306
3.370738,1263,306
3.370850,1264,306
3.371049,1264,305
3.371122,1263,306
3.371165,1262,307
3.371190,1263,307
3.371246,1264,307
3.371400,1263,308
3.371484,1262,309
3.371665,1261,310
3.372064,1262,310
3.372430,1263,310
3.372484,1264,310
3.372502,1263,311
3.372503,1263,310
3.372663,1264,310
3.372793,1264,309
3.372963,1263,310
3.372979,1264,310
3.373001,1263,311
3.373228,1264,311
3.373307,1265,311
3.373367,1264,312
3.373380,1265,312
3.373410,1265,311
3.373436,1265,310
3.373438,1264,311
3.373587,1263,312
3.373787,1263,311
3.373826,1263,310
3.373865,1262,311
3.374092,1261,312
3.374175,1260,313
3.374294,1259,314
3.374609,1258,315
3.374817,1258,314
3.374855,1257,315
3.374983,1256,316
3.375066,1256,315
3.375194,1257,315
3.375229,1256,316
3.375237,1256,315
3.375387,1257,315
3.375595,1258,315
3.375671,1258,314
3.375702,1258,313
3.375707,1258,312
3.375790,1259,312
3.375821,1258,313
3.376000,1259,313
3.376027,1260,313
3.376141,1260,312
3.376215,1259,313
3.376323,1258,314
3.376404,1259,314
3.376471,1260,314
3.376511,1261,314
3.376617,1260,315
3.376858,1261,315
3.376859,1260,316
3.377032,1261,316
3.377156,1262,316
3.377161,1261,317
3.377193,1261,316
3.377327,1261,315
3.377387,1260,316
3.377520,1259,317
3.377611,1259,316
3.377662,1258,317
3.377732,1257,318
3.377765,1257,317
3.377848,1256,318
3.378120,1255,319
3.378233,1256,319
3.378236,1256,318
3.378697,1256,317
3.378847,1255,318
3.378880,1256,318
3.378971,1255,319
3.379364,1256,319
3.379440,1257,319
3.379577,1258,319
3.379856,1259,319
3.379891,1258,320
3.379990,1257,321
3.380202,1258,321
3.380214,1259,321
3.380440,1260,321
3.380685,1261,321
3.380936,1261,320
3.380950,1260,321
3.380961,1261,321
3.380996,1262,321
3.381070,1263,321
3.381308,1262,322
3.381509,1261,323
3.381571,1260,324
3.381872,1259,325
3.381987,1260,325
3.382287,1261,325
3.382315,1262,325
3.382333,1263,325
3.382472,1264,325
3.382503,1265,325
3.382770,1266,325
3.382821,1265,326
3.382839,1264,327
3.382953,1265,327
3.383084,1266,327
3.383093,1265,328
3.383094,1264,329
3.383180,1265,329
3.383263,1266,329
3.383496,1267,329
3.383499,1266,330
3.383503,1265,331
3.383508,1264,332
3.383522,1265,332
3.383734,1265,331
3.383812,1266,331
3.383838,1265,332
3.384093,1266,332
3.384413,1265,333
3.384726,1266,333
3.384943,1267,333
3.384954,1268,333
3.384969,1267,334
3.384983,1266,335
3.385036,1267,335
3.385066,1268,335
3.385276,1267,336
3.385369,1268,336
3.385416,1269,336
3.385424,1268,337
3.385487,1268,336
3.385490,1269,336
3.385536,1270,336
3.385549,1269,337
3.386077,1269,336
3.386224,1270,336
3.386326,1269,337
3.386344,1269,336
3.386713,1270,336
3.386884,1270,335
3.386934,1271,335
3.387056,1270,336
3.387115,1271,336
3.387199,1272,336
3.387366,1271,337
3.387397,1272,337
3.387426,1271,338
3.387430,1272,338
3.387483,1271,339
3.387659,1272,339
3.387672,1271,340
3.387719,1270,341
3.387809,1269,342
3.387893,1270,342
3.388067,1269,343
3.388103,1268,344
3.388216,1269,344
3.388241,1268,345
3.388255,1267,346
3.388266,1268,346
3.388291,1267,347
3.388381,1266,348
3.388399,1267,348
3.388423,1267,347
3.388431,1268,347
3.388554,1269,347
3.388589,1270,347
3.388649,1271,347
3.388655,1272,347
3.388922,1272,346
3.388960,1271,347
3.388961,1270,348
3.388963,1271,348
3.389111,1270,349
3.389152,1271,349
3.389237,1270,350
3.389267,1269,351
3.389330,1268,352
3.389550,1267,353
3.389771,1266,354
3.389797,1267,354
3.389957,1268,354
3.389968,1268,353
3.390169,1269,353
3.390375,1269,352
3.390429,1270,352
3.390446,1269,353
3.390463,1270,353
3.390793,1269,354
3.390895,1269,353
3.391008,1270,353
3.391055,1271,353
3.391114,1270,354
3.391264,1269,355
3.391283,1270,355
3.391326,1269,356
3.391742,1268,357
3.391795,1268,356
3.391828,1269,356
3.391933,1270,356
3.391958,1269,357
3.391985,1270,357
3.392024,1271,357
3.392085,1272,357
3.392111,1273,357
3.392366,1274,357
3.392747,1273,358
3.392769,1273,357
3.392921,1274,357
3.393093,1273,358
3.393146,1274,358
3.393171,1273,359
3.393207,1273,358
3.393251,1273,357
3.393353,1272,358
3.393384,1273,358
3.393809,1272,359
3.394134,1271,360
3.394272,1271,359
3.394298,1270,360
3.394306,1269,361
3.394334,1268,362
3.394406,1269,362
3.394547,1268,363
3.394761,1267,364
3.395010,1267,363
3.395163,1266,364
3.395230,1267,364
3.395268,1267,363
3.395273,1266,364
3.395280,1267,364
3.395357,1268,364
3.395363,1268,363
3.395372,1269,363
3.395445,1270,363
3.395674,1269,364
3.395845,1268,365
3.395993,1267,366
3.396193,1268,366
3.396525,1267,367
3.396531,1268,367
3.396663,1268,366
3.396782,1269,366
3.396791,1270,366
3.396830,1271,366
3.397011,1270,367
3.397236,1271,367
3.397335,1270,368
3.397385,1270,367
3.397388,1271,367
3.397575,1272,367
3.397681,1273,367
3.397814,1272,368
3.397878,1271,369
3.397961,1272,369
3.398037,1272,368
3.398180,1273,368
3.398197,1272,369
3.398393,1272,368
3.398472,1273,368
3.398508,1274,368
3.398591,1275,368
3.398683,1276,368
3.398798,1275,369
3.398874,1276,369
3.398894,1277,369
3.399034,1277,368
3.399048,1276,369
3.399059,1277,369
3.399228,1278,369
3.399268,1277,370
3.399383,1277,369
3.399502,1276,370
3.399552,1277,370
3.399581,1278,370
3.399681,1279,370
3.399721,1278,371
3.399726,1277,372
3.399906,1278,372
3.399977,1279,372
3.399981,1278,373
3.400004,1279,373
3.400105,1280,373
3.400167,1279,374
3.400198,1280,374
3.400227,1279,375
3.400232,1279,374
3.400489,1280,374
3.400727,1281,374
3.400945,1280,375
3.401033,1279,376
3.401058,1279,375
3.401093,1280,375
3.401398,1281,375
3.401471,1280,376
3.401545,1279,377
3.401808,1278,378
3.401904,1277,379
3.402048,1276,380
3.402065,1277,380
3.402085,1278,380
3.402181,1279,380
3.402262,1279,379
3.402277,1279,378
3.402425,1278,379
3.402514,1277,380
3.402623,1276,381
3.402624,1275,382
3.402989,1276,382
3.403199,1275,383
3.403233,1276,383
3.403575,1276,382
3.403583,1276,381
3.403590,1275,382
3.403599,1274,383
3.403715,1275,383
3.403809,1274,384
3.403948,1273,385
3.404014,1274,385
3.404380,1275,385
3.404413,1274,386
3.404428,1273,387
3.404457,1273,386
3.404493,1273,385
3.404518,1273,384
3.404628,1274,384
3.404668,1275,384
3.404671,1274,385
3.404724,1275,385
3.404735,1274,386
3.404809,1275,386
3.404879,1276,386
3.405098,1275,387
3.405104,1274,388
3.405142,1273,389
3.405328,1272,390
3.405390,1271,391
3.405442,1270,392
3.405551,1270,391
3.405599,1271,391
3.405648,1270,392
3.405923,1269,393
3.406073,1268,394
3.406197,1269,394
3.406299,1268,395
3.406409,1267,396
3.406445,1267,395
3.406468,1266,396
3.406534,1266,395
3.406549,1267,395
3.406569,1267,394
3.406769,1266,395
3.406958,1267,395
3.407257,1266,396
3.407504,1265,397
3.407671,1266,397
3.407678,1265,398
3.407705,1264,399
3.407764,1265,399
3.407789,1266,399
3.407894,1267,399
3.407976,1266,400
3.408024,1265,401
3.408112,1265,400
3.408112,1265,399
3.408144,1266,399
3.408283,1267,399
3.408315,1268,399
3.408396,1269,399
3.408427,1268,400
3.408437,1267,401
3.408500,1268,401
3.408675,1267,402
3.408710,1268,402
3.408716,1267,403
3.408718,1268,403
3.408988,1269,403
3.409146,1268,404
3.409186,1268,403
3.409297,1267,404
3.409304,1268,404
3.409326,1267,405
3.409393,1266,406
3.409403,1265,407
3.409639,1265,406
3.409687,1265,405
3.409757,1264,406
3.409789,1265,406
3.409815,1264,407
3.409823,1263,408
3.409876,1262,409
3.409912,1261,410
3.409978,1260,411
3.410004,1261,411
3.410253,1260,412
3.410297,1260,411
3.410506,1261,411
3.410719,1262,411
3.410783,1261,412
3.410922,1260,413
3.410987,1259,414
3.411039,1258,415
3.411280,1259,415
3.411365,1259,414
3.411374,1258,415
3.411446,1258,414
3.411502,1259,414
3.411541,1258,415
3.411679,1259,415
3.411689,1259,414
3.411695,1258,415
3.411723,1257,416
3.411972,1256,417
3.412220,1255,418
3.412258,1256,418
3.412317,1255,419
3.412333,1254,420
3.412356,1253,421
3.412555,1254,421
3.412612,1255,421
3.412727,1256,421
3.412894,1255,422
3.412973,1254,423
3.413089,1253,424
3.413090,1254,424
3.413118,1253,425
3.413134,1254,425
3.413141,1253,426
3.413185,1252,427
3.413215,1251,428
3.413254,1250,429
3.413295,1249,430
3.413366,1248,431
3.413609,1249,431
3.413691,1248,432
3.413759,1247,433
3.413820,1246,434
3.413842,1245,435
3.413863,1244,436
3.413864,1243,437
3.414165,1243,436
3.414223,1244,436
3.414435,1243,437
3.414529,1244,437
3.414681,1243,438
3.415062,1244,438
3.415115,1243,439
3.415148,1243,438
3.415196,1242,439
3.415266,1243,439
3.415344,1243,438
3.415396,1243,437
3.415469,1242,438
3.415487,1241,439
3.415577,1241,438
3.415644,1242,438
3.415677,1243,438
3.415938,1243,437
3.416046,1244,437
3.416048,1243,438
3.416231,1242,439
3.416351,1241,440
3.416372,1240,441
3.416408,1239,442
3.416604,1240,442
3.416756,1239,443
3.416806,1240,443
3.416950,1239,444
3.416986,1240,444
3.417162,1239,445
3.417295,1240,445
3.417438,1239,446
3.417508,1240,446
3.417682,1241,446
3.417734,1241,445
3.417817,1242,445
3.417881,1241,446
3.417898,1240,447
3.418102,1239,448
3.418189,1238,449
3.418288,1237,450
3.418417,1238,450
3.418425,1239,450
3.418425,1239,449
3.418655,1239,448
3.418689,1239,447
3.418792,1240,447
3.418884,1239,448
3.418888,1238,449
3.418889,1238,448
3.418941,1237,449
3.418988,1236,450
3.419363,1237,450
3.419463,1236,451
3.419483,1237,451
3.419525,1236,452
3.419528,1236,451
3.419624,1236,450
3.419662,1235,451
3.419717,1234,452
3.419749,1235,452
3.419771,1235,451
3.419859,1235,450
3.419976,1234,451
3.419989,1233,452
3.420018,1234,452
3.420045,1234,451
3.420048,1235,451
3.420109,1235,450
3.420320,1234,451
3.420428,1233,452
3.420602,1232,453
3.420729,1233,453
3.420786,1234,453
3.420808,1233,454
3.420828,1234,454
3.420839,1235,454
3.420890,1235,453
3.421028,1234,454
3.421095,1233,455
3.421127,1234,455
3.421195,1233,456
3.421250,1232,457
3.421293,1232,456
3.421327,1231,457
3.421396,1230,458
3.421520,1229,459
3.421597,1229,458
3.421621,1228,459
3.421679,1227,460
3.421684,1228,460
3.421747,1228,459
3.421761,1227,460
3.421774,1228,460
3.421819,1227,461
3.421855,1226,462
3.422130,1225,463
3.422165,1226,463
3.422291,1226,462
3.422361,1225,463
3.422372,1225,462
3.422424,1226,462
3.422544,1227,462
3.422644,1226,463
3.422750,1227,463
3.422843,1227,462
3.422869,1228,462
3.422955,1228,461
3.423084,1229,461
3.423123,1229,460
3.423154,1228,461
3.423189,1227,462
3.423208,1227,461
3.423243,1227,460
3.423272,1227,459
3.423281,1228,459
3.423354,1227,460
3.423562,1227,459
3.423673,1226,460
3.423721,1225,461
3.423798,1226,461
3.423905,1225,462
3.424074,1224,463
3.424258,1225,463
3.424424,1224,464
3.424640,1223,465
3.424664,1224,465
3.424759,1225,465
3.424828,1224,466
3.424964,1225,466
3.424995,1224,467
3.424997,1225,467
3.425053,1225,466
3.425114,1226,466
3.425153,1226,465
3.425166,1227,465
3.425190,1227,464
3.425217,1226,465
3.425240,1227,465
3.425328,1226,466
3.425346,1225,467
3.425367,1226,467
3.425460,1225,468
3.425559,1224,469
3.425565,1224,468
3.425607,1223,469
3.425628,1222,470
3.425686,1223,470
3.425941,1224,470
3.425983,1225,470
3.426417,1224,471
3.426683,1223,472
3.426731,1222,473
3.426787,1222,472
3.426803,1221,473
3.426849,1221,472
3.427017,1220,473
3.427086,1221,473
3.427116,1220,474
3.427165,1219,475
3.427173,1218,476
3.427248,1217,477
3.427517,1218,477
3.427681,1219,477
3.427683,1220,477
3.427687,1220,476
3.427737,1220,475
3.427976,1221,475
3.427977,1222,475
3.428260,1222,474
3.428477,1222,473
3.428553,1221,474
3.428653,1220,475
3.428717,1221,475
3.428801,1220,476
3.428933,1219,477
3.429424,1220,477
3.429547,1221,477
3.429730,1222,477
3.429746,1223,477
3.429893,1222,478
3.429962,1222,477
3.430004,1223,477
3.430033,1224,477
3.430042,1223,478
3.430156,1222,479
3.430289,1221,480
3.430320,1220,481
3.430329,1219,482
3.430375,1220,482
3.430395,1219,483
3.430477,1220,483
3.430684,1221,483
3.430748,1221,482
3.430756,1220,483
3.430819,1220,482
3.430908,1220,481
3.431058,1219,482
3.431271,1220,482
3.431558,1221,482
3.431619,1220,483
3.431648,1220,482
3.431829,1220,481
3.431873,1219,482
3.431899,1219,481
3.432006,1220,481
3.432018,1220,480
3.432041,1219,481
3.432088,1218,482
3.432145,1218,481
3.432178,1219,481
3.432201,1220,481
3.432296,1219,482
3.432345,1218,483
3.432411,1217,484
3.432652,1218,484
3.432739,1218,483
3.432791,1219,483
3.432888,1220,483
3.433069,1221,483
3.433087,1220,484
3.433199,1221,484
3.433207,1220,485
3.433248,1221,485
3.433613,1222,485
3.433844,1221,486
3.434203,1221,485
3.434248,1222,485
3.434335,1223,485
3.434354,1222,486
3.434508,1223,486
3.434785,1222,487
3.435085,1223,487
3.435105,1222,488
3.435224,1221,489
3.435262,1222,489
3.435697,1223,489
3.435736,1224,489
3.435770,1223,490
3.435869,1222,491
3.435964,1221,492
3.436061,1221,491
3.436266,1220,492
3.436328,1219,493
3.436580,1219,492
3.436692,1219,491
3.436910,1219,490
3.436951,1219,489
3.437097,1218,490
3.437218,1219,490
3.437636,1220,490
3.437810,1221,490
3.437821,1222,490
3.437839,1222,489
3.437986,1222,488
3.437994,1221,489
3.438001,1220,490
3.438014,1220,489
3.438020,1219,490
3.438124,1218,491
3.438257,1217,492
3.438279,1218,492
3.438330,1217,493
3.438695,1216,494
3.438824,1215,495
3.438830,1215,494
3.438869,1214,495
3.438874,1213,496
3.438952,1212,497
3.439072,1213,497
3.439152,1212,498
3.439227,1211,499
3.439432,1210,500
3.439449,1209,501
3.439527,1209,500
3.439667,1210,500
3.440022,1211,500
3.440372,1212,500
3.440458,1213,500
3.440535,1214,500
3.440621,1213,501
3.440726,1213,500
3.440776,1212,501
3.440844,1213,501
3.440935,1212,502
3.441020,1213,502
3.441046,1212,503
3.441076,1211,504
3.441120,1210,505
3.441174,1210,504
3.441240,1211,504
3.441338,1211,503
3.441383,1210,504
3.441413,1210,503
3.441575,1209,504
3.441648,1209,503
3.441814,1208,504
3.441832,1207,505
3.441881,1208,505
3.441910,1209,505
3.442051,1208,506
3.442051,1208,505
3.442216,1209,505
3.442271,1209,504
3.442395,1209,503
3.442490,1208,504
3.442500,1207,505
3.442560,1206,506
3.442604,1205,507
3.442619,1206,507
3.442745,1207,507
3.442808,1206,508
3.442898,1206,507
3.442899,1206,506
3.442933,1205,507
3.442956,1204,508
3.443195,1204,507
3.443240,1203,508
3.443251,1202,509
3.443276,1201,510
3.443311,1201,509
3.443375,1201,508
3.443510,1201,507
3.443805,1200,508
3.443966,1199,509
3.444100,1198,510
3.444127,1199,510
3.444192,1200,510
3.444376,1199,511
3.444563,1199,510
3.444679,1200,510
3.444684,1200,509
3.444712,1199,510
3.444777,1198,511
3.445185,1199,511
3.445191,1198,512
3.445292,1198,511
3.445375,1199,511
3.445455,1199,510
3.445532,1198,511
3.445582,1197,512
3.445685,1198,512
3.445846,1199,512
3.445863,1199,511
3.446111,1199,510
3.446250,1199,509
3.446256,1199,508
3.446309,1198,509
3.446386,1197,510
3.446438,1197,509
3.446450,1198,509
3.446512,1198,508
3.446870,1199,508
3.446910,1198,509
3.446921,1197,510
3.447035,1196,511
3.447072,1195,512
3.447136,1196,512
3.447333,1196,511
3.447392,1197,511
3.447476,1197,510
3.447566,1196,511
3.447721,1195,512
3.447741,1194,513
3.447888,1194,512
3.447889,1193,513
3.447914,1194,513
3.447953,1195,513
3.448003,1194,514
3.448405,1193,515
3.448480,1192,516
3.448517,1191,517
3.448537,1190,518
3.448612,1191,518
3.448663,1190,519
3.448721,1189,520
3.448744,1189,519
3.448835,1190,519
3.449013,1189,520
3.449028,1188,521
3.449104,1187,522
3.449167,1188,522
3.449199,1188,521
3.449265,1187,522
3.449331,1186,523
3.449415,1185,524
3.449435,1184,525
3.449470,1184,524
3.449562,1184,523
3.449664,1185,523
3.449903,1186,523
3.449975,1185,524
3.450087,1184,525
3.450125,1184,524
3.450419,1183,525
3.450472,1182,526
3.450759,1182,525
3.450774,1182,524
3.450793,1181,525
3.451105,1182,525
3.451171,1181,526
3.451197,1182,526
3.451363,1181,527
3.451386,1181,526
3.451397,1182,526
3.451427,1182,525
3.451446,1181,526
3.451641,1182,526
3.451643,1181,527
3.451663,1181,526
3.451680,1180,527
3.451817,1179,528
3.451821,1178,529
3.451840,1177,530
3.451933,1176,531
3.451952,1176,530
3.452068,1177,530
3.452111,1177,529
3.452221,1176,530
3.452349,1175,531
3.452373,1174,532
3.452410,1173,533
3.452574,1172,534
3.452700,1171,535
3.452850,1171,534
3.452906,1170,535
3.452921,1169,536
3.453043,1169,535
3.453125,1170,535
3.453283,1169,536
3.453314,1169,535
3.453438,1169,534
3.453541,1168,535
3.453650,1167,536
3.453660,1166,537
3.453801,1167,537
3.453894,1166,538
3.453902,1165,539
3.454141,1165,538
3.454261,1165,537
3.454545,1166,537
3.454700,1165,538
3.454704,1164,539
3.454887,1163,540
3.454929,1162,541
3.454960,1162,540
3.455041,1161,541
3.455062,1162,541
3.455084,1161,542
3.455168,1160,543
3.455277,1160,542
3.455389,1160,541
3.455589,1159,542
3.455682,1158,543
3.455683,1157,544
3.455855,1156,545
3.455876,1155,546
3.455891,1154,547
3.455998,1153,548
3.456016,1152,549
3.456045,1152,548
3.456080,1151,549
3.456219,1152,549
3.456293,1153,549
3.456409,1154,549
3.456462,1153,550
3.456577,1152,551
3.456583,1151,552
3.456663,1150,553
3.456674,1150,552
3.456691,1150,551
3.456769,1151,551
3.456793,1150,552
3.456814,1151,552
3.456820,1152,552
3.457001,1151,553
3.457029,1151,552
3.457096,1152,552
3.457147,1151,553
3.457156,1150,554
3.457177,1151,554
3.457363,1152,554
3.457379,1151,555
3.457382,1151,554
3.457414,1150,555
3.457554,1149,556
3.457877,1148,557
3.457897,1149,557
3.457901,1148,558
3.458034,1149,558
3.458037,1150,558
3.458200,1149,559
3.458232,1148,560
3.458343,1149,560
3.458404,1148,561
3.458507,1147,562
3.458555,1146,563
3.458577,1145,564
3.458676,1144,565
3.458752,1143,566
3.458852,1144,566
3.458961,1144,565
3.459134,1143,566
3.459252,1142,567
3.459266,1141,568
3.459274,1141,567
3.459279,1140,568
3.459471,1141,568
3.459698,1142,568
3.459755,1141,569
3.460200,1140,570
3.460300,1141,570
3.460434,1140,571
3.460520,1141,571
3.460602,1141,570
3.460650,1140,571
3.460848,1139,572
3.460977,1140,572
3.460982,1141,572
3.461014,1140,573
3.461107,1139,574
3.461113,1140,574
3.461126,1141,574
3.461127,1141,573
3.461225,1140,574
3.461253,1139,575
3.461280,1140,575
3.461354,1139,576
3.461423,1139,575
3.461592,1138,576
3.461599,1139,576
3.461672,1138,577
3.461962,1139,577
3.461981,1138,578
3.462024,1137,579
3.462054,1136,580
3.462236,1135,581
3.462479,1136,581
3.462484,1135,582
3.462524,1134,583
3.462836,1135,583
3.462859,1136,583
3.462879,1135,584
3.463002,1134,585
3.463024,1134,584
3.463041,1135,584
3.463231,1135,583
3.463335,1135,582
3.463377,1134,583
3.463451,1134,582
3.463459,1133,583
3.463538,1132,584
3.463561,1132,583
3.463563,1131,584
3.463619,1132,584
3.463809,1132,583
3.463918,1131,584
3.463923,1130,585
3.463989,1131,585
3.464026,1130,586
3.464193,1131,586
3.464301,1131,585
3.464411,1132,585
3.464514,1131,586
3.464649,1131,585
3.464679,1130,586
3.464731,1131,586
3.464882,1130,587
3.464896,1131,587
3.464924,1131,586
3.464970,1130,587
3.464974,1129,588
3.465029,1130,588
3.465041,1129,589
3.465075,1130,589
3.465114,1129,590
3.465196,1128,591
3.465244,1127,592
3.465292,1126,593
3.465371,1125,594
3.465435,1126,594
3.465541,1126,593
3.465601,1125,594
3.465713,1124,595
3.465721,1125,595
3.465828,1124,596
3.466049,1123,597
3.466103,1122,598
3.466199,1121,599
3.466241,1120,600
3.466252,1119,601
3.466291,1120,601
3.466337,1120,600
3.466362,1119,601
3.466430,1118,602
3.466435,1118,601
3.466517,1119,601
3.466528,1118,602
3.466594,1117,603
3.466595,1116,604
3.466626,1115,605
3.466656,1114,606
3.466684,1113,607
3.466762,1113,606
3.466834,1114,606
3.466856,1113,607
3.466961,1112,608
3.466962,1112,607
3.466971,1112,606
3.467031,1112,605
3.467129,1112,604
3.467174,1112,603
3.467177,1111,604
3.467189,1111,603
3.467196,1110,604
3.467209,1111,604
3.467218,1110,605
3.467332,1110,604
3.467449,1111,604
3.467492,1111,603
3.467495,1110,604
3.467532,1111,604
3.467538,1110,605
3.467608,1111,605
3.467613,1112,605
3.467655,1113,605
3.467716,1113,604
3.467781,1112,605
3.467833,1113,605
3.467895,1112,606
3.468062,1111,607
3.468106,1112,607
3.468290,1111,608
3.468360,1112,608
3.468393,1112,607
3.468393,1113,607
3.468515,1112,608
3.468528,1111,609
3.468588,1110,610
3.468754,1109,611
3.468852,1110,611
3.468876,1109,612
3.468959,1108,613
3.468963,1108,612
3.468963,1107,613
3.469037,1106,614
3.469052,1106,613
3.469089,1105,614
3.469138,1104,615
3.469199,1104,614
3.469244,1105,614
3.469306,1104,615
3.469506,1103,616
3.469593,1103,615
3.469635,1102,616
3.469676,1102,615
3.469721,1103,615
3.469725,1102,616
3.469878,1103,616
3.469974,1102,617
3.470025,1101,618
3.470146,1101,617
3.470221,1100,618
3.470344,1100,617
3.470389,1099,618
3.470432,1098,619
3.470754,1097,620
3.470809,1096,621
3.470813,1095,622
3.470973,1095,621
3.471011,1094,622
3.471052,1093,623
3.471381,1094,623
3.471507,1093,624
3.471525,1092,625
3.471547,1093,625
3.471590,1093,624
3.471709,1094,624
3.471716,1093,625
3.471743,1092,626
3.471773,1092,625
3.471774,1091,626
3.471869,1091,625
3.471914,1092,625
3.472048,1093,625
3.472093,1092,626
3.472151,1093,626
3.472285,1093,625
3.472393,1093,624
3.472408,1093,623
3.472543,1093,622
3.472575,1092,623
3.472581,1093,623
3.472638,1092,624
3.472746,1091,625
3.472813,1092,625
3.472824,1092,624
3.472827,1093,624
3.473056,1093,623
3.473120,1093,622
3.473157,1094,622
3.473228,1093,623
3.473238,1094,623
3.473279,1095,623
3.473336,1096,623
3.473397,1095,624
3.473481,1095,623
3.473600,1094,624
3.473666,1093,625
3.473700,1092,626
3.473757,1091,627
3.473881,1090,628
3.473902,1089,629
3.474013,1089,628
3.474196,1088,629
3.474215,1088,628
3.474299,1088,627
3.474301,1087,628
3.474325,1087,627
3.474381,1086,628
3.474412,1085,629
3.474429,1085,628
3.474451,1084,629
3.474609,1083,630
3.474642,1082,631
3.474678,1081,632
3.474747,1080,633
3.474799,1080,632
3.474831,1079,633
3.474841,1080,633
3.474871,1079,634
3.474960,1078,635
3.475018,1077,636
3.475026,1076,637
3.475204,1076,636
3.475306,1075,637
3.475330,1076,637
3.475443,1075,638
3.475629,1074,639
3.475742,1073,640
3.475753,1074,640
3.475803,1073,641
3.475964,1072,642
3.475994,1071,643
3.476008,1070,644
3.476060,1069,645
3.476104,1068,646
3.476124,1067,647
3.476232,1067,646
3.476424,1066,647
3.476530,1065,648
3.476617,1064,649
3.476628,1065,649
3.476694,1064,650
3.476778,1065,650
3.476884,1066,650
3.476902,1067,650
3.476905,1067,649
3.476933,1066,650
3.476953,1066,649
3.476954,1066,648
3.476990,1065,649
3.477190,1065,648
3.477304,1065,647
3.477340,1064,648
3.477347,1063,649
3.477420,1062,650
3.477528,1062,649
3.477597,1061,650
3.477698,1060,651
3.477725,1060,650
3.477740,1060,649
3.477806,1061,649
3.477878,1061,648
3.478009,1062,648
3.478060,1061,649
3.478099,1060,650
3.478128,1059,651
3.478230,1058,652
3.478371,1057,653
3.478537,1056,654
3.478581,1056,653
3.478617,1056,652
3.478683,1056,651
3.478742,1057,651
3.479062,1057,650
3.479067,1058,650
3.479093,1057,651
3.479182,1056,652
3.479373,1055,653
3.479630,1055,652
3.479711,1054,653
3.479741,1055,653
3.479806,1055,652
3.479845,1054,653
3.479912,1054,652
3.479940,1053,653
3.479948,1054,653
3.480053,1053,654
3.480137,1054,654
3.480185,1053,655
3.480398,1054,655
3.480415,1055,655
3.480479,1056,655
3.480483,1056,654
3.480849,1055,655
3.480896,1054,656
3.480943,1053,657
3.481022,1054,657
3.481056,1055,657
3.481111,1054,658
3.481116,1053,659
3.481187,1052,660
3.481273,1051,661
3.481384,1052,661
3.481449,1053,661
3.481600,1052,662
3.481604,1051,663
3.481610,1050,664
3.481731,1049,665
3.481798,1048,666
3.481831,1048,665
3.481851,1048,664
3.481918,1047,665
3.482124,1046,666
3.482189,1045,667
3.482260,1044,668
3.482261,1043,669
3.482323,1042,670
3.482332,1041,671
3.482350,1040,672
3.482384,1039,673
3.482463,1039,672
3.482497,1038,673
3.482559,1038,672
3.482566,1039,672
3.482605,1040,672
3.482608,1039,673
3.482747,1040,673
3.482791,1039,674
3.482884,1038,675
3.482889,1037,676
3.482890,1036,677
3.482892,1035,678
3.483035,1034,679
3.483059,1033,680
3.483079,1033,679
3.483179,1032,680
3.483271,1031,681
3.483312,1030,682
3.483349,1031,682
3.483362,1032,682
3.483459,1032,681
3.483490,1033,681
3.483625,1033,680
3.483675,1032,681
3.483751,1031,682
3.483883,1031,681
3.483889,1030,682
3.483906,1029,683
3.484057,1029,682
3.484122,1029,681
3.484132,1029,680
3.484192,1029,679
3.484464,1029,678
3.484481,1029,677
3.484624,1028,678
3.484671,1029,678
3.484750,1030,678
3.484843,1031,678
3.484847,1030,679
3.484927,1029,680
3.485076,1028,681
3.485208,1027,682
3.485339,1026,683
3.485398,1025,684
3.485565,1024,685
3.485587,1023,686
3.485613,1024,686
3.485827,1025,686
3.485910,1024,687
3.485917,1023,688
3.486132,1022,689
3.486173,1021,690
3.486374,1022,690
3.486407,1021,691
3.486602,1020,692
3.486691,1019,693
3.486767,1019,692
3.486772,1018,693
3.486824,1018,692
3.486881,1018,691
3.486910,1017,692
3.487099,1017,691
3.487124,1016,692
3.487712,1015,693
3.487743,1014,694
3.487769,1014,693
3.487785,1015,693
3.487841,1014,694
3.487867,1013,695
3.488011,1014,695
3.488050,1015,695
3.488261,1014,696
3.488269,1013,697
3.488293,1014,697
3.488349,1014,696
3.488362,1014,695
3.488560,1013,696
3.488588,1012,697
3.488600,1011,698
3.488602,1012,698
3.488671,1013,698
3.488699,1012,699
3.488769,1013,699
3.488817,1014,699
3.488837,1013,700
3.488902,1012,701
3.488927,1013,701
3.489180,1013,700
3.489223,1012,701
3.489244,1012,700
3.489276,1013,700
3.489350,1012,701
3.489422,1012,700
3.489451,1011,701
3.489457,1011,700
3.489463,1010,701
3.489466,1009,702
3.489520,1009,701
3.489547,1008,702
3.489642,1008,701
3.489688,1009,701
3.489723,1008,702
3.489765,1008,701
3.489857,1007,702
3.489870,1006,703
3.490022,1007,703
3.490068,1008,703
3.490073,1009,703
3.490362,1010,703
3.490427,1009,704
3.490449,1008,705
3.490621,1007,706
3.490666,1008,706
3.490782,1009,706
3.490897,1009,705
3.490912,1008,706
3.491008,1007,707
3.491276,1008,707
3.491313,1008,706
3.491319,1007,707
3.491416,1008,707
3.491572,1008,706
3.491639,1007,707
3.491677,1006,708
3.491773,1006,707
3.491914,1005,708
3.491936,1004,709
3.491984,1003,710
3.492097,1002,711
3.492186,1001,712
3.492237,1001,711
3.492320,1000,712
3.492324,999,713
3.492512,998,714
3.492614,999,714
3.492634,998,715
3.492715,997,716
3.492870,996,717
3.492923,996,716
3.492972,996,715
3.493017,995,716
3.493039,996,716
3.493057,995,717
3.493116,994,718
3.493186,993,719
3.493231,993,718
3.493240,993,717
3.493485,993,716
3.493560,992,717
3.493691,992,716
3.493806,991,717
3.493810,990,718
3.493822,990,717
3.493835,990,716
3.493867,989,717
3.493883,988,718
3.494120,988,717
3.494211,987,718
3.494439,987,717
3.494439,986,718
3.494496,985,719
3.494503,985,718
3.494524,986,718
3.494571,987,718
3.494590,986,719
3.494769,986,718
3.494782,985,719
3.494802,985,718
3.494885,985,717
3.494933,984,718
3.495019,983,719
3.495028,982,720
3.495036,983,720
3.495166,984,720
3.495222,984,719
3.495303,985,719
3.495425,984,720
3.495487,983,721
3.495542,983,720
3.495609,984,720
3.495767,985,720
3.495778,986,720
3.495815,987,720
3.495858,987,719
3.495944,986,720
3.496026,987,720
3.496074,987,719
3.496119,987,718
3.496412,986,719
3.496414,985,720
3.496442,985,719
3.496524,986,719
3.496553,987,719
3.496567,988,719
3.496632,987,720
3.496675,988,720
3.496722,987,721
3.496955,986,722
3.497102,987,722
3.497107,987,721
3.497139,986,722
3.497176,985,723
3.497180,986,723
3.497227,986,722
3.497315,985,723
3.497374,984,724
3.497814,984,723
3.497887,985,723
3.497917,985,722
3.497975,984,723
3.497978,983,724
3.497981,983,723
3.497995,982,724
3.498076,983,724
3.498123,982,725
3.498239,982,724
3.498307,981,725
3.498307,981,724
3.498391,980,725
3.498427,979,726
3.498608,978,727
3.498678,978,726
3.498692,978,725
3.498841,977,726
3.498884,977,725
3.498942,976,726
3.498974,976,725
3.499039,976,724
3.499231,975,725
3.499260,974,726
3.499323,973,727
3.499448,973,726
3.499504,972,727
3.499530,971,728
3.499547,971,727
3.499752,970,728
3.499838,970,727
3.499852,971,727
3.499931,970,728
3.500012,971,728
3.500018,972,728
3.500166,973,728
3.500236,974,728
3.500302,973,729
3.500421,973,728
3.500550,972,729
3.500689,971,730
3.500708,970,731
3.500832,970,730
3.500926,971,730
3.500979,970,731
3.501010,970,730
3.501082,969,731
3.501112,968,732
3.501168,967,733
3.501183,966,734
3.501184,967,734
3.501185,966,735
3.501235,966,734
3.501257,966,733
3.501437,967,733
3.501458,968,733
3.501477,969,733
3.501903,968,734
3.502089,967,735
3.502520,966,736
3.502547,965,737
3.502570,964,738
3.502640,965,738
3.502640,965,737
3.502724,966,737
3.502726,966,736
3.502916,965,737
3.502945,964,738
3.503114,965,738
3.503196,964,739
3.503352,963,740
3.503504,962,741
3.503615,963,741
3.503637,964,741
3.503676,963,742
3.503730,963,741
3.503774,962,742
3.503870,962,741
3.503912,962,740
3.504014,962,739
3.504072,962,738
3.504176,963,738
3.504211,963,737
3.504342,962,738
3.504373,961,739
3.504413,960,740
3.504667,959,741
3.504690,958,742
3.504693,957,743
3.504722,956,744
3.504865,956,743
3.504941,955,744
3.504980,956,744
3.505004,957,744
3.505171,956,745
3.505384,955,746
3.505474,954,747
3.505565,953,748
3.505611,954,748
3.505625,953,749
3.505757,954,749
3.505780,954,748
3.505828,954,747
3.505890,954,746
3.505923,953,747
3.505950,952,748
3.505991,951,749
3.506169,950,750
3.506178,949,751
3.506309,948,752
3.506339,948,751
3.506387,948,750
3.506401,947,751
3.506466,946,752
3.506509,947,752
3.506738,946,753
3.506922,945,754
3.507019,944,755
3.507060,943,756
3.507139,943,755
3.507418,943,754
3.507463,942,755
3.507609,943,755
3.507752,942,756
3.507762,941,757
3.507814,940,758
3.507831,939,759
3.507901,940,759
3.507909,940,758
3.507911,939,759
3.507932,938,760
3.507982,937,761
3.507985,937,760
3.508031,936,761
3.508102,935,762
3.508121,935,761
3.508146,934,762
3.508224,934,761
3.508368,934,760
3.508609,934,759
3.508634,933,760
3.508729,933,759
3.508796,933,758
3.508881,934,758
3.508893,933,759
3.508938,932,760
3.508993,931,761
3.509221,932,761
3.509282,931,762
3.509292,930,763
3.509471,931,763
3.509560,932,763
3.509631,931,764
3.509636,931,763
3.509819,930,764
3.509839,931,764
3.509840,931,763
3.509926,930,764
3.509994,930,763
3.510065,929,764
3.510130,928,765
3.510306,927,766
3.510371,928,766
3.510408,929,766
3.510587,928,767
3.510596,927,768
3.510619,927,767
3.510628,926,768
3.510632,925,769
3.510700,924,770
3.510700,923,771
3.510701,924,771
3.510807,923,772
3.510813,923,771
3.510928,922,772
3.510983,921,773
3.511013,921,772
3.511023,920,773
3.511162,921,773
3.511446,920,774
3.511627,919,775
3.511650,918,776
3.511789,917,777
3.511801,917,776
3.511843,916,777
3.511969,915,778
3.512102,914,779
3.512131,914,778
3.512311,915,778
3.512447,916,778
3.512449,915,779
3.512519,914,780
3.512535,913,781
3.512605,913,780
3.512684,912,781
3.512743,912,780
3.512760,912,779
3.512904,912,778
3.512938,912,777
3.513061,911,778
3.513110,910,779
3.513120,909,780
3.513152,909,779
3.513276,908,780
3.513445,909,780
3.513557,909,779
3.513562,908,780
3.513617,907,781
3.513663,907,780
3.513698,907,779
3.513713,906,780
3.513843,905,781
3.513861,904,782
3.513967,904,781
3.514060,904,780
3.514111,905,780
3.514190,904,781
3.514249,903,782
3.514337,904,782
3.514356,903,783
3.514394,902,784
3.514475,903,784
3.514483,902,785
3.514752,903,785
3.514898,902,786
3.514900,901,787
3.515183,902,787
3.515220,901,788
3.515330,901,787
3.515577,900,788
3.515751,900,787
3.516032,899,788
3.516049,900,788
3.516064,900,787
3.516100,899,788
3.516192,898,789
3.516316,898,788
3.516321,897,789
3.516351,896,790
3.516353,897,790
3.516607,897,789
3.516777,898,789
3.517003,899,789
3.517041,898,790
3.517055,897,791
3.517147,897,790
3.517258,896,791
3.517282,895,792
3.517369,894,793
3.517409,894,792
3.517427,894,791
3.517461,894,790
3.517482,893,791
3.517638,894,791
3.517695,894,790
3.517709,893,791
3.517764,892,792
3.517772,891,793
3.517817,890,794
3.517839,890,793
3.517852,890,792
3.518027,890,791
3.518037,889,792
3.518204,889,791
3.518246,889,790
3.518281,888,791
3.518336,887,792
3.518433,887,791
3.518554,886,792
3.518570,885,793
3.518583,885,792
3.518592,884,793
3.518683,885,793
3.518729,885,792
3.519016,884,793
3.519032,883,794
3.519363,882,795
3.519592,882,794
3.519683,881,795
3.519842,881,794
3.519848,880,795
3.519885,879,796
3.519998,879,795
3.520048,878,796
3.520209,879,796
3.520298,878,797
3.520300,879,797
3.520344,879,796
3.520362,879,795
3.520526,879,794
3.520547,879,793
3.520587,879,792
3.520643,878,793
3.520749,877,794
3.520750,878,794
3.520759,879,794
3.520768,878,795
3.521011,878,794
3.521031,877,795
3.521048,876,796
3.521064,875,797
3.521064,875,796
3.521276,875,795
3.521286,874,796
3.521345,874,795
3.521347,873,796
3.521448,874,796
3.521560,873,797
3.521676,873,796
3.521701,872,797
3.521820,871,798
3.521823,870,799
3.522063,869,800
3.522281,868,801
3.522331,868,800
3.522372,868,799
3.522407,869,799
3.522436,869,798
3.522473,869,797
3.522506,869,796
3.522553,868,797
3.522568,869,797
3.522584,868,798
3.522607,867,799
3.522823,866,800
3.522894,865,801
3.523034,864,802
3.523125,865,802
3.523152,865,801
3.523320,865,800
3.523339,865,799
3.523508,864,800
3.523510,865,800
3.523601,865,799
3.523614,865,798
3.523673,865,797
3.523751,865,796
3.523770,865,795
3.523978,864,796
3.524044,863,797
3.524069,864,797
3.524106,865,797
3.524145,865,796
3.524430,864,797
3.524483,864,796
3.524509,864,795
3.524526,863,796
3.524532,862,797
3.524553,861,798
3.524604,861,797
3.524685,860,798
3.524838,859,799
3.524923,858,800
3.525237,857,801
3.525238,858,801
3.525352,857,802
3.525393,857,801
3.525418,856,802
3.525551,856,801
3.525731,857,801
3.525795,856,802
3.525894,855,803
3.525947,855,802
3.525948,855,801
3.526127,854,802
3.526137,854,801
3.526188,854,800
3.526271,854,799
3.526280,855,799
3.526409,856,799
3.526410,856,798
3.526469,855,799
3.526474,856,799
3.526555,855,800
3.526582,854,801
3.526709,854,800
3.526721,853,801
3.526749,852,802
3.526818,853,802
3.526920,854,802
3.527050,855,802
3.527173,854,803
3.527174,853,804
3.527266,852,805
3.527298,851,806
3.527313,851,805
3.527332,850,806
3.527343,849,807
3.527389,848,808
3.527429,847,809
3.527800,846,810
3.527979,845,811
3.528075,845,810
3.528151,845,809
3.528417,846,809
3.528565,847,809
3.528900,846,810
3.528970,847,810
3.528997,846,811
3.529003,846,810
3.529060,845,811
3.529290,844,812
3.529505,843,813
3.529528,843,812
3.529605,842,813
3.529672,843,813
3.529691,842,814
3.529694,842,813
3.529840,841,814
3.529999,840,815
3.530019,839,816
3.530249,838,817
3.530250,837,818
3.530287,837,817
3.530325,836,818
3.530664,835,819
3.530676,835,818
3.530858,834,819
3.530881,835,819
3.530998,835,818
3.531494,835,817
3.531586,834,818
3.531599,835,818
3.531767,835,817
3.531843,834,818
3.532075,833,819
3.532077,833,818
3.532161,833,817
3.532300,832,818
3.532301,833,818
3.532326,834,818
3.532414,833,819
3.532591,832,820
3.532830,831,821
3.532873,830,822
3.532886,831,822
3.532961,831,821
3.533034,832,821
3.533168,832,820
3.533197,831,821
3.533278,832,821
3.533360,833,821
3.533373,834,821
3.533564,834,820
3.533577,833,821
3.533615,832,822
3.533623,831,823
3.533657,830,824
3.533684,829,825
3.534023,830,825
3.534165,831,825
3.534211,830,826
3.534226,829,827
3.534350,829,826
3.534416,829,825
3.534460,828,826
3.534528,827,827
3.534787,826,828
3.534968,825,829
3.535085,824,830
3.535122,825,830
3.535159,825,829
3.535325,825,828
3.535366,825,827
3.535498,825,826
3.535511,825,825
3.535631,825,824
3.535688,826,824
3.535786,826,823
3.535836,825,824
3.536069,824,825
3.536140,823,826
3.536155,823,825
3.536519,822,826
3.536599,823,826
3.536617,822,827
3.536709,822,826
3.536709,822,825
3.536799,821,826
3.536847,821,825
3.536905,821,824
3.536915,820,825
3.536935,819,826
3.536949,818,827
3.537060,819,827
3.537121,818,828
3.537369,818,827
3.537371,818,826
3.537461,817,827
3.537505,818,827
3.537601,817,828
3.537680,816,829
3.537836,815,830
3.537879,815,829
3.537906,814,830
3.537959,813,831
3.538181,812,832
3.538215,811,833
3.538255,811,832
3.538389,810,833
3.538477,810,832
3.538529,810,831
3.538539,811,831
3.538607,811,830
3.538709,810,831
3.538810,810,830
3.538930,811,830
3.539079,810,831
3.539094,809,832
3.539113,810,832
3.539152,809,833
3.539312,808,834
3.539395,808,833
3.539432,807,834
3.539684,806,835
3.539705,806,834
3.539708,806,833
3.539761,805,834
3.539888,806,834
3.539899,807,834
3.539900,807,833
3.539980,807,832
3.540048,806,833
3.540065,805,834
3.540159,804,835
3.540172,803,836
3.540295,802,837
3.540298,802,836
3.540332,801,837
3.540456,800,838
3.540457,799,839
3.540593,798,840
3.540730,799,840
3.540744,798,841
3.540817,797,842
3.540835,796,843
3.540851,797,843
3.541025,796,844
3.541124,796,843
3.541138,797,843
3.541160,797,842
3.541279,798,842
3.541314,798,841
3.541376,798,840
3.541423,797,841
3.541470,797,840
3.541472,798,840
3.541548,798,839
3.541711,798,838
3.541738,799,838
3.541823,798,839
3.541928,797,840
3.541976,796,841
3.542230,795,842
3.542309,796,842
3.542359,795,843
3.542359,796,843
3.542476,797,843
3.542515,797,842
3.542675,796,843
3.542762,797,843
3.542972,796,844
3.542976,795,845
3.543015,796,845
3.543150,796,844
3.543156,796,843
3.543161,796,842
3.543167,795,843
3.543182,794,844
3.543240,793,845
3.543319,793,844
3.543939,794,844
3.544084,794,843
3.544105,793,844
3.544144,792,845
3.544147,793,845
3.544258,793,844
3.544318,794,844
3.544321,793,845
3.544615,793,844
3.544674,792,845
3.544754,791,846
3.544762,791,845
3.544772,791,844
3.544825,791,843
3.545052,791,842
3.545052,790,843
3.545074,789,844
3.545175,788,845
3.545176,788,844
3.545237,787,845
3.545315,787,844
3.545352,787,843
3.545381,788,843
3.545536,787,844
3.545609,786,845
3.545621,785,846
3.545689,784,847
3.545754,784,846
3.545780,784,845
3.545788,783,846
3.545839,782,847
3.545887,782,846
3.545887,781,847
3.545914,781,846
3.545930,780,847
3.545953,779,848
3.546189,780,848
3.546345,779,849
3.546667,779,848
3.546739,780,848
3.546771,780,847
3.546966,779,848
3.547026,779,847
3.547101,778,848
3.547138,777,849
3.547224,776,850
3.547227,775,851
3.547274,774,852
3.547302,773,853
3.547304,772,854
3.547463,772,853
3.547661,772,852
3.547699,772,851
3.547770,771,852
3.547849,771,851
3.548026,771,850
3.548066,770,851
3.548070,769,852
3.548081,769,851
3.548100,769,850
3.548108,768,851
3.548228,767,852
3.548266,766,853
3.548296,767,853
3.548305,766,854
3.548428,766,853
3.548438,766,852
3.548445,766,851
3.548452,766,850
3.548617,765,851
3.548658,764,852
3.548723,764,851
3.548854,764,850
3.548875,764,849
3.548879,764,848
3.548910,763,849
3.548917,762,850
3.548936,762,849
3.548961,761,850
3.548995,761,849
3.549214,760,850
3.549234,760,849
3.549431,759,850
3.549432,759,849
3.549462,760,849
3.549544,760,848
3.549563,759,849
3.549597,758,850
3.549789,758,849
3.549816,757,850
3.549955,758,850
3.549965,758,849
3.549971,757,850
3.550058,756,851
3.550086,755,852
3.550181,754,853
3.550200,753,854
3.550262,752,855
3.550268,751,856
3.550290,751,855
3.550367,751,854
3.550479,750,855
3.550564,751,855
3.550583,751,854
3.550683,751,853
3.550737,750,854
3.550768,750,853
3.550841,749,854
3.550847,748,855
3.550860,747,856
3.550866,746,857
3.551014,745,858
3.551046,746,858
3.551150,745,859
3.551291,745,858
3.551354,745,857
3.551364,746,857
3.551376,746,856
3.551486,745,857
3.551610,745,856
3.551705,746,856
3.551727,745,857
3.552035,744,858
3.552065,745,858
3.552068,744,859
3.552091,743,860
3.552112,742,861
3.552386,742,860
3.552468,741,861
3.552468,740,862
3.552695,740,861
3.552731,741,861
3.552801,741,860
3.552825,740,861
3.552842,739,862
3.552939,738,863
3.552957,738,862
3.552968,738,861
3.553004,737,862
3.553072,736,863
3.553095,735,864
3.553131,734,865
3.553197,733,866
3.553219,733,865
3.553236,733,864
3.553320,733,863
3.553335,733,862
3.553428,732,863
3.553470,731,864
3.553495,730,865
3.553530,730,864
3.553531,729,865
3.553633,728,866
3.553651,727,867
3.553784,727,866
3.553873,727,865
3.554002,726,866
3.554036,726,865
3.554092,725,866
3.554167,726,866
3.554202,725,867
3.554212,724,868
3.554243,723,869
3.554259,722,870
3.554266,722,869
3.554319,722,868
3.554430,721,869
3.554466,720,870
3.554500,719,871
3.554556,720,871
3.554634,721,871
3.554696,721,870
3.554702,720,871
3.554777,719,872
3.554797,718,873
3.554971,717,874
3.555036,718,874
3.555073,718,873
3.555184,718,872
3.555257,718,871
3.555262,717,872
3.555352,716,873
3.555383,715,874
3.555763,715,873
3.555906,714,874
3.555921,713,875
3.556028,713,874
3.556037,712,875
3.556048,711,876
3.556187,711,875
3.556238,710,876
3.556354,709,877
3.556682,708,878
3.556826,709,878
3.556943,708,879
3.556947,708,878
3.557111,708,877
3.557291,707,878
3.557345,707,877
3.557568,707,876
3.557570,706,877
3.557651,707,877
3.557680,706,878
3.557694,706,877
3.557746,707,877
3.557750,708,877
3.557791,709,877
3.557853,710,877
3.558010,711,877
3.558085,711,876
3.558086,711,875
3.558106,710,876
3.558112,710,875
3.558130,709,876
3.558318,708,877
3.558538,709,877
3.558578,708,878
3.558711,708,877
3.558713,707,878
3.558756,707,877
3.558804,706,878
3.558836,706,877
3.558938,707,877
3.558989,707,876
3.559038,706,877
3.559057,706,876
3.559208,705,877
3.559285,704,878
3.559286,703,879
3.559320,702,880
3.559342,701,881
3.559481,700,882
3.559482,699,883
3.559566,698,884
3.559693,699,884
3.559705,699,883
3.559769,700,883
3.559896,700,882
3.559950,699,883
3.560000,698,884
3.560009,699,884
3.560055,698,885
3.560085,699,885
3.560086,698,886
3.560291,697,887
3.560298,696,888
3.560353,695,889
3.560488,694,890
3.560494,694,889
3.560560,693,890
3.560589,692,891
3.560606,691,892
3.560665,692,892
3.560675,692,891
3.561038,692,890
3.561085,693,890
3.561143,693,889
3.561215,692,890
3.561287,693,890
3.561420,692,891
3.561464,693,891
3.561532,694,891
3.561713,694,890
3.561796,694,889
3.561889,695,889
3.561965,696,889
3.562037,695,890
3.562129,696,890
3.562220,695,891
3.562374,695,890
3.562389,696,890
3.562563,696,889
3.562599,695,890
3.562605,694,891
3.562696,694,890
3.562758,695,890
3.562823,694,891
3.562855,693,892
3.562855,693,891
3.562927,693,890
3.563027,693,889
3.563030,694,889
3.563093,693,890
3.563154,692,891
3.563347,692,890
3.563365,691,891
3.563416,690,892
3.563586,690,891
3.563620,690,890
3.563670,691,890
3.563679,690,891
3.563837,691,891
3.563877,691,890
3.563953,692,890
3.564009,691,891
3.564071,691,890
3.564142,691,889
3.564256,690,890
3.564268,691,890
3.564453,691,889
3.564557,691,888
3.564573,691,887
3.564909,690,888
3.564979,689,889
3.565005,688,890
3.565102,688,889
3.565445,687,890
3.565477,686,891
3.565571,686,890
3.565596,687,890
3.565655,686,891
3.565804,685,892
3.565853,685,891
3.565870,684,892
3.565981,683,893
3.566029,684,893
3.566184,684,892
3.566230,684,891
3.566251,684,890
3.566301,683,891
3.566320,682,892
3.566431,681,893
3.566480,680,894
3.566533,680,893
3.566623,679,894
3.566745,680,894
3.566754,680,893
3.566808,680,892
3.566977,680,891
3.566991,680,890
3.567107,680,889
3.567332,680,888
3.567365,679,889
3.567378,678,890
3.567425,678,889
3.567432,677,890
3.567733,676,891
3.567822,675,892
3.567861,675,891
3.567896,674,892
3.568000,674,891
3.568172,674,890
3.568210,675,890
3.568246,675,889
3.568366,674,890
3.568371,673,891
3.568422,673,890
3.568455,674,890
3.568472,675,890
3.568501,674,891
3.568520,673,892
3.568556,672,893
3.568657,671,894
3.568732,672,894
3.568735,673,894
3.568923,673,893
3.569311,673,892
3.569348,672,893
3.569426,672,892
3.569446,671,893
3.569689,671,892
3.569707,670,893
3.569726,670,892
3.569733,669,893
3.569964,669,892
3.570006,668,893
3.570169,667,894
3.570196,666,895
3.570223,665,896
3.570257,664,897
3.570271,664,896
3.570289,664,895
3.570495,664,894
3.570572,664,893
3.570655,663,894
3.570684,662,895
3.570720,662,894
3.570873,661,895
3.570940,660,896
3.571017,661,896
3.571096,660,897
3.571107,660,896
3.571123,660,895
3.571143,660,894
3.571160,660,893
3.571249,660,892
3.571375,660,891
3.571485,660,890
3.571506,661,890
3.571642,660,891
3.571648,659,892
3.571801,658,893
3.571949,658,892
3.572037,658,891
3.572160,659,891
3.572215,659,890
3.572240,658,891
3.572532,657,892
3.572561,656,893
3.572601,655,894
3.572794,655,893
3.572942,656,893
3.572983,656,892
3.573147,656,891
3.573226,655,892
3.573327,655,891
3.573553,654,892
3.573570,654,891
3.573581,653,892
3.573643,653,891
3.573678,653,890
3.573712,652,891
3.573785,652,890
3.573788,653,890
3.573799,652,891
3.573866,652,890
3.573891,652,889
3.573995,652,888
3.574263,653,888
3.574298,652,889
3.574418,651,890
3.574484,650,891
3.574526,649,892
3.574590,649,891
3.574615,649,890
3.574746,648,891
3.574786,648,890
3.574881,649,890
3.574917,648,891
3.575124,647,892
3.575538,646,893
3.575602,645,894
3.575802,644,895
3.575842,643,896
3.575871,643,895
3.576246,642,896
3.576264,641,897
3.576327,641,896
3.576382,640,897
3.576388,640,896
3.576604,640,895
3.576607,640,894
3.576678,640,893
3.576860,640,892
3.576959,641,892
3.577113,641,891
3.577137,641,890
3.577150,642,890
3.577202,643,890
3.577211,642,891
3.577369,641,892
3.577474,641,891
3.577510,640,892
3.577643,639,893
3.577676,638,894
3.577753,639,894
3.577916,640,894
3.577942,640,893
3.578072,640,892
3.578109,640,891
3.578116,639,892
3.578281,638,893
3.578295,638,892
3.578459,638,891
3.578515,638,890
3.578709,639,890
3.578734,640,890
3.578805,640,889
3.578839,640,888
3.578900,639,889
3.578903,639,888
3.578916,638,889
3.578956,638,888
3.579010,639,888
3.579179,638,889
3.579388,637,890
3.579515,637,889
3.579644,636,890
3.579697,635,891
3.579719,634,892
3.579731,634,891
3.579803,634,890
3.579908,633,891
3.579921,632,892
3.580008,631,893
3.580028,631,892
3.580091,631,891
3.580096,632,891
3.580119,631,892
3.580143,631,891
3.580261,630,892
3.580317,631,892
3.580361,631,891
3.580362,631,890
3.580527,630,891
3.580574,629,892
3.580655,630,892
3.580662,629,893
3.580818,630,893
3.580844,630,892
3.580877,629,893
3.580878,629,892
3.580909,628,893
3.580946,628,892
3.581021,628,891
3.581265,627,892
3.581400,627,891
3.581461,627,890
3.581647,626,891
3.581714,625,892
3.581818,624,893
3.581829,623,894
3.581847,624,894
3.581936,623,895
3.581937,624,895
3.581952,623,896
3.581967,622,897
3.582006,621,898
3.582012,620,899
3.582043,621,899
3.582063,621,898
3.582298,620,899
3.582329,620,898
3.582443,621,898
3.582519,620,899
3.582525,620,898
3.582542,619,899
3.582659,620,899
3.582680,620,898
3.582733,620,897
3.582746,620,896
3.582757,620,895
3.582838,619,896
3.582951,620,896
3.582956,619,897
3.582957,619,896
3.582960,619,895
3.583056,619,894
3.583081,619,893
3.583130,618,894
3.583169,617,895
3.583244,617,894
3.583284,616,895
3.583355,617,895
3.583390,618,895
3.583484,617,896
3.583521,616,897
3.583548,616,896
3.583632,615,897
3.583680,615,896
3.583717,616,896
3.583856,616,895
3.583864,615,896
3.584052,616,896
3.584133,615,897
3.584169,616,897
3.584171,616,896
3.584266,616,895
3.584299,616,894
3.584391,616,893
3.584476,615,894
3.584585,615,893
3.584666,614,894
3.584811,613,895
3.584998,613,894
3.585031,613,893
3.585060,612,894
3.585498,611,895
3.585501,611,894
3.585516,610,895
3.585632,609,896
3.585653,608,897
3.585793,609,897
3.585883,609,896
3.585977,608,897
3.586048,609,897
3.586167,609,896
3.586245,608,897
3.586335,608,896
3.586383,608,895
3.586495,609,895
3.586622,608,896
3.586682,608,895
3.586908,608,894
3.586965,609,894
3.586971,608,895
3.587183,607,896
3.587190,608,896
3.587357,607,897
3.587379,608,897
3.587405,607,898
3.587435,606,899
3.587464,605,900
3.587491,604,901
3.587558,604,900
3.587615,604,899
3.587697,605,899
3.587884,605,898
3.587963,604,899
3.587992,604,898
3.588018,603,899
3.588549,602,900
3.588630,603,900
3.588686,602,901
3.588735,601,902
3.588747,601,901
3.588825,600,902
3.588923,600,901
3.588988,599,902
3.589075,598,903
3.589202,598,902
3.589321,597,903
3.589466,597,902
3.589473,597,901
3.589575,598,901
3.589722,597,902
3.589833,597,901
3.589927,596,902
3.589938,596,901
3.590047,596,900
3.590263,596,899
3.590327,596,898
3.590345,597,898
3.590424,597,897
3.590444,598,897
3.590616,597,898
3.590639,597,897
3.590698,597,896
3.590700,596,897
3.590767,595,898
3.591058,596,898
3.591334,595,899
3.591461,595,898
3.591672,594,899
3.591822,594,898
3.591853,593,899
3.591906,593,898
3.591970,593,897
3.591994,593,896
3.592019,593,895
3.592112,592,896
3.592124,591,897
3.592138,590,898
3.592450,591,898
3.592467,590,899
3.592684,590,898
3.592746,590,897
3.592915,590,896
3.593099,589,897
3.593175,589,896
3.593262,589,895
3.593322,589,894
3.593324,588,895
3.593333,587,896
3.593343,587,895
3.593535,586,896
3.593618,585,897
3.593756,584,898
3.593804,584,897
3.593853,584,896
3.594134,585,896
3.594233,585,895
3.594366,584,896
3.594376,585,896
3.594488,584,897
3.594504,584,896
3.594593,584,895
3.594658,585,895
3.594659,584,896
3.594760,584,895
3.594815,584,894
3.594832,585,894
3.594833,584,895
3.594911,583,896
3.594937,582,897
3.594965,583,897
3.595022,582,898
3.595023,581,899
3.595157,582,899
3.595296,581,900
3.595452,580,901
3.595453,580,900
3.595537,580,899
3.595705,579,900
3.595808,578,901
3.595861,578,900
3.595867,578,899
3.595885,578,898
3.596039,579,898
3.596066,578,899
3.596499,577,900
3.596550,577,899
3.596596,576,900
3.596696,575,901
3.596809,575,900
3.596843,574,901
3.597259,573,902
3.597260,572,903
3.597325,571,904
3.597390,571,903
3.597431,571,902
3.597446,571,901
3.597531,570,902
3.597662,571,902
3.597665,571,901
3.597709,571,900
3.597797,570,901
3.597802,570,900
3.597895,570,899
3.597909,570,898
3.598049,569,899
3.598109,569,898
3.598338,570,898
3.598364,570,897
3.598469,569,898
3.598594,568,899
3.598644,568,898
3.598650,567,899
3.598762,567,898
3.598770,566,899
3.598934,565,900
3.598967,564,901
3.599086,564,900
3.599090,563,901
3.599152,562,902
3.599155,561,903
3.599345,560,904
3.599365,559,905
3.599385,559,904
3.599619,558,905
3.599687,557,906
3.599703,556,907
3.600219,556,906
3.600386,557,906
3.600403,556,907
3.600571,555,908
3.600671,555,907
3.600674,554,908
3.600758,553,909
3.600794,554,909
3.600853,555,909
3.601009,554,910
3.601428,555,910
3.601699,554,911
3.601730,554,910
3.601740,554,909
3.601773,554,908
3.601850,553,909
3.601870,552,910
3.601904,551,911
3.601920,551,910
3.601943,551,909
3.601950,551,908
3.601996,552,908
3.602117,552,907
3.602148,552,906
3.602221,552,905
3.602362,551,906
3.602370,550,907
3.602474,549,908
3.602660,550,908
3.602833,550,907
3.602983,549,908
3.602984,549,907
3.603074,548,908
3.603092,547,909
3.603141,546,910
3.603158,545,911
3.603160,546,911
3.603184,546,910
3.603275,547,910
3.603380,547,909
3.603393,546,910
3.603396,547,910
3.603414,546,911
3.603564,546,910
3.603758,545,911
3.603876,546,911
3.604120,546,910
3.604158,546,909
3.604251,545,910
3.604295,544,911
3.604418,545,911
3.604612,544,912
3.604801,543,913
3.604842,542,914
3.604854,542,913
3.604949,542,912
3.605008,542,911
3.605232,542,910
3.605540,541,911
3.605643,540,912
3.605803,541,912
3.605869,541,911
3.605897,541,910
3.606014,541,909
3.606015,541,908
3.606048,540,909
3.606057,539,910
3.606097,539,909
3.606135,540,909
3.606418,540,908
3.606430,540,907
3.606493,539,908
3.606674,538,909
3.606713,538,908
3.606732,538,907
3.606734,538,906
3.606752,537,907
3.606798,536,908
3.606821,535,909
3.606822,535,908
3.606844,535,907
3.606846,535,906
3.606972,536,906
3.606995,536,905
3.607033,536,904
3.607099,537,904
3.607221,536,905
3.607539,535,906
3.607777,534,907
3.607852,533,908
3.607939,532,909
3.608038,531,910
3.608226,530,911
3.608327,531,911
3.608431,532,911
3.608657,532,910
3.608869,531,911
3.608872,530,912
3.608877,529,913
3.608917,528,914
3.608976,528,913
3.609032,528,912
3.609035,528,911
3.609081,528,910
3.609229,529,910
3.609602,529,909
3.609870,528,910
3.609870,528,909
3.609875,528,908
3.609904,528,907
3.609948,527,908
3.610248,527,907
3.610349,526,908
3.610392,526,907
3.610409,525,908
3.610749,526,908
3.610826,525,909
3.611082,524,910
3.611166,523,911
3.611241,523,910
3.611377,522,911
3.611428,522,910
3.611566,521,911
3.611698,520,912
3.611718,520,911
3.611812,520,910
3.611829,521,910
3.612212,521,909
3.612217,521,908
3.612356,522,908
3.612384,522,907
3.612457,521,908
3.612465,520,909
3.612617,520,908
3.612627,519,909
3.612638,518,910
3.612640,518,909
3.612674,518,908
3.612730,517,909
3.612743,517,908
3.612745,517,907
3.612786,517,906
3.612887,517,905
3.613110,516,906
3.613117,516,905
3.613223,515,906
3.613316,514,907
3.613363,514,906
3.613418,513,907
3.613433,513,906
3.613520,512,907
3.613631,512,906
3.613868,513,906
3.613901,512,907
3.613913,511,908
3.613961,510,909
3.613989,509,910
3.614075,510,910
3.614122,511,910
3.614144,510,911
3.614170,510,910
3.614304,509,911
3.614333,508,912
3.614423,507,913
3.614463,507,912
3.614465,506,913
3.614483,506,912
3.614568,507,912
3.614680,506,913
3.614694,505,914
3.614795,505,913
3.614830,505,912
3.614873,504,913
3.614925,504,912
3.615054,503,913
3.615089,503,912
3.615211,504,912
3.615285,503,913
3.615308,503,912
3.615394,502,913
3.615458,501,914
3.615489,501,913
3.615615,501,912
3.615785,501,911
3.616311,500,912
3.616424,499,913
3.616532,498,914
3.616543,499,914
3.616579,499,913
3.616753,498,914
3.616757,497,915
3.616908,497,914
3.617022,497,913
3.617040,496,914
3.617089,496,913
3.617279,497,913
3.617381,497,912
3.617401,496,913
3.617439,495,914
3.617503,494,915
3.617763,493,916
3.617872,492,917
3.617934,493,917
3.617992,493,916
3.618027,492,917
3.618264,492,916
3.618425,491,917
3.618510,490,918
3.618551,489,919
3.618645,489,918
3.618678,490,918
3.618683,490,917
3.618721,490,916
3.618734,489,917
3.618973,488,918
3.618990,488,917
3.619239,487,918
3.619325,488,918
3.619359,488,917
3.619360,488,916
3.619389,487,917
3.619432,488,917
3.619504,487,918
3.619578,488,918
3.619640,488,917
3.619708,488,916
3.619727,489,916
3.619782,488,917
3.619847,487,918
3.619863,486,919
3.620142,486,918
3.620162,486,917
3.620281,486,916
3.620384,486,915
3.620401,486,914
3.620431,486,913
3.620440,486,912
3.620453,485,913
3.620743,484,914
3.620978,485,914
3.621079,485,913
3.621146,485,912
3.621245,484,913
3.621313,484,912
3.621379,484,911
3.621408,484,910
3.621609,483,911
3.621645,482,912
3.621771,482,911
3.621797,482,910
3.621841,482,909
3.621896,481,910
3.621982,482,910
3.621994,481,911
3.622023,481,910
3.622095,481,909
3.622126,481,908
3.622276,480,909
3.622353,480,908
3.622362,480,907
3.622391,479,908
3.622747,478,909
3.622846,478,908
3.622912,477,909
3.623026,477,908
3.623079,477,907
3.623104,477,906
3.623115,476,907
3.623407,475,908
3.623410,474,909
3.623543,474,908
3.623769,475,908
3.623785,474,909
3.623786,474,908
3.624081,475,908
3.624138,474,909
3.624193,474,908
3.624305,474,907
3.624334,475,907
3.624388,474,908
3.624434,473,909
3.624464,472,910
3.624553,472,909
3.624627,471,910
3.624675,471,909
3.624775,471,908
3.624928,470,909
3.624978,470,908
3.625124,469,909
3.625339,468,910
3.625424,467,911
3.625442,467,910
3.625491,468,910
3.625513,467,911
3.625532,466,912
3.625646,466,911
3.625666,466,910
3.625771,466,909
3.626071,466,908
3.626110,465,909
3.626338,464,910
3.626433,463,911
3.626608,463,910
3.626745,463,909
3.626759,462,910
3.626888,462,909
3.626940,461,910
3.627040,460,911
3.627095,460,910
3.627105,459,911
3.627124,459,910
3.627206,459,909
3.627257,458,910
3.627542,458,909
3.627552,458,908
3.627631,458,907
3.627727,459,907
3.627825,459,906
3.627893,458,907
3.627963,458,906
3.628008,457,907
3.628014,456,908
3.628036,457,908
3.628128,456,909
3.628157,457,909
3.628254,457,908
3.628258,458,908
3.628363,457,909
3.628371,456,910
3.628455,457,910
3.628512,456,911
3.628543,456,910
3.628547,456,909
3.628555,456,908
3.628584,456,907
3.628782,456,906
3.628820,456,905
3.628883,455,906
3.629105,456,906
3.629123,456,905
3.629203,455,906
3.629211,454,907
3.629264,454,906
3.629497,454,905
3.629588,454,904
3.629590,454,903
3.629819,453,904
3.629844,453,903
3.629879,453,902
3.629888,453,901
3.629915,453,900
3.629946,453,899
3.630249,453,898
3.630314,453,897
3.630384,452,898
3.630416,452,897
3.630664,451,898
3.630743,451,897
3.630801,450,898
3.630917,449,899
3.631020,449,898
3.631101,450,898
3.631227,450,897
3.631341,449,898
3.631455,449,897
3.631516,449,896
3.631532,449,895
3.631545,449,894
3.631669,449,893
3.631778,449,892
3.632232,449,891
3.632243,448,892
3.632329,447,893
3.632428,446,894
3.632684,445,895
3.632767,445,894
3.632835,444,895
3.633189,443,896
3.633325,443,895
3.633368,442,896
3.633398,441,897
3.633443,441,896
3.633544,441,895
3.633706,441,894
3.633726,440,895
3.633931,440,894
3.633945,440,893
3.634145,440,892
3.634160,441,892
3.634246,441,891
3.634267,440,892
3.634353,439,893
3.634497,439,892
3.634866,439,891
3.634900,438,892
3.634969,437,893
3.635063,437,892
3.635292,437,891
3.635418,436,892
3.635567,436,891
3.635595,436,890
3.635920,435,891
3.636009,435,890
3.636060,436,890
3.636380,436,889
3.636386,435,890
3.636476,435,889
3.636476,435,888
3.636652,434,889
3.636846,433,890
3.636938,432,891
3.637014,432,890
3.637065,432,889
3.637115,433,889
3.637374,433,888
3.637399,434,888
3.637565,433,889
3.637634,433,888
3.637651,434,888
3.638126,433,889
3.638153,433,888
3.638209,433,887
3.638261,432,888
3.638416,433,888
3.638447,432,889
3.638451,432,888
3.638494,431,889
3.638598,430,890
3.638623,430,889
3.638666,429,890
3.638982,429,889
3.639133,429,888
3.639232,428,889
3.639254,428,888
3.639343,428,887
3.639347,429,887
3.639419,430,887
3.639534,430,886
3.639580,430,885
3.639668,430,884
3.640150,430,883
3.640179,429,884
3.640207,428,885
3.640252,429,885
3.640255,429,884
3.640360,428,885
3.640774,429,885
3.640878,428,886
3.640920,427,887
3.640945,427,886
3.641006,427,885
3.641013,426,886
3.641199,425,887
3.641253,424,888
3.641455,424,887
3.641464,425,887
3.641574,424,888
3.641692,424,887
3.641858,425,887
3.641881,424,888
3.641900,423,889
3.641943,422,890
3.641975,421,891
3.642118,422,891
3.642161,421,892
3.642235,420,893
3.642328,421,893
3.642447,422,893
3.642570,422,892
3.642598,421,893
3.642637,420,894
3.642639,419,895
3.642839,420,895
3.643031,420,894
3.643080,419,895
3.643140,419,894
3.643172,418,895
3.643215,418,894
3.643222,417,895
3.643286,416,896
3.643660,416,895
3.643852,416,894
3.643920,417,894
3.643942,416,895
3.644386,415,896
3.644430,416,896
3.644523,416,895
3.644761,415,896
3.644812,416,896
3.644853,415,897
3.644901,416,897
3.645024,416,896
3.645045,415,897
3.645125,415,896
3.645306,414,897
3.645378,413,898
3.645387,413,897
3.645573,413,896
3.645605,413,895
3.645645,412,896
3.645665,413,896
3.645803,412,897
3.645854,411,898
3.645890,410,899
3.646569,411,899
3.647165,410,900
3.647231,410,899
3.647282,411,899
3.647367,412,899
3.647379,412,898
3.647599,413,898
3.647650,413,897
3.647855,413,896
3.647976,412,897
3.648013,412,896
3.648101,411,897
3.648129,410,898
3.648260,409,899
3.648392,408,900
3.648468,407,901
3.648619,408,901
3.648712,409,901
3.648795,410,901
3.648833,409,902
3.648835,408,903
3.648904,407,904
3.648927,407,903
3.649038,407,902
3.649140,406,903
3.649159,406,902
3.649172,406,901
3.649307,405,902
3.649424,404,903
3.649468,404,902
3.649480,404,901
3.649597,403,902
3.649787,403,901
3.649841,403,900
3.649992,402,901
3.650073,402,900
3.650078,402,899
3.650086,402,898
3.650322,402,897
3.650424,402,896
3.650646,401,897
3.650737,401,896
3.650903,401,895
3.650917,400,896
3.650923,400,895
3.651249,400,894
3.651381,399,895
3.651506,398,896
3.651963,397,897
3.652102,396,898
3.652437,395,899
3.652537,394,900
3.652592,395,900
3.652642,394,901
3.652648,395,901
3.652651,395,900
3.652658,394,901
3.652927,394,900
3.652951,393,901
3.653106,393,900
3.653174,393,899
3.653235,392,900
3.653496,393,900
3.653549,394,900
3.653587,393,901
3.653671,393,900
3.653700,392,901
3.653702,393,901
3.653734,392,902
3.653781,392,901
3.653913,392,900
3.653986,391,901
3.654026,390,902
3.654131,390,901
3.654509,390,900
3.654636,390,899
3.654837,389,900
3.655041,389,899
3.655136,389,898
3.655247,388,899
3.655331,388,898
3.655419,387,899
3.655424,386,900
3.655885,385,901
3.656105,384,902
3.656453,383,903
3.656606,383,902
3.656652,383,901
3.656945,384,901
3.656968,384,900
3.657007,383,901
3.657059,384,901
3.657064,384,900
3.657070,384,899
3.657393,385,899
3.657505,384,900
3.657593,384,899
3.657648,383,900
3.657675,382,901
3.657933,381,902
3.657972,380,903
3.657981,381,903
3.658091,380,904
3.658109,380,903
3.658264,380,902
3.658373,380,901
3.658565,379,902
3.658590,379,901
3.658793,379,900
3.658962,379,899
3.658969,379,898
3.658985,378,899
3.659033,378,898
3.659379,377,899
3.659405,376,900
3.659641,376,899
3.659744,375,900
3.659762,374,901
3.659892,373,902
3.659900,373,901
3.659918,372,902
3.660206,372,901
3.660232,372,900
3.660288,371,901
3.660334,370,902
3.660377,370,901
3.660501,370,900
3.660536,370,899
3.660538,370,898
3.660643,371,898
3.660652,371,897
3.660716,371,896
3.660912,371,895
3.660958,370,896
3.660975,370,895
3.660989,369,896
3.661003,370,896
3.661012,370,895
3.661212,370,894
3.661251,369,895
3.661372,370,895
3.661481,370,894
3.661721,370,893
3.661759,370,892
3.661826,370,891
3.662256,369,892
3.662420,368,893
3.662856,368,892
3.662890,368,891
3.663016,368,890
3.663120,368,889
3.663171,368,888
3.663328,367,889
3.663513,366,890
3.663588,365,891
3.663829,364,892
3.663845,364,891
3.664112,364,890
3.664144,364,889
3.664260,364,888
3.664587,363,889
3.664672,363,888
3.664729,363,887
3.664808,363,886
3.664929,363,885
3.664952,363,884
3.665071,364,884
3.665106,363,885
3.665149,363,884
3.665160,363,883
3.665167,363,882
3.665388,363,881
3.665582,364,881
3.665589,363,882
3.665596,363,881
3.665725,362,882
3.665765,362,881
3.665960,362,880
3.666087,361,881
3.666133,361,880
3.666265,361,879
3.666301,361,878
3.666352,361,877
3.666505,360,878
3.666732,360,877
3.666754,360,876
3.666813,360,875
3.667061,360,874
3.667079,361,874
3.667090,361,873
3.667201,361,872
3.667337,360,873
3.667542,359,874
3.667567,359,873
3.667751,359,872
3.667935,359,871
3.667938,359,870
3.667954,359,869
3.667974,358,870
3.668040,357,871
3.668116,356,872
3.668125,356,871
3.668325,355,872
3.668489,355,871
3.668491,355,870
3.668494,355,869
3.668642,355,868
3.668700,354,869
3.668706,354,868
3.668839,354,867
3.669274,353,868
3.669333,353,867
3.669397,352,868
3.669485,351,869
3.669655,350,870
3.669884,349,871
3.669945,349,870
3.669952,349,869
3.670162,349,868
3.670284,348,869
3.670357,348,868
3.670671,349,868
3.670828,349,867
3.670887,349,866
3.670982,348,867
3.671007,347,868
3.671487,347,867
3.671504,346,868
3.671645,347,868
3.671652,348,868
3.671683,348,867
3.671736,349,867
3.671799,349,866
3.671799,349,865
3.672204,348,866
3.672295,349,866
3.672914,349,865
3.672951,348,866
3.673097,349,866
3.673403,348,867
3.673433,348,866
3.673484,348,865
3.673728,348,864
3.673745,347,865
3.673761,346,866
3.673838,346,865
3.673876,345,866
3.673905,345,865
3.674067,344,866
3.674159,343,867
3.674266,342,868
3.674474,341,869
3.674491,340,870
3.674710,340,869
3.674835,340,868
3.675028,340,867
3.675067,339,868
3.675098,339,867
3.675205,338,868
3.675371,338,867
3.675425,337,868
3.675518,338,868
3.675585,339,868
3.675625,338,869
3.675654,338,868
3.675789,337,869
3.675979,336,870
3.676012,336,869
3.676086,337,869
3.676116,337,868
3.676182,336,869
3.676199,336,868
3.676207,335,869
3.676302,336,869
3.676344,336,868
3.676722,335,869
3.676990,335,868
3.677009,335,867
3.677050,334,868
3.677058,334,867
3.677147,334,866
3.677147,333,867
3.677222,333,866
3.677262,333,865
3.677651,332,866
3.677727,333,866
3.677912,333,865
3.677941,333,864
3.677952,333,863
3.678082,333,862
3.678375,332,863
3.678686,332,862
3.679021,331,863
3.679041,330,864
3.679178,329,865
3.679234,329,864
3.679295,328,865
3.679406,328,864
3.679594,329,864
3.679595,329,863
3.679734,330,863
3.679943,331,863
3.680135,331,862
3.680353,330,863
3.680714,329,864
3.680790,329,863
3.680978,330,863
3.681117,330,862
3.681163,330,861
3.681376,329,862
3.681424,329,861
3.681671,329,860
3.681734,329,859
3.681747,329,858
3.681764,329,857
3.681839,328,858
3.682010,329,858
3.682239,330,858
3.682278,330,857
3.682285,329,858
3.682367,330,858
3.682528,329,859
3.682700,329,858
3.682758,328,859
3.683016,327,860
3.683278,327,859
3.683515,326,860
3.683530,325,861
3.683689,326,861
3.683759,327,861
3.683922,327,860
3.683950,327,859
3.683982,326,860
3.684227,325,861
3.684417,325,860
3.684744,324,861
3.684768,324,860
3.684905,323,861
3.684970,324,861
3.685109,323,862
3.685331,324,862
3.685433,323,863
3.685528,323,862
3.685589,322,863
3.685658,322,862
3.685679,322,861
3.685707,322,860
3.685726,322,859
3.685747,321,860
3.685808,320,861
3.685897,320,860
3.686083,320,859
3.686116,320,858
3.686129,320,857
3.686142,320,856
3.686174,319,857
3.686954,319,856
3.686983,318,857
3.687072,319,857
3.687154,319,856
3.687168,319,855
3.687250,318,856
3.687341,317,857
3.687642,316,858
3.687669,317,858
3.687741,317,857
3.687972,317,856
3.688061,317,855
3.688433,317,854
3.688477,316,855
3.688609,316,854
3.688837,315,855
3.688891,315,854
3.688895,314,855
3.688923,315,855
3.688927,315,854
3.689007,314,855
3.689557,314,854
3.689664,313,855
3.689665,313,854
3.689704,313,853
3.689739,313,852
3.689854,313,851
3.689880,313,850
3.690173,313,849
3.690198,312,850
3.690310,312,849
3.690364,311,850
3.690465,311,849
3.690506,311,848
3.690552,310,849
3.690578,311,849
3.690702,311,848
3.690943,310,849
3.691046,309,850
3.691073,309,849
3.691323,309,848
3.691492,310,848
3.691589,310,847
3.691937,309,848
3.692227,309,847
3.692236,309,846
3.692309,308,847
3.692335,307,848
3.692455,306,849
3.692517,305,850
3.692526,305,849
3.692548,304,850
3.692631,304,849
3.692792,303,850
3.692800,302,851
3.692903,301,852
3.693000,302,852
3.693165,302,851
3.693247,303,851
3.693610,302,852
3.693706,303,852
3.693849,302,853
3.694043,301,854
3.694073,301,853
3.694076,301,852
3.694160,301,851
3.694217,301,850
3.694441,301,849
3.694575,300,850
3.694653,299,851
3.694680,298,852
3.694726,297,853
3.694820,296,854
3.694919,297,854
3.694952,297,853
3.694962,298,853
3.694984,298,852
3.695309,298,851
3.695503,298,850
3.695562,298,849
3.695597,298,848
3.695795,298,847
3.696135,298,846
3.696176,297,847
3.696311,297,846
3.696340,297,845
3.696449,296,846
3.696525,296,845
3.696587,296,844
3.696614,295,845
3.696929,295,844
3.696930,294,845
3.697042,294,844
3.697045,294,843
3.697214,294,842
3.697234,294,841
3.697342,294,840
3.697442,294,839
3.697537,294,838
3.697537,293,839
3.697591,292,840
3.697604,292,839
3.697641,292,838
3.697836,291,839
3.697966,290,840
3.697976,289,841
3.698036,288,842
3.698066,288,841
3.698170,287,842
3.698177,286,843
3.698323,285,844
3.698406,285,843
3.698501,285,842
3.698537,285,841
3.698603,284,842
3.698882,284,841
3.698902,283,842
3.698993,283,841
3.699100,283,840
3.699180,283,839
3.699315,282,840
3.699365,283,840
3.699429,283,839
3.699647,284,839
3.699826,284,838
3.699897,284,837
3.699984,285,837
3.700026,285,836
3.700331,284,837
3.700359,284,836
3.700403,283,837
3.700572,283,836
3.700795,284,836
3.700822,284,835
3.701302,284,834
3.701344,284,833
3.701482,283,834
3.701746,283,833
3.701933,283,832
3.702350,282,833
3.702589,282,832
3.702616,282,831
3.702735,282,830
3.702764,281,831
3.702798,281,830
3.703102,280,831
3.703300,280,830
3.703651,280,829
3.703743,279,830
3.703876,279,829
3.703965,279,828
3.704193,279,827
3.704197,279,826
3.704315,278,827
3.704385,278,826
3.704612,278,825
3.704714,277,826
3.704732,277,825
3.704925,277,824
3.705213,277,823
3.705262,278,823
3.705417,278,822
3.705841,277,823
3.705854,276,824
3.705896,275,825
3.706102,275,824
3.706121,275,823
3.706164,275,822
3.706465,275,821
3.706598,274,822
3.706628,274,821
3.706731,275,821
3.706735,275,820
3.707099,274,821
3.707139,274,820
3.707272,273,821
3.707381,274,821
3.707541,275,821
3.707707,274,822
3.708031,274,821
3.708062,274,820
3.708113,274,819
3.708338,274,818
3.708472,275,818
3.709141,274,819
3.709245,273,820
3.709615,273,819
3.709700,273,818
3.709787,273,817
3.709907,273,816
3.709998,272,817
3.710031,272,816
3.710170,272,815
3.710177,271,816
3.710278,271,815
3.710304,270,816
3.710519,271,816
3.710858,270,817
3.711214,269,818
3.711235,269,817
3.711285,269,816
3.711635,269,815
3.711747,269,814
3.712063,269,813
3.712078,269,812
3.712171,269,811
3.712216,268,812
3.712436,268,811
3.712446,268,810
3.712508,268,809
3.712539,267,810
3.712566,267,809
3.712619,267,808
3.713515,267,807
3.713517,267,806
3.713602,267,805
3.713783,267,804
3.713791,267,803
3.713980,267,802
3.713997,267,801
3.714082,267,800
3.714112,267,799
3.714363,267,798
3.714375,267,797
3.714390,267,796
3.714432,267,795
3.714750,267,794
3.715184,267,793
3.715240,267,792
3.715348,266,793
3.715466,266,792
3.716336,265,793
3.716442,265,792
3.716487,265,791
3.716679,265,790
3.716859,264,791
3.716864,264,790
3.716930,264,789
3.716982,263,790
3.717178,262,791
3.717185,263,791
3.717898,263,790
3.717964,262,791
3.718007,261,792
3.718016,260,793
3.718021,259,794
3.718097,259,793
3.718267,259,792
3.718268,259,791
3.718378,260,791
3.718541,260,790
3.718670,259,791
3.718728,259,790
3.718809,259,789
3.718971,258,790
3.719095,257,791
3.719097,257,790
3.719213,256,791
3.719578,256,790
3.719734,256,789
3.719899,256,788
3.719913,255,789
3.719928,254,790
3.719990,255,790
3.720041,254,791
3.720220,254,790
3.720338,255,790
3.720772,255,789
3.721017,254,790
3.721105,253,791
3.721135,253,790
3.721174,252,791
3.721384,252,790
3.721398,252,789
3.721515,252,788
3.721791,251,789
3.721810,252,789
3.721825,251,790
3.721844,251,789
3.721854,251,788
3.721862,251,787
3.721901,250,788
3.722498,250,787
3.722528,249,788
3.722568,249,787
3.722913,248,788
3.723189,247,789
3.723349,247,788
3.723571,247,787
3.724078,247,786
3.724419,247,785
3.724506,247,784
3.724516,247,783
3.724623,247,782
3.724810,246,783
3.724859,246,782
3.724895,246,781
3.725002,246,780
3.725040,246,779
3.725081,245,780
3.725276,245,779
3.725415,245,778
3.725514,245,777
3.725628,245,776
3.725696,245,775
3.725801,246,775
3.726017,246,774
3.726072,246,773
3.726284,245,774
3.726304,245,773
3.726451,245,772
3.726603,245,771
3.726666,245,770
3.726866,245,769
3.726932,245,768
3.727096,244,769
3.727387,244,768
3.727512,244,767
3.727806,245,767
3.728150,245,766
3.728645,245,765
3.728699,245,764
3.728782,245,763
3.728864,244,764
3.728956,245,764
3.729089,245,763
3.729191,244,764
3.729443,245,764
3.730150,245,763
3.730354,246,763
3.730414,246,762
3.730515,246,761
3.730601,246,760
3.730624,245,761
3.730628,245,760
3.730645,246,760
3.731033,245,761
3.731112,245,760
3.731486,246,760
3.731579,245,761
3.731671,244,762
3.732010,243,763
3.732037,243,762
3.732140,243,761
3.732485,242,762
3.732542,241,763
3.732590,241,762
3.732886,241,761
3.732995,241,760
3.733065,241,759
3.733292,241,758
3.733463,241,757
3.733562,241,756
3.733607,241,755
3.733672,241,754
3.734045,241,753
3.734108,241,752
3.734186,242,752
3.734344,242,751
3.734418,242,750
3.734629,243,750
3.735141,243,749
3.735459,243,748
3.735504,242,749
3.735580,242,748
3.735636,242,747
3.735662,241,748
3.735934,241,747
3.736084,241,746
3.736107,241,745
3.736330,241,744
3.736698,241,743
3.736872,240,744
3.736944,240,743
3.737235,240,742
3.737379,239,743
3.738176,239,742
3.738193,238,743
3.738458,238,742
3.738493,238,741
3.738602,238,740
3.738664,238,739
3.738672,239,739
3.738763,238,740
3.739324,237,741
3.739544,236,742
3.739642,237,742
3.739876,237,741
3.739965,236,742
3.740052,236,741
3.740080,235,742
3.740126,235,741
3.740346,235,740
3.740354,234,741
3.740374,235,741
3.740477,235,740
3.740569,235,739
3.740603,234,740
3.740612,235,740
3.740816,234,741
3.740881,234,740
3.740994,233,741
3.741352,232,742
3.741497,232,741
3.741544,231,742
3.741548,231,741
3.741992,231,740
3.742018,230,741
3.742297,230,740
3.742421,231,740
3.743017,231,739
3.743130,232,739
3.743206,233,739
3.743218,234,739
3.743459,234,738
3.743489,233,739
3.743494,233,738
3.743604,233,737
3.743633,233,736
3.744026,233,735
3.744077,233,734
3.744474,234,734
3.744789,234,733
3.745096,234,732
3.745335,234,731
3.745431,234,730
3.745607,234,729
3.745618,234,728
3.745907,233,729
3.746001,233,728
3.746172,233,727
3.746179,232,728
3.746398,233,728
3.746563,233,727
3.746677,234,727
3.746697,234,726
3.746848,234,725
3.747324,234,724
3.747655,234,723
3.747820,233,724
3.747868,234,724
3.747902,234,723
3.747919,234,722
3.747945,234,721
3.748337,234,720
3.748432,234,719
3.748791,234,718
3.749110,234,717
3.749160,235,717
3.749425,235,716
3.749544,235,715
3.749564,235,714
3.749741,235,713
3.749800,235,712
3.749995,234,713
3.750095,233,714
3.750515,233,713
3.750523,233,712
3.750693,232,713
3.750978,231,714
3.751330,230,715
3.751873,230,714
3.751912,230,713
3.752088,230,712
3.752457,231,712
3.752468,231,711
3.752656,231,710
3.752704,230,711
3.752800,229,712
3.753046,229,711
3.753222,230,711
3.753228,230,710
3.753626,229,711
3.754423,229,710
3.754818,228,711
3.755017,228,710
3.755455,228,709
3.755456,228,708
3.755721,228,707
3.755793,227,708
3.755805,227,707
3.755872,227,706
3.756102,227,705
3.756129,227,704
3.756194,227,703
3.756318,227,702
3.756637,227,701
3.756668,228,701
3.756970,228,700
3.757737,227,701
3.757764,228,701
3.758016,228,700
3.758107,228,699
3.758112,228,698
3.758318,228,697
3.758407,227,698
3.758672,226,699
3.758792,226,698
3.759149,225,699
3.759370,225,698
3.759395,225,697
3.759459,224,698
3.759472,225,698
3.759785,225,697
3.759873,225,696
3.759876,225,695
3.760755,224,696
3.760876,224,695
3.760978,224,694
3.760990,224,693
3.761039,224,692
3.761105,224,691
3.761241,224,690
3.761289,223,691
3.761337,224,691
3.761436,223,692
3.761608,223,691
3.761780,222,692
3.762000,221,693
3.762036,221,692
3.762113,220,693
3.762379,221,693
3.762533,221,692
3.762591,221,691
3.762641,222,691
3.762916,222,690
3.763127,223,690
3.763280,223,689
3.763346,223,688
3.763463,223,687
3.763578,223,686
3.763632,223,685
3.763670,222,686
3.763749,222,685
3.763816,222,684
3.764617,222,683
3.764641,222,682
3.765138,221,683
3.765485,221,682
3.765719,221,681
3.765789,221,680
3.765867,220,681
3.765998,220,680
3.766216,219,681
3.766240,219,680
3.766329,218,681
3.766374,217,682
3.766522,216,683
3.766901,215,684
3.766934,215,683
3.767165,214,684
3.767259,214,683
3.767266,213,684
3.767328,214,684
3.767942,213,685
3.768047,212,686
3.768157,212,685
3.768207,212,684
3.768435,212,683
3.768682,211,684
3.768709,211,683
3.768888,211,682
3.769051,211,681
3.769084,211,680
3.769284,210,681
3.769356,210,680
3.769412,210,679
3.769530,210,678
3.769657,209,679
3.769667,209,678
3.769702,210,678
3.769733,210,677
3.769804,209,678
3.769872,209,677
3.769892,209,676
3.770099,209,675
3.770614,208,676
3.771149,207,677
3.771159,206,678
3.771210,205,679
3.771548,205,678
3.771624,205,677
3.771938,204,678
3.772163,203,679
3.772254,203,678
3.772299,202,679
3.772403,201,680
3.772442,202,680
3.772814,202,679
3.772960,203,679
3.773078,202,680
3.773208,203,680
3.773573,203,679
3.773583,203,678
3.773598,203,677
3.773619,202,678
3.774429,202,677
3.774606,202,676
3.774704,201,677
3.775103,201,676
3.775204,201,675
3.775432,201,674
3.775611,201,673
3.775700,202,673
3.776281,202,672
3.776640,201,673
3.777014,201,672
3.777194,202,672
3.777377,202,671
3.777754,203,671
3.777876,203,670
3.778924,202,671
3.779329,203,671
3.779416,202,672
3.779540,203,672
3.779561,203,671
3.779740,204,671
3.779822,204,670
3.779845,203,671
3.780064,203,670
3.780135,203,669
3.780234,203,668
3.780241,203,667
3.780308,202,668
3.780465,202,667
3.780765,203,667
3.781448,202,668
3.781465,202,667
3.781499,202,666
3.781955,202,665
3.781988,202,664
3.782385,203,664
3.782575,203,663
3.782714,203,662
3.782783,202,663
3.783013,202,662
3.783023,202,661
3.783176,202,660
3.783218,202,659
3.783280,202,658
3.783629,201,659
3.783753,201,658
3.783860,201,657
3.783925,201,656
3.783934,202,656
3.783982,202,655
3.784207,203,655
3.784553,203,654
3.784700,202,655
3.784981,202,654
3.785027,201,655
3.785217,201,654
3.785334,201,653
3.785430,201,652
3.785554,201,651
3.785615,200,652
3.785733,200,651
3.785943,201,651
3.785950,200,652
3.786049,200,651
3.786077,200,650
3.786212,201,650
3.786389,201,649
3.786824,200,650
3.787396,200,649
3.787693,200,648
3.788236,199,649
3.788360,198,650
3.788477,198,649
3.788642,197,650
3.788662,197,649
3.788724,197,648
3.788743,197,647
3.788925,197,646
3.789096,197,645
3.789361,196,646
3.789421,195,647
3.789429,195,646
3.789521,195,645
3.789553,195,644
3.789631,195,643
3.789715,195,642
3.789834,195,641
3.789978,195,640
3.790023,195,639
3.790378,194,640
3.790502,193,641
3.790603,193,640
3.790846,194,640
3.790923,194,639
3.790958,194,638
3.791661,193,639
3.791756,192,640
3.791945,191,641
3.792019,191,640
3.792050,191,639
3.792062,190,640
3.792120,190,639
3.792816,190,638
3.793008,190,637
3.793242,190,636
3.793457,190,635
3.793525,191,635
3.793600,191,634
3.793733,191,633
3.793758,191,632
3.793863,191,631
3.794144,190,632
3.794221,190,631
3.794488,190,630
3.795489,190,629
3.795547,191,629
3.795580,191,628
3.795766,191,627
3.795848,191,626
3.796033,191,625
3.796092,192,625
3.796323,193,625
3.796720,192,626
3.796797,192,625
3.796808,192,624
3.796874,192,623
3.797218,193,623
3.797417,194,623
3.797429,194,622
3.797468,194,621
3.797527,193,622
3.797614,193,621
3.797737,193,620
3.797807,192,621
3.798149,192,620
3.798255,191,621
3.798459,191,620
3.798485,190,621
3.798619,191,621
3.798651,191,620
3.798721,191,619
3.798901,190,620
3.798910,190,619
3.799476,190,618
3.799613,190,617
3.799689,190,616
3.799793,191,616
3.799941,191,615
3.799966,191,614
3.799976,191,613
3.800174,191,612
3.800394,191,611
3.800508,190,612
3.800821,189,613
3.800922,189,612
3.801081,189,611
3.801088,189,610
3.801594,189,609
3.801671,189,608
3.801738,189,607
3.801872,189,606
3.802052,189,605
3.802323,190,605
3.802330,189,606
3.802378,189,605
3.802615,189,604
3.802689,190,604
3.802962,190,603
3.803082,190,602
3.803319,190,601
3.803734,190,600
3.804154,190,599
3.804194,191,599
3.804303,191,598
3.804534,191,597
3.804633,191,596
3.804929,191,595
3.804940,191,594
3.805186,192,594
3.805247,192,593
3.805267,191,594
3.805459,191,593
3.805524,191,592
3.805683,190,593
3.805917,191,593
3.805964,191,592
3.805986,191,591
3.806126,191,590
3.806336,191,589
3.806786,191,588
3.806827,191,587
3.806995,191,586
3.807406,191,585
3.807827,190,586
3.808388,189,587
3.808868,189,586
3.809589,188,587
3.809707,187,588
3.810058,187,587
3.810167,187,586
3.810282,187,585
3.810371,187,584
3.810486,187,583
3.810911,186,584
3.811091,186,583
3.811292,186,582
3.811501,186,581
3.811624,186,580
3.811657,186,579
3.811804,186,578
3.811807,186,577
3.812101,186,576
3.812123,187,576
3.812340,186,577
3.812624,186,576
3.812690,186,575
3.812695,185,576
3.813252,186,576
3.813318,186,575
3.813440,186,574
3.813446,186,573
3.813623,187,573
3.813876,187,572
3.814208,188,572
3.814333,188,571
3.814771,188,570
3.814806,187,571
3.815173,186,572
3.815214,186,571
3.815291,187,571
3.815410,186,572
3.815651,186,571
3.815692,187,571
3.815793,187,570
3.815796,187,569
3.816366,186,570
3.816504,186,569
3.816612,187,569
3.816756,187,568
3.817031,187,567
3.817062,186,568
3.817348,186,567
3.817485,186,566
3.818433,186,565
3.818480,187,565
3.818502,186,566
3.819360,185,567
3.819725,185,566
3.819988,185,565
3.820034,185,564
3.820131,184,565
3.820470,183,566
3.820572,183,565
3.820727,183,564
3.820737,183,563
3.820850,183,562
3.821048,182,563
3.821396,181,564
3.821615,181,563
3.822077,180,564
3.822881,179,565
3.823270,179,564
3.823718,178,565
3.823870,177,566
3.823933,177,565
3.824055,177,564
3.824130,177,563
3.824341,177,562
3.824953,177,561
3.825981,177,560
3.826021,177,559
3.826074,176,560
3.826654,176,559
3.826834,176,558
3.826974,177,558
3.827143,177,557
3.827244,177,556
3.827441,177,555
3.827463,176,556
3.827614,176,555
3.827970,175,556
3.828447,175,555
3.828565,176,555
3.828997,176,554
3.829015,176,553
3.829363,176,552
3.829547,175,553
3.829602,175,552
3.829819,175,551
3.829991,174,552
3.830372,173,553
3.830487,173,552
3.830554,173,551
3.831006,174,551
3.831169,174,550
3.831336,174,549
3.833343,174,548
3.833458,173,549
3.833658,172,550
3.833810,172,549
3.834237,172,548
3.834581,172,547
3.835194,172,546
3.835238,172,545
3.835262,172,544
3.835470,172,543
3.835855,172,542
3.836127,172,541
3.836975,172,540
3.837010,173,540
3.837124,172,541
3.837319,171,542
3.838653,171,541
3.838858,171,540
3.839481,171,539
3.840059,171,538
3.840807,171,537
3.841264,171,536
3.841843,171,535
3.842258,171,534
3.842540,172,534
3.842724,172,533
3.842889,172,532
3.843130,172,531
3.843461,172,530
3.843715,172,529
3.844334,173,529
3.845214,173,528
3.845449,173,527
3.845717,174,527
3.845931,174,526
3.846118,173,527
3.846429,174,527
3.847290,175,527
3.847346,174,528
3.847522,174,527
3.847622,174,526
3.847906,173,527
3.847933,174,527
3.848370,174,526
3.848536,174,525
3.848964,174,524
3.849093,174,523
3.849230,174,522
3.849339,174,521
3.849369,174,520
3.849430,173,521
3.850130,173,520
3.850861,172,521
3.851152,172,520
3.851504,171,521
3.851823,170,522
3.852004,170,521
3.852018,169,522
3.852151,170,522
3.852370,169,523
3.852446,169,522
3.852533,169,521
3.853344,170,521
3.853720,171,521
3.854186,171,520
3.854248,171,519
3.854256,170,520
3.854426,171,520
3.854628,171,519
3.854746,171,518
3.855489,171,517
3.855616,171,516
3.855707,171,515
3.855716,170,516
3.856046,170,515
3.856144,169,516
3.856524,168,517
3.856618,168,516
3.856675,168,515
3.856683,168,514
3.856874,167,515
3.856960,167,514
3.856973,167,513
3.857067,167,512
3.857458,168,512
3.857944,168,511
3.857991,168,510
3.858205,167,511
3.858315,167,510
3.858418,166,511
3.858801,165,512
3.859075,165,511
3.859092,166,511
3.859340,166,510
3.859382,166,509
3.860261,166,508
3.860322,166,507
3.860962,166,506
3.861266,166,505
3.861425,166,504
3.861853,166,503
3.862078,166,502
3.862841,165,503
3.863097,165,502
3.863345,165,501
3.863371,165,500
3.864196,165,499
3.864236,165,498
3.864247,166,498
3.864631,166,497
3.864889,165,498
3.865125,165,497
3.865207,165,496
3.865288,165,495
3.865590,164,496
3.865608,164,495
3.865724,164,494
3.866229,165,494
3.866594,165,493
3.866695,165,492
3.866745,165,491
3.867062,165,490
3.867155,164,491
3.867159,164,490
3.867930,164,489
3.868004,164,488
3.868262,164,487
3.868613,164,486
3.868798,164,485
3.869766,164,484
3.870348,164,483
3.870453,164,482
3.870594,164,481
3.870650,163,482
3.870785,162,483
3.870963,162,482
3.871327,161,483
3.871783,161,482
3.871956,161,481
3.872020,161,480
3.872041,162,480
3.872498,161,481
3.872639,160,482
3.872689,160,481
3.872815,161,481
3.873133,162,481
3.873332,162,480
3.873571,161,481
3.873917,160,482
3.874763,160,481
3.874878,161,481
3.874897,161,480
3.875027,160,481
3.875654,159,482
3.875752,158,483
3.876196,158,482
3.876345,158,481
3.876519,158,480
3.876559,158,479
3.877115,159,479
3.877429,159,478
3.877836,159,477
3.878465,159,476
3.878510,158,477
3.878758,157,478
3.879037,156,479
3.879280,155,480
3.879621,155,479
3.879943,155,478
3.880075,155,477
3.880111,155,476
3.880170,155,475
3.880438,156,475
3.880605,156,474
3.881066,156,473
3.881079,156,472
3.881303,156,471
3.881638,155,472
3.881922,155,471
3.882724,155,470
3.883171,155,469
3.883380,154,470
3.883429,155,470
3.883526,155,469
3.883861,155,468
3.884112,156,468
3.884694,156,467
3.884721,156,466
3.884737,155,467
3.884745,155,466
3.884766,156,466
3.885070,156,465
3.885282,156,464
3.885459,157,464
3.885560,157,463
3.885712,157,462
3.885969,157,461
3.886056,157,460
3.886167,157,459
3.886434,157,458
3.886492,157,457
3.886997,157,456
3.887666,157,455
3.887724,157,454
3.887744,157,453
3.887861,157,452
3.887908,157,451
3.888119,156,452
3.888349,156,451
3.888963,157,451
3.889007,157,450
3.889578,157,449
3.890535,157,448
3.891009,157,447
3.891017,158,447
3.891059,158,446
3.891678,158,445
3.891712,157,446
3.891817,158,446
3.892137,158,445
3.892250,157,446
3.892276,157,445
3.892448,156,446
3.892656,156,445
3.892894,155,446
3.893396,155,445
3.894060,155,444
3.894552,156,444
3.894569,156,443
3.894769,157,443
3.895589,157,442
3.895989,157,441
3.897261,157,440
3.897271,158,440
3.897471,158,439
3.898018,158,438
3.898706,159,438
3.899032,158,439
3.899133,158,438
3.899526,159,438
3.899605,159,437
3.900311,159,436
3.900708,160,436
3.900927,160,435
3.901418,161,435
3.901451,160,436
3.901571,159,437
3.901863,158,438
3.902310,158,437
3.902337,158,436
3.902598,157,437
3.902811,157,436
3.903251,158,436
3.903345,158,435
3.903723,158,434
3.903745,158,433
3.904348,158,432
3.904668,157,433
3.904747,157,432
3.904754,157,431
3.905297,157,430
3.905562,157,429
3.905719,158,429
3.907227,158,428
3.907283,157,429
3.907772,156,430
3.907787,157,430
3.907837,156,431
3.908085,156,430
3.908220,155,431
3.909169,155,430
3.909365,154,431
3.909454,154,430
3.909538,153,431
3.909785,153,430
3.910031,153,429
3.910269,154,429
3.910810,154,428
3.910893,155,428
3.911422,154,429
3.911440,154,428
3.911538,154,427
3.911541,154,426
3.911689,154,425
3.911767,154,424
3.913006,154,423
3.913191,153,424
3.913995,153,423
3.914769,153,422
3.914798,153,421
3.914983,153,420
3.915714,154,420
3.916702,154,419
3.918469,154,418
3.918618,154,417
3.918793,154,416
3.918926,154,415
3.919267,155,415
3.919301,155,414
3.919714,155,413
3.919950,154,414
3.920820,153,415
3.921054,153,414
3.921121,154,414
3.921243,154,413
3.921360,153,414
3.921389,152,415
3.921852,151,416
3.921963,151,415
3.922078,150,416
3.922200,150,415
3.923815,150,414
3.924036,151,414
3.924210,150,415
3.924655,150,414
3.925576,150,413
3.925614,150,412
3.925666,150,411
3.926124,150,410
3.926285,150,409
3.926300,151,409
3.926423,151,408
3.926968,151,407
3.927020,150,408
3.927038,150,407
3.927760,150,406
3.928622,150,405
3.928653,149,406
3.929568,150,406
3.929737,150,405
3.929813,150,404
3.930181,149,405
3.930821,149,404
3.931413,150,404
3.931513,150,403
3.931702,150,402
3.931879,150,401
3.932086,150,400
3.932802,151,400
3.933452,151,399
3.933583,150,400
3.933707,149,401
3.933797,148,402
3.934320,148,401
3.934328,149,401
3.935284,149,400
3.935482,149,399
3.937341,149,398
3.938165,149,397
3.938526,149,396
3.938567,150,396
3.938968,150,395
3.939303,150,394
3.939328,149,395
3.939471,149,394
3.939929,150,394
3.940083,150,393
3.940401,150,392
3.940589,149,393
3.941147,148,394
3.941361,149,394
3.942124,148,395
3.942158,147,396
3.942178,146,397
3.942668,146,396
3.942753,147,396
3.943277,147,395
3.943574,147,394
3.945067,148,394
3.945180,148,393
3.945253,147,394
3.945405,147,393
3.945500,147,392
3.945520,148,392
3.945751,149,392
3.946155,149,391
3.946166,150,391
3.946467,150,390
3.946582,150,389
3.946761,150,388
3.947868,151,388
3.948268,151,387
3.948616,152,387
3.948707,152,386
3.948749,152,385
3.949106,152,384
3.949500,152,383
3.950202,152,382
3.950430,152,381
3.950667,151,382
3.950966,151,381
3.951102,151,380
3.951154,152,380
3.951451,152,379
3.951616,152,378
3.951925,151,379
3.952372,150,380
3.952373,149,381
3.952619,149,380
3.953011,149,379
3.953339,149,378
3.953974,149,377
3.954176,148,378
3.954419,148,377
3.954799,148,376
3.955286,147,377
3.955538,147,376
3.955676,147,375
3.956000,147,374
3.956246,147,373
3.957516,147,372
3.958059,147,371
3.958646,147,370
3.958717,147,369
3.959007,146,370
3.959224,147,370
3.960089,147,369
3.960188,147,368
3.960387,147,367
3.960545,148,367
3.960820,147,368
3.961184,147,367
3.961253,146,368
3.961281,145,369
3.961313,145,368
3.961514,145,367
3.962230,144,368
3.962500,143,369
3.962834,143,368
3.963220,143,367
3.963675,143,366
3.964149,143,365
3.964509,143,364
3.965851,143,363
3.966397,144,363
3.966593,145,363
3.966787,145,362
3.966966,144,363
3.967125,145,363
3.967135,145,362
3.968422,145,361
3.968558,145,360
3.968565,146,360
3.968808,146,359
3.968890,146,358
3.968935,146,357
3.969140,146,356
3.969672,146,355
3.970362,146,354
3.970400,146,353
3.970974,146,352
3.971173,146,351
3.971308,146,350
3.972215,146,349
3.972395,147,349
3.972750,147,348
3.974147,146,349
3.974391,147,349
3.974473,146,350
3.974859,146,349
3.975237,146,348
3.975587,146,347
3.975603,147,347
3.976566,147,346
3.976698,147,345
3.977211,148,345
3.977409,148,344
3.977422,148,343
3.977724,147,344
3.977950,147,343
3.978014,148,343
3.978058,148,342
3.978299,149,342
3.978697,149,341
3.979308,149,340
3.979542,149,339
3.979756,149,338
3.979853,148,339
3.979883,149,339
3.980096,149,338
3.980246,148,339
3.981195,148,338
3.981382,148,337
3.981492,148,336
3.981571,147,337
3.981820,147,336
3.982020,147,335
3.982288,146,336
3.982502,147,336
3.982658,148,336
3.982747,148,335
3.982870,148,334
3.982964,148,333
3.983166,149,333
3.983241,149,332
3.983381,149,331
3.983528,148,332
3.983894,147,333
3.984274,146,334
3.984894,146,333
3.985595,145,334
3.986437,145,333
3.986532,146,333
3.987263,146,332
3.987428,146,331
3.987607,146,330
3.987913,146,329
3.988016,146,328
3.988110,145,329
3.988194,145,328
3.988544,145,327
3.989499,145,326
3.989731,144,327
3.990410,145,327
3.990661,145,326
3.991068,146,326
3.991073,146,325
3.991196,147,325
3.991273,146,326
3.992312,146,325
3.992711,146,324
3.993186,146,323
3.993278,146,322
3.994181,146,321
3.994439,146,320
3.994986,146,319
3.995499,146,318
3.995589,146,317
3.995654,146,316
3.996855,146,315
3.997569,147,315
3.999291,147,314
4.000348,147,313
4.000698,147,312
4.001424,147,311
4.001834,147,310
4.001915,147,309
4.001940,148,309
4.002981,147,310
4.003223,147,309
4.003576,148,309
4.004863,147,310
4.005109,146,311
4.005706,147,311
4.005977,148,311
4.006322,147,312
4.006383,147,311
4.006602,147,310
4.006838,147,309
4.007239,147,308
4.008111,146,309
4.008207,146,308
4.008279,146,307
4.008409,146,306
4.008474,145,307
4.008700,145,306
4.008941,145,305
4.009539,146,305
4.010247,146,304
4.010714,146,303
4.010767,146,302
4.010954,145,303
4.010996,144,304
4.011150,144,303
4.011508,145,303
4.012435,145,302
4.012711,144,303
4.013428,145,303
4.013476,145,302
4.013495,146,302
4.013531,145,303
4.013708,144,304
4.013840,143,305
4.014380,143,304
4.015220,144,304
4.015652,144,303
4.016026,144,302
4.016353,144,301
4.016550,144,300
4.016602,145,300
4.016846,145,299
4.017850,145,298
4.017863,144,299
4.017998,144,298
4.018166,145,298
4.018331,146,298
4.018926,146,297
4.019385,147,297
4.019436,147,296
4.019538,147,295
4.021088,148,295
4.021697,148,294
4.021720,149,294
4.021988,149,293
4.022298,149,292
4.023162,149,291
4.024074,150,291
4.024295,150,290
4.024531,150,289
4.025393,150,288
4.026096,150,287
4.026177,150,286
4.026599,150,285
4.026710,149,286
4.027213,148,287
4.027312,148,286
4.027315,148,285
4.027359,147,286
4.027518,147,285
4.027661,147,284
4.029692,148,284
4.030010,147,285
4.030391,147,284
4.030615,146,285
4.030850,145,286
4.031272,145,285
4.031686,145,284
4.031888,145,283
4.032441,145,282
4.032767,144,283
4.034159,144,282
4.034230,144,281
4.035179,144,280
4.035681,144,279
4.036626,143,280
4.036956,143,279
4.037739,143,278
4.037959,144,278
4.038834,144,277
4.038916,144,276
4.039607,144,275
4.040869,144,274
4.041362,144,273
4.042073,144,272
4.042079,144,271
4.043421,144,270
4.043516,144,269
4.044636,144,268
4.045083,144,267
4.045542,144,266
4.046000,144,265
4.046799,144,264
4.047085,144,263
4.047393,144,262
4.048308,144,261
4.048391,145,261
4.048917,145,260
4.049057,145,259
4.051337,145,258
4.053252,144,259
4.054415,144,258
4.054462,144,257
4.054569,144,256
4.054890,144,255
4.054930,144,254
4.055700,144,253
4.056119,144,252
4.056615,144,251
4.057003,143,252
4.058024,143,251
4.058956,142,252
4.059166,142,251
4.059435,143,251
4.059552,142,252
4.060022,141,253
4.060278,141,252
4.060913,141,251
4.061636,141,250
4.061749,141,249
4.061937,140,250
4.064929,140,249
4.064975,140,248
4.065633,140,247
4.065852,140,246
4.066116,141,246
4.066284,140,247
4.066654,140,246
4.068315,139,247
4.068810,138,248
4.069103,138,247
4.069230,138,246
4.069938,137,247
4.069970,137,246
4.070593,137,245
4.070753,137,244
4.071262,136,245
4.072674,136,244
4.072788,137,244
4.074198,137,243
4.074266,137,242
4.074366,137,241
4.074492,137,240
4.075331,137,239
4.075547,137,238
4.075555,136,239
4.076260,136,238
4.076479,136,237
4.076492,137,237
4.076502,137,236
4.076824,137,235
4.077384,136,236
4.077613,135,237
4.077616,135,236
4.077737,135,235
4.077850,136,235
4.078467,136,234
4.078971,136,233
4.079905,136,232
4.080056,136,231
4.080109,136,230
4.080365,137,230
4.080460,137,229
4.081642,137,228
4.082428,137,227
4.082555,137,226
4.082726,138,226
4.082897,138,225
4.083204,138,224
4.083636,138,223
4.084907,139,223
4.085454,139,222
4.085986,140,222
4.086017,140,221
4.086189,140,220
4.086457,140,219
4.086522,141,219
4.086597,141,218
4.087972,141,217
4.088235,140,218
4.088624,140,217
4.089179,139,218
4.089567,138,219
4.089652,139,219
4.089673,139,218
4.089902,139,217
4.090318,138,218
4.091516,138,217
4.091983,138,216
4.092005,138,215
4.092253,137,216
4.092781,138,216
4.092910,138,215
4.093022,138,214
4.093172,138,213
4.093357,138,212
4.094615,139,212
4.095334,140,212
4.096205,139,213
4.096406,140,213
4.096517,141,213
4.096699,142,213
4.097385,143,213
4.097397,143,212
4.097792,143,211
4.098134,142,212
4.098731,143,212
4.099736,143,211
4.100066,143,210
4.100752,143,209
4.100976,143,208
4.101738,142,209
4.101819,143,209
4.102636,143,208
4.102689,144,208
4.102698,145,208
4.105443,144,209
4.106132,144,208
4.106634,144,207
4.108221,143,208
4.108231,143,207
4.108249,143,206
4.108283,144,206
4.108668,144,205
4.109673,144,204
4.110705,144,203
4.110732,145,203
4.110931,145,202
4.111803,144,203
4.111992,143,204
4.113044,143,203
4.114285,143,202
4.114374,142,203
4.115117,142,202
4.115323,141,203
4.115404,142,203
4.116778,143,203
4.116967,144,203
4.117171,144,202
4.118112,143,203
4.118198,142,204
4.118485,142,203
4.119415,143,203
4.120263,144,203
4.121419,143,204
4.121620,143,203
4.123147,144,203
4.123781,144,202
4.124119,144,201
4.124120,144,200
4.128504,144,199
4.128896,144,198
4.129178,143,199
4.130012,143,198
4.130553,143,197
4.130635,143,196
4.131480,143,195
4.131904,144,195
4.132421,145,195
4.133730,145,194
4.134940,145,193
4.135027,146,193
4.135164,145,194
4.137042,145,193
4.137899,146,193
4.138334,147,193
4.139352,148,193
4.139721,149,193
4.140052,149,192
4.140515,149,191
4.140566,150,191
4.140896,150,190
4.141798,150,189
4.143704,150,188
4.144625,151,188
4.144701,152,188
4.144931,152,187
4.145200,151,188
4.145801,151,187
4.146265,152,187
4.146886,152,186
4.147015,151,187
4.147142,151,186
4.147435,151,185
4.147648,150,186
4.148449,150,185
4.148603,149,186
4.148819,149,185
4.149441,150,185
4.150077,151,185
4.150420,151,184
4.151360,152,184
4.151545,152,183
4.154084,152,182
4.154794,152,181
4.155032,152,180
4.155588,152,179
4.156066,152,178
4.156321,153,178
4.156909,153,177
4.158440,153,176
4.158574,152,177
4.159372,152,176
4.159955,152,175
4.161333,152,174
4.162454,151,175
4.162456,152,175
4.162484,151,176
4.163996,151,175
4.164262,150,176
4.164842,150,175
4.165520,150,174
4.166447,150,173
4.167334,150,172
4.167368,149,173
4.167952,149,172
4.168498,150,172
4.170166,149,173
4.170378,150,173
4.172022,150,172
4.172106,150,171
4.172268,151,171
4.172269,152,171
4.172628,151,172
4.174967,151,171
4.175375,152,171
4.176530,152,170
4.176967,152,169
4.177340,152,168
4.177686,153,168
4.178021,152,169
4.178371,153,169
4.178403,153,168
4.179045,154,168
4.179673,154,167
4.181333,153,168
4.181492,154,168
4.184315,155,168
4.184616,156,168
4.186087,157,168
4.186769,156,169
4.187277,157,169
4.187819,157,168
4.188432,156,169
4.188480,156,168
4.188839,157,168
4.190510,158,168
4.191181,159,168
4.191762,160,168
4.191836,161,168
4.192878,162,168
4.192989,162,167
4.193014,162,166
4.195414,162,165
4.195552,163,165
4.195849,164,165
4.196275,164,164
4.196329,165,164
4.198825,165,163
4.199242,166,163
4.200078,167,163
4.200078,167,162
4.200842,168,162
4.203212,169,162
4.203506,169,161
4.203656,169,160
4.204409,169,159
4.204487,169,158
4.205286,170,158
4.205761,170,157
4.205891,170,156
4.206161,170,155
4.206426,170,154
4.206968,171,154
4.208343,172,154
4.208506,172,153
4.208841,173,153
4.209572,173,152
4.210507,173,151
4.211376,173,150
4.211681,173,149
4.212806,173,148
4.213571,174,148
4.216106,174,147
4.216408,174,146
4.217742,173,147
4.218266,174,147
4.218290,174,146
4.219563,175,146
4.219597,175,145
4.219667,176,145
4.219982,177,145
4.221057,177,144
4.222688,177,143
4.223325,177,142
4.225581,178,142
4.225912,179,142
4.226850,179,141
4.227942,180,141
4.227968,180,140
4.228398,179,141
4.228411,180,141
4.228630,181,141
4.229033,182,141
4.229346,183,141
4.229847,184,141
4.230218,184,140
4.230820,183,141
4.230973,182,142
4.232046,183,142
4.232048,183,141
4.232260,184,141
4.233723,183,142
4.234153,183,141
4.234473,184,141
4.234939,185,141
4.235257,185,140
4.236468,186,140
4.237146,185,141
4.237247,185,140
4.237402,185,139
4.237576,185,138
4.238259,186,138
4.239734,186,137
4.240333,186,136
4.240600,185,137
4.241582,186,137
4.242828,187,137
4.243029,187,136
4.244651,188,136
4.244842,189,136
4.244886,190,136
4.244948,191,136
4.245590,192,136
4.246857,192,135
4.246873,191,136
4.248269,191,135
4.248778,190,136
4.250047,191,136
4.251239,190,137
4.251460,190,136
4.252854,191,136
4.253529,190,137
4.254796,191,137
4.256445,192,137
4.256637,191,138
4.257010,191,137
4.258974,192,137
4.259825,193,137
4.259970,192,138
4.261044,192,137
4.261735,192,136
4.262177,192,135
4.262202,191,136
4.262559,192,136
4.263038,192,135
4.263448,193,135
4.264164,193,134
4.264190,193,133
4.264353,194,133
4.264960,194,132
4.265032,195,132
4.265162,195,131
4.265473,195,130
4.265591,194,131
4.265701,194,130
4.266771,194,129
4.267151,194,128
4.268202,195,128
4.268542,195,127
4.269189,196,127
4.269620,196,126
4.269842,196,125
4.270021,197,125
4.270571,196,126
4.270763,197,126
4.272073,198,126
4.272992,197,127
4.273545,197,126
4.276134,198,126
4.276191,198,125
4.276869,199,125
4.276922,200,125
4.277191,201,125
4.277265,201,124
4.277722,202,124
4.277986,202,123
4.278215,201,124
4.280069,201,123
4.280102,202,123
4.281457,201,124
4.285172,201,123
4.285507,200,124
4.285612,199,125
4.286498,198,126
4.286929,198,125
4.287338,199,125
4.287437,199,124
4.288050,198,125
4.288641,199,125
4.288665,199,124
4.289025,198,125
4.289167,198,124
4.289675,197,125
4.290183,198,125
4.290743,199,125
4.291211,199,124
4.294310,199,123
4.294472,199,122
4.294482,199,121
4.295332,198,122
4.295815,198,121
4.295998,198,120
4.296396,199,120
4.299091,199,119
4.300009,200,119
4.300406,201,119
4.301583,200,120
4.303694,200,119
4.304242,200,118
4.304838,200,117
4.306650,200,116
4.307157,201,116
4.307442,201,115
4.308803,201,114
4.308881,200,115
4.309144,201,115
4.309919,201,114
4.311000,200,115
4.311168,201,115
4.311734,201,114
4.312602,202,114
4.312759,203,114
4.313487,203,113
4.314066,204,113
4.314347,205,113
4.316631,205,112
4.316811,206,112
4.317779,206,111
4.318279,207,111
4.318552,207,110
4.318580,207,109
4.318945,208,109
4.319423,209,109
4.319643,209,108
4.319865,208,109
4.319910,208,108
4.320879,208,107
4.321406,209,107
4.321638,209,106
4.322208,208,107
4.323066,209,107
4.324111,209,106
4.324259,210,106
4.324740,210,105
4.324840,209,106
4.325382,209,105
4.325929,210,105
4.326051,210,104
4.326802,210,103
4.327224,210,102
4.327848,211,102
4.328843,210,103
4.329182,211,103
4.331820,211,102
4.332612,212,102
4.332947,213,102
4.333191,213,101
4.337058,214,101
4.337276,215,101
4.337948,216,101
4.337961,217,101
4.340386,216,102
4.340825,216,101
4.341374,216,100
4.341545,217,100
4.342466,218,100
4.342489,218,99
4.343246,219,99
4.343417,220,99
4.343626,220,98
4.344681,219,99
4.344859,220,99
4.345696,220,98
4.347787,221,98
4.348005,221,97
4.348119,222,97
4.349100,223,97
4.349407,224,97
4.349729,223,98
4.350112,224,98
4.350569,224,97
4.351350,225,97
4.351445,225,96
4.351941,224,97
4.352193,224,96
4.352608,225,96
4.352616,225,95
4.353365,224,96
4.357051,224,95
4.357634,225,95
4.357800,226,95
4.357999,227,95
4.358210,228,95
4.358437,229,95
4.359123,230,95
4.360290,229,96
4.361671,229,95
4.362638,230,95
4.362975,230,94
4.364457,231,94
4.364602,230,95
4.364725,231,95
4.365461,232,95
4.366412,231,96
4.366860,230,97
4.367703,231,97
4.367837,232,97
4.368088,232,96
4.368794,232,95
4.368871,233,95
4.369434,234,95
4.370266,235,95
4.371007,234,96
4.371547,234,95
4.371592,233,96
4.371780,234,96
4.371829,235,96
4.372028,235,95
4.372788,235,94
4.373924,235,93
4.374065,236,93
4.374917,236,92
4.376370,237,92
4.376890,237,91
4.377002,238,91
4.377383,239,91
4.378109,239,90
4.378120,239,89
4.378597,240,89
4.378659,241,89
4.379449,242,89
4.380090,241,90
4.380217,240,91
4.380379,241,91
4.380480,241,90
4.381016,242,90
4.381273,243,90
4.384397,244,90
4.385181,245,90
4.386386,245,89
4.386399,244,90
4.386480,244,89
4.386690,245,89
4.387628,244,90
4.387933,245,90
4.388216,246,90
4.389002,247,90
4.389475,248,90
4.389623,248,89
4.391600,249,89
4.391897,248,90
4.392229,247,91
4.393259,248,91
4.393536,249,91
4.394253,248,92
4.394375,249,92
4.395069,250,92
4.395142,251,92
4.395568,251,91
4.395952,252,91
4.396261,252,90
4.398109,251,91
4.398737,251,90
4.399149,252,90
4.399986,253,90
4.401541,254,90
4.401785,254,89
4.401796,254,88
4.403367,255,88
4.403424,254,89
4.403726,255,89
4.404540,256,89
4.404998,255,90
4.405597,256,90
4.405638,257,90
4.407149,258,90
4.407927,259,90
4.408290,258,91
4.409324,259,91
4.410954,260,91
4.411080,260,90
4.411127,260,89
4.411923,261,89
4.413497,262,89
4.413576,263,89
4.414015,264,89
4.414229,264,88
4.414567,265,88
4.415388,264,89
4.415636,265,89
4.416001,266,89
4.416090,265,90
4.416498,264,91
4.416705,265,91
4.417800,266,91
4.417872,266,90
4.421331,267,90
4.422020,267,89
4.422191,267,88
4.422201,267,87
4.424357,267,86
4.424745,268,86
4.425102,269,86
4.425394,268,87
4.425876,269,87
4.426487,268,88
4.426495,267,89
4.428582,266,90
4.429236,266,89
4.430311,266,88
4.430690,267,88
4.430833,267,87
4.431460,268,87
4.432281,269,87
4.432579,269,86
4.433238,270,86
4.434494,270,85
4.435305,271,85
4.435409,272,85
4.436954,273,85
4.437301,272,86
4.437376,273,86
4.438039,274,86
4.438498,275,86
4.438892,276,86
4.439301,276,85
4.439654,277,85
4.442859,278,85
4.443833,278,84
4.444814,279,84
4.446190,279,83
4.446704,279,82
4.447618,278,83
4.447673,279,83
4.447716,278,84
4.447728,279,84
4.448405,280,84
4.448505,281,84
4.449057,282,84
4.449573,283,84
4.451566,284,84
4.451624,285,84
4.451652,285,83
4.452716,285,82
4.452780,286,82
4.454787,286,81
4.455896,285,82
4.458906,286,82
4.459374,287,82
4.459900,287,81
4.460178,287,80
4.460585,287,79
4.461737,286,80
4.463371,285,81
4.465397,286,81
4.465999,285,82
4.467341,286,82
4.467507,287,82
4.467553,287,81
4.467595,288,81
4.467955,287,82
4.468278,288,82
4.468438,289,82
4.469497,290,82
4.471789,290,81
4.471920,291,81
4.473047,291,80
4.475169,291,79
4.475631,291,78
4.476945,292,78
4.478384,293,78
4.478659,294,78
4.478983,293,79
4.482186,294,79
4.483811,295,79
4.484239,296,79
4.484561,297,79
4.485500,298,79
4.486815,299,79
4.487846,299,78
4.489154,300,78
4.491155,300,77
4.491202,301,77
4.493174,302,77
4.493828,303,77
4.494841,304,77
4.495606,305,77
4.496264,304,78
4.497149,303,79
4.497210,304,79
4.497551,305,79
4.497572,306,79
4.498308,305,80
4.498702,306,80
4.499504,307,80
4.499898,307,79
4.500497,306,80
4.500975,306,79
4.504386,307,79
4.505429,308,79
4.505445,309,79
4.506289,310,79
4.506347,310,78
4.506538,309,79
4.508506,310,79
4.508755,311,79
4.510183,312,79
4.510392,313,79
4.510708,313,78
4.510794,314,78
4.510820,314,77
4.510854,315,77
4.511251,316,77
4.511617,317,77
4.512484,318,77
4.512665,319,77
4.513216,318,78
4.513249,319,78
4.513963,320,78
4.514052,319,79
4.514278,319,78
4.515961,318,79
4.516150,319,79
4.517017,318,80
4.517493,319,80
4.518383,320,80
4.518728,320,79
4.519694,321,79
4.520427,322,79
4.522250,321,80
4.522878,322,80
4.523592,323,80
4.523827,322,81
4.524074,323,81
4.524257,324,81
4.524778,323,82
4.525069,322,83
4.526151,323,83
4.526263,322,84
4.526318,323,84
4.527534,324,84
4.530301,325,84
4.530305,326,84
4.530387,327,84
4.530678,328,84
4.530946,329,84
4.532536,329,83
4.532712,328,84
4.533310,329,84
4.534002,330,84
4.534359,330,83
4.534491,331,83
4.534565,332,83
4.534888,333,83
4.535866,332,84
4.535877,331,85
4.535959,332,85
4.536057,333,85
4.537748,333,84
4.537855,334,84
4.538525,333,85
4.538528,332,86
4.541097,333,86
4.541366,332,87
4.541396,333,87
4.541678,334,87
4.542145,334,86
4.542642,335,86
4.542915,336,86
4.544020,335,87
4.544140,336,87
4.544444,337,87
4.545145,336,88
4.547179,337,88
4.547278,338,88
4.547479,337,89
4.547851,337,88
4.548040,338,88
4.548601,337,89
4.548852,338,89
4.549280,338,88
4.549291,339,88
4.549327,339,87
4.549579,340,87
4.550086,340,86
4.550243,340,85
4.550761,341,85
4.551067,342,85
4.552122,343,85
4.552311,342,86
4.552491,341,87
4.552902,342,87
4.553169,343,87
4.553182,343,86
4.554976,344,86
4.556728,345,86
4.557276,344,87
4.557521,345,87
4.558815,346,87
4.559538,347,87
4.560874,347,86
4.561210,347,85
4.561300,348,85
4.561617,349,85
4.562088,350,85
4.562764,351,85
4.562947,352,85
4.563680,352,84
4.563740,353,84
4.564901,353,83
4.565796,353,82
4.565807,354,82
4.565823,353,83
4.566078,352,84
4.566925,352,83
4.566930,352,82
4.567955,352,81
4.568101,353,81
4.569011,354,81
4.571685,354,80
4.572200,355,80
4.573015,355,79
4.574075,356,79
4.574766,357,79
4.575822,357,78
4.575878,358,78
4.576179,359,78
4.576617,359,77
4.576966,360,77
4.577923,361,77
4.577958,362,77
4.579704,363,77
4.580701,364,77
4.580899,364,76
4.581671,363,77
4.582455,362,78
4.582588,361,79
4.583071,362,79
4.583382,363,79
4.583559,362,80
4.584423,363,80
4.585169,363,79
4.585989,362,80
4.586263,363,80
4.586380,364,80
4.586813,365,80
4.587887,364,81
4.588410,365,81
4.588571,365,80
4.588902,366,80
4.589348,366,79
4.589479,366,78
4.589761,367,78
4.589813,368,78
4.590099,369,78
4.590343,370,78
4.591543,371,78
4.592175,372,78
4.592261,373,78
4.592772,373,77
4.593523,374,77
4.593737,375,77
4.594075,376,77
4.594164,377,77
4.594298,378,77
4.594527,377,78
4.594691,378,78
4.595418,379,78
4.595885,380,78
4.596289,381,78
4.596687,382,78
4.597170,382,77
4.598096,382,76
4.600754,381,77
4.600952,381,76
4.601150,382,76
4.601176,383,76
4.602666,383,75
4.603381,384,75
4.603559,385,75
4.604187,385,74
4.604361,384,75
4.605588,385,75
4.606764,386,75
4.607202,387,75
4.607685,387,74
4.607921,387,73
4.608762,388,73
4.608856,389,73
4.609956,390,73
4.611332,391,73
4.611343,392,73
4.611462,391,74
4.611716,391,73
4.611792,392,73
4.612676,393,73
4.612770,394,73
4.613153,393,74
4.613347,394,74
4.614267,395,74
4.615264,394,75
4.615292,394,74
4.616764,395,74
4.618506,396,74
4.619233,396,73
4.619316,397,73
4.619769,398,73
4.619802,399,73
4.619987,400,73
4.620817,401,73
4.622108,402,73
4.622838,403,73
4.624089,404,73
4.624266,405,73
4.625483,406,73
4.626302,406,72
4.626522,407,72
4.627959,407,71
4.628004,406,72
4.628306,407,72
4.629173,408,72
4.629613,409,72
4.630503,410,72
4.630751,410,71
4.630917,411,71
4.631684,412,71
4.632006,413,71
4.632327,414,71
4.632381,415,71
4.632382,416,71
4.634891,417,71
4.635377,418,71
4.635486,419,71
4.635703,420,71
4.635863,421,71
4.636225,421,70
4.637052,422,70
4.637104,423,70
4.638363,423,69
4.639484,422,70
4.639545,422,69
4.640129,421,70
4.640246,422,70
4.640395,423,70
4.640459,424,70
4.641094,425,70
4.641232,424,71
4.643111,425,71
4.643414,425,70
4.643955,426,70
4.644113,426,69
4.644529,426,68
4.644715,425,69
4.645745,426,69
4.646780,427,69
4.646967,427,68
4.646982,428,68
4.647271,429,68
4.647648,430,68
4.648160,431,68
4.648663,432,68
4.648863,431,69
4.649187,432,69
4.649822,433,69
4.650036,432,70
4.651550,432,69
4.651625,432,68
4.651644,431,69
4.651964,432,69
4.652556,433,69
4.653408,433,68
4.653478,434,68
4.653828,435,68
4.655047,436,68
4.655542,437,68
4.655990,437,67
4.656692,438,67
4.657162,438,66
4.657783,438,65
4.658121,439,65
4.658695,440,65
4.659057,441,65
4.660268,442,65
4.661527,441,66
4.661647,442,66
4.662214,441,67
4.662361,440,68
4.663266,441,68
4.664002,442,68
4.664886,443,68
4.665028,444,68
4.665144,445,68
4.665177,445,67
4.666873,446,67
4.667106,445,68
4.668202,446,68
4.668910,446,67
4.669436,447,67
4.670480,448,67
4.671856,449,67
4.672607,450,67
4.672610,450,66
4.672823,451,66
4.672851,452,66
4.673580,452,65
4.673703,453,65
4.674092,453,64
4.674499,454,64
4.675374,455,64
4.675496,456,64
4.675685,457,64
4.675741,458,64
4.676910,459,64
4.677032,460,64
4.677056,460,63
4.677186,459,64
4.677450,458,65
4.678574,459,65
4.680009,460,65
4.680649,461,65
4.681137,460,66
4.681181,461,66
4.681796,462,66
4.682263,463,66
4.682892,464,66
4.683646,464,65
4.683662,465,65
4.685816,466,65
4.686238,467,65
4.687741,467,64
4.687768,468,64
4.688056,469,64
4.688318,469,63
4.690133,470,63
4.690604,471,63
4.690858,472,63
4.691147,473,63
4.691943,474,63
4.692019,475,63
4.692191,476,63
4.692271,476,62
4.692787,475,63
4.693060,476,63
4.693127,477,63
4.693399,478,63
4.694449,479,63
4.695511,478,64
4.695640,477,65
4.696070,478,65
4.696142,477,66
4.696344,478,66
4.696480,479,66
4.697129,480,66
4.697488,481,66
4.697732,482,66
4.697954,483,66
4.698320,483,65
4.699680,483,64
4.699953,484,64
4.700175,483,65
4.700382,484,65
4.700477,485,65
4.701307,484,66
4.702251,485,66
4.702279,484,67
4.702290,485,67
4.702530,486,67
4.702622,487,67
4.702920,488,67
4.703108,489,67
4.703851,488,68
4.705055,489,68
4.705218,490,68
4.705864,489,69
4.706300,490,69
4.706973,489,70
4.707179,490,70
4.707877,490,69
4.708198,491,69
4.709650,490,70
4.709665,491,70
4.709913,492,70
4.710426,492,69
4.710739,492,68
4.710923,492,67
4.711570,493,67
4.711836,494,67
4.711843,495,67
4.712020,496,67
4.712850,497,67
4.712920,498,67
4.712949,499,67
4.713906,500,67
4.715611,500,66
4.715699,501,66
4.715894,502,66
4.717348,503,66
4.717996,504,66
4.718317,505,66
4.718611,504,67
4.718797,504,66
4.721153,505,66
4.721604,506,66
4.721788,507,66
4.722349,507,65
4.723937,508,65
4.725340,508,64
4.727438,508,63
4.727821,509,63
4.727901,510,63
4.727960,511,63
4.728139,512,63
4.729107,511,64
4.730275,511,63
4.731004,512,63
4.731355,511,64
4.732049,512,64
4.732060,513,64
4.733030,512,65
4.733398,513,65
4.735159,513,64
4.735777,512,65
4.735811,513,65
4.736130,514,65
4.737130,515,65
4.737311,516,65
4.737912,517,65
4.738416,518,65
4.738792,517,66
4.739022,517,65
4.739053,518,65
4.739306,519,65
4.739560,520,65
4.740194,521,65
4.740488,521,64
4.740897,522,64
4.740906,523,64
4.741140,522,65
4.741508,523,65
4.741622,524,65
4.743729,525,65
4.744679,526,65
4.744756,527,65
4.744984,528,65
4.745689,529,65
4.746115,530,65
4.746702,529,66
4.746725,530,66
4.747160,530,65
4.747204,531,65
4.747807,532,65
4.748307,533,65
4.748873,534,65
4.749045,535,65
4.750168,535,64
4.752471,535,63
4.754005,536,63
4.754440,537,63
4.754568,538,63
4.754600,539,63
4.756046,540,63
4.756303,541,63
4.756334,542,63
4.757393,543,63
4.757485,544,63
4.758484,545,63
4.759245,544,64
4.759446,543,65
4.760039,544,65
4.760498,543,66
4.761093,544,66
4.762014,544,65
4.762357,545,65
4.763156,546,65
4.763312,547,65
4.763382,547,64
4.763652,546,65
4.763940,547,65
4.764488,546,66
4.765663,547,66
4.765789,548,66
4.765916,549,66
4.765973,548,67
4.766986,548,66
4.767143,549,66
4.767197,550,66
4.767740,551,66
4.768311,552,66
4.769201,553,66
4.770978,554,66
4.772538,555,66
4.772574,556,66
4.773952,557,66
4.774054,558,66
4.776211,559,66
4.776659,560,66
4.776967,559,67
4.777912,560,67
4.778158,561,67
4.778612,562,67
4.779699,563,67
4.779802,564,67
4.780307,565,67
4.780492,566,67
4.780678,567,67
4.780780,568,67
4.780956,567,68
4.781187,568,68
4.781188,569,68
4.781265,570,68
4.782754,571,68
4.783437,570,69
4.784342,571,69
4.784621,571,68
4.784839,572,68
4.784917,573,68
4.785291,574,68
4.785687,575,68
4.785734,576,68
4.787613,575,69
4.788309,576,69
4.788826,577,69
4.788993,577,68
4.789204,576,69
4.789223,576,68
4.789470,577,68
4.790234,576,69
4.790515,577,69
4.791620,578,69
4.792241,578,68
4.792890,577,69
4.793289,577,68
4.793630,578,68
4.793770,579,68
4.794241,580,68
4.794313,579,69
4.794535,580,69
4.794714,581,69
4.796158,580,70
4.796783,581,70
4.796912,582,70
4.797008,583,70
4.797166,582,71
4.797222,583,71
4.797290,584,71
4.798096,583,72
4.798235,584,72
4.798512,585,72
4.798897,586,72
4.799384,587,72
4.799784,588,72
4.799870,589,72
4.800817,590,72
4.801110,591,72
4.802248,592,72
4.802737,591,73
4.802757,592,73
4.804004,593,73
4.804710,592,74
4.804767,593,74
4.805737,594,74
4.806104,595,74
4.806350,596,74
4.806545,595,75
4.806666,596,75
4.807116,596,74
4.807707,595,75
4.807884,594,76
4.809568,595,76
4.811088,594,77
4.811488,595,77
4.811995,596,77
4.812869,597,77
4.813074,597,76
4.813391,598,76
4.814133,597,77
4.814179,597,76
4.814225,598,76
4.814236,597,77
4.814455,598,77
4.815447,598,76
4.815674,599,76
4.816212,600,76
4.816238,600,75
4.816307,601,75
4.816365,602,75
4.817461,603,75
4.817777,602,76
4.817885,603,76
4.818557,602,77
4.819090,603,77
4.819158,603,76
4.819339,602,77
4.819367,603,77
4.819929,604,77
4.820362,605,77
4.820548,606,77
4.820603,607,77
4.820729,608,77
4.821166,609,77
4.821305,609,76
4.821795,610,76
4.821899,611,76
4.821922,612,76
4.822132,613,76
4.822176,612,77
4.822374,613,77
4.822635,614,77
4.823971,615,77
4.824439,616,77
4.824596,617,77
4.824635,616,78
4.824746,617,78
4.824782,617,77
4.825062,616,78
4.825386,616,77
4.825625,617,77
4.827143,618,77
4.827374,617,78
4.827464,618,78
4.828455,619,78
4.828740,620,78
4.829104,621,78
4.829393,621,77
4.829882,620,78
4.830834,621,78
4.831038,620,79
4.831293,619,80
4.831500,619,79
4.831627,620,79
4.831646,619,80
4.832754,618,81
4.832821,619,81
4.833079,620,81
4.833346,621,81
4.833891,620,82
4.834180,620,81
4.834731,621,81
4.835057,621,80
4.835369,622,80
4.835455,623,80
4.835516,624,80
4.836105,625,80
4.837497,626,80
4.837713,627,80
4.837716,628,80
4.838062,627,81
4.838087,627,80
4.838247,628,80
4.838548,627,81
4.838755,628,81
4.838860,629,81
4.839114,629,80
4.839779,630,80
4.839883,631,80
4.840577,632,80
4.841247,633,80
4.841368,634,80
4.841840,633,81
4.841860,634,81
4.841955,633,82
4.842127,634,82
4.842461,633,83
4.842676,633,82
4.843399,634,82
4.843423,635,82
4.843506,636,82
4.843813,637,82
4.844062,638,82
4.844159,639,82
4.845597,640,82
4.845693,641,82
4.846373,642,82
4.846567,643,82
4.846943,644,82
4.847382,645,82
4.847571,646,82
4.847587,646,81
4.847835,647,81
4.848507,647,80
4.848718,647,79
4.849756,648,79
4.850125,647,80
4.850368,648,80
4.851460,649,80
4.851512,650,80
4.852231,651,80
4.852803,652,80
4.852874,653,80
4.853205,654,80
4.853301,655,80
4.853601,654,81
4.854074,653,82
4.854848,654,82
4.855136,654,81
4.855264,655,81
4.856163,655,80
4.856230,655,79
4.856282,654,80
4.856340,655,80
4.856829,655,79
4.856934,656,79
4.857232,656,78
4.857585,657,78
4.857838,658,78
4.857883,658,77
4.858014,657,78
4.858136,656,79
4.858710,657,79
4.858892,656,80
4.859372,655,81
4.860033,656,81
4.860280,655,82
4.860573,655,81
4.860953,655,80
4.861179,656,80
4.861369,657,80
4.861468,656,81
4.861663,657,81
4.862123,658,81
4.862485,659,81
4.862624,658,82
4.863382,659,82
4.863410,660,82
4.863686,660,81
4.863899,661,81
4.864150,662,81
4.864154,663,81
4.864555,664,81
4.864691,665,81
4.864965,665,80
4.865474,666,80
4.865651,667,80
4.865771,668,80
4.866510,669,80
4.866855,670,80
4.867381,670,79
4.868020,671,79
4.868326,672,79
4.868820,673,79
4.869171,674,79
4.869343,675,79
4.869480,676,79
4.871246,677,79
4.871292,678,79
4.871924,679,79
4.872114,680,79
4.872512,681,79
4.873009,682,79
4.873092,683,79
4.873191,682,80
4.873241,683,80
4.873243,684,80
4.874199,683,81
4.874366,682,82
4.875351,681,83
4.876274,680,84
4.876375,680,83
4.876395,680,82
4.876561,681,82
4.876682,682,82
4.876863,683,82
4.877135,684,82
4.877233,685,82
4.877332,685,81
4.877510,686,81
4.877699,687,81
4.877766,688,81
4.877943,689,81
4.878173,690,81
4.878938,691,81
4.878972,692,81
4.879322,693,81
4.879604,694,81
4.879770,693,82
4.880017,694,82
4.880286,695,82
4.880367,696,82
4.880451,695,83
4.880603,696,83
4.880739,697,83
4.881184,698,83
4.881377,699,83
4.882286,700,83
4.882294,699,84
4.882374,700,84
4.882592,701,84
4.882740,702,84
4.882897,702,83
4.883130,703,83
4.883726,704,83
4.883954,705,83
4.884055,704,84
4.884139,705,84
4.884285,706,84
4.884448,707,84
4.884861,708,84
4.884870,709,84
4.885176,710,84
4.885389,711,84
4.886136,712,84
4.886552,713,84
4.886695,712,85
4.886830,711,86
4.887015,712,86
4.887188,713,86
4.888508,714,86
4.888826,713,87
4.889093,714,87
4.889547,713,88
4.889708,713,87
4.889951,712,88
4.890206,713,88
4.890478,712,89
4.891408,713,89
4.892137,714,89
4.892567,714,88
4.892727,715,88
4.892991,714,89
4.893348,715,89
4.893804,716,89
4.893858,715,90
4.893934,716,90
4.894518,717,90
4.894595,716,91
4.895441,717,91
4.896119,718,91
4.896352,717,92
4.896599,717,91
4.896780,716,92
4.897072,717,92
4.897224,718,92
4.897389,719,92
4.897797,720,92
4.897867,721,92
4.898088,722,92
4.898375,723,92
4.898586,722,93
4.898612,723,93
4.899138,724,93
4.899188,725,93
4.899303,725,92
4.899732,726,92
4.900162,726,91
4.900323,725,92
4.900534,724,93
4.900791,725,93
4.901280,726,93
4.901458,727,93
4.901600,726,94
4.901775,726,93
4.901938,727,93
4.902096,728,93
4.902367,729,93
4.903332,728,94
4.903780,729,94
4.904007,729,93
4.904327,730,93
4.904809,731,93
4.905925,730,94
4.906736,731,94
4.906757,731,93
4.906762,732,93
4.906915,733,93
4.907360,732,94
4.907706,733,94
4.908027,732,95
4.908078,731,96
4.908340,730,97
4.909033,731,97
4.909793,732,97
4.909943,733,97
4.909985,734,97
4.910168,733,98
4.910505,734,98
4.910635,735,98
4.910773,736,98
4.910942,737,98
4.911435,738,98
4.911484,739,98
4.911896,740,98
4.911951,741,98
4.911960,740,99
4.912108,740,98
4.912454,739,99
4.912870,738,100
4.913040,739,100
4.913281,740,100
4.913397,741,100
4.914048,742,100
4.914235,743,100
4.914345,744,100
4.914364,745,100
4.914629,746,100
4.915334,747,100
4.915654,748,100
4.915709,749,100
4.915979,750,100
4.916347,751,100
4.916653,752,100
4.917620,753,100
4.917941,754,100
4.918202,755,100
4.918208,754,101
4.918242,754,100
4.918367,754,99
4.918627,755,99
4.919158,756,99
4.919388,757,99
4.919706,758,99
4.920059,759,99
4.920154,760,99
4.920158,761,99
4.920319,760,100
4.920366,760,99
4.920493,761,99
4.920523,762,99
4.920668,763,99
4.920741,762,100
4.920861,763,100
4.921438,763,99
4.921514,764,99
4.921646,765,99
4.921883,766,99
4.922139,767,99
4.922955,766,100
4.923448,767,100
4.923797,768,100
4.924069,769,100
4.924299,770,100
4.924753,771,100
4.925240,772,100
4.925467,772,99
4.925887,773,99
4.925925,774,99
4.926049,775,99
4.926323,776,99
4.926442,777,99
4.926680,776,100
4.926916,776,99
4.927641,777,99
4.928613,776,100
4.928713,777,100
4.928793,778,100
4.929211,779,100
4.930233,780,100
4.930281,779,101
4.930333,780,101
4.931103,781,101
4.931193,782,101
4.931634,783,101
4.932356,784,101
4.932546,785,101
4.932551,785,100
4.933012,786,100
4.934360,787,100
4.934374,788,100
4.935215,789,100
4.935363,790,100
4.935402,791,100
4.935449,790,101
4.935663,789,102
4.936032,790,102
4.936097,790,101
4.936899,791,101
4.936952,790,102
4.937914,791,102
4.938180,792,102
4.939232,791,103
4.939237,790,104
4.939399,789,105
4.940838,790,105
4.940846,791,105
4.940863,792,105
4.940952,793,105
4.941092,794,105
4.941195,795,105
4.941361,794,106
4.941462,793,107
4.941716,794,107
4.941758,793,108
4.941992,793,107
4.942041,794,107
4.942349,794,106
4.943581,795,106
4.944259,796,106
4.944330,795,107
4.944382,794,108
4.944640,795,108
4.944846,796,108
4.944865,797,108
4.944888,796,109
4.944919,797,109
4.945330,798,109
4.946127,797,110
4.946436,798,110
4.946500,799,110
4.946599,798,111
4.946878,798,110
4.947346,798,109
4.947515,799,109
4.947601,800,109
4.947810,801,109
4.947993,802,109
4.948714,802,108
4.948784,803,108
4.948915,802,109
4.949014,801,110
4.949426,802,110
4.949533,801,111
4.949656,800,112
4.949692,801,112
4.949744,802,112
4.949845,801,113
4.950008,802,113
4.950316,803,113
4.950555,803,112
4.950624,804,112
4.950984,805,112
4.951580,806,112
4.951677,807,112
4.951679,807,111
4.952091,806,112
4.952524,807,112
4.952627,808,112
4.952695,809,112
4.953189,810,112
4.953883,810,111
4.955593,811,111
4.955699,810,112
4.955813,811,112
4.956069,811,111
4.956200,812,111
4.956492,813,111
4.956678,814,111
4.956700,815,111
4.957409,815,110
4.957457,814,111
4.957580,815,111
4.957618,814,112
4.957805,813,113
4.958124,813,112
4.958138,814,112
4.958138,814,111
4.958433,813,112
4.958456,812,113
4.958553,813,113
4.958744,814,113
4.958770,814,112
4.958888,815,112
4.959005,816,112
4.959031,815,113
4.959127,816,113
4.959177,817,113
4.959253,817,112
4.959351,818,112
4.959469,817,113
4.959494,817,112
4.959558,818,112
4.960278,817,113
4.960836,816,114
4.961014,817,114
4.961467,818,114
4.961990,817,115
4.962193,817,114
4.962219,816,115
4.963562,815,116
4.963833,814,117
4.963997,815,117
4.964395,815,116
4.964513,816,116
4.964630,817,116
4.965160,816,117
4.965465,816,116
4.965590,817,116
4.965616,818,116
4.965969,819,116
4.966055,820,116
4.966129,820,115
4.966145,820,114
4.966248,821,114
4.966630,822,114
4.967000,823,114
4.967229,823,113
4.967775,824,113
4.967896,825,113
4.967941,826,113
4.968640,827,113
4.968802,828,113
4.968907,827,114
4.968946,827,113
4.969347,827,112
4.969467,828,112
4.969728,829,112
4.969751,830,112
4.969874,831,112
4.970092,832,112
4.970617,832,111
4.970826,833,111
4.971011,834,111
4.972016,833,112
4.972248,834,112
4.972303,835,112
4.972787,835,111
4.973350,836,111
4.973899,835,112
4.974218,834,113
4.974492,834,112
4.974680,835,112
4.974695,834,113
4.974819,835,113
4.974977,836,113
4.975502,837,113
4.975822,838,113
4.976768,839,113
4.977234,838,114
4.977687,839,114
4.977958,838,115
4.978534,838,114
4.978572,839,114
4.978623,840,114
4.979168,841,114
4.979490,842,114
4.979814,841,115
4.980046,842,115
4.980518,843,115
4.980522,844,115
4.980913,843,116
4.981008,844,116
4.981460,845,116
4.981894,844,117
4.982204,844,116
4.982348,845,116
4.983053,846,116
4.983192,847,116
4.983257,848,116
4.983287,847,117
4.983537,848,117
4.983566,849,117
4.983947,850,117
4.984093,851,117
4.984102,850,118
4.984276,851,118
4.984601,852,118
4.984605,853,118
4.984928,852,119
4.985177,853,119
4.985807,853,118
4.986112,854,118
4.986704,854,117
4.986794,855,117
4.986902,854,118
4.987387,854,117
4.987592,855,117
4.987755,855,116
4.988346,856,116
4.988472,857,116
4.988815,857,115
4.988982,856,116
4.989005,855,117
4.989028,856,117
4.989282,857,117
4.990026,858,117
4.990082,857,118
4.990140,856,119
4.990214,857,119
4.990743,858,119
4.991203,859,119
4.991280,858,120
4.991395,859,120
4.991722,860,120
4.991730,861,120
4.991878,862,120
4.992060,863,120
4.992239,863,119
4.992443,864,119
4.992470,863,120
4.992668,864,120
4.993086,865,120
4.993170,866,120
4.993424,867,120
4.993465,866,121
4.993804,867,121
4.994072,866,122
4.994400,865,123
4.994812,864,124
4.994940,864,123
4.995551,863,124
4.995600,862,125
4.995928,863,125
4.995937,864,125
4.996033,865,125
4.996370,866,125
4.997028,865,126
4.997149,865,125
4.997261,866,125
4.997506,867,125
4.997742,868,125
4.997759,867,126
4.997913,866,127
4.998282,867,127
4.998308,866,128
4.998315,867,128
4.998376,867,127
4.999342,867,126
4.999374,868,126
4.999463,869,126
4.999840,870,126
4.999914,871,126
5.000134,871,125
5.000345,870,126
5.000982,871,126
5.001126,872,126
5.001479,873,126
5.001501,874,126
5.001666,875,126
5.001816,874,127
5.001852,873,128
5.001980,874,128
5.002729,875,128
5.002763,876,128
5.003060,876,127
5.003410,877,127
5.003446,878,127
5.003455,879,127
5.004175,878,128
5.004799,877,129
5.004823,878,129
5.005590,877,130
5.005722,876,131
5.005726,875,132
5.006093,874,133
5.006126,873,134
5.006228,874,134
5.006629,875,134
5.006830,876,134
5.007001,876,133
5.007248,877,133
5.007543,878,133
5.007566,879,133
5.007639,880,133
5.007782,881,133
5.008114,882,133
5.008252,881,134
5.008256,880,135
5.008358,881,135
5.008430,882,135
5.008651,883,135
5.008960,882,136
5.009010,882,135
5.009166,881,136
5.009260,880,137
5.009310,881,137
5.009398,880,138
5.010135,881,138
5.010343,880,139
5.010560,880,138
5.010773,881,138
5.010818,882,138
5.010825,881,139
5.010967,881,138
5.011114,882,138
5.011145,883,138
5.011887,884,138
5.012020,885,138
5.012168,885,137
5.012310,886,137
5.012427,886,136
5.012521,887,136
5.012681,886,137
5.012703,887,137
5.012943,888,137
5.013226,889,137
5.013949,888,138
5.013971,889,138
5.014299,888,139
5.014620,888,138
5.015023,889,138
5.016180,889,137
5.017283,890,137
5.017390,891,137
5.017690,890,138
5.017724,891,138
5.018177,892,138
5.018239,892,137
5.019513,893,137
5.019735,894,137
5.020267,894,136
5.020400,895,136
5.020401,896,136
5.020638,897,136
5.020681,897,135
5.020848,896,136
5.020937,895,137
5.021078,896,137
5.021520,897,137
5.021769,898,137
5.021803,898,136
5.021912,899,136
5.021998,900,136
5.022106,901,136
5.022190,900,137
5.022591,901,137
5.022961,900,138
5.023076,901,138
5.023160,902,138
5.023171,903,138
5.023348,902,139
5.023617,903,139
5.023883,902,140
5.023934,901,141
5.024301,902,141
5.024504,901,142
5.024581,901,141
5.024982,900,142
5.025000,901,142
5.025216,902,142
5.025729,903,142
5.025737,902,143
5.026203,901,144
5.026594,902,144
5.026680,902,143
5.026690,903,143
5.026739,902,144
5.026743,903,144
5.026753,902,145
5.027070,903,145
5.027314,902,146
5.027779,901,147
5.028130,902,147
5.028393,903,147
5.028435,902,148
5.029238,903,148
5.029488,904,148
5.029644,905,148
5.030415,904,149
5.030565,905,149
5.030585,906,149
5.030934,907,149
5.031266,906,150
5.031569,905,151
5.031724,906,151
5.032253,907,151
5.032394,908,151
5.032466,908,150
5.033245,908,149
5.033671,909,149
5.033874,910,149
5.034402,911,149
5.034561,912,149
5.034644,913,149
5.035022,914,149
5.035090,915,149
5.035185,916,149
5.035650,917,149
5.035657,918,149
5.035789,918,148
5.035877,917,149
5.036245,918,149
5.036544,917,150
5.036600,918,150
5.036624,917,151
5.036925,918,151
5.037301,919,151
5.037585,920,151
5.037687,920,150
5.037880,921,150
5.038151,920,151
5.038920,919,152
5.039037,920,152
5.039050,921,152
5.039105,920,153
5.039454,919,154
5.039491,919,153
5.039752,918,154
5.039828,919,154
5.039930,920,154
5.040335,921,154
5.040765,922,154
5.040944,923,154
5.041932,922,155
5.042078,921,156
5.042873,920,157
5.043153,921,157
5.043178,922,157
5.043231,921,158
5.043335,922,158
5.043708,923,158
5.043754,923,157
5.043872,923,156
5.044326,922,157
5.044422,923,157
5.044672,923,156
5.044779,924,156
5.045003,925,156
5.045237,926,156
5.045303,927,156
5.045464,926,157
5.045682,925,158
5.045893,924,159
5.045909,924,158
5.046167,923,159
5.046435,923,158
5.046870,924,158
5.047266,923,159
5.047328,924,159
5.047397,924,158
5.047488,923,159
5.047507,924,159
5.047865,925,159
5.048171,925,158
5.048184,924,159
5.048586,925,159
5.048753,924,160
5.048829,925,160
5.048911,925,159
5.048943,924,160
5.049024,925,160
5.049077,926,160
5.049124,927,160
5.049170,926,161
5.049183,927,161
5.049343,926,162
5.049976,927,162
5.049976,928,162
5.050075,928,161
5.050217,929,161
5.050330,930,161
5.050389,931,161
5.050412,932,161
5.051081,933,161
5.051421,934,161
5.051646,935,161
5.052238,934,162
5.052343,934,161
5.053163,933,162
5.053543,934,162
5.053716,933,163
5.053916,934,163
5.054047,933,164
5.054078,932,165
5.054354,933,165
5.054488,933,164
5.054586,934,164
5.054991,935,164
5.055443,936,164
5.055478,937,164
5.055848,936,165
5.055896,935,166
5.055984,935,165
5.056192,934,166
5.056391,934,165
5.056493,935,165
5.056620,936,165
5.056831,935,166
5.056877,934,167
5.056907,933,168
5.057227,932,169
5.057383,931,170
5.057636,930,171
5.057781,929,172
5.058277,930,172
5.058548,930,171
5.058705,929,172
5.058979,930,172
5.059269,929,173
5.059275,930,173
5.059962,931,173
5.060020,932,173
5.060032,933,173
5.060134,934,173
5.060550,934,172
5.061256,935,172
5.061267,935,171
5.061434,935,170
5.061611,934,171
5.061815,933,172
5.061962,934,172
5.062036,935,172
5.062620,936,172
5.062755,937,172
5.062942,936,173
5.062942,937,173
5.063104,938,173
5.063179,939,173
5.063216,940,173
5.063423,941,173
5.063734,942,173
5.063873,941,174
5.064161,941,173
5.064207,942,173
5.064207,942,172
5.064660,943,172
5.064700,944,172
5.065071,945,172
5.065639,944,173
5.065919,943,174
5.066017,942,175
5.066301,943,175
5.066968,944,175
5.066993,943,176
5.067448,944,176
5.067670,944,175
5.067854,945,175
5.067868,946,175
5.068028,947,175
5.068357,948,175
5.068372,949,175
5.068449,950,175
5.068538,949,176
5.068613,950,176
5.068688,951,176
5.068826,950,177
5.069050,949,178
5.069242,950,178
5.069300,951,178
5.069342,952,178
5.069495,953,178
5.069587,952,179
5.069660,952,178
5.069822,952,177
5.069972,951,178
5.070085,952,178
5.070352,953,178
5.070486,954,178
5.070500,955,178
5.070843,955,177
5.070972,956,177
5.071039,956,176
5.071057,955,177
5.071640,956,177
5.071901,957,177
5.072051,957,176
5.072287,958,176
5.072418,959,176
5.072454,960,176
5.072491,961,176
5.072550,960,177
5.072889,961,177
5.072979,962,177
5.073103,963,177
5.073665,963,176
5.073765,963,175
5.074092,964,175
5.074446,965,175
5.074456,964,176
5.074991,964,175
5.075008,965,175
5.075223,966,175
5.075330,965,176
5.075446,964,177
5.075529,965,177
5.075761,964,178
5.076187,965,178
5.076469,965,177
5.076551,966,177
5.077655,966,176
5.077761,966,175
5.077794,965,176
5.077929,966,176
5.078216,967,176
5.078231,966,177
5.078702,965,178
5.078854,964,179
5.079206,965,179
5.079463,964,180
5.079670,964,179
5.079694,965,179
5.080625,964,180
5.080834,965,180
5.080837,966,180
5.081043,965,181
5.081509,965,180
5.081733,964,181
5.081775,965,181
5.082008,966,181
5.082122,966,180
5.082243,965,181
5.082405,964,182
5.082456,965,182
5.082474,964,183
5.082499,963,184
5.082523,962,185
5.082545,961,186
5.082569,962,186
5.082617,963,186
5.082651,964,186
5.083418,965,186
5.083462,964,187
5.083749,965,187
5.083775,965,186
5.083816,964,187
5.084154,963,188
5.084432,962,189
5.084561,962,188
5.084615,962,187
5.084629,962,186
5.084860,963,186
5.085155,964,186
5.085167,964,185
5.085328,964,184
5.085799,965,184
5.086246,965,183
5.086373,964,184
5.086714,965,184
5.086762,964,185
5.086940,965,185
5.087011,966,185
5.087337,966,184
5.087394,965,185
5.087542,966,185
5.087563,966,184
5.087629,967,184
5.087847,968,184
5.088464,969,184
5.088585,968,185
5.089351,969,185
5.089419,968,186
5.089602,968,185
5.089836,969,185
5.089941,969,184
5.090350,970,184
5.090496,971,184
5.090700,970,185
5.090830,971,185
5.090976,970,186
5.091122,969,187
5.091187,968,188
5.091239,968,187
5.091304,968,186
5.091329,968,185
5.091623,968,184
5.091859,969,184
5.092056,970,184
5.092312,971,184
5.092578,970,185
5.092958,971,185
5.092999,971,184
5.093157,970,185
5.093280,971,185
5.093396,971,184
5.093973,972,184
5.094200,973,184
5.094245,974,184
5.094460,974,183
5.095161,973,184
5.095560,974,184
5.095759,975,184
5.095852,976,184
5.095934,976,183
5.096402,977,183
5.096459,976,184
5.096478,976,183
5.096733,975,184
5.096928,974,185
5.096955,975,185
5.097028,976,185
5.097230,977,185
5.097357,977,184
5.097509,978,184
5.097547,977,185
5.097549,978,185
5.097639,977,186
5.097700,978,186
5.097750,977,187
5.097973,976,188
5.098043,977,188
5.099587,976,189
5.099660,977,189
5.100565,976,190
5.100868,976,189
5.101431,976,188
5.101878,977,188
5.102219,976,189
5.102437,977,189
5.102544,976,190
5.102684,976,189
5.102907,977,189
5.103276,978,189
5.103352,979,189
5.103387,980,189
5.103632,979,190
5.103683,980,190
5.103918,981,190
5.104057,981,189
5.104378,982,189
5.104511,981,190
5.104525,980,191
5.104669,981,191
5.104771,980,192
5.105031,981,192
5.105338,982,192
5.105539,982,191
5.105583,982,190
5.105727,983,190
5.105798,982,191
5.105837,983,191
5.106030,982,192
5.106091,983,192
5.106610,982,193
5.107313,983,193
5.107431,984,193
5.107862,985,193
5.108002,985,192
5.108424,984,193
5.108803,985,193
5.108934,984,194
5.109103,984,193
5.109399,984,192
5.109670,983,193
5.109699,982,194
5.109701,983,194
5.109992,983,193
5.110057,982,194
5.110110,981,195
5.110360,982,195
5.110917,983,195
5.110938,982,196
5.111005,983,196
5.111135,984,196
5.111196,985,196
5.111590,986,196
5.111974,985,197
5.111976,984,198
5.112189,984,197
5.112871,984,196
5.112887,983,197
5.113343,984,197
5.113511,985,197
5.113579,986,197
5.113673,985,198
5.113894,986,198
5.114055,987,198
5.114224,988,198
5.114307,988,197
5.114318,989,197
5.114579,989,196
5.114751,988,197
5.114795,989,197
5.114914,988,198
5.115010,987,199
5.115160,988,199
5.115702,989,199
5.115817,990,199
5.115953,990,198
5.115968,990,197
5.116162,991,197
5.116430,992,197
5.116467,993,197
5.116509,994,197
5.116730,993,198
5.116754,994,198
5.116838,995,198
5.116856,995,197
5.116910,995,196
5.117085,994,197
5.117199,995,197
5.117373,994,198
5.117478,995,198
5.117493,996,198
5.117612,995,199
5.118470,996,199
5.118556,995,200
5.118601,995,199
5.118695,995,198
5.118754,996,198
5.118849,995,199
5.118912,994,200
5.119019,994,199
5.119368,995,199
5.119512,996,199
5.119893,996,198
5.120239,997,198
5.120279,996,199
5.120633,997,199
5.120802,998,199
5.120820,997,200
5.120834,996,201
5.120908,997,201
5.120920,998,201
5.121165,999,201
5.121399,1000,201
5.121430,999,202
5.121553,998,203
5.121723,997,204
5.122291,998,204
5.122411,999,204
5.122416,1000,204
5.122648,1000,203
5.122925,1001,203
5.123107,1001,202
5.123395,1000,203
5.123666,999,204
5.123805,1000,204
5.124162,1001,204
5.124287,1002,204
5.124887,1002,203
5.125114,1001,204
5.125246,1002,204
5.125271,1001,205
5.125312,1002,205
5.125700,1003,205
5.125883,1003,204
5.126222,1002,205
5.126307,1001,206
5.126520,1000,207
5.127411,1000,206
5.127724,999,207
5.127909,1000,207
5.128166,1000,206
5.128207,999,207
5.128450,1000,207
5.128533,1001,207
5.128544,1002,207
5.128773,1002,206
5.128910,1001,207
5.128928,1001,206
5.128975,1000,207
5.129365,1001,207
5.129578,1001,206
5.129779,1001,205
5.129792,1002,205
5.130096,1003,205
5.130319,1002,206
5.130417,1002,205
5.130418,1003,205
5.130574,1004,205
5.130795,1005,205
5.130997,1006,205
5.131131,1005,206
5.131350,1004,207
5.131584,1005,207
5.132090,1005,206
5.132364,1006,206
5.132414,1005,207
5.132541,1006,207
5.132605,1007,207
5.132798,1008,207
5.133033,1009,207
5.133385,1009,206
5.133410,1008,207
5.133510,1009,207
5.133523,1009,206
5.133644,1010,206
5.133666,1011,206
5.133700,1010,207
5.133729,1011,207
5.133813,1011,206
5.133937,1010,207
5.134013,1010,206
5.134750,1009,207
5.134843,1008,208
5.135279,1009,208
5.135551,1008,209
5.135600,1009,209
5.135676,1009,208
5.135805,1010,208
5.135811,1010,207
5.136014,1011,207
5.136176,1012,207
5.136194,1013,207
5.136326,1014,207
5.136329,1013,208
5.136540,1012,209
5.136840,1013,209
5.136866,1014,209
5.137055,1015,209
5.137376,1016,209
5.137584,1015,210
5.137693,1016,210
5.137707,1017,210
5.137798,1016,211
5.137815,1017,211
5.137870,1016,212
5.137957,1017,212
5.138116,1017,211
5.138191,1016,212
5.138441,1015,213
5.138552,1014,214
5.138575,1015,214
5.138762,1016,214
5.138804,1015,215
5.138834,1016,215
5.138846,1015,216
5.139171,1016,216
5.139340,1015,217
5.139760,1015,216
5.139773,1016,216
5.140138,1015,217
5.140231,1016,217
5.140289,1017,217
5.140347,1018,217
5.140377,1017,218
5.140650,1018,218
5.140758,1019,218
5.140916,1018,219
5.141408,1019,219
5.141457,1018,220
5.141636,1019,220
5.141675,1020,220
5.141701,1019,221
5.141800,1020,221
5.141895,1019,222
5.142009,1020,222
5.142067,1020,221
5.142219,1021,221
5.142225,1022,221
5.142529,1023,221
5.142578,1023,220
5.142734,1022,221
5.143364,1021,222
5.143377,1020,223
5.143861,1019,224
5.143977,1020,224
5.144249,1020,223
5.144291,1021,223
5.144320,1022,223
5.144419,1021,224
5.144428,1021,223
5.144717,1021,222
5.144745,1022,222
5.145029,1021,223
5.145218,1022,223
5.145780,1022,222
5.145795,1022,221
5.145816,1022,220
5.145966,1022,219
5.146264,1022,218
5.146524,1023,218
5.146640,1024,218
5.147073,1025,218
5.147143,1024,219
5.147155,1023,220
5.147273,1022,221
5.147279,1023,221
5.147848,1024,221
5.148103,1025,221
5.148277,1026,221
5.148299,1027,221
5.148508,1027,220
5.148646,1028,220
5.148890,1027,221
5.149121,1028,221
5.149601,1027,222
5.149954,1026,223
5.150201,1026,222
5.150210,1027,222
5.150274,1028,222
5.150311,1029,222
5.150443,1030,222
5.150489,1031,222
5.150811,1032,222
5.150836,1031,223
5.151078,1032,223
5.151546,1033,223
5.151731,1032,224
5.151758,1033,224
5.151829,1032,225
5.151906,1031,226
5.152067,1031,225
5.152102,1032,225
5.152410,1032,224
5.152479,1031,225
5.152617,1030,226
5.152805,1029,227
5.152812,1030,227
5.152933,1029,228
5.152958,1028,229
5.153167,1027,230
5.153276,1028,230
5.153418,1029,230
5.153485,1030,230
5.153487,1029,231
5.153718,1030,231
5.153800,1031,231
5.153902,1032,231
5.153975,1033,231
5.154136,1034,231
5.154250,1033,232
5.154476,1032,233
5.154565,1032,232
5.154642,1033,232
5.154675,1032,233
5.154887,1032,232
5.154993,1031,233
5.155093,1032,233
5.155137,1031,234
5.155262,1030,235
5.155384,1031,235
5.155411,1030,236
5.155774,1031,236
5.155835,1031,235
5.155888,1031,234
5.155951,1030,235
5.156038,1031,235
5.156444,1032,235
5.156478,1033,235
5.156594,1034,235
5.157063,1033,236
5.157083,1032,237
5.157135,1033,237
5.157398,1033,236
5.157426,1032,237
5.157515,1031,238
5.157714,1031,237
5.157919,1030,238
5.158255,1031,238
5.158432,1030,239
5.159281,1029,240
5.159282,1028,241
5.159300,1028,240
5.159485,1027,241
5.159810,1028,241
5.159917,1029,241
5.160008,1029,240
5.160222,1030,240
5.160669,1031,240
5.160670,1032,240
5.160711,1033,240
5.160772,1032,241
5.160804,1031,242
5.161073,1031,241
5.161084,1032,241
5.161458,1031,242
5.161483,1032,242
5.161635,1033,242
5.161689,1032,243
5.162259,1031,244
5.162283,1032,244
5.162381,1033,244
5.162522,1033,243
5.162575,1034,243
5.162645,1035,243
5.163371,1035,242
5.163434,1034,243
5.163529,1035,243
5.163540,1036,243
5.163548,1036,242
5.163566,1035,243
5.163715,1036,243
5.163883,1037,243
5.164010,1036,244
5.164013,1037,244
5.164257,1037,243
5.164409,1038,243
5.164590,1039,243
5.164639,1040,243
5.164680,1039,244
5.164728,1040,244
5.164991,1039,245
5.165173,1039,244
5.165504,1040,244
5.165567,1041,244
5.165582,1042,244
5.165686,1043,244
5.165774,1044,244
5.166057,1043,245
5.166066,1044,245
5.166142,1043,246
5.166186,1044,246
5.166468,1045,246
5.166508,1046,246
5.166510,1046,245
5.166594,1045,246
5.166738,1046,246
5.167224,1047,246
5.167442,1048,246
5.167872,1048,245
5.167881,1047,246
5.168039,1047,245
5.168110,1047,244
5.168220,1047,243
5.168293,1048,243
5.168293,1047,244
5.168507,1047,243
5.168543,1048,243
5.168790,1049,243
5.168803,1050,243
5.168805,1050,242
5.168839,1051,242
5.169240,1052,242
5.169355,1053,242
5.169494,1053,241
5.169615,1053,240
5.169642,1052,241
5.169848,1053,241
5.169858,1052,242
5.170104,1051,243
5.170131,1052,243
5.170292,1053,243
5.171067,1054,243
5.171173,1055,243
5.171204,1055,242
5.171314,1055,241
5.171389,1054,242
5.171399,1055,242
5.171673,1056,242
5.171723,1056,241
5.171749,1055,242
5.171751,1056,242
5.171832,1055,243
5.171949,1056,243
5.172034,1055,244
5.172224,1056,244
5.172409,1055,245
5.172600,1055,244
5.172732,1054,245
5.172924,1054,244
5.173046,1054,243
5.173109,1053,244
5.173176,1054,244
5.173421,1053,245
5.173590,1052,246
5.173594,1052,245
5.173878,1053,245
5.174249,1054,245
5.174282,1055,245
5.174754,1056,245
5.175254,1055,246
5.175277,1056,246
5.175803,1057,246
5.175923,1056,247
5.176100,1055,248
5.176285,1055,247
5.176570,1056,247
5.176607,1055,248
5.176830,1056,248
5.176913,1055,249
5.177082,1056,249
5.177120,1057,249
5.177407,1057,248
5.177438,1057,247
5.177518,1058,247
5.177520,1058,246
5.177579,1058,245
5.177874,1057,246
5.177879,1058,246
5.177883,1059,246
5.177957,1060,246
5.178030,1060,245
5.178049,1059,246
5.178447,1059,245
5.178537,1060,245
5.178641,1061,245
5.178662,1062,245
5.178686,1061,246
5.178744,1062,246
5.178948,1061,247
5.179040,1061,246
5.179210,1062,246
5.179244,1061,247
5.179339,1060,248
5.179503,1059,249
5.179713,1058,250
5.179718,1058,249
5.180077,1059,249
5.180230,1060,249
5.180324,1061,249
5.180482,1062,249
5.180618,1061,250
5.180650,1062,250
5.180706,1063,250
5.180716,1064,250
5.180831,1064,249
5.180873,1065,249
5.180876,1064,250
5.180952,1065,250
5.180963,1066,250
5.181017,1065,251
5.181049,1065,250
5.181531,1066,250
5.181589,1066,249
5.181746,1067,249
5.181763,1067,248
5.181778,1066,249
5.182147,1067,249
5.182997,1068,249
5.183051,1069,249
5.183322,1070,249
5.183354,1071,249
5.183466,1070,250
5.183617,1071,250
5.183654,1070,251
5.183698,1071,251
5.183869,1072,251
5.183928,1071,252
5.184147,1070,253
5.184260,1071,253
5.184330,1071,252
5.184470,1072,252
5.184738,1071,253
5.184777,1072,253
5.184799,1072,252
5.185004,1071,253
5.185182,1072,253
5.185401,1072,252
5.185440,1071,253
5.185484,1070,254
5.185599,1071,254
5.185770,1070,255
5.185888,1069,256
5.185889,1070,256
5.185898,1071,256
5.185898,1070,257
5.186170,1071,257
5.186492,1071,256
5.186566,1070,257
5.186590,1070,256
5.186660,1071,256
5.186676,1072,256
5.186798,1073,256
5.186813,1072,257
5.186952,1071,258
5.186999,1072,258
5.187359,1072,257
5.187425,1073,257
5.187499,1073,256
5.187589,1074,256
5.187661,1075,256
5.187719,1074,257
5.188080,1073,258
5.188193,1074,258
5.188301,1075,258
5.188425,1074,259
5.188472,1074,258
5.188553,1073,259
5.188554,1072,260
5.188792,1073,260
5.189194,1072,261
5.189256,1071,262
5.189384,1072,262
5.189440,1071,263
5.189572,1070,264
5.189582,1071,264
5.189607,1072,264
5.189715,1071,265
5.189907,1072,265
5.189968,1071,266
5.190355,1071,265
5.190857,1072,265
5.191119,1073,265
5.191133,1074,265
5.191982,1075,265
5.191984,1075,264
5.192190,1076,264
5.192191,1076,263
5.192296,1077,263
5.192439,1076,264
5.192547,1077,264
5.192649,1078,264
5.192744,1077,265
5.192762,1078,265
5.192810,1079,265
5.192833,1078,266
5.192971,1077,267
5.193127,1076,268
5.193262,1077,268
5.193437,1078,268
5.193593,1078,267
5.193726,1079,267
5.193886,1080,267
5.193897,1080,266
5.194278,1080,265
5.194282,1079,266
5.194617,1080,266
5.194715,1081,266
5.195304,1082,266
5.195392,1083,266
5.195496,1084,266
5.195670,1085,266
5.195855,1084,267
5.195950,1084,266
5.196037,1084,265
5.196368,1085,265
5.196386,1086,265
5.196424,1087,265
5.196453,1088,265
5.196783,1089,265
5.196811,1090,265
5.196829,1089,266
5.197040,1090,266
5.197562,1091,266
5.197706,1090,267
5.197757,1090,266
5.197805,1091,266
5.198066,1090,267
5.198220,1090,266
5.198571,1089,267
5.198605,1088,268
5.198690,1087,269
5.198719,1087,268
5.198747,1087,267
5.198788,1088,267
5.198811,1087,268
5.198963,1086,269
5.198966,1085,270
5.199290,1086,270
5.199307,1087,270
5.199546,1088,270
5.199654,1087,271
5.199705,1087,270
5.199710,1086,271
5.199805,1087,271
5.199885,1088,271
5.200509,1089,271
5.200513,1089,270
5.200750,1090,270
5.200767,1090,269
5.200826,1089,270
5.200859,1088,271
5.200866,1088,270
5.201248,1087,271
5.201282,1088,271
5.201476,1087,272
5.201550,1088,272
5.201553,1089,272
5.201876,1089,271
5.201996,1090,271
5.202176,1091,271
5.202316,1090,272
5.202364,1091,272
5.202383,1090,273
5.202549,1089,274
5.202554,1088,275
5.202600,1088,274
5.202615,1089,274
5.202660,1088,275
5.202676,1089,275
5.202685,1088,276
5.202705,1089,276
5.202994,1088,277
5.203038,1087,278
5.203107,1086,279
5.203136,1085,280
5.203138,1084,281
5.203524,1085,281
5.203609,1086,281
5.203766,1085,282
5.204383,1086,282
5.204500,1086,281
5.204557,1085,282
5.204575,1086,282
5.204603,1087,282
5.204928,1088,282
5.205254,1089,282
5.205329,1088,283
5.205449,1089,283
5.205504,1090,283
5.205998,1091,283
5.206077,1092,283
5.206336,1093,283
5.206443,1092,284
5.206534,1093,284
5.206589,1093,283
5.206680,1094,283
5.206720,1093,284
5.206732,1093,283
5.207037,1092,284
5.207153,1092,283
5.207274,1093,283
5.207295,1093,282
5.207365,1093,281
5.207397,1092,282
5.207442,1092,281
5.207476,1093,281
5.207489,1092,282
5.207621,1091,283
5.207763,1090,284
5.207949,1089,285
5.208335,1089,284
5.208389,1088,285
5.208428,1087,286
5.208471,1086,287
5.208606,1087,287
5.208968,1086,288
5.209214,1085,289
5.209328,1086,289
5.209339,1087,289
5.209351,1087,288
5.209565,1088,288
5.209764,1088,287
5.209894,1087,288
5.209935,1086,289
5.210045,1085,290
5.210054,1086,290
5.210218,1085,291
5.210233,1086,291
5.210239,1085,292
5.210438,1084,293
5.210602,1083,294
5.210610,1084,294
5.210615,1083,295
5.210699,1084,295
5.210744,1083,296
5.210870,1083,295
5.210913,1084,295
5.210928,1085,295
5.210966,1084,296
5.211026,1085,296
5.211108,1085,295
5.211232,1086,295
5.211307,1085,296
5.211377,1084,297
5.211538,1085,297
5.211562,1084,298
5.211942,1083,299
5.212023,1084,299
5.212275,1083,300
5.212314,1082,301
5.212410,1083,301
5.212511,1083,300
5.212667,1082,301
5.212803,1082,300
5.213049,1082,299
5.213078,1081,300
5.213267,1080,301
5.213386,1079,302
5.213590,1080,302
5.213623,1081,302
5.213691,1082,302
5.213736,1081,303
5.213974,1082,303
5.214085,1082,302
5.214231,1083,302
5.214296,1082,303
5.214368,1082,302
5.214502,1083,302
5.214503,1084,302
5.214701,1083,303
5.214709,1084,303
5.214721,1085,303
5.215269,1084,304
5.215276,1085,304
5.215319,1086,304
5.215396,1087,304
5.215461,1088,304
5.215646,1089,304
5.215675,1089,303
5.215863,1090,303
5.215879,1091,303
5.215889,1090,304
5.215932,1089,305
5.216107,1089,304
5.216270,1090,304
5.216302,1089,305
5.216331,1088,306
5.216429,1087,307
5.216453,1088,307
5.216453,1089,307
5.216471,1088,308
5.216583,1087,309
5.216721,1088,309
5.216726,1089,309
5.216907,1090,309
5.217115,1089,310
5.217145,1090,310
5.217343,1089,311
5.217428,1090,311
5.217473,1090,310
5.217497,1091,310
5.217662,1090,311
5.217889,1089,312
5.217963,1089,311
5.218123,1090,311
5.218573,1090,310
5.218575,1091,310
5.218583,1091,309
5.218675,1092,309
5.218803,1091,310
5.219052,1092,310
5.219095,1091,311
5.219101,1092,311
5.219278,1092,310
5.219379,1093,310
5.219593,1094,310
5.219756,1095,310
5.220003,1094,311
5.220259,1095,311
5.220299,1096,311
5.220591,1096,310
5.220740,1095,311
5.220754,1094,312
5.220780,1095,312
5.220877,1094,313
5.220925,1095,313
5.220966,1096,313
5.220980,1095,314
5.221382,1096,314
5.221401,1097,314
5.221745,1096,315
5.221837,1097,315
5.222037,1098,315
5.222230,1097,316
5.222290,1098,316
5.222364,1097,317
5.222401,1098,317
5.222470,1097,318
5.222507,1098,318
5.222603,1099,318
5.222853,1098,319
5.223110,1097,320
5.223235,1098,320
5.223255,1097,321
5.223510,1096,322
5.223518,1097,322
5.223585,1096,323
5.223656,1097,323
5.223912,1096,324
5.224062,1097,324
5.224181,1098,324
5.224204,1099,324
5.224306,1100,324
5.224309,1100,323
5.224400,1099,324
5.224412,1099,323
5.224528,1098,324
5.225032,1097,325
5.225109,1096,326
5.225399,1097,326
5.225490,1096,327
5.225562,1097,327
5.225589,1096,328
5.225718,1095,329
5.225786,1096,329
5.225864,1096,328
5.225868,1095,329
5.225921,1094,330
5.226059,1093,331
5.226100,1094,331
5.226152,1094,330
5.226154,1095,330
5.226275,1094,331
5.226469,1095,331
5.226513,1095,330
5.226602,1094,331
5.226691,1094,330
5.226695,1095,330
5.226736,1096,330
5.226789,1097,330
5.226840,1098,330
5.226876,1098,329
5.226915,1097,330
5.227042,1098,330
5.227142,1099,330
5.227247,1098,331
5.227275,1099,331
5.227532,1098,332
5.227725,1098,331
5.227788,1098,330
5.228251,1097,331
5.228284,1098,331
5.228334,1099,331
5.228359,1099,330
5.228792,1099,329
5.228803,1099,328
5.228836,1099,327
5.228936,1100,327
5.229059,1101,327
5.229549,1101,326
5.229563,1102,326
5.229675,1101,327
5.229808,1101,326
5.229995,1101,325
5.230022,1102,325
5.230184,1101,326
5.230378,1100,327
5.230393,1099,328
5.230669,1100,328
5.230726,1099,329
5.230735,1100,329
5.230826,1101,329
5.231077,1102,329
5.231141,1101,330
5.231231,1102,330
5.231282,1101,331
5.231589,1102,331
5.231679,1103,331
5.231681,1104,331
5.231783,1103,332
5.231912,1102,333
5.232022,1103,333
5.232123,1104,333
5.232270,1103,334
5.232485,1103,333
5.232504,1104,333
5.232509,1105,333
5.232574,1106,333
5.232684,1105,334
5.232972,1104,335
5.233049,1105,335
5.233078,1105,334
5.233304,1106,334
5.233364,1107,334
5.233398,1108,334
5.233400,1108,333
5.233449,1109,333
5.233705,1108,334
5.233754,1107,335
5.233774,1106,336
5.233854,1105,337
5.233931,1106,337
5.233991,1105,338
5.234075,1104,339
5.234083,1105,339
5.234339,1105,338
5.234418,1104,339
5.234458,1104,338
5.234471,1103,339
5.234567,1103,338
5.234726,1102,339
5.234787,1103,339
5.234843,1102,340
5.234863,1101,341
5.235107,1100,342
5.235193,1100,341
5.235336,1099,342
5.235565,1100,342
5.235954,1101,342
5.235978,1100,343
5.236836,1099,344
5.236939,1100,344
5.237155,1101,344
5.237283,1102,344
5.237583,1103,344
5.237585,1104,344
5.237599,1105,344
5.237714,1104,345
5.237723,1104,344
5.237730,1103,345
5.237899,1102,346
5.237908,1101,347
5.237967,1102,347
5.238276,1102,346
5.238349,1103,346
5.238515,1104,346
5.238582,1103,347
5.238756,1104,347
5.238872,1105,347
5.239145,1106,347
5.239218,1107,347
5.239572,1107,346
5.239670,1106,347
5.239699,1106,346
5.239834,1107,346
5.239953,1106,347
5.239968,1105,348
5.240020,1104,349
5.240235,1103,350
5.240263,1104,350
5.240623,1104,349
5.240752,1103,350
5.240902,1103,349
5.240981,1102,350
5.241033,1101,351
5.241088,1102,351
5.241273,1103,351
5.241286,1102,352
5.241296,1101,353
5.241462,1100,354
5.241536,1101,354
5.241635,1102,354
5.241697,1102,353
5.241890,1102,352
5.242426,1102,351
5.242439,1103,351
5.242578,1104,351
5.242632,1105,351
5.242661,1105,350
5.242930,1106,350
5.242955,1105,351
5.243010,1106,351
5.243036,1107,351
5.243313,1108,351
5.243336,1109,351
5.243533,1110,351
5.243570,1109,352
5.243585,1109,351
5.243606,1108,352
5.243669,1107,353
5.243779,1108,353
5.243804,1107,354
5.243832,1108,354
5.243891,1109,354
5.243960,1108,355
5.244041,1107,356
5.244047,1106,357
5.244056,1106,356
5.244277,1106,355
5.244637,1105,356
5.244841,1106,356
5.244853,1105,357
5.244963,1104,358
5.245031,1103,359
5.245124,1104,359
5.245242,1105,359
5.245352,1106,359
5.245388,1105,360
5.245475,1106,360
5.245477,1107,360
5.245661,1108,360
5.245671,1107,361
5.245771,1107,360
5.245788,1108,360
5.245830,1109,360
5.245868,1108,361
5.246006,1108,360
5.246172,1107,361
5.246234,1106,362
5.246300,1107,362
5.246350,1106,363
5.246451,1105,364
5.246815,1106,364
5.246957,1106,363
5.246996,1107,363
5.247129,1106,364
5.247143,1105,365
5.247144,1106,365
5.247262,1105,366
5.247265,1106,366
5.247283,1105,367
5.247295,1105,366
5.247303,1105,365
5.247341,1106,365
5.247469,1107,365
5.247506,1106,366
5.247585,1107,366
5.247677,1107,365
5.247682,1107,364
5.247708,1108,364
5.247723,1107,365
5.247724,1108,365
5.247753,1107,366
5.247763,1108,366
5.247811,1107,367
5.247885,1106,368
5.247937,1107,368
5.248153,1108,368
5.248281,1109,368
5.248536,1108,369
5.248662,1109,369
5.248757,1109,368
5.248828,1110,368
5.248991,1109,369
5.249042,1110,369
5.249127,1111,369
5.249159,1110,370
5.249267,1111,370
5.249500,1110,371
5.249516,1109,372
5.249626,1110,372
5.249718,1109,373
5.249760,1110,373
5.249941,1110,372
5.250537,1111,372
5.250738,1112,372
5.250802,1111,373
5.250874,1110,374
5.250908,1110,373
5.250997,1109,374
5.251007,1110,374
5.251083,1111,374
5.251163,1112,374
5.251236,1113,374
5.251299,1113,373
5.251499,1112,374
5.251528,1111,375
5.251636,1110,376
5.251839,1109,377
5.251869,1109,376
5.251888,1110,376
5.251935,1109,377
5.252064,1110,377
5.252117,1109,378
5.252217,1108,379
5.252437,1109,379
5.252441,1108,380
5.252541,1107,381
5.252817,1106,382
5.252991,1106,381
5.253030,1107,381
5.253111,1108,381
5.253222,1107,382
5.253243,1106,383
5.253490,1107,383
5.253635,1106,384
5.253673,1107,384
5.253913,1106,385
5.254008,1105,386
5.254096,1104,387
5.254283,1103,388
5.254826,1102,389
5.254893,1103,389
5.254997,1103,388
5.255024,1102,389
5.255136,1102,388
5.255170,1103,388
5.255264,1103,387
5.255387,1104,387
5.255456,1103,388
5.255465,1104,388
5.255513,1103,389
5.255567,1102,390
5.255587,1101,391
5.255588,1101,390
5.255629,1100,391
5.255811,1101,391
5.255909,1100,392
5.255943,1099,393
5.256008,1098,394
5.256033,1097,395
5.256119,1096,396
5.256238,1095,397
5.256447,1096,397
5.256526,1095,398
5.256539,1094,399
5.256615,1093,400
5.256618,1092,401
5.256722,1091,402
5.256746,1091,401
5.256809,1090,402
5.257002,1091,402
5.257030,1090,403
5.257116,1091,403
5.257172,1092,403
5.257322,1091,404
5.257351,1090,405
5.257454,1089,406
5.257587,1090,406
5.257615,1089,407
5.257993,1088,408
5.258024,1087,409
5.258596,1086,410
5.258770,1085,411
5.258942,1084,412
5.259018,1084,411
5.259061,1083,412
5.259202,1084,412
5.259445,1083,413
5.259512,1082,414
5.259641,1082,413
5.259700,1081,414
5.259768,1082,414
5.259790,1081,415
5.259816,1082,415
5.259945,1083,415
5.259946,1084,415
5.259982,1085,415
5.260142,1084,416
5.260384,1084,415
5.260662,1085,415
5.260726,1086,415
5.260771,1087,415
5.260829,1086,416
5.260931,1085,417
5.261041,1084,418
5.261339,1085,418
5.261412,1084,419
5.261549,1085,419
5.261786,1086,419
5.261852,1086,418
5.262043,1087,418
5.262091,1087,417
5.262174,1087,416
5.262176,1088,416
5.262265,1087,417
5.262333,1086,418
5.262367,1085,419
5.262748,1084,420
5.262750,1085,420
5.262809,1084,421
5.262886,1085,421
5.262999,1085,420
5.263116,1085,419
5.263190,1084,420
5.263370,1085,420
5.263372,1084,421
5.263395,1085,421
5.263444,1085,420
5.263628,1086,420
5.263660,1085,421
5.263914,1084,422
5.264077,1083,423
5.264219,1084,423
5.264376,1083,424
5.264397,1082,425
5.264398,1083,425
5.264537,1082,426
5.264596,1083,426
5.264695,1083,425
5.265123,1084,425
5.265131,1083,426
5.265190,1083,425
5.265275,1082,426
5.265424,1081,427
5.265463,1081,426
5.265507,1082,426
5.265542,1081,427
5.265739,1082,427
5.266197,1081,428
5.266265,1081,427
5.266305,1081,426
5.266359,1080,427
5.266436,1079,428
5.266542,1080,428
5.266568,1081,428
5.266612,1081,427
5.266853,1081,426
5.266943,1082,426
5.266967,1081,427
5.266973,1080,428
5.267086,1081,428
5.267135,1082,428
5.267230,1083,428
5.267268,1084,428
5.267307,1083,429
5.267330,1083,428
5.267358,1084,428
5.267464,1083,429
5.267471,1082,430
5.267484,1083,430
5.267498,1084,430
5.267532,1083,431
5.267681,1082,432
5.267920,1083,432
5.267963,1084,432
5.268145,1084,431
5.268412,1083,432
5.268616,1082,433
5.268632,1081,434
5.268772,1080,435
5.268795,1081,435
5.268822,1082,435
5.268826,1081,436
5.269341,1080,437
5.269755,1079,438
5.269940,1078,439
5.269984,1077,440
5.270287,1076,441
5.270296,1076,440
5.270315,1077,440
5.270364,1077,439
5.270379,1077,438
5.270396,1078,438
5.270434,1077,439
5.270558,1076,440
5.270584,1075,441
5.270620,1076,441
5.270660,1075,442
5.270743,1076,442
5.270851,1075,443
5.270881,1076,443
5.270888,1075,444
5.271119,1076,444
5.271130,1076,443
5.271212,1075,444
5.271297,1076,444
5.271321,1075,445
5.271461,1075,444
5.271494,1075,443
5.271551,1074,444
5.271596,1073,445
5.271599,1072,446
5.271986,1072,445
5.272040,1072,444
5.272061,1073,444
5.272324,1073,443
5.272329,1073,442
5.272482,1073,441
5.272482,1074,441
5.272514,1075,441
5.272557,1075,440
5.272668,1075,439
5.272693,1074,440
5.272771,1073,441
5.272918,1074,441
5.272962,1074,440
5.272980,1073,441
5.273162,1074,441
5.273190,1074,440
5.273482,1073,441
5.273482,1074,441
5.273644,1073,442
5.273737,1073,441
5.273850,1074,441
5.273932,1075,441
5.274007,1076,441
5.274016,1075,442
5.274135,1076,442
5.274381,1077,442
5.274577,1078,442
5.274588,1077,443
5.274779,1078,443
5.274832,1077,444
5.274876,1076,445
5.275096,1075,446
5.275121,1074,447
5.275121,1074,446
5.275214,1075,446
5.275279,1075,445
5.275288,1076,445
5.275499,1075,446
5.275664,1074,447
5.275667,1075,447
5.275833,1074,448
5.275852,1073,449
5.276033,1074,449
5.276175,1075,449
5.276201,1076,449
5.276219,1075,450
5.276263,1076,450
5.276338,1077,450
5.276416,1076,451
5.276422,1076,450
5.276482,1075,451
5.276502,1074,452
5.276567,1073,453
5.276588,1072,454
5.276758,1071,455
5.276927,1071,454
5.277086,1072,454
5.277088,1071,455
5.277113,1070,456
5.277286,1069,457
5.277289,1068,458
5.277374,1069,458
5.277549,1070,458
5.277684,1069,459
5.277685,1068,460
5.277870,1068,459
5.278079,1067,460
5.278295,1068,460
5.278373,1067,461
5.278441,1068,461
5.278444,1069,461
5.278722,1068,462
5.278734,1069,462
5.278759,1068,463
5.278778,1069,463
5.278852,1070,463
5.279147,1071,463
5.279168,1072,463
5.279297,1071,464
5.279550,1072,464
5.279618,1071,465
5.279638,1071,464
5.279746,1072,464
5.279777,1072,463
5.279791,1072,462
5.279825,1072,461
5.280404,1071,462
5.280504,1072,462
5.280604,1071,463
5.280633,1072,463
5.280714,1071,464
5.280732,1071,463
5.280755,1072,463
5.280759,1072,462
5.280818,1073,462
5.280913,1073,461
5.281005,1074,461
5.281218,1073,462
5.281307,1073,461
5.281315,1072,462
5.281500,1071,463
5.281530,1071,462
5.281566,1071,461
5.281679,1071,460
5.281704,1072,460
5.281760,1071,461
5.281866,1071,460
5.282281,1071,459
5.282290,1072,459
5.282311,1071,460
5.282364,1072,460
5.282454,1072,459
5.282481,1072,458
5.282520,1073,458
5.282524,1074,458
5.282579,1075,458
5.282594,1076,458
5.282603,1075,459
5.282622,1074,460
5.282805,1075,460
5.282845,1076,460
5.282871,1075,461
5.282934,1076,461
5.282941,1075,462
5.282946,1074,463
5.283169,1073,464
5.283253,1072,465
5.283363,1073,465
5.283380,1072,466
5.283509,1072,465
5.283606,1071,466
5.283637,1072,466
5.283872,1071,467
5.284078,1070,468
5.284151,1069,469
5.284164,1068,470
5.284378,1067,471
5.284436,1066,472
5.284526,1067,472
5.284586,1067,471
5.284595,1067,470
5.284602,1066,471
5.284708,1065,472
5.284735,1064,473
5.284759,1063,474
5.284782,1062,475
5.284820,1061,476
5.284821,1060,477
5.284851,1059,478
5.284948,1060,478
5.284951,1060,477
5.284978,1059,478
5.284999,1059,477
5.285294,1059,476
5.285326,1058,477
5.285353,1058,476
5.285355,1058,475
5.285386,1057,476
5.285408,1056,477
5.285468,1055,478
5.285473,1054,479
5.285474,1053,480
5.285484,1053,479
5.285861,1052,480
5.285912,1053,480
5.285952,1053,479
5.286247,1052,480
5.286251,1053,480
5.286472,1054,480
5.286481,1055,480
5.286657,1054,481
5.286752,1054,480
5.286877,1053,481
5.286918,1052,482
5.286945,1053,482
5.287287,1054,482
5.287294,1053,483
5.287300,1052,484
5.287325,1051,485
5.287649,1050,486
5.287668,1050,485
5.287681,1049,486
5.287739,1049,485
5.287904,1048,486
5.288027,1047,487
5.288376,1047,486
5.288440,1048,486
5.288499,1049,486
5.288609,1049,485
5.288788,1050,485
5.288914,1049,486
5.288988,1050,486
5.289128,1051,486
5.289304,1052,486
5.289359,1052,485
5.289476,1053,485
5.289725,1052,486
5.289734,1053,486
5.289749,1054,486
5.289854,1053,487
5.290011,1052,488
5.290027,1052,487
5.290044,1053,487
5.290138,1054,487
5.290162,1054,486
5.290235,1053,487
5.290373,1052,488
5.290426,1053,488
5.290503,1052,489
5.290674,1051,490
5.290697,1051,489
5.290822,1052,489
5.291093,1051,490
5.291197,1050,491
5.291214,1049,492
5.291214,1049,491
5.291241,1049,490
5.291266,1050,490
5.291284,1049,491
5.291305,1048,492
5.291676,1047,493
5.291688,1048,493
5.291721,1047,494
5.291968,1046,495
5.292032,1045,496
5.292227,1044,497
5.292263,1043,498
5.292354,1044,498
5.292421,1043,499
5.292598,1042,500
5.292768,1043,500
5.292947,1042,501
5.293338,1041,502
5.293367,1040,503
5.293477,1041,503
5.293526,1041,502
5.293600,1040,503
5.293696,1039,504
5.293987,1038,505
5.294097,1037,506
5.294134,1038,506
5.294189,1038,505
5.294261,1038,504
5.294265,1037,505
5.294377,1036,506
5.294516,1035,507
5.294711,1035,506
5.294937,1034,507
5.294939,1033,508
5.294949,1032,509
5.294990,1033,509
5.295118,1032,510
5.295140,1031,511
5.295325,1032,511
5.295542,1032,510
5.295545,1031,511
5.295729,1031,510
5.295735,1030,511
5.295786,1030,510
5.295809,1031,510
5.295903,1030,511
5.296054,1031,511
5.296121,1031,510
5.296148,1031,509
5.296198,1030,510
5.296365,1029,511
5.296498,1028,512
5.296583,1027,513
5.296611,1028,513
5.296706,1027,514
5.296730,1026,515
5.296792,1025,516
5.296839,1026,516
5.296890,1025,517
5.297007,1025,516
5.297113,1024,517
5.297263,1023,518
5.297367,1022,519
5.297525,1022,518
5.297550,1023,518
5.297616,1022,519
5.297671,1021,520
5.297688,1020,521
5.297702,1021,521
5.297708,1020,522
5.297735,1021,522
5.297765,1020,523
5.297836,1021,523
5.297940,1020,524
5.298033,1019,525
5.298095,1020,525
5.298104,1019,526
5.298107,1018,527
5.298126,1017,528
5.298171,1017,527
5.298232,1016,528
5.298266,1015,529
5.298342,1016,529
5.298356,1017,529
5.298720,1016,530
5.298805,1015,531
5.298910,1014,532
5.298920,1014,531
5.298990,1013,532
5.299023,1012,533
5.299186,1013,533
5.299277,1012,534
5.299364,1013,534
5.299390,1012,535
5.299471,1011,536
5.299488,1010,537
5.299612,1010,536
5.299781,1011,536
5.299878,1011,535
5.300122,1012,535
5.300274,1013,535
5.300289,1012,536
5.300412,1012,535
5.300570,1012,534
5.300649,1011,535
5.300649,1010,536
5.300675,1010,535
5.300864,1009,536
5.300926,1008,537
5.300927,1008,536
5.300948,1008,535
5.300993,1007,536
5.301124,1008,536
5.301148,1007,537
5.301181,1006,538
5.301182,1007,538
5.301204,1007,537
5.301284,1006,538
5.301546,1005,539
5.301613,1004,540
5.301643,1004,539
5.301793,1005,539
5.301917,1004,540
5.301986,1005,540
5.302096,1005,539
5.302097,1006,539
5.302135,1005,540
5.302153,1006,540
5.302165,1006,539
5.302204,1005,540
5.302274,1004,541
5.302340,1004,540
5.302385,1005,540
5.302443,1005,539
5.302476,1006,539
5.302647,1007,539
5.302658,1006,540
5.302698,1006,539
5.302729,1005,540
5.302747,1004,541
5.302776,1005,541
5.302925,1005,540
5.303130,1006,540
5.303132,1007,540
5.303161,1006,541
5.303164,1007,541
5.303179,1006,542
5.303230,1005,543
5.303242,1005,542
5.303269,1004,543
5.303390,1003,544
5.303702,1002,545
5.303739,1001,546
5.303802,1001,545
5.303940,1001,544
5.304002,1002,544
5.304132,1003,544
5.304601,1002,545
5.304669,1001,546
5.304824,1001,545
5.304871,1000,546
5.304984,999,547
5.304999,998,548
5.305039,997,549
5.305259,998,549
5.305260,997,550
5.305359,996,551
5.305439,996,550
5.305455,996,549
5.305515,997,549
5.305982,996,550
5.306007,995,551
5.306377,995,550
5.306513,995,549
5.306579,994,550
5.306590,994,549
5.306764,994,548
5.306964,995,548
5.307097,994,549
5.307159,994,548
5.307356,994,547
5.307392,995,547
5.307483,994,548
5.307600,994,547
5.307898,994,546
5.308047,993,547
5.308065,994,547
5.308192,994,546
5.308196,993,547
5.308222,992,548
5.308363,992,547
5.308478,991,548
5.308492,990,549
5.308738,989,550
5.308814,989,549
5.309031,988,550
5.309052,989,550
5.309135,990,550
5.309156,991,550
5.309207,990,551
5.309261,989,552
5.309389,989,551
5.309474,989,550
5.309680,988,551
5.309726,988,550
5.309800,989,550
5.309823,990,550
5.310064,990,549
5.310210,989,550
5.310377,990,550
5.310410,990,549
5.310555,990,548
5.310567,989,549
5.310775,988,550
5.311043,987,551
5.311198,988,551
5.311221,987,552
5.311283,986,553
5.311298,986,552
5.311354,985,553
5.311647,985,552
5.311687,984,553
5.311775,984,552
5.311785,983,553
5.311852,982,554
5.311890,981,555
5.311915,980,556
5.312032,981,556
5.312335,980,557
5.312344,979,558
5.312386,979,557
5.312529,978,558
5.312548,977,559
5.312591,978,559
5.312610,977,560
5.312769,976,561
5.312818,975,562
5.312870,976,562
5.313072,977,562
5.313138,976,563
5.313156,977,563
5.313179,978,563
5.313222,978,562
5.313225,979,562
5.313274,980,562
5.313364,981,562
5.313424,981,561
5.313517,980,562
5.313743,980,561
5.313878,979,562
5.314045,978,563
5.314049,979,563
5.314122,980,563
5.314162,979,564
5.314273,979,563
5.314275,978,564
5.314277,978,563
5.314361,979,563
5.314377,978,564
5.314476,978,563
5.314487,979,563
5.314497,978,564
5.314701,978,563
5.314806,979,563
5.314825,979,562
5.314915,978,563
5.314943,979,563
5.315035,980,563
5.315066,980,562
5.315195,979,563
5.315249,978,564
5.315326,979,564
5.315333,979,563
5.315360,978,564
5.315363,978,563
5.315473,978,562
5.315567,978,561
5.315607,978,560
5.315715,978,559
5.315884,979,559
5.315895,980,559
5.315912,980,558
5.315994,979,559
5.316154,978,560
5.316397,977,561
5.316698,977,560
5.316854,976,561
5.316903,976,560
5.317178,975,561
5.317500,974,562
5.317544,975,562
5.317580,974,563
5.317586,973,564
5.317764,972,565
5.317787,972,564
5.317991,973,564
5.318060,972,565
5.318084,971,566
5.318176,972,566
5.318423,973,566
5.318519,972,567
5.318545,973,567
5.318609,972,568
5.318655,972,567
5.318893,972,566
5.318916,973,566
5.318952,974,566
5.319092,975,566
5.319373,976,566
5.319399,975,567
5.319415,976,567
5.319509,976,566
5.319731,975,567
5.319775,974,568
5.319796,975,568
5.319887,974,569
5.320004,975,569
5.320046,974,570
5.320185,975,570
5.320281,975,569
5.320630,975,568
5.320683,974,569
5.320738,973,570
5.320793,974,570
5.320990,973,571
5.321152,974,571
5.321239,973,572
5.321339,972,573
5.321638,971,574
5.321660,971,573
5.321681,970,574
5.321848,969,575
5.321856,969,574
5.321968,969,573
5.322127,970,573
5.322137,970,572
5.322194,969,573
5.322221,968,574
5.322429,969,574
5.322522,970,574
5.322674,969,575
5.322811,968,576
5.323174,967,577
5.323353,966,578
5.323390,966,577
5.323438,967,577
5.323468,966,578
5.323563,965,579
5.323628,966,579
5.323739,965,580
5.323863,965,579
5.323924,964,580
5.324034,963,581
5.324080,963,580
5.324563,964,580
5.324657,964,579
5.324682,965,579
5.324711,964,580
5.324746,963,581
5.324763,962,582
5.324785,963,582
5.325142,962,583
5.325380,961,584
5.325394,962,584
5.325420,961,585
5.325449,961,584
5.325481,960,585
5.325514,959,586
5.325558,960,586
5.325589,959,587
5.325672,958,588
5.325831,957,589
5.325869,956,590
5.325939,957,590
5.325946,956,591
5.326052,957,591
5.326184,957,590
5.326271,957,589
5.326356,957,588
5.326501,956,589
5.326508,955,590
5.326571,954,591
5.326580,954,590
5.326957,953,591
5.327078,954,591
5.327119,955,591
5.327228,954,592
5.327280,953,593
5.327316,952,594
5.327318,952,593
5.327324,952,592
5.327481,951,593
5.327547,950,594
5.327661,951,594
5.327708,952,594
5.327770,951,595
5.327816,951,594
5.327869,952,594
5.328129,953,594
5.328219,954,594
5.328222,953,595
5.328239,953,594
5.328449,952,595
5.328648,953,595
5.328738,953,594
5.328901,952,595
5.328915,953,595
5.329058,953,594
5.329111,952,595
5.329208,952,594
5.329212,952,593
5.329235,952,592
5.329288,952,591
5.329299,951,592
5.329401,952,592
5.329448,952,591
5.329563,951,592
5.329628,950,593
5.329703,949,594
5.329781,949,593
5.329782,948,594
5.329807,949,594
5.329833,948,595
5.329878,947,596
5.330147,946,597
5.330221,946,596
5.330287,945,597
5.330634,946,597
5.330660,945,598
5.330670,944,599
5.330719,944,598
5.330862,943,599
5.330884,943,598
5.330954,942,599
5.331174,941,600
5.331196,941,599
5.331284,942,599
5.331316,942,598
5.331411,941,599
5.331433,940,600
5.331452,939,601
5.331489,938,602
5.331551,938,601
5.331691,937,602
5.331896,938,602
5.331910,937,603
5.332113,937,602
5.332286,938,602
5.332340,939,602
5.332375,938,603
5.332403,939,603
5.332584,938,604
5.332731,939,604
5.332799,939,603
5.332864,939,602
5.332886,939,601
5.333110,940,601
5.333161,940,600
5.333164,939,601
5.333395,939,600
5.333472,940,600
5.333479,939,601
5.333485,940,601
5.333540,939,602
5.333794,938,603
5.333849,937,604
5.334086,937,603
5.334119,936,604
5.334148,935,605
5.334156,935,604
5.334222,936,604
5.334237,935,605
5.334537,936,605
5.334574,936,604
5.334597,936,603
5.334811,937,603
5.334982,936,604
5.335188,936,603
5.335324,937,603
5.335408,936,604
5.335491,937,604
5.335508,936,605
5.335560,936,604
5.335637,936,603
5.335682,935,604
5.335691,935,603
5.335720,935,602
5.335763,934,603
5.336071,933,604
5.336160,932,605
5.336233,933,605
5.336469,932,606
5.336708,932,605
5.336836,931,606
5.337135,930,607
5.337286,931,607
5.337384,930,608
5.337453,929,609
5.337596,930,609
5.337683,929,610
5.337753,930,610
5.337786,931,610
5.337873,931,609
5.337947,932,609
5.337957,932,608
5.337963,931,609
5.337974,932,609
5.338151,932,608
5.338320,933,608
5.338352,932,609
5.338379,933,609
5.338564,932,610
5.338625,932,609
5.338628,931,610
5.338746,932,610
5.338746,932,609
5.338922,932,608
5.339074,931,609
5.339211,930,610
5.339321,931,610
5.339426,931,609
5.339490,930,610
5.339519,930,609
5.339582,929,610
5.339705,929,609
5.339775,928,610
5.339781,928,609
5.339871,929,609
5.339987,928,610
5.340128,928,609
5.340583,927,610
5.340688,927,609
5.340690,926,610
5.340691,925,611
5.340695,926,611
5.340784,925,612
5.340798,924,613
5.340813,924,612
5.340914,924,611
5.341047,923,612
5.341071,924,612
5.341292,923,613
5.341299,922,614
5.341349,921,615
5.341526,921,614
5.341628,921,613
5.341657,920,614
5.341795,920,613
5.341835,919,614
5.342049,918,615
5.342224,917,616
5.342321,918,616
5.342391,917,617
5.342504,916,618
5.342549,916,617
5.342663,916,616
5.342770,916,615
5.342781,915,616
5.342820,916,616
5.342837,915,617
5.342905,916,617
5.343027,917,617
5.343107,916,618
5.343172,915,619
5.343216,915,618
5.343725,914,619
5.343910,914,618
5.343925,915,618
5.344014,914,619
5.344053,913,620
5.344164,914,620
5.344176,913,621
5.344233,914,621
5.344266,913,622
5.344340,912,623
5.344375,911,624
5.344525,911,623
5.344557,911,622
5.344561,910,623
5.344572,910,622
5.344585,911,622
5.344688,911,621
5.344786,910,622
5.344942,910,621
5.344979,910,620
5.345072,909,621
5.345332,909,620
5.345390,908,621
5.345454,907,622
5.345480,906,623
5.345512,906,622
5.345536,906,621
5.345540,905,622
5.345554,904,623
5.345606,903,624
5.345851,902,625
5.345952,901,626
5.345984,900,627
5.346011,901,627
5.346044,900,628
5.346114,900,627
5.346245,901,627
5.346331,901,626
5.346442,902,626
5.346477,901,627
5.346480,902,627
5.346493,903,627
5.346549,902,628
5.346629,903,628
5.346636,902,629
5.346669,901,630
5.346791,900,631
5.346821,900,630
5.346929,899,631
5.347006,898,632
5.347081,897,633
5.347259,896,634
5.347296,896,633
5.347506,895,634
5.347527,894,635
5.347672,895,635
5.347810,896,635
5.347855,895,636
5.348033,894,637
5.348059,893,638
5.348118,893,637
5.348130,892,638
5.348261,891,639
5.348370,891,638
5.348453,890,639
5.348517,889,640
5.348623,890,640
5.348767,889,641
5.348775,889,640
5.348835,890,640
5.348873,889,641
5.348952,888,642
5.349261,887,643
5.349281,888,643
5.349393,887,644
5.349408,887,643
5.349417,887,642
5.349465,887,641
5.349538,887,640
5.349560,888,640
5.349575,887,641
5.349601,887,640
5.349629,886,641
5.349714,886,640
5.349730,885,641
5.349805,884,642
5.349815,884,641
5.349835,883,642
5.349847,882,643
5.349900,882,642
5.350033,882,641
5.350420,883,641
5.350465,883,640
5.350581,882,641
5.350762,883,641
5.350768,882,642
5.350827,881,643
5.350851,882,643
5.350887,881,644
5.351184,880,645
5.351254,879,646
5.351504,879,645
5.351620,878,646
5.351623,877,647
5.351662,877,646
5.351767,876,647
5.351855,875,648
5.351894,874,649
5.352007,873,650
5.352039,874,650
5.352143,873,651
5.352308,872,652
5.352397,871,653
5.352413,872,653
5.352455,873,653
5.352457,874,653
5.352461,874,652
5.352589,873,653
5.352662,873,652
5.352724,874,652
5.352736,874,651
5.352740,874,650
5.352804,873,651
5.352856,873,650
5.352862,872,651
5.352921,871,652
5.352976,872,652
5.353059,871,653
5.353523,870,654
5.353575,871,654
5.353778,870,655
5.353949,871,655
5.354012,870,656
5.354029,869,657
5.354224,869,656
5.354355,870,656
5.354485,870,655
5.354583,869,656
5.354587,870,656
5.354644,870,655
5.354665,870,654
5.354871,870,653
5.354936,869,654
5.355038,868,655
5.355087,869,655
5.355097,868,656
5.355259,867,657
5.355427,867,656
5.355450,866,657
5.355623,866,656
5.355907,865,657
5.355992,864,658
5.356008,865,658
5.356046,864,659
5.356176,865,659
5.356258,864,660
5.356300,863,661
5.356305,863,660
5.356399,863,659
5.356438,864,659
5.356519,865,659
5.356588,864,660
5.356646,863,661
5.356751,862,662
5.356776,861,663
5.356810,860,664
5.356878,859,665
5.356922,858,666
5.357023,857,667
5.357164,858,667
5.357397,857,668
5.357761,857,667
5.357767,857,666
5.357773,856,667
5.357837,856,666
5.357861,857,666
5.358117,856,667
5.358138,855,668
5.358141,854,669
5.358315,853,670
5.358398,852,671
5.358495,852,670
5.358575,852,669
5.358581,852,668
5.358607,853,668
5.358611,852,669
5.358642,851,670
5.358705,852,670
5.358705,851,671
5.358761,850,672
5.359022,849,673
5.359134,850,673
5.359204,851,673
5.359216,851,672
5.359272,850,673
5.359392,849,674
5.359467,848,675
5.359470,847,676
5.359511,847,675
5.359511,847,674
5.359624,847,673
5.359756,848,673
5.359892,848,672
5.359946,849,672
5.360010,848,673
5.360074,847,674
5.360442,846,675
5.360558,846,674
5.360603,845,675
5.360641,846,675
5.360706,846,674
5.361079,845,675
5.361290,844,676
5.361298,844,675
5.361402,845,675
5.361442,846,675
5.361457,845,676
5.361646,846,676
5.361677,845,677
5.361720,845,676
5.361777,845,675
5.361829,845,674
5.361873,844,675
5.361969,844,674
5.362047,843,675
5.362049,842,676
5.362057,841,677
5.362124,840,678
5.362127,839,679
5.362176,838,680
5.362417,837,681
5.362575,838,681
5.362649,837,682
5.362940,836,683
5.363079,835,684
5.363299,834,685
5.363442,834,684
5.363630,833,685
5.363745,834,685
5.363818,835,685
5.363854,836,685
5.363857,836,684
5.363878,835,685
5.363880,834,686
5.363896,833,687
5.363989,833,686
5.364195,834,686
5.364308,833,687
5.364331,833,686
5.364352,832,687
5.364529,831,688
5.364582,830,689
5.364617,831,689
5.364672,830,690
5.364686,830,689
5.364705,830,688
5.364784,829,689
5.365056,828,690
5.365355,829,690
5.365442,828,691
5.365458,829,691
5.365698,829,690
5.365800,828,691
5.365828,827,692
5.365853,827,691
5.366022,826,692
5.366024,827,692
5.366069,828,692
5.366255,827,693
5.366266,827,692
5.366374,827,691
5.366442,826,692
5.366513,825,693
5.366562,824,694
5.366589,825,694
5.366709,824,695
5.366724,824,694
5.366745,823,695
5.366896,822,696
5.366937,821,697
5.366980,822,697
5.367007,821,698
5.367123,820,699
5.367170,819,700
5.367193,818,701
5.367266,817,702
5.367392,816,703
5.367529,817,703
5.367664,817,702
5.367793,818,702
5.367807,817,703
5.367966,816,704
5.368034,816,703
5.368129,817,703
5.368161,816,704
5.368211,815,705
5.368343,815,704
5.368374,816,704
5.368391,815,705
5.368429,814,706
5.368498,814,705
5.368507,813,706
5.368565,813,705
5.368627,812,706
5.368631,813,706
5.368662,813,705
5.368815,813,704
5.368904,813,703
5.369051,813,702
5.369089,814,702
5.369156,815,702
5.369156,814,703
5.369210,815,703
5.369237,814,704
5.369262,814,703
5.369266,814,702
5.369292,813,703
5.369304,812,704
5.369323,813,704
5.369367,812,705
5.369381,813,705
5.369408,814,705
5.369524,813,706
5.369529,812,707
5.369596,811,708
5.369628,812,708
5.369769,811,709
5.369898,811,708
5.370042,811,707
5.370132,810,708
5.370265,809,709
5.370272,808,710
5.370307,807,711
5.370412,806,712
5.370413,805,713
5.370513,805,712
5.370686,805,711
5.370913,804,712
5.370975,804,711
5.371062,804,710
5.371099,803,711
5.371117,803,710
5.371403,802,711
5.371437,803,711
5.371494,802,712
5.371506,802,711
5.371580,802,710
5.371814,801,711
5.371822,800,712
5.371913,801,712
5.371937,801,711
5.372222,802,711
5.372307,802,710
5.372353,802,709
5.372473,803,709
5.372489,803,708
5.372515,802,709
5.372772,801,710
5.372957,801,709
5.373074,802,709
5.373198,802,708
5.373338,801,709
5.373390,800,710
5.373460,800,709
5.373478,799,710
5.373533,799,709
5.373543,798,710
5.373560,797,711
5.373597,798,711
5.373900,797,712
5.374033,796,713
5.374214,796,712
5.374282,795,713
5.374317,796,713
5.374440,795,714
5.374560,796,714
5.374762,796,713
5.374991,795,714
5.375119,795,713
5.375154,795,712
5.375265,796,712
5.375300,795,713
5.375494,794,714
5.375624,793,715
5.375628,792,716
5.375809,793,716
5.375833,794,716
5.375835,794,715
5.375933,793,716
5.375989,792,717
5.376206,791,718
5.376222,791,717
5.376253,791,716
5.376519,791,715
5.376601,792,715
5.376636,792,714
5.376644,793,714
5.376723,793,713
5.376797,793,712
5.376891,792,713
5.376928,792,712
5.376935,792,711
5.376959,791,712
5.377016,792,712
5.377143,792,711
5.377202,791,712
5.377217,791,711
5.377317,790,712
5.377326,789,713
5.377342,788,714
5.377368,787,715
5.377413,787,714
5.377524,786,715
5.377686,787,715
5.377706,788,715
5.377881,787,716
5.377902,788,716
5.377979,787,717
5.377998,787,716
5.378063,786,717
5.378260,785,718
5.378306,786,718
5.378347,786,717
5.378356,785,718
5.378479,784,719
5.378506,784,718
5.378532,784,717
5.378977,785,717
5.379095,785,716
5.379140,786,716
5.379151,785,717
5.379166,784,718
5.379334,783,719
5.379497,782,720
5.379581,781,721
5.379600,781,720
5.379859,781,719
5.379972,781,718
5.379977,780,719
5.380004,780,718
5.380005,780,717
5.380272,779,718
5.380273,780,718
5.380302,781,718
5.380308,780,719
5.380500,780,718
5.380591,780,717
5.380607,780,716
5.380637,780,715
5.380651,779,716
5.380653,780,716
5.380741,781,716
5.380794,781,715
5.380815,781,714
5.380816,782,714
5.380842,782,713
5.380884,781,714
5.381105,781,713
5.381195,782,713
5.381202,781,714
5.381226,780,715
5.381405,779,716
5.381458,780,716
5.381577,780,715
5.381623,780,714
5.381626,781,714
5.382126,781,713
5.382153,781,712
5.382158,780,713
5.382321,780,712
5.382355,780,711
5.382587,779,712
5.382641,778,713
5.382652,777,714
5.382654,777,713
5.382715,776,714
5.382801,776,713
5.382869,775,714
5.383041,775,713
5.383082,774,714
5.383113,773,715
5.383262,772,716
5.383402,771,717
5.383420,771,716
5.383499,772,716
5.383565,771,717
5.383608,771,716
5.383669,770,717
5.383884,770,716
5.383892,769,717
5.383964,768,718
5.384069,769,718
5.384098,768,719
5.384125,767,720
5.384140,768,720
5.384249,767,721
5.384416,768,721
5.384577,767,722
5.384738,768,722
5.384749,768,721
5.384875,767,722
5.384891,767,721
5.384940,766,722
5.384990,766,721
5.385030,766,720
5.385089,766,719
5.385172,765,720
5.385292,766,720
5.385475,766,719
5.385539,765,720
5.385680,764,721
5.385730,763,722
5.385819,763,721
5.385888,764,721
5.385892,764,720
5.385991,764,719
5.385997,763,720
5.386080,762,721
5.386114,762,720
5.386133,761,721
5.386136,761,720
5.386140,760,721
5.386161,759,722
5.386165,758,723
5.386210,758,722
5.386286,757,723
5.386327,758,723
5.386412,758,722
5.386806,759,722
5.386827,758,723
5.386978,757,724
5.387147,756,725
5.387149,757,725
5.387177,757,724
5.387196,756,725
5.387312,757,725
5.387330,758,725
5.387358,758,724
5.387495,758,723
5.387504,757,724
5.387825,756,725
5.387865,755,726
5.387985,756,726
5.388104,756,725
5.388174,755,726
5.388189,754,727
5.388317,753,728
5.388413,752,729
5.388455,751,730
5.388544,751,729
5.388621,750,730
5.388657,750,729
5.388744,750,728
5.388756,750,727
5.388767,749,728
5.388778,749,727
5.388886,748,728
5.389160,747,729
5.389306,746,730
5.389328,745,731
5.389408,746,731
5.389449,745,732
5.389478,745,731
5.389699,744,732
5.389731,743,733
5.389754,743,732
5.389772,742,733
5.389835,742,732
5.389897,742,731
5.389899,741,732
5.389938,741,731
5.389956,741,730
5.390007,742,730
5.390054,743,730
5.390091,743,729
5.390169,744,729
5.390266,745,729
5.390279,745,728
5.390393,744,729
5.390443,745,729
5.390630,745,728
5.390699,746,728
5.390776,745,729
5.390825,746,729
5.390902,745,730
5.390908,746,730
5.391070,745,731
5.391155,744,732
5.391406,745,732
5.391504,744,733
5.391917,743,734
5.391961,742,735
5.392030,742,734
5.392325,743,734
5.392404,744,734
5.392569,743,735
5.392691,742,736
5.392814,741,737
5.392818,740,738
5.392834,739,739
5.392884,739,738
5.392908,738,739
5.392932,739,739
5.393069,740,739
5.393169,741,739
5.393200,740,740
5.393235,739,741
5.393235,738,742
5.393269,737,743
5.393307,736,744
5.393447,735,745
5.393609,736,745
5.393688,736,744
5.393715,737,744
5.393744,736,745
5.393859,735,746
5.393863,734,747
5.394137,734,746
5.394243,734,745
5.394273,733,746
5.394351,734,746
5.394443,735,746
5.394459,735,745
5.394472,734,746
5.394479,734,745
5.394495,733,746
5.394602,733,745
5.394781,734,745
5.394825,735,745
5.394840,736,745
5.394996,736,744
5.395004,735,745
5.395011,735,744
5.395023,736,744
5.395044,735,745
5.395238,734,746
5.395257,734,745
5.395320,733,746
5.395339,733,745
5.395342,733,744
5.395394,733,743
5.395394,733,742
5.395453,734,742
5.395514,735,742
5.395587,734,743
5.395696,733,744
5.395706,732,745
5.395719,733,745
5.395736,734,745
5.395741,733,746
5.395752,733,745
5.395814,732,746
5.395815,731,747
5.395897,732,747
5.395933,731,748
5.395981,730,749
5.396030,729,750
5.396071,728,751
5.396128,727,752
5.396219,726,753
5.396229,727,753
5.396281,727,752
5.396407,726,753
5.396464,725,754
5.396530,724,755
5.396607,723,756
5.396609,723,755
5.396643,724,755
5.396655,723,756
5.396688,722,757
5.396729,723,757
5.396871,723,756
5.396920,722,757
5.397040,721,758
5.397075,720,759
5.397131,720,758
5.397174,720,757
5.397194,719,758
5.397271,720,758
5.397283,720,757
5.397284,719,758
5.397359,719,757
5.397383,718,758
5.397487,717,759
5.397515,717,758
5.397624,717,757
5.397642,718,757
5.397697,717,758
5.397704,717,757
5.397722,716,758
5.397840,716,757
5.397861,717,757
5.397902,717,756
5.398022,717,755
5.398114,717,754
5.398302,716,755
5.398423,715,756
5.398566,714,757
5.398692,715,757
5.398839,714,758
5.399058,713,759
5.399074,714,759
5.399129,713,760
5.399265,713,759
5.399345,714,759
5.399510,715,759
5.399589,714,760
5.399613,713,761
5.399624,713,760
5.399631,714,760
5.399644,713,761
5.399694,712,762
5.399713,712,761
5.399865,712,760
5.400053,711,761
5.400073,710,762
5.400085,709,763
5.400157,708,764
5.400253,708,763
5.400296,709,763
5.400336,710,763
5.400461,710,762
5.400473,709,763
5.400484,708,764
5.400549,707,765
5.400557,707,764
5.400592,706,765
5.400623,705,766
5.400672,706,766
5.400734,705,767
5.400816,706,767
5.400827,705,768
5.400851,706,768
5.401006,706,767
5.401055,705,768
5.401102,704,769
5.401105,703,770
5.401184,702,771
5.401184,702,770
5.401331,702,769
5.401448,701,770
5.401514,702,770
5.401652,702,769
5.401772,703,769
5.401782,702,770
5.401857,701,771
5.402000,702,771
5.402163,702,770
5.402199,701,771
5.402230,701,770
5.402259,700,771
5.402446,701,771
5.402594,701,770
5.402684,701,769
5.402760,700,770
5.402769,701,770
5.402840,700,771
5.402898,701,771
5.403030,700,772
5.403073,699,773
5.403427,699,772
5.403523,700,772
5.403555,700,771
5.403729,699,772
5.404043,699,771
5.404059,699,770
5.404140,699,769
5.404425,699,768
5.404643,699,767
5.404660,700,767
5.404798,699,768
5.404814,698,769
5.404851,697,770
5.405005,697,769
5.405051,696,770
5.405138,695,771
5.405337,696,771
5.405348,696,770
5.405354,695,771
5.405375,694,772
5.405481,694,771
5.405497,695,771
5.405516,696,771
5.405533,697,771
5.405540,697,770
5.405776,696,771
5.406087,695,772
5.406132,695,771
5.406178,696,771
5.406197,695,772
5.406271,694,773
5.406333,693,774
5.406355,692,775
5.406357,691,776
5.406624,690,777
5.406633,691,777
5.406708,691,776
5.406813,691,775
5.406834,690,776
5.406839,689,777
5.406844,688,778
5.406887,688,777
5.406898,687,778
5.406940,686,779
5.407045,685,780
5.407083,686,780
5.407121,685,781
5.407169,684,782
5.407252,684,781
5.407254,683,782
5.407297,683,781
5.407408,684,781
5.407421,684,780
5.407678,683,781
5.407798,682,782
5.407816,682,781
5.407914,682,780
5.408009,682,779
5.408114,682,778
5.408114,683,778
5.408190,684,778
5.408267,683,779
5.408373,682,780
5.408588,683,780
5.408935,683,779
5.408981,683,778
5.408997,683,777
5.409015,682,778
5.409243,682,777
5.409254,683,777
5.409337,683,776
5.409379,682,777
5.409395,681,778
5.409409,681,777
5.409519,681,776
5.409675,680,777
5.409740,679,778
5.409771,678,779
5.410234,679,779
5.410248,680,779
5.410265,679,780
5.410362,679,779
5.410384,678,780
5.410537,677,781
5.410544,677,780
5.410662,676,781
5.410686,675,782
5.410725,674,783
5.410892,674,782
5.410916,674,781
5.410919,673,782
5.411098,672,783
5.411258,672,782
5.411576,672,781
5.411586,672,780
5.411653,672,779
5.411741,673,779
5.411746,673,778
5.411792,674,778
5.411894,674,777
5.412093,673,778
5.412112,672,779
5.412144,671,780
5.412151,670,781
5.412153,669,782
5.412164,669,781
5.412248,668,782
5.412263,668,781
5.412381,667,782
5.412423,668,782
5.412469,667,783
5.412604,666,784
5.412665,666,783
5.412704,665,784
5.412827,664,785
5.412940,664,784
5.412979,664,783
5.413016,664,782
5.413136,665,782
5.413143,665,781
5.413179,665,780
5.413185,666,780
5.413232,667,780
5.413454,667,779
5.413495,666,780
5.413556,665,781
5.413591,666,781
5.413764,665,782
5.413819,665,781
5.413893,665,780
5.413923,664,781
5.413946,663,782
5.413957,662,783
5.413965,662,782
5.413974,663,782
5.414028,663,781
5.414033,662,782
5.414043,662,781
5.414131,662,780
5.414151,662,779
5.414266,663,779
5.414325,662,780
5.414392,662,779
5.414412,662,778
5.414448,662,777
5.414570,662,776
5.414627,661,777
5.414747,661,776
5.414752,660,777
5.414769,659,778
5.414791,660,778
5.414803,659,779
5.414811,659,778
5.414871,658,779
5.414936,658,778
5.414977,658,777
5.415020,657,778
5.415110,657,777
5.415286,656,778
5.415439,656,777
5.415466,656,776
5.415574,656,775
5.415724,655,776
5.415773,656,776
5.415775,656,775
5.415843,657,775
5.416181,658,775
5.416722,657,776
5.416728,656,777
5.416912,656,776
5.417013,655,777
5.417148,656,777
5.417386,657,777
5.417420,658,777
5.417540,657,778
5.417592,657,777
5.417637,656,778
5.417856,657,778
5.417943,658,778
5.418128,658,777
5.418216,657,778
5.418251,657,777
5.418455,656,778
5.418479,656,777
5.418514,656,776
5.418550,656,775
5.418684,655,776
5.418794,654,777
5.418952,654,776
5.419086,654,775
5.419099,654,774
5.419348,654,773
5.419348,653,774
5.419400,652,775
5.419444,653,775
5.419687,652,776
5.419722,653,776
5.419874,653,775
5.419914,654,775
5.420062,653,776
5.420101,654,776
5.420102,655,776
5.420107,655,775
5.420425,655,774
5.420599,654,775
5.420659,654,774
5.420754,655,774
5.421071,654,775
5.421131,653,776
5.421202,652,777
5.421269,651,778
5.421422,650,779
5.421435,649,780
5.421557,648,781
5.421558,649,781
5.421603,649,780
5.421614,648,781
5.421791,649,781
5.421841,649,780
5.421853,648,781
5.421867,648,780
5.421973,647,781
5.422053,646,782
5.422085,646,781
5.422375,645,782
5.422551,644,783
5.422621,643,784
5.422632,642,785
5.422703,641,786
5.422792,640,787
5.422820,641,787
5.422898,640,788
5.422932,639,789
5.423230,639,788
5.423408,638,789
5.423473,637,790
5.423581,638,790
5.423642,637,791
5.423739,636,792
5.423979,635,793
5.424065,634,794
5.424089,633,795
5.424220,633,794
5.424228,633,793
5.424375,633,792
5.424501,632,793
5.424535,632,792
5.424669,631,793
5.424714,630,794
5.424888,629,795
5.425027,629,794
5.425034,628,795
5.425082,628,794
5.425141,629,794
5.425368,629,793
5.425419,628,794
5.425504,627,795
5.425626,628,795
5.425727,627,796
5.425844,626,797
5.425857,626,796
5.425867,625,797
5.425980,626,797
5.426075,625,798
5.426128,624,799
5.426183,623,800
5.426460,622,801
5.426521,622,800
5.426600,621,801
5.426838,620,802
5.426842,621,802
5.427359,620,803
5.427460,620,802
5.427529,619,803
5.427621,618,804
5.427658,617,805
5.427836,616,806
5.427846,615,807
5.428070,614,808
5.428077,614,807
5.428166,613,808
5.428481,612,809
5.428727,611,810
5.428732,611,809
5.429051,612,809
5.429076,613,809
5.429087,613,808
5.429149,613,807
5.429239,613,806
5.429529,612,807
5.429705,612,806
5.429844,611,807
5.429907,612,807
5.430671,611,808
5.430677,611,807
5.430714,610,808
5.430813,609,809
5.430876,610,809
5.430878,610,808
5.430977,609,809
5.431121,610,809
5.431151,610,808
5.431194,611,808
5.431326,611,807
5.431402,611,806
5.431534,611,805
5.431545,610,806
5.431551,610,805
5.431611,609,806
5.431643,609,805
5.431646,608,806
5.431703,608,805
5.431709,608,804
5.431781,607,805
5.431814,606,806
5.431953,606,805
5.431973,605,806
5.432005,604,807
5.432013,604,806
5.432017,604,805
5.432043,604,804
5.432090,605,804
5.432128,606,804
5.432135,606,803
5.432175,606,802
5.432217,606,801
5.432394,605,802
5.432443,605,801
5.432494,604,802
5.432538,603,803
5.432543,602,804
5.432589,602,803
5.432747,603,803
5.432828,603,802
5.432856,604,802
5.432867,604,801
5.433058,603,802
5.433069,602,803
5.433348,603,803
5.433349,603,802
5.433404,603,801
5.433640,602,802
5.433754,601,803
5.433776,602,803
5.433903,602,802
5.433921,602,801
5.433942,603,801
5.434014,603,800
5.434055,603,799
5.434200,602,800
5.434253,603,800
5.434341,604,800
5.434389,603,801
5.434408,602,802
5.434436,601,803
5.434557,600,804
5.434570,600,803
5.434769,600,802
5.434771,601,802
5.434793,601,801
5.434797,600,802
5.434978,600,801
5.435247,600,800
5.435251,599,801
5.435463,598,802
5.435471,597,803
5.435554,597,802
5.435629,597,801
5.435838,598,801
5.435867,597,802
5.435954,598,802
5.436114,598,801
5.436257,599,801
5.436482,599,800
5.436489,598,801
5.436625,598,800
5.436754,597,801
5.436790,596,802
5.436865,595,803
5.436971,595,802
5.437114,594,803
5.437391,593,804
5.437434,594,804
5.437443,594,803
5.437444,593,804
5.437599,592,805
5.437635,593,805
5.437684,592,806
5.437744,591,807
5.437818,591,806
5.438015,590,807
5.438052,589,808
5.438067,589,807
5.438099,590,807
5.438133,589,808
5.438275,588,809
5.438336,587,810
5.438395,586,811
5.438430,587,811
5.438431,586,812
5.438545,585,813
5.438596,585,812
5.438879,584,813
5.438929,584,812
5.438982,583,813
5.439006,582,814
5.439018,583,814
5.439062,582,815
5.439082,581,816
5.439105,581,815
5.439139,580,816
5.439261,579,817
5.439303,580,817
5.439532,581,817
5.439571,581,816
5.439670,580,817
5.439683,580,816
5.439748,579,817
5.439970,578,818
5.439992,579,818
5.440059,580,818
5.440070,579,819
5.440075,578,820
5.440223,577,821
5.440436,577,820
5.440526,576,821
5.440611,575,822
5.440785,574,823
5.440812,573,824
5.440813,573,823
5.440916,572,824
5.440994,572,823
5.441055,573,823
5.441061,572,824
5.441228,573,824
5.441411,574,824
5.441457,574,823
5.441814,573,824
5.441826,574,824
5.442089,573,825
5.442176,572,826
5.442186,571,827
5.442243,570,828
5.442261,570,827
5.442404,570,826
5.442442,570,825
5.442446,569,826
5.442690,568,827
5.442717,567,828
5.442746,567,827
5.442765,567,826
5.442783,567,825
5.442815,568,825
5.442856,569,825
5.442868,569,824
5.442906,569,823
5.442926,568,824
5.443030,568,823
5.443085,568,822
5.443149,568,821
5.443239,567,822
5.443245,566,823
5.443400,566,822
5.443460,565,823
5.443477,565,822
5.443517,564,823
5.443557,563,824
5.443561,562,825
5.443564,561,826
5.443602,561,825
5.443840,561,824
5.443928,562,824
5.443982,561,825
5.444013,561,824
5.444041,561,823
5.444115,562,823
5.444131,561,824
5.444163,560,825
5.444188,559,826
5.444223,560,826
5.444453,559,827
5.444535,560,827
5.444759,561,827
5.444842,561,826
5.444941,562,826
5.445353,561,827
5.445353,561,826
5.445355,561,825
5.445565,561,824
5.445630,560,825
5.445667,560,824
5.445671,560,823
5.445707,560,822
5.445776,559,823
5.445861,558,824
5.445944,557,825
5.446002,558,825
5.446071,558,824
5.446190,557,825
5.446197,557,824
5.446505,556,825
5.446616,556,824
5.446625,556,823
5.446637,555,824
5.446678,554,825
5.446789,554,824
5.446944,554,823
5.447016,554,822
5.447154,554,821
5.447299,554,820
5.447498,553,821
5.447625,552,822
5.447858,551,823
5.447884,552,823
5.448064,552,822
5.448242,551,823
5.448287,550,824
5.448547,549,825
5.448587,549,824
5.448603,548,825
5.448679,548,824
5.448692,547,825
5.449058,546,826
5.449068,545,827
5.449212,544,828
5.449513,545,828
5.449653,545,827
5.449717,544,828
5.449823,545,828
5.449965,545,827
5.450117,545,826
5.450234,544,827
5.450257,543,828
5.450314,543,827
5.450378,544,827
5.450399,543,828
5.450514,543,827
5.450565,542,828
5.450700,542,827
5.450757,541,828
5.450771,541,827
5.450787,541,826
5.450995,541,825
5.451430,541,824
5.451475,540,825
5.451491,541,825
5.451582,541,824
5.451681,540,825
5.451810,540,824
5.451898,539,825
5.451947,539,824
5.452071,538,825
5.452136,537,826
5.452146,536,827
5.452301,535,828
5.452410,536,828
5.452607,535,829
5.452845,534,830
5.453037,533,831
5.453139,533,830
5.453217,533,829
5.453573,533,828
5.453585,532,829
5.453619,531,830
5.453696,530,831
5.453768,529,832
5.453956,528,833
5.453981,527,834
5.454035,526,835
5.454071,525,836
5.454147,525,835
5.454354,525,834
5.454442,526,834
5.454464,526,833
5.454496,526,832
5.454531,526,831
5.454713,526,830
5.454901,525,831
5.455018,524,832
5.455104,524,831
5.455172,524,830
5.455316,523,831
5.455338,524,831
5.455394,523,832
5.455410,522,833
5.455511,521,834
5.455551,522,834
5.455556,521,835
5.455667,520,836
5.455809,521,836
5.455869,520,837
5.455901,519,838
5.455946,518,839
5.455958,517,840
5.455959,517,839
5.456028,516,840
5.456072,515,841
5.456110,514,842
5.456152,513,843
5.456296,513,842
5.456453,512,843
5.456593,512,842
5.456646,511,843
5.456760,510,844
5.456802,509,845
5.457055,508,846
5.457199,507,847
5.457239,506,848
5.457345,506,847
5.457438,506,846
5.457544,506,845
5.457786,505,846
5.457854,505,845
5.457856,505,844
5.457887,505,843
5.458377,505,842
5.458472,505,841
5.458965,504,842
5.458975,505,842
5.458995,505,841
5.459122,505,840
5.459256,505,839
5.459357,505,838
5.459585,504,839
5.459609,503,840
5.459695,503,839
5.459864,502,840
5.459873,502,839
5.459936,502,838
5.459992,501,839
5.460157,500,840
5.460203,500,839
5.460331,501,839
5.460400,502,839
5.460410,501,840
5.460666,501,839
5.460707,501,838
5.461053,501,837
5.461125,500,838
5.461233,499,839
5.461335,500,839
5.461626,500,838
5.461659,500,837
5.461683,499,838
5.461814,499,837
5.461830,499,836
5.461854,500,836
5.461866,499,837
5.461880,498,838
5.461945,499,838
5.461983,498,839
5.462104,498,838
5.462130,497,839
5.462374,498,839
5.462394,498,838
5.462428,498,837
5.462654,498,836
5.462789,498,835
5.462853,497,836
5.462938,496,837
5.463076,497,837
5.463141,496,838
5.463191,495,839
5.463704,495,838
5.463708,495,837
5.463895,494,838
5.464014,494,837
5.464076,493,838
5.464208,492,839
5.464341,493,839
5.464376,492,840
5.464391,493,840
5.464397,492,841
5.464661,492,840
5.464664,492,839
5.464697,491,840
5.464810,490,841
5.464893,490,840
5.464899,490,839
5.465096,490,838
5.465319,490,837
5.465414,489,838
5.465577,489,837
5.465683,489,836
5.465792,488,837
5.465845,489,837
5.465860,489,836
5.465865,488,837
5.465881,488,836
5.465907,487,837
5.466061,487,836
5.466091,486,837
5.466162,486,836
5.466249,485,837
5.466286,485,836
5.466305,484,837
5.466389,484,836
5.466406,484,835
5.466700,483,836
5.467214,482,837
5.467361,482,836
5.467681,481,837
5.467703,481,836
5.467716,480,837
5.467720,480,836
5.467971,479,837
5.468028,478,838
5.468028,477,839
5.468043,477,838
5.468111,477,837
5.468292,478,837
5.468316,478,836
5.468349,478,835
5.468517,477,836
5.468583,478,836
5.468590,478,835
5.468647,477,836
5.468718,476,837
5.468946,475,838
5.468953,475,837
5.468987,475,836
5.469033,474,837
5.469081,474,836
5.469094,473,837
5.469274,473,836
5.469331,473,835
5.469478,473,834
5.469625,473,833
5.469656,473,832
5.469798,472,833
5.469907,472,832
5.470257,473,832
5.470278,473,831
5.470484,473,830
5.470615,472,831
5.470672,471,832
5.470907,470,833
5.470958,469,834
5.471038,468,835
5.471121,467,836
5.471280,467,835
5.471437,468,835
5.471541,468,834
5.471561,468,833
5.471904,468,832
5.471993,467,833
5.472058,466,834
5.472075,467,834
5.472083,467,833
5.472232,466,834
5.472291,466,833
5.472341,465,834
5.472364,465,833
5.472488,465,832
5.472666,464,833
5.472668,465,833
5.472802,465,832
5.472905,464,833
5.473056,463,834
5.473372,463,833
5.473408,464,833
5.473434,463,834
5.473671,462,835
5.473827,462,834
5.473933,462,833
5.474113,461,834
5.474197,461,833
5.474226,461,832
5.474261,460,833
5.474433,459,834
5.474696,458,835
5.474724,458,834
5.474881,457,835
5.474905,457,834
5.475316,457,833
5.475398,457,832
5.475534,457,831
5.475574,457,830
5.475586,456,831
5.475641,456,830
5.475741,455,831
5.475746,455,830
5.475784,454,831
5.475875,453,832
5.475914,452,833
5.476019,452,832
5.476030,451,833
5.476048,450,834
5.476136,449,835
5.476286,448,836
5.476438,447,837
5.476453,446,838
5.476729,445,839
5.476765,444,840
5.477133,443,841
5.477366,443,840
5.477476,443,839
5.477563,442,840
5.477669,441,841
5.477830,440,842
5.477847,439,843
5.477855,439,842
5.477931,438,843
5.477992,438,842
5.478054,438,841
5.478059,438,840
5.478389,438,839
5.478769,438,838
5.478838,438,837
5.478985,437,838
5.479373,437,837
5.479374,436,838
5.479504,437,838
5.479599,437,837
5.479639,437,836
5.479690,437,835
5.479709,436,836
5.479738,437,836
5.479862,437,835
5.479985,438,835
5.480171,439,835
5.480273,440,835
5.480483,440,834
5.480544,440,833
5.480578,440,832
5.480651,439,833
5.480734,439,832
5.481056,440,832
5.481058,440,831
5.481099,440,830
5.481250,440,829
5.481346,439,830
5.481437,438,831
5.481756,438,830
5.481798,438,829
5.481892,438,828
5.482070,437,829
5.482211,436,830
5.482265,436,829
5.482312,435,830
5.482337,434,831
5.482373,433,832
5.482391,433,831
5.482526,433,830
5.482580,432,831
5.482590,432,830
5.482599,431,831
5.482648,431,830
5.483024,430,831
5.483101,430,830
5.483173,431,830
5.483317,431,829
5.483450,430,830
5.483597,429,831
5.483699,430,831
5.483920,431,831
5.483984,431,830
5.484086,430,831
5.484116,429,832
5.484162,430,832
5.484163,429,833
5.484207,428,834
5.484212,427,835
5.484232,427,834
5.484270,427,833
5.484331,427,832
5.484534,427,831
5.484567,427,830
5.484571,427,829
5.484623,428,829
5.484715,428,828
5.484716,428,827
5.484718,428,826
5.484763,427,827
5.484807,426,828
5.484845,426,827
5.484915,426,826
5.485101,425,827
5.485262,425,826
5.485347,424,827
5.485475,424,826
5.485478,423,827
5.485661,422,828
5.485680,421,829
5.485744,420,830
5.485749,420,829
5.485769,419,830
5.486015,418,831
5.486113,418,830
5.486253,417,831
5.486363,416,832
5.486432,415,833
5.486631,416,833
5.486711,415,834
5.486838,415,833
5.486851,415,832
5.486873,414,833
5.487089,415,833
5.487133,414,834
5.487172,414,833
5.487374,413,834
5.487525,413,833
5.487642,413,832
5.487756,413,831
5.487908,413,830
5.488154,414,830
5.488309,414,829
5.488374,413,830
5.488377,413,829
5.488638,414,829
5.488734,414,828
5.488743,413,829
5.488818,413,828
5.488885,413,827
5.489099,412,828
5.489404,412,827
5.489514,413,827
5.489530,412,828
5.489635,411,829
5.489743,410,830
5.489759,410,829
5.489938,411,829
5.490148,411,828
5.490587,410,829
5.490669,411,829
5.490761,412,829
5.490805,411,830
5.490847,411,829
5.490870,411,828
5.491051,410,829
5.491053,410,828
5.491080,410,827
5.491321,410,826
5.491446,410,825
5.491632,410,824
5.491768,411,824
5.492224,411,823
5.492315,411,822
5.492316,411,821
5.492411,411,820
5.492415,410,821
5.492612,409,822
5.492669,408,823
5.492697,407,824
5.492758,406,825
5.492909,407,825
5.493253,407,824
5.493304,406,825
5.493350,406,824
5.493406,405,825
5.493475,405,824
5.493485,405,823
5.493535,406,823
5.493689,406,822
5.493899,407,822
5.493901,407,821
5.493985,406,822
5.493993,406,821
5.493993,405,822
5.494131,404,823
5.494370,405,823
5.494440,405,822
5.494455,404,823
5.494520,404,822
5.494588,404,821
5.494829,404,820
5.495291,403,821
5.495341,404,821
5.495443,404,820
5.495575,403,821
5.495684,402,822
5.495854,401,823
5.495879,401,822
5.496013,402,822
5.496115,402,821
5.496130,402,820
5.496275,402,819
5.496726,401,820
5.496812,400,821
5.496829,400,820
5.496963,399,821
5.497166,398,822
5.497203,399,822
5.497284,398,823
5.497399,398,822
5.497426,398,821
5.497726,398,820
5.497755,399,820
5.497812,398,821
5.497834,398,820
5.497940,398,819
5.497968,397,820
5.498050,397,819
5.498150,397,818
5.498196,396,819
5.498214,396,818
5.498217,396,817
5.498247,397,817
5.498253,397,816
5.498375,397,815
5.498518,396,816
5.498971,395,817
5.499035,395,816
5.499047,395,815
5.499083,395,814
5.499422,395,813
5.499585,394,814
5.499609,395,814
5.499667,395,813
5.499678,395,812
5.499977,395,811
5.500030,394,812
5.500135,393,813
5.500194,393,812
5.500658,393,811
5.500811,392,812
5.500866,391,813
5.500919,391,812
5.501180,392,812
5.501374,392,811
5.501385,391,812
5.501688,391,811
5.501741,390,812
5.501857,390,811
5.501984,389,812
5.502032,389,811
5.502061,388,812
5.502200,388,811
5.502286,388,810
5.502288,388,809
5.502317,389,809
5.502662,390,809
5.502670,390,808
5.502870,390,807
5.503004,390,806
5.503243,389,807
5.503263,390,807
5.503351,390,806
5.503488,391,806
5.503572,390,807
5.503611,390,806
5.503657,390,805
5.503887,390,804
5.503945,390,803
5.503980,391,803
5.503985,391,802
5.504023,391,801
5.504030,390,802
5.504065,390,801
5.504215,391,801
5.504288,390,802
5.504325,389,803
5.504336,388,804
5.504390,388,803
5.504645,389,803
5.504778,390,803
5.504836,390,802
5.504916,389,803
5.504944,389,802
5.504955,390,802
5.505512,390,801
5.505736,389,802
5.505986,389,801
5.506050,388,802
5.506061,387,803
5.506097,387,802
5.506207,387,801
5.506244,387,800
5.506267,387,799
5.506267,387,798
5.506288,386,799
5.506528,385,800
5.506674,386,800
5.506853,385,801
5.506948,385,800
5.507037,385,799
5.507129,384,800
5.507158,385,800
5.507403,385,799
5.507422,385,798
5.507465,384,799
5.507516,383,800
5.507753,383,799
5.507765,383,798
5.507878,382,799
5.508037,381,800
5.508067,380,801
5.508115,381,801
5.508179,381,800
5.508193,382,800
5.508456,382,799
5.508614,381,800
5.508836,380,801
5.508942,380,800
5.509040,381,800
5.509196,381,799
5.509351,381,798
5.509587,380,799
5.509682,380,798
5.509698,380,797
5.510343,380,796
5.510444,379,797
5.510466,378,798
5.510520,378,797
5.510546,379,797
5.510559,379,796
5.510625,380,796
5.510739,380,795
5.510817,379,796
5.511087,379,795
5.511101,379,794
5.511178,378,795
5.511189,377,796
5.511255,376,797
5.511375,376,796
5.511555,375,797
5.511755,375,796
5.511805,374,797
5.511877,374,796
5.511978,373,797
5.512034,372,798
5.512185,371,799
5.512195,371,798
5.512224,371,797
5.512235,371,796
5.512348,370,797
5.512861,369,798
5.512880,370,798
5.512930,369,799
5.513062,369,798
5.513077,368,799
5.513134,368,798
5.513181,368,797
5.513325,368,796
5.513632,368,795
5.513776,367,796
5.513856,368,796
5.513897,368,795
5.513974,367,796
5.514061,367,795
5.514198,366,796
5.514224,366,795
5.514226,366,794
5.514286,365,795
5.514429,364,796
5.514810,363,797
5.514912,363,796
5.515057,363,795
5.515375,364,795
5.515620,364,794
5.515798,364,793
5.515847,364,792
5.515910,364,791
5.516019,364,790
5.516169,364,789
5.516318,363,790
5.516536,362,791
5.516581,363,791
5.516683,363,790
5.516702,364,790
5.516882,364,789
5.516883,364,788
5.517140,364,787
5.517176,363,788
5.517194,362,789
5.517321,362,788
5.517455,361,789
5.517652,360,790
5.517717,360,789
5.517755,361,789
5.517826,361,788
5.517864,361,787
5.518113,360,788
5.518338,359,789
5.518594,359,788
5.518748,359,787
5.518836,359,786
5.518882,358,787
5.518928,358,786
5.518971,357,787
5.519348,356,788
5.519609,355,789
5.519871,355,788
5.519931,355,787
5.520121,355,786
5.520138,355,785
5.520189,355,784
5.520195,355,783
5.520204,354,784
5.520229,354,783
5.520235,355,783
5.520300,355,782
5.520768,355,781
5.520796,355,780
5.520798,355,779
5.520948,355,778
5.521054,355,777
5.521137,355,776
5.521139,355,775
5.521155,355,774
5.521357,354,775
5.521639,354,774
5.521701,353,775
5.521845,352,776
5.521961,352,775
5.522017,352,774
5.522050,352,773
5.522071,352,772
5.522372,351,773
5.522386,351,772
5.522395,351,771
5.522407,350,772
5.522477,351,772
5.522694,351,771
5.523180,351,770
5.523431,352,770
5.523505,352,769
5.523550,351,770
5.523653,350,771
5.524176,350,770
5.524328,350,769
5.524529,349,770
5.524832,350,770
5.525018,350,769
5.525155,350,768
5.525302,349,769
5.525329,349,768
5.525376,349,767
5.525400,349,766
5.525409,348,767
5.525411,347,768
5.525436,346,769
5.525517,346,768
5.525563,345,769
5.525583,344,770
5.525920,344,769
5.526141,344,768
5.526164,344,767
5.526232,344,766
5.526286,344,765
5.526300,344,764
5.526350,345,764
5.526433,345,763
5.526525,344,764
5.526555,344,763
5.526667,344,762
5.526766,344,761
5.526857,343,762
5.527045,343,761
5.527680,342,762
5.527704,342,761
5.527818,341,762
5.527864,341,761
5.528073,341,760
5.528116,340,761
5.528192,339,762
5.528251,339,761
5.528279,338,762
5.528536,337,763
5.528716,336,764
5.528748,336,763
5.528773,335,764
5.529019,335,763
5.529160,334,764
5.529276,334,763
5.529495,334,762
5.529669,334,761
5.529694,334,760
5.530100,333,761
5.530415,333,760
5.530480,333,759
5.530552,333,758
5.530696,333,757
5.530777,334,757
5.530835,334,756
5.530935,334,755
5.531082,334,754
5.531468,333,755
5.531475,333,754
5.531549,333,753
5.531642,333,752
5.531904,334,752
5.532298,335,752
5.532327,335,751
5.532366,334,752
5.532463,333,753
5.532799,332,754
5.532803,331,755
5.532992,332,755
5.533031,333,755
5.533174,333,754
5.533319,332,755
5.533393,332,754
5.533525,332,753
5.533651,333,753
5.533749,333,752
5.533847,333,751
5.533997,333,750
5.534019,333,749
5.534220,334,749
5.534251,334,748
5.534270,334,747
5.534480,334,746
5.534698,335,746
5.534828,335,745
5.534852,335,744
5.534991,335,743
5.535094,335,742
5.535128,335,741
5.535247,335,740
5.535320,334,741
5.535463,334,740
5.535489,334,739
5.535528,334,738
5.535736,335,738
5.536010,334,739
5.536050,334,738
5.536177,333,739
5.536338,334,739
5.536773,333,740
5.536836,333,739
5.536846,332,740
5.536947,331,741
5.536984,331,740
5.537046,330,741
5.537062,330,740
5.537459,330,739
5.537502,330,738
5.537528,329,739
5.537531,330,739
5.537712,331,739
5.537847,330,740
5.537963,330,739
5.538003,329,740
5.538065,329,739
5.538262,328,740
5.538586,327,741
5.538885,327,740
5.539210,326,741
5.539387,326,740
5.539733,326,739
5.539780,325,740
5.539962,326,740
5.540417,327,740
5.540447,326,741
5.540449,327,741
5.540556,326,742
5.540576,327,742
5.540810,326,743
5.540867,325,744
5.540930,325,743
5.541157,326,743
5.541170,326,742
5.541278,325,743
5.541454,324,744
5.541456,325,744
5.541572,324,745
5.541770,323,746
5.541910,323,745
5.542055,323,744
5.542085,322,745
5.542103,323,745
5.542133,323,744
5.542485,323,743
5.542523,324,743
5.542740,325,743
5.542800,324,744
5.542845,323,745
5.543260,323,744
5.543522,322,745
5.543678,322,744
5.543836,322,743
5.543924,322,742
5.543971,321,743
5.544028,321,742
5.544167,321,741
5.544197,320,742
5.544223,320,741
5.544243,320,740
5.544313,319,741
5.544386,318,742
5.544447,318,741
5.544470,317,742
5.544510,317,741
5.544531,316,742
5.545236,315,743
5.545580,315,742
5.545695,314,743
5.545752,313,744
5.545944,314,744
5.546209,313,745
5.546342,314,745
5.546459,313,746
5.546516,313,745
5.546687,313,744
5.546739,314,744
5.546985,313,745
5.547198,314,745
5.547431,313,746
5.547607,314,746
5.547658,313,747
5.547716,312,748
5.547793,312,747
5.547803,312,746
5.547864,311,747
5.547912,311,746
5.547932,311,745
5.547942,311,744
5.547949,311,743
5.548084,312,743
5.548108,313,743
5.548440,312,744
5.548607,312,743
5.548624,312,742
5.548697,312,741
5.548833,312,740
5.548874,312,739
5.549004,313,739
5.549092,312,740
5.549218,311,741
5.549320,311,740
5.549364,311,739
5.549543,310,740
5.549551,310,739
5.549759,309,740
5.550002,308,741
5.550023,307,742
5.550025,306,743
5.550165,306,742
5.550213,306,741
5.550222,307,741
5.550416,308,741
5.550466,308,740
5.550514,307,741
5.550560,306,742
5.550691,306,741
5.551037,305,742
5.551153,305,741
5.551208,305,740
5.551255,305,739
5.551378,306,739
5.551907,306,738
5.552013,306,737
5.552029,306,736
5.552136,305,737
5.552211,306,737
5.552424,306,736
5.552595,306,735
5.552608,306,734
5.552955,305,735
5.553052,305,734
5.553193,304,735
5.553418,304,734
5.553565,304,733
5.553772,304,732
5.554108,303,733
5.554145,304,733
5.554321,304,732
5.554785,304,731
5.555065,304,730
5.555102,303,731
5.555147,304,731
5.555266,304,730
5.555484,303,731
5.555543,303,730
5.556029,304,730
5.556111,304,729
5.556280,305,729
5.556334,305,728
5.556570,305,727
5.556732,304,728
5.556779,303,729
5.557034,302,730
5.557150,301,731
5.557231,300,732
5.557308,301,732
5.557544,302,732
5.557749,302,731
5.558078,302,730
5.558356,302,729
5.558603,303,729
5.558800,303,728
5.558815,303,727
5.559312,302,728
5.559321,302,727
5.559352,301,728
5.559365,301,727
5.559434,301,726
5.559617,300,727
5.559761,301,727
5.560100,301,726
5.560195,301,725
5.560205,301,724
5.560377,300,725
5.560481,299,726
5.560546,299,725
5.560597,298,726
5.560801,298,725
5.560817,297,726
5.560844,296,727
5.561006,295,728
5.561050,296,728
5.561140,296,727
5.561262,296,726
5.561576,297,726
5.561598,297,725
5.561706,298,725
5.561769,297,726
5.561895,296,727
5.562070,296,726
5.562746,297,726
5.563205,297,725
5.563228,297,724
5.563503,297,723
5.563514,296,724
5.563577,296,723
5.563613,296,722
5.563630,295,723
5.563809,294,724
5.563830,294,723
5.563880,294,722
5.563898,293,723
5.564065,293,722
5.564159,293,721
5.564286,292,722
5.564495,291,723
5.564798,291,722
5.564843,290,723
5.565313,290,722
5.565339,290,721
5.565446,289,722
5.565481,288,723
5.565512,288,722
5.565776,289,722
5.566371,289,721
5.566401,289,720
5.566469,288,721
5.566566,288,720
5.566569,287,721
5.566643,286,722
5.566777,285,723
5.566838,285,722
5.566904,285,721
5.567035,285,720
5.567066,285,719
5.567116,285,718
5.567212,285,717
5.567228,285,716
5.567311,285,715
5.567461,285,714
5.567482,284,715
5.567822,284,714
5.567885,283,715
5.568017,282,716
5.568352,282,715
5.568354,282,714
5.568443,282,713
5.568582,282,712
5.568871,282,711
5.569068,282,710
5.569185,282,709
5.569224,282,708
5.569240,282,707
5.569467,283,707
5.569482,283,706
5.569492,282,707
5.569506,281,708
5.569783,281,707
5.569978,281,706
5.570027,281,705
5.570083,281,704
5.570172,281,703
5.570279,280,704
5.570584,281,704
5.570658,281,703
5.570750,280,704
5.571089,281,704
5.571141,281,703
5.571192,280,704
5.571283,281,704
5.571496,281,703
5.571553,281,702
5.571662,282,702
5.572177,282,701
5.572358,283,701
5.572717,283,700
5.573161,283,699
5.573478,283,698
5.573993,283,697
5.574037,283,696
5.574167,284,696
5.574201,284,695
5.574354,283,696
5.574376,283,695
5.574404,283,694
5.574581,283,693
5.574902,283,692
5.574933,282,693
5.574956,282,692
5.575154,281,693
5.575263,280,694
5.576123,280,693
5.576298,279,694
5.576449,279,693
5.576455,278,694
5.576517,278,693
5.576634,277,694
5.576654,277,693
5.576842,276,694
5.577112,276,693
5.577232,275,694
5.577474,275,693
5.577502,275,692
5.577560,275,691
5.577900,274,692
5.577932,273,693
5.577986,273,692
5.578272,273,691
5.578328,272,692
5.578357,272,691
5.578367,272,690
5.578378,272,689
5.578952,271,690
5.579317,271,689
5.579415,271,688
5.579443,271,687
5.579506,271,686
5.579770,270,687
5.580060,270,686
5.580667,270,685
5.581031,270,684
5.581057,270,683
5.581141,270,682
5.581197,270,681
5.581235,270,680
5.581551,270,679
5.581687,270,678
5.581876,269,679
5.582038,269,678
5.582154,268,679
5.582335,269,679
5.582720,268,680
5.582874,268,679
5.582926,267,680
5.583405,267,679
5.583500,266,680
5.583757,266,679
5.583857,266,678
5.584033,266,677
5.584232,266,676
5.584544,266,675
5.584598,267,675
5.584708,267,674
5.584915,266,675
5.585252,266,674
5.585369,265,675
5.585538,265,674
5.585580,264,675
5.585794,264,674
5.586196,264,673
5.586400,264,672
5.586645,263,673
5.586665,263,672
5.586722,264,672
5.586739,264,671
5.586885,265,671
5.587817,265,670
5.588769,266,670
5.588920,267,670
5.589356,266,671
5.589367,266,670
5.589521,265,671
5.589668,265,670
5.589783,264,671
5.590057,264,670
5.590138,264,669
5.590266,263,670
5.590383,262,671
5.590475,262,670
5.590546,261,671
5.590597,260,672
5.590871,260,671
5.590961,260,670
5.591023,259,671
5.591048,259,670
5.591049,258,671
5.591789,259,671
5.591795,259,670
5.591846,258,671
5.591929,257,672
5.591989,257,671
5.592070,258,671
5.592196,259,671
5.592677,260,671
5.592883,260,670
5.592953,260,669
5.593117,260,668
5.593142,260,667
5.593289,260,666
5.593426,259,667
5.593461,259,666
5.593629,259,665
5.593672,259,664
5.593724,258,665
5.593892,259,665
5.594343,258,666
5.594379,258,665
5.594429,257,666
5.594452,257,665
5.594477,257,664
5.595179,257,663
5.595237,258,663
5.595369,259,663
5.595591,260,663
5.595607,259,664
5.595811,259,663
5.595811,259,662
5.596088,259,661
5.596138,259,660
5.596282,259,659
5.596359,260,659
5.596835,261,659
5.596886,262,659
5.597357,261,660
5.597517,261,659
5.597858,261,658
5.598147,261,657
5.598158,260,658
5.598231,260,657
5.598300,261,657
5.598509,261,656
5.598669,261,655
5.599070,262,655
5.599527,262,654
5.599720,262,653
5.599770,262,652
5.600109,263,652
5.600648,263,651
5.600912,262,652
5.601214,261,653
5.601483,261,652
5.601696,261,651
5.601826,260,652
5.602044,259,653
5.602065,258,654
5.602167,258,653
5.602406,257,654
5.602963,256,655
5.602994,255,656
5.603172,255,655
5.603316,255,654
5.603488,255,653
5.603769,255,652
5.603821,254,653
5.603842,254,652
5.603915,254,651
5.603927,253,652
5.604169,253,651
5.604565,253,650
5.604716,252,651
5.605724,252,650
5.606038,251,651
5.606044,251,650
5.606196,251,649
5.606419,251,648
5.606506,251,647
5.606513,250,648
5.606878,250,647
5.607173,251,647
5.607343,251,646
5.607555,250,647
5.607895,250,646
5.607910,249,647
5.608005,248,648
5.608141,248,647
5.608204,249,647
5.608512,249,646
5.608592,249,645
5.608616,250,645
5.608893,250,644
5.609136,250,643
5.609168,250,642
5.609179,250,641
5.609347,250,640
5.609419,250,639
5.609572,249,640
5.609604,249,639
5.609670,249,638
5.609670,249,637
5.609756,249,636
5.609884,249,635
5.610011,249,634
5.610051,249,633
5.610095,249,632
5.610425,248,633
5.610809,247,634
5.610994,248,634
5.611080,248,633
5.611088,248,632
5.611163,248,631
5.611248,247,632
5.611347,247,631
5.611386,246,632
5.611612,246,631
5.611866,246,630
5.612298,246,629
5.612494,246,628
5.612553,246,627
5.612579,247,627
5.612630,246,628
5.612782,246,627
5.612799,245,628
5.612841,245,627
5.612987,245,626
5.613199,245,625
5.613422,244,626
5.613522,244,625
5.613872,243,626
5.613873,244,626
5.614079,245,626
5.614600,245,625
5.614766,244,626
5.614978,244,625
5.615060,243,626
5.615196,242,627
5.615217,241,628
5.616105,241,627
5.616194,241,626
5.616258,241,625
5.616346,242,625
5.616392,242,624
5.616557,243,624
5.616668,242,625
5.617055,242,624
5.617089,242,623
5.617542,242,622
5.617590,242,621
5.617873,241,622
5.617879,241,621
5.617982,241,620
5.618101,240,621
5.618182,240,620
5.618257,240,619
5.618648,240,618
5.618704,239,619
5.618804,239,618
5.618836,239,617
5.618964,238,618
5.619031,238,617
5.619053,239,617
5.619217,239,616
5.619450,239,615
5.619509,239,614
5.619731,239,613
5.619754,238,614
5.619787,238,613
5.620117,238,612
5.620234,238,611
5.620440,238,610
5.620551,238,609
5.620747,238,608
5.620876,238,607
5.620958,238,606
5.621093,238,605
5.621514,238,604
5.621619,238,603
5.621642,237,604
5.621710,237,603
5.621715,237,602
5.622027,236,603
5.622081,236,602
5.622296,235,603
5.622319,235,602
5.623375,236,602
5.623492,237,602
5.623561,236,603
5.623695,236,602
5.623736,237,602
5.624055,238,602
5.624126,237,603
5.624582,237,602
5.624597,236,603
5.624608,235,604
5.624638,235,603
5.624938,234,604
5.624968,234,603
5.625107,234,602
5.625209,234,601
5.625241,234,600
5.625321,234,599
5.625812,234,598
5.626049,234,597
5.626099,234,596
5.626154,234,595
5.626342,234,594
5.626416,234,593
5.626422,235,593
5.626639,235,592
5.626843,235,591
5.627619,234,592
5.628129,233,593
5.628523,232,594
5.628558,232,593
5.628792,232,592
5.629111,231,593
5.629444,231,592
5.629806,232,592
5.629823,231,593
5.630271,232,593
5.630406,232,592
5.630761,232,591
5.630872,232,590
5.630873,232,589
5.630917,232,588
5.631067,231,589
5.631197,230,590
5.631612,231,590
5.631629,231,589
5.631684,231,588
5.631752,230,589
5.632323,230,588
5.632758,229,589
5.632821,229,588
5.632830,230,588
5.632980,230,587
5.632995,229,588
5.633248,229,587
5.633549,229,586
5.633712,229,585
5.633778,228,586
5.634189,228,585
5.634362,228,584
5.634568,227,585
5.634772,227,584
5.634789,227,583
5.634940,227,582
5.634957,227,581
5.635480,227,580
5.635563,226,581
5.635789,226,580
5.636060,226,579
5.636061,226,578
5.636228,225,579
5.636338,225,578
5.636421,225,577
5.636563,225,576
5.636806,226,576
5.636847,225,577
5.636989,225,576
5.637208,225,575
5.637210,225,574
5.637376,225,573
5.637721,225,572
5.637847,225,571
5.638579,225,570
5.638724,224,571
5.638777,223,572
5.638802,224,572
5.639057,223,573
5.639594,224,573
5.640087,224,572
5.640327,224,571
5.640955,223,572
5.641017,222,573
5.641023,222,572
5.641151,222,571
5.641543,222,570
5.642086,221,571
5.642234,220,572
5.642918,221,572
5.643290,220,573
5.643513,221,573
5.643594,220,574
5.643714,221,574
5.643902,220,575
5.644589,219,576
5.644754,219,575
5.644905,219,574
5.645252,219,573
5.645353,219,572
5.645382,218,573
5.645563,217,574
5.645573,217,573
5.645590,216,574
5.645645,216,573
5.645745,216,572
5.645831,215,573
5.646094,215,572
5.646347,215,571
5.646501,215,570
5.646617,215,569
5.646896,215,568
5.646916,215,567
5.646978,214,568
5.647059,213,569
5.647789,212,570
5.648140,212,569
5.648276,213,569
5.648712,213,568
5.648894,213,567
5.649265,213,566
5.649508,212,567
5.650072,212,566
5.650146,212,565
5.650185,212,564
5.650363,212,563
5.650399,211,564
5.650466,211,563
5.650544,211,562
5.650550,211,561
5.650575,211,560
5.650648,211,559
5.650731,211,558
5.650987,212,558
5.651081,212,557
5.651173,212,556
5.651331,212,555
5.651464,212,554
5.651496,212,553
5.651736,212,552
5.652437,212,551
5.652478,212,550
5.652517,212,549
5.652549,213,549
5.652686,212,550
5.652691,212,549
5.653297,211,550
5.653448,211,549
5.653848,211,548
5.653999,211,547
5.654333,210,548
5.654484,211,548
5.654952,210,549
5.655116,210,548
5.655218,210,547
5.655287,209,548
5.655746,209,547
5.655852,209,546
5.655878,209,545
5.656170,209,544
5.656333,210,544
5.656396,210,543
5.656480,210,542
5.656483,210,541
5.656606,211,541
5.656674,211,540
5.656681,210,541
5.656806,211,541
5.657452,210,542
5.657672,210,541
5.657678,209,542
5.657773,209,541
5.657804,210,541
5.657905,210,540
5.658036,211,540
5.658067,210,541
5.658091,211,541
5.658282,210,542
5.658591,210,541
5.658617,210,540
5.658784,209,541
5.658846,209,540
5.659207,209,539
5.659968,208,540
5.660300,207,541
5.660360,208,541
5.660462,208,540
5.660623,208,539
5.660924,208,538
5.661732,208,537
5.661829,207,538
5.661879,207,537
5.661916,207,536
5.661943,207,535
5.662075,207,534
5.662220,208,534
5.662385,208,533
5.662983,209,533
5.663228,209,532
5.663264,209,531
5.663525,208,532
5.663823,208,531
5.663893,208,530
5.663933,208,529
5.664289,207,530
5.664608,207,529
5.664649,207,528
5.664872,207,527
5.665294,207,526
5.666033,207,525
5.666203,207,524
5.666317,207,523
5.666454,206,524
5.666565,206,523
5.666720,206,522
5.666733,206,521
5.666840,206,520
5.667316,206,519
5.667431,206,518
5.667562,205,519
5.667645,205,518
5.668024,204,519
5.668032,205,519
5.668495,206,519
5.668873,206,518
5.669021,206,517
5.669246,206,516
5.669764,205,517
5.670201,204,518
5.671200,204,517
5.671398,205,517
5.671419,205,516
5.671569,204,517
5.671723,205,517
5.671744,206,517
5.671752,206,516
5.671806,206,515
5.671935,206,514
5.671949,206,513
5.672171,206,512
5.672591,206,511
5.672982,206,510
5.673020,206,509
5.673281,206,508
5.673892,206,507
5.674179,206,506
5.674344,206,505
5.674507,205,506
5.674602,204,507
5.674616,204,506
5.675094,204,505
5.675188,204,504
5.675198,205,504
5.675607,206,504
5.675766,206,503
5.675825,205,504
5.675870,205,503
5.676011,205,502
5.676102,204,503
5.676134,205,503
5.676338,204,504
5.676395,203,505
5.676522,204,505
5.676725,203,506
5.677503,203,505
5.677689,203,504
5.677836,203,503
5.678117,203,502
5.678400,203,501
5.678957,202,502
5.678982,201,503
5.679521,200,504
5.679600,201,504
5.680653,200,505
5.680971,200,504
5.681121,199,505
5.681323,200,505
5.682189,200,504
5.682221,200,503
5.682306,200,502
5.682335,200,501
5.682977,200,500
5.683166,200,499
5.683293,199,500
5.684070,198,501
5.684088,198,500
5.684135,197,501
5.684357,197,500
5.684362,196,501
5.684712,196,500
5.684942,196,499
5.685660,196,498
5.685725,195,499
5.685996,194,500
5.686416,194,499
5.686903,194,498
5.686976,193,499
5.687362,193,498
5.687589,193,497
5.687692,192,498
5.687886,192,497
5.687968,192,496
5.687995,193,496
5.688026,194,496
5.688170,193,497
5.688219,194,497
5.688806,195,497
5.688885,195,496
5.689208,196,496
5.689539,196,495
5.689761,195,496
5.689770,195,495
5.689956,195,494
5.690112,196,494
5.690789,196,493
5.690923,195,494
5.691106,196,494
5.691149,196,493
5.691978,195,494
5.691983,195,493
5.692024,194,494
5.692377,194,493
5.692612,195,493
5.692855,195,492
5.693028,196,492
5.693277,196,491
5.693869,196,490
5.694208,196,489
5.694358,196,488
5.694519,196,487
5.694597,197,487
5.695052,196,488
5.695201,195,489
5.695242,195,488
5.695427,195,487
5.695647,195,486
5.695665,195,485
5.695716,196,485
5.695794,197,485
5.696353,197,484
5.696557,196,485
5.696751,196,484
5.696804,196,483
5.696907,196,482
5.697138,197,482
5.697295,197,481
5.697529,196,482
5.697959,195,483
5.698006,194,484
5.698365,195,484
5.698384,196,484
5.698640,196,483
5.699173,196,482
5.699189,196,481
5.699318,197,481
5.699907,198,481
5.700715,198,480
5.701554,198,479
5.701675,197,480
5.702505,197,479
5.702518,196,480
5.702520,196,479
5.702680,196,478
5.702966,196,477
5.703464,196,476
5.703473,197,476
5.703548,197,475
5.703557,198,475
5.703887,198,474
5.704177,198,473
5.704840,197,474
5.705102,196,475
5.705118,196,474
5.705121,196,473
5.705178,195,474
5.706136,194,475
5.706651,194,474
5.707225,194,473
5.707431,194,472
5.707759,193,473
5.707978,193,472
5.708230,193,471
5.708475,193,470
5.708670,192,471
5.708760,192,470
5.708829,191,471
5.709140,192,471
5.709485,192,470
5.709569,192,469
5.709738,192,468
5.709847,192,467
5.710082,191,468
5.710115,191,467
5.710539,191,466
5.710552,191,465
5.710606,191,464
5.710689,190,465
5.710847,191,465
5.711182,191,464
5.711541,190,465
5.711856,190,464
5.712637,189,465
5.712891,190,465
5.712960,190,464
5.713111,190,463
5.713755,190,462
5.713999,190,461
5.714176,191,461
5.714892,191,460
5.715169,190,461
5.715300,189,462
5.715392,189,461
5.715517,189,460
5.716087,189,459
5.716448,189,458
5.716639,188,459
5.716976,188,458
5.717020,188,457
5.717106,188,456
5.717325,188,455
5.717943,187,456
5.718224,186,457
5.718567,185,458
5.718671,186,458
5.718816,186,457
5.719632,187,457
5.719742,187,456
5.719893,187,455
5.720494,188,455
5.721113,188,454
5.721298,187,455
5.721460,186,456
5.721484,187,456
5.721487,187,455
5.721817,186,456
5.722066,187,456
5.722608,187,455
5.723219,187,454
5.724170,186,455
5.724249,186,454
5.724273,185,455
5.724347,185,454
5.724665,185,453
5.724737,185,452
5.724811,185,451
5.724853,185,450
5.725124,185,449
5.725328,185,448
5.725714,184,449
5.725849,184,448
5.725954,184,447
5.727211,185,447
5.727952,185,446
5.728255,184,447
5.728315,184,446
5.728570,183,447
5.728719,182,448
5.729192,182,447
5.729238,182,446
5.730013,182,445
5.730157,182,444
5.730331,182,443
5.730494,182,442
5.731006,182,441
5.731025,181,442
5.731491,181,441
5.731518,181,440
5.731723,182,440
5.731765,182,439
5.731826,181,440
5.732019,181,439
5.732051,181,438
5.732251,180,439
5.732554,180,438
5.733068,181,438
5.733535,181,437
5.734473,180,438
5.735197,180,437
5.735208,179,438
5.735502,179,437
5.735741,178,438
5.735915,179,438
5.735921,179,437
5.736370,179,436
5.736442,179,435
5.736751,179,434
5.736772,179,433
5.736858,179,432
5.736977,179,431
5.737399,180,431
5.738091,179,432
5.739442,179,431
5.739615,179,430
5.740296,179,429
5.740349,179,428
5.740494,178,429
5.740725,178,428
5.740831,178,427
5.741194,177,428
5.741596,177,427
5.741675,177,426
5.741958,178,426
5.742017,178,425
5.743781,177,426
5.744288,176,427
5.744629,176,426
5.745000,176,425
5.745415,177,425
5.746170,177,424
5.746232,177,423
5.746425,177,422
5.746592,177,421
5.746649,177,420
5.746878,177,419
5.747063,177,418
5.747176,177,417
5.747407,178,417
5.747874,177,418
5.748217,176,419
5.748400,176,418
5.748708,177,418
5.748807,177,417
5.748989,177,416
5.749140,178,416
5.749267,179,416
5.749990,179,415
5.750173,179,414
5.750626,178,415
5.750682,178,414
5.750906,178,413
5.751388,178,412
5.751928,178,411
5.752040,177,412
5.752358,177,411
5.752520,176,412
5.753048,176,411
5.753625,176,410
5.754229,176,409
5.754488,176,408
5.754857,176,407
5.755338,177,407
5.756327,177,406
5.756841,177,405
5.756916,176,406
5.757561,177,406
5.757570,176,407
5.757591,176,406
5.757730,175,407
5.757789,176,407
5.758000,176,406
5.759436,175,407
5.759651,175,406
5.759670,174,407
5.759688,175,407
5.760206,176,407
5.760292,176,406
5.760612,176,405
5.760721,177,405
5.761088,178,405
5.761137,179,405
5.761262,179,404
5.761536,180,404
5.761898,180,403
5.761908,180,402
5.762049,180,401
5.762612,180,400
5.763075,180,399
5.763225,180,398
5.763524,180,397
5.763798,180,396
5.764039,180,395
5.764088,180,394
5.764224,180,393
5.765812,179,394
5.765848,179,393
5.766067,179,392
5.766326,180,392
5.766530,180,391
5.766836,180,390
5.766874,179,391
5.766921,180,391
5.767204,180,390
5.767227,180,389
5.767975,180,388
5.768955,180,387
5.768956,180,386
5.769477,181,386
5.769624,181,385
5.769832,181,384
5.769949,181,383
5.770085,182,383
5.770167,182,382
5.770281,182,381
5.770374,182,380
5.770829,181,381
5.770990,181,380
5.771446,181,379
5.771504,182,379
5.771717,183,379
5.771867,182,380
5.771898,183,380
5.772103,182,381
5.772137,182,380
5.772416,183,380
5.772704,184,380
5.772831,185,380
5.773271,184,381
5.773479,183,382
5.774118,184,382
5.774799,183,383
5.774805,183,382
5.774819,183,381
5.775504,182,382
5.776261,183,382
5.776717,183,381
5.776876,183,380
5.777285,183,379
5.777437,182,380
5.777681,181,381
5.777775,182,381
5.778142,183,381
5.778615,182,382
5.778889,182,381
5.779404,183,381
5.779435,182,382
5.779463,182,381
5.779757,183,381
5.779781,183,380
5.779827,183,379
5.779999,183,378
5.780524,183,377
5.780598,183,376
5.780958,183,375
5.781053,183,374
5.781143,183,373
5.781460,183,372
5.781674,183,371
5.781769,184,371
5.782514,183,372
5.782524,183,371
5.782678,183,370
5.782966,182,371
5.783725,182,370
5.784385,182,369
5.784450,181,370
5.784944,181,369
5.785262,181,368
5.785267,181,367
5.786082,180,368
5.786092,180,367
5.787338,180,366
5.787519,181,366
5.787710,181,365
5.787844,180,366
5.788207,180,365
5.788261,180,364
5.788306,179,365
5.789398,179,364
5.789641,178,365
5.789851,178,364
5.789993,179,364
5.791037,179,363
5.791224,180,363
5.791248,181,363
5.791248,181,362
5.791493,181,361
5.791589,181,360
5.791971,181,359
5.792700,180,360
5.792906,181,360
5.794014,181,359
5.794222,181,358
5.795226,181,357
5.795253,180,358
5.795325,180,357
5.795860,181,357
5.795962,180,358
5.796047,181,358
5.796531,181,357
5.797664,180,358
5.798135,180,357
5.799378,180,356
5.800305,180,355
5.800361,180,354
5.800513,180,353
5.800556,181,353
5.800596,181,352
5.800631,181,351
5.801717,181,350
5.801786,181,349
5.801868,182,349
5.802101,183,349
5.802447,182,350
5.802469,181,351
5.802595,182,351
5.803005,182,350
5.803177,182,349
5.803819,182,348
5.804073,181,349
5.804669,181,348
5.804796,181,347
5.805079,181,346
5.805384,180,347
5.805840,181,347
5.806137,180,348
5.807136,180,347
5.807544,180,346
5.807701,181,346
5.808955,181,345
5.809096,182,345
5.809222,182,344
5.809240,183,344
5.809761,183,343
5.809994,183,342
5.810088,183,341
5.810137,183,340
5.812059,183,339
5.813165,183,338
5.814522,183,337
5.815350,184,337
5.815414,183,338
5.815917,182,339
5.816044,181,340
5.816404,181,339
5.816773,182,339
5.817214,183,339
5.817275,182,340
5.818280,181,341
5.818398,181,340
5.819642,181,339
5.819740,180,340
5.819887,180,339
5.819923,180,338
5.820153,180,337
5.821194,180,336
5.821274,180,335
5.821548,179,336
5.821569,180,336
5.821644,180,335
5.821744,181,335
5.821765,181,334
5.822612,182,334
5.822820,183,334
5.822876,183,333
5.822904,183,332
5.823637,184,332
5.824139,184,331
5.824165,184,330
5.824197,184,329
5.824734,183,330
5.824925,183,329
5.825041,184,329
5.825064,184,328
5.825963,184,327
5.826281,183,328
5.826724,183,327
5.826758,183,326
5.827064,184,326
5.827424,184,325
5.827533,183,326
5.828019,183,325
5.828225,183,324
5.828763,183,323
5.829007,184,323
5.829602,183,324
5.830894,183,323
5.831219,182,324
5.832008,182,323
5.832035,182,322
5.832293,183,322
5.832579,183,321
5.834232,183,320
5.834478,183,319
5.834981,184,319
5.835047,184,318
5.835897,184,317
5.836256,183,318
5.836810,183,317
5.836884,183,316
5.837016,182,317
5.837086,181,318
5.837832,181,317
5.838040,181,316
5.838111,181,315
5.838355,181,314
5.838948,181,313
5.839201,182,313
5.839415,181,314
5.840377,181,313
5.841703,181,312
5.841730,181,311
5.842186,181,310
5.842420,181,309
5.842759,181,308
5.842939,182,308
5.842952,181,309
5.843027,181,308
5.843758,181,307
5.843856,180,308
5.844120,180,307
5.844675,180,306
5.844686,179,307
5.844832,179,306
5.845217,178,307
5.845263,178,306
5.845465,178,305
5.846132,178,304
5.846173,178,303
5.846495,178,302
5.847135,177,303
5.848079,177,302
5.848257,177,301
5.848305,177,300
5.848781,177,299
5.849242,177,298
5.849503,176,299
5.849585,176,298
5.849721,175,299
5.850102,175,298
5.850683,175,297
5.850737,175,296
5.851588,175,295
5.851867,175,294
5.852088,175,293
5.852789,175,292
5.853043,175,291
5.853544,175,290
5.853914,176,290
5.854134,176,289
5.854247,176,288
5.854256,177,288
5.854429,176,289
5.855108,176,288
5.855602,176,287
5.856010,176,286
5.856481,176,285
5.856935,177,285
5.857265,177,284
5.857289,177,283
5.858556,177,282
5.858653,177,281
5.858905,176,282
5.859021,176,281
5.860127,176,280
5.860870,175,281
5.861244,175,280
5.862303,175,279
5.862549,175,278
5.862590,175,277
5.862731,175,276
5.862807,175,275
5.863269,175,274
5.864428,175,273
5.864855,175,272
5.865467,174,273
5.865735,174,272
5.866052,174,271
5.866874,174,270
5.867744,173,271
5.867937,173,270
5.868069,173,269
5.868255,173,268
5.869587,173,267
5.869633,173,266
5.870412,173,265
5.871528,173,264
5.871739,174,264
5.871976,174,263
5.872077,175,263
5.873124,176,263
5.873174,176,262
5.873786,176,261
5.874426,177,261
5.874825,177,260
5.875114,177,259
5.877053,176,260
5.877240,176,259
5.878559,176,258
5.878718,175,259
5.879534,175,258
5.879745,175,257
5.879857,175,256
5.879982,175,255
5.880108,176,255
5.882615,176,254
5.883076,176,253
5.883669,175,254
5.883814,174,255
5.883974,173,256
5.885495,173,255
5.885529,172,256
5.885580,172,255
5.885760,171,256
5.885838,171,255
5.886426,171,254
5.886983,170,255
5.888085,170,254
5.888313,171,254
5.888318,170,255
5.889358,171,255
5.891086,172,255
5.891340,171,256
5.891426,172,256
5.891736,172,255
5.892055,173,255
5.893073,172,256
5.893843,172,255
5.894354,173,255
5.894771,173,254
5.895565,173,253
5.895887,174,253
5.896145,174,252
5.896166,174,251
5.897231,174,250
5.897765,173,251
5.898929,173,250
5.899401,173,249
5.900636,173,248
5.900699,174,248
5.900755,174,247
5.900854,174,246
5.901822,173,247
5.902745,173,246
5.903226,173,245
5.903650,173,244
5.904139,173,243
5.904285,173,242
5.905117,172,243
5.906596,172,242
5.906748,172,241
5.906836,172,240
5.906900,172,239
5.907313,171,240
5.907315,171,239
5.907599,170,240
5.908299,170,239
5.908919,170,238
5.909322,170,237
5.909983,170,236
5.910523,170,235
5.911042,170,234
5.912478,170,233
5.912612,170,232
5.912924,170,231
5.913677,170,230
5.913896,170,229
5.916350,170,228
5.916807,171,228
5.917026,170,229
5.917297,170,228
5.917529,170,227
5.919608,171,227
5.919661,172,227
5.920287,172,226
5.920365,172,225
5.920545,171,226
5.920960,170,227
5.921179,170,226
5.921302,170,225
5.921797,170,224
5.922112,171,224
5.922399,171,223
5.922692,171,222
5.923107,170,223
5.923601,170,222
5.924944,170,221
5.925100,171,221
5.925560,171,220
5.926042,172,220
5.926139,173,220
5.926477,173,219
5.926587,174,219
5.927720,174,218
5.927759,175,218
5.928698,175,217
5.929681,175,216
5.929815,175,215
5.930609,174,216
5.930958,175,216
5.930971,175,215
5.931333,175,214
5.931664,175,213
5.932098,175,212
5.932119,175,211
5.932366,175,210
5.932394,176,210
5.932449,176,209
5.933804,176,208
5.934257,175,209
5.934338,175,208
5.934369,176,208
5.935041,175,209
5.936019,176,209
5.936117,175,210
5.936832,174,211
5.938939,174,210
5.938954,174,209
5.939323,175,209
5.939695,175,208
5.939930,175,207
5.939943,175,206
5.942256,176,206
5.942364,176,205
5.945187,177,205
5.945279,176,206
5.947070,175,207
5.947423,176,207
5.947518,176,206
5.947854,176,205
5.948099,175,206
5.948941,176,206
5.949989,177,206
5.950181,178,206
5.950574,177,207
5.951279,178,207
5.951710,178,206
5.952064,177,207
5.952067,176,208
5.952535,175,209
5.952919,175,208
5.954558,175,207
5.955188,175,206
5.955632,176,206
5.956096,176,205
5.956152,177,205
5.956430,177,204
5.956698,177,203
5.956714,178,203
5.957829,177,204
5.958288,177,203
5.959125,176,204
5.959719,177,204
5.960139,178,204
5.960224,178,203
5.960581,178,202
5.961280,179,202
5.961554,179,201
5.961730,180,201
5.962207,179,202
5.963195,179,201
5.963244,180,201
5.963411,181,201
5.963703,181,200
5.964861,182,200
5.964977,182,199
5.965651,183,199
5.965674,184,199
5.965952,184,198
5.966485,184,197
5.966924,185,197
5.967556,185,196
5.967797,186,196
5.967800,186,195
5.968535,186,194
5.968970,187,194
5.969445,187,193
5.969467,187,192
5.970500,188,192
5.970514,188,191
5.970768,188,190
5.972436,187,191
5.972456,187,190
5.973505,187,189
5.973575,186,190
5.975320,186,189
5.977049,185,190
5.978277,184,191
5.978826,184,190
5.978987,185,190
5.979941,184,191
5.980132,183,192
5.980413,183,191
5.981468,183,190
5.982206,184,190
5.982328,184,189
5.983084,184,188
5.983717,185,188
5.983857,184,189
5.984189,183,190
5.984258,183,189
5.985284,183,188
5.985346,183,187
5.985589,184,187
5.986155,185,187
5.989647,185,186
5.990053,185,185
5.990403,185,184
5.991095,185,183
5.991370,185,182
5.991706,185,181
5.992590,186,181
5.992752,186,180
5.993377,185,181
5.993962,185,180
5.994055,186,180
5.994115,186,179
5.994594,187,179
5.994728,187,178
5.995042,187,177
5.995118,188,177
5.995288,188,176
5.996195,188,175
5.996840,187,176
5.998615,187,175
6.000140,187,174
6.000378,188,174
6.000815,188,173
6.001210,189,173
6.001372,189,172
6.002126,190,172
6.003263,189,173
6.004057,190,173
6.004714,191,173
6.006025,191,172
6.006125,191,171
6.007390,192,171
6.007919,192,170
6.008667,192,169
6.009663,192,168
6.009923,193,168
6.009956,194,168
6.010300,195,168
6.010345,194,169
6.011092,193,170
6.011221,193,169
6.011431,193,168
6.011522,193,167
6.012422,193,166
6.012473,194,166
6.013041,194,165
6.013218,195,165
6.013566,196,165
6.015182,196,164
6.016268,196,163
6.018496,196,162
6.018770,196,161
6.018952,196,160
6.021087,196,159
6.021439,195,160
6.022028,196,160
6.022089,196,159
6.022325,195,160
6.022387,195,159
6.023222,195,158
6.023452,196,158
6.024086,196,157
6.024520,196,156
6.024616,195,157
6.024687,195,156
6.024744,195,155
6.024774,195,154
6.025419,194,155
6.026135,194,154
6.026603,193,155
6.027089,193,154
6.027339,193,153
6.027346,194,153
6.027745,195,153
6.028519,195,152
6.028634,195,151
6.029443,196,151
6.029625,196,150
6.030088,195,151
6.030499,195,150
6.031716,196,150
6.031744,196,149
6.032019,196,148
6.033050,195,149
6.033166,194,150
6.033476,195,150
6.034304,194,151
6.035724,194,150
6.035862,193,151
6.035862,194,151
6.036698,194,150
6.037315,195,150
6.037903,196,150
6.038902,196,149
6.038989,197,149
6.039313,198,149
6.040455,199,149
6.040750,198,150
6.041095,199,150
6.041804,199,149
6.042156,199,148
6.042403,200,148
6.042522,201,148
6.042618,201,147
6.042929,201,146
6.044663,201,145
6.045957,201,144
6.046778,201,143
6.047013,201,142
6.047342,201,141
6.048025,202,141
6.048205,203,141
6.049840,203,140
6.049864,203,139
6.050359,204,139
6.050781,204,138
6.050830,204,137
6.051221,205,137
6.051471,206,137
6.051824,206,136
6.052459,207,136
6.052768,206,137
6.054144,207,137
6.054456,208,137
6.055887,208,136
6.055908,208,135
6.056147,207,136
6.056626,208,136
6.057443,208,135
6.057533,208,134
6.057955,209,134
6.058030,210,134
6.058286,211,134
6.058528,210,135
6.058716,210,134
6.059176,210,133
6.060210,210,132
6.060817,210,131
6.060890,211,131
6.061718,211,130
6.061847,212,130
6.064490,211,131
6.064682,211,130
6.065807,212,130
6.068224,213,130
6.069764,214,130
6.070192,215,130
6.070961,215,129
6.071519,214,130
6.072183,213,131
6.072892,214,131
6.074375,214,130
6.074436,214,129
6.075088,214,128
6.075340,213,129
6.075367,212,130
6.075894,212,129
6.078641,212,128
6.078673,212,127
6.079769,211,128
6.079904,212,128
6.081774,213,128
6.081857,213,127
6.081883,213,126
6.082879,214,126
6.083380,215,126
6.083383,216,126
6.083727,216,125
6.084029,216,124
6.084098,217,124
6.085938,218,124
6.086478,218,123
6.086488,218,122
6.087560,218,121
6.087609,219,121
6.087944,219,120
6.088457,220,120
6.088477,220,119
6.090796,220,118
6.091706,221,118
6.092148,221,117
6.092310,220,118
6.094087,220,117
6.094136,220,116
6.094257,221,116
6.095231,221,115
6.095941,220,116
6.096371,220,115
6.096813,220,114
6.098899,221,114
6.099290,222,114
6.099490,223,114
6.099998,223,113
6.100233,224,113
6.100806,224,112
6.102317,223,113
6.103174,222,114
6.103581,222,113
6.103628,222,112
6.104473,221,113
6.105360,222,113
6.108509,222,112
6.109648,223,112
6.111264,223,111
6.111748,223,110
6.112663,224,110
6.112755,224,109
6.115411,225,109
6.115622,226,109
6.115980,226,108
6.116927,225,109
6.117929,225,108
6.118101,225,107
6.119326,226,107
6.119998,227,107
6.120078,227,106
6.120643,228,106
6.120921,229,106
6.121162,228,107
6.121572,229,107
6.121623,229,106
6.122165,229,105
6.123167,229,104
6.124269,230,104
6.125924,231,104
6.126876,232,104
6.127157,232,103
6.127505,232,102
6.128267,232,101
6.128269,233,101
6.131847,234,101
6.131966,235,101
6.133052,235,100
6.133825,235,99
6.134031,235,98
6.134866,236,98
6.135270,236,97
6.135752,235,98
6.137711,235,97
6.140353,236,97
6.140862,237,97
6.142585,238,97
6.142608,239,97
6.143153,240,97
6.143363,241,97
6.143832,242,97
6.143987,243,97
6.144013,243,96
6.144216,244,96
6.144834,243,97
6.145488,242,98
6.145749,242,97
6.145980,243,97
6.146128,244,97
6.146398,245,97
6.146812,244,98
6.146992,245,98
6.148595,245,97
6.150378,245,96
6.151239,246,96
6.151525,247,96
6.151556,247,95
6.152302,247,94
6.154042,248,94
6.154367,249,94
6.154408,250,94
6.154791,251,94
6.155101,250,95
6.155399,250,94
6.155447,251,94
6.156265,251,93
6.156676,252,93
6.157305,253,93
6.157632,254,93
6.157707,255,93
6.158053,254,94
6.159016,255,94
6.159566,256,94
6.161925,257,94
6.162873,257,93
6.163429,258,93
6.164196,258,92
6.164362,259,92
6.165167,260,92
6.166026,260,91
6.166111,261,91
6.166779,262,91
6.168415,263,91
6.168560,264,91
6.168656,264,90
6.170104,264,89
6.170299,264,88
6.170513,265,88
6.170673,266,88
6.172028,267,88
6.172658,267,87
6.174954,268,87
6.175039,268,86
6.175719,268,85
6.178610,267,86
6.179570,268,86
6.180426,269,86
6.180670,270,86
6.180962,271,86
6.181269,271,85
6.182135,272,85
6.184093,273,85
6.184137,273,84
6.184202,274,84
6.184480,274,83
6.186087,275,83
6.186809,276,83
6.187414,277,83
6.188723,278,83
6.189900,279,83
6.190334,280,83
6.191256,279,84
6.191994,280,84
6.193336,281,84
6.195471,280,85
6.195749,281,85
6.195844,282,85
6.195997,282,84
6.196644,283,84
6.198427,283,83
6.198777,282,84
6.198829,282,83
6.198917,281,84
6.202992,280,85
6.203107,281,85
6.203225,281,84
6.203835,281,83
6.204164,282,83
6.204217,282,82
6.204316,282,81
6.204816,282,80
6.205174,283,80
6.205267,283,79
6.205833,284,79
6.205855,284,78
6.207684,284,77
6.208312,285,77
6.209260,286,77
6.209532,287,77
6.210992,288,77
6.211135,287,78
6.213115,287,77
6.214092,287,76
6.214352,288,76
6.215031,289,76
6.216178,290,76
6.216506,291,76
6.216905,292,76
6.216947,291,77
6.217870,292,77
6.217973,293,77
6.218222,294,77
6.219390,295,77
6.219807,294,78
6.221089,295,78
6.221255,294,79
6.222238,294,78
6.224534,295,78
6.224708,294,79
6.224769,295,79
6.224903,296,79
6.225025,297,79
6.225556,297,78
6.225568,298,78
6.225690,297,79
6.225707,298,79
6.226486,299,79
6.228283,299,78
6.228530,298,79
6.228623,297,80
6.230489,297,79
6.230671,298,79
6.231373,297,80
6.232426,298,80
6.233589,298,79
6.234523,299,79
6.235270,300,79
6.236779,301,79
6.237253,302,79
6.238475,303,79
6.238881,304,79
6.238988,303,80
6.239437,303,79
6.240480,302,80
6.241618,303,80
6.242390,303,79
6.243370,303,78
6.243811,304,78
6.243839,305,78
6.243927,306,78
6.244214,305,79
6.247122,306,79
6.248043,307,79
6.248227,308,79
6.249407,309,79
6.250428,310,79
6.251313,310,78
6.251464,311,78
6.251639,311,77
6.252837,312,77
6.252902,311,78
6.253644,312,78
6.254098,313,78
6.254315,313,77
6.254483,312,78
6.254533,313,78
6.255667,314,78
6.256019,315,78
6.256577,315,77
6.256579,316,77
6.257313,315,78
6.257475,316,78
6.257822,317,78
6.258244,318,78
6.258713,319,78
6.259293,319,77
6.259785,320,77
6.260331,319,78
6.260475,320,78
6.261480,321,78
6.261685,322,78
6.262032,323,78
6.262251,323,77
6.262754,324,77
6.262923,323,78
6.263756,324,78
6.264837,324,77
6.265078,325,77
6.265929,325,76
6.266218,326,76
6.267868,327,76
6.268571,327,75
6.268826,328,75
6.269321,329,75
6.269881,328,76
6.270010,328,75
6.270569,329,75
6.270570,330,75
6.271723,331,75
6.271923,331,74
6.272327,332,74
6.273021,332,73
6.274270,333,73
6.274816,334,73
6.275216,335,73
6.275772,336,73
6.276380,337,73
6.276949,338,73
6.278140,339,73
6.279972,338,74
6.280125,339,74
6.280579,340,74
6.280615,341,74
6.283768,341,73
6.283943,342,73
6.284006,343,73
6.284128,344,73
6.284251,345,73
6.284881,345,72
6.286046,345,71
6.287548,346,71
6.288123,347,71
6.288158,348,71
6.289305,349,71
6.289777,348,72
6.291321,348,71
6.294311,347,72
6.294403,347,71
6.295115,348,71
6.295328,349,71
6.297559,350,71
6.297591,351,71
6.298254,352,71
6.298935,353,71
6.299435,354,71
6.300426,354,70
6.301052,355,70
6.302022,356,70
6.302260,357,70
6.302769,358,70
6.304739,358,69
6.304915,359,69
6.305064,360,69
6.305240,361,69
6.305652,361,68
6.306990,361,67
6.307062,362,67
6.307407,363,67
6.307694,364,67
6.308544,365,67
6.308975,364,68
6.309464,365,68
6.309497,366,68
6.310417,367,68
6.311132,368,68
6.312134,369,68
6.312436,370,68
6.312501,371,68
6.312906,372,68
6.313426,373,68
6.313938,374,68
6.314790,375,68
6.315999,376,68
6.317377,377,68
6.317604,378,68
6.318098,379,68
6.318166,380,68
6.319026,379,69
6.319149,379,68
6.321015,379,67
6.321235,378,68
6.321478,379,68
6.321502,380,68
6.321722,381,68
6.321756,381,67
6.323437,382,67
6.323995,383,67
6.324055,384,67
6.324572,385,67
6.325284,384,68
6.325573,385,68
6.325658,386,68
6.325961,387,68
6.327820,388,68
6.328043,389,68
6.328296,390,68
6.330710,391,68
6.331409,392,68
6.331694,393,68
6.331733,392,69
6.332301,393,69
6.332698,394,69
6.332746,395,69
6.332864,396,69
6.333413,397,69
6.333444,398,69
6.333734,398,68
6.334333,397,69
6.334720,396,70
6.335831,397,70
6.336101,398,70
6.338734,399,70
6.338922,399,69
6.340269,399,68
6.341496,400,68
6.341923,400,67
6.342401,400,66
6.342891,401,66
6.343188,402,66
6.343422,402,65
6.343510,402,64
6.343603,403,64
6.343622,404,64
6.343634,405,64
6.343820,406,64
6.343863,405,65
6.344340,405,64
6.344445,406,64
6.344651,407,64
6.345347,408,64
6.345481,409,64
6.345798,410,64
6.346103,410,63
6.346232,411,63
6.346673,412,63
6.346721,411,64
6.346822,412,64
6.347267,413,64
6.347495,414,64
6.349446,414,63
6.349738,415,63
6.350955,416,63
6.351067,417,63
6.351823,418,63
6.351908,419,63
6.352026,420,63
6.353197,421,63
6.353441,422,63
6.353446,423,63
6.353524,423,62
6.354325,424,62
6.355073,425,62
6.355634,426,62
6.355761,427,62
6.357417,428,62
6.357842,429,62
6.357928,430,62
6.358644,431,62
6.359140,432,62
6.359145,433,62
6.359382,432,63
6.360010,433,63
6.361377,433,62
6.361400,434,62
6.361547,435,62
6.361893,436,62
6.362685,437,62
6.363000,437,61
6.363006,436,62
6.363046,437,62
6.363863,437,61
6.364414,438,61
6.365566,438,60
6.365674,439,60
6.366219,440,60
6.366774,440,59
6.366882,441,59
6.367392,441,58
6.369579,440,59
6.370620,441,59
6.370994,442,59
6.371003,443,59
6.371604,444,59
6.372663,445,59
6.372781,445,58
6.372968,445,57
6.373601,446,57
6.373808,446,56
6.374191,445,57
6.374799,446,57
6.374867,447,57
6.379440,448,57
6.381383,448,56
6.382113,449,56
6.382171,450,56
6.382414,449,57
6.383105,448,58
6.383944,449,58
6.384586,448,59
6.385028,449,59
6.385291,450,59
6.386428,451,59
6.387167,452,59
6.387903,453,59
6.388490,452,60
6.388882,452,59
6.389068,453,59
6.389518,454,59
6.389575,455,59
6.390547,456,59
6.391025,457,59
6.391884,458,59
6.392244,458,58
6.392835,459,58
6.393517,460,58
6.393810,461,58
6.394053,462,58
6.394311,463,58
6.394707,462,59
6.395274,463,59
6.396865,462,60
6.397112,463,60
6.398001,464,60
6.398044,463,61
6.398484,464,61
6.398686,465,61
6.399273,466,61
6.399287,467,61
6.399519,467,60
6.400951,468,60
6.401807,469,60
6.402893,470,60
6.404187,471,60
6.404389,471,59
6.404450,471,58
6.405450,471,57
6.405986,472,57
6.406204,471,58
6.406479,472,58
6.406618,473,58
6.406992,473,57
6.407391,474,57
6.407964,475,57
6.409310,476,57
6.409446,476,56
6.409576,476,55
6.409755,477,55
6.411249,478,55
6.411378,479,55
6.411407,478,56
6.411566,479,56
6.412923,478,57
6.413250,479,57
6.413305,478,58
6.413504,479,58
6.413723,480,58
6.414302,479,59
6.414793,478,60
6.414920,479,60
6.416265,480,60
6.416454,480,59
6.416466,481,59
6.416646,480,60
6.417010,481,60
6.417396,482,60
6.417445,483,60
6.417643,484,60
6.418513,483,61
6.418890,484,61
6.420022,485,61
6.420558,485,60
6.421157,486,60
6.421243,486,59
6.421394,486,58
6.421772,487,58
6.423138,488,58
6.424323,489,58
6.424647,488,59
6.425026,487,60
6.425063,486,61
6.425611,486,60
6.425718,487,60
6.426089,487,59
6.426562,486,60
6.426844,487,60
6.426871,488,60
6.427679,489,60
6.428040,490,60
6.428395,490,59
6.429379,491,59
6.430100,492,59
6.430524,493,59
6.431916,494,59
6.432344,495,59
6.432650,495,58
6.434255,495,57
6.435664,494,58
6.435737,495,58
6.435860,496,58
6.436071,497,58
6.436165,496,59
6.436708,496,58
6.436720,497,58
6.436790,497,57
6.437011,496,58
6.437139,497,58
6.437166,497,57
6.437383,498,57
6.437915,497,58
6.438139,498,58
6.438190,499,58
6.438191,498,59
6.438220,499,59
6.438892,499,58
6.439350,500,58
6.439502,499,59
6.439620,500,59
6.439950,501,59
6.439998,502,59
6.441075,503,59
6.441222,503,58
6.442134,504,58
6.442274,505,58
6.442470,506,58
6.442751,506,57
6.443067,506,56
6.443703,505,57
6.444008,506,57
6.445146,505,58
6.445242,506,58
6.446005,506,57
6.446292,507,57
6.446660,507,56
6.446754,506,57
6.448952,507,57
6.449658,508,57
6.449848,509,57
6.449940,510,57
6.450471,511,57
6.451952,512,57
6.451973,513,57
6.453332,514,57
6.455493,515,57
6.455600,515,56
6.455741,516,56
6.455817,517,56
6.456055,518,56
6.456346,518,55
6.456543,519,55
6.456845,520,55
6.458228,521,55
6.458805,520,56
6.459214,519,57
6.459399,520,57
6.460000,521,57
6.461001,520,58
6.461173,521,58
6.461378,522,58
6.461402,523,58
6.462718,524,58
6.462722,524,57
6.463088,525,57
6.463334,526,57
6.463704,527,57
6.464233,528,57
6.464236,529,57
6.464988,528,58
6.465504,528,57
6.465579,529,57
6.466370,530,57
6.466374,529,58
6.466892,530,58
6.467364,531,58
6.467484,532,58
6.468267,533,58
6.469485,534,58
6.469840,535,58
6.471297,536,58
6.471476,537,58
6.471495,538,58
6.472123,539,58
6.472425,540,58
6.473172,541,58
6.474335,542,58
6.474503,541,59
6.474782,542,59
6.475214,543,59
6.475565,544,59
6.477425,544,58
6.477620,545,58
6.477714,546,58
6.478246,547,58
6.478391,548,58
6.478430,549,58
6.478688,550,58
6.479282,551,58
6.480152,552,58
6.480308,551,59
6.480533,552,59
6.481403,553,59
6.481418,554,59
6.481530,555,59
6.481568,556,59
6.482229,557,59
6.482362,557,58
6.482779,558,58
6.483055,559,58
6.483420,560,58
6.483776,559,59
6.483862,560,59
6.484197,561,59
6.484824,562,59
6.485001,563,59
6.485476,564,59
6.485742,565,59
6.485908,566,59
6.486025,567,59
6.487391,566,60
6.487654,567,60
6.488075,568,60
6.488519,569,60
6.489173,570,60
6.489435,571,60
6.490539,571,59
6.492052,572,59
6.492759,573,59
6.492860,574,59
6.493323,575,59
6.494285,574,60
6.494337,575,60
6.494690,576,60
6.494770,577,60
6.495453,578,60
6.496283,579,60
6.496458,578,61
6.496724,579,61
6.497426,579,60
6.497869,580,60
6.498750,581,60
6.499023,582,60
6.499550,583,60
6.500338,584,60
6.500548,584,59
6.500995,585,59
6.501665,586,59
6.501743,587,59
6.502064,588,59
6.502070,587,60
6.502194,588,60
6.503208,589,60
6.503408,590,60
6.504028,591,60
6.504483,592,60
6.505182,591,61
6.505567,592,61
6.505734,593,61
6.506109,592,62
6.506291,592,61
6.506326,591,62
6.508366,592,62
6.508458,593,62
6.508865,594,62
6.509050,595,62
6.509288,596,62
6.509877,596,61
6.510457,597,61
6.510596,598,61
6.510829,598,60
6.511046,599,60
6.511874,598,61
6.512108,599,61
6.512136,598,62
6.512217,599,62
6.512580,600,62
6.512602,601,62
6.513858,602,62
6.514321,602,61
6.515432,603,61
6.516039,603,60
6.516820,604,60
6.517594,605,60
6.517917,605,59
6.518203,606,59
6.518233,607,59
6.518476,608,59
6.518798,609,59
6.518952,609,58
6.519808,609,57
6.520682,610,57
6.521002,611,57
6.521427,610,58
6.521684,611,58
6.522761,610,59
6.523566,609,60
6.523898,610,60
6.523922,611,60
6.524533,612,60
6.524608,612,59
6.524866,613,59
6.524942,614,59
6.526736,614,58
6.527131,615,58
6.527187,616,58
6.527766,617,58
6.527824,617,57
6.529000,618,57
6.529063,619,57
6.529172,618,58
6.529425,618,57
6.529895,617,58
6.529970,616,59
6.530014,617,59
6.530116,618,59
6.531132,619,59
6.531960,618,60
6.532414,619,60
6.533209,620,60
6.533584,621,60
6.533971,622,60
6.534888,623,60
6.535340,624,60
6.535394,623,61
6.535432,623,60
6.536782,624,60
6.536959,625,60
6.537002,624,61
6.537648,625,61
6.538149,626,61
6.539099,627,61
6.539209,628,61
6.539679,629,61
6.539706,630,61
6.539883,630,60
6.539890,629,61
6.540155,630,61
6.540723,631,61
6.540814,632,61
6.540955,632,60
6.541014,633,60
6.541397,634,60
6.541747,635,60
6.541992,636,60
6.542279,635,61
6.542434,636,61
6.543033,637,61
6.544431,638,61
6.544786,639,61
6.545535,639,60
6.545815,640,60
6.545929,639,61
6.546251,639,60
6.546472,638,61
6.547305,639,61
6.547423,638,62
6.547584,639,62
6.547602,640,62
6.547605,641,62
6.547650,642,62
6.548276,642,61
6.548858,642,60
6.549458,643,60
6.550433,644,60
6.550479,645,60
6.550867,646,60
6.551031,647,60
6.553272,648,60
6.553307,647,61
6.553441,648,61
6.553741,648,60
6.554870,649,60
6.555202,650,60
6.555440,649,61
6.555588,650,61
6.556303,650,60
6.556311,649,61
6.556397,650,61
6.556833,650,60
6.557522,651,60
6.558024,652,60
6.558120,653,60
6.558241,653,59
6.558445,654,59
6.558728,655,59
6.559008,656,59
6.559353,657,59
6.559383,658,59
6.560350,659,59
6.560429,660,59
6.560616,659,60
6.561042,660,60
6.561524,661,60
6.561589,662,60
6.561647,663,60
6.561950,663,59
6.562141,664,59
6.562220,665,59
6.562911,666,59
6.563010,667,59
6.563499,668,59
6.564160,669,59
6.565345,670,59
6.566083,671,59
6.566563,672,59
6.567157,673,59
6.567230,674,59
6.568460,674,58
6.568667,675,58
6.569758,676,58
6.569847,677,58
6.570648,678,58
6.572111,679,58
6.572281,679,57
6.572445,680,57
6.572446,681,57
6.572453,682,57
6.572916,683,57
6.573387,682,58
6.573635,683,58
6.573793,684,58
6.573944,685,58
6.574272,686,58
6.575080,685,59
6.575304,686,59
6.575437,687,59
6.575732,688,59
6.576812,688,58
6.576999,689,58
6.577036,690,58
6.577347,691,58
6.577494,692,58
6.577592,693,58
6.577788,694,58
6.578109,695,58
6.579140,696,58
6.579316,697,58
6.579332,698,58
6.579550,699,58
6.579892,700,58
6.580082,701,58
6.580108,702,58
6.580166,703,58
6.580175,704,58
6.580534,705,58
6.580929,706,58
6.581558,707,58
6.581827,706,59
6.582758,707,59
6.584123,708,59
6.584257,709,59
6.584479,710,59
6.584575,711,59
6.584832,712,59
6.585555,713,59
6.586382,712,60
6.586749,711,61
6.587369,712,61
6.588142,713,61
6.588440,714,61
6.588837,714,60
6.588848,715,60
6.589087,716,60
6.589328,717,60
6.589395,716,61
6.589612,715,62
6.589663,716,62
6.589665,717,62
6.589930,717,61
6.589952,718,61
6.589993,719,61
6.590010,720,61
6.590589,719,62
6.590607,720,62
6.591516,721,62
6.591861,722,62
6.592914,722,61
6.593075,723,61
6.593519,724,61
6.593598,723,62
6.593748,724,62
6.594293,725,62
6.594621,726,62
6.594807,727,62
6.595448,726,63
6.595456,727,63
6.595686,728,63
6.595954,727,64
6.596003,728,64
6.596100,729,64
6.596200,730,64
6.596893,731,64
6.597446,730,65
6.597460,729,66
6.597694,730,66
6.598032,731,66
6.598327,732,66
6.598331,733,66
6.598465,734,66
6.598956,735,66
6.599039,735,65
6.599590,736,65
6.600445,737,65
6.600447,737,64
6.601034,738,64
6.601609,738,63
6.601742,739,63
6.601863,738,64
6.602975,739,64
6.603026,738,65
6.605217,739,65
6.605269,739,64
6.605289,740,64
6.606604,740,63
6.606827,741,63
6.607912,742,63
6.608506,741,64
6.608980,740,65
6.609460,739,66
6.609942,739,65
6.610515,738,66
6.610544,737,67
6.610729,738,67
6.611167,739,67
6.612246,740,67
6.612330,740,66
6.612438,739,67
6.613258,740,67
6.613545,739,68
6.613856,740,68
6.614249,741,68
6.614466,742,68
6.614526,741,69
6.614813,742,69
6.614925,741,70
6.615062,742,70
6.615454,743,70
6.615515,744,70
6.615654,745,70
6.616117,744,71
6.616305,744,70
6.616642,743,71
6.616744,744,71
6.617003,745,71
6.617252,746,71
6.617569,747,71
6.618110,748,71
6.618296,748,70
6.618529,749,70
6.618590,750,70
6.619077,751,70
6.619246,752,70
6.619666,753,70
6.620148,754,70
6.620633,755,70
6.620709,756,70
6.620730,757,70
6.620739,758,70
6.620800,757,71
6.620941,757,70
6.621374,758,70
6.621534,759,70
6.621833,758,71
6.622932,759,71
6.622985,758,72
6.623115,759,72
6.623208,760,72
6.623723,759,73
6.623860,760,73
6.624148,761,73
6.624243,761,72
6.624318,760,73
6.624543,761,73
6.624736,762,73
6.624805,761,74
6.624902,760,75
6.624937,761,75
6.625010,760,76
6.625275,759,77
6.625763,760,77
6.626018,759,78
6.626534,760,78
6.626855,761,78
6.627096,762,78
6.627249,763,78
6.627412,764,78
6.628794,763,79
6.628961,763,78
6.629183,762,79
6.629314,763,79
6.629384,764,79
6.629738,765,79
6.629750,766,79
6.630168,767,79
6.630860,766,80
6.631121,767,80
6.631288,768,80
6.631902,769,80
6.632547,768,81
6.632836,769,81
6.633588,770,81
6.633605,771,81
6.633693,772,81
6.634488,773,81
6.634493,772,82
6.634819,773,82
6.635227,774,82
6.635241,773,83
6.635413,774,83
6.635782,774,82
6.636425,775,82
6.636664,776,82
6.636997,777,82
6.637155,776,83
6.637182,777,83
6.637296,778,83
6.637548,779,83
6.638940,780,83
6.639149,781,83
6.639460,782,83
6.639623,781,84
6.639658,782,84
6.639698,783,84
6.640665,784,84
6.640707,784,83
6.641005,785,83
6.641687,786,83
6.642084,787,83
6.642388,788,83
6.642878,789,83
6.643044,790,83
6.643259,791,83
6.643661,792,83
6.643890,793,83
6.644760,794,83
6.645320,795,83
6.645712,796,83
6.646218,797,83
6.648038,798,83
6.648066,798,82
6.648272,797,83
6.648461,798,83
6.648526,799,83
6.648845,798,84
6.649646,797,85
6.650426,798,85
6.650600,797,86
6.650704,798,86
6.651127,799,86
6.651247,800,86
6.651397,801,86
6.651408,800,87
6.651633,801,87
6.651915,802,87
6.652130,803,87
6.652232,804,87
6.653271,805,87
6.653413,806,87
6.653541,807,87
6.653926,806,88
6.654184,807,88
6.654327,808,88
6.654426,807,89
6.654922,808,89
6.655410,809,89
6.655853,810,89
6.656368,809,90
6.656666,810,90
6.656876,811,90
6.658116,812,90
6.658248,813,90
6.658261,814,90
6.658630,814,89
6.659066,815,89
6.659307,816,89
6.659700,817,89
6.660068,818,89
6.660757,819,89
6.660767,820,89
6.661037,821,89
6.661446,822,89
6.661575,823,89
6.661698,824,89
6.661882,825,89
6.661928,824,90
6.663416,825,90
6.663443,826,90
6.663765,827,90
6.663845,828,90
6.663934,829,90
6.664367,830,90
6.664451,831,90
6.664489,832,90
6.664697,833,90
6.664743,832,91
6.664867,833,91
6.665148,833,90
6.665430,832,91
6.665506,833,91
6.665763,834,91
6.666016,833,92
6.666699,834,92
6.666699,835,92
6.666972,836,92
6.667136,837,92
6.667494,838,92
6.667553,837,93
6.667650,838,93
6.667889,837,94
6.668279,838,94
6.668314,838,93
6.668872,839,93
6.669154,840,93
6.669647,841,93
6.670007,842,93
6.670136,843,93
6.670142,842,94
6.670275,843,94
6.670851,842,95
6.671594,843,95
6.671717,844,95
6.671825,844,94
6.671887,845,94
6.672029,846,94
6.672257,847,94
6.672584,848,94
6.672693,849,94
6.672893,848,95
6.673175,849,95
6.673360,848,96
6.673438,848,95
6.673499,849,95
6.673688,850,95
6.674142,851,95
6.674267,851,94
6.674863,852,94
6.675101,853,94
6.675167,854,94
6.675327,855,94
6.675489,855,93
6.675630,856,93
6.675640,857,93
6.675849,858,93
6.676037,859,93
6.676143,860,93
6.676156,861,93
6.676180,860,94
6.676372,861,94
6.676587,861,93
6.676724,860,94
6.677162,861,94
6.677332,861,93
6.677511,860,94
6.677560,861,94
6.678562,862,94
6.678962,863,94
6.679056,864,94
6.679389,863,95
6.679751,864,95
6.680112,864,94
6.680115,864,93
6.680235,865,93
6.680236,866,93
6.680313,867,93
6.681564,868,93
6.681635,867,94
6.681687,868,94
6.681843,869,94
6.682174,870,94
6.682271,871,94
6.682480,870,95
6.682572,871,95
6.682914,872,95
6.683173,871,96
6.683230,872,96
6.683370,871,97
6.683619,872,97
6.683827,873,97
6.684113,874,97
6.684448,875,97
6.685159,875,96
6.686229,876,96
6.686233,875,97
6.686391,874,98
6.686875,873,99
6.686985,874,99
6.687005,875,99
6.687035,874,100
6.687303,874,99
6.687620,875,99
6.688462,876,99
6.688721,875,100
6.688800,875,99
6.689586,874,100
6.689702,874,99
6.689833,873,100
6.690202,874,100
6.690284,875,100
6.690849,876,100
6.690867,875,101
6.691358,876,101
6.691407,875,102
6.691991,876,102
6.692855,875,103
6.692886,875,102
6.693080,876,102
6.693401,876,101
6.693725,875,102
6.693726,876,102
6.694083,877,102
6.694260,878,102
6.694334,879,102
6.694427,880,102
6.694616,879,103
6.694737,879,102
6.695031,880,102
6.695378,880,101
6.695520,881,101
6.695556,882,101
6.695781,883,101
6.696145,884,101
6.696168,883,102
6.696217,882,103
6.696244,883,103
6.696407,884,103
6.696577,885,103
6.696661,885,102
6.696711,886,102
6.696888,887,102
6.697141,888,102
6.697755,888,101
6.698156,889,101
6.698339,890,101
6.698423,891,101
6.698927,892,101
6.698960,892,100
6.699139,892,99
6.699458,893,99
6.699486,894,99
6.699643,893,100
6.699646,894,100
6.700070,895,100
6.700230,896,100
6.700254,897,100
6.700692,898,100
6.700835,899,100
6.701276,898,101
6.701371,897,102
6.701549,898,102
6.701658,899,102
6.702038,898,103
6.702264,899,103
6.702415,900,103
6.702593,901,103
6.702676,902,103
6.703040,903,103
6.703585,904,103
6.703930,905,103
6.703996,906,103
6.704031,907,103
6.704521,908,103
6.704632,907,104
6.704698,906,105
6.704815,905,106
6.704898,906,106
6.704994,906,105
6.705222,907,105
6.705324,907,104
6.705402,906,105
6.705571,907,105
6.705675,906,106
6.706018,907,106
6.706083,907,105
6.706333,906,106
6.706414,907,106
6.706531,908,106
6.706964,909,106
6.708278,908,107
6.708344,909,107
6.708459,910,107
6.708590,910,106
6.708725,911,106
6.709449,912,106
6.709859,912,105
6.709888,913,105
6.709903,914,105
6.710308,913,106
6.710519,914,106
6.710600,915,106
6.710672,914,107
6.711247,914,106
6.711314,915,106
6.711869,914,107
6.712380,913,108
6.712456,914,108
6.712560,913,109
6.712857,914,109
6.713054,915,109
6.713443,916,109
6.713462,915,110
6.713872,915,109
6.714292,914,110
6.714774,914,109
6.714933,915,109
6.716072,916,109
6.716369,917,109
6.717052,916,110
6.717058,917,110
6.717874,917,109
6.718254,918,109
6.718272,919,109
6.718404,920,109
6.718527,921,109
6.718742,921,108
6.719112,921,107
6.719260,922,107
6.719579,923,107
6.719601,923,106
6.719857,924,106
6.719923,925,106
6.719931,926,106
6.720173,927,106
6.720468,928,106
6.720745,928,105
6.721097,929,105
6.721104,928,106
6.721423,927,107
6.721556,927,106
6.721733,928,106
6.721846,929,106
6.722099,930,106
6.722461,931,106
6.722541,930,107
6.722781,929,108
6.722804,930,108
6.722918,931,108
6.723012,932,108
6.723515,931,109
6.723528,930,110
6.723751,931,110
6.723932,930,111
6.724118,931,111
6.724388,931,110
6.724437,932,110
6.724538,933,110
6.725000,934,110
6.725555,934,109
6.725642,935,109
6.726199,934,110
6.726235,935,110
6.726848,936,110
6.727322,937,110
6.727380,936,111
6.727468,935,112
6.727642,936,112
6.727856,936,111
6.727879,937,111
6.728622,937,110
6.728704,937,109
6.728741,938,109
6.729188,939,109
6.729327,940,109
6.729525,939,110
6.729695,939,109
6.730238,938,110
6.730401,939,110
6.730783,940,110
6.730884,941,110
6.731322,942,110
6.731684,943,110
6.731707,944,110
6.731723,945,110
6.731872,946,110
6.732507,947,110
6.732819,948,110
6.733225,949,110
6.733329,948,111
6.733414,947,112
6.733487,948,112
6.734080,949,112
6.734526,950,112
6.734544,950,111
6.734588,951,111
6.735128,950,112
6.735261,951,112
6.735379,951,111
6.735471,951,110
6.735593,951,109
6.735647,952,109
6.735923,953,109
6.736187,952,110
6.736384,953,110
6.736986,952,111
6.737194,953,111
6.737999,952,112
6.738005,951,113
6.738156,950,114
6.738216,950,113
6.738340,950,112
6.738403,951,112
6.738573,952,112
6.738705,951,113
6.739051,950,114
6.739096,949,115
6.739499,950,115
6.739517,949,116
6.739544,950,116
6.739663,951,116
6.740109,952,116
6.740237,953,116
6.740261,954,116
6.740358,953,117
6.740474,954,117
6.740664,955,117
6.740776,954,118
6.740806,955,118
6.741020,956,118
6.741157,957,118
6.741410,958,118
6.741721,959,118
6.741735,960,118
6.741898,961,118
6.742535,962,118
6.742589,962,117
6.742645,962,116
6.742772,961,117
6.742792,962,117
6.743032,963,117
6.743078,962,118
6.743552,962,117
6.743576,961,118
6.743694,962,118
6.744682,962,117
6.744806,963,117
6.744886,964,117
6.745654,965,117
6.745797,966,117
6.745907,965,118
6.746094,964,119
6.746114,963,120
6.746415,964,120
6.746463,965,120
6.747184,964,121
6.747550,965,121
6.747589,964,122
6.747881,963,123
6.747909,964,123
6.747983,964,122
6.748479,965,122
6.748663,964,123
6.748707,965,123
6.748755,966,123
6.748796,967,123
6.749245,967,122
6.749548,968,122
6.749708,969,122
6.749765,970,122
6.750201,969,123
6.750465,969,122
6.750605,970,122
6.750624,971,122
6.750724,972,122
6.750908,973,122
6.751003,973,121
6.751031,974,121
6.751052,975,121
6.751080,976,121
6.751199,977,121
6.751233,978,121
6.751714,979,121
6.752210,978,122
6.752494,979,122
6.753090,980,122
6.753156,979,123
6.753310,978,124
6.753494,979,124
6.753705,980,124
6.753803,981,124
6.754039,982,124
6.754195,981,125
6.754244,982,125
6.754400,983,125
6.754455,984,125
6.754533,985,125
6.754552,986,125
6.754684,985,126
6.754718,985,125
6.754729,986,125
6.755037,985,126
6.755220,986,126
6.755360,986,125
6.755554,987,125
6.755606,987,124
6.755637,988,124
6.755838,989,124
6.756381,990,124
6.756695,991,124
6.756941,990,125
6.757596,989,126
6.757840,988,127
6.757877,987,128
6.757959,988,128
6.757975,987,129
6.758279,988,129
6.758762,989,129
6.758810,990,129
6.759019,989,130
6.759618,990,130
6.759680,991,130
6.759700,992,130
6.759810,991,131
6.760172,992,131
6.760676,993,131
6.761350,994,131
6.761501,993,132
6.762979,992,133
6.763032,991,134
6.763306,990,135
6.763389,991,135
6.763392,992,135
6.763600,993,135
6.764700,992,136
6.764902,993,136
6.765026,993,135
6.765207,994,135
6.765476,995,135
6.765573,996,135
6.766013,997,135
6.766337,998,135
6.766357,999,135
6.766418,1000,135
6.766501,1000,134
6.766601,1000,133
6.766856,1001,133
6.766867,1002,133
6.767209,1003,133
6.767321,1004,133
6.767429,1005,133
6.767470,1004,134
6.767888,1005,134
6.768206,1006,134
6.768545,1007,134
6.768603,1006,135
6.768840,1007,135
6.768970,1006,136
6.769075,1007,136
6.769103,1007,135
6.769285,1008,135
6.769305,1009,135
6.769572,1010,135
6.769785,1011,135
6.770016,1010,136
6.770170,1011,136
6.770326,1010,137
6.770396,1011,137
6.771203,1011,136
6.771292,1010,137
6.771419,1011,137
6.771483,1012,137
6.771525,1013,137
6.771702,1012,138
6.771875,1011,139
6.771942,1012,139
6.772013,1013,139
6.772282,1014,139
6.772849,1015,139
6.774197,1016,139
6.774227,1015,140
6.774324,1016,140
6.774406,1017,140
6.774461,1017,139
6.774603,1018,139
6.774629,1019,139
6.774996,1020,139
6.775602,1021,139
6.776006,1021,138
6.776225,1021,137
6.776727,1022,137
6.777104,1023,137
6.777158,1024,137
6.777329,1025,137
6.777660,1025,136
6.778097,1024,137
6.778199,1025,137
6.778320,1026,137
6.778327,1025,138
6.778473,1026,138
6.778506,1027,138
6.778570,1028,138
6.778702,1029,138
6.778990,1029,137
6.779064,1030,137
6.779372,1031,137
6.779380,1032,137
6.779453,1033,137
6.779495,1034,137
6.779548,1034,136
6.779804,1035,136
6.780219,1035,135
6.780317,1035,134
6.780350,1035,133
6.780353,1034,134
6.780678,1035,134
6.780738,1034,135
6.780894,1035,135
6.780904,1034,136
6.781111,1033,137
6.781171,1034,137
6.781221,1033,138
6.781335,1034,138
6.781380,1034,137
6.781848,1035,137
6.782333,1034,138
6.782405,1035,138
6.782702,1036,138
6.782790,1037,138
6.782802,1038,138
6.782811,1039,138
6.782875,1040,138
6.783005,1041,138
6.783093,1040,139
6.783204,1041,139
6.783205,1041,138
6.783246,1042,138
6.783592,1043,138
6.783731,1044,138
6.783910,1045,138
6.785786,1046,138
6.785990,1045,139
6.786246,1046,139
6.786292,1047,139
6.786345,1048,139
6.786594,1047,140
6.786872,1048,140
6.786933,1048,139
6.787042,1048,138
6.787214,1049,138
6.787966,1048,139
6.788086,1049,139
6.788211,1050,139
6.788708,1051,139
6.789160,1052,139
6.789334,1053,139
6.789565,1054,139
6.789923,1053,140
6.790054,1054,140
6.790067,1055,140
6.790457,1056,140
6.790586,1057,140
6.790668,1058,140
6.790842,1059,140
6.790844,1060,140
6.790904,1061,140
6.790975,1062,140
6.791013,1063,140
6.791081,1064,140
6.791572,1064,139
6.791910,1063,140
6.791972,1063,139
6.792031,1062,140
6.792318,1061,141
6.792325,1062,141
6.792402,1063,141
6.792598,1063,140
6.792947,1062,141
6.793140,1063,141
6.793332,1064,141
6.793342,1065,141
6.793508,1065,140
6.793687,1066,140
6.794090,1067,140
6.794104,1068,140
6.794278,1068,139
6.794679,1069,139
6.794806,1070,139
6.795067,1069,140
6.795443,1068,141
6.795610,1069,141
6.795763,1070,141
6.795983,1071,141
6.796000,1072,141
6.796167,1073,141
6.796340,1074,141
6.796342,1073,142
6.796506,1074,142
6.796519,1073,143
6.796678,1072,144
6.796711,1072,143
6.797040,1071,144
6.797425,1071,143
6.797514,1070,144
6.797734,1071,144
6.797912,1072,144
6.798315,1072,143
6.798344,1073,143
6.798863,1074,143
6.799034,1073,144
6.799129,1074,144
6.799259,1075,144
6.799275,1076,144
6.799638,1077,144
6.799662,1078,144
6.799844,1077,145
6.800007,1076,146
6.800495,1077,146
6.800586,1076,147
6.800903,1077,147
6.801178,1078,147
6.801182,1079,147
6.801289,1078,148
6.801363,1079,148
6.801559,1080,148
6.801636,1079,149
6.801780,1080,149
6.801798,1081,149
6.801819,1081,148
6.801867,1080,149
6.802091,1079,150
6.802111,1080,150
6.802374,1081,150
6.802423,1080,151
6.802537,1081,151
6.802726,1080,152
6.802830,1081,152
6.802929,1082,152
6.803069,1082,151
6.803159,1083,151
6.803206,1084,151
6.803317,1085,151
6.803320,1084,152
6.803696,1085,152
6.804156,1086,152
6.804274,1087,152
6.804280,1086,153
6.804475,1087,153
6.805384,1088,153
6.805388,1087,154
6.805429,1087,153
6.805822,1088,153
6.805835,1089,153
6.806062,1090,153
6.806243,1091,153
6.806276,1090,154
6.806281,1091,154
6.806337,1092,154
6.806431,1093,154
6.806574,1093,153
6.806585,1092,154
6.806974,1093,154
6.807071,1092,155
6.807199,1093,155
6.807471,1092,156
6.807517,1091,157
6.807620,1092,157
6.808015,1092,156
6.808160,1093,156
6.808329,1094,156
6.808525,1094,155
6.808767,1095,155
6.808860,1094,156
6.809086,1095,156
6.809213,1096,156
6.809645,1097,156
6.809787,1097,155
6.809921,1098,155
6.810223,1097,156
6.810235,1097,155
6.810366,1096,156
6.810379,1095,157
6.810381,1096,157
6.810576,1097,157
6.810582,1098,157
6.810583,1099,157
6.810896,1100,157
6.810994,1099,158
6.811221,1100,158
6.811364,1099,159
6.811378,1100,159
6.811413,1101,159
6.811433,1102,159
6.811686,1102,158
6.811761,1101,159
6.811852,1101,158
6.811868,1102,158
6.812143,1103,158
6.812174,1104,158
6.812491,1105,158
6.812552,1106,158
6.812845,1106,157
6.812940,1107,157
6.813095,1108,157
6.813380,1107,158
6.813713,1108,158
6.814043,1107,159
6.814053,1108,159
6.814337,1107,160
6.814452,1106,161
6.814706,1106,160
6.814748,1107,160
6.814764,1106,161
6.814825,1107,161
6.814999,1108,161
6.815028,1109,161
6.815070,1110,161
6.815316,1111,161
6.815510,1112,161
6.815916,1113,161
6.816174,1112,162
6.816390,1111,163
6.816518,1110,164
6.816699,1111,164
6.816772,1112,164
6.816899,1113,164
6.817087,1112,165
6.817140,1113,165
6.817266,1114,165
6.817582,1115,165
6.817816,1116,165
6.818048,1115,166
6.818201,1116,166
6.818364,1117,166
6.818396,1118,166
6.818439,1118,165
6.818462,1118,164
6.818517,1117,165
6.818678,1116,166
6.818959,1117,166
6.819045,1118,166
6.819235,1119,166
6.819302,1118,167
6.819439,1117,168
6.819761,1118,168
6.820223,1119,168
6.820269,1120,168
6.820649,1121,168
6.820719,1122,168
6.821081,1121,169
6.821098,1121,168
6.821439,1122,168
6.821568,1123,168
6.821585,1122,169
6.821835,1121,170
6.821963,1122,170
6.822477,1122,169
6.822933,1123,169
6.823230,1124,169
6.823315,1125,169
6.823328,1124,170
6.823451,1123,171
6.823522,1124,171
6.823582,1123,172
6.823897,1123,171
6.824028,1124,171
6.824097,1124,170
6.824253,1125,170
6.824261,1126,170
6.824288,1125,171
6.824303,1126,171
6.824402,1126,170
6.824480,1127,170
6.824652,1128,170
6.824724,1129,170
6.824893,1130,170
6.825015,1131,170
6.825216,1132,170
6.825395,1133,170
6.825585,1133,169
6.825639,1133,168
6.825701,1133,167
6.825825,1132,168
6.826043,1133,168
6.826087,1134,168
6.826617,1135,168
6.826850,1136,168
6.826893,1137,168
6.826923,1138,168
6.826923,1139,168
6.827125,1140,168
6.827307,1141,168
6.827510,1142,168
6.827739,1142,167
6.827851,1143,167
6.827936,1142,168
6.827939,1142,167
6.828071,1143,167
6.828135,1144,167
6.828236,1143,168
6.828347,1142,169
6.828379,1143,169
6.828992,1144,169
6.829176,1143,170
6.829367,1142,171
6.829531,1143,171
6.829812,1144,171
6.829966,1145,171
6.830007,1145,170
6.830201,1146,170
6.830220,1146,169
6.830504,1147,169
6.830598,1147,168
6.830612,1148,168
6.830617,1147,169
6.830707,1147,168
6.830800,1146,169
6.831420,1147,169
6.831487,1148,169
6.831654,1148,168
6.831680,1148,167
6.831839,1147,168
6.831893,1147,167
6.832099,1148,167
6.832594,1147,168
6.832752,1148,168
6.832821,1147,169
6.833260,1148,169
6.833281,1147,170
6.833296,1148,170
6.833470,1147,171
6.833606,1148,171
6.833609,1149,171
6.833703,1148,172
6.833786,1147,173
6.833943,1148,173
6.834008,1149,173
6.834019,1149,172
6.834344,1148,173
6.834364,1148,172
6.834561,1147,173
6.834857,1146,174
6.834960,1147,174
6.834965,1147,173
6.834972,1146,174
6.835040,1146,173
6.835737,1147,173
6.835873,1148,173
6.835953,1149,173
6.835960,1150,173
6.836034,1149,174
6.836098,1148,175
6.836285,1149,175
6.836322,1148,176
6.836579,1149,176
6.836666,1150,176
6.836670,1150,175
6.836733,1149,176
6.836831,1150,176
6.836853,1151,176
6.836930,1150,177
6.836942,1151,177
6.837094,1151,176
6.837506,1152,176
6.837583,1153,176
6.837620,1152,177
6.837891,1153,177
6.838041,1154,177
6.838255,1153,178
6.838373,1152,179
6.838384,1151,180
6.838655,1152,180
6.838704,1151,181
6.838883,1150,182
6.839227,1150,181
6.839302,1149,182
6.839452,1150,182
6.839716,1149,183
6.839863,1150,183
6.840079,1151,183
6.840251,1152,183
6.840877,1151,184
6.840991,1150,185
6.841020,1149,186
6.841301,1150,186
6.841460,1149,187
6.841723,1148,188
6.841896,1149,188
6.842003,1150,188
6.842080,1151,188
6.842130,1150,189
6.842156,1151,189
6.842312,1150,190
6.842723,1151,190
6.842818,1151,189
6.843226,1151,188
6.843236,1152,188
6.843236,1153,188
6.843404,1154,188
6.843499,1153,189
6.843572,1154,189
6.843706,1155,189
6.843713,1155,188
6.844047,1156,188
6.844065,1157,188
6.844176,1156,189
6.844437,1155,190
6.844545,1156,190
6.844550,1157,190
6.844594,1158,190
6.844601,1159,190
6.844652,1159,189
6.844867,1159,188
6.844934,1160,188
6.844956,1161,188
6.844984,1161,187
6.845143,1161,186
6.845417,1160,187
6.845429,1161,187
6.845443,1162,187
6.845817,1163,187
6.845982,1164,187
6.846099,1163,188
6.846386,1163,187
6.846711,1164,187
6.847120,1165,187
6.847192,1166,187
6.847209,1167,187
6.847325,1168,187
6.847627,1169,187
6.847674,1170,187
6.847994,1171,187
6.848044,1171,186
6.848376,1171,185
6.848387,1171,184
6.848736,1172,184
6.849218,1173,184
6.849456,1174,184
6.849576,1175,184
6.849744,1176,184
6.850106,1175,185
6.850109,1176,185
6.850192,1177,185
6.850474,1176,186
6.850561,1177,186
6.850751,1176,187
6.850787,1175,188
6.851420,1174,189
6.851429,1175,189
6.851798,1176,189
6.852112,1177,189
6.852119,1178,189
6.852232,1178,188
6.853053,1179,188
6.853136,1179,187
6.853144,1180,187
6.853326,1180,186
6.853345,1181,186
6.853380,1180,187
6.853494,1181,187
6.853514,1182,187
6.854108,1183,187
6.854355,1184,187
6.854803,1185,187
6.854834,1184,188
6.855130,1185,188
6.855680,1184,189
6.855875,1183,190
6.855986,1184,190
6.856432,1183,191
6.857145,1182,192
6.857212,1183,192
6.857253,1184,192
6.857329,1185,192
6.857501,1184,193
6.857633,1184,192
6.857764,1183,193
6.858074,1183,192
6.858218,1182,193
6.858231,1183,193
6.858383,1182,194
6.858417,1181,195
6.858776,1182,195
6.858864,1182,194
6.859244,1183,194
6.859252,1182,195
6.859504,1181,196
6.859755,1180,197
6.859782,1179,198
6.859849,1180,198
6.860027,1180,197
6.860059,1179,198
6.860145,1179,197
6.860330,1180,197
6.860362,1179,198
6.860377,1180,198
6.860407,1181,198
6.860788,1180,199
6.860959,1181,199
6.861066,1182,199
6.861165,1183,199
6.861249,1183,198
6.861254,1184,198
6.861335,1185,198
6.861386,1186,198
6.861790,1185,199
6.862854,1185,198
6.863020,1186,198
6.863202,1185,199
6.863497,1184,200
6.863528,1185,200
6.863586,1185,199
6.863643,1186,199
6.863663,1185,200
6.863702,1185,199
6.863887,1186,199
6.863888,1187,199
6.863944,1186,200
6.864312,1187,200
6.864517,1186,201
6.864574,1187,201
6.864810,1187,200
6.864868,1186,201
6.864935,1187,201
6.864949,1186,202
6.865080,1185,203
6.865178,1186,203
6.865225,1185,204
6.865493,1184,205
6.865545,1183,206
6.865622,1184,206
6.865894,1185,206
6.865995,1184,207
6.866226,1185,207
6.866485,1186,207
6.866514,1185,208
6.866533,1184,209
6.867388,1184,208
6.867420,1185,208
6.867420,1186,208
6.867510,1187,208
6.867561,1186,209
6.867872,1187,209
6.867951,1188,209
6.867985,1188,208
6.868470,1187,209
6.868620,1188,209
6.868674,1189,209
6.868682,1188,210
6.868722,1189,210
6.868763,1188,211
6.869323,1187,212
6.869835,1186,213
6.869925,1187,213
6.869941,1187,212
6.870118,1187,211
6.870757,1186,212
6.870759,1187,212
6.870772,1186,213
6.870989,1186,212
6.871092,1185,213
6.871263,1186,213
6.871447,1187,213
6.871492,1186,214
6.871906,1187,214
6.872270,1186,215
6.872797,1185,216
6.872863,1184,217
6.872888,1185,217
6.873192,1184,218
6.873257,1185,218
6.873302,1184,219
6.873480,1184,218
6.873609,1183,219
6.873713,1182,220
6.873718,1183,220
6.873905,1184,220
6.873916,1183,221
6.873982,1184,221
6.874188,1185,221
6.874271,1186,221
6.874431,1186,220
6.874498,1186,219
6.874553,1185,220
6.874555,1186,220
6.874765,1185,221
6.874930,1186,221
6.875042,1185,222
6.875058,1184,223
6.875065,1185,223
6.875242,1184,224
6.875440,1185,224
6.875472,1184,225
6.875718,1185,225
6.876012,1184,226
6.876478,1185,226
6.877138,1184,227
6.877386,1183,228
6.877400,1182,229
6.877441,1183,229
6.877981,1182,230
6.878138,1183,230
6.878231,1182,231
6.878375,1181,232
6.878558,1182,232
6.878620,1181,233
6.878634,1182,233
6.878717,1181,234
6.878760,1182,234
6.878994,1182,233
6.879073,1183,233
6.879453,1182,234
6.879630,1183,234
6.879685,1182,235
6.879871,1181,236
6.879982,1182,236
6.879994,1183,236
6.880112,1182,237
6.880494,1183,237
6.880631,1183,236
6.881072,1183,235
6.881116,1184,235
6.881191,1185,235
6.881249,1185,234
6.881291,1186,234
6.881461,1185,235
6.881865,1184,236
6.881955,1183,237
6.881961,1183,236
6.882203,1184,236
6.882338,1185,236
6.882525,1184,237
6.882575,1183,238
6.882657,1184,238
6.883158,1185,238
6.883183,1186,238
6.883331,1185,239
6.883378,1186,239
6.883645,1185,240
6.883697,1184,241
6.884018,1183,242
6.884073,1183,241
6.884221,1183,240
6.884262,1182,241
6.884407,1183,241
6.884426,1184,241
6.884433,1185,241
6.884558,1184,242
6.884582,1183,243
6.885072,1182,244
6.885152,1181,245
6.885215,1180,246
6.885317,1180,245
6.885454,1180,244
6.885592,1181,244
6.885763,1180,245
6.886149,1179,246
6.886276,1179,245
6.886359,1180,245
6.886787,1179,246
6.886874,1178,247
6.886976,1178,246
6.887026,1177,247
6.887242,1178,247
6.887266,1179,247
6.887312,1178,248
6.887352,1178,247
6.887447,1179,247
6.887482,1178,248
6.887508,1177,249
6.887547,1178,249
6.888137,1177,250
6.888246,1176,251
6.888443,1176,250
6.888445,1176,249
6.888675,1177,249
6.888890,1178,249
6.889101,1177,250
6.889136,1178,250
6.889442,1177,251
6.889457,1178,251
6.889630,1179,251
6.889737,1180,251
6.889775,1179,252
6.889808,1180,252
6.889874,1181,252
6.890079,1181,251
6.890097,1182,251
6.890384,1181,252
6.890615,1182,252
6.890755,1181,253
6.890877,1182,253
6.890905,1183,253
6.890938,1184,253
6.890999,1184,252
6.891011,1185,252
6.891296,1186,252
6.891436,1187,252
6.891732,1186,253
6.891814,1185,254
6.891912,1186,254
6.892021,1185,255
6.892096,1186,255
6.892220,1186,254
6.892287,1186,253
6.892305,1187,253
6.892622,1186,254
6.892643,1187,254
6.892698,1187,253
6.892908,1186,254
6.892952,1186,253
6.893083,1185,254
6.893097,1185,253
6.893165,1184,254
6.893395,1184,253
6.893463,1185,253
6.893494,1184,254
6.893825,1185,254
6.893900,1186,254
6.894139,1185,255
6.894155,1185,254
6.894267,1186,254
6.894654,1185,255
6.894724,1186,255
6.894782,1187,255
6.894947,1188,255
6.895016,1188,254
6.895109,1188,253
6.895284,1189,253
6.895462,1190,253
6.895463,1189,254
6.895470,1189,253
6.895513,1188,254
6.895600,1187,255
6.895685,1188,255
6.895734,1189,255
6.895966,1189,254
6.896109,1188,255
6.896486,1187,256
6.896507,1188,256
6.896638,1187,257
6.896951,1188,257
6.897006,1188,256
6.897160,1187,257
6.897246,1186,258
6.897268,1185,259
6.897365,1186,259
6.897401,1187,259
6.897553,1188,259
6.897602,1189,259
6.897609,1189,258
6.897971,1188,259
6.898170,1189,259
6.898203,1190,259
6.898221,1191,259
6.898294,1191,258
6.898302,1192,258
6.898323,1191,259
6.898364,1191,258
6.898420,1192,258
6.898462,1191,259
6.898712,1190,260
6.898802,1191,260
6.899122,1191,259
6.899139,1191,258
6.899202,1192,258
6.899495,1192,257
6.899557,1191,258
6.899806,1190,259
6.899817,1191,259
6.900012,1192,259
6.900100,1193,259
6.900158,1192,260
6.900393,1193,260
6.900407,1192,261
6.900453,1193,261
6.900489,1192,262
6.900566,1192,261
6.900762,1191,262
6.900785,1192,262
6.901322,1191,263
6.901509,1192,263
6.901539,1191,264
6.901627,1190,265
6.901718,1191,265
6.901839,1192,265
6.901967,1193,265
6.902114,1193,264
6.902212,1194,264
6.902511,1193,265
6.902622,1192,266
6.902770,1193,266
6.903006,1194,266
6.903031,1193,267
6.903042,1194,267
6.903129,1195,267
6.903192,1196,267
6.903245,1197,267
6.903461,1198,267
6.903594,1199,267
6.903747,1200,267
6.903779,1199,268
6.904153,1199,267
6.904306,1200,267
6.904386,1201,267
6.904450,1200,268
6.904588,1201,268
6.904595,1202,268
6.904600,1202,267
6.904626,1203,267
6.904643,1202,268
6.904689,1203,268
6.904837,1204,268
6.905036,1205,268
6.905134,1204,269
6.905260,1205,269
6.905364,1206,269
6.905412,1206,268
6.905533,1207,268
6.905535,1208,268
6.905574,1208,267
6.905658,1209,267
6.905773,1210,267
6.905904,1210,266
6.905916,1209,267
6.905965,1208,268
6.906037,1209,268
6.906279,1209,267
6.906400,1210,267
6.906496,1210,266
6.906578,1210,265
6.906692,1209,266
6.906769,1210,266
6.906779,1209,267
6.906930,1210,267
6.907141,1211,267
6.907521,1210,268
6.907539,1211,268
6.907609,1211,267
6.907656,1212,267
6.907925,1213,267
6.907954,1214,267
6.908043,1214,266
6.908434,1215,266
6.908514,1214,267
6.908637,1215,267
6.908714,1216,267
6.908884,1216,266
6.908908,1215,267
6.909057,1214,268
6.909062,1213,269
6.909138,1212,270
6.909178,1211,271
6.909323,1211,270
6.909472,1210,271
6.909530,1211,271
6.909691,1210,272
6.909881,1211,272
6.909959,1212,272
6.910380,1211,273
6.910401,1212,273
6.910415,1211,274
6.910528,1212,274
6.910575,1212,273
6.910576,1213,273
6.910739,1213,272
6.910791,1214,272
6.910853,1214,271
6.910908,1214,270
6.910937,1215,270
6.911264,1215,269
6.911269,1214,270
6.911493,1215,270
6.911495,1214,271
6.911610,1215,271
6.911691,1214,272
6.911769,1215,272
6.911879,1214,273
6.911957,1215,273
6.912000,1216,273
6.912175,1216,272
6.912299,1215,273
6.912507,1214,274
6.912638,1215,274
6.912691,1214,275
6.912730,1213,276
6.912758,1214,276
6.912888,1215,276
6.912928,1214,277
6.913097,1215,277
6.913245,1216,277
6.913267,1215,278
6.913447,1214,279
6.913590,1215,279
6.914022,1214,280
6.914131,1215,280
6.914342,1215,279
6.914374,1216,279
6.914389,1217,279
6.914445,1218,279
6.914868,1219,279
6.915084,1218,280
6.915235,1219,280
6.915267,1220,280
6.915271,1219,281
6.915335,1219,280
6.915502,1220,280
6.915892,1221,280
6.915936,1220,281
6.916072,1221,281
6.916081,1222,281
6.916408,1221,282
6.916482,1222,282
6.916550,1223,282
6.916566,1224,282
6.916653,1225,282
6.916787,1226,282
6.917072,1225,283
6.917192,1225,282
6.917316,1224,283
6.917461,1225,283
6.917474,1225,282
6.917494,1226,282
6.917604,1226,281
6.917795,1227,281
6.917813,1226,282
6.917923,1225,283
6.918072,1224,284
6.918238,1223,285
6.918311,1223,284
6.918365,1224,284
6.918434,1223,285
6.918657,1222,286
6.918779,1223,286
6.918872,1222,287
6.919005,1221,288
6.919104,1220,289
6.919209,1219,290
6.919322,1218,291
6.919393,1217,292
6.919424,1216,293
6.919492,1215,294
6.919619,1216,294
6.919882,1215,295
6.919931,1214,296
6.920098,1214,295
6.920137,1213,296
6.920161,1214,296
6.920176,1215,296
6.920279,1216,296
6.920394,1215,297
6.920517,1216,297
6.920523,1217,297
6.920631,1217,296
6.921061,1216,297
6.921094,1215,298
6.921102,1214,299
6.921123,1213,300
6.921175,1214,300
6.921287,1215,300
6.921405,1216,300
6.921419,1217,300
6.921455,1217,299
6.921544,1218,299
6.921615,1218,298
6.921769,1218,297
6.922089,1219,297
6.922209,1220,297
6.922448,1219,298
6.922491,1220,298
6.922498,1219,299
6.922573,1218,300
6.922575,1219,300
6.922604,1218,301
6.922689,1217,302
6.922727,1218,302
6.922775,1219,302
6.922789,1220,302
6.923005,1221,302
6.923401,1220,303
6.923466,1220,302
6.923650,1219,303
6.923689,1218,304
6.923726,1218,303
6.923825,1219,303
6.924024,1220,303
6.924219,1219,304
6.924608,1220,304
6.924693,1220,303
6.924748,1219,304
6.924770,1218,305
6.924817,1219,305
6.924900,1218,306
6.924942,1217,307
6.924943,1217,306
6.924986,1218,306
6.925132,1218,305
6.925155,1219,305
6.925310,1219,304
6.925468,1219,303
6.925531,1219,302
6.925537,1219,301
6.925569,1219,300
6.925686,1220,300
6.925913,1219,301
6.925992,1220,301
6.926119,1219,302
6.926119,1218,303
6.926197,1219,303
6.926206,1220,303
6.926258,1219,304
6.926264,1218,305
6.926271,1219,305
6.926648,1220,305
6.926652,1221,305
6.926715,1220,306
6.927036,1219,307
6.927154,1219,306
6.927188,1218,307
6.927189,1217,308
6.927268,1216,309
6.927392,1215,310
6.927435,1216,310
6.927528,1217,310
6.927872,1216,311
6.927876,1215,312
6.927876,1214,313
6.928103,1213,314
6.928129,1214,314
6.928369,1214,313
6.928399,1215,313
6.928424,1215,312
6.928547,1214,313
6.928722,1213,314
6.928797,1214,314
6.928843,1214,313
6.928892,1213,314
6.928952,1213,313
6.929089,1213,312
6.929146,1212,313
6.929245,1211,314
6.929305,1211,313
6.929348,1212,313
6.929417,1211,314
6.929606,1212,314
6.929689,1211,315
6.929792,1210,316
6.929814,1211,316
6.929878,1211,315
6.929933,1210,316
6.930538,1211,316
6.930665,1210,317
6.930888,1209,318
6.930951,1210,318
6.931008,1211,318
6.931090,1210,319
6.931208,1209,320
6.931211,1208,321
6.931299,1209,321
6.931623,1209,320
6.931652,1208,321
6.931682,1207,322
6.931824,1206,323
6.932001,1207,323
6.932066,1206,324
6.932119,1207,324
6.932502,1206,325
6.932525,1205,326
6.932869,1205,325
6.933043,1204,326
6.933044,1205,326
6.933236,1205,325
6.933458,1206,325
6.933564,1205,326
6.933631,1204,327
6.933646,1204,326
6.933711,1203,327
6.933776,1202,328
6.933804,1203,328
6.934017,1203,327
6.934118,1203,326
6.934119,1204,326
6.934189,1203,327
6.934228,1203,326
6.934316,1202,327
6.934337,1201,328
6.934406,1202,328
6.934452,1201,329
6.934471,1200,330
6.934506,1201,330
6.934528,1202,330
6.934682,1203,330
6.934904,1203,329
6.934924,1203,328
6.934954,1202,329
6.935054,1201,330
6.935162,1200,331
6.935215,1200,330
6.935401,1200,329
6.935420,1201,329
6.935488,1200,330
6.936170,1200,329
6.936600,1199,330
6.936709,1198,331
6.936795,1198,330
6.936832,1197,331
6.936834,1197,330
6.936878,1196,331
6.936990,1195,332
6.937025,1194,333
6.937107,1195,333
6.937229,1196,333
6.937341,1197,333
6.937360,1196,334
6.937375,1197,334
6.937476,1198,334
6.937514,1199,334
6.937708,1198,335
6.937767,1197,336
6.937837,1197,335
6.937985,1198,335
6.938200,1197,336
6.938466,1198,336
6.938633,1197,337
6.938716,1196,338
6.938758,1195,339
6.938834,1194,340
6.938835,1193,341
6.938983,1194,341
6.938995,1193,342
6.939002,1193,341
6.939125,1194,341
6.939184,1193,342
6.939228,1194,342
6.939384,1193,343
6.939396,1194,343
6.939402,1193,344
6.939411,1192,345
6.939533,1193,345
6.939634,1194,345
6.939688,1193,346
6.939744,1194,346
6.939781,1194,345
6.939825,1194,344
6.939885,1194,343
6.939948,1195,343
6.940052,1196,343
6.940340,1197,343
6.940354,1196,344
6.940372,1195,345
6.940867,1196,345
6.941055,1197,345
6.941104,1197,344
6.941161,1196,345
6.941191,1195,346
6.941209,1196,346
6.941279,1195,347
6.941328,1196,347
6.941466,1197,347
6.941551,1196,348
6.941611,1197,348
6.941859,1198,348
6.941879,1197,349
6.941942,1198,349
6.942106,1197,350
6.942285,1196,351
6.942306,1196,350
6.942316,1195,351
6.942387,1196,351
6.942457,1197,351
6.942563,1198,351
6.942563,1197,352
6.942592,1196,353
6.942766,1195,354
6.943041,1194,355
6.943042,1195,355
6.943105,1196,355
6.943301,1197,355
6.943626,1198,355
6.943828,1197,356
6.943906,1198,356
6.944069,1197,357
6.944199,1197,356
6.944228,1198,356
6.944269,1199,356
6.944333,1200,356
6.944363,1201,356
6.944469,1202,356
6.944740,1201,357
6.944894,1202,357
6.945059,1201,358
6.945093,1200,359
6.945465,1200,358
6.945521,1200,357
6.945781,1200,356
6.945814,1201,356
6.945837,1202,356
6.945922,1201,357
6.946288,1202,357
6.946389,1203,357
6.946435,1204,357
6.946517,1204,356
6.946587,1204,355
6.946588,1204,354
6.946603,1203,355
6.946942,1204,355
6.947186,1205,355
6.947298,1204,356
6.947343,1203,357
6.947362,1204,357
6.947591,1205,357
6.947592,1206,357
6.947617,1205,358
6.948105,1206,358
6.948129,1205,359
6.948165,1206,359
6.948248,1205,360
6.948374,1205,359
6.948406,1204,360
6.948473,1205,360
6.948609,1205,359
6.948626,1205,358
6.948663,1204,359
6.948700,1205,359
6.948882,1204,360
6.948925,1204,359
6.949422,1205,359
6.949449,1204,360
6.949759,1205,360
6.949759,1206,360
6.950109,1207,360
6.950296,1207,359
6.950352,1206,360
6.950524,1206,359
6.950545,1207,359
6.950583,1207,358
6.950877,1208,358
6.950898,1207,359
6.950946,1206,360
6.951000,1205,361
6.951066,1206,361
6.951177,1207,361
6.951475,1208,361
6.951753,1209,361
6.951807,1210,361
6.952072,1209,362
6.952127,1210,362
6.952203,1209,363
6.952344,1208,364
6.952438,1209,364
6.952483,1209,363
6.952905,1208,364
6.953030,1209,364
6.953030,1208,365
6.953039,1209,365
6.953175,1209,364
6.953183,1210,364
6.953199,1211,364
6.953556,1210,365
6.953678,1209,366
6.953965,1208,367
6.953967,1208,366
6.954019,1209,366
6.954078,1209,365
6.954198,1210,365
6.954260,1209,366
6.954322,1208,367
6.954347,1207,368
6.954450,1206,369
6.954510,1207,369
6.954682,1206,370
6.954844,1205,371
6.955092,1205,370
6.955158,1205,369
6.955163,1204,370
6.955221,1205,370
6.955283,1206,370
6.955315,1206,369
6.955369,1206,368
6.955386,1207,368
6.955650,1207,367
6.955876,1206,368
6.956050,1206,367
6.956229,1205,368
6.956494,1204,369
6.956587,1203,370
6.956753,1202,371
6.956802,1201,372
6.956807,1202,372
6.956822,1201,373
6.956927,1200,374
6.957024,1199,375
6.957183,1200,375
6.957248,1199,376
6.957483,1200,376
6.957514,1199,377
6.957947,1198,378
6.958077,1199,378
6.958268,1200,378
6.958371,1199,379
6.958680,1199,378
6.958789,1200,378
6.958814,1201,378
6.958840,1200,379
6.958888,1201,379
6.958889,1202,379
6.959059,1201,380
6.959208,1200,381
6.959271,1201,381
6.959438,1200,382
6.959471,1201,382
6.959631,1202,382
6.959816,1201,383
6.959837,1202,383
6.959840,1201,384
6.959877,1202,384
6.960061,1203,384
6.960290,1202,385
6.960291,1202,384
6.960327,1203,384
6.960365,1202,385
6.960450,1203,385
6.960639,1204,385
6.960655,1204,384
6.960729,1205,384
6.960906,1204,385
6.961001,1203,386
6.961090,1202,387
6.961228,1201,388
6.961295,1201,387
6.961297,1200,388
6.961395,1201,388
6.961443,1200,389
6.961460,1201,389
6.961502,1202,389
6.961541,1201,390
6.961587,1200,391
6.961651,1199,392
6.961656,1198,393
6.961660,1197,394
6.961754,1198,394
6.961830,1198,393
6.961925,1198,392
6.962181,1197,393
6.962210,1196,394
6.962217,1196,393
6.962282,1196,392
6.962880,1195,393
6.962904,1196,393
6.962911,1195,394
6.963022,1194,395
6.963045,1195,395
6.963047,1196,395
6.963083,1196,394
6.963147,1196,393
6.963162,1197,393
6.963167,1198,393
6.963183,1198,392
6.963186,1199,392
6.963261,1198,393
6.963275,1198,392
6.963291,1199,392
6.963494,1198,393
6.963668,1199,393
6.963745,1199,392
6.963764,1200,392
6.963909,1200,391
6.964065,1199,392
6.964221,1198,393
6.964427,1198,392
6.964445,1197,393
6.964500,1196,394
6.964546,1195,395
6.964797,1196,395
6.964885,1195,396
6.964889,1196,396
6.965018,1197,396
6.965259,1198,396
6.965885,1197,397
6.965951,1196,398
6.966082,1195,399
6.966119,1196,399
6.966172,1195,400
6.966224,1196,400
6.966283,1196,399
6.966321,1195,400
6.966336,1196,400
6.966343,1197,400
6.966359,1196,401
6.966696,1195,402
6.966803,1195,401
6.966955,1194,402
6.966971,1193,403
6.967077,1192,404
6.967217,1191,405
6.967396,1191,404
6.967413,1190,405
6.967628,1191,405
6.967665,1192,405
6.967754,1193,405
6.967806,1193,404
6.967889,1194,404
6.967985,1195,404
6.968045,1194,405
6.968259,1195,405
6.968344,1194,406
6.968417,1193,407
6.968598,1194,407
6.968778,1195,407
6.968911,1194,408
6.969025,1195,408
6.969178,1196,408
6.969183,1195,409
6.969386,1195,408
6.969715,1194,409
6.969933,1193,410
6.970084,1192,411
6.970155,1191,412
6.970253,1190,413
6.970256,1189,414
6.970320,1190,414
6.970763,1191,414
6.970786,1190,415
6.970915,1191,415
6.971499,1190,416
6.971603,1190,415
6.971756,1190,414
6.971778,1191,414
6.971813,1192,414
6.971830,1193,414
6.971834,1194,414
6.971857,1194,413
6.971974,1194,412
6.972067,1193,413
6.972229,1194,413
6.972314,1193,414
6.972328,1192,415
6.972553,1191,416
6.972816,1191,415
6.972829,1191,414
6.973288,1190,415
6.973288,1191,415
6.973319,1192,415
6.973349,1191,416
6.973394,1192,416
6.973401,1192,415
6.973445,1191,416
6.973525,1190,417
6.973573,1189,418
6.973604,1188,419
6.973825,1187,420
6.974012,1186,421
6.974160,1187,421
6.974240,1188,421
6.974240,1187,422
6.974459,1186,423
6.974515,1185,424
6.974761,1184,425
6.974858,1183,426
6.974893,1184,426
6.974895,1184,425
6.974921,1183,426
6.974921,1183,425
6.974931,1182,426
6.974945,1183,426
6.975085,1184,426
6.975134,1185,426
6.975222,1185,425
6.975399,1184,426
6.975521,1183,427
6.975546,1184,427
6.975604,1183,428
6.975706,1183,427
6.975722,1182,428
6.975738,1181,429
6.975931,1182,429
6.975936,1183,429
6.976050,1182,430
6.976397,1181,431
6.976451,1180,432
6.976488,1181,432
6.976528,1181,431
6.976673,1180,432
6.976856,1180,431
6.976896,1181,431
6.976954,1181,430
6.977040,1180,431
6.977069,1179,432
6.977187,1179,431
6.977451,1179,430
6.977458,1178,431
6.977623,1179,431
6.977681,1179,430
6.977683,1179,429
6.977832,1178,430
6.977879,1179,430
6.978565,1180,430
6.978580,1181,430
6.978734,1180,431
6.978808,1180,430
6.978854,1181,430
6.979128,1181,429
6.979138,1181,428
6.979164,1180,429
6.979177,1181,429
6.979402,1180,430
6.979414,1179,431
6.979571,1179,430
6.979625,1178,431
6.979629,1179,431
6.979738,1179,430
6.979795,1178,431
6.979920,1177,432
6.979971,1176,433
6.980168,1175,434
6.980185,1174,435
6.980227,1174,434
6.980336,1173,435
6.980532,1172,436
6.980587,1173,436
6.980787,1173,435
6.980796,1174,435
6.980798,1174,434
6.980830,1175,434
6.980977,1174,435
6.981066,1173,436
6.981101,1172,437
6.981130,1173,437
6.981146,1174,437
6.981308,1175,437
6.981318,1175,436
6.981352,1174,437
6.981371,1173,438
6.981537,1174,438
6.981701,1173,439
6.981784,1174,439
6.981873,1175,439
6.981893,1176,439
6.982084,1175,440
6.982190,1174,441
6.982364,1175,441
6.982394,1174,442
6.982631,1175,442
6.982749,1175,441
6.983046,1176,441
6.983050,1177,441
6.983482,1176,442
6.983676,1175,443
6.983746,1174,444
6.983922,1175,444
6.984014,1176,444
6.984243,1176,443
6.984315,1175,444
6.984640,1174,445
6.984648,1175,445
6.984654,1174,446
6.984678,1175,446
6.984722,1174,447
6.984743,1173,448
6.984783,1174,448
6.984868,1175,448
6.984925,1176,448
6.984944,1175,449
6.985016,1174,450
6.985109,1173,451
6.985261,1172,452
6.985311,1171,453
6.985343,1171,452
6.985381,1172,452
6.985382,1171,453
6.985576,1171,452
6.985629,1170,453
6.985825,1171,453
6.985875,1171,452
6.986003,1172,452
6.986149,1173,452
6.986165,1172,453
6.986265,1172,452
6.986314,1173,452
6.986359,1172,453
6.986600,1171,454
6.986615,1170,455
6.986656,1169,456
6.986668,1170,456
6.986695,1171,456
6.986875,1172,456
6.986892,1173,456
6.986997,1174,456
6.987009,1173,457
6.987354,1173,456
6.987388,1172,457
6.987558,1173,457
6.987755,1172,458
6.987795,1171,459
6.987862,1171,458
6.987925,1172,458
6.987975,1173,458
6.988229,1173,457
6.988244,1172,458
6.988451,1173,458
6.988502,1174,458
6.988515,1173,459
6.988546,1173,458
6.988758,1172,459
6.988775,1172,458
6.988832,1171,459
6.988999,1172,459
6.989059,1171,460
6.989268,1170,461
6.989595,1169,462
6.989693,1168,463
6.989701,1168,462
6.989830,1169,462
6.989841,1169,461
6.989880,1168,462
6.989895,1169,462
6.990104,1169,461
6.990172,1168,462
6.990406,1167,463
6.990425,1167,462
6.990897,1166,463
6.991087,1166,462
6.991138,1167,462
6.991192,1166,463
6.991430,1165,464
6.991537,1166,464
6.991603,1166,463
6.991729,1167,463
6.991773,1166,464
6.991922,1165,465
6.991951,1165,464
6.991971,1164,465
6.992151,1163,466
6.992168,1162,467
6.992187,1161,468
6.992440,1160,469
6.992510,1160,468
6.992532,1161,468
6.992536,1162,468
6.992551,1161,469
6.992561,1160,470
6.992593,1161,470
6.992670,1160,471
6.992806,1161,471
6.992820,1160,472
6.992825,1159,473
6.992840,1160,473
6.992940,1159,474
6.992971,1158,475
6.993047,1157,476
6.993187,1156,477
6.993203,1157,477
6.993473,1157,476
6.993482,1157,475
6.993485,1158,475
6.993509,1159,475
6.993556,1159,474
6.993594,1158,475
6.993627,1157,476
6.993684,1158,476
6.993809,1157,477
6.994005,1156,478
6.994321,1155,479
6.994436,1154,480
6.994458,1153,481
6.994630,1153,480
6.994666,1154,480
6.994753,1155,480
6.994808,1154,481
6.994882,1153,482
6.994967,1154,482
6.995019,1153,483
6.995070,1152,484
6.995168,1153,484
6.995306,1154,484
6.995363,1155,484
6.995443,1156,484
6.995465,1157,484
6.995516,1157,483
6.995531,1157,482
6.995577,1158,482
6.995628,1157,483
6.995760,1158,483
6.995821,1157,484
6.995865,1156,485
6.995878,1155,486
6.995943,1155,485
6.996099,1154,486
6.996115,1155,486
6.996206,1156,486
6.996276,1155,487
6.996351,1156,487
6.996533,1155,488
6.996537,1154,489
6.996570,1153,490
6.996597,1152,491
6.996651,1151,492
6.996696,1151,491
6.996723,1152,491
6.996733,1151,492
6.996808,1150,493
6.996942,1149,494
6.997040,1149,493
6.997178,1148,494
6.997492,1148,493
6.997585,1148,492
6.997639,1148,491
6.998026,1147,492
6.998067,1148,492
6.998277,1147,493
6.998279,1146,494
6.998342,1145,495
6.998400,1146,495
6.998526,1147,495
6.998606,1147,494
6.998610,1146,495
6.998610,1145,496
6.998887,1144,497
6.998944,1143,498
6.998989,1144,498
6.999088,1144,497
6.999138,1144,496
6.999158,1143,497
6.999399,1142,498
6.999499,1141,499
6.999499,1140,500
6.999582,1139,501
6.999679,1140,501
6.999695,1139,502
6.999730,1138,503
6.999784,1138,502
6.999877,1138,501
7.000046,1139,501
7.000098,1139,500
7.000107,1138,501
7.000123,1139,501
7.000340,1138,502
7.000381,1137,503
7.000472,1136,504
7.000506,1135,505
7.000552,1134,506
7.000563,1135,506
7.000665,1136,506
7.000676,1135,507
7.000754,1134,508
7.000767,1133,509
7.001166,1132,510
7.001327,1131,511
7.001492,1132,511
7.001499,1131,512
7.001509,1132,512
7.001544,1133,512
7.001553,1132,513
7.001602,1131,514
7.001739,1130,515
7.001843,1129,516
7.002048,1128,517
7.002115,1127,518
7.002157,1128,518
7.002218,1129,518
7.002350,1129,517
7.002424,1129,516
7.002469,1130,516
7.002615,1130,515
7.002692,1129,516
7.002727,1130,516
7.002780,1129,517
7.002807,1129,516
7.002993,1129,515
7.003276,1128,516
7.003324,1127,517
7.003340,1128,517
7.003347,1127,518
7.003419,1126,519
7.003488,1125,520
7.003603,1124,521
7.003631,1124,520
7.003928,1123,521
7.004036,1124,521
7.004171,1123,522
7.004177,1124,522
7.004228,1124,521
7.004346,1124,520
7.004426,1125,520
7.004434,1124,521
7.004550,1124,520
7.004593,1124,519
7.004798,1124,518
7.004814,1123,519
7.004821,1124,519
7.004871,1124,518
7.004896,1124,517
7.004990,1123,518
7.005113,1124,518
7.005175,1125,518
7.005202,1124,519
7.005230,1125,519
7.005239,1125,518
7.005271,1124,519
7.005294,1123,520
7.005385,1122,521
7.005476,1123,521
7.005628,1122,522
7.005642,1123,522
7.005650,1124,522
7.005680,1123,523
7.005717,1124,523
7.005745,1125,523
7.005790,1125,522
7.006039,1124,523
7.006076,1125,523
7.006082,1125,522
7.006118,1126,522
7.006323,1125,523
7.006347,1125,522
7.006430,1126,522
7.006435,1125,523
7.006529,1124,524
7.006637,1123,525
7.006700,1123,524
7.006796,1123,523
7.007006,1124,523
7.007112,1123,524
7.007123,1123,523
7.007156,1122,524
7.007181,1122,523
7.007266,1121,524
7.007314,1120,525
7.007461,1119,526
7.007541,1118,527
7.007728,1117,528
7.007827,1116,529
7.008067,1117,529
7.008288,1116,530
7.008296,1117,530
7.008339,1118,530
7.008343,1117,531
7.008411,1118,531
7.008431,1117,532
7.008508,1116,533
7.008636,1117,533
7.008665,1118,533
7.008728,1117,534
7.008765,1117,533
7.008768,1118,533
7.008922,1117,534
7.009012,1116,535
7.009367,1115,536
7.009368,1114,537
7.009401,1114,536
7.009438,1114,535
7.009451,1113,536
7.009690,1114,536
7.009731,1114,535
7.009869,1113,536
7.009880,1114,536
7.009946,1115,536
7.009972,1116,536
7.010012,1117,536
7.010044,1116,537
7.010097,1115,538
7.010179,1114,539
7.010201,1115,539
7.010496,1115,538
7.010692,1114,539
7.010725,1113,540
7.010854,1113,539
7.010874,1114,539
7.010885,1115,539
7.010893,1115,538
7.010916,1114,539
7.011086,1113,540
7.011091,1112,541
7.011141,1113,541
7.011144,1113,540
7.011185,1114,540
7.011210,1113,541
7.011224,1112,542
7.011323,1112,541
7.011768,1111,542
7.011779,1110,543
7.011783,1111,543
7.011812,1112,543
7.011830,1112,542
7.011919,1111,543
7.011989,1111,542
7.012127,1112,542
7.012128,1113,542
7.012218,1112,543
7.012361,1112,542
7.012367,1112,541
7.012371,1111,542
7.012408,1112,542
7.012451,1111,543
7.012650,1110,544
7.012683,1109,545
7.012780,1108,546
7.012930,1109,546
7.012972,1108,547
7.013105,1109,547
7.013111,1110,547
7.013214,1110,546
7.013304,1109,547
7.013443,1110,547
7.013479,1109,548
7.013485,1109,547
7.013535,1108,548
7.013556,1107,549
7.013595,1108,549
7.013685,1107,550
7.013759,1107,549
7.014048,1106,550
7.014060,1105,551
7.014115,1105,550
7.014119,1106,550
7.014290,1105,551
7.014425,1105,550
7.014471,1104,551
7.014551,1103,552
7.014616,1104,552
7.014683,1103,553
7.014713,1102,554
7.014778,1103,554
7.014856,1102,555
7.014860,1101,556
7.014869,1100,557
7.015003,1101,557
7.015003,1100,558
7.015118,1099,559
7.015259,1100,559
7.015297,1100,558
7.015472,1100,557
7.015491,1100,556
7.015512,1100,555
7.015533,1099,556
7.015618,1098,557
7.015741,1097,558
7.015864,1096,559
7.015897,1097,559
7.016152,1096,560
7.016327,1096,559
7.016404,1095,560
7.016414,1094,561
7.016430,1093,562
7.016437,1094,562
7.016493,1093,563
7.016538,1093,562
7.016877,1092,563
7.016881,1093,563
7.017016,1094,563
7.017041,1093,564
7.017097,1094,564
7.017239,1095,564
7.017559,1094,565
7.017708,1094,564
7.017729,1093,565
7.017775,1092,566
7.017864,1091,567
7.017909,1091,566
7.018256,1091,565
7.018260,1090,566
7.018287,1089,567
7.018371,1088,568
7.018489,1088,567
7.018762,1088,566
7.018850,1088,565
7.019019,1089,565
7.019055,1088,566
7.019099,1089,566
7.019110,1088,567
7.019160,1088,566
7.019169,1089,566
7.019226,1088,567
7.019363,1088,566
7.019439,1087,567
7.019521,1088,567
7.019540,1089,567
7.019599,1089,566
7.019653,1088,567
7.019667,1087,568
7.019851,1088,568
7.019942,1089,568
7.020043,1088,569
7.020315,1088,568
7.020340,1087,569
7.020532,1087,568
7.020578,1087,567
7.020639,1088,567
7.020707,1088,566
7.020718,1089,566
7.020741,1090,566
7.020758,1091,566
7.020773,1092,566
7.020867,1092,565
7.020903,1091,566
7.020928,1090,567
7.020964,1090,566
7.020965,1090,565
7.020981,1089,566
7.021019,1089,565
7.021084,1088,566
7.021120,1088,565
7.021138,1087,566
7.021265,1088,566
7.021299,1087,567
7.021342,1087,566
7.021511,1086,567
7.021544,1085,568
7.021612,1086,568
7.021615,1086,567
7.021633,1085,568
7.021744,1085,567
7.021811,1086,567
7.021857,1086,566
7.021908,1086,565
7.021984,1085,566
7.021994,1084,567
7.022015,1083,568
7.022028,1083,567
7.022062,1084,567
7.022121,1085,567
7.022145,1084,568
7.022149,1084,567
7.022166,1085,567
7.022202,1084,568
7.022203,1083,569
7.022325,1082,570
7.022524,1081,571
7.022553,1082,571
7.022641,1081,572
7.022690,1080,573
7.022793,1080,572
7.022818,1081,572
7.022902,1080,573
7.022932,1079,574
7.023005,1078,575
7.023146,1079,575
7.023216,1078,576
7.023248,1077,577
7.023318,1076,578
7.023333,1077,578
7.023448,1078,578
7.023459,1077,579
7.023655,1076,580
7.023822,1075,581
7.023833,1075,580
7.023851,1074,581
7.023908,1074,580
7.023924,1073,581
7.023935,1072,582
7.024134,1072,581
7.024144,1071,582
7.024217,1072,582
7.024418,1071,583
7.024467,1071,582
7.024698,1070,583
7.024713,1069,584
7.024742,1068,585
7.024960,1067,586
7.024993,1068,586
7.025007,1067,587
7.025058,1066,588
7.025305,1067,588
7.025324,1067,587
7.025391,1068,587
7.025433,1067,588
7.025433,1067,587
7.025532,1068,587
7.025619,1067,588
7.025637,1068,588
7.025653,1067,589
7.025766,1068,589
7.025863,1067,590
7.025983,1068,590
7.025995,1068,589
7.026081,1067,590
7.026098,1066,591
7.026231,1065,592
7.026280,1064,593
7.026314,1065,593
7.026354,1065,592
7.026360,1064,593
7.026493,1064,592
7.026627,1064,591
7.026675,1063,592
7.026717,1062,593
7.026896,1061,594
7.026941,1061,593
7.027026,1061,592
7.027083,1062,592
7.027234,1061,593
7.027357,1061,592
7.027399,1060,593
7.027451,1059,594
7.027481,1060,594
7.027486,1059,595
7.027599,1058,596
7.027679,1057,597
7.027700,1056,598
7.027822,1055,599
7.027827,1056,599
7.027930,1056,598
7.027969,1055,599
7.028076,1054,600
7.028096,1054,599
7.028190,1055,599
7.028239,1054,600
7.028256,1055,600
7.028270,1056,600
7.028271,1056,599
7.028366,1055,600
7.028442,1056,600
7.028470,1055,601
7.028554,1056,601
7.028578,1055,602
7.028640,1054,603
7.028655,1055,603
7.028777,1054,604
7.028841,1054,603
7.028941,1054,602
7.028988,1054,601
7.029054,1055,601
7.029320,1056,601
7.029353,1055,602
7.029501,1054,603
7.029806,1054,602
7.029918,1053,603
7.029974,1052,604
7.030001,1053,604
7.030238,1052,605
7.030257,1051,606
7.030274,1052,606
7.030352,1051,607
7.030433,1050,608
7.030437,1049,609
7.030468,1048,610
7.030502,1049,610
7.030780,1049,609
7.030839,1048,610
7.030909,1048,609
7.031040,1047,610
7.031119,1046,611
7.031217,1046,610
7.031241,1045,611
7.031347,1046,611
7.031529,1046,610
7.031678,1045,611
7.031682,1045,610
7.031785,1045,609
7.032049,1045,608
7.032075,1045,607
7.032125,1045,606
7.032209,1046,606
7.032222,1045,607
7.032432,1046,607
7.032660,1047,607
7.032848,1046,608
7.032887,1045,609
7.032911,1044,610
7.033068,1043,611
7.033117,1043,610
7.033147,1043,609
7.033156,1044,609
7.033167,1043,610
7.033435,1042,611
7.033506,1042,610
7.033513,1041,611
7.033552,1040,612
7.033575,1041,612
7.033611,1040,613
7.033706,1039,614
7.033716,1038,615
7.034016,1038,614
7.034084,1038,613
7.034100,1039,613
7.034102,1040,613
7.034140,1040,612
7.034327,1039,613
7.034330,1038,614
7.034347,1039,614
7.034349,1038,615
7.034379,1037,616
7.034400,1036,617
7.034679,1036,616
7.034756,1037,616
7.034785,1037,615
7.034796,1037,614
7.034824,1037,613
7.034844,1036,614
7.034974,1036,613
7.035003,1035,614
7.035211,1035,613
7.035217,1034,614
7.035282,1035,614
7.035334,1034,615
7.035488,1035,615
7.035587,1034,616
7.035685,1035,616
7.035798,1034,617
7.035822,1033,618
7.035849,1032,619
7.035935,1031,620
7.035984,1030,621
7.035999,1031,621
7.036101,1030,622
7.036242,1031,622
7.036251,1031,621
7.036331,1032,621
7.036342,1031,622
7.036421,1030,623
7.036432,1029,624
7.036522,1028,625
7.036587,1029,625
7.036611,1029,624
7.036732,1030,624
7.036797,1029,625
7.036802,1030,625
7.036945,1030,624
7.036962,1031,624
7.037006,1030,625
7.037091,1031,625
7.037094,1030,626
7.037541,1029,627
7.037617,1028,628
7.037652,1027,629
7.037725,1026,630
7.037771,1026,629
7.037785,1025,630
7.037829,1025,629
7.038041,1024,630
7.038051,1023,631
7.038057,1022,632
7.038063,1022,631
7.038089,1023,631
7.038207,1024,631
7.038231,1024,630
7.038383,1023,631
7.038393,1022,632
7.038461,1021,633
7.038534,1020,634
7.038574,1019,635
7.038576,1020,635
7.038634,1021,635
7.038920,1020,636
7.038954,1019,637
7.039135,1018,638
7.039208,1017,639
7.039228,1016,640
7.039278,1017,640
7.039326,1018,640
7.039661,1019,640
7.039670,1019,639
7.039742,1020,639
7.039757,1020,638
7.039774,1019,639
7.039791,1018,640
7.039930,1018,639
7.040068,1019,639
7.040120,1020,639
7.040174,1019,640
7.040223,1018,641
7.040225,1018,640
7.040352,1017,641
7.040546,1018,641
7.040571,1018,640
7.040637,1017,641
7.040699,1016,642
7.040781,1015,643
7.040843,1016,643
7.040877,1016,642
7.041079,1015,643
7.041250,1014,644
7.041323,1013,645
7.041423,1012,646
7.041498,1012,645
7.041641,1011,646
7.041664,1010,647
7.041740,1009,648
7.041888,1009,647
7.041889,1008,648
7.041917,1009,648
7.041931,1010,648
7.042197,1009,649
7.042250,1010,649
7.042385,1011,649
7.042385,1010,650
7.042549,1010,649
7.042620,1009,650
7.042658,1009,649
7.042700,1008,650
7.042864,1008,649
7.043039,1007,650
7.043113,1008,650
7.043142,1007,651
7.043185,1006,652
7.043194,1005,653
7.043298,1006,653
7.043459,1005,654
7.043628,1004,655
7.043715,1005,655
7.043742,1004,656
7.043896,1004,655
7.043966,1005,655
7.044011,1004,656
7.044022,1004,655
7.044078,1003,656
7.044136,1003,655
7.044364,1004,655
7.044588,1003,656
7.044759,1004,656
7.044872,1005,656
7.044942,1004,657
7.044965,1003,658
7.045140,1003,657
7.045420,1004,657
7.045479,1004,656
7.045543,1003,657
7.045623,1002,658
7.045879,1001,659
7.045909,1001,658
7.046014,1000,659
7.046068,1001,659
7.046302,1001,658
7.046306,1000,659
7.046329,999,660
7.046352,998,661
7.046404,997,662
7.046426,996,663
7.046494,996,662
7.046562,997,662
7.046584,996,663
7.046701,995,664
7.046772,995,663
7.046879,995,662
7.046879,994,663
7.046923,994,662
7.046988,994,661
7.047220,994,660
7.047267,995,660
7.047313,994,661
7.047336,993,662
7.047494,993,661
7.047554,992,662
7.047565,993,662
7.047731,994,662
7.047766,994,661
7.048150,995,661
7.048298,995,660
7.048357,995,659
7.048361,996,659
7.048511,995,660
7.048552,996,660
7.048561,997,660
7.048939,998,660
7.048976,998,659
7.049007,998,658
7.049121,997,659
7.049188,996,660
7.049291,995,661
7.049465,994,662
7.049668,994,661
7.049680,995,661
7.049685,994,662
7.049748,994,661
7.049751,993,662
7.049778,993,661
7.049808,993,660
7.049843,993,659
7.049969,992,660
7.050003,992,659
7.050011,993,659
7.050016,992,660
7.050019,993,660
7.050113,992,661
7.050125,992,660
7.050171,992,659
7.050222,991,660
7.050307,990,661
7.050488,991,661
7.050514,991,660
7.050557,990,661
7.050664,989,662
7.050690,988,663
7.050808,987,664
7.051007,987,663
7.051044,988,663
7.051081,988,662
7.051125,987,663
7.051195,986,664
7.051580,985,665
7.051586,984,666
7.051674,983,667
7.051734,982,668
7.051776,981,669
7.052185,980,670
7.052263,980,669
7.052339,980,668
7.052384,981,668
7.052418,980,669
7.052422,979,670
7.052428,980,670
7.052513,980,669
7.052565,979,670
7.052575,978,671
7.052576,977,672
7.052672,976,673
7.052838,975,674
7.052839,975,673
7.053088,976,673
7.053165,976,672
7.053268,976,671
7.053302,975,672
7.053319,975,671
7.053370,974,672
7.053398,975,672
7.053434,974,673
7.053449,973,674
7.053729,972,675
7.053755,971,676
7.053766,972,676
7.053780,972,675
7.053804,971,676
7.053857,972,676
7.054050,971,677
7.054166,972,677
7.054188,972,676
7.054249,972,675
7.054324,973,675
7.054476,973,674
7.054513,972,675
7.054869,972,674
7.054900,972,673
7.054959,971,674
7.055003,972,674
7.055014,971,675
7.055361,970,676
7.055640,969,677
7.055701,969,676
7.055752,970,676
7.055764,970,675
7.055834,969,676
7.055847,970,676
7.055899,971,676
7.055953,971,675
7.056003,971,674
7.056013,970,675
7.056026,969,676
7.056185,968,677
7.056230,969,677
7.056338,968,678
7.056445,968,677
7.056475,968,676
7.056501,967,677
7.056610,966,678
7.056772,965,679
7.057056,966,679
7.057216,965,680
7.057315,964,681
7.057384,963,682
7.057453,964,682
7.057490,964,681
7.057512,963,682
7.057525,962,683
7.057660,961,684
7.057703,960,685
7.057739,959,686
7.058032,960,686
7.058115,959,687
7.058174,958,688
7.058288,957,689
7.058300,957,688
7.058387,958,688
7.058411,959,688
7.058670,959,687
7.058678,958,688
7.058693,957,689
7.059034,958,689
7.059366,959,689
7.059420,958,690
7.059530,957,691
7.059555,956,692
7.059598,955,693
7.059616,954,694
7.059706,953,695
7.059891,952,696
7.059895,951,697
7.059922,950,698
7.059971,949,699
7.060089,948,700
7.060101,949,700
7.060148,950,700
7.060304,949,701
7.060328,948,702
7.060355,949,702
7.060398,948,703
7.060418,947,704
7.060462,946,705
7.060472,946,704
7.060615,946,703
7.060701,945,704
7.060742,944,705
7.060745,944,704
7.060807,945,704
7.060828,945,703
7.060903,944,704
7.060907,944,703
7.060939,943,704
7.060944,944,704
7.060973,943,705
7.061070,942,706
7.061306,943,706
7.061458,942,707
7.061606,941,708
7.061638,942,708
7.061757,943,708
7.061804,942,709
7.061850,942,708
7.061854,941,709
7.061876,940,710
7.061956,941,710
7.061959,941,709
7.061988,941,708
7.062001,941,707
7.062155,940,708
7.062208,941,708
7.062216,940,709
7.062226,941,709
7.062261,940,710
7.062331,939,711
7.062352,939,710
7.062433,939,709
7.062446,938,710
7.062457,937,711
7.062547,938,711
7.062658,937,712
7.062709,936,713
7.062785,935,714
7.062889,934,715
7.063103,934,714
7.063134,934,713
7.063150,933,714
7.063226,934,714
7.063259,933,715
7.063264,934,715
7.063279,934,714
7.063290,933,715
7.063303,934,715
7.063336,935,715
7.063512,936,715
7.063534,935,716
7.063631,936,716
7.063789,935,717
7.063901,935,716
7.063933,935,715
7.064005,935,714
7.064109,934,715
7.064346,934,714
7.064495,934,713
7.064527,935,713
7.064587,934,714
7.064667,935,714
7.064750,935,713
7.064831,936,713
7.064919,935,714
7.064945,934,715
7.064981,934,714
7.065056,934,713
7.065202,934,712
7.065271,933,713
7.065334,934,713
7.065404,933,714
7.065554,932,715
7.065742,933,715
7.065751,932,716
7.065795,931,717
7.065829,931,716
7.065840,930,717
7.065914,929,718
7.066029,929,717
7.066063,928,718
7.066142,927,719
7.066210,926,720
7.066270,926,719
7.066283,927,719
7.066413,926,720
7.066571,925,721
7.066607,924,722
7.066617,924,721
7.066651,924,720
7.066716,925,720
7.066748,924,721
7.066755,923,722
7.066758,923,721
7.066849,923,720
7.067026,923,719
7.067042,924,719
7.067200,923,720
7.067429,923,719
7.067495,922,720
7.067685,921,721
7.067722,921,720
7.067822,920,721
7.067867,921,721
7.067898,922,721
7.067971,923,721
7.067998,923,720
7.068139,922,721
7.068318,921,722
7.068356,922,722
7.068375,921,723
7.068452,920,724
7.068494,920,723
7.068606,920,722
7.068608,921,722
7.068659,921,721
7.068666,922,721
7.068793,922,720
7.068795,921,721
7.068884,920,722
7.068903,921,722
7.069006,921,721
7.069064,921,720
7.069077,920,721
7.069154,921,721
7.069209,920,722
7.069259,920,721
7.069319,921,721
7.069367,921,720
7.069400,920,721
7.069408,920,720
7.069496,919,721
7.069509,918,722
7.069557,917,723
7.069715,918,723
7.069824,918,722
7.069857,917,723
7.069941,916,724
7.070035,915,725
7.070188,916,725
7.070213,915,726
7.070374,914,727
7.070445,913,728
7.070612,913,727
7.070687,913,726
7.070701,912,727
7.070756,911,728
7.070796,910,729
7.070830,910,728
7.070833,911,728
7.070924,910,729
7.070986,909,730
7.070987,908,731
7.071074,907,732
7.071144,907,731
7.071180,906,732
7.071230,905,733
7.071276,904,734
7.071398,903,735
7.071431,903,734
7.071565,904,734
7.071617,904,733
7.071800,903,734
7.071819,904,734
7.072020,903,735
7.072139,903,734
7.072182,903,733
7.072189,902,734
7.072219,903,734
7.072553,902,735
7.072681,902,734
7.072731,902,733
7.072754,901,734
7.072930,900,735
7.072991,901,735
7.073021,901,734
7.073105,900,735
7.073430,899,736
7.073459,898,737
7.073505,897,738
7.073574,897,737
7.073589,897,736
7.073589,896,737
7.073704,895,738
7.073739,894,739
7.073822,893,740
7.073891,892,741
7.073981,891,742
7.073995,892,742
7.074040,892,741
7.074214,892,740
7.074226,891,741
7.074259,890,742
7.074387,889,743
7.074514,889,742
7.074539,888,743
7.074616,887,744
7.074619,886,745
7.074756,885,746
7.074856,885,745
7.074879,885,744
7.075054,885,743
7.075289,885,742
7.075436,886,742
7.075451,887,742
7.075546,886,743
7.075550,885,744
7.075557,885,743
7.075616,885,742
7.075652,886,742
7.075760,885,743
7.075806,886,743
7.075979,887,743
7.076015,886,744
7.076019,886,743
7.076021,887,743
7.076083,887,742
7.076196,888,742
7.076257,887,743
7.076300,887,742
7.076308,887,741
7.076327,886,742
7.076371,886,741
7.076466,886,740
7.076617,885,741
7.076669,885,740
7.076763,885,739
7.076793,884,740
7.076956,885,740
7.077018,886,740
7.077022,885,741
7.077150,884,742
7.077224,885,742
7.077242,884,743
7.077244,883,744
7.077440,882,745
7.077460,881,746
7.077463,880,747
7.077473,879,748
7.077478,878,749
7.077566,879,749
7.077877,878,750
7.077981,878,749
7.078119,879,749
7.078140,879,748
7.078277,878,749
7.078315,877,750
7.078634,876,751
7.078674,877,751
7.078702,876,752
7.078786,875,753
7.078839,875,752
7.078886,876,752
7.078910,876,751
7.078918,875,752
7.078997,875,751
7.079079,876,751
7.079166,876,750
7.079253,875,751
7.079262,874,752
7.079324,873,753
7.079324,872,754
7.079475,873,754
7.079525,874,754
7.079547,873,755
7.079563,873,754
7.079607,874,754
7.079652,874,753
7.079787,873,754
7.080002,873,753
7.080054,872,754
7.080142,873,754
7.080155,872,755
7.080169,873,755
7.080218,874,755
7.080269,873,756
7.080404,874,756
7.080412,873,757
7.080431,874,757
7.080436,873,758
7.080448,873,757
7.080502,874,757
7.080517,874,756
7.080591,875,756
7.080700,875,755
7.080776,875,754
7.080796,874,755
7.080850,873,756
7.081011,873,755
7.081065,874,755
7.081161,875,755
7.081327,874,756
7.081336,873,757
7.081343,873,756
7.081434,873,755
7.081692,872,756
7.081736,871,757
7.081763,872,757
7.081923,872,756
7.081944,873,756
7.082051,873,755
7.082144,874,755
7.082184,873,756
7.082193,874,756
7.082203,873,757
7.082278,872,758
7.082327,871,759
7.082443,871,758
7.082517,871,757
7.082547,871,756
7.082552,870,757
7.082729,871,757
7.082799,870,758
7.082838,870,757
7.082990,871,757
7.083036,872,757
7.083077,871,758
7.083106,870,759
7.083140,871,759
7.083149,870,760
7.083357,869,761
7.083372,868,762
7.083415,868,761
7.083548,867,762
7.083621,868,762
7.083693,868,761
7.083739,869,761
7.083789,868,762
7.083873,867,763
7.083882,866,764
7.083918,867,764
7.084000,866,765
7.084008,865,766
7.084107,865,765
7.084136,864,766
7.084152,863,767
7.084243,864,767
7.084365,863,768
7.084435,862,769
7.084464,861,770
7.084680,862,770
7.084788,861,771
7.084902,862,771
7.084991,862,770
7.085056,861,771
7.085060,861,770
7.085076,860,771
7.085154,860,770
7.085233,861,770
7.085234,860,771
7.085318,859,772
7.085352,860,772
7.085516,859,773
7.085532,859,772
7.085576,860,772
7.085683,860,771
7.085690,860,770
7.085730,860,769
7.085734,859,770
7.086183,860,770
7.086387,860,769
7.086397,859,770
7.086440,859,769
7.086582,860,769
7.086666,859,770
7.086832,858,771
7.086834,857,772
7.086936,856,773
7.087067,855,774
7.087099,854,775
7.087133,855,775
7.087297,854,776
7.087306,853,777
7.087430,853,776
7.087657,852,777
7.087720,851,778
7.087720,850,779
7.087729,849,780
7.087757,849,779
7.087818,849,778
7.087849,850,778
7.087900,849,779
7.087922,848,780
7.087970,849,780
7.088079,849,779
7.088113,848,780
7.088258,847,781
7.088269,846,782
7.088322,847,782
7.088429,847,781
7.088552,846,782
7.088553,847,782
7.088591,847,781
7.088674,848,781
7.088830,847,782
7.089054,847,781
7.089457,847,780
7.089496,847,779
7.089507,847,778
7.089603,846,779
7.089720,845,780
7.089743,844,781
7.089762,843,782
7.089870,842,783
7.089967,841,784
7.090041,842,784
7.090103,841,785
7.090278,840,786
7.090368,841,786
7.090558,840,787
7.090702,841,787
7.090719,842,787
7.090852,841,788
7.090860,842,788
7.090995,841,789
7.091171,841,788
7.091236,840,789
7.091287,839,790
7.091520,838,791
7.091592,837,792
7.091732,836,793
7.091862,835,794
7.091873,835,793
7.092015,834,794
7.092086,835,794
7.092176,834,795
7.092278,833,796
7.092278,833,795
7.092286,833,794
7.092309,832,795
7.092395,831,796
7.092425,830,797
7.092459,829,798
7.092503,828,799
7.092554,829,799
7.092585,828,800
7.092690,827,801
7.092770,826,802
7.092770,826,801
7.093125,825,802
7.093156,825,801
7.093234,826,801
7.093235,826,800
7.093330,825,801
7.093389,824,802
7.093422,824,801
7.093424,824,800
7.093436,825,800
7.093501,825,799
7.093506,826,799
7.093531,826,798
7.093561,827,798
7.093596,826,799
7.093633,825,800
7.093689,826,800
7.093862,826,799
7.093902,825,800
7.093953,824,801
7.093961,823,802
7.094017,823,801
7.094037,824,801
7.094060,825,801
7.094253,824,802
7.094259,823,803
7.094279,822,804
7.094371,821,805
7.094404,820,806
7.094457,821,806
7.094486,820,807
7.094488,821,807
7.094742,820,808
7.094771,820,807
7.094810,820,806
7.094880,820,805
7.094888,819,806
7.094893,820,806
7.094896,820,805
7.095012,821,805
7.095024,820,806
7.095031,820,805
7.095117,819,806
7.095235,819,805
7.095313,819,804
7.095650,820,804
7.095737,819,805
7.095789,820,805
7.095911,819,806
7.096207,818,807
7.096298,817,808
7.096323,818,808
7.096464,817,809
7.096530,816,810
7.096571,815,811
7.096604,814,812
7.096616,813,813
7.096618,812,814
7.096726,812,813
7.096763,813,813
7.096821,813,812
7.096822,813,811
7.096876,813,810
7.096928,813,809
7.096967,814,809
7.097062,813,810
7.097269,812,811
7.097348,811,812
7.097467,810,813
7.097513,810,812
7.097587,809,813
7.097638,810,813
7.097726,809,814
7.097738,809,813
7.097818,808,814
7.097823,807,815
7.097862,806,816
7.097966,806,815
7.097979,805,816
7.097992,804,817
7.098155,803,818
7.098332,803,817
7.098398,803,816
7.098423,802,817
7.098460,802,816
7.098468,803,816
7.098565,802,817
7.098718,803,817
7.098789,802,818
7.098902,801,819
7.098932,800,820
7.099118,801,820
7.099202,800,821
7.099225,799,822
7.099378,799,821
7.099380,798,822
7.099556,797,823
7.099584,798,823
7.099674,798,822
7.099853,798,821
7.100001,797,822
7.100009,796,823
7.100020,795,824
7.100106,795,823
7.100146,794,824
7.100193,794,823
7.100321,793,824
7.100374,792,825
7.100410,791,826
7.100545,791,825
7.100777,791,824
7.100829,790,825
7.100973,791,825
7.100985,790,826
7.101267,790,825
7.101567,791,825
7.101627,790,826
7.101663,790,825
7.101710,789,826
7.101806,788,827
7.101910,788,826
7.101978,787,827
7.102127,788,827
7.102189,787,828
7.102262,786,829
7.102309,785,830
7.102375,785,829
7.102561,785,828
7.102575,784,829
7.102644,784,828
7.102768,783,829
7.102783,782,830
7.102795,781,831
7.102837,781,830
7.102865,781,829
7.102868,781,828
7.102934,781,827
7.102974,780,828
7.103028,780,827
7.103224,780,826
7.103311,779,827
7.103400,780,827
7.103533,780,826
7.103585,779,827
7.103686,779,826
7.103709,779,825
7.103887,778,826
7.103895,777,827
7.104015,777,826
7.104128,776,827
7.104175,777,827
7.104186,777,826
7.104210,778,826
7.104250,778,825
7.104291,777,826
7.104358,777,825
7.104371,776,826
7.104377,776,825
7.104638,776,824
7.104777,776,823
7.104824,776,822
7.104877,777,822
7.105021,777,821
7.105133,778,821
7.105182,779,821
7.105192,778,822
7.105282,779,822
7.105388,778,823
7.105399,778,822
7.105412,777,823
7.105468,776,824
7.105550,776,823
7.105571,777,823
7.105627,776,824
7.105720,775,825
7.105760,774,826
7.105788,773,827
7.105920,772,828
7.106055,772,827
7.106091,772,826
7.106333,771,827
7.106334,770,828
7.106393,769,829
7.106589,769,828
7.106602,768,829
7.106609,768,828
7.106633,767,829
7.106638,768,829
7.106677,767,830
7.106769,766,831
7.106815,766,830
7.106837,765,831
7.107290,765,830
7.107304,765,829
7.107427,764,830
7.107448,765,830
7.107580,766,830
7.107596,766,829
7.107599,765,830
7.107760,764,831
7.107889,763,832
7.107930,762,833
7.107976,761,834
7.107986,762,834
7.108121,763,834
7.108243,762,835
7.108366,761,836
7.108459,761,835
7.108469,760,836
7.108488,759,837
7.108571,758,838
7.108665,758,837
7.108785,757,838
7.108849,756,839
7.108868,755,840
7.109110,756,840
7.109147,757,840
7.109176,756,841
7.109248,756,840
7.109423,755,841
7.109580,754,842
7.109663,755,842
7.109809,754,843
7.109870,755,843
7.109930,754,844
7.110028,755,844
7.110039,756,844
7.110168,756,843
7.110210,756,842
7.110412,755,843
7.110453,756,843
7.110505,756,842
7.110528,755,843
7.110551,754,844
7.110674,755,844
7.110686,756,844
7.110803,757,844
7.111003,756,845
7.111241,757,845
7.111251,758,845
7.111253,757,846
7.111281,756,847
7.111299,756,846
7.111365,755,847
7.111382,754,848
7.111503,753,849
7.111561,752,850
7.111577,752,849
7.111654,751,850
7.111671,750,851
7.111706,750,850
7.111823,749,851
7.111830,749,850
7.111845,748,851
7.111867,749,851
7.111923,749,850
7.111932,750,850
7.112005,751,850
7.112083,751,849
7.112235,751,848
7.112244,751,847
7.112244,751,846
7.112292,750,847
7.112587,751,847
7.112695,750,848
7.112725,751,848
7.112805,750,849
7.112859,751,849
7.112943,750,850
7.113160,750,849
7.113217,749,850
7.113291,748,851
7.113325,748,850
7.113360,749,850
7.113448,749,849
7.113494,750,849
7.113497,749,850
7.113606,750,850
7.113640,749,851
7.113763,748,852
7.113777,749,852
7.113875,748,853
7.113942,748,852
7.113959,747,853
7.113961,747,852
7.114133,748,852
7.114161,747,853
7.114165,748,853
7.114464,748,852
7.114543,748,851
7.114562,748,850
7.114611,748,849
7.114650,748,848
7.114661,747,849
7.114690,746,850
7.114878,745,851
7.114922,745,850
7.114947,744,851
7.114991,743,852
7.115360,744,852
7.115451,745,852
7.115546,745,851
7.115578,745,850
7.115620,744,851
7.115626,744,850
7.115628,743,851
7.115641,742,852
7.115644,742,851
7.115704,741,852
7.115777,741,851
7.115818,740,852
7.115841,739,853
7.115907,738,854
7.115964,737,855
7.116083,736,856
7.116093,735,857
7.116106,736,857
7.116146,737,857
7.116259,738,857
7.116373,737,858
7.116397,737,857
7.116434,737,856
7.116575,738,856
7.116684,738,855
7.116710,737,856
7.116746,737,855
7.116762,736,856
7.116785,736,855
7.116852,735,856
7.116871,735,855
7.116945,734,856
7.116967,733,857
7.116985,733,856
7.117020,734,856
7.117049,734,855
7.117113,733,856
7.117174,733,855
7.117197,732,856
7.117223,731,857
7.117301,730,858
7.117432,730,857
7.117824,730,856
7.117861,730,855
7.118002,731,855
7.118200,731,854
7.118221,730,855
7.118240,731,855
7.118375,731,854
7.118426,731,853
7.118449,731,852
7.118472,731,851
7.118479,730,852
7.118524,729,853
7.118534,730,853
7.118607,730,852
7.118626,731,852
7.118677,730,853
7.118927,729,854
7.118963,729,853
7.119056,728,854
7.119057,728,853
7.119091,728,852
7.119112,727,853
7.119440,726,854
7.119520,726,853
7.119553,725,854
7.119570,724,855
7.119590,724,854
7.119647,723,855
7.119680,722,856
7.119733,723,856
7.119784,723,855
7.119821,722,856
7.120107,721,857
7.120143,721,856
7.120242,721,855
7.120294,721,854
7.120503,722,854
7.120558,721,855
7.120584,721,854
7.120719,720,855
7.120856,721,855
7.120979,721,854
7.121000,721,853
7.121030,720,854
7.121045,719,855
7.121059,718,856
7.121127,717,857
7.121216,716,858
7.121278,715,859
7.121303,714,860
7.121321,715,860
7.121328,715,859
7.121374,714,860
7.121468,713,861
7.121468,713,860
7.121479,712,861
7.121565,712,860
7.121670,711,861
7.121683,712,861
7.121730,711,862
7.121997,710,863
7.122151,709,864
7.122355,708,865
7.122399,709,865
7.122404,709,864
7.122499,710,864
7.122524,709,865
7.122540,708,866
7.122541,709,866
7.122543,709,865
7.122686,710,865
7.122719,709,866
7.122815,708,867
7.122883,708,866
7.122986,709,866
7.123039,709,865
7.123049,708,866
7.123110,709,866
7.123123,709,865
7.123283,708,866
7.123296,709,866
7.123315,708,867
7.123334,707,868
7.123371,706,869
7.123592,706,868
7.123731,706,867
7.123762,706,866
7.123775,706,865
7.123812,705,866
7.123852,705,865
7.123973,706,865
7.124054,705,866
7.124094,704,867
7.124123,704,866
7.124189,703,867
7.124375,703,866
7.124452,704,866
7.124463,703,867
7.124466,703,866
7.124492,703,865
7.124563,703,864
7.124599,704,864
7.124629,703,865
7.124702,702,866
7.124708,702,865
7.124878,701,866
7.124999,702,866
7.125015,701,867
7.125068,702,867
7.125079,702,866
7.125338,701,867
7.125673,700,868
7.125673,699,869
7.125687,700,869
7.125739,701,869
7.125740,700,870
7.125744,700,869
7.125789,699,870
7.125844,699,869
7.126087,699,868
7.126113,699,867
7.126248,699,866
7.126419,698,867
7.126440,699,867
7.126502,698,868
7.126549,697,869
7.126716,696,870
7.126748,695,871
7.126765,694,872
7.126871,695,872
7.126890,696,872
7.126914,697,872
7.126929,696,873
7.127000,697,873
7.127210,696,874
7.127268,695,875
7.127336,694,876
7.127557,693,877
7.127632,693,876
7.127736,693,875
7.127766,692,876
7.127769,691,877
7.127861,690,878
7.128083,689,879
7.128087,688,880
7.128181,688,879
7.128190,687,880
7.128231,688,880
7.128295,687,881
7.128347,688,881
7.128391,688,880
7.128406,689,880
7.128432,688,881
7.128545,688,880
7.128970,687,881
7.128990,687,880
7.129269,687,879
7.129309,686,880
7.129360,686,879
7.129362,687,879
7.129392,686,880
7.129532,686,879
7.129566,686,878
7.129711,686,877
7.129879,686,876
7.129914,685,877
7.130080,684,878
7.130083,684,877
7.130116,683,878
7.130150,683,877
7.130155,682,878
7.130252,681,879
7.130388,682,879
7.130391,682,878
7.130536,682,877
7.130555,681,878
7.130561,681,877
7.130612,680,878
7.130842,680,877
7.130844,680,876
7.130853,680,875
7.130974,679,876
7.131140,678,877
7.131231,677,878
7.131350,677,877
7.131353,677,876
7.131443,676,877
7.131480,677,877
7.131556,676,878
7.131666,675,879
7.131712,675,878
7.131723,674,879
7.131790,673,880
7.131876,673,879
7.131886,673,878
7.131924,672,879
7.131936,673,879
7.131991,673,878
7.132093,674,878
7.132380,673,879
7.132499,672,880
7.132518,672,879
7.132540,671,880
7.132610,670,881
7.132648,670,880
7.132682,670,879
7.132765,670,878
7.132844,669,879
7.132881,668,880
7.132937,668,879
7.132998,667,880
7.133146,667,879
7.133290,667,878
7.133357,668,878
7.133416,667,879
7.133428,666,880
7.133491,666,879
7.133530,665,880
7.133544,665,879
7.133595,664,880
7.133652,664,879
7.133912,664,878
7.134021,663,879
7.134032,663,878
7.134099,663,877
7.134268,664,877
7.134387,663,878
7.134408,662,879
7.134423,662,878
7.134533,661,879
7.134557,661,878
7.134666,661,877
7.134687,661,876
7.134780,660,877
7.134831,659,878
7.134834,658,879
7.134925,659,879
7.134926,658,880
7.135004,657,881
7.135022,657,880
7.135032,658,880
7.135032,657,881
7.135175,657,880
7.135387,656,881
7.135410,655,882
7.135725,655,881
7.135730,654,882
7.135945,655,882
7.136110,655,881
7.136168,655,880
7.136261,654,881
7.136294,654,880
7.136374,653,881
7.136400,654,881
7.136431,653,882
7.136437,653,881
7.136554,652,882
7.136625,652,881
7.136661,651,882
7.136761,651,881
7.136816,651,880
7.136997,650,881
7.137099,649,882
7.137232,648,883
7.137233,647,884
7.137286,648,884
7.137370,649,884
7.137429,649,883
7.137599,649,882
7.137631,649,881
7.137656,648,882
7.137668,647,883
7.137682,647,882
7.137693,647,881
7.137824,646,882
7.137855,645,883
7.138084,644,884
7.138165,643,885
7.138237,643,884
7.138514,644,884
7.138561,643,885
7.138606,643,884
7.138820,642,885
7.138826,641,886
7.139045,640,887
7.139218,640,886
7.139266,639,887
7.139290,638,888
7.139485,639,888
7.139566,638,889
7.139938,637,890
7.140020,636,891
7.140079,637,891
7.140234,637,890
7.140252,637,889
7.140262,636,890
7.140303,635,891
7.140323,634,892
7.140327,633,893
7.140348,632,894
7.140348,631,895
7.140389,631,894
7.140437,630,895
7.140606,631,895
7.140699,631,894
7.140699,630,895
7.140707,629,896
7.140719,628,897
7.140732,627,898
7.140768,628,898
7.140798,629,898
7.140970,630,898
7.141168,630,897
7.141192,631,897
7.141279,632,897
7.141391,633,897
7.141414,632,898
7.141500,631,899
7.141545,631,898
7.141701,630,899
7.141706,631,899
7.141775,630,900
7.141916,629,901
7.141925,629,900
7.141935,629,899
7.142129,628,900
7.142250,627,901
7.142624,626,902
7.142645,625,903
7.142704,625,902
7.142867,624,903
7.142932,625,903
7.142945,625,902
7.143052,626,902
7.143060,625,903
7.143175,625,902
7.143176,624,903
7.143370,623,904
7.143753,622,905
7.144029,621,906
7.144054,620,907
7.144113,619,908
7.144123,619,907
7.144226,618,908
7.144363,617,909
7.144411,616,910
7.144431,615,911
7.144439,615,910
7.144551,615,909
7.144577,614,910
7.144853,613,911
7.144971,613,910
7.145040,613,909
7.145140,612,910
7.145152,611,911
7.145172,610,912
7.145274,609,913
7.145335,609,912
7.145340,609,911
7.145447,608,912
7.145529,608,911
7.145625,609,911
7.145659,610,911
7.145663,610,910
7.145698,611,910
7.145749,610,911
7.145830,609,912
7.145988,609,911
7.146150,609,910
7.146249,608,911
7.146283,608,910
7.146299,609,910
7.146310,609,909
7.146357,608,910
7.146550,607,911
7.146562,607,910
7.146564,606,911
7.146566,605,912
7.146613,604,913
7.146627,603,914
7.146632,604,914
7.146658,604,913
7.146875,603,914
7.146996,602,915
7.147056,601,916
7.147078,601,915
7.147242,600,916
7.147276,600,915
7.147371,599,916
7.147428,599,915
7.147503,598,916
7.147524,597,917
7.147562,597,916
7.147598,597,915
7.147635,597,914
7.147708,596,915
7.147793,596,914
7.147798,596,913
7.147836,596,912
7.147870,596,911
7.147936,595,912
7.147959,594,913
7.147989,594,912
7.148101,593,913
7.148252,592,914
7.148265,591,915
7.148275,590,916
7.148325,590,915
7.148390,589,916
7.148434,589,915
7.148525,589,914
7.148596,588,915
7.148627,587,916
7.148688,587,915
7.148708,587,914
7.148758,587,913
7.149168,587,912
7.149397,587,911
7.149470,588,911
7.149480,587,912
7.149606,587,911
7.149722,586,912
7.149956,585,913
7.150178,586,913
7.150243,585,914
7.150874,585,913
7.150985,584,914
7.151001,584,913
7.151131,583,914
7.151147,584,914
7.151252,584,913
7.151257,583,914
7.151279,582,915
7.151318,582,914
7.151629,581,915
7.151666,581,914
7.151792,581,913
7.151822,580,914
7.152102,580,913
7.152157,580,912
7.152676,579,913
7.152696,578,914
7.152716,578,913
7.152835,579,913
7.152843,578,914
7.152980,579,914
7.153002,578,915
7.153008,579,915
7.153051,578,916
7.153476,577,917
7.153497,577,916
7.153507,577,915
7.153641,577,914
7.153698,577,913
7.153708,577,912
7.153892,578,912
7.153974,578,911
7.153983,578,910
7.154029,577,911
7.154042,576,912
7.154134,575,913
7.154174,575,912
7.154260,574,913
7.154454,574,912
7.154508,575,912
7.154521,574,913
7.154957,575,913
7.155005,575,912
7.155024,576,912
7.155034,575,913
7.155384,574,914
7.155389,573,915
7.155474,572,916
7.155568,571,917
7.155615,571,916
7.155672,571,915
7.155701,570,916
7.155789,569,917
7.155848,569,916
7.155930,568,917
7.155948,567,918
7.155956,567,917
7.156000,566,918
7.156006,566,917
7.156240,566,916
7.156336,565,917
7.156401,565,916
7.156416,566,916
7.156498,566,915
7.156513,566,914
7.156657,566,913
7.156726,566,912
7.156777,566,911
7.156793,565,912
7.156834,565,911
7.156887,566,911
7.157112,566,910
7.157152,566,909
7.157262,566,908
7.157299,565,909
7.157389,565,908
7.157433,564,909
7.157438,564,908
7.157440,563,909
7.157469,562,910
7.157481,561,911
7.157489,561,910
7.157817,562,910
7.157838,561,911
7.157942,561,910
7.157992,560,911
7.158032,559,912
7.158105,559,911
7.158123,558,912
7.158320,557,913
7.158355,557,912
7.158385,557,911
7.158422,556,912
7.158423,556,911
7.158580,556,910
7.158639,555,911
7.158739,554,912
7.158832,553,913
7.158954,553,912
7.159043,552,913
7.159114,551,914
7.159398,550,915
7.159411,549,916
7.159413,550,916
7.159480,550,915
7.159619,551,915
7.159694,550,916
7.159744,549,917
7.159748,549,916
7.159778,549,915
7.160089,549,914
7.160342,548,915
7.160354,548,914
7.160494,547,915
7.160517,547,914
7.160526,546,915
7.160569,545,916
7.160588,545,915
7.160617,545,914
7.160626,545,913
7.160731,544,914
7.161053,545,914
7.161097,545,913
7.161100,545,912
7.161135,545,911
7.161454,544,912
7.161697,543,913
7.161709,542,914
7.161878,541,915
7.161953,541,914
7.162000,541,913
7.162015,540,914
7.162070,541,914
7.162263,540,915
7.162397,539,916
7.162560,539,915
7.162587,539,914
7.163055,538,915
7.163075,539,915
7.163094,538,916
7.163121,538,915
7.163127,537,916
7.163162,537,915
7.163261,536,916
7.163814,535,917
7.163818,534,918
7.163999,533,919
7.164677,534,919
7.164731,534,918
7.164904,534,917
7.165145,533,918
7.165224,532,919
7.165333,532,918
7.165366,532,917
7.165965,531,918
7.166095,530,919
7.166201,530,918
7.166262,530,917
7.166279,529,918
7.166572,528,919
7.166662,527,920
7.166674,527,919
7.166679,527,918
7.166717,528,918
7.166734,527,919
7.166756,526,920
7.166919,527,920
7.167064,527,919
7.167075,526,920
7.167088,525,921
7.167094,524,922
7.167101,523,923
7.167147,522,924
7.167178,522,923
7.167233,521,924
7.167439,520,925
7.167457,519,926
7.167534,518,927
7.167539,518,926
7.167602,518,925
7.167742,519,925
7.167793,519,924
7.167815,518,925
7.167938,518,924
7.168039,517,925
7.168040,517,924
7.168074,517,923
7.168277,516,924
7.168352,515,925
7.168513,514,926
7.168697,513,927
7.168710,512,928
7.168839,511,929
7.168928,511,928
7.168975,511,927
7.168976,510,928
7.169041,509,929
7.169062,510,929
7.169407,511,929
7.169605,510,930
7.169608,509,931
7.169667,508,932
7.169685,509,932
7.169730,509,931
7.169782,509,930
7.169795,509,929
7.169940,510,929
7.170020,510,928
7.170041,509,929
7.170061,508,930
7.170300,508,929
7.170345,509,929
7.170413,508,930
7.170682,508,929
7.170746,508,928
7.170798,507,929
7.170889,507,928
7.171095,507,927
7.171172,506,928
7.171215,506,927
7.171216,505,928
7.171334,505,927
7.171388,505,926
7.171655,505,925
7.171736,504,926
7.171906,504,925
7.172007,504,924
7.172084,503,925
7.172138,502,926
7.172296,502,925
7.172423,503,925
7.172553,502,926
7.172627,501,927
7.172756,500,928
7.172759,501,928
7.172904,500,929
7.173042,499,930
7.173508,500,930
7.173560,500,929
7.173679,500,928
7.173896,499,929
7.173984,498,930
7.173989,498,929
7.174046,497,930
7.174079,498,930
7.174302,498,929
7.174661,497,930
7.174844,496,931
7.174872,496,930
7.174900,495,931
7.174978,494,932
7.175037,495,932
7.175175,495,931
7.175180,494,932
7.175196,493,933
7.175347,493,932
7.175363,493,931
7.175381,493,930
7.175457,493,929
7.175635,493,928
7.175670,492,929
7.175800,492,928
7.175827,491,929
7.176216,491,928
7.176300,490,929
7.176327,489,930
7.176567,488,931
7.176570,488,930
7.176592,488,929
7.176631,488,928
7.176659,488,927
7.176663,487,928
7.176711,486,929
7.177107,487,929
7.177112,486,930
7.177349,486,929
7.177369,486,928
7.177469,485,929
7.177474,485,928
7.177600,486,928
7.177675,485,929
7.177696,485,928
7.177868,485,927
7.177910,485,926
7.178008,485,925
7.178024,485,924
7.178129,484,925
7.178329,483,926
7.178336,483,925
7.178541,482,926
7.178542,482,925
7.178629,483,925
7.178655,482,926
7.178694,481,927
7.178868,481,926
7.178950,482,926
7.178980,483,926
7.179024,482,927
7.179025,481,928
7.179051,481,927
7.179195,480,928
7.179206,479,929
7.179267,478,930
7.179496,478,929
7.179533,477,930
7.179586,476,931
7.179601,475,932
7.179674,474,933
7.179693,474,932
7.179698,475,932
7.179915,474,933
7.180172,474,932
7.180428,474,931
7.180537,474,930
7.180632,473,931
7.180731,472,932
7.180894,471,933
7.180966,471,932
7.181012,470,933
7.181300,469,934
7.181434,469,933
7.181458,468,934
7.181562,468,933
7.181563,467,934
7.181569,466,935
7.181661,465,936
7.181669,466,936
7.181687,466,935
7.181696,465,936
7.182108,464,937
7.182215,465,937
7.182264,466,937
7.182383,466,936
7.182438,466,935
7.182455,465,936
7.182456,464,937
7.182793,463,938
7.182804,462,939
7.182914,462,938
7.182939,461,939
7.183005,461,938
7.183120,462,938
7.183331,461,939
7.183362,460,940
7.183380,460,939
7.183428,461,939
7.183552,461,938
7.183565,462,938
7.183619,462,937
7.183672,463,937
7.183681,462,938
7.183938,461,939
7.184028,461,938
7.184130,461,937
7.184133,461,936
7.184263,460,937
7.184429,459,938
7.184486,458,939
7.184750,457,940
7.184868,456,941
7.184969,456,940
7.184976,455,941
7.185002,454,942
7.185017,453,943
7.185042,453,942
7.185258,452,943
7.185545,451,944
7.185569,451,943
7.185597,451,942
7.185615,451,941
7.185720,451,940
7.185802,451,939
7.185811,450,940
7.185896,450,939
7.185982,450,938
7.186157,450,937
7.186224,451,937
7.186750,451,936
7.186836,451,935
7.186889,451,934
7.187106,451,933
7.187234,450,934
7.187470,450,933
7.187492,450,932
7.187532,450,931
7.187714,449,932
7.187781,448,933
7.187988,447,934
7.188048,447,933
7.188080,447,932
7.188133,446,933
7.188287,445,934
7.188309,446,934
7.188373,446,933
7.188418,446,932
7.188507,445,933
7.188516,445,932
7.188751,445,931
7.188861,445,930
7.189062,445,929
7.189110,444,930
7.189140,444,929
7.189189,444,928
7.189268,444,927
7.189335,443,928
7.189394,442,929
7.189465,441,930
7.189550,440,931
7.189606,441,931
7.189627,440,932
7.189673,440,931
7.190009,440,930
7.190024,439,931
7.190150,439,930
7.190179,439,929
7.190193,439,928
7.190329,438,929
7.190570,438,928
7.190572,438,927
7.190609,438,926
7.190794,438,925
7.190815,437,926
7.190944,437,925
7.190966,437,924
7.191110,436,925
7.191136,435,926
7.191333,435,925
7.191537,434,926
7.191593,435,926
7.191794,434,927
7.191915,434,926
7.191986,434,925
7.192083,434,924
7.192186,434,923
7.192216,434,922
7.192276,434,921
7.192327,435,921
7.192499,435,920
7.192594,436,920
7.192728,435,921
7.192752,434,922
7.192814,434,921
7.192846,434,920
7.192861,433,921
7.193014,433,920
7.193055,433,919
7.193126,432,920
7.193133,431,921
7.193137,431,920
7.193218,431,919
7.193346,431,918
7.193365,431,917
7.193369,430,918
7.193461,429,919
7.193636,429,918
7.193656,430,918
7.193799,429,919
7.193856,429,918
7.194015,428,919
7.194043,428,918
7.194130,429,918
7.194181,430,918
7.194409,429,919
7.194417,429,918
7.194444,428,919
7.194490,427,920
7.194734,427,919
7.194877,426,920
7.194887,425,921
7.194920,425,920
7.194921,424,921
7.195048,424,920
7.195149,424,919
7.195339,424,918
7.195384,423,919
7.195406,422,920
7.195425,423,920
7.195502,423,919
7.195526,422,920
7.195636,422,919
7.195826,421,920
7.195971,421,919
7.196121,421,918
7.196284,420,919
7.196315,421,919
7.196363,421,918
7.196448,422,918
7.196480,422,917
7.196529,421,918
7.196577,420,919
7.196593,419,920
7.196602,419,919
7.196638,419,918
7.196648,420,918
7.196652,419,919
7.196654,418,920
7.196670,417,921
7.196672,417,920
7.196797,416,921
7.196828,417,921
7.196908,416,922
7.197065,416,921
7.197100,415,922
7.197233,414,923
7.197279,413,924
7.197291,412,925
7.197387,411,926
7.197425,411,925
7.197516,410,926
7.197528,410,925
7.197541,410,924
7.197577,409,925
7.197601,409,924
7.197654,410,924
7.197973,410,923
7.197994,410,922
7.198043,409,923
7.198109,408,924
7.198195,409,924
7.198371,409,923
7.198380,409,922
7.198387,409,921
7.198393,408,922
7.198450,408,921
7.198478,407,922
7.198525,406,923
7.198557,407,923
7.198579,406,924
7.198616,406,923
7.198629,405,924
7.198736,405,923
7.198751,405,922
7.198950,405,921
7.199004,406,921
7.199030,405,922
7.199043,405,921
7.199242,404,922
7.199410,404,921
7.199524,403,922
7.199710,402,923
7.199789,402,922
7.199899,403,922
7.200026,403,921
7.200048,404,921
7.200048,404,920
7.200164,403,921
7.200165,402,922
7.200398,401,923
7.200415,400,924
7.200560,400,923
7.201033,400,922
7.201347,400,921
7.201653,399,922
7.201733,399,921
7.201773,399,920
7.201935,399,919
7.201940,398,920
7.201972,397,921
7.202007,396,922
7.202029,396,921
7.202036,395,922
7.202038,396,922
7.202148,396,921
7.202270,395,922
7.202471,395,921
7.202698,395,920
7.202748,395,919
7.202850,394,920
7.202890,393,921
7.203002,392,922
7.203117,393,922
7.203137,392,923
7.203255,391,924
7.203271,391,923
7.203476,390,924
7.203626,390,923
7.203684,389,924
7.203718,388,925
7.203729,388,924
7.203745,389,924
7.203965,388,925
7.203991,388,924
7.204104,388,923
7.204289,387,924
7.204392,388,924
7.204394,388,923
7.204557,387,924
7.204713,388,924
7.205079,388,923
7.205112,387,924
7.205153,388,924
7.205214,388,923
7.205314,387,924
7.205876,387,923
7.206020,386,924
7.206156,386,923
7.206195,385,924
7.206241,384,925
7.206251,384,924
7.206404,384,923
7.206681,384,922
7.206713,383,923
7.206781,383,922
7.206821,382,923
7.206872,381,924
7.206873,382,924
7.207008,381,925
7.207114,380,926
7.207259,379,927
7.207295,378,928
7.207303,377,929
7.207348,377,928
7.207485,377,927
7.207871,377,926
7.207899,377,925
7.207913,378,925
7.208251,379,925
7.208317,378,926
7.208544,378,925
7.208604,378,924
7.208607,377,925
7.208636,376,926
7.208770,376,925
7.208876,375,926
7.208887,374,927
7.209278,374,926
7.210147,374,925
7.210420,373,926
7.210491,373,925
7.210571,372,926
7.210709,372,925
7.210794,372,924
7.210868,371,925
7.210904,372,925
7.210997,373,925
7.211070,372,926
7.211174,372,925
7.211225,371,926
7.211371,371,925
7.211494,370,926
7.211653,370,925
7.211658,369,926
7.211670,370,926
7.211747,370,925
7.212047,369,926
7.212128,369,925
7.212304,369,924
7.212438,369,923
7.212778,368,924
7.212819,367,925
7.212943,367,924
7.212968,368,924
7.213160,368,923
7.213510,369,923
7.213669,369,922
7.213744,369,921
7.213745,369,920
7.214059,369,919
7.214410,369,918
7.214458,369,917
7.214796,368,918
7.214883,368,917
7.215224,367,918
7.215249,366,919
7.215459,366,918
7.215660,366,917
7.215662,365,918
7.215790,365,917
7.215863,365,916
7.215907,365,915
7.215977,365,914
7.216291,365,913
7.216346,365,912
7.216392,364,913
7.216700,364,912
7.216722,365,912
7.216763,366,912
7.216854,365,913
7.216892,365,912
7.216985,364,913
7.217076,364,912
7.217089,364,911
7.217180,363,912
7.217202,363,911
7.217214,362,912
7.217348,362,911
7.217494,363,911
7.217515,362,912
7.217651,362,911
7.217663,361,912
7.217704,361,911
7.217872,360,912
7.217874,360,911
7.217949,360,910
7.218222,360,909
7.218281,360,908
7.218556,359,909
7.218560,358,910
7.218681,357,911
7.218892,356,912
7.219136,357,912
7.219356,357,911
7.219410,358,911
7.219448,357,912
7.219591,357,911
7.219661,357,910
7.219662,357,909
7.219697,356,910
7.219771,356,909
7.219813,356,908
7.219930,356,907
7.220010,356,906
7.220033,356,905
7.220211,357,905
7.220275,356,906
7.220591,356,905
7.220924,356,904
7.221022,356,903
7.221107,356,902
7.221304,355,903
7.221564,354,904
7.221645,354,903
7.221757,354,902
7.221825,354,901
7.222009,353,902
7.222239,353,901
7.222263,353,900
7.222470,352,901
7.222554,351,902
7.222590,351,901
7.222817,352,901
7.222963,352,900
7.223174,351,901
7.223394,351,900
7.223424,351,899
7.223531,350,900
7.223571,350,899
7.223758,350,898
7.223844,349,899
7.223987,349,898
7.224316,349,897
7.224503,348,898
7.224696,347,899
7.224765,346,900
7.225093,346,899
7.225169,347,899
7.225176,347,898
7.225196,347,897
7.225229,346,898
7.225653,346,897
7.225664,346,896
7.225671,346,895
7.225712,346,894
7.225755,346,893
7.225849,345,894
7.226024,345,893
7.226148,344,894
7.226254,344,893
7.226274,343,894
7.226302,343,893
7.226307,342,894
7.226538,341,895
7.226607,341,894
7.226623,340,895
7.226737,339,896
7.226815,339,895
7.226913,338,896
7.227054,337,897
7.227100,336,898
7.227226,336,897
7.227390,335,898
7.227394,334,899
7.227438,333,900
7.227545,333,899
7.227625,332,900
7.227717,332,899
7.227837,331,900
7.227867,331,899
7.227946,330,900
7.228188,330,899
7.228300,330,898
7.228404,330,897
7.228404,330,896
7.228494,330,895
7.228639,330,894
7.228709,330,893
7.228846,329,894
7.228860,329,893
7.229056,328,894
7.229189,327,895
7.229330,327,894
7.229415,326,895
7.229476,325,896
7.229540,324,897
7.229678,324,896
7.230041,324,895
7.230200,323,896
7.230217,322,897
7.230439,322,896
7.230542,321,897
7.230609,321,896
7.230659,321,895
7.230775,321,894
7.230987,320,895
7.230997,319,896
7.231275,318,897
7.231435,317,898
7.231447,317,897
7.231499,317,896
7.231500,317,895
7.231693,317,894
7.231799,317,893
7.231854,316,894
7.231864,316,893
7.231951,316,892
7.232269,316,891
7.232414,316,890
7.232444,316,889
7.232448,316,888
7.232586,316,887
7.232657,316,886
7.232705,315,887
7.232874,315,886
7.232900,314,887
7.232922,313,888
7.232947,312,889
7.232948,311,890
7.233234,311,889
7.233492,310,890
7.233588,310,889
7.233628,309,890
7.233859,308,891
7.234092,307,892
7.234100,307,891
7.234146,307,890
7.234164,307,889
7.234221,307,888
7.234221,307,887
7.234247,307,886
7.234299,307,885
7.234422,307,884
7.234491,306,885
7.234516,305,886
7.234519,304,887
7.234546,304,886
7.234648,304,885
7.234794,304,884
7.234867,304,883
7.234878,304,882
7.234978,304,881
7.235006,305,881
7.235225,304,882
7.235281,304,881
7.235299,304,880
7.235664,304,879
7.235668,303,880
7.235904,303,879
7.235964,302,880
7.236328,301,881
7.236521,301,880
7.236536,301,879
7.236586,301,878
7.236651,301,877
7.236725,301,876
7.236866,300,877
7.237140,300,876
7.237175,299,877
7.237289,298,878
7.237932,297,879
7.238160,296,880
7.238279,295,881
7.238290,296,881
7.238296,296,880
7.238362,295,881
7.238443,295,880
7.238820,294,881
7.239201,293,882
7.239241,293,881
7.239359,293,880
7.239400,293,879
7.239467,292,880
7.239563,292,879
7.240044,291,880
7.240244,291,879
7.240377,290,880
7.240593,289,881
7.240594,289,880
7.240621,289,879
7.240734,289,878
7.240926,289,877
7.241056,288,878
7.241432,288,877
7.241583,289,877
7.241706,289,876
7.241785,289,875
7.242402,288,876
7.242550,288,875
7.242709,288,874
7.242732,288,873
7.242783,287,874
7.242982,287,873
7.242984,286,874
7.243000,286,873
7.243099,285,874
7.243235,285,873
7.243273,285,872
7.243295,284,873
7.243303,284,872
7.243503,284,871
7.243750,284,870
7.243818,283,871
7.243891,282,872
7.244245,281,873
7.244269,281,872
7.244433,280,873
7.244678,279,874
7.244799,279,873
7.244821,278,874
7.245276,278,873
7.245498,278,872
7.245573,278,871
7.245764,277,872
7.245802,278,872
7.245831,278,871
7.245948,277,872
7.246219,277,871
7.246563,276,872
7.246594,276,871
7.246675,276,870
7.246685,276,869
7.246813,276,868
7.246861,276,867
7.247130,277,867
7.247155,277,866
7.247363,277,865
7.247388,276,866
7.247546,276,865
7.247875,276,864
7.247983,276,863
7.247990,276,862
7.248052,275,863
7.248069,276,863
7.248392,276,862
7.248521,276,861
7.248627,275,862
7.248805,274,863
7.248952,274,862
7.249054,273,863
7.249347,273,862
7.249739,273,861
7.249747,273,860
7.249756,273,859
7.249808,273,858
7.249954,273,857
7.250012,273,856
7.250096,273,855
7.250164,272,856
7.250421,272,855
7.250450,272,854
7.250492,272,853
7.250498,273,853
7.250577,272,854
7.250647,272,853
7.250702,272,852
7.250742,272,851
7.250819,271,852
7.251259,270,853
7.251308,270,852
7.251329,269,853
7.251468,269,852
7.251546,268,853
7.251607,268,852
7.251710,269,852
7.251769,268,853
7.251896,268,852
7.251955,268,851
7.252131,268,850
7.252321,268,849
7.252368,267,850
7.252515,267,849
7.252710,267,848
7.252999,267,847
7.253287,266,848
7.253512,265,849
7.253659,266,849
7.253693,266,848
7.253786,266,847
7.253851,265,848
7.253901,265,847
7.253910,265,846
7.253991,264,847
7.254234,264,846
7.254234,263,847
7.254457,262,848
7.254509,262,847
7.254751,261,848
7.255100,260,849
7.255194,261,849
7.255321,260,850
7.255496,259,851
7.255584,259,850
7.255605,259,849
7.255642,258,850
7.256046,257,851
7.256104,257,850
7.256198,257,849
7.256250,257,848
7.256254,257,847
7.256512,256,848
7.256606,256,847
7.256668,257,847
7.256708,257,846
7.256860,257,845
7.256884,256,846
7.256924,256,845
7.257053,256,844
7.257141,256,843
7.257163,256,842
7.257470,256,841
7.257648,256,840
7.257714,255,841
7.257775,255,840
7.257953,255,839
7.257980,254,840
7.258104,253,841
7.258183,253,840
7.258297,254,840
7.258494,255,840
7.258686,254,841
7.258798,254,840
7.258848,254,839
7.259000,254,838
7.259088,254,837
7.259108,253,838
7.259280,252,839
7.259355,252,838
7.259805,252,837
7.259859,252,836
7.259862,251,837
7.259890,250,838
7.259896,250,837
7.260132,250,836
7.260211,249,837
7.260317,249,836
7.260364,249,835
7.260756,249,834
7.260777,249,833
7.261180,249,832
7.261301,248,833
7.262243,248,832
7.262304,248,831
7.262437,248,830
7.262497,247,831
7.262511,247,830
7.262608,247,829
7.262631,247,828
7.262820,247,827
7.262889,246,828
7.262990,245,829
7.263234,245,828
7.263346,245,827
7.263353,244,828
7.263464,243,829
7.263761,243,828
7.263799,242,829
7.263803,242,828
7.263845,243,828
7.263868,243,827
7.263961,243,826
7.264079,242,827
7.264109,242,826
7.264189,243,826
7.264269,242,827
7.264286,242,826
7.264336,242,825
7.264338,242,824
7.264388,241,825
7.264425,241,824
7.264630,241,823
7.264770,241,822
7.264888,241,821
7.264979,241,820
7.264983,241,819
7.265038,241,818
7.265042,240,819
7.265176,239,820
7.265488,240,820
7.265611,240,819
7.265825,239,820
7.266016,239,819
7.266073,239,818
7.266159,238,819
7.266366,238,818
7.266456,238,817
7.266488,238,816
7.266881,238,815
7.266911,238,814
7.266950,237,815
7.266991,237,814
7.267064,237,813
7.267177,236,814
7.267503,236,813
7.267588,236,812
7.267689,235,813
7.267968,234,814
7.267976,234,813
7.268061,233,814
7.268071,233,813
7.268119,233,812
7.268125,233,811
7.268152,233,810
7.268217,233,809
7.268268,232,810
7.268393,232,809
7.268612,232,808
7.268902,231,809
7.269446,231,808
7.269701,231,807
7.269718,231,806
7.269806,231,805
7.269946,231,804
7.270051,231,803
7.270112,230,804
7.270168,230,803
7.270211,230,802
7.270264,230,801
7.270364,230,800
7.270695,230,799
7.270739,230,798
7.270835,229,799
7.271019,228,800
7.271069,228,799
7.271098,227,800
7.271555,227,799
7.271660,227,798
7.271853,227,797
7.271995,227,796
7.272153,226,797
7.272230,226,796
7.272355,226,795
7.272473,225,796
7.272495,225,795
7.273240,225,794
7.273289,225,793
7.273449,224,794
7.273557,223,795
7.273567,224,795
7.273916,223,796
7.274111,222,797
7.274184,222,796
7.274231,222,795
7.274380,221,796
7.274771,221,795
7.275085,220,796
7.275112,221,796
7.275136,221,795
7.275313,220,796
7.275384,219,797
7.275541,219,796
7.275563,219,795
7.275856,219,794
7.275998,219,793
7.276053,219,792
7.276531,219,791
7.276535,218,792
7.276603,217,793
7.276603,216,794
7.276636,217,794
7.276882,217,793
7.277318,217,792
7.277359,218,792
7.277637,218,791
7.277774,218,790
7.278147,218,789
7.278594,218,788
7.278944,218,787
7.279177,217,788
7.279193,216,789
7.279385,216,788
7.279764,215,789
7.279778,215,788
7.279879,215,787
7.279904,215,786
7.279999,214,787
7.280335,213,788
7.280464,213,787
7.280474,213,786
7.280485,212,787
7.280978,212,786
7.281098,212,785
7.281495,212,784
7.281498,212,783
7.281515,212,782
7.281591,212,781
7.281691,212,780
7.281817,212,779
7.281833,212,778
7.281924,212,777
7.281927,212,776
7.282102,212,775
7.282374,212,774
7.282687,211,775
7.282866,211,774
7.282876,212,774
7.283102,212,773
7.283207,213,773
7.283414,213,772
7.284114,213,771
7.284189,214,771
7.284611,214,770
7.284723,214,769
7.284760,214,768
7.284788,214,767
7.284996,214,766
7.285070,214,765
7.285156,215,765
7.285165,215,764
7.285265,215,763
7.285656,215,762
7.285782,215,761
7.285863,216,761
7.285911,216,760
7.286155,215,761
7.286251,215,760
7.286580,215,759
7.286678,215,758
7.287056,215,757
7.287577,215,756
7.287777,214,757
7.287805,214,756
7.288179,214,755
7.288309,215,755
7.288482,215,754
7.288647,216,754
7.288688,216,753
7.289349,216,752
7.289909,216,751
7.290114,216,750
7.290447,215,751
7.290737,215,750
7.290793,215,749
7.290973,215,748
7.291080,215,747
7.291117,215,746
7.291198,214,747
7.291222,215,747
7.291329,215,746
7.291369,216,746
7.291546,216,745
7.291749,217,745
7.291789,217,744
7.291811,217,743
7.291842,217,742
7.292217,217,741
7.292476,217,740
7.292961,218,740
7.293101,218,739
7.293380,219,739
7.293637,219,738
7.293743,219,737
7.293755,219,736
7.293888,219,735
7.293979,218,736
7.293982,218,735
7.293985,218,734
7.294067,218,733
7.294101,218,732
7.294112,218,731
7.294414,217,732
7.294609,217,731
7.294696,218,731
7.294774,217,732
7.295205,216,733
7.295228,215,734
7.295344,215,733
7.295714,216,733
7.295784,216,732
7.295784,216,731
7.295828,215,732
7.295846,215,731
7.296176,215,730
7.296315,214,731
7.296388,215,731
7.296474,215,730
7.296543,214,731
7.296697,213,732
7.296800,212,733
7.296904,212,732
7.297348,212,731
7.297442,211,732
7.297572,211,731
7.297592,210,732
7.297744,210,731
7.297834,209,732
7.297933,210,732
7.297951,210,731
7.298025,211,731
7.298036,211,730
7.298064,211,729
7.298481,210,730
7.298508,209,731
7.298563,209,730
7.298655,209,729
7.298669,210,729
7.298680,210,728
7.298867,210,727
7.298883,210,726
7.298968,210,725
7.299535,210,724
7.299622,210,723
7.299937,209,724
7.299945,209,723
7.299964,209,722
7.300066,208,723
7.300338,207,724
7.300483,206,725
7.301631,206,724
7.301722,206,723
7.301802,206,722
7.302962,206,721
7.303071,206,720
7.303160,206,719
7.303518,206,718
7.303670,206,717
7.303904,206,716
7.304082,207,716
7.304107,207,715
7.304443,207,714
7.304665,208,714
7.304711,207,715
7.304758,206,716
7.304921,206,715
7.304983,206,714
7.304994,207,714
7.305027,207,713
7.305073,207,712
7.305125,207,711
7.305375,206,712
7.305390,206,711
7.305418,205,712
7.305429,205,711
7.305523,204,712
7.305624,204,711
7.305768,204,710
7.305902,203,711
7.306332,203,710
7.306355,203,709
7.306414,204,709
7.306601,203,710
7.306610,203,709
7.306946,203,708
7.307016,203,707
7.307642,204,707
7.307844,204,706
7.308078,204,705
7.308094,203,706
7.308096,202,707
7.309367,202,706
7.309487,202,705
7.309715,202,704
7.310005,202,703
7.310034,202,702
7.310270,202,701
7.310502,202,700
7.310521,202,699
7.310575,202,698
7.310865,202,697
7.311035,202,696
7.311128,203,696
7.311357,203,695
7.311741,203,694
7.311771,203,693
7.311884,203,692
7.311938,203,691
7.311985,203,690
7.312028,203,689
7.312067,202,690
7.312098,202,689
7.312137,202,688
7.312164,201,689
7.312424,201,688
7.312605,201,687
7.312824,201,686
7.312928,200,687
7.312972,200,686
7.313038,201,686
7.313193,201,685
7.313306,201,684
7.313357,201,683
7.313419,201,682
7.313574,201,681
7.313583,201,680
7.313928,202,680
7.314639,203,680
7.314687,203,679
7.314859,203,678
7.315072,204,678
7.315217,204,677
7.315481,205,677
7.315497,204,678
7.315608,205,678
7.315925,205,677
7.315979,204,678
7.316061,204,677
7.316236,204,676
7.316292,205,676
7.316295,205,675
7.316311,205,674
7.316509,205,673
7.316539,205,672
7.316677,205,671
7.316851,206,671
7.317479,206,670
7.317514,206,669
7.318062,206,668
7.318130,206,667
7.318277,206,666
7.318621,206,665
7.318741,206,664
7.318831,206,663
7.319147,206,662
7.319192,206,661
7.319373,207,661
7.319483,207,660
7.319527,207,659
7.319528,207,658
7.319563,207,657
7.320104,207,656
7.320492,206,657
7.320503,206,656
7.320661,206,655
7.320819,206,654
7.321119,205,655
7.321396,204,656
7.321478,204,655
7.321507,205,655
7.321545,205,654
7.322394,206,654
7.322429,206,653
7.322459,205,654
7.322657,205,653
7.322675,204,654
7.323090,203,655
7.323491,203,654
7.323610,203,653
7.323641,202,654
7.323644,203,654
7.324003,202,655
7.324135,201,656
7.324185,201,655
7.324253,201,654
7.324639,201,653
7.324771,201,652
7.325000,201,651
7.325029,200,652
7.325121,199,653
7.325302,198,654
7.325388,198,653
7.325415,198,652
7.325868,198,651
7.325960,197,652
7.326090,198,652
7.326422,198,651
7.326547,199,651
7.327004,199,650
7.327707,199,649
7.327733,200,649
7.327809,200,648
7.327874,199,649
7.328078,200,649
7.328184,200,648
7.328204,199,649
7.328550,198,650
7.328584,199,650
7.328585,198,651
7.328612,197,652
7.328949,197,651
7.329130,198,651
7.329223,199,651
7.329241,199,650
7.329241,199,649
7.329363,199,648
7.329374,198,649
7.329434,197,650
7.329770,198,650
7.329886,198,649
7.329934,198,648
7.330004,198,647
7.330065,199,647
7.330167,199,646
7.330215,200,646
7.330310,200,645
7.330478,199,646
7.330564,199,645
7.330667,199,644
7.331043,199,643
7.331511,198,644
7.332145,199,644
7.332365,199,643
7.332399,198,644
7.332619,198,643
7.332670,197,644
7.332712,197,643
7.332925,197,642
7.332963,197,641
7.333257,196,642
7.333397,196,641
7.333627,196,640
7.334109,195,641
7.334323,195,640
7.334974,195,639
7.335643,195,638
7.335803,195,637
7.336139,195,636
7.336367,195,635
7.336431,194,636
7.336465,193,637
7.336518,192,638
7.337111,191,639
7.337138,190,640
7.337188,190,639
7.337225,190,638
7.337372,190,637
7.337443,189,638
7.337449,189,637
7.337460,188,638
7.337497,187,639
7.338196,187,638
7.338200,187,637
7.338644,187,636
7.338675,188,636
7.338719,189,636
7.338833,189,635
7.338889,189,634
7.338966,190,634
7.338969,190,633
7.339118,190,632
7.339584,190,631
7.339688,190,630
7.339690,190,629
7.339701,190,628
7.339905,190,627
7.340069,190,626
7.340250,190,625
7.340295,191,625
7.340924,191,624
7.341047,191,623
7.341437,190,624
7.341606,190,623
7.341821,190,622
7.342019,191,622
7.342086,191,621
7.342219,190,622
7.342805,190,621
7.342871,190,620
7.343346,190,619
7.343371,190,618
7.343633,189,619
7.344145,189,618
7.344353,189,617
7.344441,189,616
7.344457,189,615
7.344493,188,616
7.344569,189,616
7.344588,189,615
7.344711,189,614
7.344780,189,613
7.345685,189,612
7.345875,189,611
7.346519,190,611
7.346551,190,610
7.347973,190,609
7.348060,190,608
7.348207,191,608
7.348641,191,607
7.348818,190,608
7.348841,189,609
7.348951,190,609
7.348986,190,608
7.349100,190,607
7.349193,191,607
7.349295,191,606
7.349331,191,605
7.349369,190,606
7.349429,190,605
7.349676,189,606
7.349965,189,605
7.350277,188,606
7.350285,188,605
7.350433,189,605
7.350480,189,604
7.350696,188,605
7.350746,187,606
7.350990,187,605
7.351325,187,604
7.351566,187,603
7.351586,187,602
7.352089,187,601
7.352258,187,600
7.352279,187,599
7.352445,187,598
7.352544,186,599
7.353232,186,598
7.353379,187,598
7.353408,187,597
7.353453,186,598
7.353848,186,597
7.353884,186,596
7.354138,186,595
7.354153,186,594
7.354180,186,593
7.354497,186,592
7.354750,186,591
7.354834,186,590
7.354868,185,591
7.355016,184,592
7.355374,183,593
7.355473,182,594
7.355852,183,594
7.356146,183,593
7.356468,183,592
7.357526,183,591
7.358072,183,590
7.358150,183,589
7.358161,183,588
7.358280,183,587
7.359213,183,586
7.359233,182,587
7.359385,183,587
7.360008,182,588
7.360351,181,589
7.360563,180,590
7.360696,180,589
7.360792,180,588
7.360905,179,589
7.361295,178,590
7.361529,178,589
7.361902,178,588
7.362574,178,587
7.362966,177,588
7.363015,177,587
7.363058,177,586
7.363313,177,585
7.363401,177,584
7.363754,177,583
7.363953,178,583
7.363965,177,584
7.364388,177,583
7.364609,176,584
7.364815,176,583
7.364944,176,582
7.366269,175,583
7.366491,174,584
7.366549,174,583
7.367265,174,582
7.367324,173,583
7.367739,172,584
7.367780,172,583
7.368035,172,582
7.368137,171,583
7.368378,170,584
7.368634,170,583
7.368751,170,582
7.368930,170,581
7.368992,170,580
7.369020,170,579
7.369339,169,580
7.369694,168,581
7.370140,168,580
7.370171,168,579
7.370324,167,580
7.370523,167,579
7.370693,167,578
7.370854,167,577
7.371640,166,578
7.371689,166,577
7.371868,166,576
7.372947,166,575
7.372974,166,574
7.373199,166,573
7.373287,167,573
7.373758,168,573
7.373955,168,572
7.374006,167,573
7.374053,167,572
7.374474,167,571
7.374499,167,570
7.374626,167,569
7.374814,168,569
7.374853,169,569
7.375457,168,570
7.375792,167,571
7.376253,166,572
7.376287,166,571
7.376441,166,570
7.376491,166,569
7.376612,166,568
7.376616,165,569
7.376659,165,568
7.376773,164,569
7.377266,164,568
7.377498,163,569
7.377797,164,569
7.377800,164,568
7.378021,164,567
7.378071,163,568
7.378210,163,567
7.378287,163,566
7.378340,163,565
7.378390,163,564
7.378435,163,563
7.378533,163,562
7.378833,164,562
7.378844,163,563
7.379390,163,562
7.379667,163,561
7.379946,163,560
7.380188,163,559
7.380604,163,558
7.380753,163,557
7.381068,163,556
7.381290,163,555
7.381740,162,556
7.381759,162,555
7.381853,162,554
7.381890,162,553
7.381952,161,554
7.382714,161,553
7.382793,161,552
7.383225,160,553
7.383707,160,552
7.383784,160,551
7.383856,159,552
7.384094,159,551
7.384975,159,550
7.385034,160,550
7.385309,160,549
7.385522,161,549
7.386972,161,548
7.387772,161,547
7.387788,161,546
7.387825,160,547
7.388392,160,546
7.388582,160,545
7.388706,160,544
7.388727,161,544
7.389203,161,543
7.389254,161,542
7.389461,161,541
7.389536,160,542
7.389805,160,541
7.389956,160,540
7.390506,159,541
7.390912,160,541
7.391228,160,540
7.391290,159,541
7.391452,158,542
7.391824,157,543
7.391880,157,542
7.392013,157,541
7.392348,157,540
7.392362,157,539
7.392453,158,539
7.392532,158,538
7.393212,157,539
7.393679,157,538
7.393761,157,537
7.393895,157,536
7.394397,157,535
7.394425,157,534
7.394510,157,533
7.394566,157,532
7.394748,158,532
7.394891,158,531
7.394992,158,530
7.395171,158,529
7.395457,158,528
7.395921,159,528
7.396345,160,528
7.396511,160,527
7.396569,160,526
7.396666,160,525
7.397897,159,526
7.397929,159,525
7.398095,158,526
7.398185,157,527
7.398317,157,526
7.398405,157,525
7.398456,157,524
7.398675,156,525
7.398922,156,524
7.399156,155,525
7.399268,155,524
7.399477,155,523
7.399504,155,522
7.399533,155,521
7.399545,155,520
7.399596,155,519
7.399936,154,520
7.399973,154,519
7.400454,154,518
7.400771,153,519
7.400837,153,518
7.400864,153,517
7.401315,154,517
7.401696,154,516
7.401832,155,516
7.402284,156,516
7.402335,156,515
7.402890,155,516
7.403038,155,515
7.403177,154,516
7.403374,155,516
7.403470,154,517
7.403533,154,516
7.403557,155,516
7.404093,155,515
7.404798,155,514
7.405346,155,513
7.405459,156,513
7.405887,155,514
7.406102,155,513
7.406311,156,513
7.406397,156,512
7.406417,156,511
7.406486,155,512
7.406551,155,511
7.406627,155,510
7.406764,155,509
7.407001,154,510
7.407430,155,510
7.407776,155,509
7.408703,155,508
7.409396,155,507
7.409635,155,506
7.409984,154,507
7.410360,154,506
7.410484,154,505
7.410588,154,504
7.410624,154,503
7.410815,154,502
7.410879,155,502
7.410996,155,501
7.411279,155,500
7.412031,156,500
7.412171,156,499
7.412457,156,498
7.412480,156,497
7.412556,156,496
7.412594,156,495
7.412728,156,494
7.413192,156,493
7.413376,156,492
7.413725,155,493
7.413875,155,492
7.414176,155,491
7.414261,155,490
7.414539,155,489
7.414692,155,488
7.414770,156,488
7.415577,157,488
7.415694,156,489
7.415847,156,488
7.415908,156,487
7.416310,156,486
7.416334,156,485
7.416495,156,484
7.416757,156,483
7.416933,156,482
7.417078,156,481
7.417222,156,480
7.418264,156,479
7.418465,156,478
7.418690,156,477
7.418830,156,476
7.418926,156,475
7.419179,156,474
7.419288,157,474
7.419394,158,474
7.419751,159,474
7.419945,158,475
7.420852,158,474
7.420987,158,473
7.421051,158,472
7.421199,159,472
7.421520,159,471
7.421919,160,471
7.421934,160,470
7.421991,160,469
7.422347,161,469
7.422720,161,468
7.422813,161,467
7.422877,161,466
7.422920,162,466
7.422968,162,465
7.422993,162,464
7.423069,162,463
7.423139,162,462
7.423409,163,462
7.423436,163,461
7.423486,163,460
7.423728,163,459
7.423751,163,458
7.424008,163,457
7.424343,163,456
7.424530,163,455
7.424535,163,454
7.424732,164,454
7.425069,164,453
7.425073,164,452
7.425133,165,452
7.425423,165,451
7.425570,166,451
7.425717,165,452
7.425800,165,451
7.425977,165,450
7.426106,165,449
7.426210,165,448
7.426232,164,449
7.426336,165,449
7.426348,164,450
7.426526,164,449
7.426852,164,448
7.427569,164,447
7.427590,164,446
7.427826,164,445
7.427934,164,444
7.428766,164,443
7.428969,164,442
7.429213,165,442
7.429420,165,441
7.429727,165,440
7.430068,164,441
7.430196,164,440
7.430239,164,439
7.430366,163,440
7.430715,162,441
7.430959,163,441
7.430999,163,440
7.431317,162,441
7.431387,162,440
7.432178,163,440
7.432319,162,441
7.432479,161,442
7.432547,162,442
7.432972,162,441
7.433111,163,441
7.433183,163,440
7.433203,163,439
7.433232,164,439
7.433701,164,438
7.433719,165,438
7.434415,165,437
7.434564,166,437
7.434969,165,438
7.435142,166,438
7.435223,167,438
7.435309,167,437
7.435470,167,436
7.435809,166,437
7.436164,166,436
7.437256,165,437
7.438164,165,436
7.438260,164,437
7.438773,163,438
7.438881,163,437
7.439614,164,437
7.439671,164,436
7.439988,165,436
7.440075,164,437
7.440535,164,436
7.441265,164,435
7.442133,164,434
7.442543,165,434
7.443023,165,433
7.443209,165,432
7.443392,165,431
7.443489,165,430
7.443665,165,429
7.443677,165,428
7.444463,165,427
7.444648,165,426
7.445461,165,425
7.445823,164,426
7.446040,165,426
7.446610,165,425
7.447282,165,424
7.447931,164,425
7.448361,165,425
7.448482,165,424
7.448605,165,423
7.448649,165,422
7.448863,165,421
7.448910,164,422
7.449219,164,421
7.449277,164,420
7.449560,164,419
7.449666,164,418
7.450385,164,417
7.450390,164,416
7.450494,165,416
7.450496,165,415
7.450551,164,416
7.450649,164,415
7.450702,165,415
7.450741,164,416
7.450981,164,415
7.451418,164,414
7.451549,165,414
7.451724,165,413
7.452186,165,412
7.452306,165,411
7.452638,166,411
7.453093,166,410
7.453455,166,409
7.453608,165,410
7.454403,165,409
7.454411,166,409
7.454771,166,408
7.454846,167,408
7.455501,167,407
7.455753,166,408
7.456341,166,407
7.456415,167,407
7.456767,167,406
7.456972,167,405
7.457002,167,404
7.457700,166,405
7.458634,166,404
7.458925,167,404
7.459015,168,404
7.459346,168,403
7.459658,168,402
7.460257,168,401
7.460314,169,401
7.460371,170,401
7.460614,170,400
7.462649,169,401
7.462753,169,400
7.463163,169,399
7.463440,168,400
7.463447,168,399
7.463581,168,398
7.463596,168,397
7.463705,168,396
7.463807,168,395
7.464136,168,394
7.464175,168,393
7.464632,168,392
7.465746,168,391
7.465882,168,390
7.466292,169,390
7.466363,170,390
7.466378,170,389
7.466399,170,388
7.466422,169,389
7.466662,170,389
7.467008,171,389
7.467286,171,388
7.467330,171,387
7.467342,171,386
7.467632,171,385
7.468149,171,384
7.468920,171,383
7.469014,171,382
7.470091,171,381
7.470331,170,382
7.470398,170,381
7.470535,170,380
7.470676,171,380
7.471295,171,379
7.473032,171,378
7.473083,170,379
7.474076,171,379
7.474158,171,378
7.474315,171,377
7.474571,171,376
7.475037,171,375
7.476119,171,374
7.476967,171,373
7.477381,171,372
7.477741,172,372
7.477741,171,373
7.477814,171,372
7.478340,171,371
7.478514,170,372
7.478687,170,371
7.478857,171,371
7.478924,171,370
7.479583,171,369
7.479733,171,368
7.479751,170,369
7.480052,170,368
7.480102,169,369
7.480536,169,368
7.480963,169,367
7.480991,169,366
7.481030,169,365
7.481037,169,364
7.481115,169,363
7.481212,170,363
7.481510,169,364
7.481516,168,365
7.482926,168,364
7.482984,168,363
7.483036,168,362
7.483249,168,361
7.483379,169,361
7.483511,169,360
7.484326,169,359
7.484526,168,360
7.484563,167,361
7.484850,168,361
7.484976,169,361
7.485261,169,360
7.485307,169,359
7.486311,169,358
7.486325,168,359
7.486405,168,358
7.486500,168,357
7.486753,169,357
7.486784,169,356
7.487050,169,355
7.487283,169,354
7.487371,170,354
7.488261,170,353
7.488678,170,352
7.489308,170,351
7.489417,170,350
7.489741,170,349
7.490313,169,350
7.490697,170,350
7.491003,169,351
7.491079,169,350
7.491197,169,349
7.492049,169,348
7.492403,170,348
7.492519,170,347
7.492954,170,346
7.493225,170,345
7.494800,170,344
7.495084,170,343
7.495086,169,344
7.495111,170,344
7.495189,170,343
7.496001,170,342
7.496206,170,341
7.496256,170,340
7.496324,171,340
7.496386,171,339
7.496741,172,339
7.497587,172,338
7.499408,171,339
7.499533,171,338
7.499584,171,337
7.499900,170,338
7.500130,170,337
7.501711,170,336
7.501789,171,336
7.501984,172,336
7.502435,173,336
7.502786,172,337
7.502862,172,336
7.503036,172,335
7.503354,171,336
7.503796,171,335
7.503816,172,335
7.504133,171,336
7.505244,171,335
7.505697,171,334
7.505815,171,333
7.507329,171,332
7.507529,171,331
7.507851,170,332
7.508150,170,331
7.508578,170,330
7.508733,171,330
7.509002,171,329
7.510091,171,328
7.510362,170,329
7.510606,170,328
7.510911,169,329
7.511623,168,330
7.511780,168,329
7.512030,169,329
7.512107,169,328
7.513751,169,327
7.514122,168,328
7.514293,168,327
7.514294,168,326
7.514792,168,325
7.514924,167,326
7.515384,167,325
7.515435,168,325
7.516018,168,324
7.516201,167,325
7.517160,167,324
7.517597,166,325
7.517896,166,324
7.517898,165,325
7.517988,165,324
7.518091,165,323
7.518659,165,322
7.518664,165,321
7.519383,165,320
7.519540,164,321
7.519624,163,322
7.520380,163,321
7.521691,164,321
7.523192,164,320
7.524443,164,319
7.525200,164,318
7.525321,165,318
7.525823,165,317
7.526044,165,316
7.526162,164,317
7.526815,165,317
7.526895,165,316
7.526971,166,316
7.527031,166,315
7.527163,166,314
7.528110,167,314
7.529207,167,313
7.529322,166,314
7.529371,165,315
7.529413,165,314
7.530073,165,313
7.530233,164,314
7.530493,164,313
7.530750,164,312
7.531229,163,313
7.531248,163,312
7.531605,163,311
7.532291,163,310
7.532660,162,311
7.533055,162,310
7.533151,162,309
7.533374,163,309
7.534459,164,309
7.535004,165,309
7.535026,165,308
7.535096,164,309
7.535357,164,308
7.535558,165,308
7.536087,165,307
7.536285,165,306
7.537237,166,306
7.537356,166,305
7.537913,166,304
7.538723,167,304
7.539264,166,305
7.540109,166,304
7.540281,166,303
7.541301,167,303
7.541832,167,302
7.542061,167,301
7.542095,166,302
7.542358,167,302
7.542461,167,301
7.542665,167,300
7.542909,167,299
7.543004,167,298
7.543006,166,299
7.543156,166,298
7.543903,166,297
7.544632,165,298
7.544810,166,298
7.544858,167,298
7.545071,168,298
7.545211,168,297
7.547109,168,296
7.547360,168,295
7.548323,168,294
7.548482,169,294
7.548571,170,294
7.548788,171,294
7.548930,172,294
7.549035,172,293
7.549400,172,292
7.550163,173,292
7.550237,173,291
7.550422,174,291
7.550429,174,290
7.550637,174,289
7.550764,174,288
7.551225,174,287
7.551413,173,288
7.551728,174,288
7.552186,175,288
7.553554,175,287
7.554481,175,286
7.554713,174,287
7.555012,174,286
7.555829,173,287
7.555830,173,286
7.555942,173,285
7.556314,173,284
7.556456,173,283
7.556677,173,282
7.557091,174,282
7.557418,174,281
7.557771,173,282
7.557852,173,281
7.557958,173,280
7.559863,173,279
7.559989,173,278
7.560031,173,277
7.560080,172,278
7.560279,172,277
7.560693,172,276
7.561719,173,276
7.562289,173,275
7.562602,173,274
7.562870,174,274
7.562963,174,273
7.563658,174,272
7.563664,175,272
7.563813,175,271
7.564628,176,271
7.564885,176,270
7.565141,177,270
7.565445,177,269
7.565862,177,268
7.566025,177,267
7.566385,177,266
7.567038,177,265
7.567089,177,264
7.567180,178,264
7.567992,178,263
7.568059,178,262
7.568227,177,263
7.568665,176,264
7.568907,175,265
7.569069,176,265
7.569406,176,264
7.569417,176,263
7.570540,176,262
7.570540,177,262
7.571923,176,263
7.572046,177,263
7.572937,177,262
7.574408,177,261
7.574414,177,260
7.574447,177,259
7.574720,177,258
7.575460,177,257
7.575718,177,256
7.576411,176,257
7.576467,176,256
7.576586,176,255
7.576794,176,254
7.577324,176,253
7.577661,176,252
7.578190,176,251
7.578713,176,250
7.578928,176,249
7.579114,177,249
7.580329,176,250
7.580418,176,249
7.580728,176,248
7.580856,175,249
7.581288,175,248
7.582000,175,247
7.583011,174,248
7.584196,175,248
7.584464,175,247
7.584565,175,246
7.584586,176,246
7.584594,176,245
7.584780,176,244
7.584898,176,243
7.585277,175,244
7.585353,176,244
7.585606,175,245
7.585792,174,246
7.586938,174,245
7.586982,173,246
7.587156,173,245
7.588801,173,244
7.589015,173,243
7.589812,173,242
7.590053,173,241
7.590764,172,242
7.590884,172,241
7.590887,173,241
7.591055,172,242
7.591421,173,242
7.591893,174,242
7.591988,173,243
7.592286,173,242
7.592683,173,241
7.594555,172,242
7.594690,172,241
7.595585,173,241
7.595650,173,240
7.595770,173,239
7.595789,173,238
7.597660,172,239
7.597912,171,240
7.598240,172,240
7.599019,172,239
7.599507,173,239
7.600467,174,239
7.601052,175,239
7.601534,175,238
7.603089,176,238
7.603098,176,237
7.603318,177,237
7.603356,177,236
7.603478,176,237
7.604131,176,236
7.604917,175,237
7.605194,174,238
7.605361,174,237
7.605877,175,237
7.605911,175,236
7.606108,176,236
7.606139,176,235
7.606421,176,234
7.606559,175,235
7.606813,175,234
7.607243,174,235
7.607686,173,236
7.608597,174,236
7.608950,174,235
7.609477,173,236
7.609630,173,235
7.610673,172,236
7.611183,172,235
7.611291,172,234
7.611790,172,233
7.612123,172,232
7.613275,172,231
7.613308,172,230
7.613784,171,231
7.614907,172,231
7.614951,172,230
7.615307,172,229
7.615735,172,228
7.616190,173,228
7.616204,173,227
7.616219,173,226
7.616449,173,225
7.618148,173,224
7.618278,174,224
7.618493,175,224
7.618564,174,225
7.619463,174,224
7.619582,173,225
7.620197,172,226
7.621763,172,225
7.622463,173,225
7.622526,173,224
7.623474,173,223
7.625390,173,222
7.626948,174,222
7.627341,173,223
7.627364,173,222
7.627367,173,221
7.628600,172,222
7.628732,171,223
7.629179,171,222
7.630034,172,222
7.630386,172,221
7.630633,172,220
7.630668,172,219
7.630797,172,218
7.630924,173,218
7.631177,172,219
7.632331,172,218
7.632714,172,217
7.633201,172,216
7.633968,173,216
7.636233,173,215
7.637453,173,214
7.637500,173,213
7.637508,173,212
7.637527,172,213
7.638309,173,213
7.638920,173,212
7.639203,173,211
7.640206,172,212
7.641168,173,212
7.641195,173,211
7.641584,173,210
7.641764,174,210
7.642412,174,209
7.642416,173,210
7.642556,174,210
7.646390,174,209
7.646616,174,208
7.647710,174,207
7.648931,175,207
7.648994,176,207
7.649443,177,207
7.650112,178,207
7.650380,178,206
7.650681,179,206
7.651748,178,207
7.651817,178,206
7.652919,178,205
7.652954,179,205
7.653059,179,204
7.653279,179,203
7.654143,180,203
7.654333,180,202
7.654388,181,202
7.654612,180,203
7.655523,181,203
7.655821,181,202
7.657550,181,201
7.657715,180,202
7.658043,181,202
7.658189,180,203
7.659124,180,202
7.659738,179,203
7.659843,179,202
7.659849,179,201
7.659857,179,200
7.660041,179,199
7.660222,180,199
7.664043,180,198
7.664396,180,197
7.664582,180,196
7.665059,179,197
7.665369,179,196
7.665490,179,195
7.665742,179,194
7.665847,180,194
7.666687,181,194
7.667606,181,193
7.667926,181,192
7.667943,181,191
7.668053,180,192
7.668783,180,191
7.669828,180,190
7.670110,180,189
7.670698,180,188
7.671146,180,187
7.672224,180,186
7.672551,179,187
7.675417,178,188
7.675951,177,189
7.676557,177,188
7.676563,177,187
7.677561,176,188
7.678007,177,188
7.678131,177,187
7.679058,176,188
7.679440,176,187
7.680365,176,186
7.680583,175,187
7.681023,175,186
7.681304,176,186
7.682449,176,185
7.682540,175,186
7.682820,174,187
7.683940,174,186
7.684227,174,185
7.684743,174,184
7.684925,174,183
7.685152,174,182
7.685216,174,181
7.685463,175,181
7.686196,175,180
7.687317,176,180
7.689242,177,180
7.689359,177,179
7.689999,177,178
7.691180,177,177
7.691621,178,177
7.692108,179,177
7.692308,178,178
7.692332,178,177
7.697005,178,176
7.697644,179,176
7.698601,178,177
7.698644,178,176
7.699243,179,176
7.699839,179,175
7.700616,178,176
7.700844,178,175
7.701720,178,174
7.702169,179,174
7.702466,178,175
7.702888,179,175
7.706199,178,176
7.706876,178,175
7.707056,177,176
7.708007,176,177
7.708056,176,176
7.708694,176,175
7.708788,176,174
7.708793,177,174
7.710112,177,173
7.710236,178,173
7.710358,177,174
7.712322,178,174
7.712326,178,173
7.713580,179,173
7.713908,179,172
7.714010,179,171
7.714042,180,171
7.714529,181,171
7.716266,182,171
7.717308,182,170
7.718711,182,169
7.719247,181,170
7.719529,180,171
7.720020,180,170
7.720708,180,169
7.721149,180,168
7.721612,180,167
7.724979,180,166
7.725266,181,166
7.725522,181,165
7.725629,181,164
7.725813,181,163
7.728269,181,162
7.728281,181,161
7.728380,181,160
7.730192,182,160
7.730343,182,159
7.730452,182,158
7.730838,182,157
7.731441,182,156
7.731578,181,157
7.731745,181,156
7.733675,182,156
7.734595,182,155
7.734861,182,154
7.735815,182,153
7.735861,183,153
7.736448,183,152
7.737250,183,151
7.737374,183,150
7.737542,183,149
7.737953,182,150
7.740343,182,149
7.740848,182,148
7.741388,181,149
7.741639,182,149
7.741712,182,148
7.742836,183,148
7.743234,183,147
7.743540,182,148
7.743876,182,147
7.744000,183,147
7.744020,182,148
7.744357,182,147
7.744517,182,146
7.745073,182,145
7.745588,183,145
7.746095,182,146
7.746343,182,145
7.746513,183,145
7.749224,183,144
7.749513,184,144
7.749648,183,145
7.749742,182,146
7.749964,183,146
7.750026,184,146
7.750749,185,146
7.753085,185,145
7.755704,186,145
7.755749,186,144
7.755765,187,144
7.755875,186,145
7.757042,186,144
7.757346,186,143
7.757595,187,143
7.758003,187,142
7.758449,188,142
7.758568,189,142
7.758805,188,143
7.759918,189,143
7.760310,188,144
7.760992,188,143
7.762581,188,142
7.762841,189,142
7.763717,189,141
7.763855,190,141
7.763966,191,141
7.764487,190,142
7.764935,189,143
7.765968,189,142
7.766243,190,142
7.766979,190,141
7.767132,191,141
7.767532,192,141
7.768174,193,141
7.768688,193,140
7.769241,194,140
7.769620,195,140
7.770179,194,141
7.770453,194,140
7.774268,194,139
7.775737,194,138
7.776219,195,138
7.776714,195,137
7.778765,195,136
7.779645,195,135
7.780574,196,135
7.781128,195,136
7.781236,195,135
7.781329,196,135
7.781487,196,134
7.781765,196,133
7.782223,196,132
7.782606,196,131
7.782801,196,130
7.785177,197,130
7.785484,196,131
7.785897,197,131
7.786752,197,130
7.787716,198,130
7.787967,198,129
7.788250,198,128
7.788410,197,129
7.788786,197,128
7.789024,198,128
7.789109,197,129
7.790602,198,129
7.790867,199,129
7.792324,198,130
7.792432,199,130
7.793366,199,129
7.794169,200,129
7.794731,200,128
7.794809,199,129
7.795060,199,128
7.795415,198,129
7.795454,198,128
7.797018,199,128
7.797534,199,127
7.797613,199,126
7.797752,200,126
7.800479,201,126
7.801596,202,126
7.801763,201,127
7.802615,200,128
7.805325,200,127
7.805542,200,126
7.806174,200,125
7.806940,200,124
7.807449,201,124
7.808947,202,124
7.809106,202,123
7.809815,201,124
7.810782,200,125
7.810785,201,125
7.811151,202,125
7.811780,202,124
7.813543,203,124
7.814065,203,123
7.814465,203,122
7.817864,204,122
7.818449,205,122
7.821263,205,121
7.822405,206,121
7.822422,206,120
7.822766,207,120
7.822803,208,120
7.823003,207,121
7.824053,208,121
7.825759,209,121
7.825949,209,120
7.826726,208,121
7.827095,208,120
7.827474,209,120
7.827506,209,119
7.827981,210,119
7.829154,209,120
7.829718,209,119
7.830209,210,119
7.830617,211,119
7.831658,211,118
7.832509,212,118
7.832612,212,117
7.833744,213,117
7.834265,212,118
7.835753,213,118
7.835915,212,119
7.837361,211,120
7.837879,211,119
7.838285,211,118
7.839078,211,117
7.839133,210,118
7.839220,211,118
7.842308,212,118
7.842647,213,118
7.843243,214,118
7.844337,214,117
7.844456,214,116
7.844923,214,115
7.846052,215,115
7.846856,215,114
7.846890,214,115
7.847622,215,115
7.847657,216,115
7.847790,217,115
7.847800,218,115
7.847984,217,116
7.849089,218,116
7.850497,218,115
7.850716,218,114
7.852248,219,114
7.852470,220,114
7.853885,221,114
7.854253,222,114
7.854820,222,113
7.854868,222,112
7.855461,222,111
7.855953,223,111
7.856027,223,110
7.856455,224,110
7.857818,223,111
7.858226,224,111
7.859383,224,110
7.859567,225,110
7.859917,226,110
7.859972,226,109
7.860465,225,110
7.860965,225,109
7.862553,226,109
7.863705,226,108
7.863785,227,108
7.865189,228,108
7.865392,228,107
7.866281,227,108
7.866503,227,107
7.866868,227,106
7.869064,228,106
7.869597,228,105
7.869612,228,104
7.873497,228,103
7.874052,229,103
7.876120,229,102
7.876586,229,101
7.876622,229,100
7.877019,229,99
7.877708,228,100
7.877829,228,99
7.878247,229,99
7.878683,230,99
7.878920,230,98
7.881067,230,97
7.882247,231,97
7.883555,231,96
7.885004,232,96
7.885438,233,96
7.885515,234,96
7.885744,234,95
7.887047,235,95
7.888207,236,95
7.888290,237,95
7.888355,237,94
7.889285,237,93
7.889506,237,92
7.889559,237,91
7.891372,238,91
7.892161,239,91
7.892206,239,90
7.892436,238,91
7.892991,239,91
7.893015,238,92
7.893763,238,91
7.895704,239,91
7.895972,239,90
7.896090,240,90
7.896900,240,89
7.897026,241,89
7.897153,241,88
7.898300,240,89
7.898876,240,88
7.899536,241,88
7.899713,242,88
7.899930,243,88
7.900099,243,87
7.901778,242,88
7.902227,241,89
7.902341,240,90
7.903517,239,91
7.904347,239,90
7.905096,239,89
7.905373,239,88
7.905987,240,88
7.906204,241,88
7.907719,242,88
7.907849,242,87
7.908336,243,87
7.910441,244,87
7.911239,244,86
7.911821,243,87
7.912880,244,87
7.913164,243,88
7.915370,243,87
7.915661,243,86
7.918216,244,86
7.919820,244,85
7.921322,244,84
7.921398,244,83
7.922039,245,83
7.923004,244,84
7.923180,243,85
7.923865,244,85
7.925252,244,84
7.925969,244,83
7.926243,245,83
7.926272,244,84
7.927048,244,83
7.927509,245,83
7.929719,246,83
7.929900,246,82
7.930908,247,82
7.931375,248,82
7.931968,249,82
7.932293,249,81
7.932598,250,81
7.935473,251,81
7.936252,252,81
7.936694,253,81
7.937593,253,80
7.938177,254,80
7.938412,255,80
7.940113,254,81
7.940195,253,82
7.940222,253,81
7.940612,254,81
7.940803,255,81
7.940980,256,81
7.942566,257,81
7.944043,258,81
7.944729,259,81
7.945603,260,81
7.945642,260,80
7.946101,260,79
7.946366,261,79
7.947064,262,79
7.947830,261,80
7.947960,262,80
7.948901,263,80
7.950327,262,81
7.951094,262,80
7.951748,263,80
7.953033,264,80
7.953359,264,79
7.953501,265,79
7.953505,264,80
7.954397,265,80
7.954528,264,81
7.954562,264,80
7.954585,263,81
7.956037,264,81
7.956114,265,81
7.956475,266,81
7.957182,267,81
7.959093,268,81
7.959710,268,80
7.959772,268,79
7.959777,269,79
7.960674,269,78
7.960848,270,78
7.961869,269,79
7.962100,270,79
7.962677,271,79
7.963841,270,80
7.963968,271,80
7.964133,271,79
7.964211,272,79
7.964255,271,80
7.965000,272,80
7.965760,272,79
7.965864,272,78
7.966356,273,78
7.966859,274,78
7.969626,275,78
7.969648,276,78
7.970588,277,78
7.971545,278,78
7.971741,278,77
7.972121,279,77
7.972536,280,77
7.972935,279,78
7.975318,278,79
7.975334,278,78
7.976364,279,78
7.977119,280,78
7.979480,281,78
7.979755,280,79
7.979891,280,78
7.980279,281,78
7.980591,282,78
7.980803,282,77
7.981031,282,76
7.981289,282,75
7.982780,283,75
7.983168,282,76
7.983489,283,76
7.984322,284,76
7.984481,284,75
7.984939,283,76
7.985214,283,75
7.985293,284,75
7.986607,285,75
7.987095,286,75
7.988214,287,75
7.988402,286,76
7.989365,287,76
7.989848,287,75
7.990637,288,75
7.991866,289,75
7.992102,290,75
7.993380,291,75
7.994849,292,75
7.994942,293,75
7.996463,294,75
7.996688,295,75
7.998216,296,75
7.998315,297,75
7.998426,298,75
7.998448,299,75
7.999052,300,75
7.999586,299,76
7.999691,300,76
8.001294,300,75
8.004257,301,75
8.005158,301,74
8.005494,301,73
8.006489,300,74
8.006717,301,74
8.007485,302,74
8.007607,301,75
8.007823,302,75
8.009371,303,75
8.009753,303,74
8.009858,302,75
8.010303,303,75
8.011304,303,74
8.011618,303,73
8.011995,303,72
8.012703,304,72
8.014445,303,73
8.014714,303,72
8.015419,304,72
8.016883,305,72
8.017538,306,72
8.018077,307,72
8.022010,308,72
8.022166,309,72
8.024250,309,71
8.024351,309,70
8.024383,308,71
8.026388,308,70
8.027481,309,70
8.027863,310,70
8.029129,311,70
8.030461,312,70
8.030880,313,70
8.032432,314,70
8.032547,315,70
8.032555,316,70
8.032907,315,71
8.033584,316,71
8.035072,315,72
8.036565,316,72
8.037505,316,71
8.037811,317,71
8.039124,318,71
8.040706,319,71
8.040885,318,72
8.042467,317,73
8.043043,316,74
8.043925,315,75
8.046140,315,74
8.046411,314,75
8.047491,313,76
8.047884,312,77
8.048881,311,78
8.050090,312,78
8.050470,313,78
8.051454,313,77
8.051489,313,76
8.051556,314,76
8.051931,315,76
8.053141,316,76
8.054091,317,76
8.055492,317,75
8.055554,318,75
8.055782,317,76
8.055946,318,76
8.056171,319,76
8.057206,319,75
8.057274,320,75
8.059729,321,75
8.061026,322,75
8.061606,322,74
8.062074,322,73
8.062268,323,73
8.062766,324,73
8.062844,324,72
8.062977,325,72
8.063169,326,72
8.063211,325,73
8.063733,326,73
8.064299,327,73
8.065433,327,72
8.065803,327,71
8.066233,328,71
8.066634,329,71
8.067219,328,72
8.067521,329,72
8.067586,330,72
8.067916,331,72
8.068515,330,73
8.068795,330,72
8.069120,331,72
8.069309,330,73
8.069357,331,73
8.070404,332,73
8.070532,333,73
8.070946,334,73
8.071526,335,73
8.072176,336,73
8.072207,337,73
8.072523,336,74
8.073183,336,73
8.073401,337,73
8.073608,338,73
8.073687,339,73
8.074104,338,74
8.074645,338,73
8.075052,338,72
8.076785,338,71
8.077613,338,70
8.078478,337,71
8.079771,338,71
8.079864,339,71
8.079904,340,71
8.079912,340,70
8.080307,341,70
8.080421,340,71
8.080817,341,71
8.080884,342,71
8.081450,343,71
8.082155,343,70
8.082384,342,71
8.082447,342,70
8.082649,343,70
8.083070,342,71
8.083184,342,70
8.084459,343,70
8.085050,344,70
8.085506,345,70
8.085682,346,70
8.086536,347,70
8.088762,348,70
8.088903,349,70
8.089100,350,70
8.090339,349,71
8.090664,350,71
8.092218,351,71
8.092564,352,71
8.092746,351,72
8.092919,350,73
8.094246,351,73
8.094682,352,73
8.095847,353,73
8.096424,353,72
8.096882,353,71
8.097858,352,72
8.098505,353,72
8.099854,354,72
8.100378,355,72
8.101002,356,72
8.101384,357,72
8.101863,358,72
8.102284,359,72
8.102508,360,72
8.102569,361,72
8.103636,362,72
8.104812,363,72
8.105964,362,73
8.109042,363,73
8.109155,363,72
8.110290,364,72
8.111935,365,72
8.112417,365,71
8.112704,366,71
8.115901,367,71
8.116092,367,70
8.116781,368,70
8.116935,369,70
8.116945,370,70
8.117040,369,71
8.117095,370,71
8.117134,370,70
8.119036,369,71
8.119207,369,70
8.120039,370,70
8.120533,371,70
8.120952,372,70
8.121576,373,70
8.121699,374,70
8.121787,374,69
8.122174,373,70
8.122576,373,69
8.123355,374,69
8.123358,375,69
8.123658,375,68
8.123743,376,68
8.124075,377,68
8.124134,378,68
8.124516,379,68
8.124724,380,68
8.125222,381,68
8.125961,382,68
8.125973,381,69
8.126060,381,68
8.127518,380,69
8.127655,381,69
8.127892,382,69
8.129285,383,69
8.129517,382,70
8.129714,382,69
8.130545,383,69
8.130981,384,69
8.131612,385,69
8.132305,386,69
8.132673,387,69
8.132824,388,69
8.133309,389,69
8.134354,389,68
8.134505,390,68
8.134528,391,68
8.135326,392,68
8.135700,393,68
8.136164,394,68
8.137248,395,68
8.141007,396,68
8.141395,397,68
8.141889,396,69
8.143422,397,69
8.144184,398,69
8.144290,398,68
8.145105,399,68
8.146673,400,68
8.147637,399,69
8.149484,400,69
8.150403,400,68
8.152654,400,67
8.152868,401,67
8.152958,402,67
8.152998,403,67
8.154081,404,67
8.155083,403,68
8.157077,404,68
8.157816,405,68
8.158104,406,68
8.158168,407,68
8.159272,407,67
8.159633,407,66
8.160895,408,66
8.160992,407,67
8.161148,408,67
8.161909,409,67
8.163297,409,66
8.163341,408,67
8.163659,409,67
8.165189,410,67
8.165284,411,67
8.165566,412,67
8.165735,413,67
8.166512,414,67
8.166728,415,67
8.166873,416,67
8.167003,415,68
8.167239,416,68
8.167782,415,69
8.169313,414,70
8.169719,415,70
8.169829,416,70
8.169843,417,70
8.170456,418,70
8.170677,419,70
8.171013,419,69
8.171077,420,69
8.171402,421,69
8.171684,422,69
8.172713,423,69
8.173004,424,69
8.173233,425,69
8.173340,426,69
8.173431,427,69
8.173547,428,69
8.174860,429,69
8.176086,430,69
8.176751,431,69
8.177789,431,68
8.178089,432,68
8.178448,433,68
8.179089,432,69
8.179929,433,69
8.180121,434,69
8.180393,435,69
8.181556,436,69
8.182300,436,68
8.183176,437,68
8.185137,437,67
8.185194,438,67
8.185953,437,68
8.186203,438,68
8.186546,439,68
8.186624,440,68
8.187863,441,68
8.187892,441,67
8.188180,442,67
8.188473,441,68
8.188786,440,69
8.189045,441,69
8.189258,440,70
8.190135,439,71
8.190999,440,71
8.191769,439,72
8.191891,439,71
8.191961,440,71
8.192715,441,71
8.193316,442,71
8.193370,443,71
8.194073,443,70
8.194145,443,69
8.194799,443,68
8.194822,444,68
8.195148,445,68
8.195618,445,67
8.195688,446,67
8.195795,447,67
8.196061,448,67
8.196361,449,67
8.196927,449,66
8.196934,449,65
8.196962,450,65
8.196963,451,65
8.197331,451,64
8.197974,450,65
8.198594,451,65
8.199433,452,65
8.199532,453,65
8.200167,454,65
8.200254,455,65
8.200304,456,65
8.200332,457,65
8.200462,458,65
8.200478,458,64
8.200501,458,63
8.200714,459,63
8.201547,460,63
8.202294,461,63
8.202587,462,63
8.202674,461,64
8.203589,462,64
8.203747,462,63
8.204058,462,62
8.204359,461,63
8.205271,462,63
8.205751,462,62
8.206945,463,62
8.207056,464,62
8.207120,465,62
8.208413,465,61
8.208592,464,62
8.208701,464,61
8.209083,464,60
8.209419,465,60
8.209597,466,60
8.209768,467,60
8.210023,468,60
8.210100,467,61
8.210731,468,61
8.211163,469,61
8.211439,470,61
8.211563,471,61
8.211595,472,61
8.212646,472,60
8.212854,472,59
8.213690,473,59
8.213917,474,59
8.215779,475,59
8.219632,476,59
8.220226,477,59
8.220300,478,59
8.220502,477,60
8.220682,478,60
8.220926,479,60
8.221086,478,61
8.221746,479,61
8.223995,480,61
8.224295,480,60
8.226862,481,60
8.226874,482,60
8.227448,483,60
8.227877,484,60
8.228247,485,60
8.228358,486,60
8.228654,487,60
8.228885,488,60
8.229244,489,60
8.229675,488,61
8.229894,489,61
8.229996,490,61
8.231102,490,60
8.231200,489,61
8.231205,490,61
8.232457,491,61
8.232544,492,61
8.233962,491,62
8.234134,492,62
8.234203,493,62
8.234229,494,62
8.236533,495,62
8.236877,496,62
8.237464,497,62
8.239911,498,62
8.239967,497,63
8.240606,498,63
8.241381,498,62
8.243123,498,61
8.243736,498,60
8.244004,499,60
8.244326,500,60
8.244348,501,60
8.245092,500,61
8.245615,501,61
8.246256,502,61
8.246757,503,61
8.247783,504,61
8.248488,505,61
8.249244,506,61
8.249482,505,62
8.250796,506,62
8.250878,507,62
8.250919,508,62
8.251146,509,62
8.251708,510,62
8.251736,511,62
8.251814,512,62
8.254045,511,63
8.254057,511,62
8.254330,510,63
8.254499,511,63
8.254989,512,63
8.255046,513,63
8.255281,514,63
8.255921,515,63
8.256599,516,63
8.256678,516,62
8.256680,517,62
8.256809,518,62
8.257322,519,62
8.257509,520,62
8.257812,521,62
8.257914,521,61
8.258192,522,61
8.258507,523,61
8.259555,522,62
8.259732,523,62
8.260022,524,62
8.261174,524,61
8.261217,525,61
8.261468,524,62
8.261775,525,62
8.261788,526,62
8.262803,527,62
8.263509,528,62
8.263802,529,62
8.264501,529,61
8.264517,530,61
8.265231,531,61
8.265407,531,60
8.266528,532,60
8.266717,533,60
8.267123,533,59
8.267150,534,59
8.267253,533,60
8.267607,533,59
8.267611,533,58
8.267658,533,57
8.267857,532,58
8.268308,533,58
8.268512,532,59
8.268584,532,58
8.268639,533,58
8.268900,533,57
8.269005,534,57
8.269778,535,57
8.270508,536,57
8.271188,535,58
8.271614,536,58
8.272184,536,57
8.273422,535,58
8.273457,536,58
8.274177,537,58
8.275335,538,58
8.276233,539,58
8.277143,539,57
8.277252,540,57
8.277265,541,57
8.277466,542,57
8.277964,541,58
8.278285,542,58
8.278508,543,58
8.279086,542,59
8.279178,543,59
8.279340,544,59
8.279439,543,60
8.279734,544,60
8.280048,544,59
8.280332,545,59
8.280414,546,59
8.280993,547,59
8.281026,548,59
8.281329,548,58
8.281367,549,58
8.283140,550,58
8.283203,551,58
8.283481,552,58
8.283799,553,58
8.284221,554,58
8.284693,554,57
8.285072,555,57
8.285426,556,57
8.285861,557,57
8.285931,558,57
8.285978,559,57
8.286620,560,57
8.286799,561,57
8.287312,562,57
8.287668,562,56
8.288110,563,56
8.288336,564,56
8.289109,565,56
8.289192,564,57
8.289496,565,57
8.289665,566,57
8.289931,566,56
8.290954,565,57
8.291282,564,58
8.291624,565,58
8.292117,566,58
8.292176,567,58
8.293383,567,57
8.293687,566,58
8.294065,567,58
8.294415,568,58
8.294445,569,58
8.294925,570,58
8.295375,570,57
8.295467,571,57
8.296561,572,57
8.297302,573,57
8.297696,574,57
8.298142,575,57
8.298625,575,56
8.298756,576,56
8.298805,577,56
8.299764,578,56
8.300051,577,57
8.300227,578,57
8.300889,579,57
8.301193,580,57
8.301230,581,57
8.301414,582,57
8.301662,582,56
8.302633,583,56
8.302942,584,56
8.304656,585,56
8.305851,584,57
8.306062,583,58
8.306062,584,58
8.306254,585,58
8.306456,586,58
8.306914,587,58
8.307235,588,58
8.307793,589,58
8.308220,589,57
8.308411,590,57
8.308456,591,57
8.308713,592,57
8.308729,593,57
8.309966,594,57
8.310526,594,56
8.310832,593,57
8.311057,592,58
8.311150,593,58
8.311285,594,58
8.311451,594,57
8.312052,595,57
8.312158,596,57
8.312363,596,56
8.312403,596,55
8.312625,597,55
8.312913,598,55
8.313347,597,56
8.313466,598,56
8.315483,599,56
8.315494,600,56
8.315750,601,56
8.316106,600,57
8.316473,601,57
8.316512,601,56
8.317186,602,56
8.317257,603,56
8.317509,604,56
8.317826,605,56
8.319056,606,56
8.319084,607,56
8.320243,608,56
8.320996,609,56
8.321519,610,56
8.321884,611,56
8.322761,612,56
8.322829,612,55
8.323069,613,55
8.323446,614,55
8.324123,615,55
8.324758,616,55
8.325022,617,55
8.325949,618,55
8.326140,619,55
8.326565,619,54
8.326787,620,54
8.327348,621,54
8.327464,622,54
8.328572,622,53
8.328910,623,53
8.329596,623,52
8.329859,624,52
8.330292,625,52
8.330314,626,52
8.330502,627,52
8.331864,628,52
8.332704,629,52
8.333495,630,52
8.333733,631,52
8.333750,630,53
8.333958,631,53
8.334218,632,53
8.334233,633,53
8.334234,634,53
8.334877,635,53
8.335057,636,53
8.335198,637,53
8.336820,638,53
8.337287,639,53
8.337984,640,53
8.337986,641,53
8.338269,642,53
8.338435,643,53
8.338566,644,53
8.338952,644,52
8.339323,645,52
8.340142,644,53
8.340877,644,52
8.341547,644,51
8.341614,645,51
8.341809,645,50
8.341981,644,51
8.342393,645,51
8.343208,646,51
8.343441,647,51
8.343779,648,51
8.343882,649,51
8.344183,650,51
8.344235,650,50
8.345246,651,50
8.345270,652,50
8.345316,653,50
8.345477,654,50
8.346231,655,50
8.346255,656,50
8.346973,656,49
8.347240,657,49
8.347768,658,49
8.347866,659,49
8.347951,660,49
8.348533,661,49
8.348899,662,49
8.349527,663,49
8.350224,664,49
8.350621,665,49
8.350881,665,48
8.351437,666,48
8.351697,665,49
8.353039,666,49
8.353063,667,49
8.353063,668,49
8.353531,667,50
8.353589,668,50
8.353920,669,50
8.354022,670,50
8.354412,671,50
8.356463,672,50
8.356867,673,50
8.357063,674,50
8.357357,675,50
8.357860,674,51
8.358421,675,51
8.359865,676,51
8.360136,677,51
8.361001,678,51
8.363253,677,52
8.363447,678,52
8.363763,679,52
8.364848,680,52
8.365342,681,52
8.365601,682,52
8.365616,683,52
8.365759,682,53
8.366401,683,53
8.366419,684,53
8.366521,685,53
8.366717,686,53
8.367290,687,53
8.367627,688,53
8.367733,689,53
8.368130,690,53
8.368312,689,54
8.368935,690,54
8.370180,689,55
8.370250,690,55
8.370583,691,55
8.370796,692,55
8.371164,693,55
8.371191,694,55
8.371645,695,55
8.371714,696,55
8.372219,697,55
8.373774,698,55
8.374789,697,56
8.375289,698,56
8.375672,699,56
8.375877,700,56
8.376324,701,56
8.376529,702,56
8.376562,703,56
8.377062,703,55
8.378464,704,55
8.378521,705,55
8.378598,706,55
8.378727,707,55
8.378833,708,55
8.378964,709,55
8.379027,710,55
8.380025,709,56
8.381612,710,56
8.382191,710,55
8.382989,711,55
8.383382,712,55
8.383560,711,56
8.383689,712,56
8.384048,713,56
8.384534,714,56
8.384538,715,56
8.384930,716,56
8.384948,717,56
8.385800,718,56
8.387510,719,56
8.388414,720,56
8.388443,721,56
8.388697,721,55
8.388946,722,55
8.389180,721,56
8.389262,722,56
8.389775,723,56
8.390346,723,55
8.390905,724,55
8.391586,725,55
8.392053,726,55
8.392190,727,55
8.392215,728,55
8.392392,727,56
8.392670,728,56
8.392877,729,56
8.392985,730,56
8.393137,731,56
8.394152,732,56
8.394582,731,57
8.394708,732,57
8.395378,733,57
8.395479,734,57
8.395605,735,57
8.396176,736,57
8.396215,737,57
8.396786,738,57
8.397300,739,57
8.398525,738,58
8.398558,739,58
8.398607,740,58
8.398760,741,58
8.398958,742,58
8.399137,743,58
8.399482,742,59
8.399498,743,59
8.399506,744,59
8.399770,745,59
8.400787,746,59
8.400931,747,59
8.401062,748,59
8.401082,749,59
8.401272,750,59
8.403654,751,59
8.404462,752,59
8.404979,752,58
8.405158,753,58
8.405335,754,58
8.406551,754,57
8.406578,755,57
8.406703,754,58
8.407015,753,59
8.407370,754,59
8.408186,755,59
8.408597,755,58
8.408750,756,58
8.409167,757,58
8.409181,758,58
8.409520,759,58
8.409773,760,58
8.410577,761,58
8.410668,762,58
8.411005,763,58
8.411054,763,57
8.411303,762,58
8.411334,761,59
8.411701,762,59
8.411723,763,59
8.411730,763,58
8.411745,764,58
8.411907,765,58
8.412012,766,58
8.412435,767,58
8.412497,768,58
8.412623,769,58
8.412781,770,58
8.413477,769,59
8.414006,768,60
8.414194,769,60
8.414632,768,61
8.414738,769,61
8.414918,770,61
8.415816,771,61
8.415831,771,60
8.415847,772,60
8.416106,773,60
8.416678,772,61
8.416744,772,60
8.417009,773,60
8.417073,772,61
8.417243,773,61
8.417905,772,62
8.418435,773,62
8.418490,774,62
8.419450,775,62
8.419972,776,62
8.420175,775,63
8.420275,776,63
8.420916,775,64
8.421598,776,64
8.422450,777,64
8.422795,778,64
8.423096,778,63
8.423628,779,63
8.424567,780,63
8.424710,781,63
8.424778,782,63
8.425017,783,63
8.425063,784,63
8.425132,785,63
8.425209,786,63
8.425355,785,64
8.426923,786,64
8.427036,787,64
8.427051,788,64
8.427130,789,64
8.427169,790,64
8.427297,791,64
8.427396,791,63
8.427618,791,62
8.427829,792,62
8.427971,793,62
8.428084,794,62
8.428172,795,62
8.428494,796,62
8.428528,797,62
8.429048,798,62
8.429109,799,62
8.430545,800,62
8.430900,801,62
8.431144,802,62
8.431611,803,62
8.431802,804,62
8.432055,805,62
8.432329,806,62
8.432609,807,62
8.432738,808,62
8.433166,809,62
8.433546,810,62
8.433861,811,62
8.433868,812,62
8.434457,813,62
8.434965,814,62
8.435216,815,62
8.435780,816,62
8.436159,817,62
8.436306,818,62
8.436652,817,63
8.436671,818,63
8.436979,819,63
8.437118,820,63
8.437404,821,63
8.437751,821,62
8.438530,822,62
8.438666,823,62
8.438667,824,62
8.439323,824,61
8.439485,825,61
8.439575,826,61
8.439714,827,61
8.440820,827,60
8.440893,828,60
8.441207,829,60
8.441368,830,60
8.441421,831,60
8.441562,832,60
8.441795,833,60
8.441894,834,60
8.441922,835,60
8.442846,836,60
8.442858,837,60
8.442997,838,60
8.443070,839,60
8.443213,840,60
8.443274,841,60
8.443293,842,60
8.443758,843,60
8.443995,844,60
8.444230,845,60
8.444460,846,60
8.444665,847,60
8.444735,848,60
8.445033,849,60
8.445241,849,59
8.445290,850,59
8.445538,851,59
8.445727,852,59
8.446077,853,59
8.446389,854,59
8.446584,855,59
8.446898,854,60
8.447249,855,60
8.447398,856,60
8.448451,857,60
8.448839,858,60
8.449957,858,59
8.449969,859,59
8.450159,859,58
8.450323,858,59
8.450458,859,59
8.450636,860,59
8.450725,861,59
8.450777,862,59
8.450841,863,59
8.450953,864,59
8.450967,865,59
8.451135,866,59
8.451367,867,59
8.451476,868,59
8.451777,868,58
8.452339,869,58
8.452703,870,58
8.453079,869,59
8.453424,870,59
8.455208,870,58
8.455552,871,58
8.455589,871,57
8.455597,870,58
8.455968,870,57
8.456604,871,57
8.456857,870,58
8.457142,871,58
8.457656,872,58
8.457858,873,58
8.457973,874,58
8.458896,875,58
8.459026,876,58
8.459357,877,58
8.459401,878,58
8.459411,879,58
8.459492,880,58
8.459851,881,58
8.459904,882,58
8.460205,883,58
8.460213,884,58
8.460368,883,59
8.460373,883,58
8.460624,884,58
8.460630,885,58
8.460756,886,58
8.461290,887,58
8.462060,888,58
8.462073,889,58
8.462451,890,58
8.462476,891,58
8.463169,891,57
8.463248,892,57
8.463316,893,57
8.463372,894,57
8.463538,895,57
8.463695,896,57
8.464623,897,57
8.465483,898,57
8.466166,899,57
8.466194,900,57
8.466579,901,57
8.466691,902,57
8.466754,903,57
8.467089,904,57
8.467151,903,58
8.467766,904,58
8.467976,904,57
8.467988,904,56
8.468211,903,57
8.468620,904,57
8.468821,905,57
8.469401,905,56
8.469951,905,55
8.470098,904,56
8.470406,903,57
8.470475,902,58
8.471085,903,58
8.471624,904,58
8.471777,905,58
8.471819,906,58
8.472580,907,58
8.472583,906,59
8.472646,907,59
8.473337,908,59
8.473362,909,59
8.473603,910,59
8.473863,909,60
8.474672,909,59
8.474827,910,59
8.475176,911,59
8.475931,912,59
8.476920,912,58
8.477039,913,58
8.477524,913,57
8.477610,912,58
8.478479,913,58
8.479015,914,58
8.479236,915,58
8.479270,916,58
8.479969,917,58
8.480017,918,58
8.480048,919,58
8.480226,920,58
8.480880,921,58
8.481030,922,58
8.481642,923,58
8.481702,923,57
8.481717,924,57
8.481778,925,57
8.481874,926,57
8.482319,927,57
8.482510,928,57
8.482658,929,57
8.482940,930,57
8.483239,930,56
8.483271,931,56
8.483333,930,57
8.483417,931,57
8.483584,932,57
8.483643,933,57
8.483724,934,57
8.484557,935,57
8.484654,936,57
8.485014,935,58
8.485119,934,59
8.485557,933,60
8.487297,934,60
8.487435,935,60
8.487989,935,59
8.488257,936,59
8.488278,937,59
8.488391,938,59
8.488608,939,59
8.488619,939,58
8.489132,940,58
8.489199,941,58
8.489654,942,58
8.489759,943,58
8.489819,944,58
8.490273,945,58
8.490538,946,58
8.490714,947,58
8.490818,948,58
8.490863,949,58
8.490996,948,59
8.491197,949,59
8.491246,950,59
8.491246,949,60
8.491320,950,60
8.491422,951,60
8.492392,952,60
8.492705,953,60
8.492859,954,60
8.493218,955,60
8.493461,954,61
8.493701,955,61
8.493874,956,61
8.494538,957,61
8.494541,958,61
8.495252,957,62
8.495611,956,63
8.495870,956,62
8.496392,955,63
8.497120,956,63
8.497440,957,63
8.497504,958,63
8.497559,959,63
8.497970,958,64
8.498473,959,64
8.498653,960,64
8.498964,961,64
8.499422,960,65
8.499437,961,65
8.499448,960,66
8.500189,961,66
8.501230,962,66
8.501377,963,66
8.501541,964,66
8.501921,964,65
8.502542,965,65
8.504102,966,65
8.504334,965,66
8.504823,964,67
8.504846,965,67
8.504910,966,67
8.505315,967,67
8.505370,968,67
8.505375,969,67
8.506176,970,67
8.506444,971,67
8.506446,972,67
8.506643,973,67
8.506818,974,67
8.506826,975,67
8.506920,975,66
8.507222,975,65
8.507628,976,65
8.508368,977,65
8.509024,978,65
8.509223,979,65
8.509469,980,65
8.509917,981,65
8.510067,982,65
8.510349,983,65
8.510576,983,64
8.510590,983,63
8.510750,984,63
8.510753,984,62
8.511436,985,62
8.511595,986,62
8.512056,987,62
8.513785,986,63
8.513863,987,63
8.514211,988,63
8.514280,989,63
8.514548,990,63
8.514764,991,63
8.515124,990,64
8.515392,991,64
8.515732,992,64
8.516204,992,63
8.516231,991,64
8.516239,991,63
8.516335,992,63
8.516655,993,63
8.517156,994,63
8.517334,995,63
8.518164,996,63
8.518333,996,62
8.518357,997,62
8.518469,998,62
8.518691,999,62
8.518769,1000,62
8.518887,999,63
8.519041,1000,63
8.519082,1001,63
8.519151,1002,63
8.519344,1003,63
8.519608,1004,63
8.519628,1003,64
8.519852,1002,65
8.519875,1003,65
8.519913,1003,64
8.520053,1002,65
8.520067,1003,65
8.520240,1004,65
8.520284,1004,64
8.520601,1005,64
8.521347,1006,64
8.521955,1006,63
8.522196,1007,63
8.522465,1008,63
8.522543,1009,63
8.522845,1010,63
8.522860,1009,64
8.523218,1008,65
8.523262,1009,65
8.523360,1010,65
8.523463,1011,65
8.523535,1012,65
8.523666,1013,65
8.523675,1014,65
8.524431,1014,64
8.524608,1015,64
8.524728,1016,64
8.524807,1016,63
8.525074,1017,63
8.525584,1018,63
8.525603,1019,63
8.525739,1020,63
8.525911,1021,63
8.525947,1022,63
8.526230,1022,62
8.526475,1023,62
8.526577,1024,62
8.526599,1025,62
8.526653,1026,62
8.527060,1027,62
8.527095,1028,62
8.527700,1029,62
8.527760,1030,62
8.527794,1031,62
8.527796,1032,62
8.528128,1033,62
8.528227,1034,62
8.529092,1035,62
8.529662,1036,62
8.529905,1037,62
8.530422,1038,62
8.530537,1039,62
8.530596,1040,62
8.530859,1039,63
8.530910,1040,63
8.531106,1040,62
8.531671,1041,62
8.531854,1042,62
8.532039,1043,62
8.532766,1044,62
8.532777,1045,62
8.532957,1046,62
8.533127,1047,62
8.533309,1048,62
8.533421,1049,62
8.533678,1050,62
8.533916,1051,62
8.534013,1052,62
8.534566,1053,62
8.534936,1052,63
8.535008,1051,64
8.535065,1052,64
8.535152,1053,64
8.535363,1054,64
8.535548,1055,64
8.535867,1056,64
8.536149,1057,64
8.536184,1057,63
8.536673,1058,63
8.536736,1059,63
8.536755,1059,62
8.536851,1060,62
8.537130,1061,62
8.537343,1061,61
8.537425,1062,61
8.537758,1062,60
8.537769,1063,60
8.538391,1064,60
8.538594,1064,59
8.539218,1065,59
8.539741,1066,59
8.539994,1067,59
8.540019,1068,59
8.540039,1067,60
8.540226,1066,61
8.540378,1066,60
8.540572,1067,60
8.540575,1067,59
8.540723,1068,59
8.540929,1069,59
8.540991,1070,59
8.541866,1071,59
8.542138,1072,59
8.542608,1073,59
8.542890,1074,59
8.543011,1075,59
8.543072,1076,59
8.543263,1076,58
8.543287,1075,59
8.543342,1076,59
8.543444,1077,59
8.543619,1078,59
8.543742,1079,59
8.544129,1080,59
8.544306,1081,59
8.544584,1082,59
8.544804,1083,59
8.545177,1084,59
8.546089,1085,59
8.546370,1085,58
8.546656,1086,58
8.546992,1087,58
8.547133,1087,57
8.547213,1088,57
8.547628,1089,57
8.548008,1090,57
8.548028,1091,57
8.548368,1092,57
8.548589,1091,58
8.549070,1092,58
8.549102,1093,58
8.549180,1092,59
8.549683,1093,59
8.549897,1094,59
8.550474,1095,59
8.550571,1096,59
8.550671,1097,59
8.551027,1098,59
8.551146,1099,59
8.551954,1100,59
8.552106,1099,60
8.552166,1100,60
8.552392,1101,60
8.552536,1102,60
8.552773,1103,60
8.553092,1104,60
8.553139,1104,59
8.553306,1105,59
8.553804,1106,59
8.554088,1107,59
8.554153,1108,59
8.554566,1109,59
8.554668,1110,59
8.554673,1111,59
8.554723,1110,60
8.555217,1111,60
8.555414,1112,60
8.555478,1113,60
8.555944,1112,61
8.556042,1113,61
8.556301,1114,61
8.556531,1115,61
8.557083,1116,61
8.557097,1117,61
8.557232,1117,60
8.557691,1118,60
8.557902,1119,60
8.558250,1120,60
8.558460,1121,60
8.559975,1122,60
8.560441,1123,60
8.560754,1123,59
8.560795,1124,59
8.560903,1123,60
8.560973,1122,61
8.561346,1123,61
8.561391,1123,60
8.561539,1122,61
8.561787,1123,61
8.561815,1124,61
8.561874,1125,61
8.562513,1126,61
8.562541,1127,61
8.563111,1126,62
8.563255,1127,62
8.563324,1126,63
8.563354,1127,63
8.564015,1128,63
8.564155,1129,63
8.564183,1130,63
8.564229,1131,63
8.564232,1132,63
8.564885,1133,63
8.565061,1134,63
8.565537,1135,63
8.566373,1136,63
8.566422,1137,63
8.566900,1138,63
8.567054,1139,63
8.567278,1138,64
8.567346,1139,64
8.567459,1140,64
8.568208,1141,64
8.568342,1142,64
8.568439,1141,65
8.569150,1142,65
8.569545,1141,66
8.570084,1142,66
8.570594,1143,66
8.570863,1144,66
8.570990,1145,66
8.571174,1146,66
8.571218,1147,66
8.571487,1148,66
8.571627,1149,66
8.571764,1148,67
8.571783,1149,67
8.572352,1150,67
8.572572,1151,67
8.572656,1152,67
8.572758,1153,67
8.573010,1152,68
8.573083,1153,68
8.573394,1152,69
8.573487,1153,69
8.573518,1154,69
8.573889,1153,70
8.574030,1154,70
8.574203,1155,70
8.574245,1156,70
8.574403,1156,69
8.574864,1157,69
8.575046,1158,69
8.575072,1159,69
8.575143,1160,69
8.575415,1161,69
8.575570,1162,69
8.576080,1163,69
8.576168,1164,69
8.576170,1165,69
8.576400,1164,70
8.576468,1163,71
8.576844,1164,71
8.577499,1164,70
8.577502,1163,71
8.577592,1164,71
8.578045,1163,72
8.578146,1164,72
8.578323,1165,72
8.578852,1166,72
8.579122,1167,72
8.579162,1167,71
8.579169,1168,71
8.579924,1169,71
8.580020,1170,71
8.581065,1171,71
8.581226,1170,72
8.581320,1169,73
8.581452,1170,73
8.581938,1171,73
8.581939,1172,73
8.582182,1173,73
8.582270,1174,73
8.582468,1175,73
8.582745,1175,72
8.582844,1176,72
8.582875,1177,72
8.583831,1178,72
8.583864,1177,73
8.583966,1176,74
8.584022,1177,74
8.585259,1178,74
8.585316,1179,74
8.585318,1180,74
8.585604,1180,73
8.585892,1181,73
8.585983,1180,74
8.586175,1181,74
8.586706,1180,75
8.586772,1181,75
8.586796,1182,75
8.587029,1183,75
8.587166,1184,75
8.587235,1183,76
8.587700,1184,76
8.587931,1185,76
8.588070,1184,77
8.588385,1185,77
8.588544,1186,77
8.588742,1185,78
8.589422,1186,78
8.589530,1187,78
8.589681,1188,78
8.589708,1189,78
8.589766,1188,79
8.589803,1189,79
8.589817,1190,79
8.589838,1191,79
8.589926,1191,78
8.590113,1190,79
8.590187,1189,80
8.590591,1190,80
8.590730,1189,81
8.591074,1188,82
8.591421,1189,82
8.591439,1190,82
8.591892,1189,83
8.592234,1188,84
8.592473,1189,84
8.592839,1190,84
8.592937,1191,84
8.592975,1192,84
8.593525,1193,84
8.593891,1194,84
8.594473,1195,84
8.594978,1196,84
8.595066,1197,84
8.595131,1197,83
8.595236,1198,83
8.595283,1199,83
8.595414,1199,82
8.596182,1199,81
8.596251,1200,81
8.596349,1201,81
8.596427,1202,81
8.596514,1202,80
8.596596,1201,81
8.596678,1201,80
8.596788,1200,81
8.596921,1201,81
8.596961,1202,81
8.597016,1203,81
8.597032,1204,81
8.597078,1205,81
8.597331,1206,81
8.597359,1206,80
8.597585,1207,80
8.597675,1207,79
8.598383,1206,80
8.598400,1205,81
8.598495,1206,81
8.598897,1205,82
8.599000,1206,82
8.599147,1207,82
8.599387,1208,82
8.600241,1209,82
8.600285,1210,82
8.600385,1210,81
8.600503,1209,82
8.600611,1210,82
8.600612,1211,82
8.600789,1212,82
8.601382,1212,81
8.601719,1212,80
8.601845,1213,80
8.602145,1214,80
8.602183,1215,80
8.602295,1216,80
8.602308,1217,80
8.602593,1218,80
8.603240,1217,81
8.603279,1217,80
8.603368,1218,80
8.603396,1217,81
8.603943,1218,81
8.603979,1219,81
8.604063,1218,82
8.604153,1219,82
8.604197,1220,82
8.604251,1221,82
8.604352,1220,83
8.604688,1220,82
8.604807,1221,82
8.604867,1222,82
8.604903,1223,82
8.605117,1224,82
8.605377,1225,82
8.605378,1224,83
8.605486,1223,84
8.605680,1222,85
8.605946,1221,86
8.606016,1222,86
8.606074,1221,87
8.606206,1220,88
8.606210,1221,88
8.606262,1222,88
8.606309,1223,88
8.606368,1224,88
8.606870,1225,88
8.607044,1226,88
8.607044,1227,88
8.607179,1228,88
8.607254,1229,88
8.607416,1230,88
8.607433,1231,88
8.607464,1232,88
8.607945,1233,88
8.608037,1234,88
8.608288,1235,88
8.608335,1235,87
8.608662,1234,88
8.608852,1235,88
8.609022,1236,88
8.609043,1237,88
8.609218,1238,88
8.609552,1237,89
8.609898,1238,89
8.610180,1239,89
8.610899,1239,88
8.610977,1240,88
8.611031,1241,88
8.611090,1242,88
8.611187,1241,89
8.611416,1240,90
8.611583,1241,90
8.611646,1242,90
8.612117,1243,90
8.612345,1242,91
8.612571,1243,91
8.613353,1244,91
8.613405,1245,91
8.613657,1246,91
8.613666,1247,91
8.613921,1248,91
8.613961,1249,91
8.614508,1250,91
8.614585,1250,90
8.615277,1251,90
8.615426,1252,90
8.615474,1253,90
8.615615,1254,90
8.615886,1255,90
8.616184,1256,90
8.616222,1256,89
8.616247,1257,89
8.616426,1256,90
8.616638,1257,90
8.616668,1258,90
8.617354,1258,89
8.617671,1259,89
8.617891,1260,89
8.618088,1259,90
8.618194,1260,90
8.618531,1261,90
8.618734,1262,90
8.618818,1263,90
8.618825,1264,90
8.618958,1265,90
8.619084,1266,90
8.619192,1267,90
8.619359,1268,90
8.619409,1267,91
8.619628,1268,91
8.619662,1269,91
8.619797,1270,91
8.619980,1271,91
8.620156,1270,92
8.620232,1271,92
8.620367,1271,91
8.620402,1272,91
8.620877,1273,91
8.621161,1274,91
8.621224,1275,91
8.621542,1276,91
8.621720,1277,91
8.622662,1278,91
8.622858,1279,91
8.623527,1280,91
8.623841,1279,92
8.624095,1278,93
8.624657,1277,94
8.624791,1278,94
8.625543,1279,94
8.625553,1280,94
8.625612,1281,94
8.625642,1282,94
8.625666,1283,94
8.625681,1282,95
8.625916,1283,95
8.626195,1284,95
8.626504,1285,95
8.626675,1286,95
8.627302,1287,95
8.627640,1288,95
8.627902,1287,96
8.627915,1286,97
8.627992,1287,97
8.628202,1288,97
8.628217,1289,97
8.628793,1290,97
8.629025,1291,97
8.629130,1292,97
8.629552,1293,97
8.629593,1294,97
8.629659,1295,97
8.629886,1296,97
8.630119,1295,98
8.630123,1294,99
8.630521,1295,99
8.630638,1294,100
8.630665,1293,101
8.630738,1294,101
8.630781,1295,101
8.630815,1296,101
8.631019,1296,100
8.631268,1296,99
8.631413,1297,99
8.631629,1298,99
8.631642,1299,99
8.631918,1300,99
8.632372,1301,99
8.632689,1302,99
8.632764,1303,99
8.632928,1304,99
8.633032,1303,100
8.633143,1304,100
8.633282,1305,100
8.633325,1306,100
8.633453,1305,101
8.633580,1306,101
8.633605,1307,101
8.633850,1308,101
8.633891,1309,101
8.634177,1310,101
8.634222,1309,102
8.634444,1308,103
8.634452,1309,103
8.634568,1310,103
8.635034,1309,104
8.635107,1308,105
8.635247,1309,105
8.635378,1308,106
8.635661,1309,106
8.635705,1308,107
8.635768,1309,107
8.635776,1310,107
8.635826,1309,108
8.635866,1310,108
8.635892,1309,109
8.635906,1309,108
8.636358,1310,108
8.636782,1311,108
8.637024,1312,108
8.637178,1313,108
8.637471,1314,108
8.637711,1315,108
8.637842,1316,108
8.637963,1315,109
8.638060,1314,110
8.638256,1315,110
8.638298,1316,110
8.638490,1315,111
8.638496,1314,112
8.638620,1315,112
8.638650,1314,113
8.638780,1315,113
8.639195,1314,114
8.639279,1315,114
8.639331,1315,113
8.639339,1316,113
8.639402,1317,113
8.639434,1318,113
8.639771,1318,112
8.639919,1319,112
8.640050,1320,112
8.640157,1321,112
8.640294,1322,112
8.640477,1323,112
8.640503,1324,112
8.640678,1325,112
8.640856,1326,112
8.640987,1327,112
8.641528,1328,112
8.641857,1328,111
8.642128,1327,112
8.642250,1328,112
8.642379,1328,111
8.643408,1329,111
8.643451,1328,112
8.643473,1327,113
8.643531,1328,113
8.643993,1329,113
8.644291,1328,114
8.644672,1329,114
8.644689,1328,115
8.644743,1329,115
8.644847,1330,115
8.644965,1331,115
8.644995,1330,116
8.645043,1331,116
8.645338,1331,115
8.645464,1331,114
8.645468,1330,115
8.645744,1331,115
8.645793,1332,115
8.645879,1333,115
8.646071,1332,116
8.646101,1331,117
8.646358,1331,116
8.646470,1332,116
8.646655,1333,116
8.646675,1334,116
8.646936,1335,116
8.647552,1336,116
8.647988,1337,116
8.648154,1338,116
8.648212,1337,117
8.648431,1338,117
8.648675,1339,117
8.649064,1339,116
8.649088,1340,116
8.649157,1339,117
8.649274,1340,117
8.649441,1341,117
8.649562,1340,118
8.649816,1341,118
8.649969,1341,117
8.650023,1342,117
8.650046,1341,118
8.650327,1342,118
8.650369,1343,118
8.650497,1344,118
8.650634,1344,117
8.650744,1343,118
8.651082,1344,118
8.651260,1345,118
8.651335,1345,117
8.651384,1346,117
8.651501,1347,117
8.651741,1346,118
8.651953,1345,119
8.652025,1345,118
8.652203,1346,118
8.652313,1347,118
8.652334,1348,118
8.652389,1349,118
8.652700,1348,119
8.652739,1349,119
8.652747,1348,120
8.653135,1349,120
8.653189,1350,120
8.653382,1351,120
8.653510,1352,120
8.653598,1353,120
8.654066,1352,121
8.654335,1353,121
8.654388,1352,122
8.654431,1351,123
8.654516,1352,123
8.654671,1353,123
8.654959,1354,123
8.654972,1355,123
8.655159,1356,123
8.655538,1355,124
8.655589,1355,123
8.655757,1356,123
8.655758,1355,124
8.655809,1354,125
8.655831,1355,125
8.655836,1356,125
8.655941,1357,125
8.656039,1356,126
8.656130,1357,126
8.656470,1358,126
8.656596,1359,126
8.656665,1360,126
8.656699,1360,125
8.656848,1361,125
8.656929,1362,125
8.656985,1361,126
8.657152,1362,126
8.657332,1363,126
8.657398,1364,126
8.657505,1365,126
8.657786,1366,126
8.657945,1365,127
8.658052,1366,127
8.658100,1367,127
8.658198,1367,126
8.658419,1366,127
8.658423,1367,127
8.658522,1368,127
8.658549,1369,127
8.658576,1370,127
8.658672,1369,128
8.658868,1370,128
8.658956,1371,128
8.659272,1370,129
8.659594,1371,129
8.659756,1370,130
8.659782,1371,130
8.659817,1372,130
8.659959,1371,131
8.659986,1371,130
8.660015,1372,130
8.660059,1371,131
8.660365,1370,132
8.660484,1369,133
8.660531,1368,134
8.660531,1369,134
8.660914,1370,134
8.661257,1369,135
8.661469,1370,135
8.661476,1369,136
8.661534,1370,136
8.661587,1369,137
8.661812,1370,137
8.661869,1370,136
8.662134,1371,136
8.662228,1372,136
8.662279,1373,136
8.662456,1374,136
8.662669,1375,136
8.662879,1376,136
8.662972,1377,136
8.662982,1376,137
8.663199,1376,136
8.663264,1377,136
8.663710,1376,137
8.663718,1377,137
8.664060,1378,137
8.664461,1379,137
8.664605,1380,137
8.664839,1381,137
8.664953,1381,136
8.664960,1380,137
8.665032,1380,136
8.665038,1381,136
8.665166,1381,135
8.665520,1382,135
8.665874,1381,136
8.666055,1382,136
8.666506,1381,137
8.666688,1382,137
8.666818,1383,137
8.666836,1384,137
8.666898,1385,137
8.667135,1386,137
8.667196,1386,136
8.667220,1385,137
8.667695,1386,137
8.667998,1385,138
8.668076,1386,138
8.668126,1387,138
8.668155,1388,138
8.668359,1388,137
8.668467,1389,137
8.668598,1388,138
8.669408,1389,138
8.669411,1388,139
8.669504,1387,140
8.669513,1388,140
8.669582,1389,140
8.669727,1390,140
8.669810,1391,140
8.669841,1390,141
8.670009,1391,141
8.670205,1392,141
8.670450,1393,141
8.670579,1394,141
8.670672,1395,141
8.670933,1396,141
8.671017,1397,141
8.671164,1396,142
8.671225,1397,142
8.671388,1398,142
8.671483,1399,142
8.671514,1398,143
8.671559,1397,144
8.671571,1396,145
8.671659,1397,145
8.671831,1398,145
8.672131,1399,145
8.672303,1400,145
8.672509,1399,146
8.672623,1398,147
8.672629,1399,147
8.672761,1400,147
8.673153,1401,147
8.673164,1402,147
8.673176,1403,147
8.673676,1404,147
8.673682,1405,147
8.673902,1406,147
8.673934,1407,147
8.673954,1408,147
8.674048,1407,148
8.674333,1408,148
8.674585,1409,148
8.674860,1410,148
8.675033,1409,149
8.675092,1410,149
8.675448,1411,149
8.675503,1411,148
8.676047,1412,148
8.676414,1413,148
8.676495,1414,148
8.676535,1413,149
8.676556,1413,148
8.676726,1414,148
8.676867,1415,148
8.677132,1416,148
8.677259,1417,148
8.677327,1417,147
8.677345,1418,147
8.677371,1418,146
8.677650,1417,147
8.677751,1418,147
8.677887,1417,148
8.678042,1418,148
8.678071,1419,148
8.678109,1420,148
8.678120,1421,148
8.678207,1422,148
8.678297,1423,148
8.678394,1424,148
8.678638,1424,147
8.678932,1425,147
8.679117,1426,147
8.679496,1427,147
8.679501,1428,147
8.679538,1427,148
8.680026,1426,149
8.680186,1427,149
8.680234,1426,150
8.680455,1427,150
8.680581,1426,151
8.680630,1426,150
8.680708,1425,151
8.680745,1426,151
8.680821,1425,152
8.681234,1426,152
8.681290,1427,152
8.681343,1426,153
8.681400,1425,154
8.681512,1426,154
8.681549,1427,154
8.681730,1428,154
8.682237,1428,153
8.682364,1429,153
8.682369,1430,153
8.682535,1431,153
8.682794,1432,153
8.682813,1432,152
8.683351,1433,152
8.683495,1434,152
8.683679,1435,152
8.683849,1436,152
8.684219,1437,152
8.684279,1438,152
8.684491,1437,153
8.684838,1438,153
8.685215,1439,153
8.685327,1440,153
8.685389,1441,153
8.685400,1440,154
8.685498,1441,154
8.685960,1440,155
8.685979,1441,155
8.686000,1441,154
8.686546,1440,155
8.686876,1441,155
8.687195,1440,156
8.687253,1441,156
8.687527,1442,156
8.687640,1441,157
8.687712,1442,157
8.688220,1443,157
8.688363,1443,156
8.688519,1442,157
8.688579,1441,158
8.688601,1440,159
8.688695,1441,159
8.688879,1441,158
8.689115,1442,158
8.689364,1441,159
8.689493,1442,159
8.689616,1443,159
8.689726,1442,160
8.689979,1443,160
8.690137,1444,160
8.690352,1445,160
8.690447,1444,161
8.690745,1444,160
8.690749,1445,160
8.690754,1446,160
8.690845,1447,160
8.691072,1448,160
8.691242,1448,159
8.691270,1447,160
8.691450,1446,161
8.691453,1447,161
8.691570,1448,161
8.691645,1449,161
8.691700,1450,161
8.691716,1449,162
8.691743,1448,163
8.691855,1447,164
8.691939,1447,163
8.692057,1448,163
8.692207,1447,164
8.692291,1448,164
8.692310,1447,165
8.692320,1446,166
8.692345,1445,167
8.692378,1446,167
8.692679,1445,168
8.692908,1446,168
8.692971,1447,168
8.693033,1448,168
8.693104,1449,168
8.693161,1450,168
8.693236,1451,168
8.693239,1450,169
8.693250,1451,169
8.693274,1452,169
8.693289,1453,169
8.693458,1452,170
8.693519,1453,170
8.693900,1454,170
8.693908,1455,170
8.694014,1456,170
8.694165,1457,170
8.694207,1456,171
8.694209,1457,171
8.694238,1458,171
8.694353,1459,171
8.694532,1460,171
8.694584,1461,171
8.694850,1460,172
8.695009,1461,172
8.695048,1460,173
8.695049,1461,173
8.695151,1462,173
8.695154,1461,174
8.695452,1462,174
8.695462,1462,173
8.695667,1463,173
8.695801,1464,173
8.695855,1463,174
8.695918,1462,175
8.695919,1463,175
8.695956,1464,175
8.696035,1465,175
8.696149,1466,175
8.696165,1467,175
8.696336,1468,175
8.696445,1468,174
8.696863,1467,175
8.696961,1468,175
8.696982,1469,175
8.697004,1470,175
8.697091,1469,176
8.697129,1468,177
8.697299,1467,178
8.697318,1468,178
8.697351,1467,179
8.697455,1468,179
8.697496,1468,178
8.697748,1469,178
8.698032,1470,178
8.698088,1471,178
8.698106,1470,179
8.698157,1469,180
8.698164,1468,181
8.698179,1468,180
8.698196,1469,180
8.698241,1468,181
8.698478,1469,181
8.698687,1468,182
8.698699,1468,181
8.698745,1468,180
8.698815,1468,179
8.698988,1469,179
8.699391,1468,180
8.699560,1469,180
8.699632,1470,180
8.699875,1471,180
8.699893,1470,181
8.699915,1469,182
8.699939,1470,182
8.700048,1470,181
8.700061,1469,182
8.700186,1470,182
8.700222,1471,182
8.700477,1470,183
8.700584,1471,183
8.700587,1472,183
8.700628,1471,184
8.700717,1472,184
8.700727,1473,184
8.700728,1472,185
8.700844,1473,185
8.700928,1474,185
8.700953,1473,186
8.701116,1474,186
8.701131,1473,187
8.701260,1473,186
8.701261,1474,186
8.701314,1475,186
8.701345,1474,187
8.701387,1475,187
8.701604,1474,188
8.701661,1473,189
8.701683,1474,189
8.701761,1475,189
8.701828,1476,189
8.701856,1475,190
8.701959,1474,191
8.702292,1475,191
8.702309,1474,192
8.702317,1475,192
8.702400,1476,192
8.702520,1475,193
8.702544,1474,194
8.702689,1475,194
8.702708,1474,195
8.702718,1474,194
8.702752,1474,193
8.702956,1475,193
8.703080,1474,194
8.703109,1474,193
8.703149,1473,194
8.703274,1474,194
8.703638,1473,195
8.703769,1472,196
8.703937,1473,196
8.704427,1474,196
8.704608,1474,195
8.704621,1474,194
8.704800,1473,195
8.704806,1474,195
8.705138,1475,195
8.705265,1474,196
8.705278,1473,197
8.705416,1474,197
8.705472,1473,198
8.705513,1472,199
8.705584,1473,199
8.705631,1474,199
8.705782,1475,199
8.705837,1476,199
8.706087,1475,200
8.706268,1476,200
8.706268,1476,199
8.706353,1476,198
8.706405,1477,198
8.706428,1476,199
8.706502,1477,199
8.706513,1478,199
8.706638,1479,199
8.706656,1478,200
8.706708,1479,200
8.706773,1478,201
8.706787,1477,202
8.707289,1476,203
8.707349,1477,203
8.707464,1478,203
8.707558,1477,204
8.707576,1478,204
8.707689,1479,204
8.707696,1480,204
8.707764,1480,203
8.707883,1481,203
8.708061,1482,203
8.708089,1483,203
8.708101,1484,203
8.708278,1484,202
8.708458,1483,203
8.708586,1484,203
8.708790,1485,203
8.708792,1484,204
8.708820,1483,205
8.709076,1484,205
8.709345,1485,205
8.709355,1484,206
8.709486,1485,206
8.709681,1486,206
8.709724,1485,207
8.709728,1484,208
8.710151,1483,209
8.710186,1482,210
8.710216,1483,210
8.710304,1484,210
8.710583,1485,210
8.710647,1484,211
8.711056,1483,212
8.711117,1482,213
8.711161,1483,213
8.711164,1483,212
8.711279,1484,212
8.711303,1485,212
8.711305,1486,212
8.711390,1487,212
8.711423,1488,212
8.711429,1487,213
8.711458,1487,212
8.711609,1486,213
8.711774,1485,214
8.711778,1484,215
8.711917,1483,216
8.711945,1484,216
8.712047,1484,215
8.712299,1485,215
8.712472,1484,216
8.712492,1485,216
8.712560,1485,215
8.712810,1486,215
8.712843,1487,215
8.712878,1487,214
8.713023,1488,214
8.713043,1489,214
8.713143,1488,215
8.713273,1487,216
8.713576,1487,215
8.713672,1487,214
8.713774,1488,214
8.713838,1489,214
8.713862,1488,215
8.713919,1488,214
8.713963,1489,214
8.713973,1489,213
8.714157,1490,213
8.714443,1489,214
8.714475,1488,215
8.714487,1487,216
8.714793,1486,217
8.714869,1486,216
8.714909,1487,216
8.714911,1488,216
8.714967,1489,216
8.715034,1488,217
8.715040,1489,217
8.715109,1490,217
8.715206,1491,217
8.715214,1490,218
8.715219,1491,218
8.715473,1492,218
8.715523,1491,219
8.715561,1492,219
8.715686,1491,220
8.715755,1492,220
8.715842,1491,221
8.715851,1492,221
8.715966,1493,221
8.716142,1493,220
8.716301,1493,219
8.716434,1493,218
8.716813,1494,218
8.716860,1493,219
8.716863,1493,218
8.716946,1492,219
8.717171,1491,220
8.717340,1490,221
8.718177,1489,222
8.718318,1490,222
8.718338,1491,222
8.718341,1492,222
8.718738,1492,221
8.719117,1493,221
8.719281,1493,220
8.719347,1494,220
8.719634,1495,220
8.719986,1494,221
8.720023,1493,222
8.720070,1493,221
8.720122,1492,222
8.720164,1492,221
8.720194,1493,221
8.720348,1494,221
8.720623,1495,221
8.720948,1494,222
8.721051,1495,222
8.721077,1494,223
8.721531,1493,224
8.721892,1492,225
8.721951,1493,225
8.722050,1494,225
8.722288,1495,225
8.722561,1494,226
8.722653,1494,225
8.722719,1493,226
8.722881,1494,226
8.722903,1495,226
8.722946,1496,226
8.722971,1497,226
8.723002,1498,226
8.723101,1497,227
8.723250,1497,226
8.723358,1496,227
8.723662,1497,227
8.724000,1496,228
8.724049,1497,228
8.724092,1498,228
8.724339,1497,229
8.724443,1498,229
8.724547,1499,229
8.724697,1500,229
8.725047,1499,230
8.725246,1500,230
8.725497,1501,230
8.725525,1502,230
8.725685,1502,229
8.725791,1503,229
8.725827,1504,229
8.725880,1505,229
8.725881,1504,230
8.725883,1505,230
8.725948,1506,230
8.725997,1505,231
8.726145,1506,231
8.726172,1507,231
8.726208,1506,232
8.726263,1507,232
8.726443,1506,233
8.726663,1505,234
8.726943,1504,235
8.727044,1503,236
8.727064,1503,235
8.727109,1502,236
8.727615,1503,236
8.727623,1504,236
8.727722,1505,236
8.727763,1506,236
8.727856,1505,237
8.727867,1506,237
8.728062,1505,238
8.728065,1506,238
8.728067,1506,237
8.728130,1506,236
8.728201,1507,236
8.728269,1506,237
8.728318,1507,237
8.728368,1508,237
8.728412,1509,237
8.728462,1509,236
8.728578,1508,237
8.728708,1509,237
8.728741,1510,237
8.728822,1509,238
8.728828,1508,239
8.728877,1507,240
8.729011,1506,241
8.729025,1507,241
8.729041,1507,240
8.729120,1508,240
8.729148,1508,239
8.729246,1509,239
8.729477,1510,239
8.729563,1511,239
8.729575,1512,239
8.729638,1513,239
8.729767,1514,239
8.729792,1513,240
8.729821,1514,240
8.729857,1513,241
8.730207,1514,241
8.730379,1515,241
8.730449,1516,241
8.730501,1517,241
8.730510,1516,242
8.730513,1517,242
8.730566,1516,243
8.730733,1517,243
8.730878,1518,243
8.730902,1517,244
8.730966,1516,245
8.731158,1515,246
8.731295,1516,246
8.731355,1517,246
8.731526,1518,246
8.731533,1518,245
8.731798,1517,246
8.731857,1518,246
8.732373,1517,247
8.732783,1518,247
8.732889,1519,247
8.733041,1518,248
8.733109,1517,249
8.733243,1517,248
8.733317,1518,248
8.733551,1517,249
8.733616,1516,250
8.733686,1515,251
8.733767,1515,250
8.733775,1514,251
8.733775,1515,251
8.733814,1514,252
8.733898,1515,252
8.734373,1515,251
8.734406,1514,252
8.734800,1515,252
8.734828,1514,253
8.734989,1514,252
8.735095,1515,252
8.735218,1514,253
8.735246,1513,254
8.735253,1514,254
8.735284,1515,254
8.735343,1514,255
8.735386,1515,255
8.735410,1514,256
8.735497,1515,256
8.735505,1514,257
8.735699,1515,257
8.735745,1516,257
8.735776,1517,257
8.736282,1516,258
8.736486,1515,259
8.736549,1514,260
8.736550,1515,260
8.736781,1514,261
8.736830,1513,262
8.736860,1512,263
8.736902,1512,262
8.737067,1511,263
8.737147,1512,263
8.737183,1513,263
8.737286,1512,264
8.737459,1511,265
8.737596,1510,266
8.737675,1511,266
8.737721,1512,266
8.737867,1513,266
8.738022,1514,266
8.738127,1515,266
8.738240,1514,267
8.738242,1515,267
8.738247,1514,268
8.738388,1515,268
8.738469,1516,268
8.738669,1517,268
8.738683,1516,269
8.738726,1515,270
8.738987,1516,270
8.739183,1517,270
8.739236,1516,271
8.739474,1515,272
8.739492,1514,273
8.739518,1513,274
8.739535,1514,274
8.739833,1513,275
8.739979,1514,275
8.740092,1513,276
8.740132,1514,276
8.740226,1515,276
8.740242,1515,275
8.740324,1516,275
8.740370,1516,274
8.740444,1517,274
8.740468,1516,275
8.740514,1517,275
8.740556,1518,275
8.740617,1519,275
8.740655,1520,275
8.740915,1519,276
8.741123,1520,276
8.741138,1521,276
8.741179,1520,277
8.741401,1519,278
8.741401,1518,279
8.741424,1517,280
8.741972,1516,281
8.742101,1517,281
8.742201,1518,281
8.742450,1517,282
8.742486,1516,283
8.742664,1515,284
8.742720,1515,283
8.742775,1515,282
8.743074,1514,283
8.743211,1515,283
8.743319,1516,283
8.743441,1517,283
8.743448,1518,283
8.743549,1518,282
8.743805,1517,283
8.743830,1517,282
8.743904,1516,283
8.744031,1515,284
8.744170,1514,285
8.744172,1515,285
8.744177,1515,284
8.744434,1514,285
8.744477,1513,286
8.744488,1512,287
8.744536,1512,286
8.744645,1513,286
8.744659,1512,287
8.744662,1511,288
8.744796,1512,288
8.744947,1513,288
8.745009,1514,288
8.745268,1513,289
8.745378,1512,290
8.745379,1511,291
8.745416,1510,292
8.745447,1511,292
8.745704,1512,292
8.745785,1512,291
8.745853,1511,292
8.745941,1511,291
8.746072,1512,291
8.746152,1513,291
8.746199,1512,292
8.746520,1511,293
8.746562,1512,293
8.746650,1511,294
8.746695,1512,294
8.746744,1513,294
8.746814,1514,294
8.746900,1515,294
8.746968,1514,295
8.746996,1515,295
8.747089,1516,295
8.747095,1515,296
8.747101,1516,296
8.747233,1516,295
8.747300,1515,296
8.747483,1514,297
8.747500,1515,297
8.747536,1516,297
8.747574,1515,298
8.747660,1514,299
8.747760,1515,299
8.747762,1516,299
8.747839,1515,300
8.747896,1515,299
8.747963,1514,300
8.748288,1514,299
8.748389,1513,300
8.748397,1514,300
8.748474,1513,301
8.748479,1514,301
8.748520,1515,301
8.748598,1514,302
8.748631,1515,302
8.748643,1514,303
8.748704,1515,303
8.748725,1514,304
8.748744,1514,303
8.748784,1515,303
8.749010,1515,302
8.749072,1515,301
8.749118,1516,301
8.749175,1517,301
8.749181,1518,301
8.749268,1519,301
8.749302,1520,301
8.749362,1521,301
8.749372,1520,302
8.749375,1521,302
8.749561,1520,303
8.749614,1521,303
8.749622,1520,304
8.749884,1519,305
8.749894,1520,305
8.749918,1519,306
8.750064,1518,307
8.750128,1519,307
8.750194,1519,306
8.750262,1520,306
8.750351,1521,306
8.750499,1520,307
8.750520,1521,307
8.750566,1520,308
8.750571,1520,307
8.750685,1519,308
8.750711,1520,308
8.750713,1519,309
8.750846,1518,310
8.750941,1517,311
8.750948,1517,310
8.750999,1518,310
8.751065,1519,310
8.751230,1518,311
8.751277,1517,312
8.751333,1518,312
8.751338,1517,313
8.751461,1517,312
8.751582,1518,312
8.751740,1517,313
8.751821,1518,313
8.751835,1519,313
8.751846,1518,314
8.751958,1517,315
8.751965,1516,316
8.751979,1516,315
8.752323,1516,314
8.752378,1515,315
8.752464,1516,315
8.752496,1515,316
8.752505,1516,316
8.752546,1515,317
8.752569,1514,318
8.752598,1514,317
8.752633,1513,318
8.752846,1512,319
8.752869,1513,319
8.753057,1514,319
8.753139,1513,320
8.753208,1514,320
8.753288,1515,320
8.753351,1514,321
8.753413,1515,321
8.753524,1514,322
8.753645,1515,322
8.753662,1514,323
8.753689,1513,324
8.753722,1513,323
8.753726,1514,323
8.753767,1513,324
8.753910,1514,324
8.753958,1513,325
8.754011,1513,324
8.754081,1512,325
8.754086,1513,325
8.754194,1514,325
8.754223,1513,326
8.754245,1513,325
8.754311,1512,326
8.754561,1511,327
8.754649,1510,328
8.754663,1509,329
8.754722,1508,330
8.754879,1507,331
8.754924,1507,330
8.754968,1506,331
8.755008,1505,332
8.755092,1505,331
8.755142,1504,332
8.755180,1503,333
8.755201,1502,334
8.755246,1501,335
8.755282,1502,335
8.755566,1503,335
8.755679,1504,335
8.755767,1505,335
8.755861,1506,335
8.755890,1507,335
8.756110,1507,334
8.756303,1506,335
8.756385,1505,336
8.756477,1504,337
8.756519,1503,338
8.756696,1502,339
8.757057,1501,340
8.757102,1500,341
8.757182,1501,341
8.757243,1500,342
8.757250,1500,341
8.757355,1500,340
8.757436,1499,341
8.757551,1498,342
8.757617,1499,342
8.758124,1500,342
8.758186,1500,341
8.758189,1499,342
8.758197,1498,343
8.758228,1497,344
8.758236,1496,345
8.758240,1495,346
8.758292,1494,347
8.758390,1495,347
8.758702,1494,348
8.758911,1493,349
8.758925,1492,350
8.759050,1491,351
8.759113,1491,350
8.759190,1491,349
8.759239,1490,350
8.759289,1489,351
8.759300,1490,351
8.759612,1489,352
8.759692,1489,351
8.759746,1489,350
8.759843,1488,351
8.759847,1489,351
8.759969,1490,351
8.760062,1491,351
8.760069,1491,350
8.760118,1492,350
8.760296,1493,350
8.760380,1494,350
8.760414,1495,350
8.760459,1494,351
8.760509,1495,351
8.760657,1495,350
8.760672,1494,351
8.760898,1495,351
8.760917,1496,351
8.760951,1495,352
8.760954,1496,352
8.761069,1497,352
8.761186,1498,352
8.761202,1498,351
8.761312,1499,351
8.761382,1500,351
8.761560,1500,350
8.761831,1501,350
8.761977,1500,351
8.761979,1500,350
8.762156,1499,351
8.762163,1498,352
8.762177,1497,353
8.762229,1498,353
8.762303,1497,354
8.762338,1497,353
8.762342,1496,354
8.762511,1495,355
8.762561,1495,354
8.762616,1496,354
8.762800,1495,355
8.762821,1496,355
8.762871,1496,354
8.762947,1495,355
8.762988,1496,355
8.763006,1496,354
8.763091,1496,353
8.763126,1495,354
8.763274,1494,355
8.763284,1493,356
8.763372,1492,357
8.763384,1491,358
8.763413,1492,358
8.763505,1491,359
8.763507,1490,360
8.763708,1491,360
8.763807,1491,359
8.764012,1490,360
8.764029,1491,360
8.764068,1492,360
8.764191,1491,361
8.764344,1490,362
8.764644,1491,362
8.764710,1492,362
8.764762,1493,362
8.764902,1494,362
8.764909,1493,363
8.765042,1492,364
8.765096,1491,365
8.765141,1490,366
8.765165,1491,366
8.765169,1492,366
8.765256,1492,365
8.765373,1493,365
8.765389,1494,365
8.765405,1495,365
8.765501,1496,365
8.765543,1497,365
8.765595,1498,365
8.765667,1499,365
8.765707,1500,365
8.765794,1501,365
8.765876,1500,366
8.765937,1501,366
8.766056,1502,366
8.766343,1501,367
8.766352,1500,368
8.766706,1499,369
8.766803,1498,370
8.766943,1497,371
8.767066,1498,371
8.767100,1497,372
8.767318,1497,371
8.767448,1496,372
8.767449,1497,372
8.767525,1496,373
8.767567,1495,374
8.767568,1494,375
8.768108,1493,376
8.768125,1493,375
8.768252,1492,376
8.768262,1491,377
8.768310,1491,376
8.768338,1491,375
8.768367,1490,376
8.768414,1491,376
8.768442,1492,376
8.768454,1493,376
8.768504,1494,376
8.768745,1495,376
8.768753,1495,375
8.768787,1494,376
8.768788,1493,377
8.768798,1494,377
8.768836,1493,378
8.768926,1494,378
8.768963,1493,379
8.769003,1494,379
8.769034,1493,380
8.769055,1492,381
8.769259,1493,381
8.769360,1494,381
8.769396,1493,382
8.769576,1492,383
8.769636,1493,383
8.769642,1492,384
8.769679,1493,384
8.769820,1492,385
8.769847,1493,385
8.769886,1493,384
8.769969,1494,384
8.770008,1493,385
8.770181,1494,385
8.770226,1493,386
8.770240,1492,387
8.770580,1492,386
8.770712,1493,386
8.770724,1492,387
8.770743,1491,388
8.770772,1491,387
8.770837,1490,388
8.770893,1489,389
8.771048,1490,389
8.771213,1490,388
8.771440,1490,387
8.771444,1491,387
8.771528,1492,387
8.771540,1491,388
8.771598,1490,389
8.771786,1491,389
8.771943,1492,389
8.771958,1491,390
8.772018,1490,391
8.772044,1489,392
8.772164,1490,392
8.772177,1489,393
8.772222,1488,394
8.772259,1487,395
8.772266,1486,396
8.772316,1487,396
8.772323,1486,397
8.772338,1487,397
8.772515,1488,397
8.772684,1488,396
8.772758,1489,396
8.772770,1489,395
8.772781,1488,396
8.772792,1487,397
8.773060,1488,397
8.773068,1489,397
8.773076,1490,397
8.773140,1489,398
8.773234,1489,397
8.773515,1488,398
8.773619,1488,397
8.773642,1487,398
8.773650,1488,398
8.773704,1489,398
8.773714,1489,397
8.773744,1488,398
8.773833,1487,399
8.773880,1486,400
8.773982,1485,401
8.774135,1484,402
8.774302,1483,403
8.774406,1483,402
8.774504,1482,403
8.774515,1481,404
8.774554,1482,404
8.774613,1481,405
8.774629,1482,405
8.774694,1483,405
8.774962,1484,405
8.774977,1484,404
8.775152,1483,405
8.775460,1484,405
8.775479,1485,405
8.775528,1484,406
8.775577,1483,407
8.775608,1484,407
8.775637,1483,408
8.775734,1482,409
8.775811,1482,408
8.775998,1481,409
8.776040,1482,409
8.776191,1482,408
8.776210,1483,408
8.776277,1482,409
8.776304,1481,410
8.776322,1481,409
8.776455,1481,408
8.776495,1480,409
8.776870,1479,410
8.776889,1478,411
8.776897,1479,411
8.776911,1478,412
8.777194,1479,412
8.777198,1478,413
8.777475,1478,412
8.777476,1478,411
8.777559,1479,411
8.777579,1478,412
8.777659,1478,411
8.777660,1477,412
8.777808,1476,413
8.777892,1477,413
8.777908,1478,413
8.778057,1477,414
8.778107,1477,413
8.778407,1478,413
8.778518,1479,413
8.778615,1479,412
8.778626,1478,413
8.778683,1477,414
8.778739,1476,415
8.778769,1476,414
8.778784,1476,413
8.778785,1475,414
8.778897,1476,414
8.778979,1477,414
8.779064,1477,413
8.779193,1477,412
8.779233,1478,412
8.779377,1477,413
8.779425,1477,412
8.779437,1476,413
8.779482,1477,413
8.779488,1478,413
8.779669,1479,413
8.779712,1478,414
8.779830,1477,415
8.779844,1478,415
8.779854,1479,415
8.779855,1478,416
8.779864,1477,417
8.779879,1478,417
8.779897,1479,417
8.779912,1478,418
8.780049,1479,418
8.780058,1478,419
8.780118,1477,420
8.780179,1477,419
8.780236,1478,419
8.780245,1479,419
8.780260,1480,419
8.780288,1479,420
8.780440,1480,420
8.780460,1479,421
8.780534,1478,422
8.780634,1478,421
8.780839,1479,421
8.781093,1478,422
8.781162,1479,422
8.781174,1480,422
8.781255,1481,422
8.781323,1482,422
8.781393,1483,422
8.781559,1484,422
8.781598,1485,422
8.781633,1486,422
8.781636,1485,423
8.781785,1486,423
8.781817,1485,424
8.781966,1486,424
8.782007,1487,424
8.782102,1486,425
8.782109,1485,426
8.782188,1484,427
8.782282,1483,428
8.782391,1483,427
8.782423,1482,428
8.782541,1481,429
8.782592,1480,430
8.782695,1479,431
8.782846,1479,430
8.782846,1480,430
8.782993,1479,431
8.783033,1478,432
8.783154,1477,433
8.783282,1476,434
8.783360,1475,435
8.783721,1476,435
8.783738,1475,436
8.783849,1476,436
8.784072,1477,436
8.784088,1478,436
8.784148,1479,436
8.784181,1478,437
8.784284,1477,438
8.784626,1476,439
8.784750,1475,440
8.784804,1476,440
8.784817,1475,441
8.784881,1474,442
8.785270,1475,442
8.785388,1474,443
8.785410,1473,444
8.785474,1472,445
8.785601,1473,445
8.785635,1472,446
8.785638,1473,446
8.785754,1474,446
8.785958,1473,447
8.785973,1473,446
8.785982,1473,445
8.785995,1472,446
8.786366,1473,446
8.786430,1474,446
8.786500,1473,447
8.786513,1472,448
8.786541,1473,448
8.786725,1472,449
8.786832,1473,449
8.786978,1472,450
8.786979,1473,450
8.787011,1472,451
8.787084,1472,450
8.787156,1471,451
8.787211,1472,451
8.787270,1471,452
8.787330,1470,453
8.787361,1469,454
8.787561,1468,455
8.787698,1467,456
8.787837,1468,456
8.787853,1467,457
8.787944,1466,458
8.788035,1467,458
8.788083,1467,457
8.788125,1466,458
8.788152,1465,459
8.788174,1464,460
8.788187,1463,461
8.788299,1464,461
8.788339,1463,462
8.788396,1464,462
8.788738,1463,463
8.788888,1462,464
8.789019,1461,465
8.789030,1461,464
8.789045,1460,465
8.789100,1459,466
8.789313,1458,467
8.789320,1459,467
8.789480,1460,467
8.789688,1459,468
8.789698,1458,469
8.789731,1457,470
8.789742,1456,471
8.789845,1457,471
8.789856,1456,472
8.789867,1457,472
8.790086,1457,471
8.790487,1457,470
8.790512,1456,471
8.790523,1455,472
8.790638,1456,472
8.790889,1455,473
8.790908,1454,474
8.790982,1455,474
8.791023,1454,475
8.791047,1453,476
8.791245,1453,475
8.791345,1454,475
8.791431,1453,476
8.791498,1453,475
8.792282,1452,476
8.792293,1451,477
8.792298,1450,478
8.792367,1451,478
8.792469,1452,478
8.792488,1452,477
8.792518,1453,477
8.792541,1452,478
8.792678,1452,477
8.792708,1451,478
8.792738,1451,477
8.792862,1450,478
8.793029,1451,478
8.793030,1452,478
8.793115,1451,479
8.793127,1451,478
8.793172,1451,477
8.793175,1450,478
8.793202,1449,479
8.793205,1448,480
8.793379,1447,481
8.793379,1447,480
8.793535,1447,479
8.793560,1446,480
8.793565,1445,481
8.793691,1444,482
8.793845,1443,483
8.793960,1444,483
8.794105,1443,484
8.794170,1442,485
8.794228,1443,485
8.794404,1442,486
8.794423,1443,486
8.794608,1442,487
8.794611,1441,488
8.794645,1440,489
8.794713,1439,490
8.794728,1438,491
8.794804,1438,490
8.794941,1439,490
8.794951,1438,491
8.794961,1439,491
8.795020,1440,491
8.795074,1439,492
8.795112,1438,493
8.795230,1439,493
8.795232,1440,493
8.795245,1441,493
8.795288,1440,494
8.795317,1439,495
8.795384,1438,496
8.795384,1438,495
8.795574,1439,495
8.795714,1438,496
8.795774,1439,496
8.795779,1439,495
8.795819,1438,496
8.795872,1438,495
8.795970,1437,496
8.796002,1437,495
8.796051,1438,495
8.796138,1438,494
8.796142,1437,495
8.796192,1436,496
8.796273,1435,497
8.796347,1436,497
8.796418,1436,496
8.796430,1435,497
8.796443,1436,497
8.796489,1435,498
8.796627,1436,498
8.796713,1437,498
8.797048,1436,499
8.797063,1435,500
8.797136,1434,501
8.797149,1433,502
8.797198,1432,503
8.797316,1433,503
8.797404,1433,502
8.797447,1434,502
8.797482,1435,502
8.797551,1434,503
8.797600,1434,502
8.797616,1433,503
8.797804,1432,504
8.797854,1432,503
8.797863,1431,504
8.797891,1430,505
8.797936,1431,505
8.797939,1430,506
8.798160,1429,507
8.798237,1429,506
8.798269,1428,507
8.798357,1428,506
8.798381,1429,506
8.798391,1428,507
8.798416,1427,508
8.798526,1426,509
8.798600,1427,509
8.798605,1426,510
8.798608,1427,510
8.798694,1428,510
8.798700,1428,509
8.798705,1429,509
8.798805,1428,510
8.799102,1427,511
8.799198,1426,512
8.799220,1427,512
8.799284,1426,513
8.799332,1425,514
8.799456,1425,513
8.799701,1424,514
8.799751,1423,515
8.799795,1424,515
8.799876,1425,515
8.799892,1426,515
8.799928,1425,516
8.799929,1426,516
8.799943,1425,517
8.800026,1424,518
8.800129,1425,518
8.800172,1425,517
8.800178,1424,518
8.800207,1423,519
8.800408,1422,520
8.800413,1421,521
8.800416,1420,522
8.800431,1421,522
8.800456,1421,521
8.800496,1420,522
8.800959,1420,521
8.801063,1421,521
8.801083,1420,522
8.801099,1419,523
8.801103,1420,523
8.801119,1419,524
8.801230,1420,524
8.801236,1421,524
8.801297,1422,524
8.801323,1421,525
8.801365,1420,526
8.801391,1420,525
8.801521,1421,525
8.801553,1420,526
8.801640,1419,527
8.801716,1419,526
8.801783,1418,527
8.801995,1417,528
8.802004,1416,529
8.802023,1415,530
8.802133,1414,531
8.802159,1414,530
8.802251,1414,529
8.802298,1414,528
8.802338,1414,527
8.802397,1415,527
8.802420,1415,526
8.802479,1414,527
8.802525,1413,528
8.802622,1412,529
8.802830,1413,529
8.802947,1412,530
8.803021,1413,530
8.803037,1413,529
8.803044,1414,529
8.803120,1415,529
8.803142,1414,530
8.803144,1413,531
8.803213,1414,531
8.803303,1413,532
8.803325,1414,532
8.803432,1413,533
8.803455,1412,534
8.803507,1411,535
8.803528,1410,536
8.803541,1409,537
8.803542,1408,538
8.803550,1407,539
8.803572,1407,538
8.803670,1408,538
8.803953,1407,539
8.804174,1406,540
8.804321,1405,541
8.804369,1405,540
8.804440,1404,541
8.804461,1404,540
8.804636,1404,539
8.804693,1403,540
8.804726,1404,540
8.804731,1404,539
8.804858,1403,540
8.805006,1402,541
8.805053,1402,540
8.805163,1401,541
8.805302,1401,540
8.805338,1401,539
8.805427,1400,540
8.805449,1399,541
8.805458,1400,541
8.805466,1401,541
8.805582,1400,542
8.805588,1400,541
8.805711,1399,542
8.805746,1398,543
8.805822,1397,544
8.806130,1396,545
8.806225,1396,544
8.806290,1397,544
8.806308,1398,544
8.806413,1397,545
8.806425,1398,545
8.806439,1398,544
8.806482,1398,543
8.806533,1397,544
8.806544,1398,544
8.806742,1397,545
8.806754,1398,545
8.806786,1397,546
8.806834,1396,547
8.806842,1395,548
8.806995,1396,548
8.807000,1397,548
8.807035,1398,548
8.807052,1397,549
8.807223,1396,550
8.807342,1395,551
8.807405,1394,552
8.807491,1395,552
8.807588,1394,553
8.807589,1395,553
8.807642,1395,552
8.807659,1396,552
8.807681,1395,553
8.807702,1394,554
8.807730,1393,555
8.807780,1392,556
8.807835,1392,555
8.807837,1391,556
8.807861,1391,555
8.807970,1390,556
8.807985,1389,557
8.807992,1388,558
8.807997,1389,558
8.808005,1388,559
8.808093,1387,560
8.808105,1388,560
8.808282,1387,561
8.808323,1388,561
8.808326,1389,561
8.808338,1390,561
8.808437,1391,561
8.808514,1392,561
8.808540,1393,561
8.808610,1394,561
8.808640,1395,561
8.808704,1394,562
8.808741,1395,562
8.808840,1394,563
8.808892,1393,564
8.808928,1393,563
8.809056,1392,564
8.809059,1391,565
8.809194,1391,564
8.809209,1390,565
8.809217,1391,565
8.809260,1390,566
8.809279,1389,567
8.809362,1390,567
8.809454,1389,568
8.809803,1388,569
8.809864,1387,570
8.809904,1386,571
8.809912,1387,571
8.809930,1387,570
8.809930,1386,571
8.809933,1385,572
8.810010,1384,573
8.810147,1385,573
8.810157,1384,574
8.810194,1385,574
8.810281,1385,573
8.810314,1385,572
8.810443,1386,572
8.810474,1387,572
8.810482,1386,573
8.810488,1386,572
8.810581,1387,572
8.810601,1388,572
8.810696,1388,571
8.810746,1389,571
8.810770,1388,572
8.810838,1389,572
8.811005,1388,573
8.811034,1387,574
8.811121,1386,575
8.811140,1385,576
8.811182,1385,575
8.811210,1386,575
8.811285,1385,576
8.811311,1384,577
8.811428,1383,578
8.811588,1382,579
8.811639,1383,579
8.811656,1382,580
8.811687,1382,579
8.811713,1381,580
8.811731,1382,580
8.811939,1382,579
8.811974,1381,580
8.811980,1380,581
8.812032,1380,580
8.812033,1381,580
8.812053,1382,580
8.812210,1383,580
8.812389,1382,581
8.812438,1381,582
8.812451,1381,581
8.812589,1382,581
8.812683,1381,582
8.812728,1380,583
8.812886,1379,584
8.812916,1378,585
8.813017,1377,586
8.813092,1376,587
8.813158,1376,586
8.813218,1377,586
8.813327,1377,585
8.813432,1378,585
8.813447,1377,586
8.813460,1376,587
8.813470,1376,586
8.813582,1377,586
8.813628,1376,587
8.813874,1376,586
8.813887,1377,586
8.813953,1376,587
8.814159,1375,588
8.814445,1375,587
8.814578,1374,588
8.814791,1373,589
8.814802,1373,588
8.814810,1373,587
8.814823,1374,587
8.814842,1373,588
8.814864,1372,589
8.814960,1373,589
8.814985,1372,590
8.815021,1371,591
8.815256,1372,591
8.815414,1373,591
8.815436,1372,592
8.815567,1373,592
8.815582,1374,592
8.815593,1374,591
8.815630,1373,592
8.815692,1374,592
8.815752,1375,592
8.815876,1374,593
8.815931,1374,592
8.815936,1373,593
8.816047,1374,593
8.816094,1373,594
8.816111,1372,595
8.816126,1371,596
8.816152,1370,597
8.816164,1370,596
8.816185,1371,596
8.816226,1371,595
8.816226,1370,596
8.816302,1369,597
8.816336,1369,596
8.816427,1368,597
8.816461,1367,598
8.816590,1366,599
8.816599,1365,600
8.816716,1366,600
8.816721,1365,601
8.816735,1364,602
8.816771,1363,603
8.816808,1364,603
8.816811,1364,602
8.816832,1363,603
8.816863,1364,603
8.816889,1365,603
8.816939,1364,604
8.816988,1363,605
8.817159,1362,606
8.817296,1362,605
8.817339,1363,605
8.817482,1363,604
8.817853,1364,604
8.817859,1365,604
8.817882,1366,604
8.817908,1365,605
8.817931,1364,606
8.817961,1364,605
8.817965,1363,606
8.817999,1363,605
8.818058,1363,604
8.818276,1362,605
8.818337,1361,606
8.818441,1362,606
8.818463,1363,606
8.818612,1362,607
8.818765,1363,607
8.818777,1362,608
8.819042,1361,609
8.819073,1360,610
8.819090,1360,609
8.819164,1359,610
8.819173,1360,610
8.819179,1359,611
8.819448,1360,611
8.819467,1361,611
8.819518,1362,611
8.819528,1361,612
8.819580,1360,613
8.819613,1359,614
8.819875,1359,613
8.819901,1359,612
8.819932,1358,613
8.819992,1359,613
8.820058,1359,612
8.820074,1358,613
8.820161,1357,614
8.820196,1356,615
8.820258,1355,616
8.820274,1356,616
8.820365,1355,617
8.820408,1354,618
8.820416,1353,619
8.820528,1352,620
8.820547,1352,619
8.820549,1351,620
8.820565,1351,619
8.820565,1350,620
8.820577,1349,621
8.820743,1350,621
8.820947,1349,622
8.821003,1349,621
8.821044,1348,622
8.821143,1347,623
8.821234,1346,624
8.821330,1345,625
8.821392,1344,626
8.821469,1343,627
8.821478,1342,628
8.821531,1343,628
8.821549,1344,628
8.821599,1343,629
8.821639,1344,629
8.821645,1343,630
8.821747,1342,631
8.821834,1342,630
8.821904,1341,631
8.821983,1340,632
8.822076,1341,632
8.822128,1340,633
8.822190,1341,633
8.822287,1342,633
8.822297,1343,633
8.822309,1342,634
8.822340,1341,635
8.822363,1340,636
8.822464,1341,636
8.822485,1342,636
8.822513,1341,637
8.822582,1342,637
8.822619,1341,638
8.822668,1340,639
8.822756,1339,640
8.822790,1339,639
8.822802,1338,640
8.822872,1337,641
8.822934,1336,642
8.823069,1335,643
8.823072,1334,644
8.823111,1333,645
8.823233,1333,644
8.823335,1332,645
8.823376,1331,646
8.823408,1330,647
8.823562,1331,647
8.823582,1330,648
8.823861,1329,649
8.823877,1328,650
8.824291,1327,651
8.824353,1326,652
8.824416,1327,652
8.824430,1328,652
8.824443,1327,653
8.824514,1328,653
8.824519,1329,653
8.824521,1330,653
8.824594,1330,652
8.824643,1329,653
8.824663,1328,654
8.824685,1327,655
8.824694,1326,656
8.824827,1326,655
8.824836,1325,656
8.824877,1324,657
8.824963,1325,657
8.824977,1324,658
8.825038,1325,658
8.825116,1325,657
8.825239,1324,658
8.825278,1325,658
8.825331,1326,658
8.825331,1325,659
8.825429,1326,659
8.825481,1325,660
8.825561,1324,661
8.825577,1325,661
8.825740,1324,662
8.825802,1323,663
8.825849,1324,663
8.825877,1325,663
8.825920,1324,664
8.826011,1324,663
8.826072,1323,664
8.826151,1324,664
8.826181,1325,664
8.826247,1325,663
8.826470,1326,663
8.826517,1325,664
8.826643,1324,665
8.827026,1323,666
8.827035,1322,667
8.827085,1321,668
8.827269,1321,667
8.827277,1321,666
8.827327,1320,667
8.827334,1320,666
8.827479,1320,665
8.827479,1319,666
8.827482,1318,667
8.827546,1317,668
8.827650,1316,669
8.827728,1315,670
8.827732,1316,670
8.827840,1316,669
8.827962,1316,668
8.827965,1315,669
8.827997,1315,668
8.828020,1314,669
8.828102,1315,669
8.828133,1316,669
8.828213,1317,669
8.828307,1316,670
8.828363,1315,671
8.828365,1315,670
8.828528,1314,671
8.828614,1315,671
8.828632,1314,672
8.828643,1313,673
8.828652,1312,674
8.828720,1311,675
8.828735,1311,674
8.828749,1311,673
8.828778,1311,672
8.829003,1310,673
8.829199,1311,673
8.829247,1310,674
8.829282,1309,675
8.829307,1309,674
8.829360,1308,675
8.829374,1307,676
8.829412,1306,677
8.829452,1305,678
8.829511,1304,679
8.829589,1303,680
8.829672,1302,681
8.829752,1301,682
8.829934,1300,683
8.830089,1300,682
8.830150,1299,683
8.830209,1299,682
8.830280,1300,682
8.830300,1299,683
8.830345,1298,684
8.830476,1297,685
8.830532,1296,686
8.830576,1295,687
8.830674,1295,686
8.830746,1294,687
8.830774,1293,688
8.830888,1293,687
8.830904,1292,688
8.830961,1293,688
8.831070,1294,688
8.831072,1295,688
8.831167,1294,689
8.831196,1293,690
8.831228,1292,691
8.831352,1293,691
8.831547,1292,692
8.831572,1291,693
8.831658,1292,693
8.831683,1292,692
8.831722,1291,693
8.831734,1290,694
8.831806,1289,695
8.831823,1288,696
8.831947,1289,696
8.831955,1289,695
8.831985,1289,694
8.832025,1289,693
8.832069,1290,693
8.832101,1290,692
8.832109,1291,692
8.832167,1292,692
8.832186,1291,693
8.832246,1291,692
8.832255,1292,692
8.832348,1292,691
8.832359,1291,692
8.832605,1290,693
8.832611,1289,694
8.832671,1288,695
8.832859,1288,694
8.832912,1289,694
8.832925,1288,695
8.832949,1287,696
8.832972,1286,697
8.833020,1285,698
8.833022,1284,699
8.833121,1283,700
8.833187,1284,700
8.833229,1283,701
8.833290,1284,701
8.833312,1285,701
8.833325,1286,701
8.833342,1286,700
8.833380,1287,700
8.833381,1286,701
8.833427,1285,702
8.833537,1285,701
8.833629,1284,702
8.833698,1283,703
8.833844,1282,704
8.833941,1281,705
8.833949,1280,706
8.834032,1279,707
8.834103,1280,707
8.834189,1280,706
8.834325,1280,705
8.834328,1280,704
8.834346,1280,703
8.834363,1280,702
8.834370,1279,703
8.834392,1278,704
8.834451,1279,704
8.834549,1278,705
8.834559,1279,705
8.834563,1278,706
8.834588,1279,706
8.834643,1278,707
8.834693,1279,707
8.834746,1278,708
8.834749,1277,709
8.834749,1276,710
8.834803,1275,711
8.834839,1274,712
8.834931,1275,712
8.835001,1274,713
8.835008,1273,714
8.835010,1273,713
8.835092,1273,712
8.835118,1273,711
8.835222,1272,712
8.835264,1271,713
8.835282,1272,713
8.835292,1271,714
8.835395,1270,715
8.835455,1269,716
8.835485,1270,716
8.835740,1269,717
8.835861,1268,718
8.835900,1267,719
8.835947,1266,720
8.835980,1265,721
8.836013,1264,722
8.836014,1265,722
8.836072,1265,721
8.836075,1264,722
8.836151,1263,723
8.836163,1262,724
8.836182,1263,724
8.836316,1264,724
8.836395,1263,725
8.836403,1262,726
8.836464,1261,727
8.836571,1260,728
8.836846,1261,728
8.836895,1260,729
8.836895,1260,728
8.836903,1259,729
8.836953,1258,730
8.836962,1258,729
8.836967,1257,730
8.836970,1258,730
8.836975,1257,731
8.837032,1256,732
8.837041,1255,733
8.837127,1255,732
8.837166,1254,733
8.837231,1253,734
8.837245,1253,733
8.837396,1253,732
8.837505,1252,733
8.837565,1251,734
8.837711,1250,735
8.837773,1249,736
8.837808,1250,736
8.837821,1250,735
8.837872,1249,736
8.837903,1248,737
8.838121,1248,736
8.838190,1247,737
8.838283,1246,738
8.838328,1247,738
8.838382,1246,739
8.838445,1245,740
8.838489,1244,741
8.838535,1245,741
8.838561,1244,742
8.838581,1245,742
8.838620,1244,743
8.838653,1244,742
8.838699,1243,743
8.838699,1242,744
8.838727,1241,745
8.838769,1242,745
8.838781,1243,745
8.838790,1244,745
8.838826,1245,745
8.838837,1245,744
8.838841,1244,745
8.838848,1243,746
8.838906,1242,747
8.838969,1243,747
8.839073,1242,748
8.839136,1241,749
8.839183,1240,750
8.839360,1239,751
8.839521,1238,752
8.839532,1237,753
8.839568,1236,754
8.839673,1237,754
8.839835,1238,754
8.839903,1237,755
8.839915,1236,756
8.839922,1235,757
8.839926,1236,757
8.839930,1235,758
8.839981,1234,759
8.839994,1235,759
8.840010,1234,760
8.840058,1234,759
8.840074,1233,760
8.840109,1232,761
8.840141,1233,761
8.840266,1232,762
8.840294,1231,763
8.840475,1231,762
8.840526,1232,762
8.840546,1231,763
8.840547,1230,764
8.840550,1229,765
8.840595,1229,764
8.840623,1228,765
8.840684,1229,765
8.840717,1229,764
8.840752,1228,765
8.840871,1229,765
8.840940,1228,766
8.841073,1228,765
8.841151,1227,766
8.841163,1226,767
8.841165,1225,768
8.841189,1224,769
8.841224,1223,770
8.841227,1222,771
8.841263,1221,772
8.841325,1220,773
8.841387,1219,774
8.841466,1219,773
8.841513,1219,772
8.841523,1219,771
8.841528,1219,770
8.841615,1218,771
8.841811,1217,772
8.841814,1216,773
8.841885,1215,774
8.841923,1214,775
8.842153,1215,775
8.842456,1214,776
8.842532,1213,777
8.842589,1212,778
8.842710,1211,779
8.842812,1210,780
8.842869,1211,780
8.842921,1212,780
8.842975,1211,781
8.843014,1210,782
8.843055,1209,783
8.843068,1209,782
8.843087,1209,781
8.843112,1208,782
8.843113,1208,781
8.843183,1209,781
8.843273,1208,782
8.843273,1207,783
8.843316,1206,784
8.843379,1205,785
8.843432,1204,786
8.843460,1205,786
8.843520,1205,785
8.843574,1204,786
8.843675,1205,786
8.843685,1204,787
8.843719,1203,788
8.843742,1203,787
8.843781,1202,788
8.843782,1201,789
8.843845,1202,789
8.843851,1201,790
8.843994,1200,791
8.844109,1199,792
8.844175,1198,793
8.844473,1197,794
8.844557,1196,795
8.844566,1196,794
8.844575,1195,795
8.844578,1194,796
8.844608,1195,796
8.844655,1195,795
8.844662,1195,794
8.844674,1194,795
8.844763,1193,796
8.844885,1194,796
8.845012,1193,797
8.845333,1193,796
8.845343,1194,796
8.845425,1195,796
8.845561,1195,795
8.845805,1195,794
8.845817,1195,793
8.845847,1196,793
8.845849,1195,794
8.845900,1196,794
8.845967,1195,795
8.846029,1194,796
8.846043,1195,796
8.846084,1195,795
8.846387,1195,794
8.846400,1195,793
8.846428,1194,794
8.846445,1194,793
8.846505,1193,794
8.846544,1192,795
8.846572,1193,795
8.846577,1194,795
8.846649,1195,795
8.846673,1194,796
8.846711,1193,797
8.846892,1192,798
8.847016,1191,799
8.847103,1190,800
8.847185,1189,801
8.847212,1190,801
8.847288,1191,801
8.847322,1192,801
8.847337,1192,800
8.847426,1191,801
8.847441,1190,802
8.847484,1189,803
8.847593,1189,802
8.847665,1188,803
8.847670,1188,802
8.847710,1188,801
8.847795,1187,802
8.847801,1187,801
8.847822,1188,801
8.847860,1187,802
8.847975,1186,803
8.848111,1187,803
8.848125,1186,804
8.848128,1187,804
8.848212,1187,803
8.848308,1186,804
8.848322,1185,805
8.848359,1186,805
8.848391,1185,806
8.848472,1184,807
8.848492,1184,806
8.848494,1185,806
8.848508,1184,807
8.848729,1185,807
8.848752,1185,806
8.848801,1184,807
8.848818,1183,808
8.848841,1182,809
8.848896,1182,808
8.848908,1181,809
8.848932,1181,808
8.849016,1180,809
8.849050,1179,810
8.849081,1178,811
8.849111,1177,812
8.849124,1176,813
8.849146,1175,814
8.849172,1174,815
8.849221,1173,816
8.849365,1174,816
8.849404,1174,815
8.849608,1173,816
8.849698,1172,817
8.849770,1171,818
8.849797,1171,817
8.849955,1170,818
8.850025,1169,819
8.850032,1168,820
8.850045,1169,820
8.850075,1168,821
8.850133,1169,821
8.850149,1168,822
8.850229,1169,822
8.850357,1168,823
8.850429,1168,822
8.850459,1167,823
8.850809,1166,824
8.850875,1165,825
8.850965,1164,826
8.850978,1163,827
8.851014,1163,826
8.851088,1162,827
8.851159,1161,828
8.851180,1160,829
8.851349,1160,828
8.851391,1161,828
8.851547,1162,828
8.851557,1161,829
8.851607,1160,830
8.851617,1159,831
8.851620,1158,832
8.851828,1159,832
8.851886,1160,832
8.851975,1159,833
8.852008,1158,834
8.852053,1158,833
8.852114,1157,834
8.852121,1156,835
8.852145,1156,834
8.852217,1157,834
8.852398,1158,834
8.852603,1157,835
8.852605,1157,834
8.852640,1158,834
8.852651,1159,834
8.852653,1160,834
8.852703,1160,833
8.852721,1161,833
8.852756,1160,834
8.852757,1160,833
8.852776,1159,834
8.852898,1159,833
8.852903,1159,832
8.852911,1158,833
8.852931,1157,834
8.852933,1158,834
8.853021,1159,834
8.853103,1158,835
8.853172,1157,836
8.853200,1156,837
8.853202,1156,836
8.853255,1157,836
8.853255,1156,837
8.853315,1156,836
8.853340,1155,837
8.853366,1155,836
8.853452,1155,835
8.853511,1154,836
8.853534,1155,836
8.853570,1155,835
8.853601,1156,835
8.853683,1156,834
8.853688,1155,835
8.853690,1154,836
8.853717,1154,835
8.853825,1153,836
8.853896,1153,835
8.854006,1154,835
8.854265,1155,835
8.854305,1154,836
8.854395,1153,837
8.854433,1152,838
8.854474,1151,839
8.854544,1150,840
8.854551,1150,839
8.854570,1151,839
8.854606,1152,839
8.854689,1153,839
8.854697,1153,838
8.854890,1153,837
8.854978,1154,837
8.854983,1153,838
8.854998,1152,839
8.855015,1152,838
8.855111,1151,839
8.855137,1151,838
8.855317,1152,838
8.855344,1152,837
8.855353,1152,836
8.855476,1152,835
8.855486,1151,836
8.855728,1150,837
8.855772,1150,836
8.855790,1150,835
8.855828,1151,835
8.855884,1150,836
8.855911,1149,837
8.855946,1150,837
8.855961,1150,836
8.855974,1151,836
8.856009,1151,835
8.856015,1150,836
8.856028,1149,837
8.856121,1148,838
8.856275,1148,837
8.856311,1147,838
8.856507,1148,838
8.856546,1147,839
8.856617,1146,840
8.856631,1145,841
8.856686,1144,842
8.856705,1143,843
8.856716,1143,842
8.856738,1143,841
8.856904,1144,841
8.856926,1143,842
8.856945,1142,843
8.856989,1141,844
8.857178,1140,845
8.857222,1139,846
8.857459,1140,846
8.857565,1139,847
8.857586,1140,847
8.857592,1140,846
8.857622,1139,847
8.857677,1138,848
8.857720,1139,848
8.857733,1138,849
8.857796,1138,848
8.857836,1139,848
8.857874,1139,847
8.857881,1140,847
8.857898,1140,846
8.857918,1139,847
8.857961,1140,847
8.857967,1140,846
8.857979,1140,845
8.858236,1140,844
8.858262,1139,845
8.858274,1140,845
8.858339,1139,846
8.858377,1138,847
8.858393,1139,847
8.858626,1138,848
8.858653,1137,849
8.858723,1136,850
8.858766,1135,851
8.858803,1136,851
8.858828,1135,852
8.858970,1136,852
8.859023,1135,853
8.859173,1135,852
8.859214,1134,853
8.859235,1133,854
8.859262,1132,855
8.859292,1132,854
8.859305,1131,855
8.859439,1130,856
8.859527,1130,855
8.859670,1129,856
8.859690,1130,856
8.859698,1129,857
8.859708,1128,858
8.859768,1127,859
8.859789,1126,860
8.859842,1125,861
8.859853,1124,862
8.859972,1125,862
8.859993,1126,862
8.860044,1125,863
8.860182,1125,862
8.860198,1124,863
8.860265,1123,864
8.860325,1122,865
8.860364,1122,864
8.860367,1122,863
8.860369,1121,864
8.860409,1120,865
8.860538,1119,866
8.860564,1118,867
8.860610,1117,868
8.860668,1118,868
8.860697,1119,868
8.860756,1120,868
8.860763,1119,869
8.860803,1118,870
8.860908,1117,871
8.860947,1118,871
8.860970,1117,872
8.861060,1117,871
8.861062,1116,872
8.861258,1117,872
8.861370,1116,873
8.861379,1117,873
8.861581,1116,874
8.861585,1117,874
8.861628,1116,875
8.861630,1117,875
8.861819,1116,876
8.861867,1115,877
8.861904,1114,878
8.861912,1113,879
8.861923,1114,879
8.861941,1113,880
8.861996,1112,881
8.862057,1111,882
8.862094,1110,883
8.862221,1109,884
8.862259,1108,885
8.862302,1107,886
8.862434,1108,886
8.862448,1107,887
8.862519,1106,888
8.862539,1105,889
8.862569,1104,890
8.862589,1105,890
8.862600,1106,890
8.862610,1106,889
8.862670,1105,890
8.862678,1104,891
8.862734,1103,892
8.862768,1102,893
8.862806,1101,894
8.862830,1102,894
8.862938,1101,895
8.863162,1102,895
8.863173,1101,896
8.863180,1101,895
8.863255,1102,895
8.863273,1101,896
8.863338,1100,897
8.863424,1100,896
8.863541,1100,895
8.863588,1099,896
8.863728,1098,897
8.863800,1097,898
8.863860,1096,899
8.863867,1095,900
8.864145,1095,899
8.864312,1094,900
8.864330,1093,901
8.864335,1092,902
8.864360,1091,903
8.864377,1090,904
8.864462,1091,904
8.864487,1091,903
8.864505,1091,902
8.864544,1092,902
8.864569,1093,902
8.864597,1092,903
8.864603,1093,903
8.864755,1094,903
8.864775,1093,904
8.864813,1093,903
8.864823,1092,904
8.864873,1091,905
8.864894,1091,904
8.865085,1090,905
8.865184,1089,906
8.865262,1089,905
8.865313,1089,904
8.865349,1089,903
8.865370,1089,902
8.865424,1089,901
8.865526,1088,902
8.865544,1089,902
8.865568,1088,903
8.865607,1089,903
8.865741,1088,904
8.865883,1088,903
8.865905,1087,904
8.866116,1086,905
8.866277,1085,906
8.866352,1085,905
8.866380,1085,904
8.866450,1084,905
8.866592,1083,906
8.866601,1084,906
8.866613,1083,907
8.866617,1082,908
8.866624,1081,909
8.866738,1081,908
8.866742,1082,908
8.866800,1081,909
8.866883,1082,909
8.866945,1081,910
8.867001,1082,910
8.867024,1081,911
8.867035,1080,912
8.867111,1079,913
8.867147,1078,914
8.867395,1077,915
8.867414,1076,916
8.867415,1077,916
8.867442,1077,915
8.867468,1076,916
8.867482,1077,916
8.867531,1076,917
8.867625,1075,918
8.867640,1075,917
8.867671,1074,918
8.867729,1075,918
8.867742,1074,919
8.867780,1073,920
8.867780,1072,921
8.867807,1071,922
8.867835,1070,923
8.867891,1069,924
8.867923,1070,924
8.868054,1070,923
8.868072,1071,923
8.868230,1070,924
8.868297,1069,925
8.868431,1070,925
8.868706,1071,925
8.868718,1071,924
8.868979,1070,925
8.869123,1069,926
8.869266,1068,927
8.869291,1067,928
8.869539,1066,929
8.869621,1065,930
8.869813,1064,931
8.869893,1063,932
8.869945,1063,931
8.869998,1062,932
8.870029,1061,933
8.870233,1060,934
8.870343,1059,935
8.870454,1059,934
8.870488,1059,933
8.870542,1058,934
8.870643,1057,935
8.870719,1058,935
8.870724,1057,936
8.870831,1057,935
8.870853,1057,934
8.870885,1057,933
8.871026,1056,934
8.871071,1055,935
8.871105,1054,936
8.871108,1053,937
8.871158,1054,937
8.871203,1054,936
8.871227,1054,935
8.871496,1055,935
8.871539,1055,934
8.871571,1054,935
8.871609,1053,936
8.871727,1052,937
8.871839,1051,938
8.871858,1050,939
8.872047,1051,939
8.872106,1052,939
8.872217,1051,940
8.872259,1050,941
8.872366,1051,941
8.872408,1050,942
8.872538,1049,943
8.872648,1048,944
8.872692,1048,943
8.872708,1049,943
8.872835,1048,944
8.872850,1049,944
8.872853,1050,944
8.873083,1049,945
8.873087,1048,946
8.873140,1047,947
8.873194,1047,946
8.873217,1046,947
8.873225,1046,946
8.873277,1045,947
8.873292,1044,948
8.873344,1045,948
8.873399,1046,948
8.873408,1045,949
8.873478,1044,950
8.873483,1043,951
8.873556,1042,952
8.873607,1041,953
8.873638,1041,952
8.873642,1040,953
8.873805,1041,953
8.873807,1040,954
8.873813,1039,955
8.873914,1040,955
8.873920,1040,954
8.873945,1039,955
8.873966,1038,956
8.873976,1039,956
8.874034,1038,957
8.874047,1038,956
8.874155,1037,957
8.874155,1036,958
8.874212,1035,959
8.874291,1034,960
8.874298,1035,960
8.874309,1036,960
8.874349,1035,961
8.874370,1036,961
8.874575,1035,962
8.874630,1035,961
8.874651,1035,960
8.874680,1034,961
8.874727,1034,960
8.874744,1033,961
8.874747,1033,960
8.874876,1032,961
8.874927,1033,961
8.874986,1032,962
8.875221,1031,963
8.875262,1031,962
8.875402,1030,963
8.875431,1030,962
8.875446,1029,963
8.875516,1030,963
8.875532,1029,964
8.875559,1029,963
8.875639,1028,964
8.875734,1027,965
8.875746,1026,966
8.875766,1027,966
8.875791,1026,967
8.875892,1025,968
8.875912,1026,968
8.875937,1025,969
8.876015,1024,970
8.876019,1023,971
8.876023,1022,972
8.876078,1021,973
8.876135,1022,973
8.876148,1021,974
8.876171,1022,974
8.876174,1023,974
8.876201,1022,975
8.876234,1021,976
8.876273,1020,977
8.876287,1020,976
8.876311,1019,977
8.876359,1018,978
8.876562,1018,977
8.876704,1019,977
8.876779,1020,977
8.876814,1019,978
8.876862,1018,979
8.876878,1018,978
8.876969,1019,978
8.877034,1018,979
8.877091,1019,979
8.877129,1018,980
8.877156,1018,979
8.877171,1017,980
8.877210,1016,981
8.877239,1016,980
8.877256,1017,980
8.877274,1018,980
8.877292,1017,981
8.877317,1016,982
8.877428,1015,983
8.877447,1014,984
8.877602,1014,983
8.877607,1013,984
8.877700,1012,985
8.877770,1011,986
8.877786,1012,986
8.877787,1011,987
8.877832,1010,988
8.877953,1009,989
8.878044,1008,990
8.878056,1008,989
8.878102,1007,990
8.878123,1007,989
8.878136,1006,990
8.878276,1005,991
8.878296,1006,991
8.878348,1005,992
8.878395,1006,992
8.878497,1007,992
8.878553,1006,993
8.878587,1005,994
8.878624,1005,993
8.878745,1004,994
8.878819,1004,993
8.878863,1003,994
8.878888,1003,993
8.878939,1002,994
8.878972,1001,995
8.879071,1000,996
8.879116,1000,995
8.879156,999,996
8.879170,998,997
8.879180,998,996
8.879268,997,997
8.879284,996,998
8.879343,995,999
8.879439,994,1000
8.879502,993,1001
8.879590,992,1002
8.879636,993,1002
8.879709,993,1001
8.879716,992,1002
8.879851,993,1002
8.879877,992,1003
8.879938,993,1003
8.879966,993,1002
8.880173,992,1003
8.880236,992,1002
8.880277,992,1001
8.880335,991,1002
8.880387,991,1001
8.880455,990,1002
8.880492,989,1003
8.880573,989,1002
8.880642,989,1001
8.880655,988,1002
8.880697,987,1003
8.880759,986,1004
8.880825,986,1003
8.880869,986,1002
8.880907,987,1002
8.880987,986,1003
8.881074,986,1002
8.881087,987,1002
8.881100,986,1003
8.881170,986,1002
8.881187,987,1002
8.881233,986,1003
8.881240,986,1002
8.881244,986,1001
8.881248,987,1001
8.881342,986,1002
8.881373,985,1003
8.881382,984,1004
8.881432,983,1005
8.881444,982,1006
8.881467,982,1005
8.881482,981,1006
8.881554,980,1007
8.881617,979,1008
8.881656,978,1009
8.881687,977,1010
8.881724,976,1011
8.881728,976,1010
8.881750,976,1009
8.881755,977,1009
8.881882,977,1008
8.881965,977,1007
8.881977,977,1006
8.882011,976,1007
8.882233,976,1006
8.882255,977,1006
8.882312,976,1007
8.882458,976,1006
8.882491,975,1007
8.882496,974,1008
8.882578,975,1008
8.882642,975,1007
8.882644,975,1006
8.882655,974,1007
8.882822,974,1006
8.882863,974,1005
8.882894,973,1006
8.882936,973,1005
8.882937,974,1005
8.882984,973,1006
8.882989,973,1005
8.883002,973,1004
8.883124,973,1003
8.883178,973,1002
8.883189,972,1003
8.883204,971,1004
8.883242,970,1005
8.883390,969,1006
8.883418,968,1007
8.883503,969,1007
8.883527,970,1007
8.883600,969,1008
8.883681,968,1009
8.883687,967,1010
8.883726,967,1009
8.883754,968,1009
8.883758,968,1008
8.883848,968,1007
8.883859,967,1008
8.883883,966,1009
8.883911,967,1009
8.883944,966,1010
8.883989,965,1011
8.883993,966,1011
8.884039,965,1012
8.884042,964,1013
8.884093,964,1012
8.884218,963,1013
8.884255,962,1014
8.884387,962,1013
8.884537,962,1012
8.884562,963,1012
8.884590,963,1011
8.884692,964,1011
8.884741,963,1012
8.884915,963,1011
8.885021,963,1010
8.885077,962,1011
8.885087,963,1011
8.885116,962,1012
8.885120,962,1011
8.885354,961,1012
8.885380,961,1011
8.885411,960,1012
8.885446,959,1013
8.885557,958,1014
8.885644,958,1013
8.885655,957,1014
8.885772,956,1015
8.886182,955,1016
8.886288,954,1017
8.886445,955,1017
8.886477,955,1016
8.886496,955,1015
8.886567,955,1014
8.886580,954,1015
8.886684,953,1016
8.886696,952,1017
8.886829,951,1018
8.886861,951,1017
8.886896,950,1018
8.886923,950,1017
8.886925,951,1017
8.886929,951,1016
8.887018,951,1015
8.887047,952,1015
8.887169,952,1014
8.887266,951,1015
8.887473,950,1016
8.887518,950,1015
8.887557,949,1016
8.887616,950,1016
8.887706,949,1017
8.887723,949,1016
8.887866,948,1017
8.887948,949,1017
8.888025,948,1018
8.888030,947,1019
8.888038,946,1020
8.888122,945,1021
8.888159,944,1022
8.888184,943,1023
8.888261,943,1022
8.888293,942,1023
8.888345,943,1023
8.888346,942,1024
8.888461,941,1025
8.888548,940,1026
8.888578,940,1025
8.888591,940,1024
8.888756,939,1025
8.888765,938,1026
8.888847,939,1026
8.888883,939,1025
8.889094,939,1024
8.889098,938,1025
8.889137,937,1026
8.889141,936,1027
8.889159,935,1028
8.889219,934,1029
8.889234,933,1030
8.889271,934,1030
8.889324,933,1031
8.889329,932,1032
8.889359,931,1033
8.889432,930,1034
8.889451,929,1035
8.889508,928,1036
8.889529,927,1037
8.889656,926,1038
8.889817,926,1037
8.889887,925,1038
8.889928,924,1039
8.889968,923,1040
8.889998,922,1041
8.890019,921,1042
8.890113,921,1041
8.890142,922,1041
8.890194,922,1040
8.890223,922,1039
8.890291,923,1039
8.890348,923,1038
8.890394,922,1039
8.890449,922,1038
8.890466,921,1039
8.890641,920,1040
8.890685,919,1041
8.890693,920,1041
8.890735,919,1042
8.890772,918,1043
8.890802,919,1043
8.890824,918,1044
8.890897,918,1043
8.890922,917,1044
8.890945,917,1043
8.890952,916,1044
8.891012,917,1044
8.891042,916,1045
8.891046,917,1045
8.891056,916,1046
8.891132,916,1045
8.891152,917,1045
8.891186,917,1044
8.891204,917,1043
8.891248,916,1044
8.891263,915,1045
8.891286,916,1045
8.891331,916,1044
8.891480,915,1045
8.891490,914,1046
8.891497,913,1047
8.891629,913,1046
8.891638,912,1047
8.891680,912,1046
8.891704,911,1047
8.891723,912,1047
8.891785,912,1046
8.891797,912,1045
8.891988,911,1046
8.892017,910,1047
8.892075,910,1046
8.892098,910,1045
8.892137,909,1046
8.892141,908,1047
8.892164,907,1048
8.892258,906,1049
8.892297,906,1048
8.892351,905,1049
8.892392,904,1050
8.892453,904,1049
8.892526,903,1050
8.892664,904,1050
8.892716,905,1050
8.892740,906,1050
8.892783,905,1051
8.892784,904,1052
8.892796,904,1051
8.892861,903,1052
8.892861,902,1053
8.892935,901,1054
8.892956,901,1053
8.892971,902,1053
8.892992,901,1054
8.893111,900,1055
8.893234,900,1054
8.893252,900,1053
8.893279,901,1053
8.893347,900,1054
8.893401,901,1054
8.893633,901,1053
8.893670,900,1054
8.893679,899,1055
8.893692,899,1054
8.893752,898,1055
8.893785,898,1054
8.893796,897,1055
8.893834,897,1054
8.893854,898,1054
8.893923,898,1053
8.893932,897,1054
8.894019,898,1054
8.894068,897,1055
8.894105,897,1054
8.894121,896,1055
8.894163,897,1055
8.894295,897,1054
8.894416,897,1053
8.894568,896,1054
8.894718,895,1055
8.894736,895,1054
8.894763,894,1055
8.894780,893,1056
8.894813,892,1057
8.894944,892,1056
8.895062,891,1057
8.895087,890,1058
8.895105,891,1058
8.895125,891,1057
8.895178,890,1058
8.895195,890,1057
8.895231,890,1056
8.895295,889,1057
8.895300,889,1056
8.895335,888,1057
8.895364,887,1058
8.895393,886,1059
8.895409,885,1060
8.895415,884,1061
8.895435,883,1062
8.895446,882,1063
8.895617,881,1064
8.895660,882,1064
8.895719,881,1065
8.895739,880,1066
8.895773,879,1067
8.895825,878,1068
8.895890,877,1069
8.895912,876,1070
8.895930,875,1071
8.895965,875,1070
8.895996,874,1071
8.896061,875,1071
8.896284,875,1070
8.896299,874,1071
8.896330,874,1070
8.896370,873,1071
8.896449,873,1070
8.896466,872,1071
8.896513,871,1072
8.896573,870,1073
8.896590,871,1073
8.896592,870,1074
8.896631,870,1073
8.896662,869,1074
8.896665,868,1075
8.896785,868,1074
8.896789,867,1075
8.896800,866,1076
8.896929,865,1077
8.896960,865,1076
8.897007,865,1075
8.897048,865,1074
8.897084,865,1073
8.897135,864,1074
8.897221,863,1075
8.897299,863,1074
8.897315,862,1075
8.897483,861,1076
8.897627,860,1077
8.897658,859,1078
8.897776,859,1077
8.897827,859,1076
8.897877,859,1075
8.897898,858,1076
8.897976,857,1077
8.897977,857,1076
8.898005,856,1077
8.898013,855,1078
8.898040,854,1079
8.898133,853,1080
8.898321,852,1081
8.898345,853,1081
8.898377,852,1082
8.898385,851,1083
8.898455,850,1084
8.898517,849,1085
8.898618,850,1085
8.898668,851,1085
8.898681,852,1085
8.898696,852,1084
8.898761,851,1085
8.898769,850,1086
8.898878,850,1085
8.898881,850,1084
8.899012,849,1085
8.899055,848,1086
8.899083,847,1087
8.899109,848,1087
8.899138,848,1086
8.899181,848,1085
8.899345,848,1084
8.899537,849,1084
8.899699,848,1085
8.899753,847,1086
8.899764,847,1085
8.899773,847,1084
8.899783,846,1085
8.899829,845,1086
8.899865,844,1087
8.899895,844,1086
8.899903,845,1086
8.899943,844,1087
8.899964,843,1088
8.900091,844,1088
8.900104,843,1089
8.900207,842,1090
8.900234,841,1091
8.900272,840,1092
8.900280,841,1092
8.900290,841,1091
8.900341,840,1092
8.900368,840,1091
8.900395,839,1092
8.900396,839,1091
8.900449,838,1092
8.900473,838,1091
8.900492,839,1091
8.900514,838,1092
8.900616,838,1091
8.900667,837,1092
8.900682,837,1091
8.900744,836,1092
8.900774,837,1092
8.900862,837,1091
8.900884,837,1090
8.900892,836,1091
8.900992,835,1092
8.901000,836,1092
8.901000,837,1092
8.901028,837,1091
8.901133,836,1092
8.901135,835,1093
8.901347,836,1093
8.901444,835,1094
8.901578,834,1095
8.901617,833,1096
8.901737,832,1097
8.901780,831,1098
8.901904,831,1097
8.901914,832,1097
8.901925,831,1098
8.901944,831,1097
8.902017,830,1098
8.902024,831,1098
8.902071,830,1099
8.902086,830,1098
8.902104,830,1097
8.902191,830,1096
8.902206,831,1096
8.902216,831,1095
8.902290,830,1096
8.902412,831,1096
8.902422,831,1095
8.902528,830,1096
8.902530,831,1096
8.902744,830,1097
8.902811,831,1097
8.902830,831,1096
8.902856,830,1097
8.902939,829,1098
8.902970,828,1099
8.903016,828,1098
8.903036,828,1097
8.903081,827,1098
8.903181,827,1097
8.903212,827,1096
8.903219,828,1096
8.903269,828,1095
8.903276,827,1096
8.903292,827,1095
8.903307,826,1096
8.903312,826,1095
8.903366,825,1096
8.903388,825,1095
8.903420,826,1095
8.903502,827,1095
8.903585,826,1096
8.903592,827,1096
8.903623,826,1097
8.903778,825,1098
8.903794,825,1097
8.903794,826,1097
8.903803,825,1098
8.903877,826,1098
8.903921,826,1097
8.903932,826,1096
8.904134,826,1095
8.904142,825,1096
8.904159,824,1097
8.904162,823,1098
8.904166,822,1099
8.904181,822,1098
8.904239,821,1099
8.904355,820,1100
8.904450,819,1101
8.904478,818,1102
8.904489,818,1101
8.904524,817,1102
8.904534,818,1102
8.904766,818,1101
8.904823,818,1100
8.904874,817,1101
8.904926,816,1102
8.904927,815,1103
8.904937,814,1104
8.904940,814,1103
8.904949,813,1104
8.905000,812,1105
8.905346,812,1104
8.905436,813,1104
8.905459,813,1103
8.905509,813,1102
8.905512,812,1103
8.905515,811,1104
8.905528,810,1105
8.905540,809,1106
8.905699,808,1107
8.905758,807,1108
8.905853,808,1108
8.905979,809,1108
8.906132,809,1107
8.906159,808,1108
8.906204,807,1109
8.906211,806,1110
8.906248,806,1109
8.906268,806,1108
8.906305,806,1107
8.906333,805,1108
8.906524,804,1109
8.906536,803,1110
8.906558,803,1109
8.906662,804,1109
8.906711,804,1108
8.906742,805,1108
8.906850,805,1107
8.906863,804,1108
8.907012,803,1109
8.907021,804,1109
8.907083,803,1110
8.907100,803,1109
8.907205,804,1109
8.907262,804,1108
8.907270,803,1109
8.907295,803,1108
8.907382,802,1109
8.907433,803,1109
8.907512,802,1110
8.907626,802,1109
8.907763,803,1109
8.907812,803,1108
8.907910,802,1109
8.907912,801,1110
8.908014,800,1111
8.908050,801,1111
8.908050,800,1112
8.908105,801,1112
8.908308,800,1113
8.908353,800,1112
8.908482,799,1113
8.908543,798,1114
8.908578,799,1114
8.908654,799,1113
8.908785,799,1112
8.908835,798,1113
8.908843,797,1114
8.908860,798,1114
8.908886,797,1115
8.909022,798,1115
8.909036,797,1116
8.909073,796,1117
8.909095,797,1117
8.909107,796,1118
8.909179,797,1118
8.909212,798,1118
8.909284,797,1119
8.909334,797,1118
8.909354,796,1119
8.909393,795,1120
8.909472,794,1121
8.909539,794,1120
8.909609,793,1121
8.909612,792,1122
8.909714,792,1121
8.909716,791,1122
8.909808,790,1123
8.909940,789,1124
8.909992,790,1124
8.909995,789,1125
8.910019,788,1126
8.910045,788,1125
8.910202,787,1126
8.910238,787,1125
8.910261,786,1126
8.910266,785,1127
8.910410,784,1128
8.910460,783,1129
8.910514,782,1130
8.910571,782,1129
8.910672,781,1130
8.910720,780,1131
8.910801,781,1131
8.910840,782,1131
8.910875,783,1131
8.910936,783,1130
8.910965,783,1129
8.911075,783,1128
8.911254,783,1127
8.911365,784,1127
8.911426,783,1128
8.911443,782,1129
8.911490,783,1129
8.911498,784,1129
8.911563,783,1130
8.911585,782,1131
8.911607,782,1130
8.911670,781,1131
8.911699,781,1130
8.911779,780,1131
8.911907,780,1130
8.911910,779,1131
8.912063,779,1130
8.912065,778,1131
8.912159,777,1132
8.912161,777,1131
8.912201,777,1130
8.912265,776,1131
8.912345,776,1130
8.912435,776,1129
8.912455,775,1130
8.912468,774,1131
8.912469,773,1132
8.912576,772,1133
8.912585,771,1134
8.912586,770,1135
8.912627,769,1136
8.912650,768,1137
8.912702,767,1138
8.912819,767,1137
8.912843,766,1138
8.912850,765,1139
8.912865,764,1140
8.912995,763,1141
8.913222,762,1142
8.913247,761,1143
8.913294,760,1144
8.913364,759,1145
8.913424,759,1144
8.913500,759,1143
8.913515,758,1144
8.913527,759,1144
8.913538,758,1145
8.913556,757,1146
8.913706,756,1147
8.913724,757,1147
8.913844,756,1148
8.913854,756,1147
8.913866,756,1146
8.913887,755,1147
8.914081,756,1147
8.914102,755,1148
8.914149,756,1148
8.914159,755,1149
8.914171,754,1150
8.914324,754,1149
8.914460,754,1148
8.914506,753,1149
8.914636,752,1150
8.914699,752,1149
8.914706,752,1148
8.914784,751,1149
8.914918,751,1148
8.914949,750,1149
8.915042,750,1148
8.915063,750,1147
8.915186,749,1148
8.915206,749,1147
8.915261,749,1146
8.915296,748,1147
8.915428,747,1148
8.915444,747,1147
8.915499,746,1148
8.915516,745,1149
8.915522,744,1150
8.915527,744,1149
8.915575,745,1149
8.915616,745,1148
8.915720,744,1149
8.915729,744,1148
8.915766,744,1147
8.915788,743,1148
8.915818,742,1149
8.915881,741,1150
8.916010,741,1149
8.916136,740,1150
8.916144,740,1149
8.916281,739,1150
8.916293,739,1149
8.916548,739,1148
8.916586,739,1147
8.916599,739,1146
8.916607,740,1146
8.916849,739,1147
8.916865,738,1148
8.916948,738,1147
8.917081,738,1146
8.917093,737,1147
8.917264,737,1146
8.917285,737,1145
8.917476,737,1144
8.917488,736,1145
8.917732,736,1144
8.917759,736,1143
8.917871,735,1144
8.918058,734,1145
8.918122,735,1145
8.918149,734,1146
8.918260,734,1145
8.918385,735,1145
8.918418,734,1146
8.918426,733,1147
8.918432,733,1146
8.918478,732,1147
8.918517,732,1146
8.918741,732,1145
8.918750,731,1146
8.918768,730,1147
8.918776,730,1146
8.918788,730,1145
8.918899,729,1146
8.919158,729,1145
8.919184,730,1145
8.919199,729,1146
8.919260,728,1147
8.919356,728,1146
8.919357,727,1147
8.919405,726,1148
8.919426,725,1149
8.919504,724,1150
8.919526,723,1151
8.919537,724,1151
8.919542,723,1152
8.919574,723,1151
8.919663,723,1150
8.919674,722,1151
8.919701,723,1151
8.919702,724,1151
8.919736,724,1150
8.919750,724,1149
8.919769,724,1148
8.919770,723,1149
8.919799,723,1148
8.919824,723,1147
8.919889,723,1146
8.919920,723,1145
8.919954,723,1144
8.919992,722,1145
8.920176,722,1144
8.920195,721,1145
8.920381,720,1146
8.920387,721,1146
8.920397,720,1147
8.920576,720,1146
8.920816,720,1145
8.920889,720,1144
8.921057,719,1145
8.921073,719,1144
8.921172,718,1145
8.921187,717,1146
8.921268,716,1147
8.921317,716,1146
8.921366,716,1145
8.921433,715,1146
8.921448,715,1145
8.921470,714,1146
8.921508,714,1145
8.921557,714,1144
8.921588,714,1143
8.921630,715,1143
8.921729,716,1143
8.921776,716,1142
8.921820,715,1143
8.921983,715,1142
8.922004,714,1143
8.922060,714,1142
8.922239,713,1143
8.922293,712,1144
8.922348,711,1145
8.922399,711,1144
8.922589,711,1143
8.922650,710,1144
8.922653,710,1143
8.922688,711,1143
8.922730,711,1142
8.922755,710,1143
8.922927,709,1144
8.922960,709,1143
8.923012,708,1144
8.923172,708,1143
8.923185,707,1144
8.923242,707,1143
8.923268,707,1142
8.923290,708,1142
8.923386,707,1143
8.923418,706,1144
8.923445,706,1143
8.923702,706,1142
8.923747,705,1143
8.923776,705,1142
8.923843,705,1141
8.923908,706,1141
8.923928,705,1142
8.924013,704,1143
8.924103,705,1143
8.924233,705,1142
8.924288,705,1141
8.924358,705,1140
8.924456,705,1139
8.924567,704,1140
8.924571,703,1141
8.924574,702,1142
8.924586,702,1141
8.924633,703,1141
8.924641,703,1140
8.924652,702,1141
8.924656,702,1140
8.924685,701,1141
8.924710,701,1140
8.924722,701,1139
8.924723,701,1138
8.924833,702,1138
8.924917,701,1139
8.925049,701,1138
8.925118,700,1139
8.925136,699,1140
8.925143,698,1141
8.925207,697,1142
8.925229,696,1143
8.925243,695,1144
8.925265,694,1145
8.925275,695,1145
8.925318,694,1146
8.925406,693,1147
8.925602,693,1146
8.925630,693,1145
8.925668,693,1144
8.925769,693,1143
8.925842,693,1142
8.926048,692,1143
8.926170,691,1144
8.926260,692,1144
8.926282,691,1145
8.926288,692,1145
8.926416,692,1144
8.926478,693,1144
8.926517,693,1143
8.926535,693,1142
8.926611,694,1142
8.926711,694,1141
8.926751,694,1140
8.926755,694,1139
8.926794,694,1138
8.926800,694,1137
8.926906,693,1138
8.926937,693,1137
8.927012,693,1136
8.927018,692,1137
8.927123,691,1138
8.927156,690,1139
8.927256,690,1138
8.927497,690,1137
8.927590,690,1136
8.927601,690,1135
8.927866,690,1134
8.927908,690,1133
8.927916,691,1133
8.927920,692,1133
8.928094,692,1132
8.928136,691,1133
8.928182,691,1132
8.928198,690,1133
8.928207,689,1134
8.928253,689,1133
8.928265,689,1132
8.928279,689,1131
8.928391,688,1132
8.928485,689,1132
8.928537,689,1131
8.928844,688,1132
8.928890,687,1133
8.929075,687,1132
8.929083,687,1131
8.929202,686,1132
8.929230,685,1133
8.929235,684,1134
8.929249,684,1133
8.929321,683,1134
8.929333,683,1133
8.929334,682,1134
8.929343,681,1135
8.929458,681,1134
8.929481,680,1135
8.929489,679,1136
8.929702,678,1137
8.929801,677,1138
8.929853,676,1139
8.929923,676,1138
8.930065,675,1139
8.930111,676,1139
8.930229,677,1139
8.930297,676,1140
8.930465,677,1140
8.930566,676,1141
8.930607,675,1142
8.930701,675,1141
8.931227,676,1141
8.931269,676,1140
8.931332,676,1139
8.931385,677,1139
8.931472,677,1138
8.931519,678,1138
8.931618,678,1137
8.931657,678,1136
8.931711,678,1135
8.931788,679,1135
8.931815,678,1136
8.931821,677,1137
8.931951,677,1136
8.931957,676,1137
8.931957,676,1136
8.931958,675,1137
8.931998,676,1137
8.932130,676,1136
8.932219,675,1137
8.932330,675,1136
8.932389,674,1137
8.932454,673,1138
8.932505,672,1139
8.932511,673,1139
8.932514,673,1138
8.932544,674,1138
8.932598,674,1137
8.932604,673,1138
8.932635,672,1139
8.932692,671,1140
8.932795,671,1139
8.932884,672,1139
8.932890,671,1140
8.933016,670,1141
8.933112,670,1140
8.933145,671,1140
8.933150,671,1139
8.933355,671,1138
8.933364,670,1139
8.933366,669,1140
8.933381,669,1139
8.933434,668,1140
8.933497,667,1141
8.933528,666,1142
8.933567,666,1141
8.933674,665,1142
8.933741,666,1142
8.933785,666,1141
8.933920,667,1141
8.933921,668,1141
8.933947,668,1140
8.933947,668,1139
8.934079,667,1140
8.934183,667,1139
8.934229,666,1140
8.934418,667,1140
8.934421,668,1140
8.934431,668,1139
8.934431,667,1140
8.934447,666,1141
8.934607,666,1140
8.934622,665,1141
8.934623,664,1142
8.934633,665,1142
8.934759,664,1143
8.934800,663,1144
8.934805,664,1144
8.934885,664,1143
8.934885,663,1144
8.934912,662,1145
8.934918,662,1144
8.935066,662,1143
8.935240,661,1144
8.935320,660,1145
8.935328,661,1145
8.935351,661,1144
8.935405,660,1145
8.935760,659,1146
8.935837,658,1147
8.935892,657,1148
8.935915,656,1149
8.935944,656,1148
8.935946,657,1148
8.935999,656,1149
8.936349,655,1150
8.936376,654,1151
8.936384,653,1152
8.936822,653,1151
8.936822,652,1152
8.936842,651,1153
8.936911,651,1152
8.936929,651,1151
8.936940,650,1152
8.937045,650,1151
8.937053,651,1151
8.937059,651,1150
8.937077,651,1149
8.937315,651,1148
8.937379,651,1147
8.937444,650,1148
8.937482,649,1149
8.937591,648,1150
8.937625,647,1151
8.937755,647,1150
8.937768,647,1149
8.937781,646,1150
8.937794,645,1151
8.937797,644,1152
8.937804,643,1153
8.937835,643,1152
8.937844,642,1153
8.938072,641,1154
8.938198,640,1155
8.938205,640,1154
8.938301,639,1155
8.938309,638,1156
8.938348,637,1157
8.938408,638,1157
8.938663,637,1158
8.938807,636,1159
8.938889,635,1160
8.938947,634,1161
8.939189,634,1160
8.939205,634,1159
8.939234,635,1159
8.939244,634,1160
8.939395,635,1160
8.939464,636,1160
8.939465,635,1161
8.939622,635,1160
8.939729,634,1161
8.939874,634,1160
8.939910,633,1161
8.939950,632,1162
8.940025,631,1163
8.940057,631,1162
8.940057,631,1161
8.940151,631,1160
8.940205,630,1161
8.940214,630,1160
8.940276,630,1159
8.940448,629,1160
8.940521,628,1161
8.940558,627,1162
8.940677,626,1163
8.940696,627,1163
8.940800,627,1162
8.940815,628,1162
8.940819,627,1163
8.940837,626,1164
8.940910,626,1163
8.940925,626,1162
8.940928,626,1161
8.941037,625,1162
8.941113,624,1163
8.941129,623,1164
8.941164,623,1163
8.941278,623,1162
8.941476,623,1161
8.941616,622,1162
8.941678,621,1163
8.941810,620,1164
8.941857,620,1163
8.941882,619,1164
8.941911,618,1165
8.942038,618,1164
8.942077,618,1163
8.942088,618,1162
8.942142,618,1161
8.942168,617,1162
8.942173,617,1161
8.942192,616,1162
8.942291,615,1163
8.942343,615,1162
8.942352,615,1161
8.942382,614,1162
8.942399,613,1163
8.942548,614,1163
8.942566,613,1164
8.942794,614,1164
8.942905,613,1165
8.943049,613,1164
8.943077,613,1163
8.943083,614,1163
8.943126,614,1162
8.943169,613,1163
8.943295,612,1164
8.943306,611,1165
8.943311,611,1164
8.943420,610,1165
8.943563,610,1164
8.944031,610,1163
8.944034,610,1162
8.944076,611,1162
8.944127,610,1163
8.944162,609,1164
8.944361,609,1163
8.944566,608,1164
8.944603,608,1163
8.944623,607,1164
8.944788,607,1163
8.944811,606,1164
8.944819,605,1165
8.944844,605,1164
8.944889,604,1165
8.944892,605,1165
8.944913,604,1166
8.944978,604,1165
8.945020,604,1164
8.945026,603,1165
8.945150,602,1166
8.945182,601,1167
8.945246,600,1168
8.945320,599,1169
8.945358,599,1168
8.945367,598,1169
8.945379,598,1168
8.945400,598,1167
8.945489,597,1168
8.945569,596,1169
8.945677,597,1169
8.945681,597,1168
8.945737,596,1169
8.945777,597,1169
8.945853,597,1168
8.946015,596,1169
8.946269,595,1170
8.946437,594,1171
8.946470,594,1170
8.946593,594,1169
8.946681,593,1170
8.946735,592,1171
8.946744,591,1172
8.946754,591,1171
8.946784,590,1172
8.946787,589,1173
8.946837,590,1173
8.946843,591,1173
8.946857,592,1173
8.946877,591,1174
8.946971,591,1173
8.947003,590,1174
8.947053,590,1173
8.947060,589,1174
8.947070,590,1174
8.947175,589,1175
8.947256,589,1174
8.947429,588,1175
8.947547,589,1175
8.947787,588,1176
8.947843,587,1177
8.947858,586,1178
8.947868,585,1179
8.947894,584,1180
8.947930,583,1181
8.947955,583,1180
8.947959,582,1181
8.948005,581,1182
8.948024,580,1183
8.948333,581,1183
8.948377,582,1183
8.948417,581,1184
8.948438,580,1185
8.948506,580,1184
8.948597,579,1185
8.948645,579,1184
8.948724,579,1183
8.948732,578,1184
8.948814,578,1183
8.948908,577,1184
8.948967,576,1185
8.949071,575,1186
8.949088,575,1185
8.949159,574,1186
8.949185,574,1185
8.949383,575,1185
8.949393,574,1186
8.949415,573,1187
8.949416,572,1188
8.949583,572,1187
8.949650,571,1188
8.949814,571,1187
8.949857,571,1186
8.950043,572,1186
8.950179,571,1187
8.950451,571,1186
8.950505,570,1187
8.950586,569,1188
8.950619,568,1189
8.950634,568,1188
8.950645,567,1189
8.950658,566,1190
8.950702,565,1191
8.950718,565,1190
8.950722,565,1189
8.950743,565,1188
8.950819,564,1189
8.950900,563,1190
8.950929,562,1191
8.950975,562,1190
8.951073,562,1189
8.951121,561,1190
8.951224,560,1191
8.951501,559,1192
8.951536,558,1193
8.951545,557,1194
8.951604,556,1195
8.951622,555,1196
8.951784,554,1197
8.951788,553,1198
8.951797,553,1197
8.951944,553,1196
8.951965,552,1197
8.951975,552,1196
8.951979,552,1195
8.952018,552,1194
8.952022,551,1195
8.952038,551,1194
8.952087,550,1195
8.952117,550,1194
8.952179,549,1195
8.952185,550,1195
8.952365,550,1194
8.952371,549,1195
8.952412,548,1196
8.952474,548,1195
8.952875,547,1196
8.952898,547,1195
8.953027,547,1194
8.953032,546,1195
8.953132,547,1195
8.953140,546,1196
8.953170,546,1195
8.953282,547,1195
8.953383,546,1196
8.953396,546,1195
8.953399,545,1196
8.953446,545,1195
8.953460,544,1196
8.953487,543,1197
8.953596,542,1198
8.953630,542,1197
8.953733,541,1198
8.953782,541,1197
8.953881,540,1198
8.953918,540,1197
8.953959,539,1198
8.953976,538,1199
8.954025,538,1198
8.954129,539,1198
8.954178,539,1197
8.954194,539,1196
8.954243,538,1197
8.954268,539,1197
8.954313,539,1196
8.954316,538,1197
8.954319,539,1197
8.954471,539,1196
8.954557,540,1196
8.954696,539,1197
8.954726,539,1196
8.954742,539,1195
8.954847,539,1194
8.954924,538,1195
8.955216,539,1195
8.955250,539,1194
8.955378,538,1195
8.955421,538,1194
8.955480,539,1194
8.955570,538,1195
8.955624,539,1195
8.955679,538,1196
8.955846,538,1195
8.955957,537,1196
8.956124,537,1195
8.956139,536,1196
8.956208,535,1197
8.956216,536,1197
8.956481,537,1197
8.956532,537,1196
8.956543,538,1196
8.956635,537,1197
8.956724,538,1197
8.956832,538,1196
8.956898,539,1196
8.956978,538,1197
8.957017,537,1198
8.957065,538,1198
8.957078,538,1197
8.957141,538,1196
8.957338,539,1196
8.957378,538,1197
8.957412,537,1198
8.957478,538,1198
8.957503,538,1197
8.957647,537,1198
8.957675,538,1198
8.957698,538,1197
8.957794,538,1196
8.957796,539,1196
8.957809,538,1197
8.957809,538,1196
8.957829,537,1197
8.957853,536,1198
8.957894,535,1199
8.957901,534,1200
8.957906,534,1199
8.957906,533,1200
8.958067,533,1199
8.958067,533,1198
8.958156,532,1199
8.958176,531,1200
8.958321,531,1199
8.958745,530,1200
8.958774,529,1201
8.958862,528,1202
8.958930,528,1201
8.959022,527,1202
8.959114,526,1203
8.959202,526,1202
8.959209,525,1203
8.959272,525,1202
8.959284,526,1202
8.959342,525,1203
8.959394,525,1202
8.959423,524,1203
8.959495,524,1202
8.959525,523,1203
8.959758,523,1202
8.959794,522,1203
8.959914,521,1204
8.959923,520,1205
8.959939,520,1204
8.959976,519,1205
8.960031,518,1206
8.960280,517,1207
8.960311,517,1206
8.960419,516,1207
8.960574,516,1206
8.960755,516,1205
8.960823,517,1205
8.960961,517,1204
8.960969,517,1203
8.961088,517,1202
8.961115,517,1201
8.961117,517,1200
8.961161,516,1201
8.961261,515,1202
8.961411,515,1201
8.961479,515,1200
8.961491,516,1200
8.961586,515,1201
8.961608,514,1202
8.961653,514,1201
8.961736,513,1202
8.961840,513,1201
8.961853,513,1200
8.961902,513,1199
8.961982,514,1199
8.962019,515,1199
8.962109,516,1199
8.962126,516,1198
8.962176,516,1197
8.962249,516,1196
8.962281,515,1197
8.962336,514,1198
8.962438,513,1199
8.962440,512,1200
8.962493,513,1200
8.962494,514,1200
8.962522,513,1201
8.962562,513,1200
8.962604,513,1199
8.962641,512,1200
8.962683,512,1199
8.962763,512,1198
8.962798,511,1199
8.962836,512,1199
8.962905,512,1198
8.963019,511,1199
8.963114,511,1198
8.963139,510,1199
8.963270,510,1198
8.963406,510,1197
8.963559,509,1198
8.963671,510,1198
8.963795,509,1199
8.963914,508,1200
8.964073,508,1199
8.964107,508,1198
8.964115,508,1197
8.964135,507,1198
8.964213,507,1197
8.964222,506,1198
8.964279,506,1197
8.964297,505,1198
8.964495,504,1199
8.964520,503,1200
8.964562,503,1199
8.964568,503,1198
8.964590,503,1197
8.964636,502,1198
8.964737,501,1199
8.964853,500,1200
8.964873,500,1199
8.964876,499,1200
8.964981,498,1201
8.965222,497,1202
8.965304,497,1201
8.965484,497,1200
8.965486,497,1199
8.965565,497,1198
8.965615,497,1197
8.965618,497,1196
8.965667,496,1197
8.965723,497,1197
8.965806,497,1196
8.965852,498,1196
8.965937,498,1195
8.965944,497,1196
8.966028,496,1197
8.966069,495,1198
8.966128,495,1197
8.966194,495,1196
8.966359,495,1195
8.966491,495,1194
8.966558,494,1195
8.966685,495,1195
8.966739,494,1196
8.966858,494,1195
8.966965,494,1194
8.967016,493,1195
8.967040,492,1196
8.967164,492,1195
8.967313,493,1195
8.967410,492,1196
8.967456,491,1197
8.967494,490,1198
8.967562,490,1197
8.967585,489,1198
8.967586,488,1199
8.967660,487,1200
8.967700,486,1201
8.967733,485,1202
8.968214,485,1201
8.968239,484,1202
8.968246,484,1201
8.968281,483,1202
8.968292,483,1201
8.968350,483,1200
8.968354,482,1201
8.968421,482,1200
8.968435,482,1199
8.968557,482,1198
8.968597,482,1197
8.968629,481,1198
8.969079,481,1197
8.969098,481,1196
8.969204,481,1195
8.969212,481,1194
8.969233,480,1195
8.969258,479,1196
8.969561,478,1197
8.969629,478,1196
8.969702,477,1197
8.969780,476,1198
8.969890,476,1197
8.969951,475,1198
8.970053,475,1197
8.970146,475,1196
8.970241,475,1195
8.970441,475,1194
8.970508,474,1195
8.970571,475,1195
8.970632,475,1194
8.970643,474,1195
8.970833,474,1194
8.971292,473,1195
8.971313,472,1196
8.971428,472,1195
8.971472,472,1194
8.971639,472,1193
8.971739,471,1194
8.971782,471,1193
8.972099,471,1192
8.972118,470,1193
8.972124,470,1192
8.972335,469,1193
8.972336,470,1193
8.972371,469,1194
8.972395,468,1195
8.972480,468,1194
8.972488,467,1195
8.972499,466,1196
8.972535,467,1196
8.972593,466,1197
8.972708,466,1196
8.972717,465,1197
8.972764,465,1196
8.972828,464,1197
8.972915,463,1198
8.973073,462,1199
8.973087,461,1200
8.973310,460,1201
8.973361,460,1200
8.973429,461,1200
8.973486,460,1201
8.973551,459,1202
8.973618,458,1203
8.973761,458,1202
8.973855,458,1201
8.973857,458,1200
8.973903,458,1199
8.973911,457,1200
8.973935,457,1199
8.973940,457,1198
8.974000,456,1199
8.974052,455,1200
8.974093,454,1201
8.974152,453,1202
8.974155,454,1202
8.974182,453,1203
8.974217,452,1204
8.974360,451,1205
8.974383,451,1204
8.974614,450,1205
8.974615,450,1204
8.974723,450,1203
8.974986,449,1204
8.975114,449,1203
8.975210,449,1202
8.975266,449,1201
8.975404,449,1200
8.975446,450,1200
8.975521,449,1201
8.975527,449,1200
8.975619,448,1201
8.975636,448,1200
8.975745,447,1201
8.975777,447,1200
8.975843,446,1201
8.975850,446,1200
8.975922,446,1199
8.975968,445,1200
8.976160,444,1201
8.976213,445,1201
8.976277,444,1202
8.976690,443,1203
8.976768,442,1204
8.976786,441,1205
8.976882,440,1206
8.976978,439,1207
8.976987,438,1208
8.977076,438,1207
8.977115,437,1208
8.977181,437,1207
8.977277,436,1208
8.977427,436,1207
8.977478,436,1206
8.977504,436,1205
8.977593,436,1204
8.977639,436,1203
8.977674,436,1202
8.977860,436,1201
8.977918,436,1200
8.978127,437,1200
8.978156,437,1199
8.978206,436,1200
8.978227,435,1201
8.978266,434,1202
8.978431,434,1201
8.978580,434,1200
8.978626,434,1199
8.978654,434,1198
8.978668,435,1198
8.978681,435,1197
8.978681,435,1196
8.978843,434,1197
8.978858,434,1196
8.979094,434,1195
8.979102,434,1194
8.979168,434,1193
8.979290,433,1194
8.979303,432,1195
8.979420,432,1194
8.979438,431,1195
8.979636,431,1194
8.979638,430,1195
8.979643,429,1196
8.979707,429,1195
8.979717,429,1194
8.979850,429,1193
8.979891,429,1192
8.979892,429,1191
8.980055,429,1190
8.980171,429,1189
8.980173,428,1190
8.980206,428,1189
8.980289,428,1188
8.980472,428,1187
8.980482,427,1188
8.980525,426,1189
8.980543,425,1190
8.980554,424,1191
8.980586,424,1190
8.980618,424,1189
8.980714,424,1188
8.980724,424,1187
8.980725,423,1188
8.980836,422,1189
8.980901,421,1190
8.981116,421,1189
8.981142,421,1188
8.981145,421,1187
8.981198,420,1188
8.981266,420,1187
8.981423,420,1186
8.981426,419,1187
8.981494,419,1186
8.981521,419,1185
8.981554,418,1186
8.981666,417,1187
8.981689,418,1187
8.981737,418,1186
8.981789,417,1187
8.981868,418,1187
8.981888,418,1186
8.981888,419,1186
8.981937,418,1187
8.981947,418,1186
8.982047,418,1185
8.982076,418,1184
8.982256,417,1185
8.982517,416,1186
8.982542,416,1185
8.982698,415,1186
8.982810,414,1187
8.982822,414,1186
8.982892,414,1185
8.983084,415,1185
8.983108,415,1184
8.983206,415,1183
8.983255,415,1182
8.983302,414,1183
8.983344,413,1184
8.983363,413,1183
8.983446,413,1182
8.983532,413,1181
8.983646,413,1180
8.983721,412,1181
8.983911,411,1182
8.983915,410,1183
8.984016,410,1182
8.984037,410,1181
8.984114,409,1182
8.984195,410,1182
8.984295,409,1183
8.984365,409,1182
8.984394,409,1181
8.984401,409,1180
8.984456,409,1179
8.984471,409,1178
8.984640,408,1179
8.984747,409,1179
8.984817,409,1178
8.984825,408,1179
8.984919,408,1178
8.985050,407,1179
8.985206,408,1179
8.985292,409,1179
8.985444,410,1179
8.985534,409,1180
8.985596,409,1179
8.985758,409,1178
8.985785,408,1179
8.985870,408,1178
8.985885,408,1177
8.986233,408,1176
8.986242,407,1177
8.986502,406,1178
8.986601,406,1177
8.986609,406,1176
8.986735,405,1177
8.986751,406,1177
8.986770,406,1176
8.986876,405,1177
8.986878,406,1177
8.986972,405,1178
8.986990,404,1179
8.986995,404,1178
8.987066,404,1177
8.987195,404,1176
8.987494,404,1175
8.987507,404,1174
8.987552,404,1173
8.987571,404,1172
8.987588,404,1171
8.987729,404,1170
8.987856,404,1169
8.987889,403,1170
8.988044,403,1169
8.988207,402,1170
8.988235,402,1169
8.988236,402,1168
8.988351,402,1167
8.988390,401,1168
8.988417,401,1167
8.988613,401,1166
8.988647,400,1167
8.988683,400,1166
8.988720,401,1166
8.988784,401,1165
8.988795,400,1166
8.988936,400,1165
8.988978,400,1164
8.989013,400,1163
8.989029,400,1162
8.989102,400,1161
8.989114,400,1160
8.989193,399,1161
8.989414,398,1162
8.989529,398,1161
8.989828,398,1160
8.989848,398,1159
8.989886,398,1158
8.989925,398,1157
8.990014,398,1156
8.990031,398,1155
8.990156,399,1155
8.990171,398,1156
8.990202,398,1155
8.990453,397,1156
8.990485,396,1157
8.990511,396,1156
8.990611,397,1156
8.990644,396,1157
8.990852,395,1158
8.990863,394,1159
8.990886,394,1158
8.990972,394,1157
8.991176,394,1156
8.991199,394,1155
8.991212,395,1155
8.991221,394,1156
8.991308,394,1155
8.991445,394,1154
8.991589,393,1155
8.991647,393,1154
8.991674,392,1155
8.991745,392,1154
8.991863,391,1155
8.991930,391,1154
8.992115,390,1155
8.992206,390,1154
8.992231,390,1153
8.992288,390,1152
8.992297,390,1151
8.992464,390,1150
8.992526,390,1149
8.992554,390,1148
8.992633,390,1147
8.992770,390,1146
8.992792,390,1145
8.992826,390,1144
8.992830,389,1145
8.992847,389,1144
8.992955,389,1143
8.992990,389,1142
8.993212,388,1143
8.993343,388,1142
8.993448,387,1143
8.993471,386,1144
8.993501,385,1145
8.993503,385,1144
8.993566,384,1145
8.993682,384,1144
8.993713,384,1143
8.993735,384,1142
8.993889,383,1143
8.993969,383,1142
8.993973,382,1143
8.994042,382,1142
8.994126,381,1143
8.994147,380,1144
8.994163,380,1143
8.994209,379,1144
8.994267,378,1145
8.994280,378,1144
8.994293,379,1144
8.994313,379,1143
8.994371,380,1143
8.994417,380,1142
8.994769,380,1141
8.994871,379,1142
8.994921,378,1143
8.994940,377,1144
8.994986,377,1143
8.995120,377,1142
8.995124,377,1141
8.995355,376,1142
8.995615,376,1141
8.995715,375,1142
8.995745,374,1143
8.995760,373,1144
8.995799,373,1143
8.995878,373,1142
8.995926,372,1143
8.995962,372,1142
8.995989,371,1143
8.995996,371,1142
8.996153,370,1143
8.996192,370,1142
8.996296,371,1142
8.996366,370,1143
8.996393,369,1144
8.996560,368,1145
8.996797,367,1146
8.996804,367,1145
8.996839,367,1144
8.996854,366,1145
8.996871,365,1146
8.996953,365,1145
8.996958,365,1144
8.997052,364,1145
8.997081,364,1144
8.997386,363,1145
8.997818,363,1144
8.998092,362,1145
8.998143,361,1146
8.998172,361,1145
8.998182,361,1144
8.998201,361,1143
8.998332,360,1144
8.998409,359,1145
8.998520,359,1144
8.998762,360,1144
8.998829,360,1143
8.998945,360,1142
8.998993,360,1141
8.999053,359,1142
8.999139,358,1143
8.999251,358,1142
8.999277,358,1141
8.999319,358,1140
8.999603,357,1141
8.999757,356,1142
8.999765,356,1141
8.999766,356,1140
8.999768,356,1139
8.999832,357,1139
8.999865,356,1140
8.999979,355,1141
9.000064,355,1140
9.000104,354,1141
9.000254,354,1140
9.000280,354,1139
9.000538,354,1138
9.000569,353,1139
9.000680,353,1138
9.000782,353,1137
9.000807,352,1138
9.000813,351,1139
9.000821,350,1140
9.000880,350,1139
9.000943,351,1139
9.001054,351,1138
9.001096,351,1137
9.001161,350,1138
9.001254,350,1137
9.001256,350,1136
9.001280,350,1135
9.001319,351,1135
9.001504,350,1136
9.001776,350,1135
9.001811,349,1136
9.001844,349,1135
9.001922,348,1136
9.002053,348,1135
9.002458,347,1136
9.002500,346,1137
9.002574,345,1138
9.002692,345,1137
9.002741,345,1136
9.002801,345,1135
9.002803,345,1134
9.002913,345,1133
9.003015,345,1132
9.003048,344,1133
9.003079,344,1132
9.003286,344,1131
9.003334,343,1132
9.003556,344,1132
9.003596,344,1131
9.003894,343,1132
9.003945,343,1131
9.004097,343,1130
9.004155,343,1129
9.004222,342,1130
9.004348,341,1131
9.004356,340,1132
9.004360,339,1133
9.004383,339,1132
9.004473,338,1133
9.004574,338,1132
9.004594,339,1132
9.004742,338,1133
9.004885,338,1132
9.004905,337,1133
9.004966,337,1132
9.005028,337,1131
9.005048,337,1130
9.005071,337,1129
9.005177,336,1130
9.005213,335,1131
9.005416,334,1132
9.005636,335,1132
9.005741,335,1131
9.005784,335,1130
9.006067,334,1131
9.006186,333,1132
9.006378,333,1131
9.006506,332,1132
9.006642,331,1133
9.006736,331,1132
9.006992,330,1133
9.007005,330,1132
9.007153,330,1131
9.007399,330,1130
9.007446,330,1129
9.007485,330,1128
9.007551,329,1129
9.007621,328,1130
9.007827,328,1129
9.008151,327,1130
9.008183,326,1131
9.008189,325,1132
9.008240,325,1131
9.008240,324,1132
9.008245,324,1131
9.008438,324,1130
9.008502,324,1129
9.008574,323,1130
9.008631,323,1129
9.008681,323,1128
9.008746,323,1127
9.008839,323,1126
9.009213,323,1125
9.009213,324,1125
9.009231,323,1126
9.009251,323,1125
9.009563,322,1126
9.009929,322,1125
9.009985,321,1126
9.010211,321,1125
9.010296,320,1126
9.010536,320,1125
9.010573,320,1124
9.010615,320,1123
9.010716,320,1122
9.010725,320,1121
9.010725,320,1120
9.010855,319,1121
9.011233,319,1120
9.011356,319,1119
9.011406,318,1120
9.011486,317,1121
9.011546,316,1122
9.011657,316,1121
9.011680,315,1122
9.011761,315,1121
9.011876,315,1120
9.012020,314,1121
9.012075,315,1121
9.012194,315,1120
9.012249,315,1119
9.012524,314,1120
9.012526,314,1119
9.012548,313,1120
9.012650,313,1119
9.012710,312,1120
9.012747,311,1121
9.012938,311,1120
9.012985,311,1119
9.013157,311,1118
9.013258,310,1119
9.013406,310,1118
9.013730,309,1119
9.013751,309,1118
9.013761,309,1117
9.013784,308,1118
9.014046,308,1117
9.014049,308,1116
9.014134,307,1117
9.014191,306,1118
9.014428,306,1117
9.015096,306,1116
9.015113,306,1115
9.015181,306,1114
9.015232,305,1115
9.015285,305,1114
9.015331,305,1113
9.015430,305,1112
9.015516,304,1113
9.015806,304,1112
9.015828,304,1111
9.016248,304,1110
9.016319,304,1109
9.016328,304,1108
9.016496,303,1109
9.016574,302,1110
9.016808,302,1109
9.016912,303,1109
9.017076,303,1108
9.017428,303,1107
9.017488,302,1108
9.017526,301,1109
9.017997,301,1108
9.018002,301,1107
9.018023,300,1108
9.018039,300,1107
9.018384,301,1107
9.018454,301,1106
9.018474,301,1105
9.018565,301,1104
9.018601,301,1103
9.018658,301,1102
9.018765,300,1103
9.018795,300,1102
9.019104,300,1101
9.019104,301,1101
9.019104,301,1100
9.019197,301,1099
9.019336,301,1098
9.019489,301,1097
9.019648,302,1097
9.019745,302,1096
9.019866,301,1097
9.019910,301,1096
9.019937,301,1095
9.020060,302,1095
9.020069,302,1094
9.020231,302,1093
9.020412,302,1092
9.020456,303,1092
9.020540,303,1091
9.020754,302,1092
9.020893,301,1093
9.020916,300,1094
9.020958,299,1095
9.021011,300,1095
9.021021,300,1094
9.021068,299,1095
9.021147,300,1095
9.021165,300,1094
9.021235,299,1095
9.021327,298,1096
9.021415,298,1095
9.021550,298,1094
9.022056,299,1094
9.022067,299,1093
9.022080,299,1092
9.022140,298,1093
9.022262,299,1093
9.022339,299,1092
9.022571,299,1091
9.022577,299,1090
9.022701,298,1091
9.022871,298,1090
9.022906,298,1089
9.023210,298,1088
9.023251,298,1087
9.023270,298,1086
9.023318,298,1085
9.023334,298,1084
9.023425,297,1085
9.023517,297,1084
9.023539,296,1085
9.023625,295,1086
9.023960,295,1085
9.023963,295,1084
9.024049,294,1085
9.024115,294,1084
9.024313,295,1084
9.024683,295,1083
9.025368,295,1082
9.025551,295,1081
9.025711,294,1082
9.025823,294,1081
9.026127,293,1082
9.026301,293,1081
9.026337,292,1082
9.026634,292,1081
9.026711,292,1080
9.026839,292,1079
9.026846,293,1079
9.026865,293,1078
9.026940,292,1079
9.026947,291,1080
9.026949,291,1079
9.027046,291,1078
9.027294,292,1078
9.027432,292,1077
9.027610,291,1078
9.027698,290,1079
9.027702,290,1078
9.027750,290,1077
9.027782,290,1076
9.027849,290,1075
9.027877,290,1074
9.027951,290,1073
9.028100,290,1072
9.028111,289,1073
9.028129,289,1072
9.028228,289,1071
9.028380,288,1072
9.028381,289,1072
9.028609,288,1073
9.028663,288,1072
9.028783,288,1071
9.028804,288,1070
9.028809,287,1071
9.028839,288,1071
9.028964,288,1070
9.029036,288,1069
9.029188,287,1070
9.029204,287,1069
9.029206,287,1068
9.029471,287,1067
9.029727,286,1068
9.029856,287,1068
9.029928,288,1068
9.029946,288,1067
9.030284,287,1068
9.030725,287,1067
9.030728,287,1066
9.030739,287,1065
9.030881,287,1064
9.031124,287,1063
9.031436,286,1064
9.031441,286,1063
9.031464,287,1063
9.031475,286,1064
9.031659,286,1063
9.031699,285,1064
9.031735,286,1064
9.031836,285,1065
9.031875,285,1064
9.032076,286,1064
9.032166,286,1063
9.032208,286,1062
9.032284,286,1061
9.032425,286,1060
9.032632,286,1059
9.032695,286,1058
9.032806,287,1058
9.032808,286,1059
9.032933,285,1060
9.032940,284,1061
9.033067,284,1060
9.033081,284,1059
9.033106,283,1060
9.033268,283,1059
9.033280,282,1060
9.033284,282,1059
9.033362,283,1059
9.033499,283,1058
9.033538,282,1059
9.033783,282,1058
9.033890,283,1058
9.034022,284,1058
9.034023,283,1059
9.034064,283,1058
9.034074,282,1059
9.034171,281,1060
9.034431,281,1059
9.034439,281,1058
9.034765,281,1057
9.034773,280,1058
9.034839,280,1057
9.034864,279,1058
9.034897,278,1059
9.034950,277,1060
9.035477,277,1059
9.035667,277,1058
9.035678,276,1059
9.035943,275,1060
9.036101,275,1059
9.036142,274,1060
9.036378,274,1059
9.036586,274,1058
9.036603,274,1057
9.036660,273,1058
9.036675,273,1057
9.036831,272,1058
9.036916,273,1058
9.036920,273,1057
9.036993,272,1058
9.037018,272,1057
9.037056,272,1056
9.037301,271,1057
9.037409,270,1058
9.037414,270,1057
9.037419,269,1058
9.037523,268,1059
9.037643,268,1058
9.037804,268,1057
9.037844,267,1058
9.037938,266,1059
9.038005,265,1060
9.038027,265,1059
9.038073,266,1059
9.038106,266,1058
9.038110,266,1057
9.038298,266,1056
9.038348,266,1055
9.038391,266,1054
9.038592,266,1053
9.038703,265,1054
9.038933,265,1053
9.038999,265,1052
9.039035,265,1051
9.039039,265,1050
9.039130,264,1051
9.039137,264,1050
9.039200,264,1049
9.039218,263,1050
9.039706,262,1051
9.039862,262,1050
9.040251,263,1050
9.040422,263,1049
9.040530,262,1050
9.040567,262,1049
9.040973,261,1050
9.041324,261,1049
9.041497,260,1050
9.041556,259,1051
9.041569,258,1052
9.041863,258,1051
9.042052,257,1052
9.042131,257,1051
9.042164,257,1050
9.042272,257,1049
9.042278,257,1048
9.042407,256,1049
9.042694,255,1050
9.042807,255,1049
9.042912,255,1048
9.043025,255,1047
9.043329,254,1048
9.043424,253,1049
9.043626,253,1048
9.043637,253,1047
9.043898,253,1046
9.043920,253,1045
9.043954,253,1044
9.043980,253,1043
9.044121,253,1042
9.044147,252,1043
9.044531,252,1042
9.044677,251,1043
9.044798,250,1044
9.044904,251,1044
9.045138,251,1043
9.045225,250,1044
9.045299,251,1044
9.045328,251,1043
9.045368,250,1044
9.045744,249,1045
9.045793,249,1044
9.045796,249,1043
9.046082,248,1044
9.046149,247,1045
9.046315,247,1044
9.046346,247,1043
9.046370,248,1043
9.046406,248,1042
9.046502,247,1043
9.046509,247,1042
9.046704,247,1041
9.046719,247,1040
9.046764,246,1041
9.046837,246,1040
9.047024,246,1039
9.047298,246,1038
9.047347,246,1037
9.047493,246,1036
9.047503,246,1035
9.047721,247,1035
9.047745,247,1034
9.047820,247,1033
9.047916,248,1033
9.047924,248,1032
9.047992,247,1033
9.048087,247,1032
9.048107,247,1031
9.048150,247,1030
9.048202,247,1029
9.048350,247,1028
9.048626,246,1029
9.048680,246,1028
9.048707,246,1027
9.048760,245,1028
9.048794,244,1029
9.048861,244,1028
9.048976,244,1027
9.048998,243,1028
9.049014,242,1029
9.049014,242,1028
9.049186,241,1029
9.049211,241,1028
9.049212,241,1027
9.049254,240,1028
9.049423,239,1029
9.049479,238,1030
9.049484,237,1031
9.049566,236,1032
9.049626,235,1033
9.049827,236,1033
9.049870,235,1034
9.050432,235,1033
9.050516,235,1032
9.050561,235,1031
9.050845,236,1031
9.050856,236,1030
9.050985,236,1029
9.051129,237,1029
9.051186,237,1028
9.051283,237,1027
9.051450,237,1026
9.051499,237,1025
9.051546,237,1024
9.051554,238,1024
9.051568,239,1024
9.051734,239,1023
9.051841,238,1024
9.051857,237,1025
9.051865,237,1024
9.052077,237,1023
9.052081,237,1022
9.052145,237,1021
9.052398,237,1020
9.052466,237,1019
9.052546,237,1018
9.052672,237,1017
9.052820,237,1016
9.052924,237,1015
9.053160,237,1014
9.053185,237,1013
9.053237,237,1012
9.053344,237,1011
9.053673,237,1010
9.053901,237,1009
9.053940,237,1008
9.054024,237,1007
9.054181,236,1008
9.054400,235,1009
9.054734,235,1008
9.054942,235,1007
9.054945,235,1006
9.054945,235,1005
9.055131,235,1004
9.055152,235,1003
9.055533,234,1004
9.055650,234,1003
9.055677,233,1004
9.055725,233,1003
9.055739,233,1002
9.055784,233,1001
9.055811,233,1000
9.056088,232,1001
9.056196,232,1000
9.056317,231,1001
9.056333,231,1000
9.056655,232,1000
9.056747,232,999
9.056766,232,998
9.057100,232,997
9.057276,232,996
9.057481,232,995
9.057518,232,994
9.057567,232,993
9.057736,232,992
9.057959,231,993
9.058081,230,994
9.058134,230,993
9.058164,229,994
9.058331,229,993
9.058548,230,993
9.058580,230,992
9.058594,230,991
9.058763,230,990
9.058925,230,989
9.059487,230,988
9.059721,229,989
9.059781,228,990
9.059813,228,989
9.059983,228,988
9.060087,227,989
9.060191,226,990
9.060450,225,991
9.060597,224,992
9.060704,223,993
9.060849,223,992
9.060912,223,991
9.060928,222,992
9.061287,221,993
9.061373,220,994
9.061629,220,993
9.061811,221,993
9.062156,220,994
9.062321,220,993
9.062354,220,992
9.062500,219,993
9.062626,218,994
9.062667,217,995
9.062791,217,994
9.062832,217,993
9.063032,217,992
9.063075,217,991
9.063103,217,990
9.063139,217,989
9.063187,218,989
9.063283,218,988
9.063350,217,989
9.063354,217,988
9.063466,216,989
9.063636,215,990
9.063666,215,989
9.063753,215,988
9.064190,216,988
9.064365,216,987
9.064459,216,986
9.064705,216,985
9.064841,216,984
9.064948,216,983
9.065046,216,982
9.065149,216,981
9.065376,216,980
9.065447,216,979
9.065469,216,978
9.065577,216,977
9.065789,215,978
9.065790,214,979
9.065873,214,978
9.066066,214,977
9.066257,214,976
9.066279,214,975
9.066346,214,974
9.066350,214,973
9.066414,214,972
9.066437,213,973
9.066575,213,972
9.066848,213,971
9.066903,213,970
9.067041,213,969
9.067072,213,968
9.067117,214,968
9.067172,213,969
9.067323,213,968
9.067326,213,967
9.067501,213,966
9.067562,213,965
9.067688,213,964
9.067871,213,963
9.067973,213,962
9.068145,212,963
9.068292,213,963
9.068347,213,962
9.068421,212,963
9.068584,212,962
9.068680,211,963
9.068681,211,962
9.068727,210,963
9.068763,210,962
9.068876,209,963
9.069460,209,962
9.069507,209,961
9.069596,210,961
9.069671,210,960
9.069900,210,959
9.070013,210,958
9.070152,210,957
9.070391,209,958
9.070699,208,959
9.070716,208,958
9.070785,208,957
9.070790,208,956
9.070858,207,957
9.070912,207,956
9.071107,207,955
9.071367,206,956
9.071817,206,955
9.071907,206,954
9.071932,205,955
9.071964,204,956
9.072017,204,955
9.072166,204,954
9.072381,204,953
9.072484,203,954
9.072697,203,953
9.072808,202,954
9.072809,202,953
9.072883,203,953
9.072906,202,954
9.072913,202,953
9.073131,202,952
9.073267,202,951
9.073373,201,952
9.073394,201,951
9.073459,201,950
9.073479,201,949
9.073505,202,949
9.073692,202,948
9.073701,201,949
9.073788,201,948
9.073788,200,949
9.073965,200,948
9.074259,200,947
9.074496,200,946
9.074753,199,947
9.074755,199,946
9.074992,199,945
9.075118,199,944
9.075164,198,945
9.075313,197,946
9.075429,197,945
9.075467,196,946
9.075510,196,945
9.075707,196,944
9.075831,196,943
9.075957,197,943
9.076020,197,942
9.076023,197,941
9.076121,196,942
9.076263,195,943
9.076310,194,944
9.076412,193,945
9.076602,194,945
9.076725,194,944
9.076737,193,945
9.076785,193,944
9.076822,193,943
9.076893,192,944
9.077200,192,943
9.077501,192,942
9.077930,192,941
9.078011,193,941
9.078059,192,942
9.078088,192,941
9.078129,192,940
9.078323,192,939
9.078571,192,938
9.078650,192,937
9.078732,193,937
9.078820,193,936
9.078968,193,935
9.079349,192,936
9.079517,192,935
9.079713,191,936
9.079794,191,935
9.079935,192,935
9.080021,191,936
9.080090,191,935
9.080173,191,934
9.080345,191,933
9.080366,191,932
9.080492,191,931
9.080605,190,932
9.081233,189,933
9.081313,190,933
9.081314,190,932
9.081431,190,931
9.081497,190,930
9.081550,189,931
9.081823,189,930
9.082042,189,929
9.082090,189,928
9.082179,189,927
9.082458,189,926
9.082763,189,925
9.082996,188,926
9.083216,188,925
9.083228,187,926
9.083668,187,925
9.083710,187,924
9.083872,186,925
9.083945,186,924
9.084066,186,923
9.084134,186,922
9.084145,186,921
9.084281,186,920
9.084314,186,919
9.084400,186,918
9.084685,186,917
9.084743,187,917
9.084873,188,917
9.084933,188,916
9.084941,188,915
9.085173,187,916
9.085280,186,917
9.085291,186,916
9.085726,185,917
9.086039,185,916
9.086066,184,917
9.086222,184,916
9.086339,184,915
9.086587,184,914
9.086652,185,914
9.087411,186,914
9.087639,185,915
9.087648,185,914
9.087821,185,913
9.087925,185,912
9.088097,185,911
9.088196,185,910
9.088319,185,909
9.088467,185,908
9.088549,185,907
9.088560,184,908
9.088577,185,908
9.088579,186,908
9.088673,186,907
9.088884,186,906
9.089088,185,907
9.089285,185,906
9.089332,185,905
9.089719,184,906
9.090512,184,905
9.090677,183,906
9.090862,183,905
9.090864,183,904
9.090880,183,903
9.090975,183,902
9.091145,183,901
9.091506,182,902
9.091613,182,901
9.091683,183,901
9.091806,183,900
9.092003,183,899
9.092125,183,898
9.092144,183,897
9.092161,183,896
9.092236,182,897
9.092326,183,897
9.092395,184,897
9.092519,184,896
9.092752,184,895
9.092992,184,894
9.092999,184,893
9.093044,184,892
9.093151,183,893
9.093189,183,892
9.093302,183,891
9.093455,183,890
9.093510,183,889
9.093519,182,890
9.093764,182,889
9.094240,182,888
9.094260,181,889
9.094647,181,888
9.094730,182,888
9.094732,182,887
9.094968,181,888
9.095074,180,889
9.095384,179,890
9.095747,178,891
9.096104,178,890
9.096918,177,891
9.096984,176,892
9.097563,175,893
9.097726,175,892
9.097823,175,891
9.097861,175,890
9.098127,175,889
9.098369,175,888
9.098511,175,887
9.098599,175,886
9.098611,175,885
9.098620,175,884
9.098683,175,883
9.098885,175,882
9.098957,175,881
9.098965,175,880
9.099258,174,881
9.099273,174,880
9.099627,174,879
9.099639,174,878
9.099641,173,879
9.099665,173,878
9.099934,172,879
9.100126,172,878
9.100748,171,879
9.101037,171,878
9.101282,171,877
9.101358,171,876
9.101389,170,877
9.101493,170,876
9.101674,169,877
9.101710,169,876
9.101931,168,877
9.102173,168,876
9.102454,167,877
9.102476,166,878
9.102543,166,877
9.102655,166,876
9.102857,166,875
9.103102,166,874
9.103343,166,873
9.103597,166,872
9.103808,166,871
9.103972,167,871
9.104052,167,870
9.104338,166,871
9.104365,165,872
9.104477,164,873
9.104506,164,872
9.104594,163,873
9.104608,163,872
9.104861,163,871
9.105159,162,872
9.105306,162,871
9.105372,162,870
9.105393,162,869
9.105465,161,870
9.105505,161,869
9.105583,161,868
9.105658,162,868
9.105679,162,867
9.105800,162,866
9.106701,161,867
9.106747,162,867
9.107152,162,866
9.107614,162,865
9.107677,162,864
9.107891,162,863
9.108397,161,864
9.108607,161,863
9.108674,160,864
9.108886,160,863
9.109067,160,862
9.109225,159,863
9.109366,159,862
9.109549,159,861
9.109553,159,860
9.109848,159,859
9.110145,159,858
9.111501,159,857
9.111654,159,856
9.111717,158,857
9.112085,158,856
9.112161,157,857
9.112454,157,856
9.112846,157,855
9.112918,157,854
9.112931,157,853
9.113189,157,852
9.113279,157,851
9.113347,156,852
9.113565,156,851
9.113647,155,852
9.113718,154,853
9.113818,153,854
9.113915,153,853
9.113954,152,854
9.114081,152,853
9.114347,151,854
9.114495,150,855
9.114537,149,856
9.115009,148,857
9.115120,147,858
9.115166,147,857
9.115601,147,856
9.115788,147,855
9.115949,148,855
9.116078,148,854
9.116139,148,853
9.116163,147,854
9.116272,148,854
9.116717,148,853
9.117011,148,852
9.117453,148,851
9.117559,148,850
9.117910,149,850
9.118181,149,849
9.118208,149,848
9.118511,149,847
9.118862,149,846
9.118991,149,845
9.119076,149,844
9.119108,148,845
9.119207,148,844
9.119394,147,845
9.120000,147,844
9.120050,147,843
9.120060,147,842
9.120098,146,843
9.120213,146,842
9.120291,145,843
9.120333,144,844
9.120352,144,843
9.120657,144,842
9.121025,144,841
9.121045,144,840
9.121101,144,839
9.121266,144,838
9.121447,145,838
9.121646,144,839
9.121696,144,838
9.121775,144,837
9.121903,144,836
9.122261,144,835
9.122278,144,834
9.123293,143,835
9.123452,143,834
9.123515,144,834
9.123606,144,833
9.123928,144,832
9.124114,144,831
9.124189,143,832
9.124299,143,831
9.124352,144,831
9.124415,144,830
9.124619,144,829
9.124829,143,830
9.125708,143,829
9.126114,143,828
9.126546,143,827
9.126550,143,826
9.126638,143,825
9.126671,143,824
9.126699,143,823
9.127102,144,823
9.127173,144,822
9.127214,144,821
9.127494,144,820
9.127510,144,819
9.127539,143,820
9.127690,143,819
9.127927,142,820
9.128111,142,819
9.128387,141,820
9.128727,140,821
9.128728,140,820
9.128830,140,819
9.128880,140,818
9.128893,139,819
9.129076,138,820
9.129273,138,819
9.129319,138,818
9.129349,138,817
9.129404,138,816
9.129434,138,815
9.129550,137,816
9.129593,137,815
9.129915,137,814
9.129975,136,815
9.130510,136,814
9.130511,136,813
9.130531,135,814
9.130665,134,815
9.130740,134,814
9.130965,134,813
9.130984,134,812
9.131027,134,811
9.131035,134,810
9.131061,135,810
9.131156,135,809
9.131174,135,808
9.131365,134,809
9.131436,134,808
9.131623,134,807
9.131659,134,806
9.131722,134,805
9.131774,134,804
9.131855,134,803
9.132018,134,802
9.132349,134,801
9.132383,134,800
9.132432,134,799
9.132457,134,798
9.132639,134,797
9.132778,134,796
9.132859,134,795
9.132881,133,796
9.133125,133,795
9.133291,133,794
9.133610,133,793
9.133801,133,792
9.134353,133,791
9.134393,133,790
9.134840,133,789
9.135136,132,790
9.135547,131,791
9.135774,130,792
9.136125,130,791
9.136126,130,790
9.137387,130,789
9.137658,130,788
9.137785,130,787
9.137874,130,786
9.138458,130,785
9.138573,130,784
9.138609,130,783
9.138844,129,784
9.138955,129,783
9.138975,130,783
9.139289,130,782
9.139333,130,781
9.139654,130,780
9.139776,130,779
9.139830,130,778
9.139892,130,777
9.140043,130,776
9.140147,130,775
9.140439,129,776
9.141007,129,775
9.141359,129,774
9.141382,129,773
9.141499,129,772
9.141668,129,771
9.141697,129,770
9.141790,129,769
9.142383,128,770
9.142491,128,769
9.142539,127,770
9.142721,128,770
9.142734,128,769
9.142905,128,768
9.143338,128,767
9.144125,128,766
9.144441,128,765
9.144841,128,764
9.145104,128,763
9.145144,128,762
9.145204,128,761
9.145456,128,760
9.145637,128,759
9.146371,128,758
9.146407,128,757
9.146473,128,756
9.146566,128,755
9.146596,128,754
9.146614,127,755
9.146790,127,754
9.147478,127,753
9.147566,127,752
9.147677,127,751
9.147845,126,752
9.148202,125,753
9.148579,125,752
9.149381,125,751
9.150067,125,750
9.150130,125,749
9.150248,125,748
9.150282,125,747
9.150423,125,746
9.150686,125,745
9.150993,125,744
9.151813,125,743
9.152115,125,742
9.152353,124,743
9.152437,124,742
9.152454,124,741
9.152495,123,742
9.152712,122,743
9.152935,122,742
9.153197,122,741
9.153567,122,740
9.153631,121,741
9.153642,121,740
9.153878,121,739
9.153954,121,738
9.154802,120,739
9.154917,120,738
9.155015,120,737
9.155035,120,736
9.155573,120,735
9.155635,120,734
9.155735,120,733
9.155856,120,732
9.155906,120,731
9.155996,120,730
9.156138,120,729
9.156195,120,728
9.156198,120,727
9.156265,121,727
9.156468,121,726
9.156572,120,727
9.156707,121,727
9.156963,121,726
9.157102,121,725
9.157173,121,724
9.157270,121,723
9.157295,121,722
9.157499,121,721
9.157525,120,722
9.158338,120,721
9.158493,120,720
9.158816,120,719
9.159601,120,718
9.160077,120,717
9.160991,120,716
9.161267,120,715
9.161383,120,714
9.161540,120,713
9.162058,119,714
9.162086,119,713
9.162168,119,712
9.162596,119,711
9.162893,118,712
9.163108,118,711
9.163148,118,710
9.163264,119,710
9.163336,119,709
9.163359,119,708
9.163711,119,707
9.163907,119,706
9.164062,119,705
9.164323,119,704
9.164328,119,703
9.164439,119,702
9.164707,118,703
9.164725,118,702
9.164730,118,701
9.164786,118,700
9.164847,118,699
9.165018,117,700
9.166417,117,699
9.166699,117,698
9.166881,117,697
9.167016,116,698
9.167200,116,697
9.167605,115,698
9.167985,115,697
9.168011,115,696
9.168086,115,695
9.168098,115,694
9.168154,115,693
9.168478,115,692
9.168514,115,691
9.168873,115,690
9.169222,115,689
9.169452,115,688
9.169594,115,687
9.169643,115,686
9.169719,115,685
9.169895,115,684
9.169923,115,683
9.170024,115,682
9.170043,115,681
9.170066,114,682
9.170088,115,682
9.170140,115,681
9.170614,115,680
9.171277,115,679
9.171528,114,680
9.171565,114,679
9.171627,114,678
9.171809,115,678
9.172600,115,677
9.172726,115,676
9.173086,115,675
9.173260,115,674
9.173332,115,673
9.173557,115,672
9.173590,115,671
9.173615,115,670
9.173782,115,669
9.173974,115,668
9.174487,115,667
9.174755,115,666
9.174814,115,665
9.174943,116,665
9.175065,116,664
9.175331,116,663
9.175488,116,662
9.175564,116,661
9.175910,116,660
9.175951,116,659
9.176238,116,658
9.176437,116,657
9.176451,116,656
9.176835,116,655
9.176837,115,656
9.176919,115,655
9.177307,115,654
9.177338,115,653
9.177344,114,654
9.177853,115,654
9.177881,115,653
9.178029,116,653
9.178158,116,652
9.178357,116,651
9.179431,116,650
9.179442,116,649
9.179490,116,648
9.179499,116,647
9.179526,116,646
9.180036,116,645
9.180385,117,645
9.180492,118,645
9.180604,118,644
9.180735,118,643
9.180766,118,642
9.180849,118,641
9.181012,117,642
9.181111,117,641
9.181193,117,640
9.182307,117,639
9.182450,116,640
9.182493,116,639
9.183011,116,638
9.183131,116,637
9.183347,116,636
9.183823,116,635
9.184343,115,636
9.184392,115,635
9.184819,115,634
9.185404,115,633
9.185561,116,633
9.185746,116,632
9.186167,116,631
9.186184,116,630
9.186213,116,629
9.186294,116,628
9.186643,116,627
9.186772,116,626
9.186799,116,625
9.186883,116,624
9.186991,116,623
9.187117,116,622
9.187122,116,621
9.187303,117,621
9.187583,117,620
9.187699,116,621
9.187781,116,620
9.187878,116,619
9.188623,116,618
9.188825,116,617
9.188949,117,617
9.189322,116,618
9.189775,116,617
9.189998,116,616
9.190142,115,617
9.190205,115,616
9.190301,115,615
9.190342,115,614
9.190395,114,615
9.190632,115,615
9.190832,114,616
9.190858,113,617
9.191273,113,616
9.191276,114,616
9.191863,114,615
9.192110,114,614
9.192726,114,613
9.192844,115,613
9.192882,115,612
9.193628,115,611
9.193946,115,610
9.194336,115,609
9.194468,115,608
9.194478,116,608
9.194514,116,607
9.195035,116,606
9.195216,116,605
9.195382,116,604
9.195530,116,603
9.195536,116,602
9.195973,116,601
9.196466,116,600
9.196524,117,600
9.196699,117,599
9.197127,117,598
9.197164,116,599
9.197514,116,598
9.197747,116,597
9.198067,116,596
9.198083,116,595
9.198242,116,594
9.198285,116,593
9.198401,116,592
9.198887,116,591
9.198978,116,590
9.199104,115,591
9.199139,115,590
9.199269,115,589
9.199568,115,588
9.201190,115,587
9.201954,115,586
9.201997,115,585
9.202566,116,585
9.203158,116,584
9.203227,116,583
9.203276,116,582
9.203389,116,581
9.203484,116,580
9.203606,115,581
9.203955,115,580
9.204639,115,579
9.204814,115,578
9.204851,115,577
9.204995,115,576
9.205020,115,575
9.205235,115,574
9.206259,114,575
9.206365,114,574
9.206467,114,573
9.206779,114,572
9.206860,113,573
9.207089,113,572
9.207212,113,571
9.207558,113,570
9.207616,113,569
9.207739,113,568
9.207796,113,567
9.208368,113,566
9.208499,112,567
9.208593,112,566
9.208882,112,565
9.208923,112,564
9.208959,112,563
9.209116,111,564
9.209327,110,565
9.209746,110,564
9.209861,109,565
9.209961,109,564
9.210070,109,563
9.210379,108,564
9.210780,108,563
9.210883,109,563
9.211520,109,562
9.211611,109,561
9.211653,109,560
9.211816,109,559
9.211896,108,560
9.211941,108,559
9.212069,108,558
9.212093,108,557
9.212274,107,558
9.212425,107,557
9.212608,107,556
9.212671,106,557
9.212719,106,556
9.212752,106,555
9.213026,106,554
9.213168,106,553
9.213335,106,552
9.215217,106,551
9.215262,105,552
9.217105,106,552
9.217272,105,553
9.217782,105,552
9.218328,106,552
9.218511,106,551
9.218571,106,550
9.219241,106,549
9.219726,105,550
9.220029,105,549
9.220670,105,548
9.220710,104,549
9.221028,104,548
9.221126,103,549
9.221233,102,550
9.221245,102,549
9.221317,102,548
9.221447,102,547
9.223333,102,546
9.223699,102,545
9.223803,102,544
9.223881,102,543
9.223953,102,542
9.225725,102,541
9.225841,101,542
9.225886,101,541
9.225937,101,540
9.226090,102,540
9.226110,101,541
9.226118,101,540
9.226228,100,541
9.226308,100,540
9.226617,100,539
9.226843,100,538
9.226985,100,537
9.228155,100,536
9.228157,100,535
9.228205,100,534
9.230456,101,534
9.230495,101,533
9.230694,100,534
9.230795,99,535
9.231671,99,534
9.231746,99,533
9.232152,100,533
9.232322,100,532
9.232571,100,531
9.232693,100,530
9.232876,100,529
9.232990,100,528
9.234463,100,527
9.235280,99,528
9.235282,98,529
9.235605,98,528
9.235718,98,527
9.235856,99,527
9.235983,99,526
9.236144,99,525
9.236207,99,524
9.236797,98,525
9.237027,98,524
9.237156,99,524
9.237471,99,523
9.237530,99,522
9.237982,99,521
9.238212,99,520
9.238260,99,519
9.238351,100,519
9.238487,100,518
9.238569,100,517
9.238680,100,516
9.239077,100,515
9.239216,100,514
9.239437,100,513
9.239606,99,514
9.239611,98,515
9.239995,98,514
9.240173,98,513
9.240679,98,512
9.240873,98,511
9.241085,98,510
9.241732,97,511
9.241918,97,510
9.242088,97,509
9.242336,97,508
9.242932,97,507
9.243076,96,508
9.243267,96,507
9.243305,96,506
9.244510,96,505
9.244658,95,506
9.244833,95,505
9.246407,94,506
9.246960,94,505
9.247014,94,504
9.248374,94,503
9.249126,93,504
9.249134,93,503
9.249954,94,503
9.251018,94,502
9.251045,94,501
9.251546,94,500
9.251613,93,501
9.251675,93,500
9.251988,93,499
9.252193,93,498
9.252205,93,497
9.252664,93,496
9.252683,93,495
9.252788,94,495
9.252832,95,495
9.252836,95,494
9.253386,95,493
9.253407,96,493
9.253518,96,492
9.255283,95,493
9.255383,95,492
9.255614,94,493
9.255684,93,494
9.255873,93,493
9.256178,92,494
9.256282,92,493
9.256981,92,492
9.257064,92,491
9.257119,92,490
9.257271,92,489
9.257878,91,490
9.258607,91,489
9.258757,90,490
9.258843,91,490
9.259392,91,489
9.259493,91,488
9.260542,91,487
9.260697,91,486
9.260960,91,485
9.260966,91,484
9.261669,91,483
9.261690,91,482
9.261880,91,481
9.262175,91,480
9.262552,91,479
9.262721,91,478
9.262931,90,479
9.262949,90,478
9.263325,90,477
9.263517,89,478
9.264113,89,477
9.264460,89,476
9.264528,89,475
9.264543,89,474
9.265005,89,473
9.265279,88,474
9.265979,88,473
9.266391,88,472
9.266608,88,471
9.266639,88,470
9.266753,88,469
9.266899,87,470
9.267103,88,470
9.267744,88,469
9.268270,89,469
9.268440,89,468
9.268547,90,468
9.270224,90,467
9.270537,89,468
9.270561,89,467
9.270645,89,466
9.270770,89,465
9.271135,89,464
9.271513,89,463
9.271971,89,462
9.272257,89,461
9.272779,89,460
9.273228,89,459
9.273355,90,459
9.273888,90,458
9.275210,89,459
9.275994,89,458
9.276671,89,457
9.278671,89,456
9.278846,89,455
9.279134,89,454
9.279147,89,453
9.279328,89,452
9.279771,89,451
9.280602,88,452
9.280933,88,451
9.281934,87,452
9.282472,88,452
9.282649,87,453
9.282708,87,452
9.283606,88,452
9.283820,88,451
9.284841,88,450
9.285149,88,449
9.285314,88,448
9.285384,88,447
9.285490,88,446
9.285899,87,447
9.285974,87,446
9.286712,87,445
9.287238,87,444
9.287829,87,443
9.287937,87,442
9.288619,87,441
9.289030,87,440
9.289152,87,439
9.289159,87,438
9.289283,87,437
9.289516,87,436
9.289673,87,435
9.289691,87,434
9.290106,87,433
9.290159,87,432
9.290322,87,431
9.290419,86,432
9.290458,85,433
9.290516,85,432
9.290745,85,431
9.290816,85,430
9.291194,85,429
9.292358,85,428
9.292599,86,428
9.293057,85,429
9.293425,85,428
9.293495,85,427
9.293561,84,428
9.293665,84,427
9.294247,85,427
9.294287,85,426
9.294840,85,425
9.294995,85,424
9.295331,85,423
9.295339,85,422
9.295446,85,421
9.295468,85,420
9.295553,85,419
9.295604,85,418
9.296187,84,419
9.296231,84,418
9.297638,83,419
9.297780,83,418
9.299325,83,417
9.299753,83,416
9.299784,83,415
9.299843,83,414
9.300304,83,413
9.300316,83,412
9.300538,83,411
9.300576,83,410
9.300656,84,410
9.300756,84,409
9.301305,84,408
9.301506,84,407
9.301688,84,406
9.302217,84,405
9.302444,83,406
9.302842,83,405
9.303018,83,404
9.303323,83,403
9.303976,82,404
9.303987,82,403
9.304604,82,402
9.305368,82,401
9.305619,81,402
9.305981,81,401
9.306587,81,400
9.306670,81,399
9.306918,81,398
9.306990,81,397
9.307719,81,396
9.308219,82,396
9.308386,82,395
9.308707,82,394
9.308911,83,394
9.310103,83,393
9.310787,82,394
9.310837,81,395
9.311463,81,394
9.311994,81,393
9.312234,81,392
9.312522,81,391
9.313012,81,390
9.313952,82,390
9.315393,83,390
9.316290,83,389
9.316309,82,390
9.316374,82,389
9.317374,82,388
9.317580,81,389
9.318152,81,388
9.318363,81,387
9.318373,81,386
9.318633,81,385
9.318994,81,384
9.319871,81,383
9.320038,81,382
9.320136,81,381
9.320240,81,380
9.320730,81,379
9.320909,81,378
9.321011,81,377
9.321118,81,376
9.321400,81,375
9.321806,81,374
9.321845,81,373
9.322071,81,372
9.322388,82,372
9.322447,81,373
9.322759,80,374
9.323295,80,373
9.323535,80,372
9.323763,80,371
9.324792,79,372
9.325112,78,373
9.325165,78,372
9.325871,78,371
9.325897,78,370
9.326565,78,369
9.326592,78,368
9.326877,78,367
9.327269,79,367
9.327582,79,366
9.328356,79,365
9.328523,79,364
9.328821,79,363
9.328857,79,362
9.330497,79,361
9.330526,79,360
9.330640,79,359
9.330680,80,359
9.330724,80,358
9.330753,80,357
9.330809,81,357
9.331856,81,356
9.331913,81,355
9.333151,81,354
9.333183,81,353
9.333539,80,354
9.333639,80,353
9.333975,80,352
9.334667,80,351
9.334723,80,350
9.335198,79,351
9.335627,79,350
9.335764,80,350
9.336328,79,351
9.336524,79,350
9.336552,80,350
9.336729,80,349
9.336741,81,349
9.336858,80,350
9.336994,80,349
9.337267,80,348
9.337416,80,347
9.337740,80,346
9.338396,80,345
9.338915,80,344
9.339366,80,343
9.339843,79,344
9.340819,80,344
9.340992,80,343
9.342488,80,342
9.343547,80,341
9.343736,80,340
9.343799,80,339
9.344670,80,338
9.345176,80,337
9.345323,81,337
9.345429,81,336
9.346260,80,337
9.346940,80,336
9.347251,80,335
9.348361,80,334
9.349450,80,333
9.349674,80,332
9.350231,80,331
9.350775,80,330
9.350970,80,329
9.351189,80,328
9.351725,80,327
9.351725,80,326
9.353390,80,325
9.353438,80,324
9.353741,80,323
9.354286,80,322
9.355561,80,321
9.356295,81,321
9.356328,82,321
9.359289,81,322
9.360494,81,321
9.361784,81,320
9.362067,81,319
9.362896,80,320
9.363510,80,319
9.363565,80,318
9.363781,80,317
9.363974,81,317
9.364093,81,316
9.364141,81,315
9.364201,80,316
9.364811,80,315
9.364828,80,314
9.364873,81,314
9.364884,81,313
9.365698,82,313
9.366997,82,312
9.367188,82,311
9.367408,81,312
9.367610,81,311
9.368513,81,310
9.368583,80,311
9.369283,80,310
9.369321,80,309
9.370473,79,310
9.371575,79,309
9.371966,78,310
9.372814,78,309
9.374263,78,308
9.374428,77,309
9.374951,77,308
9.374968,76,309
9.375556,77,309
9.375704,77,308
9.376405,76,309
9.376715,76,308
9.377077,75,309
9.378844,75,308
9.379175,76,308
9.379737,76,307
9.379811,76,306
9.381053,76,305
9.381622,76,304
9.381659,76,303
9.381824,76,302
9.381969,76,301
9.381970,76,300
9.381971,76,299
9.384119,77,299
9.384752,77,298
9.384785,77,297
9.385423,77,296
9.385459,77,295
9.385535,77,294
9.386998,77,293
9.387805,77,292
9.387831,77,291
9.389238,78,291
9.389460,79,291
9.389905,79,290
9.390185,79,289
9.391052,79,288
9.391073,79,287
9.392050,78,288
9.392258,77,289
9.393460,76,290
9.393718,76,289
9.393785,76,288
9.394439,76,287
9.394834,76,286
9.394852,77,286
9.396190,78,286
9.397094,78,285
9.398671,78,284
9.400550,77,285
9.401119,76,286
9.402009,76,285
9.403498,76,284
9.403787,77,284
9.404654,77,283
9.405606,77,282
9.405940,78,282
9.407800,78,281
9.407968,78,280
9.408348,78,279
9.408815,79,279
9.409113,79,278
9.409397,79,277
9.409678,80,277
9.409857,80,276
9.410110,79,277
9.411133,79,276
9.411527,80,276
9.411963,80,275
9.412296,80,274
9.412371,79,275
9.412513,79,274
9.413848,79,273
9.414005,78,274
9.414254,78,273
9.415416,79,273
9.415634,79,272
9.415927,78,273
9.416500,77,274
9.416641,78,274
9.416994,79,274
9.417174,79,273
9.417740,79,272
9.417882,80,272
9.418460,80,271
9.419453,80,270
9.420563,80,269
9.421829,80,268
9.421903,80,267
9.422909,80,266
9.423744,80,265
9.424022,80,264
9.424092,79,265
9.424972,79,264
9.425185,79,263
9.426347,79,262
9.426632,79,261
9.426707,79,260
9.427446,79,259
9.427447,80,259
9.428088,80,258
9.428289,80,257
9.428998,80,256
9.429134,80,255
9.429223,80,254
9.430112,80,253
9.430162,80,252
9.430387,80,251
9.430603,81,251
9.430615,81,250
9.430828,81,249
9.431050,81,248
9.431277,82,248
9.431839,82,247
9.431868,82,246
9.432629,82,245
9.433199,82,244
9.433672,83,244
9.434332,84,244
9.434719,85,244
9.434869,85,243
9.435719,85,242
9.435844,85,241
9.436106,86,241
9.436669,86,240
9.436722,87,240
9.436917,87,239
9.437157,87,238
9.437339,87,237
9.437620,87,236
9.437677,87,235
9.438475,87,234
9.439017,87,233
9.440153,86,234
9.441021,85,235
9.441595,85,234
9.441661,85,233
9.442615,85,232
9.444292,85,231
9.444743,85,230
9.445385,85,229
9.445806,84,230
9.446153,84,229
9.446496,84,228
9.446772,84,227
9.447722,84,226
9.448833,84,225
9.449108,84,224
9.449210,84,223
9.449851,84,222
9.449927,83,223
9.451885,83,222
9.453541,82,223
9.454395,82,222
9.454888,82,221
9.457262,83,221
9.457602,83,220
9.458482,83,219
9.458911,83,218
9.459116,83,217
9.459735,83,216
9.460182,84,216
9.461695,83,217
9.461739,83,216
9.465452,83,215
9.465958,84,215
9.467096,84,214
9.467118,84,213
9.467770,84,212
9.468445,85,212
9.468837,85,211
9.468929,85,210
9.469049,85,209
9.470100,85,208
9.470213,86,208
9.471040,86,207
9.471220,86,206
9.471617,86,205
9.472191,87,205
9.472360,87,204
9.472393,86,205
9.472473,86,204
9.472632,86,203
9.473070,86,202
9.475401,87,202
9.475663,87,201
9.476230,87,200
9.476278,88,200
9.476284,88,199
9.476831,87,200
9.477094,87,199
9.478239,88,199
9.478290,88,198
9.478291,88,197
9.478543,88,196
9.478678,88,195
9.478858,88,194
9.479002,88,193
9.479559,89,193
9.479835,89,192
9.480507,88,193
9.480760,88,192
9.481214,88,191
9.481497,87,192
9.482796,87,191
9.483822,87,190
9.484967,88,190
9.485273,88,189
9.485376,88,188
9.486909,88,187
9.487052,89,187
9.487068,89,186
9.487240,89,185
9.488089,90,185
9.488526,90,184
9.490169,90,183
9.491068,90,182
9.493618,90,181
9.493893,90,180
9.494661,90,179
9.494700,90,178
9.495366,90,177
9.495476,91,177
9.497701,91,176
9.499791,92,176
9.502495,92,175
9.502825,91,176
9.502990,91,175
9.505264,91,174
9.507923,91,173
9.508138,90,174
9.508260,90,173
9.508518,90,172
9.508688,91,172
9.508877,91,171
9.509378,91,170
9.511152,92,170
9.511430,92,169
9.511446,91,170
9.511902,90,171
9.512734,90,170
9.512760,90,169
9.512972,90,168
9.512984,90,167
9.514061,90,166
9.514189,89,167
9.514576,89,166
9.516091,89,165
9.516808,89,164
9.517752,88,165
9.517844,89,165
9.518887,90,165
9.519643,91,165
9.520750,92,165
9.521899,92,164
9.525965,92,163
9.526259,92,162
9.526640,92,161
9.526814,93,161
9.526908,93,160
9.527811,93,159
9.528167,92,160
9.528705,91,161
9.528873,92,161
9.529424,92,160
9.531314,92,159
9.533154,92,158
9.533571,92,157
9.534070,92,156
9.534691,92,155
9.535451,93,155
9.535973,92,156
9.536405,92,155
9.538188,92,154
9.539539,92,153
9.539580,92,152
9.541318,92,151
9.542706,92,150
9.544653,91,151
9.545627,92,151
9.545759,92,150
9.547100,92,149
9.549806,92,148
9.550507,93,148
9.550678,93,147
9.552345,93,146
9.552949,94,146
9.553472,94,145
9.554491,94,144
9.556075,93,145
9.556949,92,146
9.557099,92,145
9.557257,93,145
9.557998,94,145
9.558312,94,144
9.560048,95,144
9.560319,95,143
9.561927,95,142
9.562617,95,141
9.563067,95,140
9.563780,94,141
9.565974,93,142
9.566298,93,141
9.566674,94,141
9.567328,94,140
9.567871,94,139
9.568704,94,138
9.570871,93,139
9.572282,93,138
9.573296,93,137
9.573858,93,136
9.574057,93,135
9.574669,93,134
9.577929,93,133
9.577963,93,132
9.578904,93,131
9.580480,93,130
9.580828,94,130
9.581317,93,131
9.581677,94,131
9.582098,94,130
9.583179,94,129
9.585135,95,129
9.585642,96,129
9.586719,96,128
9.588523,96,127
9.591246,96,126
9.591539,97,126
9.591677,98,126
9.592080,98,125
9.592901,98,124
9.592914,99,124
9.594390,100,124
9.595891,100,123
9.596106,101,123
9.596797,101,122
9.597178,101,121
9.597674,102,121
9.598684,102,120
9.598974,102,119
9.599979,102,118
9.600507,101,119
9.602362,101,118
9.604340,101,117
9.605293,101,116
9.605451,102,116
9.606881,102,115
9.607346,101,116
9.608117,101,115
9.608221,102,115
9.608890,102,114
9.610019,103,114
9.610302,103,113
9.614340,103,112
9.614606,103,111
9.616337,102,112
9.618158,102,111
9.619877,102,110
9.620017,103,110
9.620116,103,109
9.620118,103,108
9.620652,104,108
9.621933,104,107
9.623971,103,108
9.624204,103,107
9.624710,103,106
9.626208,103,105
9.628362,104,105
9.628561,105,105
9.629571,106,105
9.633282,106,104
9.634391,106,103
9.640473,107,103
9.643090,107,102
9.643176,107,101
9.643916,108,101
9.645646,108,100
9.646028,107,101
9.646907,106,102
9.647367,106,101
9.647403,107,101
9.647542,107,100
9.648553,108,100
9.648776,109,100
9.651269,110,100
9.651422,111,100
9.652269,111,99
9.652993,111,98
9.655749,112,98
9.655781,113,98
9.656950,113,97
9.657546,114,97
9.659116,114,96
9.659947,115,96
9.660576,114,97
9.661288,115,97
9.664789,115,96
9.665204,115,95
9.666616,115,94
9.668666,115,93
9.668764,115,92
9.669756,115,91
9.671215,115,90
9.673333,116,90
9.673430,117,90
9.674970,117,89
9.675618,118,89
9.679168,117,90
9.679269,116,91
9.685005,116,90
9.685158,116,89
9.686964,116,88
9.687353,117,88
9.688492,117,87
9.689967,116,88
9.690385,117,88
9.690490,117,87
9.691519,117,86
9.693278,118,86
9.693760,118,85
9.694021,117,86
9.694791,117,85
9.696604,117,84
9.696821,117,83
9.698205,118,83
9.701209,118,82
9.701237,119,82
9.702964,119,81
9.704366,119,80
9.704653,119,79
9.705597,119,78
9.705628,119,77
9.706600,120,77
9.706969,120,76
9.707314,121,76
9.708509,122,76
9.708595,122,75
9.710158,122,74
9.712060,123,74
9.712459,124,74
9.713039,124,73
9.713232,124,72
9.713947,124,71
9.715670,125,71
9.721590,126,71
9.724373,125,72
9.726449,126,72
9.727488,126,71
9.728046,127,71
9.736595,127,70
9.737577,127,69
9.737685,126,70
9.737866,126,69
9.739244,127,69
9.739707,127,68
9.742348,127,67
9.742851,128,67
9.743007,129,67
9.743579,130,67
9.744305,129,68
9.744464,130,68
9.744493,131,68
9.745293,131,67
9.748775,132,67
9.749676,131,68
9.751055,131,67
9.752027,132,67
9.756448,132,66
9.757194,133,66
9.758229,134,66
9.762137,134,65
9.764192,134,64
9.767236,134,63
9.767697,134,62
9.773059,134,61
9.775739,135,61
9.777076,134,62
9.778247,134,61
9.778593,135,61
9.780148,134,62
9.780511,135,62
9.781131,136,62
9.781949,137,62
9.783771,137,61
9.784321,138,61
9.787200,139,61
9.790055,140,61
9.796948,141,61
9.797063,142,61
9.798344,143,61
9.798826,144,61
9.800004,145,61
9.804274,146,61
9.805511,146,60
9.806784,145,61
9.809405,146,61
9.810134,147,61
9.810157,148,61
9.810452,148,60
9.811812,149,60
9.811968,150,60
9.813324,151,60
9.814119,150,61
9.816098,150,60
9.819965,151,60
9.821298,151,59
9.821662,151,58
9.822042,151,57
9.823356,152,57
9.823739,152,56
9.825121,152,55
9.825502,152,54
9.825785,152,53
9.825926,152,52
9.826281,152,51
9.826891,153,51
9.827051,154,51
9.829161,154,50
9.833381,154,49
9.834646,155,49
9.835235,155,48
9.835631,154,49
9.836250,153,50
9.836871,154,50
9.838023,154,49
9.838904,153,50
9.840762,154,50
9.846233,155,50
9.847159,156,50
9.847981,157,50
9.848466,158,50
9.853056,159,50
9.854260,160,50
9.855885,159,51
9.856877,160,51
9.856948,161,51
9.858051,161,50
9.858996,161,49
9.863966,162,49
9.864027,163,49
9.864360,164,49
9.865744,165,49
9.865853,165,48
9.870211,166,48
9.872991,167,48
9.873066,167,47
9.873695,168,47
9.874035,169,47
9.876474,170,47
9.877684,170,46
9.880821,171,46
9.881592,171,45
9.882415,172,45
9.883423,173,45
9.884300,174,45
9.885186,175,45
9.885401,176,45
9.887063,177,45
9.887204,177,44
9.890280,178,44
9.891659,179,44
9.891896,180,44
9.892209,180,43
9.893218,180,42
9.893965,181,42
9.894782,182,42
9.894895,182,41
9.896799,183,41
9.896801,182,42
9.900551,183,42
9.900821,184,42
9.901062,185,42
9.903094,186,42
9.905206,186,41
9.905373,186,40
9.905409,185,41
9.906011,186,41
9.907859,185,42
9.909344,184,43
9.909459,185,43
9.913242,185,42
9.914058,185,41
9.914401,185,40
9.914832,185,39
9.915218,186,39
9.916044,187,39
9.918852,187,38
9.919050,188,38
9.919280,188,37
9.919324,189,37
9.921789,190,37
9.922470,191,37
9.925446,190,38
9.926131,190,37
9.926487,191,37
9.926784,192,37
9.927104,193,37
9.927283,194,37
9.928349,195,37
9.929613,196,37
9.929871,197,37
9.934750,197,36
9.934861,198,36
9.935073,198,35
9.936936,199,35
9.937253,199,34
9.937803,199,33
9.937891,200,33
9.938198,201,33
9.938373,202,33
9.939126,202,32
9.939244,202,31
9.939719,202,30
9.939937,202,29
9.943126,203,29
9.944175,203,28
9.944724,204,28
9.944795,205,28
9.946564,206,28
9.950291,207,28
9.950661,208,28
9.952392,209,28
9.953584,210,28
9.953998,210,27
9.957119,211,27
9.959868,212,27
9.959997,213,27
9.962355,213,26
9.965668,214,26
9.968661,215,26
9.969345,215,25
9.970121,216,25
9.970845,217,25
9.971587,218,25
9.972813,219,25
9.972949,220,25
9.974370,221,25
9.974510,222,25
9.977003,223,25
9.977606,224,25
9.978867,223,26
9.979731,223,25
9.979771,224,25
9.982292,225,25
9.982431,226,25
9.982810,227,25
9.985040,228,25
9.985800,229,25
9.986296,230,25
9.988333,231,25
9.988953,232,25
9.991762,233,25
9.993858,234,25
9.994621,235,25
9.995269,236,25
9.995449,237,25
9.995701,238,25
