realization,sample,temperature,kin_energy,pot_energy
1,1,2.000315,3.000473,0.223402
1,2,2.003803,3.005704,0.229127
1,3,2.003898,3.005846,0.223402
1,4,2.010455,3.015682,0.223402
1,5,2.003645,3.005468,0.223402
1,6,1.991689,2.987533,0.239601
1,7,2.008826,3.013239,0.223402
1,8,1.991240,2.986860,0.239174
1,9,2.001372,3.002058,0.223402
1,10,2.000386,3.000579,0.223402
1,11,2.000135,3.000202,0.223402
1,12,2.000047,3.000070,0.223402
1,13,1.976846,2.965269,0.267165
1,14,2.023162,3.034744,0.223402
1,15,2.010470,3.015706,0.223402
1,16,2.003651,3.005476,0.223402
1,17,2.002010,3.003015,0.223402
1,18,1.989859,2.984788,0.255715
1,19,2.002763,3.004144,0.223402
1,20,2.002571,3.003856,0.223402
1,21,2.000896,3.001344,0.223402
1,22,1.937832,2.906747,0.332542
1,23,2.008653,3.012980,0.223402
1,24,2.003017,3.004526,0.223402
1,25,2.000794,3.001192,0.224866
1,26,2.021608,3.032412,0.223402
1,27,1.996786,2.995179,0.243950
1,28,2.002487,3.003731,0.223402
1,29,2.005529,3.008293,0.243870
1,30,2.007871,3.011806,0.223402
1,31,2.011237,3.016855,0.234608
1,32,2.007142,3.010713,0.235152
1,33,2.004085,3.006128,0.223402
1,34,2.001424,3.002137,0.223402
1,35,2.000497,3.000745,0.223402
1,36,2.000173,3.000260,0.223402
1,37,2.000060,3.000091,0.223402
1,38,2.000021,3.000032,0.223402
1,39,1.978961,2.968442,0.260102
1,40,2.025156,3.037734,0.223402
1,41,2.008771,3.013157,0.223402
1,42,2.003058,3.004588,0.223402
1,43,2.001510,3.002264,0.251080
1,44,2.005642,3.008463,0.223402
1,45,1.960663,2.940995,0.287878
1,46,2.010351,3.015527,0.223402
1,47,2.012490,3.018735,0.229805
1,48,2.013798,3.020697,0.223402
1,49,2.004811,3.007217,0.223402
1,50,2.002817,3.004225,0.223402
1,51,2.000982,3.001473,0.223402
1,52,1.980857,2.971286,0.257195
1,53,2.014151,3.021227,0.223402
1,54,1.985190,2.977785,0.282791
1,55,2.010906,3.016359,0.223402
1,56,2.005175,3.007763,0.223402
1,57,2.005641,3.008461,0.223402
1,58,2.011620,3.017429,0.223402
1,59,2.000765,3.001147,0.233430
1,60,2.002865,3.004297,0.223402
1,61,2.000999,3.001498,0.223402
1,62,1.978331,2.967497,0.260552
1,63,1.981334,2.972002,0.283349
1,64,1.987974,2.981961,0.263444
1,65,2.009215,3.013823,0.227547
1,66,1.998781,2.998172,0.233939
1,67,2.016319,3.024479,0.223402
1,68,2.003957,3.005936,0.227391
1,69,2.011090,3.016635,0.237128
1,70,2.008099,3.012148,0.223402
1,71,2.002824,3.004236,0.223402
1,72,1.994376,2.991564,0.231164
1,73,2.001669,3.002503,0.225251
1,74,2.003297,3.004946,0.223402
1,75,1.997921,2.996881,0.237688
1,76,2.003575,3.005363,0.223402
1,77,2.001175,3.001762,0.223402
1,78,2.000861,3.001291,0.223402
1,79,1.920720,2.881080,0.395319
1,80,2.020598,3.030897,0.223402
1,81,2.007182,3.010773,0.223402
1,82,2.002504,3.003756,0.223402
1,83,2.000873,3.001310,0.223402
1,84,2.000304,3.000457,0.223402
1,85,1.987038,2.980557,0.244269
1,86,2.006481,3.009721,0.223402
1,87,1.999532,2.999299,0.231324
1,88,2.001434,3.002152,0.223402
1,89,1.995772,2.993658,0.234219
1,90,2.002397,3.003596,0.223402
1,91,2.000836,3.001254,0.223402
1,92,2.016422,3.024633,0.223402
1,93,1.984004,2.976006,0.269230
1,94,1.986122,2.979184,0.257025
1,95,1.986073,2.979110,0.278353
1,96,1.998896,2.998343,0.233072
1,97,2.009878,3.014818,0.223402
1,98,1.999942,2.999913,0.235171
1,99,2.007413,3.011119,0.223426
1,100,2.002676,3.004014,0.223402
1,101,1.996908,2.995361,0.233571
1,102,2.002977,3.004465,0.234175
1,103,2.005424,3.008136,0.224343
1,104,2.005774,3.008661,0.223402
1,105,2.006720,3.010079,0.223402
1,106,2.002343,3.003514,0.223402
1,107,2.005315,3.007973,0.223402
1,108,2.001853,3.002780,0.223402
1,109,2.000988,3.001482,0.223402
1,110,2.000345,3.000517,0.223402
1,111,1.994592,2.991889,0.238443
1,112,2.000418,3.000627,0.223402
1,113,2.000146,3.000219,0.223402
1,114,2.001041,3.001562,0.225453
1,115,2.002434,3.003651,0.223402
1,116,1.990268,2.985402,0.236924
1,117,2.002033,3.003050,0.223402
1,118,2.000709,3.001063,0.223402
1,119,2.000247,3.000371,0.223402
1,120,1.999575,2.999362,0.223521
1,121,2.013915,3.020873,0.223402
1,122,2.004852,3.007278,0.223402
1,123,2.008227,3.012341,0.236380
1,124,1.971424,2.957136,0.316078
1,125,1.984187,2.976280,0.312931
1,126,2.001439,3.002158,0.282348
1,127,2.018627,3.027940,0.223402
1,128,1.972358,2.958538,0.288126
1,129,2.003813,3.005720,0.227826
1,130,1.919406,2.879109,0.364904
1,131,2.015025,3.022538,0.223402
1,132,2.005239,3.007858,0.223402
1,133,2.005653,3.008479,0.226574
1,134,2.005716,3.008574,0.223402
1,135,2.001993,3.002990,0.223402
1,136,1.986595,2.979892,0.245937
1,137,2.003352,3.005028,0.223402
1,138,1.985340,2.978011,0.254896
1,139,2.003586,3.005379,0.223402
1,140,2.001250,3.001875,0.223402
1,141,2.009322,3.013984,0.223528
1,142,2.010830,3.016244,0.254859
1,143,2.009563,3.014345,0.223402
1,144,1.990318,2.985477,0.239146
1,145,2.008002,3.012003,0.223402
1,146,2.003213,3.004820,0.223402
1,147,2.001044,3.001566,0.223402
1,148,1.998558,2.997837,0.228138
1,149,1.979347,2.969020,0.272052
1,150,2.005461,3.008192,0.223402
1,151,1.996531,2.994796,0.234267
1,152,1.998093,2.997140,0.232531
1,153,1.961644,2.942466,0.286677
1,154,2.005721,3.008581,0.228506
1,155,2.013321,3.019981,0.223402
1,156,2.004645,3.006967,0.223402
1,157,2.001620,3.002429,0.223402
1,158,1.998558,2.997837,0.224109
1,159,1.985477,2.978215,0.256961
1,160,2.002980,3.004471,0.223402
1,161,2.001039,3.001559,0.223402
1,162,2.000362,3.000544,0.223402
1,163,2.000126,3.000190,0.223402
1,164,1.988388,2.982582,0.246871
1,165,1.991181,2.986772,0.245331
1,166,1.993533,2.990300,0.238060
1,167,1.990481,2.985722,0.248458
1,168,2.007924,3.011887,0.240681
1,169,2.009250,3.013875,0.223402
1,170,2.005521,3.008282,0.223402
1,171,1.991676,2.987514,0.246103
1,172,2.004155,3.006233,0.223402
1,173,2.006328,3.009492,0.223402
1,174,1.999103,2.998654,0.226938
1,175,2.001046,3.001570,0.223402
1,176,1.990920,2.986379,0.269159
1,177,2.018339,3.027509,0.223806
1,178,1.988840,2.983260,0.252561
1,179,1.986640,2.979960,0.282461
1,180,2.010308,3.015462,0.223402
1,181,2.003594,3.005391,0.223402
1,182,2.001253,3.001880,0.223402
1,183,2.000437,3.000655,0.223402
1,184,1.945360,2.918040,0.327064
1,185,2.018503,3.027754,0.223402
1,186,1.990335,2.985502,0.244369
1,187,2.004632,3.006948,0.243920
1,188,2.013808,3.020711,0.223402
1,189,2.003289,3.004934,0.225088
1,190,2.003896,3.005844,0.223402
1,191,2.001358,3.002038,0.223402
1,192,2.000474,3.000710,0.223402
1,193,2.000165,3.000248,0.223402
1,194,2.000058,3.000086,0.223402
1,195,2.000020,3.000030,0.223402
1,196,1.982351,2.973526,0.254489
1,197,2.004521,3.006782,0.223402
1,198,1.999719,2.999579,0.228261
1,199,2.010494,3.015741,0.223402
1,200,2.003659,3.005489,0.223402
1,201,1.988785,2.983178,0.251996
1,202,1.993938,2.990907,0.244443
1,203,1.990424,2.985636,0.248062
1,204,2.002339,3.003508,0.223402
1,205,1.986045,2.979067,0.250013
1,206,1.955637,2.933455,0.328698
1,207,2.009904,3.014857,0.223402
1,208,2.003453,3.005180,0.223402
1,209,2.018974,3.028460,0.223402
1,210,1.990293,2.985439,0.252505
1,211,2.004935,3.007402,0.223402
1,212,1.926693,2.890040,0.363644
1,213,2.014526,3.021789,0.223402
1,214,2.005065,3.007597,0.223402
1,215,2.003872,3.005808,0.223402
1,216,2.001350,3.002025,0.223402
1,217,2.000471,3.000706,0.223402
1,218,2.000164,3.000246,0.223402
1,219,2.002322,3.003483,0.249662
1,220,2.009520,3.014280,0.223402
1,221,2.003319,3.004979,0.223402
1,222,1.993749,2.990623,0.247870
1,223,2.003011,3.004516,0.223402
1,224,2.001050,3.001575,0.223402
1,225,1.999160,2.998740,0.223402
1,226,1.907837,2.861755,0.381201
1,227,2.022237,3.033355,0.223402
1,228,2.007753,3.011630,0.223402
1,229,1.963599,2.945399,0.302601
1,230,2.003680,3.005520,0.223402
1,231,2.010055,3.015083,0.223402
1,232,1.986858,2.980287,0.251110
1,233,2.000399,3.000599,0.223402
1,234,2.000139,3.000209,0.223402
1,235,2.000049,3.000073,0.223402
1,236,2.000017,3.000025,0.223402
1,237,2.000006,3.000009,0.223402
1,238,2.002578,3.003868,0.223402
1,239,1.973188,2.959782,0.277036
1,240,2.009751,3.014627,0.223402
1,241,1.994923,2.992385,0.242763
1,242,2.017856,3.026784,0.223402
1,243,2.006226,3.009339,0.223402
1,244,1.995334,2.993000,0.231219
1,245,2.001908,3.002862,0.223402
1,246,2.000665,3.000998,0.223402
1,247,1.982844,2.974267,0.256664
1,248,2.001207,3.001810,0.236372
1,249,2.002326,3.003488,0.223402
1,250,2.000811,3.001216,0.223402
1,251,2.000283,3.000424,0.223402
1,252,2.017431,3.026147,0.223402
1,253,2.006078,3.009117,0.223402
1,254,1.993253,2.989879,0.239087
1,255,2.001854,3.002782,0.223402
1,256,1.984299,2.976448,0.264259
1,257,2.005870,3.008804,0.223402
1,258,2.002047,3.003070,0.223402
1,259,2.000518,3.000778,0.223402
1,260,2.000181,3.000271,0.223402
1,261,2.013565,3.020348,0.223402
1,262,2.004730,3.007095,0.223402
1,263,2.004486,3.006728,0.223402
1,264,2.001564,3.002346,0.223402
1,265,2.008402,3.012603,0.223402
1,266,2.002930,3.004394,0.223402
1,267,1.990716,2.986075,0.245317
1,268,2.003728,3.005591,0.223402
1,269,2.001300,3.001950,0.223402
1,270,2.009525,3.014287,0.223402
1,271,2.006261,3.009391,0.223402
1,272,2.002136,3.003204,0.223402
1,273,2.000745,3.001117,0.223402
1,274,1.962354,2.943531,0.287043
1,275,2.011387,3.017081,0.225773
1,276,2.004340,3.006509,0.223402
1,277,1.990419,2.985628,0.290899
1,278,2.044568,3.066852,0.226248
1,279,2.016337,3.024505,0.223402
1,280,1.962972,2.944458,0.293695
1,281,2.026589,3.039884,0.223402
1,282,2.013296,3.019944,0.223402
1,283,2.004960,3.007440,0.228046
1,284,2.002999,3.004498,0.223402
1,285,2.001046,3.001568,0.223402
1,286,2.000365,3.000547,0.223402
1,287,1.996935,2.995402,0.235162
1,288,2.002625,3.003938,0.223402
1,289,2.000915,3.001373,0.223402
1,290,1.998751,2.998126,0.224420
1,291,2.004423,3.006635,0.223402
1,292,2.001542,3.002313,0.223402
1,293,1.947786,2.921680,0.329359
1,294,2.019539,3.029309,0.223402
1,295,2.014319,3.021479,0.240858
1,296,2.023790,3.035685,0.223402
1,297,2.008295,3.012443,0.223402
1,298,2.002892,3.004338,0.223402
1,299,2.000093,3.000139,0.223402
1,300,1.995657,2.993485,0.228456
1,301,2.001191,3.001786,0.223402
1,302,2.000173,3.000260,0.223738
1,303,2.002861,3.004291,0.223402
1,304,2.000997,3.001496,0.223402
1,305,2.000348,3.000522,0.223402
1,306,2.000121,3.000182,0.223402
1,307,1.979116,2.968674,0.258212
1,308,2.000422,3.000634,0.223402
1,309,2.000147,3.000221,0.223402
1,310,1.963115,2.944672,0.288899
1,311,2.010701,3.016051,0.223402
1,312,2.008250,3.012375,0.223402
1,313,2.002877,3.004315,0.223402
1,314,2.019070,3.028605,0.223402
1,315,2.023286,3.034929,0.223402
1,316,2.008567,3.012850,0.223402
1,317,2.017578,3.026366,0.229154
1,318,2.007280,3.010920,0.223402
1,319,1.972655,2.958983,0.278960
1,320,2.013679,3.020519,0.223402
1,321,2.004770,3.007154,0.223402
1,322,2.001663,3.002495,0.223402
1,323,1.986815,2.980222,0.259546
1,324,2.004395,3.006592,0.223402
1,325,2.002259,3.003388,0.223402
1,326,2.002207,3.003310,0.223402
1,327,2.005832,3.008748,0.223402
1,328,1.966441,2.949661,0.279152
1,329,2.014051,3.021077,0.223402
1,330,1.984087,2.976131,0.302591
1,331,2.013409,3.020113,0.223402
1,332,2.004675,3.007013,0.223402
1,333,1.985107,2.977661,0.261099
1,334,2.002559,3.003839,0.223402
1,335,2.000892,3.001338,0.223402
1,336,2.000311,3.000467,0.223402
1,337,1.993824,2.990736,0.224370
1,338,2.009184,3.013776,0.223402
1,339,2.002987,3.004481,0.223402
1,340,2.001042,3.001562,0.223402
1,341,1.953359,2.930039,0.316377
1,342,2.010650,3.015976,0.223402
1,343,2.003714,3.005570,0.223402
1,344,2.013237,3.019855,0.223402
1,345,2.004615,3.006923,0.223402
1,346,1.995768,2.993653,0.225146
1,347,2.002640,3.003960,0.223402
1,348,2.000921,3.001381,0.223402
1,349,2.000321,3.000481,0.223402
1,350,1.968720,2.953080,0.294669
1,351,2.005785,3.008677,0.223402
1,352,2.022588,3.033883,0.223402
1,353,1.919975,2.879963,0.371013
1,354,1.967668,2.951502,0.285959
1,355,2.012492,3.018737,0.223402
1,356,2.004356,3.006533,0.223402
1,357,2.001519,3.002278,0.223402
1,358,2.006009,3.009013,0.223402
1,359,2.002095,3.003143,0.223402
1,360,1.995134,2.992701,0.233419
1,361,2.018487,3.027730,0.223402
1,362,2.006005,3.009007,0.223402
1,363,2.002308,3.003463,0.223402
1,364,2.000824,3.001236,0.223402
1,365,2.000287,3.000431,0.223402
1,366,2.005310,3.007965,0.223402
1,367,2.001852,3.002777,0.223402
1,368,1.996721,2.995082,0.236404
1,369,2.013910,3.020866,0.223402
1,370,2.016194,3.024292,0.223402
1,371,2.005647,3.008470,0.223402
1,372,1.989498,2.984247,0.260715
1,373,2.014091,3.021137,0.223402
1,374,2.004913,3.007370,0.223402
1,375,2.001826,3.002739,0.223402
1,376,1.991070,2.986605,0.240729
1,377,2.001243,3.001864,0.223402
1,378,2.000433,3.000650,0.223402
1,379,1.971322,2.956983,0.272868
1,380,2.008857,3.013285,0.223402
1,381,1.976851,2.965277,0.274179
1,382,2.004062,3.006093,0.223402
1,383,2.001416,3.002125,0.223402
1,384,2.000494,3.000741,0.223402
1,385,2.000172,3.000258,0.223402
1,386,1.993595,2.990393,0.231939
1,387,1.997369,2.996053,0.243043
1,388,1.994789,2.992184,0.233722
1,389,2.001934,3.002901,0.223402
1,390,2.011412,3.017118,0.236691
1,391,2.008669,3.013004,0.223402
1,392,2.003023,3.004534,0.223402
1,393,2.001054,3.001581,0.223402
1,394,2.002339,3.003508,0.223402
1,395,1.988483,2.982725,0.241697
1,396,1.993275,2.989913,0.234275
1,397,2.008283,3.012425,0.223402
1,398,2.011650,3.017475,0.223402
1,399,2.004062,3.006093,0.223402
1,400,2.001416,3.002125,0.223402
1,401,2.005054,3.007581,0.223402
1,402,2.001762,3.002643,0.223402
1,403,1.992190,2.988285,0.243054
1,404,2.004940,3.007410,0.255650
1,405,2.014260,3.021390,0.223402
1,406,1.990135,2.985203,0.258763
1,407,2.004813,3.007219,0.223402
1,408,2.001678,3.002517,0.223402
1,409,1.965973,2.948960,0.282721
1,410,2.004224,3.006336,0.223402
1,411,2.001473,3.002209,0.223402
1,412,2.000514,3.000770,0.223402
1,413,2.000179,3.000269,0.223402
1,414,1.975601,2.963402,0.289658
1,415,2.008038,3.012057,0.223402
1,416,2.002803,3.004204,0.223402
1,417,1.994146,2.991219,0.266618
1,418,2.022420,3.033630,0.223402
1,419,2.007817,3.011726,0.223402
1,420,2.008823,3.013234,0.223402
1,421,2.003076,3.004615,0.223402
1,422,1.942721,2.914082,0.338744
1,423,2.013207,3.019811,0.223402
1,424,2.004605,3.006908,0.223402
1,425,1.964745,2.947117,0.303606
1,426,2.047105,3.070657,0.226633
1,427,1.975604,2.963406,0.292752
1,428,1.990498,2.985747,0.281640
1,429,1.999392,2.999088,0.241499
1,430,2.004635,3.006952,0.223402
1,431,1.951647,2.927470,0.315460
1,432,2.023857,3.035785,0.223402
1,433,2.008318,3.012477,0.223402
1,434,2.001872,3.002807,0.223402
1,435,2.000653,3.000979,0.223402
1,436,2.000228,3.000341,0.223402
1,437,1.993622,2.990432,0.240777
1,438,2.018241,3.027362,0.223402
1,439,2.006360,3.009540,0.223402
1,440,2.002218,3.003327,0.223402
1,441,2.000773,3.001160,0.223402
1,442,2.000270,3.000404,0.223402
1,443,2.000094,3.000141,0.223402
1,444,1.994865,2.992298,0.234918
1,445,1.999668,2.999503,0.223402
1,446,1.999884,2.999827,0.223402
1,447,2.008305,3.012458,0.223402
1,448,2.002896,3.004344,0.223402
1,449,2.015645,3.023468,0.223402
1,450,2.011147,3.016721,0.224545
1,451,1.998913,2.998369,0.234685
1,452,2.003810,3.005714,0.223402
1,453,2.001613,3.002420,0.229734
1,454,2.001831,3.002747,0.223402
1,455,2.000639,3.000958,0.223402
1,456,2.000223,3.000334,0.223402
1,457,2.003599,3.005399,0.223402
1,458,2.001255,3.001882,0.223402
1,459,1.999785,2.999678,0.223402
1,460,1.952007,2.928010,0.314460
1,461,1.999272,2.998907,0.226581
1,462,2.004361,3.006541,0.223402
1,463,1.981211,2.971816,0.254903
1,464,2.004111,3.006166,0.223402
1,465,2.005169,3.007753,0.225700
1,466,2.002132,3.003198,0.223402
1,467,1.998834,2.998252,0.224840
1,468,2.000711,3.001066,0.242190
1,469,2.003580,3.005371,0.223402
1,470,2.001248,3.001873,0.223402
1,471,1.991321,2.986982,0.248479
1,472,2.003602,3.005403,0.223402
1,473,2.007593,3.011389,0.236804
1,474,2.005199,3.007799,0.223402
1,475,2.001813,3.002719,0.223402
1,476,2.000632,3.000948,0.223402
1,477,1.991952,2.987929,0.238848
1,478,1.962004,2.943005,0.306172
1,479,2.008352,3.012528,0.223402
1,480,1.998042,2.997063,0.237373
1,481,2.005620,3.008429,0.223402
1,482,2.001959,3.002939,0.223402
1,483,2.000683,3.001025,0.223402
1,484,2.000238,3.000357,0.223402
1,485,2.000083,3.000125,0.223402
1,486,2.012649,3.018973,0.243190
1,487,2.017131,3.025697,0.223402
1,488,2.005973,3.008960,0.223402
1,489,2.001561,3.002342,0.225885
1,490,2.016701,3.025051,0.223402
1,491,2.005823,3.008735,0.223402
1,492,2.013237,3.019856,0.275981
1,493,2.015632,3.023447,0.223402
1,494,2.005450,3.008176,0.223402
1,495,1.972088,2.958132,0.272033
1,496,2.010879,3.016319,0.235949
1,497,2.007563,3.011345,0.223402
1,498,2.002637,3.003956,0.223402
1,499,1.950673,2.926009,0.337005
1,500,2.012915,3.019372,0.223402
1,501,2.005967,3.008951,0.223402
1,502,2.025561,3.038341,0.223402
1,503,2.007728,3.011591,0.228698
1,504,2.004143,3.006214,0.223402
1,505,2.001445,3.002167,0.223402
1,506,2.007117,3.010675,0.243937
1,507,2.020565,3.030848,0.223402
1,508,2.007171,3.010756,0.223402
1,509,1.994869,2.992304,0.238557
1,510,2.003138,3.004707,0.235667
1,511,2.003950,3.005925,0.223402
1,512,2.001377,3.002066,0.223402
1,513,2.000480,3.000720,0.223402
1,514,1.987652,2.981478,0.260544
1,515,1.992076,2.988114,0.283582
1,516,2.010561,3.015842,0.223402
1,517,2.014859,3.022289,0.223402
1,518,2.004676,3.007014,0.223402
1,519,2.006400,3.009601,0.223402
1,520,2.003020,3.004531,0.236528
1,521,1.978632,2.967948,0.267070
1,522,2.018155,3.027232,0.223402
1,523,2.032958,3.049437,0.223402
1,524,2.011492,3.017237,0.223402
1,525,2.004007,3.006010,0.223402
1,526,2.001397,3.002096,0.223402
1,527,2.000487,3.000731,0.223402
1,528,2.000170,3.000255,0.223402
1,529,2.004432,3.006647,0.228627
1,530,2.016155,3.024233,0.223402
1,531,2.013661,3.020492,0.225220
1,532,2.005617,3.008425,0.223402
1,533,2.001958,3.002938,0.223402
1,534,2.000683,3.001024,0.223402
1,535,1.993230,2.989845,0.230884
1,536,2.008847,3.013270,0.223402
1,537,2.003085,3.004627,0.223402
1,538,2.005985,3.008977,0.245137
1,539,2.004612,3.006919,0.223402
1,540,1.979144,2.968716,0.254699
1,541,2.009871,3.014807,0.223402
1,542,1.974997,2.962496,0.274118
1,543,1.996871,2.995306,0.262229
1,544,2.013100,3.019650,0.223402
1,545,2.004568,3.006851,0.223402
1,546,2.001593,3.002389,0.223402
1,547,1.989139,2.983709,0.240527
1,548,1.987553,2.981330,0.319608
1,549,2.032876,3.049313,0.223402
1,550,1.977476,2.966214,0.294091
1,551,2.014415,3.021622,0.223402
1,552,2.005026,3.007539,0.223402
1,553,2.001753,3.002629,0.223402
1,554,2.000611,3.000917,0.223402
1,555,1.999162,2.998743,0.227303
1,556,2.001409,3.002114,0.223402
1,557,2.003356,3.005034,0.223402
1,558,1.951649,2.927474,0.311106
1,559,2.008253,3.012379,0.223402
1,560,2.002878,3.004316,0.223402
1,561,2.001003,3.001505,0.223402
1,562,2.000350,3.000525,0.223402
1,563,2.000122,3.000183,0.223402
1,564,2.000043,3.000064,0.223402
1,565,2.000015,3.000022,0.223402
1,566,2.001251,3.001877,0.223402
1,567,1.999760,2.999640,0.265121
1,568,2.009001,3.013502,0.223402
1,569,2.000817,3.001226,0.229866
1,570,2.001596,3.002394,0.223402
1,571,1.949765,2.924647,0.322734
1,572,2.003988,3.005983,0.236460
1,573,2.034288,3.051432,0.223402
1,574,2.004855,3.007283,0.234943
1,575,2.002263,3.003395,0.240072
1,576,2.003627,3.005441,0.223402
1,577,1.997904,2.996856,0.228560
1,578,2.000906,3.001359,0.223402
1,579,2.003108,3.004663,0.244298
1,580,2.005280,3.007919,0.223402
1,581,2.001841,3.002761,0.223402
1,582,2.006165,3.009248,0.223402
1,583,2.002150,3.003224,0.223402
1,584,1.988396,2.982593,0.240806
1,585,2.005421,3.008131,0.223402
1,586,2.001890,3.002835,0.223402
1,587,2.000659,3.000989,0.223402
1,588,1.985077,2.977615,0.259301
1,589,2.001121,3.001682,0.236606
1,590,2.011541,3.017312,0.223402
1,591,2.004024,3.006036,0.223402
1,592,1.996649,2.994974,0.234283
1,593,2.006795,3.010193,0.223402
1,594,2.004319,3.006479,0.223402
1,595,2.004233,3.006349,0.223402
1,596,1.995622,2.993433,0.233903
1,597,1.999733,2.999599,0.223402
1,598,1.997540,2.996309,0.226480
1,599,1.999587,2.999381,0.223402
1,600,1.999856,2.999784,0.223402
1,601,2.009452,3.014178,0.223402
1,602,2.013167,3.019751,0.234709
1,603,2.011793,3.017690,0.223402
1,604,2.004112,3.006168,0.223402
1,605,1.946782,2.920173,0.301871
1,606,2.015760,3.023640,0.223402
1,607,2.005512,3.008267,0.223402
1,608,2.002245,3.003367,0.223626
1,609,2.007554,3.011331,0.223402
1,610,2.002163,3.003245,0.227895
1,611,2.001373,3.002059,0.223402
1,612,2.004380,3.006571,0.223402
1,613,1.986089,2.979134,0.260528
1,614,2.003198,3.004797,0.223402
1,615,1.978617,2.967926,0.262233
1,616,1.995128,2.992691,0.241811
1,617,1.991170,2.986755,0.249891
1,618,2.016448,3.024671,0.224257
1,619,2.008192,3.012288,0.223402
1,620,2.001281,3.001922,0.224015
1,621,2.003852,3.005778,0.223402
1,622,1.928858,2.893288,0.363620
1,623,2.013128,3.019692,0.223402
1,624,1.977588,2.966382,0.284439
1,625,1.975374,2.963061,0.301476
1,626,2.015169,3.022753,0.226526
1,627,1.979328,2.968992,0.290781
1,628,2.009543,3.014314,0.223402
1,629,2.003327,3.004991,0.223402
1,630,2.001031,3.001546,0.229677
1,631,2.001534,3.002302,0.223402
1,632,2.002891,3.004337,0.223402
1,633,2.001008,3.001512,0.223402
1,634,1.993422,2.990132,0.225788
1,635,1.995315,2.992972,0.258112
1,636,2.004345,3.006518,0.223402
1,637,2.001638,3.002456,0.223402
1,638,2.000571,3.000856,0.223402
1,639,2.000199,3.000299,0.223402
1,640,1.988878,2.983318,0.251697
1,641,1.998074,2.997112,0.265587
1,642,2.009734,3.014601,0.223402
1,643,2.003394,3.005091,0.223402
1,644,2.001183,3.001775,0.223402
1,645,2.002770,3.004155,0.223402
1,646,2.000966,3.001449,0.223402
1,647,2.000337,3.000505,0.223402
1,648,2.011875,3.017813,0.223402
1,649,2.004141,3.006211,0.223402
1,650,2.001444,3.002166,0.223402
1,651,2.000503,3.000755,0.223402
1,652,2.000196,3.000295,0.223402
1,653,2.000068,3.000103,0.223402
1,654,1.956759,2.935139,0.318400
1,655,1.962169,2.943253,0.316082
1,656,2.020016,3.030025,0.223402
1,657,2.006979,3.010469,0.223402
1,658,2.019673,3.029509,0.223402
1,659,2.006859,3.010289,0.223402
1,660,1.982376,2.973563,0.255432
1,661,1.995252,2.992878,0.242430
1,662,2.002264,3.003396,0.223402
1,663,1.994668,2.992002,0.235035
1,664,2.005937,3.008905,0.223402
1,665,2.004493,3.006740,0.223402
1,666,2.001567,3.002350,0.223402
1,667,1.996610,2.994915,0.240836
1,668,2.013720,3.020580,0.223402
1,669,1.978740,2.968110,0.312891
1,670,2.032012,3.048019,0.223402
1,671,2.011162,3.016743,0.223402
1,672,2.003892,3.005838,0.223402
1,673,1.982731,2.974097,0.261101
1,674,2.001072,3.001609,0.223402
1,675,2.032404,3.048606,0.223402
1,676,2.016001,3.024002,0.223402
1,677,2.005579,3.008369,0.223402
1,678,1.977956,2.966934,0.264599
1,679,2.002831,3.004247,0.223402
1,680,2.002202,3.003304,0.223402
1,681,2.010098,3.015148,0.223402
1,682,2.003521,3.005282,0.223402
1,683,2.010285,3.015428,0.223402
1,684,2.003932,3.005898,0.223402
1,685,2.001371,3.002057,0.223402
1,686,2.006494,3.009741,0.223402
1,687,1.978728,2.968092,0.306190
1,688,2.013358,3.020038,0.223402
1,689,2.005451,3.008177,0.223402
1,690,2.001901,3.002851,0.223402
1,691,2.000663,3.000994,0.223402
1,692,2.001863,3.002795,0.223402
1,693,1.989514,2.984271,0.239678
1,694,2.008923,3.013385,0.223402
1,695,2.003111,3.004667,0.223402
1,696,2.001085,3.001627,0.223402
1,697,2.014436,3.021654,0.223402
1,698,2.004169,3.006254,0.223402
1,699,1.982566,2.973848,0.263306
1,700,2.011523,3.017284,0.223402
1,701,2.011440,3.017160,0.234756
1,702,2.029800,3.044700,0.223402
1,703,2.010391,3.015586,0.223402
1,704,2.006754,3.010130,0.241493
1,705,2.005551,3.008327,0.223402
1,706,2.001936,3.002903,0.223402
1,707,2.000675,3.001012,0.223402
1,708,2.000235,3.000353,0.223402
1,709,1.980567,2.970851,0.273401
1,710,1.958317,2.937476,0.305032
1,711,2.016580,3.024870,0.223402
1,712,1.987758,2.981637,0.259986
1,713,2.003670,3.005505,0.223402
1,714,1.979758,2.969637,0.272231
1,715,2.005532,3.008298,0.223402
1,716,1.974836,2.962254,0.282173
1,717,2.008261,3.012391,0.223402
1,718,2.002880,3.004320,0.223402
1,719,1.982570,2.973855,0.264338
1,720,2.007634,3.011451,0.223402
1,721,2.002662,3.003993,0.223402
1,722,1.992361,2.988541,0.242223
1,723,1.994643,2.991964,0.251610
1,724,2.007499,3.011248,0.223402
1,725,2.002615,3.003922,0.223402
1,726,2.000912,3.001367,0.223402
1,727,1.998968,2.998452,0.223402
1,728,1.999640,2.999460,0.223402
1,729,1.981637,2.972456,0.254660
1,730,1.954323,2.931484,0.316177
1,731,2.004666,3.006999,0.228422
1,732,2.004298,3.006446,0.223402
1,733,2.001498,3.002248,0.223402
1,734,1.963234,2.944851,0.304704
1,735,2.010038,3.015056,0.223402
1,736,2.003500,3.005250,0.223402
1,737,2.002038,3.003057,0.223402
1,738,1.994635,2.991953,0.236253
1,739,1.968596,2.952894,0.289186
1,740,2.001158,3.001737,0.252569
1,741,2.007863,3.011794,0.223402
1,742,1.995360,2.993040,0.234621
1,743,2.002990,3.004486,0.232886
1,744,1.997356,2.996034,0.238489
1,745,1.992477,2.988715,0.261229
1,746,2.008311,3.012466,0.223402
1,747,2.012071,3.018107,0.223402
1,748,1.960799,2.941198,0.315708
1,749,2.004372,3.006558,0.228191
1,750,2.004084,3.006126,0.223402
1,751,2.031875,3.047812,0.223402
1,752,2.011114,3.016671,0.223402
1,753,2.003875,3.005813,0.223402
1,754,2.001351,3.002027,0.223402
1,755,2.005171,3.007757,0.223402
1,756,1.997471,2.996206,0.234083
1,757,1.954752,2.932128,0.339402
1,758,1.990674,2.986011,0.276411
1,759,2.009279,3.013919,0.223402
1,760,1.989161,2.983741,0.271061
1,761,2.007663,3.011494,0.223402
1,762,2.002672,3.004008,0.223402
1,763,2.002857,3.004285,0.223402
1,764,2.008145,3.012217,0.223402
1,765,2.002840,3.004260,0.223402
1,766,1.992727,2.989091,0.229728
1,767,2.023113,3.034669,0.229588
1,768,2.010461,3.015692,0.223402
1,769,2.003648,3.005472,0.223402
1,770,2.000303,3.000454,0.225288
1,771,2.001127,3.001691,0.223402
1,772,2.000393,3.000590,0.223402
1,773,2.004282,3.006423,0.227514
1,774,2.018272,3.027409,0.223402
1,775,2.007005,3.010507,0.223402
1,776,1.963159,2.944739,0.315695
1,777,2.019213,3.028820,0.223402
1,778,2.019598,3.029398,0.223402
1,779,2.006834,3.010250,0.223402
1,780,1.988412,2.982618,0.280253
1,781,2.012853,3.019279,0.223402
1,782,2.004482,3.006722,0.223402
1,783,2.001563,3.002344,0.223402
1,784,2.006929,3.010394,0.223402
1,785,2.002416,3.003624,0.223402
1,786,1.992728,2.989093,0.249251
1,787,1.948385,2.922578,0.335142
1,788,2.022821,3.034231,0.223402
1,789,2.006222,3.009333,0.225622
1,790,2.016985,3.025478,0.240119
1,791,1.997901,2.996852,0.252012
1,792,2.001193,3.001789,0.235526
1,793,1.997193,2.995789,0.260491
1,794,2.011026,3.016539,0.223402
1,795,2.007938,3.011907,0.232159
1,796,2.009130,3.013695,0.223402
1,797,1.988292,2.982439,0.256382
1,798,2.018412,3.027617,0.223402
1,799,1.985735,2.978603,0.251818
1,800,2.011058,3.016587,0.223402
1,801,2.003680,3.005520,0.223402
1,802,2.001283,3.001925,0.223402
1,803,2.000447,3.000671,0.223402
1,804,1.992298,2.988447,0.245691
1,805,2.002007,3.003010,0.223402
1,806,2.008648,3.012971,0.223402
1,807,1.990007,2.985010,0.245033
1,808,2.023185,3.034778,0.223402
1,809,2.008084,3.012126,0.223402
1,810,1.977067,2.965600,0.276935
1,811,2.006758,3.010137,0.223402
1,812,1.993485,2.990227,0.239109
1,813,2.010934,3.016400,0.223402
1,814,2.003812,3.005718,0.223402
1,815,1.996196,2.994293,0.233355
1,816,2.009474,3.014210,0.223402
1,817,2.003364,3.005046,0.223402
1,818,2.001173,3.001759,0.223402
1,819,2.000409,3.000613,0.223402
1,820,2.000143,3.000214,0.223402
1,821,2.000081,3.000121,0.223402
1,822,1.990347,2.985520,0.264608
1,823,2.006028,3.009042,0.223402
1,824,2.002102,3.003153,0.223402
1,825,2.000733,3.001099,0.223402
1,826,1.994847,2.992270,0.238046
1,827,2.003165,3.004747,0.223402
1,828,1.993778,2.990666,0.233033
1,829,2.000536,3.000804,0.223402
1,830,1.997719,2.996579,0.244983
1,831,2.003545,3.005318,0.223402
1,832,2.001236,3.001854,0.223402
1,833,2.000431,3.000647,0.223402
1,834,1.999083,2.998625,0.233578
1,835,2.001254,3.001882,0.239020
1,836,2.002490,3.003735,0.223402
1,837,1.998100,2.997150,0.226958
1,838,2.002317,3.003475,0.223402
1,839,2.000808,3.001212,0.223402
1,840,1.990083,2.985125,0.246285
1,841,1.988135,2.982202,0.270722
1,842,2.008343,3.012515,0.223402
1,843,2.012028,3.018043,0.223402
1,844,2.004194,3.006291,0.223402
1,845,2.001638,3.002457,0.223402
1,846,2.000571,3.000857,0.223402
1,847,2.004704,3.007056,0.223402
1,848,2.001640,3.002460,0.223402
1,849,2.000572,3.000858,0.223402
1,850,2.000199,3.000299,0.223402
1,851,2.005003,3.007504,0.223402
1,852,2.001744,3.002617,0.223402
1,853,2.003818,3.005726,0.223402
1,854,1.966744,2.950117,0.288277
1,855,2.010253,3.015380,0.223402
1,856,2.003364,3.005046,0.227737
1,857,1.999226,2.998839,0.256410
1,858,2.009975,3.014962,0.223402
1,859,1.999619,2.999429,0.244297
1,860,1.985852,2.978778,0.260972
1,861,2.006160,3.009240,0.223402
1,862,1.984389,2.976584,0.260059
1,863,2.006355,3.009532,0.223402
1,864,2.002216,3.003324,0.223402
1,865,2.000773,3.001159,0.223402
1,866,2.007061,3.010591,0.223402
1,867,2.006770,3.010154,0.223402
1,868,2.002360,3.003541,0.223402
1,869,1.999910,2.999865,0.231366
1,870,1.989886,2.984829,0.257913
1,871,2.020969,3.031453,0.223402
1,872,2.019025,3.028537,0.223402
1,873,2.013671,3.020507,0.225294
1,874,2.009255,3.013883,0.223402
1,875,2.006495,3.009742,0.223402
1,876,2.001025,3.001537,0.224594
1,877,2.000868,3.001303,0.223402
1,878,2.000303,3.000454,0.223402
1,879,1.999895,2.999842,0.223402
1,880,1.999963,2.999945,0.223402
1,881,1.999987,2.999981,0.223402
1,882,1.970689,2.956033,0.270603
1,883,2.005359,3.008038,0.223402
1,884,2.005130,3.007695,0.223402
1,885,2.001789,3.002683,0.223402
1,886,2.000624,3.000936,0.223402
1,887,1.999828,2.999742,0.223402
1,888,2.001519,3.002279,0.223402
1,889,1.995685,2.993528,0.230146
1,890,1.972992,2.959488,0.279711
1,891,2.027462,3.041193,0.223402
1,892,2.007869,3.011803,0.242908
1,893,2.005878,3.008817,0.223402
1,894,2.001302,3.001954,0.223402
1,895,2.000454,3.000681,0.223402
1,896,2.000158,3.000238,0.223402
1,897,2.000055,3.000083,0.223402
1,898,2.000019,3.000029,0.223402
1,899,1.992595,2.988892,0.235850
1,900,1.998082,2.997124,0.229408
1,901,1.999969,2.999954,0.223402
1,902,2.001770,3.002654,0.223402
1,903,1.989990,2.984986,0.249985
1,904,2.001328,3.001991,0.223402
1,905,2.000463,3.000694,0.223402
1,906,2.001347,3.002020,0.249497
1,907,2.005337,3.008005,0.223402
1,908,1.949088,2.923631,0.311926
1,909,1.989471,2.984206,0.257558
1,910,2.014632,3.021948,0.223402
1,911,2.005102,3.007653,0.223402
1,912,2.012864,3.019296,0.231355
1,913,2.032285,3.048428,0.231462
1,914,1.981580,2.972369,0.302395
1,915,2.020927,3.031391,0.226247
1,916,2.009348,3.014023,0.223402
1,917,2.003260,3.004889,0.223402
1,918,2.005676,3.008514,0.223402
1,919,2.001979,3.002969,0.223402
1,920,1.993861,2.990791,0.227480
1,921,2.002860,3.004290,0.223402
1,922,2.006969,3.010453,0.223402
1,923,1.974314,2.961471,0.278724
1,924,2.006355,3.009533,0.223402
1,925,2.002216,3.003324,0.223402
1,926,2.000651,3.000976,0.223402
1,927,2.000227,3.000340,0.223402
1,928,2.005196,3.007794,0.228946
1,929,2.004475,3.006712,0.223402
1,930,2.001560,3.002340,0.223402
1,931,1.996906,2.995359,0.233242
1,932,2.002118,3.003176,0.223402
1,933,2.000999,3.001498,0.223402
1,934,2.000348,3.000522,0.223402
1,935,2.000121,3.000182,0.223402
1,936,1.993904,2.990856,0.242099
1,937,1.999496,2.999243,0.260092
1,938,1.980261,2.970392,0.300612
1,939,2.034329,3.051493,0.223402
1,940,2.016922,3.025383,0.223402
1,941,2.005900,3.008851,0.223402
1,942,2.002057,3.003086,0.223402
1,943,2.013989,3.020983,0.223402
1,944,1.979885,2.969827,0.263015
1,945,2.005823,3.008734,0.223402
1,946,1.998257,2.997386,0.228931
1,947,2.001015,3.001522,0.223402
1,948,2.000354,3.000531,0.223402
1,949,1.999753,2.999630,0.225083
1,950,2.000245,3.000368,0.223402
1,951,2.000095,3.000142,0.223402
1,952,1.978943,2.968415,0.273551
1,953,2.018999,3.028498,0.223402
1,954,2.020979,3.031468,0.223402
1,955,2.032052,3.048079,0.223402
1,956,2.011176,3.016764,0.223402
1,957,2.004185,3.006277,0.223402
1,958,2.000707,3.001060,0.223402
1,959,2.000246,3.000370,0.223402
1,960,2.000086,3.000129,0.223402
1,961,2.000030,3.000045,0.223402
1,962,2.000010,3.000016,0.223402
1,963,1.993728,2.990591,0.242109
1,964,1.984654,2.976981,0.263158
1,965,2.011110,3.016665,0.224942
1,966,1.994026,2.991038,0.238259
1,967,2.006327,3.009491,0.246774
1,968,2.010150,3.015225,0.223402
1,969,2.003539,3.005309,0.223402
1,970,1.994410,2.991615,0.234010
1,971,1.981305,2.971958,0.261229
1,972,2.005847,3.008770,0.223402
1,973,2.002039,3.003058,0.223402
1,974,2.005874,3.008811,0.225040
1,975,1.834683,2.752024,0.562543
1,976,2.032892,3.049339,0.245519
1,977,2.014894,3.022341,0.242350
1,978,2.008499,3.012749,0.223815
1,979,2.003532,3.005298,0.223402
1,980,1.997743,2.996614,0.235288
1,981,2.001370,3.002054,0.223402
1,982,2.000478,3.000716,0.223402
1,983,1.963197,2.944796,0.286996
1,984,2.010482,3.015724,0.223402
1,985,2.003655,3.005483,0.223402
1,986,1.964174,2.946261,0.289551
1,987,2.004514,3.006772,0.223402
1,988,2.019220,3.028830,0.223402
1,989,2.006702,3.010052,0.223402
1,990,2.002337,3.003505,0.223402
1,991,2.000815,3.001222,0.223402
1,992,2.010714,3.016070,0.257334
1,993,2.016052,3.024078,0.223402
1,994,2.005597,3.008395,0.223402
1,995,1.993179,2.989769,0.242059
1,996,2.007068,3.010603,0.258785
1,997,2.012060,3.018090,0.223402
1,998,1.994195,2.991293,0.252751
1,999,1.925814,2.888720,0.395905
1,1000,2.017364,3.026045,0.223402
2,1,2.031780,3.047670,0.223696
2,2,2.006702,3.010053,0.234892
2,3,2.006131,3.009196,0.223402
2,4,2.002138,3.003207,0.223402
2,5,2.000745,3.001118,0.223402
2,6,2.000756,3.001134,0.223402
2,7,2.000264,3.000395,0.223402
2,8,2.000092,3.000138,0.223402
2,9,2.016342,3.024514,0.223402
2,10,2.005698,3.008547,0.223402
2,11,2.001987,3.002980,0.223402
2,12,1.961127,2.941691,0.288194
2,13,2.000658,3.000987,0.229251
2,14,2.002934,3.004401,0.223402
2,15,2.001023,3.001534,0.223402
2,16,2.000357,3.000535,0.223402
2,17,2.003286,3.004928,0.223402
2,18,1.991996,2.987993,0.240885
2,19,1.989794,2.984691,0.247933
2,20,1.971957,2.957935,0.284029
2,21,2.007546,3.011320,0.223402
2,22,2.002631,3.003947,0.223402
2,23,2.003961,3.005941,0.223402
2,24,2.001381,3.002072,0.223402
2,25,2.000482,3.000722,0.223402
2,26,2.001325,3.001988,0.223402
2,27,2.000462,3.000693,0.223402
2,28,2.000161,3.000242,0.223402
2,29,2.000056,3.000084,0.223402
2,30,2.001817,3.002726,0.223402
2,31,2.001732,3.002598,0.223402
2,32,2.000604,3.000906,0.223402
2,33,2.000731,3.001096,0.223402
2,34,2.000255,3.000382,0.223402
2,35,1.982755,2.974133,0.260114
2,36,2.001330,3.001995,0.223402
2,37,2.001381,3.002072,0.247184
2,38,1.981633,2.972450,0.263707
2,39,2.006756,3.010135,0.223402
2,40,2.002356,3.003534,0.223402
2,41,2.000821,3.001232,0.223402
2,42,2.000286,3.000430,0.223402
2,43,2.006868,3.010302,0.239747
2,44,1.985836,2.978754,0.249067
2,45,2.009008,3.013513,0.223402
2,46,2.003141,3.004712,0.223402
2,47,2.003234,3.004850,0.229393
2,48,2.003024,3.004536,0.223402
2,49,2.002736,3.004103,0.223402
2,50,2.000954,3.001431,0.223402
2,51,2.000333,3.000499,0.223402
2,52,2.000116,3.000174,0.223402
2,53,1.980115,2.970172,0.239731
2,54,1.951576,2.927364,0.382624
2,55,2.022517,3.033775,0.223402
2,56,2.013250,3.019875,0.223402
2,57,2.004620,3.006930,0.223402
2,58,2.001611,3.002416,0.223402
2,59,2.034806,3.052210,0.223402
2,60,2.012136,3.018204,0.223402
2,61,1.996073,2.994109,0.246073
2,62,2.002350,3.003525,0.225499
2,63,2.007616,3.011425,0.232748
2,64,2.005704,3.008556,0.223402
2,65,1.986634,2.979951,0.253285
2,66,2.009437,3.014155,0.223402
2,67,2.003290,3.004936,0.223402
2,68,2.001147,3.001721,0.223402
2,69,2.000301,3.000451,0.225680
2,70,1.920980,2.881469,0.376297
2,71,2.016077,3.024116,0.223433
2,72,2.029456,3.044185,0.223402
2,73,2.010271,3.015406,0.223402
2,74,2.003581,3.005372,0.223402
2,75,2.019237,3.028855,0.223402
2,76,2.006707,3.010061,0.223402
2,77,1.958948,2.938422,0.314653
2,78,2.010868,3.016301,0.223402
2,79,2.005020,3.007529,0.223402
2,80,2.004280,3.006419,0.223402
2,81,2.001492,3.002238,0.223402
2,82,1.975128,2.962692,0.278791
2,83,2.005017,3.007525,0.223402
2,84,2.012726,3.019089,0.223402
2,85,1.991490,2.987234,0.243594
2,86,2.003111,3.004667,0.227524
2,87,2.001547,3.002321,0.223402
2,88,2.000540,3.000809,0.223402
2,89,1.996397,2.994595,0.247610
2,90,2.003238,3.004857,0.223402
2,91,1.975688,2.963532,0.270512
2,92,2.001087,3.001631,0.227811
2,93,1.989405,2.984108,0.244613
2,94,2.000077,3.000115,0.235568
2,95,2.006482,3.009723,0.223402
2,96,1.998162,2.997243,0.232211
2,97,2.000589,3.000883,0.223402
2,98,1.978156,2.967235,0.268281
2,99,2.004267,3.006401,0.223402
2,100,2.000993,3.001490,0.223402
2,101,2.015442,3.023163,0.223402
2,102,2.005384,3.008076,0.223402
2,103,1.988442,2.982663,0.252233
2,104,2.007279,3.010918,0.223790
2,105,1.979589,2.969383,0.323387
2,106,2.015385,3.023078,0.223402
2,107,2.005365,3.008047,0.223402
2,108,2.001870,3.002806,0.223402
2,109,2.002093,3.003139,0.226006
2,110,1.966167,2.949250,0.286441
2,111,2.017408,3.026113,0.223402
2,112,2.006070,3.009105,0.223402
2,113,1.956299,2.934448,0.319910
2,114,2.024587,3.036881,0.223402
2,115,2.008573,3.012860,0.223402
2,116,2.002989,3.004484,0.223402
2,117,2.001042,3.001563,0.223402
2,118,2.003003,3.004504,0.223402
2,119,2.001047,3.001570,0.223402
2,120,1.999566,2.999350,0.223402
2,121,1.983506,2.975260,0.248265
2,122,2.001377,3.002066,0.223402
2,123,2.002219,3.003328,0.223402
2,124,1.995449,2.993173,0.232620
2,125,1.988700,2.983051,0.250923
2,126,2.001961,3.002941,0.231351
2,127,2.003492,3.005238,0.223402
2,128,2.001218,3.001826,0.223402
2,129,1.997698,2.996548,0.223899
2,130,2.000329,3.000493,0.223402
2,131,1.977460,2.966190,0.266984
2,132,1.981146,2.971719,0.280910
2,133,2.010481,3.015721,0.223402
2,134,2.020077,3.030115,0.223402
2,135,1.964337,2.946505,0.295822
2,136,2.014731,3.022096,0.223402
2,137,2.005136,3.007704,0.223402
2,138,2.001791,3.002686,0.223402
2,139,1.988797,2.983196,0.254863
2,140,2.005652,3.008479,0.223402
2,141,2.001971,3.002956,0.223402
2,142,2.000687,3.001031,0.223402
2,143,1.999123,2.998685,0.224264
2,144,2.004584,3.006876,0.223402
2,145,2.001598,3.002398,0.223402
2,146,2.000557,3.000836,0.223402
2,147,2.000194,3.000292,0.223402
2,148,2.000068,3.000102,0.223402
2,149,2.000024,3.000035,0.223402
2,150,2.000008,3.000012,0.223402
2,151,1.999789,2.999683,0.223402
2,152,1.999926,2.999890,0.223402
2,153,1.952376,2.928564,0.326555
2,154,2.008126,3.012189,0.223402
2,155,2.002833,3.004250,0.223402
2,156,1.985965,2.978947,0.252875
2,157,2.006357,3.009535,0.276479
2,158,2.018549,3.027824,0.223402
2,159,2.006468,3.009702,0.223402
2,160,2.014282,3.021423,0.223402
2,161,2.004980,3.007470,0.223402
2,162,2.001736,3.002605,0.223402
2,163,2.022579,3.033868,0.223402
2,164,2.008719,3.013079,0.223402
2,165,2.003040,3.004560,0.223402
2,166,1.974491,2.961737,0.283929
2,167,2.009209,3.013814,0.223402
2,168,2.003211,3.004817,0.223402
2,169,1.981916,2.972875,0.257365
2,170,2.007558,3.011337,0.223402
2,171,2.003051,3.004577,0.223402
2,172,2.013467,3.020201,0.223402
2,173,2.004696,3.007044,0.223402
2,174,1.925587,2.888381,0.354083
2,175,2.009040,3.013559,0.223402
2,176,2.003152,3.004728,0.223402
2,177,2.007533,3.011299,0.228606
2,178,2.006648,3.009972,0.223402
2,179,2.002318,3.003477,0.223402
2,180,2.000808,3.001212,0.223402
2,181,1.947808,2.921712,0.312621
2,182,2.004376,3.006564,0.223402
2,183,2.001526,3.002289,0.223402
2,184,1.964197,2.946295,0.288852
2,185,2.002421,3.003631,0.227918
2,186,1.974264,2.961396,0.289243
2,187,2.005132,3.007698,0.223402
2,188,1.974176,2.961265,0.275417
2,189,2.009665,3.014498,0.223402
2,190,2.002035,3.003052,0.223402
2,191,2.000709,3.001064,0.223402
2,192,2.003627,3.005440,0.223402
2,193,1.995002,2.992503,0.234588
2,194,1.999846,2.999769,0.223402
2,195,1.999946,2.999920,0.223402
2,196,2.001043,3.001564,0.223402
2,197,1.991679,2.987518,0.237561
2,198,2.007663,3.011495,0.223402
2,199,2.002672,3.004008,0.223402
2,200,2.002394,3.003591,0.223402
2,201,2.001329,3.001993,0.223402
2,202,2.000463,3.000695,0.223402
2,203,2.000162,3.000242,0.223402
2,204,1.986123,2.979184,0.241675
2,205,2.014600,3.021900,0.223402
2,206,1.999576,2.999363,0.236359
2,207,2.002727,3.004091,0.223402
2,208,2.000951,3.001426,0.223402
2,209,1.988351,2.982527,0.246060
2,210,2.003752,3.005627,0.223402
2,211,2.000635,3.000952,0.223402
2,212,2.018816,3.028224,0.223402
2,213,2.006561,3.009841,0.223402
2,214,2.015510,3.023264,0.223402
2,215,2.035246,3.052868,0.223402
2,216,2.021394,3.032091,0.223402
2,217,2.032019,3.048029,0.223402
2,218,2.011164,3.016747,0.223402
2,219,2.003893,3.005839,0.223402
2,220,2.002935,3.004403,0.223402
2,221,1.995030,2.992545,0.233719
2,222,2.000646,3.000969,0.223402
2,223,1.999838,2.999757,0.223402
2,224,2.001256,3.001885,0.223402
2,225,2.000438,3.000657,0.223402
2,226,2.000153,3.000229,0.223402
2,227,2.013867,3.020800,0.223930
2,228,1.994253,2.991379,0.249668
2,229,2.004468,3.006701,0.223402
2,230,2.001558,3.002337,0.223402
2,231,2.000543,3.000815,0.223402
2,232,1.996971,2.995456,0.230600
2,233,2.000904,3.001356,0.223402
2,234,2.003238,3.004856,0.239818
2,235,2.004636,3.006955,0.223402
2,236,2.015383,3.023074,0.223402
2,237,2.002973,3.004459,0.230783
2,238,2.014266,3.021400,0.223402
2,239,1.985225,2.977838,0.275222
2,240,2.005600,3.008400,0.229620
2,241,2.004385,3.006578,0.223402
2,242,2.001529,3.002294,0.223402
2,243,1.996961,2.995441,0.232928
2,244,2.010676,3.016014,0.223402
2,245,2.008867,3.013301,0.223402
2,246,1.986664,2.979995,0.251946
2,247,2.003756,3.005634,0.223402
2,248,2.001310,3.001965,0.223402
2,249,1.978231,2.967346,0.261345
2,250,1.986874,2.980311,0.248848
2,251,1.995284,2.992926,0.277296
2,252,2.014378,3.021566,0.246455
2,253,2.004176,3.006264,0.234238
2,254,2.004263,3.006395,0.223402
2,255,1.974816,2.962224,0.279965
2,256,2.009057,3.013585,0.223402
2,257,2.002348,3.003522,0.223402
2,258,1.948062,2.922093,0.318188
2,259,2.020904,3.031356,0.223402
2,260,1.981115,2.971673,0.284079
2,261,2.008505,3.012758,0.227589
2,262,2.004021,3.006031,0.223402
2,263,2.001402,3.002103,0.223402
2,264,2.000489,3.000733,0.223402
2,265,2.000170,3.000256,0.223402
2,266,2.000747,3.001121,0.223402
2,267,2.018132,3.027198,0.239098
2,268,2.012840,3.019260,0.223402
2,269,2.004477,3.006716,0.223402
2,270,2.001561,3.002342,0.223402
2,271,2.000544,3.000816,0.223402
2,272,1.999376,2.999064,0.223402
2,273,1.951095,2.926642,0.307172
2,274,1.996081,2.994121,0.237274
2,275,2.001430,3.002144,0.223402
2,276,2.003499,3.005249,0.227322
2,277,2.002937,3.004406,0.223402
2,278,1.995099,2.992648,0.238103
2,279,2.010652,3.015978,0.243017
2,280,2.008235,3.012352,0.223402
2,281,2.002871,3.004307,0.223402
2,282,2.002566,3.003849,0.223402
2,283,1.993172,2.989758,0.243471
2,284,2.003328,3.004992,0.223402
2,285,1.995599,2.993399,0.233003
2,286,2.005677,3.008516,0.223402
2,287,2.001980,3.002969,0.223402
2,288,2.001175,3.001763,0.223402
2,289,1.916560,2.874840,0.371459
2,290,1.991405,2.987107,0.269119
2,291,2.006815,3.010222,0.223402
2,292,2.002376,3.003564,0.223402
2,293,2.000829,3.001243,0.223402
2,294,1.962284,2.943427,0.286312
2,295,2.008353,3.012530,0.223402
2,296,2.008750,3.013126,0.223402
2,297,1.995930,2.993895,0.235296
2,298,2.002346,3.003520,0.223402
2,299,1.967822,2.951732,0.283541
2,300,1.907054,2.860581,0.383001
2,301,2.011771,3.017656,0.223402
2,302,2.004104,3.006156,0.223402
2,303,1.997240,2.995860,0.233011
2,304,2.015175,3.022763,0.223402
2,305,1.986860,2.980290,0.246020
2,306,2.011178,3.016768,0.223402
2,307,1.998003,2.997005,0.236901
2,308,1.990154,2.985231,0.253489
2,309,2.003103,3.004655,0.223402
2,310,2.001082,3.001623,0.223402
2,311,2.000377,3.000566,0.223402
2,312,2.008102,3.012154,0.224198
2,313,1.997393,2.996090,0.235886
2,314,2.005791,3.008687,0.223402
2,315,2.002019,3.003029,0.223402
2,316,1.999649,2.999473,0.231340
2,317,2.029847,3.044771,0.223402
2,318,2.010407,3.015611,0.223402
2,319,2.003629,3.005443,0.223402
2,320,2.001265,3.001898,0.223402
2,321,2.000441,3.000662,0.223402
2,322,1.954498,2.931747,0.303310
2,323,2.007620,3.011430,0.223955
2,324,2.002594,3.003890,0.223402
2,325,2.000904,3.001357,0.223402
2,326,2.006903,3.010354,0.223402
2,327,2.002407,3.003610,0.223402
2,328,2.023885,3.035828,0.223402
2,329,2.008328,3.012492,0.223402
2,330,2.006369,3.009553,0.223616
2,331,2.003517,3.005276,0.223402
2,332,2.005459,3.008188,0.223402
2,333,2.001903,3.002855,0.223402
2,334,1.991124,2.986685,0.247396
2,335,2.002887,3.004331,0.223402
2,336,1.982828,2.974242,0.283036
2,337,1.979717,2.969576,0.298990
2,338,2.011320,3.016980,0.223402
2,339,2.003947,3.005920,0.223402
2,340,2.001376,3.002064,0.223402
2,341,1.999939,2.999908,0.223402
2,342,1.999244,2.998866,0.223402
2,343,1.992398,2.988597,0.241542
2,344,1.989456,2.984184,0.253652
2,345,2.005922,3.008882,0.223402
2,346,1.954890,2.932335,0.312941
2,347,2.017754,3.026631,0.223402
2,348,1.996257,2.994385,0.240006
2,349,2.002571,3.003856,0.223402
2,350,2.020418,3.030626,0.223402
2,351,1.999584,2.999376,0.243099
2,352,1.998990,2.998486,0.228429
2,353,2.004916,3.007374,0.223402
2,354,2.001714,3.002571,0.223402
2,355,2.001041,3.001561,0.224059
2,356,2.001389,3.002083,0.223402
2,357,2.000484,3.000726,0.223402
2,358,2.000169,3.000253,0.223402
2,359,2.000059,3.000088,0.223402
2,360,2.003903,3.005854,0.232433
2,361,2.004134,3.006201,0.231839
2,362,2.005032,3.007548,0.223402
2,363,2.001755,3.002632,0.223402
2,364,2.000612,3.000918,0.223402
2,365,2.000426,3.000640,0.258329
2,366,2.008424,3.012637,0.223402
2,367,1.998114,2.997171,0.244102
2,368,2.002394,3.003591,0.223402
2,369,2.000835,3.001252,0.223402
2,370,2.000291,3.000437,0.223402
2,371,2.003559,3.005339,0.223402
2,372,1.990933,2.986399,0.268437
2,373,2.010930,3.016395,0.223402
2,374,2.003811,3.005717,0.223402
2,375,2.001329,3.001993,0.223402
2,376,2.000463,3.000695,0.223402
2,377,2.000162,3.000242,0.223402
2,378,1.984568,2.976852,0.246694
2,379,1.980090,2.970135,0.261037
2,380,2.003894,3.005841,0.238687
2,381,2.000208,3.000311,0.245153
2,382,2.022652,3.033977,0.223402
2,383,2.007898,3.011847,0.223402
2,384,2.023124,3.034686,0.223402
2,385,2.010609,3.015913,0.223402
2,386,2.002916,3.004373,0.228231
2,387,2.005192,3.007788,0.223402
2,388,1.990967,2.986450,0.250298
2,389,1.986297,2.979446,0.263768
2,390,2.006733,3.010100,0.223402
2,391,2.002313,3.003469,0.259905
2,392,2.010422,3.015632,0.223402
2,393,2.003634,3.005451,0.223402
2,394,1.992973,2.989459,0.239305
2,395,2.003610,3.005415,0.226575
2,396,2.002703,3.004054,0.223402
2,397,2.000942,3.001413,0.223402
2,398,1.999991,2.999986,0.223402
2,399,1.999997,2.999995,0.223402
2,400,2.008711,3.013066,0.223402
2,401,1.997289,2.995934,0.232799
2,402,2.010233,3.015350,0.223402
2,403,2.003568,3.005352,0.223402
2,404,2.001244,3.001866,0.223402
2,405,1.993442,2.990163,0.235322
2,406,2.001520,3.002279,0.223402
2,407,2.000209,3.000313,0.227225
2,408,2.000876,3.001313,0.223402
2,409,2.034703,3.052054,0.223402
2,410,2.012100,3.018150,0.223402
2,411,2.004690,3.007034,0.223402
2,412,1.980293,2.970439,0.261636
2,413,2.007627,3.011440,0.223402
2,414,1.997060,2.995590,0.227700
2,415,2.002534,3.003801,0.223402
2,416,2.000884,3.001325,0.223402
2,417,2.001972,3.002959,0.223402
2,418,2.002002,3.003002,0.227469
2,419,2.003857,3.005786,0.223402
2,420,2.023862,3.035793,0.236193
2,421,1.939951,2.909926,0.367983
2,422,2.042619,3.063928,0.223402
2,423,1.996554,2.994831,0.266159
2,424,1.960469,2.940703,0.323689
2,425,2.025643,3.038465,0.223402
2,426,2.002961,3.004441,0.239933
2,427,2.004371,3.006557,0.223402
2,428,1.999242,2.998863,0.230575
2,429,1.989477,2.984216,0.263501
2,430,1.998432,2.997649,0.250578
2,431,2.008463,3.012695,0.223402
2,432,2.002355,3.003533,0.223402
2,433,2.000821,3.001232,0.223402
2,434,2.000404,3.000606,0.223402
2,435,1.978471,2.967706,0.270032
2,436,2.015427,3.023140,0.223402
2,437,2.005379,3.008068,0.223402
2,438,2.001876,3.002813,0.223402
2,439,1.990237,2.985356,0.244940
2,440,2.000753,3.001129,0.223402
2,441,2.000262,3.000394,0.223402
2,442,2.000091,3.000137,0.223402
2,443,2.000032,3.000048,0.223402
2,444,2.010784,3.016176,0.223402
2,445,2.001331,3.001997,0.235517
2,446,2.013603,3.020405,0.223402
2,447,2.004743,3.007115,0.223402
2,448,2.001654,3.002481,0.223402
2,449,1.989849,2.984774,0.264186
2,450,2.009713,3.014570,0.223402
2,451,2.003387,3.005080,0.223402
2,452,2.001181,3.001771,0.223402
2,453,2.000412,3.000618,0.223402
2,454,2.000144,3.000215,0.223402
2,455,2.000050,3.000075,0.223402
2,456,2.000017,3.000026,0.223402
2,457,1.985097,2.977645,0.245197
2,458,2.006397,3.009595,0.223402
2,459,2.002652,3.003978,0.223402
2,460,2.000925,3.001387,0.223402
2,461,1.995736,2.993604,0.234415
2,462,2.006341,3.009512,0.230741
2,463,2.000281,3.000421,0.227555
2,464,1.976200,2.964301,0.283976
2,465,2.026865,3.040298,0.223402
2,466,2.009367,3.014051,0.223402
2,467,2.003266,3.004899,0.223402
2,468,2.010765,3.016148,0.223402
2,469,2.003754,3.005630,0.223402
2,470,1.913456,2.870184,0.400454
2,471,2.017666,3.026500,0.225964
2,472,2.006412,3.009619,0.223402
2,473,2.007961,3.011942,0.223402
2,474,1.994177,2.991265,0.239672
2,475,2.001294,3.001941,0.223402
2,476,2.000451,3.000677,0.223402
2,477,2.019374,3.029062,0.223402
2,478,1.975178,2.962768,0.334537
2,479,2.021044,3.031565,0.223402
2,480,2.007337,3.011006,0.223402
2,481,2.002558,3.003838,0.223402
2,482,2.000892,3.001338,0.223402
2,483,2.004857,3.007286,0.223402
2,484,2.001694,3.002541,0.223402
2,485,2.006288,3.009432,0.223402
2,486,2.002193,3.003289,0.223402
2,487,1.997733,2.996599,0.246280
2,488,2.007173,3.010759,0.223402
2,489,2.002501,3.003752,0.223402
2,490,1.988733,2.983099,0.252975
2,491,1.998187,2.997281,0.234571
2,492,2.011842,3.017763,0.223402
2,493,2.004129,3.006193,0.223402
2,494,2.001440,3.002160,0.223402
2,495,2.000441,3.000662,0.223402
2,496,2.000154,3.000231,0.223402
2,497,2.000054,3.000081,0.223402
2,498,1.923816,2.885724,0.369918
2,499,2.003493,3.005239,0.247695
2,500,2.004682,3.007023,0.248232
2,501,2.007608,3.011412,0.223402
2,502,1.969147,2.953720,0.297275
2,503,1.989976,2.984964,0.250022
2,504,2.004933,3.007399,0.223402
2,505,2.001200,3.001801,0.223402
2,506,2.001142,3.001713,0.223402
2,507,2.025327,3.037991,0.249126
2,508,2.026109,3.039164,0.223402
2,509,2.015660,3.023489,0.223402
2,510,2.001142,3.001713,0.238333
2,511,1.999033,2.998549,0.267948
2,512,2.010329,3.015493,0.233066
2,513,2.005516,3.008273,0.223402
2,514,2.001923,3.002885,0.223402
2,515,2.000671,3.001006,0.223402
2,516,2.000234,3.000351,0.223402
2,517,2.000082,3.000122,0.223402
2,518,2.002592,3.003889,0.223402
2,519,1.999515,2.999272,0.224120
2,520,1.996797,2.995196,0.234057
2,521,2.004125,3.006188,0.223402
2,522,1.982159,2.973239,0.262107
2,523,2.003461,3.005192,0.223402
2,524,1.982373,2.973559,0.260110
2,525,2.003207,3.004811,0.223402
2,526,1.956725,2.935088,0.321717
2,527,2.009604,3.014405,0.234679
2,528,2.005353,3.008030,0.223402
2,529,2.001867,3.002800,0.223402
2,530,2.001929,3.002893,0.223402
2,531,2.000673,3.001009,0.223402
2,532,1.936944,2.905416,0.388862
2,533,2.021901,3.032852,0.223402
2,534,1.993215,2.989823,0.247719
2,535,2.003988,3.005982,0.223402
2,536,2.008602,3.012903,0.223402
2,537,2.003709,3.005564,0.246627
2,538,2.015397,3.023096,0.223402
2,539,2.005369,3.008053,0.223402
2,540,1.987871,2.981807,0.248338
2,541,2.003739,3.005609,0.223402
2,542,2.003790,3.005685,0.223402
2,543,2.001321,3.001982,0.223402
2,544,2.000461,3.000691,0.223402
2,545,2.000161,3.000241,0.223402
2,546,2.000056,3.000084,0.223402
2,547,2.007140,3.010710,0.223402
2,548,2.002489,3.003734,0.223402
2,549,1.999998,2.999998,0.224023
2,550,1.995854,2.993781,0.242127
2,551,2.004526,3.006790,0.223402
2,552,2.001578,3.002367,0.223402
2,553,1.998430,2.997644,0.226399
2,554,2.009724,3.014586,0.223402
2,555,1.991787,2.987681,0.246579
2,556,2.013572,3.020358,0.223402
2,557,2.004732,3.007098,0.223402
2,558,2.001650,3.002475,0.223402
2,559,2.002111,3.003167,0.223402
2,560,2.000596,3.000894,0.223402
2,561,2.000208,3.000312,0.223402
2,562,1.986312,2.979468,0.252634
2,563,2.022879,3.034319,0.223402
2,564,2.007977,3.011966,0.223402
2,565,2.002782,3.004172,0.223402
2,566,2.000970,3.001455,0.223402
2,567,2.000338,3.000507,0.223402
2,568,2.006546,3.009819,0.223402
2,569,2.002282,3.003424,0.223402
2,570,2.000796,3.001194,0.223402
2,571,2.000277,3.000416,0.223402
2,572,2.009941,3.014912,0.223402
2,573,2.003466,3.005199,0.223402
2,574,2.001209,3.001813,0.223402
2,575,2.000421,3.000632,0.223402
2,576,1.989023,2.983534,0.244175
2,577,2.013860,3.020790,0.223402
2,578,2.007462,3.011193,0.225831
2,579,2.004334,3.006500,0.223402
2,580,2.001511,3.002267,0.223402
2,581,2.021415,3.032122,0.223402
2,582,2.027119,3.040679,0.238021
2,583,2.012968,3.019452,0.235485
2,584,2.009072,3.013608,0.223402
2,585,1.965878,2.948816,0.289492
2,586,2.016971,3.025457,0.223402
2,587,2.005917,3.008876,0.223402
2,588,2.002063,3.003095,0.223402
2,589,1.994862,2.992292,0.227686
2,590,1.964226,2.946339,0.291735
2,591,2.012210,3.018315,0.223402
2,592,2.004257,3.006386,0.223402
2,593,2.001484,3.002227,0.223402
2,594,1.997776,2.996663,0.233382
2,595,2.006684,3.010025,0.223402
2,596,2.003379,3.005068,0.223402
2,597,2.001178,3.001767,0.223402
2,598,1.999711,2.999567,0.223402
2,599,1.994548,2.991822,0.245327
2,600,1.892675,2.839012,0.424857
2,601,2.022007,3.033011,0.223402
2,602,2.001236,3.001854,0.242536
2,603,2.006227,3.009340,0.223402
2,604,2.003237,3.004855,0.223402
2,605,2.001129,3.001693,0.223402
2,606,2.003585,3.005378,0.247244
2,607,1.972959,2.959439,0.285052
2,608,2.009475,3.014212,0.223402
2,609,2.015328,3.022992,0.223402
2,610,1.978474,2.967711,0.283750
2,611,2.010795,3.016192,0.223402
2,612,1.995218,2.992827,0.246275
2,613,2.003502,3.005253,0.223402
2,614,1.994528,2.991792,0.234866
2,615,2.005944,3.008915,0.223402
2,616,1.978047,2.967070,0.275823
2,617,2.004524,3.006786,0.232418
2,618,2.003021,3.004532,0.226957
2,619,1.963690,2.945535,0.291547
2,620,2.007967,3.011950,0.223402
2,621,2.002778,3.004167,0.223402
2,622,2.000969,3.001453,0.223402
2,623,2.000338,3.000507,0.223402
2,624,2.011460,3.017190,0.223402
2,625,2.003996,3.005994,0.223402
2,626,2.001393,3.002090,0.223402
2,627,2.000486,3.000729,0.223402
2,628,1.987677,2.981515,0.262947
2,629,2.003355,3.005032,0.228350
2,630,2.007990,3.011985,0.223402
2,631,1.973205,2.959808,0.271574
2,632,2.005177,3.007765,0.223402
2,633,2.009219,3.013828,0.223402
2,634,2.003214,3.004822,0.223402
2,635,2.001121,3.001681,0.223402
2,636,1.999386,2.999078,0.230285
2,637,2.001286,3.001929,0.223402
2,638,2.003798,3.005698,0.223402
2,639,2.001324,3.001987,0.223402
2,640,2.008517,3.012776,0.240862
2,641,2.012399,3.018598,0.223402
2,642,1.967174,2.950760,0.353809
2,643,2.023468,3.035203,0.223402
2,644,2.008183,3.012274,0.223402
2,645,2.002853,3.004280,0.223402
2,646,2.014044,3.021066,0.223402
2,647,1.998541,2.997812,0.245332
2,648,2.005049,3.007573,0.243914
2,649,2.022517,3.033776,0.244054
2,650,2.013593,3.020389,0.223402
2,651,2.004962,3.007443,0.223402
2,652,2.001730,3.002595,0.223402
2,653,1.995934,2.993901,0.234349
2,654,2.016723,3.025085,0.223402
2,655,2.005831,3.008747,0.223402
2,656,2.002033,3.003050,0.223402
2,657,2.000709,3.001063,0.223402
2,658,1.966184,2.949275,0.272426
2,659,2.028205,3.042308,0.223402
2,660,2.010873,3.016310,0.223402
2,661,2.003791,3.005687,0.223402
2,662,2.011864,3.017796,0.245293
2,663,2.007435,3.011153,0.223402
2,664,2.002592,3.003889,0.223402
2,665,2.000235,3.000352,0.223656
2,666,1.993883,2.990824,0.254252
2,667,2.002779,3.004169,0.223402
2,668,2.003220,3.004830,0.223402
2,669,1.995932,2.993897,0.234951
2,670,1.972605,2.958907,0.267504
2,671,2.006557,3.009836,0.223402
2,672,2.002286,3.003430,0.223402
2,673,1.947131,2.920696,0.326597
2,674,2.010270,3.015405,0.223402
2,675,2.003581,3.005371,0.223402
2,676,2.008784,3.013177,0.223402
2,677,2.003063,3.004594,0.223402
2,678,2.001068,3.001602,0.223402
2,679,2.000372,3.000559,0.223402
2,680,2.015852,3.023779,0.223402
2,681,2.004517,3.006775,0.224113
2,682,2.004383,3.006574,0.223402
2,683,2.003569,3.005354,0.223402
2,684,1.983576,2.975364,0.301195
2,685,2.016628,3.024941,0.223402
2,686,2.005798,3.008697,0.223402
2,687,2.002022,3.003032,0.223402
2,688,1.992928,2.989393,0.235326
2,689,2.008532,3.012798,0.223402
2,690,2.002975,3.004462,0.223402
2,691,2.002994,3.004491,0.232355
2,692,2.003346,3.005020,0.223402
2,693,2.001167,3.001750,0.223402
2,694,2.009710,3.014565,0.223402
2,695,2.003386,3.005079,0.223402
2,696,2.001181,3.001771,0.223402
2,697,1.981439,2.972158,0.269690
2,698,2.028999,3.043498,0.228629
2,699,2.010575,3.015862,0.224743
2,700,2.004195,3.006293,0.223402
2,701,1.985061,2.977591,0.266620
2,702,2.004389,3.006583,0.223402
2,703,2.001530,3.002296,0.223402
2,704,2.013470,3.020206,0.223402
2,705,2.004658,3.006987,0.223402
2,706,2.007141,3.010712,0.223402
2,707,2.002490,3.003735,0.223402
2,708,1.981836,2.972754,0.270070
2,709,2.006816,3.010224,0.223402
2,710,2.002377,3.003565,0.223402
2,711,2.006911,3.010366,0.223402
2,712,1.986435,2.979653,0.253913
2,713,1.999588,2.999382,0.233021
2,714,2.002616,3.003924,0.223402
2,715,2.009585,3.014377,0.223402
2,716,1.971579,2.957369,0.273284
2,717,2.031103,3.046654,0.223402
2,718,2.010793,3.016189,0.224650
2,719,1.980513,2.970770,0.270056
2,720,2.036001,3.054001,0.223402
2,721,2.018112,3.027168,0.223402
2,722,1.962102,2.943153,0.306976
2,723,1.941740,2.912610,0.360082
2,724,1.974509,2.961764,0.301144
2,725,2.008543,3.012814,0.237371
2,726,2.008157,3.012235,0.223402
2,727,2.009549,3.014323,0.223739
2,728,2.004841,3.007261,0.223402
2,729,1.993038,2.989557,0.241356
2,730,2.002889,3.004333,0.223402
2,731,1.998049,2.997073,0.247081
2,732,2.007509,3.011263,0.223402
2,733,2.003242,3.004863,0.268052
2,734,2.033400,3.050101,0.223402
2,735,2.020818,3.031226,0.223402
2,736,2.007074,3.010610,0.223402
2,737,2.002466,3.003700,0.223402
2,738,2.005697,3.008546,0.223402
2,739,1.968491,2.952736,0.317215
2,740,2.013583,3.020375,0.223402
2,741,2.004736,3.007104,0.223402
2,742,2.001651,3.002477,0.223402
2,743,2.000576,3.000864,0.223402
2,744,2.003089,3.004633,0.223402
2,745,2.001077,3.001616,0.223402
2,746,2.000376,3.000563,0.223402
2,747,1.992868,2.989303,0.260302
2,748,2.022323,3.033485,0.223402
2,749,2.007784,3.011675,0.223402
2,750,2.002714,3.004071,0.223402
2,751,2.000946,3.001419,0.223402
2,752,2.001376,3.002063,0.227033
2,753,1.972446,2.958669,0.306668
2,754,2.035161,3.052741,0.223402
2,755,1.957054,2.935581,0.313373
2,756,2.026387,3.039581,0.231000
2,757,2.018329,3.027493,0.223402
2,758,2.006391,3.009586,0.223402
2,759,2.002228,3.003343,0.223402
2,760,2.000777,3.001165,0.223402
2,761,2.000271,3.000406,0.223402
2,762,2.000094,3.000142,0.223402
2,763,2.000033,3.000049,0.223402
2,764,2.002854,3.004282,0.223402
2,765,1.999117,2.998676,0.250815
2,766,2.012411,3.018617,0.223402
2,767,2.000194,3.000291,0.226566
2,768,2.002945,3.004417,0.223402
2,769,2.001027,3.001540,0.223402
2,770,2.000358,3.000537,0.223402
2,771,2.000125,3.000187,0.223402
2,772,2.014018,3.021027,0.223402
2,773,2.004888,3.007332,0.223402
2,774,1.978000,2.967000,0.269289
2,775,1.963985,2.945978,0.344137
2,776,2.017717,3.026575,0.223402
2,777,2.013613,3.020420,0.223402
2,778,1.998384,2.997577,0.226366
2,779,2.003458,3.005187,0.223402
2,780,1.997283,2.995925,0.243454
2,781,2.007368,3.011052,0.223402
2,782,1.998325,2.997487,0.239081
2,783,1.967813,2.951720,0.287928
2,784,1.998146,2.997218,0.244081
2,785,2.005101,3.007652,0.223402
2,786,2.001779,3.002668,0.223402
2,787,2.000620,3.000930,0.223402
2,788,2.000216,3.000324,0.223402
2,789,1.996331,2.994497,0.227827
2,790,1.999501,2.999252,0.226500
2,791,1.994538,2.991808,0.242014
2,792,2.010851,3.016276,0.223402
2,793,2.013017,3.019525,0.248626
2,794,2.010819,3.016228,0.223402
2,795,2.029008,3.043513,0.229043
2,796,1.999362,2.999043,0.273587
2,797,2.017814,3.026722,0.223402
2,798,2.006212,3.009317,0.223402
2,799,2.002166,3.003249,0.223402
2,800,2.000755,3.001133,0.223402
2,801,1.993595,2.990393,0.236069
2,802,2.002510,3.003766,0.223402
2,803,2.000875,3.001313,0.223402
2,804,2.000305,3.000458,0.223402
2,805,1.942324,2.913486,0.334876
2,806,2.020138,3.030206,0.223402
2,807,2.019124,3.028687,0.223402
2,808,2.006668,3.010002,0.223402
2,809,2.007305,3.010957,0.234761
2,810,2.004604,3.006905,0.223402
2,811,1.949113,2.923670,0.339996
2,812,2.012015,3.018023,0.223402
2,813,1.999197,2.998795,0.236644
2,814,2.004107,3.006160,0.223402
2,815,2.001596,3.002394,0.284154
2,816,2.022078,3.033117,0.223402
2,817,2.007698,3.011547,0.223402
2,818,2.025361,3.038041,0.223402
2,819,2.008843,3.013264,0.223402
2,820,2.003083,3.004625,0.223402
2,821,2.010665,3.015998,0.230868
2,822,2.003135,3.004703,0.230893
2,823,1.999954,2.999931,0.229209
2,824,1.970329,2.955494,0.279331
2,825,2.005667,3.008501,0.223402
2,826,1.969271,2.953907,0.315817
2,827,2.009408,3.014112,0.227282
2,828,2.003917,3.005876,0.223402
2,829,2.001662,3.002494,0.223402
2,830,1.998646,2.997969,0.236871
2,831,2.007589,3.011383,0.223402
2,832,2.002646,3.003969,0.223402
2,833,2.000227,3.000341,0.223402
2,834,1.994711,2.992066,0.245029
2,835,1.994844,2.992265,0.244889
2,836,2.010106,3.015158,0.223402
2,837,2.015751,3.023626,0.223402
2,838,2.005492,3.008238,0.223402
2,839,2.004068,3.006102,0.223402
2,840,2.006330,3.009495,0.223402
2,841,2.002207,3.003311,0.223402
2,842,2.012202,3.018302,0.223402
2,843,1.993802,2.990704,0.241052
2,844,2.001092,3.001638,0.223402
2,845,1.996396,2.994594,0.233407
2,846,2.000037,3.000056,0.223402
2,847,1.967054,2.950582,0.284531
2,848,1.953850,2.930775,0.316381
2,849,2.010489,3.015734,0.223402
2,850,1.999084,2.998625,0.240770
2,851,2.003936,3.005904,0.223402
2,852,2.001372,3.002059,0.223402
2,853,1.998633,2.997950,0.237353
2,854,2.003648,3.005472,0.235112
2,855,2.003735,3.005602,0.223402
2,856,2.001302,3.001953,0.223402
2,857,1.999449,2.999173,0.224577
2,858,1.999966,2.999949,0.223402
2,859,1.999988,2.999982,0.223402
2,860,1.999996,2.999994,0.223402
2,861,1.999999,2.999998,0.223402
2,862,1.996939,2.995408,0.230515
2,863,1.991806,2.987709,0.247213
2,864,1.963569,2.945353,0.282625
2,865,1.982114,2.973171,0.263400
2,866,1.979283,2.968925,0.300471
2,867,1.993127,2.989691,0.250229
2,868,2.006741,3.010112,0.223402
2,869,2.002351,3.003526,0.223402
2,870,2.003777,3.005665,0.223402
2,871,2.001317,3.001975,0.223402
2,872,2.007019,3.010528,0.223402
2,873,2.025383,3.038075,0.229962
2,874,2.012310,3.018465,0.223402
2,875,2.042300,3.063450,0.224808
2,876,2.004219,3.006329,0.248927
2,877,2.012139,3.018209,0.231862
2,878,2.007182,3.010773,0.223402
2,879,2.023218,3.034828,0.223402
2,880,1.977933,2.966900,0.294217
2,881,2.010844,3.016266,0.223402
2,882,2.003781,3.005672,0.223402
2,883,1.934657,2.901986,0.349527
2,884,2.007492,3.011238,0.226402
2,885,1.968765,2.953148,0.310543
2,886,2.010622,3.015934,0.223402
2,887,2.009339,3.014008,0.223826
2,888,2.003886,3.005829,0.223402
2,889,2.001355,3.002032,0.223402
2,890,2.003622,3.005432,0.223402
2,891,1.997150,2.995725,0.229452
2,892,1.994403,2.991604,0.271600
2,893,2.016160,3.024241,0.230755
2,894,2.008855,3.013282,0.223402
2,895,1.990821,2.986232,0.239430
2,896,2.002836,3.004254,0.223402
2,897,2.009127,3.013690,0.223402
2,898,1.998772,2.998158,0.250133
2,899,2.012294,3.018442,0.226509
2,900,2.009393,3.014089,0.223402
2,901,1.995818,2.993727,0.243930
2,902,2.005191,3.007786,0.223402
2,903,1.988576,2.982863,0.251698
2,904,2.005216,3.007823,0.223402
2,905,1.998116,2.997174,0.252068
2,906,2.004497,3.006745,0.223402
2,907,1.956448,2.934672,0.323004
2,908,2.010569,3.015854,0.223402
2,909,2.003685,3.005528,0.223402
2,910,2.002636,3.003954,0.223402
2,911,2.000410,3.000615,0.235708
2,912,2.003070,3.004605,0.223402
2,913,2.002794,3.004190,0.223402
2,914,1.996349,2.994524,0.225381
2,915,2.008325,3.012487,0.243225
2,916,1.983835,2.975752,0.276003
2,917,2.005020,3.007531,0.223402
2,918,2.010907,3.016360,0.223402
2,919,1.981025,2.971538,0.269133
2,920,2.004269,3.006404,0.223402
2,921,1.964617,2.946925,0.292236
2,922,1.974640,2.961960,0.302058
2,923,2.026086,3.039129,0.229215
2,924,2.013244,3.019866,0.223402
2,925,2.005336,3.008004,0.223402
2,926,2.001861,3.002791,0.223402
2,927,1.972036,2.958054,0.276823
2,928,2.000898,3.001347,0.259001
2,929,2.009523,3.014285,0.223402
2,930,1.992565,2.988848,0.249684
2,931,2.004671,3.007007,0.223402
2,932,2.001629,3.002443,0.223402
2,933,1.991899,2.987849,0.233578
2,934,2.002333,3.003499,0.223402
2,935,1.976331,2.964497,0.302883
2,936,2.012276,3.018414,0.223402
2,937,1.959692,2.939538,0.313872
2,938,1.964074,2.946111,0.305172
2,939,2.015252,3.022877,0.223402
2,940,2.018267,3.027400,0.223402
2,941,2.006369,3.009554,0.223402
2,942,1.958575,2.937862,0.315032
2,943,2.016690,3.025035,0.223402
2,944,2.004216,3.006324,0.238532
2,945,1.989099,2.983649,0.256417
2,946,1.993866,2.990799,0.256833
2,947,2.007685,3.011528,0.223402
2,948,1.991115,2.986672,0.272348
2,949,2.015745,3.023617,0.225418
2,950,2.013851,3.020777,0.224769
2,951,2.006622,3.009933,0.223402
2,952,2.006633,3.009949,0.223402
2,953,2.002313,3.003469,0.223402
2,954,1.997373,2.996060,0.241438
2,955,2.008013,3.012019,0.223402
2,956,1.987505,2.981258,0.245385
2,957,2.012015,3.018022,0.224994
2,958,2.026039,3.039058,0.223402
2,959,2.009079,3.013619,0.223402
2,960,2.006354,3.009530,0.223402
2,961,2.001069,3.001603,0.223402
2,962,2.000373,3.000559,0.223402
2,963,2.006709,3.010063,0.223402
2,964,1.995105,2.992658,0.228790
2,965,2.008311,3.012466,0.239863
2,966,2.005021,3.007532,0.223402
2,967,2.017755,3.026633,0.223402
2,968,2.006191,3.009286,0.223402
2,969,2.002159,3.003238,0.223402
2,970,1.992210,2.988315,0.238971
2,971,1.998255,2.997382,0.234505
2,972,2.003433,3.005149,0.223402
2,973,1.997786,2.996679,0.226088
2,974,2.004611,3.006917,0.223402
2,975,2.001608,3.002412,0.223402
2,976,2.001197,3.001795,0.223402
2,977,2.000417,3.000626,0.223402
2,978,2.007594,3.011391,0.223402
2,979,2.002648,3.003972,0.223402
2,980,1.900782,2.851173,0.417758
2,981,2.014030,3.021045,0.281561
2,982,2.030001,3.045001,0.223402
2,983,2.010461,3.015691,0.223402
2,984,2.012813,3.019220,0.223402
2,985,2.005552,3.008329,0.228001
2,986,2.003220,3.004830,0.223402
2,987,2.001123,3.001684,0.223402
2,988,2.001524,3.002285,0.223402
2,989,2.014383,3.021574,0.223402
2,990,2.005015,3.007522,0.223402
2,991,1.997882,2.996823,0.228680
2,992,2.004950,3.007426,0.223402
2,993,2.001726,3.002589,0.223402
2,994,1.988767,2.983151,0.247567
2,995,2.024603,3.036904,0.223402
2,996,2.032195,3.048292,0.223402
2,997,2.011226,3.016838,0.223402
2,998,2.003914,3.005871,0.223402
2,999,2.001542,3.002313,0.223923
2,1000,2.000996,3.001494,0.223402
3,1,2.001903,3.002854,0.223402
3,2,1.986019,2.979029,0.271914
3,3,2.029291,3.043937,0.223402
3,4,1.958318,2.937478,0.347785
3,5,1.997156,2.995733,0.272744
3,6,2.008844,3.013266,0.223402
3,7,2.009432,3.014148,0.223402
3,8,2.004529,3.006794,0.223402
3,9,2.001579,3.002369,0.223402
3,10,1.993454,2.990181,0.243087
3,11,2.006698,3.010047,0.223402
3,12,2.002335,3.003503,0.223402
3,13,2.000814,3.001221,0.223402
3,14,2.000284,3.000426,0.223402
3,15,1.997727,2.996591,0.224403
3,16,2.025094,3.037641,0.223402
3,17,1.999869,2.999803,0.255881
3,18,1.996030,2.994045,0.238975
3,19,2.002202,3.003303,0.223402
3,20,1.960750,2.941126,0.302115
3,21,2.020751,3.031127,0.223402
3,22,1.988354,2.982531,0.272398
3,23,2.009932,3.014898,0.223402
3,24,2.002913,3.004369,0.223402
3,25,1.960565,2.940848,0.305664
3,26,2.012472,3.018707,0.223402
3,27,2.004349,3.006523,0.223402
3,28,2.001516,3.002274,0.223402
3,29,2.000764,3.001147,0.223402
3,30,2.000267,3.000400,0.223402
3,31,2.019271,3.028907,0.240916
3,32,2.029570,3.044355,0.223402
3,33,2.009739,3.014609,0.224518
3,34,2.025204,3.037806,0.223402
3,35,2.002910,3.004365,0.241262
3,36,2.006460,3.009691,0.223402
3,37,2.002077,3.003116,0.224944
3,38,2.003476,3.005215,0.223402
3,39,1.994247,2.991371,0.257644
3,40,2.007993,3.011989,0.223402
3,41,2.014373,3.021560,0.223402
3,42,1.960139,2.940208,0.307377
3,43,2.020663,3.030995,0.223402
3,44,2.008238,3.012356,0.240285
3,45,1.987177,2.980765,0.270338
3,46,2.010394,3.015591,0.223402
3,47,2.006103,3.009154,0.223402
3,48,1.997596,2.996394,0.229615
3,49,2.007870,3.011805,0.223402
3,50,1.979545,2.969318,0.262429
3,51,2.005910,3.008865,0.223402
3,52,2.002061,3.003091,0.223402
3,53,2.007957,3.011935,0.223402
3,54,2.017828,3.026741,0.223402
3,55,2.020365,3.030547,0.223402
3,56,2.007101,3.010651,0.223402
3,57,1.969313,2.953970,0.274481
3,58,2.013573,3.020359,0.223402
3,59,1.994447,2.991670,0.242677
3,60,2.009674,3.014512,0.223402
3,61,2.003373,3.005060,0.223402
3,62,2.001176,3.001764,0.223402
3,63,1.991834,2.987751,0.249514
3,64,2.009809,3.014714,0.223402
3,65,1.983826,2.975739,0.262742
3,66,2.002035,3.003053,0.223402
3,67,1.980108,2.970162,0.294281
3,68,2.009622,3.014433,0.223402
3,69,2.002135,3.003203,0.254884
3,70,2.009045,3.013567,0.223402
3,71,1.997491,2.996236,0.234268
3,72,2.001926,3.002889,0.223402
3,73,2.000672,3.001007,0.223402
3,74,2.000234,3.000351,0.223402
3,75,2.000082,3.000122,0.223402
3,76,2.000748,3.001121,0.223402
3,77,2.000261,3.000391,0.223402
3,78,2.000091,3.000136,0.223402
3,79,1.991099,2.986649,0.240124
3,80,1.959583,2.939374,0.308691
3,81,1.858104,2.787156,0.503860
3,82,2.014921,3.022382,0.223402
3,83,2.008405,3.012608,0.223402
3,84,2.002931,3.004396,0.223402
3,85,2.006946,3.010419,0.223402
3,86,1.999045,2.998568,0.231195
3,87,2.002180,3.003269,0.223402
3,88,2.000903,3.001354,0.223402
3,89,1.970002,2.955003,0.289832
3,90,2.031476,3.047214,0.223402
3,91,1.878675,2.818012,0.482541
3,92,2.017823,3.026734,0.223402
3,93,2.011969,3.017954,0.223402
3,94,2.004173,3.006260,0.223402
3,95,2.007056,3.010584,0.223402
3,96,1.993784,2.990675,0.260251
3,97,2.022166,3.033250,0.223402
3,98,2.005484,3.008226,0.224140
3,99,2.002504,3.003755,0.223402
3,100,2.000995,3.001492,0.223402
3,101,2.000347,3.000520,0.223402
3,102,2.000121,3.000181,0.223402
3,103,2.000042,3.000063,0.223402
3,104,2.000015,3.000022,0.223402
3,105,2.004696,3.007045,0.223402
3,106,2.003566,3.005348,0.223402
3,107,1.999141,2.998712,0.228520
3,108,2.004654,3.006981,0.241366
3,109,2.007831,3.011747,0.223402
3,110,2.000345,3.000517,0.237882
3,111,2.004210,3.006316,0.224612
3,112,2.001784,3.002676,0.223402
3,113,1.990746,2.986120,0.242510
3,114,2.004217,3.006325,0.227763
3,115,2.006609,3.009914,0.223402
3,116,2.002304,3.003457,0.223402
3,117,2.000804,3.001205,0.223402
3,118,1.987160,2.980740,0.251101
3,119,2.005732,3.008598,0.223402
3,120,2.001999,3.002998,0.223402
3,121,2.002666,3.003999,0.223402
3,122,2.020858,3.031287,0.223402
3,123,2.007273,3.010909,0.223402
3,124,1.996776,2.995164,0.229595
3,125,2.004328,3.006492,0.223402
3,126,2.000858,3.001286,0.239915
3,127,2.008330,3.012495,0.242871
3,128,2.019140,3.028710,0.223402
3,129,2.011860,3.017790,0.223402
3,130,2.042906,3.064359,0.223402
3,131,1.963968,2.945952,0.339870
3,132,2.020879,3.031319,0.223402
3,133,2.007280,3.010920,0.223402
3,134,1.973546,2.960319,0.274970
3,135,2.009601,3.014402,0.223402
3,136,2.003348,3.005022,0.223402
3,137,2.001167,3.001751,0.223402
3,138,1.992733,2.989100,0.238122
3,139,2.002528,3.003793,0.223402
3,140,1.993356,2.990034,0.234145
3,141,2.000790,3.001185,0.223402
3,142,2.000276,3.000413,0.223402
3,143,2.000096,3.000144,0.223402
3,144,2.000033,3.000050,0.223402
3,145,2.000012,3.000018,0.223402
3,146,1.999664,2.999496,0.223402
3,147,1.951831,2.927747,0.330073
3,148,2.009390,3.014086,0.223402
3,149,1.991266,2.986900,0.239310
3,150,2.002611,3.003916,0.223402
3,151,1.993984,2.990977,0.243077
3,152,2.004465,3.006697,0.223402
3,153,2.001557,3.002335,0.223402
3,154,2.007288,3.010932,0.223402
3,155,2.003133,3.004700,0.223402
3,156,2.001093,3.001639,0.223402
3,157,2.000381,3.000571,0.223402
3,158,2.000133,3.000199,0.223402
3,159,2.030081,3.045122,0.223402
3,160,2.002583,3.003874,0.255692
3,161,2.009186,3.013779,0.223402
3,162,2.003203,3.004804,0.223402
3,163,2.001117,3.001675,0.223402
3,164,2.000389,3.000584,0.223402
3,165,1.998031,2.997046,0.228501
3,166,2.000440,3.000659,0.223402
3,167,2.003350,3.005025,0.223402
3,168,2.001168,3.001752,0.223402
3,169,2.000407,3.000611,0.223402
3,170,1.992312,2.988467,0.237748
3,171,2.012814,3.019221,0.230206
3,172,1.982447,2.973670,0.278959
3,173,2.011515,3.017273,0.223402
3,174,2.004015,3.006023,0.223402
3,175,2.004640,3.006960,0.223402
3,176,1.959200,2.938799,0.301961
3,177,2.046686,3.070030,0.223402
3,178,2.020511,3.030766,0.223402
3,179,2.011059,3.016588,0.252565
3,180,2.009906,3.014859,0.223402
3,181,2.003454,3.005181,0.223402
3,182,1.992015,2.988022,0.229291
3,183,1.999664,2.999495,0.231700
3,184,2.009997,3.014996,0.223402
3,185,2.014176,3.021265,0.223402
3,186,2.004943,3.007415,0.223402
3,187,1.973707,2.960560,0.276290
3,188,2.000027,3.000040,0.233450
3,189,2.018637,3.027956,0.223402
3,190,1.996499,2.994749,0.238545
3,191,1.936483,2.904724,0.400802
3,192,2.024298,3.036447,0.223402
3,193,2.008472,3.012708,0.223402
3,194,2.006121,3.009181,0.223402
3,195,2.002134,3.003201,0.223402
3,196,1.999203,2.998805,0.227678
3,197,2.002975,3.004463,0.223402
3,198,2.001037,3.001556,0.223402
3,199,1.991635,2.987452,0.240024
3,200,2.010933,3.016399,0.223402
3,201,1.999469,2.999203,0.230051
3,202,1.994697,2.992046,0.232865
3,203,2.000842,3.001264,0.223402
3,204,2.000294,3.000441,0.223402
3,205,2.019778,3.029667,0.223820
3,206,2.008564,3.012846,0.223402
3,207,2.002986,3.004479,0.223402
3,208,2.001041,3.001562,0.223402
3,209,2.002103,3.003155,0.223402
3,210,2.000733,3.001100,0.223402
3,211,2.000256,3.000384,0.223402
3,212,2.000089,3.000134,0.223402
3,213,2.000031,3.000047,0.223402
3,214,1.999845,2.999767,0.223402
3,215,1.955623,2.933434,0.316954
3,216,2.014128,3.021192,0.223402
3,217,2.020463,3.030695,0.223402
3,218,2.007135,3.010703,0.223402
3,219,2.006012,3.009018,0.223402
3,220,2.002096,3.003144,0.223402
3,221,1.986096,2.979143,0.244678
3,222,2.006361,3.009541,0.223402
3,223,1.994066,2.991099,0.242288
3,224,1.999078,2.998617,0.233537
3,225,2.013505,3.020258,0.223402
3,226,2.020043,3.030065,0.223402
3,227,1.947510,2.921264,0.332580
3,228,2.011022,3.016533,0.223402
3,229,2.003843,3.005765,0.223402
3,230,1.988385,2.982577,0.241428
3,231,1.981594,2.972391,0.259458
3,232,2.003125,3.004688,0.223402
3,233,2.006838,3.010257,0.223402
3,234,2.002384,3.003576,0.223402
3,235,2.000831,3.001247,0.223402
3,236,2.007754,3.011631,0.223402
3,237,2.011219,3.016828,0.223402
3,238,2.018580,3.027870,0.225437
3,239,1.955879,2.933818,0.312333
3,240,2.004680,3.007020,0.242691
3,241,2.013342,3.020012,0.223402
3,242,2.004652,3.006978,0.223402
3,243,2.008426,3.012639,0.223402
3,244,2.003580,3.005369,0.223751
3,245,2.005040,3.007559,0.223402
3,246,1.988585,2.982878,0.272601
3,247,2.000261,3.000391,0.269695
3,248,1.994056,2.991083,0.245901
3,249,2.010709,3.016064,0.223402
3,250,2.003734,3.005601,0.223402
3,251,2.001302,3.001953,0.223402
3,252,2.000454,3.000681,0.223402
3,253,1.993181,2.989772,0.223910
3,254,2.010668,3.016002,0.223402
3,255,2.003720,3.005579,0.223402
3,256,2.021062,3.031593,0.223402
3,257,1.984390,2.976585,0.292162
3,258,2.024183,3.036274,0.234291
3,259,2.016483,3.024725,0.223402
3,260,2.005747,3.008621,0.223402
3,261,2.004229,3.006344,0.223402
3,262,1.994587,2.991881,0.234128
3,263,2.006337,3.009506,0.223402
3,264,2.017931,3.026896,0.223402
3,265,1.933183,2.899775,0.353165
3,266,1.987384,2.981077,0.297424
3,267,2.012984,3.019476,0.223402
3,268,2.004527,3.006791,0.223402
3,269,1.958943,2.938414,0.319767
3,270,2.013996,3.020994,0.223402
3,271,2.013507,3.020260,0.223402
3,272,2.011393,3.017090,0.223402
3,273,2.003973,3.005959,0.223402
3,274,2.001385,3.002078,0.223402
3,275,1.959873,2.939809,0.309093
3,276,1.975319,2.962979,0.299037
3,277,1.974159,2.961239,0.280950
3,278,2.005188,3.007781,0.223402
3,279,2.010777,3.016166,0.223402
3,280,2.004794,3.007191,0.223402
3,281,2.008193,3.012290,0.223402
3,282,2.002857,3.004285,0.223402
3,283,2.005854,3.008781,0.223402
3,284,2.011829,3.017743,0.223402
3,285,2.013926,3.020889,0.223402
3,286,1.991038,2.986556,0.247185
3,287,2.004485,3.006727,0.223402
3,288,1.961350,2.942026,0.311018
3,289,2.008457,3.012686,0.223402
3,290,2.024220,3.036330,0.223402
3,291,2.009778,3.014667,0.223402
3,292,2.003409,3.005114,0.223402
3,293,1.987532,2.981298,0.250562
3,294,2.004121,3.006182,0.223402
3,295,2.001437,3.002156,0.223402
3,296,2.000501,3.000752,0.223402
3,297,1.998793,2.998190,0.235660
3,298,2.020626,3.030939,0.230608
3,299,2.009297,3.013945,0.223402
3,300,2.003242,3.004862,0.223402
3,301,2.001130,3.001695,0.223402
3,302,2.001512,3.002268,0.223402
3,303,2.000527,3.000791,0.223402
3,304,2.001085,3.001628,0.223468
3,305,1.989667,2.984500,0.262892
3,306,1.966614,2.949921,0.294198
3,307,2.007434,3.011151,0.223402
3,308,1.989711,2.984567,0.250952
3,309,2.015369,3.023053,0.223402
3,310,2.002347,3.003521,0.230322
3,311,2.002322,3.003483,0.223402
3,312,2.001727,3.002590,0.223402
3,313,1.936986,2.905479,0.347446
3,314,2.014836,3.022254,0.223402
3,315,1.928171,2.892257,0.372030
3,316,2.012053,3.018079,0.223402
3,317,2.009030,3.013546,0.261393
3,318,2.014235,3.021352,0.223402
3,319,2.004963,3.007445,0.223402
3,320,1.936124,2.904186,0.346101
3,321,1.971998,2.957997,0.294607
3,322,2.007258,3.010888,0.223402
3,323,1.983071,2.974607,0.262952
3,324,1.997568,2.996352,0.230077
3,325,2.008279,3.012418,0.223402
3,326,2.003869,3.005803,0.223402
3,327,2.001594,3.002391,0.223402
3,328,1.973655,2.960482,0.273274
3,329,2.001340,3.002009,0.228635
3,330,2.004905,3.007358,0.224701
3,331,2.003477,3.005215,0.223402
3,332,2.001147,3.001720,0.223402
3,333,2.000400,3.000600,0.223402
3,334,2.000139,3.000209,0.223402
3,335,1.999839,2.999758,0.223402
3,336,1.999944,2.999916,0.223402
3,337,1.999980,2.999971,0.223402
3,338,1.967611,2.951416,0.306466
3,339,2.014401,3.021601,0.223402
3,340,2.012287,3.018431,0.228650
3,341,2.012737,3.019105,0.224547
3,342,2.005663,3.008495,0.223402
3,343,1.985285,2.977928,0.260769
3,344,2.002613,3.003919,0.223402
3,345,2.000911,3.001367,0.223402
3,346,2.000318,3.000476,0.223402
3,347,1.985852,2.978778,0.247935
3,348,2.000040,3.000061,0.223402
3,349,1.977561,2.966341,0.282076
3,350,2.010822,3.016233,0.240773
3,351,2.014467,3.021700,0.233509
3,352,2.020364,3.030546,0.223402
3,353,2.000628,3.000941,0.227499
3,354,2.013202,3.019803,0.224575
3,355,2.006195,3.009293,0.223402
3,356,2.002630,3.003945,0.223402
3,357,2.000917,3.001375,0.223402
3,358,1.990093,2.985139,0.237793
3,359,1.998134,2.997201,0.229921
3,360,2.012290,3.018435,0.223402
3,361,2.004285,3.006428,0.223402
3,362,1.990836,2.986254,0.244622
3,363,2.026180,3.039270,0.234218
3,364,2.012983,3.019474,0.223402
3,365,1.997746,2.996620,0.233456
3,366,2.004082,3.006123,0.223402
3,367,2.009291,3.013937,0.223402
3,368,2.003240,3.004860,0.223402
3,369,1.951533,2.927300,0.334607
3,370,2.025339,3.038008,0.223402
3,371,2.008835,3.013253,0.223402
3,372,2.003081,3.004621,0.223402
3,373,2.001074,3.001611,0.223402
3,374,1.999705,2.999557,0.223402
3,375,1.999897,2.999845,0.223402
3,376,1.985528,2.978292,0.254400
3,377,2.010892,3.016338,0.223402
3,378,2.003798,3.005697,0.223402
3,379,2.004233,3.006350,0.223402
3,380,2.001476,3.002214,0.223402
3,381,2.000515,3.000772,0.223402
3,382,2.000179,3.000269,0.223402
3,383,2.000063,3.000094,0.223402
3,384,1.979290,2.968935,0.256135
3,385,2.003061,3.004591,0.239476
3,386,2.019570,3.029355,0.223402
3,387,2.002982,3.004473,0.232940
3,388,2.005256,3.007884,0.223402
3,389,2.001833,3.002749,0.223402
3,390,2.000639,3.000958,0.223402
3,391,2.000223,3.000334,0.223402
3,392,2.000078,3.000117,0.223402
3,393,2.009809,3.014713,0.228269
3,394,2.005189,3.007783,0.223402
3,395,1.946875,2.920313,0.342843
3,396,1.980570,2.970854,0.285455
3,397,2.011191,3.016787,0.223402
3,398,1.961646,2.942469,0.311204
3,399,2.009995,3.014993,0.223402
3,400,1.999696,2.999545,0.274518
3,401,2.015657,3.023486,0.223402
3,402,2.005459,3.008189,0.223402
3,403,2.010460,3.015689,0.232812
3,404,2.009251,3.013876,0.223402
3,405,2.003226,3.004838,0.223402
3,406,2.001125,3.001687,0.223402
3,407,2.000392,3.000588,0.223402
3,408,2.001457,3.002185,0.223402
3,409,2.000508,3.000762,0.223402
3,410,1.999410,2.999115,0.224683
3,411,2.011515,3.017272,0.223402
3,412,1.960437,2.940656,0.319213
3,413,1.983584,2.975376,0.262459
3,414,2.012076,3.018114,0.223402
3,415,2.002834,3.004252,0.223402
3,416,2.000988,3.001482,0.223402
3,417,2.007337,3.011006,0.255875
3,418,2.013485,3.020228,0.223402
3,419,1.994957,2.992436,0.260686
3,420,2.009223,3.013834,0.223402
3,421,1.984237,2.976355,0.258945
3,422,2.004825,3.007237,0.223402
3,423,2.004452,3.006678,0.247202
3,424,1.988493,2.982740,0.261589
3,425,2.006622,3.009933,0.223402
3,426,2.002309,3.003463,0.223402
3,427,1.983514,2.975271,0.265539
3,428,1.968016,2.952024,0.295666
3,429,2.008177,3.012265,0.232782
3,430,2.006269,3.009404,0.223402
3,431,1.997181,2.995772,0.234521
3,432,2.007190,3.010785,0.223402
3,433,2.002507,3.003760,0.223402
3,434,2.000874,3.001311,0.223402
3,435,2.000305,3.000457,0.223402
3,436,2.008056,3.012084,0.226863
3,437,2.013146,3.019720,0.223402
3,438,2.004584,3.006876,0.223402
3,439,2.004257,3.006385,0.224110
3,440,2.002523,3.003784,0.223402
3,441,1.949137,2.923705,0.307325
3,442,2.004966,3.007449,0.232635
3,443,2.013893,3.020840,0.223402
3,444,2.010544,3.015817,0.223402
3,445,2.003861,3.005791,0.223402
3,446,1.955838,2.933757,0.310485
3,447,2.017251,3.025876,0.223402
3,448,1.975884,2.963825,0.298056
3,449,1.999523,2.999285,0.251389
3,450,2.015025,3.022537,0.223402
3,451,1.989781,2.984672,0.253165
3,452,1.996709,2.995063,0.241828
3,453,1.998966,2.998448,0.249110
3,454,1.976560,2.964840,0.291748
3,455,2.002343,3.003514,0.251521
3,456,1.987479,2.981218,0.277376
3,457,2.007205,3.010807,0.223402
3,458,2.002512,3.003768,0.223402
3,459,2.000876,3.001314,0.223402
3,460,2.019970,3.029955,0.223402
3,461,2.019355,3.029033,0.223402
3,462,1.967321,2.950981,0.325410
3,463,2.016841,3.025262,0.223402
3,464,2.025365,3.038048,0.223402
3,465,2.002338,3.003507,0.232263
3,466,2.009959,3.014939,0.223402
3,467,2.003473,3.005209,0.223402
3,468,1.929499,2.894248,0.354082
3,469,2.005899,3.008849,0.223402
3,470,2.001564,3.002346,0.223402
3,471,2.000545,3.000818,0.223402
3,472,2.000190,3.000285,0.223402
3,473,2.000066,3.000099,0.223402
3,474,2.000023,3.000035,0.223402
3,475,1.976115,2.964173,0.259392
3,476,2.015373,3.023060,0.223402
3,477,2.006162,3.009243,0.228523
3,478,2.002029,3.003044,0.242509
3,479,1.997376,2.996064,0.253016
3,480,1.980218,2.970327,0.264520
3,481,2.010634,3.015951,0.223402
3,482,2.004421,3.006631,0.223402
3,483,2.005443,3.008164,0.223402
3,484,1.959640,2.939459,0.297667
3,485,1.963369,2.945053,0.305687
3,486,2.018569,3.027854,0.223402
3,487,2.006475,3.009712,0.223402
3,488,2.003331,3.004997,0.223402
3,489,2.001161,3.001742,0.223402
3,490,2.000405,3.000607,0.223402
3,491,1.991646,2.987469,0.238494
3,492,2.001076,3.001614,0.223402
3,493,2.003825,3.005738,0.223402
3,494,1.999516,2.999274,0.263290
3,495,2.012623,3.018935,0.223402
3,496,2.004931,3.007396,0.223402
3,497,2.001650,3.002475,0.223402
3,498,2.000575,3.000863,0.223402
3,499,1.981135,2.971702,0.274560
3,500,2.005880,3.008821,0.223402
3,501,1.978739,2.968108,0.267466
3,502,2.005921,3.008881,0.223402
3,503,2.002064,3.003097,0.223402
3,504,2.006307,3.009461,0.223402
3,505,2.002800,3.004200,0.223402
3,506,2.000976,3.001465,0.223402
3,507,2.000340,3.000511,0.223402
3,508,2.022694,3.034040,0.223402
3,509,1.981145,2.971718,0.276158
3,510,2.012018,3.018028,0.223402
3,511,1.948937,2.923406,0.327231
3,512,1.984173,2.976260,0.291708
3,513,2.009250,3.013874,0.237053
3,514,2.008649,3.012974,0.223402
3,515,2.010419,3.015628,0.223402
3,516,2.003633,3.005449,0.223402
3,517,1.982369,2.973553,0.285596
3,518,2.010387,3.015580,0.223402
3,519,1.987115,2.980673,0.288008
3,520,2.012603,3.018905,0.223402
3,521,2.004394,3.006592,0.223402
3,522,1.989693,2.984539,0.247599
3,523,2.008194,3.012291,0.223402
3,524,2.020704,3.031056,0.225979
3,525,1.999995,2.999993,0.242456
3,526,2.011892,3.017838,0.223402
3,527,1.997854,2.996781,0.235961
3,528,2.005562,3.008343,0.226064
3,529,2.014695,3.022043,0.228450
3,530,1.982863,2.974294,0.247253
3,531,2.028633,3.042949,0.223402
3,532,2.009984,3.014975,0.223402
3,533,2.003481,3.005222,0.223402
3,534,2.001214,3.001821,0.223402
3,535,1.993149,2.989724,0.241570
3,536,2.024221,3.036332,0.223402
3,537,2.008445,3.012668,0.223402
3,538,2.002945,3.004417,0.223402
3,539,2.001027,3.001540,0.223402
3,540,2.000358,3.000537,0.223402
3,541,1.999058,2.998587,0.223402
3,542,1.999671,2.999507,0.223402
3,543,2.007627,3.011440,0.230422
3,544,2.005856,3.008785,0.223402
3,545,1.994346,2.991519,0.264170
3,546,2.012513,3.018770,0.227781
3,547,2.007671,3.011507,0.223402
3,548,2.002075,3.003112,0.223402
3,549,1.964563,2.946844,0.314752
3,550,2.013253,3.019879,0.223402
3,551,2.007022,3.010534,0.224909
3,552,2.004038,3.006056,0.223402
3,553,1.995595,2.993393,0.240793
3,554,1.997753,2.996629,0.240052
3,555,2.004583,3.006874,0.223402
3,556,1.976174,2.964262,0.264840
3,557,2.008050,3.012076,0.223402
3,558,2.002807,3.004211,0.223402
3,559,1.999515,2.999273,0.223402
3,560,1.999831,2.999746,0.223402
3,561,1.997330,2.995995,0.232477
3,562,2.001603,3.002405,0.223402
3,563,2.001079,3.001618,0.223402
3,564,1.976301,2.964451,0.278577
3,565,2.003801,3.005702,0.238621
3,566,2.015620,3.023429,0.223402
3,567,2.034870,3.052305,0.223402
3,568,1.995033,2.992549,0.266380
3,569,1.968938,2.953407,0.303423
3,570,2.013108,3.019662,0.237501
3,571,2.013070,3.019604,0.223402
3,572,1.960869,2.941304,0.301980
3,573,2.019070,3.028606,0.223402
3,574,2.005722,3.008583,0.224422
3,575,2.001622,3.002433,0.223402
3,576,2.000566,3.000848,0.223402
3,577,2.000197,3.000296,0.223402
3,578,1.978765,2.968148,0.259112
3,579,2.002178,3.003267,0.223402
3,580,2.000759,3.001139,0.223402
3,581,1.963226,2.944839,0.279648
3,582,1.992654,2.988980,0.264737
3,583,2.023993,3.035989,0.223402
3,584,1.989897,2.984846,0.272097
3,585,2.006740,3.010110,0.249663
3,586,1.992612,2.988918,0.253005
3,587,1.967100,2.950650,0.292294
3,588,2.006505,3.009757,0.223402
3,589,1.997882,2.996823,0.233560
3,590,2.002754,3.004130,0.223402
3,591,1.979659,2.969488,0.260127
3,592,2.001639,3.002458,0.223402
3,593,2.000571,3.000857,0.223402
3,594,1.997596,2.996394,0.224424
3,595,2.000715,3.001073,0.223402
3,596,2.000282,3.000424,0.223402
3,597,1.931516,2.897274,0.361720
3,598,2.016744,3.025116,0.223402
3,599,2.005838,3.008758,0.223402
3,600,2.002036,3.003054,0.223402
3,601,2.000710,3.001065,0.223402
3,602,2.001675,3.002512,0.223402
3,603,1.984667,2.977000,0.258733
3,604,2.007722,3.011582,0.223402
3,605,2.014941,3.022412,0.238907
3,606,2.000028,3.000042,0.271244
3,607,2.013392,3.020088,0.223402
3,608,2.009620,3.014430,0.223402
3,609,2.003354,3.005031,0.223402
3,610,2.003407,3.005111,0.223402
3,611,2.001188,3.001782,0.223402
3,612,2.000522,3.000783,0.223418
3,613,1.994597,2.991896,0.234576
3,614,1.999674,2.999511,0.223402
3,615,1.999886,2.999830,0.223402
3,616,1.999960,2.999941,0.223402
3,617,2.010887,3.016331,0.223532
3,618,1.984903,2.977354,0.262859
3,619,2.005798,3.008697,0.223402
3,620,1.998532,2.997798,0.228930
3,621,2.026164,3.039246,0.223402
3,622,2.009123,3.013684,0.223402
3,623,1.998965,2.998447,0.232668
3,624,2.000852,3.001278,0.223402
3,625,1.999930,2.999895,0.223402
3,626,1.997124,2.995685,0.233546
3,627,2.002352,3.003528,0.223402
3,628,2.000820,3.001230,0.223402
3,629,2.000286,3.000429,0.223402
3,630,2.004521,3.006781,0.223402
3,631,2.001576,3.002364,0.223402
3,632,2.003328,3.004993,0.223402
3,633,2.003875,3.005812,0.249107
3,634,2.006410,3.009615,0.223402
3,635,2.004039,3.006058,0.223402
3,636,2.004319,3.006479,0.223402
3,637,1.902862,2.854293,0.422969
3,638,2.021253,3.031879,0.223402
3,639,1.985655,2.978482,0.262734
3,640,2.005910,3.008865,0.223402
3,641,2.002061,3.003091,0.223402
3,642,1.993047,2.989571,0.242140
3,643,2.008956,3.013434,0.223402
3,644,1.988173,2.982260,0.288537
3,645,2.011376,3.017064,0.223402
3,646,2.004874,3.007312,0.223402
3,647,2.003058,3.004587,0.223402
3,648,2.001066,3.001599,0.223402
3,649,2.005450,3.008175,0.224176
3,650,2.002292,3.003438,0.223402
3,651,2.000799,3.001199,0.223402
3,652,2.000279,3.000418,0.223402
3,653,2.000597,3.000896,0.223716
3,654,1.987096,2.980645,0.247009
3,655,1.968325,2.952487,0.286073
3,656,2.012661,3.018991,0.223402
3,657,2.004415,3.006622,0.223402
3,658,2.003361,3.005041,0.223402
3,659,1.995969,2.993953,0.236607
3,660,2.001488,3.002233,0.223402
3,661,2.001560,3.002340,0.223402
3,662,2.000544,3.000816,0.223402
3,663,1.958990,2.938485,0.312455
3,664,2.000141,3.000211,0.244461
3,665,2.010052,3.015078,0.231639
3,666,2.002689,3.004033,0.240739
3,667,2.033679,3.050518,0.223402
3,668,2.011743,3.017614,0.223402
3,669,2.004095,3.006142,0.223402
3,670,2.000041,3.000061,0.226724
3,671,2.001380,3.002070,0.223402
3,672,2.003672,3.005508,0.223402
3,673,1.984385,2.976577,0.262502
3,674,2.002893,3.004339,0.223402
3,675,2.001009,3.001513,0.223402
3,676,1.963112,2.944668,0.278836
3,677,2.010157,3.015235,0.223402
3,678,2.003541,3.005312,0.223402
3,679,2.011338,3.017006,0.223402
3,680,2.013377,3.020066,0.228677
3,681,2.006121,3.009182,0.223402
3,682,2.002134,3.003202,0.223402
3,683,2.005819,3.008729,0.223402
3,684,2.002029,3.003044,0.223402
3,685,1.997402,2.996102,0.226006
3,686,1.972430,2.958645,0.272340
3,687,1.999341,2.999012,0.242432
3,688,2.002721,3.004081,0.223402
3,689,2.000949,3.001423,0.223402
3,690,1.997617,2.996425,0.252417
3,691,2.008466,3.012700,0.223402
3,692,1.978932,2.968398,0.272122
3,693,1.993310,2.989965,0.280792
3,694,2.012104,3.018156,0.223402
3,695,1.998971,2.998456,0.227149
3,696,1.999457,2.999185,0.225906
3,697,2.004105,3.006157,0.223402
3,698,2.001431,3.002147,0.223402
3,699,2.000499,3.000749,0.223402
3,700,2.014250,3.021375,0.223402
3,701,1.985342,2.978013,0.269687
3,702,2.009449,3.014174,0.223402
3,703,2.006046,3.009068,0.223402
3,704,1.969969,2.954953,0.296466
3,705,1.990072,2.985108,0.265835
3,706,2.007191,3.010786,0.223402
3,707,2.020824,3.031236,0.223402
3,708,2.007261,3.010891,0.223402
3,709,2.002532,3.003798,0.223402
3,710,1.998529,2.997793,0.230135
3,711,1.990538,2.985807,0.239946
3,712,2.001502,3.002253,0.223402
3,713,2.000524,3.000785,0.223402
3,714,2.000183,3.000274,0.223402
3,715,2.000064,3.000095,0.223402
3,716,2.000022,3.000033,0.223402
3,717,2.000008,3.000012,0.223402
3,718,2.000003,3.000004,0.223402
3,719,2.000001,3.000001,0.223402
3,720,2.000000,3.000000,0.223402
3,721,1.998268,2.997403,0.237697
3,722,1.964050,2.946076,0.284311
3,723,2.002094,3.003141,0.247754
3,724,2.006837,3.010256,0.223402
3,725,2.002591,3.003887,0.231550
3,726,2.006735,3.010102,0.223402
3,727,2.002348,3.003522,0.223402
3,728,2.041819,3.062728,0.223402
3,729,2.012413,3.018620,0.225226
3,730,2.009831,3.014747,0.223402
3,731,2.003428,3.005142,0.223402
3,732,2.001195,3.001793,0.223402
3,733,1.999837,2.999756,0.223444
3,734,2.000575,3.000863,0.223402
3,735,2.004757,3.007135,0.223402
3,736,2.017692,3.026537,0.223402
3,737,2.010367,3.015551,0.223402
3,738,2.003615,3.005422,0.223402
3,739,1.998161,2.997242,0.227996
3,740,2.001652,3.002478,0.223402
3,741,2.004770,3.007155,0.223402
3,742,2.001663,3.002495,0.223402
3,743,2.000580,3.000870,0.223402
3,744,1.982648,2.973972,0.245742
3,745,2.017372,3.026058,0.223402
3,746,2.006057,3.009086,0.223402
3,747,2.004529,3.006793,0.223402
3,748,1.975337,2.963005,0.278804
3,749,2.001138,3.001708,0.242600
3,750,2.011381,3.017072,0.244681
3,751,2.009682,3.014523,0.223402
3,752,2.001496,3.002244,0.234997
3,753,2.004364,3.006546,0.223402
3,754,1.994084,2.991126,0.236609
3,755,1.995845,2.993767,0.236899
3,756,2.002592,3.003888,0.223402
3,757,1.961356,2.942033,0.310948
3,758,1.983858,2.975788,0.267882
3,759,1.997006,2.995510,0.257276
3,760,2.000116,3.000174,0.229373
3,761,2.014356,3.021535,0.223402
3,762,1.996840,2.995261,0.238368
3,763,2.002881,3.004321,0.223402
3,764,2.001005,3.001507,0.223402
3,765,2.015985,3.023978,0.223402
3,766,2.005574,3.008360,0.223402
3,767,1.994510,2.991765,0.239833
3,768,2.003642,3.005463,0.223402
3,769,1.924167,2.886251,0.348041
3,770,2.023206,3.034809,0.223402
3,771,1.995262,2.992892,0.242923
3,772,2.002687,3.004030,0.223402
3,773,2.000937,3.001405,0.223402
3,774,2.002941,3.004411,0.223402
3,775,1.981040,2.971559,0.254202
3,776,2.001776,3.002664,0.223402
3,777,2.006353,3.009530,0.224255
3,778,1.998418,2.997626,0.233023
3,779,2.010618,3.015928,0.223402
3,780,2.006856,3.010283,0.223402
3,781,1.945769,2.918653,0.312626
3,782,2.024959,3.037438,0.228779
3,783,2.015824,3.023736,0.223402
3,784,2.005517,3.008276,0.223402
3,785,2.009139,3.013708,0.223402
3,786,2.003186,3.004780,0.223402
3,787,2.001111,3.001667,0.223402
3,788,2.002108,3.003162,0.223402
3,789,2.000735,3.001103,0.223402
3,790,2.004342,3.006512,0.243403
3,791,2.007384,3.011076,0.223402
3,792,2.004520,3.006780,0.223402
3,793,2.001576,3.002364,0.223402
3,794,2.000550,3.000824,0.223402
3,795,1.998424,2.997636,0.224161
3,796,1.999501,2.999252,0.223402
3,797,1.999826,2.999739,0.223402
3,798,2.012070,3.018105,0.223402
3,799,1.998315,2.997473,0.237906
3,800,1.957809,2.936714,0.336768
3,801,2.029598,3.044396,0.223402
3,802,2.005935,3.008902,0.228176
3,803,1.983097,2.974645,0.261120
3,804,2.004350,3.006524,0.223402
3,805,1.994115,2.991172,0.224936
3,806,2.011080,3.016619,0.223402
3,807,1.958649,2.937973,0.330037
3,808,2.012208,3.018311,0.250221
3,809,2.000109,3.000163,0.239139
3,810,2.007104,3.010655,0.239740
3,811,2.004046,3.006069,0.223402
3,812,2.001411,3.002116,0.223402
3,813,1.993777,2.990666,0.233974
3,814,2.004917,3.007376,0.223402
3,815,2.002412,3.003619,0.223402
3,816,2.004270,3.006405,0.244923
3,817,1.967920,2.951880,0.300855
3,818,2.011460,3.017190,0.223402
3,819,1.989012,2.983518,0.293680
3,820,2.016371,3.024556,0.223402
3,821,2.005708,3.008562,0.223402
3,822,2.003471,3.005206,0.223402
3,823,1.952488,2.928732,0.315797
3,824,2.007419,3.011128,0.253363
3,825,2.000381,3.000572,0.241298
3,826,2.004838,3.007257,0.223402
3,827,2.001687,3.002530,0.223402
3,828,2.000588,3.000882,0.223402
3,829,1.992702,2.989053,0.237059
3,830,1.960171,2.940257,0.287557
3,831,2.029304,3.043956,0.223402
3,832,2.007345,3.011018,0.239276
3,833,2.010855,3.016283,0.243049
3,834,2.017067,3.025600,0.223402
3,835,1.993157,2.989736,0.276013
3,836,2.007040,3.010560,0.261869
3,837,2.014260,3.021390,0.223402
3,838,2.004972,3.007458,0.223402
3,839,2.012939,3.019409,0.223402
3,840,2.007180,3.010770,0.223402
3,841,2.004053,3.006080,0.223402
3,842,1.999445,2.999168,0.226050
3,843,2.001104,3.001656,0.223402
3,844,1.993099,2.989649,0.240093
3,845,2.002426,3.003639,0.223402
3,846,2.000846,3.001269,0.223402
3,847,2.000215,3.000323,0.226505
3,848,2.000773,3.001160,0.223402
3,849,2.001684,3.002526,0.223402
3,850,1.969034,2.953551,0.272698
3,851,1.966205,2.949307,0.313345
3,852,2.018496,3.027744,0.223402
3,853,2.006449,3.009674,0.223402
3,854,2.002249,3.003373,0.223402
3,855,2.000784,3.001176,0.223402
3,856,1.988741,2.983111,0.245784
3,857,1.942234,2.913351,0.334736
3,858,2.020597,3.030896,0.223402
3,859,2.016290,3.024435,0.228249
3,860,2.015603,3.023404,0.227825
3,861,1.995402,2.993103,0.261628
3,862,1.994455,2.991682,0.252972
3,863,2.004653,3.006980,0.223402
3,864,2.000962,3.001444,0.223402
3,865,2.000336,3.000503,0.223402
3,866,2.000117,3.000176,0.223402
3,867,1.997159,2.995739,0.229297
3,868,2.003286,3.004928,0.223402
3,869,2.001146,3.001718,0.223402
3,870,2.000399,3.000599,0.223402
3,871,2.000139,3.000209,0.223402
3,872,1.948541,2.922812,0.325280
3,873,2.014432,3.021648,0.223402
3,874,2.005032,3.007548,0.223402
3,875,2.018440,3.027660,0.223402
3,876,2.003018,3.004527,0.237820
3,877,2.006002,3.009003,0.223402
3,878,2.002093,3.003139,0.223402
3,879,1.994428,2.991643,0.236196
3,880,2.006566,3.009849,0.223402
3,881,1.946367,2.919550,0.346299
3,882,2.020516,3.030775,0.223402
3,883,2.007154,3.010730,0.223402
3,884,1.997991,2.996987,0.249605
3,885,2.003563,3.005344,0.223402
3,886,2.001242,3.001863,0.223402
3,887,1.942881,2.914322,0.388305
3,888,2.019814,3.029722,0.223402
3,889,2.006909,3.010363,0.223402
3,890,2.000081,3.000121,0.223402
3,891,2.000028,3.000042,0.223402
3,892,2.000010,3.000015,0.223402
3,893,2.000003,3.000005,0.223402
3,894,1.967927,2.951891,0.306390
3,895,2.011726,3.017589,0.223402
3,896,1.976077,2.964116,0.310391
3,897,2.014339,3.021509,0.223402
3,898,2.005000,3.007500,0.223402
3,899,1.962951,2.944427,0.297257
3,900,2.008590,3.012885,0.223402
3,901,2.002995,3.004493,0.223402
3,902,2.001044,3.001567,0.223402
3,903,2.013784,3.020676,0.223402
3,904,2.006813,3.010220,0.229892
3,905,2.003130,3.004694,0.223402
3,906,2.003910,3.005864,0.226397
3,907,2.012745,3.019117,0.223402
3,908,2.004444,3.006666,0.223402
3,909,2.012412,3.018618,0.223402
3,910,2.007342,3.011013,0.223402
3,911,2.002560,3.003840,0.223402
3,912,2.000893,3.001339,0.223402
3,913,2.016996,3.025494,0.223402
3,914,2.005926,3.008889,0.223402
3,915,1.981939,2.972908,0.268435
3,916,2.003410,3.005115,0.223402
3,917,2.001189,3.001783,0.223402
3,918,1.986993,2.980489,0.253512
3,919,2.031078,3.046617,0.223402
3,920,2.009473,3.014209,0.227857
3,921,2.011277,3.016915,0.223402
3,922,2.003251,3.004876,0.223402
3,923,2.001134,3.001700,0.223402
3,924,2.000395,3.000593,0.223402
3,925,2.000138,3.000207,0.223402
3,926,2.000048,3.000072,0.223402
3,927,2.008805,3.013208,0.223402
3,928,2.003070,3.004605,0.223402
3,929,1.903146,2.854719,0.459449
3,930,2.031968,3.047952,0.223402
3,931,2.011147,3.016720,0.223402
3,932,2.023873,3.035810,0.240662
3,933,2.022082,3.033124,0.223402
3,934,2.007700,3.011549,0.223402
3,935,2.002685,3.004027,0.223402
3,936,2.012139,3.018209,0.223402
3,937,2.004233,3.006349,0.223402
3,938,2.001476,3.002214,0.223402
3,939,2.000515,3.000772,0.223402
3,940,2.000179,3.000269,0.223402
3,941,2.008273,3.012410,0.228391
3,942,2.000109,3.000164,0.230341
3,943,1.996917,2.995376,0.230938
3,944,2.000452,3.000678,0.223402
3,945,2.000158,3.000236,0.223402
3,946,1.992023,2.988034,0.233996
3,947,1.999879,2.999818,0.223402
3,948,1.995918,2.993876,0.236712
3,949,1.991315,2.986973,0.224503
3,950,2.007974,3.011961,0.223402
3,951,2.006075,3.009113,0.232716
3,952,2.006153,3.009230,0.223402
3,953,2.002146,3.003218,0.223402
3,954,2.000748,3.001122,0.223402
3,955,1.951432,2.927149,0.323546
3,956,2.010927,3.016390,0.223402
3,957,2.008698,3.013047,0.223402
3,958,1.990508,2.985762,0.254261
3,959,2.007048,3.010571,0.223402
3,960,1.982623,2.973934,0.274030
3,961,2.008490,3.012735,0.255443
3,962,2.009340,3.014010,0.223402
3,963,2.016838,3.025257,0.228544
3,964,1.996676,2.995015,0.248577
3,965,2.006776,3.010164,0.223402
3,966,2.006862,3.010293,0.223402
3,967,1.996782,2.995172,0.251853
3,968,1.975545,2.963317,0.288187
3,969,2.003916,3.005875,0.223402
3,970,2.002102,3.003153,0.223402
3,971,2.000733,3.001099,0.223402
3,972,2.007595,3.011392,0.223402
3,973,1.992222,2.988333,0.249438
3,974,2.007029,3.010544,0.223402
3,975,2.014218,3.021327,0.223402
3,976,2.004957,3.007436,0.223402
3,977,1.982565,2.973848,0.267050
3,978,2.015899,3.023848,0.223402
3,979,2.005544,3.008315,0.223402
3,980,2.014610,3.021915,0.223402
3,981,1.992898,2.989347,0.245458
3,982,1.994702,2.992054,0.255942
3,983,1.991392,2.987087,0.255925
3,984,2.006097,3.009145,0.223402
3,985,2.003639,3.005458,0.223402
3,986,2.001269,3.001903,0.223402
3,987,1.989826,2.984739,0.251190
3,988,2.001723,3.002584,0.223402
3,989,2.000601,3.000901,0.223402
3,990,2.011273,3.016909,0.223402
3,991,1.995235,2.992853,0.243255
3,992,2.003291,3.004936,0.223402
3,993,2.021751,3.032626,0.223402
3,994,2.007584,3.011376,0.223402
3,995,1.977296,2.965944,0.272166
3,996,2.005624,3.008435,0.223402
3,997,2.001961,3.002941,0.223402
3,998,1.927662,2.891493,0.370971
3,999,2.011756,3.017635,0.234390
3,1000,2.008864,3.013297,0.223402
4,1,2.008646,3.012968,0.223402
4,2,2.003015,3.004522,0.223402
4,3,1.993823,2.990734,0.237907
4,4,1.997011,2.995516,0.236711
4,5,2.002048,3.003071,0.223402
4,6,2.018753,3.028130,0.231480
4,7,2.009764,3.014646,0.223402
4,8,2.003712,3.005567,0.223402
4,9,2.003522,3.005283,0.242640
4,10,2.005865,3.008798,0.223402
4,11,2.013565,3.020348,0.223402
4,12,2.004730,3.007095,0.223402
4,13,2.001649,3.002474,0.223402
4,14,2.006830,3.010244,0.223402
4,15,2.012653,3.018980,0.223402
4,16,1.981635,2.972452,0.260345
4,17,2.004291,3.006436,0.223402
4,18,2.001496,3.002244,0.223402
4,19,2.019713,3.029570,0.223402
4,20,2.006874,3.010310,0.223402
4,21,2.002397,3.003595,0.223402
4,22,1.968959,2.953438,0.272076
4,23,2.022927,3.034390,0.223402
4,24,2.007994,3.011991,0.223402
4,25,2.001121,3.001682,0.235908
4,26,1.975800,2.963699,0.297988
4,27,2.013794,3.020690,0.223402
4,28,2.004810,3.007214,0.223402
4,29,1.985532,2.978298,0.253793
4,30,1.974474,2.961711,0.309132
4,31,2.008373,3.012560,0.223402
4,32,2.007157,3.010736,0.223402
4,33,2.002496,3.003743,0.223402
4,34,2.000870,3.001305,0.223402
4,35,1.970796,2.956194,0.268426
4,36,2.000809,3.001214,0.223402
4,37,1.996328,2.994493,0.227278
4,38,1.980925,2.971388,0.272747
4,39,2.014968,3.022452,0.223402
4,40,2.006018,3.009026,0.223402
4,41,1.989161,2.983741,0.245804
4,42,2.017565,3.026348,0.223402
4,43,2.006125,3.009187,0.223402
4,44,2.002136,3.003203,0.223402
4,45,2.000745,3.001117,0.223402
4,46,2.018810,3.028215,0.223402
4,47,2.006559,3.009838,0.223402
4,48,2.002287,3.003430,0.223402
4,49,2.000797,3.001196,0.223402
4,50,1.981231,2.971847,0.267537
4,51,2.010077,3.015116,0.232612
4,52,2.005586,3.008379,0.223402
4,53,2.001948,3.002922,0.223402
4,54,1.987928,2.981892,0.247296
4,55,2.002357,3.003535,0.223402
4,56,2.016824,3.025237,0.223402
4,57,2.005866,3.008799,0.223402
4,58,2.002005,3.003008,0.223402
4,59,2.025399,3.038098,0.223402
4,60,1.992818,2.989226,0.247989
4,61,2.005860,3.008791,0.223402
4,62,1.992534,2.988801,0.244297
4,63,2.003298,3.004947,0.223402
4,64,2.001150,3.001725,0.223402
4,65,2.000401,3.000601,0.223402
4,66,2.000140,3.000210,0.223402
4,67,2.000049,3.000073,0.223402
4,68,2.005992,3.008989,0.223402
4,69,1.933790,2.900685,0.341725
4,70,2.017818,3.026728,0.223402
4,71,2.006954,3.010430,0.223402
4,72,1.998143,2.997215,0.232358
4,73,2.001298,3.001947,0.223402
4,74,1.999036,2.998554,0.232084
4,75,1.998641,2.997962,0.226771
4,76,1.983345,2.975017,0.266391
4,77,2.003265,3.004898,0.223402
4,78,1.995149,2.992723,0.234712
4,79,1.952472,2.928708,0.301480
4,80,2.010608,3.015912,0.223402
4,81,2.003699,3.005548,0.223402
4,82,2.001290,3.001935,0.223402
4,83,2.008278,3.012418,0.223866
4,84,2.004829,3.007244,0.223402
4,85,2.001684,3.002526,0.223402
4,86,2.000587,3.000881,0.223402
4,87,2.002193,3.003289,0.223402
4,88,2.000765,3.001147,0.223402
4,89,1.986071,2.979107,0.257449
4,90,1.962842,2.944263,0.297887
4,91,2.006391,3.009587,0.223402
4,92,2.002228,3.003343,0.223402
4,93,2.000777,3.001166,0.223402
4,94,1.984212,2.976318,0.254576
4,95,2.002524,3.003786,0.223402
4,96,2.001716,3.002574,0.223402
4,97,2.000689,3.001033,0.223402
4,98,2.000240,3.000360,0.223402
4,99,1.986374,2.979561,0.247521
4,100,2.005478,3.008216,0.223402
4,101,1.996194,2.994292,0.235244
4,102,2.000105,3.000157,0.223402
4,103,1.915087,2.872630,0.412191
4,104,2.017711,3.026566,0.223402
4,105,2.006175,3.009263,0.223402
4,106,2.002153,3.003230,0.223402
4,107,1.995372,2.993058,0.238224
4,108,2.001967,3.002951,0.223402
4,109,2.000686,3.001029,0.223402
4,110,1.991218,2.986826,0.245563
4,111,2.021026,3.031539,0.223402
4,112,1.959899,2.939849,0.330220
4,113,2.006617,3.009925,0.231543
4,114,2.004826,3.007239,0.223402
4,115,2.001683,3.002524,0.223402
4,116,2.000587,3.000880,0.223402
4,117,2.000205,3.000307,0.223402
4,118,2.000139,3.000208,0.223402
4,119,2.005500,3.008250,0.223402
4,120,1.995586,2.993379,0.235875
4,121,2.016288,3.024431,0.223402
4,122,2.014225,3.021338,0.223402
4,123,2.005515,3.008272,0.223402
4,124,1.934119,2.901179,0.343146
4,125,1.955687,2.933531,0.373979
4,126,2.024674,3.037012,0.223402
4,127,2.008603,3.012905,0.223402
4,128,2.001501,3.002251,0.235070
4,129,2.000697,3.001045,0.228579
4,130,1.991474,2.987211,0.285014
4,131,2.014717,3.022076,0.223402
4,132,1.996840,2.995259,0.225133
4,133,2.033908,3.050862,0.223402
4,134,2.011823,3.017735,0.223402
4,135,2.004122,3.006184,0.223402
4,136,2.001437,3.002156,0.223402
4,137,2.003063,3.004594,0.223402
4,138,2.001068,3.001602,0.223402
4,139,1.994035,2.991052,0.259798
4,140,2.010589,3.015884,0.233097
4,141,2.003411,3.005117,0.224406
4,142,1.996158,2.994237,0.280050
4,143,2.013727,3.020590,0.223402
4,144,2.017131,3.025697,0.223402
4,145,1.964796,2.947194,0.305432
4,146,1.991545,2.987318,0.262628
4,147,2.010899,3.016348,0.223402
4,148,2.003800,3.005700,0.223402
4,149,2.001839,3.002758,0.235046
4,150,2.003089,3.004633,0.223402
4,151,2.000483,3.000724,0.223402
4,152,2.000168,3.000252,0.223402
4,153,2.000059,3.000088,0.223402
4,154,2.010286,3.015430,0.223402
4,155,2.020502,3.030754,0.223402
4,156,2.007733,3.011600,0.223402
4,157,2.003998,3.005996,0.223402
4,158,2.001394,3.002091,0.223402
4,159,2.000486,3.000729,0.223402
4,160,2.000717,3.001075,0.223402
4,161,2.000793,3.001189,0.223402
4,162,1.977780,2.966670,0.253833
4,163,2.011984,3.017975,0.223402
4,164,2.000515,3.000773,0.261551
4,165,2.009528,3.014292,0.223402
4,166,1.986532,2.979797,0.267795
4,167,2.007801,3.011702,0.223402
4,168,2.002720,3.004080,0.223402
4,169,2.000948,3.001423,0.223402
4,170,2.000331,3.000496,0.223402
4,171,1.986982,2.980473,0.257647
4,172,1.969503,2.954255,0.297844
4,173,2.018639,3.027959,0.223402
4,174,2.006499,3.009749,0.223402
4,175,2.005923,3.008884,0.223402
4,176,2.002065,3.003098,0.223402
4,177,1.962278,2.943417,0.289739
4,178,2.003530,3.005295,0.223402
4,179,2.001728,3.002592,0.226113
4,180,2.001139,3.001709,0.223402
4,181,2.000397,3.000596,0.223402
4,182,2.000138,3.000208,0.223402
4,183,2.000048,3.000072,0.223402
4,184,2.000017,3.000025,0.223402
4,185,2.000006,3.000009,0.223402
4,186,2.000002,3.000003,0.223402
4,187,2.000001,3.000001,0.223402
4,188,1.993803,2.990705,0.234513
4,189,2.002251,3.003376,0.223402
4,190,1.984461,2.976691,0.258862
4,191,1.970459,2.955688,0.300629
4,192,2.001304,3.001956,0.262181
4,193,2.021203,3.031805,0.223402
4,194,2.007393,3.011090,0.223402
4,195,2.006298,3.009447,0.224926
4,196,2.005242,3.007863,0.223402
4,197,2.004354,3.006531,0.223402
4,198,2.002869,3.004304,0.223402
4,199,2.001000,3.001501,0.223402
4,200,1.999553,2.999330,0.223402
4,201,2.020429,3.030643,0.223402
4,202,2.007123,3.010685,0.223402
4,203,2.002484,3.003725,0.223402
4,204,1.989299,2.983948,0.254048
4,205,2.010899,3.016348,0.223402
4,206,2.003800,3.005700,0.223402
4,207,2.001325,3.001988,0.223402
4,208,2.001848,3.002773,0.245480
4,209,2.007163,3.010745,0.233979
4,210,1.979441,2.969162,0.274692
4,211,2.009005,3.013508,0.223402
4,212,1.926935,2.890402,0.381838
4,213,2.014830,3.022245,0.223402
4,214,2.004641,3.006961,0.223402
4,215,1.997087,2.995631,0.259817
4,216,2.010456,3.015684,0.223402
4,217,2.017367,3.026050,0.223402
4,218,2.009137,3.013706,0.223402
4,219,2.003186,3.004779,0.223402
4,220,2.001111,3.001666,0.223402
4,221,2.000387,3.000581,0.223402
4,222,2.000615,3.000923,0.223402
4,223,2.000215,3.000322,0.223402
4,224,2.011455,3.017182,0.223402
4,225,2.012409,3.018614,0.224698
4,226,2.007119,3.010678,0.223402
4,227,2.010783,3.016175,0.223402
4,228,2.006366,3.009550,0.256476
4,229,2.014943,3.022415,0.223402
4,230,2.003067,3.004600,0.229859
4,231,2.003677,3.005515,0.223402
4,232,2.001282,3.001923,0.223402
4,233,2.000447,3.000670,0.223402
4,234,2.000156,3.000234,0.223402
4,235,2.000054,3.000082,0.223402
4,236,2.000019,3.000028,0.223402
4,237,2.003964,3.005945,0.223402
4,238,1.989084,2.983625,0.243733
4,239,1.995129,2.992693,0.225206
4,240,2.001329,3.001993,0.223402
4,241,2.018658,3.027987,0.223402
4,242,2.006506,3.009758,0.223402
4,243,2.005360,3.008040,0.223402
4,244,1.970949,2.956423,0.288032
4,245,2.006403,3.009605,0.233597
4,246,1.973574,2.960362,0.274540
4,247,1.968967,2.953450,0.342662
4,248,2.022595,3.033893,0.223402
4,249,2.017454,3.026182,0.223402
4,250,2.006086,3.009129,0.223402
4,251,2.002122,3.003183,0.223402
4,252,2.002206,3.003309,0.240383
4,253,1.998896,2.998344,0.236039
4,254,1.999343,2.999015,0.248212
4,255,2.006379,3.009569,0.223402
4,256,1.991978,2.987967,0.241387
4,257,2.007760,3.011640,0.223402
4,258,2.028721,3.043081,0.225952
4,259,2.013795,3.020692,0.223402
4,260,2.004810,3.007215,0.223402
4,261,2.001677,3.002516,0.223402
4,262,2.000585,3.000877,0.223402
4,263,2.001325,3.001987,0.223402
4,264,1.963446,2.945169,0.290824
4,265,2.012412,3.018617,0.229444
4,266,1.941682,2.912522,0.329467
4,267,2.007078,3.010617,0.223402
4,268,1.977243,2.965865,0.278551
4,269,2.014638,3.021957,0.223402
4,270,2.005104,3.007656,0.223402
4,271,2.001780,3.002670,0.223402
4,272,2.000621,3.000931,0.223402
4,273,2.012451,3.018677,0.223402
4,274,2.006358,3.009537,0.223402
4,275,2.002217,3.003325,0.223402
4,276,2.007086,3.010630,0.225426
4,277,2.018423,3.027634,0.223402
4,278,2.006424,3.009635,0.223402
4,279,2.002240,3.003360,0.223402
4,280,1.999444,2.999166,0.225642
4,281,2.003501,3.005251,0.223402
4,282,2.001221,3.001831,0.223402
4,283,2.000664,3.000997,0.223402
4,284,2.000232,3.000348,0.223402
4,285,2.003437,3.005155,0.223402
4,286,2.025935,3.038902,0.223402
4,287,2.009043,3.013564,0.223402
4,288,2.003153,3.004730,0.223402
4,289,2.007925,3.011888,0.228412
4,290,2.001302,3.001953,0.238001
4,291,2.005231,3.007846,0.223402
4,292,2.001824,3.002736,0.223402
4,293,1.983049,2.974573,0.250564
4,294,2.004475,3.006713,0.228214
4,295,2.003056,3.004584,0.223402
4,296,2.002384,3.003575,0.223402
4,297,2.003930,3.005895,0.223402
4,298,1.998582,2.997874,0.225393
4,299,2.002021,3.003032,0.223402
4,300,2.000705,3.001057,0.223402
4,301,2.000246,3.000369,0.223402
4,302,1.972957,2.959435,0.259387
4,303,2.020670,3.031005,0.223402
4,304,1.969465,2.954198,0.289969
4,305,2.010502,3.015753,0.234208
4,306,2.004579,3.006868,0.224403
4,307,1.964420,2.946630,0.311459
4,308,2.015006,3.022509,0.223402
4,309,2.012018,3.018027,0.223402
4,310,2.010894,3.016341,0.223402
4,311,2.003798,3.005698,0.223402
4,312,1.951627,2.927440,0.328710
4,313,1.943332,2.914998,0.370957
4,314,2.017539,3.026309,0.223402
4,315,1.947606,2.921410,0.364738
4,316,2.023296,3.034943,0.223402
4,317,1.993274,2.989911,0.248659
4,318,2.006932,3.010399,0.223402
4,319,2.002417,3.003626,0.223402
4,320,2.000843,3.001264,0.223402
4,321,2.000824,3.001235,0.223402
4,322,1.967682,2.951523,0.292666
4,323,2.006375,3.009562,0.223402
4,324,1.998949,2.998423,0.239193
4,325,2.005441,3.008162,0.223402
4,326,1.965626,2.948439,0.272535
4,327,2.006132,3.009198,0.223402
4,328,2.002138,3.003207,0.223402
4,329,2.000746,3.001118,0.223402
4,330,2.000260,3.000390,0.223402
4,331,1.984137,2.976206,0.266409
4,332,2.003150,3.004725,0.223402
4,333,2.001098,3.001647,0.223402
4,334,2.012097,3.018145,0.271044
4,335,2.014812,3.022218,0.223402
4,336,2.005165,3.007747,0.223402
4,337,2.001344,3.002016,0.223402
4,338,2.000469,3.000703,0.223402
4,339,2.012715,3.019073,0.223402
4,340,2.004434,3.006650,0.223402
4,341,2.001546,3.002319,0.223402
4,342,2.000539,3.000809,0.223402
4,343,2.000188,3.000282,0.223402
4,344,2.000066,3.000098,0.223402
4,345,2.000023,3.000034,0.223402
4,346,2.007797,3.011696,0.223402
4,347,2.007170,3.010754,0.223402
4,348,1.951572,2.927358,0.316130
4,349,2.016937,3.025406,0.223402
4,350,1.952455,2.928683,0.318654
4,351,2.010493,3.015740,0.223402
4,352,1.994474,2.991711,0.259680
4,353,2.014752,3.022127,0.223402
4,354,1.989428,2.984142,0.242356
4,355,2.003452,3.005177,0.223402
4,356,2.001206,3.001809,0.223402
4,357,1.987481,2.981221,0.249291
4,358,2.039145,3.058718,0.223402
4,359,2.013649,3.020474,0.223402
4,360,2.018949,3.028424,0.223402
4,361,2.030867,3.046300,0.223402
4,362,1.960120,2.940180,0.305366
4,363,2.014647,3.021970,0.223402
4,364,2.017091,3.025637,0.223402
4,365,2.005959,3.008939,0.223402
4,366,1.967779,2.951669,0.288727
4,367,2.003113,3.004670,0.223402
4,368,2.019669,3.029503,0.223402
4,369,2.006858,3.010287,0.223402
4,370,2.002391,3.003587,0.223402
4,371,2.000834,3.001251,0.223402
4,372,2.000291,3.000436,0.223402
4,373,2.000101,3.000152,0.223402
4,374,1.982489,2.973734,0.299020
4,375,2.016143,3.024215,0.223402
4,376,2.005629,3.008443,0.223402
4,377,2.001963,3.002944,0.223402
4,378,2.000684,3.001026,0.223402
4,379,2.000239,3.000358,0.223402
4,380,2.000083,3.000125,0.223402
4,381,1.993695,2.990542,0.240117
4,382,2.001936,3.002904,0.223402
4,383,2.000675,3.001013,0.223402
4,384,2.000235,3.000353,0.223402
4,385,2.000082,3.000123,0.223402
4,386,1.962035,2.943053,0.307347
4,387,2.006036,3.009053,0.223402
4,388,2.015897,3.023845,0.229264
4,389,2.008420,3.012630,0.223402
4,390,2.003790,3.005685,0.223402
4,391,1.999523,2.999284,0.223402
4,392,1.951537,2.927306,0.312072
4,393,2.009021,3.013531,0.223402
4,394,2.009915,3.014872,0.223402
4,395,1.997260,2.995889,0.233174
4,396,2.009194,3.013791,0.225529
4,397,2.009765,3.014647,0.235277
4,398,2.006739,3.010108,0.223402
4,399,2.002350,3.003524,0.223402
4,400,1.995685,2.993528,0.233797
4,401,2.000605,3.000907,0.223402
4,402,2.005082,3.007623,0.223402
4,403,2.001110,3.001665,0.223402
4,404,2.000387,3.000581,0.223402
4,405,2.000135,3.000202,0.223402
4,406,2.000047,3.000071,0.223402
4,407,2.000016,3.000025,0.223402
4,408,2.005968,3.008953,0.232014
4,409,2.004360,3.006539,0.223402
4,410,2.001520,3.002280,0.223402
4,411,1.986187,2.979280,0.252441
4,412,1.920394,2.880591,0.386526
4,413,1.900841,2.851262,0.417185
4,414,2.020675,3.031012,0.223402
4,415,2.009873,3.014810,0.223402
4,416,2.003443,3.005164,0.223402
4,417,2.001200,3.001801,0.223402
4,418,2.000419,3.000628,0.223402
4,419,2.005155,3.007732,0.223402
4,420,1.968742,2.953112,0.346948
4,421,2.014918,3.022377,0.223402
4,422,2.010124,3.015186,0.223402
4,423,2.003733,3.005599,0.223402
4,424,1.987746,2.981619,0.286586
4,425,2.014097,3.021145,0.223402
4,426,2.008078,3.012117,0.223402
4,427,2.002822,3.004233,0.224105
4,428,2.001165,3.001748,0.223402
4,429,2.013825,3.020738,0.223402
4,430,2.004821,3.007231,0.223402
4,431,1.999967,2.999951,0.242837
4,432,2.006599,3.009898,0.223402
4,433,2.014017,3.021025,0.223402
4,434,2.004887,3.007331,0.223402
4,435,1.991339,2.987008,0.257819
4,436,2.006904,3.010356,0.223402
4,437,2.019419,3.029128,0.223402
4,438,1.983829,2.975743,0.263844
4,439,1.982110,2.973165,0.283910
4,440,2.009493,3.014240,0.223402
4,441,1.969592,2.954388,0.289521
4,442,2.007366,3.011049,0.223402
4,443,2.002568,3.003853,0.223402
4,444,1.977984,2.966976,0.275635
4,445,2.022709,3.034064,0.223402
4,446,2.007918,3.011877,0.223402
4,447,2.006218,3.009328,0.227219
4,448,2.031185,3.046778,0.223402
4,449,2.010874,3.016310,0.223402
4,450,2.006485,3.009727,0.223402
4,451,1.993114,2.989671,0.255063
4,452,2.007956,3.011933,0.223402
4,453,1.992450,2.988675,0.274066
4,454,2.014272,3.021407,0.223402
4,455,2.008868,3.013302,0.264946
4,456,2.012055,3.018082,0.223402
4,457,2.009337,3.014006,0.223402
4,458,1.985294,2.977942,0.264582
4,459,2.012637,3.018955,0.223402
4,460,1.994994,2.992491,0.245470
4,461,2.011533,3.017300,0.231404
4,462,1.992027,2.988041,0.274627
4,463,1.967519,2.951279,0.296612
4,464,2.008710,3.013066,0.223402
4,465,1.993928,2.990893,0.243114
4,466,2.013030,3.019545,0.239586
4,467,2.008914,3.013371,0.223402
4,468,2.003108,3.004662,0.223402
4,469,2.001852,3.002778,0.223402
4,470,2.014715,3.022073,0.226292
4,471,1.974172,2.961259,0.299460
4,472,2.009131,3.013696,0.230335
4,473,2.009579,3.014369,0.223402
4,474,2.003340,3.005010,0.223402
4,475,2.001165,3.001747,0.223402
4,476,2.000406,3.000609,0.223402
4,477,2.000142,3.000212,0.223402
4,478,2.009447,3.014171,0.223402
4,479,2.003294,3.004941,0.223402
4,480,2.001149,3.001723,0.223402
4,481,2.000047,3.000070,0.223402
4,482,1.991876,2.987814,0.226998
4,483,2.013214,3.019821,0.223402
4,484,1.986595,2.979893,0.254836
4,485,2.007941,3.011912,0.223402
4,486,1.999671,2.999507,0.225424
4,487,2.002606,3.003909,0.223402
4,488,2.004317,3.006475,0.223402
4,489,2.001505,3.002258,0.223402
4,490,2.005867,3.008800,0.223402
4,491,1.985166,2.977749,0.270540
4,492,2.012492,3.018739,0.223402
4,493,1.980487,2.970730,0.277645
4,494,2.010262,3.015393,0.223402
4,495,2.004332,3.006498,0.223402
4,496,1.947838,2.921757,0.341213
4,497,2.014949,3.022424,0.223402
4,498,1.986268,2.979401,0.283028
4,499,2.008899,3.013348,0.223402
4,500,1.970076,2.955115,0.302202
4,501,2.010528,3.015793,0.223402
4,502,2.003671,3.005507,0.223402
4,503,1.968337,2.952505,0.283823
4,504,1.973967,2.960951,0.316221
4,505,2.015681,3.023521,0.223402
4,506,2.005468,3.008201,0.223402
4,507,1.963376,2.945064,0.298442
4,508,2.004526,3.006789,0.223402
4,509,2.001578,3.002367,0.223402
4,510,2.001393,3.002089,0.223402
4,511,2.000486,3.000728,0.223402
4,512,2.000169,3.000254,0.223402
4,513,2.011633,3.017450,0.223402
4,514,2.004366,3.006550,0.229323
4,515,2.014911,3.022367,0.223402
4,516,2.005021,3.007531,0.223402
4,517,2.001751,3.002626,0.223402
4,518,2.000610,3.000916,0.223402
4,519,1.980641,2.970962,0.260807
4,520,2.020296,3.030445,0.223741
4,521,2.038173,3.057259,0.223402
4,522,2.013310,3.019965,0.223402
4,523,2.011855,3.017782,0.223402
4,524,2.004134,3.006200,0.223402
4,525,2.001441,3.002162,0.223402
4,526,2.013010,3.019514,0.223402
4,527,2.004536,3.006804,0.223402
4,528,2.001582,3.002372,0.223402
4,529,2.000948,3.001421,0.239285
4,530,2.004257,3.006385,0.223402
4,531,2.001484,3.002226,0.223402
4,532,1.996622,2.994934,0.240426
4,533,2.039800,3.059699,0.223402
4,534,2.006901,3.010352,0.245298
4,535,1.997655,2.996482,0.282919
4,536,1.953027,2.929540,0.347932
4,537,2.027587,3.041380,0.223402
4,538,2.009619,3.014428,0.223402
4,539,2.003354,3.005031,0.223402
4,540,2.003093,3.004639,0.223402
4,541,2.001078,3.001617,0.223402
4,542,1.969876,2.954814,0.265275
4,543,2.030888,3.046332,0.227914
4,544,2.016821,3.025232,0.223402
4,545,1.976623,2.964934,0.266295
4,546,1.999121,2.998682,0.235574
4,547,2.002270,3.003404,0.223402
4,548,2.000791,3.001187,0.223402
4,549,2.000276,3.000414,0.223402
4,550,2.000096,3.000144,0.223402
4,551,2.000034,3.000050,0.223402
4,552,2.013443,3.020165,0.223402
4,553,2.005075,3.007613,0.224790
4,554,2.003493,3.005240,0.223402
4,555,2.001218,3.001827,0.223402
4,556,1.990299,2.985448,0.263276
4,557,2.007170,3.010755,0.223402
4,558,2.003778,3.005668,0.223402
4,559,2.001317,3.001976,0.223402
4,560,2.000459,3.000689,0.223402
4,561,2.030523,3.045784,0.223402
4,562,2.010643,3.015964,0.223402
4,563,2.009059,3.013588,0.223402
4,564,2.003159,3.004738,0.223402
4,565,2.001101,3.001652,0.223402
4,566,1.961561,2.942342,0.295693
4,567,2.000788,3.001182,0.273770
4,568,2.008853,3.013280,0.228999
4,569,1.998222,2.997334,0.236351
4,570,2.004903,3.007354,0.223402
4,571,2.001709,3.002564,0.223402
4,572,2.013750,3.020625,0.230922
4,573,1.995385,2.993078,0.255541
4,574,2.018901,3.028351,0.223402
4,575,2.006590,3.009885,0.223402
4,576,1.994790,2.992184,0.239077
4,577,2.002709,3.004063,0.236514
4,578,1.952774,2.929161,0.315603
4,579,2.000374,3.000562,0.235738
4,580,2.006603,3.009905,0.223402
4,581,2.003921,3.005881,0.230484
4,582,1.978764,2.968146,0.263302
4,583,2.012419,3.018629,0.223402
4,584,2.005277,3.007915,0.223402
4,585,1.969580,2.954370,0.279862
4,586,2.009063,3.013595,0.223402
4,587,1.917592,2.876389,0.371060
4,588,2.024420,3.036631,0.227848
4,589,2.017099,3.025649,0.225427
4,590,2.009856,3.014784,0.223402
4,591,1.974126,2.961189,0.275175
4,592,2.006304,3.009455,0.223402
4,593,1.941946,2.912919,0.347920
4,594,2.032336,3.048505,0.223402
4,595,2.001233,3.001850,0.232655
4,596,2.011084,3.016626,0.223402
4,597,2.005616,3.008424,0.245690
4,598,2.007198,3.010796,0.223402
4,599,2.010317,3.015475,0.223402
4,600,1.999364,2.999046,0.273896
4,601,2.011910,3.017865,0.223402
4,602,2.004153,3.006229,0.223402
4,603,1.999623,2.999435,0.229508
4,604,2.007634,3.011451,0.223402
4,605,2.002662,3.003993,0.223402
4,606,2.000928,3.001392,0.223402
4,607,2.000324,3.000485,0.223402
4,608,1.994772,2.992158,0.231264
4,609,1.998908,2.998363,0.262468
4,610,2.011348,3.017023,0.223402
4,611,1.996874,2.995312,0.232661
4,612,2.000899,3.001348,0.223402
4,613,2.002706,3.004059,0.276725
4,614,2.016620,3.024930,0.223402
4,615,2.005795,3.008693,0.223402
4,616,2.002021,3.003031,0.223402
4,617,2.000705,3.001057,0.223402
4,618,2.026404,3.039606,0.235797
4,619,2.014259,3.021389,0.229466
4,620,2.007939,3.011908,0.223402
4,621,2.002768,3.004152,0.223402
4,622,2.002209,3.003313,0.223402
4,623,2.000770,3.001155,0.223402
4,624,2.000269,3.000403,0.223402
4,625,2.000094,3.000140,0.223402
4,626,2.001809,3.002713,0.223402
4,627,2.002462,3.003692,0.223402
4,628,2.000858,3.001287,0.223402
4,629,1.975705,2.963558,0.300349
4,630,2.011181,3.016772,0.223402
4,631,2.003899,3.005848,0.223402
4,632,2.001359,3.002039,0.223402
4,633,2.000474,3.000711,0.223402
4,634,2.000756,3.001134,0.223402
4,635,2.000264,3.000395,0.223402
4,636,2.000092,3.000138,0.223402
4,637,2.000032,3.000048,0.223402
4,638,2.000011,3.000017,0.223402
4,639,2.000004,3.000006,0.223402
4,640,2.000001,3.000002,0.223402
4,641,2.000000,3.000001,0.223402
4,642,2.000000,3.000000,0.223402
4,643,1.989283,2.983925,0.238049
4,644,2.007311,3.010966,0.274860
4,645,2.016726,3.025089,0.223402
4,646,2.005832,3.008748,0.223402
4,647,2.002033,3.003050,0.223402
4,648,2.000709,3.001064,0.223402
4,649,1.978295,2.967442,0.272289
4,650,2.005680,3.008521,0.223402
4,651,2.004539,3.006808,0.223402
4,652,2.001583,3.002374,0.223402
4,653,2.000552,3.000828,0.223402
4,654,2.005424,3.008136,0.223402
4,655,2.001891,3.002837,0.223402
4,656,2.000659,3.000989,0.223402
4,657,2.000230,3.000345,0.223402
4,658,2.000080,3.000120,0.223402
4,659,2.000028,3.000042,0.223402
4,660,1.995588,2.993382,0.235916
4,661,2.007685,3.011528,0.223402
4,662,2.002130,3.003195,0.233885
4,663,2.003099,3.004648,0.223402
4,664,2.001081,3.001621,0.223402
4,665,1.972890,2.959335,0.283456
4,666,2.005070,3.007605,0.223402
4,667,1.989434,2.984150,0.252250
4,668,2.030315,3.045473,0.223402
4,669,1.998278,2.997416,0.255946
4,670,2.010996,3.016495,0.223402
4,671,2.003834,3.005751,0.223402
4,672,2.001337,3.002005,0.223402
4,673,1.989214,2.983821,0.246611
4,674,2.004784,3.007175,0.223402
4,675,2.004773,3.007160,0.231260
4,676,2.009134,3.013701,0.234381
4,677,2.006597,3.009895,0.223402
4,678,2.002300,3.003450,0.223402
4,679,1.964128,2.946192,0.289346
4,680,1.962414,2.943620,0.328143
4,681,2.010837,3.016256,0.223402
4,682,2.003779,3.005668,0.223402
4,683,2.001318,3.001976,0.223402
4,684,2.020079,3.030118,0.242739
4,685,2.014013,3.021019,0.223402
4,686,1.992192,2.988287,0.250551
4,687,2.004865,3.007298,0.223402
4,688,1.976648,2.964973,0.288001
4,689,2.007821,3.011731,0.223402
4,690,2.009593,3.014389,0.223402
4,691,2.006170,3.009255,0.223402
4,692,2.022295,3.033443,0.223402
4,693,2.007774,3.011661,0.223402
4,694,1.984883,2.977324,0.252659
4,695,2.011438,3.017158,0.223402
4,696,2.003988,3.005982,0.223402
4,697,2.001391,3.002086,0.223402
4,698,2.013728,3.020592,0.246439
4,699,2.010125,3.015188,0.223402
4,700,2.003530,3.005296,0.223402
4,701,2.002949,3.004423,0.223402
4,702,2.001032,3.001548,0.223402
4,703,2.006301,3.009451,0.223641
4,704,1.973572,2.960358,0.287811
4,705,2.006775,3.010162,0.223402
4,706,2.002362,3.003543,0.223402
4,707,1.945493,2.918240,0.310957
4,708,2.016126,3.024188,0.223402
4,709,2.005623,3.008434,0.223402
4,710,2.012832,3.019249,0.223402
4,711,2.004474,3.006712,0.223402
4,712,2.001560,3.002340,0.223402
4,713,2.012038,3.018056,0.223402
4,714,2.004197,3.006296,0.223402
4,715,2.001463,3.002195,0.223402
4,716,1.999806,2.999709,0.223402
4,717,1.997240,2.995860,0.226274
4,718,1.999846,2.999769,0.223402
4,719,1.999946,2.999919,0.223402
4,720,1.973158,2.959738,0.280825
4,721,2.016670,3.025006,0.223402
4,722,1.972152,2.958227,0.274856
4,723,2.008432,3.012648,0.223402
4,724,2.002940,3.004410,0.223402
4,725,1.892756,2.839134,0.452997
4,726,2.031481,3.047222,0.223402
4,727,2.000204,3.000305,0.241404
4,728,2.046635,3.069953,0.223402
4,729,2.021844,3.032766,0.228165
4,730,2.007016,3.010524,0.229451
4,731,2.003578,3.005367,0.223402
4,732,2.001284,3.001926,0.223402
4,733,2.000448,3.000672,0.223402
4,734,2.000379,3.000569,0.223402
4,735,2.000132,3.000198,0.223402
4,736,2.000046,3.000069,0.223402
4,737,2.008872,3.013308,0.223402
4,738,2.003093,3.004640,0.223402
4,739,2.001079,3.001618,0.223402
4,740,1.976322,2.964483,0.266854
4,741,2.005873,3.008809,0.223402
4,742,1.992215,2.988322,0.235589
4,743,2.002037,3.003055,0.246026
4,744,2.022678,3.034017,0.223402
4,745,1.989157,2.983736,0.275793
4,746,1.994285,2.991428,0.266654
4,747,2.011135,3.016703,0.223402
4,748,2.012857,3.019285,0.223402
4,749,1.995026,2.992539,0.244801
4,750,2.003707,3.005561,0.223402
4,751,2.001293,3.001939,0.223402
4,752,2.001550,3.002326,0.223402
4,753,1.999166,2.998749,0.241997
4,754,2.003388,3.005082,0.223402
4,755,2.001181,3.001772,0.223402
4,756,2.000412,3.000618,0.223402
4,757,2.000144,3.000215,0.223402
4,758,2.000050,3.000075,0.223402
4,759,2.000017,3.000026,0.223402
4,760,1.962423,2.943634,0.296745
4,761,2.013370,3.020055,0.223402
4,762,2.007820,3.011729,0.223402
4,763,2.002727,3.004090,0.223402
4,764,1.971528,2.957292,0.267174
4,765,2.006379,3.009568,0.223402
4,766,1.997621,2.996431,0.226270
4,767,2.005393,3.008089,0.223402
4,768,2.001737,3.002606,0.254283
4,769,2.017765,3.026647,0.223402
4,770,2.008197,3.012296,0.223402
4,771,2.007648,3.011471,0.228077
4,772,2.005783,3.008675,0.223402
4,773,2.003927,3.005891,0.223402
4,774,2.001369,3.002054,0.223402
4,775,2.000477,3.000716,0.223402
4,776,1.990288,2.985432,0.245081
4,777,2.001412,3.002117,0.223402
4,778,2.000492,3.000738,0.223402
4,779,2.000172,3.000257,0.223402
4,780,2.000060,3.000090,0.223402
4,781,2.000021,3.000031,0.223402
4,782,2.000007,3.000011,0.223402
4,783,1.997136,2.995703,0.227340
4,784,2.000576,3.000864,0.223402
4,785,1.977558,2.966337,0.267387
4,786,2.004383,3.006574,0.223402
4,787,1.998006,2.997010,0.226402
4,788,2.019661,3.029492,0.223402
4,789,2.009298,3.013947,0.223402
4,790,2.003242,3.004863,0.223402
4,791,2.001130,3.001696,0.223402
4,792,2.000394,3.000591,0.223402
4,793,2.001227,3.001841,0.223402
4,794,2.002812,3.004217,0.223402
4,795,2.000980,3.001471,0.223402
4,796,1.995901,2.993852,0.236637
4,797,2.004469,3.006703,0.223402
4,798,2.019303,3.028954,0.230317
4,799,2.007978,3.011967,0.223402
4,800,1.995573,2.993360,0.236041
4,801,1.977988,2.966982,0.265948
4,802,1.976945,2.965418,0.277520
4,803,2.015638,3.023456,0.223402
4,804,2.001077,3.001615,0.239441
4,805,2.011944,3.017917,0.223402
4,806,2.004165,3.006247,0.223402
4,807,1.992477,2.988715,0.249588
4,808,2.005650,3.008475,0.223402
4,809,2.001970,3.002955,0.223402
4,810,2.017447,3.026171,0.223402
4,811,2.006083,3.009125,0.223402
4,812,1.984326,2.976489,0.293180
4,813,2.005124,3.007686,0.249145
4,814,2.008320,3.012480,0.223402
4,815,2.005825,3.008737,0.223402
4,816,1.993970,2.990955,0.235854
4,817,2.005706,3.008560,0.223402
4,818,2.002307,3.003460,0.223402
4,819,2.000804,3.001207,0.223402
4,820,2.000280,3.000421,0.223402
4,821,2.000098,3.000147,0.223402
4,822,2.020984,3.031476,0.228501
4,823,2.004712,3.007068,0.228056
4,824,2.003248,3.004871,0.223402
4,825,2.007394,3.011091,0.223402
4,826,2.012860,3.019290,0.228772
4,827,2.017321,3.025981,0.223402
4,828,1.999833,2.999749,0.224398
4,829,2.003107,3.004660,0.223402
4,830,2.001083,3.001625,0.223402
4,831,2.000378,3.000567,0.223402
4,832,1.983127,2.974690,0.256972
4,833,2.003129,3.004693,0.223402
4,834,2.001091,3.001636,0.223402
4,835,2.000898,3.001347,0.238484
4,836,2.004156,3.006235,0.223402
4,837,2.001152,3.001728,0.223402
4,838,1.949841,2.924761,0.325189
4,839,2.019536,3.029304,0.223402
4,840,2.006812,3.010218,0.223402
4,841,2.000191,3.000287,0.238557
4,842,2.005333,3.007999,0.249073
4,843,2.007872,3.011807,0.223402
4,844,2.002745,3.004117,0.223402
4,845,2.000957,3.001435,0.223402
4,846,1.994911,2.992367,0.237508
4,847,2.002936,3.004405,0.224237
4,848,2.004127,3.006190,0.223402
4,849,2.001439,3.002158,0.223402
4,850,2.004258,3.006387,0.223402
4,851,1.984181,2.976272,0.248675
4,852,2.002202,3.003303,0.223402
4,853,2.000768,3.001152,0.223402
4,854,2.000268,3.000402,0.223402
4,855,2.000093,3.000140,0.223402
4,856,2.000902,3.001352,0.223402
4,857,1.991196,2.986794,0.240605
4,858,2.000036,3.000053,0.223402
4,859,2.002010,3.003015,0.259144
4,860,2.023917,3.035876,0.223402
4,861,2.008339,3.012509,0.223402
4,862,2.002908,3.004362,0.223402
4,863,2.009228,3.013842,0.223402
4,864,2.007996,3.011994,0.223402
4,865,2.003741,3.005612,0.223402
4,866,2.001304,3.001957,0.223402
4,867,1.973368,2.960051,0.267181
4,868,2.001976,3.002965,0.223402
4,869,2.000689,3.001034,0.223402
4,870,2.001832,3.002748,0.223402
4,871,2.004817,3.007226,0.223402
4,872,2.001680,3.002519,0.223402
4,873,2.015779,3.023668,0.223402
4,874,2.005502,3.008252,0.223402
4,875,2.001918,3.002877,0.223402
4,876,2.050033,3.075050,0.223402
4,877,2.020413,3.030620,0.223402
4,878,2.001709,3.002563,0.256005
4,879,2.010292,3.015439,0.223402
4,880,1.963491,2.945237,0.297158
4,881,2.003216,3.004824,0.223402
4,882,2.001121,3.001682,0.223402
4,883,2.000690,3.001036,0.223402
4,884,1.997036,2.995554,0.261223
4,885,1.997213,2.995819,0.252730
4,886,2.005825,3.008738,0.223402
4,887,2.002031,3.003047,0.223402
4,888,2.001944,3.002916,0.223402
4,889,1.995719,2.993578,0.246849
4,890,2.004773,3.007159,0.223402
4,891,2.003070,3.004605,0.223402
4,892,2.001070,3.001606,0.223402
4,893,1.983995,2.975992,0.267183
4,894,2.004491,3.006737,0.223402
4,895,2.003506,3.005259,0.223402
4,896,2.002976,3.004464,0.229402
4,897,2.014192,3.021287,0.223402
4,898,2.004948,3.007422,0.223402
4,899,2.012546,3.018819,0.223402
4,900,2.023563,3.035345,0.223402
4,901,2.011383,3.017074,0.223402
4,902,2.003969,3.005953,0.223402
4,903,1.982320,2.973480,0.263178
4,904,2.019262,3.028894,0.223402
4,905,2.006716,3.010075,0.223402
4,906,2.004727,3.007091,0.223402
4,907,1.980592,2.970888,0.273790
4,908,2.021150,3.031725,0.223402
4,909,2.013291,3.019936,0.223402
4,910,2.004693,3.007039,0.223402
4,911,1.989336,2.984004,0.242755
4,912,2.027335,3.041002,0.240110
4,913,2.021270,3.031905,0.223402
4,914,2.000940,3.001411,0.231377
4,915,2.003468,3.005202,0.223402
4,916,2.001209,3.001814,0.223402
4,917,2.000422,3.000632,0.223402
4,918,2.000545,3.000818,0.223402
4,919,2.000190,3.000285,0.223402
4,920,2.000066,3.000099,0.223402
4,921,1.994864,2.992296,0.274218
4,922,2.017551,3.026327,0.223402
4,923,2.007064,3.010596,0.223402
4,924,2.002463,3.003695,0.223402
4,925,1.966098,2.949147,0.343115
4,926,2.014982,3.022473,0.223402
4,927,2.005224,3.007836,0.223402
4,928,2.001821,3.002732,0.223402
4,929,2.000635,3.000953,0.223402
4,930,1.997121,2.995681,0.228065
4,931,2.009198,3.013797,0.229115
4,932,2.013263,3.019894,0.223402
4,933,2.004624,3.006937,0.223402
4,934,2.012992,3.019489,0.223402
4,935,2.000732,3.001098,0.237736
4,936,2.004403,3.006604,0.223402
4,937,1.997381,2.996071,0.232292
4,938,2.002772,3.004158,0.223402
4,939,1.995696,2.993544,0.252293
4,940,2.004821,3.007232,0.226654
4,941,2.005199,3.007798,0.223402
4,942,2.001813,3.002719,0.223402
4,943,2.003693,3.005540,0.223402
4,944,2.001288,3.001932,0.223402
4,945,1.964692,2.947038,0.274063
4,946,2.012681,3.019021,0.254725
4,947,2.012875,3.019312,0.223402
4,948,1.987967,2.981951,0.247233
4,949,2.029582,3.044372,0.223402
4,950,1.950743,2.926114,0.344631
4,951,2.018866,3.028299,0.223402
4,952,2.006578,3.009867,0.223402
4,953,2.000120,3.000180,0.253538
4,954,2.014846,3.022270,0.223402
4,955,2.005177,3.007765,0.223402
4,956,2.002078,3.003118,0.223402
4,957,2.000725,3.001087,0.223402
4,958,2.000253,3.000379,0.223402
4,959,2.000088,3.000132,0.223402
4,960,1.995694,2.993541,0.224567
4,961,2.002683,3.004025,0.223402
4,962,1.997837,2.996756,0.249174
4,963,2.004168,3.006252,0.223402
4,964,1.979549,2.969324,0.256311
4,965,2.003286,3.004929,0.223402
4,966,1.980407,2.970610,0.252413
4,967,2.004433,3.006650,0.223402
4,968,2.003286,3.004930,0.225197
4,969,2.001440,3.002161,0.223402
4,970,1.976623,2.964935,0.268328
4,971,1.990913,2.986369,0.257741
4,972,2.038322,3.057483,0.235935
4,973,2.017354,3.026030,0.223402
4,974,2.006163,3.009244,0.223402
4,975,2.004361,3.006541,0.223402
4,976,1.926764,2.890146,0.379661
4,977,1.998876,2.998314,0.250103
4,978,2.007791,3.011687,0.223402
4,979,2.002980,3.004470,0.223402
4,980,1.918875,2.878312,0.397716
4,981,2.030102,3.045152,0.223402
4,982,2.010496,3.015744,0.223402
4,983,1.979081,2.968622,0.283757
4,984,2.014036,3.021054,0.223402
4,985,2.004894,3.007341,0.223402
4,986,1.974031,2.961047,0.302333
4,987,2.010571,3.015856,0.223402
4,988,2.003686,3.005529,0.223402
4,989,2.001285,3.001928,0.223402
4,990,2.004535,3.006802,0.223402
4,991,2.001581,3.002372,0.223402
4,992,1.995307,2.992960,0.229178
4,993,2.013682,3.020524,0.223402
4,994,2.004771,3.007156,0.223402
4,995,2.001663,3.002495,0.223402
4,996,2.000580,3.000870,0.223402
4,997,1.998764,2.998146,0.227155
4,998,1.994176,2.991264,0.236200
4,999,2.006860,3.010290,0.223402
4,1000,1.993735,2.990603,0.236673
5,1,2.001675,3.002512,0.223402
5,2,2.000584,3.000876,0.223402
5,3,1.996394,2.994591,0.224623
5,4,2.014801,3.022201,0.223402
5,5,1.985635,2.978452,0.263445
5,6,2.027467,3.041201,0.223402
5,7,1.976924,2.965386,0.280440
5,8,2.022123,3.033184,0.223402
5,9,2.007714,3.011571,0.223402
5,10,1.987809,2.981714,0.260064
5,11,2.004975,3.007463,0.230257
5,12,2.004677,3.007015,0.223402
5,13,2.008725,3.013087,0.223402
5,14,2.002621,3.003931,0.223402
5,15,2.000914,3.001371,0.223402
5,16,2.000319,3.000478,0.223402
5,17,2.001788,3.002682,0.223402
5,18,1.985962,2.978943,0.247673
5,19,2.004655,3.006982,0.223402
5,20,2.001623,3.002434,0.223402
5,21,2.000566,3.000849,0.223402
5,22,2.000197,3.000296,0.223402
5,23,2.000069,3.000103,0.223402
5,24,1.980885,2.971327,0.284320
5,25,2.012870,3.019305,0.223402
5,26,2.005515,3.008273,0.231102
5,27,2.003730,3.005596,0.223402
5,28,2.002549,3.003824,0.223402
5,29,2.000889,3.001333,0.223402
5,30,2.000310,3.000465,0.223402
5,31,2.017289,3.025934,0.223402
5,32,2.006842,3.010263,0.223402
5,33,1.950618,2.925927,0.322497
5,34,2.004949,3.007423,0.223402
5,35,2.001726,3.002588,0.223402
5,36,2.000602,3.000903,0.223402
5,37,1.990247,2.985370,0.244105
5,38,1.966321,2.949481,0.290440
5,39,1.973992,2.960989,0.299337
5,40,2.050508,3.075762,0.223402
5,41,1.979914,2.969871,0.292384
5,42,2.019641,3.029462,0.223402
5,43,2.024836,3.037254,0.223402
5,44,1.965497,2.948246,0.317149
5,45,2.014366,3.021548,0.223402
5,46,2.010380,3.015570,0.223402
5,47,2.005459,3.008188,0.223402
5,48,1.980693,2.971040,0.263780
5,49,2.002860,3.004290,0.223402
5,50,1.991318,2.986977,0.230956
5,51,2.005234,3.007850,0.259370
5,52,2.011057,3.016585,0.223402
5,53,2.003855,3.005783,0.223402
5,54,2.001218,3.001828,0.223402
5,55,2.019709,3.029564,0.223402
5,56,1.962307,2.943460,0.323745
5,57,2.010204,3.015305,0.223469
5,58,2.012460,3.018690,0.223402
5,59,2.004344,3.006517,0.223402
5,60,2.013520,3.020280,0.223402
5,61,2.004714,3.007071,0.223402
5,62,2.030836,3.046254,0.223402
5,63,2.010752,3.016128,0.223402
5,64,1.953197,2.929795,0.326422
5,65,2.010559,3.015838,0.223402
5,66,2.004394,3.006591,0.223402
5,67,2.001532,3.002298,0.223402
5,68,2.000534,3.000801,0.223402
5,69,2.000186,3.000279,0.223402
5,70,1.999989,2.999983,0.223402
5,71,1.999996,2.999994,0.223402
5,72,2.001853,3.002780,0.223402
5,73,2.007291,3.010936,0.223402
5,74,1.992758,2.989137,0.236639
5,75,1.990221,2.985331,0.264209
5,76,2.011054,3.016581,0.223402
5,77,2.022785,3.034178,0.233849
5,78,2.002178,3.003267,0.249255
5,79,2.005943,3.008915,0.223402
5,80,1.993768,2.990652,0.249570
5,81,2.011599,3.017399,0.223402
5,82,2.017333,3.026000,0.223402
5,83,2.010897,3.016345,0.225692
5,84,2.004305,3.006458,0.223402
5,85,2.001501,3.002252,0.223402
5,86,1.999443,2.999164,0.223402
5,87,1.999806,2.999709,0.223402
5,88,2.000055,3.000082,0.223402
5,89,2.000019,3.000029,0.223402
5,90,2.000007,3.000010,0.223402
5,91,2.004701,3.007051,0.223402
5,92,2.003838,3.005757,0.223402
5,93,2.001338,3.002008,0.223402
5,94,1.969742,2.954613,0.285021
5,95,2.011346,3.017019,0.223402
5,96,2.003956,3.005934,0.223402
5,97,1.972853,2.959279,0.275997
5,98,2.007440,3.011160,0.223402
5,99,2.002594,3.003891,0.223402
5,100,2.004794,3.007192,0.223402
5,101,2.001672,3.002508,0.223402
5,102,2.000583,3.000874,0.223402
5,103,1.957182,2.935773,0.307010
5,104,1.996217,2.994325,0.248086
5,105,2.026134,3.039201,0.223402
5,106,2.000968,3.001453,0.253204
5,107,2.008915,3.013373,0.223402
5,108,2.003108,3.004663,0.223402
5,109,2.020162,3.030243,0.223402
5,110,2.007030,3.010545,0.223402
5,111,1.984791,2.977186,0.261157
5,112,1.974613,2.961920,0.297103
5,113,1.984039,2.976059,0.279558
5,114,2.010316,3.015474,0.223402
5,115,2.003597,3.005395,0.223402
5,116,2.001254,3.001881,0.223402
5,117,2.000437,3.000656,0.223402
5,118,2.000152,3.000229,0.223402
5,119,2.000053,3.000080,0.223402
5,120,2.000019,3.000028,0.223402
5,121,2.000006,3.000010,0.223402
5,122,1.962208,2.943311,0.291292
5,123,2.011010,3.016515,0.223402
5,124,2.025115,3.037673,0.223402
5,125,2.008757,3.013136,0.223402
5,126,2.003053,3.004580,0.223402
5,127,2.001065,3.001597,0.223402
5,128,2.000371,3.000557,0.223402
5,129,2.000129,3.000194,0.223402
5,130,2.000045,3.000068,0.223402
5,131,1.981144,2.971716,0.254606
5,132,2.003900,3.005850,0.223402
5,133,2.001360,3.002040,0.223402
5,134,1.958804,2.938205,0.301796
5,135,2.015127,3.022690,0.223402
5,136,2.005274,3.007911,0.223402
5,137,2.001839,3.002759,0.223402
5,138,2.000641,3.000962,0.223402
5,139,2.021410,3.032115,0.223402
5,140,2.007465,3.011198,0.223402
5,141,2.002603,3.003904,0.223402
5,142,2.006535,3.009803,0.223402
5,143,2.002279,3.003418,0.223402
5,144,2.000795,3.001192,0.223402
5,145,2.000277,3.000416,0.223402
5,146,1.991216,2.986824,0.238238
5,147,2.006664,3.009997,0.223402
5,148,2.002324,3.003486,0.223402
5,149,2.000810,3.001215,0.223402
5,150,1.982040,2.973060,0.252880
5,151,1.955260,2.932889,0.314153
5,152,1.978822,2.968233,0.279346
5,153,2.007943,3.011914,0.223402
5,154,2.002770,3.004154,0.223402
5,155,2.001872,3.002809,0.223402
5,156,1.949590,2.924385,0.353773
5,157,1.997057,2.995586,0.240544
5,158,1.978744,2.968115,0.285412
5,159,2.001337,3.002006,0.248409
5,160,2.006926,3.010389,0.223402
5,161,2.002415,3.003623,0.223402
5,162,1.940885,2.911327,0.350667
5,163,2.011455,3.017182,0.223402
5,164,2.006326,3.009489,0.223402
5,165,2.002206,3.003309,0.223402
5,166,1.950295,2.925443,0.322371
5,167,2.005326,3.007990,0.223402
5,168,1.995893,2.993840,0.228696
5,169,2.006567,3.009851,0.223402
5,170,1.989981,2.984972,0.248727
5,171,2.002461,3.003692,0.223402
5,172,2.000858,3.001287,0.223402
5,173,2.004172,3.006258,0.223644
5,174,2.002773,3.004160,0.223402
5,175,1.971415,2.957123,0.283130
5,176,1.991521,2.987281,0.245766
5,177,2.012514,3.018771,0.223402
5,178,2.004363,3.006545,0.223402
5,179,2.001521,3.002282,0.223402
5,180,2.005096,3.007644,0.231476
5,181,2.013125,3.019688,0.223402
5,182,2.004577,3.006865,0.223402
5,183,2.009433,3.014150,0.247311
5,184,2.008028,3.012042,0.223402
5,185,2.003387,3.005080,0.223402
5,186,2.001181,3.001771,0.223402
5,187,2.005059,3.007588,0.223402
5,188,2.001738,3.002607,0.223402
5,189,2.000606,3.000909,0.223402
5,190,2.000211,3.000317,0.223402
5,191,2.003141,3.004711,0.223402
5,192,2.001095,3.001643,0.223402
5,193,2.006006,3.009009,0.223402
5,194,1.972989,2.959484,0.306871
5,195,2.025421,3.038131,0.223402
5,196,2.008864,3.013295,0.223402
5,197,2.003091,3.004636,0.223402
5,198,2.001078,3.001616,0.223402
5,199,1.924755,2.887132,0.384021
5,200,2.006869,3.010304,0.232752
5,201,1.996067,2.994100,0.262313
5,202,2.009992,3.014988,0.223402
5,203,2.003484,3.005226,0.223402
5,204,2.001215,3.001822,0.223402
5,205,2.000424,3.000635,0.223402
5,206,2.000148,3.000222,0.223402
5,207,2.000051,3.000077,0.223402
5,208,1.925534,2.888302,0.431013
5,209,2.039732,3.059599,0.223402
5,210,2.013256,3.019884,0.223402
5,211,1.994595,2.991893,0.260282
5,212,2.003635,3.005452,0.226564
5,213,2.002349,3.003524,0.223402
5,214,2.002259,3.003389,0.223402
5,215,2.000788,3.001182,0.223402
5,216,2.000275,3.000412,0.223402
5,217,2.000096,3.000144,0.223402
5,218,2.000033,3.000050,0.223402
5,219,2.000012,3.000017,0.223402
5,220,1.988946,2.983418,0.246289
5,221,2.003373,3.005060,0.223402
5,222,2.001176,3.001764,0.223402
5,223,1.986315,2.979473,0.248499
5,224,2.002360,3.003540,0.223402
5,225,2.000823,3.001234,0.223402
5,226,2.000287,3.000430,0.223402
5,227,2.000100,3.000150,0.223402
5,228,2.000035,3.000052,0.223402
5,229,1.999389,2.999083,0.225500
5,230,2.000725,3.001088,0.223402
5,231,1.994476,2.991713,0.266534
5,232,1.991306,2.986959,0.278694
5,233,2.029117,3.043676,0.223402
5,234,2.009612,3.014419,0.223402
5,235,1.894973,2.842460,0.424400
5,236,2.019299,3.028948,0.223402
5,237,2.006729,3.010093,0.223402
5,238,2.003351,3.005027,0.223402
5,239,2.001169,3.001753,0.223402
5,240,1.997650,2.996475,0.227521
5,241,1.999499,2.999248,0.225842
5,242,2.000405,3.000608,0.223402
5,243,2.001711,3.002566,0.223402
5,244,1.958947,2.938420,0.326376
5,245,2.013095,3.019643,0.223402
5,246,2.004566,3.006849,0.223402
5,247,2.001592,3.002388,0.223402
5,248,1.935178,2.902767,0.321228
5,249,2.019780,3.029670,0.223402
5,250,2.006897,3.010345,0.223402
5,251,1.996836,2.995253,0.227646
5,252,1.995743,2.993614,0.237174
5,253,1.925335,2.888002,0.374058
5,254,2.023292,3.034937,0.223402
5,255,2.014082,3.021123,0.223402
5,256,2.032615,3.048923,0.223402
5,257,2.023607,3.035410,0.223402
5,258,1.972008,2.958012,0.296644
5,259,2.016302,3.024453,0.223402
5,260,2.005684,3.008526,0.223402
5,261,2.004626,3.006939,0.223402
5,262,2.001613,3.002419,0.223402
5,263,1.987467,2.981201,0.252098
5,264,2.008348,3.012522,0.223402
5,265,2.002911,3.004366,0.223402
5,266,2.003871,3.005807,0.223402
5,267,2.001350,3.002025,0.223402
5,268,2.000471,3.000706,0.223402
5,269,2.000164,3.000246,0.223402
5,270,1.996370,2.994555,0.237266
5,271,2.001756,3.002634,0.223402
5,272,1.978736,2.968104,0.270171
5,273,2.006849,3.010273,0.223402
5,274,2.001801,3.002701,0.223402
5,275,2.000628,3.000942,0.223402
5,276,2.000597,3.000896,0.223402
5,277,2.000208,3.000312,0.223402
5,278,1.991506,2.987259,0.247808
5,279,2.001705,3.002557,0.223402
5,280,2.034795,3.052193,0.223402
5,281,2.016669,3.025004,0.241193
5,282,2.008582,3.012873,0.223402
5,283,1.999588,2.999382,0.226539
5,284,1.958656,2.937984,0.308075
5,285,2.008116,3.012174,0.223402
5,286,2.002830,3.004245,0.223402
5,287,2.018989,3.028484,0.223402
5,288,2.006621,3.009932,0.223402
5,289,2.014750,3.022125,0.223402
5,290,2.006643,3.009965,0.223402
5,291,1.978082,2.967123,0.273642
5,292,1.939713,2.909570,0.348991
5,293,2.020797,3.031195,0.223402
5,294,2.011450,3.017175,0.223402
5,295,2.015054,3.022581,0.223402
5,296,2.007896,3.011844,0.223402
5,297,1.993983,2.990974,0.240744
5,298,2.003555,3.005333,0.223402
5,299,1.921551,2.882327,0.384143
5,300,2.013221,3.019831,0.223402
5,301,1.999605,2.999408,0.247865
5,302,1.908428,2.862643,0.440187
5,303,2.031602,3.047403,0.223402
5,304,2.010024,3.015036,0.223402
5,305,2.003495,3.005243,0.223402
5,306,2.005328,3.007993,0.223402
5,307,1.994007,2.991011,0.228634
5,308,2.004057,3.006085,0.224275
5,309,1.979400,2.969100,0.273732
5,310,1.863470,2.795205,0.490512
5,311,2.025629,3.038444,0.223402
5,312,2.005320,3.007979,0.228372
5,313,1.995710,2.993565,0.233127
5,314,1.995446,2.993169,0.225739
5,315,2.040449,3.060673,0.253245
5,316,2.023709,3.035564,0.223402
5,317,2.008267,3.012400,0.223402
5,318,2.016276,3.024415,0.223402
5,319,2.005675,3.008513,0.223402
5,320,2.001979,3.002968,0.223402
5,321,2.000690,3.001035,0.223402
5,322,1.996066,2.994100,0.236956
5,323,2.000556,3.000834,0.223402
5,324,1.971025,2.956537,0.283434
5,325,2.012036,3.018054,0.223402
5,326,1.925882,2.888822,0.365997
5,327,2.013640,3.020460,0.223402
5,328,1.996769,2.995154,0.258492
5,329,2.016872,3.025308,0.226302
5,330,2.005028,3.007541,0.225796
5,331,2.014557,3.021836,0.236413
5,332,1.997024,2.995537,0.246944
5,333,2.006403,3.009605,0.231716
5,334,1.979752,2.969628,0.269302
5,335,2.021170,3.031755,0.232069
5,336,2.019210,3.028815,0.224386
5,337,2.007071,3.010606,0.223402
5,338,2.002465,3.003698,0.223402
5,339,2.000860,3.001289,0.223402
5,340,2.000300,3.000450,0.223402
5,341,2.000105,3.000157,0.223402
5,342,1.896177,2.844265,0.446746
5,343,2.029314,3.043971,0.223402
5,344,2.010221,3.015332,0.223402
5,345,2.007677,3.011515,0.223402
5,346,1.987167,2.980751,0.257212
5,347,2.003393,3.005090,0.223402
5,348,2.013803,3.020705,0.223402
5,349,1.977502,2.966253,0.277415
5,350,2.007333,3.011000,0.223402
5,351,2.002557,3.003835,0.223402
5,352,2.005970,3.008955,0.223402
5,353,2.002082,3.003123,0.223402
5,354,1.956613,2.934920,0.313035
5,355,2.007745,3.011618,0.223402
5,356,1.982728,2.974092,0.253268
5,357,1.988299,2.982448,0.257391
5,358,2.010917,3.016375,0.253952
5,359,2.016570,3.024855,0.223402
5,360,1.993288,2.989932,0.255634
5,361,2.006639,3.009958,0.223402
5,362,2.002315,3.003472,0.223402
5,363,2.000807,3.001211,0.223402
5,364,1.954978,2.932466,0.319465
5,365,2.001173,3.001760,0.285301
5,366,2.015148,3.022723,0.223402
5,367,1.985487,2.978231,0.273748
5,368,2.006104,3.009156,0.223402
5,369,1.986601,2.979902,0.270030
5,370,2.011739,3.017608,0.223402
5,371,2.004093,3.006140,0.223402
5,372,2.001427,3.002141,0.223402
5,373,1.976619,2.964928,0.262593
5,374,2.008685,3.013027,0.223402
5,375,2.015592,3.023388,0.223402
5,376,2.005437,3.008155,0.223402
5,377,1.991353,2.987030,0.237393
5,378,2.000438,3.000657,0.226910
5,379,1.996485,2.994727,0.238111
5,380,2.000515,3.000773,0.223402
5,381,2.000180,3.000270,0.223402
5,382,2.000063,3.000094,0.223402
5,383,1.963180,2.944770,0.311394
5,384,1.991946,2.987918,0.263928
5,385,1.974738,2.962108,0.302581
5,386,2.013342,3.020012,0.223402
5,387,2.004652,3.006978,0.223402
5,388,2.001622,3.002433,0.223402
5,389,2.003495,3.005242,0.223402
5,390,2.001219,3.001828,0.223402
5,391,2.013215,3.019823,0.223402
5,392,2.004608,3.006912,0.223402
5,393,2.001607,3.002410,0.223402
5,394,2.003404,3.005106,0.223402
5,395,1.987456,2.981184,0.272477
5,396,2.010195,3.015292,0.223402
5,397,2.003555,3.005332,0.223402
5,398,2.016924,3.025386,0.227821
5,399,1.999859,2.999788,0.253529
5,400,2.016342,3.024512,0.223402
5,401,2.005665,3.008498,0.223402
5,402,2.001975,3.002963,0.223402
5,403,2.000689,3.001033,0.223402
5,404,2.005696,3.008545,0.223402
5,405,2.008139,3.012208,0.223402
5,406,1.997875,2.996813,0.237477
5,407,1.994494,2.991742,0.260842
5,408,1.980241,2.970361,0.287579
5,409,2.012661,3.018992,0.223402
5,410,2.021112,3.031668,0.223402
5,411,2.000747,3.001121,0.249176
5,412,2.008783,3.013175,0.223402
5,413,1.996365,2.994547,0.224959
5,414,2.007524,3.011286,0.223402
5,415,2.002623,3.003935,0.223402
5,416,2.000915,3.001372,0.223402
5,417,1.996089,2.994133,0.249648
5,418,2.020603,3.030905,0.223402
5,419,2.007184,3.010776,0.223402
5,420,2.002505,3.003757,0.223402
5,421,2.000873,3.001310,0.223402
5,422,1.987672,2.981508,0.251797
5,423,2.008634,3.012951,0.223402
5,424,2.003011,3.004516,0.223402
5,425,1.973066,2.959599,0.279282
5,426,2.015597,3.023396,0.223402
5,427,2.005438,3.008158,0.223402
5,428,1.995231,2.992847,0.238222
5,429,2.007618,3.011427,0.223402
5,430,2.002656,3.003985,0.223402
5,431,2.028894,3.043341,0.223799
5,432,2.010110,3.015165,0.223402
5,433,2.003525,3.005288,0.223402
5,434,2.001229,3.001844,0.223402
5,435,2.000429,3.000643,0.223402
5,436,2.000149,3.000224,0.223402
5,437,2.000052,3.000078,0.223402
5,438,1.898218,2.847327,0.405655
5,439,2.015847,3.023771,0.226129
5,440,2.006119,3.009179,0.223402
5,441,2.002134,3.003200,0.223402
5,442,2.030859,3.046288,0.223402
5,443,2.010760,3.016140,0.223402
5,444,2.003752,3.005628,0.223402
5,445,1.994338,2.991507,0.249734
5,446,2.005508,3.008263,0.223402
5,447,1.958213,2.937320,0.301161
5,448,2.015366,3.023049,0.230624
5,449,2.011427,3.017140,0.223402
5,450,2.009701,3.014551,0.223402
5,451,1.998129,2.997194,0.229200
5,452,1.998243,2.997365,0.233225
5,453,2.003450,3.005175,0.223402
5,454,1.977992,2.966989,0.293629
5,455,2.005485,3.008227,0.232381
5,456,1.983637,2.975456,0.264661
5,457,2.009068,3.013602,0.235185
5,458,2.011209,3.016814,0.223402
5,459,2.003908,3.005863,0.223402
5,460,2.001363,3.002044,0.223402
5,461,2.000475,3.000713,0.223402
5,462,2.001851,3.002776,0.229701
5,463,1.980828,2.971242,0.259734
5,464,1.980997,2.971496,0.275055
5,465,2.005937,3.008906,0.223402
5,466,2.004154,3.006231,0.223402
5,467,2.001448,3.002173,0.223402
5,468,2.000505,3.000758,0.223402
5,469,2.000176,3.000264,0.223402
5,470,1.948781,2.923171,0.352756
5,471,1.991168,2.986752,0.297199
5,472,2.007686,3.011530,0.247606
5,473,2.007375,3.011062,0.232112
5,474,2.004422,3.006633,0.223402
5,475,2.001367,3.002051,0.223402
5,476,2.000477,3.000715,0.223402
5,477,2.003243,3.004864,0.223402
5,478,1.992951,2.989427,0.246371
5,479,2.003876,3.005814,0.223402
5,480,2.001351,3.002027,0.223402
5,481,2.002421,3.003631,0.236841
5,482,2.004045,3.006068,0.223402
5,483,1.985864,2.978796,0.260954
5,484,2.013069,3.019603,0.223402
5,485,2.012453,3.018679,0.223402
5,486,2.011780,3.017670,0.223402
5,487,2.013997,3.020996,0.223402
5,488,2.004881,3.007321,0.223402
5,489,1.984486,2.976729,0.272311
5,490,2.006081,3.009122,0.223402
5,491,1.993517,2.990276,0.242889
5,492,1.963859,2.945789,0.333637
5,493,1.942607,2.913910,0.357233
5,494,2.016806,3.025209,0.223402
5,495,2.005860,3.008790,0.223402
5,496,2.002043,3.003065,0.223402
5,497,2.009008,3.013512,0.223402
5,498,2.003141,3.004711,0.223402
5,499,2.001434,3.002151,0.230208
5,500,1.997243,2.995865,0.226753
5,501,2.001301,3.001951,0.223402
5,502,2.000454,3.000680,0.223402
5,503,2.000158,3.000237,0.223402
5,504,1.994822,2.992233,0.269043
5,505,1.997974,2.996961,0.240150
5,506,2.004804,3.007206,0.223402
5,507,2.001675,3.002513,0.223402
5,508,2.000584,3.000876,0.223402
5,509,2.000204,3.000305,0.223402
5,510,2.000377,3.000565,0.223402
5,511,2.000131,3.000197,0.223402
5,512,2.001149,3.001724,0.228792
5,513,2.002295,3.003442,0.223402
5,514,2.000800,3.001200,0.223402
5,515,2.041355,3.062032,0.238063
5,516,2.020789,3.031184,0.232554
5,517,2.000269,3.000403,0.249624
5,518,2.006665,3.009998,0.223402
5,519,1.942012,2.913017,0.329826
5,520,2.009860,3.014790,0.237631
5,521,2.006466,3.009699,0.223402
5,522,2.002255,3.003382,0.223402
5,523,2.004272,3.006408,0.223402
5,524,2.001490,3.002234,0.223402
5,525,1.992582,2.988873,0.243089
5,526,2.005555,3.008333,0.223402
5,527,2.013182,3.019774,0.233530
5,528,2.008177,3.012265,0.223402
5,529,2.002851,3.004277,0.223402
5,530,2.000994,3.001491,0.223402
5,531,2.001169,3.001754,0.223402
5,532,1.980097,2.970145,0.287024
5,533,2.011516,3.017273,0.223402
5,534,2.004038,3.006057,0.223402
5,535,2.001408,3.002112,0.223402
5,536,2.000491,3.000736,0.223402
5,537,2.000171,3.000257,0.223402
5,538,2.005229,3.007844,0.223402
5,539,2.006532,3.009799,0.224070
5,540,1.997971,2.996957,0.248862
5,541,2.007127,3.010690,0.223402
5,542,2.002485,3.003727,0.223402
5,543,2.000866,3.001300,0.223402
5,544,2.010135,3.015203,0.232423
5,545,2.007933,3.011899,0.223402
5,546,2.017633,3.026450,0.223402
5,547,2.006148,3.009223,0.223402
5,548,1.975628,2.963442,0.289586
5,549,2.027973,3.041959,0.223402
5,550,2.019596,3.029395,0.229492
5,551,2.018268,3.027401,0.226943
5,552,2.007140,3.010710,0.223402
5,553,2.002452,3.003678,0.223402
5,554,1.994841,2.992262,0.276263
5,555,2.013358,3.020037,0.223402
5,556,2.004658,3.006986,0.223402
5,557,2.011525,3.017288,0.249687
5,558,2.010988,3.016482,0.223402
5,559,2.003831,3.005747,0.223402
5,560,2.002448,3.003672,0.223402
5,561,1.978675,2.968013,0.269094
5,562,2.004943,3.007415,0.236946
5,563,2.007997,3.011996,0.227110
5,564,1.904845,2.857268,0.416898
5,565,2.034950,3.052425,0.230698
5,566,2.016316,3.024474,0.223402
5,567,2.006125,3.009187,0.223402
5,568,2.002136,3.003203,0.223402
5,569,2.000745,3.001117,0.223402
5,570,1.982377,2.973565,0.282698
5,571,2.016870,3.025305,0.223402
5,572,2.005882,3.008823,0.223402
5,573,2.000818,3.001227,0.223402
5,574,1.974032,2.961049,0.283055
5,575,2.002885,3.004328,0.223402
5,576,2.001006,3.001509,0.223402
5,577,1.986261,2.979392,0.247686
5,578,1.941246,2.911869,0.352171
5,579,2.011501,3.017252,0.223402
5,580,1.950412,2.925619,0.320490
5,581,2.010684,3.016026,0.248544
5,582,2.012657,3.018986,0.246109
5,583,2.020585,3.030878,0.223402
5,584,2.007178,3.010767,0.223402
5,585,1.982634,2.973950,0.255308
5,586,1.976897,2.965345,0.280214
5,587,2.003520,3.005280,0.223402
5,588,2.016881,3.025322,0.242415
5,589,2.017494,3.026241,0.236413
5,590,2.014139,3.021208,0.234579
5,591,2.007857,3.011786,0.223402
5,592,2.011608,3.017412,0.223402
5,593,2.004048,3.006071,0.223402
5,594,2.000566,3.000849,0.232383
5,595,2.005869,3.008804,0.223402
5,596,2.002047,3.003070,0.223402
5,597,1.965268,2.947901,0.282340
5,598,2.037727,3.056590,0.223402
5,599,2.032411,3.048616,0.223402
5,600,2.003158,3.004736,0.238851
5,601,2.005195,3.007792,0.223402
5,602,2.001811,3.002717,0.223402
5,603,1.973851,2.960776,0.303149
5,604,2.004695,3.007043,0.231487
5,605,1.996528,2.994793,0.252346
5,606,2.006495,3.009742,0.223402
5,607,1.996788,2.995181,0.231595
5,608,2.009692,3.014539,0.223402
5,609,1.994976,2.992465,0.247341
5,610,2.012196,3.018294,0.223402
5,611,1.999780,2.999670,0.232327
5,612,2.006950,3.010424,0.223402
5,613,2.002423,3.003635,0.223402
5,614,1.999289,2.998933,0.245236
5,615,2.003394,3.005090,0.223402
5,616,2.001384,3.002076,0.223402
5,617,2.000482,3.000724,0.223402
5,618,1.999920,2.999880,0.223402
5,619,1.999972,2.999958,0.223402
5,620,1.999990,2.999985,0.223402
5,621,1.994511,2.991766,0.235619
5,622,2.001642,3.002463,0.223402
5,623,2.001312,3.001968,0.229849
5,624,1.974178,2.961267,0.272865
5,625,2.006596,3.009894,0.223402
5,626,2.002300,3.003450,0.223402
5,627,2.000802,3.001203,0.223402
5,628,2.004024,3.006036,0.231521
5,629,1.979847,2.969771,0.254365
5,630,2.004535,3.006803,0.234680
5,631,2.005158,3.007737,0.223402
5,632,2.012415,3.018622,0.232764
5,633,2.024567,3.036850,0.223402
5,634,2.008566,3.012849,0.223402
5,635,2.002987,3.004480,0.223402
5,636,1.985609,2.978414,0.276084
5,637,2.008239,3.012358,0.223402
5,638,2.002873,3.004309,0.223402
5,639,2.001002,3.001502,0.223402
5,640,1.994535,2.991802,0.237578
5,641,2.007392,3.011088,0.223402
5,642,2.014901,3.022351,0.223402
5,643,2.005195,3.007793,0.223402
5,644,2.001812,3.002717,0.223402
5,645,2.000632,3.000947,0.223402
5,646,2.000220,3.000330,0.223402
5,647,2.000077,3.000115,0.223402
5,648,2.015175,3.022763,0.223402
5,649,2.005291,3.007937,0.223402
5,650,1.967616,2.951424,0.295685
5,651,2.014625,3.021937,0.223402
5,652,2.005931,3.008896,0.223402
5,653,1.998214,2.997321,0.233393
5,654,2.001842,3.002762,0.223402
5,655,2.000642,3.000963,0.223402
5,656,1.978349,2.967524,0.276300
5,657,1.970246,2.955369,0.284308
5,658,2.009836,3.014754,0.227601
5,659,2.001870,3.002805,0.230528
5,660,1.987252,2.980878,0.272886
5,661,1.993390,2.990085,0.255500
5,662,2.004057,3.006086,0.223402
5,663,1.985286,2.977929,0.262036
5,664,1.999113,2.998670,0.223708
5,665,2.008084,3.012126,0.223402
5,666,2.002819,3.004228,0.223402
5,667,1.997106,2.995660,0.226538
5,668,2.004185,3.006278,0.223402
5,669,2.001459,3.002189,0.223402
5,670,1.954974,2.932461,0.321642
5,671,2.008673,3.013010,0.223402
5,672,2.002586,3.003880,0.253434
5,673,1.998657,2.997986,0.250678
5,674,1.982821,2.974232,0.285312
5,675,2.016204,3.024306,0.223402
5,676,2.014134,3.021202,0.223402
5,677,1.928444,2.892666,0.386720
5,678,2.020580,3.030870,0.223402
5,679,2.007176,3.010764,0.223402
5,680,2.002502,3.003753,0.223402
5,681,2.000872,3.001309,0.223402
5,682,1.995726,2.993589,0.236859
5,683,1.999370,2.999055,0.223402
5,684,2.013663,3.020494,0.223402
5,685,2.004764,3.007146,0.223402
5,686,2.007072,3.010607,0.223402
5,687,2.002466,3.003699,0.223402
5,688,2.006432,3.009648,0.225711
5,689,2.004667,3.007001,0.223402
5,690,1.979546,2.969318,0.296568
5,691,2.018985,3.028478,0.223402
5,692,2.006620,3.009930,0.223402
5,693,2.002308,3.003462,0.223402
5,694,1.971026,2.956539,0.280844
5,695,1.993955,2.990932,0.259815
5,696,1.951215,2.926823,0.332211
5,697,1.996569,2.994853,0.252026
5,698,2.006260,3.009390,0.223402
5,699,2.003518,3.005277,0.234957
5,700,2.004584,3.006876,0.226408
5,701,2.002773,3.004160,0.223402
5,702,2.000967,3.001450,0.223402
5,703,2.000337,3.000506,0.223402
5,704,1.951292,2.926938,0.311118
5,705,2.008787,3.013181,0.223402
5,706,2.003064,3.004596,0.223402
5,707,2.001068,3.001602,0.223402
5,708,2.015536,3.023303,0.223402
5,709,1.951019,2.926529,0.318029
5,710,2.007132,3.010698,0.223402
5,711,1.955226,2.932840,0.317885
5,712,2.018686,3.028029,0.223402
5,713,2.006515,3.009773,0.223402
5,714,2.002272,3.003408,0.223402
5,715,1.956795,2.935192,0.310715
5,716,2.009409,3.014114,0.223402
5,717,2.003281,3.004921,0.223402
5,718,1.916952,2.875428,0.402609
5,719,2.015111,3.022667,0.223402
5,720,2.005269,3.007904,0.223402
5,721,1.989017,2.983526,0.240310
5,722,2.002177,3.003265,0.223402
5,723,1.998482,2.997724,0.249091
5,724,2.000459,3.000688,0.243198
5,725,2.003423,3.005134,0.241528
5,726,2.003851,3.005776,0.223402
5,727,2.001343,3.002014,0.223402
5,728,1.984456,2.976683,0.269794
5,729,2.005193,3.007790,0.223402
5,730,1.997934,2.996902,0.228262
5,731,1.993210,2.989815,0.246522
5,732,2.018169,3.027254,0.223402
5,733,2.006335,3.009503,0.223402
5,734,2.007796,3.011693,0.223402
5,735,2.002718,3.004077,0.223402
5,736,1.948824,2.923236,0.324638
5,737,1.945530,2.918294,0.346584
5,738,2.015451,3.023177,0.223402
5,739,2.014785,3.022178,0.223402
5,740,2.005155,3.007733,0.223402
5,741,2.002427,3.003640,0.223402
5,742,2.005960,3.008939,0.223402
5,743,1.991743,2.987615,0.242049
5,744,2.008368,3.012552,0.223402
5,745,2.011018,3.016526,0.223402
5,746,2.003842,3.005762,0.223402
5,747,2.001896,3.002845,0.223402
5,748,2.000661,3.000992,0.223402
5,749,1.999525,2.999287,0.223402
5,750,1.999834,2.999751,0.223402
5,751,1.981403,2.972105,0.259625
5,752,1.995188,2.992783,0.264611
5,753,2.011125,3.016687,0.264928
5,754,2.014994,3.022490,0.223402
5,755,2.015558,3.023336,0.226265
5,756,2.005907,3.008861,0.223402
5,757,2.002060,3.003090,0.223402
5,758,2.000718,3.001077,0.223402
5,759,2.004904,3.007357,0.223402
5,760,2.017550,3.026325,0.223402
5,761,2.019572,3.029357,0.223402
5,762,2.004497,3.006745,0.230240
5,763,2.013448,3.020172,0.223402
5,764,2.004689,3.007034,0.223402
5,765,2.023073,3.034610,0.223402
5,766,2.002137,3.003205,0.287047
5,767,2.020383,3.030574,0.223402
5,768,2.001815,3.002723,0.230948
5,769,1.981076,2.971615,0.266206
5,770,2.029090,3.043635,0.223402
5,771,1.903518,2.855277,0.437178
5,772,2.026341,3.039512,0.223402
5,773,2.009185,3.013777,0.223402
5,774,2.003202,3.004804,0.223402
5,775,2.001117,3.001675,0.223402
5,776,2.011951,3.017926,0.223402
5,777,2.004167,3.006250,0.223402
5,778,2.001453,3.002179,0.223402
5,779,2.000507,3.000760,0.223402
5,780,2.008368,3.012552,0.223402
5,781,2.002918,3.004377,0.223402
5,782,2.001017,3.001526,0.223402
5,783,1.994161,2.991242,0.241207
5,784,2.003369,3.005053,0.230233
5,785,2.007082,3.010623,0.223402
5,786,1.992425,2.988638,0.238212
5,787,2.000547,3.000820,0.223402
5,788,2.007051,3.010577,0.223402
5,789,2.002459,3.003688,0.223402
5,790,2.000857,3.001286,0.223402
5,791,1.989991,2.984986,0.238003
5,792,1.950481,2.925721,0.324846
5,793,2.013973,3.020959,0.223402
5,794,2.004872,3.007308,0.223402
5,795,2.001699,3.002548,0.223402
5,796,2.000592,3.000888,0.223402
5,797,1.999886,2.999829,0.223402
5,798,1.970607,2.955911,0.284728
5,799,2.002550,3.003825,0.223402
5,800,2.000889,3.001334,0.223402
5,801,2.000310,3.000465,0.223402
5,802,2.010649,3.015974,0.223402
5,803,2.007031,3.010547,0.228063
5,804,1.999309,2.998964,0.236346
5,805,2.004303,3.006454,0.229458
5,806,2.002834,3.004251,0.223402
5,807,2.001867,3.002800,0.223402
5,808,1.994467,2.991700,0.228496
5,809,2.002889,3.004333,0.223402
5,810,2.001007,3.001511,0.223402
5,811,1.996845,2.995267,0.235783
5,812,2.004351,3.006527,0.223402
5,813,1.984608,2.976912,0.247123
5,814,2.001895,3.002842,0.223402
5,815,2.000661,3.000991,0.223402
5,816,1.974495,2.961742,0.276030
5,817,2.011703,3.017555,0.223402
5,818,1.989671,2.984506,0.247312
5,819,2.009209,3.013814,0.223402
5,820,2.003211,3.004816,0.223402
5,821,1.995850,2.993775,0.241427
5,822,2.004576,3.006864,0.223402
5,823,2.001596,3.002393,0.223402
5,824,2.000556,3.000835,0.223402
5,825,2.032607,3.048910,0.223402
5,826,2.011369,3.017054,0.223402
5,827,2.003964,3.005946,0.223402
5,828,2.001382,3.002073,0.223402
5,829,1.973578,2.960367,0.286266
5,830,2.005888,3.008833,0.223402
5,831,2.002053,3.003080,0.223402
5,832,2.000716,3.001074,0.223402
5,833,1.999338,2.999006,0.227386
5,834,2.007432,3.011148,0.228758
5,835,1.995949,2.993923,0.241379
5,836,2.003625,3.005437,0.223402
5,837,2.001264,3.001896,0.223402
5,838,1.960648,2.940971,0.298698
5,839,2.025886,3.038830,0.242820
5,840,2.010920,3.016380,0.225451
5,841,2.005617,3.008425,0.223402
5,842,2.001958,3.002938,0.223402
5,843,2.000683,3.001024,0.223402
5,844,2.005683,3.008525,0.223402
5,845,2.001982,3.002972,0.223402
5,846,2.000691,3.001036,0.223402
5,847,2.000241,3.000361,0.223402
5,848,1.967757,2.951636,0.284849
5,849,1.995705,2.993558,0.227212
5,850,1.945916,2.918874,0.380089
5,851,2.068084,3.102126,0.223402
5,852,2.026151,3.039227,0.225379
5,853,1.997468,2.996202,0.260566
5,854,2.007715,3.011573,0.223402
5,855,2.000441,3.000662,0.269846
5,856,2.019285,3.028927,0.223402
5,857,2.006675,3.010012,0.223402
5,858,2.002327,3.003491,0.223402
5,859,2.000811,3.001217,0.223402
5,860,2.005694,3.008541,0.223402
5,861,2.001985,3.002978,0.223402
5,862,2.000692,3.001038,0.223402
5,863,2.007109,3.010663,0.223402
5,864,2.002479,3.003718,0.223402
5,865,2.015262,3.022892,0.223402
5,866,2.025181,3.037772,0.230770
5,867,1.995321,2.992981,0.269665
5,868,2.010429,3.015643,0.223402
5,869,1.975808,2.963712,0.293393
5,870,2.006789,3.010184,0.223402
5,871,2.002367,3.003551,0.223402
5,872,2.000825,3.001238,0.223402
5,873,2.000288,3.000432,0.223402
5,874,1.987793,2.981689,0.245851
5,875,2.012747,3.019120,0.223402
5,876,2.005409,3.008113,0.223402
5,877,2.001886,3.002829,0.223402
5,878,2.000800,3.001200,0.223402
5,879,1.991429,2.987143,0.252455
5,880,2.030735,3.046102,0.236962
5,881,2.015220,3.022829,0.223402
5,882,1.885240,2.827861,0.450146
5,883,2.032786,3.049180,0.223402
5,884,2.012085,3.018127,0.223402
5,885,2.004214,3.006321,0.223402
5,886,1.988466,2.982700,0.253119
5,887,2.004869,3.007303,0.223402
5,888,2.001698,3.002546,0.223402
5,889,2.000836,3.001255,0.223402
5,890,2.000292,3.000437,0.223402
5,891,2.000102,3.000153,0.223402
5,892,2.000035,3.000053,0.223402
5,893,2.000012,3.000019,0.223402
5,894,2.000004,3.000006,0.223402
5,895,1.994288,2.991432,0.262137
5,896,1.976296,2.964443,0.295607
5,897,1.987911,2.981867,0.266329
5,898,2.027189,3.040783,0.223402
5,899,2.009480,3.014220,0.223402
5,900,2.003306,3.004958,0.223402
5,901,1.997268,2.995902,0.231250
5,902,2.000154,3.000231,0.223402
5,903,1.938963,2.908444,0.320243
5,904,2.012527,3.018790,0.223402
5,905,2.004368,3.006552,0.223402
5,906,1.991660,2.987490,0.245158
5,907,2.002570,3.003855,0.223402
5,908,2.001509,3.002264,0.232846
5,909,2.017132,3.025697,0.223402
5,910,2.005973,3.008960,0.223402
5,911,2.001132,3.001697,0.223402
5,912,2.000395,3.000592,0.223402
5,913,2.008968,3.013452,0.223402
5,914,2.000783,3.001175,0.227205
5,915,2.006995,3.010492,0.223402
5,916,2.002439,3.003658,0.223402
5,917,2.000850,3.001276,0.223402
5,918,2.003598,3.005397,0.224115
5,919,2.002444,3.003666,0.223402
5,920,2.000852,3.001278,0.223402
5,921,2.000297,3.000446,0.223402
5,922,2.000104,3.000155,0.223402
5,923,2.000036,3.000054,0.223402
5,924,2.000013,3.000019,0.223402
5,925,1.988009,2.982014,0.255240
5,926,1.935892,2.903838,0.374903
5,927,1.991850,2.987775,0.269156
5,928,2.037791,3.056687,0.223402
5,929,2.000923,3.001385,0.273793
5,930,2.015907,3.023860,0.228681
5,931,2.010831,3.016247,0.223402
5,932,1.995239,2.992858,0.243728
5,933,2.003998,3.005997,0.223402
5,934,2.001394,3.002091,0.223402
5,935,1.994432,2.991648,0.243067
5,936,1.989069,2.983603,0.239778
5,937,2.003520,3.005280,0.229346
5,938,2.000588,3.000881,0.228475
5,939,1.979150,2.968725,0.266314
5,940,2.009337,3.014006,0.223402
5,941,1.933386,2.900080,0.359954
5,942,2.017468,3.026202,0.226887
5,943,2.010877,3.016316,0.223402
5,944,2.003793,3.005689,0.223402
5,945,2.006515,3.009772,0.223402
5,946,2.002271,3.003407,0.223402
5,947,2.000792,3.001188,0.223402
5,948,2.000276,3.000414,0.223402
5,949,1.935076,2.902615,0.331244
5,950,2.011800,3.017700,0.248773
5,951,2.020744,3.031117,0.223402
5,952,2.007233,3.010850,0.223402
5,953,1.997319,2.995978,0.227208
5,954,2.002182,3.003273,0.223402
5,955,1.994416,2.991624,0.229515
5,956,2.006824,3.010235,0.223402
5,957,2.005683,3.008524,0.223402
5,958,1.924726,2.887089,0.415293
5,959,2.020956,3.031433,0.223402
5,960,2.007307,3.010960,0.223402
5,961,2.002548,3.003822,0.223402
5,962,2.005842,3.008763,0.223402
5,963,1.993542,2.990313,0.251208
5,964,2.015426,3.023138,0.223402
5,965,2.018501,3.027752,0.228039
5,966,2.008107,3.012161,0.223402
5,967,2.002827,3.004240,0.223402
5,968,2.000986,3.001478,0.223402
5,969,2.000344,3.000516,0.223402
5,970,2.003192,3.004787,0.223402
5,971,2.007096,3.010644,0.230699
5,972,2.007099,3.010649,0.223402
5,973,2.002475,3.003713,0.223402
5,974,2.000863,3.001295,0.223402
5,975,2.000301,3.000451,0.223402
5,976,1.911725,2.867588,0.442673
5,977,2.013251,3.019876,0.242104
5,978,2.006416,3.009624,0.229935
5,979,1.995854,2.993781,0.239429
5,980,2.005941,3.008911,0.223402
5,981,2.002184,3.003275,0.223402
5,982,2.000761,3.001142,0.223402
5,983,1.989167,2.983751,0.244064
5,984,1.948308,2.922461,0.383158
5,985,2.022073,3.033109,0.223402
5,986,2.010218,3.015327,0.223402
5,987,2.003563,3.005344,0.223402
5,988,2.010293,3.015439,0.226875
5,989,1.993448,2.990172,0.250805
5,990,1.972728,2.959092,0.290380
5,991,2.006553,3.009830,0.223402
5,992,2.002285,3.003428,0.223402
5,993,2.000797,3.001195,0.223402
5,994,2.004577,3.006866,0.223402
5,995,2.005738,3.008607,0.223402
5,996,2.003047,3.004570,0.223853
5,997,2.001671,3.002506,0.223402
5,998,2.000583,3.000874,0.223402
5,999,2.000203,3.000305,0.223402
5,1000,2.000793,3.001189,0.223402
6,1,2.004488,3.006732,0.223402
6,2,1.995801,2.993702,0.254380
6,3,2.007412,3.011118,0.223402
6,4,2.002584,3.003877,0.223402
6,5,1.992185,2.988278,0.242286
6,6,1.976547,2.964820,0.296422
6,7,2.007434,3.011152,0.227287
6,8,2.004978,3.007467,0.223402
6,9,2.006281,3.009422,0.223402
6,10,2.005527,3.008290,0.223402
6,11,2.001927,3.002890,0.223402
6,12,2.000672,3.001008,0.223402
6,13,2.025224,3.037835,0.223402
6,14,2.008795,3.013192,0.223402
6,15,1.986293,2.979440,0.249578
6,16,2.002276,3.003414,0.223402
6,17,1.971929,2.957894,0.308971
6,18,2.012110,3.018166,0.223402
6,19,2.010506,3.015760,0.223402
6,20,2.003663,3.005495,0.223402
6,21,2.006301,3.009452,0.230924
6,22,1.955941,2.933912,0.311777
6,23,2.017191,3.025787,0.223402
6,24,1.983700,2.975549,0.274978
6,25,2.005216,3.007824,0.223402
6,26,2.004356,3.006534,0.226508
6,27,2.003878,3.005818,0.223402
6,28,2.001352,3.002028,0.223402
6,29,1.992143,2.988215,0.236780
6,30,2.001609,3.002413,0.223402
6,31,2.000561,3.000841,0.223402
6,32,2.000196,3.000293,0.223402
6,33,2.000068,3.000102,0.223402
6,34,2.004342,3.006512,0.223402
6,35,2.001514,3.002271,0.223402
6,36,2.000528,3.000792,0.223402
6,37,2.000926,3.001389,0.223402
6,38,2.013350,3.020025,0.223402
6,39,2.004655,3.006982,0.223402
6,40,1.999909,2.999863,0.228707
6,41,2.013169,3.019754,0.223402
6,42,2.004848,3.007272,0.229740
6,43,2.003314,3.004970,0.223402
6,44,2.004454,3.006680,0.223402
6,45,2.001553,3.002329,0.223402
6,46,2.000541,3.000812,0.223402
6,47,2.000189,3.000283,0.223402
6,48,2.000066,3.000099,0.223402
6,49,1.984413,2.976620,0.263165
6,50,2.004696,3.007045,0.223402
6,51,2.001638,3.002456,0.223402
6,52,1.984840,2.977259,0.261335
6,53,2.005945,3.008918,0.223402
6,54,2.010075,3.015112,0.229324
6,55,2.005950,3.008925,0.223402
6,56,2.015000,3.022499,0.223402
6,57,2.005230,3.007845,0.223402
6,58,2.002761,3.004142,0.223402
6,59,2.000963,3.001444,0.223402
6,60,2.000336,3.000504,0.223402
6,61,2.000117,3.000176,0.223402
6,62,2.000041,3.000061,0.223402
6,63,1.974208,2.961313,0.270656
6,64,2.025523,3.038284,0.223402
6,65,1.943587,2.915381,0.358045
6,66,2.055917,3.083875,0.223402
6,67,2.019497,3.029246,0.223402
6,68,2.006798,3.010197,0.223402
6,69,2.002370,3.003556,0.223402
6,70,1.975201,2.962801,0.317664
6,71,2.014320,3.021480,0.223402
6,72,2.005980,3.008970,0.223402
6,73,2.002085,3.003127,0.223402
6,74,2.019156,3.028735,0.223402
6,75,2.004784,3.007176,0.231845
6,76,2.004336,3.006504,0.223402
6,77,2.009021,3.013531,0.223402
6,78,2.003145,3.004718,0.223402
6,79,2.008441,3.012662,0.223402
6,80,2.002943,3.004415,0.223402
6,81,1.993615,2.990422,0.240493
6,82,2.001777,3.002665,0.228338
6,83,2.002792,3.004189,0.223402
6,84,2.000974,3.001460,0.223402
6,85,2.000339,3.000509,0.223402
6,86,1.981547,2.972321,0.250161
6,87,1.998651,2.997977,0.235230
6,88,1.972368,2.958553,0.291903
6,89,2.015093,3.022639,0.223402
6,90,2.003463,3.005195,0.227278
6,91,2.003176,3.004763,0.223402
6,92,1.995335,2.993002,0.224849
6,93,2.007904,3.011856,0.223402
6,94,2.002756,3.004134,0.223402
6,95,1.994752,2.992127,0.234541
6,96,2.001340,3.002010,0.223402
6,97,2.000467,3.000701,0.223402
6,98,2.000163,3.000244,0.223402
6,99,2.022807,3.034211,0.223402
6,100,2.028296,3.042445,0.223402
6,101,2.008652,3.012978,0.223402
6,102,2.003017,3.004525,0.223402
6,103,1.999340,2.999010,0.229490
6,104,2.001554,3.002330,0.223402
6,105,2.000542,3.000813,0.223402
6,106,2.000189,3.000283,0.223402
6,107,2.015880,3.023820,0.223402
6,108,1.996819,2.995228,0.250674
6,109,2.005038,3.007557,0.223402
6,110,2.001757,3.002635,0.223402
6,111,1.991808,2.987712,0.253871
6,112,2.015388,3.023083,0.223402
6,113,2.009921,3.014882,0.223402
6,114,1.987416,2.981125,0.259328
6,115,1.920405,2.880607,0.380916
6,116,2.010415,3.015623,0.223402
6,117,2.003632,3.005447,0.223402
6,118,1.994837,2.992255,0.235232
6,119,2.000962,3.001442,0.223402
6,120,2.000335,3.000503,0.223402
6,121,2.003510,3.005265,0.223402
6,122,2.001224,3.001836,0.223402
6,123,2.014194,3.021291,0.223402
6,124,1.973026,2.959539,0.282512
6,125,2.003565,3.005347,0.223402
6,126,1.950073,2.925110,0.327679
6,127,2.012197,3.018296,0.223402
6,128,2.004253,3.006379,0.223402
6,129,1.927564,2.891346,0.366764
6,130,2.014300,3.021449,0.223402
6,131,2.014075,3.021112,0.223402
6,132,2.006533,3.009799,0.223402
6,133,2.003876,3.005814,0.223402
6,134,2.001351,3.002027,0.223402
6,135,2.000471,3.000707,0.223402
6,136,2.000164,3.000246,0.223402
6,137,1.968329,2.952494,0.287640
6,138,2.007297,3.010945,0.223402
6,139,2.002544,3.003816,0.223402
6,140,2.000887,3.001331,0.223402
6,141,2.000962,3.001443,0.223402
6,142,2.000335,3.000503,0.223402
6,143,2.000117,3.000175,0.223402
6,144,2.000041,3.000061,0.223402
6,145,2.000014,3.000021,0.223402
6,146,2.000005,3.000007,0.223402
6,147,2.000002,3.000003,0.223402
6,148,1.998553,2.997830,0.232308
6,149,2.001153,3.001729,0.223402
6,150,1.997820,2.996729,0.226646
6,151,2.019050,3.028575,0.223402
6,152,1.991524,2.987286,0.258227
6,153,2.005929,3.008894,0.224646
6,154,1.989141,2.983712,0.253337
6,155,2.005759,3.008638,0.223402
6,156,1.993330,2.989995,0.239982
6,157,2.007009,3.010514,0.229620
6,158,1.998558,2.997837,0.225956
6,159,2.010266,3.015399,0.223402
6,160,1.995670,2.993505,0.241815
6,161,2.018655,3.027983,0.223402
6,162,2.010323,3.015485,0.223402
6,163,2.003600,3.005399,0.223402
6,164,2.011696,3.017544,0.223402
6,165,2.002364,3.003546,0.225361
6,166,2.001282,3.001924,0.223402
6,167,2.000447,3.000671,0.223402
6,168,2.000156,3.000234,0.223402
6,169,2.000054,3.000082,0.223402
6,170,1.998430,2.997646,0.225680
6,171,2.000239,3.000358,0.223402
6,172,2.005586,3.008379,0.223402
6,173,2.001948,3.002922,0.223402
6,174,1.991040,2.986561,0.244195
6,175,2.010187,3.015281,0.223402
6,176,2.003552,3.005328,0.223402
6,177,2.001856,3.002784,0.223402
6,178,1.933010,2.899515,0.344783
6,179,2.012803,3.019204,0.223402
6,180,2.004464,3.006696,0.223402
6,181,2.001557,3.002335,0.223402
6,182,2.000543,3.000814,0.223402
6,183,2.000189,3.000284,0.223402
6,184,1.989543,2.984315,0.241906
6,185,1.999549,2.999323,0.223402
6,186,1.980807,2.971210,0.264939
6,187,2.025839,3.038759,0.223402
6,188,1.998967,2.998450,0.252123
6,189,2.017085,3.025627,0.223402
6,190,2.017594,3.026392,0.223402
6,191,2.003916,3.005874,0.224160
6,192,2.008621,3.012931,0.223402
6,193,2.003006,3.004509,0.223402
6,194,1.993939,2.990908,0.235696
6,195,1.992943,2.989415,0.233744
6,196,1.998624,2.997935,0.232813
6,197,1.991976,2.987964,0.246526
6,198,2.020273,3.030409,0.223402
6,199,1.994163,2.991244,0.244960
6,200,2.004887,3.007330,0.223402
6,201,1.959572,2.939358,0.298588
6,202,2.011387,3.017080,0.223402
6,203,2.003970,3.005955,0.223402
6,204,2.008561,3.012841,0.223402
6,205,2.009736,3.014605,0.228587
6,206,2.004792,3.007188,0.230014
6,207,2.013910,3.020866,0.223402
6,208,2.004850,3.007275,0.223402
6,209,2.001691,3.002537,0.223402
6,210,2.012501,3.018752,0.223402
6,211,2.004359,3.006538,0.223402
6,212,2.001520,3.002280,0.223402
6,213,1.981922,2.972883,0.262083
6,214,2.005334,3.008001,0.223402
6,215,2.001860,3.002790,0.223402
6,216,1.999854,2.999781,0.248225
6,217,1.915374,2.873061,0.398680
6,218,2.017846,3.026769,0.226912
6,219,2.011663,3.017495,0.223402
6,220,2.004497,3.006745,0.223402
6,221,2.002317,3.003476,0.223402
6,222,1.955288,2.932933,0.283904
6,223,2.015629,3.023444,0.223402
6,224,2.002544,3.003816,0.283240
6,225,2.011346,3.017018,0.223402
6,226,2.003956,3.005934,0.223402
6,227,2.001379,3.002069,0.223402
6,228,1.999784,2.999676,0.235714
6,229,1.996257,2.994385,0.248974
6,230,2.006718,3.010078,0.223402
6,231,2.002343,3.003514,0.223402
6,232,1.921896,2.882844,0.379459
6,233,1.971333,2.956999,0.315784
6,234,2.014245,3.021367,0.223402
6,235,2.004967,3.007450,0.223402
6,236,2.001732,3.002598,0.223402
6,237,1.989639,2.984459,0.262670
6,238,2.008341,3.012512,0.245286
6,239,2.007180,3.010769,0.223402
6,240,1.951049,2.926573,0.321110
6,241,1.992105,2.988158,0.270474
6,242,2.009931,3.014896,0.234839
6,243,2.018219,3.027328,0.223402
6,244,2.007167,3.010751,0.223747
6,245,2.003024,3.004535,0.223402
6,246,2.001054,3.001581,0.223402
6,247,2.011332,3.016998,0.223402
6,248,2.003951,3.005927,0.223402
6,249,2.000161,3.000242,0.223402
6,250,2.000056,3.000084,0.223402
6,251,2.010828,3.016241,0.223402
6,252,2.018674,3.028011,0.223402
6,253,2.006511,3.009767,0.223402
6,254,2.002270,3.003405,0.223402
6,255,2.000087,3.000130,0.235220
6,256,2.009484,3.014226,0.223402
6,257,2.004503,3.006755,0.223402
6,258,2.001570,3.002355,0.223402
6,259,2.000547,3.000821,0.223402
6,260,2.002428,3.003641,0.223402
6,261,2.011465,3.017198,0.228680
6,262,2.006662,3.009993,0.223402
6,263,1.980601,2.970902,0.268579
6,264,2.005792,3.008688,0.223402
6,265,1.995270,2.992905,0.232205
6,266,1.988151,2.982226,0.244038
6,267,2.014212,3.021317,0.223402
6,268,2.007379,3.011068,0.224969
6,269,1.995905,2.993858,0.245423
6,270,2.004055,3.006083,0.223402
6,271,2.001561,3.002341,0.223402
6,272,2.011556,3.017333,0.223402
6,273,2.031994,3.047991,0.223402
6,274,2.011156,3.016733,0.223402
6,275,2.003890,3.005835,0.223402
6,276,2.001356,3.002034,0.223402
6,277,2.000473,3.000709,0.223402
6,278,2.000566,3.000848,0.223402
6,279,2.000197,3.000296,0.223402
6,280,1.870811,2.806217,0.476005
6,281,2.023984,3.035975,0.223402
6,282,1.978103,2.967155,0.286749
6,283,1.976646,2.964970,0.313622
6,284,2.016534,3.024801,0.223402
6,285,1.987465,2.981198,0.270407
6,286,2.006125,3.009188,0.225622
6,287,2.002356,3.003535,0.223402
6,288,2.000822,3.001232,0.223402
6,289,2.000286,3.000430,0.223402
6,290,2.014413,3.021620,0.223402
6,291,2.003412,3.005118,0.228474
6,292,2.003660,3.005489,0.223402
6,293,1.901997,2.852996,0.405542
6,294,2.012373,3.018559,0.230213
6,295,2.007158,3.010736,0.223402
6,296,2.002496,3.003744,0.223402
6,297,1.996516,2.994775,0.252234
6,298,1.983434,2.975151,0.256609
6,299,2.002810,3.004214,0.223402
6,300,2.000980,3.001469,0.223402
6,301,1.994838,2.992257,0.244799
6,302,2.016762,3.025144,0.223402
6,303,2.005845,3.008767,0.223402
6,304,2.002038,3.003057,0.223402
6,305,2.000148,3.000222,0.223402
6,306,1.947111,2.920666,0.348137
6,307,2.010405,3.015607,0.223402
6,308,2.003682,3.005524,0.229939
6,309,2.006665,3.009998,0.223402
6,310,2.006082,3.009124,0.223402
6,311,2.002877,3.004316,0.223402
6,312,1.972252,2.958378,0.298635
6,313,2.015234,3.022851,0.223402
6,314,2.012300,3.018449,0.223402
6,315,2.006182,3.009273,0.223402
6,316,2.002156,3.003233,0.223402
6,317,2.008151,3.012226,0.223402
6,318,2.008388,3.012582,0.257240
6,319,2.015290,3.022935,0.223402
6,320,2.014824,3.022235,0.223402
6,321,2.005169,3.007753,0.223402
6,322,2.001802,3.002703,0.223402
6,323,2.000628,3.000943,0.223402
6,324,2.010604,3.015907,0.230726
6,325,2.005364,3.008046,0.223402
6,326,2.001870,3.002805,0.223402
6,327,2.009153,3.013730,0.223402
6,328,2.003192,3.004787,0.223402
6,329,2.001113,3.001669,0.223402
6,330,2.000388,3.000582,0.223402
6,331,1.997904,2.996856,0.238578
6,332,1.920412,2.880618,0.376218
6,333,2.016199,3.024299,0.223402
6,334,2.005648,3.008472,0.223402
6,335,2.001969,3.002954,0.223402
6,336,2.000687,3.001030,0.223402
6,337,2.000239,3.000359,0.223402
6,338,2.000083,3.000125,0.223402
6,339,2.000029,3.000044,0.223402
6,340,1.995848,2.993772,0.229109
6,341,2.014061,3.021091,0.223402
6,342,1.968180,2.952270,0.300900
6,343,2.011243,3.016864,0.223402
6,344,1.956531,2.934796,0.306848
6,345,2.003960,3.005940,0.223402
6,346,2.002023,3.003035,0.230243
6,347,2.017791,3.026687,0.223402
6,348,2.006203,3.009305,0.223402
6,349,2.025772,3.038659,0.226387
6,350,2.012665,3.018998,0.223402
6,351,2.004416,3.006624,0.223402
6,352,2.001540,3.002310,0.223402
6,353,2.017503,3.026254,0.223402
6,354,2.006103,3.009154,0.223402
6,355,2.008945,3.013417,0.223402
6,356,1.991508,2.987262,0.262740
6,357,2.009836,3.014755,0.223402
6,358,2.013553,3.020330,0.223402
6,359,2.004726,3.007089,0.223402
6,360,2.001648,3.002472,0.223402
6,361,1.995256,2.992885,0.235162
6,362,1.999865,2.999798,0.223402
6,363,1.999953,2.999929,0.223402
6,364,1.999958,2.999938,0.223402
6,365,1.999986,2.999978,0.223402
6,366,1.999995,2.999992,0.223402
6,367,1.975741,2.963611,0.271554
6,368,2.006456,3.009684,0.223402
6,369,2.002945,3.004417,0.223402
6,370,2.001027,3.001540,0.223402
6,371,2.014634,3.021950,0.223402
6,372,2.001847,3.002771,0.232585
6,373,2.002025,3.003037,0.223402
6,374,2.000706,3.001059,0.223402
6,375,2.000246,3.000369,0.223402
6,376,2.000086,3.000129,0.223402
6,377,2.000030,3.000045,0.223402
6,378,2.000010,3.000016,0.223402
6,379,1.995731,2.993597,0.234023
6,380,2.001506,3.002259,0.223402
6,381,2.000525,3.000788,0.223402
6,382,2.013947,3.020920,0.223402
6,383,2.008063,3.012095,0.223402
6,384,2.002812,3.004217,0.223402
6,385,2.000980,3.001470,0.223402
6,386,2.016274,3.024411,0.223402
6,387,2.008250,3.012375,0.223402
6,388,2.002877,3.004315,0.223402
6,389,1.962598,2.943898,0.309114
6,390,2.014596,3.021894,0.234730
6,391,1.975765,2.963647,0.341975
6,392,2.012464,3.018696,0.283614
6,393,2.014655,3.021982,0.223402
6,394,2.005110,3.007665,0.223402
6,395,1.940874,2.911311,0.321158
6,396,2.008318,3.012477,0.223402
6,397,1.962272,2.943407,0.307303
6,398,2.009805,3.014707,0.223402
6,399,1.994668,2.992002,0.242830
6,400,1.991552,2.987328,0.248377
6,401,1.999163,2.998745,0.263335
6,402,2.031351,3.047027,0.223402
6,403,2.022652,3.033977,0.223402
6,404,2.007898,3.011847,0.223402
6,405,2.006306,3.009460,0.223402
6,406,2.002396,3.003593,0.223402
6,407,1.947879,2.921819,0.347386
6,408,1.989645,2.984468,0.263503
6,409,1.982585,2.973878,0.281876
6,410,2.013890,3.020835,0.234711
6,411,1.989663,2.984495,0.249387
6,412,2.003700,3.005550,0.223402
6,413,2.001290,3.001935,0.223402
6,414,2.000450,3.000675,0.223402
6,415,2.009794,3.014691,0.223402
6,416,1.998667,2.998001,0.240166
6,417,2.004137,3.006205,0.229165
6,418,2.002804,3.004205,0.223402
6,419,2.000978,3.001466,0.223402
6,420,2.023792,3.035689,0.223402
6,421,1.948252,2.922378,0.347155
6,422,2.018202,3.027303,0.223402
6,423,2.006347,3.009520,0.223402
6,424,2.002213,3.003319,0.223402
6,425,2.000772,3.001157,0.223402
6,426,1.995591,2.993386,0.235689
6,427,2.001610,3.002415,0.223402
6,428,1.961633,2.942450,0.302790
6,429,2.040180,3.060270,0.223402
6,430,2.014010,3.021015,0.223402
6,431,1.987558,2.981338,0.261545
6,432,2.002401,3.003602,0.223402
6,433,2.001169,3.001754,0.226531
6,434,2.001430,3.002144,0.223402
6,435,2.003380,3.005071,0.223402
6,436,2.001179,3.001768,0.223402
6,437,2.000411,3.000616,0.223402
6,438,2.000143,3.000215,0.223402
6,439,2.000050,3.000075,0.223402
6,440,2.000017,3.000026,0.223402
6,441,2.000329,3.000493,0.223402
6,442,1.990622,2.985933,0.252042
6,443,2.004233,3.006349,0.223402
6,444,2.004125,3.006187,0.223402
6,445,2.001438,3.002157,0.223402
6,446,1.995418,2.993127,0.226282
6,447,2.000521,3.000782,0.223402
6,448,1.999841,2.999761,0.223402
6,449,2.011863,3.017794,0.223402
6,450,2.004136,3.006205,0.223402
6,451,2.001442,3.002163,0.223402
6,452,2.000503,3.000754,0.223402
6,453,2.004798,3.007196,0.223402
6,454,1.924105,2.886158,0.342910
6,455,2.024070,3.036105,0.223402
6,456,2.008393,3.012589,0.223402
6,457,2.002926,3.004390,0.223402
6,458,2.001020,3.001531,0.223402
6,459,2.000356,3.000534,0.223402
6,460,1.962170,2.943256,0.272246
6,461,2.032248,3.048371,0.223402
6,462,2.011244,3.016866,0.223402
6,463,2.003921,3.005881,0.223402
6,464,2.001400,3.002099,0.223402
6,465,1.990035,2.985052,0.251661
6,466,2.003374,3.005061,0.223402
6,467,1.991361,2.987041,0.239837
6,468,2.009090,3.013635,0.224688
6,469,1.983541,2.975311,0.264611
6,470,2.007526,3.011289,0.223402
6,471,2.007468,3.011202,0.223402
6,472,2.002604,3.003906,0.223402
6,473,2.000908,3.001362,0.223402
6,474,2.000317,3.000475,0.223402
6,475,2.000110,3.000166,0.223402
6,476,2.003099,3.004648,0.223402
6,477,2.001080,3.001621,0.223402
6,478,2.000243,3.000364,0.225540
6,479,2.000990,3.001485,0.223402
6,480,2.000345,3.000518,0.223402
6,481,2.000120,3.000181,0.223402
6,482,2.007643,3.011465,0.223402
6,483,1.983756,2.975634,0.288426
6,484,1.989242,2.983863,0.260271
6,485,1.990316,2.985474,0.245145
6,486,2.005221,3.007832,0.223402
6,487,2.001820,3.002731,0.223402
6,488,2.000635,3.000952,0.223402
6,489,2.000221,3.000332,0.223402
6,490,1.989288,2.983932,0.241332
6,491,2.009900,3.014851,0.223402
6,492,2.003452,3.005178,0.223402
6,493,2.006936,3.010405,0.227297
6,494,1.992261,2.988391,0.237186
6,495,1.957980,2.936970,0.296926
6,496,2.016826,3.025239,0.226591
6,497,2.007870,3.011806,0.223402
6,498,1.989368,2.984052,0.266872
6,499,2.018474,3.027710,0.242284
6,500,2.010377,3.015566,0.223402
6,501,2.003618,3.005427,0.223402
6,502,2.009046,3.013569,0.226975
6,503,2.003184,3.004776,0.223402
6,504,2.005074,3.007610,0.223402
6,505,2.025089,3.037633,0.223402
6,506,1.998831,2.998247,0.247076
6,507,2.013020,3.019530,0.230021
6,508,1.997426,2.996138,0.244322
6,509,2.013421,3.020131,0.223402
6,510,1.974461,2.961692,0.295870
6,511,2.010114,3.015170,0.223402
6,512,2.003526,3.005290,0.223402
6,513,2.006833,3.010249,0.223402
6,514,2.002382,3.003574,0.223402
6,515,2.000831,3.001246,0.223402
6,516,2.000290,3.000434,0.223402
6,517,2.000101,3.000151,0.223402
6,518,2.002954,3.004432,0.223402
6,519,1.948762,2.923143,0.324437
6,520,2.009978,3.014967,0.223402
6,521,2.003479,3.005219,0.223402
6,522,2.001213,3.001820,0.223402
6,523,2.000423,3.000634,0.223402
6,524,1.928456,2.892684,0.352095
6,525,2.011483,3.017224,0.223402
6,526,2.005394,3.008092,0.223402
6,527,1.998536,2.997803,0.227616
6,528,2.003170,3.004756,0.223402
6,529,2.001105,3.001658,0.223402
6,530,2.000385,3.000578,0.223402
6,531,2.000134,3.000202,0.223402
6,532,2.001376,3.002065,0.223402
6,533,2.000480,3.000720,0.223402
6,534,2.010458,3.015687,0.223402
6,535,2.003646,3.005470,0.223402
6,536,1.962519,2.943778,0.301919
6,537,2.010516,3.015774,0.223402
6,538,1.999082,2.998623,0.230461
6,539,2.005551,3.008326,0.223402
6,540,1.924609,2.886913,0.398276
6,541,2.056498,3.084747,0.223402
6,542,2.009087,3.013630,0.275240
6,543,1.987989,2.981984,0.284247
6,544,2.034339,3.051509,0.237216
6,545,2.016014,3.024021,0.223402
6,546,2.023426,3.035138,0.223402
6,547,2.009438,3.014157,0.223402
6,548,2.012437,3.018655,0.225020
6,549,2.006371,3.009556,0.223402
6,550,2.002221,3.003332,0.223402
6,551,2.000321,3.000482,0.223402
6,552,2.000112,3.000168,0.223402
6,553,1.997165,2.995747,0.230232
6,554,1.991032,2.986548,0.244023
6,555,2.002414,3.003620,0.226488
6,556,2.007355,3.011032,0.223402
6,557,2.014741,3.022111,0.223402
6,558,2.005140,3.007710,0.223402
6,559,1.997535,2.996302,0.231484
6,560,2.007361,3.011042,0.239128
6,561,2.001878,3.002817,0.274182
6,562,2.026209,3.039313,0.224883
6,563,2.010622,3.015933,0.223402
6,564,1.995336,2.993004,0.239878
6,565,2.006106,3.009158,0.223402
6,566,2.002129,3.003193,0.223402
6,567,2.005440,3.008160,0.223402
6,568,2.001897,3.002845,0.223402
6,569,1.982836,2.974255,0.270376
6,570,2.003203,3.004804,0.223402
6,571,1.998997,2.998496,0.230516
6,572,2.030248,3.045372,0.223402
6,573,2.010547,3.015820,0.223402
6,574,2.007907,3.011860,0.251016
6,575,1.974656,2.961983,0.275708
6,576,2.024193,3.036290,0.226158
6,577,1.958092,2.937138,0.358035
6,578,2.017510,3.026265,0.223402
6,579,2.006105,3.009158,0.223402
6,580,2.004452,3.006679,0.248653
6,581,1.981582,2.972373,0.271673
6,582,2.022825,3.034238,0.232109
6,583,2.025196,3.037794,0.251303
6,584,2.013938,3.020907,0.223402
6,585,2.024296,3.036444,0.223402
6,586,2.008472,3.012707,0.223402
6,587,2.001209,3.001813,0.223402
6,588,1.997743,2.996614,0.231065
6,589,2.001670,3.002505,0.223402
6,590,1.985996,2.978994,0.257141
6,591,2.003707,3.005561,0.223402
6,592,1.988232,2.982348,0.277211
6,593,2.006399,3.009599,0.233952
6,594,2.005672,3.008508,0.223402
6,595,1.973142,2.959712,0.281797
6,596,2.003551,3.005326,0.223402
6,597,2.017597,3.026396,0.223428
6,598,1.993115,2.989672,0.251261
6,599,1.989020,2.983530,0.263785
6,600,1.991082,2.986624,0.252869
6,601,2.001942,3.002912,0.251417
6,602,2.005894,3.008842,0.223402
6,603,2.002055,3.003083,0.223402
6,604,1.987286,2.980928,0.251026
6,605,1.896325,2.844487,0.437876
6,606,2.018609,3.027913,0.223402
6,607,2.007055,3.010583,0.223402
6,608,2.002460,3.003690,0.223402
6,609,1.998935,2.998403,0.227610
6,610,2.000589,3.000884,0.223402
6,611,2.000205,3.000308,0.223402
6,612,2.013251,3.019876,0.230993
6,613,2.007545,3.011318,0.223402
6,614,2.002384,3.003576,0.223402
6,615,1.990707,2.986061,0.242047
6,616,1.989956,2.984933,0.239296
6,617,2.002075,3.003113,0.223402
6,618,2.009757,3.014636,0.223402
6,619,2.003402,3.005103,0.223402
6,620,2.001186,3.001779,0.223402
6,621,2.000414,3.000620,0.223402
6,622,2.000144,3.000216,0.223402
6,623,2.013825,3.020737,0.223402
6,624,2.005446,3.008169,0.223402
6,625,2.007219,3.010829,0.223402
6,626,2.003097,3.004646,0.223402
6,627,2.000837,3.001255,0.223402
6,628,2.000292,3.000438,0.223402
6,629,2.002906,3.004358,0.223402
6,630,2.001013,3.001520,0.223402
6,631,1.998149,2.997223,0.235556
6,632,2.005601,3.008401,0.223402
6,633,1.965545,2.948318,0.298944
6,634,2.009207,3.013810,0.223402
6,635,2.003210,3.004815,0.223402
6,636,2.001335,3.002002,0.236674
6,637,2.005013,3.007519,0.223402
6,638,2.003369,3.005053,0.223402
6,639,2.001175,3.001762,0.223402
6,640,1.986046,2.979070,0.289041
6,641,2.020378,3.030567,0.223402
6,642,2.007233,3.010849,0.239948
6,643,2.000373,3.000559,0.240036
6,644,2.005681,3.008521,0.223402
6,645,2.001981,3.002971,0.223402
6,646,1.982557,2.973836,0.261095
6,647,2.008924,3.013386,0.223402
6,648,2.003112,3.004668,0.223402
6,649,2.025376,3.038064,0.223402
6,650,2.028462,3.042694,0.223402
6,651,2.030322,3.045483,0.227553
6,652,2.013587,3.020381,0.223402
6,653,2.004738,3.007106,0.223402
6,654,1.948365,2.922547,0.327539
6,655,2.006411,3.009617,0.223402
6,656,2.007646,3.011470,0.223402
6,657,2.001140,3.001710,0.229962
6,658,1.930218,2.895327,0.349228
6,659,2.009819,3.014729,0.223402
6,660,2.001188,3.001782,0.225450
6,661,1.977975,2.966962,0.282582
6,662,2.009847,3.014770,0.223402
6,663,2.018323,3.027484,0.223402
6,664,2.006133,3.009200,0.228282
6,665,2.024659,3.036989,0.223402
6,666,1.985083,2.977624,0.275916
6,667,2.017056,3.025583,0.223402
6,668,1.988784,2.983175,0.268532
6,669,2.012260,3.018390,0.223402
6,670,2.004275,3.006412,0.223402
6,671,2.001491,3.002236,0.223402
6,672,2.000520,3.000780,0.223402
6,673,2.009055,3.013583,0.223402
6,674,2.003157,3.004736,0.223402
6,675,1.956599,2.934899,0.300899
6,676,2.012479,3.018718,0.223402
6,677,2.004351,3.006526,0.223402
6,678,2.001517,3.002276,0.223402
6,679,1.980214,2.970321,0.283350
6,680,2.008833,3.013249,0.223402
6,681,2.000562,3.000843,0.253085
6,682,2.009634,3.014451,0.223402
6,683,1.997246,2.995869,0.239867
6,684,2.004376,3.006564,0.223402
6,685,1.982352,2.973528,0.291560
6,686,2.015115,3.022673,0.223402
6,687,2.005270,3.007905,0.223402
6,688,2.027692,3.041539,0.223402
6,689,2.009656,3.014484,0.223402
6,690,2.003367,3.005050,0.223402
6,691,1.988798,2.983198,0.250063
6,692,2.032738,3.049106,0.223402
6,693,2.011415,3.017122,0.223402
6,694,2.003980,3.005970,0.223402
6,695,2.000904,3.001355,0.226338
6,696,2.007232,3.010848,0.223402
6,697,2.002522,3.003783,0.223402
6,698,1.994574,2.991861,0.232879
6,699,1.972686,2.959029,0.287448
6,700,2.003048,3.004572,0.223402
6,701,1.983499,2.975248,0.278738
6,702,2.025240,3.037860,0.223402
6,703,2.008801,3.013201,0.223402
6,704,2.021301,3.031952,0.223402
6,705,2.006268,3.009402,0.239360
6,706,2.005321,3.007982,0.223402
6,707,1.966871,2.950306,0.291851
6,708,2.007621,3.011431,0.223402
6,709,2.002657,3.003986,0.223402
6,710,2.000926,3.001390,0.223402
6,711,2.000323,3.000485,0.223402
6,712,2.000113,3.000169,0.223402
6,713,1.969631,2.954447,0.309786
6,714,2.013435,3.020153,0.223402
6,715,2.004685,3.007027,0.223402
6,716,2.001633,3.002450,0.223402
6,717,2.005931,3.008896,0.243808
6,718,2.005753,3.008629,0.223402
6,719,2.002006,3.003009,0.223402
6,720,2.012455,3.018682,0.223402
6,721,2.002298,3.003448,0.226560
6,722,2.002704,3.004056,0.223655
6,723,2.001631,3.002446,0.223402
6,724,2.000569,3.000853,0.223402
6,725,2.000198,3.000297,0.223402
6,726,2.000069,3.000104,0.223402
6,727,2.018814,3.028220,0.223402
6,728,2.006560,3.009840,0.223402
6,729,2.002287,3.003431,0.223402
6,730,2.000798,3.001196,0.223402
6,731,2.000278,3.000417,0.223402
6,732,2.000097,3.000145,0.223402
6,733,2.000178,3.000267,0.223402
6,734,2.000062,3.000093,0.223402
6,735,1.991782,2.987673,0.242771
6,736,2.002215,3.003322,0.223402
6,737,2.000716,3.001074,0.223402
6,738,2.000254,3.000381,0.223402
6,739,2.011545,3.017318,0.223402
6,740,2.004026,3.006038,0.223402
6,741,2.001404,3.002105,0.223402
6,742,2.000489,3.000734,0.223402
6,743,2.000171,3.000256,0.223402
6,744,2.000060,3.000089,0.223402
6,745,2.010599,3.015899,0.223402
6,746,2.003696,3.005544,0.223402
6,747,1.975808,2.963713,0.297873
6,748,2.010959,3.016438,0.223402
6,749,2.003821,3.005732,0.223402
6,750,2.001332,3.001998,0.223402
6,751,2.000465,3.000697,0.223402
6,752,2.000162,3.000243,0.223402
6,753,2.000056,3.000085,0.223402
6,754,1.992789,2.989183,0.245162
6,755,2.003374,3.005061,0.223402
6,756,2.001177,3.001765,0.223402
6,757,2.000410,3.000615,0.223402
6,758,2.000143,3.000215,0.223402
6,759,1.996511,2.994767,0.231059
6,760,2.002385,3.003578,0.227847
6,761,2.002678,3.004016,0.223402
6,762,2.003066,3.004598,0.229856
6,763,2.001903,3.002854,0.223402
6,764,1.995684,2.993526,0.234738
6,765,2.002027,3.003040,0.223402
6,766,2.000707,3.001060,0.223402
6,767,2.000246,3.000370,0.223402
6,768,2.027809,3.041714,0.223402
6,769,2.009696,3.014545,0.223402
6,770,2.007429,3.011144,0.223402
6,771,1.977293,2.965940,0.294936
6,772,2.009052,3.013578,0.223402
6,773,2.011323,3.016984,0.233265
6,774,2.001484,3.002227,0.239098
6,775,2.005910,3.008865,0.224484
6,776,1.996160,2.994241,0.236581
6,777,2.002162,3.003242,0.223402
6,778,1.997759,2.996638,0.246040
6,779,2.006406,3.009609,0.223402
6,780,2.005103,3.007654,0.223402
6,781,2.001779,3.002669,0.223402
6,782,2.000620,3.000931,0.223402
6,783,2.000216,3.000324,0.223402
6,784,2.000075,3.000113,0.223402
6,785,2.000026,3.000039,0.223402
6,786,2.000009,3.000014,0.223402
6,787,1.999447,2.999170,0.223402
6,788,1.999807,2.999711,0.223402
6,789,1.991147,2.986721,0.253907
6,790,2.033035,3.049553,0.223402
6,791,2.025960,3.038940,0.223402
6,792,2.009052,3.013577,0.223402
6,793,1.995057,2.992586,0.234295
6,794,2.024895,3.037342,0.237911
6,795,2.019332,3.028998,0.223402
6,796,2.006741,3.010111,0.223402
6,797,2.002350,3.003525,0.223402
6,798,2.000819,3.001229,0.223402
6,799,1.997078,2.995616,0.228219
6,800,2.000887,3.001331,0.223402
6,801,1.981703,2.972554,0.260146
6,802,2.007217,3.010825,0.223402
6,803,2.002516,3.003774,0.223402
6,804,1.988658,2.982986,0.249580
6,805,2.002582,3.003873,0.223402
6,806,2.009149,3.013723,0.223402
6,807,1.963084,2.944626,0.313521
6,808,2.006474,3.009711,0.223402
6,809,1.995656,2.993485,0.230241
6,810,2.005103,3.007654,0.223402
6,811,1.939584,2.909376,0.350430
6,812,2.013557,3.020336,0.223402
6,813,2.004727,3.007091,0.223402
6,814,2.012966,3.019450,0.223402
6,815,2.014094,3.021140,0.223402
6,816,2.004914,3.007371,0.223402
6,817,2.001345,3.002017,0.223953
6,818,2.000889,3.001333,0.223402
6,819,2.000310,3.000465,0.223402
6,820,1.954685,2.932028,0.318100
6,821,2.004429,3.006644,0.245715
6,822,2.016559,3.024839,0.223402
6,823,1.956622,2.934932,0.325094
6,824,2.011848,3.017773,0.223402
6,825,2.006963,3.010445,0.223402
6,826,1.990495,2.985742,0.244104
6,827,2.003931,3.005897,0.223402
6,828,1.998115,2.997172,0.233789
6,829,2.000663,3.000994,0.223402
6,830,2.000231,3.000347,0.223402
6,831,2.000081,3.000121,0.223402
6,832,2.000028,3.000042,0.223402
6,833,2.000010,3.000015,0.223402
6,834,1.998277,2.997415,0.228971
6,835,2.000949,3.001423,0.223402
6,836,2.000331,3.000496,0.223402
6,837,1.941788,2.912681,0.336950
6,838,2.006889,3.010333,0.223402
6,839,2.002402,3.003603,0.223402
6,840,1.948434,2.922650,0.330911
6,841,2.007857,3.011785,0.223402
6,842,1.967945,2.951918,0.271360
6,843,1.988011,2.982017,0.290925
6,844,2.013575,3.020363,0.223402
6,845,2.005552,3.008329,0.223402
6,846,2.012936,3.019404,0.236001
6,847,2.006594,3.009891,0.246339
6,848,2.006539,3.009809,0.223402
6,849,2.005701,3.008551,0.223402
6,850,2.006411,3.009617,0.223402
6,851,2.002235,3.003353,0.223402
6,852,2.010253,3.015380,0.223402
6,853,2.003575,3.005363,0.223402
6,854,1.994746,2.992119,0.233618
6,855,2.001842,3.002763,0.223402
6,856,2.000642,3.000963,0.223402
6,857,2.000224,3.000336,0.223402
6,858,2.018678,3.028017,0.223402
6,859,2.006513,3.009769,0.223402
6,860,2.005205,3.007807,0.224709
6,861,2.002215,3.003322,0.223402
6,862,2.000772,3.001158,0.223402
6,863,1.999825,2.999737,0.223402
6,864,1.999939,2.999908,0.223402
6,865,1.964947,2.947421,0.299116
6,866,2.005634,3.008452,0.226400
6,867,2.001990,3.002985,0.228975
6,868,2.002210,3.003315,0.223402
6,869,2.005955,3.008933,0.226310
6,870,1.988574,2.982861,0.269879
6,871,2.010043,3.015065,0.228024
6,872,2.003991,3.005986,0.223402
6,873,2.005239,3.007858,0.269120
6,874,2.028876,3.043313,0.223402
6,875,1.959885,2.939828,0.309450
6,876,2.011717,3.017576,0.223402
6,877,2.004086,3.006128,0.223402
6,878,2.001425,3.002137,0.223402
6,879,2.002627,3.003940,0.223402
6,880,1.985438,2.978156,0.255131
6,881,2.009726,3.014589,0.223402
6,882,2.003391,3.005087,0.223402
6,883,2.003618,3.005427,0.223402
6,884,2.014847,3.022270,0.223402
6,885,2.006880,3.010320,0.223402
6,886,2.002399,3.003598,0.223402
6,887,2.000836,3.001255,0.223402
6,888,1.983483,2.975225,0.257457
6,889,2.006442,3.009662,0.229386
6,890,2.004345,3.006517,0.223402
6,891,2.003217,3.004826,0.223402
6,892,2.001122,3.001683,0.223402
6,893,2.000391,3.000587,0.223402
6,894,2.000136,3.000205,0.223402
6,895,2.000048,3.000071,0.223402
6,896,1.908726,2.863088,0.392601
6,897,2.013563,3.020345,0.223402
6,898,2.004729,3.007094,0.223402
6,899,2.001819,3.002729,0.223402
6,900,2.000634,3.000952,0.223402
6,901,1.972308,2.958462,0.276659
6,902,2.023644,3.035465,0.253584
6,903,2.028343,3.042515,0.223402
6,904,2.009883,3.014824,0.223402
6,905,2.003446,3.005169,0.223402
6,906,2.021520,3.032280,0.223402
6,907,2.007504,3.011255,0.223402
6,908,2.002616,3.003924,0.223402
6,909,1.999542,2.999313,0.224669
6,910,1.990886,2.986328,0.239432
6,911,2.003144,3.004715,0.223402
6,912,2.001096,3.001644,0.223402
6,913,1.966716,2.950074,0.295829
6,914,2.005585,3.008378,0.238119
6,915,2.002613,3.003920,0.229866
6,916,2.008913,3.013369,0.223402
6,917,2.009499,3.014249,0.223402
6,918,2.009600,3.014400,0.223402
6,919,2.013098,3.019648,0.223402
6,920,2.004567,3.006851,0.223402
6,921,2.002550,3.003825,0.223402
6,922,1.996613,2.994919,0.228815
6,923,1.988965,2.983448,0.250564
6,924,2.001569,3.002353,0.225603
6,925,2.009798,3.014697,0.223402
6,926,2.003416,3.005125,0.223402
6,927,1.996045,2.994067,0.230325
6,928,2.000543,3.000815,0.228688
6,929,1.994000,2.991000,0.252787
6,930,2.013381,3.020071,0.223402
6,931,1.998779,2.998169,0.237882
6,932,1.943377,2.915065,0.351819
6,933,2.013763,3.020644,0.223402
6,934,2.004799,3.007198,0.223402
6,935,1.989183,2.983775,0.244420
6,936,1.978914,2.968372,0.279211
6,937,1.988119,2.982179,0.261483
6,938,2.001767,3.002650,0.235536
6,939,2.006069,3.009103,0.223402
6,940,1.986852,2.980278,0.249006
6,941,2.000002,3.000003,0.231053
6,942,1.998840,2.998261,0.233614
6,943,2.009355,3.014032,0.223402
6,944,2.003262,3.004893,0.223402
6,945,2.001137,3.001706,0.223402
6,946,1.953283,2.929925,0.323926
6,947,2.012119,3.018178,0.223402
6,948,2.004226,3.006338,0.223402
6,949,2.003036,3.004553,0.225610
6,950,2.000521,3.000781,0.223402
6,951,2.000182,3.000272,0.223402
6,952,1.948409,2.922614,0.320479
6,953,1.997657,2.996485,0.227263
6,954,2.003390,3.005085,0.223402
6,955,2.001182,3.001773,0.223402
6,956,2.000412,3.000618,0.223402
6,957,1.965331,2.947996,0.307986
6,958,2.007222,3.010833,0.223402
6,959,1.998624,2.997936,0.228113
6,960,1.994390,2.991585,0.223940
6,961,2.010917,3.016375,0.223402
6,962,2.011566,3.017349,0.234377
6,963,2.005951,3.008927,0.223402
6,964,2.002888,3.004332,0.223402
6,965,2.010164,3.015246,0.246499
6,966,2.008061,3.012091,0.227001
6,967,1.989453,2.984179,0.255653
6,968,1.999743,2.999615,0.227834
6,969,2.009243,3.013865,0.238658
6,970,1.978606,2.967909,0.285475
6,971,2.009617,3.014425,0.223402
6,972,2.009935,3.014902,0.223402
6,973,2.003464,3.005196,0.223402
6,974,2.001208,3.001812,0.223402
6,975,2.002156,3.003233,0.229135
6,976,2.001872,3.002808,0.223402
6,977,2.000653,3.000979,0.223402
6,978,2.000228,3.000341,0.223402
6,979,2.000079,3.000119,0.223402
6,980,2.003087,3.004630,0.223402
6,981,2.000932,3.001399,0.223402
6,982,2.002910,3.004365,0.236950
6,983,2.017645,3.026468,0.223402
6,984,2.006153,3.009229,0.223402
6,985,2.017433,3.026150,0.223402
6,986,2.011008,3.016512,0.223402
6,987,2.008266,3.012398,0.223402
6,988,1.997550,2.996325,0.250280
6,989,2.027917,3.041876,0.223402
6,990,2.011486,3.017229,0.223402
6,991,2.004005,3.006007,0.223402
6,992,2.001396,3.002095,0.223402
6,993,2.015245,3.022868,0.223402
6,994,2.031587,3.047380,0.223402
6,995,2.011014,3.016520,0.223402
6,996,1.998619,2.997928,0.234155
6,997,2.003850,3.005775,0.223402
6,998,1.939164,2.908746,0.330322
6,999,2.007076,3.010614,0.223402
6,1000,2.011500,3.017250,0.259607
7,1,2.000191,3.000286,0.223402
7,2,1.994480,2.991720,0.243471
7,3,2.011524,3.017286,0.223402
7,4,2.004018,3.006027,0.223402
7,5,2.001401,3.002102,0.223402
7,6,2.015428,3.023142,0.223402
7,7,2.005379,3.008069,0.223402
7,8,1.977060,2.965590,0.272113
7,9,2.009175,3.013762,0.223402
7,10,2.003199,3.004799,0.223402
7,11,1.980432,2.970648,0.257356
7,12,2.004306,3.006459,0.223402
7,13,2.001502,3.002252,0.223402
7,14,2.000004,3.000007,0.226611
7,15,2.000850,3.001276,0.224385
7,16,1.993793,2.990689,0.229939
7,17,2.003048,3.004571,0.223402
7,18,2.001063,3.001594,0.223402
7,19,2.000371,3.000556,0.223402
7,20,2.000129,3.000194,0.223402
7,21,2.000045,3.000068,0.223402
7,22,1.920522,2.880783,0.404562
7,23,2.017380,3.026070,0.223402
7,24,2.012986,3.019479,0.223402
7,25,2.000400,3.000599,0.258294
7,26,2.009343,3.014015,0.239647
7,27,2.008775,3.013162,0.223402
7,28,2.003060,3.004589,0.223402
7,29,2.001067,3.001600,0.223402
7,30,1.974320,2.961479,0.283511
7,31,1.962849,2.944274,0.310571
7,32,1.948450,2.922676,0.388101
7,33,2.026778,3.040167,0.223402
7,34,2.009337,3.014005,0.223402
7,35,2.003256,3.004883,0.223402
7,36,2.001135,3.001703,0.223402
7,37,2.006226,3.009339,0.223402
7,38,2.002171,3.003256,0.223402
7,39,2.011755,3.017632,0.230407
7,40,2.009360,3.014039,0.223402
7,41,2.003264,3.004895,0.223402
7,42,1.994667,2.992001,0.241639
7,43,1.999268,2.998901,0.243278
7,44,2.023038,3.034556,0.223402
7,45,2.008033,3.012049,0.223402
7,46,1.984235,2.976352,0.261414
7,47,2.003874,3.005811,0.223402
7,48,2.001351,3.002026,0.223402
7,49,1.918095,2.877142,0.392924
7,50,2.021109,3.031663,0.232823
7,51,2.012032,3.018048,0.223402
7,52,1.986796,2.980195,0.254454
7,53,1.999378,2.999066,0.263355
7,54,2.011145,3.016717,0.223402
7,55,2.025348,3.038022,0.223402
7,56,1.946888,2.920332,0.308824
7,57,2.023646,3.035469,0.262449
7,58,2.018269,3.027404,0.223402
7,59,2.007954,3.011931,0.223402
7,60,2.002208,3.003312,0.223402
7,61,1.957223,2.935834,0.301761
7,62,2.006792,3.010188,0.223402
7,63,2.001214,3.001821,0.228109
7,64,1.995642,2.993463,0.259252
7,65,2.019366,3.029050,0.223402
7,66,2.006753,3.010129,0.223402
7,67,2.012770,3.019155,0.223402
7,68,2.006895,3.010343,0.223402
7,69,2.002404,3.003606,0.223402
7,70,2.007210,3.010815,0.223402
7,71,2.021584,3.032376,0.231169
7,72,2.011173,3.016760,0.223402
7,73,2.003896,3.005844,0.223402
7,74,2.040046,3.060069,0.223402
7,75,2.000201,3.000302,0.251778
7,76,2.006745,3.010117,0.223402
7,77,2.002352,3.003528,0.223402
7,78,2.002627,3.003941,0.227781
7,79,2.002079,3.003118,0.223402
7,80,2.000725,3.001087,0.223402
7,81,2.000746,3.001119,0.223402
7,82,1.975556,2.963334,0.265620
7,83,2.008846,3.013268,0.223402
7,84,2.001010,3.001515,0.250523
7,85,2.005089,3.007633,0.223402
7,86,2.002868,3.004303,0.223402
7,87,2.018419,3.027629,0.223402
7,88,2.006422,3.009634,0.223402
7,89,1.998647,2.997970,0.234024
7,90,2.002862,3.004292,0.223402
7,91,2.011287,3.016931,0.228630
7,92,2.041224,3.061836,0.278970
7,93,2.010612,3.015918,0.272834
7,94,2.014860,3.022290,0.223402
7,95,2.013342,3.020013,0.223402
7,96,1.990488,2.985733,0.255009
7,97,2.036333,3.054499,0.223402
7,98,2.012668,3.019003,0.223402
7,99,2.004417,3.006626,0.223402
7,100,2.001540,3.002310,0.223402
7,101,2.000537,3.000806,0.223402
7,102,2.000187,3.000281,0.223402
7,103,2.000065,3.000098,0.223402
7,104,2.000023,3.000034,0.223402
7,105,2.006618,3.009928,0.223402
7,106,2.002308,3.003462,0.223402
7,107,1.992373,2.988559,0.242622
7,108,1.931058,2.896587,0.368172
7,109,2.009108,3.013662,0.223402
7,110,2.006092,3.009138,0.223402
7,111,1.981963,2.972944,0.256418
7,112,2.019804,3.029706,0.223402
7,113,2.006870,3.010305,0.223402
7,114,2.002396,3.003593,0.223402
7,115,2.000835,3.001253,0.223402
7,116,2.000291,3.000437,0.223402
7,117,1.950045,2.925068,0.322879
7,118,2.022181,3.033272,0.223402
7,119,2.007734,3.011601,0.223402
7,120,2.001154,3.001731,0.240664
7,121,2.006258,3.009386,0.223402
7,122,1.993746,2.990619,0.269292
7,123,2.010590,3.015886,0.223402
7,124,2.010635,3.015953,0.223402
7,125,2.006859,3.010288,0.223402
7,126,2.002391,3.003587,0.223402
7,127,2.021278,3.031916,0.239741
7,128,2.010415,3.015622,0.223402
7,129,2.003631,3.005447,0.223402
7,130,1.987854,2.981782,0.245775
7,131,2.010263,3.015395,0.223402
7,132,2.028281,3.042421,0.223402
7,133,2.009861,3.014791,0.223402
7,134,2.013863,3.020794,0.223402
7,135,2.012013,3.018019,0.223402
7,136,1.963095,2.944642,0.322237
7,137,2.014963,3.022444,0.223402
7,138,2.005217,3.007826,0.223402
7,139,2.001819,3.002729,0.223402
7,140,1.992041,2.988061,0.276129
7,141,2.011148,3.016722,0.223402
7,142,2.003887,3.005830,0.223402
7,143,2.001355,3.002033,0.223402
7,144,1.976008,2.964012,0.274629
7,145,2.002376,3.003563,0.223402
7,146,2.002974,3.004462,0.223402
7,147,2.001037,3.001556,0.223402
7,148,2.000013,3.000020,0.223402
7,149,1.889649,2.834473,0.448876
7,150,2.011256,3.016885,0.223402
7,151,2.003925,3.005887,0.223402
7,152,2.001369,3.002053,0.223402
7,153,1.986726,2.980090,0.247185
7,154,2.002515,3.003772,0.223402
7,155,1.978774,2.968161,0.267006
7,156,2.009731,3.014597,0.231289
7,157,2.005912,3.008867,0.223402
7,158,2.002061,3.003092,0.223402
7,159,2.002353,3.003530,0.223402
7,160,2.004522,3.006782,0.223402
7,161,2.004615,3.006922,0.223402
7,162,2.001609,3.002414,0.223402
7,163,2.000561,3.000842,0.223402
7,164,2.000196,3.000293,0.223402
7,165,1.961248,2.941872,0.282166
7,166,2.002368,3.003553,0.224082
7,167,2.009639,3.014459,0.243777
7,168,2.006254,3.009381,0.223402
7,169,1.999353,2.999030,0.223479
7,170,2.000203,3.000305,0.223402
7,171,1.908070,2.862105,0.394327
7,172,2.014041,3.021062,0.223402
7,173,1.993934,2.990900,0.251933
7,174,1.990513,2.985769,0.260152
7,175,2.004294,3.006441,0.223402
7,176,2.001497,3.002246,0.223402
7,177,1.997381,2.996071,0.227439
7,178,2.003582,3.005374,0.223402
7,179,2.031576,3.047364,0.223402
7,180,2.011010,3.016515,0.223402
7,181,2.003839,3.005758,0.223402
7,182,2.001339,3.002008,0.223402
7,183,2.020728,3.031092,0.223402
7,184,1.991098,2.986647,0.245474
7,185,2.005221,3.007832,0.223402
7,186,2.001821,3.002731,0.223402
7,187,2.001878,3.002816,0.223402
7,188,2.000655,3.000982,0.223402
7,189,2.000228,3.000342,0.223402
7,190,2.000191,3.000286,0.229672
7,191,2.002456,3.003684,0.223402
7,192,1.995075,2.992612,0.235609
7,193,2.007385,3.011078,0.223402
7,194,2.006038,3.009057,0.259101
7,195,2.029187,3.043781,0.223402
7,196,1.910729,2.866093,0.390123
7,197,2.028520,3.042780,0.223402
7,198,2.015674,3.023510,0.223402
7,199,2.016382,3.024573,0.227506
7,200,2.007588,3.011382,0.223402
7,201,1.992819,2.989228,0.248266
7,202,2.002024,3.003035,0.223402
7,203,2.000706,3.001058,0.223402
7,204,2.002796,3.004194,0.223402
7,205,1.939203,2.908805,0.344943
7,206,2.021521,3.032281,0.223402
7,207,1.998103,2.997155,0.228401
7,208,2.019228,3.028841,0.223402
7,209,1.983478,2.975217,0.264536
7,210,2.006884,3.010326,0.223402
7,211,1.995783,2.993674,0.240111
7,212,2.046067,3.069100,0.223402
7,213,2.016063,3.024094,0.223402
7,214,2.002569,3.003854,0.231309
7,215,2.016248,3.024371,0.223402
7,216,2.005130,3.007695,0.225427
7,217,2.002161,3.003241,0.223402
7,218,2.000753,3.001130,0.223402
7,219,1.997356,2.996034,0.229466
7,220,1.999857,2.999786,0.223402
7,221,2.009283,3.013925,0.243780
7,222,2.013548,3.020323,0.223402
7,223,2.004724,3.007086,0.223402
7,224,1.997319,2.995979,0.236975
7,225,2.006020,3.009030,0.223402
7,226,1.983561,2.975341,0.268418
7,227,2.040373,3.060560,0.223402
7,228,2.013586,3.020379,0.223402
7,229,2.004737,3.007106,0.223402
7,230,2.001652,3.002478,0.223402
7,231,2.000576,3.000864,0.223402
7,232,2.000201,3.000301,0.223402
7,233,2.000070,3.000105,0.223402
7,234,2.000024,3.000037,0.223402
7,235,2.012100,3.018150,0.223402
7,236,2.004219,3.006329,0.223402
7,237,2.001471,3.002207,0.223402
7,238,2.000513,3.000769,0.223402
7,239,2.000179,3.000268,0.223402
7,240,2.000062,3.000094,0.223402
7,241,2.000022,3.000033,0.223402
7,242,2.000008,3.000011,0.223402
7,243,2.000003,3.000004,0.223402
7,244,2.000001,3.000001,0.223402
7,245,2.000000,3.000000,0.223402
7,246,1.996675,2.995013,0.238412
7,247,2.003806,3.005708,0.223402
7,248,2.003367,3.005051,0.223402
7,249,1.948993,2.923490,0.312989
7,250,2.018099,3.027148,0.223402
7,251,2.006311,3.009466,0.223402
7,252,2.001827,3.002741,0.223402
7,253,1.995793,2.993689,0.253367
7,254,2.008706,3.013059,0.223402
7,255,1.988093,2.982140,0.265568
7,256,2.007239,3.010859,0.223402
7,257,2.002524,3.003786,0.223402
7,258,2.009328,3.013992,0.231223
7,259,2.005697,3.008546,0.223402
7,260,2.002414,3.003621,0.242898
7,261,2.009135,3.013702,0.223402
7,262,2.007658,3.011486,0.223402
7,263,2.023612,3.035418,0.229752
7,264,2.010938,3.016407,0.223402
7,265,2.032888,3.049332,0.226115
7,266,2.015551,3.023327,0.223402
7,267,2.006402,3.009603,0.223402
7,268,2.002232,3.003348,0.223402
7,269,1.978102,2.967153,0.261600
7,270,2.002416,3.003624,0.223402
7,271,2.019013,3.028520,0.223402
7,272,2.009422,3.014133,0.246636
7,273,2.025589,3.038384,0.223402
7,274,2.008922,3.013384,0.223402
7,275,2.003111,3.004667,0.223402
7,276,2.002864,3.004296,0.223402
7,277,2.000999,3.001498,0.223402
7,278,2.000348,3.000522,0.223402
7,279,2.000121,3.000182,0.223402
7,280,2.003469,3.005204,0.223402
7,281,2.001210,3.001815,0.223402
7,282,2.000541,3.000811,0.223402
7,283,2.000189,3.000283,0.223402
7,284,2.012057,3.018085,0.223402
7,285,2.004204,3.006306,0.223402
7,286,2.001466,3.002199,0.223402
7,287,2.000892,3.001337,0.235042
7,288,2.002169,3.003254,0.223402
7,289,2.019475,3.029212,0.245686
7,290,1.983284,2.974926,0.325259
7,291,2.015000,3.022500,0.246616
7,292,1.993124,2.989686,0.256122
7,293,2.006027,3.009040,0.223402
7,294,2.002101,3.003152,0.223402
7,295,2.000733,3.001099,0.223402
7,296,1.992516,2.988774,0.237614
7,297,1.959373,2.939060,0.292571
7,298,2.011856,3.017784,0.223402
7,299,2.004134,3.006201,0.223402
7,300,1.963063,2.944594,0.328163
7,301,1.998862,2.998293,0.257489
7,302,2.020700,3.031050,0.223402
7,303,2.008984,3.013477,0.223402
7,304,2.003133,3.004699,0.223402
7,305,1.994803,2.992205,0.237528
7,306,1.990157,2.985235,0.256161
7,307,1.995054,2.992581,0.238354
7,308,2.003835,3.005753,0.223402
7,309,1.958155,2.937232,0.327396
7,310,2.006352,3.009527,0.233907
7,311,2.009117,3.013676,0.223402
7,312,2.003179,3.004769,0.223402
7,313,1.995959,2.993939,0.244502
7,314,2.004280,3.006421,0.228773
7,315,1.987200,2.980801,0.252995
7,316,1.987702,2.981553,0.260953
7,317,1.994982,2.992473,0.242466
7,318,2.003417,3.005126,0.223402
7,319,2.001192,3.001787,0.223402
7,320,2.000415,3.000623,0.223402
7,321,1.983113,2.974670,0.248733
7,322,2.000870,3.001305,0.223402
7,323,2.000303,3.000455,0.223402
7,324,2.000056,3.000084,0.223402
7,325,2.024739,3.037109,0.223402
7,326,2.008626,3.012939,0.223402
7,327,2.017031,3.025547,0.223402
7,328,2.005938,3.008908,0.223402
7,329,2.000111,3.000166,0.226458
7,330,2.002693,3.004040,0.223402
7,331,2.000939,3.001409,0.223402
7,332,1.954028,2.931041,0.324458
7,333,2.010464,3.015696,0.223402
7,334,1.989865,2.984798,0.256712
7,335,2.018212,3.027318,0.223402
7,336,1.993502,2.990253,0.287644
7,337,2.011335,3.017002,0.223402
7,338,1.954930,2.932395,0.331850
7,339,2.014357,3.021536,0.223402
7,340,2.005006,3.007509,0.223402
7,341,2.005967,3.008950,0.223402
7,342,1.979032,2.968547,0.265212
7,343,1.999449,2.999174,0.225547
7,344,2.002493,3.003740,0.223402
7,345,2.000869,3.001304,0.223402
7,346,1.999474,2.999210,0.223402
7,347,1.999021,2.998531,0.226134
7,348,1.989730,2.984594,0.248493
7,349,2.012476,3.018714,0.223402
7,350,1.917663,2.876495,0.380041
7,351,1.987334,2.981001,0.286813
7,352,2.008671,3.013007,0.223402
7,353,2.003024,3.004535,0.223402
7,354,2.000901,3.001351,0.223402
7,355,1.996388,2.994582,0.239652
7,356,2.003862,3.005794,0.223402
7,357,2.001347,3.002020,0.223402
7,358,2.002164,3.003246,0.223402
7,359,2.002508,3.003762,0.246311
7,360,2.005450,3.008174,0.223731
7,361,1.986446,2.979669,0.253619
7,362,2.001499,3.002249,0.223402
7,363,2.002194,3.003291,0.241855
7,364,2.012855,3.019282,0.223402
7,365,2.010431,3.015646,0.231010
7,366,2.006467,3.009700,0.223402
7,367,2.013719,3.020578,0.243655
7,368,2.010440,3.015660,0.223402
7,369,2.004016,3.006024,0.223402
7,370,1.997284,2.995927,0.233628
7,371,1.991650,2.987475,0.249882
7,372,2.004547,3.006821,0.223402
7,373,2.001586,3.002378,0.223402
7,374,2.012882,3.019323,0.251529
7,375,2.011214,3.016822,0.223402
7,376,2.004757,3.007135,0.223402
7,377,2.001659,3.002488,0.223402
7,378,2.000578,3.000868,0.223402
7,379,1.995580,2.993371,0.244792
7,380,2.014050,3.021075,0.223402
7,381,1.996824,2.995236,0.236983
7,382,2.003012,3.004518,0.223402
7,383,1.972749,2.959123,0.281513
7,384,2.004873,3.007309,0.223402
7,385,2.002358,3.003537,0.227000
7,386,1.991870,2.987804,0.241261
7,387,2.002203,3.003305,0.223402
7,388,1.977847,2.966770,0.260869
7,389,2.013855,3.020782,0.223402
7,390,2.000204,3.000306,0.228963
7,391,2.014139,3.021209,0.223402
7,392,1.989515,2.984273,0.249937
7,393,2.005940,3.008911,0.223402
7,394,1.963457,2.945186,0.278700
7,395,2.017543,3.026314,0.223402
7,396,2.006117,3.009175,0.223402
7,397,2.018025,3.027038,0.223402
7,398,2.006285,3.009427,0.223402
7,399,2.002191,3.003287,0.223402
7,400,2.000764,3.001146,0.223402
7,401,2.000266,3.000400,0.223402
7,402,2.000093,3.000139,0.223402
7,403,2.000809,3.001214,0.240273
7,404,2.003856,3.005784,0.223402
7,405,2.001345,3.002017,0.223402
7,406,1.995928,2.993892,0.230011
7,407,2.000149,3.000224,0.223402
7,408,1.988532,2.982798,0.244251
7,409,2.002183,3.003274,0.223402
7,410,1.913089,2.869633,0.390735
7,411,2.014375,3.021562,0.254070
7,412,2.011446,3.017170,0.223402
7,413,2.011951,3.017926,0.223402
7,414,2.004167,3.006250,0.223402
7,415,2.003126,3.004690,0.223402
7,416,2.001921,3.002881,0.223402
7,417,2.007520,3.011281,0.223402
7,418,2.002622,3.003933,0.223402
7,419,2.011194,3.016791,0.223402
7,420,2.006091,3.009137,0.223402
7,421,1.998182,2.997273,0.242246
7,422,2.005576,3.008364,0.223402
7,423,1.997462,2.996193,0.260809
7,424,2.008156,3.012234,0.223402
7,425,2.002844,3.004266,0.223402
7,426,2.000992,3.001487,0.223402
7,427,1.938476,2.907715,0.336266
7,428,2.007799,3.011698,0.260548
7,429,2.058237,3.087356,0.223402
7,430,2.020665,3.030998,0.223402
7,431,2.007206,3.010808,0.223402
7,432,1.980571,2.970856,0.264165
7,433,2.001714,3.002571,0.227924
7,434,2.001073,3.001609,0.223402
7,435,2.014577,3.021865,0.223402
7,436,1.965787,2.948680,0.299352
7,437,2.005197,3.007795,0.223402
7,438,2.020050,3.030074,0.223402
7,439,2.021120,3.031679,0.232314
7,440,2.015329,3.022993,0.223402
7,441,2.005345,3.008017,0.223402
7,442,1.996989,2.995484,0.243308
7,443,2.001774,3.002661,0.223402
7,444,2.000618,3.000928,0.223402
7,445,2.013401,3.020101,0.223402
7,446,1.994863,2.992295,0.233189
7,447,2.008844,3.013266,0.223402
7,448,1.999811,2.999717,0.236286
7,449,2.006191,3.009286,0.223402
7,450,2.002159,3.003238,0.223402
7,451,1.980571,2.970857,0.261790
7,452,1.955803,2.933704,0.339894
7,453,2.011878,3.017817,0.223402
7,454,2.004121,3.006182,0.224028
7,455,2.002909,3.004363,0.224108
7,456,2.001827,3.002741,0.223402
7,457,2.020132,3.030198,0.231774
7,458,2.047065,3.070598,0.237333
7,459,2.020720,3.031080,0.223402
7,460,2.007225,3.010837,0.223402
7,461,2.002519,3.003779,0.223402
7,462,2.000878,3.001318,0.223402
7,463,1.996633,2.994950,0.230999
7,464,1.990651,2.985977,0.248800
7,465,1.955526,2.933289,0.316515
7,466,2.010447,3.015671,0.223402
7,467,1.968797,2.953195,0.284426
7,468,2.019757,3.029635,0.225622
7,469,2.001629,3.002443,0.241473
7,470,2.005196,3.007794,0.227038
7,471,2.003366,3.005049,0.223402
7,472,2.004372,3.006558,0.224570
7,473,2.001712,3.002567,0.223402
7,474,1.997915,2.996873,0.234196
7,475,2.002740,3.004109,0.223402
7,476,1.987807,2.981711,0.249007
7,477,2.007196,3.010794,0.223402
7,478,1.963212,2.944819,0.290930
7,479,1.933457,2.900186,0.426871
7,480,2.038015,3.057022,0.223402
7,481,2.017168,3.025752,0.223402
7,482,1.983684,2.975526,0.274053
7,483,2.007648,3.011472,0.223402
7,484,2.002667,3.004000,0.223402
7,485,1.959500,2.939249,0.292402
7,486,2.006285,3.009428,0.242320
7,487,2.020655,3.030982,0.233239
7,488,2.018104,3.027155,0.223402
7,489,2.006312,3.009469,0.223402
7,490,2.002201,3.003301,0.223402
7,491,2.000767,3.001151,0.223402
7,492,2.001724,3.002586,0.223402
7,493,1.955573,2.933360,0.316354
7,494,2.009730,3.014594,0.223402
7,495,2.003393,3.005089,0.223402
7,496,2.001183,3.001774,0.223402
7,497,2.000412,3.000619,0.223402
7,498,2.022439,3.033659,0.223402
7,499,2.012078,3.018117,0.233905
7,500,2.005514,3.008271,0.223402
7,501,2.001923,3.002884,0.223402
7,502,1.991938,2.987908,0.251126
7,503,2.004814,3.007222,0.223402
7,504,2.001679,3.002518,0.223402
7,505,2.010517,3.015775,0.223402
7,506,1.979486,2.969230,0.279435
7,507,2.032823,3.049234,0.245699
7,508,2.007257,3.010886,0.234083
7,509,2.024565,3.036848,0.223402
7,510,2.005933,3.008899,0.247026
7,511,2.002430,3.003646,0.272696
7,512,2.010302,3.015453,0.223402
7,513,2.003592,3.005388,0.223402
7,514,1.973296,2.959944,0.274743
7,515,1.990595,2.985892,0.242550
7,516,2.001326,3.001989,0.223402
7,517,2.001203,3.001805,0.223402
7,518,2.000419,3.000629,0.223402
7,519,2.000146,3.000219,0.223402
7,520,2.000051,3.000076,0.223402
7,521,2.000465,3.000698,0.223402
7,522,2.000162,3.000243,0.223402
7,523,1.942600,2.913899,0.315929
7,524,2.006527,3.009791,0.223402
7,525,1.940246,2.910368,0.355692
7,526,2.007286,3.010929,0.241744
7,527,2.023803,3.035705,0.223402
7,528,2.007808,3.011712,0.223402
7,529,2.002723,3.004084,0.223402
7,530,2.000949,3.001424,0.223402
7,531,2.001096,3.001644,0.223402
7,532,2.019515,3.029273,0.223402
7,533,1.994421,2.991632,0.240590
7,534,1.991767,2.987650,0.247861
7,535,2.002959,3.004439,0.223402
7,536,2.000568,3.000851,0.223402
7,537,1.998248,2.997373,0.238546
7,538,2.001992,3.002988,0.223402
7,539,2.000695,3.001042,0.223402
7,540,2.000242,3.000363,0.223402
7,541,1.998307,2.997461,0.225715
7,542,1.972081,2.958121,0.269259
7,543,2.007003,3.010504,0.223402
7,544,2.036324,3.054486,0.223402
7,545,2.012665,3.018998,0.223402
7,546,2.004416,3.006624,0.223402
7,547,2.001540,3.002310,0.223402
7,548,1.995526,2.993289,0.229662
7,549,1.960333,2.940499,0.326203
7,550,2.014838,3.022256,0.223402
7,551,1.999194,2.998791,0.231844
7,552,2.001123,3.001685,0.223402
7,553,2.000392,3.000588,0.223402
7,554,2.016582,3.024874,0.223402
7,555,2.005782,3.008673,0.223402
7,556,1.972168,2.958251,0.290482
7,557,2.020503,3.030755,0.223402
7,558,1.957108,2.935662,0.365506
7,559,2.022660,3.033989,0.223402
7,560,2.007901,3.011851,0.223402
7,561,2.002755,3.004132,0.223402
7,562,1.994950,2.992426,0.235200
7,563,2.007897,3.011845,0.225775
7,564,2.003342,3.005013,0.223402
7,565,1.995093,2.992640,0.238559
7,566,1.996813,2.995220,0.235182
7,567,2.000979,3.001469,0.223402
7,568,1.995838,2.993757,0.234285
7,569,2.000115,3.000172,0.228265
7,570,2.003033,3.004550,0.223402
7,571,2.001058,3.001587,0.223402
7,572,2.013558,3.020337,0.237720
7,573,2.009080,3.013620,0.223402
7,574,2.003166,3.004749,0.223402
7,575,2.001144,3.001715,0.223402
7,576,2.000399,3.000598,0.223402
7,577,2.008021,3.012031,0.224252
7,578,2.005065,3.007598,0.223402
7,579,2.004117,3.006175,0.223402
7,580,1.983286,2.974930,0.258045
7,581,1.997013,2.995519,0.251237
7,582,2.008145,3.012218,0.223402
7,583,2.002840,3.004260,0.223402
7,584,2.002307,3.003460,0.223402
7,585,2.000804,3.001206,0.223402
7,586,2.000280,3.000421,0.223402
7,587,2.033800,3.050700,0.223402
7,588,2.011785,3.017678,0.223402
7,589,2.004109,3.006164,0.223402
7,590,1.997826,2.996739,0.246528
7,591,2.008896,3.013344,0.223402
7,592,2.010367,3.015551,0.223402
7,593,2.003615,3.005422,0.223402
7,594,2.001260,3.001891,0.223402
7,595,1.999867,2.999800,0.227123
7,596,1.957677,2.936515,0.302698
7,597,2.015469,3.023203,0.230005
7,598,1.999303,2.998955,0.256044
7,599,1.990705,2.986058,0.259175
7,600,2.008933,3.013400,0.223402
7,601,1.995010,2.992514,0.255217
7,602,2.010942,3.016413,0.223402
7,603,2.013008,3.019512,0.223402
7,604,2.033652,3.050479,0.223402
7,605,2.011734,3.017601,0.223402
7,606,2.004091,3.006137,0.223402
7,607,1.965907,2.948861,0.287604
7,608,2.011160,3.016739,0.223402
7,609,2.003891,3.005837,0.223402
7,610,2.003010,3.004515,0.223402
7,611,2.009511,3.014266,0.228859
7,612,2.002058,3.003086,0.224715
7,613,2.001797,3.002695,0.223402
7,614,2.000626,3.000940,0.223402
7,615,2.000218,3.000328,0.223402
7,616,2.000076,3.000114,0.223402
7,617,2.000027,3.000040,0.223402
7,618,2.033748,3.050622,0.223642
7,619,2.012866,3.019299,0.223402
7,620,1.999863,2.999794,0.234987
7,621,2.002048,3.003072,0.227897
7,622,2.021984,3.032976,0.223402
7,623,2.023945,3.035918,0.223402
7,624,2.008349,3.012524,0.223402
7,625,2.024740,3.037110,0.242423
7,626,2.014012,3.021018,0.223402
7,627,2.010280,3.015419,0.223402
7,628,2.003584,3.005376,0.223402
7,629,2.001250,3.001875,0.223402
7,630,2.000436,3.000654,0.223402
7,631,2.000152,3.000228,0.223402
7,632,1.999947,2.999921,0.223402
7,633,1.993797,2.990695,0.241001
7,634,2.008592,3.012888,0.223402
7,635,2.007758,3.011638,0.228555
7,636,1.990252,2.985378,0.264697
7,637,2.005211,3.007817,0.223402
7,638,2.001363,3.002044,0.248629
7,639,2.006137,3.009205,0.223402
7,640,2.002140,3.003210,0.223402
7,641,2.006546,3.009819,0.223402
7,642,2.002282,3.003424,0.223402
7,643,1.996906,2.995360,0.235666
7,644,2.004258,3.006387,0.223402
7,645,2.002103,3.003154,0.241179
7,646,2.010568,3.015852,0.223402
7,647,2.003685,3.005527,0.223402
7,648,2.001318,3.001977,0.223402
7,649,2.017595,3.026392,0.223402
7,650,2.007484,3.011226,0.238199
7,651,2.005286,3.007929,0.223402
7,652,2.001843,3.002765,0.223402
7,653,2.000643,3.000964,0.223402
7,654,2.000224,3.000336,0.223402
7,655,1.989117,2.983676,0.241107
7,656,2.014429,3.021643,0.227666
7,657,2.010687,3.016030,0.223402
7,658,2.003726,3.005589,0.223402
7,659,1.994272,2.991408,0.232907
7,660,1.993457,2.990186,0.229324
7,661,2.008531,3.012797,0.223402
7,662,1.995148,2.992722,0.242580
7,663,2.010995,3.016492,0.223402
7,664,1.991437,2.987155,0.252359
7,665,2.006124,3.009187,0.223402
7,666,2.002135,3.003203,0.223402
7,667,2.001145,3.001718,0.223402
7,668,2.000399,3.000599,0.223402
7,669,2.000139,3.000209,0.223402
7,670,2.000049,3.000073,0.223402
7,671,2.004393,3.006589,0.223402
7,672,2.001219,3.001828,0.226150
7,673,2.001060,3.001590,0.223402
7,674,2.000370,3.000554,0.223402
7,675,2.000129,3.000193,0.223402
7,676,2.000045,3.000067,0.223402
7,677,2.000016,3.000023,0.223402
7,678,2.017700,3.026550,0.223402
7,679,2.006172,3.009257,0.223402
7,680,2.009720,3.014580,0.223402
7,681,2.003389,3.005084,0.223402
7,682,1.994440,2.991660,0.252513
7,683,2.007719,3.011578,0.223402
7,684,1.999727,2.999590,0.289452
7,685,2.021810,3.032715,0.223402
7,686,1.964654,2.946981,0.309427
7,687,2.013559,3.020339,0.223402
7,688,2.004728,3.007092,0.223402
7,689,2.011501,3.017252,0.223402
7,690,2.004010,3.006015,0.223402
7,691,1.994757,2.992135,0.241265
7,692,2.012247,3.018371,0.223402
7,693,2.004270,3.006406,0.223402
7,694,2.001489,3.002234,0.223402
7,695,2.000519,3.000779,0.223402
7,696,2.004208,3.006313,0.234990
7,697,1.969973,2.954959,0.308739
7,698,2.011777,3.017665,0.230277
7,699,2.018976,3.028464,0.229747
7,700,2.009678,3.014517,0.223402
7,701,1.984437,2.976656,0.260785
7,702,2.004397,3.006595,0.223402
7,703,2.001313,3.001970,0.223402
7,704,1.983545,2.975318,0.262492
7,705,2.007855,3.011782,0.223402
7,706,2.002739,3.004108,0.223402
7,707,2.003111,3.004666,0.223402
7,708,2.001085,3.001627,0.223402
7,709,2.000378,3.000567,0.223402
7,710,2.000132,3.000198,0.223402
7,711,2.000046,3.000069,0.223402
7,712,2.000016,3.000024,0.223402
7,713,1.957969,2.936954,0.294647
7,714,2.007485,3.011227,0.223402
7,715,2.002610,3.003915,0.223402
7,716,2.000910,3.001365,0.223402
7,717,2.032511,3.048767,0.223402
7,718,2.021349,3.032023,0.232170
7,719,2.009392,3.014088,0.223402
7,720,2.003275,3.004912,0.223402
7,721,2.016427,3.024641,0.223402
7,722,2.005728,3.008592,0.223402
7,723,2.001997,3.002996,0.223402
7,724,2.000696,3.001045,0.223402
7,725,2.011428,3.017142,0.223402
7,726,1.959589,2.939383,0.310540
7,727,2.016983,3.025474,0.223402
7,728,2.012226,3.018339,0.223402
7,729,2.004263,3.006394,0.223402
7,730,2.001486,3.002230,0.223402
7,731,2.000518,3.000777,0.223402
7,732,1.934375,2.901563,0.333950
7,733,2.008701,3.013052,0.223759
7,734,2.009754,3.014630,0.223402
7,735,2.003401,3.005101,0.223402
7,736,1.997617,2.996426,0.245848
7,737,2.014031,3.021047,0.223402
7,738,2.004892,3.007339,0.223402
7,739,2.006117,3.009175,0.241948
7,740,2.019335,3.029002,0.223402
7,741,2.006742,3.010113,0.223402
7,742,1.992620,2.988930,0.232919
7,743,2.000708,3.001062,0.249798
7,744,2.003388,3.005082,0.234382
7,745,2.011425,3.017137,0.223402
7,746,2.007409,3.011114,0.223402
7,747,2.002584,3.003875,0.223402
7,748,2.000901,3.001351,0.223402
7,749,2.000314,3.000471,0.223402
7,750,2.000110,3.000164,0.223402
7,751,2.010701,3.016051,0.238979
7,752,2.006032,3.009048,0.223402
7,753,2.016150,3.024225,0.223402
7,754,1.994818,2.992228,0.246376
7,755,2.019973,3.029960,0.223402
7,756,2.007156,3.010734,0.240341
7,757,2.008695,3.013043,0.223402
7,758,2.011742,3.017613,0.223402
7,759,2.021962,3.032944,0.223402
7,760,1.992113,2.988169,0.245513
7,761,2.010689,3.016033,0.223402
7,762,2.014475,3.021712,0.229139
7,763,2.005904,3.008856,0.223402
7,764,2.002059,3.003088,0.223402
7,765,2.000718,3.001077,0.223402
7,766,2.000250,3.000375,0.223402
7,767,2.000087,3.000131,0.223402
7,768,1.988478,2.982717,0.249212
7,769,2.003833,3.005749,0.223402
7,770,1.996053,2.994080,0.233218
7,771,1.996798,2.995197,0.233000
7,772,2.009253,3.013880,0.223402
7,773,2.014088,3.021132,0.230521
7,774,1.980115,2.970172,0.272396
7,775,1.994394,2.991592,0.232812
7,776,2.004911,3.007367,0.241199
7,777,1.973059,2.959589,0.281039
7,778,2.005010,3.007515,0.223402
7,779,1.971348,2.957022,0.277709
7,780,1.908294,2.862441,0.426452
7,781,2.025441,3.038161,0.223402
7,782,2.008871,3.013306,0.223402
7,783,2.003093,3.004640,0.223402
7,784,2.024061,3.036092,0.223402
7,785,2.008390,3.012584,0.223402
7,786,2.002925,3.004388,0.223402
7,787,2.001020,3.001530,0.223402
7,788,2.000356,3.000533,0.223402
7,789,2.000124,3.000186,0.223402
7,790,2.000043,3.000065,0.223402
7,791,2.000015,3.000023,0.223402
7,792,1.983431,2.975147,0.251156
7,793,2.003405,3.005108,0.223402
7,794,1.996576,2.994863,0.223731
7,795,1.997089,2.995633,0.230083
7,796,2.028952,3.043428,0.229930
7,797,2.012357,3.018535,0.223402
7,798,2.005455,3.008182,0.223402
7,799,2.001902,3.002853,0.223402
7,800,1.892395,2.838593,0.414094
7,801,2.015525,3.023288,0.223402
7,802,2.005413,3.008120,0.223402
7,803,2.001888,3.002831,0.223402
7,804,2.000658,3.000987,0.223402
7,805,2.000229,3.000344,0.223402
7,806,2.005323,3.007984,0.231572
7,807,2.004383,3.006574,0.223402
7,808,2.004796,3.007194,0.226716
7,809,2.007814,3.011721,0.223402
7,810,2.025698,3.038547,0.223402
7,811,2.013936,3.020903,0.262292
7,812,1.996317,2.994476,0.276558
7,813,2.012262,3.018393,0.223402
7,814,2.004276,3.006413,0.223402
7,815,2.001491,3.002236,0.223402
7,816,2.000520,3.000780,0.223402
7,817,2.000181,3.000272,0.223402
7,818,1.974161,2.961241,0.269470
7,819,2.029149,3.043724,0.223402
7,820,2.006839,3.010259,0.229877
7,821,2.016097,3.024145,0.223402
7,822,2.005613,3.008419,0.223402
7,823,2.003884,3.005827,0.247135
7,824,2.021049,3.031573,0.225776
7,825,2.009280,3.013920,0.223402
7,826,2.003236,3.004854,0.223402
7,827,2.001128,3.001692,0.223402
7,828,2.001917,3.002875,0.223402
7,829,2.000668,3.001003,0.223402
7,830,2.000749,3.001124,0.223402
7,831,2.012484,3.018726,0.223402
7,832,2.004496,3.006743,0.223402
7,833,2.001568,3.002351,0.223402
7,834,1.958497,2.937745,0.307006
7,835,2.015944,3.023916,0.257857
7,836,2.025919,3.038879,0.231989
7,837,2.010621,3.015932,0.225677
7,838,2.004538,3.006807,0.223402
7,839,2.001582,3.002373,0.223402
7,840,2.004575,3.006862,0.223402
7,841,2.001595,3.002393,0.223402
7,842,2.000556,3.000834,0.223402
7,843,2.011087,3.016631,0.223402
7,844,2.009143,3.013715,0.223402
7,845,1.963047,2.944570,0.304744
7,846,1.993176,2.989764,0.240786
7,847,2.005109,3.007663,0.227975
7,848,2.002219,3.003329,0.235641
7,849,1.985873,2.978810,0.269547
7,850,1.967956,2.951933,0.311109
7,851,2.005585,3.008378,0.249623
7,852,2.010216,3.015323,0.223402
7,853,2.003562,3.005343,0.223402
7,854,2.001242,3.001863,0.223402
7,855,2.000433,3.000650,0.223402
7,856,2.000151,3.000226,0.223402
7,857,2.000053,3.000079,0.223402
7,858,2.000321,3.000481,0.223402
7,859,1.994479,2.991719,0.238415
7,860,2.001197,3.001795,0.223402
7,861,2.000417,3.000626,0.223402
7,862,2.019390,3.029085,0.223402
7,863,2.022956,3.034434,0.223402
7,864,2.008004,3.012006,0.223402
7,865,2.002791,3.004186,0.223402
7,866,1.971361,2.957041,0.262298
7,867,2.022959,3.034439,0.223402
7,868,2.008005,3.012008,0.223402
7,869,1.992701,2.989052,0.240911
7,870,1.951017,2.926525,0.312328
7,871,2.016110,3.024164,0.223402
7,872,1.971108,2.956663,0.298979
7,873,2.005301,3.007951,0.235613
7,874,2.006157,3.009235,0.223402
7,875,2.002147,3.003220,0.223402
7,876,2.005546,3.008318,0.223402
7,877,1.977250,2.965875,0.284490
7,878,2.008346,3.012520,0.223402
7,879,2.002910,3.004365,0.223402
7,880,2.001015,3.001522,0.223402
7,881,1.999265,2.998898,0.223402
7,882,1.999744,2.999616,0.223402
7,883,2.001803,3.002704,0.228555
7,884,2.024036,3.036054,0.223402
7,885,2.008381,3.012571,0.223402
7,886,2.003203,3.004805,0.223402
7,887,1.987500,2.981251,0.259478
7,888,2.004709,3.007064,0.223402
7,889,2.001222,3.001833,0.226844
7,890,2.001149,3.001723,0.223402
7,891,2.000401,3.000601,0.223402
7,892,1.985934,2.978900,0.259637
7,893,1.996399,2.994598,0.235908
7,894,2.007340,3.011009,0.223402
7,895,2.002559,3.003839,0.223402
7,896,2.000892,3.001338,0.223402
7,897,1.915854,2.873781,0.407181
7,898,2.017634,3.026451,0.228513
7,899,2.012855,3.019283,0.223402
7,900,1.993285,2.989927,0.247389
7,901,2.003485,3.005228,0.223402
7,902,2.000796,3.001193,0.223402
7,903,1.930281,2.895422,0.371809
7,904,2.013008,3.019512,0.223402
7,905,2.004536,3.006804,0.223402
7,906,2.001582,3.002372,0.223402
7,907,2.000680,3.001020,0.243582
7,908,2.003044,3.004565,0.239595
7,909,1.994776,2.992164,0.284276
7,910,2.020934,3.031401,0.223402
7,911,2.005762,3.008644,0.228340
7,912,2.000017,3.000026,0.229517
7,913,2.001396,3.002094,0.223402
7,914,1.999320,2.998980,0.226564
7,915,2.013765,3.020648,0.223402
7,916,2.015666,3.023498,0.223402
7,917,1.993463,2.990195,0.274745
7,918,2.010602,3.015902,0.223402
7,919,2.006733,3.010100,0.223402
7,920,2.003066,3.004600,0.230417
7,921,2.007907,3.011861,0.236356
7,922,1.995982,2.993973,0.257729
7,923,2.013161,3.019741,0.223402
7,924,2.004589,3.006883,0.223402
7,925,2.001600,3.002400,0.223402
7,926,2.003752,3.005628,0.223402
7,927,1.996018,2.994028,0.236810
7,928,1.979388,2.969082,0.265014
7,929,2.006260,3.009390,0.233945
7,930,2.005798,3.008696,0.223402
7,931,2.002022,3.003032,0.223402
7,932,2.002242,3.003363,0.223402
7,933,2.000782,3.001173,0.223402
7,934,2.000273,3.000409,0.223402
7,935,2.002285,3.003427,0.251112
7,936,2.006195,3.009293,0.223402
7,937,2.010938,3.016406,0.227639
7,938,2.009261,3.013892,0.223402
7,939,1.966222,2.949332,0.324002
7,940,2.016780,3.025171,0.223402
7,941,2.005851,3.008776,0.223402
7,942,1.983597,2.975396,0.256467
7,943,2.007779,3.011669,0.223402
7,944,2.002382,3.003574,0.223402
7,945,1.948823,2.923235,0.348209
7,946,2.015243,3.022864,0.223402
7,947,1.999446,2.999169,0.240850
7,948,2.001345,3.002018,0.225950
7,949,2.006266,3.009399,0.223402
7,950,2.002185,3.003277,0.223402
7,951,1.984774,2.977161,0.267927
7,952,2.004111,3.006167,0.228582
7,953,2.002068,3.003103,0.223402
7,954,2.000721,3.001082,0.223402
7,955,2.001670,3.002506,0.230059
7,956,1.954242,2.931363,0.303232
7,957,1.984529,2.976793,0.282152
7,958,1.996065,2.994097,0.251937
7,959,2.019164,3.028746,0.223402
7,960,2.020859,3.031289,0.223402
7,961,1.980629,2.970944,0.287846
7,962,1.980911,2.971367,0.279661
7,963,2.005462,3.008192,0.223402
7,964,2.001904,3.002857,0.223402
7,965,2.006688,3.010031,0.223402
7,966,1.997918,2.996877,0.244954
7,967,2.011535,3.017302,0.231070
7,968,2.016827,3.025240,0.223402
7,969,2.005867,3.008801,0.223402
7,970,2.002046,3.003069,0.223402
7,971,2.000713,3.001070,0.223402
7,972,1.960943,2.941414,0.316002
7,973,2.008307,3.012461,0.223402
7,974,2.003173,3.004760,0.230739
7,975,2.002190,3.003285,0.223402
7,976,1.948941,2.923411,0.368349
7,977,1.975240,2.962859,0.312986
7,978,2.013635,3.020453,0.223402
7,979,2.004754,3.007131,0.223402
7,980,2.031701,3.047552,0.223402
7,981,2.020319,3.030478,0.223460
7,982,2.003212,3.004818,0.248385
7,983,2.008805,3.013208,0.223402
7,984,2.003070,3.004605,0.223402
7,985,1.990350,2.985525,0.249268
7,986,2.004088,3.006132,0.232541
7,987,2.001485,3.002228,0.228638
7,988,1.993645,2.990468,0.268038
7,989,2.009296,3.013943,0.223402
7,990,2.003241,3.004862,0.223402
7,991,1.967376,2.951064,0.279381
7,992,2.009264,3.013896,0.223402
7,993,2.003230,3.004845,0.223402
7,994,1.989936,2.984903,0.290633
7,995,2.013940,3.020910,0.223591
7,996,1.974752,2.962128,0.290513
7,997,2.009350,3.014025,0.223402
7,998,2.008516,3.012774,0.223402
7,999,2.003828,3.005743,0.223402
7,1000,2.002072,3.003107,0.233293
8,1,2.003898,3.005847,0.223402
8,2,1.990905,2.986357,0.252201
8,3,2.019491,3.029237,0.230531
8,4,2.027247,3.040870,0.223402
8,5,2.009500,3.014250,0.223402
8,6,2.003313,3.004969,0.223402
8,7,1.995437,2.993156,0.236699
8,8,1.978520,2.967780,0.261544
8,9,1.994522,2.991782,0.275405
8,10,2.014684,3.022027,0.223402
8,11,2.005120,3.007680,0.223402
8,12,2.001785,3.002678,0.223402
8,13,2.000622,3.000934,0.223402
8,14,2.000217,3.000326,0.223402
8,15,2.000076,3.000114,0.223402
8,16,1.926300,2.889451,0.378117
8,17,2.011018,3.016528,0.223402
8,18,2.003842,3.005763,0.223402
8,19,2.000002,3.000003,0.242902
8,20,1.971986,2.957978,0.275503
8,21,2.016070,3.024105,0.238767
8,22,2.009653,3.014480,0.223402
8,23,1.997833,2.996749,0.251694
8,24,2.004613,3.006920,0.223402
8,25,1.960789,2.941183,0.289016
8,26,2.014014,3.021021,0.223402
8,27,2.004886,3.007330,0.223402
8,28,2.001704,3.002556,0.223402
8,29,1.977182,2.965772,0.272705
8,30,2.007595,3.011392,0.223402
8,31,2.014550,3.021824,0.223402
8,32,1.982581,2.973871,0.273390
8,33,1.998558,2.997836,0.251512
8,34,2.015934,3.023901,0.251588
8,35,2.013894,3.020841,0.223402
8,36,2.005273,3.007909,0.223402
8,37,1.976450,2.964676,0.269391
8,38,2.012718,3.019077,0.223402
8,39,2.004435,3.006652,0.223402
8,40,1.999926,2.999889,0.223402
8,41,1.999974,2.999961,0.223402
8,42,1.999991,2.999987,0.223402
8,43,1.999997,2.999995,0.223402
8,44,1.997301,2.995951,0.227409
8,45,1.995254,2.992881,0.225523
8,46,1.984713,2.977070,0.251213
8,47,2.012490,3.018735,0.223402
8,48,1.892281,2.838421,0.438721
8,49,2.040457,3.060685,0.223402
8,50,2.014641,3.021962,0.234929
8,51,1.982318,2.973478,0.272343
8,52,2.014065,3.021097,0.223402
8,53,2.007011,3.010516,0.223402
8,54,1.989713,2.984570,0.249495
8,55,2.012375,3.018562,0.223402
8,56,2.021048,3.031572,0.235879
8,57,2.025730,3.038595,0.226887
8,58,2.012175,3.018262,0.223402
8,59,2.018066,3.027099,0.223402
8,60,2.008132,3.012198,0.223402
8,61,2.007699,3.011548,0.223402
8,62,2.006689,3.010033,0.223402
8,63,2.002332,3.003498,0.223402
8,64,2.000813,3.001220,0.223402
8,65,2.012490,3.018734,0.273027
8,66,2.022195,3.033292,0.223402
8,67,2.007739,3.011608,0.223402
8,68,2.002698,3.004048,0.223402
8,69,2.000941,3.001411,0.223402
8,70,1.995280,2.992920,0.242481
8,71,2.008577,3.012866,0.243479
8,72,2.007561,3.011342,0.244474
8,73,2.008608,3.012912,0.223402
8,74,2.003001,3.004502,0.223402
8,75,1.940701,2.911052,0.373601
8,76,2.044244,3.066366,0.223402
8,77,2.015646,3.023469,0.231446
8,78,2.007602,3.011402,0.223402
8,79,2.002651,3.003976,0.223402
8,80,1.948847,2.923270,0.322041
8,81,1.996667,2.995000,0.261831
8,82,2.008888,3.013331,0.223402
8,83,2.003099,3.004648,0.223402
8,84,2.001081,3.001621,0.223402
8,85,1.992481,2.988721,0.242042
8,86,2.004302,3.006452,0.223402
8,87,2.001500,3.002250,0.223402
8,88,2.000523,3.000784,0.223402
8,89,2.000182,3.000274,0.223402
8,90,2.000064,3.000095,0.223402
8,91,2.000022,3.000033,0.223402
8,92,1.998748,2.998122,0.236508
8,93,2.001509,3.002263,0.223402
8,94,1.987675,2.981512,0.268048
8,95,2.006597,3.009896,0.253329
8,96,1.991763,2.987644,0.263347
8,97,2.000634,3.000951,0.307439
8,98,2.021791,3.032686,0.233944
8,99,2.009910,3.014865,0.223402
8,100,2.003455,3.005183,0.223402
8,101,2.001205,3.001807,0.223402
8,102,1.981626,2.972439,0.270583
8,103,2.004646,3.006970,0.223402
8,104,1.986922,2.980383,0.250336
8,105,2.004707,3.007060,0.223402
8,106,1.987513,2.981270,0.295884
8,107,2.020574,3.030860,0.223402
8,108,2.007174,3.010760,0.223402
8,109,2.004272,3.006409,0.223402
8,110,2.001490,3.002235,0.223402
8,111,2.001057,3.001585,0.223402
8,112,1.875025,2.812537,0.464495
8,113,2.015294,3.022941,0.223402
8,114,2.005333,3.007999,0.223402
8,115,2.001859,3.002789,0.223402
8,116,1.996489,2.994734,0.229654
8,117,1.980697,2.971045,0.256281
8,118,2.005752,3.008628,0.223402
8,119,2.017058,3.025587,0.267782
8,120,2.004337,3.006505,0.248183
8,121,2.008193,3.012289,0.223402
8,122,2.000401,3.000601,0.233011
8,123,2.000467,3.000701,0.226260
8,124,1.987227,2.980840,0.290431
8,125,1.997370,2.996055,0.244119
8,126,2.002613,3.003920,0.234826
8,127,2.032909,3.049363,0.223402
8,128,2.024688,3.037032,0.223402
8,129,2.000628,3.000942,0.242970
8,130,2.005328,3.007992,0.223402
8,131,1.994266,2.991399,0.244558
8,132,2.006341,3.009511,0.223402
8,133,2.002211,3.003316,0.223402
8,134,2.000771,3.001156,0.223402
8,135,2.001329,3.001994,0.232628
8,136,1.999887,2.999830,0.226983
8,137,1.990295,2.985442,0.248287
8,138,2.002590,3.003885,0.223402
8,139,1.988191,2.982287,0.244855
8,140,1.988781,2.983171,0.269466
8,141,2.004922,3.007383,0.223402
8,142,2.001219,3.001829,0.223402
8,143,1.993134,2.989701,0.239835
8,144,2.020778,3.031167,0.223402
8,145,2.014980,3.022470,0.229939
8,146,1.917880,2.876819,0.400700
8,147,2.032173,3.048259,0.223402
8,148,2.011218,3.016827,0.223402
8,149,2.003749,3.005624,0.274098
8,150,2.013701,3.020552,0.223402
8,151,2.011284,3.016926,0.223402
8,152,2.003935,3.005902,0.223402
8,153,1.991286,2.986929,0.247575
8,154,2.001457,3.002186,0.223402
8,155,2.000508,3.000762,0.223402
8,156,2.005508,3.008262,0.223402
8,157,2.001921,3.002881,0.223402
8,158,1.993205,2.989808,0.248134
8,159,2.010229,3.015343,0.223402
8,160,2.003567,3.005350,0.223402
8,161,2.001244,3.001865,0.223402
8,162,2.000434,3.000650,0.223402
8,163,2.000151,3.000227,0.223402
8,164,2.013403,3.020104,0.223402
8,165,2.004673,3.007010,0.223402
8,166,2.001629,3.002444,0.223402
8,167,1.995323,2.992985,0.235520
8,168,2.030354,3.045531,0.223402
8,169,1.921222,2.881833,0.395918
8,170,2.025497,3.038245,0.223402
8,171,2.010714,3.016071,0.223402
8,172,1.987596,2.981393,0.251522
8,173,2.008552,3.012829,0.223402
8,174,2.002982,3.004473,0.223402
8,175,2.002498,3.003747,0.223402
8,176,1.997664,2.996496,0.227599
8,177,2.000323,3.000484,0.223402
8,178,2.002430,3.003645,0.226799
8,179,2.002144,3.003217,0.223402
8,180,2.000245,3.000368,0.227302
8,181,2.006023,3.009034,0.223402
8,182,2.002100,3.003150,0.223402
8,183,2.005259,3.007888,0.223477
8,184,2.002160,3.003239,0.223402
8,185,2.000753,3.001130,0.223402
8,186,2.005713,3.008569,0.223402
8,187,2.002715,3.004073,0.223402
8,188,1.994264,2.991396,0.258945
8,189,2.007573,3.011359,0.223402
8,190,2.002640,3.003961,0.223402
8,191,1.986700,2.980050,0.256167
8,192,2.004713,3.007069,0.223402
8,193,1.981344,2.972016,0.262909
8,194,2.048228,3.072342,0.223402
8,195,2.011718,3.017577,0.253291
8,196,2.012896,3.019345,0.223402
8,197,2.004497,3.006745,0.223402
8,198,1.952255,2.928382,0.346520
8,199,2.008607,3.012911,0.237888
8,200,2.017900,3.026850,0.223402
8,201,1.896724,2.845086,0.427099
8,202,2.020226,3.030340,0.223402
8,203,1.977244,2.965866,0.293857
8,204,2.019226,3.028839,0.223402
8,205,2.010876,3.016314,0.227457
8,206,2.007819,3.011728,0.223402
8,207,2.004209,3.006313,0.223402
8,208,2.001467,3.002201,0.223402
8,209,1.999919,2.999879,0.223402
8,210,1.999779,2.999668,0.223402
8,211,1.999923,2.999884,0.223402
8,212,1.999973,2.999960,0.223402
8,213,2.001884,3.002826,0.223402
8,214,2.000277,3.000415,0.223402
8,215,2.004990,3.007485,0.223402
8,216,2.001740,3.002610,0.223402
8,217,2.000607,3.000910,0.223402
8,218,2.000212,3.000317,0.223402
8,219,2.000074,3.000111,0.223402
8,220,2.000026,3.000039,0.223402
8,221,1.940475,2.910712,0.348949
8,222,2.012561,3.018841,0.233422
8,223,2.013576,3.020363,0.223402
8,224,1.993146,2.989719,0.239095
8,225,2.001330,3.001995,0.223402
8,226,2.007425,3.011138,0.223402
8,227,2.002589,3.003883,0.223402
8,228,2.000903,3.001354,0.223402
8,229,2.000315,3.000472,0.223402
8,230,2.000110,3.000165,0.223402
8,231,1.999590,2.999385,0.223402
8,232,2.009251,3.013876,0.223402
8,233,2.004436,3.006654,0.223402
8,234,1.983826,2.975739,0.285749
8,235,2.009088,3.013632,0.223402
8,236,2.000899,3.001349,0.231431
8,237,2.005808,3.008712,0.225901
8,238,1.942020,2.913030,0.332106
8,239,1.983357,2.975035,0.282003
8,240,2.011570,3.017354,0.223402
8,241,2.007170,3.010754,0.223402
8,242,2.011338,3.017006,0.223402
8,243,2.002727,3.004090,0.251486
8,244,2.025193,3.037789,0.223402
8,245,2.008784,3.013176,0.223402
8,246,2.003063,3.004594,0.223402
8,247,1.979015,2.968523,0.260663
8,248,1.966664,2.949996,0.279514
8,249,2.007596,3.011395,0.223402
8,250,1.986853,2.980279,0.267382
8,251,2.005048,3.007573,0.223402
8,252,2.001760,3.002640,0.223402
8,253,1.975354,2.963030,0.276959
8,254,2.005948,3.008923,0.223402
8,255,2.018970,3.028455,0.223402
8,256,2.008687,3.013031,0.223402
8,257,2.003029,3.004544,0.223402
8,258,2.001056,3.001584,0.223402
8,259,2.000368,3.000552,0.223402
8,260,2.000128,3.000193,0.223402
8,261,2.000045,3.000067,0.223402
8,262,1.978476,2.967715,0.263432
8,263,1.999267,2.998900,0.223402
8,264,2.014392,3.021588,0.223402
8,265,2.005201,3.007801,0.223402
8,266,1.971931,2.957897,0.291574
8,267,2.002870,3.004305,0.233374
8,268,2.004118,3.006176,0.223402
8,269,1.958458,2.937687,0.300952
8,270,2.011398,3.017097,0.223402
8,271,2.003974,3.005961,0.223402
8,272,2.001386,3.002079,0.223402
8,273,1.995253,2.992879,0.238213
8,274,2.002850,3.004275,0.225499
8,275,2.001279,3.001918,0.223402
8,276,1.995134,2.992701,0.235032
8,277,2.000722,3.001083,0.223402
8,278,2.003387,3.005081,0.247582
8,279,2.006211,3.009317,0.223402
8,280,2.009031,3.013547,0.223402
8,281,2.003149,3.004724,0.223402
8,282,2.011173,3.016760,0.223402
8,283,2.003896,3.005844,0.223402
8,284,2.003526,3.005289,0.223402
8,285,2.013440,3.020161,0.225086
8,286,1.998096,2.997145,0.237515
8,287,1.948904,2.923357,0.340998
8,288,2.008541,3.012811,0.235627
8,289,2.012855,3.019282,0.223402
8,290,2.004482,3.006723,0.223402
8,291,1.996859,2.995288,0.233182
8,292,2.013585,3.020378,0.223402
8,293,2.013933,3.020899,0.236014
8,294,1.918645,2.877968,0.387424
8,295,2.023470,3.035204,0.223402
8,296,2.009562,3.014343,0.223402
8,297,1.990757,2.986135,0.249712
8,298,2.004410,3.006615,0.223402
8,299,2.001538,3.002306,0.223402
8,300,2.004064,3.006095,0.223402
8,301,1.976385,2.964578,0.274700
8,302,2.005056,3.007584,0.226235
8,303,1.998007,2.997011,0.226861
8,304,2.005252,3.007878,0.223402
8,305,2.001831,3.002747,0.223402
8,306,2.009447,3.014171,0.223402
8,307,2.005157,3.007736,0.223402
8,308,2.006367,3.009551,0.223402
8,309,2.002220,3.003330,0.223402
8,310,2.000774,3.001161,0.223402
8,311,2.002366,3.003549,0.223402
8,312,2.000825,3.001237,0.223402
8,313,1.964957,2.947436,0.286014
8,314,1.988662,2.982993,0.282347
8,315,2.009889,3.014833,0.223402
8,316,1.995319,2.992978,0.236145
8,317,1.975445,2.963168,0.290792
8,318,2.010328,3.015492,0.223402
8,319,2.003601,3.005402,0.223402
8,320,2.002231,3.003346,0.223402
8,321,1.999309,2.998963,0.227642
8,322,2.000907,3.001361,0.223402
8,323,1.995881,2.993821,0.241818
8,324,2.006256,3.009385,0.239213
8,325,2.016044,3.024065,0.223402
8,326,1.979583,2.969374,0.281031
8,327,1.983051,2.974576,0.285482
8,328,2.009571,3.014356,0.223402
8,329,2.009803,3.014704,0.223402
8,330,1.983949,2.975924,0.266276
8,331,1.999279,2.998919,0.284093
8,332,2.016668,3.025002,0.223402
8,333,2.005812,3.008718,0.223402
8,334,2.002026,3.003040,0.223402
8,335,1.990933,2.986399,0.242812
8,336,2.001779,3.002668,0.223402
8,337,2.000620,3.000930,0.223402
8,338,2.005302,3.007952,0.223402
8,339,2.001849,3.002773,0.223402
8,340,2.000645,3.000967,0.223402
8,341,1.972164,2.958246,0.265845
8,342,2.005049,3.007574,0.223402
8,343,1.996146,2.994219,0.227927
8,344,2.002295,3.003442,0.223402
8,345,2.000800,3.001200,0.223402
8,346,1.974819,2.962229,0.289012
8,347,2.008889,3.013333,0.223402
8,348,2.003099,3.004649,0.223402
8,349,2.001081,3.001621,0.223402
8,350,2.000377,3.000565,0.223402
8,351,1.972182,2.958273,0.281442
8,352,2.007013,3.010519,0.223402
8,353,2.004145,3.006217,0.223402
8,354,2.001445,3.002168,0.223402
8,355,1.955820,2.933730,0.320093
8,356,2.009609,3.014413,0.223402
8,357,2.008484,3.012726,0.247870
8,358,2.002400,3.003601,0.238981
8,359,2.004459,3.006688,0.223402
8,360,2.005877,3.008816,0.259291
8,361,2.018851,3.028276,0.240700
8,362,1.969429,2.954144,0.295432
8,363,2.011213,3.016819,0.223402
8,364,1.958859,2.938288,0.319403
8,365,2.018337,3.027506,0.223402
8,366,2.006394,3.009591,0.223402
8,367,1.986400,2.979600,0.262871
8,368,2.004737,3.007105,0.223402
8,369,1.999319,2.998978,0.229433
8,370,2.000893,3.001339,0.223402
8,371,2.000311,3.000467,0.223402
8,372,2.000109,3.000163,0.223402
8,373,2.009175,3.013763,0.223402
8,374,2.003199,3.004799,0.223402
8,375,2.001115,3.001673,0.223402
8,376,1.985192,2.977789,0.257400
8,377,1.976559,2.964838,0.273936
8,378,2.004754,3.007131,0.223402
8,379,2.010083,3.015125,0.223402
8,380,2.020120,3.030179,0.223402
8,381,2.015165,3.022747,0.223402
8,382,2.005288,3.007931,0.223402
8,383,1.966662,2.949994,0.306354
8,384,2.008707,3.013061,0.223402
8,385,1.987300,2.980950,0.275023
8,386,2.009020,3.013530,0.223402
8,387,2.003145,3.004718,0.223402
8,388,1.991121,2.986681,0.266135
8,389,2.024763,3.037144,0.226839
8,390,2.004517,3.006775,0.255188
8,391,2.010433,3.015650,0.223402
8,392,2.003638,3.005457,0.223402
8,393,1.988880,2.983320,0.246441
8,394,2.013168,3.019752,0.230012
8,395,2.000909,3.001363,0.232679
8,396,2.007518,3.011277,0.223402
8,397,2.002621,3.003932,0.223402
8,398,2.000561,3.000841,0.223402
8,399,1.981808,2.972712,0.252517
8,400,2.023182,3.034772,0.223402
8,401,2.008083,3.012124,0.223402
8,402,1.959880,2.939820,0.312304
8,403,2.017546,3.026318,0.223402
8,404,2.000148,3.000223,0.235265
8,405,2.002248,3.003372,0.223402
8,406,1.995716,2.993574,0.234233
8,407,2.001828,3.002742,0.223402
8,408,2.002843,3.004265,0.223402
8,409,2.000991,3.001487,0.223402
8,410,2.000346,3.000519,0.223402
8,411,2.000121,3.000181,0.223402
8,412,2.022399,3.033598,0.236449
8,413,2.005460,3.008189,0.244721
8,414,2.039556,3.059334,0.226661
8,415,2.015237,3.022856,0.223402
8,416,2.005313,3.007969,0.223402
8,417,2.001852,3.002779,0.223402
8,418,2.000646,3.000969,0.223402
8,419,2.010290,3.015435,0.223402
8,420,2.003588,3.005382,0.223402
8,421,2.001251,3.001877,0.223402
8,422,2.001020,3.001531,0.232756
8,423,2.001787,3.002680,0.225390
8,424,2.017168,3.025752,0.223402
8,425,1.977912,2.966869,0.270983
8,426,1.990393,2.985590,0.249604
8,427,2.013816,3.020723,0.223402
8,428,2.005484,3.008226,0.223402
8,429,2.001578,3.002367,0.223402
8,430,1.900412,2.850617,0.433255
8,431,2.023822,3.035732,0.223402
8,432,2.010329,3.015494,0.223402
8,433,2.029819,3.044728,0.225776
8,434,2.014319,3.021478,0.223402
8,435,2.018336,3.027504,0.231373
8,436,1.998277,2.997415,0.241852
8,437,1.966398,2.949598,0.320779
8,438,2.017830,3.026745,0.223402
8,439,2.006217,3.009325,0.223402
8,440,2.002168,3.003252,0.223402
8,441,2.000756,3.001134,0.223402
8,442,2.000264,3.000395,0.223402
8,443,1.981081,2.971622,0.262181
8,444,2.001203,3.001805,0.223402
8,445,2.001421,3.002132,0.223402
8,446,1.977682,2.966523,0.260609
8,447,2.022369,3.033554,0.223402
8,448,2.007800,3.011700,0.223402
8,449,2.002720,3.004079,0.223402
8,450,2.000948,3.001422,0.223402
8,451,2.000331,3.000496,0.223402
8,452,1.985010,2.977515,0.260151
8,453,2.005421,3.008131,0.223402
8,454,2.010152,3.015228,0.223402
8,455,2.003540,3.005310,0.223402
8,456,2.001369,3.002054,0.223402
8,457,2.000478,3.000716,0.223402
8,458,2.007182,3.010773,0.223402
8,459,2.002504,3.003756,0.223402
8,460,2.000873,3.001310,0.223402
8,461,1.976309,2.964463,0.315703
8,462,2.017443,3.026164,0.223402
8,463,1.954026,2.931039,0.308490
8,464,2.015116,3.022675,0.223402
8,465,1.993603,2.990404,0.242666
8,466,2.001477,3.002216,0.223402
8,467,2.002123,3.003185,0.223402
8,468,1.995428,2.993142,0.260517
8,469,2.012333,3.018500,0.223402
8,470,2.008027,3.012040,0.223402
8,471,2.002799,3.004198,0.223402
8,472,2.000976,3.001464,0.223402
8,473,2.000340,3.000510,0.223402
8,474,2.001542,3.002312,0.228521
8,475,2.001894,3.002841,0.223402
8,476,2.000660,3.000990,0.223402
8,477,2.000230,3.000345,0.223402
8,478,2.009992,3.014988,0.223402
8,479,2.003484,3.005226,0.223402
8,480,2.001215,3.001822,0.223402
8,481,1.999196,2.998794,0.236136
8,482,2.001350,3.002024,0.223402
8,483,2.000219,3.000328,0.223764
8,484,2.000150,3.000225,0.223402
8,485,2.000052,3.000078,0.223402
8,486,2.000018,3.000027,0.223402
8,487,2.000006,3.000010,0.223402
8,488,2.003490,3.005235,0.223402
8,489,2.001217,3.001825,0.223402
8,490,2.000424,3.000636,0.223402
8,491,2.005584,3.008376,0.231682
8,492,1.999116,2.998675,0.235747
8,493,2.015063,3.022595,0.223402
8,494,2.000908,3.001362,0.245974
8,495,2.007837,3.011756,0.223402
8,496,2.001002,3.001504,0.239549
8,497,2.021909,3.032863,0.223402
8,498,2.010763,3.016145,0.223402
8,499,2.003753,3.005629,0.223402
8,500,2.001309,3.001963,0.223402
8,501,2.000456,3.000684,0.223402
8,502,1.994612,2.991919,0.253323
8,503,2.006391,3.009586,0.223402
8,504,2.001051,3.001576,0.225924
8,505,2.014121,3.021182,0.223402
8,506,2.010108,3.015162,0.223402
8,507,2.003524,3.005287,0.223402
8,508,2.001229,3.001843,0.223402
8,509,1.996951,2.995426,0.227771
8,510,2.006768,3.010152,0.223402
8,511,2.002360,3.003540,0.223402
8,512,2.000823,3.001234,0.223402
8,513,2.001579,3.002368,0.223402
8,514,2.023083,3.034624,0.223402
8,515,2.008049,3.012073,0.223402
8,516,2.002806,3.004210,0.223402
8,517,2.000979,3.001468,0.223402
8,518,1.986779,2.980168,0.250280
8,519,2.003363,3.005044,0.238505
8,520,2.005541,3.008311,0.223402
8,521,2.001932,3.002898,0.223402
8,522,2.000674,3.001010,0.223402
8,523,1.987294,2.980941,0.247800
8,524,2.000371,3.000556,0.223402
8,525,2.009944,3.014916,0.230909
8,526,2.006634,3.009951,0.223402
8,527,2.002313,3.003470,0.223402
8,528,2.000807,3.001210,0.223402
8,529,1.995128,2.992693,0.234054
8,530,2.005173,3.007759,0.234622
8,531,2.010231,3.015346,0.223402
8,532,2.003567,3.005351,0.223402
8,533,2.001244,3.001866,0.223402
8,534,1.980279,2.970419,0.257573
8,535,1.998917,2.998376,0.242832
8,536,2.004444,3.006666,0.223402
8,537,2.006039,3.009059,0.223402
8,538,2.011517,3.017275,0.228129
8,539,2.007266,3.010899,0.223402
8,540,2.002533,3.003800,0.223402
8,541,2.003041,3.004561,0.223402
8,542,2.001060,3.001590,0.223402
8,543,1.997266,2.995899,0.230983
8,544,2.005426,3.008139,0.246119
8,545,2.005901,3.008852,0.223402
8,546,1.983251,2.974877,0.252827
8,547,2.007982,3.011974,0.223402
8,548,2.002783,3.004175,0.223402
8,549,2.000970,3.001456,0.223402
8,550,2.000513,3.000769,0.223402
8,551,1.997064,2.995597,0.229357
8,552,2.000829,3.001244,0.223402
8,553,2.000289,3.000434,0.223402
8,554,2.000101,3.000151,0.223402
8,555,2.000035,3.000053,0.223402
8,556,2.006619,3.009928,0.223402
8,557,2.002308,3.003462,0.223402
8,558,2.000805,3.001207,0.223402
8,559,2.004366,3.006549,0.230187
8,560,2.003655,3.005482,0.223402
8,561,2.001274,3.001912,0.223402
8,562,2.001204,3.001806,0.223402
8,563,2.000420,3.000630,0.223402
8,564,2.000146,3.000220,0.223402
8,565,2.014533,3.021799,0.234938
8,566,2.009294,3.013941,0.223402
8,567,2.000511,3.000767,0.231127
8,568,2.002632,3.003948,0.223402
8,569,1.944252,2.916379,0.340634
8,570,2.034152,3.051228,0.249604
8,571,2.018869,3.028303,0.223402
8,572,2.006579,3.009869,0.223402
8,573,2.002294,3.003441,0.223402
8,574,2.000800,3.001200,0.223402
8,575,2.000279,3.000418,0.223402
8,576,1.968686,2.953028,0.279516
8,577,2.001206,3.001809,0.238390
8,578,1.993981,2.990972,0.246567
8,579,2.014551,3.021827,0.223402
8,580,2.001571,3.002356,0.229502
8,581,1.995926,2.993889,0.236919
8,582,1.985757,2.978636,0.256094
8,583,2.001655,3.002482,0.223402
8,584,2.000577,3.000865,0.223402
8,585,1.995535,2.993303,0.237152
8,586,2.008713,3.013069,0.223402
8,587,2.006997,3.010496,0.223402
8,588,2.011415,3.017122,0.223402
8,589,2.003715,3.005573,0.223402
8,590,2.001295,3.001943,0.223402
8,591,1.968078,2.952116,0.293746
8,592,2.019332,3.028999,0.223402
8,593,2.010171,3.015256,0.230019
8,594,2.005127,3.007691,0.223402
8,595,1.990117,2.985175,0.256636
8,596,2.003012,3.004518,0.223402
8,597,1.972057,2.958085,0.268245
8,598,2.006993,3.010490,0.223402
8,599,1.991364,2.987046,0.226855
8,600,1.985292,2.977938,0.277573
8,601,2.010057,3.015086,0.223402
8,602,2.003507,3.005260,0.223402
8,603,2.025015,3.037522,0.227826
8,604,2.012463,3.018695,0.223402
8,605,2.004346,3.006518,0.223402
8,606,2.001640,3.002460,0.223402
8,607,2.000572,3.000858,0.223402
8,608,1.999118,2.998677,0.225824
8,609,2.014175,3.021263,0.223402
8,610,1.970158,2.955236,0.282003
8,611,2.010359,3.015538,0.223402
8,612,2.003612,3.005418,0.223402
8,613,1.993388,2.990082,0.233360
8,614,1.999723,2.999584,0.223402
8,615,1.999903,2.999855,0.223402
8,616,1.999966,2.999949,0.223402
8,617,2.000776,3.001164,0.223402
8,618,2.000270,3.000406,0.223402
8,619,2.000094,3.000141,0.223402
8,620,2.000033,3.000049,0.223402
8,621,1.963072,2.944608,0.302263
8,622,2.021700,3.032550,0.223402
8,623,2.026275,3.039412,0.223402
8,624,2.009161,3.013742,0.223402
8,625,2.003194,3.004792,0.223402
8,626,2.001114,3.001671,0.223402
8,627,2.000388,3.000583,0.223402
8,628,2.000135,3.000203,0.223402
8,629,2.000047,3.000071,0.223402
8,630,2.000016,3.000025,0.223402
8,631,1.997692,2.996537,0.225819
8,632,2.000271,3.000406,0.223402
8,633,2.000094,3.000142,0.223402
8,634,2.000033,3.000049,0.223402
8,635,2.003436,3.005154,0.223402
8,636,2.009135,3.013702,0.229750
8,637,2.005593,3.008390,0.223402
8,638,2.001950,3.002925,0.223402
8,639,2.006579,3.009868,0.223402
8,640,2.010570,3.015855,0.223402
8,641,1.997757,2.996635,0.231785
8,642,1.981809,2.972714,0.277701
8,643,2.007449,3.011174,0.237804
8,644,2.004932,3.007398,0.223402
8,645,1.978198,2.967298,0.266658
8,646,1.993819,2.990729,0.241487
8,647,2.003119,3.004679,0.223402
8,648,2.001088,3.001632,0.223402
8,649,2.000379,3.000569,0.223402
8,650,1.940238,2.910357,0.327845
8,651,1.982334,2.973501,0.273243
8,652,2.004927,3.007390,0.223402
8,653,2.001718,3.002577,0.223402
8,654,2.011350,3.017025,0.223402
8,655,1.978782,2.968172,0.266074
8,656,2.006677,3.010016,0.223402
8,657,1.983810,2.975715,0.260619
8,658,2.012132,3.018199,0.223402
8,659,2.004230,3.006345,0.223402
8,660,2.003626,3.005439,0.225276
8,661,2.004957,3.007435,0.223402
8,662,2.001728,3.002592,0.223402
8,663,2.000603,3.000904,0.223402
8,664,1.999966,2.999948,0.223402
8,665,1.979332,2.968998,0.260095
8,666,2.003621,3.005431,0.223402
8,667,2.001262,3.001894,0.223402
8,668,2.002391,3.003586,0.223402
8,669,2.000834,3.001250,0.223402
8,670,1.984386,2.976579,0.235888
8,671,2.025253,3.037880,0.223402
8,672,2.008805,3.013208,0.223402
8,673,1.990160,2.985239,0.290510
8,674,2.011308,3.016962,0.223402
8,675,1.976126,2.964188,0.281668
8,676,1.973437,2.960156,0.275183
8,677,2.009282,3.013924,0.223402
8,678,2.003237,3.004855,0.223402
8,679,2.001129,3.001693,0.223402
8,680,1.988828,2.983242,0.240730
8,681,2.011015,3.016523,0.223402
8,682,2.003814,3.005721,0.223402
8,683,1.909543,2.864315,0.388968
8,684,2.006028,3.009043,0.223402
8,685,2.002102,3.003153,0.223402
8,686,2.011232,3.016849,0.223402
8,687,2.007879,3.011819,0.223402
8,688,2.010305,3.015458,0.224204
8,689,2.007598,3.011397,0.223402
8,690,2.002649,3.003974,0.223402
8,691,2.014145,3.021218,0.224262
8,692,2.005821,3.008731,0.223402
8,693,1.949170,2.923754,0.323541
8,694,2.012316,3.018474,0.226337
8,695,1.945662,2.918494,0.333490
8,696,2.023254,3.034881,0.223402
8,697,2.008296,3.012444,0.223402
8,698,1.988889,2.983333,0.245431
8,699,2.003813,3.005719,0.223402
8,700,2.001329,3.001994,0.223402
8,701,2.000464,3.000695,0.223402
8,702,1.998597,2.997896,0.231513
8,703,1.998184,2.997276,0.231926
8,704,1.986900,2.980349,0.256756
8,705,2.020681,3.031021,0.223402
8,706,2.007185,3.010777,0.223402
8,707,1.997684,2.996527,0.229853
8,708,2.025117,3.037676,0.223402
8,709,2.008758,3.013137,0.223402
8,710,2.003054,3.004581,0.223402
8,711,1.955875,2.933812,0.315237
8,712,2.012429,3.018643,0.223402
8,713,1.970741,2.956111,0.278495
8,714,1.996214,2.994321,0.263162
8,715,2.010247,3.015370,0.223402
8,716,2.003573,3.005359,0.223402
8,717,2.001246,3.001869,0.223402
8,718,1.988432,2.982648,0.254526
8,719,2.028112,3.042168,0.223402
8,720,2.009550,3.014326,0.228581
8,721,2.004933,3.007400,0.223402
8,722,2.021177,3.031765,0.223402
8,723,2.007384,3.011076,0.223402
8,724,2.002575,3.003862,0.223402
8,725,2.000898,3.001347,0.223402
8,726,2.000313,3.000470,0.223402
8,727,1.982525,2.973788,0.261077
8,728,2.002220,3.003331,0.223402
8,729,2.003882,3.005824,0.223402
8,730,1.975915,2.963873,0.274377
8,731,2.004513,3.006770,0.223402
8,732,2.002083,3.003125,0.223402
8,733,2.002698,3.004047,0.242410
8,734,1.962193,2.943289,0.310814
8,735,2.013659,3.020488,0.223402
8,736,2.004763,3.007144,0.223402
8,737,2.001661,3.002491,0.223402
8,738,2.000195,3.000293,0.244571
8,739,2.004386,3.006579,0.223402
8,740,1.993944,2.990916,0.239665
8,741,2.003190,3.004785,0.229744
8,742,2.002360,3.003540,0.223402
8,743,2.001284,3.001925,0.223402
8,744,2.000448,3.000671,0.223402
8,745,2.000156,3.000234,0.223402
8,746,2.000054,3.000082,0.223402
8,747,2.005302,3.007954,0.226099
8,748,2.003649,3.005474,0.235154
8,749,2.006330,3.009495,0.223402
8,750,2.002207,3.003311,0.223402
8,751,1.982150,2.973226,0.290520
8,752,2.012819,3.019229,0.223402
8,753,2.005205,3.007807,0.223402
8,754,2.001815,3.002722,0.223402
8,755,1.979684,2.969526,0.284282
8,756,2.010108,3.015163,0.223402
8,757,2.003525,3.005287,0.223402
8,758,2.001229,3.001843,0.223402
8,759,1.995900,2.993850,0.235641
8,760,2.009585,3.014377,0.238899
8,761,2.006405,3.009608,0.223402
8,762,2.017505,3.026258,0.231192
8,763,2.008083,3.012125,0.223402
8,764,2.002819,3.004228,0.223402
8,765,2.000983,3.001474,0.223402
8,766,2.000343,3.000514,0.223402
8,767,2.003115,3.004673,0.223402
8,768,2.001056,3.001584,0.223402
8,769,2.000368,3.000552,0.223402
8,770,2.000128,3.000193,0.223402
8,771,2.000045,3.000067,0.223402
8,772,1.994687,2.992031,0.238695
8,773,1.985430,2.978145,0.277350
8,774,2.006412,3.009618,0.223827
8,775,2.004043,3.006064,0.223402
8,776,2.006092,3.009138,0.223402
8,777,2.002124,3.003186,0.223402
8,778,2.000741,3.001111,0.223402
8,779,2.000258,3.000387,0.223402
8,780,1.977558,2.966336,0.281412
8,781,2.010656,3.015984,0.223402
8,782,2.003716,3.005573,0.223402
8,783,2.001296,3.001943,0.223402
8,784,2.002057,3.003086,0.223402
8,785,1.932705,2.899057,0.355599
8,786,2.022329,3.033493,0.223402
8,787,1.995833,2.993750,0.246098
8,788,2.023130,3.034695,0.226227
8,789,1.952091,2.928137,0.337650
8,790,1.990890,2.986335,0.287564
8,791,2.013396,3.020094,0.223402
8,792,2.009710,3.014565,0.223402
8,793,2.004548,3.006822,0.223402
8,794,2.001586,3.002379,0.223402
8,795,2.000553,3.000829,0.223402
8,796,2.000193,3.000289,0.223402
8,797,2.000067,3.000101,0.223402
8,798,2.026022,3.039032,0.223402
8,799,1.994411,2.991617,0.282112
8,800,2.031580,3.047371,0.223402
8,801,2.011011,3.016517,0.223402
8,802,2.004470,3.006705,0.223402
8,803,1.971286,2.956929,0.295019
8,804,2.008562,3.012843,0.223402
8,805,2.002985,3.004478,0.223402
8,806,2.001041,3.001561,0.223402
8,807,2.000363,3.000544,0.223402
8,808,2.031297,3.046945,0.223402
8,809,2.005667,3.008501,0.230734
8,810,2.003227,3.004841,0.223402
8,811,2.006262,3.009392,0.223402
8,812,2.014118,3.021176,0.223402
8,813,1.999978,2.999967,0.269504
8,814,2.015745,3.023618,0.223402
8,815,1.993009,2.989514,0.239777
8,816,2.005980,3.008969,0.223402
8,817,2.002085,3.003127,0.223402
8,818,1.996179,2.994269,0.277832
8,819,2.003925,3.005887,0.239375
8,820,2.005482,3.008223,0.238016
8,821,2.005661,3.008492,0.223402
8,822,2.001974,3.002961,0.223402
8,823,1.942056,2.913085,0.382279
8,824,2.033417,3.050126,0.223402
8,825,2.011652,3.017478,0.223402
8,826,2.011953,3.017930,0.223402
8,827,2.004168,3.006252,0.223402
8,828,1.998886,2.998329,0.226328
8,829,2.000508,3.000763,0.223402
8,830,1.989760,2.984640,0.236442
8,831,1.992231,2.988347,0.240813
8,832,1.993614,2.990421,0.232833
8,833,2.001392,3.002088,0.223402
8,834,2.005100,3.007650,0.228121
8,835,2.003754,3.005630,0.223402
8,836,2.001894,3.002841,0.223402
8,837,2.008447,3.012670,0.231113
8,838,2.004763,3.007144,0.223402
8,839,2.001963,3.002944,0.223402
8,840,2.000684,3.001026,0.223402
8,841,2.005968,3.008951,0.229603
8,842,2.003685,3.005527,0.223402
8,843,2.023996,3.035994,0.223402
8,844,2.004966,3.007449,0.236470
8,845,2.003806,3.005709,0.223402
8,846,1.960489,2.940734,0.299868
8,847,2.010029,3.015044,0.223402
8,848,1.982777,2.974165,0.326068
8,849,2.018170,3.027255,0.223402
8,850,2.006335,3.009503,0.223402
8,851,1.998733,2.998099,0.230204
8,852,1.985688,2.978532,0.258753
8,853,2.005161,3.007741,0.223402
8,854,2.006805,3.010208,0.223402
8,855,1.973052,2.959579,0.274983
8,856,2.001446,3.002169,0.237089
8,857,2.011033,3.016550,0.223402
8,858,1.929885,2.894828,0.364729
8,859,2.014413,3.021619,0.223402
8,860,1.998240,2.997360,0.247540
8,861,2.006435,3.009652,0.223402
8,862,2.005661,3.008492,0.240199
8,863,2.009538,3.014307,0.223402
8,864,2.014109,3.021163,0.226336
8,865,2.006081,3.009121,0.223402
8,866,2.002120,3.003180,0.223402
8,867,1.991515,2.987273,0.247459
8,868,2.011104,3.016656,0.260952
8,869,2.010447,3.015671,0.223402
8,870,2.003643,3.005464,0.223402
8,871,2.015614,3.023421,0.223402
8,872,2.005444,3.008166,0.223402
8,873,2.009701,3.014551,0.236834
8,874,2.006244,3.009366,0.223402
8,875,2.004447,3.006671,0.223402
8,876,2.001551,3.002326,0.223402
8,877,1.985110,2.977665,0.248857
8,878,2.001781,3.002672,0.223402
8,879,1.957817,2.936726,0.320809
8,880,2.007320,3.010981,0.223402
8,881,1.994777,2.992166,0.234777
8,882,1.840512,2.760768,0.543161
8,883,2.032999,3.049499,0.223402
8,884,2.018721,3.028081,0.223402
8,885,2.010249,3.015374,0.223402
8,886,2.003574,3.005361,0.223402
8,887,1.996920,2.995380,0.237986
8,888,2.003854,3.005781,0.223402
8,889,2.001344,3.002016,0.223402
8,890,2.018188,3.027282,0.223402
8,891,1.954144,2.931215,0.306873
8,892,2.012943,3.019414,0.223402
8,893,2.023225,3.034838,0.223402
8,894,2.002305,3.003457,0.232035
8,895,1.966831,2.950246,0.285275
8,896,2.007420,3.011129,0.223402
8,897,2.002587,3.003881,0.223402
8,898,1.998469,2.997703,0.228108
8,899,2.003079,3.004618,0.223402
8,900,2.001074,3.001610,0.223402
8,901,2.005453,3.008179,0.245775
8,902,2.006717,3.010076,0.223402
8,903,2.004644,3.006966,0.226175
8,904,2.004263,3.006394,0.223402
8,905,2.000081,3.000122,0.228041
8,906,1.971215,2.956823,0.304144
8,907,2.017264,3.025897,0.223402
8,908,1.986827,2.980241,0.258229
8,909,2.005869,3.008803,0.223402
8,910,2.002046,3.003070,0.223402
8,911,2.000714,3.001070,0.223402
8,912,1.964104,2.946156,0.294184
8,913,2.009732,3.014598,0.223402
8,914,2.002841,3.004262,0.223402
8,915,2.000991,3.001486,0.223402
8,916,1.991695,2.987543,0.261653
8,917,2.031884,3.047826,0.224138
8,918,2.011842,3.017763,0.223402
8,919,2.004129,3.006194,0.223402
8,920,2.001440,3.002160,0.223402
8,921,1.957375,2.936062,0.317899
8,922,2.009221,3.013832,0.223402
8,923,2.003215,3.004823,0.223402
8,924,2.001121,3.001682,0.223402
8,925,2.000391,3.000586,0.223402
8,926,1.920157,2.880235,0.376056
8,927,1.962863,2.944295,0.302988
8,928,2.007510,3.011265,0.223402
8,929,2.002619,3.003928,0.223402
8,930,2.000913,3.001370,0.223402
8,931,1.994016,2.991025,0.238719
8,932,2.005533,3.008299,0.276545
8,933,2.018834,3.028251,0.223402
8,934,2.008822,3.013232,0.223402
8,935,2.007216,3.010824,0.223402
8,936,2.000264,3.000397,0.227182
8,937,2.001294,3.001941,0.223402
8,938,2.000451,3.000677,0.223402
8,939,2.000093,3.000139,0.223402
8,940,1.967191,2.950787,0.273500
8,941,2.016714,3.025070,0.223402
8,942,2.005828,3.008741,0.223402
8,943,2.002032,3.003048,0.223402
8,944,2.000709,3.001063,0.223402
8,945,2.000247,3.000371,0.223402
8,946,1.999360,2.999040,0.223402
8,947,1.999777,2.999665,0.223402
8,948,1.999922,2.999883,0.223402
8,949,2.000007,3.000010,0.240722
8,950,2.018560,3.027840,0.240169
8,951,2.009647,3.014470,0.223402
8,952,2.004455,3.006682,0.223402
8,953,2.002088,3.003133,0.223402
8,954,1.998915,2.998372,0.255959
8,955,2.013978,3.020967,0.223402
8,956,2.004874,3.007311,0.223402
8,957,2.001699,3.002549,0.223402
8,958,2.000697,3.001046,0.267436
8,959,2.019899,3.029848,0.223402
8,960,2.006938,3.010407,0.223402
8,961,2.002419,3.003629,0.223402
8,962,2.003440,3.005160,0.223402
8,963,1.996549,2.994823,0.232543
8,964,1.976028,2.964043,0.264745
8,965,2.002024,3.003037,0.223402
8,966,2.000708,3.001063,0.223402
8,967,2.000247,3.000370,0.223402
8,968,2.000086,3.000129,0.223402
8,969,2.000030,3.000045,0.223402
8,970,2.000010,3.000016,0.223402
8,971,2.000315,3.000473,0.223402
8,972,2.007840,3.011760,0.223402
8,973,1.999103,2.998654,0.228858
8,974,2.001345,3.002017,0.223402
8,975,2.000195,3.000293,0.223402
8,976,2.000068,3.000102,0.223402
8,977,2.000024,3.000036,0.223402
8,978,1.989525,2.984287,0.229980
8,979,2.008986,3.013478,0.223402
8,980,2.003133,3.004700,0.223402
8,981,2.000806,3.001209,0.223402
8,982,2.000281,3.000421,0.223402
8,983,2.000098,3.000147,0.223402
8,984,2.000763,3.001144,0.223402
8,985,1.986524,2.979787,0.255144
8,986,2.004811,3.007216,0.223402
8,987,2.001677,3.002516,0.223402
8,988,2.000585,3.000877,0.223402
8,989,2.006423,3.009634,0.237398
8,990,2.014724,3.022087,0.223402
8,991,2.002226,3.003340,0.229110
8,992,2.006403,3.009604,0.223402
8,993,1.961482,2.942224,0.314604
8,994,2.022666,3.034000,0.227275
8,995,2.010338,3.015507,0.223402
8,996,2.010556,3.015833,0.223402
8,997,2.003680,3.005521,0.223402
8,998,2.002035,3.003052,0.223402
8,999,2.000709,3.001064,0.223402
8,1000,1.998314,2.997471,0.237462
9,1,2.002522,3.003782,0.223402
9,2,2.000879,3.001319,0.223402
9,3,1.981843,2.972765,0.286357
9,4,2.006561,3.009842,0.223402
9,5,2.002288,3.003432,0.223402
9,6,2.000798,3.001197,0.223402
9,7,2.000278,3.000417,0.223402
9,8,2.000097,3.000145,0.223402
9,9,2.000034,3.000051,0.223402
9,10,1.980755,2.971133,0.263354
9,11,2.005596,3.008394,0.223402
9,12,2.003805,3.005708,0.223402
9,13,1.970807,2.956211,0.279210
9,14,1.984210,2.976316,0.264196
9,15,2.004771,3.007156,0.223402
9,16,2.001663,3.002495,0.223402
9,17,2.000580,3.000870,0.223402
9,18,2.000202,3.000303,0.223402
9,19,1.981895,2.972843,0.271311
9,20,2.004333,3.006500,0.223402
9,21,2.004549,3.006824,0.234002
9,22,1.998372,2.997559,0.233239
9,23,2.009198,3.013797,0.223402
9,24,2.003207,3.004811,0.223402
9,25,2.001118,3.001677,0.223402
9,26,2.004208,3.006312,0.223402
9,27,2.001467,3.002201,0.223402
9,28,1.987368,2.981052,0.249175
9,29,2.004275,3.006412,0.223402
9,30,2.001491,3.002236,0.223402
9,31,2.000520,3.000780,0.223402
9,32,2.002741,3.004111,0.223402
9,33,2.000956,3.001433,0.223402
9,34,2.000333,3.000500,0.223402
9,35,2.000116,3.000174,0.223402
9,36,2.000041,3.000061,0.223402
9,37,2.000014,3.000021,0.223402
9,38,2.000005,3.000007,0.223402
9,39,2.007184,3.010776,0.223402
9,40,2.002505,3.003757,0.223402
9,41,2.000873,3.001310,0.223402
9,42,2.000305,3.000457,0.223402
9,43,2.000106,3.000159,0.223402
9,44,2.004353,3.006530,0.223402
9,45,2.003207,3.004811,0.223402
9,46,2.001118,3.001677,0.223402
9,47,2.005115,3.007673,0.224383
9,48,2.005991,3.008986,0.223402
9,49,1.963322,2.944983,0.289807
9,50,1.994810,2.992215,0.236182
9,51,1.967517,2.951275,0.300420
9,52,2.008237,3.012356,0.223402
9,53,2.019994,3.029991,0.223402
9,54,2.009665,3.014498,0.228573
9,55,2.018993,3.028490,0.223402
9,56,2.006623,3.009934,0.223402
9,57,2.002309,3.003464,0.223402
9,58,2.000805,3.001208,0.223402
9,59,2.000281,3.000421,0.223402
9,60,2.000098,3.000147,0.223402
9,61,2.000034,3.000051,0.223402
9,62,2.000012,3.000018,0.223402
9,63,2.000813,3.001220,0.223402
9,64,2.024964,3.037445,0.223402
9,65,2.008704,3.013056,0.223402
9,66,2.009156,3.013733,0.225259
9,67,2.012128,3.018192,0.223402
9,68,2.004229,3.006343,0.223402
9,69,2.012349,3.018524,0.223402
9,70,2.005389,3.008083,0.224624
9,71,1.994692,2.992038,0.226843
9,72,1.997217,2.995826,0.263528
9,73,2.009423,3.014134,0.223402
9,74,2.003286,3.004928,0.223402
9,75,1.988755,2.983133,0.278148
9,76,1.980603,2.970905,0.333596
9,77,2.019137,3.028706,0.223402
9,78,2.006673,3.010009,0.223402
9,79,2.002327,3.003490,0.223402
9,80,1.996860,2.995290,0.234880
9,81,1.939117,2.908675,0.335861
9,82,2.009116,3.013674,0.223402
9,83,2.003179,3.004768,0.223402
9,84,1.996942,2.995413,0.223734
9,85,2.001187,3.001780,0.223402
9,86,1.999881,2.999822,0.223402
9,87,1.999959,2.999938,0.223402
9,88,1.999503,2.999254,0.253214
9,89,2.004230,3.006345,0.223402
9,90,1.997307,2.995960,0.223741
9,91,1.996218,2.994327,0.230356
9,92,2.000091,3.000137,0.223402
9,93,1.991065,2.986598,0.229543
9,94,1.962177,2.943265,0.315360
9,95,2.005434,3.008151,0.244083
9,96,2.007156,3.010733,0.223402
9,97,2.002373,3.003559,0.223402
9,98,2.012753,3.019129,0.223402
9,99,2.007889,3.011834,0.223402
9,100,2.002751,3.004126,0.223402
9,101,2.000959,3.001439,0.223402
9,102,2.000334,3.000502,0.223402
9,103,2.000117,3.000175,0.223402
9,104,1.996953,2.995429,0.230483
9,105,1.986260,2.979391,0.291508
9,106,1.997230,2.995844,0.259242
9,107,2.004805,3.007207,0.224570
9,108,2.012960,3.019440,0.223402
9,109,1.991064,2.986597,0.268567
9,110,1.966395,2.949592,0.322828
9,111,2.008553,3.012830,0.231264
9,112,1.978189,2.967283,0.278183
9,113,2.011979,3.017969,0.223402
9,114,1.982785,2.974178,0.269630
9,115,2.010381,3.015571,0.223402
9,116,2.001663,3.002495,0.225320
9,117,2.004134,3.006202,0.223402
9,118,2.026742,3.040113,0.223402
9,119,2.009324,3.013987,0.223402
9,120,1.996301,2.994452,0.233120
9,121,2.003782,3.005673,0.236281
9,122,2.004669,3.007003,0.223402
9,123,2.001628,3.002442,0.223402
9,124,2.000568,3.000851,0.223402
9,125,1.915386,2.873079,0.376741
9,126,2.012649,3.018973,0.223402
9,127,2.022839,3.034259,0.230143
9,128,2.023006,3.034509,0.223402
9,129,2.008022,3.012033,0.223402
9,130,2.003081,3.004621,0.223402
9,131,2.001074,3.001611,0.223402
9,132,2.000375,3.000562,0.223402
9,133,2.000131,3.000196,0.223402
9,134,1.993725,2.990588,0.236356
9,135,2.007554,3.011331,0.223402
9,136,2.002634,3.003951,0.223402
9,137,2.000918,3.001378,0.223402
9,138,2.035972,3.053959,0.223402
9,139,2.011740,3.017610,0.223402
9,140,2.004093,3.006140,0.223402
9,141,2.001427,3.002141,0.223402
9,142,2.020268,3.030402,0.223402
9,143,2.007067,3.010601,0.223402
9,144,2.002464,3.003696,0.223402
9,145,2.011209,3.016813,0.228287
9,146,2.006673,3.010010,0.223402
9,147,2.006111,3.009166,0.231225
9,148,1.962533,2.943800,0.321415
9,149,1.986726,2.980089,0.279731
9,150,2.005363,3.008044,0.224779
9,151,2.009029,3.013543,0.223402
9,152,1.999398,2.999098,0.233889
9,153,2.020023,3.030034,0.227702
9,154,2.008898,3.013347,0.223402
9,155,2.003103,3.004654,0.223402
9,156,2.001082,3.001623,0.223402
9,157,1.990262,2.985393,0.244603
9,158,1.993174,2.989761,0.233838
9,159,2.025057,3.037585,0.224391
9,160,2.010140,3.015209,0.223844
9,161,1.988481,2.982722,0.250819
9,162,1.998881,2.998322,0.230241
9,163,2.001542,3.002314,0.223402
9,164,2.000538,3.000807,0.223402
9,165,2.005336,3.008004,0.233830
9,166,2.018597,3.027896,0.223402
9,167,2.006484,3.009727,0.223402
9,168,1.973560,2.960340,0.274850
9,169,2.005623,3.008435,0.223402
9,170,2.001961,3.002941,0.223402
9,171,1.973069,2.959603,0.296226
9,172,2.009217,3.013825,0.223402
9,173,2.003214,3.004820,0.223402
9,174,2.006846,3.010269,0.223402
9,175,1.992864,2.989296,0.236752
9,176,1.995163,2.992744,0.232855
9,177,2.000458,3.000687,0.223402
9,178,1.992491,2.988736,0.245114
9,179,2.001780,3.002670,0.223402
9,180,2.011849,3.017773,0.223402
9,181,2.004131,3.006197,0.223402
9,182,2.004422,3.006633,0.232317
9,183,2.047009,3.070514,0.223402
9,184,1.998252,2.997378,0.265394
9,185,2.012771,3.019156,0.223402
9,186,2.024702,3.037053,0.223402
9,187,2.008613,3.012919,0.223402
9,188,2.003013,3.004519,0.223402
9,189,2.001104,3.001656,0.223402
9,190,2.003117,3.004675,0.223402
9,191,2.001087,3.001630,0.223402
9,192,1.977767,2.966650,0.270103
9,193,2.002990,3.004485,0.223402
9,194,2.001043,3.001564,0.223402
9,195,2.000364,3.000545,0.223402
9,196,2.029977,3.044965,0.223402
9,197,2.007377,3.011065,0.229678
9,198,2.002073,3.003110,0.230066
9,199,2.000481,3.000721,0.256343
9,200,2.010336,3.015504,0.223402
9,201,2.003604,3.005406,0.223402
9,202,2.001365,3.002048,0.223402
9,203,2.000163,3.000245,0.223402
9,204,2.000057,3.000085,0.223402
9,205,1.978610,2.967915,0.281597
9,206,2.014836,3.022253,0.223402
9,207,1.990465,2.985698,0.261036
9,208,2.004822,3.007233,0.223402
9,209,2.010748,3.016122,0.223402
9,210,2.003748,3.005621,0.223402
9,211,2.008803,3.013205,0.223402
9,212,2.003070,3.004604,0.223402
9,213,2.014913,3.022369,0.223402
9,214,2.005200,3.007800,0.223402
9,215,1.996149,2.994223,0.242256
9,216,2.005010,3.007515,0.223402
9,217,2.005275,3.007913,0.223402
9,218,2.006770,3.010154,0.223402
9,219,2.005022,3.007533,0.223402
9,220,1.998268,2.997402,0.233512
9,221,2.009883,3.014825,0.223402
9,222,2.010797,3.016195,0.228644
9,223,2.005631,3.008446,0.223402
9,224,2.001963,3.002945,0.223402
9,225,2.010151,3.015226,0.235995
9,226,2.013352,3.020028,0.223878
9,227,2.005113,3.007669,0.223402
9,228,1.963309,2.944963,0.294701
9,229,1.992359,2.988539,0.243741
9,230,2.004611,3.006916,0.223402
9,231,2.002940,3.004410,0.223402
9,232,1.997892,2.996838,0.231758
9,233,1.994896,2.992343,0.238534
9,234,2.002692,3.004039,0.223402
9,235,1.993356,2.990035,0.240246
9,236,2.008457,3.012685,0.223402
9,237,1.983845,2.975767,0.268997
9,238,2.006749,3.010124,0.223402
9,239,2.002353,3.003530,0.223402
9,240,1.991075,2.986613,0.238318
9,241,1.991320,2.986981,0.243324
9,242,1.987829,2.981743,0.261207
9,243,2.010055,3.015083,0.223402
9,244,2.003506,3.005259,0.223402
9,245,2.014320,3.021479,0.224030
9,246,2.007862,3.011793,0.223402
9,247,2.003196,3.004793,0.223402
9,248,2.004576,3.006864,0.223402
9,249,2.001596,3.002393,0.223402
9,250,1.983320,2.974980,0.312764
9,251,2.019818,3.029727,0.223402
9,252,2.011760,3.017640,0.223402
9,253,2.004101,3.006151,0.223402
9,254,1.956605,2.934907,0.332416
9,255,2.014405,3.021608,0.223402
9,256,2.005023,3.007534,0.223402
9,257,2.001751,3.002627,0.223402
9,258,2.000611,3.000916,0.223402
9,259,2.005657,3.008485,0.234662
9,260,2.004912,3.007368,0.223402
9,261,2.001713,3.002569,0.223402
9,262,2.000597,3.000896,0.223402
9,263,2.000375,3.000562,0.223402
9,264,2.005381,3.008072,0.224693
9,265,2.003587,3.005381,0.223402
9,266,2.018063,3.027095,0.223402
9,267,2.014584,3.021877,0.223402
9,268,2.005085,3.007628,0.223402
9,269,2.001773,3.002660,0.223402
9,270,2.000618,3.000927,0.223402
9,271,2.000216,3.000323,0.223402
9,272,2.004376,3.006564,0.223402
9,273,2.005665,3.008498,0.223402
9,274,2.006946,3.010419,0.223402
9,275,2.031272,3.046908,0.223402
9,276,2.005412,3.008118,0.243223
9,277,1.991702,2.987553,0.241369
9,278,2.034053,3.051080,0.225541
9,279,2.013774,3.020661,0.227573
9,280,1.982997,2.974495,0.264527
9,281,2.005580,3.008370,0.223402
9,282,1.990079,2.985119,0.255958
9,283,2.005499,3.008249,0.223402
9,284,1.994094,2.991141,0.238951
9,285,2.009474,3.014211,0.223402
9,286,2.003266,3.004899,0.223402
9,287,2.005070,3.007605,0.228619
9,288,1.987391,2.981087,0.258112
9,289,1.988593,2.982889,0.266228
9,290,2.012814,3.019221,0.223402
9,291,2.004468,3.006702,0.223402
9,292,1.994403,2.991604,0.250491
9,293,1.992638,2.988957,0.261072
9,294,2.009049,3.013573,0.223402
9,295,2.020150,3.030224,0.223402
9,296,2.007763,3.011644,0.224529
9,297,1.994296,2.991443,0.247838
9,298,2.003239,3.004859,0.223402
9,299,2.001129,3.001694,0.223402
9,300,2.000394,3.000591,0.223402
9,301,2.000137,3.000206,0.223402
9,302,1.950789,2.926183,0.359293
9,303,2.025779,3.038668,0.223402
9,304,2.012702,3.019052,0.223402
9,305,2.000640,3.000960,0.233105
9,306,2.002974,3.004461,0.223402
9,307,1.994723,2.992084,0.234850
9,308,2.002132,3.003198,0.223402
9,309,2.000743,3.001115,0.223402
9,310,2.000259,3.000389,0.223402
9,311,2.030785,3.046177,0.223402
9,312,2.010734,3.016101,0.223402
9,313,2.003743,3.005614,0.223402
9,314,1.981610,2.972414,0.270625
9,315,2.017140,3.025710,0.223402
9,316,2.009368,3.014052,0.223402
9,317,2.003266,3.004900,0.223402
9,318,2.001139,3.001708,0.223402
9,319,2.000397,3.000596,0.223402
9,320,1.998193,2.997290,0.229012
9,321,1.999943,2.999914,0.225602
9,322,2.003908,3.005861,0.231366
9,323,2.003025,3.004537,0.223402
9,324,1.962226,2.943339,0.320235
9,325,2.007692,3.011538,0.223402
9,326,2.010646,3.015969,0.223402
9,327,2.003712,3.005568,0.223402
9,328,2.001294,3.001941,0.223402
9,329,2.000451,3.000677,0.223402
9,330,2.002584,3.003876,0.223402
9,331,1.997694,2.996541,0.233844
9,332,2.001852,3.002777,0.223402
9,333,2.000646,3.000968,0.223402
9,334,1.995727,2.993591,0.223771
9,335,1.982435,2.973652,0.284081
9,336,2.020332,3.030498,0.223402
9,337,2.015061,3.022592,0.223402
9,338,2.014457,3.021685,0.223402
9,339,1.956740,2.935110,0.316001
9,340,2.009559,3.014338,0.233795
9,341,2.008048,3.012072,0.223402
9,342,2.002806,3.004209,0.223402
9,343,1.996674,2.995011,0.274418
9,344,2.008738,3.013106,0.240793
9,345,1.993712,2.990567,0.256309
9,346,2.004841,3.007261,0.223402
9,347,2.002707,3.004061,0.223402
9,348,2.000944,3.001416,0.223402
9,349,2.000329,3.000494,0.223402
9,350,1.990092,2.985138,0.241452
9,351,1.967147,2.950720,0.295709
9,352,1.991171,2.986756,0.305200
9,353,2.025131,3.037696,0.225578
9,354,2.010573,3.015859,0.223402
9,355,2.003687,3.005530,0.223402
9,356,2.001285,3.001928,0.223402
9,357,2.005409,3.008114,0.223402
9,358,1.993938,2.990907,0.235712
9,359,2.001354,3.002031,0.223402
9,360,2.006246,3.009369,0.230848
9,361,1.993054,2.989580,0.244444
9,362,2.002171,3.003256,0.223402
9,363,2.000757,3.001135,0.223402
9,364,2.000264,3.000396,0.223402
9,365,2.023514,3.035270,0.223402
9,366,2.008199,3.012298,0.223402
9,367,2.011540,3.017309,0.227114
9,368,1.995101,2.992652,0.249309
9,369,2.010521,3.015782,0.223402
9,370,2.006988,3.010483,0.223402
9,371,1.989694,2.984540,0.255958
9,372,2.018159,3.027238,0.223402
9,373,1.952649,2.928974,0.344759
9,374,2.009882,3.014823,0.228085
9,375,2.007731,3.011596,0.223402
9,376,1.986103,2.979155,0.309185
9,377,2.017814,3.026722,0.223402
9,378,1.995862,2.993792,0.270597
9,379,1.987707,2.981560,0.261665
9,380,2.008419,3.012628,0.223402
9,381,2.002468,3.003702,0.234385
9,382,1.999158,2.998737,0.231214
9,383,2.017686,3.026529,0.223402
9,384,2.006167,3.009250,0.223402
9,385,2.002150,3.003225,0.223402
9,386,1.987836,2.981755,0.246771
9,387,2.004700,3.007050,0.223402
9,388,2.001639,3.002458,0.223402
9,389,2.011423,3.017134,0.223402
9,390,2.012649,3.018973,0.223402
9,391,2.004410,3.006615,0.223402
9,392,2.001538,3.002307,0.223402
9,393,1.945227,2.917841,0.315479
9,394,2.012605,3.018907,0.223402
9,395,2.007736,3.011604,0.223402
9,396,2.002697,3.004046,0.223402
9,397,1.978994,2.968491,0.266213
9,398,2.001708,3.002562,0.223402
9,399,1.965018,2.947527,0.311322
9,400,2.007516,3.011274,0.223402
9,401,1.999463,2.999194,0.231443
9,402,2.002529,3.003794,0.223402
9,403,1.978757,2.968135,0.252155
9,404,2.023218,3.034827,0.223402
9,405,1.985769,2.978653,0.269383
9,406,2.005975,3.008962,0.223402
9,407,1.970432,2.955648,0.273295
9,408,2.004788,3.007182,0.239995
9,409,2.007386,3.011079,0.223402
9,410,1.998846,2.998269,0.227226
9,411,2.027846,3.041768,0.223402
9,412,2.010911,3.016366,0.235119
9,413,2.005805,3.008708,0.223402
9,414,2.002024,3.003036,0.223402
9,415,1.995987,2.993981,0.234594
9,416,2.002401,3.003602,0.223402
9,417,2.008753,3.013130,0.227566
9,418,2.003729,3.005593,0.223402
9,419,2.015935,3.023903,0.223402
9,420,2.009267,3.013900,0.223402
9,421,2.003231,3.004847,0.223402
9,422,2.001127,3.001690,0.223402
9,423,1.995957,2.993936,0.237215
9,424,1.995745,2.993617,0.231137
9,425,2.000185,3.000278,0.223402
9,426,2.000065,3.000097,0.223402
9,427,2.002994,3.004492,0.223402
9,428,1.984512,2.976768,0.264518
9,429,2.001692,3.002539,0.225801
9,430,1.997255,2.995883,0.232269
9,431,2.002679,3.004018,0.223402
9,432,2.015008,3.022513,0.223402
9,433,2.014685,3.022028,0.241176
9,434,1.971678,2.957517,0.300338
9,435,2.011507,3.017260,0.223402
9,436,2.035870,3.053805,0.223402
9,437,2.015072,3.022608,0.223402
9,438,2.010856,3.016284,0.223402
9,439,2.003785,3.005678,0.223402
9,440,2.003833,3.005750,0.227549
9,441,2.002938,3.004407,0.223402
9,442,2.001024,3.001537,0.223402
9,443,2.022308,3.033463,0.223402
9,444,2.007778,3.011668,0.223402
9,445,2.002712,3.004068,0.223402
9,446,2.001734,3.002602,0.223402
9,447,2.000605,3.000907,0.223402
9,448,1.999150,2.998725,0.224281
9,449,1.999598,2.999397,0.223402
9,450,1.985740,2.978610,0.249324
9,451,2.001846,3.002770,0.223402
9,452,2.000644,3.000966,0.223402
9,453,2.000224,3.000337,0.223402
9,454,2.000078,3.000117,0.223402
9,455,2.000027,3.000041,0.223402
9,456,2.000010,3.000014,0.223402
9,457,2.000003,3.000005,0.223402
9,458,2.014648,3.021972,0.223402
9,459,2.005107,3.007661,0.223402
9,460,2.001781,3.002671,0.223402
9,461,1.947511,2.921267,0.346712
9,462,2.014560,3.021840,0.223402
9,463,2.005077,3.007615,0.223402
9,464,2.001770,3.002655,0.223402
9,465,1.991958,2.987937,0.237666
9,466,2.008933,3.013400,0.223402
9,467,2.006060,3.009090,0.223402
9,468,2.001412,3.002118,0.223402
9,469,1.985764,2.978646,0.261346
9,470,2.002097,3.003146,0.223402
9,471,2.005370,3.008055,0.223402
9,472,2.010659,3.015988,0.223402
9,473,2.003716,3.005575,0.223402
9,474,2.001296,3.001944,0.223402
9,475,2.003921,3.005882,0.223402
9,476,2.007391,3.011087,0.223402
9,477,1.997927,2.996891,0.235070
9,478,1.991445,2.987167,0.248458
9,479,2.003287,3.004930,0.223402
9,480,2.001146,3.001719,0.223402
9,481,2.013677,3.020516,0.223402
9,482,2.006091,3.009136,0.223402
9,483,2.002124,3.003186,0.223402
9,484,1.997900,2.996850,0.224142
9,485,2.001187,3.001781,0.223402
9,486,2.001420,3.002131,0.223402
9,487,2.010872,3.016307,0.223402
9,488,1.999965,2.999948,0.239587
9,489,2.005333,3.008000,0.223402
9,490,2.027317,3.040976,0.223402
9,491,1.987937,2.981906,0.269452
9,492,2.014418,3.021627,0.225024
9,493,1.950718,2.926077,0.345085
9,494,2.009463,3.014195,0.223402
9,495,2.003300,3.004949,0.223402
9,496,2.001151,3.001726,0.223402
9,497,2.012110,3.018165,0.223402
9,498,2.022761,3.034142,0.223402
9,499,2.007936,3.011905,0.223402
9,500,1.944735,2.917103,0.342080
9,501,1.973592,2.960388,0.301740
9,502,1.992671,2.989006,0.248683
9,503,2.010871,3.016306,0.223402
9,504,2.003790,3.005686,0.223402
9,505,1.968008,2.952012,0.290335
9,506,2.002484,3.003725,0.223402
9,507,2.000866,3.001299,0.223402
9,508,2.003293,3.004939,0.223402
9,509,2.001757,3.002635,0.223402
9,510,1.994258,2.991387,0.239899
9,511,1.983323,2.974985,0.299436
9,512,2.017022,3.025532,0.224934
9,513,2.007034,3.010550,0.223402
9,514,2.002509,3.003764,0.223402
9,515,2.000875,3.001312,0.223402
9,516,2.000305,3.000458,0.223402
9,517,1.986120,2.979180,0.261335
9,518,2.004907,3.007360,0.223402
9,519,2.001711,3.002566,0.223402
9,520,2.000597,3.000895,0.223402
9,521,2.000208,3.000312,0.223402
9,522,1.994416,2.991624,0.239797
9,523,1.996698,2.995046,0.242778
9,524,1.998469,2.997703,0.245549
9,525,2.002974,3.004461,0.223402
9,526,1.999901,2.999852,0.229193
9,527,1.990483,2.985724,0.243326
9,528,2.002568,3.003852,0.223402
9,529,1.989408,2.984112,0.237521
9,530,1.986012,2.979018,0.255284
9,531,1.994109,2.991163,0.241624
9,532,2.010522,3.015783,0.223402
9,533,1.993927,2.990890,0.248236
9,534,2.004012,3.006018,0.223402
9,535,2.001565,3.002348,0.223402
9,536,1.985478,2.978217,0.263911
9,537,2.000092,3.000138,0.234205
9,538,1.991833,2.987750,0.247273
9,539,2.007222,3.010833,0.224020
9,540,1.971760,2.957639,0.281557
9,541,2.004698,3.007047,0.223402
9,542,2.001638,3.002457,0.223402
9,543,2.000571,3.000857,0.223402
9,544,2.000199,3.000299,0.223402
9,545,2.003883,3.005824,0.223402
9,546,2.001354,3.002031,0.223402
9,547,2.000472,3.000708,0.223402
9,548,2.000281,3.000422,0.223402
9,549,2.020159,3.030238,0.232259
9,550,2.015822,3.023734,0.223402
9,551,2.005517,3.008275,0.223402
9,552,2.001924,3.002885,0.223402
9,553,2.000671,3.001006,0.223402
9,554,2.015028,3.022542,0.223402
9,555,2.005240,3.007860,0.223402
9,556,2.011880,3.017820,0.223402
9,557,2.004142,3.006213,0.223402
9,558,2.001320,3.001980,0.223402
9,559,2.000460,3.000690,0.223402
9,560,2.005328,3.007992,0.223402
9,561,2.001858,3.002787,0.223402
9,562,1.997927,2.996891,0.225738
9,563,2.000472,3.000708,0.223402
9,564,2.000164,3.000247,0.223402
9,565,2.010096,3.015144,0.223402
9,566,2.003520,3.005280,0.223402
9,567,1.963382,2.945074,0.293623
9,568,2.005829,3.008743,0.223402
9,569,2.002032,3.003048,0.223402
9,570,1.991690,2.987535,0.250693
9,571,2.005695,3.008543,0.223402
9,572,2.005625,3.008438,0.223402
9,573,1.993439,2.990159,0.235084
9,574,1.997428,2.996143,0.247454
9,575,2.014016,3.021025,0.223402
9,576,2.004887,3.007331,0.223402
9,577,2.001704,3.002556,0.223402
9,578,2.000594,3.000891,0.223402
9,579,2.001298,3.001948,0.223402
9,580,2.007234,3.010851,0.223402
9,581,2.003300,3.004950,0.223402
9,582,1.993048,2.989571,0.246715
9,583,2.006190,3.009286,0.223402
9,584,2.002158,3.003238,0.223402
9,585,1.996938,2.995408,0.226930
9,586,2.007500,3.011250,0.229917
9,587,2.004840,3.007260,0.223402
9,588,2.001688,3.002532,0.223402
9,589,1.965840,2.948761,0.296594
9,590,2.027117,3.040675,0.223402
9,591,2.015291,3.022936,0.223946
9,592,2.005986,3.008979,0.223402
9,593,2.002087,3.003131,0.223402
9,594,2.007533,3.011300,0.223402
9,595,1.979351,2.969026,0.265622
9,596,1.986853,2.980280,0.269734
9,597,2.009065,3.013598,0.223402
9,598,2.008174,3.012260,0.223402
9,599,2.034511,3.051767,0.223402
9,600,2.012033,3.018050,0.223402
9,601,2.004196,3.006294,0.223402
9,602,1.989908,2.984862,0.249230
9,603,2.017399,3.026098,0.223402
9,604,2.029105,3.043658,0.223402
9,605,2.010148,3.015222,0.223402
9,606,1.983207,2.974811,0.258498
9,607,2.002400,3.003601,0.223402
9,608,2.000725,3.001088,0.223402
9,609,2.000741,3.001111,0.234407
9,610,2.002473,3.003710,0.223402
9,611,2.007259,3.010889,0.223402
9,612,2.002531,3.003797,0.223402
9,613,2.000883,3.001324,0.223402
9,614,2.000308,3.000462,0.223402
9,615,2.001145,3.001717,0.240132
9,616,2.012097,3.018146,0.223402
9,617,2.013254,3.019880,0.223402
9,618,2.004607,3.006910,0.238790
9,619,2.003848,3.005772,0.223402
9,620,2.004663,3.006995,0.223402
9,621,2.010993,3.016489,0.223402
9,622,2.007366,3.011049,0.234465
9,623,1.968279,2.952419,0.304183
9,624,1.998867,2.998301,0.245104
9,625,2.008355,3.012532,0.223402
9,626,2.002913,3.004370,0.223402
9,627,2.002880,3.004321,0.223402
9,628,1.981062,2.971593,0.278834
9,629,2.007455,3.011182,0.223402
9,630,1.933840,2.900760,0.370548
9,631,2.014888,3.022333,0.223402
9,632,2.005191,3.007787,0.223402
9,633,2.016942,3.025413,0.223402
9,634,2.005907,3.008861,0.223402
9,635,2.002060,3.003090,0.223402
9,636,2.000718,3.001077,0.223402
9,637,2.006380,3.009570,0.223402
9,638,2.002225,3.003337,0.223402
9,639,1.938014,2.907022,0.359201
9,640,2.013166,3.019749,0.223402
9,641,2.014763,3.022144,0.223402
9,642,2.005147,3.007721,0.223402
9,643,2.003375,3.005062,0.223402
9,644,2.011119,3.016679,0.223402
9,645,2.003877,3.005815,0.223402
9,646,2.001352,3.002028,0.223402
9,647,1.989511,2.984266,0.244969
9,648,2.002691,3.004037,0.223402
9,649,2.000938,3.001408,0.223402
9,650,2.000327,3.000491,0.223402
9,651,2.000114,3.000171,0.223402
9,652,1.992167,2.988251,0.243269
9,653,2.009503,3.014254,0.223402
9,654,1.973927,2.960891,0.297844
9,655,2.009741,3.014611,0.223402
9,656,1.985723,2.978584,0.258349
9,657,1.977203,2.965805,0.256968
9,658,2.015997,3.023996,0.223402
9,659,1.985947,2.978921,0.262324
9,660,2.025094,3.037641,0.223402
9,661,2.015495,3.023243,0.223402
9,662,2.005403,3.008104,0.223402
9,663,2.002675,3.004012,0.225607
9,664,2.002502,3.003752,0.223402
9,665,1.990618,2.985927,0.247175
9,666,1.990520,2.985780,0.258903
9,667,2.013621,3.020431,0.253751
9,668,2.010775,3.016163,0.223402
9,669,2.003757,3.005636,0.223402
9,670,2.001310,3.001965,0.223402
9,671,2.000457,3.000685,0.223402
9,672,2.000159,3.000239,0.223402
9,673,2.000056,3.000083,0.223402
9,674,1.996207,2.994310,0.229292
9,675,2.000964,3.001446,0.223402
9,676,2.000336,3.000504,0.223402
9,677,1.992021,2.988032,0.245086
9,678,2.010435,3.015653,0.223402
9,679,1.988325,2.982488,0.262289
9,680,1.981389,2.972084,0.265365
9,681,2.007624,3.011436,0.223402
9,682,2.002658,3.003987,0.223402
9,683,1.989762,2.984643,0.260178
9,684,2.032115,3.048172,0.223402
9,685,2.011198,3.016796,0.223402
9,686,2.011436,3.017154,0.223402
9,687,1.984180,2.976270,0.253900
9,688,2.002734,3.004102,0.223402
9,689,2.000953,3.001430,0.223402
9,690,2.000863,3.001294,0.223402
9,691,2.000301,3.000451,0.223402
9,692,2.000105,3.000157,0.223402
9,693,2.000037,3.000055,0.223402
9,694,1.991293,2.986939,0.235457
9,695,2.005982,3.008972,0.223402
9,696,2.001570,3.002355,0.223402
9,697,1.994315,2.991473,0.230205
9,698,2.000536,3.000804,0.223402
9,699,1.999201,2.998802,0.223402
9,700,1.999666,2.999499,0.223402
9,701,1.999884,2.999825,0.223402
9,702,1.999959,2.999939,0.223402
9,703,2.003182,3.004773,0.223402
9,704,2.001201,3.001802,0.223402
9,705,2.002123,3.003185,0.223402
9,706,2.016829,3.025244,0.238690
9,707,1.985029,2.977543,0.271547
9,708,2.013314,3.019970,0.223402
9,709,1.996956,2.995435,0.255546
9,710,1.968987,2.953481,0.290504
9,711,2.003956,3.005934,0.223402
9,712,2.001379,3.002069,0.223402
9,713,2.005111,3.007666,0.223402
9,714,2.001782,3.002673,0.223402
9,715,2.001886,3.002829,0.223402
9,716,2.008505,3.012758,0.223402
9,717,2.002966,3.004448,0.223402
9,718,2.001034,3.001551,0.223402
9,719,1.996565,2.994847,0.230945
9,720,1.999414,2.999121,0.223402
9,721,1.993373,2.990060,0.256886
9,722,1.974734,2.962101,0.332389
9,723,2.016667,3.025001,0.223402
9,724,2.009418,3.014127,0.223402
9,725,2.003284,3.004926,0.223402
9,726,2.000820,3.001230,0.223402
9,727,2.000286,3.000429,0.223402
9,728,2.000100,3.000149,0.223402
9,729,2.008847,3.013270,0.223402
9,730,1.991533,2.987299,0.251474
9,731,1.972329,2.958494,0.293627
9,732,2.003498,3.005246,0.235808
9,733,2.003511,3.005267,0.223402
9,734,2.001224,3.001836,0.223402
9,735,2.000427,3.000640,0.223402
9,736,1.991029,2.986543,0.241968
9,737,1.985011,2.977516,0.251728
9,738,2.012678,3.019016,0.223402
9,739,2.001572,3.002358,0.238719
9,740,2.004489,3.006734,0.223402
9,741,2.008691,3.013036,0.223402
9,742,2.003030,3.004545,0.223402
9,743,2.001057,3.001585,0.223402
9,744,1.982545,2.973818,0.255819
9,745,2.006427,3.009640,0.223402
9,746,2.009991,3.014986,0.223402
9,747,2.003716,3.005574,0.223402
9,748,2.012878,3.019317,0.234045
9,749,2.008003,3.012004,0.223402
9,750,1.943455,2.915182,0.380198
9,751,2.033973,3.050960,0.223402
9,752,2.011846,3.017769,0.223402
9,753,2.008108,3.012161,0.223402
9,754,2.002827,3.004240,0.223402
9,755,2.000986,3.001479,0.223402
9,756,2.007080,3.010620,0.223402
9,757,2.002469,3.003703,0.223402
9,758,1.996668,2.995002,0.234138
9,759,2.007158,3.010737,0.226357
9,760,2.010680,3.016021,0.240386
9,761,2.007661,3.011491,0.223402
9,762,2.002671,3.004007,0.223402
9,763,2.000931,3.001397,0.223402
9,764,1.993121,2.989682,0.230477
9,765,1.977882,2.966824,0.292848
9,766,2.006234,3.009351,0.260034
9,767,2.014003,3.021005,0.223402
9,768,2.004883,3.007324,0.223402
9,769,2.001702,3.002554,0.223402
9,770,1.983294,2.974941,0.256840
9,771,2.008723,3.013085,0.248604
9,772,1.998978,2.998467,0.235513
9,773,2.011246,3.016869,0.223402
9,774,2.001294,3.001941,0.227772
9,775,2.001314,3.001972,0.223402
9,776,2.004422,3.006634,0.223402
9,777,2.001542,3.002313,0.223402
9,778,2.000538,3.000806,0.223402
9,779,2.000187,3.000281,0.223402
9,780,2.001068,3.001601,0.223572
9,781,2.001592,3.002387,0.223402
9,782,2.000555,3.000832,0.223402
9,783,1.989562,2.984343,0.240671
9,784,2.010311,3.015467,0.223402
9,785,1.988864,2.983296,0.286010
9,786,2.051568,3.077352,0.223402
9,787,1.992528,2.988793,0.262808
9,788,1.998842,2.998263,0.251569
9,789,2.008213,3.012319,0.223402
9,790,1.973295,2.959942,0.286026
9,791,2.022575,3.033862,0.223402
9,792,2.007318,3.010978,0.232324
9,793,2.005104,3.007656,0.223402
9,794,2.011351,3.017026,0.223402
9,795,1.956275,2.934412,0.308734
9,796,2.009951,3.014926,0.223402
9,797,1.976129,2.964193,0.269710
9,798,1.999934,2.999901,0.249866
9,799,2.006758,3.010137,0.223402
9,800,2.002356,3.003534,0.223402
9,801,1.935570,2.903355,0.362451
9,802,2.009385,3.014077,0.249222
9,803,2.014231,3.021347,0.223402
9,804,1.986940,2.980410,0.250169
9,805,2.004939,3.007408,0.223402
9,806,2.001722,3.002583,0.223402
9,807,2.010717,3.016075,0.223402
9,808,2.008025,3.012037,0.223402
9,809,2.011938,3.017907,0.223402
9,810,2.005728,3.008592,0.226299
9,811,1.977567,2.966351,0.295639
9,812,2.006117,3.009176,0.227932
9,813,2.002460,3.003691,0.223402
9,814,2.013572,3.020357,0.223402
9,815,2.004732,3.007098,0.223402
9,816,2.008614,3.012921,0.223402
9,817,1.996865,2.995297,0.246064
9,818,1.998990,2.998485,0.225985
9,819,2.001196,3.001793,0.226480
9,820,2.003546,3.005318,0.223402
9,821,1.953192,2.929789,0.318489
9,822,2.006216,3.009324,0.226642
9,823,2.017544,3.026316,0.223402
9,824,2.006735,3.010102,0.223402
9,825,1.968385,2.952577,0.293867
9,826,2.014251,3.021376,0.223402
9,827,2.004969,3.007453,0.223402
9,828,2.030464,3.045696,0.235471
9,829,2.019437,3.029156,0.223402
9,830,2.006777,3.010166,0.223402
9,831,2.002363,3.003545,0.223402
9,832,2.000824,3.001236,0.223402
9,833,1.998561,2.997841,0.230585
9,834,1.993245,2.989868,0.256880
9,835,2.018506,3.027759,0.227219
9,836,1.990422,2.985632,0.258039
9,837,2.007485,3.011228,0.223402
9,838,2.006165,3.009248,0.223402
9,839,2.002150,3.003225,0.223402
9,840,2.011383,3.017074,0.223402
9,841,2.003969,3.005953,0.223402
9,842,2.001384,3.002076,0.223402
9,843,2.000483,3.000724,0.223402
9,844,2.000168,3.000252,0.223402
9,845,2.000059,3.000088,0.223402
9,846,2.000020,3.000031,0.223402
9,847,1.953415,2.930123,0.328907
9,848,2.006765,3.010147,0.230202
9,849,1.999233,2.998849,0.235508
9,850,1.983693,2.975540,0.255484
9,851,2.001526,3.002290,0.233822
9,852,2.000209,3.000314,0.227393
9,853,2.000494,3.000741,0.223402
9,854,2.018575,3.027862,0.223402
9,855,2.013510,3.020264,0.224629
9,856,2.005862,3.008793,0.223402
9,857,2.009452,3.014179,0.223402
9,858,2.000750,3.001125,0.231039
9,859,1.992088,2.988132,0.241228
9,860,2.005472,3.008208,0.223402
9,861,2.001908,3.002862,0.223402
9,862,2.000665,3.000998,0.223402
9,863,2.000232,3.000348,0.223402
9,864,2.000081,3.000121,0.223402
9,865,1.939764,2.909646,0.328683
9,866,1.972279,2.958418,0.324544
9,867,2.033462,3.050194,0.239520
9,868,2.014749,3.022124,0.223402
9,869,2.019055,3.028583,0.259527
9,870,2.034960,3.052440,0.223402
9,871,2.012190,3.018285,0.223402
9,872,1.998501,2.997751,0.259995
9,873,2.022781,3.034172,0.223402
9,874,2.007943,3.011915,0.223402
9,875,2.002770,3.004154,0.223402
9,876,2.014021,3.021031,0.223402
9,877,1.924672,2.887008,0.359433
9,878,2.015796,3.023693,0.223402
9,879,2.005895,3.008843,0.223402
9,880,2.002056,3.003083,0.223402
9,881,2.004125,3.006187,0.223402
9,882,1.992053,2.988080,0.246286
9,883,2.003905,3.005857,0.223402
9,884,2.001362,3.002042,0.223402
9,885,2.006978,3.010467,0.223402
9,886,2.002433,3.003649,0.223402
9,887,2.012818,3.019227,0.223402
9,888,2.004469,3.006704,0.223402
9,889,2.014370,3.021555,0.223402
9,890,1.993831,2.990746,0.244095
9,891,2.008563,3.012844,0.223402
9,892,1.990550,2.985825,0.254283
9,893,2.001573,3.002360,0.237246
9,894,1.977563,2.966345,0.280537
9,895,1.997842,2.996764,0.234012
9,896,2.002887,3.004330,0.223402
9,897,2.001006,3.001510,0.223402
9,898,2.000351,3.000526,0.223402
9,899,2.000122,3.000184,0.223402
9,900,2.013185,3.019777,0.223402
9,901,1.991790,2.987684,0.249685
9,902,1.983298,2.974947,0.277027
9,903,1.995902,2.993853,0.240873
9,904,2.002008,3.003013,0.223402
9,905,2.023131,3.034697,0.232781
9,906,2.012782,3.019173,0.223402
9,907,1.965629,2.948443,0.310033
9,908,2.004371,3.006557,0.233094
9,909,2.011602,3.017403,0.223402
9,910,1.987500,2.981249,0.244349
9,911,2.014636,3.021954,0.223402
9,912,2.005103,3.007655,0.223402
9,913,1.997607,2.996410,0.232259
9,914,2.000415,3.000622,0.223402
9,915,2.002426,3.003639,0.223402
9,916,2.000846,3.001269,0.223402
9,917,2.000295,3.000442,0.223402
9,918,1.945358,2.918038,0.322828
9,919,2.016761,3.025141,0.223402
9,920,2.005844,3.008766,0.223402
9,921,2.012232,3.018348,0.224272
9,922,1.998285,2.997428,0.235638
9,923,2.004533,3.006799,0.223402
9,924,2.001581,3.002371,0.223402
9,925,2.000613,3.000920,0.223402
9,926,2.000214,3.000321,0.223402
9,927,2.000075,3.000112,0.223402
9,928,2.011655,3.017482,0.223402
9,929,2.004064,3.006096,0.223402
9,930,2.001417,3.002125,0.223402
9,931,2.000286,3.000429,0.223786
9,932,2.001182,3.001773,0.223402
9,933,2.004901,3.007352,0.236740
9,934,2.006360,3.009540,0.223402
9,935,2.007332,3.010999,0.255141
9,936,2.011557,3.017336,0.223402
9,937,2.004030,3.006045,0.223402
9,938,2.001405,3.002108,0.223402
9,939,1.916919,2.875379,0.377023
9,940,2.003585,3.005378,0.250775
9,941,2.008953,3.013430,0.223402
9,942,2.003122,3.004683,0.223402
9,943,2.001088,3.001633,0.223402
9,944,2.000380,3.000569,0.223402
9,945,2.000132,3.000199,0.223402
9,946,2.000046,3.000069,0.223402
9,947,1.887268,2.830902,0.432721
9,948,2.010543,3.015814,0.223402
9,949,2.003676,3.005514,0.223402
9,950,2.024879,3.037319,0.223402
9,951,2.009289,3.013933,0.223402
9,952,2.003239,3.004858,0.223402
9,953,1.994822,2.992233,0.230410
9,954,2.001085,3.001627,0.223402
9,955,2.000378,3.000567,0.223402
9,956,1.983243,2.974865,0.263138
9,957,2.000143,3.000215,0.229261
9,958,2.004830,3.007245,0.223402
9,959,2.015439,3.023159,0.223402
9,960,2.005383,3.008075,0.223402
9,961,2.001877,3.002816,0.223402
9,962,1.958472,2.937707,0.309248
9,963,2.006628,3.009942,0.223402
9,964,1.997602,2.996402,0.247842
9,965,2.030383,3.045574,0.223402
9,966,2.010594,3.015891,0.223402
9,967,1.975491,2.963237,0.271638
9,968,2.008346,3.012519,0.223402
9,969,2.006659,3.009989,0.223402
9,970,2.008086,3.012129,0.223402
9,971,2.011421,3.017132,0.252050
9,972,2.009946,3.014919,0.223402
9,973,2.007530,3.011296,0.223402
9,974,1.974710,2.962065,0.266328
9,975,2.007409,3.011113,0.223402
9,976,2.002583,3.003875,0.223402
9,977,1.990910,2.986366,0.261958
9,978,2.006382,3.009573,0.223402
9,979,2.034947,3.052420,0.227813
9,980,2.021533,3.032300,0.223402
9,981,2.007508,3.011262,0.223402
9,982,2.002618,3.003927,0.223402
9,983,1.989283,2.983924,0.275353
9,984,1.996664,2.994997,0.242958
9,985,2.006550,3.009825,0.223402
9,986,2.005424,3.008136,0.223402
9,987,2.001891,3.002837,0.223402
9,988,2.005090,3.007636,0.223402
9,989,1.932284,2.898426,0.354800
9,990,2.013061,3.019591,0.223402
9,991,2.026344,3.039515,0.223402
9,992,2.009084,3.013626,0.223402
9,993,1.995814,2.993720,0.231752
9,994,1.970186,2.955279,0.292589
9,995,2.009523,3.014285,0.223402
9,996,2.003321,3.004981,0.223402
9,997,2.001158,3.001737,0.223402
9,998,1.993398,2.990097,0.243414
9,999,2.008117,3.012175,0.264265
9,1000,2.014954,3.022430,0.223402
10,1,2.007693,3.011539,0.223402
10,2,2.002682,3.004024,0.223402
10,3,1.991794,2.987691,0.234421
10,4,2.002234,3.003351,0.223402
10,5,2.006676,3.010013,0.223402
10,6,1.978011,2.967016,0.265523
10,7,2.003802,3.005702,0.223402
10,8,2.001326,3.001988,0.223402
10,9,1.976251,2.964376,0.269370
10,10,2.003103,3.004654,0.223402
10,11,2.001248,3.001873,0.223402
10,12,1.955937,2.933906,0.316100
10,13,2.009788,3.014682,0.223402
10,14,2.003413,3.005119,0.223402
10,15,2.026169,3.039253,0.223402
10,16,2.009124,3.013687,0.223402
10,17,2.003181,3.004772,0.223402
10,18,2.001109,3.001664,0.223402
10,19,1.998970,2.998455,0.228212
10,20,1.979972,2.969958,0.258430
10,21,2.005343,3.008014,0.223402
10,22,1.979836,2.969753,0.269889
10,23,1.986366,2.979549,0.264350
10,24,2.004012,3.006019,0.223402
10,25,1.993233,2.989849,0.228502
10,26,2.013618,3.020427,0.223402
10,27,2.004748,3.007122,0.223402
10,28,1.996624,2.994936,0.223853
10,29,2.017701,3.026551,0.223402
10,30,2.006172,3.009258,0.223402
10,31,1.985616,2.978424,0.263792
10,32,1.994224,2.991336,0.251083
10,33,2.004936,3.007403,0.223402
10,34,2.001721,3.002581,0.223402
10,35,2.000600,3.000900,0.223402
10,36,2.000209,3.000314,0.223402
10,37,2.003115,3.004672,0.231464
10,38,2.002100,3.003150,0.223402
10,39,2.020296,3.030443,0.223402
10,40,2.018367,3.027550,0.223402
10,41,2.001874,3.002811,0.227744
10,42,2.001729,3.002594,0.233228
10,43,2.003039,3.004558,0.223402
10,44,2.006762,3.010143,0.223402
10,45,2.002358,3.003537,0.223402
10,46,2.000822,3.001233,0.223402
10,47,2.000287,3.000430,0.223402
10,48,2.002090,3.003135,0.223402
10,49,2.002601,3.003902,0.223402
10,50,2.011004,3.016507,0.223402
10,51,2.003837,3.005756,0.223402
10,52,2.015885,3.023827,0.223402
10,53,2.005539,3.008308,0.223402
10,54,2.003411,3.005116,0.223402
10,55,2.001189,3.001784,0.223402
10,56,2.001308,3.001962,0.232245
10,57,2.032608,3.048912,0.223402
10,58,2.016973,3.025460,0.223402
10,59,2.016478,3.024717,0.223402
10,60,2.005746,3.008618,0.223402
10,61,2.002003,3.003005,0.223402
10,62,2.000699,3.001048,0.223402
10,63,2.000244,3.000365,0.223402
10,64,2.000085,3.000127,0.223402
10,65,1.895763,2.843645,0.451875
10,66,2.029021,3.043532,0.223402
10,67,2.010119,3.015179,0.223402
10,68,1.986889,2.980333,0.260147
10,69,2.011709,3.017563,0.223402
10,70,1.999025,2.998538,0.228199
10,71,2.005045,3.007568,0.223402
10,72,2.008961,3.013441,0.223402
10,73,2.003124,3.004687,0.223402
10,74,2.001089,3.001634,0.223402
10,75,2.000380,3.000570,0.223402
10,76,2.000132,3.000199,0.223402
10,77,1.978484,2.967726,0.250200
10,78,2.008307,3.012461,0.223402
10,79,2.007071,3.010607,0.223402
10,80,2.002466,3.003698,0.223402
10,81,2.000860,3.001290,0.223402
10,82,1.990332,2.985498,0.234753
10,83,1.948646,2.922968,0.327629
10,84,2.006767,3.010151,0.231920
10,85,1.999510,2.999265,0.234878
10,86,1.943759,2.915638,0.336343
10,87,1.995352,2.993028,0.261383
10,88,2.003403,3.005104,0.232210
10,89,2.004419,3.006628,0.223402
10,90,2.009165,3.013747,0.223402
10,91,2.030770,3.046154,0.254742
10,92,2.009975,3.014962,0.230632
10,93,2.005171,3.007756,0.223402
10,94,2.001803,3.002704,0.223402
10,95,2.001392,3.002089,0.223402
10,96,2.009608,3.014411,0.241395
10,97,2.009021,3.013532,0.223402
10,98,2.003145,3.004718,0.223402
10,99,2.001097,3.001645,0.223402
10,100,1.980034,2.970050,0.266521
10,101,2.005817,3.008725,0.223402
10,102,2.002028,3.003042,0.223402
10,103,2.000707,3.001061,0.223402
10,104,1.994114,2.991171,0.233485
10,105,2.001897,3.002845,0.223402
10,106,2.000661,3.000992,0.223402
10,107,2.000231,3.000346,0.223402
10,108,2.010913,3.016370,0.247857
10,109,2.008776,3.013164,0.223402
10,110,2.003060,3.004590,0.223402
10,111,2.001868,3.002801,0.223402
10,112,2.012846,3.019270,0.223402
10,113,2.010315,3.015473,0.223402
10,114,2.013753,3.020630,0.223402
10,115,1.993157,2.989735,0.248827
10,116,2.014582,3.021872,0.223402
10,117,2.006831,3.010247,0.223402
10,118,2.012524,3.018787,0.223402
10,119,1.991281,2.986922,0.254437
10,120,2.005807,3.008710,0.223402
10,121,2.007302,3.010953,0.223402
10,122,2.002546,3.003819,0.223402
10,123,1.984302,2.976454,0.261869
10,124,2.015069,3.022604,0.223402
10,125,2.005576,3.008364,0.223402
10,126,2.001944,3.002916,0.223402
10,127,2.012214,3.018322,0.223402
10,128,2.004259,3.006388,0.223402
10,129,1.975546,2.963320,0.277677
10,130,2.005485,3.008228,0.223402
10,131,1.955992,2.933989,0.316443
10,132,2.000373,3.000560,0.265029
10,133,1.996855,2.995283,0.247490
10,134,2.012600,3.018899,0.223402
10,135,2.008251,3.012376,0.223402
10,136,1.944364,2.916546,0.346072
10,137,1.955716,2.933575,0.323192
10,138,1.948147,2.922220,0.347686
10,139,2.026126,3.039188,0.223402
10,140,2.005397,3.008096,0.227840
10,141,2.024398,3.036597,0.238389
10,142,2.012501,3.018752,0.223402
10,143,2.010018,3.015027,0.252811
10,144,2.010042,3.015063,0.223402
10,145,1.989890,2.984835,0.269513
10,146,2.001664,3.002496,0.256188
10,147,1.993926,2.990889,0.243839
10,148,2.018027,3.027041,0.223402
10,149,2.003460,3.005191,0.230427
10,150,2.002012,3.003017,0.223402
10,151,2.000701,3.001052,0.223402
10,152,2.000245,3.000367,0.223402
10,153,1.975114,2.962671,0.263742
10,154,2.004412,3.006618,0.223402
10,155,2.001538,3.002308,0.223402
10,156,2.006891,3.010337,0.223402
10,157,2.003972,3.005958,0.223402
10,158,2.001456,3.002185,0.223402
10,159,1.994625,2.991938,0.239818
10,160,2.008373,3.012560,0.223402
10,161,2.002920,3.004379,0.223402
10,162,1.995646,2.993468,0.228389
10,163,2.015241,3.022862,0.223402
10,164,2.005314,3.007972,0.223402
10,165,2.031703,3.047555,0.223402
10,166,2.011607,3.017410,0.242170
10,167,2.007635,3.011453,0.223402
10,168,2.002356,3.003534,0.223813
10,169,1.983365,2.975048,0.249136
10,170,1.999139,2.998709,0.223402
10,171,1.999904,2.999856,0.223402
10,172,2.002655,3.003982,0.223402
10,173,1.910253,2.865379,0.413449
10,174,2.028226,3.042339,0.223402
10,175,2.002975,3.004462,0.291088
10,176,2.020182,3.030273,0.223402
10,177,2.007037,3.010556,0.223402
10,178,2.001493,3.002240,0.223402
10,179,2.000521,3.000781,0.223402
10,180,2.002301,3.003452,0.223402
10,181,1.998328,2.997491,0.230307
10,182,2.004665,3.006998,0.223402
10,183,2.001627,3.002440,0.223402
10,184,2.002155,3.003233,0.223402
10,185,2.000751,3.001127,0.223402
10,186,1.991192,2.986788,0.243098
10,187,2.010590,3.015885,0.223402
10,188,2.003693,3.005539,0.223402
10,189,2.002040,3.003061,0.223402
10,190,2.000321,3.000482,0.223402
10,191,1.921522,2.882282,0.375892
10,192,2.042746,3.064119,0.223402
10,193,1.964389,2.946584,0.331858
10,194,2.016302,3.024453,0.223402
10,195,2.005684,3.008526,0.223402
10,196,2.001982,3.002973,0.223402
10,197,2.000691,3.001037,0.223402
10,198,2.010252,3.015378,0.223402
10,199,1.960379,2.940569,0.319350
10,200,2.017156,3.025734,0.223402
10,201,2.005982,3.008973,0.223402
10,202,2.002086,3.003129,0.223402
10,203,2.000345,3.000517,0.226121
10,204,2.010457,3.015686,0.223402
10,205,1.994408,2.991611,0.237500
10,206,2.001282,3.001922,0.223402
10,207,2.017929,3.026894,0.223402
10,208,1.995044,2.992565,0.250882
10,209,1.985696,2.978545,0.267210
10,210,1.966568,2.949852,0.321928
10,211,2.000558,3.000837,0.262393
10,212,1.986711,2.980067,0.291089
10,213,2.014921,3.022382,0.223402
10,214,1.935405,2.903107,0.362055
10,215,2.020400,3.030601,0.223402
10,216,2.007113,3.010670,0.223402
10,217,2.004314,3.006471,0.223402
10,218,1.962686,2.944029,0.292555
10,219,1.955349,2.933024,0.331694
10,220,2.019292,3.028937,0.223402
10,221,2.006161,3.009241,0.223402
10,222,2.002148,3.003222,0.223402
10,223,1.998087,2.997130,0.229481
10,224,2.000967,3.001451,0.223402
10,225,2.000337,3.000506,0.223402
10,226,2.001625,3.002438,0.244172
10,227,2.008138,3.012206,0.223402
10,228,2.011649,3.017474,0.223402
10,229,2.004062,3.006093,0.223402
10,230,2.001416,3.002124,0.223402
10,231,2.000494,3.000741,0.223402
10,232,2.018993,3.028490,0.223402
10,233,2.006622,3.009934,0.223402
10,234,2.002309,3.003464,0.223402
10,235,2.000805,3.001208,0.223402
10,236,2.000281,3.000421,0.223402
10,237,2.000098,3.000147,0.223402
10,238,2.019642,3.029463,0.223402
10,239,2.009413,3.014119,0.223402
10,240,2.003282,3.004923,0.223402
10,241,2.001144,3.001717,0.223402
10,242,2.000399,3.000599,0.223402
10,243,2.001149,3.001723,0.225944
10,244,2.001363,3.002044,0.223402
10,245,1.995577,2.993366,0.232489
10,246,1.997772,2.996659,0.226603
10,247,1.961559,2.942338,0.356428
10,248,2.014586,3.021879,0.227336
10,249,2.026082,3.039123,0.223402
10,250,1.983846,2.975769,0.292281
10,251,2.006924,3.010386,0.223747
10,252,2.002612,3.003918,0.223402
10,253,2.001279,3.001918,0.226725
10,254,2.002221,3.003332,0.223402
10,255,1.981501,2.972252,0.260183
10,256,2.006575,3.009862,0.223402
10,257,1.992235,2.988352,0.239540
10,258,2.000475,3.000712,0.223402
10,259,1.980456,2.970683,0.258090
10,260,2.015538,3.023307,0.224216
10,261,1.997550,2.996326,0.279638
10,262,1.942642,2.913963,0.338761
10,263,2.024564,3.036846,0.223766
10,264,1.995840,2.993760,0.250790
10,265,2.019510,3.029264,0.223402
10,266,2.006803,3.010204,0.223402
10,267,2.022939,3.034409,0.223402
10,268,2.007998,3.011998,0.223402
10,269,2.007044,3.010567,0.223402
10,270,1.983757,2.975635,0.271077
10,271,2.007839,3.011759,0.223402
10,272,2.004044,3.006066,0.223402
10,273,2.003772,3.005658,0.223402
10,274,2.012454,3.018681,0.223402
10,275,2.004342,3.006514,0.223402
10,276,1.918024,2.877036,0.374669
10,277,2.028099,3.042149,0.223402
10,278,2.012516,3.018774,0.223402
10,279,1.955370,2.933055,0.295243
10,280,1.990372,2.985558,0.256459
10,281,2.006716,3.010074,0.223402
10,282,2.002342,3.003513,0.223402
10,283,1.985433,2.978150,0.264873
10,284,2.016355,3.024532,0.223402
10,285,1.998834,2.998251,0.227915
10,286,1.991766,2.987649,0.237112
10,287,2.017870,3.026804,0.223402
10,288,2.006231,3.009346,0.223402
10,289,2.002173,3.003259,0.223402
10,290,2.034181,3.051271,0.223402
10,291,2.011918,3.017877,0.223402
10,292,2.007572,3.011358,0.229955
10,293,2.004509,3.006763,0.223402
10,294,2.001572,3.002358,0.223402
10,295,2.007981,3.011972,0.223402
10,296,1.992360,2.988540,0.238693
10,297,2.033945,3.050918,0.227432
10,298,2.015837,3.023755,0.223402
10,299,1.964890,2.947335,0.311407
10,300,2.021474,3.032210,0.223402
10,301,2.001141,3.001711,0.284238
10,302,2.015870,3.023805,0.223402
10,303,2.005533,3.008300,0.223402
10,304,2.001929,3.002894,0.223402
10,305,1.993887,2.990831,0.242020
10,306,2.002397,3.003596,0.236435
10,307,2.002779,3.004168,0.225848
10,308,1.980935,2.971402,0.260485
10,309,2.004366,3.006548,0.234065
10,310,2.004565,3.006848,0.223402
10,311,1.933810,2.900716,0.339404
10,312,2.007855,3.011782,0.223402
10,313,2.002739,3.004108,0.223402
10,314,1.988229,2.982344,0.249716
10,315,2.014574,3.021861,0.223402
10,316,1.970291,2.955437,0.300397
10,317,2.010902,3.016353,0.223402
10,318,1.993603,2.990405,0.242644
10,319,1.999736,2.999604,0.228414
10,320,2.003439,3.005158,0.223402
10,321,1.970143,2.955214,0.277139
10,322,1.946514,2.919771,0.344350
10,323,2.009304,3.013956,0.223402
10,324,2.003244,3.004866,0.223402
10,325,2.001131,3.001697,0.223402
10,326,1.999525,2.999287,0.229864
10,327,1.976466,2.964699,0.269898
10,328,2.009446,3.014170,0.223402
10,329,2.003294,3.004941,0.223402
10,330,2.001148,3.001723,0.223402
10,331,2.000400,3.000601,0.223402
10,332,2.000140,3.000209,0.223402
10,333,2.000670,3.001005,0.223402
10,334,1.957255,2.935883,0.301506
10,335,1.975678,2.963517,0.283481
10,336,2.006537,3.009806,0.223402
10,337,2.002279,3.003419,0.223402
10,338,1.971683,2.957525,0.330463
10,339,2.018831,3.028247,0.223402
10,340,2.006566,3.009849,0.223402
10,341,2.002289,3.003434,0.223402
10,342,2.021831,3.032746,0.223402
10,343,2.017085,3.025627,0.223402
10,344,2.005957,3.008936,0.223402
10,345,1.998759,2.998138,0.228920
10,346,1.967063,2.950594,0.303875
10,347,2.009226,3.013839,0.223402
10,348,2.012581,3.018872,0.246953
10,349,2.009880,3.014820,0.223402
10,350,2.003445,3.005168,0.223402
10,351,1.986164,2.979245,0.248216
10,352,2.001354,3.002032,0.223402
10,353,1.976836,2.965255,0.275793
10,354,2.008050,3.012075,0.223402
10,355,1.969014,2.953521,0.291897
10,356,2.034699,3.052049,0.223402
10,357,2.012099,3.018148,0.223402
10,358,1.992217,2.988326,0.240718
10,359,2.005243,3.007864,0.223402
10,360,2.013325,3.019988,0.223402
10,361,1.976647,2.964970,0.278100
10,362,2.009485,3.014228,0.225197
10,363,2.012786,3.019178,0.223402
10,364,2.004458,3.006687,0.223402
10,365,2.008504,3.012756,0.223402
10,366,2.002965,3.004448,0.223402
10,367,2.000988,3.001481,0.223402
10,368,2.000344,3.000517,0.223402
10,369,2.000120,3.000180,0.223402
10,370,2.000457,3.000686,0.223402
10,371,2.000159,3.000239,0.223402
10,372,1.998708,2.998062,0.230372
10,373,2.000494,3.000741,0.223402
10,374,1.980752,2.971128,0.264876
10,375,2.006289,3.009434,0.223402
10,376,2.002193,3.003289,0.223402
10,377,2.000765,3.001147,0.223402
10,378,2.000267,3.000400,0.223402
10,379,2.000093,3.000139,0.223402
10,380,1.996012,2.994018,0.229393
10,381,2.000908,3.001362,0.223402
10,382,2.010553,3.015830,0.235608
10,383,2.007609,3.011413,0.223402
10,384,2.002653,3.003980,0.223402
10,385,1.990227,2.985341,0.263870
10,386,2.019377,3.029065,0.223402
10,387,2.006756,3.010134,0.223402
10,388,2.002356,3.003534,0.223402
10,389,2.000821,3.001232,0.223402
10,390,2.000286,3.000430,0.223402
10,391,2.000100,3.000150,0.223402
10,392,1.978709,2.968063,0.267691
10,393,2.002615,3.003922,0.233714
10,394,2.005902,3.008853,0.223402
10,395,2.001896,3.002844,0.229030
10,396,2.005006,3.007508,0.223402
10,397,1.990725,2.986087,0.250619
10,398,2.013342,3.020013,0.223402
10,399,2.005025,3.007538,0.223402
10,400,1.990092,2.985137,0.241849
10,401,2.008784,3.013177,0.223402
10,402,2.013238,3.019858,0.223402
10,403,2.006931,3.010397,0.223402
10,404,2.002819,3.004228,0.223402
10,405,2.019639,3.029458,0.224166
10,406,2.030048,3.045071,0.248135
10,407,1.996172,2.994258,0.267392
10,408,2.010176,3.015263,0.223402
10,409,2.003548,3.005322,0.223402
10,410,1.993038,2.989557,0.242839
10,411,1.993315,2.989973,0.232250
10,412,2.005194,3.007790,0.223402
10,413,2.002211,3.003317,0.223402
10,414,2.000771,3.001157,0.223402
10,415,2.000269,3.000403,0.223402
10,416,2.008450,3.012676,0.223402
10,417,2.002188,3.003282,0.223402
10,418,2.001694,3.002541,0.223402
10,419,2.000591,3.000886,0.223402
10,420,2.000206,3.000309,0.223402
10,421,2.000072,3.000108,0.223402
10,422,2.000025,3.000038,0.223402
10,423,1.994491,2.991737,0.246622
10,424,1.966087,2.949130,0.298644
10,425,1.997689,2.996533,0.257673
10,426,2.007051,3.010577,0.225506
10,427,2.003469,3.005204,0.223402
10,428,2.001210,3.001814,0.223402
10,429,2.001370,3.002055,0.223402
10,430,2.000478,3.000716,0.223402
10,431,2.000167,3.000250,0.223402
10,432,1.967558,2.951338,0.300206
10,433,2.011570,3.017356,0.223402
10,434,1.998654,2.997981,0.234413
10,435,2.023358,3.035037,0.223402
10,436,2.008144,3.012217,0.223402
10,437,2.012187,3.018281,0.223402
10,438,2.016827,3.025241,0.223402
10,439,2.005867,3.008801,0.223402
10,440,2.010411,3.015616,0.223402
10,441,2.003630,3.005445,0.223402
10,442,2.001266,3.001899,0.223402
10,443,2.000441,3.000662,0.223402
10,444,1.986132,2.979198,0.246800
10,445,2.017518,3.026277,0.223402
10,446,2.011865,3.017797,0.223402
10,447,2.004137,3.006206,0.223402
10,448,2.001442,3.002164,0.223402
10,449,2.000503,3.000754,0.223402
10,450,2.000175,3.000263,0.223402
10,451,2.009040,3.013561,0.223402
10,452,1.999209,2.998813,0.231295
10,453,2.008302,3.012454,0.223402
10,454,2.029293,3.043940,0.223402
10,455,1.952819,2.929229,0.324529
10,456,2.012276,3.018415,0.223402
10,457,1.991471,2.987207,0.246288
10,458,1.887321,2.830982,0.427757
10,459,2.017831,3.026746,0.223402
10,460,2.006217,3.009326,0.223402
10,461,2.002168,3.003252,0.223402
10,462,2.012735,3.019102,0.223402
10,463,2.004440,3.006660,0.223402
10,464,2.006082,3.009123,0.223402
10,465,2.002121,3.003181,0.223402
10,466,2.000739,3.001109,0.223402
10,467,1.993040,2.989560,0.234644
10,468,2.005498,3.008248,0.223402
10,469,2.007680,3.011520,0.223402
10,470,2.002678,3.004017,0.223402
10,471,2.000934,3.001401,0.223402
10,472,2.001160,3.001740,0.223402
10,473,1.968538,2.952807,0.285837
10,474,2.004307,3.006460,0.223402
10,475,2.001502,3.002253,0.223402
10,476,2.000524,3.000785,0.223402
10,477,2.000183,3.000274,0.223402
10,478,1.987371,2.981056,0.243273
10,479,1.973151,2.959727,0.286670
10,480,2.028621,3.042931,0.228943
10,481,2.026268,3.039402,0.223402
10,482,2.009159,3.013739,0.223402
10,483,1.968858,2.953288,0.273778
10,484,2.006654,3.009981,0.223402
10,485,2.002320,3.003480,0.223402
10,486,1.995136,2.992704,0.232563
10,487,2.000996,3.001495,0.223402
10,488,2.000347,3.000521,0.223402
10,489,2.000121,3.000182,0.223402
10,490,2.000042,3.000063,0.223402
10,491,2.000015,3.000022,0.223402
10,492,2.000005,3.000008,0.223402
10,493,2.000002,3.000003,0.223402
10,494,2.007835,3.011753,0.223402
10,495,2.016030,3.024045,0.223402
10,496,2.000867,3.001300,0.236625
10,497,1.994374,2.991560,0.243162
10,498,2.006222,3.009333,0.223402
10,499,2.006961,3.010442,0.250929
10,500,1.965260,2.947889,0.307790
10,501,2.032894,3.049341,0.223402
10,502,1.997638,2.996457,0.254134
10,503,2.019423,3.029134,0.223402
10,504,2.006759,3.010138,0.223402
10,505,1.995014,2.992521,0.254228
10,506,2.007812,3.011719,0.223402
10,507,2.002724,3.004086,0.223402
10,508,1.973640,2.960461,0.277617
10,509,2.006695,3.010043,0.233735
10,510,1.977878,2.966818,0.260575
10,511,2.013063,3.019594,0.223402
10,512,2.004555,3.006832,0.223402
10,513,2.002202,3.003303,0.223402
10,514,2.000703,3.001055,0.247571
10,515,2.016231,3.024346,0.223402
10,516,2.002410,3.003615,0.228755
10,517,2.005345,3.008018,0.223402
10,518,2.008941,3.013412,0.252992
10,519,2.024531,3.036797,0.230339
10,520,2.012085,3.018127,0.223402
10,521,2.008234,3.012351,0.223402
10,522,1.982046,2.973070,0.258548
10,523,2.002957,3.004435,0.223402
10,524,2.001031,3.001546,0.223402
10,525,2.008076,3.012114,0.223402
10,526,2.011774,3.017661,0.224256
10,527,2.006200,3.009300,0.223402
10,528,2.009762,3.014644,0.230839
10,529,2.013436,3.020154,0.223402
10,530,1.993619,2.990428,0.239419
10,531,2.004873,3.007310,0.223402
10,532,2.002602,3.003902,0.223402
10,533,2.000907,3.001361,0.223402
10,534,2.002310,3.003465,0.223402
10,535,2.007068,3.010602,0.223875
10,536,1.996953,2.995430,0.245642
10,537,2.004163,3.006244,0.223402
10,538,1.954981,2.932472,0.310470
10,539,2.006630,3.009944,0.223402
10,540,2.002312,3.003467,0.223402
10,541,2.006458,3.009686,0.240202
10,542,2.012363,3.018545,0.223402
10,543,2.004311,3.006466,0.223402
10,544,2.004657,3.006986,0.223402
10,545,1.993125,2.989687,0.248748
10,546,2.005038,3.007558,0.223402
10,547,2.001757,3.002635,0.223402
10,548,2.000613,3.000919,0.223402
10,549,2.000214,3.000320,0.223402
10,550,1.886686,2.830029,0.430097
10,551,2.018035,3.027052,0.223402
10,552,1.977565,2.966347,0.276518
10,553,1.993550,2.990325,0.237119
10,554,2.000655,3.000983,0.223402
10,555,2.000228,3.000343,0.223402
10,556,1.996420,2.994630,0.247309
10,557,1.996465,2.994698,0.237833
10,558,2.005445,3.008168,0.223402
10,559,2.001899,3.002848,0.223402
10,560,1.978466,2.967699,0.268917
10,561,1.987840,2.981759,0.247860
10,562,2.003723,3.005584,0.223402
10,563,2.012217,3.018326,0.223402
10,564,2.007472,3.011208,0.223402
10,565,2.002605,3.003908,0.223402
10,566,2.000908,3.001363,0.223402
10,567,2.016452,3.024677,0.223402
10,568,1.987610,2.981415,0.253078
10,569,2.004383,3.006574,0.223402
10,570,2.003508,3.005262,0.229625
10,571,2.002689,3.004034,0.223402
10,572,2.000938,3.001407,0.223402
10,573,2.000327,3.000490,0.223402
10,574,2.000280,3.000419,0.223402
10,575,2.006613,3.009919,0.223402
10,576,2.002306,3.003458,0.223402
10,577,1.989305,2.983958,0.259463
10,578,2.014363,3.021545,0.223402
10,579,2.005092,3.007637,0.223402
10,580,2.001775,3.002663,0.223402
10,581,1.994185,2.991278,0.232967
10,582,1.993065,2.989598,0.233156
10,583,2.004246,3.006369,0.223402
10,584,1.998393,2.997589,0.231216
10,585,2.000876,3.001314,0.223402
10,586,2.006880,3.010319,0.223402
10,587,1.995846,2.993769,0.235322
10,588,1.993009,2.989514,0.253519
10,589,1.913622,2.870433,0.380464
10,590,2.012932,3.019398,0.223402
10,591,1.971849,2.957773,0.290602
10,592,2.006581,3.009871,0.223402
10,593,2.002295,3.003442,0.223402
10,594,1.921058,2.881586,0.394857
10,595,1.997082,2.995623,0.289346
10,596,2.024250,3.036375,0.223402
10,597,1.997917,2.996876,0.243343
10,598,2.008722,3.013082,0.223402
10,599,1.980001,2.970001,0.264057
10,600,2.004365,3.006548,0.223402
10,601,2.001522,3.002283,0.223402
10,602,2.006170,3.009254,0.223402
10,603,2.002151,3.003227,0.223402
10,604,1.999753,2.999629,0.226978
10,605,1.984804,2.977206,0.250656
10,606,2.000889,3.001334,0.228586
10,607,2.013777,3.020666,0.223402
10,608,2.004804,3.007206,0.223402
10,609,2.001675,3.002513,0.223402
10,610,2.015323,3.022985,0.223402
10,611,2.005343,3.008014,0.223402
10,612,1.955467,2.933200,0.311633
10,613,2.004565,3.006847,0.223402
10,614,2.001592,3.002388,0.223402
10,615,2.000555,3.000832,0.223402
10,616,1.961067,2.941600,0.305813
10,617,2.005891,3.008837,0.223402
10,618,1.970346,2.955519,0.272626
10,619,2.007127,3.010690,0.223402
10,620,2.011722,3.017584,0.223402
10,621,2.004087,3.006131,0.223402
10,622,1.991998,2.987997,0.243387
10,623,2.002055,3.003083,0.223402
10,624,2.001290,3.001935,0.223402
10,625,2.017760,3.026640,0.223402
10,626,2.006192,3.009289,0.223402
10,627,2.006189,3.009283,0.223402
10,628,2.002158,3.003237,0.223402
10,629,1.969497,2.954245,0.280611
10,630,2.034495,3.051742,0.223402
10,631,2.015279,3.022918,0.223402
10,632,2.010199,3.015299,0.240313
10,633,2.008294,3.012441,0.223402
10,634,1.999023,2.998534,0.230888
10,635,2.009247,3.013871,0.223402
10,636,2.003224,3.004836,0.223402
10,637,2.000961,3.001442,0.223402
10,638,1.983142,2.974712,0.292401
10,639,1.992060,2.988089,0.254251
10,640,2.004263,3.006395,0.223402
10,641,2.010730,3.016095,0.223402
10,642,2.003741,3.005612,0.223402
10,643,2.001241,3.001862,0.223402
10,644,2.000433,3.000649,0.223402
10,645,2.000151,3.000226,0.223402
10,646,2.000053,3.000079,0.223402
10,647,2.003359,3.005038,0.224735
10,648,2.002247,3.003370,0.223402
10,649,1.972882,2.959323,0.307514
10,650,2.014014,3.021021,0.223402
10,651,2.004958,3.007436,0.231148
10,652,2.002577,3.003865,0.223402
10,653,2.002858,3.004287,0.228638
10,654,2.002490,3.003736,0.223402
10,655,2.026950,3.040425,0.223402
10,656,2.014231,3.021347,0.223402
10,657,1.958935,2.938402,0.312410
10,658,2.009828,3.014742,0.223402
10,659,1.994855,2.992283,0.246656
10,660,2.004921,3.007381,0.223402
10,661,2.001716,3.002574,0.223402
10,662,1.978133,2.967199,0.270330
10,663,2.000135,3.000202,0.226101
10,664,1.988667,2.983000,0.245890
10,665,2.013445,3.020167,0.223402
10,666,1.982980,2.974471,0.271015
10,667,1.990272,2.985408,0.256554
10,668,2.007634,3.011451,0.223402
10,669,1.995687,2.993531,0.235733
10,670,2.001710,3.002565,0.223402
10,671,2.000596,3.000894,0.223402
10,672,2.000208,3.000312,0.223402
10,673,2.003660,3.005490,0.223402
10,674,1.948064,2.922095,0.336781
10,675,2.007828,3.011742,0.223402
10,676,2.002730,3.004094,0.223402
10,677,1.947321,2.920982,0.329846
10,678,2.011380,3.017070,0.227835
10,679,2.010116,3.015175,0.223402
10,680,2.009855,3.014783,0.223402
10,681,2.003436,3.005154,0.223402
10,682,2.001198,3.001797,0.223402
10,683,2.000418,3.000627,0.223402
10,684,2.000146,3.000219,0.223402
10,685,2.000393,3.000589,0.223402
10,686,2.005914,3.008871,0.243486
10,687,2.014803,3.022204,0.223402
10,688,2.005161,3.007742,0.223402
10,689,2.001800,3.002699,0.223402
10,690,2.002985,3.004477,0.223402
10,691,2.001041,3.001561,0.223402
10,692,2.009066,3.013599,0.223402
10,693,2.003161,3.004742,0.223402
10,694,2.001102,3.001653,0.223402
10,695,1.990400,2.985600,0.257526
10,696,2.008692,3.013038,0.223402
10,697,1.996235,2.994353,0.244397
10,698,2.005812,3.008718,0.223402
10,699,2.010613,3.015919,0.223402
10,700,2.007290,3.010935,0.223402
10,701,1.988696,2.983045,0.252658
10,702,2.004760,3.007139,0.223402
10,703,2.001660,3.002489,0.223402
10,704,1.966890,2.950336,0.301730
10,705,2.008962,3.013443,0.223402
10,706,2.003125,3.004687,0.223402
10,707,2.001090,3.001634,0.223402
10,708,2.014746,3.022119,0.223402
10,709,2.005142,3.007712,0.223402
10,710,1.965709,2.948564,0.288987
10,711,2.008426,3.012639,0.223402
10,712,1.996863,2.995295,0.239553
10,713,2.008819,3.013228,0.223402
10,714,2.007811,3.011716,0.223402
10,715,2.022354,3.033530,0.223402
10,716,2.013181,3.019771,0.223402
10,717,2.004596,3.006894,0.223402
10,718,2.001602,3.002404,0.223402
10,719,2.000559,3.000838,0.223402
10,720,2.000195,3.000292,0.223402
10,721,2.000068,3.000102,0.223402
10,722,2.000024,3.000036,0.223402
10,723,2.000908,3.001362,0.236108
10,724,2.015672,3.023509,0.251350
10,725,2.012117,3.018175,0.223402
10,726,1.999389,2.999084,0.225838
10,727,2.009576,3.014364,0.223402
10,728,2.003339,3.005008,0.223402
10,729,1.993622,2.990433,0.245196
10,730,2.002043,3.003064,0.226509
10,731,2.003804,3.005706,0.223402
10,732,2.018234,3.027350,0.223402
10,733,2.005506,3.008259,0.223402
10,734,2.001920,3.002880,0.223402
10,735,2.007068,3.010602,0.223402
10,736,2.002783,3.004174,0.223402
10,737,2.000970,3.001456,0.223402
10,738,2.001123,3.001685,0.238304
10,739,2.003638,3.005457,0.223402
10,740,2.001268,3.001903,0.223402
10,741,2.000442,3.000663,0.223402
10,742,1.985165,2.977747,0.292055
10,743,2.030203,3.045304,0.223402
10,744,2.010531,3.015797,0.223402
10,745,1.997029,2.995544,0.234638
10,746,2.004120,3.006179,0.223402
10,747,2.015028,3.022543,0.234108
10,748,2.009032,3.013547,0.223402
10,749,1.996645,2.994967,0.238369
10,750,1.988212,2.982318,0.256438
10,751,2.021780,3.032670,0.253509
10,752,2.016769,3.025154,0.223402
10,753,2.008192,3.012289,0.223402
10,754,2.002857,3.004285,0.223402
10,755,1.998809,2.998214,0.227902
10,756,2.003264,3.004897,0.223402
10,757,2.001138,3.001707,0.223402
10,758,1.989400,2.984100,0.230353
10,759,2.013701,3.020551,0.223402
10,760,2.004777,3.007166,0.223402
10,761,2.001666,3.002499,0.223402
10,762,2.000581,3.000871,0.223402
10,763,1.998309,2.997464,0.231052
10,764,2.000860,3.001290,0.223402
10,765,2.009946,3.014918,0.243717
10,766,2.007280,3.010920,0.223402
10,767,2.002538,3.003808,0.223402
10,768,2.000885,3.001328,0.223402
10,769,1.997898,2.996848,0.236862
10,770,1.993991,2.990987,0.236170
10,771,2.001016,3.001524,0.228734
10,772,2.004782,3.007174,0.223402
10,773,1.979771,2.969656,0.262598
10,774,2.003969,3.005954,0.239033
10,775,2.006560,3.009840,0.223402
10,776,1.970629,2.955944,0.282696
10,777,1.964685,2.947028,0.317280
10,778,2.010811,3.016217,0.223402
10,779,2.003770,3.005654,0.223402
10,780,2.032803,3.049205,0.223402
10,781,2.011438,3.017157,0.223402
10,782,2.005882,3.008824,0.224238
10,783,2.003319,3.004979,0.223402
10,784,2.001157,3.001736,0.223402
10,785,1.995794,2.993692,0.240380
10,786,1.979638,2.969456,0.284664
10,787,2.013485,3.020227,0.245524
10,788,2.014104,3.021157,0.223402
10,789,1.987341,2.981012,0.247391
10,790,2.004821,3.007231,0.223402
10,791,2.001681,3.002521,0.223402
10,792,2.005167,3.007750,0.223402
10,793,2.001802,3.002702,0.223402
10,794,1.993591,2.990387,0.231472
10,795,2.003915,3.005872,0.223402
10,796,2.001365,3.002048,0.223402
10,797,2.000476,3.000714,0.223402
10,798,2.000166,3.000249,0.223402
10,799,2.000058,3.000087,0.223402
10,800,1.999505,2.999257,0.223402
10,801,2.021577,3.032365,0.229886
10,802,2.009814,3.014721,0.223402
10,803,2.009052,3.013578,0.223402
10,804,2.003156,3.004734,0.223402
10,805,1.998946,2.998419,0.240079
10,806,2.004222,3.006333,0.223402
10,807,2.001472,3.002208,0.223402
10,808,2.000513,3.000770,0.223402
10,809,1.999677,2.999515,0.223402
10,810,1.993667,2.990501,0.265254
10,811,2.010274,3.015411,0.223402
10,812,2.003582,3.005373,0.223402
10,813,2.007025,3.010537,0.223402
10,814,1.999442,2.999163,0.224448
10,815,2.013260,3.019891,0.223402
10,816,2.004624,3.006935,0.223402
10,817,2.001560,3.002341,0.223402
10,818,2.021252,3.031878,0.234450
10,819,2.010691,3.016037,0.223402
10,820,2.003728,3.005592,0.223402
10,821,2.005661,3.008491,0.269244
10,822,2.016205,3.024307,0.223402
10,823,2.005650,3.008475,0.223402
10,824,2.007353,3.011029,0.223402
10,825,1.950468,2.925703,0.316564
10,826,2.027383,3.041074,0.223402
10,827,2.013930,3.020895,0.223402
10,828,1.992184,2.988277,0.250452
10,829,2.028820,3.043229,0.223402
10,830,2.010049,3.015073,0.223402
10,831,2.000590,3.000886,0.247905
10,832,2.008042,3.012063,0.223402
10,833,2.007255,3.010882,0.223402
10,834,1.991886,2.987829,0.245667
10,835,2.002586,3.003879,0.223402
10,836,2.000902,3.001353,0.223402
10,837,2.000314,3.000472,0.223402
10,838,2.000110,3.000164,0.223402
10,839,2.000038,3.000057,0.223402
10,840,1.995680,2.993520,0.232633
10,841,2.000161,3.000242,0.223402
10,842,2.014438,3.021657,0.223402
10,843,1.957596,2.936394,0.343221
10,844,2.017964,3.026946,0.223402
10,845,1.980654,2.970981,0.267476
10,846,2.031286,3.046929,0.223402
10,847,2.010909,3.016363,0.223402
10,848,2.002770,3.004155,0.223402
10,849,1.981098,2.971647,0.289925
10,850,1.991412,2.987118,0.254716
10,851,1.985677,2.978516,0.275450
10,852,2.009345,3.014017,0.223402
10,853,2.003258,3.004888,0.223402
10,854,1.947372,2.921057,0.320272
10,855,2.011446,3.017169,0.223402
10,856,1.978801,2.968201,0.277986
10,857,2.023302,3.034954,0.223402
10,858,2.008125,3.012188,0.223402
10,859,2.002833,3.004250,0.223402
10,860,2.008487,3.012731,0.223402
10,861,2.002959,3.004439,0.223402
10,862,2.004237,3.006355,0.223402
10,863,2.004411,3.006617,0.234122
10,864,2.003824,3.005736,0.223402
10,865,2.004541,3.006812,0.223402
10,866,2.001583,3.002375,0.223402
10,867,2.007401,3.011102,0.223402
10,868,2.020308,3.030462,0.236403
10,869,2.016449,3.024674,0.223402
10,870,2.005736,3.008603,0.223402
10,871,2.003823,3.005734,0.223402
10,872,2.001333,3.001999,0.223402
10,873,2.005297,3.007946,0.231235
10,874,2.013468,3.020202,0.223402
10,875,2.004696,3.007044,0.223402
10,876,1.983161,2.974741,0.254742
10,877,2.003210,3.004815,0.223402
10,878,2.020939,3.031408,0.223402
10,879,1.998722,2.998084,0.240142
10,880,2.018043,3.027065,0.223402
10,881,2.015755,3.023633,0.223402
10,882,2.013150,3.019725,0.223402
10,883,2.004585,3.006878,0.223402
10,884,2.002304,3.003456,0.223402
10,885,2.000803,3.001205,0.223402
10,886,1.990383,2.985575,0.253584
10,887,1.980356,2.970534,0.274165
10,888,2.024151,3.036227,0.223402
10,889,2.008421,3.012631,0.223402
10,890,1.970087,2.955130,0.288131
10,891,1.979872,2.969808,0.302134
10,892,2.014418,3.021627,0.223402
10,893,1.982931,2.974396,0.259931
10,894,2.006425,3.009637,0.223402
10,895,2.002240,3.003360,0.223402
10,896,2.000781,3.001172,0.223402
10,897,2.000272,3.000409,0.223402
10,898,2.000095,3.000142,0.223402
10,899,2.000724,3.001086,0.223402
10,900,2.000253,3.000379,0.223402
10,901,2.000088,3.000132,0.223402
10,902,2.000031,3.000046,0.223402
10,903,2.000011,3.000016,0.223402
10,904,2.004031,3.006047,0.223402
10,905,2.001406,3.002109,0.223402
10,906,2.000490,3.000735,0.223402
10,907,2.000171,3.000256,0.223402
10,908,1.935881,2.903821,0.360898
10,909,2.022490,3.033735,0.226290
10,910,1.909112,2.863668,0.433536
10,911,2.017997,3.026995,0.223402
10,912,2.006275,3.009413,0.223402
10,913,2.002188,3.003282,0.223402
10,914,1.968792,2.953189,0.304070
10,915,1.974996,2.962495,0.286405
10,916,2.013662,3.020493,0.223402
10,917,1.976592,2.964888,0.273160
10,918,1.980815,2.971223,0.267133
10,919,2.010869,3.016303,0.223402
10,920,2.003205,3.004807,0.225694
10,921,2.001703,3.002555,0.223402
10,922,2.014943,3.022415,0.223402
10,923,2.005210,3.007816,0.223402
10,924,2.001817,3.002725,0.223402
10,925,2.009476,3.014214,0.223402
10,926,1.976685,2.965027,0.257485
10,927,2.005199,3.007799,0.223402
10,928,2.001405,3.002107,0.223402
10,929,2.000490,3.000735,0.223402
10,930,2.011715,3.017572,0.223402
10,931,2.004085,3.006127,0.223402
10,932,2.001424,3.002136,0.223402
10,933,2.007372,3.011058,0.224195
10,934,2.004545,3.006818,0.223402
10,935,2.001585,3.002377,0.223402
10,936,2.014348,3.021522,0.226251
10,937,2.007267,3.010900,0.223402
10,938,2.006271,3.009407,0.223402
10,939,1.996159,2.994238,0.247149
10,940,1.999098,2.998647,0.254786
10,941,2.008552,3.012829,0.223402
10,942,2.002982,3.004473,0.223402
10,943,2.001040,3.001560,0.223402
10,944,2.012247,3.018371,0.223402
10,945,2.004270,3.006406,0.223402
10,946,1.986568,2.979852,0.255497
10,947,2.005871,3.008807,0.223402
10,948,1.985103,2.977654,0.246793
10,949,2.003441,3.005161,0.224059
10,950,2.001573,3.002360,0.223402
10,951,2.000549,3.000823,0.223402
10,952,1.974468,2.961702,0.262929
10,953,2.010475,3.015713,0.223402
10,954,2.023913,3.035869,0.223402
10,955,1.994823,2.992235,0.244868
10,956,2.011715,3.017573,0.223402
10,957,2.004085,3.006127,0.223402
10,958,1.965446,2.948170,0.306538
10,959,2.009974,3.014961,0.223402
10,960,1.995986,2.993979,0.261318
10,961,2.012802,3.019203,0.223402
10,962,2.004464,3.006696,0.223402
10,963,1.991402,2.987103,0.272830
10,964,1.999886,2.999829,0.253075
10,965,2.001697,3.002546,0.236500
10,966,2.014395,3.021593,0.253544
10,967,2.012682,3.019024,0.223402
10,968,2.004422,3.006633,0.223402
10,969,2.001542,3.002313,0.223402
10,970,2.000538,3.000806,0.223402
10,971,2.000187,3.000281,0.223402
10,972,2.000065,3.000098,0.223402
10,973,2.000023,3.000034,0.223402
10,974,2.003933,3.005900,0.223402
10,975,2.010085,3.015128,0.225952
10,976,1.995827,2.993741,0.240832
10,977,2.003425,3.005138,0.223402
10,978,2.002224,3.003336,0.223402
10,979,1.992661,2.988992,0.259063
10,980,2.005530,3.008294,0.227875
10,981,1.988157,2.982236,0.253545
10,982,1.955189,2.932784,0.317945
10,983,2.009988,3.014982,0.223402
10,984,2.003483,3.005224,0.223402
10,985,2.001214,3.001821,0.223402
10,986,2.002789,3.004183,0.223402
10,987,2.000972,3.001459,0.223402
10,988,2.010112,3.015168,0.223402
10,989,2.007724,3.011586,0.223402
10,990,2.002359,3.003539,0.226484
10,991,2.001522,3.002284,0.223402
10,992,1.930631,2.895947,0.364781
10,993,2.028880,3.043320,0.223402
10,994,1.999081,2.998622,0.258842
10,995,2.003097,3.004646,0.235239
10,996,2.003171,3.004757,0.223402
10,997,1.976305,2.964458,0.294318
10,998,1.982389,2.973583,0.271382
10,999,2.011438,3.017157,0.223402
10,1000,1.963819,2.945729,0.287916
