realization,sample,temperature,kin_energy,pot_energy
1,1,1.060189,1.590283,-2.143784
1,2,1.046516,1.569773,-2.123621
1,3,1.015463,1.523195,-2.076263
1,4,1.063290,1.594935,-2.148702
1,5,1.034883,1.552325,-2.105942
1,6,1.027041,1.540562,-2.093391
1,7,1.038430,1.557645,-2.110768
1,8,1.028118,1.542177,-2.095428
1,9,1.042900,1.564350,-2.117595
1,10,1.032423,1.548634,-2.102191
1,11,1.018637,1.527955,-2.081593
1,12,1.064616,1.596924,-2.150622
1,13,1.010816,1.516223,-2.070667
1,14,1.043173,1.564759,-2.119178
1,15,1.050075,1.575113,-2.128951
1,16,1.034458,1.551687,-2.105964
1,17,1.039587,1.559380,-2.114117
1,18,1.029483,1.544224,-2.098581
1,19,1.016503,1.524755,-2.079460
1,20,1.036471,1.554706,-2.108436
1,21,1.035545,1.553317,-2.106615
1,22,1.052031,1.578047,-2.132424
1,23,1.053580,1.580370,-2.135184
1,24,1.046274,1.569411,-2.123671
1,25,1.010071,1.515106,-2.070091
1,26,1.036625,1.554938,-2.109227
1,27,1.028824,1.543236,-2.098183
1,28,0.995806,1.493708,-2.048909
1,29,1.006564,1.509846,-2.065384
1,30,1.004582,1.506872,-2.063680
1,31,1.021569,1.532354,-2.089280
1,32,1.015761,1.523642,-2.081527
1,33,1.038168,1.557253,-2.115607
1,34,1.043401,1.565101,-2.123049
1,35,1.028957,1.543435,-2.101265
1,36,1.040230,1.560345,-2.118555
1,37,1.040698,1.561048,-2.119732
1,38,1.003064,1.504596,-2.061602
1,39,1.046739,1.570109,-2.129170
1,40,1.071489,1.607233,-2.166574
1,41,1.059620,1.589431,-2.147777
1,42,1.068231,1.602347,-2.160711
1,43,1.054490,1.581735,-2.140082
1,44,1.021056,1.531583,-2.089974
1,45,1.014622,1.521933,-2.081082
1,46,1.030068,1.545102,-2.104113
1,47,1.012382,1.518572,-2.078070
1,48,1.020927,1.531391,-2.089958
1,49,1.041062,1.561593,-2.121044
1,50,1.053261,1.579892,-2.138295
1,51,1.057200,1.585800,-2.143951
1,52,1.037160,1.555740,-2.113424
1,53,1.051338,1.577008,-2.134818
1,54,1.083751,1.625627,-2.184275
1,55,1.042456,1.563684,-2.121222
1,56,1.047275,1.570912,-2.128387
1,57,1.043222,1.564833,-2.122510
1,58,1.058561,1.587842,-2.145748
1,59,1.035841,1.553762,-2.110657
1,60,1.000205,1.500307,-2.056938
1,61,1.004929,1.507394,-2.064055
1,62,0.982440,1.473660,-2.030475
1,63,1.003876,1.505813,-2.061194
1,64,1.010174,1.515261,-2.070577
1,65,0.984790,1.477185,-2.032443
1,66,1.008786,1.513180,-2.067444
1,67,0.979455,1.469182,-2.023191
1,68,1.029994,1.544990,-2.099317
1,69,1.008409,1.512613,-2.066539
1,70,1.032959,1.549439,-2.103956
1,71,1.001159,1.501739,-2.056792
1,72,1.014605,1.521907,-2.076783
1,73,1.024109,1.536163,-2.091392
1,74,1.022735,1.534102,-2.089281
1,75,1.008154,1.512230,-2.067912
1,76,1.024203,1.536304,-2.092443
1,77,1.030361,1.545542,-2.101021
1,78,0.995581,1.493371,-2.047370
1,79,1.017705,1.526557,-2.080342
1,80,0.979217,1.468826,-2.021628
1,81,0.965286,1.447929,-2.000273
1,82,0.969968,1.454952,-2.008517
1,83,0.979440,1.469159,-2.023301
1,84,0.970925,1.456388,-2.010248
1,85,0.994808,1.492212,-2.045992
1,86,1.030828,1.546242,-2.099487
1,87,0.981346,1.472019,-2.026816
1,88,1.018986,1.528478,-2.082393
1,89,1.017689,1.526534,-2.080327
1,90,1.042471,1.563706,-2.117947
1,91,0.988356,1.482534,-2.037157
1,92,0.963289,1.444933,-1.999778
1,93,1.009315,1.513972,-2.069303
1,94,0.983921,1.475881,-2.031028
1,95,1.012839,1.519259,-2.075078
1,96,1.012652,1.518978,-2.074869
1,97,1.003040,1.504560,-2.060866
1,98,1.031230,1.546845,-2.102213
1,99,1.044615,1.566922,-2.123168
1,100,0.958488,1.437732,-1.994116
1,101,0.995466,1.493199,-2.048923
1,102,0.978160,1.467240,-2.023721
1,103,1.001645,1.502468,-2.059212
1,104,0.997368,1.496051,-2.052233
1,105,1.045209,1.567814,-2.125662
1,106,1.013797,1.520696,-2.078037
1,107,1.002289,1.503433,-2.060438
1,108,1.023003,1.534504,-2.093319
1,109,1.064499,1.596749,-2.155202
1,110,1.075490,1.613235,-2.171310
1,111,1.039234,1.558850,-2.118102
1,112,1.053115,1.579673,-2.138347
1,113,1.056222,1.584333,-2.143137
1,114,1.045676,1.568515,-2.127136
1,115,1.099935,1.649902,-2.208972
1,116,1.060822,1.591233,-2.150034
1,117,1.052486,1.578729,-2.137781
1,118,1.057857,1.586785,-2.146625
1,119,1.058030,1.587045,-2.145342
1,120,1.031167,1.546750,-2.104864
1,121,1.025011,1.537516,-2.095485
1,122,1.043240,1.564860,-2.122949
1,123,1.040948,1.561422,-2.120048
1,124,1.037716,1.556574,-2.115901
1,125,1.051960,1.577940,-2.136755
1,126,1.081337,1.622005,-2.181826
1,127,1.073205,1.609808,-2.168993
1,128,1.078061,1.617092,-2.176735
1,129,1.093299,1.639949,-2.198022
1,130,1.127959,1.691939,-2.252486
1,131,1.122386,1.683579,-2.243270
1,132,1.121160,1.681740,-2.242521
1,133,1.126606,1.689908,-2.250521
1,134,1.090986,1.636479,-2.195179
1,135,1.100299,1.650448,-2.212004
1,136,1.068532,1.602797,-2.164367
1,137,1.157456,1.736184,-2.297998
1,138,1.119226,1.678839,-2.240382
1,139,1.093339,1.640009,-2.201172
1,140,1.143471,1.715206,-2.275710
1,141,1.088106,1.632159,-2.191710
1,142,1.135325,1.702987,-2.263652
1,143,1.080074,1.620111,-2.179677
1,144,1.082330,1.623495,-2.182402
1,145,1.086645,1.629967,-2.189056
1,146,1.101935,1.652902,-2.212972
1,147,1.111228,1.666842,-2.227097
1,148,1.153483,1.730225,-2.291284
1,149,1.092689,1.639034,-2.200632
1,150,1.080877,1.621315,-2.182438
1,151,1.037904,1.556856,-2.118900
1,152,1.044776,1.567164,-2.127239
1,153,1.050714,1.576071,-2.136576
1,154,1.090503,1.635755,-2.195836
1,155,1.082168,1.623253,-2.183285
1,156,1.033764,1.550646,-2.110129
1,157,1.069035,1.603552,-2.162891
1,158,1.020596,1.530894,-2.089245
1,159,1.000081,1.500122,-2.058623
1,160,1.010678,1.516017,-2.074352
1,161,1.005702,1.508552,-2.067884
1,162,1.060861,1.591292,-2.150226
1,163,1.021437,1.532156,-2.091158
1,164,1.070691,1.606036,-2.164111
1,165,1.077112,1.615669,-2.173912
1,166,1.071527,1.607291,-2.166452
1,167,1.078956,1.618435,-2.177390
1,168,1.070232,1.605349,-2.164719
1,169,1.064666,1.596998,-2.156645
1,170,1.096662,1.644993,-2.205232
1,171,1.070039,1.605059,-2.165334
1,172,1.088235,1.632352,-2.193330
1,173,1.086039,1.629059,-2.190089
1,174,1.118332,1.677498,-2.237892
1,175,1.101891,1.652836,-2.212386
1,176,1.067939,1.601909,-2.161347
1,177,1.124614,1.686921,-2.246775
1,178,1.072211,1.608316,-2.168010
1,179,1.030935,1.546402,-2.106619
1,180,1.061991,1.592986,-2.150847
1,181,1.078615,1.617923,-2.176261
1,182,1.088110,1.632164,-2.189309
1,183,1.076108,1.614162,-2.171919
1,184,1.070409,1.605614,-2.163312
1,185,1.049898,1.574847,-2.132545
1,186,1.052433,1.578650,-2.135942
1,187,1.045312,1.567969,-2.125306
1,188,1.105723,1.658584,-2.215500
1,189,1.062543,1.593814,-2.151164
1,190,1.027163,1.540745,-2.097543
1,191,1.093387,1.640081,-2.196026
1,192,1.025716,1.538574,-2.094358
1,193,1.065508,1.598262,-2.154747
1,194,1.041034,1.561552,-2.116856
1,195,1.075185,1.612778,-2.167653
1,196,1.061997,1.592996,-2.148694
1,197,1.067049,1.600574,-2.156932
1,198,1.051001,1.576501,-2.132710
1,199,1.071841,1.607762,-2.163948
1,200,1.076556,1.614834,-2.171866
1,201,1.018257,1.527386,-2.084636
1,202,1.037814,1.556721,-2.113313
1,203,1.047994,1.571992,-2.129078
1,204,0.967498,1.451247,-2.008326
1,205,1.019077,1.528616,-2.084669
1,206,1.004189,1.506284,-2.063039
1,207,1.006633,1.509949,-2.067786
1,208,1.009332,1.513998,-2.072426
1,209,1.034474,1.551712,-2.109113
1,210,1.025321,1.537982,-2.094732
1,211,1.022050,1.533074,-2.088824
1,212,1.039827,1.559740,-2.116413
1,213,1.017821,1.526732,-2.083508
1,214,1.022810,1.534215,-2.090587
1,215,0.981422,1.472133,-2.028129
1,216,0.973728,1.460592,-2.015609
1,217,1.002204,1.503306,-2.059113
1,218,0.966296,1.449444,-2.004820
1,219,1.011290,1.516936,-2.072518
1,220,0.975852,1.463779,-2.019381
1,221,0.989418,1.484128,-2.040302
1,222,1.025183,1.537774,-2.093988
1,223,0.999275,1.498912,-2.055513
1,224,1.016789,1.525183,-2.079893
1,225,1.018217,1.527325,-2.082310
1,226,1.025270,1.537906,-2.092528
1,227,0.994535,1.491803,-2.046591
1,228,1.003243,1.504864,-2.059194
1,229,0.963005,1.444507,-1.997547
1,230,0.971172,1.456759,-2.009600
1,231,0.960199,1.440298,-1.992813
1,232,0.948355,1.422533,-1.974836
1,233,0.921208,1.381812,-1.934093
1,234,0.981990,1.472985,-2.025767
1,235,0.939680,1.409520,-1.962836
1,236,0.933061,1.399591,-1.953108
1,237,0.958687,1.438030,-1.991398
1,238,0.959725,1.439588,-1.993289
1,239,0.976831,1.465247,-2.019791
1,240,1.030578,1.545867,-2.101399
1,241,1.021654,1.532481,-2.089469
1,242,1.048765,1.573147,-2.130386
1,243,1.043579,1.565369,-2.121560
1,244,1.084292,1.626439,-2.183856
1,245,1.096046,1.644070,-2.201912
1,246,1.104124,1.656186,-2.212814
1,247,1.101611,1.652416,-2.210058
1,248,1.091680,1.637520,-2.193301
1,249,1.078859,1.618288,-2.172693
1,250,1.072424,1.608637,-2.162922
1,251,1.048704,1.573057,-2.125635
1,252,1.028419,1.542629,-2.093812
1,253,1.006479,1.509719,-2.060927
1,254,0.989179,1.483769,-2.033318
1,255,0.980269,1.470403,-2.019679
1,256,0.941610,1.412414,-1.961130
1,257,0.942463,1.413694,-1.963130
1,258,0.931912,1.397868,-1.947510
1,259,0.908343,1.362514,-1.912814
1,260,0.914316,1.371474,-1.920783
1,261,0.937020,1.405531,-1.955831
1,262,0.933634,1.400451,-1.950715
1,263,0.972122,1.458184,-2.009500
1,264,0.958798,1.438197,-1.988949
1,265,1.000688,1.501032,-2.052485
1,266,0.989457,1.484186,-2.035743
1,267,1.011665,1.517498,-2.070257
1,268,0.997381,1.496072,-2.049328
1,269,0.984086,1.476129,-2.028366
1,270,1.031308,1.546962,-2.098910
1,271,0.954754,1.432131,-1.984659
1,272,0.994867,1.492301,-2.044813
1,273,0.965413,1.448120,-2.000206
1,274,0.935453,1.403179,-1.955422
1,275,0.913950,1.370925,-1.922942
1,276,0.926440,1.389660,-1.942319
1,277,0.943129,1.414694,-1.967031
1,278,0.950524,1.425786,-1.978011
1,279,0.964787,1.447181,-1.999282
1,280,0.977262,1.465894,-2.017295
1,281,1.005373,1.508060,-2.059787
1,282,0.999837,1.499755,-2.051752
1,283,0.987185,1.480778,-2.031795
1,284,0.972463,1.458694,-2.010832
1,285,0.982001,1.473002,-2.023752
1,286,0.931863,1.397795,-1.947375
1,287,0.962881,1.444321,-1.994015
1,288,0.940444,1.410666,-1.959809
1,289,0.911040,1.366561,-1.915309
1,290,0.912751,1.369126,-1.917276
1,291,0.916146,1.374219,-1.922645
1,292,0.914425,1.371637,-1.918360
1,293,0.922817,1.384226,-1.931555
1,294,0.868495,1.302743,-1.850328
1,295,0.936075,1.404113,-1.951651
1,296,0.912470,1.368706,-1.914374
1,297,0.942808,1.414212,-1.960791
1,298,0.951757,1.427636,-1.974763
1,299,0.923646,1.385469,-1.933026
1,300,0.936005,1.404008,-1.951818
1,301,0.921674,1.382512,-1.930232
1,302,0.982161,1.473241,-2.021629
1,303,0.953575,1.430363,-1.979648
1,304,0.976872,1.465309,-2.015320
1,305,0.955292,1.432937,-1.982872
1,306,1.006926,1.510390,-2.061211
1,307,1.012642,1.518963,-2.068820
1,308,1.007806,1.511709,-2.062151
1,309,0.991603,1.487405,-2.038265
1,310,0.985417,1.478126,-2.029515
1,311,0.981385,1.472078,-2.023720
1,312,0.975246,1.462869,-2.013949
1,313,0.967531,1.451297,-2.001722
1,314,0.971073,1.456610,-2.007623
1,315,0.937068,1.405602,-1.955802
1,316,0.937729,1.406594,-1.957655
1,317,0.948638,1.422957,-1.973360
1,318,0.934504,1.401755,-1.952842
1,319,0.925497,1.388245,-1.939682
1,320,0.920929,1.381394,-1.932805
1,321,0.922614,1.383920,-1.935812
1,322,0.901414,1.352121,-1.904012
1,323,0.901356,1.352035,-1.903430
1,324,0.932735,1.399102,-1.950600
1,325,0.922709,1.384063,-1.936058
1,326,0.896416,1.344623,-1.895543
1,327,0.924618,1.386927,-1.938502
1,328,0.900939,1.351409,-1.903540
1,329,0.903494,1.355241,-1.906828
1,330,0.894378,1.341567,-1.893299
1,331,0.870802,1.306203,-1.856735
1,332,0.866777,1.300165,-1.848448
1,333,0.895260,1.342890,-1.890799
1,334,0.889334,1.334001,-1.880880
1,335,0.938566,1.407848,-1.955715
1,336,0.898091,1.347137,-1.894104
1,337,0.901252,1.351878,-1.899322
1,338,0.899007,1.348511,-1.896513
1,339,0.898832,1.348248,-1.896450
1,340,0.883859,1.325789,-1.874614
1,341,0.920027,1.380041,-1.929359
1,342,0.897509,1.346264,-1.895110
1,343,0.930826,1.396239,-1.945360
1,344,0.918755,1.378132,-1.927325
1,345,0.926994,1.390491,-1.938926
1,346,0.946137,1.419206,-1.967717
1,347,0.944936,1.417404,-1.965724
1,348,0.930030,1.395045,-1.943699
1,349,0.965832,1.448747,-1.997059
1,350,0.953625,1.430437,-1.978599
1,351,0.995490,1.493235,-2.042305
1,352,0.974645,1.461968,-2.011118
1,353,0.994149,1.491224,-2.040345
1,354,1.028760,1.543139,-2.093262
1,355,0.997797,1.496696,-2.046180
1,356,0.936660,1.404989,-1.954788
1,357,0.941223,1.411834,-1.961319
1,358,0.934038,1.401057,-1.950264
1,359,0.919445,1.379168,-1.927737
1,360,0.934182,1.401273,-1.950506
1,361,0.926315,1.389472,-1.939632
1,362,0.939758,1.409638,-1.960412
1,363,0.969837,1.454756,-2.006013
1,364,0.978928,1.468392,-2.019837
1,365,0.997965,1.496948,-2.048926
1,366,1.024373,1.536560,-2.088705
1,367,1.004079,1.506119,-2.057386
1,368,1.016352,1.524527,-2.075852
1,369,1.004279,1.506418,-2.056933
1,370,0.944158,1.416237,-1.966174
1,371,0.969107,1.453661,-2.003297
1,372,0.917723,1.376584,-1.925362
1,373,0.911600,1.367400,-1.916118
1,374,0.909428,1.364142,-1.912347
1,375,0.904463,1.356694,-1.904271
1,376,0.930287,1.395431,-1.942981
1,377,0.926472,1.389707,-1.937276
1,378,0.883048,1.324573,-1.871552
1,379,0.951981,1.427971,-1.975962
1,380,0.932747,1.399121,-1.946156
1,381,0.935797,1.403695,-1.950157
1,382,0.904494,1.356741,-1.903191
1,383,0.919327,1.378990,-1.925554
1,384,0.921831,1.382746,-1.929238
1,385,0.911051,1.366576,-1.912799
1,386,0.878622,1.317933,-1.864230
1,387,0.879012,1.318519,-1.865516
1,388,0.837921,1.256882,-1.803599
1,389,0.894978,1.342467,-1.889991
1,390,0.834919,1.252378,-1.798844
1,391,0.881296,1.321944,-1.869116
1,392,0.865942,1.298913,-1.845623
1,393,0.886566,1.329849,-1.876128
1,394,0.849525,1.274287,-1.820861
1,395,0.894632,1.341947,-1.889060
1,396,0.882880,1.324320,-1.870763
1,397,0.869686,1.304529,-1.852363
1,398,0.921182,1.381774,-1.929635
1,399,0.889500,1.334250,-1.882768
1,400,0.915703,1.373554,-1.921603
1,401,0.914698,1.372046,-1.920165
1,402,0.876519,1.314778,-1.862753
1,403,0.891730,1.337595,-1.885965
1,404,0.936080,1.404120,-1.952827
1,405,0.895328,1.342992,-1.891903
1,406,0.906815,1.360223,-1.908762
1,407,0.879291,1.318936,-1.867081
1,408,0.917099,1.375649,-1.924437
1,409,0.917609,1.376414,-1.924473
1,410,0.896584,1.344876,-1.893514
1,411,0.876201,1.314302,-1.862913
1,412,0.897949,1.346924,-1.895869
1,413,0.904301,1.356451,-1.905415
1,414,0.920727,1.381090,-1.930674
1,415,0.902836,1.354254,-1.903838
1,416,0.891420,1.337130,-1.887537
1,417,0.915198,1.372797,-1.922757
1,418,0.929931,1.394897,-1.944865
1,419,0.937973,1.406960,-1.957642
1,420,0.900698,1.351047,-1.901580
1,421,0.918273,1.377410,-1.927384
1,422,0.926242,1.389363,-1.939394
1,423,0.938459,1.407689,-1.958162
1,424,0.922698,1.384046,-1.934803
1,425,0.952312,1.428469,-1.978172
1,426,0.947898,1.421847,-1.971954
1,427,0.973821,1.460731,-2.011332
1,428,0.977914,1.466871,-2.017748
1,429,0.978464,1.467696,-2.019541
1,430,0.949403,1.424104,-1.975775
1,431,0.975917,1.463875,-2.014450
1,432,0.926549,1.389824,-1.939473
1,433,0.971382,1.457073,-2.006909
1,434,0.972689,1.459033,-2.008598
1,435,0.949050,1.423575,-1.972334
1,436,0.932936,1.399403,-1.948510
1,437,0.948551,1.422826,-1.972516
1,438,0.901501,1.352251,-1.901027
1,439,0.940964,1.411446,-1.959366
1,440,0.918816,1.378225,-1.925351
1,441,0.914376,1.371564,-1.918909
1,442,0.941551,1.412327,-1.959620
1,443,0.937626,1.406439,-1.953937
1,444,0.947237,1.420856,-1.968633
1,445,0.950123,1.425184,-1.973633
1,446,0.924060,1.386090,-1.934130
1,447,0.925300,1.387951,-1.936379
1,448,0.901280,1.351921,-1.900690
1,449,0.964162,1.446243,-1.995577
1,450,0.912688,1.369032,-1.918709
1,451,0.980070,1.470104,-2.020830
1,452,0.991723,1.487584,-2.038658
1,453,0.998544,1.497816,-2.049284
1,454,0.987509,1.481263,-2.032157
1,455,1.012747,1.519120,-2.070678
1,456,0.953609,1.430413,-1.980954
1,457,0.929290,1.393935,-1.944886
1,458,0.921452,1.382179,-1.933141
1,459,0.972146,1.458218,-2.009242
1,460,0.940163,1.410245,-1.962271
1,461,0.954967,1.432451,-1.984140
1,462,0.988663,1.482995,-2.035169
1,463,0.966309,1.449463,-2.001367
1,464,0.965209,1.447813,-2.000067
1,465,0.964901,1.447351,-2.000191
1,466,0.966172,1.449258,-2.002231
1,467,0.985537,1.478305,-2.031058
1,468,0.966595,1.449893,-2.003081
1,469,0.985653,1.478479,-2.032067
1,470,0.994025,1.491038,-2.045484
1,471,1.025673,1.538509,-2.091996
1,472,1.030692,1.546038,-2.100332
1,473,0.992820,1.489230,-2.042570
1,474,1.056001,1.584001,-2.137508
1,475,0.961798,1.442697,-1.996830
1,476,1.020582,1.530873,-2.082760
1,477,0.994306,1.491460,-2.043336
1,478,0.949630,1.424444,-1.976938
1,479,0.952920,1.429380,-1.981853
1,480,0.955581,1.433371,-1.984940
1,481,0.988950,1.483425,-2.035152
1,482,1.022636,1.533953,-2.085920
1,483,0.988617,1.482925,-2.035155
1,484,0.998783,1.498175,-2.051017
1,485,1.012762,1.519144,-2.071234
1,486,1.016752,1.525128,-2.077806
1,487,1.017744,1.526617,-2.078491
1,488,1.007996,1.511993,-2.063907
1,489,0.959675,1.439513,-1.990112
1,490,0.986509,1.479764,-2.031511
1,491,0.970353,1.455529,-2.006245
1,492,1.002279,1.503418,-2.054730
1,493,1.021754,1.532631,-2.083754
1,494,1.017999,1.526998,-2.077917
1,495,0.993560,1.490341,-2.042435
1,496,0.995943,1.493915,-2.045886
1,497,0.995663,1.493494,-2.044855
1,498,0.964196,1.446294,-1.997586
1,499,0.974677,1.462015,-2.012872
1,500,0.971799,1.457699,-2.008971
1,501,0.934564,1.401846,-1.952962
1,502,0.968188,1.452282,-2.004246
1,503,0.936546,1.404819,-1.955765
1,504,0.957910,1.436866,-1.987045
1,505,0.964213,1.446319,-1.996938
1,506,0.930359,1.395539,-1.946272
1,507,0.987967,1.481950,-2.033729
1,508,0.984553,1.476829,-2.027921
1,509,0.918944,1.378416,-1.929038
1,510,0.961451,1.442176,-1.993497
1,511,0.975577,1.463366,-2.015280
1,512,0.920923,1.381384,-1.933050
1,513,0.973285,1.459928,-2.011587
1,514,0.991700,1.487549,-2.038896
1,515,1.014013,1.521019,-2.073390
1,516,0.980206,1.470310,-2.023026
1,517,0.976147,1.464221,-2.016857
1,518,1.006471,1.509706,-2.061780
1,519,1.022130,1.533195,-2.085429
1,520,1.004053,1.506079,-2.057894
1,521,0.999605,1.499407,-2.051769
1,522,1.035552,1.553328,-2.105487
1,523,0.999250,1.498875,-2.050277
1,524,1.041526,1.562289,-2.113714
1,525,1.003010,1.504515,-2.054857
1,526,1.041988,1.562982,-2.114789
1,527,0.967105,1.450657,-2.001948
1,528,0.996601,1.494902,-2.046529
1,529,0.996088,1.494132,-2.045947
1,530,1.016576,1.524864,-2.076051
1,531,0.980859,1.471289,-2.023546
1,532,0.995699,1.493548,-2.045718
1,533,1.011433,1.517150,-2.069303
1,534,1.006252,1.509377,-2.060725
1,535,0.985642,1.478463,-2.029639
1,536,1.007339,1.511009,-2.061992
1,537,1.024066,1.536099,-2.088170
1,538,0.996082,1.494123,-2.045845
1,539,0.980442,1.470663,-2.021272
1,540,0.951514,1.427272,-1.977320
1,541,0.947809,1.421714,-1.971425
1,542,0.953712,1.430568,-1.980414
1,543,0.925603,1.388405,-1.938157
1,544,0.887380,1.331070,-1.881121
1,545,0.940876,1.411313,-1.961488
1,546,0.939504,1.409256,-1.958851
1,547,0.927183,1.390774,-1.941138
1,548,0.932312,1.398468,-1.948459
1,549,0.955056,1.432584,-1.982439
1,550,0.996740,1.495110,-2.044833
1,551,0.954408,1.431611,-1.982069
1,552,0.986691,1.480036,-2.030837
1,553,0.968073,1.452110,-2.002714
1,554,0.955844,1.433766,-1.984915
1,555,0.996238,1.494357,-2.046286
1,556,0.988830,1.483245,-2.036482
1,557,1.009007,1.513510,-2.067106
1,558,1.047775,1.571662,-2.126090
1,559,1.041514,1.562271,-2.116641
1,560,1.040565,1.560847,-2.115326
1,561,1.031156,1.546734,-2.101370
1,562,1.059372,1.589058,-2.143694
1,563,1.039315,1.558973,-2.114111
1,564,1.040670,1.561005,-2.115993
1,565,1.067977,1.601966,-2.157470
1,566,1.063167,1.594750,-2.149997
1,567,1.056995,1.585493,-2.140633
1,568,1.079048,1.618572,-2.174840
1,569,1.047307,1.570961,-2.126738
1,570,1.086220,1.629330,-2.184404
1,571,1.048127,1.572190,-2.126351
1,572,1.023780,1.535670,-2.089312
1,573,1.024961,1.537442,-2.090897
1,574,0.971536,1.457304,-2.011178
1,575,0.973213,1.459820,-2.012781
1,576,0.949248,1.423872,-1.976508
1,577,0.955616,1.433424,-1.985937
1,578,0.941434,1.412150,-1.965459
1,579,0.945371,1.418057,-1.970726
1,580,0.991356,1.487033,-2.039302
1,581,0.956898,1.435346,-1.987524
1,582,0.933814,1.400722,-1.953392
1,583,0.940221,1.410332,-1.962661
1,584,0.976268,1.464401,-2.016813
1,585,0.966166,1.449248,-2.002492
1,586,0.989486,1.484230,-2.036536
1,587,1.009501,1.514252,-2.067890
1,588,0.971183,1.456774,-2.009985
1,589,0.992494,1.488741,-2.041904
1,590,1.019666,1.529500,-2.082722
1,591,1.021073,1.531610,-2.085563
1,592,0.987290,1.480934,-2.034169
1,593,1.041092,1.561639,-2.115363
1,594,0.988393,1.482590,-2.035840
1,595,1.009711,1.514567,-2.067932
1,596,0.988256,1.482383,-2.035154
1,597,1.009162,1.513742,-2.066771
1,598,0.991089,1.486633,-2.040087
1,599,1.020284,1.530427,-2.084982
1,600,0.946363,1.419545,-1.972472
1,601,1.013162,1.519743,-2.073160
1,602,0.958615,1.437923,-1.991390
1,603,0.977020,1.465530,-2.018596
1,604,0.977404,1.466106,-2.019766
1,605,0.957079,1.435618,-1.988167
1,606,0.950853,1.426280,-1.979042
1,607,0.973153,1.459730,-2.012631
1,608,0.981171,1.471756,-2.024640
1,609,0.956022,1.434032,-1.987868
1,610,0.945862,1.418793,-1.971776
1,611,0.935624,1.403436,-1.955749
1,612,0.897372,1.346059,-1.897238
1,613,0.925007,1.387511,-1.939118
1,614,0.925501,1.388251,-1.939618
1,615,0.925981,1.388972,-1.940351
1,616,0.921103,1.381655,-1.932669
1,617,0.925200,1.387799,-1.939177
1,618,0.941332,1.411998,-1.963487
1,619,0.973304,1.459957,-2.011544
1,620,0.990315,1.485472,-2.038014
1,621,0.923671,1.385506,-1.938303
1,622,0.959086,1.438630,-1.992009
1,623,0.975221,1.462831,-2.016503
1,624,0.962724,1.444086,-1.998711
1,625,0.968604,1.452907,-2.007492
1,626,1.016445,1.524668,-2.078912
1,627,0.988147,1.482220,-2.036873
1,628,1.013271,1.519907,-2.074928
1,629,1.027266,1.540899,-2.095726
1,630,1.020840,1.531260,-2.086152
1,631,1.026178,1.539267,-2.094394
1,632,1.025751,1.538626,-2.093456
1,633,1.025077,1.537615,-2.093126
1,634,1.000241,1.500362,-2.055603
1,635,1.028132,1.542197,-2.098231
1,636,1.008276,1.512414,-2.068920
1,637,1.030767,1.546150,-2.102499
1,638,1.065778,1.598666,-2.155759
1,639,1.057839,1.586758,-2.142784
1,640,1.031202,1.546803,-2.103526
1,641,1.049095,1.573642,-2.131558
1,642,1.011688,1.517532,-2.074654
1,643,1.061977,1.592965,-2.150694
1,644,1.023071,1.534606,-2.092333
1,645,1.007157,1.510735,-2.068567
1,646,1.028270,1.542405,-2.100883
1,647,1.031282,1.546923,-2.104423
1,648,1.040124,1.560186,-2.118452
1,649,1.079939,1.619908,-2.178973
1,650,1.097282,1.645923,-2.204806
1,651,1.057320,1.585981,-2.144152
1,652,1.032148,1.548221,-2.106396
1,653,1.002922,1.504382,-2.061094
1,654,1.109929,1.664894,-2.223315
1,655,1.077256,1.615884,-2.172487
1,656,1.074034,1.611050,-2.166989
1,657,1.067616,1.601424,-2.156857
1,658,1.023680,1.535520,-2.090369
1,659,1.036988,1.555483,-2.109749
1,660,0.999692,1.499538,-2.053433
1,661,1.012967,1.519450,-2.073116
1,662,0.993508,1.490262,-2.041860
1,663,0.956634,1.434951,-1.985903
1,664,0.950725,1.426087,-1.977505
1,665,0.952847,1.429271,-1.979439
1,666,0.936394,1.404591,-1.954355
1,667,0.920225,1.380337,-1.929631
1,668,0.930983,1.396474,-1.945559
1,669,0.910866,1.366300,-1.914464
1,670,0.936071,1.404107,-1.952178
1,671,0.952470,1.428705,-1.977188
1,672,0.940456,1.410685,-1.959172
1,673,0.918758,1.378138,-1.926340
1,674,0.963472,1.445208,-1.993038
1,675,0.935178,1.402767,-1.950605
1,676,0.925526,1.388289,-1.936450
1,677,0.936420,1.404630,-1.953121
1,678,0.926672,1.390008,-1.937814
1,679,0.947668,1.421502,-1.969545
1,680,0.982399,1.473599,-2.023323
1,681,0.992563,1.488844,-2.037782
1,682,0.984162,1.476243,-2.025691
1,683,0.974410,1.461615,-2.011771
1,684,0.997550,1.496324,-2.046938
1,685,0.944817,1.417226,-1.967456
1,686,0.990021,1.485032,-2.035860
1,687,0.952643,1.428965,-1.980153
1,688,0.925345,1.388018,-1.938563
1,689,0.956476,1.434714,-1.985653
1,690,1.003662,1.505492,-2.057048
1,691,0.947364,1.421046,-1.972431
1,692,0.942221,1.413332,-1.963833
1,693,0.965288,1.447932,-1.999153
1,694,0.964426,1.446639,-1.998934
1,695,0.954135,1.431203,-1.982197
1,696,0.948606,1.422909,-1.974850
1,697,0.917208,1.375811,-1.925806
1,698,0.944407,1.416611,-1.967185
1,699,0.973754,1.460631,-2.011251
1,700,0.939076,1.408615,-1.959977
1,701,0.937120,1.405679,-1.955595
1,702,0.971431,1.457146,-2.006976
1,703,0.969275,1.453912,-2.002869
1,704,0.936710,1.405065,-1.953161
1,705,0.940943,1.411415,-1.960119
1,706,0.935406,1.403109,-1.951452
1,707,0.901207,1.351811,-1.901550
1,708,0.929884,1.394826,-1.943276
1,709,0.949276,1.423913,-1.972325
1,710,0.937420,1.406130,-1.953897
1,711,0.968796,1.453194,-2.000191
1,712,0.927763,1.391645,-1.938877
1,713,0.965415,1.448123,-1.995058
1,714,0.919011,1.378516,-1.924678
1,715,0.916280,1.374420,-1.920574
1,716,0.906169,1.359253,-1.906333
1,717,0.925402,1.388103,-1.935236
1,718,0.904848,1.357272,-1.904126
1,719,0.914913,1.372370,-1.919670
1,720,0.923127,1.384691,-1.932771
1,721,0.939169,1.408753,-1.957077
1,722,0.971429,1.457144,-2.005255
1,723,1.008459,1.512688,-2.061153
1,724,0.980337,1.470505,-2.019268
1,725,0.963581,1.445372,-1.994120
1,726,1.002022,1.503033,-2.052125
1,727,0.895669,1.343504,-1.892292
1,728,0.949289,1.423933,-1.973727
1,729,0.943115,1.414672,-1.964323
1,730,0.933853,1.400780,-1.950202
1,731,0.888095,1.332143,-1.881842
1,732,0.910622,1.365933,-1.915902
1,733,0.925365,1.388047,-1.937039
1,734,0.908924,1.363385,-1.912534
1,735,0.909086,1.363628,-1.912512
1,736,0.933569,1.400354,-1.949850
1,737,0.899341,1.349011,-1.898210
1,738,0.910387,1.365580,-1.914761
1,739,0.942054,1.413081,-1.962427
1,740,0.918776,1.378164,-1.926727
1,741,0.935316,1.402973,-1.951229
1,742,0.911302,1.366953,-1.915604
1,743,0.898733,1.348099,-1.897512
1,744,0.941173,1.411759,-1.960660
1,745,0.906037,1.359056,-1.907745
1,746,0.905465,1.358197,-1.906947
1,747,0.894770,1.342156,-1.890852
1,748,0.917502,1.376253,-1.925327
1,749,0.927723,1.391585,-1.940728
1,750,0.938656,1.407984,-1.957613
1,751,0.976481,1.464722,-2.013863
1,752,0.956039,1.434058,-1.983663
1,753,0.972195,1.458292,-2.007939
1,754,1.008663,1.512994,-2.063134
1,755,0.992110,1.488165,-2.037972
1,756,1.047187,1.570780,-2.121562
1,757,0.967507,1.451260,-2.001178
1,758,0.994258,1.491387,-2.040240
1,759,1.005605,1.508408,-2.057832
1,760,0.972600,1.458900,-2.007952
1,761,0.988046,1.482070,-2.031617
1,762,0.939672,1.409508,-1.958144
1,763,0.932657,1.398985,-1.947769
1,764,0.956371,1.434557,-1.982815
1,765,0.888272,1.332408,-1.879841
1,766,0.921191,1.381786,-1.929550
1,767,0.881352,1.322028,-1.870472
1,768,0.857445,1.286168,-1.833660
1,769,0.889089,1.333633,-1.882648
1,770,0.887451,1.331176,-1.879470
1,771,0.903196,1.354794,-1.902924
1,772,0.895195,1.342792,-1.890691
1,773,0.923383,1.385075,-1.933475
1,774,0.922383,1.383574,-1.932470
1,775,0.930275,1.395413,-1.944535
1,776,0.884118,1.326177,-1.875620
1,777,0.956914,1.435371,-1.984230
1,778,0.945863,1.418795,-1.967139
1,779,0.933965,1.400947,-1.949730
1,780,0.935741,1.403611,-1.951145
1,781,0.941747,1.412620,-1.960548
1,782,0.919365,1.379047,-1.926162
1,783,0.919795,1.379693,-1.926540
1,784,0.922199,1.383299,-1.930770
1,785,0.942468,1.413702,-1.960403
1,786,0.951975,1.427963,-1.974739
1,787,0.916563,1.374844,-1.922140
1,788,0.916167,1.374250,-1.921442
1,789,0.905950,1.358925,-1.907494
1,790,0.907677,1.361515,-1.909684
1,791,0.923047,1.384570,-1.933691
1,792,0.907203,1.360805,-1.909638
1,793,0.928416,1.392624,-1.941730
1,794,0.944368,1.416553,-1.966449
1,795,0.943787,1.415680,-1.966047
1,796,0.945319,1.417978,-1.967739
1,797,0.983209,1.474813,-2.025837
1,798,0.965352,1.448027,-1.999726
1,799,0.953597,1.430395,-1.982281
1,800,1.003164,1.504746,-2.057801
1,801,0.956011,1.434016,-1.986663
1,802,0.985299,1.477948,-2.030002
1,803,0.953397,1.430096,-1.981896
1,804,0.939643,1.409464,-1.959657
1,805,0.940295,1.410442,-1.960317
1,806,0.919620,1.379430,-1.928714
1,807,0.916520,1.374780,-1.925460
1,808,0.924325,1.386487,-1.936213
1,809,0.901091,1.351636,-1.901873
1,810,0.875282,1.312924,-1.862196
1,811,0.919099,1.378649,-1.927636
1,812,0.882606,1.323909,-1.872869
1,813,0.910036,1.365055,-1.913528
1,814,0.916023,1.374034,-1.921676
1,815,0.932891,1.399337,-1.947984
1,816,0.960688,1.441032,-1.990096
1,817,0.957837,1.436755,-1.985478
1,818,0.986034,1.479052,-2.028877
1,819,0.982744,1.474116,-2.024804
1,820,1.013424,1.520135,-2.071931
1,821,0.941824,1.412736,-1.964432
1,822,0.946169,1.419253,-1.970424
1,823,0.943790,1.415685,-1.966297
1,824,0.972594,1.458890,-2.009479
1,825,0.968641,1.452961,-2.003498
1,826,0.961188,1.441783,-1.993493
1,827,0.983687,1.475530,-2.027206
1,828,0.981300,1.471950,-2.023736
1,829,1.009639,1.514459,-2.066346
1,830,0.994793,1.492189,-2.045154
1,831,1.001770,1.502655,-2.055370
1,832,1.000828,1.501243,-2.053728
1,833,1.021216,1.531825,-2.085128
1,834,1.009239,1.513859,-2.067889
1,835,1.005872,1.508808,-2.063212
1,836,0.978721,1.468082,-2.022050
1,837,0.981999,1.472999,-2.027794
1,838,0.977988,1.466983,-2.021330
1,839,0.946328,1.419492,-1.973859
1,840,0.956805,1.435207,-1.988386
1,841,0.954083,1.431124,-1.985086
1,842,0.956144,1.434215,-1.987905
1,843,0.959747,1.439620,-1.992631
1,844,0.955890,1.433834,-1.985843
1,845,0.951404,1.427106,-1.979655
1,846,0.936806,1.405209,-1.957777
1,847,0.896562,1.344843,-1.896913
1,848,0.921204,1.381806,-1.933581
1,849,0.919552,1.379328,-1.930163
1,850,0.904225,1.356338,-1.907755
1,851,0.939543,1.409315,-1.961461
1,852,0.934455,1.401683,-1.954021
1,853,0.925593,1.388389,-1.940426
1,854,0.945182,1.417773,-1.969744
1,855,0.955096,1.432644,-1.983919
1,856,0.966702,1.450053,-2.001270
1,857,0.938479,1.407719,-1.958603
1,858,0.963423,1.445135,-1.995194
1,859,0.993275,1.489912,-2.039881
1,860,0.945389,1.418084,-1.969351
1,861,0.963076,1.444614,-1.995435
1,862,0.960254,1.440381,-1.992003
1,863,0.948745,1.423117,-1.974176
1,864,0.934398,1.401597,-1.952714
1,865,0.974031,1.461047,-2.012691
1,866,0.989370,1.484056,-2.035736
1,867,1.021899,1.532848,-2.086097
1,868,0.981093,1.471640,-2.026246
1,869,0.997807,1.496711,-2.050300
1,870,1.008740,1.513110,-2.068064
1,871,1.006846,1.510269,-2.066156
1,872,1.057239,1.585858,-2.142540
1,873,1.039979,1.559968,-2.116670
1,874,1.043259,1.564888,-2.122106
1,875,1.061240,1.591860,-2.149044
1,876,1.031590,1.547385,-2.104169
1,877,1.038316,1.557473,-2.115776
1,878,1.073251,1.609877,-2.169281
1,879,1.058772,1.588158,-2.147791
1,880,1.062332,1.593498,-2.153684
1,881,1.067586,1.601378,-2.160237
1,882,1.086903,1.630354,-2.188690
1,883,1.093200,1.639800,-2.197900
1,884,1.081230,1.621846,-2.178812
1,885,1.094012,1.641018,-2.198293
1,886,1.028099,1.542149,-2.098883
1,887,1.028004,1.542006,-2.099223
1,888,1.000132,1.500199,-2.057124
1,889,1.003763,1.505644,-2.063038
1,890,1.002364,1.503546,-2.060272
1,891,1.002490,1.503735,-2.060323
1,892,0.971621,1.457431,-2.012451
1,893,0.987319,1.480978,-2.035525
1,894,1.013103,1.519655,-2.074455
1,895,1.007042,1.510563,-2.066112
1,896,1.004255,1.506382,-2.062493
1,897,1.011751,1.517627,-2.073267
1,898,0.984115,1.476172,-2.031333
1,899,1.013767,1.520650,-2.076203
1,900,1.012390,1.518585,-2.074734
1,901,1.012862,1.519293,-2.074813
1,902,1.020554,1.530831,-2.086600
1,903,1.010903,1.516355,-2.071518
1,904,1.018814,1.528221,-2.083625
1,905,1.005550,1.508325,-2.064163
1,906,0.988995,1.483492,-2.039629
1,907,0.981489,1.472233,-2.027830
1,908,0.977520,1.466280,-2.021101
1,909,0.969268,1.453902,-2.009057
1,910,0.966710,1.450066,-2.004782
1,911,0.998033,1.497050,-2.051066
1,912,0.996933,1.495400,-2.049370
1,913,0.982511,1.473766,-2.027467
1,914,1.007443,1.511165,-2.066016
1,915,1.011104,1.516656,-2.071191
1,916,1.010769,1.516153,-2.070349
1,917,1.013834,1.520751,-2.075897
1,918,0.990197,1.485296,-2.040424
1,919,0.972496,1.458744,-2.013698
1,920,0.991557,1.487336,-2.042362
1,921,0.961607,1.442410,-1.997371
1,922,0.981948,1.472922,-2.027932
1,923,1.043839,1.565759,-2.120850
1,924,0.995102,1.492653,-2.048123
1,925,1.056327,1.584490,-2.140630
1,926,0.967043,1.450565,-2.006234
1,927,1.004481,1.506722,-2.062111
1,928,0.941615,1.412422,-1.966605
1,929,0.977694,1.466541,-2.020801
1,930,0.978353,1.467529,-2.021716
1,931,0.997937,1.496905,-2.051521
1,932,0.969336,1.454004,-2.007833
1,933,0.951038,1.426556,-1.980701
1,934,0.957257,1.435885,-1.987958
1,935,0.920500,1.380750,-1.933239
1,936,0.901051,1.351576,-1.903617
1,937,0.901666,1.352500,-1.904561
1,938,0.926913,1.390370,-1.942157
1,939,0.909681,1.364522,-1.915656
1,940,0.923943,1.385914,-1.937886
1,941,0.928193,1.392290,-1.943571
1,942,0.927007,1.390510,-1.940899
1,943,0.942432,1.413648,-1.964436
1,944,0.982894,1.474342,-2.024938
1,945,0.900816,1.351224,-1.901851
1,946,0.955607,1.433411,-1.983649
1,947,0.927016,1.390525,-1.941437
1,948,0.933064,1.399596,-1.950804
1,949,0.969569,1.454354,-2.006906
1,950,0.923768,1.385652,-1.937672
1,951,0.993576,1.490364,-2.043899
1,952,0.953375,1.430062,-1.983725
1,953,0.988388,1.482582,-2.037099
1,954,1.037148,1.555723,-2.109799
1,955,0.999339,1.499009,-2.053279
1,956,0.997440,1.496160,-2.049912
1,957,1.004088,1.506132,-2.060991
1,958,1.006075,1.509112,-2.064487
1,959,0.995478,1.493217,-2.049143
1,960,1.016528,1.524792,-2.080962
1,961,1.010664,1.515996,-2.072722
1,962,1.012474,1.518712,-2.075940
1,963,0.997134,1.495701,-2.053502
1,964,1.051714,1.577571,-2.135769
1,965,1.061023,1.591534,-2.150009
1,966,1.038768,1.558152,-2.117322
1,967,1.043323,1.564985,-2.123288
1,968,1.076801,1.615202,-2.173682
1,969,1.053056,1.579584,-2.138809
1,970,1.046229,1.569343,-2.129059
1,971,1.072658,1.608986,-2.168486
1,972,1.031004,1.546506,-2.105087
1,973,1.024868,1.537302,-2.095453
1,974,1.062469,1.593703,-2.151537
1,975,1.059577,1.589365,-2.146168
1,976,1.062752,1.594129,-2.152056
1,977,1.075210,1.612815,-2.171055
1,978,1.017601,1.526401,-2.084568
1,979,1.091386,1.637079,-2.195444
1,980,1.037990,1.556985,-2.114048
1,981,1.059646,1.589469,-2.145519
1,982,1.008161,1.512242,-2.066878
1,983,0.988377,1.482566,-2.036385
1,984,1.014142,1.521214,-2.075160
1,985,0.993000,1.489501,-2.043362
1,986,0.932439,1.398659,-1.952488
1,987,0.951437,1.427156,-1.980974
1,988,0.984001,1.476002,-2.029283
1,989,0.955692,1.433538,-1.986478
1,990,0.948777,1.423165,-1.976027
1,991,0.985242,1.477863,-2.030410
1,992,0.955847,1.433770,-1.985826
1,993,0.981714,1.472571,-2.024417
1,994,0.978769,1.468153,-2.021145
1,995,0.990136,1.485203,-2.037594
1,996,0.993648,1.490472,-2.043081
1,997,0.944941,1.417411,-1.970979
1,998,0.959883,1.439824,-1.994517
1,999,0.964438,1.446656,-2.000568
1,1000,0.988426,1.482639,-2.036887
2,1,1.077580,1.616370,-1.330451
2,2,1.098776,1.648164,-1.361878
2,3,1.117847,1.676771,-1.391718
2,4,1.124915,1.687372,-1.402614
2,5,1.123386,1.685079,-1.399570
2,6,1.149085,1.723627,-1.437966
2,7,1.161862,1.742793,-1.458468
2,8,1.179582,1.769372,-1.484646
2,9,1.196256,1.794384,-1.510184
2,10,1.141603,1.712404,-1.427368
2,11,1.215923,1.823884,-1.539353
2,12,1.211169,1.816754,-1.532663
2,13,1.257459,1.886189,-1.602921
2,14,1.219088,1.828633,-1.545243
2,15,1.252066,1.878099,-1.596024
2,16,1.186164,1.779245,-1.495937
2,17,1.242816,1.864224,-1.582463
2,18,1.187665,1.781498,-1.498543
2,19,1.230105,1.845158,-1.562875
2,20,1.176023,1.764035,-1.480895
2,21,1.206000,1.809000,-1.525787
2,22,1.219295,1.828942,-1.545120
2,23,1.226444,1.839666,-1.555618
2,24,1.261296,1.891943,-1.609126
2,25,1.245595,1.868393,-1.585952
2,26,1.209029,1.813543,-1.531721
2,27,1.166315,1.749473,-1.467415
2,28,1.202764,1.804145,-1.522489
2,29,1.173240,1.759860,-1.477377
2,30,1.136313,1.704470,-1.421943
2,31,1.170722,1.756083,-1.473560
2,32,1.155611,1.733416,-1.451284
2,33,1.175500,1.763250,-1.480550
2,34,1.200271,1.800406,-1.517542
2,35,1.212740,1.819110,-1.536911
2,36,1.223092,1.834638,-1.553216
2,37,1.235436,1.853154,-1.571720
2,38,1.203662,1.805494,-1.522640
2,39,1.199670,1.799505,-1.518453
2,40,1.216355,1.824533,-1.543399
2,41,1.235870,1.853804,-1.572570
2,42,1.206160,1.809239,-1.528309
2,43,1.220002,1.830004,-1.548705
2,44,1.244674,1.867011,-1.585459
2,45,1.217120,1.825680,-1.542876
2,46,1.203339,1.805009,-1.522024
2,47,1.255408,1.883112,-1.600580
2,48,1.209264,1.813896,-1.531364
2,49,1.210272,1.815409,-1.532663
2,50,1.175653,1.763479,-1.480345
2,51,1.168410,1.752614,-1.469173
2,52,1.176556,1.764833,-1.480716
2,53,1.181821,1.772732,-1.488595
2,54,1.165838,1.748757,-1.464402
2,55,1.210172,1.815259,-1.531192
2,56,1.196177,1.794266,-1.510949
2,57,1.179227,1.768841,-1.484803
2,58,1.199887,1.799831,-1.516283
2,59,1.228103,1.842155,-1.559660
2,60,1.261917,1.892876,-1.610259
2,61,1.209700,1.814549,-1.532217
2,62,1.195586,1.793379,-1.509707
2,63,1.230964,1.846445,-1.563650
2,64,1.247556,1.871334,-1.588839
2,65,1.239241,1.858861,-1.575265
2,66,1.212061,1.818091,-1.533761
2,67,1.207819,1.811729,-1.528741
2,68,1.238778,1.858167,-1.574344
2,69,1.233899,1.850849,-1.566763
2,70,1.195868,1.793802,-1.509768
2,71,1.203764,1.805647,-1.521157
2,72,1.241073,1.861609,-1.577572
2,73,1.209170,1.813755,-1.528794
2,74,1.191421,1.787132,-1.502329
2,75,1.205554,1.808331,-1.524403
2,76,1.192849,1.789274,-1.505280
2,77,1.180935,1.771403,-1.486142
2,78,1.184086,1.776129,-1.491786
2,79,1.166029,1.749043,-1.464895
2,80,1.165056,1.747583,-1.463191
2,81,1.188900,1.783350,-1.500026
2,82,1.165902,1.748854,-1.464001
2,83,1.186760,1.780141,-1.495166
2,84,1.196453,1.794679,-1.510490
2,85,1.195984,1.793975,-1.510079
2,86,1.194978,1.792468,-1.507927
2,87,1.165091,1.747637,-1.463376
2,88,1.231166,1.846750,-1.562205
2,89,1.189366,1.784049,-1.499055
2,90,1.238141,1.857211,-1.573872
2,91,1.249147,1.873721,-1.590227
2,92,1.245092,1.867638,-1.584667
2,93,1.213603,1.820405,-1.536726
2,94,1.173916,1.760874,-1.477916
2,95,1.187586,1.781380,-1.499082
2,96,1.190518,1.785778,-1.502894
2,97,1.177583,1.766374,-1.484595
2,98,1.179481,1.769221,-1.488000
2,99,1.202899,1.804349,-1.522900
2,100,1.184735,1.777103,-1.495398
2,101,1.217792,1.826688,-1.545272
2,102,1.170416,1.755623,-1.474513
2,103,1.206096,1.809145,-1.528066
2,104,1.184264,1.776395,-1.495754
2,105,1.240277,1.860415,-1.579573
2,106,1.203500,1.805250,-1.525269
2,107,1.228251,1.842376,-1.563299
2,108,1.236825,1.855238,-1.575359
2,109,1.188480,1.782719,-1.503704
2,110,1.217143,1.825715,-1.545550
2,111,1.224884,1.837326,-1.557089
2,112,1.213609,1.820413,-1.539501
2,113,1.188517,1.782776,-1.502087
2,114,1.255839,1.883759,-1.603371
2,115,1.244466,1.866700,-1.586620
2,116,1.182363,1.773544,-1.492655
2,117,1.256996,1.885495,-1.605410
2,118,1.197781,1.796672,-1.516423
2,119,1.268116,1.902174,-1.621762
2,120,1.195511,1.793267,-1.512840
2,121,1.226267,1.839400,-1.558494
2,122,1.231459,1.847189,-1.567044
2,123,1.266386,1.899578,-1.618954
2,124,1.253653,1.880479,-1.600113
2,125,1.242703,1.864055,-1.583593
2,126,1.255419,1.883128,-1.602582
2,127,1.254286,1.881429,-1.601941
2,128,1.275483,1.913224,-1.633301
2,129,1.248936,1.873404,-1.592702
2,130,1.245248,1.867872,-1.586789
2,131,1.259834,1.889751,-1.608013
2,132,1.217511,1.826266,-1.544453
2,133,1.251333,1.876999,-1.595798
2,134,1.195604,1.793406,-1.511725
2,135,1.235331,1.852997,-1.571556
2,136,1.238047,1.857070,-1.576047
2,137,1.224581,1.836871,-1.555496
2,138,1.239200,1.858800,-1.577946
2,139,1.252332,1.878499,-1.596970
2,140,1.199214,1.798821,-1.517223
2,141,1.222721,1.834081,-1.551984
2,142,1.268422,1.902633,-1.620375
2,143,1.220053,1.830079,-1.547341
2,144,1.239597,1.859395,-1.576368
2,145,1.230299,1.845449,-1.562151
2,146,1.224670,1.837005,-1.554325
2,147,1.240947,1.861420,-1.579184
2,148,1.235564,1.853346,-1.571103
2,149,1.226187,1.839280,-1.556308
2,150,1.246488,1.869732,-1.587553
2,151,1.258486,1.887729,-1.604930
2,152,1.207018,1.810527,-1.527950
2,153,1.229369,1.844053,-1.561967
2,154,1.226867,1.840301,-1.558241
2,155,1.234079,1.851118,-1.569411
2,156,1.229711,1.844566,-1.561746
2,157,1.206900,1.810351,-1.528456
2,158,1.216728,1.825092,-1.543762
2,159,1.217310,1.825964,-1.544274
2,160,1.221179,1.831769,-1.550310
2,161,1.252580,1.878870,-1.598182
2,162,1.254129,1.881193,-1.601640
2,163,1.228042,1.842063,-1.561128
2,164,1.236417,1.854625,-1.574124
2,165,1.251091,1.876637,-1.596626
2,166,1.224929,1.837394,-1.557053
2,167,1.218064,1.827096,-1.546931
2,168,1.229318,1.843977,-1.563426
2,169,1.250082,1.875124,-1.594732
2,170,1.272720,1.909080,-1.629445
2,171,1.252022,1.878034,-1.597620
2,172,1.298371,1.947557,-1.667858
2,173,1.281965,1.922948,-1.643519
2,174,1.209781,1.814671,-1.534117
2,175,1.263163,1.894745,-1.614953
2,176,1.242663,1.863994,-1.583889
2,177,1.210819,1.816228,-1.536001
2,178,1.255813,1.883720,-1.603593
2,179,1.244844,1.867266,-1.587579
2,180,1.238179,1.857268,-1.577043
2,181,1.254074,1.881111,-1.601908
2,182,1.248970,1.873454,-1.593587
2,183,1.218298,1.827446,-1.547461
2,184,1.246253,1.869380,-1.589232
2,185,1.201738,1.802607,-1.521339
2,186,1.222769,1.834153,-1.552551
2,187,1.204985,1.807478,-1.525685
2,188,1.219027,1.828540,-1.546673
2,189,1.220619,1.830929,-1.549107
2,190,1.200387,1.800580,-1.518191
2,191,1.232396,1.848595,-1.566151
2,192,1.222428,1.833642,-1.551988
2,193,1.216912,1.825369,-1.543365
2,194,1.256305,1.884458,-1.602125
2,195,1.204985,1.807477,-1.525731
2,196,1.295425,1.943138,-1.660410
2,197,1.198862,1.798293,-1.514165
2,198,1.256851,1.885276,-1.601640
2,199,1.235605,1.853408,-1.570135
2,200,1.236001,1.854002,-1.571237
2,201,1.201718,1.802576,-1.518881
2,202,1.184219,1.776328,-1.492552
2,203,1.197097,1.795645,-1.511718
2,204,1.197038,1.795558,-1.512225
2,205,1.204596,1.806893,-1.524239
2,206,1.235331,1.852996,-1.570189
2,207,1.224764,1.837147,-1.553175
2,208,1.212742,1.819113,-1.535154
2,209,1.225067,1.837600,-1.553567
2,210,1.215872,1.823807,-1.539248
2,211,1.212500,1.818750,-1.534195
2,212,1.194114,1.791171,-1.506981
2,213,1.214868,1.822302,-1.537653
2,214,1.182690,1.774034,-1.489692
2,215,1.170315,1.755472,-1.471133
2,216,1.183122,1.774683,-1.490901
2,217,1.198807,1.798211,-1.514212
2,218,1.206174,1.809262,-1.525512
2,219,1.166527,1.749790,-1.465729
2,220,1.160881,1.741322,-1.457977
2,221,1.191583,1.787375,-1.504317
2,222,1.208083,1.812124,-1.529281
2,223,1.151625,1.727438,-1.444602
2,224,1.239094,1.858641,-1.574692
2,225,1.195305,1.792958,-1.508756
2,226,1.228306,1.842458,-1.558361
2,227,1.215424,1.823136,-1.539569
2,228,1.218133,1.827200,-1.542897
2,229,1.194532,1.791798,-1.507965
2,230,1.188620,1.782930,-1.499036
2,231,1.199307,1.798960,-1.515493
2,232,1.185059,1.777588,-1.493942
2,233,1.180570,1.770856,-1.487601
2,234,1.174033,1.761050,-1.477758
2,235,1.171381,1.757071,-1.473896
2,236,1.189645,1.784468,-1.501932
2,237,1.158185,1.737277,-1.454097
2,238,1.173763,1.760644,-1.477797
2,239,1.195429,1.793143,-1.510005
2,240,1.182353,1.773530,-1.491365
2,241,1.222121,1.833182,-1.550451
2,242,1.217357,1.826035,-1.543685
2,243,1.226950,1.840425,-1.557991
2,244,1.238510,1.857766,-1.576373
2,245,1.239706,1.859559,-1.578787
2,246,1.245762,1.868642,-1.587901
2,247,1.298380,1.947570,-1.666828
2,248,1.230590,1.845884,-1.565445
2,249,1.281202,1.921803,-1.641867
2,250,1.259972,1.889958,-1.608796
2,251,1.260532,1.890799,-1.609403
2,252,1.244098,1.866148,-1.585479
2,253,1.268449,1.902674,-1.621514
2,254,1.260817,1.891225,-1.609634
2,255,1.240529,1.860793,-1.579516
2,256,1.240217,1.860325,-1.578475
2,257,1.251597,1.877395,-1.595268
2,258,1.259866,1.889799,-1.607972
2,259,1.269262,1.903893,-1.622284
2,260,1.222663,1.833994,-1.551863
2,261,1.266198,1.899296,-1.617694
2,262,1.260559,1.890839,-1.609743
2,263,1.261052,1.891579,-1.610275
2,264,1.268711,1.903067,-1.621065
2,265,1.251744,1.877616,-1.595085
2,266,1.301117,1.951676,-1.671265
2,267,1.275203,1.912805,-1.630824
2,268,1.283495,1.925242,-1.642994
2,269,1.260196,1.890294,-1.608619
2,270,1.259078,1.888617,-1.607067
2,271,1.232448,1.848672,-1.566440
2,272,1.215805,1.823708,-1.541556
2,273,1.225312,1.837968,-1.555058
2,274,1.220886,1.831329,-1.549522
2,275,1.233438,1.850157,-1.567585
2,276,1.284443,1.926665,-1.644813
2,277,1.231479,1.847219,-1.564952
2,278,1.241827,1.862740,-1.580155
2,279,1.271801,1.907702,-1.625629
2,280,1.242612,1.863918,-1.581538
2,281,1.282422,1.923633,-1.641463
2,282,1.192387,1.788581,-1.506423
2,283,1.292928,1.939392,-1.657761
2,284,1.288259,1.932388,-1.651036
2,285,1.247128,1.870692,-1.589946
2,286,1.252441,1.878662,-1.597501
2,287,1.235019,1.852529,-1.571151
2,288,1.184302,1.776453,-1.495246
2,289,1.216975,1.825463,-1.544360
2,290,1.208771,1.813157,-1.531224
2,291,1.202471,1.803707,-1.523164
2,292,1.245559,1.868338,-1.587186
2,293,1.192838,1.789257,-1.506825
2,294,1.251619,1.877428,-1.595912
2,295,1.243162,1.864743,-1.583854
2,296,1.231742,1.847613,-1.567020
2,297,1.248295,1.872443,-1.590108
2,298,1.217714,1.826571,-1.544601
2,299,1.213553,1.820329,-1.537329
2,300,1.206311,1.809467,-1.525994
2,301,1.226588,1.839882,-1.556350
2,302,1.206408,1.809612,-1.526576
2,303,1.220286,1.830428,-1.547298
2,304,1.215745,1.823618,-1.540344
2,305,1.233966,1.850949,-1.567546
2,306,1.229263,1.843894,-1.559800
2,307,1.219039,1.828558,-1.544997
2,308,1.221692,1.832539,-1.548783
2,309,1.203209,1.804814,-1.521557
2,310,1.174055,1.761083,-1.477804
2,311,1.183045,1.774567,-1.490885
2,312,1.162076,1.743114,-1.460330
2,313,1.168891,1.753336,-1.469813
2,314,1.127555,1.691332,-1.408258
2,315,1.171811,1.757716,-1.474544
2,316,1.186816,1.780224,-1.496543
2,317,1.176883,1.765324,-1.481807
2,318,1.187860,1.781790,-1.499630
2,319,1.205504,1.808255,-1.524368
2,320,1.194154,1.791231,-1.507892
2,321,1.236994,1.855491,-1.572349
2,322,1.183799,1.775698,-1.492587
2,323,1.226790,1.840185,-1.557401
2,324,1.168840,1.753260,-1.471741
2,325,1.207331,1.810997,-1.529075
2,326,1.230368,1.845552,-1.564336
2,327,1.205061,1.807592,-1.526204
2,328,1.198739,1.798109,-1.516691
2,329,1.219286,1.828928,-1.546924
2,330,1.240021,1.860031,-1.578115
2,331,1.235905,1.853857,-1.571633
2,332,1.237996,1.856994,-1.575496
2,333,1.284136,1.926204,-1.644716
2,334,1.256810,1.885215,-1.603780
2,335,1.267086,1.900630,-1.619728
2,336,1.240533,1.860800,-1.579240
2,337,1.234179,1.851269,-1.570130
2,338,1.223035,1.834553,-1.553847
2,339,1.226945,1.840417,-1.559006
2,340,1.242899,1.864348,-1.583031
2,341,1.240991,1.861486,-1.580462
2,342,1.177648,1.766473,-1.485197
2,343,1.200959,1.801439,-1.518765
2,344,1.226424,1.839636,-1.558522
2,345,1.226942,1.840413,-1.558430
2,346,1.252194,1.878291,-1.596753
2,347,1.259229,1.888843,-1.605433
2,348,1.263117,1.894675,-1.611917
2,349,1.292925,1.939388,-1.657346
2,350,1.264667,1.897001,-1.614277
2,351,1.219097,1.828645,-1.546859
2,352,1.266396,1.899595,-1.617625
2,353,1.236714,1.855071,-1.572570
2,354,1.282997,1.924495,-1.643434
2,355,1.249201,1.873801,-1.591373
2,356,1.285090,1.927635,-1.645939
2,357,1.253567,1.880350,-1.599870
2,358,1.264330,1.896495,-1.615670
2,359,1.249567,1.874350,-1.594466
2,360,1.307322,1.960983,-1.681699
2,361,1.272628,1.908941,-1.630277
2,362,1.267837,1.901755,-1.623557
2,363,1.272985,1.909478,-1.631603
2,364,1.270238,1.905357,-1.626599
2,365,1.265769,1.898653,-1.621175
2,366,1.280153,1.920229,-1.642702
2,367,1.237266,1.855900,-1.577877
2,368,1.295258,1.942887,-1.665779
2,369,1.291909,1.937864,-1.659421
2,370,1.280874,1.921312,-1.644030
2,371,1.299400,1.949100,-1.671618
2,372,1.280646,1.920969,-1.641938
2,373,1.251439,1.877158,-1.597272
2,374,1.245511,1.868267,-1.588510
2,375,1.248995,1.873492,-1.593196
2,376,1.221447,1.832170,-1.551103
2,377,1.223585,1.835377,-1.554312
2,378,1.235551,1.853327,-1.572947
2,379,1.172300,1.758450,-1.475416
2,380,1.206613,1.809919,-1.527785
2,381,1.166702,1.750053,-1.467478
2,382,1.205701,1.808551,-1.526464
2,383,1.205461,1.808191,-1.525253
2,384,1.212572,1.818858,-1.535899
2,385,1.172187,1.758281,-1.475172
2,386,1.236521,1.854782,-1.572110
2,387,1.190701,1.786052,-1.502715
2,388,1.165654,1.748480,-1.465696
2,389,1.201092,1.801638,-1.519447
2,390,1.205718,1.808577,-1.526210
2,391,1.178430,1.767645,-1.486973
2,392,1.184161,1.776242,-1.494453
2,393,1.178026,1.767039,-1.485660
2,394,1.176891,1.765336,-1.483124
2,395,1.193798,1.790697,-1.507856
2,396,1.225607,1.838411,-1.556332
2,397,1.192910,1.789365,-1.506631
2,398,1.231036,1.846555,-1.563738
2,399,1.169233,1.753850,-1.470986
2,400,1.187448,1.781173,-1.498420
2,401,1.161600,1.742400,-1.459204
2,402,1.156280,1.734421,-1.450550
2,403,1.171283,1.756925,-1.472580
2,404,1.160684,1.741026,-1.456841
2,405,1.132724,1.699087,-1.414399
2,406,1.182389,1.773584,-1.488888
2,407,1.195901,1.793851,-1.508936
2,408,1.216409,1.824614,-1.539664
2,409,1.222119,1.833178,-1.548199
2,410,1.209220,1.813830,-1.530262
2,411,1.187645,1.781468,-1.497220
2,412,1.180228,1.770342,-1.485676
2,413,1.172530,1.758795,-1.474621
2,414,1.194136,1.791204,-1.507060
2,415,1.147173,1.720759,-1.437327
2,416,1.172415,1.758623,-1.474994
2,417,1.175242,1.762863,-1.478222
2,418,1.185972,1.778958,-1.494712
2,419,1.204665,1.806998,-1.523132
2,420,1.167824,1.751735,-1.467442
2,421,1.202295,1.803443,-1.519763
2,422,1.196927,1.795391,-1.511694
2,423,1.189240,1.783860,-1.501029
2,424,1.213190,1.819784,-1.536340
2,425,1.201604,1.802405,-1.521008
2,426,1.177426,1.766139,-1.482804
2,427,1.245021,1.867532,-1.585205
2,428,1.214430,1.821644,-1.539339
2,429,1.195548,1.793323,-1.511030
2,430,1.223306,1.834959,-1.553033
2,431,1.252034,1.878051,-1.597208
2,432,1.273231,1.909847,-1.629014
2,433,1.260685,1.891028,-1.610279
2,434,1.238221,1.857331,-1.577306
2,435,1.232051,1.848076,-1.567921
2,436,1.237533,1.856300,-1.576393
2,437,1.204733,1.807100,-1.526409
2,438,1.224467,1.836700,-1.556126
2,439,1.244211,1.866316,-1.585688
2,440,1.232869,1.849304,-1.569621
2,441,1.221751,1.832627,-1.552378
2,442,1.204934,1.807401,-1.528080
2,443,1.228848,1.843273,-1.563451
2,444,1.180168,1.770251,-1.489403
2,445,1.191286,1.786930,-1.505865
2,446,1.204150,1.806225,-1.524470
2,447,1.264004,1.896007,-1.614155
2,448,1.248538,1.872807,-1.591629
2,449,1.227222,1.840833,-1.558625
2,450,1.280057,1.920085,-1.637377
2,451,1.245214,1.867821,-1.585193
2,452,1.248942,1.873414,-1.590010
2,453,1.254495,1.881743,-1.598834
2,454,1.209930,1.814895,-1.532135
2,455,1.199909,1.799864,-1.517211
2,456,1.195930,1.793895,-1.510767
2,457,1.224683,1.837024,-1.554251
2,458,1.156965,1.735447,-1.451089
2,459,1.235080,1.852620,-1.569625
2,460,1.192775,1.789162,-1.506519
2,461,1.214678,1.822018,-1.539291
2,462,1.188512,1.782769,-1.499802
2,463,1.187085,1.780628,-1.497980
2,464,1.183843,1.775764,-1.490934
2,465,1.149279,1.723919,-1.439109
2,466,1.120144,1.680216,-1.395442
2,467,1.152819,1.729228,-1.445011
2,468,1.145670,1.718505,-1.435246
2,469,1.157054,1.735581,-1.451903
2,470,1.186391,1.779586,-1.496252
2,471,1.178180,1.767270,-1.484392
2,472,1.182047,1.773071,-1.489442
2,473,1.205203,1.807805,-1.525186
2,474,1.204967,1.807450,-1.524497
2,475,1.192013,1.788020,-1.506407
2,476,1.231698,1.847548,-1.563786
2,477,1.188501,1.782751,-1.499172
2,478,1.179503,1.769254,-1.485241
2,479,1.164373,1.746560,-1.462196
2,480,1.167042,1.750562,-1.466006
2,481,1.156296,1.734445,-1.450189
2,482,1.151679,1.727518,-1.441666
2,483,1.138966,1.708450,-1.422757
2,484,1.121843,1.682765,-1.397460
2,485,1.147375,1.721062,-1.435520
2,486,1.142418,1.713627,-1.427225
2,487,1.141057,1.711585,-1.425600
2,488,1.149184,1.723777,-1.437593
2,489,1.167666,1.751499,-1.465482
2,490,1.159120,1.738679,-1.453498
2,491,1.165799,1.748699,-1.463401
2,492,1.171665,1.757498,-1.472134
2,493,1.146704,1.720056,-1.434289
2,494,1.147088,1.720633,-1.434693
2,495,1.206006,1.809009,-1.523341
2,496,1.174311,1.761466,-1.475733
2,497,1.182712,1.774068,-1.488232
2,498,1.189098,1.783646,-1.498677
2,499,1.190260,1.785391,-1.500367
2,500,1.192591,1.788887,-1.504032
2,501,1.179065,1.768598,-1.482593
2,502,1.180769,1.771154,-1.485721
2,503,1.161011,1.741516,-1.456203
2,504,1.148516,1.722774,-1.437285
2,505,1.164993,1.747490,-1.462572
2,506,1.119430,1.679146,-1.393968
2,507,1.167724,1.751586,-1.467106
2,508,1.137746,1.706618,-1.422087
2,509,1.135175,1.702762,-1.417541
2,510,1.148191,1.722287,-1.436972
2,511,1.152535,1.728802,-1.443604
2,512,1.167145,1.750717,-1.466461
2,513,1.186672,1.780009,-1.495588
2,514,1.151386,1.727079,-1.442198
2,515,1.176874,1.765311,-1.480086
2,516,1.153519,1.730278,-1.445213
2,517,1.190026,1.785039,-1.501478
2,518,1.204362,1.806543,-1.523598
2,519,1.191073,1.786610,-1.503426
2,520,1.202893,1.804339,-1.521186
2,521,1.197554,1.796330,-1.512986
2,522,1.217929,1.826893,-1.544257
2,523,1.225939,1.838909,-1.557334
2,524,1.229399,1.844098,-1.563875
2,525,1.268922,1.903383,-1.622626
2,526,1.258085,1.887128,-1.606400
2,527,1.284925,1.927387,-1.645976
2,528,1.276972,1.915458,-1.634303
2,529,1.273482,1.910223,-1.628830
2,530,1.283442,1.925163,-1.645763
2,531,1.244046,1.866069,-1.586484
2,532,1.276189,1.914283,-1.634684
2,533,1.244302,1.866452,-1.585479
2,534,1.269762,1.904643,-1.624699
2,535,1.214242,1.821363,-1.540935
2,536,1.244433,1.866649,-1.584809
2,537,1.222277,1.833415,-1.552583
2,538,1.231743,1.847615,-1.566565
2,539,1.251610,1.877416,-1.597345
2,540,1.224328,1.836492,-1.555326
2,541,1.233508,1.850262,-1.568492
2,542,1.273138,1.909706,-1.629405
2,543,1.263005,1.894508,-1.613243
2,544,1.288349,1.932523,-1.650944
2,545,1.272502,1.908753,-1.626697
2,546,1.262756,1.894133,-1.612749
2,547,1.243505,1.865257,-1.582836
2,548,1.284020,1.926030,-1.644979
2,549,1.249219,1.873829,-1.591613
2,550,1.291758,1.937638,-1.655374
2,551,1.256780,1.885170,-1.602747
2,552,1.244593,1.866889,-1.584037
2,553,1.216155,1.824232,-1.541709
2,554,1.250878,1.876316,-1.594078
2,555,1.199276,1.798915,-1.516582
2,556,1.194653,1.791980,-1.509875
2,557,1.191425,1.787138,-1.504785
2,558,1.216974,1.825461,-1.543783
2,559,1.219172,1.828758,-1.545969
2,560,1.220075,1.830112,-1.546325
2,561,1.239499,1.859248,-1.575651
2,562,1.200353,1.800529,-1.516594
2,563,1.209489,1.814234,-1.529741
2,564,1.144327,1.716491,-1.431588
2,565,1.204352,1.806528,-1.521838
2,566,1.142044,1.713066,-1.428434
2,567,1.175188,1.762782,-1.478175
2,568,1.171391,1.757086,-1.472655
2,569,1.150018,1.725027,-1.439947
2,570,1.181926,1.772889,-1.488731
2,571,1.191084,1.786626,-1.502292
2,572,1.175347,1.763021,-1.478601
2,573,1.193180,1.789770,-1.504408
2,574,1.162221,1.743332,-1.457647
2,575,1.142209,1.713314,-1.427829
2,576,1.148181,1.722271,-1.436334
2,577,1.088813,1.633220,-1.347717
2,578,1.122872,1.684308,-1.399219
2,579,1.119529,1.679294,-1.394283
2,580,1.133123,1.699684,-1.414181
2,581,1.160575,1.740862,-1.455788
2,582,1.153553,1.730329,-1.445630
2,583,1.171900,1.757851,-1.474123
2,584,1.147887,1.721830,-1.437994
2,585,1.148795,1.723192,-1.438846
2,586,1.169344,1.754015,-1.470099
2,587,1.143236,1.714854,-1.431204
2,588,1.115314,1.672970,-1.388515
2,589,1.149382,1.724073,-1.440167
2,590,1.152614,1.728922,-1.443701
2,591,1.140021,1.710031,-1.425200
2,592,1.150047,1.725071,-1.440258
2,593,1.118568,1.677852,-1.393504
2,594,1.176389,1.764584,-1.481134
2,595,1.175321,1.762981,-1.479271
2,596,1.207364,1.811047,-1.527523
2,597,1.203063,1.804594,-1.520573
2,598,1.190059,1.785089,-1.501384
2,599,1.233606,1.850410,-1.567836
2,600,1.205051,1.807577,-1.525567
2,601,1.178846,1.768268,-1.485617
2,602,1.225753,1.838629,-1.557522
2,603,1.250293,1.875440,-1.594868
2,604,1.247735,1.871602,-1.591411
2,605,1.232024,1.848036,-1.567149
2,606,1.240140,1.860209,-1.579139
2,607,1.206801,1.810202,-1.528494
2,608,1.225818,1.838726,-1.557273
2,609,1.199303,1.798954,-1.516248
2,610,1.220112,1.830168,-1.547250
2,611,1.256489,1.884733,-1.601314
2,612,1.195547,1.793320,-1.509528
2,613,1.189613,1.784419,-1.501731
2,614,1.148914,1.723371,-1.440297
2,615,1.166342,1.749513,-1.465545
2,616,1.150047,1.725070,-1.442152
2,617,1.154926,1.732389,-1.449878
2,618,1.200675,1.801013,-1.518283
2,619,1.184064,1.776096,-1.494853
2,620,1.227136,1.840704,-1.559103
2,621,1.218365,1.827547,-1.545116
2,622,1.196092,1.794138,-1.511359
2,623,1.191140,1.786710,-1.505817
2,624,1.216224,1.824336,-1.542179
2,625,1.211049,1.816574,-1.534407
2,626,1.209268,1.813902,-1.531450
2,627,1.224278,1.836417,-1.555168
2,628,1.203542,1.805313,-1.524570
2,629,1.247154,1.870731,-1.589318
2,630,1.225159,1.837739,-1.555232
2,631,1.257921,1.886882,-1.605212
2,632,1.282234,1.923351,-1.642995
2,633,1.248894,1.873341,-1.592375
2,634,1.271474,1.907210,-1.627549
2,635,1.232661,1.848991,-1.568507
2,636,1.238564,1.857846,-1.577473
2,637,1.243293,1.864940,-1.584930
2,638,1.264330,1.896496,-1.615560
2,639,1.257414,1.886122,-1.605667
2,640,1.253693,1.880540,-1.599704
2,641,1.194833,1.792250,-1.510950
2,642,1.225189,1.837783,-1.556339
2,643,1.176438,1.764658,-1.483636
2,644,1.206193,1.809289,-1.527696
2,645,1.191036,1.786555,-1.505035
2,646,1.183269,1.774903,-1.494123
2,647,1.237131,1.855697,-1.574188
2,648,1.236797,1.855196,-1.573139
2,649,1.170631,1.755946,-1.473785
2,650,1.190875,1.786313,-1.504084
2,651,1.184649,1.776974,-1.494798
2,652,1.169986,1.754979,-1.472216
2,653,1.129011,1.693517,-1.409321
2,654,1.152291,1.728437,-1.443839
2,655,1.140558,1.710837,-1.426770
2,656,1.160817,1.741226,-1.457540
2,657,1.149406,1.724109,-1.439579
2,658,1.174546,1.761819,-1.477133
2,659,1.192507,1.788760,-1.505846
2,660,1.170908,1.756362,-1.472771
2,661,1.167836,1.751754,-1.467892
2,662,1.154272,1.731408,-1.448395
2,663,1.170432,1.755647,-1.472138
2,664,1.170277,1.755416,-1.472657
2,665,1.176297,1.764445,-1.480546
2,666,1.194465,1.791698,-1.507887
2,667,1.196650,1.794975,-1.511367
2,668,1.197611,1.796417,-1.513337
2,669,1.209538,1.814306,-1.530581
2,670,1.154534,1.731801,-1.447254
2,671,1.178908,1.768363,-1.484451
2,672,1.168346,1.752519,-1.469089
2,673,1.156912,1.735368,-1.451702
2,674,1.217956,1.826933,-1.543326
2,675,1.223600,1.835401,-1.551869
2,676,1.180788,1.771182,-1.488131
2,677,1.234902,1.852353,-1.568857
2,678,1.167512,1.751267,-1.467928
2,679,1.202376,1.803563,-1.521239
2,680,1.203299,1.804949,-1.522565
2,681,1.179253,1.768880,-1.485549
2,682,1.187221,1.780832,-1.497905
2,683,1.195065,1.792598,-1.509940
2,684,1.228656,1.842985,-1.559637
2,685,1.183563,1.775345,-1.491348
2,686,1.179855,1.769783,-1.486554
2,687,1.189797,1.784695,-1.501643
2,688,1.201125,1.801688,-1.519331
2,689,1.179807,1.769711,-1.487356
2,690,1.196949,1.795423,-1.512860
2,691,1.157494,1.736241,-1.453800
2,692,1.180637,1.770955,-1.487822
2,693,1.167206,1.750808,-1.469025
2,694,1.159939,1.739909,-1.457677
2,695,1.186282,1.779423,-1.497399
2,696,1.165042,1.747563,-1.464990
2,697,1.146623,1.719934,-1.437029
2,698,1.140196,1.710294,-1.427252
2,699,1.185627,1.778441,-1.495335
2,700,1.179126,1.768689,-1.485849
2,701,1.201823,1.802735,-1.519748
2,702,1.227322,1.840983,-1.558288
2,703,1.194817,1.792225,-1.510651
2,704,1.243843,1.865765,-1.584946
2,705,1.265365,1.898047,-1.617987
2,706,1.221051,1.831577,-1.549902
2,707,1.222853,1.834279,-1.552702
2,708,1.231557,1.847335,-1.565963
2,709,1.198035,1.797052,-1.515567
2,710,1.194529,1.791794,-1.509996
2,711,1.185478,1.778217,-1.495169
2,712,1.210786,1.816179,-1.533125
2,713,1.228199,1.842298,-1.559272
2,714,1.203685,1.805528,-1.522679
2,715,1.204908,1.807362,-1.524846
2,716,1.173794,1.760690,-1.477850
2,717,1.196268,1.794402,-1.510406
2,718,1.195919,1.793878,-1.510185
2,719,1.241370,1.862054,-1.577924
2,720,1.188913,1.783370,-1.500723
2,721,1.161151,1.741726,-1.457246
2,722,1.191215,1.786822,-1.502479
2,723,1.194942,1.792413,-1.508958
2,724,1.178763,1.768144,-1.484043
2,725,1.187803,1.781704,-1.497815
2,726,1.199277,1.798916,-1.514943
2,727,1.231934,1.847901,-1.564523
2,728,1.203931,1.805896,-1.522246
2,729,1.205268,1.807902,-1.525040
2,730,1.222188,1.833282,-1.549210
2,731,1.186276,1.779414,-1.495825
2,732,1.206818,1.810226,-1.526979
2,733,1.221291,1.831937,-1.548184
2,734,1.211390,1.817085,-1.533979
2,735,1.204563,1.806845,-1.524688
2,736,1.181461,1.772192,-1.489011
2,737,1.211626,1.817440,-1.535013
2,738,1.183280,1.774919,-1.492216
2,739,1.222800,1.834199,-1.551199
2,740,1.196209,1.794313,-1.511751
2,741,1.240727,1.861091,-1.579127
2,742,1.226761,1.840141,-1.557902
2,743,1.245921,1.868882,-1.586729
2,744,1.256260,1.884390,-1.601537
2,745,1.303602,1.955404,-1.673414
2,746,1.218898,1.828348,-1.546404
2,747,1.229897,1.844845,-1.562533
2,748,1.266179,1.899269,-1.617645
2,749,1.243352,1.865028,-1.583539
2,750,1.260174,1.890261,-1.608450
2,751,1.255405,1.883107,-1.600722
2,752,1.217389,1.826083,-1.543297
2,753,1.209914,1.814871,-1.532491
2,754,1.215166,1.822750,-1.540099
2,755,1.227001,1.840502,-1.558275
2,756,1.237930,1.856894,-1.575679
2,757,1.251796,1.877694,-1.597204
2,758,1.223961,1.835942,-1.554081
2,759,1.251157,1.876735,-1.595374
2,760,1.287468,1.931202,-1.650189
2,761,1.255478,1.883217,-1.602976
2,762,1.308433,1.962649,-1.682633
2,763,1.273262,1.909893,-1.629537
2,764,1.252073,1.878110,-1.596827
2,765,1.231634,1.847451,-1.565873
2,766,1.265253,1.897880,-1.616223
2,767,1.249229,1.873843,-1.590187
2,768,1.235609,1.853413,-1.570533
2,769,1.233301,1.849951,-1.566616
2,770,1.216837,1.825255,-1.541465
2,771,1.238249,1.857373,-1.573867
2,772,1.218274,1.827411,-1.544197
2,773,1.206555,1.809832,-1.527052
2,774,1.221040,1.831559,-1.549095
2,775,1.234148,1.851221,-1.568830
2,776,1.199219,1.798828,-1.515411
2,777,1.179730,1.769595,-1.486086
2,778,1.185993,1.778989,-1.495569
2,779,1.193541,1.790312,-1.506732
2,780,1.231764,1.847645,-1.563335
2,781,1.222908,1.834362,-1.550664
2,782,1.260300,1.890449,-1.607094
2,783,1.235460,1.853190,-1.570527
2,784,1.282284,1.923427,-1.641036
2,785,1.219172,1.828758,-1.547498
2,786,1.198704,1.798056,-1.516533
2,787,1.181527,1.772291,-1.489905
2,788,1.178876,1.768314,-1.485602
2,789,1.193354,1.790031,-1.506979
2,790,1.174766,1.762149,-1.479734
2,791,1.156333,1.734500,-1.450631
2,792,1.157928,1.736892,-1.452108
2,793,1.150661,1.725992,-1.440850
2,794,1.158156,1.737234,-1.452577
2,795,1.157463,1.736195,-1.452017
2,796,1.163564,1.745345,-1.460424
2,797,1.144340,1.716510,-1.430981
2,798,1.115569,1.673353,-1.387819
2,799,1.174481,1.761722,-1.476627
2,800,1.160962,1.741443,-1.456692
2,801,1.145929,1.718893,-1.433279
2,802,1.181241,1.771861,-1.487090
2,803,1.187934,1.781902,-1.497397
2,804,1.151267,1.726901,-1.442770
2,805,1.162791,1.744187,-1.460036
2,806,1.182362,1.773542,-1.488932
2,807,1.157242,1.735863,-1.450592
2,808,1.171806,1.757708,-1.473147
2,809,1.193829,1.790744,-1.507106
2,810,1.167774,1.751661,-1.468019
2,811,1.202879,1.804318,-1.520907
2,812,1.145894,1.718842,-1.436387
2,813,1.176828,1.765242,-1.482316
2,814,1.213819,1.820728,-1.537771
2,815,1.203393,1.805089,-1.521894
2,816,1.242142,1.863213,-1.580217
2,817,1.197099,1.795649,-1.511561
2,818,1.239397,1.859095,-1.575137
2,819,1.218231,1.827347,-1.544284
2,820,1.181362,1.772043,-1.487740
2,821,1.196591,1.794886,-1.511229
2,822,1.174178,1.761267,-1.477755
2,823,1.157767,1.736651,-1.453687
2,824,1.200934,1.801400,-1.518012
2,825,1.209973,1.814960,-1.531952
2,826,1.151722,1.727583,-1.444113
2,827,1.204920,1.807380,-1.523784
2,828,1.191467,1.787200,-1.502314
2,829,1.168850,1.753275,-1.468928
2,830,1.216322,1.824483,-1.540164
2,831,1.230357,1.845536,-1.561212
2,832,1.196625,1.794937,-1.510399
2,833,1.227713,1.841570,-1.557463
2,834,1.204505,1.806757,-1.522924
2,835,1.207251,1.810876,-1.527786
2,836,1.227471,1.841207,-1.558340
2,837,1.180853,1.771279,-1.489340
2,838,1.223414,1.835121,-1.553386
2,839,1.238761,1.858141,-1.576600
2,840,1.229687,1.844531,-1.563311
2,841,1.203826,1.805740,-1.523951
2,842,1.199808,1.799711,-1.517951
2,843,1.206259,1.809388,-1.530044
2,844,1.174748,1.762121,-1.480183
2,845,1.215546,1.823319,-1.541344
2,846,1.225535,1.838303,-1.557349
2,847,1.214341,1.821511,-1.539791
2,848,1.229937,1.844905,-1.562645
2,849,1.189128,1.783692,-1.501425
2,850,1.197025,1.795537,-1.513445
2,851,1.209412,1.814118,-1.531723
2,852,1.178314,1.767472,-1.483758
2,853,1.194945,1.792418,-1.508926
2,854,1.200888,1.801332,-1.518223
2,855,1.162656,1.743984,-1.461760
2,856,1.150322,1.725483,-1.442115
2,857,1.195609,1.793414,-1.511111
2,858,1.180693,1.771039,-1.488097
2,859,1.129841,1.694762,-1.411120
2,860,1.182723,1.774084,-1.492005
2,861,1.178966,1.768450,-1.485326
2,862,1.164883,1.747324,-1.464926
2,863,1.222217,1.833326,-1.551513
2,864,1.211687,1.817531,-1.535205
2,865,1.223056,1.834584,-1.553227
2,866,1.236460,1.854691,-1.573090
2,867,1.268537,1.902805,-1.621736
2,868,1.218301,1.827451,-1.546652
2,869,1.235896,1.853844,-1.572321
2,870,1.232094,1.848141,-1.566720
2,871,1.226466,1.839700,-1.557635
2,872,1.236389,1.854584,-1.572788
2,873,1.238826,1.858239,-1.575108
2,874,1.202495,1.803743,-1.520841
2,875,1.223712,1.835568,-1.552799
2,876,1.244258,1.866387,-1.583669
2,877,1.209655,1.814483,-1.532882
2,878,1.222177,1.833265,-1.551481
2,879,1.191483,1.787225,-1.504505
2,880,1.224750,1.837125,-1.554722
2,881,1.224383,1.836574,-1.554385
2,882,1.239781,1.859671,-1.577884
2,883,1.180094,1.770140,-1.488803
2,884,1.151502,1.727253,-1.445844
2,885,1.207449,1.811174,-1.529103
2,886,1.220574,1.830862,-1.548842
2,887,1.162202,1.743303,-1.460408
2,888,1.190452,1.785678,-1.502858
2,889,1.219206,1.828809,-1.546012
2,890,1.217112,1.825669,-1.542587
2,891,1.210822,1.816233,-1.532661
2,892,1.196383,1.794574,-1.511585
2,893,1.203531,1.805296,-1.521519
2,894,1.187125,1.780687,-1.496162
2,895,1.189857,1.784785,-1.500922
2,896,1.193263,1.789894,-1.505070
2,897,1.179642,1.769463,-1.484848
2,898,1.208660,1.812990,-1.528644
2,899,1.179669,1.769503,-1.485469
2,900,1.214761,1.822142,-1.539057
2,901,1.194268,1.791401,-1.507595
2,902,1.211556,1.817334,-1.534154
2,903,1.200826,1.801240,-1.517620
2,904,1.193697,1.790546,-1.506188
2,905,1.215295,1.822943,-1.540004
2,906,1.207309,1.810963,-1.527779
2,907,1.181743,1.772614,-1.488590
2,908,1.196896,1.795344,-1.509905
2,909,1.185123,1.777684,-1.492880
2,910,1.181405,1.772107,-1.487896
2,911,1.166262,1.749393,-1.465186
2,912,1.186698,1.780046,-1.495737
2,913,1.167622,1.751433,-1.467318
2,914,1.196519,1.794778,-1.510751
2,915,1.191456,1.787185,-1.502358
2,916,1.167264,1.750897,-1.466318
2,917,1.168662,1.752993,-1.468593
2,918,1.116649,1.674974,-1.391479
2,919,1.157759,1.736638,-1.452418
2,920,1.142304,1.713456,-1.428635
2,921,1.137475,1.706213,-1.421122
2,922,1.165593,1.748390,-1.464366
2,923,1.174842,1.762264,-1.477772
2,924,1.201024,1.801536,-1.516766
2,925,1.189573,1.784360,-1.499406
2,926,1.207796,1.811695,-1.527075
2,927,1.179018,1.768526,-1.483796
2,928,1.199441,1.799161,-1.514561
2,929,1.147598,1.721397,-1.437238
2,930,1.160849,1.741274,-1.457424
2,931,1.195805,1.793708,-1.509898
2,932,1.141264,1.711895,-1.429074
2,933,1.199287,1.798931,-1.515993
2,934,1.196269,1.794403,-1.511484
2,935,1.220728,1.831092,-1.547665
2,936,1.206830,1.810245,-1.528072
2,937,1.255094,1.882641,-1.600881
2,938,1.254918,1.882377,-1.600796
2,939,1.254904,1.882355,-1.600997
2,940,1.292592,1.938889,-1.657600
2,941,1.274154,1.911231,-1.630728
2,942,1.296893,1.945340,-1.664269
2,943,1.294180,1.941270,-1.661260
2,944,1.289248,1.933873,-1.653029
2,945,1.262220,1.893330,-1.614050
2,946,1.273445,1.910168,-1.631139
2,947,1.246592,1.869888,-1.590533
2,948,1.306636,1.959953,-1.680777
2,949,1.289874,1.934811,-1.655607
2,950,1.286186,1.929279,-1.650654
2,951,1.360091,2.040136,-1.761723
2,952,1.297767,1.946650,-1.666935
2,953,1.267157,1.900735,-1.621704
2,954,1.317738,1.976608,-1.699744
2,955,1.286408,1.929612,-1.652207
2,956,1.278020,1.917030,-1.637984
2,957,1.271646,1.907469,-1.629972
2,958,1.267008,1.900512,-1.622058
2,959,1.254274,1.881411,-1.602931
2,960,1.280685,1.921027,-1.643067
2,961,1.268498,1.902747,-1.624345
2,962,1.250683,1.876024,-1.596680
2,963,1.227787,1.841681,-1.561740
2,964,1.248406,1.872608,-1.592194
2,965,1.265501,1.898252,-1.618514
2,966,1.213943,1.820915,-1.540853
2,967,1.243765,1.865648,-1.584883
2,968,1.244697,1.867046,-1.586340
2,969,1.218458,1.827688,-1.547039
2,970,1.238131,1.857196,-1.576750
2,971,1.257788,1.886681,-1.606371
2,972,1.241611,1.862417,-1.583304
2,973,1.190240,1.785359,-1.505143
2,974,1.264181,1.896272,-1.616206
2,975,1.204545,1.806817,-1.528199
2,976,1.193630,1.790445,-1.510750
2,977,1.214397,1.821595,-1.542419
2,978,1.181241,1.771861,-1.492877
2,979,1.248972,1.873459,-1.594805
2,980,1.218991,1.828487,-1.549602
2,981,1.280496,1.920744,-1.641095
2,982,1.274448,1.911673,-1.631869
2,983,1.305994,1.958990,-1.679374
2,984,1.284888,1.927332,-1.648310
2,985,1.223350,1.835024,-1.554305
2,986,1.264155,1.896232,-1.615510
2,987,1.246776,1.870164,-1.588200
2,988,1.232165,1.848247,-1.565023
2,989,1.266740,1.900109,-1.618258
2,990,1.290839,1.936258,-1.654157
2,991,1.244963,1.867444,-1.585458
2,992,1.251867,1.877800,-1.595063
2,993,1.222200,1.833299,-1.550763
2,994,1.276767,1.915151,-1.632430
2,995,1.256014,1.884021,-1.601591
2,996,1.254113,1.881169,-1.599140
2,997,1.270168,1.905252,-1.622457
2,998,1.257163,1.885744,-1.602389
2,999,1.277246,1.915868,-1.633506
2,1000,1.261063,1.891594,-1.608561
3,1,0.922415,1.383622,-1.323294
3,2,0.948669,1.423004,-1.363434
3,3,0.944103,1.416154,-1.356238
3,4,0.946415,1.419622,-1.360029
3,5,0.960314,1.440471,-1.381097
3,6,0.972593,1.458890,-1.399221
3,7,0.980296,1.470444,-1.411487
3,8,1.013692,1.520539,-1.461286
3,9,1.010012,1.515018,-1.455776
3,10,1.010500,1.515750,-1.457113
3,11,1.028864,1.543296,-1.484804
3,12,1.044140,1.566210,-1.508055
3,13,1.053549,1.580324,-1.522290
3,14,1.033473,1.550209,-1.491270
3,15,1.056554,1.584832,-1.526800
3,16,1.026177,1.539265,-1.481070
3,17,1.034194,1.551292,-1.493532
3,18,1.069848,1.604771,-1.547651
3,19,1.084422,1.626632,-1.570705
3,20,1.071632,1.607448,-1.551887
3,21,1.092356,1.638534,-1.583159
3,22,1.089212,1.633819,-1.577678
3,23,1.137136,1.705703,-1.648946
3,24,1.157112,1.735667,-1.680328
3,25,1.107781,1.661672,-1.605864
3,26,1.168245,1.752368,-1.697079
3,27,1.106146,1.659219,-1.602712
3,28,1.099489,1.649234,-1.592877
3,29,1.096269,1.644404,-1.588487
3,30,1.119918,1.679876,-1.624124
3,31,1.090339,1.635508,-1.579928
3,32,1.110531,1.665797,-1.610095
3,33,1.133447,1.700171,-1.645924
3,34,1.143421,1.715131,-1.660204
3,35,1.099626,1.649439,-1.593401
3,36,1.117833,1.676750,-1.619978
3,37,1.087088,1.630632,-1.575226
3,38,1.105262,1.657893,-1.601240
3,39,1.106509,1.659763,-1.602967
3,40,1.069774,1.604661,-1.548110
3,41,1.073962,1.610943,-1.554446
3,42,1.115684,1.673525,-1.616299
3,43,1.115737,1.673606,-1.616389
3,44,1.065532,1.598298,-1.540287
3,45,1.082611,1.623916,-1.566356
3,46,1.083582,1.625373,-1.567936
3,47,1.071124,1.606686,-1.549391
3,48,1.027414,1.541121,-1.483427
3,49,1.022938,1.534407,-1.476087
3,50,1.033785,1.550677,-1.492121
3,51,1.011572,1.517358,-1.459722
3,52,1.016594,1.524891,-1.467055
3,53,1.031781,1.547671,-1.489916
3,54,1.031041,1.546562,-1.488544
3,55,1.068161,1.602242,-1.543786
3,56,1.045983,1.568975,-1.510309
3,57,1.040751,1.561126,-1.502206
3,58,1.039103,1.558655,-1.499656
3,59,1.031209,1.546813,-1.489442
3,60,1.036308,1.554461,-1.497062
3,61,1.045635,1.568452,-1.510825
3,62,1.009332,1.513997,-1.456546
3,63,1.054874,1.582310,-1.523982
3,64,1.060728,1.591092,-1.533515
3,65,1.076278,1.614417,-1.557602
3,66,1.070188,1.605282,-1.546824
3,67,1.034062,1.551093,-1.491547
3,68,1.067700,1.601550,-1.543835
3,69,1.081524,1.622286,-1.564081
3,70,1.057185,1.585778,-1.527872
3,71,1.055737,1.583605,-1.526099
3,72,1.062959,1.594438,-1.536402
3,73,1.085234,1.627852,-1.570612
3,74,1.088988,1.633482,-1.576403
3,75,1.121728,1.682591,-1.625305
3,76,1.100113,1.650170,-1.593868
3,77,1.085857,1.628786,-1.573062
3,78,1.127675,1.691513,-1.635045
3,79,1.124196,1.686295,-1.630899
3,80,1.069314,1.603971,-1.549422
3,81,1.106737,1.660106,-1.605156
3,82,1.091153,1.636729,-1.582618
3,83,1.089675,1.634512,-1.580156
3,84,1.148155,1.722232,-1.669004
3,85,1.119788,1.679681,-1.626966
3,86,1.169608,1.754412,-1.700911
3,87,1.173607,1.760411,-1.708189
3,88,1.142585,1.713877,-1.660689
3,89,1.166836,1.750254,-1.696970
3,90,1.181922,1.772883,-1.720167
3,91,1.140421,1.710631,-1.658613
3,92,1.165582,1.748373,-1.696559
3,93,1.149083,1.723624,-1.671863
3,94,1.162289,1.743433,-1.691590
3,95,1.150580,1.725870,-1.673206
3,96,1.146212,1.719318,-1.666638
3,97,1.109768,1.664652,-1.610635
3,98,1.131225,1.696837,-1.644317
3,99,1.150541,1.725811,-1.674217
3,100,1.123434,1.685151,-1.633537
3,101,1.123882,1.685823,-1.635131
3,102,1.147557,1.721336,-1.670742
3,103,1.154843,1.732265,-1.681333
3,104,1.151935,1.727903,-1.677267
3,105,1.152110,1.728165,-1.678403
3,106,1.165546,1.748319,-1.696853
3,107,1.148011,1.722017,-1.670841
3,108,1.157895,1.736842,-1.685244
3,109,1.119220,1.678830,-1.627529
3,110,1.137498,1.706247,-1.654786
3,111,1.151787,1.727680,-1.676623
3,112,1.124753,1.687130,-1.635250
3,113,1.138420,1.707629,-1.655722
3,114,1.127637,1.691456,-1.639087
3,115,1.137176,1.705764,-1.653547
3,116,1.152406,1.728609,-1.675637
3,117,1.144469,1.716704,-1.664400
3,118,1.117690,1.676536,-1.623825
3,119,1.178522,1.767783,-1.715225
3,120,1.117240,1.675861,-1.622357
3,121,1.145577,1.718366,-1.665045
3,122,1.149404,1.724107,-1.671120
3,123,1.146911,1.720366,-1.667283
3,124,1.156108,1.734162,-1.680362
3,125,1.179885,1.769827,-1.716546
3,126,1.137402,1.706103,-1.652638
3,127,1.164087,1.746131,-1.692468
3,128,1.159966,1.739948,-1.686583
3,129,1.133970,1.700955,-1.647376
3,130,1.150413,1.725619,-1.672083
3,131,1.137272,1.705908,-1.652767
3,132,1.172085,1.758127,-1.705093
3,133,1.087136,1.630704,-1.576536
3,134,1.135742,1.703614,-1.649102
3,135,1.152198,1.728296,-1.673194
3,136,1.137607,1.706410,-1.651679
3,137,1.112523,1.668784,-1.614407
3,138,1.146885,1.720328,-1.666076
3,139,1.119077,1.678616,-1.623553
3,140,1.127647,1.691471,-1.638030
3,141,1.143730,1.715595,-1.662368
3,142,1.146749,1.720124,-1.666948
3,143,1.160246,1.740369,-1.686993
3,144,1.157278,1.735916,-1.683893
3,145,1.131040,1.696560,-1.644040
3,146,1.167361,1.751042,-1.698522
3,147,1.171156,1.756734,-1.702908
3,148,1.187502,1.781253,-1.727953
3,149,1.177991,1.766986,-1.714066
3,150,1.206274,1.809410,-1.757495
3,151,1.191032,1.786548,-1.732999
3,152,1.155299,1.732949,-1.679302
3,153,1.146534,1.719801,-1.665919
3,154,1.134978,1.702466,-1.648675
3,155,1.134175,1.701263,-1.648407
3,156,1.150782,1.726173,-1.672713
3,157,1.118424,1.677637,-1.624167
3,158,1.119343,1.679014,-1.625604
3,159,1.117463,1.676194,-1.622706
3,160,1.122932,1.684398,-1.631470
3,161,1.101746,1.652619,-1.599449
3,162,1.138430,1.707646,-1.654111
3,163,1.115529,1.673293,-1.619710
3,164,1.155053,1.732579,-1.678283
3,165,1.135651,1.703477,-1.649812
3,166,1.142003,1.713005,-1.658742
3,167,1.144396,1.716593,-1.662068
3,168,1.147389,1.721083,-1.666578
3,169,1.116845,1.675268,-1.620042
3,170,1.099360,1.649040,-1.594106
3,171,1.091619,1.637429,-1.581816
3,172,1.073397,1.610096,-1.554640
3,173,1.099106,1.648659,-1.593359
3,174,1.100422,1.650632,-1.594351
3,175,1.100531,1.650796,-1.594619
3,176,1.127402,1.691103,-1.635415
3,177,1.085952,1.628928,-1.573518
3,178,1.114753,1.672130,-1.616661
3,179,1.090880,1.636320,-1.581193
3,180,1.114370,1.671555,-1.616263
3,181,1.113110,1.669666,-1.615487
3,182,1.080648,1.620972,-1.566607
3,183,1.124951,1.687427,-1.632310
3,184,1.072244,1.608366,-1.553894
3,185,1.112432,1.668648,-1.614649
3,186,1.156431,1.734647,-1.680913
3,187,1.106674,1.660010,-1.605765
3,188,1.138909,1.708364,-1.655565
3,189,1.135156,1.702734,-1.648419
3,190,1.118154,1.677231,-1.624020
3,191,1.182891,1.774337,-1.720670
3,192,1.145328,1.717991,-1.664382
3,193,1.161270,1.741905,-1.687616
3,194,1.189170,1.783756,-1.730485
3,195,1.152151,1.728226,-1.675323
3,196,1.154261,1.731392,-1.678013
3,197,1.123688,1.685532,-1.631184
3,198,1.155006,1.732509,-1.678838
3,199,1.125094,1.687641,-1.633022
3,200,1.132253,1.698380,-1.644073
3,201,1.139828,1.709743,-1.654879
3,202,1.171447,1.757170,-1.701784
3,203,1.108895,1.663343,-1.608240
3,204,1.142535,1.713802,-1.658539
3,205,1.132857,1.699285,-1.644035
3,206,1.137694,1.706541,-1.650365
3,207,1.145407,1.718110,-1.661951
3,208,1.104390,1.656585,-1.599859
3,209,1.102099,1.653148,-1.595971
3,210,1.085641,1.628461,-1.571864
3,211,1.088712,1.633068,-1.575918
3,212,1.135896,1.703843,-1.647705
3,213,1.112898,1.669348,-1.611281
3,214,1.110299,1.665448,-1.608008
3,215,1.150502,1.725753,-1.669228
3,216,1.126479,1.689719,-1.634048
3,217,1.104732,1.657098,-1.600830
3,218,1.128223,1.692335,-1.636159
3,219,1.111370,1.667055,-1.612018
3,220,1.114448,1.671672,-1.614591
3,221,1.091616,1.637424,-1.581425
3,222,1.091555,1.637333,-1.580453
3,223,1.101995,1.652992,-1.595970
3,224,1.083193,1.624789,-1.566666
3,225,1.095670,1.643506,-1.585472
3,226,1.118535,1.677803,-1.620997
3,227,1.110767,1.666150,-1.608881
3,228,1.107842,1.661763,-1.604282
3,229,1.090645,1.635968,-1.578656
3,230,1.084253,1.626380,-1.569538
3,231,1.093389,1.640084,-1.583924
3,232,1.103896,1.655844,-1.600931
3,233,1.119414,1.679121,-1.625657
3,234,1.126128,1.689192,-1.634768
3,235,1.135613,1.703420,-1.649136
3,236,1.129369,1.694053,-1.640045
3,237,1.142046,1.713069,-1.659929
3,238,1.172878,1.759317,-1.706650
3,239,1.166971,1.750456,-1.698380
3,240,1.189385,1.784077,-1.732102
3,241,1.141853,1.712780,-1.659846
3,242,1.170984,1.756476,-1.703936
3,243,1.166643,1.749964,-1.697575
3,244,1.189195,1.783793,-1.732412
3,245,1.191748,1.787622,-1.736338
3,246,1.165757,1.748635,-1.696496
3,247,1.161787,1.742681,-1.690663
3,248,1.173199,1.759798,-1.707212
3,249,1.146909,1.720364,-1.666703
3,250,1.155003,1.732504,-1.678991
3,251,1.162862,1.744292,-1.690990
3,252,1.125393,1.688090,-1.634250
3,253,1.149605,1.724407,-1.669958
3,254,1.099366,1.649050,-1.594601
3,255,1.157365,1.736047,-1.680205
3,256,1.130756,1.696135,-1.640514
3,257,1.148710,1.723066,-1.667479
3,258,1.162193,1.743290,-1.687139
3,259,1.128972,1.693458,-1.637461
3,260,1.150590,1.725884,-1.669518
3,261,1.133078,1.699616,-1.643983
3,262,1.116766,1.675148,-1.619286
3,263,1.118919,1.678378,-1.622490
3,264,1.144863,1.717294,-1.662713
3,265,1.105474,1.658211,-1.603960
3,266,1.120076,1.680114,-1.624718
3,267,1.150161,1.725241,-1.670322
3,268,1.123238,1.684858,-1.630517
3,269,1.120757,1.681135,-1.626627
3,270,1.132126,1.698189,-1.643798
3,271,1.156270,1.734405,-1.680281
3,272,1.145550,1.718324,-1.664219
3,273,1.147338,1.721007,-1.666810
3,274,1.119137,1.678706,-1.624090
3,275,1.115149,1.672723,-1.617403
3,276,1.089820,1.634730,-1.578393
3,277,1.104380,1.656570,-1.600170
3,278,1.085972,1.628958,-1.572155
3,279,1.084690,1.627035,-1.570190
3,280,1.092482,1.638723,-1.583074
3,281,1.102722,1.654084,-1.597108
3,282,1.090423,1.635634,-1.579758
3,283,1.121843,1.682765,-1.627503
3,284,1.119364,1.679045,-1.623364
3,285,1.088662,1.632993,-1.576842
3,286,1.096935,1.645403,-1.589882
3,287,1.108320,1.662480,-1.606146
3,288,1.095985,1.643978,-1.588182
3,289,1.119813,1.679719,-1.623674
3,290,1.140139,1.710208,-1.654673
3,291,1.115978,1.673967,-1.618798
3,292,1.122743,1.684115,-1.629425
3,293,1.095294,1.642941,-1.586997
3,294,1.143004,1.714506,-1.659268
3,295,1.111195,1.666793,-1.611336
3,296,1.135811,1.703716,-1.648140
3,297,1.187972,1.781958,-1.727777
3,298,1.157261,1.735891,-1.682642
3,299,1.145936,1.718904,-1.665785
3,300,1.190721,1.786081,-1.733252
3,301,1.127022,1.690532,-1.637478
3,302,1.140753,1.711130,-1.658223
3,303,1.190512,1.785769,-1.732299
3,304,1.161598,1.742397,-1.690006
3,305,1.210923,1.816384,-1.764523
3,306,1.195744,1.793616,-1.742020
3,307,1.188891,1.783337,-1.730983
3,308,1.212254,1.818382,-1.766347
3,309,1.192713,1.789069,-1.737667
3,310,1.184834,1.777251,-1.724553
3,311,1.168832,1.753248,-1.700360
3,312,1.167284,1.750926,-1.697695
3,313,1.175071,1.762606,-1.709237
3,314,1.142349,1.713524,-1.659777
3,315,1.118301,1.677452,-1.624462
3,316,1.124587,1.686880,-1.633422
3,317,1.129236,1.693853,-1.640011
3,318,1.133810,1.700716,-1.646980
3,319,1.120577,1.680866,-1.626507
3,320,1.138337,1.707505,-1.653683
3,321,1.166698,1.750047,-1.696332
3,322,1.173717,1.760576,-1.706753
3,323,1.127505,1.691257,-1.636704
3,324,1.160936,1.741403,-1.686710
3,325,1.100144,1.650217,-1.594924
3,326,1.150490,1.725736,-1.671640
3,327,1.089427,1.634140,-1.578913
3,328,1.132443,1.698665,-1.643279
3,329,1.072857,1.609285,-1.553061
3,330,1.081988,1.622982,-1.566917
3,331,1.091771,1.637656,-1.582032
3,332,1.104707,1.657060,-1.600800
3,333,1.110676,1.666015,-1.609305
3,334,1.110892,1.666338,-1.610713
3,335,1.117430,1.676146,-1.620242
3,336,1.105629,1.658444,-1.602514
3,337,1.112786,1.669179,-1.613326
3,338,1.093714,1.640571,-1.584524
3,339,1.109034,1.663551,-1.607748
3,340,1.119478,1.679216,-1.624358
3,341,1.159617,1.739426,-1.685041
3,342,1.158663,1.737994,-1.684368
3,343,1.203178,1.804767,-1.752405
3,344,1.170731,1.756096,-1.703912
3,345,1.195264,1.792896,-1.740406
3,346,1.171520,1.757280,-1.704720
3,347,1.202311,1.803466,-1.752092
3,348,1.183399,1.775099,-1.724416
3,349,1.143611,1.715416,-1.663618
3,350,1.189273,1.783909,-1.734702
3,351,1.200694,1.801041,-1.750058
3,352,1.216813,1.825220,-1.774585
3,353,1.209628,1.814441,-1.764260
3,354,1.234145,1.851218,-1.800869
3,355,1.222805,1.834207,-1.783956
3,356,1.248561,1.872841,-1.821734
3,357,1.224229,1.836343,-1.785464
3,358,1.197338,1.796007,-1.744764
3,359,1.184108,1.776162,-1.724651
3,360,1.181163,1.771745,-1.719735
3,361,1.195349,1.793023,-1.740401
3,362,1.153276,1.729913,-1.677723
3,363,1.158222,1.737333,-1.684579
3,364,1.174050,1.761075,-1.707185
3,365,1.140211,1.710317,-1.656398
3,366,1.125576,1.688364,-1.633972
3,367,1.132633,1.698949,-1.644518
3,368,1.116271,1.674406,-1.620122
3,369,1.104656,1.656984,-1.602162
3,370,1.135192,1.702789,-1.647550
3,371,1.109463,1.664194,-1.610219
3,372,1.161561,1.742341,-1.687669
3,373,1.173893,1.760839,-1.705901
3,374,1.137846,1.706769,-1.651753
3,375,1.183058,1.774587,-1.719528
3,376,1.133151,1.699727,-1.643966
3,377,1.159688,1.739533,-1.684208
3,378,1.164766,1.747149,-1.691489
3,379,1.194808,1.792212,-1.736866
3,380,1.199048,1.798572,-1.744634
3,381,1.217964,1.826947,-1.773291
3,382,1.221328,1.831991,-1.780015
3,383,1.226288,1.839432,-1.785854
3,384,1.228322,1.842483,-1.788254
3,385,1.198278,1.797417,-1.742855
3,386,1.195452,1.793178,-1.738193
3,387,1.177411,1.766117,-1.711400
3,388,1.138950,1.708426,-1.652229
3,389,1.132400,1.698600,-1.642020
3,390,1.106305,1.659458,-1.602983
3,391,1.112940,1.669409,-1.614245
3,392,1.107051,1.660576,-1.605614
3,393,1.107619,1.661428,-1.606190
3,394,1.115784,1.673676,-1.619679
3,395,1.134977,1.702466,-1.648861
3,396,1.192083,1.788124,-1.734017
3,397,1.167413,1.751120,-1.696561
3,398,1.205024,1.807536,-1.754428
3,399,1.205508,1.808263,-1.755597
3,400,1.191461,1.787192,-1.733155
3,401,1.185604,1.778406,-1.725626
3,402,1.140614,1.710921,-1.657647
3,403,1.174106,1.761159,-1.707694
3,404,1.152269,1.728404,-1.674560
3,405,1.165398,1.748097,-1.694689
3,406,1.139859,1.709789,-1.657768
3,407,1.151690,1.727535,-1.674298
3,408,1.184840,1.777260,-1.724580
3,409,1.155803,1.733705,-1.681456
3,410,1.189136,1.783704,-1.731733
3,411,1.199064,1.798596,-1.747289
3,412,1.168894,1.753341,-1.701765
3,413,1.172165,1.758247,-1.706188
3,414,1.122811,1.684216,-1.631535
3,415,1.134040,1.701060,-1.649100
3,416,1.175131,1.762697,-1.711236
3,417,1.121540,1.682310,-1.630719
3,418,1.122973,1.684459,-1.632291
3,419,1.122886,1.684329,-1.632096
3,420,1.174898,1.762347,-1.710755
3,421,1.167677,1.751515,-1.698992
3,422,1.132137,1.698205,-1.645804
3,423,1.170213,1.755319,-1.703179
3,424,1.159925,1.739888,-1.688322
3,425,1.203033,1.804549,-1.752968
3,426,1.174824,1.762237,-1.710710
3,427,1.181463,1.772194,-1.720469
3,428,1.211938,1.817907,-1.766382
3,429,1.204903,1.807355,-1.756206
3,430,1.209007,1.813511,-1.761705
3,431,1.157482,1.736222,-1.683821
3,432,1.165377,1.748066,-1.696026
3,433,1.134880,1.702320,-1.650538
3,434,1.156991,1.735487,-1.682522
3,435,1.117873,1.676809,-1.623972
3,436,1.132666,1.698998,-1.645083
3,437,1.109741,1.664611,-1.610219
3,438,1.111227,1.666841,-1.611333
3,439,1.113992,1.670988,-1.614951
3,440,1.142349,1.713523,-1.657516
3,441,1.091510,1.637264,-1.580911
3,442,1.132502,1.698753,-1.643089
3,443,1.084311,1.626467,-1.571135
3,444,1.077274,1.615912,-1.560248
3,445,1.083305,1.624958,-1.568883
3,446,1.064602,1.596903,-1.539811
3,447,1.078315,1.617472,-1.561043
3,448,1.080319,1.620478,-1.564748
3,449,1.072315,1.608473,-1.551565
3,450,1.084774,1.627161,-1.570145
3,451,1.016511,1.524767,-1.467895
3,452,1.061122,1.591683,-1.535995
3,453,1.048322,1.572484,-1.516780
3,454,1.067394,1.601091,-1.546123
3,455,1.118431,1.677646,-1.622877
3,456,1.089131,1.633696,-1.579455
3,457,1.088772,1.633158,-1.579153
3,458,1.117706,1.676558,-1.622440
3,459,1.082926,1.624389,-1.569223
3,460,1.121774,1.682661,-1.628121
3,461,1.142440,1.713661,-1.660510
3,462,1.124410,1.686615,-1.633843
3,463,1.122120,1.683180,-1.630368
3,464,1.144815,1.717223,-1.665100
3,465,1.139041,1.708562,-1.656010
3,466,1.159354,1.739032,-1.687143
3,467,1.152321,1.728481,-1.676076
3,468,1.169874,1.754811,-1.702329
3,469,1.153663,1.730494,-1.677688
3,470,1.185115,1.777673,-1.724683
3,471,1.186739,1.780109,-1.728240
3,472,1.136628,1.704943,-1.651654
3,473,1.152983,1.729474,-1.676342
3,474,1.098486,1.647728,-1.593348
3,475,1.117732,1.676599,-1.621538
3,476,1.099381,1.649072,-1.594728
3,477,1.082407,1.623611,-1.568191
3,478,1.123745,1.685617,-1.631603
3,479,1.115096,1.672644,-1.617752
3,480,1.091546,1.637319,-1.580648
3,481,1.082319,1.623479,-1.567390
3,482,1.105549,1.658323,-1.602063
3,483,1.073190,1.609784,-1.552717
3,484,1.079371,1.619057,-1.562253
3,485,1.095696,1.643545,-1.586452
3,486,1.051185,1.576777,-1.519880
3,487,1.056285,1.584428,-1.527870
3,488,1.003950,1.505924,-1.448772
3,489,1.064208,1.596311,-1.538944
3,490,1.020780,1.531170,-1.472822
3,491,1.032713,1.549070,-1.490726
3,492,1.090762,1.636143,-1.579378
3,493,1.085195,1.627792,-1.570281
3,494,1.076683,1.615024,-1.557509
3,495,1.113396,1.670093,-1.613344
3,496,1.065143,1.597714,-1.542531
3,497,1.099005,1.648507,-1.593102
3,498,1.124334,1.686502,-1.630798
3,499,1.124706,1.687060,-1.631182
3,500,1.148290,1.722435,-1.667148
3,501,1.154110,1.731165,-1.675475
3,502,1.142347,1.713520,-1.658173
3,503,1.162786,1.744179,-1.689177
3,504,1.163451,1.745177,-1.690144
3,505,1.161480,1.742220,-1.686600
3,506,1.183211,1.774816,-1.719232
3,507,1.154305,1.731457,-1.674810
3,508,1.194461,1.791691,-1.736399
3,509,1.202842,1.804264,-1.749286
3,510,1.183432,1.775147,-1.720943
3,511,1.193365,1.790047,-1.735519
3,512,1.156939,1.735408,-1.679894
3,513,1.160140,1.740210,-1.685303
3,514,1.150907,1.726360,-1.671185
3,515,1.151763,1.727644,-1.673721
3,516,1.086558,1.629837,-1.575031
3,517,1.165885,1.748827,-1.695361
3,518,1.138883,1.708325,-1.655306
3,519,1.130558,1.695836,-1.643766
3,520,1.165913,1.748870,-1.695884
3,521,1.165725,1.748587,-1.696409
3,522,1.138713,1.708070,-1.656040
3,523,1.168474,1.752711,-1.701034
3,524,1.158504,1.737756,-1.685764
3,525,1.162449,1.743674,-1.692254
3,526,1.190336,1.785504,-1.734689
3,527,1.231532,1.847297,-1.795882
3,528,1.229082,1.843623,-1.792947
3,529,1.240977,1.861466,-1.808121
3,530,1.229048,1.843572,-1.791429
3,531,1.192060,1.788091,-1.735993
3,532,1.209302,1.813953,-1.762273
3,533,1.168012,1.752017,-1.701335
3,534,1.182193,1.773289,-1.721434
3,535,1.156270,1.734406,-1.681687
3,536,1.178192,1.767289,-1.714222
3,537,1.148507,1.722760,-1.670361
3,538,1.147041,1.720562,-1.667867
3,539,1.161139,1.741708,-1.689175
3,540,1.169640,1.754459,-1.702306
3,541,1.179753,1.769629,-1.717839
3,542,1.132793,1.699190,-1.647385
3,543,1.145877,1.718815,-1.667561
3,544,1.174980,1.762470,-1.711251
3,545,1.149065,1.723597,-1.672480
3,546,1.154636,1.731954,-1.680683
3,547,1.148926,1.723389,-1.672171
3,548,1.128515,1.692773,-1.641145
3,549,1.164860,1.747290,-1.695946
3,550,1.112061,1.668092,-1.617702
3,551,1.161214,1.741821,-1.690273
3,552,1.164732,1.747098,-1.695777
3,553,1.174889,1.762334,-1.711361
3,554,1.189320,1.783980,-1.732910
3,555,1.183619,1.775428,-1.724478
3,556,1.201442,1.802163,-1.750723
3,557,1.193328,1.789991,-1.737887
3,558,1.212864,1.819296,-1.768524
3,559,1.173393,1.760089,-1.709416
3,560,1.150847,1.726271,-1.675551
3,561,1.149617,1.724425,-1.672615
3,562,1.135081,1.702622,-1.650212
3,563,1.140527,1.710790,-1.658567
3,564,1.158063,1.737094,-1.684597
3,565,1.125912,1.688869,-1.636324
3,566,1.168328,1.752492,-1.699806
3,567,1.137214,1.705821,-1.652732
3,568,1.141446,1.712169,-1.659643
3,569,1.170650,1.755975,-1.703907
3,570,1.185662,1.778493,-1.726722
3,571,1.143988,1.715982,-1.665087
3,572,1.159475,1.739212,-1.686549
3,573,1.147127,1.720691,-1.667291
3,574,1.119242,1.678862,-1.626796
3,575,1.145095,1.717643,-1.664575
3,576,1.128114,1.692170,-1.639028
3,577,1.174451,1.761676,-1.708659
3,578,1.175973,1.763959,-1.711462
3,579,1.164808,1.747212,-1.694447
3,580,1.181544,1.772317,-1.719828
3,581,1.145579,1.718368,-1.665537
3,582,1.166091,1.749137,-1.695967
3,583,1.095263,1.642894,-1.589578
3,584,1.100099,1.650149,-1.596515
3,585,1.117487,1.676230,-1.623220
3,586,1.110671,1.666006,-1.612557
3,587,1.147557,1.721335,-1.668808
3,588,1.134101,1.701152,-1.648180
3,589,1.130075,1.695113,-1.642240
3,590,1.120898,1.681347,-1.628299
3,591,1.109668,1.664503,-1.610724
3,592,1.143471,1.715206,-1.661377
3,593,1.087079,1.630619,-1.577442
3,594,1.125885,1.688828,-1.634684
3,595,1.108759,1.663139,-1.609162
3,596,1.105147,1.657721,-1.602806
3,597,1.124193,1.686290,-1.631986
3,598,1.101117,1.651676,-1.597152
3,599,1.137504,1.706257,-1.651612
3,600,1.107735,1.661603,-1.606711
3,601,1.155518,1.733277,-1.678593
3,602,1.141528,1.712292,-1.656986
3,603,1.138297,1.707446,-1.652848
3,604,1.130751,1.696127,-1.640033
3,605,1.192867,1.789301,-1.734563
3,606,1.166879,1.750318,-1.695801
3,607,1.166141,1.749211,-1.693956
3,608,1.142145,1.713217,-1.658417
3,609,1.151049,1.726573,-1.671499
3,610,1.145993,1.718989,-1.663632
3,611,1.115535,1.673302,-1.616966
3,612,1.172879,1.759319,-1.702965
3,613,1.142405,1.713607,-1.656845
3,614,1.157727,1.736590,-1.679111
3,615,1.163929,1.745894,-1.688470
3,616,1.075274,1.612911,-1.555576
3,617,1.146946,1.720420,-1.662962
3,618,1.101079,1.651619,-1.594734
3,619,1.079794,1.619691,-1.562925
3,620,1.065856,1.598784,-1.541318
3,621,1.045161,1.567742,-1.510860
3,622,1.056345,1.584518,-1.527389
3,623,1.049540,1.574310,-1.517175
3,624,1.077226,1.615840,-1.560043
3,625,1.083614,1.625422,-1.569884
3,626,1.076711,1.615066,-1.559868
3,627,1.081017,1.621525,-1.566499
3,628,1.070737,1.606106,-1.551639
3,629,1.074405,1.611608,-1.556726
3,630,1.092449,1.638673,-1.583818
3,631,1.078930,1.618395,-1.562732
3,632,1.145081,1.717621,-1.662675
3,633,1.138269,1.707403,-1.652708
3,634,1.085221,1.627831,-1.573697
3,635,1.072227,1.608341,-1.553356
3,636,1.121228,1.681842,-1.627274
3,637,1.130710,1.696065,-1.641658
3,638,1.100016,1.650024,-1.595981
3,639,1.103919,1.655879,-1.600948
3,640,1.113993,1.670989,-1.617153
3,641,1.102324,1.653486,-1.598944
3,642,1.128151,1.692227,-1.637193
3,643,1.166663,1.749994,-1.695040
3,644,1.125646,1.688469,-1.634048
3,645,1.144885,1.717328,-1.662082
3,646,1.113114,1.669670,-1.615021
3,647,1.134306,1.701460,-1.645791
3,648,1.108552,1.662827,-1.607740
3,649,1.120802,1.681202,-1.626165
3,650,1.102578,1.653868,-1.598630
3,651,1.071456,1.607183,-1.551963
3,652,1.102217,1.653325,-1.598182
3,653,1.111232,1.666848,-1.611478
3,654,1.098458,1.647687,-1.592005
3,655,1.124916,1.687374,-1.631409
3,656,1.122488,1.683732,-1.627780
3,657,1.139771,1.709656,-1.653958
3,658,1.111709,1.667564,-1.611199
3,659,1.109762,1.664643,-1.609080
3,660,1.095377,1.643066,-1.587283
3,661,1.086256,1.629384,-1.573190
3,662,1.108412,1.662618,-1.606295
3,663,1.117220,1.675830,-1.619169
3,664,1.132537,1.698805,-1.641830
3,665,1.126543,1.689815,-1.633110
3,666,1.138922,1.708383,-1.651402
3,667,1.148617,1.722926,-1.665526
3,668,1.127268,1.690902,-1.635473
3,669,1.127655,1.691483,-1.635911
3,670,1.151361,1.727041,-1.671661
3,671,1.126958,1.690437,-1.635060
3,672,1.114445,1.671667,-1.616042
3,673,1.139524,1.709286,-1.654359
3,674,1.110375,1.665562,-1.610846
3,675,1.129758,1.694637,-1.640224
3,676,1.176735,1.765102,-1.710444
3,677,1.141507,1.712260,-1.658956
3,678,1.135977,1.703966,-1.650003
3,679,1.148924,1.723387,-1.668955
3,680,1.134847,1.702271,-1.647858
3,681,1.152326,1.728490,-1.673490
3,682,1.166945,1.750418,-1.697385
3,683,1.164674,1.747011,-1.693864
3,684,1.160797,1.741196,-1.688078
3,685,1.159191,1.738787,-1.684908
3,686,1.138767,1.708150,-1.653404
3,687,1.144805,1.717208,-1.662232
3,688,1.145228,1.717842,-1.662614
3,689,1.099622,1.649433,-1.593264
3,690,1.126015,1.689023,-1.632943
3,691,1.150029,1.725044,-1.669511
3,692,1.130848,1.696272,-1.640378
3,693,1.150057,1.725086,-1.668752
3,694,1.133021,1.699531,-1.643432
3,695,1.131481,1.697221,-1.640993
3,696,1.125923,1.688885,-1.633025
3,697,1.139466,1.709199,-1.653450
3,698,1.116775,1.675163,-1.618520
3,699,1.084303,1.626455,-1.569631
3,700,1.089395,1.634093,-1.577708
3,701,1.073861,1.610792,-1.554179
3,702,1.055858,1.583788,-1.527367
3,703,1.034641,1.551962,-1.495990
3,704,1.048232,1.572348,-1.516336
3,705,1.029584,1.544377,-1.486896
3,706,1.067762,1.601643,-1.545041
3,707,1.068628,1.602942,-1.546355
3,708,1.087340,1.631011,-1.574248
3,709,1.095033,1.642550,-1.585666
3,710,1.076582,1.614873,-1.558860
3,711,1.092372,1.638558,-1.581494
3,712,1.133168,1.699752,-1.642393
3,713,1.106612,1.659918,-1.601968
3,714,1.124200,1.686300,-1.628146
3,715,1.106748,1.660122,-1.601990
3,716,1.143789,1.715683,-1.657909
3,717,1.103535,1.655302,-1.597763
3,718,1.082690,1.624035,-1.566947
3,719,1.078662,1.617993,-1.560977
3,720,1.076547,1.614821,-1.557677
3,721,1.060746,1.591119,-1.533239
3,722,1.050779,1.576169,-1.517795
3,723,1.103807,1.655711,-1.598217
3,724,1.073414,1.610121,-1.552818
3,725,1.068403,1.602604,-1.545517
3,726,1.088705,1.633058,-1.576559
3,727,1.074945,1.612417,-1.555155
3,728,1.098322,1.647483,-1.590109
3,729,1.065431,1.598146,-1.541032
3,730,1.117757,1.676635,-1.620123
3,731,1.086377,1.629566,-1.571931
3,732,1.072217,1.608325,-1.551139
3,733,1.081407,1.622110,-1.564462
3,734,1.081854,1.622781,-1.565544
3,735,1.085630,1.628445,-1.570738
3,736,1.080324,1.620486,-1.562246
3,737,1.062684,1.594026,-1.536182
3,738,1.025989,1.538984,-1.481108
3,739,1.060301,1.590451,-1.532135
3,740,1.075190,1.612785,-1.554963
3,741,1.085628,1.628442,-1.570118
3,742,1.107224,1.660836,-1.602562
3,743,1.110972,1.666458,-1.608143
3,744,1.128580,1.692871,-1.634516
3,745,1.126972,1.690458,-1.632096
3,746,1.134844,1.702267,-1.643834
3,747,1.098622,1.647932,-1.588748
3,748,1.103367,1.655051,-1.597669
3,749,1.101983,1.652974,-1.595435
3,750,1.070511,1.605767,-1.547714
3,751,1.076093,1.614139,-1.556094
3,752,1.093863,1.640795,-1.582189
3,753,1.056608,1.584912,-1.526395
3,754,1.058924,1.588386,-1.530071
3,755,1.036918,1.555377,-1.497221
3,756,1.039490,1.559235,-1.502022
3,757,1.052822,1.579233,-1.521686
3,758,1.048019,1.572029,-1.513753
3,759,1.065749,1.598624,-1.540962
3,760,1.056017,1.584025,-1.526899
3,761,1.074585,1.611878,-1.554625
3,762,1.029744,1.544617,-1.486479
3,763,1.087923,1.631885,-1.574245
3,764,1.053124,1.579686,-1.522134
3,765,1.030772,1.546158,-1.489067
3,766,1.070331,1.605496,-1.548367
3,767,1.065407,1.598110,-1.541067
3,768,1.077916,1.616875,-1.559903
3,769,1.116135,1.674202,-1.617860
3,770,1.108992,1.663488,-1.607167
3,771,1.078212,1.617318,-1.560148
3,772,1.113155,1.669733,-1.612872
3,773,1.062370,1.593555,-1.536630
3,774,1.069837,1.604755,-1.548440
3,775,1.104181,1.656271,-1.599473
3,776,1.069224,1.603836,-1.547425
3,777,1.088096,1.632143,-1.576212
3,778,1.102824,1.654236,-1.598158
3,779,1.126174,1.689262,-1.634148
3,780,1.108224,1.662337,-1.606030
3,781,1.070054,1.605081,-1.549272
3,782,1.089284,1.633926,-1.578826
3,783,1.114803,1.672205,-1.616734
3,784,1.115641,1.673461,-1.618048
3,785,1.140385,1.710577,-1.654361
3,786,1.126916,1.690374,-1.634470
3,787,1.155474,1.733210,-1.677292
3,788,1.109851,1.664776,-1.609550
3,789,1.122579,1.683868,-1.628104
3,790,1.097587,1.646380,-1.590486
3,791,1.128577,1.692866,-1.637225
3,792,1.136259,1.704388,-1.648649
3,793,1.137585,1.706377,-1.651076
3,794,1.175679,1.763518,-1.707949
3,795,1.200930,1.801395,-1.746486
3,796,1.176214,1.764322,-1.708959
3,797,1.205673,1.808509,-1.753485
3,798,1.222777,1.834166,-1.779276
3,799,1.238222,1.857334,-1.803073
3,800,1.210003,1.815004,-1.760706
3,801,1.142478,1.713716,-1.659820
3,802,1.179999,1.769999,-1.716375
3,803,1.167345,1.751018,-1.697772
3,804,1.161504,1.742256,-1.689275
3,805,1.125212,1.687818,-1.634829
3,806,1.188819,1.783228,-1.729791
3,807,1.148674,1.723011,-1.669277
3,808,1.160769,1.741153,-1.687344
3,809,1.138291,1.707436,-1.653987
3,810,1.168329,1.752493,-1.698275
3,811,1.120171,1.680256,-1.625836
3,812,1.110640,1.665961,-1.611493
3,813,1.132574,1.698861,-1.644242
3,814,1.109080,1.663619,-1.608586
3,815,1.123837,1.685756,-1.630820
3,816,1.131821,1.697732,-1.643996
3,817,1.139227,1.708841,-1.654147
3,818,1.154026,1.731039,-1.676798
3,819,1.142777,1.714165,-1.659253
3,820,1.139181,1.708772,-1.652395
3,821,1.161983,1.742975,-1.687310
3,822,1.124348,1.686522,-1.630249
3,823,1.121372,1.682058,-1.625845
3,824,1.151304,1.726956,-1.670617
3,825,1.099300,1.648950,-1.592500
3,826,1.098603,1.647905,-1.590155
3,827,1.121146,1.681719,-1.624810
3,828,1.083085,1.624628,-1.567721
3,829,1.061575,1.592362,-1.534943
3,830,1.105657,1.658485,-1.602167
3,831,1.103636,1.655453,-1.597981
3,832,1.106009,1.659013,-1.602572
3,833,1.098166,1.647249,-1.590984
3,834,1.084572,1.626858,-1.571275
3,835,1.119524,1.679286,-1.623433
3,836,1.099603,1.649404,-1.594203
3,837,1.084737,1.627106,-1.570515
3,838,1.147974,1.721960,-1.666871
3,839,1.133533,1.700299,-1.644520
3,840,1.097899,1.646848,-1.591835
3,841,1.099144,1.648716,-1.593119
3,842,1.112914,1.669371,-1.613457
3,843,1.105222,1.657833,-1.601478
3,844,1.107017,1.660525,-1.603635
3,845,1.074011,1.611016,-1.553213
3,846,1.079315,1.618973,-1.561836
3,847,1.062392,1.593589,-1.536058
3,848,1.045059,1.567589,-1.509562
3,849,1.056050,1.584075,-1.527020
3,850,1.072282,1.608424,-1.551187
3,851,1.043513,1.565270,-1.507738
3,852,1.119399,1.679098,-1.621340
3,853,1.098640,1.647959,-1.590353
3,854,1.127424,1.691135,-1.633814
3,855,1.101002,1.651504,-1.593731
3,856,1.134613,1.701919,-1.644116
3,857,1.116755,1.675132,-1.618042
3,858,1.127530,1.691295,-1.634031
3,859,1.105388,1.658082,-1.600327
3,860,1.117187,1.675780,-1.618107
3,861,1.118676,1.678014,-1.620874
3,862,1.179294,1.768941,-1.711549
3,863,1.141647,1.712471,-1.655931
3,864,1.132176,1.698264,-1.642510
3,865,1.091753,1.637629,-1.580451
3,866,1.092878,1.639317,-1.583081
3,867,1.070222,1.605333,-1.548514
3,868,1.091041,1.636561,-1.580496
3,869,1.037364,1.556046,-1.499726
3,870,1.084348,1.626522,-1.569870
3,871,1.071084,1.606626,-1.550627
3,872,1.090313,1.635469,-1.579428
3,873,1.029565,1.544347,-1.487973
3,874,1.059552,1.589328,-1.533376
3,875,1.036024,1.554036,-1.497009
3,876,1.031655,1.547483,-1.491094
3,877,1.019715,1.529573,-1.472557
3,878,1.013700,1.520550,-1.464442
3,879,1.069275,1.603913,-1.548228
3,880,1.051513,1.577270,-1.520788
3,881,1.047745,1.571618,-1.515155
3,882,1.053552,1.580327,-1.523503
3,883,1.035946,1.553919,-1.497301
3,884,1.061892,1.592838,-1.536728
3,885,1.050465,1.575697,-1.519089
3,886,1.029254,1.543882,-1.487704
3,887,1.010400,1.515599,-1.458112
3,888,0.991254,1.486881,-1.429489
3,889,1.028315,1.542472,-1.485633
3,890,1.009136,1.513705,-1.456826
3,891,1.046974,1.570461,-1.513560
3,892,1.052562,1.578842,-1.521375
3,893,1.057013,1.585519,-1.529437
3,894,1.062567,1.593850,-1.537393
3,895,1.072554,1.608831,-1.552513
3,896,1.021138,1.531707,-1.474980
3,897,1.052039,1.578059,-1.522829
3,898,1.047644,1.571465,-1.515762
3,899,1.095911,1.643867,-1.587889
3,900,1.039684,1.559527,-1.502763
3,901,1.047680,1.571520,-1.514215
3,902,1.133198,1.699798,-1.644382
3,903,1.093706,1.640559,-1.585543
3,904,1.087971,1.631957,-1.576681
3,905,1.133541,1.700311,-1.644780
3,906,1.085512,1.628268,-1.572916
3,907,1.108652,1.662978,-1.608231
3,908,1.107750,1.661625,-1.607120
3,909,1.139588,1.709382,-1.653798
3,910,1.144206,1.716310,-1.662243
3,911,1.144770,1.717155,-1.662197
3,912,1.140050,1.710075,-1.656418
3,913,1.142882,1.714323,-1.659619
3,914,1.143557,1.715335,-1.661517
3,915,1.120495,1.680743,-1.627031
3,916,1.137881,1.706822,-1.653029
3,917,1.140020,1.710030,-1.657005
3,918,1.122554,1.683831,-1.630798
3,919,1.136541,1.704812,-1.651181
3,920,1.138061,1.707091,-1.653424
3,921,1.109402,1.664103,-1.611719
3,922,1.109772,1.664658,-1.610921
3,923,1.106490,1.659735,-1.606012
3,924,1.109007,1.663510,-1.609998
3,925,1.123719,1.685578,-1.631081
3,926,1.097341,1.646012,-1.590996
3,927,1.117361,1.676042,-1.621807
3,928,1.117624,1.676436,-1.622440
3,929,1.132724,1.699086,-1.645288
3,930,1.136768,1.705153,-1.652412
3,931,1.147937,1.721905,-1.669357
3,932,1.161852,1.742778,-1.690462
3,933,1.180892,1.771339,-1.718992
3,934,1.143651,1.715477,-1.664307
3,935,1.159019,1.738529,-1.686035
3,936,1.156822,1.735233,-1.683701
3,937,1.161072,1.741608,-1.690069
3,938,1.124648,1.686972,-1.634004
3,939,1.130192,1.695288,-1.641967
3,940,1.136114,1.704171,-1.650621
3,941,1.162275,1.743413,-1.690003
3,942,1.152291,1.728437,-1.675797
3,943,1.164027,1.746041,-1.692039
3,944,1.138792,1.708188,-1.654394
3,945,1.103786,1.655680,-1.600880
3,946,1.118557,1.677836,-1.624054
3,947,1.111753,1.667629,-1.613950
3,948,1.081924,1.622886,-1.568399
3,949,1.108816,1.663225,-1.608173
3,950,1.062008,1.593012,-1.537600
3,951,1.120521,1.680781,-1.626724
3,952,1.069202,1.603803,-1.549200
3,953,1.107288,1.660933,-1.606741
3,954,1.121918,1.682877,-1.628611
3,955,1.095211,1.642817,-1.589322
3,956,1.084584,1.626877,-1.573469
3,957,1.096489,1.644734,-1.590918
3,958,1.117974,1.676962,-1.624305
3,959,1.128181,1.692272,-1.640138
3,960,1.140716,1.711073,-1.659629
3,961,1.096554,1.644830,-1.592177
3,962,1.090421,1.635632,-1.582691
3,963,1.126569,1.689853,-1.637915
3,964,1.139111,1.708667,-1.656825
3,965,1.137074,1.705610,-1.652538
3,966,1.145411,1.718117,-1.665321
3,967,1.162252,1.743378,-1.689747
3,968,1.118653,1.677980,-1.624178
3,969,1.142205,1.713307,-1.659480
3,970,1.139033,1.708549,-1.655440
3,971,1.116397,1.674595,-1.620795
3,972,1.088330,1.632495,-1.577479
3,973,1.108177,1.662266,-1.606622
3,974,1.120284,1.680426,-1.624630
3,975,1.090612,1.635918,-1.580109
3,976,1.113044,1.669565,-1.613057
3,977,1.111886,1.667830,-1.610989
3,978,1.132148,1.698221,-1.641848
3,979,1.133888,1.700832,-1.644825
3,980,1.121046,1.681569,-1.625070
3,981,1.134317,1.701476,-1.644519
3,982,1.116336,1.674503,-1.617788
3,983,1.117590,1.676386,-1.619776
3,984,1.112911,1.669366,-1.613122
3,985,1.120538,1.680807,-1.625678
3,986,1.084139,1.626209,-1.569642
3,987,1.068925,1.603388,-1.548008
3,988,1.096392,1.644589,-1.589258
3,989,1.104000,1.656000,-1.600424
3,990,1.080774,1.621160,-1.566174
3,991,1.125210,1.687815,-1.632871
3,992,1.057613,1.586420,-1.531328
3,993,1.117059,1.675588,-1.621060
3,994,1.102618,1.653926,-1.600583
3,995,1.149640,1.724460,-1.670964
3,996,1.121042,1.681563,-1.627119
3,997,1.156457,1.734685,-1.682590
3,998,1.121500,1.682250,-1.629683
3,999,1.126886,1.690330,-1.637899
3,1000,1.139026,1.708539,-1.655889
4,1,1.038879,1.558318,-1.399985
4,2,1.138838,1.708258,-1.549823
4,3,1.153185,1.729778,-1.571453
4,4,1.138946,1.708419,-1.550043
4,5,1.196082,1.794122,-1.636160
4,6,1.185126,1.777689,-1.619433
4,7,1.155681,1.733522,-1.574696
4,8,1.178771,1.768156,-1.609458
4,9,1.191640,1.787460,-1.628826
4,10,1.144039,1.716058,-1.556773
4,11,1.161224,1.741836,-1.582482
4,12,1.158399,1.737598,-1.578142
4,13,1.157896,1.736844,-1.576710
4,14,1.157150,1.735725,-1.576410
4,15,1.172536,1.758803,-1.599753
4,16,1.210001,1.815002,-1.655964
4,17,1.161538,1.742307,-1.584405
4,18,1.165590,1.748385,-1.589777
4,19,1.173367,1.760050,-1.601509
4,20,1.191702,1.787553,-1.629705
4,21,1.168903,1.753355,-1.596329
4,22,1.194208,1.791311,-1.634075
4,23,1.190341,1.785512,-1.629112
4,24,1.236158,1.854237,-1.697198
4,25,1.233290,1.849934,-1.693289
4,26,1.218940,1.828410,-1.671985
4,27,1.251587,1.877381,-1.721513
4,28,1.224075,1.836113,-1.679599
4,29,1.204118,1.806177,-1.649094
4,30,1.184112,1.776168,-1.618689
4,31,1.196392,1.794588,-1.636467
4,32,1.172273,1.758409,-1.601029
4,33,1.198584,1.797876,-1.640303
4,34,1.168253,1.752379,-1.594597
4,35,1.120310,1.680465,-1.522318
4,36,1.157675,1.736513,-1.578586
4,37,1.108636,1.662954,-1.503947
4,38,1.169114,1.753672,-1.596427
4,39,1.164464,1.746696,-1.589590
4,40,1.137703,1.706555,-1.549658
4,41,1.160320,1.740480,-1.584750
4,42,1.148102,1.722153,-1.565874
4,43,1.159132,1.738698,-1.583081
4,44,1.165113,1.747669,-1.591624
4,45,1.164149,1.746224,-1.589856
4,46,1.167260,1.750890,-1.594442
4,47,1.170066,1.755098,-1.598705
4,48,1.233408,1.850112,-1.694192
4,49,1.217259,1.825889,-1.670779
4,50,1.199816,1.799725,-1.643301
4,51,1.280270,1.920405,-1.764169
4,52,1.204230,1.806345,-1.650243
4,53,1.224705,1.837057,-1.680555
4,54,1.248768,1.873152,-1.718865
4,55,1.242346,1.863520,-1.709667
4,56,1.256121,1.884181,-1.729902
4,57,1.183595,1.775392,-1.620700
4,58,1.175259,1.762888,-1.607546
4,59,1.182790,1.774185,-1.618856
4,60,1.173085,1.759627,-1.603895
4,61,1.176628,1.764942,-1.609701
4,62,1.140504,1.710755,-1.555126
4,63,1.138045,1.707067,-1.551160
4,64,1.133223,1.699834,-1.543017
4,65,1.171545,1.757318,-1.601701
4,66,1.176499,1.764749,-1.609507
4,67,1.187954,1.781931,-1.627741
4,68,1.236322,1.854484,-1.699127
4,69,1.202346,1.803518,-1.648988
4,70,1.215236,1.822854,-1.669414
4,71,1.205280,1.807920,-1.653632
4,72,1.235875,1.853812,-1.700112
4,73,1.255983,1.883975,-1.730428
4,74,1.233826,1.850739,-1.696981
4,75,1.266654,1.899982,-1.746580
4,76,1.245047,1.867570,-1.713531
4,77,1.222508,1.833763,-1.679129
4,78,1.202947,1.804420,-1.649837
4,79,1.204906,1.807359,-1.652612
4,80,1.191170,1.786755,-1.631990
4,81,1.228095,1.842142,-1.687316
4,82,1.225911,1.838867,-1.683599
4,83,1.217772,1.826657,-1.671943
4,84,1.231234,1.846851,-1.691505
4,85,1.226963,1.840444,-1.684937
4,86,1.225439,1.838159,-1.681778
4,87,1.170978,1.756466,-1.599493
4,88,1.173542,1.760314,-1.602743
4,89,1.180716,1.771074,-1.613297
4,90,1.138036,1.707054,-1.550857
4,91,1.158309,1.737463,-1.580391
4,92,1.110316,1.665474,-1.508160
4,93,1.139866,1.709798,-1.551333
4,94,1.112379,1.668568,-1.509859
4,95,1.140634,1.710951,-1.552506
4,96,1.154281,1.731421,-1.573038
4,97,1.157817,1.736726,-1.579152
4,98,1.147421,1.721132,-1.563719
4,99,1.135992,1.703988,-1.546885
4,100,1.176027,1.764040,-1.606522
4,101,1.150422,1.725634,-1.568387
4,102,1.164491,1.746737,-1.589267
4,103,1.156727,1.735090,-1.577962
4,104,1.127694,1.691541,-1.534817
4,105,1.185306,1.777959,-1.621144
4,106,1.192434,1.788651,-1.632030
4,107,1.167501,1.751252,-1.595150
4,108,1.204052,1.806079,-1.649901
4,109,1.171584,1.757376,-1.600825
4,110,1.202453,1.803680,-1.647438
4,111,1.182852,1.774278,-1.617802
4,112,1.204752,1.807128,-1.651691
4,113,1.186620,1.779929,-1.624978
4,114,1.250494,1.875741,-1.720938
4,115,1.199469,1.799204,-1.644138
4,116,1.219954,1.829931,-1.675431
4,117,1.252186,1.878279,-1.724229
4,118,1.243484,1.865226,-1.711042
4,119,1.240346,1.860519,-1.706449
4,120,1.283157,1.924736,-1.771049
4,121,1.250764,1.876147,-1.722375
4,122,1.290778,1.936166,-1.782748
4,123,1.291576,1.937363,-1.784324
4,124,1.281485,1.922227,-1.769950
4,125,1.257893,1.886839,-1.734602
4,126,1.298329,1.947493,-1.794342
4,127,1.245273,1.867910,-1.713720
4,128,1.283074,1.924612,-1.770517
4,129,1.255307,1.882960,-1.729536
4,130,1.262793,1.894190,-1.740072
4,131,1.262240,1.893360,-1.740495
4,132,1.265816,1.898725,-1.744991
4,133,1.285795,1.928692,-1.774644
4,134,1.242271,1.863407,-1.709029
4,135,1.259845,1.889768,-1.734725
4,136,1.306001,1.959001,-1.804831
4,137,1.278256,1.917384,-1.762371
4,138,1.298141,1.947211,-1.793917
4,139,1.301882,1.952823,-1.799494
4,140,1.290622,1.935933,-1.783448
4,141,1.319283,1.978925,-1.827189
4,142,1.264271,1.896407,-1.742867
4,143,1.311425,1.967138,-1.813649
4,144,1.259836,1.889754,-1.735167
4,145,1.264543,1.896814,-1.741702
4,146,1.198371,1.797557,-1.641806
4,147,1.259469,1.889204,-1.734493
4,148,1.176839,1.765258,-1.610637
4,149,1.237814,1.856721,-1.701282
4,150,1.224391,1.836587,-1.680989
4,151,1.232885,1.849327,-1.692999
4,152,1.245231,1.867846,-1.711480
4,153,1.211789,1.817684,-1.660208
4,154,1.191533,1.787299,-1.629103
4,155,1.171398,1.757098,-1.598407
4,156,1.205051,1.807577,-1.649071
4,157,1.159543,1.739315,-1.580868
4,158,1.218317,1.827476,-1.670711
4,159,1.190661,1.785991,-1.626985
4,160,1.197297,1.795946,-1.636777
4,161,1.215417,1.823125,-1.664109
4,162,1.185339,1.778009,-1.619042
4,163,1.200143,1.800214,-1.640846
4,164,1.202501,1.803751,-1.645035
4,165,1.221002,1.831502,-1.672456
4,166,1.134678,1.702017,-1.542469
4,167,1.141731,1.712596,-1.553142
4,168,1.136220,1.704330,-1.544136
4,169,1.142196,1.713295,-1.553326
4,170,1.081653,1.622479,-1.461483
4,171,1.130609,1.695914,-1.534785
4,172,1.098687,1.648030,-1.487408
4,173,1.062280,1.593420,-1.433203
4,174,1.088988,1.633482,-1.472523
4,175,1.079074,1.618611,-1.457985
4,176,1.104862,1.657293,-1.496227
4,177,1.127517,1.691275,-1.529553
4,178,1.133916,1.700875,-1.539984
4,179,1.133471,1.700207,-1.540015
4,180,1.157498,1.736248,-1.576108
4,181,1.172908,1.759362,-1.599524
4,182,1.156169,1.734253,-1.573624
4,183,1.148192,1.722288,-1.562960
4,184,1.133111,1.699666,-1.539860
4,185,1.147870,1.721806,-1.561779
4,186,1.134215,1.701322,-1.540088
4,187,1.142306,1.713459,-1.552654
4,188,1.161063,1.741595,-1.580796
4,189,1.185958,1.778938,-1.619662
4,190,1.200192,1.800288,-1.641009
4,191,1.203988,1.805983,-1.646575
4,192,1.224682,1.837024,-1.677767
4,193,1.226140,1.839210,-1.680039
4,194,1.210575,1.815863,-1.657466
4,195,1.177760,1.766639,-1.608114
4,196,1.205832,1.808748,-1.650995
4,197,1.214772,1.822159,-1.664932
4,198,1.198279,1.797418,-1.639581
4,199,1.150259,1.725388,-1.567398
4,200,1.164385,1.746578,-1.588522
4,201,1.149742,1.724613,-1.566534
4,202,1.131598,1.697397,-1.539005
4,203,1.145410,1.718115,-1.560710
4,204,1.165777,1.748666,-1.589822
4,205,1.137157,1.705736,-1.547095
4,206,1.169627,1.754441,-1.597150
4,207,1.181478,1.772217,-1.614002
4,208,1.176580,1.764870,-1.606152
4,209,1.142502,1.713753,-1.555913
4,210,1.188856,1.783284,-1.624741
4,211,1.138576,1.707865,-1.548591
4,212,1.093176,1.639764,-1.480260
4,213,1.117131,1.675696,-1.516982
4,214,1.150597,1.725896,-1.566290
4,215,1.125298,1.687947,-1.528311
4,216,1.143941,1.715912,-1.556037
4,217,1.104540,1.656810,-1.496338
4,218,1.139944,1.709915,-1.549268
4,219,1.103549,1.655323,-1.494168
4,220,1.126421,1.689632,-1.528875
4,221,1.124581,1.686871,-1.527055
4,222,1.122768,1.684152,-1.523772
4,223,1.101253,1.651880,-1.491825
4,224,1.070067,1.605100,-1.446024
4,225,1.109579,1.664369,-1.505183
4,226,1.096346,1.644520,-1.484976
4,227,1.147797,1.721695,-1.561689
4,228,1.113729,1.670593,-1.511176
4,229,1.122887,1.684331,-1.524894
4,230,1.140453,1.710679,-1.552048
4,231,1.101365,1.652048,-1.492893
4,232,1.075615,1.613423,-1.454463
4,233,1.127593,1.691389,-1.532867
4,234,1.128077,1.692116,-1.534168
4,235,1.138802,1.708202,-1.549992
4,236,1.150276,1.725414,-1.567302
4,237,1.150995,1.726492,-1.568418
4,238,1.123306,1.684960,-1.527385
4,239,1.129287,1.693931,-1.537290
4,240,1.142121,1.713181,-1.555227
4,241,1.108496,1.662745,-1.506036
4,242,1.124996,1.687494,-1.530798
4,243,1.155109,1.732664,-1.576185
4,244,1.132275,1.698412,-1.541657
4,245,1.154574,1.731861,-1.575479
4,246,1.126916,1.690374,-1.534453
4,247,1.134808,1.702212,-1.547242
4,248,1.116911,1.675367,-1.519164
4,249,1.136165,1.704248,-1.548153
4,250,1.100210,1.650315,-1.494911
4,251,1.141777,1.712666,-1.556866
4,252,1.135290,1.702935,-1.547131
4,253,1.148196,1.722294,-1.567049
4,254,1.193225,1.789837,-1.634183
4,255,1.155902,1.733853,-1.578183
4,256,1.172782,1.759173,-1.603418
4,257,1.144607,1.716911,-1.561893
4,258,1.172820,1.759231,-1.603966
4,259,1.149567,1.724350,-1.568505
4,260,1.160221,1.740332,-1.583984
4,261,1.144270,1.716404,-1.560001
4,262,1.180357,1.770535,-1.613744
4,263,1.170120,1.755180,-1.599147
4,264,1.196900,1.795350,-1.638203
4,265,1.144033,1.716050,-1.558935
4,266,1.185389,1.778083,-1.621368
4,267,1.174661,1.761991,-1.604831
4,268,1.117627,1.676440,-1.518736
4,269,1.135029,1.702544,-1.544102
4,270,1.120365,1.680548,-1.522708
4,271,1.120425,1.680638,-1.522501
4,272,1.156333,1.734499,-1.575759
4,273,1.127850,1.691775,-1.533459
4,274,1.155200,1.732800,-1.575244
4,275,1.186400,1.779601,-1.622518
4,276,1.139340,1.709009,-1.551335
4,277,1.154721,1.732082,-1.574599
4,278,1.179675,1.769512,-1.612244
4,279,1.166280,1.749420,-1.591993
4,280,1.159711,1.739567,-1.582107
4,281,1.151516,1.727274,-1.569321
4,282,1.174520,1.761780,-1.604607
4,283,1.153611,1.730416,-1.572767
4,284,1.170778,1.756167,-1.599151
4,285,1.143305,1.714958,-1.558081
4,286,1.120183,1.680274,-1.523971
4,287,1.137319,1.705978,-1.549610
4,288,1.122828,1.684242,-1.527168
4,289,1.152239,1.728358,-1.572421
4,290,1.141231,1.711847,-1.555147
4,291,1.129346,1.694019,-1.537110
4,292,1.131092,1.696638,-1.540321
4,293,1.163604,1.745405,-1.588277
4,294,1.166409,1.749613,-1.592959
4,295,1.173572,1.760358,-1.603905
4,296,1.211395,1.817093,-1.660321
4,297,1.141525,1.712287,-1.554765
4,298,1.205809,1.808713,-1.651422
4,299,1.176571,1.764857,-1.607852
4,300,1.183430,1.775145,-1.617733
4,301,1.138467,1.707701,-1.549474
4,302,1.184178,1.776267,-1.618038
4,303,1.196804,1.795205,-1.637632
4,304,1.201460,1.802190,-1.644687
4,305,1.197758,1.796637,-1.638834
4,306,1.174219,1.761328,-1.602757
4,307,1.156805,1.735208,-1.575588
4,308,1.174079,1.761118,-1.601952
4,309,1.216498,1.824747,-1.665431
4,310,1.172161,1.758241,-1.599167
4,311,1.159340,1.739010,-1.580151
4,312,1.226279,1.839419,-1.681127
4,313,1.202203,1.803305,-1.644796
4,314,1.185733,1.778599,-1.620113
4,315,1.156540,1.734811,-1.574172
4,316,1.129830,1.694744,-1.535975
4,317,1.164320,1.746480,-1.587623
4,318,1.176005,1.764008,-1.605730
4,319,1.162521,1.743781,-1.586239
4,320,1.216026,1.824040,-1.666820
4,321,1.147517,1.721275,-1.562864
4,322,1.219018,1.828526,-1.671567
4,323,1.185697,1.778546,-1.621462
4,324,1.188121,1.782181,-1.625505
4,325,1.183754,1.775632,-1.617911
4,326,1.177518,1.766277,-1.607945
4,327,1.179742,1.769613,-1.610733
4,328,1.147145,1.720717,-1.562449
4,329,1.137067,1.705601,-1.546971
4,330,1.141878,1.712818,-1.553035
4,331,1.160665,1.740998,-1.581117
4,332,1.138433,1.707650,-1.547365
4,333,1.191581,1.787372,-1.628168
4,334,1.121307,1.681960,-1.522409
4,335,1.157821,1.736731,-1.576141
4,336,1.138471,1.707707,-1.548139
4,337,1.123026,1.684539,-1.525426
4,338,1.137531,1.706296,-1.546304
4,339,1.143892,1.715838,-1.555541
4,340,1.153619,1.730429,-1.571091
4,341,1.134008,1.701012,-1.540078
4,342,1.092256,1.638385,-1.477919
4,343,1.101344,1.652016,-1.490451
4,344,1.107905,1.661858,-1.500997
4,345,1.121449,1.682173,-1.521531
4,346,1.178157,1.767236,-1.607056
4,347,1.147933,1.721900,-1.561390
4,348,1.148265,1.722397,-1.561883
4,349,1.195695,1.793543,-1.633454
4,350,1.135715,1.703572,-1.543103
4,351,1.121520,1.682279,-1.521798
4,352,1.152347,1.728520,-1.567653
4,353,1.100788,1.651182,-1.490002
4,354,1.115989,1.673983,-1.513787
4,355,1.125973,1.688959,-1.528527
4,356,1.130828,1.696242,-1.535559
4,357,1.092247,1.638371,-1.477598
4,358,1.111596,1.667394,-1.506288
4,359,1.115549,1.673323,-1.512203
4,360,1.146209,1.719313,-1.558330
4,361,1.100302,1.650452,-1.488716
4,362,1.144101,1.716152,-1.554991
4,363,1.098186,1.647279,-1.485997
4,364,1.138187,1.707280,-1.546179
4,365,1.133723,1.700585,-1.540080
4,366,1.119558,1.679336,-1.519002
4,367,1.133758,1.700637,-1.540963
4,368,1.180748,1.771123,-1.610944
4,369,1.144909,1.717363,-1.557857
4,370,1.185058,1.777587,-1.617627
4,371,1.140865,1.711298,-1.551092
4,372,1.198165,1.797247,-1.638056
4,373,1.172974,1.759461,-1.599948
4,374,1.175616,1.763424,-1.604307
4,375,1.190348,1.785522,-1.625749
4,376,1.178508,1.767762,-1.608055
4,377,1.156759,1.735138,-1.576234
4,378,1.194172,1.791258,-1.631649
4,379,1.216493,1.824740,-1.665666
4,380,1.196266,1.794399,-1.635307
4,381,1.192738,1.789108,-1.630353
4,382,1.226156,1.839234,-1.681534
4,383,1.221272,1.831908,-1.672995
4,384,1.200940,1.801410,-1.642601
4,385,1.210562,1.815843,-1.657044
4,386,1.191568,1.787353,-1.628999
4,387,1.140905,1.711358,-1.552372
4,388,1.164482,1.746723,-1.588161
4,389,1.159098,1.738647,-1.581317
4,390,1.130606,1.695909,-1.537975
4,391,1.137295,1.705943,-1.547650
4,392,1.191918,1.787877,-1.631158
4,393,1.167703,1.751554,-1.594258
4,394,1.189854,1.784781,-1.628283
4,395,1.162048,1.743072,-1.587193
4,396,1.202572,1.803858,-1.647748
4,397,1.215499,1.823249,-1.667601
4,398,1.218391,1.827586,-1.671879
4,399,1.220667,1.831000,-1.675006
4,400,1.200156,1.800234,-1.643765
4,401,1.209269,1.813903,-1.658475
4,402,1.201863,1.802794,-1.647446
4,403,1.166899,1.750349,-1.594595
4,404,1.146702,1.720054,-1.563246
4,405,1.187927,1.781890,-1.626018
4,406,1.159120,1.738680,-1.581856
4,407,1.176239,1.764358,-1.607144
4,408,1.165610,1.748415,-1.590676
4,409,1.149045,1.723568,-1.566517
4,410,1.209830,1.814744,-1.658802
4,411,1.186724,1.780086,-1.624685
4,412,1.173646,1.760470,-1.603678
4,413,1.184499,1.776748,-1.620554
4,414,1.184807,1.777211,-1.621322
4,415,1.157787,1.736680,-1.581392
4,416,1.222125,1.833187,-1.678868
4,417,1.178079,1.767119,-1.612889
4,418,1.218515,1.827773,-1.672897
4,419,1.176720,1.765080,-1.610300
4,420,1.235429,1.853144,-1.699972
4,421,1.201953,1.802929,-1.648929
4,422,1.226501,1.839751,-1.685346
4,423,1.211228,1.816842,-1.662026
4,424,1.209373,1.814060,-1.658954
4,425,1.229291,1.843936,-1.689236
4,426,1.185855,1.778782,-1.623351
4,427,1.189092,1.783637,-1.627837
4,428,1.159236,1.738854,-1.583853
4,429,1.166099,1.749148,-1.594215
4,430,1.124811,1.687217,-1.531441
4,431,1.178651,1.767976,-1.612664
4,432,1.174584,1.761876,-1.606646
4,433,1.192497,1.788746,-1.633396
4,434,1.172765,1.759148,-1.604271
4,435,1.162114,1.743171,-1.587682
4,436,1.158507,1.737761,-1.581254
4,437,1.128597,1.692896,-1.536735
4,438,1.179978,1.769967,-1.613625
4,439,1.173032,1.759547,-1.602759
4,440,1.159833,1.739750,-1.582932
4,441,1.168708,1.753062,-1.597335
4,442,1.167831,1.751747,-1.595487
4,443,1.179560,1.769340,-1.613352
4,444,1.157501,1.736252,-1.579854
4,445,1.181482,1.772224,-1.617061
4,446,1.209373,1.814059,-1.659030
4,447,1.204922,1.807382,-1.651775
4,448,1.251458,1.877188,-1.721269
4,449,1.297708,1.946562,-1.791977
4,450,1.327870,1.991805,-1.837805
4,451,1.333422,2.000133,-1.847020
4,452,1.338460,2.007689,-1.856262
4,453,1.307884,1.961825,-1.809536
4,454,1.328609,1.992914,-1.840077
4,455,1.302951,1.954426,-1.800512
4,456,1.239628,1.859442,-1.704233
4,457,1.282431,1.923646,-1.768564
4,458,1.212490,1.818735,-1.665194
4,459,1.230007,1.845010,-1.690137
4,460,1.187692,1.781538,-1.625976
4,461,1.187923,1.781885,-1.626263
4,462,1.186135,1.779203,-1.622386
4,463,1.168950,1.753425,-1.596881
4,464,1.167653,1.751480,-1.594305
4,465,1.153891,1.730836,-1.573910
4,466,1.174123,1.761184,-1.604503
4,467,1.169934,1.754900,-1.597427
4,468,1.167545,1.751317,-1.594390
4,469,1.158714,1.738071,-1.580070
4,470,1.200635,1.800953,-1.643559
4,471,1.167484,1.751226,-1.593870
4,472,1.229262,1.843893,-1.687669
4,473,1.231256,1.846883,-1.689889
4,474,1.198968,1.798452,-1.643232
4,475,1.197397,1.796095,-1.638709
4,476,1.181867,1.772800,-1.615741
4,477,1.198202,1.797303,-1.639923
4,478,1.151945,1.727917,-1.569573
4,479,1.136356,1.704534,-1.545285
4,480,1.121375,1.682063,-1.522280
4,481,1.127065,1.690597,-1.530563
4,482,1.089263,1.633895,-1.473581
4,483,1.134292,1.701438,-1.541696
4,484,1.102302,1.653453,-1.493582
4,485,1.142861,1.714291,-1.554037
4,486,1.123906,1.685859,-1.524972
4,487,1.110376,1.665564,-1.505277
4,488,1.112685,1.669027,-1.509986
4,489,1.129221,1.693831,-1.534244
4,490,1.157673,1.736509,-1.577396
4,491,1.124007,1.686011,-1.527506
4,492,1.170448,1.755672,-1.597019
4,493,1.140437,1.710655,-1.551431
4,494,1.162184,1.743276,-1.585240
4,495,1.151555,1.727333,-1.568893
4,496,1.173336,1.760003,-1.601997
4,497,1.176722,1.765084,-1.606348
4,498,1.140474,1.710711,-1.552810
4,499,1.130065,1.695098,-1.536649
4,500,1.172671,1.759006,-1.601507
4,501,1.166390,1.749585,-1.592073
4,502,1.129608,1.694412,-1.536240
4,503,1.154548,1.731822,-1.573678
4,504,1.161875,1.742813,-1.584404
4,505,1.149004,1.723506,-1.566507
4,506,1.132726,1.699089,-1.542317
4,507,1.158259,1.737389,-1.580479
4,508,1.127957,1.691935,-1.535038
4,509,1.154946,1.732419,-1.576208
4,510,1.176435,1.764652,-1.608135
4,511,1.168133,1.752199,-1.595101
4,512,1.115380,1.673070,-1.516558
4,513,1.166126,1.749189,-1.593418
4,514,1.118360,1.677540,-1.519760
4,515,1.161312,1.741968,-1.584824
4,516,1.183505,1.775258,-1.617891
4,517,1.160928,1.741391,-1.583584
4,518,1.208485,1.812728,-1.656246
4,519,1.144489,1.716734,-1.561964
4,520,1.194544,1.791816,-1.636296
4,521,1.172910,1.759365,-1.603617
4,522,1.169707,1.754560,-1.598312
4,523,1.145412,1.718119,-1.560757
4,524,1.224770,1.837155,-1.680339
4,525,1.226858,1.840287,-1.683401
4,526,1.218163,1.827244,-1.670135
4,527,1.219817,1.829725,-1.672295
4,528,1.161478,1.742217,-1.584183
4,529,1.169066,1.753599,-1.595325
4,530,1.186593,1.779890,-1.621480
4,531,1.140549,1.710823,-1.552661
4,532,1.203063,1.804594,-1.645413
4,533,1.193717,1.790575,-1.631512
4,534,1.154780,1.732170,-1.572605
4,535,1.176602,1.764904,-1.605946
4,536,1.139619,1.709428,-1.551129
4,537,1.161146,1.741719,-1.583224
4,538,1.116287,1.674430,-1.515598
4,539,1.174523,1.761785,-1.603203
4,540,1.148320,1.722481,-1.564471
4,541,1.199816,1.799724,-1.642185
4,542,1.160001,1.740001,-1.580788
4,543,1.205483,1.808224,-1.650038
4,544,1.166371,1.749557,-1.590923
4,545,1.201881,1.802822,-1.644529
4,546,1.160694,1.741041,-1.583174
4,547,1.192117,1.788176,-1.631005
4,548,1.160345,1.740518,-1.581874
4,549,1.182049,1.773074,-1.614223
4,550,1.221723,1.832585,-1.673510
4,551,1.185083,1.777624,-1.619474
4,552,1.212240,1.818360,-1.660141
4,553,1.188452,1.782679,-1.624590
4,554,1.206276,1.809415,-1.651252
4,555,1.187644,1.781466,-1.623347
4,556,1.181961,1.772941,-1.614582
4,557,1.188025,1.782037,-1.624367
4,558,1.192143,1.788215,-1.630693
4,559,1.205167,1.807750,-1.650331
4,560,1.151207,1.726811,-1.569201
4,561,1.162488,1.743732,-1.585123
4,562,1.128142,1.692213,-1.533110
4,563,1.169456,1.754184,-1.596523
4,564,1.199576,1.799364,-1.641960
4,565,1.183462,1.775193,-1.617751
4,566,1.172990,1.759485,-1.602057
4,567,1.152965,1.729448,-1.570591
4,568,1.166124,1.749187,-1.590367
4,569,1.156784,1.735177,-1.576464
4,570,1.140089,1.710133,-1.552292
4,571,1.155616,1.733424,-1.575240
4,572,1.155136,1.732704,-1.574242
4,573,1.169446,1.754169,-1.596086
4,574,1.167079,1.750618,-1.592637
4,575,1.205821,1.808731,-1.650846
4,576,1.200729,1.801094,-1.643061
4,577,1.188326,1.782489,-1.625002
4,578,1.204791,1.807187,-1.649503
4,579,1.223421,1.835132,-1.678039
4,580,1.186159,1.779239,-1.622122
4,581,1.168026,1.752039,-1.594446
4,582,1.133376,1.700064,-1.542670
4,583,1.176401,1.764601,-1.607672
4,584,1.148651,1.722976,-1.566194
4,585,1.166853,1.750279,-1.593568
4,586,1.178606,1.767909,-1.612702
4,587,1.203908,1.805862,-1.650462
4,588,1.216809,1.825214,-1.669604
4,589,1.272596,1.908894,-1.754317
4,590,1.219153,1.828729,-1.674279
4,591,1.246603,1.869905,-1.715413
4,592,1.269498,1.904247,-1.750128
4,593,1.233501,1.850252,-1.696590
4,594,1.263424,1.895136,-1.739828
4,595,1.246133,1.869200,-1.715113
4,596,1.251723,1.877584,-1.723434
4,597,1.232338,1.848507,-1.693466
4,598,1.223471,1.835206,-1.679448
4,599,1.185432,1.778148,-1.622078
4,600,1.188052,1.782078,-1.626268
4,601,1.168929,1.753394,-1.596668
4,602,1.176029,1.764044,-1.608057
4,603,1.187026,1.780538,-1.624557
4,604,1.213775,1.820663,-1.664743
4,605,1.211961,1.817942,-1.662140
4,606,1.172149,1.758223,-1.601480
4,607,1.190439,1.785658,-1.629093
4,608,1.200103,1.800154,-1.644461
4,609,1.204291,1.806437,-1.652215
4,610,1.211879,1.817818,-1.663565
4,611,1.244604,1.866906,-1.712712
4,612,1.216891,1.825336,-1.670758
4,613,1.226740,1.840110,-1.685664
4,614,1.249544,1.874316,-1.719157
4,615,1.214543,1.821814,-1.665254
4,616,1.203896,1.805844,-1.649298
4,617,1.193144,1.789715,-1.633162
4,618,1.192180,1.788270,-1.632204
4,619,1.219964,1.829946,-1.673910
4,620,1.125384,1.688076,-1.530878
4,621,1.194558,1.791837,-1.635346
4,622,1.136678,1.705017,-1.548522
4,623,1.117225,1.675837,-1.519404
4,624,1.203739,1.805609,-1.649007
4,625,1.135344,1.703016,-1.545956
4,626,1.152109,1.728164,-1.570701
4,627,1.141112,1.711668,-1.554072
4,628,1.136220,1.704330,-1.546972
4,629,1.128125,1.692188,-1.535017
4,630,1.116247,1.674371,-1.516176
4,631,1.108174,1.662261,-1.505185
4,632,1.165561,1.748342,-1.591131
4,633,1.138678,1.708017,-1.551845
4,634,1.149092,1.723639,-1.566268
4,635,1.171663,1.757495,-1.600750
4,636,1.147578,1.721367,-1.563215
4,637,1.120982,1.681472,-1.523603
4,638,1.158625,1.737938,-1.579614
4,639,1.145413,1.718119,-1.558856
4,640,1.161133,1.741700,-1.583297
4,641,1.130405,1.695608,-1.537722
4,642,1.190015,1.785022,-1.626789
4,643,1.159918,1.739877,-1.580624
4,644,1.136001,1.704002,-1.545073
4,645,1.123007,1.684511,-1.525466
4,646,1.163388,1.745082,-1.585452
4,647,1.167565,1.751347,-1.591408
4,648,1.134697,1.702045,-1.541278
4,649,1.159852,1.739778,-1.579187
4,650,1.132716,1.699074,-1.539384
4,651,1.173181,1.759772,-1.600590
4,652,1.132444,1.698666,-1.537990
4,653,1.186447,1.779671,-1.620111
4,654,1.145824,1.718737,-1.560489
4,655,1.182141,1.773211,-1.614114
4,656,1.167616,1.751424,-1.591608
4,657,1.154756,1.732134,-1.572998
4,658,1.136318,1.704477,-1.545321
4,659,1.160380,1.740571,-1.581949
4,660,1.150326,1.725489,-1.567815
4,661,1.166546,1.749819,-1.591458
4,662,1.160039,1.740058,-1.581233
4,663,1.145189,1.717783,-1.559416
4,664,1.161610,1.742415,-1.585422
4,665,1.164239,1.746359,-1.588859
4,666,1.165378,1.748067,-1.590394
4,667,1.133458,1.700186,-1.542660
4,668,1.165815,1.748722,-1.591313
4,669,1.186150,1.779225,-1.621574
4,670,1.168189,1.752284,-1.595834
4,671,1.183500,1.775250,-1.619147
4,672,1.142902,1.714353,-1.558018
4,673,1.209297,1.813946,-1.658395
4,674,1.204014,1.806021,-1.650017
4,675,1.184825,1.777238,-1.621377
4,676,1.207450,1.811175,-1.655642
4,677,1.208166,1.812248,-1.656407
4,678,1.241345,1.862017,-1.706732
4,679,1.239197,1.858795,-1.703990
4,680,1.187515,1.781272,-1.626074
4,681,1.267241,1.900862,-1.745725
4,682,1.202304,1.803456,-1.648027
4,683,1.198195,1.797293,-1.642245
4,684,1.206911,1.810367,-1.654973
4,685,1.220721,1.831082,-1.676132
4,686,1.215844,1.823766,-1.668257
4,687,1.191857,1.787785,-1.633936
4,688,1.226040,1.839060,-1.683829
4,689,1.173199,1.759799,-1.604361
4,690,1.190465,1.785698,-1.630873
4,691,1.244121,1.866181,-1.711911
4,692,1.184625,1.776937,-1.623197
4,693,1.208884,1.813327,-1.658703
4,694,1.224666,1.836999,-1.683366
4,695,1.210214,1.815321,-1.661100
4,696,1.241282,1.861924,-1.707741
4,697,1.228520,1.842780,-1.688900
4,698,1.223635,1.835452,-1.680700
4,699,1.226668,1.840002,-1.685599
4,700,1.237745,1.856618,-1.702201
4,701,1.232165,1.848247,-1.693954
4,702,1.214426,1.821640,-1.666943
4,703,1.229778,1.844667,-1.690275
4,704,1.226647,1.839970,-1.687201
4,705,1.209140,1.813710,-1.659221
4,706,1.208554,1.812830,-1.658702
4,707,1.219736,1.829605,-1.676531
4,708,1.212184,1.818277,-1.665982
4,709,1.217741,1.826611,-1.673045
4,710,1.223336,1.835004,-1.682605
4,711,1.261270,1.891905,-1.738490
4,712,1.264718,1.897077,-1.744016
4,713,1.254561,1.881841,-1.727825
4,714,1.203194,1.804791,-1.650838
4,715,1.181488,1.772232,-1.617790
4,716,1.219075,1.828613,-1.674567
4,717,1.206442,1.809662,-1.655955
4,718,1.181989,1.772983,-1.618528
4,719,1.169531,1.754297,-1.599481
4,720,1.174986,1.762478,-1.607735
4,721,1.200437,1.800656,-1.646847
4,722,1.195566,1.793349,-1.638546
4,723,1.202777,1.804165,-1.649502
4,724,1.185534,1.778301,-1.624713
4,725,1.172420,1.758630,-1.602898
4,726,1.168709,1.753064,-1.596989
4,727,1.141525,1.712288,-1.555910
4,728,1.123445,1.685167,-1.528059
4,729,1.164173,1.746259,-1.589749
4,730,1.190838,1.786257,-1.628761
4,731,1.157455,1.736182,-1.578683
4,732,1.182326,1.773489,-1.615624
4,733,1.227791,1.841687,-1.683910
4,734,1.186242,1.779364,-1.621457
4,735,1.206913,1.810370,-1.652560
4,736,1.202581,1.803871,-1.645579
4,737,1.191246,1.786870,-1.628493
4,738,1.203536,1.805304,-1.646694
4,739,1.196583,1.794875,-1.636439
4,740,1.226891,1.840336,-1.682444
4,741,1.197747,1.796621,-1.639070
4,742,1.193938,1.790906,-1.632063
4,743,1.171754,1.757631,-1.597766
4,744,1.126934,1.690401,-1.530313
4,745,1.116733,1.675099,-1.515388
4,746,1.112885,1.669327,-1.509152
4,747,1.081401,1.622101,-1.461640
4,748,1.107216,1.660824,-1.499998
4,749,1.059663,1.589494,-1.427167
4,750,1.067090,1.600636,-1.439357
4,751,1.038035,1.557053,-1.394954
4,752,1.067267,1.600900,-1.438714
4,753,1.072089,1.608133,-1.446670
4,754,1.063693,1.595539,-1.433891
4,755,1.067571,1.601357,-1.439348
4,756,1.079631,1.619447,-1.457982
4,757,1.065884,1.598827,-1.437378
4,758,1.084367,1.626551,-1.465308
4,759,1.048037,1.572056,-1.411169
4,760,1.085412,1.628118,-1.467388
4,761,1.072471,1.608706,-1.447406
4,762,1.054615,1.581922,-1.421171
4,763,1.060208,1.590311,-1.429763
4,764,1.044464,1.566697,-1.406058
4,765,1.094321,1.641481,-1.481811
4,766,1.128617,1.692925,-1.532665
4,767,1.099605,1.649407,-1.489641
4,768,1.109202,1.663804,-1.503100
4,769,1.134425,1.701638,-1.541562
4,770,1.132494,1.698741,-1.538503
4,771,1.088557,1.632836,-1.473560
4,772,1.130100,1.695150,-1.535467
4,773,1.109744,1.664616,-1.505979
4,774,1.151496,1.727244,-1.568340
4,775,1.139289,1.708933,-1.549707
4,776,1.130111,1.695167,-1.537073
4,777,1.128086,1.692129,-1.534134
4,778,1.140775,1.711162,-1.553724
4,779,1.146264,1.719395,-1.561424
4,780,1.196209,1.794314,-1.636711
4,781,1.184676,1.777014,-1.620083
4,782,1.199861,1.799792,-1.641871
4,783,1.205414,1.808121,-1.650176
4,784,1.227560,1.841340,-1.685046
4,785,1.233556,1.850334,-1.695449
4,786,1.260135,1.890202,-1.734952
4,787,1.319392,1.979089,-1.824988
4,788,1.249277,1.873916,-1.719546
4,789,1.296802,1.945203,-1.791117
4,790,1.289915,1.934872,-1.780482
4,791,1.282981,1.924472,-1.769853
4,792,1.265073,1.897610,-1.743178
4,793,1.249157,1.873735,-1.720722
4,794,1.243298,1.864946,-1.711149
4,795,1.218566,1.827849,-1.673384
4,796,1.192572,1.788858,-1.634259
4,797,1.225147,1.837720,-1.682528
4,798,1.179147,1.768720,-1.612992
4,799,1.187810,1.781715,-1.626908
4,800,1.166994,1.750491,-1.595552
4,801,1.152970,1.729455,-1.573470
4,802,1.146420,1.719630,-1.563301
4,803,1.171875,1.757812,-1.601422
4,804,1.167315,1.750972,-1.594134
4,805,1.138255,1.707383,-1.551131
4,806,1.149647,1.724471,-1.568650
4,807,1.152788,1.729181,-1.573681
4,808,1.140817,1.711226,-1.555062
4,809,1.094913,1.642369,-1.485534
4,810,1.111009,1.666514,-1.510003
4,811,1.152967,1.729451,-1.572401
4,812,1.114628,1.671943,-1.514409
4,813,1.123019,1.684528,-1.527107
4,814,1.109479,1.664219,-1.506585
4,815,1.141449,1.712174,-1.553367
4,816,1.145102,1.717653,-1.558546
4,817,1.100778,1.651167,-1.492023
4,818,1.136885,1.705328,-1.546259
4,819,1.092411,1.638616,-1.480984
4,820,1.151086,1.726629,-1.568248
4,821,1.115344,1.673016,-1.513697
4,822,1.099291,1.648936,-1.490786
4,823,1.143993,1.715989,-1.557632
4,824,1.148305,1.722457,-1.564497
4,825,1.125606,1.688409,-1.530420
4,826,1.150671,1.726007,-1.568885
4,827,1.135741,1.703611,-1.545227
4,828,1.120157,1.680236,-1.521675
4,829,1.166800,1.750200,-1.591986
4,830,1.150788,1.726181,-1.568225
4,831,1.159552,1.739328,-1.582187
4,832,1.178502,1.767752,-1.610332
4,833,1.167610,1.751415,-1.593127
4,834,1.173358,1.760036,-1.602315
4,835,1.155138,1.732707,-1.574675
4,836,1.172548,1.758822,-1.600827
4,837,1.161879,1.742819,-1.584352
4,838,1.186748,1.780122,-1.621123
4,839,1.134330,1.701496,-1.541477
4,840,1.156597,1.734895,-1.575274
4,841,1.120482,1.680723,-1.522019
4,842,1.138886,1.708330,-1.549460
4,843,1.163911,1.745867,-1.587478
4,844,1.141463,1.712195,-1.553897
4,845,1.167758,1.751637,-1.594264
4,846,1.195652,1.793479,-1.636219
4,847,1.199469,1.799204,-1.642181
4,848,1.152749,1.729123,-1.571932
4,849,1.213898,1.820847,-1.663571
4,850,1.185985,1.778978,-1.621277
4,851,1.191530,1.787296,-1.630181
4,852,1.166810,1.750215,-1.592972
4,853,1.159952,1.739928,-1.581627
4,854,1.130850,1.696275,-1.537204
4,855,1.140777,1.711166,-1.551519
4,856,1.135175,1.702762,-1.543556
4,857,1.129959,1.694938,-1.536070
4,858,1.110960,1.666440,-1.507660
4,859,1.141896,1.712844,-1.554747
4,860,1.103687,1.655531,-1.497122
4,861,1.154747,1.732121,-1.573867
4,862,1.149867,1.724800,-1.567662
4,863,1.135598,1.703396,-1.546165
4,864,1.177852,1.766778,-1.610337
4,865,1.216754,1.825131,-1.668969
4,866,1.155252,1.732878,-1.575864
4,867,1.222461,1.833691,-1.677600
4,868,1.189964,1.784946,-1.628612
4,869,1.171520,1.757280,-1.600697
4,870,1.196462,1.794694,-1.637982
4,871,1.146680,1.720021,-1.561907
4,872,1.191766,1.787649,-1.630768
4,873,1.159340,1.739010,-1.580517
4,874,1.197346,1.796019,-1.638434
4,875,1.174866,1.762299,-1.605606
4,876,1.199036,1.798554,-1.643038
4,877,1.198238,1.797357,-1.641995
4,878,1.169539,1.754309,-1.598334
4,879,1.203133,1.804699,-1.648539
4,880,1.190052,1.785078,-1.628713
4,881,1.173405,1.760107,-1.602628
4,882,1.165891,1.748837,-1.591423
4,883,1.198039,1.797059,-1.639995
4,884,1.205562,1.808344,-1.650306
4,885,1.169773,1.754659,-1.598224
4,886,1.148180,1.722270,-1.565666
4,887,1.170524,1.755786,-1.599314
4,888,1.203350,1.805024,-1.648726
4,889,1.168710,1.753065,-1.596891
4,890,1.153703,1.730555,-1.575928
4,891,1.175893,1.763839,-1.608160
4,892,1.250382,1.875573,-1.720393
4,893,1.204789,1.807184,-1.651808
4,894,1.219847,1.829770,-1.674799
4,895,1.260146,1.890219,-1.735805
4,896,1.235010,1.852515,-1.698374
4,897,1.210230,1.815345,-1.660412
4,898,1.268496,1.902744,-1.749189
4,899,1.256695,1.885043,-1.731586
4,900,1.231813,1.847720,-1.693357
4,901,1.249149,1.873724,-1.720506
4,902,1.257201,1.885801,-1.732136
4,903,1.280663,1.920994,-1.767310
4,904,1.224296,1.836444,-1.682035
4,905,1.248987,1.873481,-1.719573
4,906,1.267865,1.901798,-1.747247
4,907,1.262450,1.893676,-1.739581
4,908,1.217791,1.826686,-1.673637
4,909,1.224109,1.836164,-1.682547
4,910,1.266169,1.899253,-1.745574
4,911,1.259926,1.889889,-1.736392
4,912,1.272351,1.908527,-1.756076
4,913,1.252238,1.878357,-1.725153
4,914,1.208271,1.812406,-1.662237
4,915,1.247341,1.871011,-1.718999
4,916,1.219502,1.829253,-1.677165
4,917,1.204810,1.807215,-1.654624
4,918,1.224316,1.836474,-1.684093
4,919,1.200807,1.801210,-1.648669
4,920,1.200550,1.800825,-1.648574
4,921,1.174629,1.761944,-1.609006
4,922,1.258057,1.887086,-1.734653
4,923,1.208464,1.812696,-1.659997
4,924,1.224386,1.836579,-1.682344
4,925,1.222012,1.833017,-1.678529
4,926,1.187285,1.780927,-1.625684
4,927,1.190842,1.786262,-1.631528
4,928,1.206255,1.809383,-1.654464
4,929,1.192895,1.789342,-1.633236
4,930,1.171897,1.757845,-1.602855
4,931,1.188858,1.783287,-1.628542
4,932,1.202323,1.803485,-1.648327
4,933,1.169862,1.754793,-1.598586
4,934,1.171225,1.756838,-1.599869
4,935,1.183290,1.774934,-1.618837
4,936,1.197460,1.796190,-1.639996
4,937,1.197737,1.796605,-1.640429
4,938,1.181891,1.772836,-1.615851
4,939,1.202823,1.804234,-1.647537
4,940,1.198696,1.798044,-1.640023
4,941,1.189911,1.784867,-1.626038
4,942,1.197294,1.795941,-1.637879
4,943,1.172440,1.758659,-1.600064
4,944,1.172156,1.758234,-1.599346
4,945,1.195473,1.793210,-1.634909
4,946,1.162785,1.744177,-1.586728
4,947,1.169577,1.754366,-1.596464
4,948,1.153231,1.729846,-1.572908
4,949,1.177284,1.765926,-1.608521
4,950,1.141582,1.712373,-1.554798
4,951,1.124268,1.686401,-1.527828
4,952,1.157267,1.735901,-1.577676
4,953,1.177924,1.766885,-1.609027
4,954,1.172678,1.759017,-1.600278
4,955,1.145656,1.718484,-1.558775
4,956,1.157077,1.735615,-1.576185
4,957,1.176823,1.765234,-1.606944
4,958,1.178455,1.767682,-1.608083
4,959,1.143773,1.715659,-1.555667
4,960,1.141842,1.712763,-1.553074
4,961,1.144572,1.716858,-1.557291
4,962,1.139203,1.708805,-1.549123
4,963,1.123225,1.684838,-1.525035
4,964,1.162766,1.744149,-1.584461
4,965,1.161799,1.742698,-1.583139
4,966,1.129450,1.694174,-1.534184
4,967,1.182308,1.773462,-1.614445
4,968,1.139149,1.708724,-1.549910
4,969,1.142486,1.713730,-1.554936
4,970,1.145665,1.718498,-1.559690
4,971,1.114507,1.671761,-1.511900
4,972,1.159176,1.738764,-1.579801
4,973,1.165594,1.748391,-1.589201
4,974,1.189631,1.784447,-1.626445
4,975,1.173442,1.760163,-1.600502
4,976,1.156643,1.734965,-1.575914
4,977,1.193651,1.790477,-1.632111
4,978,1.199463,1.799195,-1.639620
4,979,1.196417,1.794625,-1.635887
4,980,1.237536,1.856304,-1.697645
4,981,1.193762,1.790643,-1.632936
4,982,1.201596,1.802394,-1.642998
4,983,1.222561,1.833842,-1.674843
4,984,1.214450,1.821675,-1.662494
4,985,1.204114,1.806171,-1.647079
4,986,1.213445,1.820167,-1.660294
4,987,1.182054,1.773080,-1.613202
4,988,1.199341,1.799012,-1.638680
4,989,1.175774,1.763661,-1.603953
4,990,1.176695,1.765043,-1.606007
4,991,1.180943,1.771414,-1.612283
4,992,1.221107,1.831660,-1.672810
4,993,1.176099,1.764148,-1.605334
4,994,1.167254,1.750880,-1.590497
4,995,1.178825,1.768238,-1.607994
4,996,1.127756,1.691634,-1.532619
4,997,1.116892,1.675338,-1.515080
4,998,1.134911,1.702366,-1.541223
4,999,1.122427,1.683641,-1.522642
4,1000,1.115924,1.673886,-1.512998
5,1,0.928675,1.393013,-1.366067
5,2,0.956115,1.434172,-1.408375
5,3,0.937011,1.405517,-1.379972
5,4,0.990417,1.485626,-1.458767
5,5,0.960694,1.441041,-1.413925
5,6,0.962640,1.443960,-1.417324
5,7,0.998836,1.498253,-1.471687
5,8,1.019010,1.528515,-1.502050
5,9,1.014257,1.521385,-1.494392
5,10,1.025812,1.538717,-1.512715
5,11,1.024257,1.536386,-1.509706
5,12,1.033238,1.549858,-1.523579
5,13,1.012691,1.519036,-1.492851
5,14,1.016120,1.524179,-1.499166
5,15,1.007344,1.511016,-1.485776
5,16,1.022409,1.533613,-1.509408
5,17,0.996573,1.494859,-1.470006
5,18,1.030038,1.545057,-1.520917
5,19,1.032700,1.549050,-1.524759
5,20,1.070763,1.606145,-1.581424
5,21,1.047187,1.570781,-1.546351
5,22,1.070020,1.605029,-1.581092
5,23,1.022752,1.534128,-1.510684
5,24,1.054441,1.581662,-1.557185
5,25,1.057457,1.586185,-1.561277
5,26,1.047376,1.571063,-1.547089
5,27,1.061548,1.592323,-1.568180
5,28,1.033491,1.550237,-1.526058
5,29,1.049838,1.574757,-1.550642
5,30,1.087993,1.631990,-1.607906
5,31,1.041719,1.562579,-1.538377
5,32,1.065867,1.598800,-1.575343
5,33,1.081773,1.622659,-1.598979
5,34,1.039241,1.558862,-1.535231
5,35,1.079090,1.618635,-1.594565
5,36,1.021764,1.532646,-1.508050
5,37,1.011404,1.517105,-1.492304
5,38,1.017366,1.526048,-1.501518
5,39,1.041242,1.561862,-1.537981
5,40,1.017793,1.526690,-1.503606
5,41,1.065368,1.598052,-1.574657
5,42,1.101293,1.651940,-1.628521
5,43,1.069246,1.603870,-1.580081
5,44,1.076246,1.614369,-1.591377
5,45,1.039943,1.559914,-1.536582
5,46,1.037653,1.556480,-1.532715
5,47,1.034183,1.551274,-1.526704
5,48,1.045095,1.567643,-1.544088
5,49,1.030702,1.546053,-1.523159
5,50,1.061375,1.592063,-1.569142
5,51,1.046817,1.570225,-1.547331
5,52,1.101044,1.651566,-1.629352
5,53,1.079525,1.619288,-1.597178
5,54,1.091868,1.637802,-1.615720
5,55,1.099413,1.649119,-1.626433
5,56,1.084072,1.626109,-1.602681
5,57,1.056647,1.584970,-1.561748
5,58,1.068491,1.602736,-1.580587
5,59,1.071586,1.607380,-1.585579
5,60,1.058589,1.587883,-1.566056
5,61,1.077694,1.616542,-1.594641
5,62,1.048835,1.573252,-1.550827
5,63,1.104371,1.656557,-1.635208
5,64,1.056876,1.585314,-1.563940
5,65,1.062851,1.594276,-1.572459
5,66,1.076350,1.614524,-1.592758
5,67,1.067242,1.600862,-1.578344
5,68,1.104205,1.656307,-1.634519
5,69,1.108378,1.662567,-1.640455
5,70,1.114758,1.672137,-1.648985
5,71,1.165252,1.747878,-1.726545
5,72,1.132901,1.699351,-1.677471
5,73,1.140722,1.711083,-1.689019
5,74,1.128423,1.692634,-1.671353
5,75,1.121873,1.682810,-1.661665
5,76,1.131996,1.697993,-1.676167
5,77,1.098602,1.647903,-1.625762
5,78,1.067961,1.601942,-1.578666
5,79,1.084659,1.626988,-1.605213
5,80,1.085245,1.627868,-1.606270
5,81,1.088672,1.633008,-1.610959
5,82,1.093327,1.639991,-1.618341
5,83,1.104879,1.657319,-1.635961
5,84,1.137950,1.706925,-1.686210
5,85,1.140373,1.710560,-1.690902
5,86,1.117980,1.676970,-1.656879
5,87,1.110355,1.665533,-1.644859
5,88,1.141433,1.712149,-1.691900
5,89,1.146740,1.720110,-1.699803
5,90,1.133232,1.699848,-1.679245
5,91,1.127385,1.691078,-1.670145
5,92,1.081920,1.622880,-1.602014
5,93,1.107311,1.660966,-1.639916
5,94,1.115903,1.673855,-1.653140
5,95,1.042414,1.563622,-1.541158
5,96,1.088157,1.632236,-1.610709
5,97,1.091522,1.637283,-1.615437
5,98,1.069587,1.604380,-1.581537
5,99,1.100293,1.650439,-1.627055
5,100,1.070251,1.605376,-1.581626
5,101,1.089855,1.634783,-1.610904
5,102,0.998762,1.498143,-1.473664
5,103,1.062880,1.594320,-1.570604
5,104,1.039548,1.559322,-1.535529
5,105,1.035138,1.552707,-1.529566
5,106,1.048487,1.572731,-1.549476
5,107,1.022682,1.534023,-1.510388
5,108,1.020392,1.530588,-1.505667
5,109,1.033108,1.549663,-1.524985
5,110,1.033103,1.549654,-1.525632
5,111,1.036993,1.555490,-1.532422
5,112,1.046536,1.569804,-1.546192
5,113,1.082026,1.623038,-1.599128
5,114,1.095872,1.643807,-1.620185
5,115,1.126579,1.689869,-1.666472
5,116,1.112211,1.668317,-1.644655
5,117,1.134423,1.701635,-1.678004
5,118,1.091688,1.637532,-1.613889
5,119,1.105843,1.658764,-1.635463
5,120,1.078815,1.618222,-1.594994
5,121,1.108669,1.663003,-1.639799
5,122,1.111049,1.666573,-1.643789
5,123,1.086567,1.629851,-1.607236
5,124,1.100084,1.650126,-1.628243
5,125,1.063979,1.595969,-1.575200
5,126,1.070466,1.605699,-1.583179
5,127,1.065418,1.598128,-1.576808
5,128,1.092091,1.638137,-1.617773
5,129,1.078017,1.617025,-1.596059
5,130,1.101303,1.651955,-1.630922
5,131,1.059619,1.589429,-1.567620
5,132,1.056506,1.584759,-1.563304
5,133,1.059767,1.589651,-1.567934
5,134,1.077485,1.616228,-1.594813
5,135,1.068527,1.602791,-1.581165
5,136,1.086392,1.629588,-1.608347
5,137,1.101000,1.651500,-1.629637
5,138,1.070456,1.605684,-1.583620
5,139,1.075933,1.613899,-1.592006
5,140,1.067879,1.601818,-1.578763
5,141,1.079661,1.619491,-1.597311
5,142,1.049178,1.573767,-1.551717
5,143,1.088999,1.633498,-1.611530
5,144,1.079262,1.618893,-1.597272
5,145,1.052102,1.578153,-1.555842
5,146,1.083635,1.625452,-1.604051
5,147,1.069668,1.604502,-1.583443
5,148,1.082698,1.624047,-1.602854
5,149,1.094617,1.641926,-1.620695
5,150,1.109809,1.664714,-1.643849
5,151,1.116443,1.674664,-1.654386
5,152,1.126580,1.689869,-1.669839
5,153,1.159668,1.739502,-1.720760
5,154,1.114808,1.672212,-1.653165
5,155,1.145858,1.718787,-1.699515
5,156,1.121454,1.682181,-1.663289
5,157,1.142283,1.713425,-1.694613
5,158,1.113049,1.669573,-1.650563
5,159,1.150870,1.726306,-1.707237
5,160,1.126568,1.689852,-1.671013
5,161,1.131285,1.696928,-1.677688
5,162,1.141218,1.711827,-1.692429
5,163,1.148777,1.723165,-1.704521
5,164,1.134906,1.702360,-1.682229
5,165,1.116173,1.674260,-1.653562
5,166,1.085744,1.628616,-1.607801
5,167,1.096095,1.644143,-1.624307
5,168,1.084052,1.626078,-1.605580
5,169,1.070133,1.605199,-1.583966
5,170,1.098290,1.647435,-1.626520
5,171,1.102715,1.654072,-1.632368
5,172,1.095355,1.643032,-1.621682
5,173,1.121327,1.681991,-1.660826
5,174,1.125157,1.687736,-1.666658
5,175,1.113085,1.669628,-1.647979
5,176,1.103895,1.655842,-1.634564
5,177,1.098441,1.647661,-1.625647
5,178,1.104426,1.656638,-1.634180
5,179,1.091803,1.637705,-1.616355
5,180,1.106706,1.660059,-1.638169
5,181,1.095892,1.643838,-1.621727
5,182,1.079702,1.619553,-1.597947
5,183,1.067415,1.601122,-1.579386
5,184,1.049550,1.574324,-1.552749
5,185,1.077318,1.615976,-1.594795
5,186,1.034920,1.552380,-1.530631
5,187,1.038796,1.558194,-1.537414
5,188,1.018216,1.527324,-1.506986
5,189,1.063221,1.594831,-1.575101
5,190,1.101886,1.652830,-1.634602
5,191,1.127056,1.690585,-1.672986
5,192,1.103384,1.655075,-1.637766
5,193,1.120276,1.680414,-1.663342
5,194,1.136210,1.704315,-1.686556
5,195,1.133257,1.699886,-1.682346
5,196,1.133480,1.700220,-1.681926
5,197,1.158902,1.738353,-1.719491
5,198,1.087736,1.631603,-1.612879
5,199,1.112344,1.668516,-1.650630
5,200,1.097662,1.646493,-1.628022
5,201,1.075749,1.613623,-1.595141
5,202,1.086226,1.629339,-1.611311
5,203,1.082994,1.624491,-1.606293
5,204,1.063226,1.594839,-1.575880
5,205,1.064286,1.596429,-1.577351
5,206,1.061284,1.591927,-1.572626
5,207,1.076066,1.614099,-1.595521
5,208,1.084870,1.627305,-1.608162
5,209,1.088707,1.633061,-1.614096
5,210,1.112038,1.668057,-1.649392
5,211,1.124870,1.687304,-1.668965
5,212,1.149376,1.724064,-1.706447
5,213,1.163444,1.745165,-1.728703
5,214,1.182180,1.773270,-1.757399
5,215,1.163604,1.745405,-1.730025
5,216,1.208151,1.812226,-1.797820
5,217,1.223027,1.834541,-1.820353
5,218,1.184944,1.777416,-1.763946
5,219,1.270886,1.906329,-1.893920
5,220,1.261625,1.892438,-1.879200
5,221,1.246655,1.869982,-1.855649
5,222,1.265458,1.898188,-1.885331
5,223,1.296813,1.945220,-1.931656
5,224,1.225546,1.838319,-1.823912
5,225,1.255912,1.883867,-1.870271
5,226,1.238638,1.857957,-1.842963
5,227,1.206999,1.810498,-1.795037
5,228,1.224004,1.836005,-1.819847
5,229,1.208125,1.812188,-1.795562
5,230,1.218236,1.827353,-1.810442
5,231,1.208237,1.812355,-1.795300
5,232,1.210351,1.815526,-1.797807
5,233,1.205204,1.807806,-1.790553
5,234,1.194655,1.791983,-1.774606
5,235,1.214397,1.821595,-1.804745
5,236,1.189422,1.784133,-1.766475
5,237,1.175818,1.763727,-1.746146
5,238,1.171303,1.756955,-1.738176
5,239,1.206290,1.809436,-1.790670
5,240,1.167633,1.751450,-1.733125
5,241,1.190045,1.785068,-1.765723
5,242,1.165928,1.748893,-1.730812
5,243,1.151289,1.726934,-1.708105
5,244,1.122867,1.684301,-1.664769
5,245,1.140085,1.710127,-1.690823
5,246,1.133568,1.700353,-1.680575
5,247,1.098313,1.647469,-1.627409
5,248,1.146883,1.720325,-1.700388
5,249,1.151988,1.727983,-1.708509
5,250,1.150902,1.726354,-1.705697
5,251,1.144278,1.716418,-1.695586
5,252,1.132900,1.699350,-1.677880
5,253,1.173517,1.760276,-1.739386
5,254,1.125157,1.687735,-1.666412
5,255,1.141508,1.712263,-1.692019
5,256,1.131721,1.697582,-1.675959
5,257,1.112550,1.668825,-1.647612
5,258,1.145274,1.717911,-1.697741
5,259,1.100457,1.650685,-1.630847
5,260,1.160547,1.740820,-1.720284
5,261,1.174289,1.761433,-1.741543
5,262,1.178343,1.767514,-1.748256
5,263,1.164883,1.747325,-1.728245
5,264,1.181305,1.771958,-1.752527
5,265,1.119616,1.679423,-1.660410
5,266,1.123986,1.685979,-1.667074
5,267,1.117128,1.675693,-1.656013
5,268,1.127602,1.691403,-1.672621
5,269,1.117604,1.676407,-1.656868
5,270,1.120755,1.681132,-1.661780
5,271,1.098695,1.648043,-1.629180
5,272,1.118894,1.678341,-1.658148
5,273,1.084926,1.627388,-1.606625
5,274,1.109155,1.663733,-1.643400
5,275,1.125511,1.688266,-1.667667
5,276,1.125712,1.688567,-1.668321
5,277,1.107307,1.660961,-1.640312
5,278,1.071969,1.607953,-1.587327
5,279,1.092341,1.638512,-1.618784
5,280,1.076414,1.614622,-1.593828
5,281,1.074997,1.612495,-1.591856
5,282,1.096375,1.644563,-1.624256
5,283,1.070347,1.605520,-1.584210
5,284,1.111830,1.667745,-1.647045
5,285,1.098143,1.647214,-1.626072
5,286,1.107605,1.661407,-1.640962
5,287,1.133661,1.700492,-1.680108
5,288,1.118320,1.677480,-1.656557
5,289,1.135126,1.702689,-1.683188
5,290,1.134876,1.702314,-1.682579
5,291,1.117508,1.676262,-1.656820
5,292,1.136555,1.704832,-1.684853
5,293,1.136275,1.704412,-1.685232
5,294,1.125442,1.688163,-1.668168
5,295,1.129821,1.694732,-1.673948
5,296,1.140997,1.711495,-1.691637
5,297,1.106738,1.660107,-1.639748
5,298,1.183295,1.774942,-1.755418
5,299,1.142443,1.713665,-1.693763
5,300,1.135557,1.703336,-1.682964
5,301,1.129936,1.694904,-1.674290
5,302,1.115583,1.673374,-1.652415
5,303,1.144739,1.717109,-1.696231
5,304,1.105614,1.658421,-1.636680
5,305,1.078615,1.617922,-1.597637
5,306,1.096679,1.645019,-1.624385
5,307,1.058775,1.588163,-1.566968
5,308,1.087606,1.631409,-1.610360
5,309,1.023849,1.535773,-1.515228
5,310,1.058188,1.587282,-1.565364
5,311,1.049569,1.574353,-1.552249
5,312,1.045355,1.568033,-1.546031
5,313,1.049776,1.574663,-1.552032
5,314,1.077312,1.615967,-1.593334
5,315,1.058005,1.587008,-1.564057
5,316,1.062355,1.593532,-1.571343
5,317,1.082552,1.623828,-1.601719
5,318,1.095760,1.643641,-1.622346
5,319,1.085952,1.628928,-1.607714
5,320,1.117789,1.676684,-1.655661
5,321,1.092242,1.638363,-1.617577
5,322,1.074070,1.611104,-1.588975
5,323,1.095176,1.642763,-1.620362
5,324,1.073619,1.610429,-1.588384
5,325,1.065122,1.597684,-1.574477
5,326,1.033696,1.550544,-1.527419
5,327,1.049891,1.574836,-1.552807
5,328,1.067064,1.600595,-1.578205
5,329,1.023901,1.535851,-1.513422
5,330,1.070117,1.605176,-1.583322
5,331,1.077374,1.616061,-1.594650
5,332,1.120232,1.680348,-1.659774
5,333,1.099002,1.648503,-1.627700
5,334,1.114379,1.671569,-1.652044
5,335,1.157690,1.736535,-1.717574
5,336,1.178391,1.767586,-1.748003
5,337,1.142374,1.713562,-1.693312
5,338,1.075068,1.612602,-1.591071
5,339,1.133732,1.700599,-1.680524
5,340,1.131352,1.697028,-1.676355
5,341,1.124643,1.686964,-1.666127
5,342,1.136476,1.704715,-1.684097
5,343,1.114765,1.672148,-1.651265
5,344,1.155653,1.733480,-1.713644
5,345,1.138324,1.707486,-1.686875
5,346,1.136595,1.704892,-1.684667
5,347,1.175178,1.762767,-1.742480
5,348,1.146020,1.719030,-1.697921
5,349,1.167393,1.751090,-1.730227
5,350,1.101160,1.651740,-1.630030
5,351,1.140748,1.711123,-1.689577
5,352,1.114633,1.671949,-1.651012
5,353,1.092656,1.638984,-1.617127
5,354,1.099526,1.649288,-1.628168
5,355,1.087182,1.630774,-1.609335
5,356,1.115449,1.673174,-1.651243
5,357,1.111817,1.667725,-1.645193
5,358,1.122713,1.684069,-1.661860
5,359,1.133147,1.699721,-1.677217
5,360,1.132478,1.698717,-1.676301
5,361,1.124283,1.686424,-1.663654
5,362,1.120136,1.680204,-1.657207
5,363,1.112713,1.669069,-1.646250
5,364,1.096560,1.644840,-1.621907
5,365,1.088551,1.632826,-1.609739
5,366,1.096506,1.644760,-1.622366
5,367,1.105527,1.658290,-1.635846
5,368,1.064081,1.596121,-1.573320
5,369,1.082451,1.623677,-1.601322
5,370,1.069467,1.604201,-1.582457
5,371,1.067989,1.601983,-1.580459
5,372,1.063970,1.595955,-1.573585
5,373,1.063420,1.595130,-1.572645
5,374,1.051467,1.577201,-1.554390
5,375,1.075827,1.613740,-1.591359
5,376,1.068383,1.602575,-1.580638
5,377,1.068495,1.602742,-1.581773
5,378,1.101542,1.652314,-1.631339
5,379,1.075794,1.613692,-1.593160
5,380,1.061340,1.592010,-1.571253
5,381,1.076508,1.614762,-1.593344
5,382,1.086486,1.629729,-1.609105
5,383,1.125600,1.688400,-1.666157
5,384,1.068438,1.602656,-1.579430
5,385,1.104257,1.656385,-1.634425
5,386,1.091680,1.637521,-1.615714
5,387,1.084575,1.626863,-1.605961
5,388,1.073204,1.609806,-1.587102
5,389,1.051937,1.577905,-1.555559
5,390,1.078102,1.617153,-1.595609
5,391,1.101746,1.652619,-1.630483
5,392,1.072251,1.608377,-1.585671
5,393,1.077148,1.615722,-1.592791
5,394,1.063258,1.594887,-1.572393
5,395,1.052416,1.578624,-1.556075
5,396,1.065184,1.597776,-1.575634
5,397,1.053472,1.580208,-1.557611
5,398,1.085991,1.628986,-1.606449
5,399,1.080486,1.620730,-1.598413
5,400,1.092309,1.638464,-1.616152
5,401,1.058951,1.588427,-1.565752
5,402,1.131654,1.697481,-1.675444
5,403,1.110110,1.665166,-1.641979
5,404,1.110600,1.665900,-1.642994
5,405,1.092617,1.638926,-1.614847
5,406,1.090997,1.636495,-1.612501
5,407,1.100908,1.651361,-1.627914
5,408,1.081761,1.622642,-1.599500
5,409,1.088045,1.632067,-1.608203
5,410,1.062380,1.593570,-1.570472
5,411,1.074581,1.611871,-1.589167
5,412,1.045357,1.568036,-1.544775
5,413,1.053731,1.580597,-1.557768
5,414,1.067961,1.601942,-1.580460
5,415,1.073777,1.610666,-1.589221
5,416,1.107745,1.661617,-1.639998
5,417,1.084382,1.626572,-1.605051
5,418,1.114210,1.671315,-1.649587
5,419,1.123237,1.684856,-1.662820
5,420,1.129746,1.694618,-1.673094
5,421,1.110005,1.665008,-1.644320
5,422,1.080736,1.621104,-1.600664
5,423,1.099422,1.649133,-1.627280
5,424,1.096692,1.645038,-1.622910
5,425,1.107988,1.661982,-1.640433
5,426,1.118697,1.678046,-1.656502
5,427,1.076944,1.615415,-1.594297
5,428,1.085217,1.627825,-1.606931
5,429,1.076835,1.615252,-1.594019
5,430,1.097952,1.646928,-1.626352
5,431,1.100962,1.651442,-1.630362
5,432,1.080313,1.620469,-1.599795
5,433,1.120402,1.680603,-1.659112
5,434,1.073069,1.609604,-1.588361
5,435,1.087075,1.630612,-1.609374
5,436,1.099895,1.649843,-1.628363
5,437,1.098355,1.647532,-1.626045
5,438,1.082226,1.623339,-1.602483
5,439,1.110876,1.666315,-1.646183
5,440,1.086001,1.629002,-1.609284
5,441,1.066592,1.599888,-1.580154
5,442,1.072572,1.608858,-1.588847
5,443,1.068142,1.602213,-1.582446
5,444,1.116228,1.674342,-1.655426
5,445,1.108108,1.662162,-1.642787
5,446,1.077112,1.615668,-1.596072
5,447,1.081513,1.622270,-1.603132
5,448,1.110433,1.665649,-1.645705
5,449,1.122805,1.684208,-1.664896
5,450,1.095619,1.643429,-1.624430
5,451,1.106362,1.659542,-1.640916
5,452,1.104400,1.656600,-1.638824
5,453,1.172815,1.759223,-1.741647
5,454,1.165330,1.747995,-1.729294
5,455,1.132202,1.698303,-1.680235
5,456,1.176372,1.764558,-1.747240
5,457,1.120632,1.680949,-1.662931
5,458,1.146676,1.720013,-1.701456
5,459,1.119193,1.678790,-1.660860
5,460,1.125792,1.688688,-1.670790
5,461,1.094998,1.642498,-1.624300
5,462,1.142084,1.713125,-1.695366
5,463,1.114104,1.671156,-1.654060
5,464,1.161995,1.742992,-1.726476
5,465,1.145434,1.718152,-1.702495
5,466,1.185341,1.778011,-1.762512
5,467,1.153908,1.730862,-1.713065
5,468,1.139179,1.708768,-1.690920
5,469,1.089584,1.634376,-1.615596
5,470,1.126041,1.689061,-1.669608
5,471,1.101642,1.652463,-1.632029
5,472,1.140621,1.710931,-1.690506
5,473,1.101609,1.652413,-1.630956
5,474,1.095609,1.643413,-1.621200
5,475,1.139703,1.709554,-1.687798
5,476,1.086644,1.629967,-1.608043
5,477,1.074465,1.611698,-1.589264
5,478,1.097995,1.646992,-1.624938
5,479,1.040844,1.561266,-1.537917
5,480,1.079841,1.619761,-1.597812
5,481,1.084850,1.627274,-1.604683
5,482,1.075249,1.612874,-1.589804
5,483,1.057645,1.586467,-1.563060
5,484,1.088309,1.632463,-1.609661
5,485,1.060609,1.590914,-1.567189
5,486,1.103514,1.655271,-1.631917
5,487,1.078044,1.617067,-1.594271
5,488,1.079465,1.619197,-1.596393
5,489,1.075486,1.613230,-1.590260
5,490,1.099971,1.649956,-1.627079
5,491,1.093497,1.640246,-1.617308
5,492,1.056254,1.584381,-1.561495
5,493,1.085886,1.628829,-1.606755
5,494,1.060836,1.591254,-1.568957
5,495,1.084148,1.626222,-1.603407
5,496,1.092880,1.639321,-1.616804
5,497,1.061979,1.592969,-1.570667
5,498,1.068021,1.602031,-1.579755
5,499,1.052882,1.579323,-1.556592
5,500,1.092287,1.638430,-1.615604
5,501,1.065771,1.598657,-1.575447
5,502,1.122478,1.683717,-1.661172
5,503,1.104984,1.657475,-1.635089
5,504,1.112365,1.668547,-1.646075
5,505,1.087493,1.631239,-1.608551
5,506,1.069702,1.604552,-1.582620
5,507,1.092511,1.638766,-1.617210
5,508,1.037361,1.556041,-1.531693
5,509,1.077866,1.616798,-1.593425
5,510,1.088545,1.632818,-1.610550
5,511,1.076299,1.614448,-1.591391
5,512,1.100153,1.650229,-1.627766
5,513,1.087679,1.631519,-1.608730
5,514,1.061101,1.591651,-1.569171
5,515,1.060294,1.590441,-1.568331
5,516,1.061725,1.592587,-1.570172
5,517,1.060026,1.590039,-1.567595
5,518,1.053730,1.580595,-1.557894
5,519,1.027995,1.541993,-1.518762
5,520,1.045854,1.568782,-1.546708
5,521,1.079358,1.619037,-1.596957
5,522,1.038336,1.557504,-1.534633
5,523,1.092567,1.638850,-1.617459
5,524,1.070664,1.605996,-1.585387
5,525,1.043926,1.565890,-1.544776
5,526,1.055636,1.583453,-1.561393
5,527,1.098459,1.647689,-1.626543
5,528,1.076603,1.614904,-1.594906
5,529,1.090219,1.635329,-1.614553
5,530,1.135635,1.703452,-1.683420
5,531,1.101197,1.651796,-1.630140
5,532,1.103849,1.655774,-1.634677
5,533,1.102035,1.653052,-1.632787
5,534,1.107096,1.660643,-1.639709
5,535,1.131842,1.697763,-1.676144
5,536,1.115100,1.672649,-1.651262
5,537,1.098249,1.647373,-1.626199
5,538,1.109151,1.663726,-1.642214
5,539,1.088654,1.632980,-1.611461
5,540,1.088348,1.632521,-1.611160
5,541,1.088685,1.633027,-1.611897
5,542,1.158894,1.738341,-1.717486
5,543,1.150340,1.725510,-1.704744
5,544,1.143326,1.714989,-1.694462
5,545,1.101248,1.651871,-1.631710
5,546,1.113205,1.669808,-1.648841
5,547,1.084737,1.627105,-1.606204
5,548,1.139893,1.709840,-1.689512
5,549,1.107672,1.661508,-1.640692
5,550,1.164084,1.746125,-1.726547
5,551,1.177128,1.765692,-1.745069
5,552,1.166964,1.750446,-1.730342
5,553,1.145832,1.718748,-1.698638
5,554,1.150680,1.726020,-1.706777
5,555,1.149565,1.724347,-1.706078
5,556,1.148688,1.723032,-1.704891
5,557,1.121639,1.682459,-1.663456
5,558,1.150718,1.726077,-1.707627
5,559,1.154333,1.731499,-1.712040
5,560,1.177277,1.765916,-1.746353
5,561,1.160624,1.740937,-1.721949
5,562,1.164541,1.746811,-1.727648
5,563,1.151481,1.727222,-1.708446
5,564,1.124659,1.686988,-1.665958
5,565,1.143161,1.714741,-1.694060
5,566,1.121888,1.682832,-1.662617
5,567,1.121052,1.681578,-1.660747
5,568,1.143150,1.714725,-1.694213
5,569,1.103218,1.654827,-1.633247
5,570,1.114870,1.672304,-1.651479
5,571,1.108051,1.662076,-1.640547
5,572,1.145310,1.717964,-1.697596
5,573,1.138001,1.707001,-1.686796
5,574,1.154248,1.731371,-1.711104
5,575,1.156488,1.734732,-1.715361
5,576,1.153697,1.730545,-1.711074
5,577,1.155448,1.733172,-1.714670
5,578,1.130822,1.696234,-1.677033
5,579,1.128316,1.692473,-1.672853
5,580,1.146713,1.720069,-1.700217
5,581,1.068813,1.603219,-1.582714
5,582,1.122753,1.684130,-1.664357
5,583,1.068094,1.602141,-1.581979
5,584,1.092247,1.638370,-1.618300
5,585,1.045809,1.568713,-1.547057
5,586,1.067821,1.601732,-1.581413
5,587,1.079594,1.619391,-1.598869
5,588,1.094986,1.642479,-1.621982
5,589,1.089992,1.634988,-1.614973
5,590,1.086771,1.630157,-1.610436
5,591,1.120065,1.680098,-1.661202
5,592,1.071681,1.607521,-1.588440
5,593,1.164991,1.747487,-1.728907
5,594,1.136959,1.705438,-1.687534
5,595,1.096390,1.644585,-1.625065
5,596,1.150523,1.725784,-1.706312
5,597,1.128793,1.693190,-1.674835
5,598,1.128074,1.692112,-1.673992
5,599,1.138859,1.708288,-1.691234
5,600,1.149490,1.724235,-1.706793
5,601,1.152934,1.729401,-1.712270
5,602,1.149035,1.723552,-1.706561
5,603,1.152865,1.729298,-1.712340
5,604,1.120209,1.680313,-1.663763
5,605,1.163865,1.745797,-1.728329
5,606,1.105782,1.658673,-1.640801
5,607,1.114562,1.671843,-1.653471
5,608,1.097528,1.646293,-1.627351
5,609,1.063231,1.594847,-1.575761
5,610,1.102245,1.653367,-1.634650
5,611,1.096945,1.645417,-1.626112
5,612,1.101386,1.652079,-1.633609
5,613,1.116473,1.674709,-1.656610
5,614,1.117219,1.675829,-1.657461
5,615,1.119838,1.679758,-1.659643
5,616,1.110276,1.665414,-1.645256
5,617,1.165433,1.748149,-1.729337
5,618,1.136181,1.704272,-1.686246
5,619,1.114729,1.672094,-1.652820
5,620,1.134331,1.701496,-1.683220
5,621,1.100572,1.650859,-1.632478
5,622,1.088959,1.633439,-1.614138
5,623,1.133509,1.700263,-1.682563
5,624,1.157000,1.735500,-1.718010
5,625,1.155221,1.732832,-1.714581
5,626,1.162598,1.743897,-1.725981
5,627,1.148509,1.722763,-1.704708
5,628,1.159048,1.738572,-1.721573
5,629,1.094796,1.642193,-1.623615
5,630,1.149060,1.723590,-1.705424
5,631,1.102800,1.654201,-1.635735
5,632,1.139059,1.708588,-1.689671
5,633,1.099924,1.649886,-1.630368
5,634,1.064348,1.596521,-1.575987
5,635,1.130765,1.696148,-1.675104
5,636,1.034691,1.552036,-1.530138
5,637,1.056046,1.584069,-1.562878
5,638,1.071099,1.606649,-1.585200
5,639,1.017528,1.526292,-1.504656
5,640,1.045846,1.568769,-1.547370
5,641,1.028765,1.543148,-1.522045
5,642,1.043107,1.564661,-1.544044
5,643,1.057747,1.586620,-1.566522
5,644,1.055151,1.582726,-1.562017
5,645,1.077260,1.615889,-1.594495
5,646,1.090514,1.635771,-1.615089
5,647,1.081535,1.622302,-1.602332
5,648,1.101916,1.652874,-1.632367
5,649,1.127716,1.691574,-1.670966
5,650,1.169811,1.754717,-1.733910
5,651,1.140711,1.711067,-1.690764
5,652,1.128758,1.693137,-1.672546
5,653,1.127665,1.691497,-1.670476
5,654,1.087394,1.631091,-1.610824
5,655,1.095036,1.642554,-1.622580
5,656,1.068944,1.603416,-1.582419
5,657,1.081228,1.621843,-1.599987
5,658,1.085922,1.628883,-1.607405
5,659,1.074749,1.612123,-1.589942
5,660,1.086997,1.630496,-1.610133
5,661,1.096944,1.645415,-1.625084
5,662,1.075477,1.613215,-1.591149
5,663,1.091254,1.636881,-1.615495
5,664,1.084029,1.626044,-1.604180
5,665,1.085646,1.628469,-1.606912
5,666,1.080399,1.620599,-1.599882
5,667,1.090179,1.635268,-1.613241
5,668,1.073469,1.610203,-1.588146
5,669,1.050592,1.575889,-1.553732
5,670,1.097805,1.646708,-1.624376
5,671,1.078129,1.617194,-1.595075
5,672,1.093733,1.640600,-1.618362
5,673,1.087566,1.631349,-1.609597
5,674,1.084324,1.626486,-1.604268
5,675,1.056005,1.584007,-1.562119
5,676,1.084973,1.627459,-1.605483
5,677,1.041635,1.562453,-1.540326
5,678,1.030280,1.545420,-1.523317
5,679,1.043008,1.564511,-1.542172
5,680,1.030200,1.545300,-1.523366
5,681,1.023239,1.534858,-1.513044
5,682,1.079614,1.619421,-1.597487
5,683,1.045467,1.568200,-1.545303
5,684,1.060826,1.591239,-1.567682
5,685,1.079653,1.619480,-1.596674
5,686,1.057852,1.586778,-1.563213
5,687,1.087658,1.631487,-1.608907
5,688,1.104717,1.657076,-1.634378
5,689,1.075359,1.613039,-1.589912
5,690,1.113360,1.670041,-1.647290
5,691,1.092826,1.639239,-1.616859
5,692,1.061942,1.592913,-1.570334
5,693,1.078053,1.617079,-1.594791
5,694,1.057542,1.586312,-1.564122
5,695,1.071848,1.607772,-1.585639
5,696,1.107241,1.660862,-1.639937
5,697,1.130447,1.695671,-1.674803
5,698,1.136995,1.705493,-1.684694
5,699,1.155231,1.732847,-1.711703
5,700,1.145700,1.718550,-1.697317
5,701,1.146004,1.719007,-1.699208
5,702,1.127781,1.691671,-1.671784
5,703,1.086466,1.629700,-1.608945
5,704,1.166294,1.749440,-1.728659
5,705,1.124930,1.687395,-1.666794
5,706,1.132753,1.699129,-1.678501
5,707,1.115300,1.672950,-1.652619
5,708,1.150975,1.726463,-1.706628
5,709,1.129415,1.694122,-1.673226
5,710,1.138457,1.707686,-1.687929
5,711,1.153326,1.729990,-1.711177
5,712,1.165365,1.748048,-1.729074
5,713,1.161575,1.742363,-1.723449
5,714,1.184225,1.776337,-1.756083
5,715,1.213595,1.820393,-1.800491
5,716,1.184431,1.776647,-1.756537
5,717,1.170262,1.755393,-1.735241
5,718,1.154468,1.731702,-1.711371
5,719,1.199255,1.798883,-1.778975
5,720,1.185385,1.778078,-1.758439
5,721,1.190105,1.785157,-1.765512
5,722,1.189774,1.784660,-1.765069
5,723,1.156272,1.734409,-1.715173
5,724,1.187085,1.780627,-1.761503
5,725,1.139129,1.708694,-1.688982
5,726,1.158261,1.737392,-1.718370
5,727,1.124997,1.687495,-1.668292
5,728,1.153539,1.730308,-1.711540
5,729,1.138580,1.707870,-1.688046
5,730,1.145012,1.717518,-1.698644
5,731,1.145884,1.718827,-1.700204
5,732,1.134850,1.702275,-1.683700
5,733,1.109090,1.663636,-1.644423
5,734,1.100181,1.650271,-1.631923
5,735,1.157027,1.735541,-1.717797
5,736,1.105915,1.658872,-1.640172
5,737,1.169068,1.753602,-1.735701
5,738,1.105720,1.658580,-1.640472
5,739,1.153266,1.729898,-1.711181
5,740,1.119831,1.679747,-1.660647
5,741,1.139535,1.709302,-1.690692
5,742,1.124618,1.686927,-1.667494
5,743,1.096812,1.645217,-1.625668
5,744,1.150784,1.726176,-1.707181
5,745,1.102314,1.653471,-1.635441
5,746,1.102671,1.654006,-1.634860
5,747,1.133442,1.700162,-1.681048
5,748,1.138545,1.707817,-1.688738
5,749,1.135539,1.703308,-1.685175
5,750,1.152535,1.728802,-1.710793
5,751,1.094697,1.642045,-1.621892
5,752,1.165263,1.747894,-1.727888
5,753,1.149923,1.724885,-1.705135
5,754,1.162222,1.743333,-1.723401
5,755,1.195440,1.793161,-1.773662
5,756,1.167481,1.751221,-1.730592
5,757,1.164445,1.746668,-1.725338
5,758,1.137008,1.705512,-1.684232
5,759,1.132451,1.698677,-1.678063
5,760,1.087138,1.630707,-1.610022
5,761,1.105953,1.658930,-1.637412
5,762,1.099102,1.648653,-1.626860
5,763,1.075659,1.613488,-1.592159
5,764,1.080001,1.620001,-1.598553
5,765,1.049353,1.574030,-1.551785
5,766,1.056903,1.585354,-1.562681
5,767,1.055455,1.583182,-1.560443
5,768,1.067760,1.601640,-1.577723
5,769,1.094529,1.641793,-1.618683
5,770,1.124917,1.687376,-1.665283
5,771,1.099506,1.649260,-1.627350
5,772,1.106595,1.659892,-1.638276
5,773,1.111210,1.666815,-1.645341
5,774,1.052677,1.579015,-1.557769
5,775,1.059838,1.589757,-1.569334
5,776,1.121320,1.681980,-1.661634
5,777,1.091996,1.637994,-1.617152
5,778,1.111693,1.667540,-1.647344
5,779,1.110218,1.665327,-1.644956
5,780,1.157071,1.735606,-1.715872
5,781,1.150870,1.726305,-1.706718
5,782,1.156588,1.734882,-1.715262
5,783,1.169650,1.754475,-1.735462
5,784,1.167193,1.750790,-1.731806
5,785,1.169220,1.753831,-1.733850
5,786,1.126804,1.690206,-1.670507
5,787,1.134428,1.701642,-1.682428
5,788,1.107950,1.661925,-1.642704
5,789,1.095727,1.643591,-1.621946
5,790,1.100061,1.650091,-1.628706
5,791,1.105176,1.657764,-1.637959
5,792,1.130774,1.696162,-1.675755
5,793,1.107174,1.660760,-1.639974
5,794,1.131378,1.697066,-1.676062
5,795,1.121255,1.681882,-1.660849
5,796,1.091907,1.637860,-1.617270
5,797,1.129659,1.694489,-1.674467
5,798,1.070675,1.606013,-1.585962
5,799,1.105769,1.658653,-1.639394
5,800,1.091396,1.637094,-1.616686
5,801,1.090173,1.635259,-1.614990
5,802,1.064836,1.597254,-1.576641
5,803,1.113179,1.669768,-1.648425
5,804,1.058725,1.588087,-1.566788
5,805,1.100987,1.651481,-1.630547
5,806,1.102702,1.654053,-1.632979
5,807,1.092539,1.638808,-1.618194
5,808,1.090551,1.635827,-1.614112
5,809,1.085996,1.628993,-1.607299
5,810,1.122513,1.683770,-1.663207
5,811,1.116029,1.674043,-1.653972
5,812,1.092683,1.639025,-1.618855
5,813,1.140230,1.710346,-1.689385
5,814,1.064671,1.597007,-1.576433
5,815,1.085302,1.627953,-1.607936
5,816,1.092858,1.639287,-1.618927
5,817,1.048516,1.572774,-1.552306
5,818,1.073489,1.610234,-1.589813
5,819,1.066239,1.599358,-1.577878
5,820,1.069035,1.603553,-1.582576
5,821,1.105523,1.658285,-1.638049
5,822,1.120906,1.681359,-1.661894
5,823,1.076182,1.614273,-1.593713
5,824,1.154207,1.731311,-1.710947
5,825,1.167339,1.751008,-1.730880
5,826,1.192004,1.788007,-1.768260
5,827,1.217046,1.825569,-1.806489
5,828,1.215075,1.822612,-1.803808
5,829,1.210592,1.815887,-1.797318
5,830,1.177243,1.765865,-1.746358
5,831,1.172313,1.758469,-1.739495
5,832,1.169371,1.754057,-1.736016
5,833,1.211661,1.817492,-1.799278
5,834,1.125899,1.688849,-1.669880
5,835,1.131680,1.697521,-1.677774
5,836,1.159960,1.739940,-1.720245
5,837,1.101094,1.651641,-1.632309
5,838,1.150850,1.726275,-1.706791
5,839,1.106967,1.660451,-1.640173
5,840,1.103451,1.655177,-1.634967
5,841,1.090851,1.636276,-1.616792
5,842,1.096997,1.645496,-1.625694
5,843,1.146552,1.719829,-1.700097
5,844,1.117680,1.676520,-1.657124
5,845,1.127991,1.691986,-1.672961
5,846,1.130908,1.696362,-1.677645
5,847,1.105592,1.658389,-1.639257
5,848,1.160946,1.741420,-1.722277
5,849,1.181598,1.772397,-1.754198
5,850,1.139599,1.709398,-1.691365
5,851,1.170359,1.755538,-1.738932
5,852,1.128901,1.693351,-1.676956
5,853,1.130343,1.695514,-1.677489
5,854,1.129956,1.694934,-1.675789
5,855,1.119116,1.678675,-1.659623
5,856,1.086463,1.629694,-1.609734
5,857,1.082213,1.623320,-1.603722
5,858,1.074119,1.611178,-1.592018
5,859,1.119335,1.679003,-1.659209
5,860,1.116289,1.674434,-1.656320
5,861,1.154840,1.732260,-1.713736
5,862,1.160013,1.740020,-1.721884
5,863,1.142331,1.713496,-1.694400
5,864,1.149807,1.724710,-1.705187
5,865,1.125692,1.688538,-1.669284
5,866,1.150557,1.725835,-1.707865
5,867,1.118160,1.677239,-1.659348
5,868,1.138618,1.707928,-1.689583
5,869,1.137212,1.705818,-1.687373
5,870,1.110409,1.665613,-1.645614
5,871,1.128690,1.693035,-1.674523
5,872,1.147798,1.721697,-1.703153
5,873,1.170274,1.755412,-1.736558
5,874,1.109124,1.663686,-1.643933
5,875,1.112323,1.668484,-1.649472
5,876,1.087010,1.630515,-1.611454
5,877,1.103290,1.654936,-1.635812
5,878,1.081587,1.622381,-1.602371
5,879,1.079777,1.619665,-1.599446
5,880,1.071753,1.607629,-1.587591
5,881,1.061842,1.592763,-1.572851
5,882,1.087074,1.630611,-1.612443
5,883,1.069462,1.604193,-1.585329
5,884,1.099306,1.648960,-1.629735
5,885,1.047293,1.570939,-1.550786
5,886,1.062119,1.593178,-1.572096
5,887,1.060468,1.590702,-1.569950
5,888,1.041902,1.562852,-1.541175
5,889,1.055490,1.583235,-1.561175
5,890,1.110227,1.665341,-1.644312
5,891,1.050380,1.575571,-1.553665
5,892,1.099123,1.648684,-1.626978
5,893,1.082342,1.623513,-1.601627
5,894,1.080558,1.620837,-1.598895
5,895,1.060419,1.590628,-1.568795
5,896,1.109517,1.664276,-1.642600
5,897,1.023512,1.535269,-1.512594
5,898,1.106721,1.660082,-1.637872
5,899,1.077652,1.616477,-1.595229
5,900,1.098490,1.647735,-1.625954
5,901,1.085969,1.628953,-1.607022
5,902,1.059927,1.589891,-1.568723
5,903,1.116530,1.674795,-1.652937
5,904,1.101350,1.652025,-1.630530
5,905,1.128104,1.692155,-1.671158
5,906,1.099916,1.649873,-1.630147
5,907,1.119794,1.679692,-1.659408
5,908,1.060269,1.590404,-1.568485
5,909,1.139213,1.708820,-1.687707
5,910,1.066842,1.600264,-1.578470
5,911,1.086087,1.629131,-1.608308
5,912,1.129259,1.693888,-1.673699
5,913,1.118815,1.678223,-1.657016
5,914,1.145536,1.718304,-1.697189
5,915,1.144008,1.716012,-1.695922
5,916,1.131784,1.697676,-1.677248
5,917,1.118842,1.678264,-1.657099
5,918,1.118909,1.678363,-1.657577
5,919,1.115628,1.673442,-1.652774
5,920,1.095292,1.642939,-1.622286
5,921,1.086099,1.629148,-1.607928
5,922,1.118528,1.677792,-1.656924
5,923,1.133009,1.699513,-1.679418
5,924,1.082647,1.623970,-1.603742
5,925,1.105498,1.658247,-1.638290
5,926,1.081000,1.621500,-1.602049
5,927,1.097905,1.646858,-1.627539
5,928,1.105237,1.657856,-1.637990
5,929,1.138096,1.707143,-1.689040
5,930,1.125136,1.687704,-1.669070
5,931,1.130811,1.696216,-1.677391
5,932,1.145178,1.717766,-1.699118
5,933,1.139753,1.709630,-1.690285
5,934,1.145730,1.718595,-1.700000
5,935,1.130413,1.695619,-1.677106
5,936,1.167239,1.750858,-1.732937
5,937,1.130618,1.695927,-1.677839
5,938,1.122487,1.683731,-1.664461
5,939,1.128190,1.692285,-1.672405
5,940,1.132004,1.698005,-1.678232
5,941,1.143776,1.715664,-1.695792
5,942,1.104506,1.656759,-1.637824
5,943,1.133669,1.700503,-1.682037
5,944,1.086893,1.630340,-1.611536
5,945,1.112978,1.669467,-1.650405
5,946,1.093994,1.640992,-1.621779
5,947,1.104330,1.656496,-1.637761
5,948,1.115842,1.673762,-1.655257
5,949,1.094213,1.641319,-1.622665
5,950,1.127876,1.691814,-1.673377
5,951,1.126603,1.689905,-1.671329
5,952,1.135430,1.703145,-1.684155
5,953,1.107287,1.660930,-1.641022
5,954,1.131773,1.697659,-1.679663
5,955,1.157754,1.736631,-1.718268
5,956,1.130067,1.695101,-1.676421
5,957,1.119753,1.679630,-1.660310
5,958,1.138942,1.708413,-1.688601
5,959,1.137054,1.705581,-1.686662
5,960,1.125867,1.688800,-1.669645
5,961,1.140690,1.711035,-1.691861
5,962,1.112703,1.669054,-1.648897
5,963,1.123688,1.685532,-1.665987
5,964,1.156990,1.735485,-1.716642
5,965,1.122556,1.683834,-1.665251
5,966,1.111097,1.666646,-1.647006
5,967,1.145159,1.717738,-1.698008
5,968,1.110891,1.666337,-1.646264
5,969,1.111403,1.667104,-1.647610
5,970,1.155976,1.733963,-1.714920
5,971,1.188671,1.783007,-1.763758
5,972,1.164788,1.747183,-1.728434
5,973,1.137615,1.706423,-1.688520
5,974,1.202251,1.803377,-1.785773
5,975,1.150182,1.725273,-1.708063
5,976,1.167765,1.751647,-1.734978
5,977,1.199431,1.799147,-1.783415
5,978,1.166352,1.749529,-1.733123
5,979,1.170244,1.755366,-1.738772
5,980,1.192015,1.788022,-1.771273
5,981,1.161035,1.741553,-1.724990
5,982,1.144751,1.717126,-1.701990
5,983,1.146072,1.719108,-1.703222
5,984,1.197370,1.796056,-1.780042
5,985,1.167798,1.751697,-1.737600
5,986,1.240299,1.860448,-1.845271
5,987,1.157342,1.736013,-1.720744
5,988,1.203663,1.805494,-1.789845
5,989,1.195111,1.792666,-1.777739
5,990,1.207324,1.810986,-1.796167
5,991,1.170349,1.755524,-1.740454
5,992,1.223430,1.835145,-1.820296
5,993,1.158581,1.737872,-1.723024
5,994,1.157448,1.736172,-1.721579
5,995,1.194957,1.792435,-1.779252
5,996,1.192125,1.788188,-1.774638
5,997,1.195638,1.793457,-1.780042
5,998,1.219505,1.829257,-1.816507
5,999,1.242942,1.864413,-1.851225
5,1000,1.221229,1.831843,-1.818638
6,1,1.138614,1.707921,-1.342250
6,2,1.174311,1.761466,-1.395433
6,3,1.144100,1.716150,-1.349483
6,4,1.163130,1.744695,-1.378846
6,5,1.184511,1.776766,-1.410798
6,6,1.170968,1.756452,-1.390551
6,7,1.212595,1.818893,-1.453088
6,8,1.179487,1.769230,-1.402831
6,9,1.206133,1.809199,-1.443453
6,10,1.182647,1.773970,-1.409584
6,11,1.237699,1.856548,-1.490028
6,12,1.212080,1.818120,-1.452009
6,13,1.245954,1.868930,-1.503423
6,14,1.250273,1.875410,-1.509880
6,15,1.229248,1.843872,-1.478358
6,16,1.248375,1.872562,-1.506701
6,17,1.254832,1.882247,-1.516245
6,18,1.216055,1.824083,-1.458046
6,19,1.224438,1.836657,-1.470684
6,20,1.252560,1.878840,-1.513480
6,21,1.256190,1.884285,-1.520210
6,22,1.253235,1.879853,-1.514691
6,23,1.250660,1.875991,-1.511550
6,24,1.255463,1.883195,-1.518815
6,25,1.269462,1.904192,-1.539480
6,26,1.236094,1.854141,-1.489080
6,27,1.222096,1.833144,-1.467997
6,28,1.204170,1.806255,-1.440501
6,29,1.218755,1.828133,-1.462326
6,30,1.237704,1.856556,-1.491257
6,31,1.215326,1.822989,-1.456818
6,32,1.245377,1.868066,-1.503658
6,33,1.241541,1.862312,-1.497113
6,34,1.220862,1.831292,-1.465346
6,35,1.252794,1.879192,-1.514590
6,36,1.222357,1.833535,-1.467059
6,37,1.208846,1.813269,-1.446718
6,38,1.224290,1.836436,-1.470104
6,39,1.221922,1.832883,-1.467397
6,40,1.237762,1.856643,-1.491169
6,41,1.205918,1.808877,-1.443723
6,42,1.202524,1.803786,-1.437982
6,43,1.237380,1.856069,-1.489856
6,44,1.256175,1.884263,-1.517461
6,45,1.236635,1.854953,-1.489235
6,46,1.230669,1.846004,-1.479964
6,47,1.213176,1.819765,-1.453555
6,48,1.190156,1.785234,-1.418586
6,49,1.226092,1.839137,-1.471871
6,50,1.208546,1.812819,-1.445122
6,51,1.201050,1.801575,-1.435311
6,52,1.177463,1.766195,-1.399571
6,53,1.217977,1.826965,-1.460053
6,54,1.186436,1.779654,-1.412602
6,55,1.203813,1.805719,-1.438554
6,56,1.210529,1.815794,-1.447948
6,57,1.201774,1.802661,-1.435568
6,58,1.211239,1.816859,-1.449703
6,59,1.161041,1.741562,-1.374075
6,60,1.148469,1.722704,-1.354797
6,61,1.181716,1.772574,-1.405366
6,62,1.157058,1.735587,-1.368427
6,63,1.166185,1.749278,-1.381273
6,64,1.185798,1.778697,-1.411318
6,65,1.192646,1.788969,-1.421829
6,66,1.205776,1.808664,-1.441640
6,67,1.191122,1.786682,-1.419247
6,68,1.222150,1.833224,-1.466157
6,69,1.236835,1.855253,-1.487871
6,70,1.240592,1.860888,-1.494175
6,71,1.226049,1.839073,-1.473842
6,72,1.245263,1.867894,-1.502009
6,73,1.232472,1.848707,-1.483145
6,74,1.250033,1.875049,-1.510755
6,75,1.266360,1.899541,-1.534766
6,76,1.295683,1.943525,-1.578340
6,77,1.253605,1.880408,-1.515024
6,78,1.221648,1.832472,-1.466478
6,79,1.253492,1.880238,-1.515314
6,80,1.228716,1.843075,-1.477491
6,81,1.262310,1.893464,-1.527976
6,82,1.247425,1.871137,-1.505201
6,83,1.268095,1.902142,-1.537187
6,84,1.245794,1.868691,-1.503384
6,85,1.257495,1.886242,-1.520556
6,86,1.257308,1.885963,-1.520942
6,87,1.269382,1.904072,-1.539193
6,88,1.227609,1.841413,-1.475969
6,89,1.248804,1.873206,-1.507800
6,90,1.273469,1.910204,-1.547357
6,91,1.285988,1.928983,-1.564764
6,92,1.302867,1.954301,-1.589878
6,93,1.315741,1.973611,-1.610156
6,94,1.319031,1.978546,-1.615254
6,95,1.319904,1.979856,-1.616185
6,96,1.305613,1.958419,-1.595123
6,97,1.270788,1.906183,-1.543434
6,98,1.264762,1.897143,-1.532527
6,99,1.243649,1.865474,-1.501143
6,100,1.247307,1.870960,-1.506768
6,101,1.233283,1.849925,-1.485366
6,102,1.249295,1.873942,-1.510416
6,103,1.291550,1.937325,-1.572869
6,104,1.248271,1.872407,-1.508772
6,105,1.296933,1.945399,-1.581820
6,106,1.317729,1.976594,-1.612722
6,107,1.280570,1.920855,-1.558651
6,108,1.293842,1.940762,-1.577082
6,109,1.305091,1.957637,-1.592779
6,110,1.291874,1.937811,-1.573000
6,111,1.265621,1.898431,-1.534094
6,112,1.277158,1.915737,-1.551190
6,113,1.260438,1.890658,-1.526961
6,114,1.209807,1.814711,-1.450100
6,115,1.231323,1.846984,-1.482091
6,116,1.247442,1.871164,-1.506332
6,117,1.252972,1.879458,-1.515063
6,118,1.271530,1.907295,-1.542519
6,119,1.248352,1.872528,-1.508412
6,120,1.301179,1.951769,-1.587799
6,121,1.272709,1.909063,-1.544442
6,122,1.286607,1.929911,-1.567001
6,123,1.257445,1.886168,-1.522269
6,124,1.236033,1.854049,-1.489844
6,125,1.242431,1.863646,-1.499445
6,126,1.263447,1.895171,-1.530874
6,127,1.227784,1.841676,-1.476814
6,128,1.238864,1.858295,-1.493433
6,129,1.263465,1.895197,-1.530499
6,130,1.239126,1.858689,-1.493047
6,131,1.237181,1.855771,-1.490830
6,132,1.253039,1.879558,-1.514902
6,133,1.253611,1.880416,-1.514905
6,134,1.285338,1.928008,-1.563006
6,135,1.289713,1.934569,-1.569596
6,136,1.261222,1.891834,-1.527114
6,137,1.281266,1.921899,-1.557997
6,138,1.299981,1.949971,-1.585751
6,139,1.321779,1.982669,-1.618868
6,140,1.318479,1.977718,-1.614695
6,141,1.273139,1.909709,-1.546276
6,142,1.289176,1.933764,-1.569195
6,143,1.222862,1.834294,-1.469595
6,144,1.281104,1.921656,-1.557133
6,145,1.281081,1.921621,-1.557811
6,146,1.247846,1.871769,-1.507753
6,147,1.264591,1.896887,-1.533022
6,148,1.281149,1.921723,-1.558352
6,149,1.271348,1.907022,-1.544017
6,150,1.254942,1.882413,-1.518490
6,151,1.256171,1.884257,-1.521106
6,152,1.268513,1.902769,-1.538938
6,153,1.273449,1.910174,-1.547092
6,154,1.283383,1.925074,-1.562512
6,155,1.267074,1.900612,-1.536847
6,156,1.266354,1.899532,-1.535945
6,157,1.280718,1.921078,-1.557110
6,158,1.266281,1.899421,-1.536166
6,159,1.275902,1.913853,-1.549480
6,160,1.293989,1.940984,-1.578114
6,161,1.268461,1.902692,-1.540527
6,162,1.287298,1.930947,-1.568269
6,163,1.259017,1.888525,-1.525861
6,164,1.308645,1.962968,-1.599596
6,165,1.279749,1.919623,-1.556787
6,166,1.272084,1.908126,-1.545710
6,167,1.295237,1.942855,-1.580203
6,168,1.236526,1.854789,-1.492732
6,169,1.296114,1.944172,-1.582429
6,170,1.305601,1.958402,-1.597221
6,171,1.328080,1.992120,-1.630165
6,172,1.323605,1.985408,-1.624594
6,173,1.282096,1.923145,-1.561328
6,174,1.268726,1.903089,-1.541041
6,175,1.262744,1.894116,-1.532037
6,176,1.253326,1.879988,-1.517039
6,177,1.264394,1.896591,-1.534153
6,178,1.253487,1.880231,-1.516732
6,179,1.249401,1.874102,-1.511036
6,180,1.247076,1.870614,-1.507444
6,181,1.251312,1.876967,-1.514068
6,182,1.277771,1.916656,-1.553114
6,183,1.227318,1.840978,-1.476704
6,184,1.261884,1.892826,-1.529037
6,185,1.248682,1.873023,-1.507248
6,186,1.220962,1.831443,-1.466595
6,187,1.244160,1.866240,-1.501629
6,188,1.234638,1.851956,-1.487971
6,189,1.229117,1.843676,-1.479081
6,190,1.244787,1.867180,-1.502391
6,191,1.265109,1.897664,-1.533598
6,192,1.259324,1.888987,-1.525336
6,193,1.244161,1.866242,-1.502535
6,194,1.266371,1.899556,-1.535718
6,195,1.232470,1.848705,-1.484750
6,196,1.209655,1.814482,-1.451235
6,197,1.256778,1.885166,-1.522051
6,198,1.234843,1.852264,-1.488500
6,199,1.272306,1.908460,-1.544725
6,200,1.265874,1.898811,-1.535354
6,201,1.272499,1.908748,-1.545219
6,202,1.248831,1.873246,-1.511350
6,203,1.255715,1.883572,-1.519873
6,204,1.268833,1.903249,-1.540861
6,205,1.209941,1.814912,-1.451583
6,206,1.230547,1.845820,-1.482236
6,207,1.243582,1.865373,-1.503158
6,208,1.278209,1.917313,-1.554855
6,209,1.259650,1.889475,-1.526420
6,210,1.258357,1.887535,-1.524573
6,211,1.261607,1.892411,-1.529584
6,212,1.244902,1.867353,-1.504450
6,213,1.250322,1.875483,-1.512258
6,214,1.303713,1.955569,-1.592850
6,215,1.261068,1.891602,-1.529662
6,216,1.300333,1.950500,-1.588463
6,217,1.300147,1.950220,-1.589300
6,218,1.336668,2.005002,-1.643228
6,219,1.277075,1.915613,-1.552674
6,220,1.266176,1.899264,-1.536407
6,221,1.248550,1.872825,-1.510855
6,222,1.249061,1.873592,-1.510900
6,223,1.203801,1.805702,-1.442045
6,224,1.240796,1.861194,-1.497920
6,225,1.229405,1.844107,-1.479961
6,226,1.256900,1.885350,-1.521287
6,227,1.253260,1.879890,-1.515548
6,228,1.301619,1.952429,-1.587710
6,229,1.286096,1.929144,-1.564709
6,230,1.255833,1.883750,-1.519260
6,231,1.264932,1.897398,-1.532785
6,232,1.263289,1.894933,-1.530771
6,233,1.243178,1.864767,-1.500400
6,234,1.283057,1.924586,-1.559815
6,235,1.286925,1.930387,-1.566138
6,236,1.245481,1.868221,-1.503506
6,237,1.245966,1.868949,-1.504222
6,238,1.243358,1.865037,-1.499599
6,239,1.229438,1.844158,-1.478061
6,240,1.248784,1.873176,-1.507916
6,241,1.231562,1.847343,-1.481417
6,242,1.291364,1.937046,-1.571209
6,243,1.267462,1.901193,-1.536299
6,244,1.269394,1.904091,-1.538698
6,245,1.250851,1.876277,-1.511140
6,246,1.233692,1.850538,-1.484426
6,247,1.190509,1.785764,-1.419857
6,248,1.189130,1.783694,-1.418213
6,249,1.215094,1.822641,-1.457823
6,250,1.219689,1.829533,-1.464053
6,251,1.208131,1.812197,-1.447344
6,252,1.258597,1.887896,-1.522311
6,253,1.226654,1.839981,-1.473161
6,254,1.218010,1.827015,-1.460796
6,255,1.189204,1.783805,-1.417786
6,256,1.238881,1.858322,-1.491810
6,257,1.229853,1.844779,-1.479030
6,258,1.217027,1.825540,-1.460355
6,259,1.232068,1.848102,-1.482217
6,260,1.203870,1.805805,-1.439734
6,261,1.202949,1.804424,-1.437597
6,262,1.219543,1.829314,-1.463812
6,263,1.188957,1.783436,-1.417472
6,264,1.226228,1.839343,-1.473520
6,265,1.196337,1.794505,-1.428784
6,266,1.241973,1.862959,-1.498344
6,267,1.235325,1.852988,-1.487389
6,268,1.217757,1.826635,-1.460875
6,269,1.270624,1.905937,-1.540699
6,270,1.238195,1.857293,-1.492018
6,271,1.239313,1.858969,-1.493283
6,272,1.220528,1.830792,-1.464694
6,273,1.180441,1.770661,-1.404951
6,274,1.229845,1.844767,-1.479277
6,275,1.228568,1.842852,-1.477528
6,276,1.213351,1.820027,-1.454480
6,277,1.216777,1.825165,-1.458342
6,278,1.173385,1.760077,-1.391663
6,279,1.230545,1.845817,-1.479558
6,280,1.244907,1.867361,-1.502196
6,281,1.236516,1.854774,-1.490096
6,282,1.225249,1.837873,-1.472302
6,283,1.286265,1.929397,-1.563581
6,284,1.257430,1.886145,-1.520813
6,285,1.290551,1.935827,-1.571924
6,286,1.235793,1.853689,-1.489523
6,287,1.281498,1.922248,-1.558334
6,288,1.273107,1.909660,-1.544517
6,289,1.248973,1.873459,-1.508992
6,290,1.257005,1.885508,-1.521181
6,291,1.259505,1.889258,-1.525341
6,292,1.236327,1.854490,-1.490083
6,293,1.246720,1.870081,-1.505939
6,294,1.239862,1.859793,-1.495222
6,295,1.223235,1.834852,-1.470092
6,296,1.214267,1.821401,-1.455820
6,297,1.248366,1.872549,-1.508910
6,298,1.241232,1.861848,-1.497468
6,299,1.187563,1.781345,-1.416297
6,300,1.253124,1.879685,-1.514667
6,301,1.260886,1.891328,-1.526311
6,302,1.253710,1.880564,-1.515497
6,303,1.206415,1.809623,-1.444048
6,304,1.268064,1.902096,-1.536426
6,305,1.266491,1.899736,-1.533924
6,306,1.271446,1.907170,-1.542043
6,307,1.273971,1.910956,-1.544568
6,308,1.242838,1.864257,-1.498590
6,309,1.264041,1.896062,-1.530084
6,310,1.233913,1.850870,-1.485162
6,311,1.228569,1.842853,-1.476980
6,312,1.193316,1.789974,-1.423076
6,313,1.216491,1.824736,-1.458756
6,314,1.205663,1.808494,-1.442093
6,315,1.221959,1.832939,-1.468088
6,316,1.250310,1.875465,-1.510859
6,317,1.221491,1.832237,-1.467515
6,318,1.208046,1.812069,-1.444797
6,319,1.267462,1.901193,-1.535199
6,320,1.247215,1.870823,-1.505325
6,321,1.277576,1.916365,-1.551025
6,322,1.238402,1.857602,-1.491985
6,323,1.276311,1.914466,-1.548171
6,324,1.268008,1.902012,-1.537776
6,325,1.267867,1.901800,-1.537039
6,326,1.264095,1.896142,-1.532032
6,327,1.282614,1.923921,-1.559687
6,328,1.280618,1.920928,-1.557219
6,329,1.269218,1.903827,-1.540152
6,330,1.282411,1.923617,-1.560931
6,331,1.268191,1.902286,-1.539465
6,332,1.280880,1.921320,-1.558745
6,333,1.268561,1.902841,-1.540623
6,334,1.300481,1.950721,-1.588502
6,335,1.293838,1.940757,-1.578348
6,336,1.289963,1.934945,-1.572837
6,337,1.293349,1.940023,-1.578439
6,338,1.287359,1.931039,-1.570243
6,339,1.310434,1.965651,-1.604968
6,340,1.342215,2.013322,-1.652451
6,341,1.306300,1.959450,-1.598942
6,342,1.355574,2.033361,-1.672626
6,343,1.348856,2.023285,-1.663769
6,344,1.369749,2.054623,-1.696173
6,345,1.334363,2.001544,-1.641094
6,346,1.352371,2.028556,-1.668586
6,347,1.356955,2.035432,-1.676376
6,348,1.352223,2.028334,-1.667750
6,349,1.341571,2.012356,-1.651754
6,350,1.323283,1.984925,-1.623273
6,351,1.280074,1.920112,-1.558095
6,352,1.300764,1.951145,-1.589539
6,353,1.306821,1.960232,-1.598939
6,354,1.257878,1.886816,-1.525661
6,355,1.317964,1.976946,-1.616147
6,356,1.308786,1.963180,-1.602060
6,357,1.319942,1.979914,-1.618635
6,358,1.346425,2.019637,-1.658608
6,359,1.325350,1.988025,-1.625881
6,360,1.293380,1.940069,-1.579780
6,361,1.326716,1.990073,-1.628627
6,362,1.295276,1.942914,-1.582023
6,363,1.328877,1.993315,-1.633391
6,364,1.276705,1.915057,-1.554464
6,365,1.284396,1.926594,-1.565780
6,366,1.285308,1.927962,-1.567517
6,367,1.263706,1.895558,-1.533992
6,368,1.260389,1.890583,-1.529776
6,369,1.309338,1.964007,-1.604113
6,370,1.309904,1.964856,-1.604688
6,371,1.376341,2.064511,-1.705260
6,372,1.332320,1.998479,-1.638098
6,373,1.354277,2.031415,-1.671882
6,374,1.384958,2.077437,-1.719136
6,375,1.393742,2.090614,-1.732434
6,376,1.370823,2.056234,-1.696644
6,377,1.342674,2.014011,-1.655352
6,378,1.366561,2.049841,-1.692009
6,379,1.332722,1.999084,-1.640790
6,380,1.416269,2.124404,-1.765976
6,381,1.389445,2.084168,-1.725660
6,382,1.344806,2.017208,-1.658603
6,383,1.379901,2.069852,-1.711763
6,384,1.377376,2.066065,-1.707398
6,385,1.366538,2.049807,-1.689850
6,386,1.346460,2.019690,-1.658950
6,387,1.349971,2.024956,-1.663763
6,388,1.353359,2.030038,-1.668607
6,389,1.308932,1.963399,-1.602292
6,390,1.291416,1.937124,-1.575635
6,391,1.311085,1.966628,-1.605118
6,392,1.319910,1.979865,-1.617950
6,393,1.314815,1.972223,-1.610021
6,394,1.291211,1.936816,-1.574045
6,395,1.314692,1.972039,-1.608739
6,396,1.277619,1.916428,-1.552895
6,397,1.286365,1.929548,-1.565570
6,398,1.323599,1.985399,-1.621855
6,399,1.311515,1.967273,-1.603860
6,400,1.323264,1.984896,-1.623037
6,401,1.242938,1.864407,-1.500555
6,402,1.285551,1.928326,-1.564166
6,403,1.261969,1.892953,-1.530827
6,404,1.246540,1.869809,-1.505570
6,405,1.268136,1.902204,-1.537910
6,406,1.271377,1.907065,-1.543711
6,407,1.270461,1.905692,-1.542599
6,408,1.302916,1.954374,-1.591287
6,409,1.265296,1.897944,-1.535038
6,410,1.315410,1.973115,-1.610796
6,411,1.296128,1.944192,-1.581388
6,412,1.308027,1.962041,-1.600100
6,413,1.312893,1.969340,-1.606810
6,414,1.281980,1.922971,-1.560534
6,415,1.344160,2.016240,-1.655414
6,416,1.308484,1.962726,-1.602002
6,417,1.345800,2.018700,-1.658974
6,418,1.330857,1.996286,-1.635467
6,419,1.329225,1.993837,-1.633131
6,420,1.328429,1.992644,-1.631062
6,421,1.355481,2.033222,-1.671568
6,422,1.328287,1.992431,-1.630870
6,423,1.360509,2.040763,-1.678278
6,424,1.319428,1.979142,-1.616687
6,425,1.323849,1.985774,-1.623527
6,426,1.319163,1.978744,-1.616274
6,427,1.302499,1.953749,-1.590794
6,428,1.285249,1.927874,-1.564464
6,429,1.291711,1.937566,-1.574160
6,430,1.296983,1.945474,-1.581958
6,431,1.269020,1.903530,-1.539224
6,432,1.270921,1.906381,-1.542263
6,433,1.273671,1.910507,-1.547218
6,434,1.300079,1.950118,-1.586631
6,435,1.326302,1.989453,-1.627058
6,436,1.348638,2.022957,-1.661608
6,437,1.342421,2.013631,-1.652168
6,438,1.342698,2.014047,-1.652648
6,439,1.334336,2.001504,-1.639607
6,440,1.332647,1.998970,-1.637548
6,441,1.299571,1.949357,-1.587729
6,442,1.323489,1.985234,-1.625281
6,443,1.320443,1.980665,-1.618981
6,444,1.338660,2.007990,-1.646826
6,445,1.304373,1.956560,-1.594199
6,446,1.286880,1.930320,-1.567451
6,447,1.280872,1.921308,-1.559448
6,448,1.287378,1.931066,-1.568147
6,449,1.230099,1.845149,-1.480497
6,450,1.239243,1.858864,-1.495939
6,451,1.265020,1.897529,-1.534834
6,452,1.259329,1.888993,-1.525215
6,453,1.255496,1.883244,-1.520711
6,454,1.274225,1.911337,-1.548052
6,455,1.240340,1.860510,-1.497214
6,456,1.270537,1.905805,-1.543398
6,457,1.261693,1.892540,-1.530960
6,458,1.308116,1.962174,-1.601006
6,459,1.276454,1.914681,-1.553870
6,460,1.287065,1.930598,-1.570455
6,461,1.326639,1.989958,-1.629260
6,462,1.297527,1.946291,-1.585821
6,463,1.308895,1.963342,-1.603362
6,464,1.280471,1.920706,-1.559948
6,465,1.316225,1.974338,-1.614646
6,466,1.346473,2.019709,-1.659738
6,467,1.319448,1.979172,-1.618547
6,468,1.325262,1.987893,-1.627674
6,469,1.353934,2.030901,-1.670095
6,470,1.279383,1.919074,-1.556697
6,471,1.360874,2.041312,-1.681087
6,472,1.313988,1.970982,-1.609043
6,473,1.295107,1.942660,-1.580475
6,474,1.322688,1.984032,-1.622614
6,475,1.279639,1.919458,-1.558164
6,476,1.261092,1.891638,-1.530398
6,477,1.268021,1.902031,-1.538889
6,478,1.240380,1.860570,-1.497725
6,479,1.230423,1.845634,-1.482737
6,480,1.243692,1.865538,-1.503134
6,481,1.271914,1.907870,-1.545192
6,482,1.258093,1.887140,-1.524323
6,483,1.276594,1.914891,-1.552271
6,484,1.276868,1.915302,-1.553811
6,485,1.283314,1.924971,-1.563044
6,486,1.291169,1.936753,-1.573753
6,487,1.316944,1.975415,-1.613091
6,488,1.346646,2.019969,-1.657365
6,489,1.320826,1.981239,-1.618141
6,490,1.322019,1.983028,-1.620546
6,491,1.323120,1.984681,-1.622353
6,492,1.290489,1.935733,-1.572616
6,493,1.312311,1.968467,-1.604847
6,494,1.302986,1.954479,-1.591040
6,495,1.248332,1.872498,-1.508046
6,496,1.240083,1.860125,-1.495887
6,497,1.250446,1.875669,-1.511853
6,498,1.223481,1.835222,-1.470672
6,499,1.217367,1.826050,-1.461675
6,500,1.257816,1.886725,-1.523161
6,501,1.257255,1.885882,-1.522107
6,502,1.220521,1.830781,-1.466820
6,503,1.252493,1.878739,-1.514721
6,504,1.243316,1.864973,-1.501095
6,505,1.259033,1.888549,-1.525262
6,506,1.269426,1.904139,-1.540884
6,507,1.225695,1.838542,-1.473254
6,508,1.243719,1.865579,-1.500254
6,509,1.252044,1.878065,-1.513116
6,510,1.298147,1.947220,-1.581438
6,511,1.282863,1.924294,-1.559045
6,512,1.268141,1.902211,-1.535862
6,513,1.278625,1.917938,-1.552326
6,514,1.260690,1.891035,-1.525306
6,515,1.246974,1.870461,-1.504483
6,516,1.213472,1.820209,-1.453336
6,517,1.236936,1.855404,-1.488847
6,518,1.269115,1.903673,-1.538754
6,519,1.218998,1.828497,-1.462854
6,520,1.264865,1.897297,-1.532442
6,521,1.263263,1.894895,-1.529820
6,522,1.220666,1.830999,-1.466278
6,523,1.217730,1.826596,-1.461327
6,524,1.240163,1.860245,-1.494689
6,525,1.183319,1.774978,-1.409611
6,526,1.206932,1.810398,-1.444579
6,527,1.195557,1.793336,-1.427225
6,528,1.180029,1.770043,-1.404360
6,529,1.193729,1.790593,-1.425288
6,530,1.212000,1.818001,-1.452600
6,531,1.205446,1.808169,-1.442148
6,532,1.213214,1.819821,-1.453804
6,533,1.233225,1.849838,-1.484092
6,534,1.198801,1.798201,-1.432154
6,535,1.264516,1.896774,-1.531695
6,536,1.235837,1.853756,-1.488046
6,537,1.228427,1.842640,-1.477014
6,538,1.269175,1.903762,-1.538440
6,539,1.190572,1.785858,-1.419402
6,540,1.223579,1.835368,-1.469100
6,541,1.249804,1.874706,-1.509502
6,542,1.189497,1.784246,-1.418421
6,543,1.253161,1.879741,-1.514609
6,544,1.218747,1.828121,-1.462875
6,545,1.275692,1.913538,-1.547578
6,546,1.252874,1.879311,-1.513030
6,547,1.245827,1.868741,-1.502725
6,548,1.238865,1.858298,-1.493016
6,549,1.253981,1.880972,-1.516704
6,550,1.220920,1.831380,-1.466100
6,551,1.198375,1.797563,-1.432555
6,552,1.187149,1.780724,-1.415543
6,553,1.200605,1.800907,-1.434694
6,554,1.168348,1.752522,-1.386589
6,555,1.172455,1.758682,-1.392778
6,556,1.193632,1.790448,-1.425079
6,557,1.176293,1.764440,-1.397529
6,558,1.172532,1.758798,-1.392053
6,559,1.221646,1.832468,-1.466369
6,560,1.226383,1.839574,-1.473238
6,561,1.229906,1.844859,-1.479344
6,562,1.260805,1.891208,-1.525427
6,563,1.260222,1.890333,-1.525051
6,564,1.205646,1.808468,-1.443418
6,565,1.201776,1.802664,-1.437365
6,566,1.207402,1.811103,-1.446134
6,567,1.241647,1.862470,-1.496902
6,568,1.187206,1.780809,-1.415201
6,569,1.227915,1.841872,-1.477503
6,570,1.229561,1.844342,-1.476750
6,571,1.253912,1.880868,-1.514345
6,572,1.277942,1.916913,-1.550922
6,573,1.211569,1.817354,-1.450611
6,574,1.231355,1.847033,-1.479961
6,575,1.241439,1.862158,-1.496811
6,576,1.249542,1.874314,-1.509383
6,577,1.233891,1.850837,-1.486174
6,578,1.272859,1.909289,-1.545176
6,579,1.245027,1.867540,-1.502857
6,580,1.286165,1.929247,-1.565691
6,581,1.292443,1.938665,-1.575240
6,582,1.266444,1.899666,-1.535232
6,583,1.292193,1.938290,-1.574846
6,584,1.341770,2.012656,-1.650128
6,585,1.327831,1.991747,-1.628817
6,586,1.329861,1.994792,-1.631698
6,587,1.348590,2.022886,-1.659865
6,588,1.305520,1.958280,-1.595922
6,589,1.318357,1.977535,-1.615468
6,590,1.348163,2.022245,-1.660442
6,591,1.347819,2.021728,-1.659447
6,592,1.314790,1.972185,-1.610421
6,593,1.341652,2.012478,-1.651063
6,594,1.340664,2.010996,-1.647789
6,595,1.288188,1.932282,-1.570022
6,596,1.321224,1.981836,-1.619886
6,597,1.340190,2.010286,-1.649020
6,598,1.355081,2.032621,-1.671254
6,599,1.331227,1.996840,-1.635254
6,600,1.314873,1.972310,-1.610816
6,601,1.314152,1.971228,-1.609236
6,602,1.307619,1.961429,-1.600344
6,603,1.261926,1.892888,-1.532208
6,604,1.282500,1.923750,-1.562454
6,605,1.195439,1.793159,-1.429731
6,606,1.293201,1.939802,-1.577401
6,607,1.261741,1.892612,-1.530757
6,608,1.256639,1.884958,-1.523062
6,609,1.265779,1.898669,-1.537175
6,610,1.274304,1.911456,-1.549259
6,611,1.294321,1.941482,-1.579057
6,612,1.245856,1.868784,-1.506173
6,613,1.251524,1.877286,-1.513833
6,614,1.261606,1.892409,-1.529518
6,615,1.268627,1.902941,-1.538796
6,616,1.271162,1.906743,-1.543283
6,617,1.240382,1.860572,-1.497078
6,618,1.228873,1.843309,-1.480995
6,619,1.278668,1.918001,-1.556702
6,620,1.269893,1.904840,-1.542556
6,621,1.293296,1.939945,-1.577871
6,622,1.263376,1.895063,-1.532478
6,623,1.287278,1.930917,-1.568710
6,624,1.250437,1.875656,-1.515339
6,625,1.257600,1.886401,-1.524123
6,626,1.248953,1.873429,-1.510985
6,627,1.257296,1.885944,-1.523635
6,628,1.274891,1.912336,-1.549711
6,629,1.287574,1.931361,-1.568550
6,630,1.282669,1.924003,-1.561483
6,631,1.328523,1.992784,-1.630221
6,632,1.293259,1.939889,-1.577030
6,633,1.302928,1.954392,-1.592499
6,634,1.278815,1.918223,-1.555440
6,635,1.234584,1.851876,-1.488205
6,636,1.263177,1.894766,-1.531927
6,637,1.260978,1.891467,-1.528567
6,638,1.281802,1.922703,-1.559908
6,639,1.266801,1.900202,-1.536846
6,640,1.225047,1.837571,-1.472790
6,641,1.309416,1.964124,-1.600222
6,642,1.313124,1.969685,-1.606458
6,643,1.247860,1.871790,-1.508308
6,644,1.321531,1.982296,-1.619672
6,645,1.300139,1.950208,-1.587655
6,646,1.295952,1.943928,-1.581090
6,647,1.259545,1.889318,-1.526031
6,648,1.292654,1.938981,-1.575751
6,649,1.321347,1.982021,-1.620871
6,650,1.292251,1.938377,-1.575115
6,651,1.314967,1.972451,-1.609608
6,652,1.306365,1.959548,-1.597196
6,653,1.284181,1.926271,-1.563125
6,654,1.294550,1.941825,-1.578942
6,655,1.267697,1.901545,-1.538258
6,656,1.353303,2.029955,-1.667217
6,657,1.297272,1.945909,-1.582922
6,658,1.292856,1.939284,-1.575990
6,659,1.301112,1.951667,-1.589095
6,660,1.256934,1.885401,-1.523183
6,661,1.318442,1.977663,-1.615020
6,662,1.303529,1.955293,-1.592076
6,663,1.307864,1.961796,-1.598141
6,664,1.287750,1.931625,-1.567153
6,665,1.257830,1.886744,-1.522031
6,666,1.247888,1.871832,-1.506536
6,667,1.234905,1.852357,-1.486990
6,668,1.271950,1.907926,-1.542252
6,669,1.218673,1.828010,-1.463171
6,670,1.243090,1.864635,-1.499924
6,671,1.277837,1.916755,-1.552032
6,672,1.278879,1.918319,-1.554368
6,673,1.256005,1.884007,-1.520889
6,674,1.246672,1.870008,-1.507763
6,675,1.280021,1.920032,-1.556889
6,676,1.310540,1.965810,-1.603813
6,677,1.278956,1.918434,-1.556465
6,678,1.314941,1.972412,-1.610753
6,679,1.343435,2.015153,-1.654361
6,680,1.336863,2.005295,-1.643553
6,681,1.319076,1.978613,-1.615998
6,682,1.340490,2.010735,-1.647463
6,683,1.320107,1.980161,-1.616984
6,684,1.329291,1.993936,-1.631620
6,685,1.315218,1.972826,-1.609771
6,686,1.259591,1.889386,-1.526194
6,687,1.300344,1.950515,-1.586912
6,688,1.250926,1.876389,-1.512504
6,689,1.258190,1.887285,-1.522442
6,690,1.297028,1.945542,-1.581708
6,691,1.295587,1.943380,-1.578889
6,692,1.297143,1.945715,-1.580974
6,693,1.329004,1.993506,-1.628708
6,694,1.340666,2.010999,-1.646704
6,695,1.338342,2.007513,-1.643438
6,696,1.347257,2.020885,-1.656102
6,697,1.349687,2.024531,-1.659684
6,698,1.329822,1.994733,-1.630643
6,699,1.341461,2.012191,-1.647015
6,700,1.279160,1.918740,-1.554854
6,701,1.306043,1.959064,-1.594518
6,702,1.265880,1.898820,-1.533928
6,703,1.261721,1.892581,-1.528174
6,704,1.283992,1.925988,-1.562126
6,705,1.252095,1.878143,-1.514298
6,706,1.281054,1.921581,-1.557383
6,707,1.266797,1.900195,-1.536785
6,708,1.287013,1.930520,-1.566607
6,709,1.268244,1.902366,-1.538003
6,710,1.280449,1.920673,-1.556474
6,711,1.284867,1.927301,-1.563050
6,712,1.303969,1.955954,-1.591637
6,713,1.260357,1.890535,-1.526556
6,714,1.221914,1.832870,-1.469536
6,715,1.219797,1.829696,-1.464931
6,716,1.244603,1.866904,-1.501449
6,717,1.218112,1.827168,-1.462224
6,718,1.207412,1.811117,-1.445382
6,719,1.193024,1.789536,-1.422913
6,720,1.183551,1.775327,-1.409248
6,721,1.145603,1.718404,-1.351847
6,722,1.169452,1.754178,-1.388086
6,723,1.169297,1.753946,-1.387869
6,724,1.143935,1.715902,-1.350354
6,725,1.186354,1.779531,-1.414381
6,726,1.142634,1.713951,-1.347823
6,727,1.177889,1.766833,-1.402207
6,728,1.209333,1.813999,-1.448996
6,729,1.265579,1.898368,-1.533853
6,730,1.213408,1.820111,-1.456412
6,731,1.274777,1.912166,-1.548879
6,732,1.267129,1.900693,-1.538875
6,733,1.262318,1.893477,-1.530989
6,734,1.311731,1.967596,-1.604413
6,735,1.342708,2.014062,-1.651855
6,736,1.268799,1.903198,-1.540942
6,737,1.279217,1.918826,-1.556973
6,738,1.282007,1.923011,-1.560074
6,739,1.258103,1.887154,-1.524729
6,740,1.280573,1.920859,-1.558124
6,741,1.285181,1.927772,-1.565689
6,742,1.282182,1.923272,-1.562057
6,743,1.256486,1.884729,-1.522290
6,744,1.267637,1.901456,-1.539841
6,745,1.271631,1.907447,-1.545881
6,746,1.254289,1.881433,-1.519792
6,747,1.230785,1.846178,-1.485348
6,748,1.247006,1.870509,-1.510463
6,749,1.236804,1.855206,-1.494178
6,750,1.234488,1.851732,-1.489747
6,751,1.280012,1.920018,-1.558141
6,752,1.261605,1.892408,-1.530429
6,753,1.256817,1.885225,-1.524102
6,754,1.336777,2.005166,-1.643267
6,755,1.273159,1.909739,-1.548746
6,756,1.302852,1.954278,-1.594080
6,757,1.303888,1.955832,-1.595022
6,758,1.285879,1.928818,-1.567285
6,759,1.304470,1.956705,-1.595037
6,760,1.283798,1.925697,-1.563403
6,761,1.294750,1.942125,-1.579635
6,762,1.268596,1.902893,-1.540077
6,763,1.260594,1.890892,-1.528950
6,764,1.277203,1.915804,-1.554311
6,765,1.275587,1.913381,-1.552003
6,766,1.280298,1.920446,-1.557386
6,767,1.256045,1.884067,-1.521049
6,768,1.251467,1.877200,-1.513707
6,769,1.251502,1.877253,-1.513034
6,770,1.225363,1.838044,-1.472720
6,771,1.238617,1.857925,-1.492894
6,772,1.246301,1.869452,-1.504275
6,773,1.239077,1.858615,-1.492863
6,774,1.229914,1.844871,-1.479428
6,775,1.215738,1.823607,-1.457360
6,776,1.214726,1.822090,-1.455084
6,777,1.236026,1.854039,-1.487769
6,778,1.224050,1.836074,-1.469154
6,779,1.261343,1.892015,-1.525750
6,780,1.232727,1.849091,-1.483129
6,781,1.228662,1.842992,-1.476180
6,782,1.228131,1.842196,-1.476334
6,783,1.232490,1.848735,-1.481884
6,784,1.241064,1.861596,-1.494569
6,785,1.225386,1.838079,-1.470853
6,786,1.241655,1.862483,-1.496012
6,787,1.247454,1.871181,-1.505315
6,788,1.244170,1.866254,-1.499615
6,789,1.251897,1.877846,-1.512730
6,790,1.254907,1.882360,-1.517764
6,791,1.276243,1.914364,-1.549975
6,792,1.304306,1.956459,-1.591709
6,793,1.308761,1.963142,-1.598396
6,794,1.301834,1.952751,-1.588337
6,795,1.251630,1.877445,-1.512907
6,796,1.267632,1.901449,-1.536436
6,797,1.278367,1.917551,-1.552583
6,798,1.227029,1.840543,-1.476665
6,799,1.259427,1.889141,-1.524095
6,800,1.236628,1.854941,-1.489587
6,801,1.243751,1.865626,-1.500166
6,802,1.213989,1.820984,-1.455546
6,803,1.240471,1.860707,-1.496283
6,804,1.209926,1.814890,-1.449550
6,805,1.244683,1.867025,-1.501608
6,806,1.242497,1.863746,-1.499194
6,807,1.244352,1.866528,-1.500274
6,808,1.252985,1.879478,-1.513484
6,809,1.225458,1.838188,-1.472173
6,810,1.251322,1.876983,-1.511281
6,811,1.254126,1.881188,-1.515845
6,812,1.241581,1.862371,-1.496354
6,813,1.222931,1.834397,-1.468710
6,814,1.265769,1.898653,-1.532437
6,815,1.245171,1.867756,-1.501945
6,816,1.214110,1.821165,-1.454278
6,817,1.235966,1.853949,-1.487940
6,818,1.208305,1.812457,-1.445773
6,819,1.268081,1.902121,-1.535788
6,820,1.223387,1.835081,-1.468419
6,821,1.274706,1.912059,-1.546177
6,822,1.244044,1.866065,-1.500429
6,823,1.257849,1.886773,-1.521011
6,824,1.201662,1.802493,-1.436979
6,825,1.235306,1.852959,-1.487341
6,826,1.231817,1.847726,-1.483426
6,827,1.234874,1.852311,-1.487651
6,828,1.266466,1.899699,-1.535551
6,829,1.252563,1.878844,-1.514959
6,830,1.259872,1.889807,-1.525688
6,831,1.239785,1.859677,-1.496026
6,832,1.290207,1.935310,-1.572138
6,833,1.313566,1.970349,-1.607195
6,834,1.295514,1.943271,-1.580428
6,835,1.315271,1.972906,-1.610084
6,836,1.289320,1.933980,-1.570222
6,837,1.319548,1.979322,-1.616911
6,838,1.364071,2.046106,-1.683514
6,839,1.297962,1.946943,-1.584804
6,840,1.333680,2.000520,-1.637537
6,841,1.285077,1.927616,-1.565418
6,842,1.314704,1.972056,-1.609659
6,843,1.225216,1.837825,-1.475799
6,844,1.253343,1.880014,-1.516676
6,845,1.244332,1.866498,-1.502904
6,846,1.236232,1.854349,-1.491923
6,847,1.208921,1.813382,-1.449818
6,848,1.241096,1.861644,-1.498644
6,849,1.242628,1.863942,-1.500408
6,850,1.239982,1.859974,-1.497663
6,851,1.273542,1.910312,-1.547026
6,852,1.248018,1.872028,-1.509595
6,853,1.236263,1.854395,-1.492662
6,854,1.274969,1.912454,-1.549836
6,855,1.263984,1.895976,-1.534328
6,856,1.253815,1.880722,-1.518471
6,857,1.262741,1.894111,-1.531709
6,858,1.299180,1.948770,-1.586697
6,859,1.289723,1.934584,-1.571748
6,860,1.295303,1.942955,-1.580329
6,861,1.272889,1.909333,-1.546690
6,862,1.298669,1.948003,-1.585027
6,863,1.283845,1.925767,-1.562695
6,864,1.288091,1.932136,-1.568899
6,865,1.236035,1.854053,-1.490105
6,866,1.238245,1.857368,-1.493329
6,867,1.258707,1.888060,-1.522901
6,868,1.221464,1.832196,-1.467512
6,869,1.267112,1.900668,-1.536240
6,870,1.272923,1.909384,-1.545944
6,871,1.182832,1.774249,-1.409410
6,872,1.224923,1.837384,-1.474796
6,873,1.215107,1.822660,-1.459759
6,874,1.240622,1.860933,-1.496997
6,875,1.219184,1.828776,-1.464380
6,876,1.202069,1.803104,-1.438982
6,877,1.224157,1.836235,-1.471734
6,878,1.260580,1.890870,-1.526870
6,879,1.264935,1.897402,-1.533832
6,880,1.253548,1.880322,-1.516215
6,881,1.264306,1.896458,-1.531861
6,882,1.289017,1.933525,-1.569770
6,883,1.216771,1.825157,-1.460228
6,884,1.231148,1.846722,-1.482297
6,885,1.269670,1.904505,-1.540872
6,886,1.302326,1.953489,-1.590147
6,887,1.224573,1.836860,-1.473360
6,888,1.269113,1.903669,-1.539668
6,889,1.273783,1.910674,-1.545807
6,890,1.224377,1.836565,-1.471062
6,891,1.216644,1.824966,-1.459861
6,892,1.231632,1.847448,-1.481885
6,893,1.198517,1.797776,-1.432046
6,894,1.243793,1.865689,-1.500771
6,895,1.217638,1.826457,-1.461546
6,896,1.224134,1.836201,-1.471458
6,897,1.206389,1.809584,-1.444653
6,898,1.243233,1.864849,-1.499528
6,899,1.243198,1.864796,-1.499639
6,900,1.185698,1.778547,-1.413807
6,901,1.192085,1.788128,-1.422821
6,902,1.242214,1.863321,-1.498441
6,903,1.240530,1.860795,-1.495646
6,904,1.255068,1.882602,-1.517862
6,905,1.256656,1.884984,-1.520177
6,906,1.302778,1.954167,-1.589850
6,907,1.234863,1.852294,-1.487638
6,908,1.258028,1.887042,-1.521649
6,909,1.228116,1.842174,-1.477268
6,910,1.221289,1.831934,-1.467296
6,911,1.249104,1.873656,-1.509726
6,912,1.208797,1.813196,-1.449610
6,913,1.205477,1.808216,-1.443043
6,914,1.212130,1.818194,-1.453444
6,915,1.216001,1.824002,-1.459197
6,916,1.207149,1.810724,-1.446405
6,917,1.217017,1.825525,-1.460565
6,918,1.214437,1.821656,-1.455780
6,919,1.209326,1.813989,-1.447588
6,920,1.190280,1.785420,-1.419865
6,921,1.205785,1.808678,-1.442517
6,922,1.221177,1.831765,-1.465377
6,923,1.203787,1.805681,-1.439601
6,924,1.197135,1.795702,-1.428711
6,925,1.171507,1.757260,-1.390842
6,926,1.216979,1.825468,-1.460085
6,927,1.208112,1.812168,-1.446254
6,928,1.226495,1.839743,-1.474602
6,929,1.200375,1.800562,-1.435341
6,930,1.204368,1.806553,-1.441116
6,931,1.203381,1.805071,-1.438053
6,932,1.277845,1.916768,-1.552314
6,933,1.242654,1.863980,-1.498451
6,934,1.269328,1.903993,-1.539461
6,935,1.264447,1.896670,-1.531673
6,936,1.265810,1.898714,-1.533911
6,937,1.271327,1.906990,-1.542415
6,938,1.241812,1.862718,-1.497818
6,939,1.238960,1.858440,-1.492722
6,940,1.207497,1.811246,-1.444341
6,941,1.231258,1.846887,-1.482016
6,942,1.211994,1.817991,-1.453880
6,943,1.233806,1.850708,-1.485425
6,944,1.222331,1.833496,-1.467879
6,945,1.272430,1.908645,-1.543911
6,946,1.222199,1.833299,-1.467483
6,947,1.252576,1.878865,-1.514602
6,948,1.257860,1.886790,-1.521010
6,949,1.240048,1.860072,-1.496146
6,950,1.233294,1.849941,-1.485964
6,951,1.246667,1.870001,-1.506377
6,952,1.229574,1.844361,-1.481339
6,953,1.238580,1.857870,-1.494536
6,954,1.240906,1.861359,-1.497786
6,955,1.202099,1.803148,-1.439942
6,956,1.189845,1.784768,-1.421177
6,957,1.200669,1.801003,-1.436877
6,958,1.215722,1.823583,-1.459782
6,959,1.235150,1.852725,-1.489782
6,960,1.268766,1.903148,-1.539765
6,961,1.247166,1.870749,-1.508317
6,962,1.267430,1.901145,-1.538346
6,963,1.298626,1.947940,-1.585490
6,964,1.273504,1.910256,-1.547785
6,965,1.274770,1.912155,-1.548995
6,966,1.277070,1.915606,-1.553507
6,967,1.295613,1.943419,-1.581621
6,968,1.238738,1.858107,-1.495386
6,969,1.271929,1.907894,-1.545757
6,970,1.286203,1.929305,-1.566227
6,971,1.216972,1.825458,-1.462911
6,972,1.274642,1.911962,-1.549701
6,973,1.280239,1.920359,-1.556787
6,974,1.278590,1.917885,-1.554824
6,975,1.293398,1.940097,-1.576497
6,976,1.291344,1.937016,-1.573721
6,977,1.290045,1.935067,-1.571197
6,978,1.297314,1.945971,-1.582050
6,979,1.265549,1.898324,-1.533501
6,980,1.255129,1.882694,-1.517815
6,981,1.224508,1.836762,-1.471798
6,982,1.232842,1.849264,-1.485358
6,983,1.221065,1.831597,-1.465865
6,984,1.235195,1.852793,-1.488117
6,985,1.237693,1.856539,-1.490402
6,986,1.252094,1.878142,-1.512960
6,987,1.287342,1.931013,-1.566107
6,988,1.313964,1.970947,-1.606446
6,989,1.331048,1.996572,-1.632287
6,990,1.240766,1.861148,-1.495539
6,991,1.330837,1.996256,-1.631236
6,992,1.247667,1.871500,-1.507216
6,993,1.321136,1.981704,-1.617218
6,994,1.208985,1.813478,-1.448795
6,995,1.278024,1.917036,-1.552650
6,996,1.227063,1.840594,-1.476198
6,997,1.232158,1.848238,-1.483379
6,998,1.222024,1.833036,-1.468300
6,999,1.260055,1.890083,-1.525857
6,1000,1.237171,1.855757,-1.491769
7,1,0.985397,1.478095,-1.301751
7,2,1.004407,1.506611,-1.329835
7,3,1.004903,1.507354,-1.330043
7,4,1.048008,1.572011,-1.395378
7,5,1.012282,1.518423,-1.341269
7,6,1.076073,1.614110,-1.437476
7,7,1.083534,1.625302,-1.448380
7,8,1.064733,1.597100,-1.419774
7,9,1.047204,1.570806,-1.393334
7,10,1.048259,1.572388,-1.395104
7,11,1.040450,1.560676,-1.383697
7,12,1.050815,1.576222,-1.399491
7,13,1.057527,1.586290,-1.410315
7,14,1.054879,1.582319,-1.407201
7,15,1.074114,1.611170,-1.435972
7,16,1.101321,1.651981,-1.477254
7,17,1.136554,1.704832,-1.530777
7,18,1.163305,1.744958,-1.572088
7,19,1.138490,1.707735,-1.534331
7,20,1.218255,1.827382,-1.655374
7,21,1.202847,1.804271,-1.633076
7,22,1.253433,1.880149,-1.708625
7,23,1.298227,1.947341,-1.775699
7,24,1.248847,1.873270,-1.702608
7,25,1.249050,1.873576,-1.702952
7,26,1.250075,1.875112,-1.703501
7,27,1.227315,1.840972,-1.669701
7,28,1.206333,1.809500,-1.638945
7,29,1.216510,1.824766,-1.654256
7,30,1.185541,1.778311,-1.607755
7,31,1.165099,1.747649,-1.577125
7,32,1.157036,1.735554,-1.564331
7,33,1.173141,1.759711,-1.589185
7,34,1.184399,1.776599,-1.606448
7,35,1.176482,1.764723,-1.596649
7,36,1.206277,1.809415,-1.640673
7,37,1.223690,1.835535,-1.667421
7,38,1.212613,1.818920,-1.650911
7,39,1.221981,1.832971,-1.664674
7,40,1.219272,1.828909,-1.660302
7,41,1.182090,1.773135,-1.604051
7,42,1.164916,1.747374,-1.578195
7,43,1.167246,1.750870,-1.582411
7,44,1.158339,1.737508,-1.569298
7,45,1.181853,1.772779,-1.604837
7,46,1.224088,1.836132,-1.668052
7,47,1.173798,1.760697,-1.591804
7,48,1.208615,1.812923,-1.644420
7,49,1.183378,1.775067,-1.607249
7,50,1.196116,1.794174,-1.624952
7,51,1.229164,1.843746,-1.675262
7,52,1.191300,1.786951,-1.617377
7,53,1.230040,1.845060,-1.677396
7,54,1.208555,1.812832,-1.643885
7,55,1.201687,1.802530,-1.633918
7,56,1.206434,1.809650,-1.641887
7,57,1.221412,1.832117,-1.664328
7,58,1.209080,1.813620,-1.645096
7,59,1.194293,1.791439,-1.622811
7,60,1.229034,1.843550,-1.675104
7,61,1.210283,1.815425,-1.646911
7,62,1.201814,1.802721,-1.633473
7,63,1.221329,1.831993,-1.662969
7,64,1.183650,1.775475,-1.606778
7,65,1.209176,1.813764,-1.644506
7,66,1.195924,1.793886,-1.623467
7,67,1.202965,1.804447,-1.634684
7,68,1.195470,1.793205,-1.624854
7,69,1.191787,1.787680,-1.618845
7,70,1.175874,1.763811,-1.594670
7,71,1.226697,1.840046,-1.670770
7,72,1.189897,1.784846,-1.614983
7,73,1.203329,1.804993,-1.634609
7,74,1.199083,1.798625,-1.628134
7,75,1.188048,1.782071,-1.611429
7,76,1.181353,1.772030,-1.600914
7,77,1.192730,1.789095,-1.618200
7,78,1.178636,1.767955,-1.596165
7,79,1.154222,1.731332,-1.560342
7,80,1.171291,1.756937,-1.584632
7,81,1.191924,1.787886,-1.615627
7,82,1.180806,1.771209,-1.599181
7,83,1.193953,1.790929,-1.619548
7,84,1.166958,1.750437,-1.578271
7,85,1.158336,1.737504,-1.565398
7,86,1.135679,1.703519,-1.530728
7,87,1.149074,1.723611,-1.550661
7,88,1.141296,1.711944,-1.539003
7,89,1.146001,1.719002,-1.545250
7,90,1.107355,1.661032,-1.486319
7,91,1.090094,1.635141,-1.461856
7,92,1.163429,1.745143,-1.571440
7,93,1.120391,1.680587,-1.507365
7,94,1.136629,1.704943,-1.531386
7,95,1.132077,1.698116,-1.524543
7,96,1.129484,1.694226,-1.519760
7,97,1.101838,1.652756,-1.478288
7,98,1.100249,1.650374,-1.475400
7,99,1.122561,1.683842,-1.509238
7,100,1.113834,1.670751,-1.497094
7,101,1.137098,1.705648,-1.532325
7,102,1.141537,1.712305,-1.538097
7,103,1.119542,1.679313,-1.505249
7,104,1.148144,1.722216,-1.548755
7,105,1.097651,1.646476,-1.472702
7,106,1.119028,1.678542,-1.504566
7,107,1.121594,1.682391,-1.509622
7,108,1.115076,1.672614,-1.499519
7,109,1.129395,1.694092,-1.520695
7,110,1.090414,1.635621,-1.461773
7,111,1.133680,1.700519,-1.527531
7,112,1.152511,1.728766,-1.556697
7,113,1.128073,1.692109,-1.518305
7,114,1.149714,1.724571,-1.552127
7,115,1.173935,1.760903,-1.588790
7,116,1.189112,1.783667,-1.611756
7,117,1.187152,1.780728,-1.608660
7,118,1.188795,1.783193,-1.611537
7,119,1.213615,1.820422,-1.648933
7,120,1.184566,1.776849,-1.605186
7,121,1.181024,1.771536,-1.599650
7,122,1.170177,1.755266,-1.583355
7,123,1.197139,1.795709,-1.624237
7,124,1.190113,1.785170,-1.613803
7,125,1.196845,1.795267,-1.624906
7,126,1.178891,1.768336,-1.596984
7,127,1.141789,1.712684,-1.541923
7,128,1.125612,1.688417,-1.516634
7,129,1.135716,1.703574,-1.531173
7,130,1.151276,1.726913,-1.554589
7,131,1.145883,1.718824,-1.546456
7,132,1.124516,1.686774,-1.515034
7,133,1.133629,1.700443,-1.528867
7,134,1.185358,1.778037,-1.605460
7,135,1.134186,1.701279,-1.528130
7,136,1.190161,1.785242,-1.612316
7,137,1.183746,1.775618,-1.603015
7,138,1.203015,1.804523,-1.632442
7,139,1.176531,1.764797,-1.592588
7,140,1.245493,1.868240,-1.696069
7,141,1.180980,1.771471,-1.598675
7,142,1.169683,1.754525,-1.581653
7,143,1.170108,1.755162,-1.581981
7,144,1.168366,1.752549,-1.578955
7,145,1.155410,1.733115,-1.559710
7,146,1.139395,1.709092,-1.535602
7,147,1.144439,1.716659,-1.543189
7,148,1.166386,1.749579,-1.576649
7,149,1.157473,1.736210,-1.564588
7,150,1.177185,1.765777,-1.594417
7,151,1.154232,1.731349,-1.561610
7,152,1.193200,1.789800,-1.619869
7,153,1.190186,1.785279,-1.614254
7,154,1.155319,1.732978,-1.561755
7,155,1.196023,1.794035,-1.623326
7,156,1.184850,1.777274,-1.606510
7,157,1.203869,1.805804,-1.634015
7,158,1.230188,1.845282,-1.674785
7,159,1.221788,1.832682,-1.661722
7,160,1.243033,1.864550,-1.695424
7,161,1.218559,1.827838,-1.656844
7,162,1.250335,1.875503,-1.705108
7,163,1.236283,1.854425,-1.685599
7,164,1.232059,1.848088,-1.678355
7,165,1.219136,1.828703,-1.658082
7,166,1.204114,1.806171,-1.635544
7,167,1.209224,1.813836,-1.642741
7,168,1.176065,1.764098,-1.593580
7,169,1.179530,1.769296,-1.597907
7,170,1.142394,1.713591,-1.541589
7,171,1.167576,1.751363,-1.579583
7,172,1.186216,1.779325,-1.607678
7,173,1.137585,1.706378,-1.535686
7,174,1.175840,1.763761,-1.592692
7,175,1.199456,1.799184,-1.629340
7,176,1.212671,1.819007,-1.649407
7,177,1.241170,1.861756,-1.692705
7,178,1.225482,1.838222,-1.667613
7,179,1.248778,1.873167,-1.703609
7,180,1.270743,1.906115,-1.737186
7,181,1.265891,1.898836,-1.729171
7,182,1.225978,1.838967,-1.667771
7,183,1.249607,1.874411,-1.703834
7,184,1.244411,1.866617,-1.695936
7,185,1.216804,1.825206,-1.654211
7,186,1.245020,1.867530,-1.696560
7,187,1.200349,1.800524,-1.629291
7,188,1.208026,1.812039,-1.640586
7,189,1.175121,1.762682,-1.591365
7,190,1.181925,1.772887,-1.602008
7,191,1.195861,1.793791,-1.622146
7,192,1.189413,1.784120,-1.612409
7,193,1.168413,1.752619,-1.580271
7,194,1.196006,1.794009,-1.623152
7,195,1.209205,1.813808,-1.642068
7,196,1.226120,1.839181,-1.667685
7,197,1.192497,1.788745,-1.617357
7,198,1.207900,1.811850,-1.640927
7,199,1.208944,1.813415,-1.641904
7,200,1.177929,1.766894,-1.596058
7,201,1.219187,1.828781,-1.657632
7,202,1.176058,1.764086,-1.591978
7,203,1.210763,1.816144,-1.644816
7,204,1.188407,1.782611,-1.611687
7,205,1.231391,1.847087,-1.675525
7,206,1.210535,1.815802,-1.644868
7,207,1.235627,1.853441,-1.683112
7,208,1.242085,1.863128,-1.691739
7,209,1.233180,1.849769,-1.678390
7,210,1.201125,1.801688,-1.629912
7,211,1.215239,1.822858,-1.651235
7,212,1.197184,1.795777,-1.624138
7,213,1.203356,1.805034,-1.632782
7,214,1.198269,1.797403,-1.625107
7,215,1.191047,1.786571,-1.614981
7,216,1.195340,1.793011,-1.621582
7,217,1.221783,1.832674,-1.661830
7,218,1.222885,1.834328,-1.662633
7,219,1.197214,1.795821,-1.625043
7,220,1.191989,1.787983,-1.617054
7,221,1.176146,1.764219,-1.593438
7,222,1.188405,1.782608,-1.610921
7,223,1.163952,1.745929,-1.573777
7,224,1.189978,1.784967,-1.612643
7,225,1.198361,1.797542,-1.625978
7,226,1.198043,1.797065,-1.625002
7,227,1.204883,1.807324,-1.635589
7,228,1.229277,1.843915,-1.672811
7,229,1.212622,1.818933,-1.648583
7,230,1.235227,1.852841,-1.682407
7,231,1.198643,1.797964,-1.626881
7,232,1.216810,1.825215,-1.654368
7,233,1.208095,1.812142,-1.641548
7,234,1.182830,1.774245,-1.604343
7,235,1.167690,1.751535,-1.581053
7,236,1.183530,1.775295,-1.605050
7,237,1.203980,1.805970,-1.635700
7,238,1.261668,1.892502,-1.723636
7,239,1.223842,1.835764,-1.667086
7,240,1.212885,1.819327,-1.650287
7,241,1.209648,1.814471,-1.644426
7,242,1.225153,1.837730,-1.667887
7,243,1.232734,1.849100,-1.679166
7,244,1.256254,1.884381,-1.715354
7,245,1.245804,1.868706,-1.698633
7,246,1.230094,1.845141,-1.674829
7,247,1.222562,1.833844,-1.663298
7,248,1.212822,1.819232,-1.648827
7,249,1.247285,1.870927,-1.701022
7,250,1.207899,1.811848,-1.640809
7,251,1.242270,1.863405,-1.692607
7,252,1.196761,1.795142,-1.624610
7,253,1.185306,1.777959,-1.607547
7,254,1.193852,1.790778,-1.619696
7,255,1.184193,1.776290,-1.605344
7,256,1.186801,1.780201,-1.609607
7,257,1.171479,1.757218,-1.585963
7,258,1.126880,1.690320,-1.518965
7,259,1.141690,1.712535,-1.540802
7,260,1.097099,1.645648,-1.472905
7,261,1.104122,1.656183,-1.483364
7,262,1.112202,1.668303,-1.495217
7,263,1.108047,1.662071,-1.489802
7,264,1.082917,1.624375,-1.451457
7,265,1.123668,1.685502,-1.511538
7,266,1.094405,1.641607,-1.467288
7,267,1.122341,1.683512,-1.509887
7,268,1.115275,1.672912,-1.499016
7,269,1.119249,1.678874,-1.504108
7,270,1.111464,1.667195,-1.491393
7,271,1.145036,1.717554,-1.542588
7,272,1.124750,1.687125,-1.512459
7,273,1.130629,1.695943,-1.520893
7,274,1.140830,1.711246,-1.536527
7,275,1.122943,1.684415,-1.509231
7,276,1.096786,1.645179,-1.470439
7,277,1.092699,1.639048,-1.464969
7,278,1.131141,1.696712,-1.522137
7,279,1.102419,1.653629,-1.479008
7,280,1.134346,1.701519,-1.527113
7,281,1.096538,1.644807,-1.469589
7,282,1.115537,1.673306,-1.498574
7,283,1.113032,1.669548,-1.494144
7,284,1.114918,1.672377,-1.497283
7,285,1.083977,1.625966,-1.451349
7,286,1.156628,1.734942,-1.561278
7,287,1.091706,1.637559,-1.464090
7,288,1.122729,1.684093,-1.510606
7,289,1.109063,1.663594,-1.489502
7,290,1.134435,1.701653,-1.527996
7,291,1.173182,1.759773,-1.586762
7,292,1.129506,1.694259,-1.521207
7,293,1.139521,1.709282,-1.536458
7,294,1.140573,1.710860,-1.540015
7,295,1.149267,1.723901,-1.552969
7,296,1.139952,1.709928,-1.538714
7,297,1.152673,1.729009,-1.557848
7,298,1.155908,1.733863,-1.563779
7,299,1.184815,1.777222,-1.606850
7,300,1.198959,1.798438,-1.628492
7,301,1.182904,1.774355,-1.604858
7,302,1.162870,1.744304,-1.575724
7,303,1.209982,1.814973,-1.645957
7,304,1.199544,1.799316,-1.629880
7,305,1.230102,1.845153,-1.675786
7,306,1.247867,1.871800,-1.702439
7,307,1.214093,1.821139,-1.651039
7,308,1.222362,1.833542,-1.663191
7,309,1.187308,1.780963,-1.609804
7,310,1.205751,1.808627,-1.637051
7,311,1.211971,1.817957,-1.646889
7,312,1.207820,1.811729,-1.640848
7,313,1.186688,1.780033,-1.607810
7,314,1.204428,1.806642,-1.634918
7,315,1.177271,1.765906,-1.593969
7,316,1.160487,1.740730,-1.567865
7,317,1.145450,1.718175,-1.546210
7,318,1.161543,1.742315,-1.569366
7,319,1.148372,1.722559,-1.548645
7,320,1.174939,1.762409,-1.588845
7,321,1.137869,1.706804,-1.532571
7,322,1.166429,1.749643,-1.575529
7,323,1.124535,1.686802,-1.512876
7,324,1.094792,1.642188,-1.467594
7,325,1.128830,1.693245,-1.518476
7,326,1.075487,1.613230,-1.439397
7,327,1.109019,1.663529,-1.488762
7,328,1.083923,1.625885,-1.450905
7,329,1.101479,1.652218,-1.477393
7,330,1.089365,1.634047,-1.458692
7,331,1.109970,1.664955,-1.490696
7,332,1.129544,1.694316,-1.519964
7,333,1.130846,1.696269,-1.522321
7,334,1.136931,1.705397,-1.531462
7,335,1.173797,1.760695,-1.587411
7,336,1.153291,1.729937,-1.556592
7,337,1.168183,1.752275,-1.578774
7,338,1.153573,1.730359,-1.557343
7,339,1.210591,1.815887,-1.643751
7,340,1.191918,1.787877,-1.615918
7,341,1.213126,1.819688,-1.648295
7,342,1.213116,1.819674,-1.647902
7,343,1.185964,1.778947,-1.607383
7,344,1.193989,1.790983,-1.618755
7,345,1.203211,1.804817,-1.632774
7,346,1.184319,1.776478,-1.605655
7,347,1.184404,1.776606,-1.604916
7,348,1.180411,1.770617,-1.598039
7,349,1.187542,1.781312,-1.609530
7,350,1.202700,1.804050,-1.631903
7,351,1.231613,1.847419,-1.676020
7,352,1.184121,1.776182,-1.605053
7,353,1.207838,1.811757,-1.640332
7,354,1.197258,1.795886,-1.624365
7,355,1.172757,1.759135,-1.587731
7,356,1.180966,1.771449,-1.600151
7,357,1.167471,1.751206,-1.580332
7,358,1.165676,1.748515,-1.577117
7,359,1.159023,1.738534,-1.567581
7,360,1.137114,1.705672,-1.535311
7,361,1.142873,1.714309,-1.542788
7,362,1.107901,1.661852,-1.489789
7,363,1.119185,1.678777,-1.507150
7,364,1.114209,1.671314,-1.498633
7,365,1.099500,1.649249,-1.476147
7,366,1.118551,1.677827,-1.505527
7,367,1.132070,1.698105,-1.525261
7,368,1.116747,1.675120,-1.502184
7,369,1.132384,1.698576,-1.524908
7,370,1.136436,1.704653,-1.531791
7,371,1.130360,1.695540,-1.521502
7,372,1.187806,1.781709,-1.608401
7,373,1.120416,1.680625,-1.506667
7,374,1.172874,1.759312,-1.586617
7,375,1.190932,1.786398,-1.613742
7,376,1.165908,1.748862,-1.575543
7,377,1.190234,1.785351,-1.612059
7,378,1.154129,1.731193,-1.557895
7,379,1.208108,1.812161,-1.639422
7,380,1.190981,1.786472,-1.612658
7,381,1.193128,1.789692,-1.616935
7,382,1.202427,1.803640,-1.630547
7,383,1.193294,1.789940,-1.616411
7,384,1.223980,1.835971,-1.663147
7,385,1.143068,1.714602,-1.541621
7,386,1.192943,1.789414,-1.616231
7,387,1.168893,1.753340,-1.580126
7,388,1.144239,1.716359,-1.541909
7,389,1.147182,1.720773,-1.546534
7,390,1.105296,1.657943,-1.483652
7,391,1.136889,1.705333,-1.531487
7,392,1.123681,1.685521,-1.511108
7,393,1.110913,1.666369,-1.491595
7,394,1.107630,1.661445,-1.486282
7,395,1.116626,1.674939,-1.500109
7,396,1.117408,1.676113,-1.501427
7,397,1.086956,1.630434,-1.455000
7,398,1.115858,1.673786,-1.499130
7,399,1.150355,1.725533,-1.550585
7,400,1.125445,1.688168,-1.513143
7,401,1.124093,1.686140,-1.510944
7,402,1.183601,1.775401,-1.600241
7,403,1.186100,1.779151,-1.604445
7,404,1.187105,1.780658,-1.606464
7,405,1.235064,1.852596,-1.678264
7,406,1.217436,1.826155,-1.653154
7,407,1.248870,1.873305,-1.701492
7,408,1.210705,1.816058,-1.643721
7,409,1.210791,1.816186,-1.644086
7,410,1.175598,1.763397,-1.590572
7,411,1.182808,1.774211,-1.602903
7,412,1.193724,1.790585,-1.619830
7,413,1.184641,1.776961,-1.608552
7,414,1.244061,1.866091,-1.695782
7,415,1.217441,1.826162,-1.656120
7,416,1.214564,1.821846,-1.650858
7,417,1.191773,1.787660,-1.616227
7,418,1.181019,1.771529,-1.600589
7,419,1.188216,1.782324,-1.610740
7,420,1.180270,1.770405,-1.598113
7,421,1.204168,1.806251,-1.634039
7,422,1.216279,1.824419,-1.651195
7,423,1.171430,1.757145,-1.583748
7,424,1.195839,1.793759,-1.620929
7,425,1.189760,1.784639,-1.612169
7,426,1.171580,1.757370,-1.585718
7,427,1.201665,1.802498,-1.631932
7,428,1.179623,1.769434,-1.598285
7,429,1.223474,1.835212,-1.664570
7,430,1.243442,1.865163,-1.694418
7,431,1.251619,1.877428,-1.706681
7,432,1.286540,1.929810,-1.758735
7,433,1.279484,1.919226,-1.748904
7,434,1.276128,1.914191,-1.744074
7,435,1.297169,1.945753,-1.775248
7,436,1.242349,1.863524,-1.692304
7,437,1.251720,1.877580,-1.706295
7,438,1.203843,1.805764,-1.633616
7,439,1.273523,1.910284,-1.738186
7,440,1.197212,1.795817,-1.622634
7,441,1.190651,1.785977,-1.613223
7,442,1.178412,1.767618,-1.595738
7,443,1.187889,1.781833,-1.608828
7,444,1.155944,1.733916,-1.560996
7,445,1.180987,1.771480,-1.599741
7,446,1.173599,1.760399,-1.587997
7,447,1.172602,1.758904,-1.586944
7,448,1.187559,1.781338,-1.609938
7,449,1.181804,1.772705,-1.600622
7,450,1.182189,1.773283,-1.601439
7,451,1.179384,1.769076,-1.596676
7,452,1.187631,1.781447,-1.608507
7,453,1.180843,1.771265,-1.597602
7,454,1.168066,1.752099,-1.579296
7,455,1.148150,1.722225,-1.548759
7,456,1.183639,1.775458,-1.601580
7,457,1.168549,1.752823,-1.579588
7,458,1.140449,1.710673,-1.537160
7,459,1.133278,1.699917,-1.526246
7,460,1.149046,1.723569,-1.549538
7,461,1.122928,1.684392,-1.510022
7,462,1.150765,1.726147,-1.552701
7,463,1.164996,1.747494,-1.573913
7,464,1.172122,1.758183,-1.585018
7,465,1.129675,1.694513,-1.521176
7,466,1.175977,1.763966,-1.590795
7,467,1.162449,1.743674,-1.570543
7,468,1.167777,1.751666,-1.578145
7,469,1.160083,1.740125,-1.566881
7,470,1.121571,1.682356,-1.508202
7,471,1.127013,1.690520,-1.516776
7,472,1.147563,1.721345,-1.547658
7,473,1.122957,1.684435,-1.511343
7,474,1.150979,1.726469,-1.553162
7,475,1.158190,1.737285,-1.562952
7,476,1.130041,1.695062,-1.521188
7,477,1.120762,1.681143,-1.507192
7,478,1.129040,1.693559,-1.519551
7,479,1.167677,1.751516,-1.578165
7,480,1.164620,1.746931,-1.574094
7,481,1.178163,1.767245,-1.594899
7,482,1.137901,1.706851,-1.533645
7,483,1.183085,1.774627,-1.601580
7,484,1.147701,1.721552,-1.548089
7,485,1.138440,1.707660,-1.534550
7,486,1.130803,1.696204,-1.523318
7,487,1.142457,1.713686,-1.541099
7,488,1.142809,1.714213,-1.541324
7,489,1.147787,1.721680,-1.548624
7,490,1.158869,1.738303,-1.565607
7,491,1.128167,1.692250,-1.518560
7,492,1.142769,1.714154,-1.541442
7,493,1.128960,1.693440,-1.520486
7,494,1.170200,1.755299,-1.582943
7,495,1.184618,1.776927,-1.603969
7,496,1.222863,1.834294,-1.662159
7,497,1.188360,1.782540,-1.609381
7,498,1.167427,1.751141,-1.578332
7,499,1.160388,1.740582,-1.568049
7,500,1.155800,1.733701,-1.561298
7,501,1.123705,1.685557,-1.512371
7,502,1.143160,1.714740,-1.541838
7,503,1.150326,1.725489,-1.552233
7,504,1.119918,1.679877,-1.506909
7,505,1.137986,1.706980,-1.534420
7,506,1.122211,1.683317,-1.510127
7,507,1.125781,1.688672,-1.515252
7,508,1.148716,1.723074,-1.550446
7,509,1.074933,1.612399,-1.438609
7,510,1.143171,1.714756,-1.541828
7,511,1.140730,1.711095,-1.537952
7,512,1.137365,1.706047,-1.532993
7,513,1.097508,1.646263,-1.472064
7,514,1.143414,1.715121,-1.541515
7,515,1.159783,1.739675,-1.565785
7,516,1.145547,1.718320,-1.544474
7,517,1.140329,1.710493,-1.536842
7,518,1.182523,1.773785,-1.600669
7,519,1.154719,1.732079,-1.558873
7,520,1.189813,1.784720,-1.612009
7,521,1.172634,1.758952,-1.586479
7,522,1.203490,1.805235,-1.633991
7,523,1.191237,1.786856,-1.614836
7,524,1.169641,1.754461,-1.581472
7,525,1.190728,1.786091,-1.613906
7,526,1.181321,1.771982,-1.599618
7,527,1.166008,1.749012,-1.576712
7,528,1.230929,1.846393,-1.674997
7,529,1.200716,1.801074,-1.631242
7,530,1.237388,1.856082,-1.684787
7,531,1.189711,1.784567,-1.613730
7,532,1.238829,1.858244,-1.687238
7,533,1.179403,1.769105,-1.596953
7,534,1.156197,1.734296,-1.561724
7,535,1.184620,1.776930,-1.605567
7,536,1.149410,1.724115,-1.553038
7,537,1.195996,1.793994,-1.622536
7,538,1.176670,1.765005,-1.593397
7,539,1.177993,1.766989,-1.595512
7,540,1.158436,1.737653,-1.565612
7,541,1.204237,1.806356,-1.634680
7,542,1.191849,1.787774,-1.616259
7,543,1.224641,1.836961,-1.666282
7,544,1.178046,1.767069,-1.595548
7,545,1.140713,1.711070,-1.538443
7,546,1.172247,1.758370,-1.586770
7,547,1.178951,1.768427,-1.598239
7,548,1.149010,1.723515,-1.551499
7,549,1.171816,1.757723,-1.586193
7,550,1.184524,1.776786,-1.605216
7,551,1.179777,1.769665,-1.598102
7,552,1.181199,1.771798,-1.599774
7,553,1.164420,1.746631,-1.575582
7,554,1.179746,1.769618,-1.598458
7,555,1.147798,1.721696,-1.550024
7,556,1.154876,1.732314,-1.560594
7,557,1.150013,1.725019,-1.552653
7,558,1.150730,1.726095,-1.552866
7,559,1.162070,1.743106,-1.570046
7,560,1.164576,1.746863,-1.573052
7,561,1.160015,1.740023,-1.565994
7,562,1.158709,1.738063,-1.564788
7,563,1.190847,1.786270,-1.613005
7,564,1.151358,1.727036,-1.553006
7,565,1.155493,1.733239,-1.559329
7,566,1.160868,1.741301,-1.567348
7,567,1.145702,1.718553,-1.545206
7,568,1.112498,1.668747,-1.495534
7,569,1.166196,1.749294,-1.575763
7,570,1.176687,1.765030,-1.591671
7,571,1.167243,1.750865,-1.578582
7,572,1.125636,1.688455,-1.515714
7,573,1.105040,1.657560,-1.483980
7,574,1.154206,1.731309,-1.558284
7,575,1.144006,1.716008,-1.543298
7,576,1.133189,1.699783,-1.526452
7,577,1.127196,1.690795,-1.516670
7,578,1.091157,1.636735,-1.462857
7,579,1.099906,1.649859,-1.476455
7,580,1.098847,1.648271,-1.475649
7,581,1.151016,1.726524,-1.554012
7,582,1.125647,1.688471,-1.515705
7,583,1.113186,1.669778,-1.496452
7,584,1.121899,1.682849,-1.509189
7,585,1.142374,1.713561,-1.539661
7,586,1.091744,1.637616,-1.463771
7,587,1.158984,1.738476,-1.565789
7,588,1.126259,1.689389,-1.516641
7,589,1.157869,1.736803,-1.564524
7,590,1.148017,1.722026,-1.549912
7,591,1.103291,1.654936,-1.481972
7,592,1.130748,1.696121,-1.523752
7,593,1.142408,1.713613,-1.541675
7,594,1.127827,1.691741,-1.518938
7,595,1.125702,1.688553,-1.514574
7,596,1.140694,1.711041,-1.537346
7,597,1.119129,1.678694,-1.505049
7,598,1.168908,1.753363,-1.579752
7,599,1.135047,1.702570,-1.528769
7,600,1.133507,1.700261,-1.526690
7,601,1.153567,1.730351,-1.557313
7,602,1.129697,1.694545,-1.521720
7,603,1.100019,1.650029,-1.475219
7,604,1.112211,1.668317,-1.493723
7,605,1.085457,1.628185,-1.453030
7,606,1.118291,1.677437,-1.502678
7,607,1.118300,1.677450,-1.502835
7,608,1.146762,1.720143,-1.545397
7,609,1.145210,1.717816,-1.542410
7,610,1.157304,1.735955,-1.559892
7,611,1.136698,1.705047,-1.530143
7,612,1.145818,1.718727,-1.543755
7,613,1.149819,1.724728,-1.550268
7,614,1.140305,1.710458,-1.535818
7,615,1.137127,1.705691,-1.530513
7,616,1.133141,1.699711,-1.524781
7,617,1.148933,1.723400,-1.549704
7,618,1.160073,1.740110,-1.567043
7,619,1.157410,1.736115,-1.563819
7,620,1.177707,1.766561,-1.594214
7,621,1.170614,1.755922,-1.583323
7,622,1.161063,1.741595,-1.569564
7,623,1.155497,1.733246,-1.561628
7,624,1.149191,1.723786,-1.551984
7,625,1.163996,1.745995,-1.573620
7,626,1.137564,1.706346,-1.534043
7,627,1.139725,1.709587,-1.536994
7,628,1.163097,1.744646,-1.572317
7,629,1.214476,1.821714,-1.649731
7,630,1.172238,1.758357,-1.587681
7,631,1.208851,1.813277,-1.642305
7,632,1.205794,1.808690,-1.636932
7,633,1.185553,1.778330,-1.606681
7,634,1.190806,1.786208,-1.615000
7,635,1.239116,1.858675,-1.686894
7,636,1.196564,1.794846,-1.622331
7,637,1.143793,1.715690,-1.542527
7,638,1.221768,1.832652,-1.661041
7,639,1.218602,1.827903,-1.655092
7,640,1.195865,1.793798,-1.621469
7,641,1.258306,1.887459,-1.716059
7,642,1.205210,1.807815,-1.636475
7,643,1.204930,1.807395,-1.635865
7,644,1.175083,1.762624,-1.590928
7,645,1.224237,1.836356,-1.665385
7,646,1.192790,1.789185,-1.619120
7,647,1.235156,1.852733,-1.683816
7,648,1.229774,1.844662,-1.675308
7,649,1.180360,1.770541,-1.601825
7,650,1.259361,1.889042,-1.720374
7,651,1.213242,1.819863,-1.650676
7,652,1.243872,1.865808,-1.696885
7,653,1.249553,1.874330,-1.706080
7,654,1.246473,1.869709,-1.701459
7,655,1.234773,1.852159,-1.683631
7,656,1.251761,1.877641,-1.708379
7,657,1.237778,1.856667,-1.686073
7,658,1.222796,1.834195,-1.664241
7,659,1.220022,1.830032,-1.660331
7,660,1.190543,1.785815,-1.614888
7,661,1.232124,1.848186,-1.677484
7,662,1.233638,1.850457,-1.679628
7,663,1.188765,1.783147,-1.612122
7,664,1.229034,1.843551,-1.672442
7,665,1.173059,1.759588,-1.587320
7,666,1.153847,1.730770,-1.559459
7,667,1.156827,1.735240,-1.563003
7,668,1.165861,1.748791,-1.575875
7,669,1.157883,1.736825,-1.563720
7,670,1.171915,1.757872,-1.584768
7,671,1.185772,1.778658,-1.605434
7,672,1.199952,1.799928,-1.627161
7,673,1.186507,1.779760,-1.606998
7,674,1.172065,1.758098,-1.584480
7,675,1.166008,1.749012,-1.575413
7,676,1.197510,1.796266,-1.623516
7,677,1.170881,1.756321,-1.584518
7,678,1.192714,1.789071,-1.616569
7,679,1.154540,1.731811,-1.558749
7,680,1.179131,1.768697,-1.595403
7,681,1.168684,1.753026,-1.579008
7,682,1.156533,1.734800,-1.561625
7,683,1.202546,1.803819,-1.630676
7,684,1.214145,1.821218,-1.648025
7,685,1.183091,1.774637,-1.601441
7,686,1.200376,1.800564,-1.628024
7,687,1.179601,1.769401,-1.596905
7,688,1.208597,1.812896,-1.640783
7,689,1.178101,1.767151,-1.594095
7,690,1.214606,1.821910,-1.649810
7,691,1.183410,1.775115,-1.602625
7,692,1.177111,1.765666,-1.593524
7,693,1.216812,1.825217,-1.654740
7,694,1.179284,1.768925,-1.598455
7,695,1.197269,1.795903,-1.625025
7,696,1.150564,1.725846,-1.552893
7,697,1.214076,1.821115,-1.648567
7,698,1.192692,1.789039,-1.616742
7,699,1.225085,1.837627,-1.665582
7,700,1.208420,1.812630,-1.640698
7,701,1.177207,1.765810,-1.594537
7,702,1.216498,1.824747,-1.653430
7,703,1.201945,1.802918,-1.629726
7,704,1.191247,1.786870,-1.614616
7,705,1.177153,1.765729,-1.593158
7,706,1.232938,1.849407,-1.676842
7,707,1.153923,1.730885,-1.558738
7,708,1.193756,1.790635,-1.618835
7,709,1.183517,1.775276,-1.602922
7,710,1.179468,1.769203,-1.596419
7,711,1.139524,1.709286,-1.536302
7,712,1.168435,1.752653,-1.580197
7,713,1.196641,1.794961,-1.622688
7,714,1.175670,1.763505,-1.590911
7,715,1.172318,1.758477,-1.585240
7,716,1.129488,1.694233,-1.521339
7,717,1.169502,1.754254,-1.581038
7,718,1.140536,1.710803,-1.536553
7,719,1.159960,1.739940,-1.566055
7,720,1.152771,1.729157,-1.556282
7,721,1.155793,1.733690,-1.559883
7,722,1.171490,1.757234,-1.582930
7,723,1.152718,1.729077,-1.555041
7,724,1.157964,1.736946,-1.562955
7,725,1.164897,1.747346,-1.572681
7,726,1.145982,1.718973,-1.544958
7,727,1.136292,1.704438,-1.530259
7,728,1.158982,1.738474,-1.565523
7,729,1.113191,1.669787,-1.496524
7,730,1.141136,1.711705,-1.538636
7,731,1.139960,1.709939,-1.536489
7,732,1.162660,1.743990,-1.569869
7,733,1.158805,1.738207,-1.565167
7,734,1.173371,1.760057,-1.586660
7,735,1.202019,1.803028,-1.629539
7,736,1.157469,1.736204,-1.561954
7,737,1.226687,1.840031,-1.666674
7,738,1.214236,1.821355,-1.648506
7,739,1.236143,1.854215,-1.681150
7,740,1.231541,1.847311,-1.675189
7,741,1.217354,1.826030,-1.654258
7,742,1.179374,1.769061,-1.596722
7,743,1.173046,1.759569,-1.586788
7,744,1.149983,1.724974,-1.552402
7,745,1.161271,1.741907,-1.569736
7,746,1.155388,1.733083,-1.562144
7,747,1.179554,1.769331,-1.597677
7,748,1.187643,1.781465,-1.608819
7,749,1.159741,1.739612,-1.566725
7,750,1.187439,1.781158,-1.608285
7,751,1.170898,1.756347,-1.583055
7,752,1.150532,1.725798,-1.551429
7,753,1.176136,1.764205,-1.590625
7,754,1.224203,1.836305,-1.662608
7,755,1.153147,1.729720,-1.555461
7,756,1.176063,1.764094,-1.590822
7,757,1.114146,1.671219,-1.497331
7,758,1.180327,1.770491,-1.596186
7,759,1.154964,1.732446,-1.558529
7,760,1.149673,1.724509,-1.549521
7,761,1.118108,1.677162,-1.502196
7,762,1.138095,1.707143,-1.532273
7,763,1.145582,1.718373,-1.543467
7,764,1.143867,1.715801,-1.540735
7,765,1.147573,1.721359,-1.547632
7,766,1.156843,1.735264,-1.561086
7,767,1.178346,1.767519,-1.593114
7,768,1.170954,1.756431,-1.581836
7,769,1.167776,1.751664,-1.577856
7,770,1.184696,1.777044,-1.604041
7,771,1.189287,1.783930,-1.610568
7,772,1.152766,1.729149,-1.555593
7,773,1.147595,1.721393,-1.547296
7,774,1.154704,1.732056,-1.558868
7,775,1.161375,1.742062,-1.568678
7,776,1.163445,1.745167,-1.572112
7,777,1.194092,1.791138,-1.617797
7,778,1.193862,1.790793,-1.617762
7,779,1.201897,1.802846,-1.628852
7,780,1.189047,1.783570,-1.610213
7,781,1.197952,1.796928,-1.623984
7,782,1.131805,1.697707,-1.522982
7,783,1.156755,1.735132,-1.560751
7,784,1.172991,1.759487,-1.585773
7,785,1.132289,1.698434,-1.524563
7,786,1.118836,1.678253,-1.505297
7,787,1.160515,1.740773,-1.567144
7,788,1.155393,1.733090,-1.559222
7,789,1.123389,1.685084,-1.512358
7,790,1.138043,1.707065,-1.534044
7,791,1.159077,1.738616,-1.564795
7,792,1.180996,1.771494,-1.598451
7,793,1.171994,1.757991,-1.584868
7,794,1.159852,1.739778,-1.566264
7,795,1.158453,1.737680,-1.564254
7,796,1.151401,1.727102,-1.554452
7,797,1.157519,1.736279,-1.563569
7,798,1.154911,1.732366,-1.559811
7,799,1.153537,1.730305,-1.557363
7,800,1.169672,1.754509,-1.581433
7,801,1.150355,1.725532,-1.552209
7,802,1.184200,1.776300,-1.602972
7,803,1.197857,1.796785,-1.623139
7,804,1.143648,1.715472,-1.542268
7,805,1.179536,1.769304,-1.597222
7,806,1.166895,1.750342,-1.578474
7,807,1.153800,1.730700,-1.558541
7,808,1.201678,1.802517,-1.630578
7,809,1.181439,1.772159,-1.599778
7,810,1.213900,1.820849,-1.648158
7,811,1.217902,1.826852,-1.654409
7,812,1.159973,1.739959,-1.567106
7,813,1.199165,1.798747,-1.626742
7,814,1.181673,1.772510,-1.600391
7,815,1.154204,1.731306,-1.560245
7,816,1.188594,1.782891,-1.610768
7,817,1.189599,1.784399,-1.612192
7,818,1.193489,1.790234,-1.617315
7,819,1.151547,1.727321,-1.554437
7,820,1.183364,1.775046,-1.601921
7,821,1.135005,1.702508,-1.529649
7,822,1.147614,1.721421,-1.547540
7,823,1.158176,1.737264,-1.563582
7,824,1.169202,1.753804,-1.580235
7,825,1.209098,1.813647,-1.641096
7,826,1.176552,1.764828,-1.591261
7,827,1.201513,1.802269,-1.628422
7,828,1.184906,1.777359,-1.605461
7,829,1.215152,1.822728,-1.650455
7,830,1.196218,1.794326,-1.622224
7,831,1.194798,1.792196,-1.620241
7,832,1.184651,1.776977,-1.604781
7,833,1.186048,1.779072,-1.606624
7,834,1.147153,1.720729,-1.548255
7,835,1.178811,1.768216,-1.597010
7,836,1.191348,1.787022,-1.614940
7,837,1.161869,1.742803,-1.570740
7,838,1.201972,1.802958,-1.632090
7,839,1.193619,1.790429,-1.619735
7,840,1.202980,1.804470,-1.633869
7,841,1.194454,1.791681,-1.620665
7,842,1.221557,1.832336,-1.662499
7,843,1.233065,1.849597,-1.680985
7,844,1.241171,1.861756,-1.693087
7,845,1.230311,1.845466,-1.674620
7,846,1.199265,1.798897,-1.627506
7,847,1.173436,1.760154,-1.588941
7,848,1.203350,1.805025,-1.633447
7,849,1.184313,1.776469,-1.605657
7,850,1.189413,1.784119,-1.613609
7,851,1.187824,1.781736,-1.611656
7,852,1.213590,1.820385,-1.649817
7,853,1.164878,1.747318,-1.576319
7,854,1.180282,1.770423,-1.599603
7,855,1.187997,1.781995,-1.610692
7,856,1.212783,1.819174,-1.648759
7,857,1.206888,1.810333,-1.640429
7,858,1.239767,1.859651,-1.690839
7,859,1.227544,1.841317,-1.672278
7,860,1.238247,1.857371,-1.690364
7,861,1.228420,1.842629,-1.676265
7,862,1.236719,1.855079,-1.687530
7,863,1.227589,1.841384,-1.676129
7,864,1.232427,1.848641,-1.682593
7,865,1.236106,1.854159,-1.687978
7,866,1.306381,1.959571,-1.794414
7,867,1.291214,1.936820,-1.771491
7,868,1.314253,1.971380,-1.806336
7,869,1.257721,1.886581,-1.721377
7,870,1.315591,1.973387,-1.807309
7,871,1.296783,1.945175,-1.780132
7,872,1.273492,1.910238,-1.743808
7,873,1.205835,1.808753,-1.642200
7,874,1.265260,1.897890,-1.730377
7,875,1.191679,1.787518,-1.618049
7,876,1.174737,1.762106,-1.593246
7,877,1.200204,1.800307,-1.631263
7,878,1.173686,1.760529,-1.590642
7,879,1.179733,1.769599,-1.600229
7,880,1.159281,1.738921,-1.568442
7,881,1.146868,1.720302,-1.550872
7,882,1.148079,1.722118,-1.551997
7,883,1.175321,1.762981,-1.593367
7,884,1.201698,1.802547,-1.632397
7,885,1.218787,1.828180,-1.658239
7,886,1.208938,1.813407,-1.643356
7,887,1.205058,1.807588,-1.638004
7,888,1.222819,1.834228,-1.664833
7,889,1.218967,1.828450,-1.658103
7,890,1.217154,1.825731,-1.655658
7,891,1.179830,1.769745,-1.599309
7,892,1.238588,1.857882,-1.687332
7,893,1.198655,1.797982,-1.626693
7,894,1.179417,1.769125,-1.598280
7,895,1.215932,1.823897,-1.652767
7,896,1.223808,1.835712,-1.664144
7,897,1.172874,1.759311,-1.587507
7,898,1.180392,1.770588,-1.598138
7,899,1.219626,1.829438,-1.657984
7,900,1.162435,1.743653,-1.571397
7,901,1.220273,1.830410,-1.658581
7,902,1.183932,1.775898,-1.604351
7,903,1.174871,1.762306,-1.590317
7,904,1.208509,1.812763,-1.641160
7,905,1.229763,1.844645,-1.673160
7,906,1.208136,1.812205,-1.640959
7,907,1.239118,1.858677,-1.688068
7,908,1.199316,1.798974,-1.627493
7,909,1.208689,1.813033,-1.640730
7,910,1.213321,1.819982,-1.647914
7,911,1.200351,1.800526,-1.628065
7,912,1.213556,1.820334,-1.646709
7,913,1.236240,1.854360,-1.681585
7,914,1.194923,1.792384,-1.619313
7,915,1.206560,1.809840,-1.636304
7,916,1.174982,1.762474,-1.589201
7,917,1.169159,1.753738,-1.580934
7,918,1.195226,1.792839,-1.620109
7,919,1.198742,1.798113,-1.625754
7,920,1.110253,1.665380,-1.493469
7,921,1.171531,1.757297,-1.585143
7,922,1.165202,1.747804,-1.575733
7,923,1.176539,1.764808,-1.592055
7,924,1.206746,1.810120,-1.637140
7,925,1.183815,1.775722,-1.603316
7,926,1.210851,1.816277,-1.643876
7,927,1.205772,1.808658,-1.636557
7,928,1.188806,1.783209,-1.610763
7,929,1.213327,1.819991,-1.648073
7,930,1.202013,1.803020,-1.632538
7,931,1.225491,1.838236,-1.666790
7,932,1.190886,1.786330,-1.615504
7,933,1.202455,1.803683,-1.632520
7,934,1.228079,1.842118,-1.669366
7,935,1.244143,1.866215,-1.695737
7,936,1.232785,1.849178,-1.678761
7,937,1.238381,1.857572,-1.687291
7,938,1.250576,1.875863,-1.706214
7,939,1.204136,1.806203,-1.634705
7,940,1.222686,1.834029,-1.661861
7,941,1.167672,1.751508,-1.578569
7,942,1.198027,1.797041,-1.624341
7,943,1.178592,1.767889,-1.595726
7,944,1.213824,1.820736,-1.648914
7,945,1.185703,1.778555,-1.604820
7,946,1.184436,1.776654,-1.602716
7,947,1.171652,1.757478,-1.582482
7,948,1.180666,1.770999,-1.597061
7,949,1.162437,1.743656,-1.570709
7,950,1.195321,1.792982,-1.619707
7,951,1.163013,1.744519,-1.571209
7,952,1.161884,1.742826,-1.569323
7,953,1.162573,1.743859,-1.570222
7,954,1.193895,1.790842,-1.618201
7,955,1.155222,1.732833,-1.560786
7,956,1.168465,1.752697,-1.581548
7,957,1.175802,1.763702,-1.591827
7,958,1.206502,1.809752,-1.638491
7,959,1.179692,1.769538,-1.598128
7,960,1.206524,1.809786,-1.640197
7,961,1.193687,1.790530,-1.619770
7,962,1.227149,1.840724,-1.671004
7,963,1.266707,1.900061,-1.730421
7,964,1.273140,1.909709,-1.739777
7,965,1.234931,1.852397,-1.681871
7,966,1.196744,1.795116,-1.623045
7,967,1.208380,1.812570,-1.640832
7,968,1.226406,1.839609,-1.668760
7,969,1.228049,1.842073,-1.672216
7,970,1.194320,1.791480,-1.620597
7,971,1.215244,1.822866,-1.651586
7,972,1.173985,1.760977,-1.590164
7,973,1.170285,1.755427,-1.584224
7,974,1.197692,1.796538,-1.625535
7,975,1.120823,1.681234,-1.509104
7,976,1.200109,1.800163,-1.628197
7,977,1.169172,1.753757,-1.583231
7,978,1.213828,1.820742,-1.649845
7,979,1.180349,1.770524,-1.599855
7,980,1.181809,1.772714,-1.602289
7,981,1.198540,1.797810,-1.627013
7,982,1.161675,1.742512,-1.572211
7,983,1.188991,1.783487,-1.613408
7,984,1.209991,1.814986,-1.645386
7,985,1.197411,1.796116,-1.626296
7,986,1.168541,1.752811,-1.582891
7,987,1.200118,1.800177,-1.630113
7,988,1.191050,1.786575,-1.616417
7,989,1.195420,1.793129,-1.622769
7,990,1.183560,1.775340,-1.604519
7,991,1.206242,1.809363,-1.639836
7,992,1.218846,1.828269,-1.658785
7,993,1.239606,1.859408,-1.690653
7,994,1.212043,1.818064,-1.649853
7,995,1.238718,1.858077,-1.690018
7,996,1.244296,1.866444,-1.700168
7,997,1.182827,1.774240,-1.605875
7,998,1.220919,1.831378,-1.664055
7,999,1.183425,1.775137,-1.605886
7,1000,1.189839,1.784758,-1.616264
8,1,1.008659,1.512988,-1.314609
8,2,1.029942,1.544913,-1.347012
8,3,1.022055,1.533083,-1.335419
8,4,1.058760,1.588140,-1.391046
8,5,1.073985,1.610978,-1.413952
8,6,1.072958,1.609437,-1.412125
8,7,1.070361,1.605541,-1.408269
8,8,1.064160,1.596240,-1.398880
8,9,1.082291,1.623436,-1.425416
8,10,1.038874,1.558310,-1.360173
8,11,1.123906,1.685860,-1.488893
8,12,1.111596,1.667393,-1.470256
8,13,1.137196,1.705794,-1.508359
8,14,1.113304,1.669956,-1.471559
8,15,1.136935,1.705403,-1.508769
8,16,1.162619,1.743929,-1.546964
8,17,1.071348,1.607022,-1.410033
8,18,1.119571,1.679356,-1.482203
8,19,1.104139,1.656209,-1.459220
8,20,1.114029,1.671043,-1.474708
8,21,1.130608,1.695913,-1.499639
8,22,1.107343,1.661015,-1.465099
8,23,1.118559,1.677839,-1.480763
8,24,1.152648,1.728972,-1.532572
8,25,1.109177,1.663766,-1.467432
8,26,1.108452,1.662678,-1.466919
8,27,1.153247,1.729871,-1.534472
8,28,1.120071,1.680107,-1.485129
8,29,1.177044,1.765566,-1.570428
8,30,1.125438,1.688157,-1.492084
8,31,1.172178,1.758267,-1.563109
8,32,1.172652,1.758978,-1.563167
8,33,1.178504,1.767756,-1.571862
8,34,1.145846,1.718769,-1.522678
8,35,1.171924,1.757886,-1.562095
8,36,1.170399,1.755599,-1.559499
8,37,1.135999,1.703998,-1.508553
8,38,1.125720,1.688580,-1.492986
8,39,1.104933,1.657400,-1.462459
8,40,1.133754,1.700631,-1.505842
8,41,1.163580,1.745370,-1.550978
8,42,1.136755,1.705133,-1.511571
8,43,1.142738,1.714108,-1.519720
8,44,1.158875,1.738313,-1.543801
8,45,1.125572,1.688358,-1.493534
8,46,1.186845,1.780267,-1.586383
8,47,1.129776,1.694665,-1.501138
8,48,1.195010,1.792515,-1.598683
8,49,1.164754,1.747130,-1.554993
8,50,1.144960,1.717441,-1.524662
8,51,1.161794,1.742691,-1.549397
8,52,1.131257,1.696885,-1.502808
8,53,1.167455,1.751182,-1.557762
8,54,1.136526,1.704789,-1.511756
8,55,1.157951,1.736926,-1.544045
8,56,1.176304,1.764457,-1.571470
8,57,1.181779,1.772669,-1.580142
8,58,1.210162,1.815243,-1.624006
8,59,1.209397,1.814095,-1.621714
8,60,1.215450,1.823174,-1.630820
8,61,1.201321,1.801981,-1.609254
8,62,1.200127,1.800191,-1.607517
8,63,1.180827,1.771241,-1.578827
8,64,1.201378,1.802068,-1.608398
8,65,1.197269,1.795904,-1.602352
8,66,1.224175,1.836262,-1.643212
8,67,1.222987,1.834480,-1.640968
8,68,1.213388,1.820082,-1.626198
8,69,1.188698,1.783047,-1.589613
8,70,1.178800,1.768201,-1.574047
8,71,1.144868,1.717301,-1.520495
8,72,1.172715,1.759073,-1.563763
8,73,1.211627,1.817440,-1.621769
8,74,1.165157,1.747735,-1.552973
8,75,1.182865,1.774298,-1.579339
8,76,1.138446,1.707669,-1.512591
8,77,1.126129,1.689193,-1.493291
8,78,1.160305,1.740458,-1.545224
8,79,1.116445,1.674667,-1.478748
8,80,1.099115,1.648672,-1.451702
8,81,1.131960,1.697940,-1.502227
8,82,1.116768,1.675152,-1.478813
8,83,1.104142,1.656213,-1.459134
8,84,1.126107,1.689161,-1.492741
8,85,1.104609,1.656913,-1.461168
8,86,1.139198,1.708797,-1.512910
8,87,1.085566,1.628349,-1.431986
8,88,1.124821,1.687231,-1.491483
8,89,1.105893,1.658840,-1.462633
8,90,1.123127,1.684691,-1.488948
8,91,1.127014,1.690521,-1.495551
8,92,1.145163,1.717744,-1.522377
8,93,1.163906,1.745859,-1.551087
8,94,1.154178,1.731267,-1.536457
8,95,1.145806,1.718708,-1.524137
8,96,1.184615,1.776922,-1.583107
8,97,1.154007,1.731011,-1.537111
8,98,1.176114,1.764171,-1.569461
8,99,1.181487,1.772231,-1.578227
8,100,1.222858,1.834287,-1.639869
8,101,1.211369,1.817054,-1.622859
8,102,1.177821,1.766731,-1.573256
8,103,1.156746,1.735119,-1.541253
8,104,1.195084,1.792625,-1.599160
8,105,1.209585,1.814378,-1.620856
8,106,1.172154,1.758230,-1.564311
8,107,1.199250,1.798875,-1.606056
8,108,1.229193,1.843790,-1.650399
8,109,1.199944,1.799916,-1.605347
8,110,1.217094,1.825640,-1.631623
8,111,1.237207,1.855811,-1.662392
8,112,1.186705,1.780057,-1.586434
8,113,1.199887,1.799831,-1.606252
8,114,1.184238,1.776358,-1.582762
8,115,1.174419,1.761628,-1.567629
8,116,1.129218,1.693827,-1.499924
8,117,1.178464,1.767697,-1.573574
8,118,1.131498,1.697247,-1.503218
8,119,1.165084,1.747626,-1.554769
8,120,1.155450,1.733175,-1.540211
8,121,1.154715,1.732072,-1.539364
8,122,1.172836,1.759255,-1.567116
8,123,1.159938,1.739906,-1.547847
8,124,1.186975,1.780463,-1.588600
8,125,1.126969,1.690453,-1.498470
8,126,1.213677,1.820516,-1.628356
8,127,1.157075,1.735613,-1.543216
8,128,1.160915,1.741373,-1.549429
8,129,1.158915,1.738372,-1.546715
8,130,1.180988,1.771482,-1.579318
8,131,1.180581,1.770872,-1.578032
8,132,1.193349,1.790023,-1.597294
8,133,1.168101,1.752151,-1.559417
8,134,1.147334,1.721002,-1.528140
8,135,1.181562,1.772343,-1.580165
8,136,1.190927,1.786390,-1.594325
8,137,1.167403,1.751104,-1.558241
8,138,1.187339,1.781008,-1.588792
8,139,1.232210,1.848315,-1.656330
8,140,1.213955,1.820932,-1.629076
8,141,1.207447,1.811170,-1.619486
8,142,1.213857,1.820786,-1.630072
8,143,1.188628,1.782942,-1.591557
8,144,1.196119,1.794178,-1.603126
8,145,1.201400,1.802100,-1.611751
8,146,1.205965,1.808947,-1.619010
8,147,1.224469,1.836704,-1.646616
8,148,1.227507,1.841260,-1.650808
8,149,1.224875,1.837312,-1.646977
8,150,1.245596,1.868394,-1.678695
8,151,1.219548,1.829322,-1.638831
8,152,1.237390,1.856086,-1.665443
8,153,1.231180,1.846770,-1.656236
8,154,1.226633,1.839949,-1.650056
8,155,1.257993,1.886989,-1.696819
8,156,1.231070,1.846606,-1.655914
8,157,1.187036,1.780553,-1.589880
8,158,1.238914,1.858371,-1.668851
8,159,1.250033,1.875050,-1.685355
8,160,1.244103,1.866155,-1.677262
8,161,1.249285,1.873928,-1.684383
8,162,1.241348,1.862022,-1.673178
8,163,1.267723,1.901584,-1.712101
8,164,1.259808,1.889712,-1.700369
8,165,1.240679,1.861018,-1.671123
8,166,1.226260,1.839389,-1.649233
8,167,1.186503,1.779755,-1.588121
8,168,1.214823,1.822234,-1.631263
8,169,1.222088,1.833131,-1.641013
8,170,1.174734,1.762102,-1.570112
8,171,1.196038,1.794057,-1.601608
8,172,1.163706,1.745559,-1.552316
8,173,1.186522,1.779782,-1.586594
8,174,1.193895,1.790843,-1.599170
8,175,1.171378,1.757066,-1.565575
8,176,1.196883,1.795324,-1.603180
8,177,1.184320,1.776480,-1.584338
8,178,1.231617,1.847426,-1.655041
8,179,1.239617,1.859425,-1.668013
8,180,1.258620,1.887931,-1.697046
8,181,1.203025,1.804538,-1.613506
8,182,1.218115,1.827172,-1.635688
8,183,1.201235,1.801852,-1.611202
8,184,1.228445,1.842668,-1.651628
8,185,1.246021,1.869031,-1.677501
8,186,1.211188,1.816782,-1.624537
8,187,1.179601,1.769401,-1.576840
8,188,1.242290,1.863434,-1.671632
8,189,1.210189,1.815283,-1.624611
8,190,1.207295,1.810943,-1.619854
8,191,1.223343,1.835015,-1.643883
8,192,1.201533,1.802299,-1.610072
8,193,1.221913,1.832869,-1.641739
8,194,1.209048,1.813572,-1.621453
8,195,1.173786,1.760678,-1.568797
8,196,1.213854,1.820780,-1.628670
8,197,1.153586,1.730379,-1.536971
8,198,1.137733,1.706599,-1.513694
8,199,1.169140,1.753710,-1.560576
8,200,1.156991,1.735487,-1.541355
8,201,1.174472,1.761709,-1.567655
8,202,1.167301,1.750951,-1.556621
8,203,1.160755,1.741133,-1.546390
8,204,1.166950,1.750425,-1.556024
8,205,1.149246,1.723869,-1.529589
8,206,1.160651,1.740977,-1.546970
8,207,1.138780,1.708169,-1.513473
8,208,1.150331,1.725496,-1.531577
8,209,1.134496,1.701744,-1.507550
8,210,1.169390,1.754086,-1.560230
8,211,1.199203,1.798804,-1.604147
8,212,1.176247,1.764370,-1.570004
8,213,1.171769,1.757654,-1.563277
8,214,1.169131,1.753696,-1.560767
8,215,1.194272,1.791408,-1.598176
8,216,1.174356,1.761533,-1.568127
8,217,1.168246,1.752368,-1.558924
8,218,1.141233,1.711850,-1.517912
8,219,1.149477,1.724216,-1.530794
8,220,1.204181,1.806272,-1.613769
8,221,1.218370,1.827554,-1.636766
8,222,1.199610,1.799415,-1.607246
8,223,1.221537,1.832306,-1.639566
8,224,1.177676,1.766514,-1.573523
8,225,1.208168,1.812252,-1.619335
8,226,1.221847,1.832771,-1.641136
8,227,1.219019,1.828529,-1.636398
8,228,1.170636,1.755954,-1.563664
8,229,1.208681,1.813021,-1.620218
8,230,1.234811,1.852217,-1.660470
8,231,1.178427,1.767640,-1.575075
8,232,1.180201,1.770301,-1.576971
8,233,1.161674,1.742511,-1.548932
8,234,1.163357,1.745036,-1.551457
8,235,1.153998,1.730997,-1.537316
8,236,1.127198,1.690797,-1.496977
8,237,1.159225,1.738838,-1.545856
8,238,1.145154,1.717730,-1.524733
8,239,1.095809,1.643713,-1.450810
8,240,1.118928,1.678393,-1.485810
8,241,1.134587,1.701880,-1.508903
8,242,1.079031,1.618546,-1.424297
8,243,1.123319,1.684978,-1.492012
8,244,1.107356,1.661035,-1.468144
8,245,1.132275,1.698413,-1.505728
8,246,1.161531,1.742297,-1.550169
8,247,1.209553,1.814329,-1.622329
8,248,1.153485,1.730227,-1.538664
8,249,1.214988,1.822481,-1.630551
8,250,1.203524,1.805286,-1.613286
8,251,1.222819,1.834229,-1.642520
8,252,1.220718,1.831077,-1.639732
8,253,1.243131,1.864697,-1.674209
8,254,1.251869,1.877804,-1.688362
8,255,1.303949,1.955924,-1.766281
8,256,1.234683,1.852024,-1.660877
8,257,1.318149,1.977224,-1.787681
8,258,1.202096,1.803144,-1.613107
8,259,1.302771,1.954157,-1.765586
8,260,1.217499,1.826249,-1.637601
8,261,1.281694,1.922542,-1.734070
8,262,1.218599,1.827898,-1.639048
8,263,1.250766,1.876149,-1.687008
8,264,1.203105,1.804657,-1.613780
8,265,1.201293,1.801940,-1.610412
8,266,1.231611,1.847417,-1.656593
8,267,1.191111,1.786667,-1.594209
8,268,1.225299,1.837949,-1.645976
8,269,1.208679,1.813018,-1.620191
8,270,1.265040,1.897560,-1.705383
8,271,1.242151,1.863226,-1.672199
8,272,1.250617,1.875926,-1.683994
8,273,1.206522,1.809784,-1.617342
8,274,1.224134,1.836200,-1.644980
8,275,1.211529,1.817293,-1.624212
8,276,1.189158,1.783738,-1.589864
8,277,1.167922,1.751882,-1.558589
8,278,1.176812,1.765218,-1.571780
8,279,1.144058,1.716087,-1.522555
8,280,1.144674,1.717011,-1.523196
8,281,1.161824,1.742736,-1.548599
8,282,1.169960,1.754939,-1.561216
8,283,1.187157,1.780736,-1.587106
8,284,1.152425,1.728637,-1.535187
8,285,1.154852,1.732278,-1.538697
8,286,1.130261,1.695392,-1.501913
8,287,1.130420,1.695629,-1.502762
8,288,1.171025,1.756537,-1.563913
8,289,1.129481,1.694221,-1.501491
8,290,1.130861,1.696292,-1.503217
8,291,1.190943,1.786415,-1.593209
8,292,1.164114,1.746170,-1.553138
8,293,1.186183,1.779275,-1.586821
8,294,1.198943,1.798414,-1.606893
8,295,1.144705,1.717057,-1.524177
8,296,1.180144,1.770215,-1.577865
8,297,1.199292,1.798939,-1.607690
8,298,1.204965,1.807447,-1.616005
8,299,1.197017,1.795526,-1.603769
8,300,1.207552,1.811328,-1.619950
8,301,1.239083,1.858625,-1.667440
8,302,1.244409,1.866614,-1.675500
8,303,1.235846,1.853769,-1.663414
8,304,1.256952,1.885428,-1.694913
8,305,1.237084,1.855627,-1.664294
8,306,1.249951,1.874926,-1.684287
8,307,1.207568,1.811352,-1.619467
8,308,1.222413,1.833620,-1.642075
8,309,1.176974,1.765461,-1.574034
8,310,1.197788,1.796681,-1.604250
8,311,1.199363,1.799044,-1.606897
8,312,1.142030,1.713045,-1.521122
8,313,1.180127,1.770190,-1.578218
8,314,1.189249,1.783874,-1.591789
8,315,1.163708,1.745562,-1.553399
8,316,1.183840,1.775760,-1.583318
8,317,1.185424,1.778137,-1.586522
8,318,1.229467,1.844201,-1.652245
8,319,1.194038,1.791058,-1.597907
8,320,1.190806,1.786209,-1.593602
8,321,1.188251,1.782376,-1.589533
8,322,1.170865,1.756297,-1.563931
8,323,1.141411,1.712116,-1.518589
8,324,1.147806,1.721710,-1.528280
8,325,1.184327,1.776490,-1.584563
8,326,1.159554,1.739331,-1.546970
8,327,1.170596,1.755894,-1.563524
8,328,1.158114,1.737171,-1.544618
8,329,1.167036,1.750554,-1.558043
8,330,1.163281,1.744922,-1.552823
8,331,1.180951,1.771426,-1.579554
8,332,1.199865,1.799797,-1.608072
8,333,1.216223,1.824335,-1.632853
8,334,1.173439,1.760158,-1.567934
8,335,1.191698,1.787548,-1.595397
8,336,1.170241,1.755361,-1.563219
8,337,1.166121,1.749181,-1.556270
8,338,1.179854,1.769781,-1.576657
8,339,1.205106,1.807659,-1.615921
8,340,1.182855,1.774282,-1.581743
8,341,1.204180,1.806270,-1.613681
8,342,1.165612,1.748418,-1.555813
8,343,1.193719,1.790579,-1.599232
8,344,1.212164,1.818245,-1.628469
8,345,1.215457,1.823186,-1.632573
8,346,1.196103,1.794154,-1.601572
8,347,1.239615,1.859423,-1.668141
8,348,1.253060,1.879590,-1.687947
8,349,1.215601,1.823401,-1.631773
8,350,1.222863,1.834295,-1.643054
8,351,1.191204,1.786806,-1.593922
8,352,1.211886,1.817829,-1.625445
8,353,1.224133,1.836199,-1.643895
8,354,1.175173,1.762760,-1.570318
8,355,1.168545,1.752818,-1.560416
8,356,1.194759,1.792138,-1.599411
8,357,1.218827,1.828240,-1.636311
8,358,1.175488,1.763232,-1.570924
8,359,1.225832,1.838749,-1.647387
8,360,1.259427,1.889141,-1.698422
8,361,1.262667,1.894001,-1.704456
8,362,1.261128,1.891692,-1.700024
8,363,1.282151,1.923227,-1.733211
8,364,1.257678,1.886517,-1.695970
8,365,1.255656,1.883485,-1.693145
8,366,1.199397,1.799095,-1.608504
8,367,1.221596,1.832394,-1.641783
8,368,1.252644,1.878966,-1.688181
8,369,1.250780,1.876170,-1.685171
8,370,1.191729,1.787593,-1.596866
8,371,1.210780,1.816171,-1.625813
8,372,1.190348,1.785522,-1.594236
8,373,1.181806,1.772709,-1.580684
8,374,1.219740,1.829611,-1.637397
8,375,1.196968,1.795452,-1.603306
8,376,1.198422,1.797633,-1.606178
8,377,1.201694,1.802541,-1.611547
8,378,1.193649,1.790474,-1.599194
8,379,1.206643,1.809965,-1.619349
8,380,1.228045,1.842067,-1.651819
8,381,1.249623,1.874435,-1.683745
8,382,1.240878,1.861318,-1.672855
8,383,1.244648,1.866972,-1.676379
8,384,1.260224,1.890336,-1.699823
8,385,1.272042,1.908063,-1.718563
8,386,1.254841,1.882262,-1.692343
8,387,1.249923,1.874885,-1.684957
8,388,1.241652,1.862479,-1.672434
8,389,1.270893,1.906340,-1.716672
8,390,1.248062,1.872093,-1.682085
8,391,1.244829,1.867243,-1.677765
8,392,1.241206,1.861809,-1.672854
8,393,1.269476,1.904214,-1.713586
8,394,1.220827,1.831241,-1.640875
8,395,1.215964,1.823946,-1.632658
8,396,1.178631,1.767946,-1.576472
8,397,1.181637,1.772455,-1.580411
8,398,1.192512,1.788769,-1.597379
8,399,1.183146,1.774719,-1.582695
8,400,1.151993,1.727989,-1.536095
8,401,1.208323,1.812485,-1.619608
8,402,1.193902,1.790853,-1.598036
8,403,1.190642,1.785962,-1.593230
8,404,1.181531,1.772297,-1.578510
8,405,1.151368,1.727051,-1.532997
8,406,1.168554,1.752830,-1.560055
8,407,1.140965,1.711447,-1.517306
8,408,1.145818,1.718727,-1.524649
8,409,1.136780,1.705170,-1.511230
8,410,1.121285,1.681928,-1.488265
8,411,1.147977,1.721966,-1.529333
8,412,1.113522,1.670283,-1.477528
8,413,1.165697,1.748546,-1.555598
8,414,1.152035,1.728053,-1.534736
8,415,1.124263,1.686394,-1.493032
8,416,1.154073,1.731109,-1.537393
8,417,1.163335,1.745003,-1.551330
8,418,1.130312,1.695467,-1.501927
8,419,1.156071,1.734107,-1.540901
8,420,1.160559,1.740838,-1.547399
8,421,1.163037,1.744556,-1.551563
8,422,1.173827,1.760741,-1.567896
8,423,1.189760,1.784640,-1.591603
8,424,1.210684,1.816026,-1.623071
8,425,1.173871,1.760807,-1.568160
8,426,1.191658,1.787487,-1.595716
8,427,1.180862,1.771293,-1.578323
8,428,1.219470,1.829205,-1.636038
8,429,1.189627,1.784440,-1.591499
8,430,1.188484,1.782726,-1.589318
8,431,1.145484,1.718226,-1.524401
8,432,1.155668,1.733502,-1.539665
8,433,1.169065,1.753597,-1.559780
8,434,1.171646,1.757469,-1.563890
8,435,1.179277,1.768915,-1.574176
8,436,1.164353,1.746530,-1.552306
8,437,1.183820,1.775730,-1.582655
8,438,1.176607,1.764910,-1.571139
8,439,1.138062,1.707092,-1.512911
8,440,1.204073,1.806110,-1.612408
8,441,1.141691,1.712537,-1.518600
8,442,1.167266,1.750898,-1.557327
8,443,1.097806,1.646709,-1.451837
8,444,1.176777,1.765166,-1.571378
8,445,1.149661,1.724492,-1.530081
8,446,1.161702,1.742553,-1.547952
8,447,1.149781,1.724672,-1.530004
8,448,1.215677,1.823516,-1.629073
8,449,1.180751,1.771127,-1.576211
8,450,1.201104,1.801655,-1.606599
8,451,1.207786,1.811679,-1.616625
8,452,1.224649,1.836973,-1.643275
8,453,1.177199,1.765799,-1.572623
8,454,1.201671,1.802506,-1.609165
8,455,1.202012,1.803017,-1.609817
8,456,1.195219,1.792828,-1.599620
8,457,1.216359,1.824538,-1.631059
8,458,1.207405,1.811108,-1.618112
8,459,1.200844,1.801266,-1.609554
8,460,1.177419,1.766128,-1.573631
8,461,1.156295,1.734443,-1.541381
8,462,1.165368,1.748052,-1.555624
8,463,1.136945,1.705417,-1.512291
8,464,1.186161,1.779242,-1.586619
8,465,1.178897,1.768346,-1.575619
8,466,1.188668,1.783001,-1.590280
8,467,1.191969,1.787953,-1.594845
8,468,1.232340,1.848511,-1.656672
8,469,1.217540,1.826310,-1.634044
8,470,1.167133,1.750700,-1.557938
8,471,1.185768,1.778652,-1.585706
8,472,1.206251,1.809376,-1.617081
8,473,1.178495,1.767742,-1.574806
8,474,1.208353,1.812529,-1.619469
8,475,1.158179,1.737268,-1.544079
8,476,1.190052,1.785079,-1.592218
8,477,1.183144,1.774715,-1.581904
8,478,1.207067,1.810600,-1.618323
8,479,1.183622,1.775433,-1.582356
8,480,1.187635,1.781453,-1.588318
8,481,1.178553,1.767830,-1.574471
8,482,1.180376,1.770563,-1.576574
8,483,1.135785,1.703678,-1.509651
8,484,1.167200,1.750800,-1.556804
8,485,1.147062,1.720593,-1.527020
8,486,1.147642,1.721463,-1.528283
8,487,1.132578,1.698867,-1.505935
8,488,1.140451,1.710677,-1.517754
8,489,1.170024,1.755036,-1.562169
8,490,1.172487,1.758731,-1.566780
8,491,1.187622,1.781433,-1.588835
8,492,1.199415,1.799123,-1.606424
8,493,1.245222,1.867833,-1.675338
8,494,1.226289,1.839433,-1.647518
8,495,1.166452,1.749678,-1.557346
8,496,1.193434,1.790151,-1.598068
8,497,1.159920,1.739880,-1.547601
8,498,1.171191,1.756787,-1.564500
8,499,1.232235,1.848353,-1.657488
8,500,1.216723,1.825085,-1.633639
8,501,1.192029,1.788043,-1.596769
8,502,1.214497,1.821745,-1.630215
8,503,1.188835,1.783253,-1.591776
8,504,1.200004,1.800006,-1.608631
8,505,1.177197,1.765795,-1.574604
8,506,1.180988,1.771481,-1.580656
8,507,1.208022,1.812033,-1.620871
8,508,1.212844,1.819266,-1.630042
8,509,1.206780,1.810169,-1.620165
8,510,1.255933,1.883900,-1.695253
8,511,1.252351,1.878526,-1.689809
8,512,1.257343,1.886015,-1.698488
8,513,1.219273,1.828910,-1.639737
8,514,1.238425,1.857638,-1.667986
8,515,1.225742,1.838612,-1.648643
8,516,1.201728,1.802591,-1.612694
8,517,1.182222,1.773333,-1.582142
8,518,1.174659,1.761988,-1.571036
8,519,1.173981,1.760972,-1.568584
8,520,1.162896,1.744344,-1.551649
8,521,1.140649,1.710974,-1.517994
8,522,1.156685,1.735028,-1.541637
8,523,1.131663,1.697495,-1.503739
8,524,1.158831,1.738247,-1.544307
8,525,1.088545,1.632817,-1.437947
8,526,1.111767,1.667650,-1.472996
8,527,1.090510,1.635765,-1.440265
8,528,1.139984,1.709976,-1.514636
8,529,1.160174,1.740261,-1.546117
8,530,1.142430,1.713645,-1.519524
8,531,1.174829,1.762243,-1.566777
8,532,1.157706,1.736559,-1.540863
8,533,1.142666,1.713999,-1.518577
8,534,1.121283,1.681924,-1.486633
8,535,1.116091,1.674137,-1.479115
8,536,1.109457,1.664186,-1.468312
8,537,1.104739,1.657108,-1.460913
8,538,1.102534,1.653802,-1.458759
8,539,1.113004,1.669505,-1.473526
8,540,1.112238,1.668358,-1.473423
8,541,1.146822,1.720233,-1.524643
8,542,1.149733,1.724599,-1.528531
8,543,1.130379,1.695568,-1.501063
8,544,1.131368,1.697052,-1.502203
8,545,1.139022,1.708533,-1.513122
8,546,1.104766,1.657148,-1.460600
8,547,1.109513,1.664270,-1.468094
8,548,1.148645,1.722968,-1.527554
8,549,1.127945,1.691917,-1.496700
8,550,1.148929,1.723393,-1.528529
8,551,1.112262,1.668393,-1.473949
8,552,1.141806,1.712709,-1.517896
8,553,1.114285,1.671427,-1.475910
8,554,1.117437,1.676155,-1.481690
8,555,1.126381,1.689571,-1.494752
8,556,1.139576,1.709363,-1.513431
8,557,1.131921,1.697882,-1.502873
8,558,1.129082,1.693623,-1.498883
8,559,1.181268,1.771902,-1.576834
8,560,1.157492,1.736238,-1.541685
8,561,1.136433,1.704649,-1.511608
8,562,1.176854,1.765281,-1.571803
8,563,1.142764,1.714146,-1.520777
8,564,1.144279,1.716418,-1.522666
8,565,1.160315,1.740473,-1.546095
8,566,1.096624,1.644936,-1.450300
8,567,1.174341,1.761512,-1.566837
8,568,1.164041,1.746061,-1.552044
8,569,1.171901,1.757852,-1.564092
8,570,1.186650,1.779975,-1.586200
8,571,1.198721,1.798082,-1.603985
8,572,1.212303,1.818455,-1.625598
8,573,1.184982,1.777473,-1.583634
8,574,1.170487,1.755731,-1.561522
8,575,1.137836,1.706755,-1.513349
8,576,1.104289,1.656434,-1.461904
8,577,1.110221,1.665332,-1.471014
8,578,1.134899,1.702349,-1.507959
8,579,1.148676,1.723014,-1.528958
8,580,1.150140,1.725210,-1.531165
8,581,1.171575,1.757363,-1.563863
8,582,1.171419,1.757128,-1.563230
8,583,1.236695,1.855042,-1.661185
8,584,1.183393,1.775090,-1.581351
8,585,1.187955,1.781932,-1.587735
8,586,1.168007,1.752011,-1.558232
8,587,1.155761,1.733641,-1.540990
8,588,1.182608,1.773912,-1.581129
8,589,1.177152,1.765728,-1.571962
8,590,1.192017,1.788026,-1.594342
8,591,1.179145,1.768718,-1.574337
8,592,1.183057,1.774586,-1.580352
8,593,1.175531,1.763297,-1.569851
8,594,1.158424,1.737636,-1.543934
8,595,1.149233,1.723850,-1.530865
8,596,1.180334,1.770500,-1.577486
8,597,1.152608,1.728911,-1.535807
8,598,1.213910,1.820864,-1.629040
8,599,1.197650,1.796476,-1.604015
8,600,1.215123,1.822684,-1.630819
8,601,1.219194,1.828791,-1.637824
8,602,1.236395,1.854593,-1.664916
8,603,1.285702,1.928553,-1.738375
8,604,1.269347,1.904020,-1.713611
8,605,1.230023,1.845035,-1.653968
8,606,1.231890,1.847834,-1.655914
8,607,1.267102,1.900652,-1.710234
8,608,1.248396,1.872594,-1.682384
8,609,1.244771,1.867157,-1.679088
8,610,1.226872,1.840308,-1.650420
8,611,1.273231,1.909846,-1.720449
8,612,1.254468,1.881703,-1.692576
8,613,1.259236,1.888853,-1.700129
8,614,1.280483,1.920724,-1.732205
8,615,1.222519,1.833778,-1.645249
8,616,1.274185,1.911278,-1.722855
8,617,1.277597,1.916395,-1.726853
8,618,1.264262,1.896393,-1.707807
8,619,1.272452,1.908678,-1.719971
8,620,1.270072,1.905108,-1.715687
8,621,1.267021,1.900531,-1.710690
8,622,1.260329,1.890493,-1.701549
8,623,1.253319,1.879978,-1.691372
8,624,1.297212,1.945818,-1.756204
8,625,1.243721,1.865581,-1.675302
8,626,1.203758,1.805637,-1.614317
8,627,1.218170,1.827255,-1.635770
8,628,1.220874,1.831311,-1.639668
8,629,1.209205,1.813808,-1.622012
8,630,1.174420,1.761631,-1.569246
8,631,1.217108,1.825662,-1.632867
8,632,1.198156,1.797234,-1.605023
8,633,1.184450,1.776675,-1.584259
8,634,1.175786,1.763679,-1.571755
8,635,1.168675,1.753013,-1.560445
8,636,1.146234,1.719351,-1.528104
8,637,1.181407,1.772111,-1.581125
8,638,1.176076,1.764114,-1.573099
8,639,1.167527,1.751290,-1.559402
8,640,1.186065,1.779098,-1.587745
8,641,1.199062,1.798593,-1.607860
8,642,1.167757,1.751635,-1.559592
8,643,1.186387,1.779581,-1.587287
8,644,1.189228,1.783842,-1.593561
8,645,1.169043,1.753564,-1.563050
8,646,1.244806,1.867209,-1.676957
8,647,1.218599,1.827899,-1.637504
8,648,1.205800,1.808700,-1.618512
8,649,1.206316,1.809474,-1.620072
8,650,1.214830,1.822245,-1.632392
8,651,1.198181,1.797272,-1.607299
8,652,1.155103,1.732654,-1.543063
8,653,1.210644,1.815966,-1.625467
8,654,1.210673,1.816010,-1.625769
8,655,1.215963,1.823944,-1.634375
8,656,1.197624,1.796437,-1.606927
8,657,1.198120,1.797180,-1.606727
8,658,1.161745,1.742617,-1.551111
8,659,1.174746,1.762119,-1.570000
8,660,1.213852,1.820778,-1.629337
8,661,1.177608,1.766412,-1.574818
8,662,1.228922,1.843383,-1.651928
8,663,1.194553,1.791829,-1.600196
8,664,1.178381,1.767572,-1.576110
8,665,1.213172,1.819757,-1.627672
8,666,1.202245,1.803368,-1.612638
8,667,1.218406,1.827610,-1.636566
8,668,1.207281,1.810922,-1.620352
8,669,1.231562,1.847342,-1.655792
8,670,1.201626,1.802439,-1.610745
8,671,1.211128,1.816693,-1.623722
8,672,1.229885,1.844828,-1.653546
8,673,1.225261,1.837892,-1.646178
8,674,1.186624,1.779936,-1.588154
8,675,1.255045,1.882567,-1.691058
8,676,1.204827,1.807240,-1.616659
8,677,1.239415,1.859123,-1.668239
8,678,1.227657,1.841486,-1.651125
8,679,1.255030,1.882544,-1.693180
8,680,1.251964,1.877946,-1.689467
8,681,1.258754,1.888130,-1.699586
8,682,1.246903,1.870354,-1.682693
8,683,1.246335,1.869503,-1.681251
8,684,1.251654,1.877481,-1.687843
8,685,1.238125,1.857187,-1.667265
8,686,1.235318,1.852977,-1.663243
8,687,1.238548,1.857822,-1.669039
8,688,1.241660,1.862490,-1.672990
8,689,1.217144,1.825716,-1.636485
8,690,1.183071,1.774607,-1.583719
8,691,1.188696,1.783044,-1.593545
8,692,1.173279,1.759918,-1.570116
8,693,1.172135,1.758203,-1.568314
8,694,1.200003,1.800004,-1.609920
8,695,1.210760,1.816140,-1.625412
8,696,1.188139,1.782208,-1.592027
8,697,1.200706,1.801059,-1.609829
8,698,1.194965,1.792447,-1.601191
8,699,1.203455,1.805182,-1.614276
8,700,1.154550,1.731825,-1.540483
8,701,1.196469,1.794704,-1.603843
8,702,1.180431,1.770646,-1.579136
8,703,1.202891,1.804337,-1.612948
8,704,1.179931,1.769896,-1.578357
8,705,1.164131,1.746197,-1.554944
8,706,1.151527,1.727291,-1.535333
8,707,1.152990,1.729485,-1.538812
8,708,1.172997,1.759496,-1.568288
8,709,1.168933,1.753399,-1.561957
8,710,1.157170,1.735755,-1.544959
8,711,1.172067,1.758101,-1.567561
8,712,1.130574,1.695862,-1.504606
8,713,1.139511,1.709267,-1.518066
8,714,1.158452,1.737678,-1.545832
8,715,1.169324,1.753986,-1.562479
8,716,1.175979,1.763969,-1.573289
8,717,1.174325,1.761487,-1.571020
8,718,1.188931,1.783396,-1.592717
8,719,1.154926,1.732388,-1.541187
8,720,1.185029,1.777544,-1.586293
8,721,1.181220,1.771830,-1.581141
8,722,1.207303,1.810955,-1.619692
8,723,1.201157,1.801736,-1.611721
8,724,1.197608,1.796412,-1.607234
8,725,1.209124,1.813686,-1.622522
8,726,1.208446,1.812668,-1.623525
8,727,1.177485,1.766227,-1.575860
8,728,1.192771,1.789156,-1.598376
8,729,1.185344,1.778016,-1.588171
8,730,1.166938,1.750407,-1.559628
8,731,1.190831,1.786247,-1.595795
8,732,1.134550,1.701824,-1.511107
8,733,1.190998,1.786497,-1.595530
8,734,1.150060,1.725090,-1.534001
8,735,1.200458,1.800687,-1.610863
8,736,1.201116,1.801674,-1.611949
8,737,1.181241,1.771861,-1.582164
8,738,1.172137,1.758206,-1.568213
8,739,1.193379,1.790069,-1.599879
8,740,1.197184,1.795775,-1.606992
8,741,1.241079,1.861618,-1.672006
8,742,1.218444,1.827666,-1.637984
8,743,1.197242,1.795863,-1.606133
8,744,1.192169,1.788253,-1.598267
8,745,1.174771,1.762156,-1.571005
8,746,1.158198,1.737297,-1.544880
8,747,1.175580,1.763370,-1.571085
8,748,1.176677,1.765016,-1.573070
8,749,1.164791,1.747186,-1.554984
8,750,1.153475,1.730212,-1.537443
8,751,1.182348,1.773522,-1.581537
8,752,1.194959,1.792439,-1.598861
8,753,1.149161,1.723742,-1.530575
8,754,1.175271,1.762907,-1.569182
8,755,1.212869,1.819303,-1.625612
8,756,1.186765,1.780147,-1.586459
8,757,1.191233,1.786849,-1.593079
8,758,1.225289,1.837933,-1.643654
8,759,1.192067,1.788101,-1.594153
8,760,1.223602,1.835403,-1.641039
8,761,1.206943,1.810414,-1.617103
8,762,1.190883,1.786325,-1.592331
8,763,1.214391,1.821587,-1.627192
8,764,1.217870,1.826805,-1.632387
8,765,1.209175,1.813762,-1.619697
8,766,1.190012,1.785019,-1.591145
8,767,1.187485,1.781228,-1.587063
8,768,1.200253,1.800379,-1.606816
8,769,1.164213,1.746320,-1.553615
8,770,1.162694,1.744042,-1.550378
8,771,1.194436,1.791654,-1.598113
8,772,1.170241,1.755361,-1.561527
8,773,1.175305,1.762957,-1.568043
8,774,1.199382,1.799073,-1.604360
8,775,1.191012,1.786518,-1.591757
8,776,1.168008,1.752011,-1.556836
8,777,1.153881,1.730821,-1.536199
8,778,1.194277,1.791416,-1.596598
8,779,1.161734,1.742601,-1.548728
8,780,1.133553,1.700330,-1.506098
8,781,1.157977,1.736965,-1.543162
8,782,1.147009,1.720514,-1.526187
8,783,1.145641,1.718462,-1.523569
8,784,1.162134,1.743201,-1.549305
8,785,1.160736,1.741103,-1.546897
8,786,1.183793,1.775690,-1.582405
8,787,1.181937,1.772905,-1.580482
8,788,1.209133,1.813699,-1.620303
8,789,1.156319,1.734479,-1.541461
8,790,1.209280,1.813920,-1.620611
8,791,1.169137,1.753706,-1.559866
8,792,1.177685,1.766527,-1.571748
8,793,1.171395,1.757092,-1.563378
8,794,1.168403,1.752605,-1.558877
8,795,1.174912,1.762369,-1.569095
8,796,1.137143,1.705714,-1.511966
8,797,1.203439,1.805159,-1.612095
8,798,1.225218,1.837826,-1.644077
8,799,1.201540,1.802311,-1.608618
8,800,1.236687,1.855030,-1.662526
8,801,1.195923,1.793885,-1.601215
8,802,1.186953,1.780430,-1.587537
8,803,1.195975,1.793963,-1.601049
8,804,1.152124,1.728186,-1.535200
8,805,1.190808,1.786212,-1.593566
8,806,1.189753,1.784629,-1.592186
8,807,1.211135,1.816702,-1.625091
8,808,1.203192,1.804788,-1.612779
8,809,1.205482,1.808223,-1.617160
8,810,1.176556,1.764833,-1.572764
8,811,1.210751,1.816126,-1.624393
8,812,1.173539,1.760308,-1.567881
8,813,1.203338,1.805006,-1.612807
8,814,1.180207,1.770310,-1.578549
8,815,1.196606,1.794908,-1.604098
8,816,1.164320,1.746479,-1.555091
8,817,1.227857,1.841785,-1.649917
8,818,1.195360,1.793039,-1.602601
8,819,1.249315,1.873973,-1.683548
8,820,1.247181,1.870772,-1.681349
8,821,1.249472,1.874208,-1.684894
8,822,1.290417,1.935626,-1.746845
8,823,1.254360,1.881540,-1.692880
8,824,1.275380,1.913070,-1.725941
8,825,1.242729,1.864094,-1.676805
8,826,1.262764,1.894146,-1.705922
8,827,1.270977,1.906465,-1.719110
8,828,1.248382,1.872574,-1.684282
8,829,1.240321,1.860481,-1.671630
8,830,1.210618,1.815928,-1.626505
8,831,1.262343,1.893515,-1.704708
8,832,1.233174,1.849760,-1.660300
8,833,1.235870,1.853806,-1.664550
8,834,1.255362,1.883043,-1.692032
8,835,1.213199,1.819798,-1.628182
8,836,1.219192,1.828788,-1.638417
8,837,1.221147,1.831720,-1.640776
8,838,1.210078,1.815117,-1.624156
8,839,1.194335,1.791503,-1.600212
8,840,1.193138,1.789707,-1.598250
8,841,1.234900,1.852351,-1.661428
8,842,1.181490,1.772234,-1.580828
8,843,1.194069,1.791103,-1.598731
8,844,1.210196,1.815294,-1.623637
8,845,1.216010,1.824015,-1.632730
8,846,1.217974,1.826962,-1.635883
8,847,1.222207,1.833311,-1.641049
8,848,1.214647,1.821970,-1.629603
8,849,1.179136,1.768704,-1.576207
8,850,1.205427,1.808141,-1.617729
8,851,1.225746,1.838620,-1.648444
8,852,1.257868,1.886802,-1.697326
8,853,1.240536,1.860804,-1.670339
8,854,1.249170,1.873755,-1.683065
8,855,1.255014,1.882522,-1.691899
8,856,1.223671,1.835506,-1.644516
8,857,1.210151,1.815227,-1.624440
8,858,1.175538,1.763307,-1.572668
8,859,1.199753,1.799630,-1.608888
8,860,1.176845,1.765267,-1.573958
8,861,1.178072,1.767107,-1.575350
8,862,1.174921,1.762382,-1.569821
8,863,1.138777,1.708166,-1.515364
8,864,1.160331,1.740496,-1.548080
8,865,1.208962,1.813442,-1.621051
8,866,1.146739,1.720108,-1.527674
8,867,1.191164,1.786747,-1.594306
8,868,1.173449,1.760174,-1.567771
8,869,1.166491,1.749737,-1.556384
8,870,1.186969,1.780453,-1.586756
8,871,1.173291,1.759937,-1.565348
8,872,1.164387,1.746580,-1.551908
8,873,1.157947,1.736921,-1.542455
8,874,1.153568,1.730351,-1.536194
8,875,1.165856,1.748784,-1.553662
8,876,1.154913,1.732370,-1.538341
8,877,1.161028,1.741543,-1.546405
8,878,1.150247,1.725371,-1.530814
8,879,1.168831,1.753246,-1.559137
8,880,1.182074,1.773111,-1.580074
8,881,1.180409,1.770613,-1.577303
8,882,1.178311,1.767466,-1.574800
8,883,1.199420,1.799130,-1.605128
8,884,1.212050,1.818075,-1.625194
8,885,1.217753,1.826630,-1.634843
8,886,1.238612,1.857918,-1.666270
8,887,1.231336,1.847005,-1.654959
8,888,1.229865,1.844797,-1.654129
8,889,1.266225,1.899338,-1.709679
8,890,1.253127,1.879690,-1.687786
8,891,1.254959,1.882438,-1.691224
8,892,1.281925,1.922888,-1.730974
8,893,1.235097,1.852645,-1.661337
8,894,1.244345,1.866517,-1.676094
8,895,1.273993,1.910989,-1.720441
8,896,1.220916,1.831374,-1.640142
8,897,1.244334,1.866500,-1.675101
8,898,1.271708,1.907562,-1.716871
8,899,1.236299,1.854449,-1.663558
8,900,1.218884,1.828326,-1.636067
8,901,1.221536,1.832304,-1.640301
8,902,1.231869,1.847803,-1.655205
8,903,1.207848,1.811772,-1.619182
8,904,1.183754,1.775630,-1.582690
8,905,1.212646,1.818970,-1.626105
8,906,1.174420,1.761630,-1.568538
8,907,1.169077,1.753615,-1.560854
8,908,1.196228,1.794342,-1.601584
8,909,1.154982,1.732473,-1.538153
8,910,1.201607,1.802410,-1.609445
8,911,1.206184,1.809276,-1.616211
8,912,1.201254,1.801882,-1.608341
8,913,1.272623,1.908934,-1.714989
8,914,1.171431,1.757147,-1.563305
8,915,1.224192,1.836288,-1.642760
8,916,1.209857,1.814785,-1.621525
8,917,1.170302,1.755452,-1.562612
8,918,1.168027,1.752040,-1.559408
8,919,1.163340,1.745010,-1.553403
8,920,1.173381,1.760072,-1.567755
8,921,1.140861,1.711291,-1.518941
8,922,1.169820,1.754731,-1.562012
8,923,1.186414,1.779621,-1.588048
8,924,1.220155,1.830233,-1.638619
8,925,1.215299,1.822948,-1.631660
8,926,1.242044,1.863067,-1.672024
8,927,1.251545,1.877317,-1.685584
8,928,1.228633,1.842949,-1.651573
8,929,1.227540,1.841310,-1.650508
8,930,1.164727,1.747091,-1.554785
8,931,1.233037,1.849555,-1.657421
8,932,1.190365,1.785547,-1.593785
8,933,1.176933,1.765400,-1.573385
8,934,1.196977,1.795465,-1.603476
8,935,1.152224,1.728336,-1.535906
8,936,1.161899,1.742849,-1.550837
8,937,1.177937,1.766906,-1.574083
8,938,1.181079,1.771619,-1.578702
8,939,1.192597,1.788895,-1.596072
8,940,1.198729,1.798093,-1.604920
8,941,1.209342,1.814013,-1.620609
8,942,1.177404,1.766107,-1.573562
8,943,1.157611,1.736417,-1.542529
8,944,1.164575,1.746863,-1.553176
8,945,1.156973,1.735460,-1.542301
8,946,1.174473,1.761710,-1.568014
8,947,1.168841,1.753261,-1.559278
8,948,1.138130,1.707195,-1.512141
8,949,1.168078,1.752116,-1.558359
8,950,1.173669,1.760504,-1.566512
8,951,1.149995,1.724993,-1.529448
8,952,1.166292,1.749438,-1.553837
8,953,1.160093,1.740139,-1.545340
8,954,1.176681,1.765022,-1.570814
8,955,1.164268,1.746402,-1.551803
8,956,1.154425,1.731638,-1.536627
8,957,1.166267,1.749401,-1.554329
8,958,1.129307,1.693960,-1.499009
8,959,1.175241,1.762862,-1.568080
8,960,1.173013,1.759519,-1.565186
8,961,1.164020,1.746031,-1.551930
8,962,1.202231,1.803346,-1.609678
8,963,1.152894,1.729340,-1.535409
8,964,1.156919,1.735378,-1.542061
8,965,1.135398,1.703098,-1.510783
8,966,1.147412,1.721118,-1.527454
8,967,1.156779,1.735168,-1.542224
8,968,1.161072,1.741608,-1.548681
8,969,1.186482,1.779723,-1.586725
8,970,1.164221,1.746332,-1.552929
8,971,1.178638,1.767957,-1.575821
8,972,1.230875,1.846312,-1.654228
8,973,1.213906,1.820858,-1.627914
8,974,1.205928,1.808892,-1.615914
8,975,1.186372,1.779557,-1.586039
8,976,1.202314,1.803471,-1.610482
8,977,1.161559,1.742339,-1.548446
8,978,1.189034,1.783551,-1.590497
8,979,1.199528,1.799293,-1.605628
8,980,1.163995,1.745992,-1.551769
8,981,1.235618,1.853428,-1.660202
8,982,1.195193,1.792789,-1.598139
8,983,1.203942,1.805912,-1.612357
8,984,1.228743,1.843114,-1.648995
8,985,1.186275,1.779412,-1.585214
8,986,1.227869,1.841804,-1.648189
8,987,1.245219,1.867829,-1.674016
8,988,1.153924,1.730886,-1.536120
8,989,1.284999,1.927499,-1.734493
8,990,1.249358,1.874037,-1.680261
8,991,1.247494,1.871241,-1.678221
8,992,1.243906,1.865859,-1.672560
8,993,1.236246,1.854370,-1.660538
8,994,1.205883,1.808824,-1.614546
8,995,1.209171,1.813757,-1.619635
8,996,1.216241,1.824362,-1.629883
8,997,1.184742,1.777113,-1.582280
8,998,1.182764,1.774146,-1.579810
8,999,1.210593,1.815889,-1.621824
8,1000,1.184039,1.776059,-1.581311
9,1,1.048580,1.572870,-1.497218
9,2,1.081825,1.622737,-1.547066
9,3,1.051122,1.576684,-1.500741
9,4,1.067683,1.601525,-1.525476
9,5,1.127189,1.690784,-1.615105
9,6,1.075392,1.613087,-1.538884
9,7,1.097298,1.645947,-1.571203
9,8,1.088529,1.632793,-1.558922
9,9,1.092912,1.639368,-1.565940
9,10,1.097772,1.646658,-1.573434
9,11,1.120504,1.680756,-1.607624
9,12,1.154597,1.731895,-1.659595
9,13,1.157855,1.736783,-1.663768
9,14,1.164443,1.746664,-1.674473
9,15,1.140889,1.711333,-1.638275
9,16,1.139386,1.709080,-1.636580
9,17,1.133393,1.700090,-1.626647
9,18,1.137319,1.705979,-1.632296
9,19,1.136357,1.704535,-1.630959
9,20,1.147748,1.721623,-1.648466
9,21,1.143619,1.715429,-1.642246
9,22,1.138619,1.707929,-1.635200
9,23,1.147392,1.721088,-1.648208
9,24,1.169144,1.753716,-1.681068
9,25,1.160775,1.741163,-1.668095
9,26,1.153745,1.730617,-1.656763
9,27,1.109416,1.664124,-1.590404
9,28,1.135889,1.703834,-1.630675
9,29,1.108047,1.662070,-1.586881
9,30,1.124160,1.686239,-1.611100
9,31,1.116596,1.674894,-1.599255
9,32,1.091512,1.637268,-1.562395
9,33,1.102114,1.653170,-1.577085
9,34,1.076347,1.614521,-1.538285
9,35,1.107256,1.660883,-1.584760
9,36,1.090216,1.635323,-1.560281
9,37,1.103920,1.655880,-1.581782
9,38,1.100429,1.650643,-1.575081
9,39,1.086638,1.629956,-1.554715
9,40,1.085784,1.628676,-1.553772
9,41,1.102328,1.653492,-1.577763
9,42,1.108088,1.662132,-1.586921
9,43,1.159782,1.739674,-1.664755
9,44,1.126031,1.689047,-1.614092
9,45,1.165375,1.748063,-1.673189
9,46,1.134951,1.702427,-1.627679
9,47,1.170122,1.755182,-1.680625
9,48,1.129505,1.694257,-1.619316
9,49,1.159222,1.738833,-1.663994
9,50,1.137947,1.706920,-1.633462
9,51,1.165792,1.748688,-1.675463
9,52,1.159735,1.739603,-1.667088
9,53,1.200847,1.801270,-1.728793
9,54,1.201553,1.802330,-1.730105
9,55,1.191924,1.787887,-1.715821
9,56,1.225472,1.838209,-1.765296
9,57,1.212692,1.819038,-1.746072
9,58,1.183963,1.775944,-1.702092
9,59,1.184855,1.777283,-1.703357
9,60,1.204209,1.806314,-1.733810
9,61,1.193769,1.790653,-1.717918
9,62,1.174839,1.762259,-1.689619
9,63,1.194172,1.791258,-1.718060
9,64,1.162531,1.743797,-1.669990
9,65,1.187209,1.780813,-1.708239
9,66,1.123911,1.685867,-1.614217
9,67,1.123059,1.684588,-1.611852
9,68,1.144119,1.716178,-1.644300
9,69,1.151728,1.727592,-1.655454
9,70,1.133749,1.700624,-1.628046
9,71,1.154634,1.731951,-1.659497
9,72,1.108783,1.663175,-1.589997
9,73,1.149941,1.724912,-1.651798
9,74,1.165969,1.748954,-1.676436
9,75,1.158135,1.737202,-1.664571
9,76,1.139171,1.708756,-1.635480
9,77,1.146305,1.719457,-1.645475
9,78,1.153877,1.730815,-1.657021
9,79,1.112046,1.668068,-1.594191
9,80,1.122100,1.683150,-1.610249
9,81,1.112190,1.668285,-1.594271
9,82,1.121475,1.682212,-1.609574
9,83,1.060443,1.590664,-1.517957
9,84,1.066905,1.600358,-1.526759
9,85,1.094392,1.641588,-1.568225
9,86,1.074792,1.612188,-1.538149
9,87,1.069676,1.604514,-1.530616
9,88,1.085527,1.628291,-1.555197
9,89,1.051012,1.576518,-1.503627
9,90,1.111092,1.666638,-1.592893
9,91,1.143365,1.715047,-1.641957
9,92,1.128954,1.693431,-1.620223
9,93,1.125720,1.688579,-1.615355
9,94,1.127569,1.691354,-1.617894
9,95,1.128839,1.693259,-1.619342
9,96,1.131662,1.697493,-1.623647
9,97,1.101851,1.652777,-1.577400
9,98,1.129662,1.694494,-1.620095
9,99,1.134268,1.701403,-1.626439
9,100,1.099680,1.649520,-1.574808
9,101,1.093431,1.640147,-1.564919
9,102,1.127540,1.691310,-1.616427
9,103,1.096370,1.644556,-1.569065
9,104,1.138240,1.707360,-1.632156
9,105,1.112525,1.668788,-1.593619
9,106,1.156125,1.734187,-1.659239
9,107,1.147820,1.721731,-1.646280
9,108,1.127769,1.691654,-1.617436
9,109,1.163754,1.745631,-1.671999
9,110,1.181101,1.771652,-1.697589
9,111,1.194167,1.791250,-1.718159
9,112,1.190160,1.785240,-1.713354
9,113,1.166045,1.749068,-1.675442
9,114,1.174438,1.761657,-1.688964
9,115,1.130080,1.695120,-1.621315
9,116,1.148510,1.722765,-1.648415
9,117,1.158335,1.737502,-1.662877
9,118,1.174272,1.761407,-1.687047
9,119,1.138913,1.708369,-1.634570
9,120,1.136967,1.705451,-1.631170
9,121,1.157664,1.736495,-1.662021
9,122,1.147152,1.720728,-1.647452
9,123,1.157143,1.735714,-1.662420
9,124,1.164267,1.746400,-1.672199
9,125,1.167893,1.751840,-1.678269
9,126,1.149139,1.723708,-1.649527
9,127,1.195167,1.792751,-1.719980
9,128,1.162432,1.743648,-1.669435
9,129,1.140666,1.710999,-1.636595
9,130,1.150358,1.725537,-1.651432
9,131,1.153400,1.730100,-1.654537
9,132,1.152556,1.728834,-1.653055
9,133,1.151385,1.727078,-1.653116
9,134,1.177631,1.766447,-1.692273
9,135,1.221512,1.832268,-1.758727
9,136,1.190355,1.785532,-1.712232
9,137,1.197420,1.796130,-1.721503
9,138,1.178096,1.767144,-1.692807
9,139,1.159732,1.739597,-1.665666
9,140,1.154665,1.731997,-1.657925
9,141,1.163262,1.744893,-1.670685
9,142,1.136285,1.704428,-1.630229
9,143,1.117717,1.676576,-1.603419
9,144,1.149589,1.724383,-1.649814
9,145,1.111401,1.667101,-1.594533
9,146,1.126665,1.689998,-1.617380
9,147,1.143009,1.714513,-1.641576
9,148,1.119484,1.679225,-1.605682
9,149,1.150028,1.725042,-1.652668
9,150,1.111662,1.667493,-1.594375
9,151,1.170194,1.755291,-1.682869
9,152,1.198133,1.797199,-1.724585
9,153,1.154358,1.731537,-1.659537
9,154,1.168039,1.752059,-1.679377
9,155,1.156280,1.734420,-1.662559
9,156,1.140183,1.710275,-1.637730
9,157,1.143394,1.715091,-1.641488
9,158,1.171989,1.757983,-1.684636
9,159,1.133557,1.700335,-1.626300
9,160,1.160656,1.740984,-1.667480
9,161,1.139022,1.708534,-1.635164
9,162,1.138278,1.707418,-1.633728
9,163,1.150760,1.726139,-1.652419
9,164,1.141396,1.712095,-1.638998
9,165,1.103894,1.655842,-1.581782
9,166,1.137777,1.706666,-1.632350
9,167,1.128272,1.692407,-1.616585
9,168,1.082197,1.623295,-1.547677
9,169,1.147184,1.720776,-1.645164
9,170,1.108138,1.662206,-1.586397
9,171,1.100220,1.650330,-1.573844
9,172,1.101311,1.651967,-1.575660
9,173,1.105222,1.657833,-1.582033
9,174,1.053103,1.579655,-1.503106
9,175,1.065639,1.598458,-1.521232
9,176,1.090067,1.635101,-1.558402
9,177,1.111777,1.667665,-1.591030
9,178,1.138322,1.707484,-1.632031
9,179,1.112094,1.668141,-1.592892
9,180,1.127557,1.691336,-1.614632
9,181,1.095713,1.643569,-1.567988
9,182,1.131185,1.696777,-1.621578
9,183,1.108437,1.662656,-1.587319
9,184,1.071356,1.607034,-1.532644
9,185,1.112641,1.668962,-1.593887
9,186,1.085779,1.628668,-1.553582
9,187,1.106675,1.660013,-1.584567
9,188,1.114720,1.672081,-1.596510
9,189,1.129712,1.694569,-1.618125
9,190,1.116626,1.674939,-1.598297
9,191,1.131094,1.696641,-1.620712
9,192,1.168907,1.753361,-1.677782
9,193,1.125382,1.688074,-1.611857
9,194,1.201768,1.802652,-1.726486
9,195,1.207143,1.810715,-1.736211
9,196,1.147145,1.720718,-1.645301
9,197,1.157715,1.736572,-1.662377
9,198,1.198063,1.797094,-1.722556
9,199,1.156221,1.734331,-1.659787
9,200,1.168903,1.753355,-1.679029
9,201,1.143587,1.715380,-1.642639
9,202,1.163037,1.744555,-1.670498
9,203,1.163300,1.744950,-1.671074
9,204,1.181379,1.772069,-1.699291
9,205,1.187719,1.781578,-1.707684
9,206,1.196922,1.795384,-1.721378
9,207,1.207579,1.811369,-1.737339
9,208,1.183866,1.775798,-1.701765
9,209,1.189935,1.784902,-1.712241
9,210,1.205782,1.808673,-1.734638
9,211,1.164761,1.747142,-1.673087
9,212,1.158242,1.737363,-1.663499
9,213,1.178110,1.767166,-1.692071
9,214,1.152687,1.729030,-1.653604
9,215,1.158811,1.738216,-1.663209
9,216,1.141586,1.712379,-1.637744
9,217,1.121113,1.681670,-1.606544
9,218,1.138950,1.708425,-1.633828
9,219,1.112657,1.668986,-1.594031
9,220,1.121883,1.682824,-1.607357
9,221,1.126298,1.689447,-1.613676
9,222,1.081899,1.622848,-1.546657
9,223,1.081868,1.622802,-1.548020
9,224,1.085287,1.627930,-1.554363
9,225,1.112265,1.668398,-1.592367
9,226,1.091669,1.637503,-1.562227
9,227,1.113044,1.669566,-1.593403
9,228,1.141134,1.711701,-1.636690
9,229,1.103691,1.655536,-1.579378
9,230,1.091938,1.637907,-1.561079
9,231,1.113992,1.670989,-1.594584
9,232,1.062646,1.593969,-1.517603
9,233,1.091553,1.637329,-1.559874
9,234,1.072644,1.608966,-1.531581
9,235,1.040515,1.560772,-1.483575
9,236,1.049292,1.573937,-1.497148
9,237,1.054644,1.581966,-1.504880
9,238,1.053712,1.580568,-1.503282
9,239,1.077707,1.616560,-1.539133
9,240,1.102762,1.654143,-1.577846
9,241,1.125708,1.688562,-1.611940
9,242,1.108827,1.663241,-1.586395
9,243,1.131106,1.696659,-1.620559
9,244,1.122389,1.683584,-1.607819
9,245,1.205124,1.807685,-1.731593
9,246,1.149710,1.724565,-1.649881
9,247,1.137238,1.705857,-1.629261
9,248,1.139211,1.708816,-1.632568
9,249,1.156543,1.734814,-1.658676
9,250,1.182263,1.773395,-1.698099
9,251,1.137656,1.706484,-1.630400
9,252,1.162924,1.744386,-1.668977
9,253,1.125422,1.688133,-1.612245
9,254,1.098160,1.647240,-1.571441
9,255,1.053831,1.580746,-1.505125
9,256,1.076481,1.614721,-1.538407
9,257,1.050729,1.576093,-1.499437
9,258,1.066482,1.599723,-1.522262
9,259,1.060141,1.590211,-1.512773
9,260,1.091412,1.637118,-1.559543
9,261,1.063315,1.594973,-1.518201
9,262,1.046740,1.570110,-1.492038
9,263,1.070518,1.605777,-1.528371
9,264,1.028447,1.542671,-1.464396
9,265,1.089589,1.634383,-1.556420
9,266,1.066608,1.599913,-1.521002
9,267,1.076654,1.614981,-1.535968
9,268,1.099388,1.649082,-1.570494
9,269,1.096918,1.645378,-1.566022
9,270,1.092829,1.639243,-1.559247
9,271,1.113470,1.670206,-1.591451
9,272,1.100992,1.651488,-1.572087
9,273,1.100426,1.650639,-1.571315
9,274,1.071299,1.606948,-1.527446
9,275,1.069867,1.604801,-1.526157
9,276,1.019812,1.529719,-1.450781
9,277,1.061480,1.592220,-1.514159
9,278,1.074508,1.611762,-1.534269
9,279,1.038221,1.557332,-1.480755
9,280,1.045570,1.568355,-1.490566
9,281,1.079856,1.619785,-1.542113
9,282,1.036201,1.554301,-1.476976
9,283,1.058588,1.587882,-1.510682
9,284,1.039969,1.559954,-1.482676
9,285,1.060366,1.590550,-1.514614
9,286,1.035769,1.553654,-1.476694
9,287,1.072951,1.609427,-1.533113
9,288,1.056779,1.585169,-1.509033
9,289,1.071255,1.606882,-1.531165
9,290,1.097301,1.645952,-1.570434
9,291,1.102577,1.653865,-1.579505
9,292,1.101972,1.652958,-1.577764
9,293,1.108559,1.662838,-1.588239
9,294,1.093551,1.640326,-1.565562
9,295,1.133827,1.700741,-1.626732
9,296,1.107328,1.660992,-1.587005
9,297,1.133022,1.699534,-1.625609
9,298,1.168531,1.752796,-1.679335
9,299,1.155750,1.733625,-1.660861
9,300,1.184810,1.777215,-1.706026
9,301,1.163935,1.745902,-1.674952
9,302,1.209980,1.814970,-1.744060
9,303,1.248752,1.873128,-1.802748
9,304,1.265922,1.898883,-1.829569
9,305,1.267039,1.900559,-1.831280
9,306,1.272116,1.908175,-1.839604
9,307,1.218513,1.827770,-1.759218
9,308,1.249325,1.873988,-1.805509
9,309,1.217752,1.826628,-1.757662
9,310,1.186266,1.779399,-1.711237
9,311,1.233178,1.849767,-1.781004
9,312,1.137668,1.706502,-1.637131
9,313,1.168091,1.752137,-1.682263
9,314,1.156619,1.734929,-1.664943
9,315,1.155347,1.733020,-1.662326
9,316,1.192658,1.788986,-1.718304
9,317,1.222660,1.833989,-1.762926
9,318,1.195546,1.793319,-1.721264
9,319,1.211687,1.817530,-1.744968
9,320,1.180576,1.770864,-1.699439
9,321,1.204126,1.806189,-1.734615
9,322,1.190758,1.786138,-1.714570
9,323,1.222706,1.834060,-1.762313
9,324,1.214288,1.821433,-1.748562
9,325,1.187909,1.781863,-1.709207
9,326,1.208673,1.813010,-1.739751
9,327,1.178789,1.768184,-1.694236
9,328,1.173496,1.760244,-1.686407
9,329,1.163122,1.744684,-1.670514
9,330,1.161033,1.741549,-1.667251
9,331,1.131103,1.696655,-1.621075
9,332,1.154032,1.731048,-1.655803
9,333,1.152802,1.729202,-1.653577
9,334,1.141064,1.711596,-1.636469
9,335,1.121680,1.682521,-1.606638
9,336,1.134298,1.701447,-1.625954
9,337,1.154259,1.731389,-1.655811
9,338,1.126511,1.689767,-1.614670
9,339,1.198777,1.798165,-1.723599
9,340,1.168761,1.753141,-1.678047
9,341,1.185920,1.778879,-1.703496
9,342,1.176132,1.764198,-1.688656
9,343,1.149303,1.723954,-1.648830
9,344,1.165310,1.747965,-1.673457
9,345,1.164232,1.746348,-1.671637
9,346,1.148548,1.722821,-1.647758
9,347,1.134529,1.701794,-1.625832
9,348,1.135207,1.702811,-1.626902
9,349,1.127074,1.690612,-1.614414
9,350,1.140126,1.710189,-1.634239
9,351,1.121398,1.682098,-1.606373
9,352,1.113436,1.670155,-1.594320
9,353,1.074419,1.611628,-1.535944
9,354,1.115972,1.673958,-1.598718
9,355,1.069721,1.604582,-1.528894
9,356,1.102407,1.653610,-1.578390
9,357,1.098334,1.647501,-1.573519
9,358,1.088160,1.632240,-1.557395
9,359,1.100534,1.650800,-1.576157
9,360,1.107516,1.661275,-1.586570
9,361,1.151175,1.726763,-1.652580
9,362,1.142631,1.713947,-1.639869
9,363,1.122524,1.683787,-1.610077
9,364,1.135542,1.703313,-1.629615
9,365,1.117110,1.675665,-1.601519
9,366,1.137315,1.705972,-1.632756
9,367,1.157366,1.736049,-1.664405
9,368,1.122770,1.684155,-1.611603
9,369,1.110052,1.665077,-1.591439
9,370,1.110149,1.665223,-1.591541
9,371,1.128145,1.692217,-1.618322
9,372,1.120989,1.681484,-1.607798
9,373,1.089006,1.633509,-1.558590
9,374,1.127967,1.691951,-1.617583
9,375,1.082139,1.623208,-1.548910
9,376,1.118069,1.677104,-1.602690
9,377,1.120435,1.680652,-1.606218
9,378,1.114678,1.672017,-1.596712
9,379,1.119264,1.678896,-1.604675
9,380,1.105716,1.658573,-1.584573
9,381,1.126950,1.690425,-1.616238
9,382,1.142175,1.713263,-1.639513
9,383,1.073711,1.610566,-1.534842
9,384,1.132913,1.699370,-1.625539
9,385,1.092332,1.638497,-1.565062
9,386,1.118089,1.677133,-1.603120
9,387,1.105135,1.657703,-1.583694
9,388,1.112198,1.668297,-1.594388
9,389,1.140493,1.710740,-1.637250
9,390,1.161012,1.741519,-1.668472
9,391,1.124243,1.686364,-1.613472
9,392,1.164176,1.746263,-1.672626
9,393,1.177921,1.766882,-1.693798
9,394,1.158850,1.738275,-1.665153
9,395,1.153197,1.729795,-1.656291
9,396,1.139668,1.709503,-1.635680
9,397,1.112082,1.668123,-1.593000
9,398,1.138405,1.707607,-1.633327
9,399,1.129585,1.694378,-1.619713
9,400,1.125667,1.688501,-1.613521
9,401,1.141242,1.711864,-1.637732
9,402,1.090970,1.636455,-1.562331
9,403,1.095502,1.643253,-1.569809
9,404,1.127073,1.690610,-1.616351
9,405,1.134591,1.701886,-1.628044
9,406,1.110582,1.665872,-1.591239
9,407,1.156347,1.734520,-1.660472
9,408,1.171548,1.757322,-1.683481
9,409,1.169988,1.754982,-1.680789
9,410,1.165011,1.747516,-1.673140
9,411,1.158057,1.737086,-1.661819
9,412,1.152481,1.728722,-1.654230
9,413,1.140210,1.710315,-1.635839
9,414,1.122769,1.684154,-1.609727
9,415,1.147141,1.720711,-1.646426
9,416,1.139104,1.708656,-1.634208
9,417,1.121206,1.681810,-1.607618
9,418,1.123745,1.685617,-1.611649
9,419,1.123121,1.684681,-1.609466
9,420,1.142356,1.713534,-1.638832
9,421,1.135800,1.703700,-1.628383
9,422,1.153845,1.730767,-1.655424
9,423,1.096266,1.644399,-1.567916
9,424,1.164793,1.747190,-1.672336
9,425,1.123142,1.684712,-1.609190
9,426,1.118517,1.677776,-1.602557
9,427,1.102816,1.654224,-1.578366
9,428,1.162786,1.744179,-1.668455
9,429,1.128263,1.692395,-1.616702
9,430,1.122152,1.683228,-1.607602
9,431,1.107628,1.661441,-1.585306
9,432,1.108836,1.663254,-1.586496
9,433,1.100298,1.650447,-1.574183
9,434,1.099781,1.649672,-1.572556
9,435,1.110867,1.666300,-1.589224
9,436,1.130400,1.695600,-1.618834
9,437,1.124748,1.687122,-1.610257
9,438,1.074910,1.612365,-1.535534
9,439,1.103278,1.654917,-1.578430
9,440,1.097481,1.646221,-1.569694
9,441,1.087759,1.631638,-1.555254
9,442,1.115497,1.673245,-1.595743
9,443,1.085580,1.628370,-1.550934
9,444,1.095389,1.643083,-1.566551
9,445,1.074637,1.611955,-1.535082
9,446,1.040527,1.560790,-1.483641
9,447,1.064378,1.596567,-1.518895
9,448,1.053938,1.580907,-1.502884
9,449,1.065841,1.598761,-1.521066
9,450,1.053227,1.579841,-1.502251
9,451,1.097164,1.645746,-1.568468
9,452,1.064214,1.596322,-1.518978
9,453,1.079461,1.619192,-1.542283
9,454,1.079266,1.618899,-1.541385
9,455,1.149319,1.723978,-1.647471
9,456,1.119115,1.678673,-1.601841
9,457,1.132141,1.698212,-1.621394
9,458,1.145934,1.718900,-1.643242
9,459,1.142370,1.713556,-1.637668
9,460,1.129728,1.694592,-1.618119
9,461,1.103499,1.655248,-1.578036
9,462,1.094182,1.641274,-1.564190
9,463,1.093538,1.640307,-1.563198
9,464,1.077828,1.616742,-1.539884
9,465,1.053425,1.580138,-1.503673
9,466,1.056321,1.584481,-1.508388
9,467,1.050942,1.576413,-1.499524
9,468,1.025130,1.537694,-1.460925
9,469,1.083611,1.625417,-1.549282
9,470,1.102123,1.653184,-1.577013
9,471,1.124362,1.686543,-1.610005
9,472,1.119242,1.678863,-1.602902
9,473,1.141142,1.711713,-1.635534
9,474,1.142438,1.713657,-1.637367
9,475,1.110406,1.665608,-1.588813
9,476,1.103664,1.655497,-1.578027
9,477,1.153183,1.729775,-1.652153
9,478,1.071121,1.606682,-1.529184
9,479,1.128863,1.693294,-1.616116
9,480,1.123396,1.685094,-1.607788
9,481,1.123558,1.685338,-1.608032
9,482,1.112704,1.669056,-1.592026
9,483,1.093479,1.640219,-1.561324
9,484,1.123619,1.685429,-1.608312
9,485,1.107894,1.661841,-1.585178
9,486,1.132027,1.698041,-1.621458
9,487,1.110790,1.666184,-1.590029
9,488,1.133375,1.700062,-1.623714
9,489,1.154250,1.731375,-1.655678
9,490,1.088909,1.633364,-1.557195
9,491,1.150342,1.725513,-1.650370
9,492,1.144453,1.716679,-1.640489
9,493,1.136717,1.705076,-1.628477
9,494,1.149535,1.724303,-1.647922
9,495,1.153696,1.730544,-1.654365
9,496,1.120580,1.680870,-1.604449
9,497,1.152904,1.729355,-1.653440
9,498,1.102776,1.654165,-1.579002
9,499,1.135109,1.702664,-1.626891
9,500,1.128454,1.692680,-1.617330
9,501,1.131070,1.696604,-1.621604
9,502,1.124012,1.686017,-1.610740
9,503,1.074558,1.611837,-1.536947
9,504,1.091995,1.637992,-1.563477
9,505,1.118452,1.677677,-1.602218
9,506,1.061064,1.591596,-1.515578
9,507,1.127429,1.691144,-1.615865
9,508,1.120723,1.681085,-1.605809
9,509,1.115753,1.673630,-1.599074
9,510,1.109890,1.664835,-1.589731
9,511,1.143046,1.714569,-1.640060
9,512,1.145024,1.717535,-1.643461
9,513,1.150362,1.725542,-1.650564
9,514,1.178911,1.768367,-1.694286
9,515,1.167102,1.750653,-1.676635
9,516,1.161492,1.742238,-1.668011
9,517,1.123123,1.684684,-1.610731
9,518,1.103621,1.655431,-1.580926
9,519,1.133008,1.699511,-1.624887
9,520,1.146003,1.719004,-1.643280
9,521,1.149833,1.724749,-1.650700
9,522,1.230194,1.845291,-1.771320
9,523,1.203361,1.805042,-1.730539
9,524,1.166210,1.749315,-1.673718
9,525,1.161666,1.742499,-1.667502
9,526,1.136968,1.705452,-1.630752
9,527,1.123214,1.684821,-1.608926
9,528,1.077863,1.616794,-1.540048
9,529,1.082778,1.624167,-1.548248
9,530,1.121727,1.682591,-1.606628
9,531,1.088624,1.632935,-1.557699
9,532,1.116634,1.674950,-1.601374
9,533,1.117990,1.676984,-1.602539
9,534,1.155959,1.733939,-1.660677
9,535,1.145221,1.717831,-1.644307
9,536,1.178277,1.767416,-1.694179
9,537,1.172171,1.758257,-1.685256
9,538,1.150119,1.725178,-1.652068
9,539,1.172465,1.758697,-1.685551
9,540,1.135724,1.703586,-1.631265
9,541,1.178458,1.767688,-1.694676
9,542,1.136079,1.704119,-1.630736
9,543,1.143562,1.715343,-1.641868
9,544,1.128921,1.693381,-1.618866
9,545,1.121412,1.682119,-1.608016
9,546,1.134993,1.702489,-1.629210
9,547,1.105863,1.658794,-1.585344
9,548,1.175213,1.762820,-1.689507
9,549,1.125767,1.688651,-1.614315
9,550,1.137286,1.705930,-1.632162
9,551,1.130836,1.696255,-1.623133
9,552,1.115410,1.673116,-1.599807
9,553,1.122920,1.684380,-1.610411
9,554,1.107731,1.661596,-1.586594
9,555,1.122500,1.683750,-1.610290
9,556,1.150594,1.725891,-1.652338
9,557,1.118241,1.677361,-1.603304
9,558,1.172465,1.758697,-1.685998
9,559,1.188195,1.782292,-1.710008
9,560,1.177888,1.766832,-1.694505
9,561,1.199156,1.798735,-1.726217
9,562,1.185411,1.778116,-1.705412
9,563,1.173706,1.760559,-1.687323
9,564,1.158588,1.737882,-1.664935
9,565,1.149507,1.724260,-1.651862
9,566,1.157459,1.736188,-1.664321
9,567,1.190664,1.785996,-1.715195
9,568,1.193721,1.790581,-1.719017
9,569,1.181897,1.772845,-1.700875
9,570,1.166470,1.749706,-1.677506
9,571,1.191765,1.787647,-1.715676
9,572,1.176692,1.765038,-1.692793
9,573,1.167729,1.751593,-1.680046
9,574,1.151005,1.726508,-1.653659
9,575,1.182782,1.774173,-1.702111
9,576,1.186943,1.780415,-1.709400
9,577,1.273737,1.910606,-1.839166
9,578,1.299538,1.949307,-1.878213
9,579,1.213553,1.820329,-1.748686
9,580,1.196480,1.794720,-1.723467
9,581,1.210686,1.816029,-1.743683
9,582,1.218574,1.827860,-1.754448
9,583,1.195556,1.793334,-1.719651
9,584,1.146200,1.719299,-1.644935
9,585,1.203328,1.804992,-1.730785
9,586,1.163936,1.745903,-1.671966
9,587,1.179100,1.768649,-1.695117
9,588,1.154644,1.731966,-1.657884
9,589,1.188605,1.782907,-1.708311
9,590,1.165586,1.748379,-1.672550
9,591,1.138219,1.707328,-1.631441
9,592,1.171292,1.756938,-1.681864
9,593,1.138191,1.707286,-1.631482
9,594,1.165986,1.748979,-1.673076
9,595,1.161110,1.741665,-1.665238
9,596,1.189283,1.783925,-1.707017
9,597,1.128411,1.692617,-1.616034
9,598,1.173844,1.760767,-1.684053
9,599,1.184251,1.776377,-1.700270
9,600,1.143173,1.714759,-1.638195
9,601,1.086917,1.630376,-1.553159
9,602,1.157535,1.736302,-1.661441
9,603,1.137342,1.706013,-1.630683
9,604,1.101969,1.652954,-1.576129
9,605,1.100969,1.651453,-1.575451
9,606,1.103730,1.655595,-1.579251
9,607,1.112814,1.669221,-1.592480
9,608,1.144789,1.717183,-1.640703
9,609,1.114740,1.672110,-1.595673
9,610,1.154082,1.731123,-1.654250
9,611,1.131029,1.696544,-1.619599
9,612,1.106524,1.659786,-1.582895
9,613,1.154016,1.731024,-1.654408
9,614,1.151824,1.727736,-1.653030
9,615,1.138273,1.707409,-1.630374
9,616,1.162611,1.743916,-1.668246
9,617,1.163864,1.745796,-1.669632
9,618,1.151928,1.727891,-1.652339
9,619,1.125741,1.688612,-1.613634
9,620,1.175809,1.763714,-1.687886
9,621,1.140551,1.710826,-1.635193
9,622,1.112450,1.668674,-1.592505
9,623,1.160405,1.740607,-1.665227
9,624,1.117934,1.676901,-1.602336
9,625,1.141109,1.711663,-1.636160
9,626,1.178803,1.768205,-1.693999
9,627,1.158387,1.737580,-1.663612
9,628,1.170488,1.755732,-1.681853
9,629,1.165077,1.747615,-1.673487
9,630,1.185567,1.778350,-1.704304
9,631,1.190746,1.786119,-1.711851
9,632,1.185187,1.777781,-1.704199
9,633,1.163657,1.745485,-1.672640
9,634,1.173174,1.759762,-1.686072
9,635,1.157063,1.735594,-1.661588
9,636,1.156201,1.734302,-1.660333
9,637,1.167110,1.750664,-1.675829
9,638,1.174325,1.761488,-1.687125
9,639,1.166510,1.749765,-1.676344
9,640,1.171597,1.757396,-1.684279
9,641,1.187136,1.780704,-1.706650
9,642,1.148563,1.722844,-1.648584
9,643,1.128874,1.693310,-1.618303
9,644,1.164005,1.746007,-1.671463
9,645,1.171935,1.757903,-1.683225
9,646,1.170657,1.755986,-1.682470
9,647,1.201348,1.802022,-1.727804
9,648,1.175734,1.763601,-1.689379
9,649,1.165346,1.748018,-1.674038
9,650,1.191696,1.787544,-1.714045
9,651,1.182775,1.774162,-1.700599
9,652,1.193410,1.790116,-1.715352
9,653,1.168083,1.752125,-1.677348
9,654,1.177880,1.766821,-1.692225
9,655,1.137003,1.705505,-1.630913
9,656,1.133183,1.699775,-1.625011
9,657,1.138612,1.707917,-1.633311
9,658,1.083581,1.625371,-1.549727
9,659,1.126206,1.689309,-1.613756
9,660,1.115066,1.672599,-1.597159
9,661,1.110907,1.666360,-1.590846
9,662,1.113305,1.669958,-1.595022
9,663,1.145920,1.718880,-1.644203
9,664,1.160916,1.741374,-1.666552
9,665,1.149120,1.723680,-1.648873
9,666,1.166853,1.750279,-1.675380
9,667,1.130402,1.695604,-1.620697
9,668,1.139529,1.709293,-1.634604
9,669,1.174296,1.761444,-1.686735
9,670,1.124279,1.686419,-1.611857
9,671,1.145756,1.718634,-1.644818
9,672,1.161498,1.742247,-1.668097
9,673,1.155238,1.732856,-1.657755
9,674,1.098639,1.647958,-1.572223
9,675,1.143264,1.714896,-1.639437
9,676,1.116868,1.675302,-1.599988
9,677,1.098395,1.647592,-1.571385
9,678,1.133343,1.700014,-1.623551
9,679,1.090522,1.635783,-1.558084
9,680,1.115106,1.672660,-1.595239
9,681,1.099201,1.648802,-1.571348
9,682,1.094146,1.641218,-1.563762
9,683,1.049746,1.574619,-1.497143
9,684,1.074090,1.611135,-1.533479
9,685,1.050424,1.575636,-1.498233
9,686,1.101023,1.651534,-1.573900
9,687,1.124959,1.687438,-1.609413
9,688,1.112237,1.668356,-1.590918
9,689,1.124897,1.687345,-1.610372
9,690,1.086235,1.629353,-1.552881
9,691,1.098189,1.647284,-1.571247
9,692,1.087647,1.631470,-1.554656
9,693,1.084151,1.626226,-1.549293
9,694,1.109006,1.663509,-1.587091
9,695,1.120728,1.681092,-1.605064
9,696,1.106548,1.659822,-1.583420
9,697,1.107024,1.660537,-1.583916
9,698,1.089501,1.634252,-1.557952
9,699,1.113098,1.669647,-1.594440
9,700,1.113705,1.670557,-1.595017
9,701,1.108790,1.663185,-1.588160
9,702,1.138585,1.707878,-1.633030
9,703,1.148588,1.722882,-1.647760
9,704,1.122752,1.684129,-1.608947
9,705,1.130907,1.696360,-1.620812
9,706,1.109627,1.664441,-1.589250
9,707,1.092180,1.638270,-1.562575
9,708,1.152453,1.728680,-1.653411
9,709,1.202333,1.803499,-1.729131
9,710,1.167006,1.750510,-1.677536
9,711,1.219430,1.829145,-1.755481
9,712,1.168485,1.752728,-1.680389
9,713,1.216572,1.824858,-1.752131
9,714,1.218565,1.827847,-1.755255
9,715,1.160339,1.740509,-1.666267
9,716,1.170668,1.756003,-1.681540
9,717,1.180822,1.771233,-1.697193
9,718,1.187123,1.780685,-1.707295
9,719,1.186446,1.779670,-1.706769
9,720,1.173248,1.759872,-1.686556
9,721,1.182787,1.774181,-1.701738
9,722,1.158008,1.737012,-1.664789
9,723,1.168424,1.752636,-1.680292
9,724,1.205948,1.808922,-1.737299
9,725,1.190712,1.786067,-1.714139
9,726,1.211878,1.817817,-1.745043
9,727,1.191245,1.786867,-1.713213
9,728,1.198174,1.797261,-1.723938
9,729,1.180104,1.770156,-1.697349
9,730,1.144166,1.716248,-1.641816
9,731,1.126757,1.690136,-1.615659
9,732,1.160318,1.740476,-1.665697
9,733,1.113386,1.670079,-1.595360
9,734,1.102421,1.653632,-1.578325
9,735,1.141546,1.712318,-1.636417
9,736,1.069689,1.604533,-1.528245
9,737,1.128330,1.692495,-1.616810
9,738,1.084891,1.627336,-1.550981
9,739,1.123275,1.684913,-1.608475
9,740,1.094480,1.641720,-1.564675
9,741,1.100546,1.650820,-1.573853
9,742,1.060948,1.591423,-1.513634
9,743,1.100472,1.650708,-1.573289
9,744,1.052621,1.578932,-1.501411
9,745,1.074956,1.612433,-1.535497
9,746,1.061291,1.591937,-1.514779
9,747,1.053317,1.579976,-1.502772
9,748,1.041960,1.562940,-1.485546
9,749,1.094518,1.641777,-1.565026
9,750,1.122396,1.683594,-1.606148
9,751,1.109658,1.664486,-1.586986
9,752,1.130137,1.695206,-1.617923
9,753,1.137757,1.706635,-1.629145
9,754,1.107100,1.660651,-1.582822
9,755,1.124385,1.686577,-1.609346
9,756,1.122968,1.684452,-1.607296
9,757,1.069932,1.604898,-1.527571
9,758,1.100432,1.650648,-1.573906
9,759,1.147461,1.721191,-1.644258
9,760,1.095710,1.643565,-1.566729
9,761,1.155300,1.732949,-1.656935
9,762,1.145702,1.718554,-1.643062
9,763,1.114583,1.671874,-1.595465
9,764,1.107993,1.661990,-1.585787
9,765,1.101252,1.651878,-1.575163
9,766,1.091155,1.636733,-1.560732
9,767,1.143320,1.714980,-1.639545
9,768,1.118909,1.678364,-1.602193
9,769,1.121779,1.682669,-1.606435
9,770,1.109604,1.664406,-1.588596
9,771,1.147599,1.721398,-1.645717
9,772,1.154177,1.731265,-1.656362
9,773,1.152098,1.728147,-1.653103
9,774,1.108054,1.662080,-1.586663
9,775,1.175646,1.763468,-1.689237
9,776,1.142155,1.713232,-1.639481
9,777,1.156094,1.734141,-1.659937
9,778,1.161819,1.742729,-1.669110
9,779,1.153494,1.730242,-1.656746
9,780,1.149491,1.724236,-1.650231
9,781,1.139158,1.708737,-1.634512
9,782,1.152043,1.728065,-1.655336
9,783,1.186431,1.779647,-1.706414
9,784,1.137739,1.706609,-1.632667
9,785,1.132436,1.698654,-1.624902
9,786,1.191478,1.787216,-1.713472
9,787,1.179586,1.769379,-1.695650
9,788,1.175027,1.762541,-1.690050
9,789,1.208820,1.813230,-1.740938
9,790,1.186361,1.779542,-1.706108
9,791,1.221491,1.832237,-1.759441
9,792,1.193168,1.789751,-1.717275
9,793,1.199908,1.799861,-1.727799
9,794,1.201695,1.802542,-1.730564
9,795,1.199161,1.798742,-1.726164
9,796,1.186246,1.779370,-1.706646
9,797,1.192748,1.789123,-1.715831
9,798,1.181992,1.772988,-1.700569
9,799,1.176545,1.764817,-1.692316
9,800,1.181565,1.772348,-1.698541
9,801,1.149661,1.724492,-1.651069
9,802,1.189523,1.784284,-1.710494
9,803,1.151023,1.726535,-1.653623
9,804,1.173589,1.760384,-1.686870
9,805,1.162230,1.743344,-1.671259
9,806,1.156735,1.735102,-1.662294
9,807,1.160029,1.740043,-1.666212
9,808,1.183025,1.774537,-1.701004
9,809,1.189390,1.784085,-1.711223
9,810,1.122007,1.683011,-1.609485
9,811,1.156959,1.735438,-1.661560
9,812,1.178877,1.768315,-1.695216
9,813,1.111613,1.667420,-1.594427
9,814,1.190302,1.785453,-1.712637
9,815,1.233786,1.850678,-1.777682
9,816,1.196304,1.794456,-1.721092
9,817,1.251534,1.877300,-1.804800
9,818,1.196745,1.795117,-1.722678
9,819,1.230988,1.846482,-1.774313
9,820,1.210488,1.815731,-1.743490
9,821,1.227171,1.840757,-1.768680
9,822,1.216600,1.824899,-1.752887
9,823,1.187460,1.781190,-1.709517
9,824,1.201513,1.802270,-1.730964
9,825,1.165750,1.748625,-1.675602
9,826,1.203315,1.804973,-1.732087
9,827,1.144112,1.716168,-1.642486
9,828,1.178830,1.768245,-1.694585
9,829,1.153708,1.730561,-1.655790
9,830,1.093444,1.640166,-1.565333
9,831,1.094131,1.641196,-1.565667
9,832,1.102245,1.653367,-1.578476
9,833,1.077789,1.616684,-1.540693
9,834,1.064059,1.596088,-1.520834
9,835,1.060737,1.591106,-1.514830
9,836,1.044082,1.566124,-1.489656
9,837,1.043611,1.565417,-1.489254
9,838,1.052683,1.579025,-1.501122
9,839,1.038123,1.557184,-1.478570
9,840,1.052552,1.578827,-1.500264
9,841,1.064787,1.597181,-1.518336
9,842,1.081639,1.622458,-1.543558
9,843,1.072924,1.609385,-1.530382
9,844,1.099642,1.649463,-1.570245
9,845,1.096648,1.644972,-1.566648
9,846,1.057700,1.586550,-1.507522
9,847,1.065164,1.597746,-1.518534
9,848,1.070754,1.606130,-1.526522
9,849,1.068114,1.602170,-1.522316
9,850,1.066272,1.599408,-1.519212
9,851,1.106645,1.659968,-1.580689
9,852,1.119092,1.678638,-1.599170
9,853,1.058353,1.587529,-1.507088
9,854,1.113341,1.670011,-1.589986
9,855,1.090834,1.636252,-1.556235
9,856,1.114765,1.672147,-1.592605
9,857,1.074860,1.612290,-1.532375
9,858,1.083663,1.625495,-1.546360
9,859,1.076376,1.614563,-1.535577
9,860,1.077724,1.616586,-1.538285
9,861,1.068543,1.602815,-1.524592
9,862,1.114239,1.671358,-1.593662
9,863,1.039096,1.558644,-1.483307
9,864,1.155447,1.733171,-1.656702
9,865,1.098216,1.647324,-1.570578
9,866,1.113529,1.670293,-1.594135
9,867,1.067940,1.601910,-1.525469
9,868,1.127131,1.690696,-1.615181
9,869,1.051076,1.576615,-1.500146
9,870,1.087568,1.631352,-1.556235
9,871,1.072913,1.609370,-1.533926
9,872,1.084723,1.627085,-1.550422
9,873,1.075528,1.613292,-1.536296
9,874,1.085801,1.628702,-1.552426
9,875,1.069290,1.603935,-1.527736
9,876,1.100894,1.651342,-1.575623
9,877,1.090665,1.635997,-1.559625
9,878,1.147748,1.721622,-1.644878
9,879,1.128152,1.692228,-1.616017
9,880,1.112553,1.668829,-1.592326
9,881,1.165583,1.748375,-1.672549
9,882,1.131134,1.696700,-1.621142
9,883,1.112369,1.668554,-1.591858
9,884,1.105372,1.658058,-1.581819
9,885,1.039798,1.559697,-1.483242
9,886,1.098606,1.647909,-1.571092
9,887,1.067590,1.601385,-1.524863
9,888,1.047326,1.570989,-1.494794
9,889,1.043156,1.564733,-1.488133
9,890,1.056959,1.585439,-1.508908
9,891,1.054725,1.582088,-1.505535
9,892,1.046485,1.569728,-1.493017
9,893,1.062830,1.594245,-1.517308
9,894,1.083370,1.625056,-1.548575
9,895,1.071826,1.607739,-1.531338
9,896,1.071085,1.606628,-1.530007
9,897,1.049936,1.574904,-1.498075
9,898,1.075841,1.613761,-1.537696
9,899,1.022800,1.534200,-1.457862
9,900,1.080793,1.621189,-1.544476
9,901,1.069017,1.603525,-1.528206
9,902,1.084161,1.626241,-1.549977
9,903,1.089636,1.634454,-1.557371
9,904,1.063809,1.595714,-1.519672
9,905,1.109675,1.664512,-1.589110
9,906,1.104781,1.657171,-1.580216
9,907,1.085794,1.628691,-1.551782
9,908,1.112560,1.668840,-1.592006
9,909,1.082046,1.623069,-1.545571
9,910,1.091251,1.636877,-1.560898
9,911,1.117454,1.676181,-1.600794
9,912,1.125255,1.687882,-1.612407
9,913,1.092648,1.638972,-1.562900
9,914,1.111610,1.667415,-1.591979
9,915,1.133743,1.700615,-1.625097
9,916,1.149989,1.724983,-1.649443
9,917,1.134745,1.702117,-1.626698
9,918,1.145817,1.718726,-1.643298
9,919,1.138479,1.707719,-1.633186
9,920,1.184314,1.776471,-1.702093
9,921,1.153058,1.729587,-1.656164
9,922,1.162845,1.744268,-1.671091
9,923,1.196212,1.794318,-1.721514
9,924,1.200801,1.801201,-1.728956
9,925,1.206963,1.810445,-1.738907
9,926,1.185122,1.777682,-1.706313
9,927,1.203791,1.805686,-1.733824
9,928,1.176954,1.765432,-1.694238
9,929,1.194822,1.792233,-1.720729
9,930,1.190709,1.786063,-1.715352
9,931,1.204806,1.807209,-1.737502
9,932,1.202571,1.803857,-1.733683
9,933,1.214492,1.821737,-1.751062
9,934,1.166308,1.749461,-1.678490
9,935,1.196900,1.795350,-1.724299
9,936,1.192579,1.788868,-1.716973
9,937,1.165405,1.748107,-1.677044
9,938,1.173699,1.760549,-1.689396
9,939,1.206764,1.810146,-1.739341
9,940,1.157492,1.736239,-1.664907
9,941,1.177960,1.766940,-1.696030
9,942,1.206632,1.809948,-1.738484
9,943,1.180968,1.771451,-1.699710
9,944,1.185088,1.777633,-1.706121
9,945,1.186510,1.779765,-1.708136
9,946,1.216215,1.824323,-1.754180
9,947,1.212204,1.818307,-1.747651
9,948,1.220956,1.831434,-1.760340
9,949,1.215897,1.823845,-1.753146
9,950,1.265617,1.898425,-1.828000
9,951,1.252314,1.878471,-1.808385
9,952,1.271388,1.907082,-1.837013
9,953,1.263469,1.895203,-1.824637
9,954,1.274523,1.911784,-1.841014
9,955,1.257296,1.885944,-1.814824
9,956,1.264864,1.897297,-1.827166
9,957,1.214744,1.822115,-1.752132
9,958,1.255836,1.883754,-1.812947
9,959,1.171937,1.757906,-1.686688
9,960,1.208277,1.812416,-1.742881
9,961,1.212902,1.819353,-1.750071
9,962,1.212960,1.819440,-1.751064
9,963,1.223556,1.835335,-1.766856
9,964,1.202245,1.803367,-1.734423
9,965,1.245929,1.868894,-1.799179
9,966,1.230523,1.845785,-1.776521
9,967,1.238428,1.857641,-1.789769
9,968,1.224387,1.836580,-1.768744
9,969,1.223724,1.835586,-1.767033
9,970,1.208601,1.812901,-1.742413
9,971,1.223775,1.835663,-1.766470
9,972,1.202019,1.803029,-1.733098
9,973,1.170102,1.755153,-1.685461
9,974,1.187491,1.781237,-1.710710
9,975,1.206059,1.809089,-1.738104
9,976,1.158739,1.738108,-1.666997
9,977,1.223934,1.835901,-1.764191
9,978,1.153076,1.729615,-1.657118
9,979,1.199485,1.799227,-1.727143
9,980,1.139038,1.708556,-1.635705
9,981,1.215815,1.823722,-1.750719
9,982,1.198314,1.797471,-1.725020
9,983,1.182987,1.774480,-1.702024
9,984,1.206583,1.809874,-1.737156
9,985,1.185180,1.777770,-1.706661
9,986,1.219825,1.829738,-1.757396
9,987,1.203233,1.804850,-1.731716
9,988,1.157818,1.736728,-1.661934
9,989,1.187989,1.781984,-1.708588
9,990,1.115941,1.673912,-1.598654
9,991,1.164587,1.746880,-1.672106
9,992,1.155582,1.733373,-1.658357
9,993,1.129116,1.693674,-1.618220
9,994,1.126646,1.689969,-1.614150
9,995,1.122871,1.684307,-1.607786
9,996,1.149699,1.724548,-1.648293
9,997,1.125742,1.688613,-1.612346
9,998,1.152074,1.728110,-1.652192
9,999,1.124351,1.686527,-1.610344
9,1000,1.065818,1.598727,-1.522902
10,1,1.002166,1.503249,-1.458213
10,2,1.013013,1.519520,-1.474461
10,3,1.008654,1.512981,-1.467654
10,4,0.988405,1.482607,-1.437612
10,5,1.004317,1.506476,-1.461601
10,6,1.030726,1.546090,-1.500544
10,7,1.024749,1.537124,-1.492162
10,8,1.054154,1.581231,-1.535754
10,9,1.082601,1.623902,-1.578934
10,10,1.077036,1.615554,-1.571206
10,11,1.074256,1.611383,-1.567515
10,12,1.104710,1.657065,-1.613875
10,13,1.131513,1.697270,-1.654956
10,14,1.113028,1.669542,-1.626231
10,15,1.112901,1.669351,-1.626900
10,16,1.166591,1.749886,-1.707044
10,17,1.146985,1.720477,-1.677795
10,18,1.165786,1.748678,-1.705974
10,19,1.185257,1.777885,-1.735672
10,20,1.165501,1.748251,-1.705937
10,21,1.203985,1.805978,-1.763575
10,22,1.178096,1.767144,-1.724836
10,23,1.140136,1.710204,-1.666820
10,24,1.148375,1.722563,-1.678769
10,25,1.119240,1.678860,-1.635798
10,26,1.129023,1.693535,-1.648952
10,27,1.125777,1.688666,-1.644051
10,28,1.149402,1.724103,-1.680197
10,29,1.143815,1.715723,-1.672936
10,30,1.121906,1.682859,-1.639085
10,31,1.143405,1.715108,-1.671594
10,32,1.131194,1.696790,-1.653780
10,33,1.122918,1.684376,-1.640194
10,34,1.080878,1.621317,-1.576365
10,35,1.090415,1.635622,-1.589854
10,36,1.076580,1.614869,-1.568717
10,37,1.114347,1.671520,-1.626555
10,38,1.112585,1.668877,-1.623086
10,39,1.090913,1.636369,-1.589736
10,40,1.117373,1.676059,-1.629790
10,41,1.078438,1.617657,-1.572071
10,42,1.060085,1.590128,-1.544783
10,43,1.072653,1.608979,-1.563454
10,44,1.074463,1.611694,-1.566754
10,45,1.095992,1.643988,-1.599148
10,46,1.073466,1.610199,-1.565611
10,47,1.092129,1.638193,-1.594145
10,48,1.076078,1.614117,-1.569526
10,49,1.145869,1.718803,-1.675154
10,50,1.100729,1.651094,-1.607621
10,51,1.115611,1.673416,-1.629721
10,52,1.124452,1.686678,-1.643263
10,53,1.110049,1.665073,-1.621517
10,54,1.103356,1.655034,-1.612044
10,55,1.104010,1.656015,-1.612732
10,56,1.115117,1.672676,-1.628933
10,57,1.098118,1.647176,-1.603457
10,58,1.101068,1.651603,-1.608091
10,59,1.116190,1.674286,-1.630499
10,60,1.078500,1.617750,-1.573391
10,61,1.145768,1.718653,-1.675105
10,62,1.128907,1.693360,-1.649092
10,63,1.150505,1.725758,-1.681390
10,64,1.135658,1.703486,-1.659458
10,65,1.163173,1.744760,-1.699841
10,66,1.152032,1.728048,-1.684282
10,67,1.100416,1.650624,-1.606938
10,68,1.163124,1.744686,-1.701133
10,69,1.127248,1.690872,-1.647380
10,70,1.117439,1.676158,-1.632996
10,71,1.120941,1.681411,-1.638330
10,72,1.106538,1.659807,-1.615594
10,73,1.148224,1.722336,-1.678310
10,74,1.144213,1.716319,-1.672117
10,75,1.125483,1.688224,-1.644519
10,76,1.137100,1.705651,-1.660789
10,77,1.136876,1.705313,-1.660600
10,78,1.135057,1.702585,-1.658065
10,79,1.071187,1.606780,-1.561812
10,80,1.102516,1.653774,-1.609196
10,81,1.095444,1.643165,-1.599250
10,82,1.052904,1.579356,-1.534089
10,83,1.082460,1.623690,-1.578984
10,84,1.094470,1.641705,-1.597511
10,85,1.060295,1.590443,-1.545853
10,86,1.027532,1.541298,-1.495873
10,87,1.068121,1.602181,-1.556618
10,88,1.030710,1.546065,-1.500163
10,89,1.061656,1.592484,-1.547037
10,90,1.030855,1.546282,-1.501404
10,91,1.058106,1.587159,-1.542262
10,92,1.032235,1.548353,-1.503554
10,93,1.097971,1.646956,-1.603450
10,94,1.095840,1.643759,-1.600539
10,95,1.105358,1.658036,-1.614812
10,96,1.147192,1.720788,-1.678722
10,97,1.131999,1.697999,-1.655978
10,98,1.123574,1.685361,-1.644058
10,99,1.144557,1.716835,-1.675584
10,100,1.135759,1.703639,-1.662809
10,101,1.115159,1.672739,-1.631561
10,102,1.115926,1.673888,-1.632977
10,103,1.149572,1.724359,-1.684651
10,104,1.130452,1.695678,-1.656592
10,105,1.156162,1.734243,-1.695573
10,106,1.099931,1.649897,-1.609353
10,107,1.147780,1.721670,-1.681531
10,108,1.110023,1.665035,-1.624127
10,109,1.117784,1.676675,-1.636426
10,110,1.131316,1.696974,-1.656635
10,111,1.124247,1.686371,-1.646200
10,112,1.121400,1.682099,-1.642672
10,113,1.137954,1.706931,-1.667288
10,114,1.139496,1.709244,-1.669528
10,115,1.168042,1.752063,-1.712793
10,116,1.136504,1.704755,-1.665781
10,117,1.179353,1.769030,-1.730477
10,118,1.186867,1.780300,-1.742107
10,119,1.208334,1.812501,-1.774072
10,120,1.207625,1.811437,-1.774173
10,121,1.185945,1.778918,-1.742114
10,122,1.188587,1.782881,-1.744872
10,123,1.195030,1.792545,-1.755571
10,124,1.179350,1.769025,-1.731013
10,125,1.193389,1.790084,-1.751507
10,126,1.216091,1.824136,-1.785317
10,127,1.185005,1.777508,-1.739024
10,128,1.212014,1.818021,-1.778951
10,129,1.214252,1.821377,-1.782762
10,130,1.180495,1.770743,-1.732265
10,131,1.117325,1.675988,-1.637334
10,132,1.094536,1.641804,-1.602961
10,133,1.172001,1.758001,-1.719101
10,134,1.117458,1.676188,-1.636443
10,135,1.099692,1.649539,-1.609285
10,136,1.115601,1.673401,-1.633469
10,137,1.150403,1.725604,-1.685271
10,138,1.103943,1.655914,-1.616004
10,139,1.127012,1.690518,-1.650885
10,140,1.181282,1.771924,-1.732417
10,141,1.154430,1.731644,-1.691353
10,142,1.139768,1.709652,-1.669236
10,143,1.146938,1.720407,-1.679596
10,144,1.121736,1.682605,-1.641276
10,145,1.125039,1.687558,-1.646000
10,146,1.104471,1.656707,-1.614476
10,147,1.092796,1.639194,-1.597797
10,148,1.103792,1.655688,-1.613087
10,149,1.087665,1.631497,-1.588896
10,150,1.102008,1.653012,-1.611365
10,151,1.119818,1.679727,-1.636905
10,152,1.107071,1.660606,-1.617182
10,153,1.094511,1.641767,-1.597852
10,154,1.087927,1.631891,-1.588478
10,155,1.117554,1.676331,-1.632894
10,156,1.104127,1.656191,-1.612729
10,157,1.108870,1.663305,-1.619291
10,158,1.074186,1.611278,-1.567166
10,159,1.056683,1.585024,-1.539765
10,160,1.072455,1.608682,-1.563895
10,161,1.088672,1.633009,-1.587804
10,162,1.086109,1.629164,-1.584145
10,163,1.069123,1.603684,-1.559298
10,164,1.077479,1.616219,-1.572207
10,165,1.068915,1.603373,-1.558815
10,166,1.076641,1.614961,-1.571075
10,167,1.090488,1.635733,-1.591715
10,168,1.110085,1.665128,-1.621237
10,169,1.052295,1.578443,-1.534862
10,170,1.125602,1.688403,-1.645748
10,171,1.081960,1.622940,-1.579107
10,172,1.112047,1.668070,-1.623448
10,173,1.114801,1.672202,-1.627463
10,174,1.095602,1.643404,-1.597938
10,175,1.077958,1.616937,-1.571562
10,176,1.118427,1.677640,-1.633592
10,177,1.098598,1.647897,-1.602906
10,178,1.070909,1.606363,-1.560910
10,179,1.083111,1.624667,-1.579273
10,180,1.073111,1.609667,-1.564673
10,181,1.119573,1.679360,-1.634061
10,182,1.100580,1.650870,-1.605319
10,183,1.085668,1.628501,-1.583378
10,184,1.147300,1.720950,-1.676815
10,185,1.117694,1.676541,-1.632725
10,186,1.144228,1.716342,-1.671733
10,187,1.138910,1.708365,-1.664506
10,188,1.151855,1.727783,-1.684293
10,189,1.119721,1.679582,-1.635365
10,190,1.126275,1.689413,-1.646374
10,191,1.111363,1.667044,-1.623336
10,192,1.071465,1.607197,-1.563730
10,193,1.123832,1.685749,-1.641931
10,194,1.123018,1.684528,-1.641033
10,195,1.118559,1.677838,-1.635120
10,196,1.088106,1.632158,-1.587719
10,197,1.123537,1.685306,-1.642884
10,198,1.130728,1.696092,-1.654607
10,199,1.163406,1.745109,-1.704051
10,200,1.102656,1.653984,-1.612689
10,201,1.138824,1.708235,-1.667259
10,202,1.147323,1.720984,-1.680930
10,203,1.116007,1.674011,-1.633751
10,204,1.170020,1.755030,-1.715556
10,205,1.169890,1.754835,-1.714585
10,206,1.183620,1.775430,-1.735402
10,207,1.202433,1.803649,-1.763790
10,208,1.148851,1.723277,-1.683815
10,209,1.211762,1.817643,-1.779233
10,210,1.176902,1.765353,-1.726642
10,211,1.153244,1.729866,-1.690821
10,212,1.166570,1.749856,-1.711535
10,213,1.133325,1.699988,-1.661875
10,214,1.125335,1.688002,-1.648878
10,215,1.136455,1.704683,-1.663905
10,216,1.112061,1.668092,-1.627529
10,217,1.119777,1.679665,-1.638224
10,218,1.094998,1.642497,-1.600833
10,219,1.125636,1.688454,-1.647601
10,220,1.126678,1.690018,-1.648590
10,221,1.124743,1.687115,-1.644387
10,222,1.124932,1.687397,-1.644892
10,223,1.107304,1.660955,-1.619263
10,224,1.156509,1.734764,-1.692225
10,225,1.074603,1.611905,-1.568079
10,226,1.110226,1.665339,-1.621665
10,227,1.121569,1.682353,-1.639310
10,228,1.107988,1.661982,-1.617922
10,229,1.117414,1.676121,-1.631723
10,230,1.083663,1.625495,-1.581500
10,231,1.112366,1.668549,-1.624651
10,232,1.110448,1.665672,-1.621475
10,233,1.091917,1.637876,-1.593445
10,234,1.111170,1.666754,-1.622907
10,235,1.091563,1.637344,-1.593372
10,236,1.112829,1.669244,-1.626202
10,237,1.123945,1.685918,-1.643296
10,238,1.125663,1.688494,-1.645420
10,239,1.129777,1.694665,-1.651526
10,240,1.102852,1.654278,-1.611168
10,241,1.089848,1.634773,-1.591204
10,242,1.131100,1.696650,-1.653151
10,243,1.126706,1.690060,-1.646432
10,244,1.088568,1.632852,-1.589258
10,245,1.158666,1.737999,-1.695295
10,246,1.108698,1.663047,-1.620197
10,247,1.142943,1.714414,-1.672188
10,248,1.154321,1.731481,-1.689411
10,249,1.169174,1.753760,-1.712006
10,250,1.111231,1.666847,-1.625436
10,251,1.125179,1.687768,-1.646531
10,252,1.090070,1.635105,-1.594850
10,253,1.134106,1.701159,-1.659641
10,254,1.072339,1.608508,-1.565844
10,255,1.040571,1.560857,-1.519098
10,256,1.110522,1.665783,-1.623103
10,257,1.109965,1.664947,-1.622798
10,258,1.074426,1.611639,-1.569362
10,259,1.093695,1.640542,-1.598927
10,260,1.107147,1.660721,-1.618426
10,261,1.039193,1.558790,-1.516896
10,262,1.085358,1.628037,-1.586613
10,263,1.118458,1.677686,-1.636284
10,264,1.129049,1.693574,-1.652166
10,265,1.118771,1.678156,-1.637975
10,266,1.204378,1.806567,-1.766333
10,267,1.162852,1.744278,-1.705473
10,268,1.151425,1.727138,-1.687206
10,269,1.161560,1.742340,-1.702441
10,270,1.156372,1.734558,-1.693911
10,271,1.153186,1.729779,-1.689611
10,272,1.145539,1.718309,-1.677040
10,273,1.157877,1.736815,-1.695481
10,274,1.131473,1.697210,-1.655984
10,275,1.139143,1.708714,-1.668476
10,276,1.138511,1.707767,-1.667659
10,277,1.175250,1.762876,-1.722341
10,278,1.156047,1.734070,-1.693361
10,279,1.176772,1.765158,-1.725246
10,280,1.163280,1.744919,-1.705538
10,281,1.189879,1.784818,-1.745451
10,282,1.139817,1.709726,-1.669878
10,283,1.138665,1.707998,-1.667707
10,284,1.146458,1.719687,-1.679736
10,285,1.132110,1.698165,-1.657585
10,286,1.114576,1.671864,-1.631282
10,287,1.103937,1.655906,-1.615429
10,288,1.081385,1.622078,-1.580521
10,289,1.097952,1.646928,-1.606258
10,290,1.098118,1.647178,-1.606797
10,291,1.122241,1.683361,-1.641598
10,292,1.132006,1.698009,-1.656065
10,293,1.123470,1.685205,-1.642670
10,294,1.116733,1.675099,-1.632512
10,295,1.102393,1.653589,-1.610259
10,296,1.137273,1.705909,-1.663213
10,297,1.157351,1.736026,-1.693468
10,298,1.146605,1.719908,-1.676808
10,299,1.116079,1.674119,-1.631023
10,300,1.140220,1.710330,-1.667175
10,301,1.142661,1.713991,-1.671638
10,302,1.117933,1.676900,-1.634389
10,303,1.090424,1.635636,-1.592859
10,304,1.152946,1.729418,-1.688689
10,305,1.126229,1.689343,-1.648179
10,306,1.136832,1.705248,-1.663793
10,307,1.158987,1.738481,-1.697406
10,308,1.167735,1.751602,-1.711833
10,309,1.175809,1.763713,-1.724064
10,310,1.202902,1.804353,-1.763949
10,311,1.143907,1.715860,-1.675079
10,312,1.137981,1.706972,-1.665507
10,313,1.094861,1.642291,-1.601147
10,314,1.124452,1.686678,-1.645564
10,315,1.070520,1.605779,-1.564204
10,316,1.054014,1.581022,-1.537695
10,317,1.069250,1.603875,-1.561006
10,318,1.067667,1.601500,-1.557716
10,319,1.066810,1.600215,-1.556439
10,320,1.054231,1.581347,-1.536892
10,321,1.065756,1.598635,-1.554052
10,322,1.055612,1.583418,-1.538269
10,323,1.055835,1.583752,-1.538419
10,324,1.059027,1.588541,-1.543098
10,325,1.057507,1.586261,-1.541736
10,326,1.054587,1.581880,-1.537188
10,327,1.049332,1.573998,-1.528955
10,328,1.067805,1.601707,-1.557058
10,329,1.055416,1.583123,-1.538633
10,330,1.078555,1.617832,-1.574504
10,331,1.054542,1.581814,-1.537104
10,332,1.041098,1.561648,-1.516575
10,333,1.061677,1.592515,-1.547622
10,334,1.074221,1.611332,-1.565985
10,335,1.024435,1.536653,-1.491471
10,336,1.081970,1.622955,-1.578991
10,337,1.101717,1.652575,-1.609074
10,338,1.121050,1.681575,-1.636799
10,339,1.105503,1.658255,-1.613616
10,340,1.035174,1.552761,-1.507550
10,341,1.108227,1.662341,-1.618557
10,342,1.087617,1.631426,-1.587357
10,343,1.036191,1.554287,-1.509641
10,344,1.105785,1.658678,-1.614758
10,345,1.085163,1.627745,-1.583155
10,346,1.090220,1.635331,-1.590857
10,347,1.075830,1.613745,-1.569513
10,348,1.127417,1.691125,-1.647146
10,349,1.106930,1.660394,-1.616280
10,350,1.101213,1.651820,-1.607452
10,351,1.155070,1.732604,-1.689841
10,352,1.117555,1.676333,-1.634240
10,353,1.150808,1.726212,-1.683222
10,354,1.109394,1.664092,-1.621542
10,355,1.115336,1.673003,-1.630066
10,356,1.104906,1.657359,-1.613743
10,357,1.121187,1.681780,-1.638570
10,358,1.105399,1.658099,-1.614835
10,359,1.079705,1.619558,-1.576153
10,360,1.079801,1.619702,-1.575320
10,361,1.091087,1.636630,-1.593111
10,362,1.095885,1.643828,-1.599913
10,363,1.098180,1.647270,-1.604627
10,364,1.091306,1.636960,-1.593333
10,365,1.049146,1.573719,-1.529545
10,366,1.082765,1.624147,-1.579710
10,367,1.111465,1.667197,-1.623303
10,368,1.077745,1.616618,-1.572991
10,369,1.113918,1.670877,-1.628306
10,370,1.132519,1.698779,-1.656938
10,371,1.116651,1.674977,-1.632336
10,372,1.112066,1.668099,-1.624875
10,373,1.114765,1.672147,-1.628361
10,374,1.111803,1.667704,-1.624490
10,375,1.135174,1.702761,-1.660000
10,376,1.102603,1.653905,-1.611115
10,377,1.160020,1.740030,-1.696918
10,378,1.164569,1.746853,-1.704407
10,379,1.092560,1.638840,-1.595060
10,380,1.093569,1.640353,-1.595643
10,381,1.152426,1.728640,-1.684451
10,382,1.125872,1.688808,-1.644892
10,383,1.133247,1.699871,-1.655691
10,384,1.090666,1.635999,-1.591768
10,385,1.070924,1.606387,-1.562619
10,386,1.054089,1.581133,-1.536085
10,387,1.072372,1.608558,-1.563741
10,388,1.090617,1.635925,-1.590820
10,389,1.089203,1.633804,-1.589324
10,390,1.041094,1.561641,-1.515320
10,391,1.064784,1.597176,-1.551198
10,392,1.050541,1.575812,-1.530468
10,393,1.051363,1.577045,-1.531877
10,394,1.076226,1.614340,-1.569675
10,395,1.059045,1.588567,-1.543434
10,396,1.054446,1.581669,-1.535763
10,397,1.042129,1.563193,-1.518610
10,398,1.063648,1.595471,-1.551058
10,399,1.097360,1.646040,-1.602331
10,400,1.087423,1.631135,-1.587766
10,401,1.084582,1.626873,-1.583417
10,402,1.133303,1.699955,-1.656830
10,403,1.110109,1.665163,-1.622010
10,404,1.082836,1.624254,-1.581833
10,405,1.055450,1.583176,-1.540108
10,406,1.102549,1.653824,-1.610738
10,407,1.082611,1.623916,-1.580909
10,408,1.119598,1.679397,-1.636918
10,409,1.098233,1.647349,-1.604801
10,410,1.123031,1.684546,-1.641791
10,411,1.163919,1.745878,-1.702852
10,412,1.133458,1.700187,-1.657400
10,413,1.119069,1.678604,-1.636582
10,414,1.139691,1.709537,-1.667951
10,415,1.128044,1.692065,-1.649736
10,416,1.095584,1.643375,-1.600258
10,417,1.132850,1.699275,-1.656798
10,418,1.082198,1.623296,-1.580161
10,419,1.117507,1.676260,-1.634551
10,420,1.099804,1.649706,-1.607806
10,421,1.110755,1.666132,-1.624710
10,422,1.132702,1.699053,-1.657037
10,423,1.072809,1.609214,-1.567189
10,424,1.067873,1.601809,-1.558937
10,425,1.134258,1.701386,-1.658740
10,426,1.116659,1.674989,-1.632674
10,427,1.155944,1.733917,-1.692200
10,428,1.138414,1.707621,-1.665604
10,429,1.153207,1.729811,-1.688790
10,430,1.166565,1.749847,-1.708929
10,431,1.165315,1.747973,-1.707011
10,432,1.134659,1.701988,-1.660472
10,433,1.128572,1.692858,-1.651653
10,434,1.152769,1.729153,-1.687459
10,435,1.126145,1.689217,-1.647658
10,436,1.137721,1.706582,-1.666124
10,437,1.126746,1.690119,-1.647786
10,438,1.144936,1.717404,-1.675057
10,439,1.104608,1.656913,-1.614524
10,440,1.116742,1.675114,-1.632315
10,441,1.123448,1.685172,-1.642445
10,442,1.093042,1.639563,-1.596020
10,443,1.093477,1.640216,-1.596771
10,444,1.078756,1.618134,-1.573753
10,445,1.082275,1.623412,-1.579021
10,446,1.084713,1.627070,-1.583482
10,447,1.078568,1.617852,-1.573207
10,448,1.083737,1.625606,-1.582545
10,449,1.095263,1.642894,-1.599899
10,450,1.100353,1.650530,-1.607820
10,451,1.085333,1.627999,-1.585551
10,452,1.102411,1.653617,-1.611786
10,453,1.115008,1.672513,-1.630606
10,454,1.097002,1.645503,-1.604377
10,455,1.119932,1.679899,-1.640020
10,456,1.144245,1.716368,-1.676065
10,457,1.135159,1.702739,-1.662622
10,458,1.146563,1.719844,-1.679721
10,459,1.129466,1.694200,-1.654993
10,460,1.152258,1.728387,-1.688898
10,461,1.161219,1.741828,-1.702027
10,462,1.181973,1.772959,-1.733269
10,463,1.175700,1.763550,-1.723384
10,464,1.175816,1.763725,-1.724049
10,465,1.174917,1.762376,-1.722265
10,466,1.191378,1.787067,-1.747047
10,467,1.147323,1.720984,-1.679572
10,468,1.176038,1.764056,-1.723830
10,469,1.169037,1.753556,-1.712373
10,470,1.149102,1.723652,-1.681820
10,471,1.174792,1.762188,-1.721347
10,472,1.180034,1.770051,-1.730181
10,473,1.130807,1.696211,-1.655694
10,474,1.136079,1.704119,-1.664913
10,475,1.119748,1.679622,-1.640857
10,476,1.138516,1.707774,-1.668530
10,477,1.133328,1.699991,-1.660578
10,478,1.147868,1.721802,-1.682914
10,479,1.144724,1.717085,-1.678075
10,480,1.189324,1.783986,-1.746034
10,481,1.182354,1.773531,-1.735144
10,482,1.203972,1.805958,-1.767476
10,483,1.210730,1.816094,-1.778893
10,484,1.186939,1.780408,-1.742004
10,485,1.221271,1.831906,-1.794630
10,486,1.236984,1.855476,-1.816977
10,487,1.177161,1.765742,-1.726346
10,488,1.189019,1.783529,-1.743887
10,489,1.193370,1.790055,-1.749782
10,490,1.189665,1.784498,-1.744360
10,491,1.117976,1.676964,-1.636231
10,492,1.146916,1.720374,-1.680075
10,493,1.127206,1.690809,-1.650083
10,494,1.138489,1.707734,-1.666039
10,495,1.121747,1.682621,-1.641619
10,496,1.141337,1.712005,-1.671308
10,497,1.108570,1.662855,-1.622426
10,498,1.135924,1.703886,-1.663217
10,499,1.166128,1.749192,-1.708987
10,500,1.154124,1.731186,-1.691161
10,501,1.187208,1.780812,-1.741764
10,502,1.156103,1.734154,-1.695653
10,503,1.204565,1.806847,-1.766909
10,504,1.220747,1.831121,-1.791991
10,505,1.152099,1.728149,-1.689782
10,506,1.262247,1.893371,-1.854605
10,507,1.226210,1.839314,-1.800120
10,508,1.209983,1.814975,-1.776420
10,509,1.204995,1.807492,-1.768726
10,510,1.228695,1.843043,-1.803912
10,511,1.219569,1.829354,-1.789777
10,512,1.204715,1.807073,-1.766681
10,513,1.175902,1.763853,-1.722036
10,514,1.154648,1.731973,-1.691067
10,515,1.162012,1.743019,-1.701042
10,516,1.153853,1.730780,-1.688352
10,517,1.146590,1.719886,-1.677472
10,518,1.142151,1.713226,-1.670630
10,519,1.153052,1.729578,-1.686294
10,520,1.121192,1.681788,-1.638733
10,521,1.120688,1.681032,-1.638197
10,522,1.138324,1.707486,-1.664392
10,523,1.117603,1.676405,-1.634012
10,524,1.116385,1.674578,-1.631442
10,525,1.121333,1.681999,-1.639264
10,526,1.125003,1.687504,-1.644690
10,527,1.126138,1.689207,-1.646097
10,528,1.076449,1.614673,-1.571561
10,529,1.096195,1.644293,-1.601285
10,530,1.122174,1.683261,-1.640857
10,531,1.100126,1.650189,-1.608471
10,532,1.096583,1.644874,-1.603578
10,533,1.122021,1.683032,-1.642024
10,534,1.116738,1.675107,-1.633274
10,535,1.099058,1.648587,-1.607370
10,536,1.164432,1.746648,-1.705965
10,537,1.096279,1.644418,-1.604112
10,538,1.144021,1.716032,-1.675970
10,539,1.106568,1.659852,-1.619536
10,540,1.135076,1.702615,-1.662052
10,541,1.149945,1.724918,-1.685971
10,542,1.168676,1.753015,-1.714433
10,543,1.162027,1.743041,-1.703904
10,544,1.159386,1.739079,-1.699961
10,545,1.176322,1.764483,-1.725955
10,546,1.186313,1.779469,-1.740079
10,547,1.153733,1.730600,-1.691071
10,548,1.176886,1.765329,-1.727101
10,549,1.182216,1.773324,-1.734801
10,550,1.180954,1.771431,-1.732427
10,551,1.177852,1.766778,-1.727397
10,552,1.172282,1.758423,-1.719089
10,553,1.155546,1.733318,-1.694843
10,554,1.207229,1.810844,-1.771515
10,555,1.175772,1.763658,-1.724174
10,556,1.148303,1.722455,-1.681039
10,557,1.180172,1.770258,-1.729588
10,558,1.132972,1.699458,-1.659507
10,559,1.163776,1.745663,-1.704635
10,560,1.169637,1.754456,-1.712743
10,561,1.122653,1.683979,-1.642689
10,562,1.129362,1.694043,-1.652759
10,563,1.165625,1.748437,-1.707737
10,564,1.148144,1.722216,-1.681039
10,565,1.114811,1.672217,-1.631752
10,566,1.135098,1.702647,-1.663251
10,567,1.171340,1.757011,-1.716194
10,568,1.155321,1.732982,-1.692022
10,569,1.141783,1.712675,-1.671273
10,570,1.172893,1.759339,-1.718840
10,571,1.132258,1.698387,-1.657054
10,572,1.183754,1.775631,-1.734079
10,573,1.189224,1.783837,-1.741853
10,574,1.150671,1.726007,-1.686245
10,575,1.182032,1.773049,-1.731837
10,576,1.163487,1.745231,-1.703719
10,577,1.160709,1.741063,-1.699397
10,578,1.151361,1.727042,-1.685589
10,579,1.161310,1.741966,-1.700449
10,580,1.124582,1.686872,-1.643468
10,581,1.152402,1.728604,-1.685198
10,582,1.132297,1.698445,-1.656217
10,583,1.146208,1.719312,-1.676420
10,584,1.120813,1.681220,-1.638176
10,585,1.151767,1.727650,-1.684491
10,586,1.109392,1.664088,-1.621407
10,587,1.173626,1.760439,-1.717656
10,588,1.132325,1.698488,-1.655073
10,589,1.163055,1.744583,-1.701030
10,590,1.122075,1.683113,-1.639423
10,591,1.101722,1.652584,-1.608900
10,592,1.141400,1.712100,-1.668967
10,593,1.133715,1.700572,-1.657232
10,594,1.145724,1.718586,-1.674987
10,595,1.118732,1.678098,-1.637146
10,596,1.181925,1.772888,-1.730982
10,597,1.161096,1.741645,-1.699468
10,598,1.180423,1.770634,-1.729820
10,599,1.176334,1.764501,-1.723915
10,600,1.165441,1.748161,-1.706953
10,601,1.115698,1.673547,-1.632102
10,602,1.155212,1.732818,-1.691698
10,603,1.158257,1.737386,-1.696741
10,604,1.138994,1.708491,-1.667342
10,605,1.151196,1.726794,-1.687000
10,606,1.167373,1.751059,-1.711666
10,607,1.138660,1.707990,-1.667186
10,608,1.164857,1.747285,-1.707018
10,609,1.176507,1.764761,-1.725130
10,610,1.199569,1.799353,-1.759271
10,611,1.166518,1.749777,-1.709264
10,612,1.182873,1.774309,-1.733774
10,613,1.159001,1.738501,-1.697021
10,614,1.133450,1.700175,-1.658500
10,615,1.114134,1.671201,-1.630058
10,616,1.152271,1.728407,-1.687316
10,617,1.098203,1.647304,-1.606331
10,618,1.163189,1.744784,-1.704101
10,619,1.132063,1.698094,-1.657215
10,620,1.160857,1.741285,-1.699101
10,621,1.170712,1.756068,-1.714630
10,622,1.144155,1.716232,-1.675144
10,623,1.156814,1.735221,-1.693823
10,624,1.141633,1.712449,-1.669475
10,625,1.120397,1.680596,-1.637276
10,626,1.113958,1.670937,-1.627800
10,627,1.091452,1.637178,-1.594166
10,628,1.150249,1.725374,-1.683795
10,629,1.117622,1.676433,-1.633173
10,630,1.089780,1.634670,-1.592254
10,631,1.142270,1.713405,-1.669918
10,632,1.118217,1.677325,-1.633972
10,633,1.109524,1.664285,-1.621557
10,634,1.128235,1.692353,-1.650073
10,635,1.125943,1.688915,-1.646773
10,636,1.121856,1.682785,-1.640235
10,637,1.100120,1.650180,-1.607674
10,638,1.097088,1.645632,-1.602807
10,639,1.131884,1.697827,-1.654509
10,640,1.078009,1.617013,-1.573589
10,641,1.147637,1.721455,-1.678498
10,642,1.134148,1.701222,-1.657285
10,643,1.139674,1.709511,-1.666238
10,644,1.132743,1.699115,-1.656065
10,645,1.114702,1.672054,-1.629693
10,646,1.113458,1.670187,-1.627147
10,647,1.113024,1.669536,-1.627265
10,648,1.111462,1.667193,-1.624037
10,649,1.144074,1.716112,-1.671757
10,650,1.126344,1.689516,-1.645241
10,651,1.130605,1.695907,-1.651906
10,652,1.136320,1.704480,-1.659355
10,653,1.105659,1.658489,-1.613300
10,654,1.104413,1.656619,-1.611795
10,655,1.062905,1.594357,-1.549568
10,656,1.062714,1.594071,-1.549274
10,657,1.091327,1.636990,-1.591918
10,658,1.073597,1.610396,-1.565181
10,659,1.096654,1.644981,-1.599131
10,660,1.077583,1.616375,-1.571240
10,661,1.058757,1.588135,-1.543703
10,662,1.099736,1.649604,-1.604486
10,663,1.063232,1.594847,-1.548933
10,664,1.069161,1.603742,-1.558042
10,665,1.056854,1.585282,-1.538954
10,666,1.033194,1.549791,-1.503164
10,667,1.048069,1.572103,-1.525590
10,668,1.039170,1.558755,-1.512489
10,669,1.035986,1.553978,-1.507294
10,670,1.041737,1.562605,-1.516332
10,671,1.060678,1.591017,-1.544759
10,672,1.043128,1.564692,-1.518458
10,673,1.044002,1.566002,-1.520055
10,674,1.048793,1.573190,-1.527639
10,675,1.073051,1.609577,-1.563310
10,676,1.007163,1.510745,-1.464720
10,677,1.081923,1.622884,-1.576920
10,678,1.032432,1.548648,-1.501851
10,679,1.032468,1.548702,-1.502646
10,680,1.057357,1.586036,-1.538729
10,681,1.036324,1.554486,-1.505990
10,682,1.072345,1.608518,-1.561737
10,683,1.038259,1.557388,-1.511435
10,684,1.026089,1.539134,-1.493621
10,685,1.007529,1.511293,-1.464999
10,686,1.020375,1.530562,-1.484332
10,687,1.022180,1.533271,-1.487008
10,688,1.006424,1.509636,-1.464167
10,689,1.021787,1.532681,-1.487762
10,690,1.088553,1.632829,-1.588159
10,691,1.074387,1.611581,-1.566331
10,692,1.105265,1.657898,-1.613351
10,693,1.096724,1.645086,-1.601158
10,694,1.080648,1.620971,-1.577246
10,695,1.140144,1.710216,-1.667201
10,696,1.122788,1.684181,-1.641216
10,697,1.093763,1.640645,-1.597342
10,698,1.090735,1.636102,-1.592601
10,699,1.097666,1.646499,-1.603780
10,700,1.086636,1.629954,-1.586561
10,701,1.113474,1.670211,-1.627391
10,702,1.107290,1.660936,-1.618454
10,703,1.101927,1.652891,-1.611248
10,704,1.083213,1.624819,-1.582415
10,705,1.116482,1.674723,-1.632428
10,706,1.046589,1.569883,-1.526771
10,707,1.092946,1.639419,-1.596756
10,708,1.104040,1.656061,-1.613195
10,709,1.088767,1.633151,-1.590851
10,710,1.096689,1.645033,-1.602585
10,711,1.070164,1.605245,-1.561516
10,712,1.114191,1.671286,-1.627616
10,713,1.095428,1.643143,-1.599544
10,714,1.090898,1.636346,-1.592168
10,715,1.072461,1.608692,-1.564976
10,716,1.126387,1.689580,-1.646199
10,717,1.097411,1.646117,-1.602817
10,718,1.101203,1.651805,-1.608358
10,719,1.090606,1.635909,-1.592617
10,720,1.090805,1.636207,-1.593065
10,721,1.098117,1.647175,-1.602937
10,722,1.129913,1.694870,-1.650703
10,723,1.140842,1.711262,-1.667509
10,724,1.149562,1.724343,-1.680696
10,725,1.157165,1.735748,-1.693062
10,726,1.162490,1.743735,-1.700753
10,727,1.120193,1.680290,-1.636972
10,728,1.136902,1.705353,-1.663545
10,729,1.102094,1.653141,-1.609704
10,730,1.105322,1.657983,-1.615327
10,731,1.130451,1.695677,-1.652496
10,732,1.112638,1.668956,-1.626374
10,733,1.074871,1.612306,-1.570083
10,734,1.123199,1.684799,-1.642471
10,735,1.081775,1.622662,-1.579310
10,736,1.150942,1.726413,-1.683890
10,737,1.134788,1.702182,-1.659609
10,738,1.133046,1.699570,-1.657622
10,739,1.107022,1.660534,-1.618814
10,740,1.102686,1.654029,-1.611931
10,741,1.155072,1.732607,-1.690140
10,742,1.096379,1.644569,-1.602131
10,743,1.068289,1.602434,-1.559119
10,744,1.148585,1.722877,-1.680481
10,745,1.114177,1.671265,-1.627778
10,746,1.093257,1.639886,-1.596496
10,747,1.129849,1.694773,-1.651448
10,748,1.123834,1.685751,-1.642933
10,749,1.109702,1.664553,-1.620259
10,750,1.113470,1.670205,-1.626656
10,751,1.120619,1.680928,-1.637699
10,752,1.098944,1.648416,-1.606428
10,753,1.071671,1.607506,-1.563453
10,754,1.113116,1.669674,-1.625471
10,755,1.097928,1.646892,-1.602856
10,756,1.070459,1.605689,-1.561245
10,757,1.057802,1.586703,-1.541833
10,758,1.057823,1.586734,-1.541908
10,759,1.045607,1.568411,-1.523237
10,760,1.051962,1.577943,-1.532907
10,761,1.051094,1.576641,-1.531008
10,762,1.095202,1.642803,-1.597220
10,763,1.074532,1.611798,-1.566771
10,764,1.090605,1.635907,-1.590908
10,765,1.052152,1.578228,-1.532081
10,766,1.046392,1.569588,-1.522895
10,767,1.119864,1.679797,-1.634340
10,768,1.086677,1.630015,-1.584898
10,769,1.118702,1.678053,-1.632977
10,770,1.111582,1.667373,-1.622988
10,771,1.162787,1.744180,-1.699332
10,772,1.127713,1.691569,-1.646796
10,773,1.151300,1.726950,-1.682064
10,774,1.179717,1.769576,-1.725516
10,775,1.192123,1.788185,-1.744203
10,776,1.131456,1.697185,-1.652422
10,777,1.138413,1.707619,-1.663199
10,778,1.153482,1.730223,-1.686132
10,779,1.118867,1.678300,-1.634813
10,780,1.129581,1.694372,-1.650313
10,781,1.123305,1.684958,-1.639942
10,782,1.161805,1.742708,-1.698340
10,783,1.134244,1.701366,-1.656627
10,784,1.114037,1.671056,-1.625923
10,785,1.136585,1.704877,-1.660259
10,786,1.095525,1.643287,-1.598420
10,787,1.112668,1.669002,-1.625216
10,788,1.101113,1.651670,-1.608102
10,789,1.094011,1.641017,-1.597794
10,790,1.098605,1.647907,-1.604398
10,791,1.121747,1.682621,-1.638857
10,792,1.115503,1.673255,-1.629481
10,793,1.139087,1.708630,-1.664289
10,794,1.181631,1.772447,-1.729094
10,795,1.138278,1.707417,-1.664749
10,796,1.170729,1.756094,-1.713284
10,797,1.152885,1.729327,-1.687049
10,798,1.146587,1.719880,-1.677086
10,799,1.144411,1.716617,-1.673317
10,800,1.175738,1.763607,-1.720509
10,801,1.169770,1.754655,-1.711160
10,802,1.182981,1.774472,-1.730007
10,803,1.215754,1.823631,-1.780591
10,804,1.200454,1.800682,-1.757254
10,805,1.180164,1.770245,-1.727601
10,806,1.198939,1.798408,-1.755713
10,807,1.167899,1.751849,-1.710190
10,808,1.180676,1.771013,-1.729868
10,809,1.150512,1.725768,-1.683629
10,810,1.185101,1.777652,-1.736678
10,811,1.182315,1.773472,-1.733190
10,812,1.144308,1.716461,-1.675966
10,813,1.146684,1.720027,-1.679259
10,814,1.126750,1.690125,-1.648372
10,815,1.100898,1.651347,-1.609819
10,816,1.104726,1.657089,-1.615699
10,817,1.062723,1.594084,-1.551910
10,818,1.058190,1.587286,-1.544601
10,819,1.043032,1.564547,-1.522299
10,820,1.091318,1.636978,-1.594379
10,821,1.112922,1.669382,-1.627147
10,822,1.094078,1.641117,-1.598319
10,823,1.115150,1.672725,-1.629457
10,824,1.105233,1.657849,-1.614823
10,825,1.124692,1.687038,-1.644898
10,826,1.117434,1.676150,-1.634071
10,827,1.127966,1.691950,-1.649429
10,828,1.107423,1.661134,-1.619378
10,829,1.147175,1.720763,-1.677622
10,830,1.149844,1.724765,-1.680753
10,831,1.131886,1.697829,-1.653616
10,832,1.182166,1.773250,-1.729616
10,833,1.161040,1.741560,-1.698581
10,834,1.127866,1.691799,-1.648249
10,835,1.114960,1.672440,-1.629575
10,836,1.126609,1.689913,-1.647048
10,837,1.139571,1.709357,-1.667132
10,838,1.104738,1.657107,-1.614130
10,839,1.107040,1.660560,-1.617366
10,840,1.054863,1.582294,-1.538659
10,841,1.089115,1.633673,-1.590771
10,842,1.108659,1.662989,-1.619510
10,843,1.089688,1.634532,-1.592151
10,844,1.092388,1.638583,-1.595830
10,845,1.072148,1.608222,-1.565707
10,846,1.116299,1.674449,-1.630806
10,847,1.107182,1.660773,-1.617276
10,848,1.145947,1.718921,-1.675176
10,849,1.134409,1.701613,-1.658843
10,850,1.173155,1.759732,-1.715906
10,851,1.133789,1.700683,-1.656866
10,852,1.171914,1.757871,-1.714873
10,853,1.181387,1.772081,-1.729324
10,854,1.121491,1.682236,-1.639330
10,855,1.126889,1.690333,-1.647102
10,856,1.092897,1.639346,-1.596938
10,857,1.096806,1.645210,-1.602826
10,858,1.090452,1.635677,-1.593828
10,859,1.061113,1.591670,-1.549244
10,860,1.085221,1.627831,-1.585420
10,861,1.092250,1.638374,-1.595715
10,862,1.112678,1.669017,-1.627321
10,863,1.109313,1.663969,-1.622615
10,864,1.116324,1.674486,-1.632755
10,865,1.119298,1.678947,-1.636712
10,866,1.153945,1.730917,-1.689333
10,867,1.114139,1.671208,-1.629306
10,868,1.134524,1.701786,-1.660983
10,869,1.145163,1.717745,-1.676756
10,870,1.177294,1.765941,-1.724391
10,871,1.170580,1.755870,-1.714493
10,872,1.105208,1.657811,-1.616982
10,873,1.202065,1.803097,-1.762724
10,874,1.126358,1.689538,-1.649490
10,875,1.168888,1.753332,-1.713442
10,876,1.187036,1.780554,-1.740130
10,877,1.154263,1.731394,-1.691368
10,878,1.216415,1.824623,-1.785200
10,879,1.194767,1.792151,-1.753159
10,880,1.242719,1.864078,-1.824850
10,881,1.216058,1.824086,-1.785545
10,882,1.189559,1.784338,-1.745391
10,883,1.227015,1.840523,-1.801324
10,884,1.189222,1.783833,-1.745068
10,885,1.179488,1.769233,-1.729994
10,886,1.188137,1.782205,-1.743683
10,887,1.170716,1.756074,-1.716560
10,888,1.164961,1.747441,-1.707589
10,889,1.154323,1.731484,-1.691335
10,890,1.133549,1.700323,-1.659102
10,891,1.191286,1.786928,-1.745810
10,892,1.181936,1.772904,-1.732453
10,893,1.162368,1.743552,-1.702414
10,894,1.143979,1.715969,-1.673495
10,895,1.126275,1.689413,-1.646404
10,896,1.126127,1.689190,-1.645625
10,897,1.121734,1.682602,-1.639373
10,898,1.106038,1.659057,-1.615276
10,899,1.125118,1.687676,-1.644113
10,900,1.086533,1.629799,-1.586076
10,901,1.133689,1.700534,-1.655973
10,902,1.093296,1.639944,-1.594780
10,903,1.083545,1.625318,-1.580318
10,904,1.102435,1.653652,-1.608764
10,905,1.083425,1.625138,-1.579970
10,906,1.100095,1.650142,-1.605546
10,907,1.084463,1.626695,-1.581308
10,908,1.099738,1.649607,-1.604758
10,909,1.094091,1.641137,-1.596120
10,910,1.101049,1.651574,-1.606110
10,911,1.066813,1.600219,-1.554398
10,912,1.096851,1.645277,-1.600423
10,913,1.130818,1.696227,-1.651050
10,914,1.121442,1.682164,-1.636988
10,915,1.120122,1.680183,-1.634695
10,916,1.123355,1.685033,-1.639359
10,917,1.158131,1.737196,-1.691372
10,918,1.131870,1.697804,-1.651709
10,919,1.132174,1.698260,-1.652386
10,920,1.138905,1.708358,-1.662772
10,921,1.139041,1.708562,-1.662965
10,922,1.130733,1.696099,-1.650675
10,923,1.117779,1.676668,-1.631663
10,924,1.080119,1.620178,-1.575447
10,925,1.126477,1.689715,-1.645051
10,926,1.076849,1.615274,-1.570836
10,927,1.121413,1.682120,-1.637838
10,928,1.102095,1.653142,-1.609089
10,929,1.126035,1.689053,-1.645495
10,930,1.073876,1.610814,-1.567999
10,931,1.102491,1.653737,-1.610548
10,932,1.092752,1.639128,-1.596297
10,933,1.096422,1.644632,-1.602079
10,934,1.069048,1.603572,-1.560869
10,935,1.104137,1.656206,-1.613226
10,936,1.078305,1.617457,-1.574486
10,937,1.126293,1.689439,-1.646753
10,938,1.102618,1.653928,-1.611344
10,939,1.100899,1.651348,-1.609091
10,940,1.148695,1.723043,-1.680812
10,941,1.159539,1.739308,-1.697817
10,942,1.115497,1.673245,-1.631581
10,943,1.131296,1.696944,-1.655783
10,944,1.099965,1.649948,-1.608698
10,945,1.144957,1.717435,-1.676726
10,946,1.105896,1.658844,-1.618405
10,947,1.132352,1.698528,-1.657468
10,948,1.083061,1.624592,-1.582591
10,949,1.101498,1.652247,-1.610285
10,950,1.111641,1.667462,-1.625999
10,951,1.048237,1.572356,-1.530337
10,952,1.094153,1.641230,-1.598685
10,953,1.118296,1.677445,-1.635644
10,954,1.113560,1.670340,-1.628469
10,955,1.151276,1.726914,-1.684897
10,956,1.144238,1.716357,-1.673475
10,957,1.143404,1.715106,-1.672420
10,958,1.141798,1.712696,-1.669322
10,959,1.133887,1.700831,-1.657116
10,960,1.106905,1.660357,-1.616702
10,961,1.086369,1.629553,-1.585902
10,962,1.087503,1.631254,-1.587644
10,963,1.101795,1.652693,-1.608211
10,964,1.153762,1.730643,-1.687173
10,965,1.121270,1.681905,-1.637683
10,966,1.136451,1.704676,-1.661536
10,967,1.174278,1.761417,-1.718051
10,968,1.148784,1.723176,-1.680115
10,969,1.169575,1.754362,-1.711606
10,970,1.183228,1.774843,-1.732589
10,971,1.160013,1.740020,-1.698268
10,972,1.187098,1.780648,-1.739714
10,973,1.163092,1.744638,-1.703256
10,974,1.176280,1.764420,-1.722992
10,975,1.164005,1.746007,-1.704556
10,976,1.159013,1.738519,-1.696334
10,977,1.156297,1.734445,-1.693302
10,978,1.167199,1.750799,-1.708825
10,979,1.165377,1.748066,-1.706536
10,980,1.112973,1.669459,-1.626729
10,981,1.112073,1.668109,-1.625038
10,982,1.105979,1.658969,-1.616766
10,983,1.093316,1.639974,-1.597195
10,984,1.104091,1.656137,-1.613360
10,985,1.103767,1.655650,-1.613063
10,986,1.178064,1.767097,-1.725179
10,987,1.142631,1.713946,-1.672069
10,988,1.145669,1.718503,-1.676619
10,989,1.156088,1.734132,-1.692312
10,990,1.157104,1.735656,-1.695486
10,991,1.147056,1.720584,-1.679603
10,992,1.157558,1.736336,-1.696644
10,993,1.184540,1.776810,-1.736748
10,994,1.188953,1.783430,-1.742710
10,995,1.169917,1.754875,-1.714001
10,996,1.183675,1.775512,-1.735249
10,997,1.155228,1.732841,-1.692442
10,998,1.198857,1.798285,-1.758372
10,999,1.194698,1.792046,-1.752650
10,1000,1.171676,1.757515,-1.718482
