realization,sample,temperature,kin_energy,pot_energy
1,1,2.013635,3.020452,1.153818
1,2,2.017136,3.025704,1.153281
1,3,1.994842,2.992263,1.198003
1,4,2.016451,3.024677,1.160403
1,5,1.962174,2.943262,1.259195
1,6,2.001670,3.002505,1.211678
1,7,2.009313,3.013970,1.175840
1,8,2.001857,3.002786,1.160740
1,9,1.975610,2.963414,1.221939
1,10,2.013844,3.020767,1.170275
1,11,1.967457,2.951186,1.253398
1,12,2.012835,3.019253,1.174980
1,13,1.963656,2.945484,1.280845
1,14,1.992706,2.989059,1.237293
1,15,2.024462,3.036693,1.178170
1,16,2.016038,3.024056,1.188580
1,17,2.026258,3.039388,1.157915
1,18,1.992439,2.988658,1.201419
1,19,1.999832,2.999748,1.190624
1,20,2.013674,3.020511,1.165008
1,21,2.018895,3.028343,1.166758
1,22,2.020896,3.031344,1.155266
1,23,1.989909,2.984863,1.225914
1,24,1.958819,2.938228,1.267234
1,25,2.005739,3.008608,1.192830
1,26,2.032079,3.048118,1.152201
1,27,2.011531,3.017297,1.144633
1,28,1.982099,2.973149,1.195868
1,29,2.023188,3.034782,1.162025
1,30,1.998882,2.998323,1.191728
1,31,1.962329,2.943494,1.270102
1,32,2.014650,3.021974,1.220586
1,33,1.993971,2.990956,1.210792
1,34,2.034160,3.051240,1.131870
1,35,1.984718,2.977077,1.220977
1,36,2.036495,3.054742,1.131369
1,37,1.985899,2.978849,1.218023
1,38,2.030608,3.045912,1.144422
1,39,2.015664,3.023496,1.164646
1,40,2.011929,3.017893,1.173127
1,41,1.982861,2.974292,1.237765
1,42,1.982049,2.973074,1.215317
1,43,2.016429,3.024644,1.164579
1,44,1.952445,2.928668,1.306154
1,45,2.021812,3.032718,1.206439
1,46,2.013858,3.020786,1.183016
1,47,2.008722,3.013083,1.165505
1,48,1.985029,2.977544,1.195235
1,49,1.978126,2.967189,1.235362
1,50,1.977499,2.966249,1.236352
1,51,2.004339,3.006509,1.190249
1,52,2.003263,3.004894,1.180246
1,53,2.023660,3.035490,1.157834
1,54,2.017336,3.026004,1.161857
1,55,2.014586,3.021879,1.162570
1,56,2.022997,3.034496,1.157784
1,57,1.996894,2.995341,1.181822
1,58,2.030184,3.045276,1.153004
1,59,2.010024,3.015037,1.183372
1,60,2.004729,3.007093,1.186841
1,61,1.962957,2.944435,1.251829
1,62,2.005488,3.008232,1.181429
1,63,1.995683,2.993524,1.197921
1,64,2.000764,3.001145,1.209060
1,65,1.993726,2.990588,1.222025
1,66,1.985606,2.978409,1.218575
1,67,2.032007,3.048010,1.168032
1,68,1.985126,2.977689,1.228436
1,69,1.987198,2.980797,1.220909
1,70,1.991951,2.987926,1.189135
1,71,2.001149,3.001724,1.180890
1,72,2.018039,3.027058,1.147936
1,73,2.000726,3.001088,1.176852
1,74,1.994722,2.992083,1.218068
1,75,2.023136,3.034704,1.164685
1,76,1.996871,2.995306,1.205946
1,77,1.980854,2.971282,1.234345
1,78,1.977756,2.966633,1.259236
1,79,2.002843,3.004264,1.238620
1,80,2.022347,3.033521,1.174765
1,81,1.985726,2.978589,1.237264
1,82,2.014521,3.021781,1.198711
1,83,2.014286,3.021428,1.207576
1,84,1.999849,2.999774,1.213610
1,85,2.016531,3.024796,1.202091
1,86,2.032261,3.048391,1.155813
1,87,1.996526,2.994789,1.197075
1,88,1.995429,2.993143,1.187334
1,89,2.023357,3.035035,1.175730
1,90,1.985660,2.978490,1.221315
1,91,2.006464,3.009696,1.186697
1,92,2.013878,3.020817,1.175096
1,93,1.975933,2.963899,1.256821
1,94,2.023710,3.035565,1.172074
1,95,1.980452,2.970678,1.233175
1,96,1.994399,2.991598,1.212349
1,97,2.011617,3.017425,1.184391
1,98,1.972670,2.959005,1.260906
1,99,2.031844,3.047766,1.156802
1,100,1.993500,2.990250,1.196341
1,101,2.018427,3.027641,1.174146
1,102,1.989792,2.984688,1.212621
1,103,2.017254,3.025881,1.150283
1,104,2.009336,3.014004,1.176364
1,105,1.989746,2.984619,1.235753
1,106,2.015409,3.023113,1.166623
1,107,2.023220,3.034830,1.172727
1,108,1.991331,2.986997,1.220302
1,109,2.024961,3.037442,1.157438
1,110,1.996655,2.994983,1.190636
1,111,1.958996,2.938494,1.268102
1,112,2.020639,3.030958,1.188580
1,113,2.004752,3.007128,1.190186
1,114,2.023830,3.035745,1.162880
1,115,1.993466,2.990198,1.202334
1,116,2.006398,3.009597,1.178426
1,117,2.009990,3.014986,1.183884
1,118,2.017469,3.026203,1.167645
1,119,2.012037,3.018056,1.173749
1,120,1.998800,2.998200,1.212527
1,121,2.009076,3.013615,1.183130
1,122,1.997083,2.995625,1.212673
1,123,2.019053,3.028580,1.168705
1,124,1.994914,2.992371,1.227261
1,125,1.999976,2.999965,1.209598
1,126,2.002606,3.003909,1.211251
1,127,2.021238,3.031857,1.176285
1,128,2.000456,3.000684,1.191065
1,129,2.002773,3.004159,1.209755
1,130,1.994827,2.992240,1.223800
1,131,1.997994,2.996991,1.230581
1,132,2.003307,3.004960,1.183532
1,133,2.012304,3.018455,1.181070
1,134,2.005098,3.007648,1.178349
1,135,2.012966,3.019449,1.185535
1,136,1.998866,2.998299,1.207003
1,137,2.000800,3.001200,1.192573
1,138,1.969743,2.954615,1.240300
1,139,2.009169,3.013753,1.167276
1,140,2.004637,3.006956,1.163832
1,141,1.975165,2.962747,1.227088
1,142,2.002503,3.003754,1.173088
1,143,2.011635,3.017453,1.177386
1,144,2.004051,3.006076,1.199316
1,145,2.026100,3.039150,1.167604
1,146,1.971544,2.957316,1.224930
1,147,1.987959,2.981939,1.239297
1,148,1.996061,2.994092,1.228544
1,149,2.019504,3.029257,1.183346
1,150,2.014501,3.021752,1.165806
1,151,1.968574,2.952861,1.237788
1,152,1.997542,2.996313,1.206891
1,153,2.020428,3.030642,1.168519
1,154,2.008779,3.013169,1.167455
1,155,1.998305,2.997458,1.176766
1,156,1.966703,2.950054,1.249062
1,157,2.010119,3.015179,1.178426
1,158,2.011003,3.016504,1.179987
1,159,2.026559,3.039838,1.150649
1,160,2.031775,3.047662,1.166968
1,161,2.018125,3.027188,1.152836
1,162,2.000856,3.001284,1.165703
1,163,2.008204,3.012306,1.165268
1,164,2.006611,3.009917,1.170791
1,165,1.991108,2.986663,1.214239
1,166,2.006648,3.009971,1.198577
1,167,1.965697,2.948545,1.271957
1,168,1.970848,2.956271,1.263774
1,169,2.009177,3.013766,1.180187
1,170,1.977345,2.966018,1.218894
1,171,2.008827,3.013240,1.167276
1,172,1.971973,2.957960,1.232161
1,173,1.976861,2.965292,1.257876
1,174,1.999228,2.998842,1.213859
1,175,1.979065,2.968598,1.234479
1,176,2.015837,3.023756,1.164109
1,177,2.001083,3.001625,1.213039
1,178,2.003937,3.005906,1.198143
1,179,2.004524,3.006786,1.189056
1,180,1.983845,2.975768,1.223462
1,181,2.031314,3.046972,1.158278
1,182,2.006568,3.009851,1.196354
1,183,2.003905,3.005858,1.222044
1,184,2.007267,3.010901,1.198833
1,185,2.008398,3.012598,1.193664
1,186,2.021968,3.032951,1.181453
1,187,1.985367,2.978050,1.235089
1,188,1.989384,2.984076,1.213248
1,189,2.003821,3.005731,1.183602
1,190,2.022103,3.033154,1.180417
1,191,1.990055,2.985082,1.248721
1,192,2.025981,3.038971,1.162410
1,193,1.948634,2.922951,1.314588
1,194,1.956082,2.934123,1.300230
1,195,2.031018,3.046528,1.175519
1,196,2.005332,3.007998,1.178564
1,197,1.994182,2.991272,1.206499
1,198,1.994582,2.991873,1.217477
1,199,2.021899,3.032848,1.175147
1,200,2.006735,3.010102,1.210989
1,201,1.985533,2.978300,1.219064
1,202,2.028883,3.043325,1.152620
1,203,2.013746,3.020619,1.154005
1,204,2.009873,3.014810,1.166556
1,205,2.005130,3.007695,1.183491
1,206,2.012918,3.019376,1.166227
1,207,2.003915,3.005872,1.188439
1,208,2.022884,3.034325,1.183653
1,209,2.007781,3.011672,1.173955
1,210,1.991837,2.987755,1.223011
1,211,2.024832,3.037248,1.177866
1,212,1.986913,2.980370,1.238256
1,213,2.014600,3.021901,1.179229
1,214,1.991613,2.987420,1.194117
1,215,1.990669,2.986003,1.215285
1,216,2.030931,3.046396,1.154459
1,217,2.002688,3.004032,1.178324
1,218,2.002538,3.003807,1.212092
1,219,1.984929,2.977394,1.236710
1,220,2.014502,3.021753,1.198201
1,221,2.014441,3.021662,1.197158
1,222,2.003410,3.005115,1.207630
1,223,2.017345,3.026017,1.158997
1,224,1.977186,2.965779,1.225503
1,225,2.007427,3.011140,1.198285
1,226,1.947749,2.921624,1.297886
1,227,2.010314,3.015470,1.201888
1,228,2.020838,3.031257,1.171591
1,229,2.014989,3.022484,1.170597
1,230,2.017588,3.026383,1.165233
1,231,1.998727,2.998091,1.191926
1,232,2.018064,3.027096,1.170772
1,233,1.999034,2.998551,1.209522
1,234,2.032136,3.048204,1.152828
1,235,2.016202,3.024303,1.161513
1,236,1.981033,2.971550,1.217686
1,237,2.005094,3.007641,1.209907
1,238,2.018711,3.028066,1.159581
1,239,2.020173,3.030260,1.140744
1,240,1.999010,2.998514,1.157338
1,241,1.995645,2.993468,1.166865
1,242,2.000880,3.001321,1.183306
1,243,1.994668,2.992002,1.218201
1,244,1.985889,2.978833,1.220700
1,245,2.015752,3.023627,1.181214
1,246,1.985765,2.978648,1.217672
1,247,2.004795,3.007193,1.185838
1,248,2.014495,3.021743,1.173664
1,249,2.005375,3.008062,1.174194
1,250,2.004677,3.007016,1.216583
1,251,2.013212,3.019818,1.188874
1,252,1.980160,2.970241,1.237097
1,253,2.010012,3.015017,1.164382
1,254,1.960217,2.940325,1.244854
1,255,1.983235,2.974852,1.210390
1,256,1.962648,2.943972,1.256130
1,257,2.038177,3.057266,1.140227
1,258,1.988936,2.983404,1.199588
1,259,1.996128,2.994192,1.215268
1,260,2.023714,3.035571,1.158268
1,261,1.994536,2.991804,1.190378
1,262,1.956239,2.934358,1.274789
1,263,2.008033,3.012050,1.217050
1,264,2.040210,3.060315,1.128237
1,265,1.969933,2.954899,1.221520
1,266,2.024390,3.036585,1.143559
1,267,1.998326,2.997488,1.190039
1,268,2.031180,3.046770,1.128926
1,269,1.997603,2.996404,1.174127
1,270,1.990202,2.985304,1.215250
1,271,2.003310,3.004965,1.171025
1,272,2.019780,3.029670,1.144097
1,273,1.995664,2.993496,1.181439
1,274,1.974628,2.961943,1.247904
1,275,2.026621,3.039932,1.157816
1,276,2.018320,3.027480,1.145840
1,277,1.998772,2.998158,1.190815
1,278,1.995303,2.992955,1.176142
1,279,1.996189,2.994283,1.197211
1,280,1.983978,2.975967,1.217159
1,281,1.998852,2.998278,1.197954
1,282,1.992474,2.988711,1.208386
1,283,1.990674,2.986011,1.221547
1,284,2.008073,3.012110,1.182681
1,285,1.996650,2.994974,1.207494
1,286,1.993286,2.989929,1.181477
1,287,2.011420,3.017131,1.170815
1,288,2.001562,3.002343,1.191169
1,289,1.953094,2.929641,1.286664
1,290,2.035621,3.053432,1.167268
1,291,2.005976,3.008963,1.202098
1,292,1.993561,2.990341,1.203779
1,293,1.993600,2.990400,1.187012
1,294,2.019146,3.028720,1.141587
1,295,1.977695,2.966542,1.234469
1,296,1.986571,2.979857,1.218798
1,297,2.024915,3.037373,1.174198
1,298,2.012708,3.019062,1.173842
1,299,2.010047,3.015070,1.166671
1,300,1.996799,2.995199,1.192390
1,301,1.996301,2.994452,1.197564
1,302,1.989171,2.983757,1.209553
1,303,1.996343,2.994514,1.199467
1,304,2.001505,3.002257,1.206550
1,305,2.000937,3.001405,1.201342
1,306,1.958012,2.937018,1.275490
1,307,2.015732,3.023598,1.188984
1,308,1.998935,2.998403,1.197713
1,309,2.012432,3.018648,1.182874
1,310,2.025966,3.038949,1.138913
1,311,1.982133,2.973200,1.238107
1,312,2.021871,3.032806,1.199025
1,313,2.030335,3.045502,1.142484
1,314,1.992304,2.988456,1.184602
1,315,2.021050,3.031575,1.152532
1,316,1.981823,2.972734,1.240136
1,317,2.005720,3.008580,1.191089
1,318,2.008023,3.012035,1.174429
1,319,2.000645,3.000967,1.194599
1,320,1.996401,2.994601,1.193396
1,321,2.024672,3.037008,1.165820
1,322,1.973432,2.960148,1.236252
1,323,2.028527,3.042791,1.135370
1,324,2.017184,3.025776,1.153408
1,325,1.973840,2.960760,1.220382
1,326,2.022354,3.033531,1.129884
1,327,1.961716,2.942573,1.241264
1,328,1.976937,2.965406,1.243634
1,329,2.010872,3.016308,1.188550
1,330,2.007095,3.010642,1.171271
1,331,2.000273,3.000410,1.188521
1,332,2.008580,3.012870,1.181425
1,333,2.003845,3.005767,1.195671
1,334,2.015947,3.023921,1.161711
1,335,2.001506,3.002259,1.161505
1,336,1.994889,2.992333,1.194295
1,337,2.027308,3.040962,1.149597
1,338,2.014950,3.022425,1.159306
1,339,2.025496,3.038245,1.144620
1,340,1.991871,2.987806,1.230053
1,341,2.010218,3.015327,1.174781
1,342,2.006851,3.010276,1.181081
1,343,2.002328,3.003491,1.176874
1,344,1.999463,2.999194,1.175279
1,345,2.010297,3.015445,1.156183
1,346,1.960760,2.941141,1.236013
1,347,2.006541,3.009811,1.184002
1,348,2.017917,3.026875,1.168663
1,349,1.957993,2.936990,1.278423
1,350,2.018607,3.027911,1.197790
1,351,1.945085,2.917628,1.313322
1,352,1.971890,2.957834,1.268326
1,353,2.009709,3.014563,1.196739
1,354,2.000797,3.001196,1.205839
1,355,2.003358,3.005037,1.187245
1,356,1.981787,2.972681,1.221511
1,357,2.005719,3.008579,1.174093
1,358,2.001505,3.002257,1.183626
1,359,1.965503,2.948255,1.258158
1,360,1.982789,2.974184,1.238363
1,361,2.006432,3.009648,1.170546
1,362,1.983199,2.974798,1.233794
1,363,2.004675,3.007012,1.192722
1,364,1.999891,2.999836,1.202653
1,365,2.004294,3.006441,1.193685
1,366,2.003890,3.005835,1.179390
1,367,2.038903,3.058355,1.137109
1,368,2.008869,3.013303,1.183355
1,369,1.995246,2.992869,1.193857
1,370,1.997748,2.996623,1.188420
1,371,1.993543,2.990314,1.224539
1,372,2.000899,3.001348,1.207709
1,373,2.010650,3.015976,1.190814
1,374,1.985772,2.978658,1.209253
1,375,1.994706,2.992059,1.216548
1,376,2.031863,3.047794,1.145866
1,377,1.983353,2.975029,1.218150
1,378,1.987154,2.980732,1.222860
1,379,2.029687,3.044531,1.155198
1,380,1.997987,2.996981,1.185887
1,381,1.977222,2.965834,1.230394
1,382,1.997347,2.996020,1.191539
1,383,2.011805,3.017708,1.181867
1,384,1.987604,2.981406,1.201550
1,385,1.992053,2.988080,1.209791
1,386,1.966435,2.949653,1.240415
1,387,2.018252,3.027379,1.193067
1,388,2.036177,3.054266,1.141195
1,389,1.906810,2.860214,1.363201
1,390,2.022067,3.033100,1.173084
1,391,2.010184,3.015276,1.163756
1,392,2.001053,3.001579,1.191708
1,393,1.982245,2.973368,1.232578
1,394,1.981259,2.971888,1.249366
1,395,2.024743,3.037115,1.157738
1,396,2.006700,3.010050,1.176829
1,397,1.979039,2.968559,1.214792
1,398,1.994974,2.992461,1.210676
1,399,2.013521,3.020281,1.166897
1,400,1.979990,2.969985,1.225791
1,401,2.007330,3.010995,1.178557
1,402,2.006132,3.009199,1.187036
1,403,2.010021,3.015031,1.188277
1,404,1.952195,2.928292,1.281090
1,405,1.990015,2.985022,1.237655
1,406,2.027933,3.041900,1.161510
1,407,2.015712,3.023568,1.192537
1,408,1.995203,2.992804,1.213266
1,409,1.985159,2.977738,1.248406
1,410,1.983502,2.975253,1.246697
1,411,2.023674,3.035511,1.186269
1,412,1.985884,2.978826,1.263192
1,413,1.995129,2.992693,1.246312
1,414,1.999973,2.999959,1.206427
1,415,1.986120,2.979180,1.224344
1,416,2.031679,3.047518,1.187599
1,417,2.034180,3.051270,1.141054
1,418,2.009828,3.014743,1.177334
1,419,1.997322,2.995982,1.183732
1,420,1.967456,2.951184,1.237201
1,421,1.950982,2.926473,1.277546
1,422,1.998849,2.998274,1.223087
1,423,2.002217,3.003326,1.219919
1,424,2.019971,3.029956,1.178127
1,425,1.976649,2.964973,1.242713
1,426,2.011579,3.017369,1.171586
1,427,2.017295,3.025943,1.179412
1,428,1.990552,2.985828,1.216245
1,429,1.990173,2.985260,1.218031
1,430,2.005665,3.008498,1.172502
1,431,1.984217,2.976325,1.210863
1,432,1.991673,2.987509,1.190025
1,433,2.010619,3.015928,1.165664
1,434,1.999212,2.998818,1.213691
1,435,2.009644,3.014466,1.176599
1,436,1.969348,2.954023,1.222787
1,437,2.021159,3.031739,1.167809
1,438,2.006584,3.009876,1.181499
1,439,2.003740,3.005610,1.186236
1,440,1.994621,2.991931,1.200351
1,441,1.995055,2.992582,1.183202
1,442,1.973293,2.959939,1.224778
1,443,1.972080,2.958120,1.229935
1,444,2.008650,3.012976,1.183223
1,445,1.998774,2.998162,1.171069
1,446,1.959000,2.938500,1.241814
1,447,1.963383,2.945075,1.260068
1,448,2.022665,3.033998,1.186209
1,449,2.002562,3.003843,1.200417
1,450,1.990510,2.985766,1.215448
1,451,1.984553,2.976829,1.220378
1,452,2.016878,3.025317,1.170179
1,453,1.978713,2.968070,1.219457
1,454,2.002926,3.004389,1.185196
1,455,1.996628,2.994942,1.208825
1,456,2.008969,3.013454,1.180503
1,457,1.988677,2.983015,1.218738
1,458,2.027898,3.041846,1.151568
1,459,2.014930,3.022395,1.187089
1,460,1.986518,2.979777,1.237098
1,461,1.991136,2.986705,1.206339
1,462,2.005002,3.007502,1.157775
1,463,2.014398,3.021598,1.142832
1,464,1.982806,2.974208,1.206292
1,465,2.009712,3.014569,1.177201
1,466,1.987209,2.980814,1.226951
1,467,1.950717,2.926076,1.312112
1,468,2.027827,3.041740,1.180708
1,469,1.972861,2.959291,1.253795
1,470,2.000779,3.001168,1.187821
1,471,2.020267,3.030401,1.179397
1,472,1.968688,2.953032,1.253652
1,473,2.012040,3.018060,1.178431
1,474,2.016633,3.024950,1.155600
1,475,1.985235,2.977852,1.232161
1,476,2.024166,3.036249,1.169930
1,477,1.988486,2.982729,1.231437
1,478,2.004659,3.006988,1.209135
1,479,2.014223,3.021334,1.181438
1,480,2.010280,3.015420,1.172364
1,481,2.003272,3.004908,1.182049
1,482,1.999652,2.999478,1.173532
1,483,2.011201,3.016801,1.164088
1,484,2.021173,3.031759,1.161640
1,485,2.009514,3.014271,1.187665
1,486,2.030820,3.046230,1.145291
1,487,1.993324,2.989985,1.199328
1,488,1.973955,2.960932,1.255124
1,489,1.996989,2.995483,1.213119
1,490,2.001289,3.001933,1.216527
1,491,1.986702,2.980053,1.238198
1,492,2.012559,3.018838,1.168296
1,493,1.985410,2.978115,1.218264
1,494,1.985010,2.977515,1.206833
1,495,1.964523,2.946785,1.245846
1,496,1.990308,2.985461,1.212347
1,497,1.993250,2.989876,1.197892
1,498,2.008428,3.012642,1.191298
1,499,2.016861,3.025291,1.159346
1,500,1.950659,2.925988,1.272992
1,501,2.009744,3.014616,1.157604
1,502,2.005181,3.007772,1.177727
1,503,2.006220,3.009330,1.174341
1,504,1.972482,2.958723,1.222856
1,505,1.988752,2.983128,1.212412
1,506,1.976079,2.964118,1.237553
1,507,2.016490,3.024734,1.187983
1,508,1.979397,2.969096,1.222155
1,509,2.019052,3.028578,1.191183
1,510,1.993218,2.989827,1.210595
1,511,1.989359,2.984039,1.217692
1,512,2.040598,3.060897,1.142000
1,513,1.986039,2.979058,1.219148
1,514,2.006961,3.010441,1.193796
1,515,2.029331,3.043997,1.167098
1,516,1.988831,2.983247,1.236887
1,517,1.991534,2.987301,1.224263
1,518,2.028383,3.042574,1.174023
1,519,1.992805,2.989208,1.203358
1,520,2.018716,3.028073,1.180990
1,521,1.986618,2.979927,1.212665
1,522,2.015547,3.023321,1.153519
1,523,1.981376,2.972065,1.206153
1,524,2.002647,3.003970,1.184631
1,525,1.989910,2.984865,1.209666
1,526,1.997682,2.996523,1.218508
1,527,1.977779,2.966668,1.246279
1,528,1.990376,2.985564,1.250197
1,529,2.007635,3.011453,1.222586
1,530,2.002075,3.003113,1.198430
1,531,2.006706,3.010059,1.183670
1,532,1.976691,2.965036,1.263845
1,533,2.017478,3.026218,1.188051
1,534,2.006193,3.009290,1.188003
1,535,2.028450,3.042675,1.141318
1,536,1.995542,2.993313,1.195403
1,537,2.007150,3.010725,1.169020
1,538,2.006344,3.009516,1.170824
1,539,2.003313,3.004970,1.146386
1,540,2.006319,3.009479,1.153494
1,541,1.998445,2.997668,1.200593
1,542,1.973734,2.960600,1.252192
1,543,2.004248,3.006372,1.180390
1,544,1.970922,2.956383,1.225136
1,545,2.011091,3.016636,1.155936
1,546,2.008258,3.012386,1.178390
1,547,1.948083,2.922124,1.299467
1,548,2.011015,3.016522,1.192205
1,549,2.021547,3.032321,1.188369
1,550,2.012018,3.018027,1.183855
1,551,2.022223,3.033334,1.155259
1,552,2.005831,3.008747,1.169098
1,553,2.011480,3.017221,1.169031
1,554,1.985934,2.978900,1.199749
1,555,2.018627,3.027941,1.136064
1,556,1.962127,2.943191,1.253210
1,557,2.005826,3.008739,1.235271
1,558,2.006347,3.009521,1.218186
1,559,1.999512,2.999268,1.218068
1,560,2.007961,3.011942,1.178391
1,561,1.976223,2.964335,1.243349
1,562,1.987713,2.981569,1.239889
1,563,1.990350,2.985525,1.235772
1,564,2.013073,3.019609,1.177874
1,565,1.993199,2.989798,1.217169
1,566,2.005186,3.007780,1.204061
1,567,1.964008,2.946012,1.260028
1,568,1.990531,2.985797,1.218501
1,569,2.027041,3.040562,1.154955
1,570,2.014933,3.022399,1.165920
1,571,2.011626,3.017439,1.170976
1,572,1.995765,2.993647,1.191621
1,573,2.006442,3.009663,1.203707
1,574,2.037395,3.056092,1.153393
1,575,2.001517,3.002275,1.202530
1,576,1.987342,2.981012,1.228500
1,577,2.006786,3.010179,1.195719
1,578,1.997072,2.995608,1.214236
1,579,2.002762,3.004143,1.180847
1,580,2.020465,3.030697,1.165597
1,581,1.978748,2.968122,1.238523
1,582,1.996823,2.995235,1.233083
1,583,2.005599,3.008399,1.207822
1,584,1.998783,2.998174,1.246084
1,585,2.031398,3.047097,1.155075
1,586,1.996511,2.994767,1.227483
1,587,2.013117,3.019675,1.178093
1,588,1.967553,2.951330,1.238552
1,589,1.996436,2.994655,1.199262
1,590,1.994028,2.991041,1.195353
1,591,1.989706,2.984559,1.241442
1,592,2.031116,3.046673,1.162730
1,593,2.003602,3.005403,1.200838
1,594,1.993901,2.990851,1.232936
1,595,2.011912,3.017868,1.175493
1,596,1.989538,2.984307,1.229757
1,597,2.020858,3.031287,1.177800
1,598,2.020851,3.031276,1.162159
1,599,1.960676,2.941015,1.252621
1,600,2.006394,3.009591,1.226887
1,601,2.020084,3.030126,1.174583
1,602,1.981536,2.972304,1.223814
1,603,1.971564,2.957345,1.234146
1,604,1.968215,2.952322,1.243588
1,605,1.998405,2.997607,1.200078
1,606,1.992144,2.988216,1.211761
1,607,1.981011,2.971516,1.236853
1,608,1.985687,2.978530,1.203231
1,609,1.983151,2.974726,1.224653
1,610,2.011083,3.016624,1.184319
1,611,2.030058,3.045087,1.183232
1,612,2.034617,3.051926,1.138469
1,613,1.977693,2.966540,1.256214
1,614,2.017006,3.025508,1.184397
1,615,2.021050,3.031575,1.177285
1,616,1.945196,2.917794,1.283814
1,617,1.962434,2.943651,1.311408
1,618,2.035755,3.053632,1.155464
1,619,2.023063,3.034594,1.159363
1,620,2.006071,3.009106,1.220384
1,621,2.001527,3.002290,1.201565
1,622,1.986575,2.979863,1.242060
1,623,2.013425,3.020138,1.187492
1,624,2.028799,3.043199,1.139265
1,625,1.972248,2.958372,1.225303
1,626,1.977099,2.965649,1.244850
1,627,1.993470,2.990206,1.214868
1,628,2.007408,3.011112,1.162541
1,629,2.014423,3.021634,1.177268
1,630,2.015352,3.023027,1.192216
1,631,2.005086,3.007628,1.229887
1,632,1.975723,2.963584,1.259433
1,633,2.002167,3.003251,1.223625
1,634,2.025199,3.037799,1.181123
1,635,2.007901,3.011852,1.171872
1,636,2.007043,3.010564,1.179523
1,637,2.003394,3.005091,1.168192
1,638,2.006033,3.009049,1.165518
1,639,2.017288,3.025932,1.154214
1,640,1.981207,2.971810,1.206273
1,641,1.994069,2.991104,1.209416
1,642,2.016986,3.025479,1.177110
1,643,2.004304,3.006456,1.178550
1,644,1.981798,2.972696,1.215522
1,645,2.014940,3.022410,1.178076
1,646,2.000249,3.000374,1.183939
1,647,2.005404,3.008106,1.168236
1,648,1.990471,2.985706,1.211513
1,649,2.017299,3.025949,1.183504
1,650,1.964170,2.946256,1.275907
1,651,2.010277,3.015416,1.174550
1,652,2.002219,3.003329,1.205100
1,653,2.004600,3.006900,1.185920
1,654,2.003650,3.005474,1.201914
1,655,2.006982,3.010473,1.184000
1,656,2.003668,3.005502,1.185036
1,657,1.975713,2.963570,1.244800
1,658,2.002365,3.003548,1.211800
1,659,2.023243,3.034865,1.166117
1,660,2.004946,3.007419,1.171491
1,661,1.986839,2.980259,1.225210
1,662,2.002086,3.003130,1.182499
1,663,1.969733,2.954599,1.253605
1,664,2.009372,3.014057,1.193709
1,665,1.977381,2.966071,1.226776
1,666,2.029518,3.044276,1.135893
1,667,2.017500,3.026250,1.147470
1,668,1.965691,2.948536,1.235701
1,669,2.021434,3.032152,1.156306
1,670,1.977565,2.966347,1.263195
1,671,2.040695,3.061042,1.155602
1,672,2.009551,3.014327,1.176416
1,673,1.926977,2.890465,1.322069
1,674,2.043951,3.065926,1.177389
1,675,1.982926,2.974390,1.250386
1,676,2.027853,3.041780,1.171822
1,677,2.013922,3.020883,1.185739
1,678,2.025656,3.038485,1.157493
1,679,2.009834,3.014751,1.174838
1,680,2.007353,3.011029,1.181420
1,681,1.972381,2.958572,1.212918
1,682,2.023098,3.034647,1.136934
1,683,1.983538,2.975307,1.192745
1,684,1.999660,2.999491,1.211241
1,685,1.986300,2.979450,1.220342
1,686,1.999052,2.998577,1.208240
1,687,1.991180,2.986770,1.211675
1,688,2.003966,3.005949,1.187283
1,689,1.989289,2.983933,1.196825
1,690,1.973043,2.959564,1.231070
1,691,1.997261,2.995891,1.195507
1,692,2.023299,3.034949,1.144102
1,693,1.992922,2.989383,1.193730
1,694,1.989920,2.984880,1.212219
1,695,2.012429,3.018643,1.192474
1,696,2.009809,3.014714,1.204272
1,697,2.015106,3.022659,1.187406
1,698,1.996464,2.994695,1.196475
1,699,1.997184,2.995776,1.192928
1,700,1.979066,2.968598,1.251729
1,701,2.021403,3.032105,1.170917
1,702,1.986107,2.979160,1.225324
1,703,2.007219,3.010829,1.205379
1,704,2.012432,3.018648,1.180596
1,705,2.035036,3.052554,1.133424
1,706,1.983167,2.974751,1.212928
1,707,2.013482,3.020223,1.166746
1,708,1.977774,2.966661,1.215473
1,709,1.970065,2.955098,1.254041
1,710,2.011466,3.017199,1.212107
1,711,2.001743,3.002614,1.177618
1,712,2.005881,3.008822,1.186610
1,713,1.983104,2.974656,1.200605
1,714,1.995434,2.993151,1.173859
1,715,1.986436,2.979653,1.207526
1,716,1.935841,2.903761,1.319382
1,717,2.032110,3.048165,1.168020
1,718,2.000553,3.000829,1.214248
1,719,2.026510,3.039765,1.140952
1,720,2.011821,3.017731,1.180531
1,721,2.008221,3.012331,1.181869
1,722,2.014137,3.021205,1.165352
1,723,1.985355,2.978033,1.204491
1,724,1.995405,2.993108,1.187464
1,725,2.015543,3.023315,1.160789
1,726,1.980380,2.970571,1.233600
1,727,2.018356,3.027533,1.170059
1,728,1.967016,2.950523,1.282092
1,729,2.019676,3.029514,1.185686
1,730,2.025109,3.037663,1.173007
1,731,2.009098,3.013646,1.187870
1,732,1.999683,2.999525,1.194175
1,733,1.970633,2.955950,1.244768
1,734,1.999583,2.999374,1.205967
1,735,2.000516,3.000773,1.227434
1,736,2.004959,3.007438,1.213975
1,737,1.986172,2.979258,1.253869
1,738,2.035938,3.053906,1.152955
1,739,2.020667,3.031000,1.157015
1,740,2.011151,3.016726,1.171839
1,741,1.984595,2.976892,1.209854
1,742,1.977580,2.966370,1.256636
1,743,1.997526,2.996289,1.228739
1,744,2.012742,3.019114,1.163624
1,745,1.993833,2.990750,1.211710
1,746,1.961283,2.941925,1.262602
1,747,1.999938,2.999907,1.199764
1,748,1.988133,2.982199,1.230924
1,749,2.010889,3.016333,1.228569
1,750,1.987544,2.981316,1.259761
1,751,2.052563,3.078844,1.146261
1,752,2.019690,3.029535,1.189067
1,753,2.023511,3.035266,1.175559
1,754,2.036481,3.054722,1.164309
1,755,1.999069,2.998603,1.197297
1,756,2.001872,3.002808,1.196908
1,757,1.996141,2.994211,1.198349
1,758,2.022633,3.033949,1.152983
1,759,1.991063,2.986595,1.214014
1,760,2.008284,3.012426,1.182164
1,761,1.948251,2.922376,1.276014
1,762,1.982125,2.973187,1.238470
1,763,1.971518,2.957277,1.268186
1,764,2.023642,3.035463,1.184271
1,765,1.986166,2.979249,1.240782
1,766,2.029009,3.043514,1.165487
1,767,1.993813,2.990720,1.195609
1,768,2.005244,3.007866,1.188582
1,769,1.970288,2.955433,1.254087
1,770,1.987946,2.981919,1.224213
1,771,1.991408,2.987112,1.198116
1,772,2.000168,3.000253,1.192623
1,773,2.019652,3.029479,1.163187
1,774,1.974834,2.962251,1.226886
1,775,2.020091,3.030136,1.160179
1,776,2.025260,3.037889,1.144082
1,777,1.984982,2.977473,1.209888
1,778,1.973409,2.960114,1.240425
1,779,1.970130,2.955196,1.253166
1,780,1.980413,2.970620,1.226990
1,781,1.991524,2.987286,1.225998
1,782,2.011209,3.016814,1.179148
1,783,1.997653,2.996480,1.208872
1,784,2.018765,3.028148,1.203433
1,785,2.013182,3.019774,1.170671
1,786,1.981094,2.971641,1.216733
1,787,1.996795,2.995192,1.206871
1,788,2.024267,3.036400,1.189774
1,789,2.032166,3.048250,1.131862
1,790,1.989271,2.983906,1.199644
1,791,2.001946,3.002919,1.202713
1,792,2.021935,3.032902,1.187563
1,793,1.986610,2.979915,1.230474
1,794,2.005488,3.008232,1.215903
1,795,2.003133,3.004699,1.228282
1,796,2.019873,3.029810,1.174355
1,797,2.028356,3.042534,1.138235
1,798,1.968176,2.952264,1.239566
1,799,2.000931,3.001397,1.192409
1,800,1.983740,2.975611,1.220316
1,801,1.982805,2.974208,1.198554
1,802,1.978702,2.968053,1.221069
1,803,2.021089,3.031634,1.155735
1,804,1.959909,2.939864,1.262691
1,805,2.012150,3.018225,1.171690
1,806,1.996591,2.994887,1.196148
1,807,2.006758,3.010138,1.164567
1,808,1.985766,2.978649,1.214886
1,809,2.013761,3.020642,1.166074
1,810,1.991503,2.987254,1.199461
1,811,1.993005,2.989508,1.229172
1,812,2.003280,3.004920,1.195646
1,813,2.023675,3.035512,1.140068
1,814,1.965897,2.948846,1.239197
1,815,2.013277,3.019915,1.185608
1,816,2.026230,3.039346,1.143208
1,817,1.951678,2.927518,1.284719
1,818,2.017212,3.025819,1.167505
1,819,2.026636,3.039954,1.142366
1,820,2.010703,3.016055,1.168258
1,821,2.017771,3.026657,1.183465
1,822,2.004159,3.006239,1.181155
1,823,2.007242,3.010863,1.208536
1,824,2.011513,3.017270,1.171498
1,825,2.030904,3.046356,1.140357
1,826,2.032287,3.048431,1.154961
1,827,1.985799,2.978698,1.202496
1,828,1.991550,2.987326,1.210461
1,829,2.001388,3.002082,1.208820
1,830,1.981688,2.972531,1.215055
1,831,1.968342,2.952513,1.286527
1,832,2.027682,3.041523,1.173118
1,833,2.022852,3.034278,1.160392
1,834,2.005388,3.008081,1.189474
1,835,1.972539,2.958809,1.248262
1,836,2.008334,3.012502,1.191592
1,837,1.985345,2.978017,1.215442
1,838,2.038810,3.058215,1.154702
1,839,1.973125,2.959688,1.255204
1,840,2.027171,3.040756,1.170754
1,841,2.017632,3.026448,1.187149
1,842,2.023260,3.034891,1.157443
1,843,1.995778,2.993666,1.179593
1,844,1.985661,2.978492,1.206091
1,845,2.017785,3.026677,1.156673
1,846,1.994071,2.991107,1.195973
1,847,2.009106,3.013659,1.188432
1,848,2.003533,3.005299,1.213948
1,849,2.005794,3.008691,1.212073
1,850,2.037777,3.056666,1.126824
1,851,1.969902,2.954853,1.224223
1,852,2.011244,3.016866,1.165042
1,853,1.983177,2.974765,1.216535
1,854,1.985773,2.978660,1.202582
1,855,2.029282,3.043923,1.146288
1,856,1.995315,2.992972,1.190735
1,857,1.988636,2.982954,1.237514
1,858,1.991219,2.986829,1.233444
1,859,1.999680,2.999519,1.195882
1,860,2.017616,3.026424,1.164202
1,861,2.004903,3.007354,1.193128
1,862,2.005098,3.007647,1.207294
1,863,2.009705,3.014557,1.191465
1,864,1.991761,2.987641,1.223036
1,865,1.979000,2.968500,1.248296
1,866,2.016717,3.025075,1.196555
1,867,2.010688,3.016032,1.207425
1,868,1.999572,2.999358,1.190244
1,869,1.980341,2.970512,1.228278
1,870,2.016971,3.025457,1.191174
1,871,1.999862,2.999794,1.211329
1,872,2.029898,3.044847,1.148065
1,873,1.926033,2.889049,1.319081
1,874,2.005672,3.008508,1.199673
1,875,2.009408,3.014111,1.162984
1,876,1.990392,2.985589,1.182087
1,877,2.007861,3.011791,1.171629
1,878,1.984857,2.977286,1.212784
1,879,1.987835,2.981753,1.234900
1,880,2.001629,3.002443,1.228052
1,881,2.018313,3.027469,1.163878
1,882,1.961562,2.942343,1.272995
1,883,1.995032,2.992548,1.226621
1,884,2.026375,3.039563,1.164941
1,885,2.018607,3.027910,1.185963
1,886,1.977130,2.965695,1.247798
1,887,2.021589,3.032384,1.179918
1,888,2.009538,3.014307,1.181064
1,889,1.976789,2.965183,1.237747
1,890,2.015466,3.023199,1.180123
1,891,1.975904,2.963856,1.243025
1,892,2.007724,3.011586,1.203600
1,893,2.026353,3.039529,1.151028
1,894,2.001553,3.002330,1.169361
1,895,1.998055,2.997082,1.197955
1,896,1.996135,2.994203,1.195802
1,897,2.000878,3.001317,1.206862
1,898,2.016143,3.024214,1.191617
1,899,1.999750,2.999625,1.212120
1,900,2.036701,3.055051,1.163081
1,901,2.019482,3.029223,1.159241
1,902,2.000577,3.000865,1.199718
1,903,2.019320,3.028981,1.156819
1,904,2.004366,3.006549,1.166798
1,905,1.963968,2.945953,1.239092
1,906,2.029284,3.043926,1.149797
1,907,1.990696,2.986044,1.183713
1,908,2.007688,3.011531,1.165650
1,909,2.003020,3.004529,1.179036
1,910,2.010356,3.015533,1.202317
1,911,2.001644,3.002466,1.184142
1,912,1.949431,2.924146,1.278591
1,913,2.019237,3.028855,1.197820
1,914,2.012063,3.018094,1.217259
1,915,2.022393,3.033590,1.203528
1,916,2.005396,3.008094,1.203414
1,917,1.983644,2.975466,1.242041
1,918,2.030404,3.045606,1.163903
1,919,2.026189,3.039284,1.166516
1,920,2.006060,3.009090,1.182295
1,921,1.961458,2.942188,1.256683
1,922,1.987458,2.981187,1.223331
1,923,2.017889,3.026834,1.162457
1,924,1.959365,2.939048,1.269255
1,925,2.003462,3.005192,1.197530
1,926,2.016536,3.024804,1.185843
1,927,1.974198,2.961298,1.242088
1,928,2.035935,3.053902,1.155859
1,929,2.003332,3.004998,1.218504
1,930,2.031880,3.047820,1.135016
1,931,2.002495,3.003743,1.208840
1,932,2.032478,3.048717,1.159371
1,933,1.985488,2.978232,1.247867
1,934,2.007430,3.011144,1.200924
1,935,1.979986,2.969979,1.253418
1,936,2.031053,3.046580,1.151639
1,937,2.009428,3.014141,1.159764
1,938,2.012200,3.018300,1.137707
1,939,1.998017,2.997025,1.163589
1,940,1.968181,2.952272,1.226298
1,941,2.051128,3.076692,1.133154
1,942,1.976142,2.964212,1.238178
1,943,1.988236,2.982355,1.207090
1,944,1.998140,2.997210,1.184329
1,945,1.992071,2.988106,1.243789
1,946,2.007863,3.011795,1.216714
1,947,2.016214,3.024322,1.184322
1,948,2.011703,3.017555,1.185376
1,949,2.016033,3.024049,1.169702
1,950,2.011819,3.017729,1.148887
1,951,1.992420,2.988631,1.192352
1,952,1.994003,2.991004,1.189925
1,953,1.987010,2.980515,1.197208
1,954,2.006941,3.010411,1.181073
1,955,2.021837,3.032756,1.192926
1,956,2.007899,3.011849,1.187972
1,957,2.016887,3.025331,1.145989
1,958,1.968150,2.952225,1.234022
1,959,2.028035,3.042053,1.139078
1,960,2.008445,3.012667,1.177466
1,961,1.989100,2.983650,1.199503
1,962,1.965643,2.948465,1.262461
1,963,2.004269,3.006404,1.202586
1,964,2.013807,3.020711,1.186591
1,965,2.016059,3.024088,1.146877
1,966,1.991619,2.987429,1.203574
1,967,1.998081,2.997122,1.187382
1,968,2.006852,3.010278,1.173916
1,969,2.015991,3.023986,1.148066
1,970,2.010053,3.015080,1.167620
1,971,1.976945,2.965418,1.232368
1,972,1.976090,2.964135,1.243256
1,973,2.015574,3.023360,1.176382
1,974,1.990860,2.986291,1.208331
1,975,1.998651,2.997977,1.205099
1,976,1.943219,2.914829,1.298645
1,977,2.030934,3.046402,1.171968
1,978,1.993281,2.989921,1.212281
1,979,1.972860,2.959290,1.234439
1,980,1.993397,2.990096,1.196991
1,981,2.004420,3.006630,1.185446
1,982,2.018379,3.027568,1.166055
1,983,2.001063,3.001595,1.217536
1,984,2.035107,3.052661,1.142566
1,985,1.999518,2.999277,1.191427
1,986,1.998236,2.997355,1.186185
1,987,2.001994,3.002991,1.199564
1,988,1.959919,2.939878,1.272702
1,989,1.991872,2.987807,1.227620
1,990,2.040131,3.060197,1.140907
1,991,2.002397,3.003596,1.213099
1,992,1.965976,2.948964,1.272616
1,993,2.017570,3.026356,1.194966
1,994,2.008442,3.012663,1.190517
1,995,1.995501,2.993251,1.210624
1,996,2.019861,3.029792,1.168475
1,997,1.985324,2.977987,1.215293
1,998,1.988331,2.982496,1.219781
1,999,1.950742,2.926112,1.279833
1,1000,2.011462,3.017193,1.200241
2,1,2.008569,3.012853,1.195388
2,2,2.016544,3.024816,1.184310
2,3,2.028569,3.042854,1.160300
2,4,1.982358,2.973537,1.243521
2,5,1.997080,2.995620,1.212989
2,6,2.016116,3.024174,1.194397
2,7,1.998297,2.997446,1.208046
2,8,1.982499,2.973748,1.224123
2,9,2.015848,3.023772,1.169800
2,10,1.991916,2.987874,1.198911
2,11,2.019275,3.028913,1.153680
2,12,2.009183,3.013774,1.175344
2,13,2.014448,3.021672,1.147972
2,14,2.013334,3.020001,1.177147
2,15,1.999599,2.999398,1.174089
2,16,1.971500,2.957250,1.215208
2,17,2.003516,3.005274,1.219268
2,18,2.041521,3.062282,1.147246
2,19,2.012364,3.018546,1.192644
2,20,1.993182,2.989773,1.202329
2,21,1.975155,2.962733,1.238524
2,22,1.994647,2.991970,1.206848
2,23,2.015466,3.023199,1.170684
2,24,2.015618,3.023426,1.158836
2,25,2.017109,3.025663,1.155904
2,26,1.968349,2.952524,1.226885
2,27,2.018587,3.027880,1.192359
2,28,1.997226,2.995840,1.206216
2,29,2.019570,3.029354,1.162176
2,30,1.995344,2.993016,1.212776
2,31,1.968518,2.952778,1.244619
2,32,1.989858,2.984786,1.213846
2,33,2.022264,3.033396,1.168462
2,34,1.996535,2.994803,1.211043
2,35,2.011448,3.017171,1.159118
2,36,1.975010,2.962515,1.225298
2,37,2.009605,3.014408,1.184942
2,38,1.999056,2.998584,1.197852
2,39,1.990747,2.986121,1.206988
2,40,2.046571,3.069856,1.146973
2,41,1.943571,2.915357,1.325290
2,42,2.026180,3.039270,1.195570
2,43,1.979531,2.969297,1.280711
2,44,1.970186,2.955280,1.281884
2,45,1.989697,2.984545,1.259586
2,46,2.017424,3.026137,1.193567
2,47,2.009022,3.013533,1.167550
2,48,1.982791,2.974186,1.194906
2,49,2.016193,3.024290,1.149724
2,50,1.989398,2.984097,1.215437
2,51,1.984528,2.976792,1.232889
2,52,2.014379,3.021569,1.185628
2,53,2.010316,3.015474,1.189088
2,54,2.011587,3.017381,1.195795
2,55,2.026677,3.040015,1.146911
2,56,1.998496,2.997743,1.190349
2,57,2.001185,3.001777,1.185090
2,58,2.019091,3.028636,1.171930
2,59,1.978582,2.967873,1.229080
2,60,2.004444,3.006666,1.179572
2,61,2.008003,3.012004,1.171657
2,62,1.998497,2.997745,1.186457
2,63,1.992283,2.988425,1.221336
2,64,2.021372,3.032058,1.164949
2,65,1.994678,2.992017,1.209198
2,66,1.978852,2.968278,1.230123
2,67,2.004349,3.006524,1.192124
2,68,2.023903,3.035854,1.157114
2,69,1.994194,2.991291,1.209327
2,70,1.998880,2.998321,1.231679
2,71,2.021597,3.032395,1.183408
2,72,2.017563,3.026344,1.206049
2,73,2.006243,3.009364,1.209620
2,74,2.023926,3.035889,1.149425
2,75,1.993476,2.990214,1.197969
2,76,2.002545,3.003818,1.189707
2,77,2.013100,3.019650,1.166711
2,78,2.008598,3.012897,1.192231
2,79,2.013250,3.019875,1.171700
2,80,1.973499,2.960249,1.261184
2,81,2.030287,3.045431,1.160479
2,82,2.008535,3.012803,1.175737
2,83,1.999136,2.998704,1.182912
2,84,1.990023,2.985034,1.207615
2,85,2.008094,3.012142,1.162248
2,86,1.990379,2.985569,1.186197
2,87,2.011160,3.016739,1.172393
2,88,1.985952,2.978928,1.208164
2,89,2.007557,3.011335,1.182460
2,90,1.996524,2.994786,1.192142
2,91,1.982138,2.973207,1.215613
2,92,1.997211,2.995816,1.199509
2,93,1.989567,2.984350,1.239728
2,94,1.979432,2.969149,1.214387
2,95,1.972549,2.958824,1.226621
2,96,1.989174,2.983761,1.199645
2,97,1.985706,2.978559,1.222543
2,98,2.009241,3.013861,1.172513
2,99,2.002300,3.003450,1.183089
2,100,1.994151,2.991227,1.195147
2,101,2.012675,3.019012,1.164309
2,102,1.965576,2.948364,1.227830
2,103,1.984779,2.977169,1.228222
2,104,2.019184,3.028777,1.184035
2,105,2.016810,3.025214,1.157120
2,106,2.021286,3.031929,1.144471
2,107,1.983538,2.975307,1.248314
2,108,1.996563,2.994844,1.208745
2,109,2.024991,3.037486,1.160699
2,110,2.002207,3.003311,1.209016
2,111,2.026482,3.039723,1.179764
2,112,2.007838,3.011758,1.212318
2,113,2.034364,3.051546,1.171814
2,114,1.995577,2.993365,1.201068
2,115,1.996052,2.994079,1.195423
2,116,2.002816,3.004225,1.173617
2,117,1.996122,2.994183,1.194301
2,118,1.993823,2.990735,1.188586
2,119,2.008134,3.012202,1.162742
2,120,1.999131,2.998696,1.193010
2,121,2.000969,3.001454,1.196025
2,122,1.984176,2.976265,1.225509
2,123,2.018476,3.027714,1.176975
2,124,2.028133,3.042199,1.165719
2,125,2.009672,3.014508,1.194324
2,126,1.957526,2.936289,1.265272
2,127,1.993358,2.990036,1.209739
2,128,1.991348,2.987022,1.260320
2,129,2.009407,3.014111,1.188610
2,130,1.993228,2.989842,1.189294
2,131,2.004845,3.007267,1.181757
2,132,2.000333,3.000499,1.194589
2,133,2.007703,3.011554,1.170595
2,134,1.973034,2.959551,1.252009
2,135,2.013531,3.020296,1.172521
2,136,2.019775,3.029662,1.175895
2,137,2.011756,3.017634,1.181060
2,138,2.013656,3.020485,1.177924
2,139,1.982274,2.973412,1.209987
2,140,2.020886,3.031329,1.157586
2,141,1.975568,2.963353,1.220814
2,142,2.022849,3.034274,1.159417
2,143,1.986992,2.980488,1.212819
2,144,1.995186,2.992779,1.214171
2,145,2.027751,3.041627,1.157140
2,146,2.002696,3.004043,1.172198
2,147,1.994252,2.991378,1.195152
2,148,2.022186,3.033278,1.161021
2,149,1.996025,2.994038,1.188557
2,150,1.993704,2.990556,1.216532
2,151,1.996782,2.995173,1.189816
2,152,2.008654,3.012982,1.184454
2,153,1.987088,2.980632,1.209625
2,154,2.010798,3.016197,1.173319
2,155,2.005570,3.008354,1.152859
2,156,2.010497,3.015745,1.131310
2,157,1.982267,2.973400,1.206226
2,158,1.973118,2.959677,1.246961
2,159,2.035515,3.053272,1.166081
2,160,1.990494,2.985741,1.218450
2,161,1.996141,2.994211,1.196414
2,162,1.979276,2.968914,1.250644
2,163,2.012824,3.019236,1.193197
2,164,2.017869,3.026803,1.199791
2,165,2.012993,3.019490,1.193066
2,166,1.977940,2.966909,1.246795
2,167,2.022234,3.033350,1.175374
2,168,1.995610,2.993415,1.220712
2,169,2.009253,3.013879,1.170369
2,170,2.010484,3.015726,1.149002
2,171,1.978500,2.967750,1.211481
2,172,2.000281,3.000421,1.196978
2,173,1.994302,2.991453,1.190155
2,174,1.993170,2.989755,1.217379
2,175,2.027530,3.041295,1.162997
2,176,2.012841,3.019262,1.180685
2,177,2.014892,3.022338,1.166860
2,178,2.000437,3.000656,1.192511
2,179,1.958007,2.937011,1.273163
2,180,2.021899,3.032849,1.160990
2,181,1.960391,2.940587,1.254223
2,182,2.025301,3.037951,1.151174
2,183,1.980612,2.970918,1.231343
2,184,2.016387,3.024581,1.196109
2,185,1.976435,2.964652,1.268763
2,186,2.037824,3.056736,1.149511
2,187,2.000408,3.000613,1.205805
2,188,2.028254,3.042381,1.167676
2,189,2.018628,3.027943,1.154277
2,190,1.987452,2.981178,1.212652
2,191,2.026226,3.039339,1.146895
2,192,1.996782,2.995173,1.182924
2,193,2.012623,3.018935,1.159721
2,194,2.013461,3.020192,1.195736
2,195,1.953831,2.930746,1.276058
2,196,2.005194,3.007791,1.223878
2,197,2.019977,3.029965,1.167140
2,198,2.024419,3.036628,1.135331
2,199,2.003541,3.005312,1.173258
2,200,2.011907,3.017860,1.177480
2,201,1.971915,2.957872,1.238764
2,202,2.004629,3.006943,1.226894
2,203,2.029276,3.043914,1.153790
2,204,2.017209,3.025813,1.135205
2,205,1.976116,2.964174,1.221174
2,206,1.975513,2.963270,1.236370
2,207,2.009792,3.014689,1.189125
2,208,2.014409,3.021613,1.189210
2,209,2.017259,3.025889,1.177138
2,210,1.997324,2.995986,1.195871
2,211,1.988561,2.982842,1.223923
2,212,1.966880,2.950319,1.235527
2,213,2.011634,3.017451,1.184143
2,214,1.974339,2.961509,1.245842
2,215,2.030141,3.045211,1.152554
2,216,2.006464,3.009696,1.158478
2,217,2.018385,3.027577,1.142034
2,218,1.981231,2.971846,1.234630
2,219,1.992312,2.988468,1.242642
2,220,2.034194,3.051291,1.151198
2,221,1.996709,2.995063,1.202436
2,222,2.021201,3.031801,1.156255
2,223,2.007809,3.011713,1.185582
2,224,1.994140,2.991210,1.196441
2,225,1.979867,2.969800,1.249885
2,226,2.026135,3.039203,1.162481
2,227,1.985936,2.978903,1.218918
2,228,2.012388,3.018583,1.147220
2,229,1.973347,2.960021,1.223180
2,230,2.017274,3.025911,1.147103
2,231,1.991131,2.986697,1.206928
2,232,2.025248,3.037872,1.164595
2,233,2.004896,3.007344,1.174852
2,234,2.005825,3.008738,1.175613
2,235,2.007409,3.011113,1.169115
2,236,1.997058,2.995587,1.184752
2,237,1.978000,2.966999,1.219072
2,238,2.007796,3.011695,1.156062
2,239,1.981682,2.972523,1.210823
2,240,2.021503,3.032255,1.153730
2,241,1.993539,2.990309,1.194281
2,242,1.993251,2.989877,1.197560
2,243,1.971181,2.956771,1.239994
2,244,2.005833,3.008750,1.171284
2,245,2.022377,3.033565,1.145084
2,246,2.004225,3.006337,1.178073
2,247,2.011474,3.017212,1.197712
2,248,2.001054,3.001581,1.197254
2,249,1.994679,2.992019,1.200442
2,250,1.962547,2.943820,1.263426
2,251,1.990155,2.985232,1.201994
2,252,2.005562,3.008342,1.211652
2,253,1.995520,2.993280,1.206437
2,254,2.030612,3.045918,1.143811
2,255,1.979857,2.969786,1.221331
2,256,2.006473,3.009710,1.180730
2,257,1.987370,2.981055,1.210045
2,258,2.024801,3.037202,1.131853
2,259,2.001351,3.002027,1.198330
2,260,2.002952,3.004427,1.188870
2,261,2.014711,3.022066,1.198362
2,262,2.012513,3.018769,1.196468
2,263,2.039013,3.058519,1.153265
2,264,1.981332,2.971998,1.262964
2,265,2.014492,3.021737,1.209410
2,266,1.998195,2.997293,1.227147
2,267,2.018197,3.027296,1.189275
2,268,2.027930,3.041896,1.165587
2,269,1.982824,2.974237,1.220038
2,270,1.963847,2.945770,1.258515
2,271,2.031952,3.047928,1.154829
2,272,1.956346,2.934519,1.275259
2,273,1.973144,2.959715,1.274024
2,274,1.977665,2.966498,1.257930
2,275,1.992834,2.989250,1.210598
2,276,1.999995,2.999992,1.181527
2,277,1.997109,2.995664,1.204104
2,278,2.028327,3.042491,1.158693
2,279,1.998343,2.997515,1.186907
2,280,1.998238,2.997357,1.200733
2,281,1.989255,2.983882,1.221567
2,282,2.019525,3.029288,1.168355
2,283,1.996875,2.995313,1.184033
2,284,2.013989,3.020983,1.144846
2,285,1.981770,2.972655,1.225882
2,286,2.008129,3.012194,1.179314
2,287,1.996651,2.994977,1.191752
2,288,1.990767,2.986150,1.198432
2,289,1.976693,2.965039,1.230760
2,290,2.015020,3.022531,1.177819
2,291,1.948083,2.922125,1.278024
2,292,2.003549,3.005323,1.197041
2,293,1.994763,2.992144,1.207562
2,294,1.987622,2.981434,1.206559
2,295,2.008565,3.012848,1.168524
2,296,1.995802,2.993703,1.212481
2,297,2.023172,3.034758,1.187288
2,298,1.992148,2.988222,1.243000
2,299,2.002641,3.003961,1.213098
2,300,1.987591,2.981387,1.224093
2,301,2.006927,3.010390,1.189050
2,302,1.988414,2.982621,1.210060
2,303,2.011232,3.016848,1.174782
2,304,2.015387,3.023080,1.152015
2,305,2.018002,3.027002,1.149227
2,306,1.994938,2.992406,1.190922
2,307,2.022556,3.033834,1.164022
2,308,2.009001,3.013501,1.182945
2,309,2.012866,3.019299,1.193487
2,310,2.022500,3.033750,1.155851
2,311,1.987480,2.981219,1.208431
2,312,1.993629,2.990443,1.207851
2,313,2.038198,3.057296,1.147483
2,314,2.004117,3.006176,1.167668
2,315,1.999621,2.999432,1.186769
2,316,1.970940,2.956410,1.241068
2,317,2.003692,3.005538,1.170134
2,318,1.995221,2.992832,1.200680
2,319,2.013170,3.019755,1.174820
2,320,2.018709,3.028064,1.161596
2,321,1.998725,2.998087,1.179481
2,322,1.975316,2.962974,1.245538
2,323,2.023681,3.035522,1.147608
2,324,1.971312,2.956968,1.222262
2,325,1.989506,2.984259,1.214933
2,326,2.008915,3.013373,1.170080
2,327,1.941508,2.912261,1.310708
2,328,1.996355,2.994532,1.216462
2,329,2.012041,3.018062,1.185554
2,330,2.032248,3.048372,1.127643
2,331,1.999874,2.999811,1.192201
2,332,2.022198,3.033297,1.183478
2,333,2.024809,3.037214,1.133979
2,334,1.981258,2.971887,1.199937
2,335,1.995975,2.993962,1.197010
2,336,1.975588,2.963381,1.230477
2,337,2.012333,3.018499,1.180889
2,338,2.012496,3.018745,1.173221
2,339,1.994733,2.992100,1.202017
2,340,1.998188,2.997282,1.222920
2,341,2.025779,3.038668,1.157052
2,342,2.012450,3.018675,1.182635
2,343,2.002570,3.003855,1.166136
2,344,1.976569,2.964854,1.218531
2,345,1.994070,2.991105,1.197761
2,346,1.995368,2.993051,1.204910
2,347,2.024187,3.036281,1.158204
2,348,2.010211,3.015317,1.168190
2,349,2.007040,3.010561,1.171886
2,350,1.990445,2.985667,1.191652
2,351,1.986504,2.979756,1.212213
2,352,2.020277,3.030415,1.184220
2,353,2.017776,3.026664,1.183848
2,354,1.998555,2.997832,1.195248
2,355,1.996702,2.995053,1.209065
2,356,1.998051,2.997076,1.184732
2,357,2.016761,3.025141,1.146032
2,358,1.991284,2.986926,1.205880
2,359,2.032736,3.049104,1.135813
2,360,1.994803,2.992205,1.196895
2,361,2.007850,3.011775,1.177484
2,362,2.009128,3.013692,1.172661
2,363,2.008416,3.012624,1.178461
2,364,1.988974,2.983461,1.208730
2,365,2.009931,3.014896,1.171436
2,366,2.003846,3.005769,1.194614
2,367,1.998145,2.997218,1.204396
2,368,1.984664,2.976996,1.210801
2,369,2.036155,3.054233,1.165197
2,370,2.034903,3.052354,1.149181
2,371,2.012209,3.018313,1.169766
2,372,2.013249,3.019874,1.182390
2,373,1.972667,2.959000,1.255711
2,374,2.042064,3.063096,1.140033
2,375,1.979874,2.969811,1.235641
2,376,2.004486,3.006729,1.200301
2,377,2.014796,3.022194,1.170016
2,378,1.983647,2.975471,1.223767
2,379,2.032652,3.048978,1.130983
2,380,1.982814,2.974222,1.217050
2,381,2.028435,3.042652,1.143952
2,382,1.998708,2.998062,1.192760
2,383,1.970524,2.955786,1.238085
2,384,2.023784,3.035676,1.162657
2,385,2.009836,3.014754,1.188465
2,386,2.008599,3.012899,1.193163
2,387,2.018990,3.028485,1.153324
2,388,1.989393,2.984089,1.212934
2,389,2.008332,3.012498,1.203811
2,390,2.019431,3.029146,1.172237
2,391,2.010571,3.015857,1.153533
2,392,2.020193,3.030289,1.155611
2,393,2.015694,3.023541,1.159589
2,394,2.013085,3.019627,1.160268
2,395,1.973661,2.960491,1.226291
2,396,2.010620,3.015930,1.201701
2,397,2.016492,3.024737,1.177194
2,398,1.999748,2.999622,1.184103
2,399,1.997564,2.996345,1.190062
2,400,2.004407,3.006610,1.192753
2,401,1.997970,2.996954,1.197413
2,402,2.010350,3.015525,1.164287
2,403,1.986910,2.980365,1.187183
2,404,2.008885,3.013328,1.180714
2,405,1.973170,2.959755,1.249732
2,406,1.990371,2.985556,1.223548
2,407,2.016017,3.024026,1.154725
2,408,1.999370,2.999056,1.201101
2,409,2.015188,3.022782,1.165419
2,410,1.984926,2.977390,1.206913
2,411,2.012301,3.018452,1.179943
2,412,2.007873,3.011809,1.197284
2,413,1.993261,2.989892,1.216605
2,414,1.993794,2.990692,1.211740
2,415,2.024943,3.037414,1.158904
2,416,2.017414,3.026121,1.188838
2,417,2.001154,3.001731,1.196011
2,418,2.015083,3.022624,1.186849
2,419,2.025344,3.038016,1.162165
2,420,1.999425,2.999138,1.198157
2,421,2.006220,3.009330,1.169070
2,422,1.999664,2.999496,1.185378
2,423,1.996885,2.995327,1.183753
2,424,2.020993,3.031489,1.141206
2,425,1.978551,2.967827,1.198515
2,426,1.999166,2.998749,1.181245
2,427,1.980671,2.971007,1.238374
2,428,1.990027,2.985040,1.238642
2,429,1.987307,2.980960,1.235443
2,430,2.005953,3.008929,1.188733
2,431,2.004525,3.006788,1.203332
2,432,1.983746,2.975618,1.222388
2,433,1.972272,2.958409,1.248110
2,434,2.009142,3.013713,1.204724
2,435,2.019128,3.028691,1.170711
2,436,1.997124,2.995686,1.207607
2,437,1.973684,2.960526,1.235468
2,438,2.004420,3.006630,1.177446
2,439,2.015101,3.022652,1.155741
2,440,1.989955,2.984932,1.210435
2,441,2.024215,3.036323,1.180097
2,442,1.979583,2.969374,1.229080
2,443,2.029460,3.044191,1.149461
2,444,2.009290,3.013935,1.182771
2,445,2.000447,3.000670,1.197064
2,446,1.995843,2.993764,1.198789
2,447,1.985211,2.977817,1.215842
2,448,1.986735,2.980103,1.223702
2,449,1.994331,2.991497,1.215226
2,450,2.001661,3.002491,1.185964
2,451,1.988682,2.983023,1.236726
2,452,1.988501,2.982751,1.216725
2,453,1.999667,2.999501,1.194403
2,454,2.019256,3.028884,1.182372
2,455,1.953745,2.930617,1.262760
2,456,2.005897,3.008846,1.196898
2,457,2.001444,3.002166,1.194923
2,458,2.005489,3.008234,1.190691
2,459,2.004922,3.007383,1.196341
2,460,2.021126,3.031689,1.167211
2,461,1.982764,2.974147,1.213044
2,462,1.972467,2.958700,1.228417
2,463,2.011339,3.017009,1.188584
2,464,2.004598,3.006897,1.190754
2,465,1.966043,2.949064,1.247320
2,466,1.989785,2.984678,1.193243
2,467,1.972697,2.959046,1.242600
2,468,1.999863,2.999795,1.205947
2,469,1.994274,2.991410,1.202172
2,470,2.013222,3.019834,1.170483
2,471,1.999217,2.998826,1.207715
2,472,2.015452,3.023177,1.184381
2,473,2.010007,3.015011,1.176010
2,474,1.976478,2.964718,1.238996
2,475,2.008554,3.012832,1.173800
2,476,2.020635,3.030952,1.148082
2,477,2.011288,3.016932,1.154781
2,478,1.981721,2.972581,1.210846
2,479,2.016885,3.025328,1.181066
2,480,2.019748,3.029621,1.155867
2,481,2.014438,3.021658,1.157793
2,482,2.001656,3.002483,1.194891
2,483,2.007753,3.011630,1.201494
2,484,2.012290,3.018434,1.183041
2,485,2.022520,3.033779,1.151903
2,486,2.002797,3.004195,1.195867
2,487,1.950065,2.925098,1.296281
2,488,1.998638,2.997956,1.189711
2,489,2.004836,3.007253,1.209017
2,490,2.021174,3.031761,1.194516
2,491,2.027160,3.040740,1.157865
2,492,2.024624,3.036936,1.137208
2,493,1.990286,2.985429,1.208627
2,494,2.020744,3.031117,1.191509
2,495,2.005892,3.008838,1.200129
2,496,2.015182,3.022773,1.195897
2,497,2.015439,3.023159,1.176075
2,498,1.994578,2.991867,1.204671
2,499,2.030329,3.045494,1.174052
2,500,1.969597,2.954395,1.265723
2,501,1.999947,2.999920,1.203940
2,502,2.003101,3.004651,1.193257
2,503,1.950692,2.926037,1.283220
2,504,2.038042,3.057063,1.139349
2,505,1.993647,2.990471,1.209617
2,506,1.997925,2.996888,1.219856
2,507,1.995218,2.992827,1.206478
2,508,2.016052,3.024078,1.169252
2,509,1.975524,2.963286,1.242564
2,510,1.979226,2.968839,1.230514
2,511,2.037333,3.056000,1.170359
2,512,2.035721,3.053582,1.139903
2,513,1.989861,2.984792,1.230824
2,514,2.020211,3.030316,1.167408
2,515,2.006767,3.010151,1.185964
2,516,2.001843,3.002764,1.204243
2,517,1.977246,2.965869,1.249519
2,518,2.016426,3.024639,1.188448
2,519,2.014129,3.021193,1.192910
2,520,1.989908,2.984863,1.229491
2,521,1.983934,2.975901,1.251779
2,522,2.012435,3.018653,1.186958
2,523,2.013647,3.020470,1.167905
2,524,1.975223,2.962835,1.221915
2,525,1.985332,2.977998,1.210778
2,526,2.024440,3.036660,1.154528
2,527,1.967637,2.951456,1.270392
2,528,2.013781,3.020671,1.171195
2,529,2.036546,3.054819,1.144187
2,530,1.997477,2.996215,1.183856
2,531,2.024840,3.037259,1.168973
2,532,2.029116,3.043674,1.144674
2,533,1.991250,2.986875,1.199964
2,534,2.005679,3.008519,1.168914
2,535,1.988228,2.982342,1.201515
2,536,1.963283,2.944925,1.259337
2,537,1.992590,2.988886,1.222485
2,538,1.999361,2.999042,1.185660
2,539,1.996889,2.995334,1.182547
2,540,1.966361,2.949542,1.269749
2,541,2.025261,3.037892,1.189045
2,542,1.970388,2.955581,1.260346
2,543,1.975276,2.962914,1.252094
2,544,2.010082,3.015124,1.213050
2,545,2.013656,3.020484,1.169582
2,546,1.965837,2.948756,1.248635
2,547,1.997355,2.996032,1.208580
2,548,2.009104,3.013655,1.182550
2,549,2.021531,3.032297,1.163886
2,550,1.967345,2.951018,1.258519
2,551,2.038418,3.057627,1.148055
2,552,1.983248,2.974872,1.208782
2,553,1.963687,2.945531,1.255587
2,554,2.017581,3.026371,1.179456
2,555,2.021005,3.031507,1.185957
2,556,2.015690,3.023535,1.161159
2,557,1.994949,2.992423,1.217400
2,558,1.997367,2.996051,1.202094
2,559,1.999260,2.998890,1.212075
2,560,1.999910,2.999865,1.215167
2,561,1.984498,2.976747,1.211995
2,562,1.968782,2.953172,1.239889
2,563,2.008731,3.013097,1.195201
2,564,2.024551,3.036827,1.172793
2,565,1.984218,2.976327,1.221925
2,566,2.011634,3.017450,1.188298
2,567,2.002807,3.004211,1.206245
2,568,1.994128,2.991192,1.208339
2,569,2.000780,3.001171,1.173960
2,570,1.988659,2.982988,1.204980
2,571,2.007008,3.010511,1.190981
2,572,1.977529,2.966294,1.232528
2,573,2.026800,3.040200,1.149182
2,574,1.996328,2.994492,1.188834
2,575,2.011713,3.017569,1.188931
2,576,2.004684,3.007026,1.190400
2,577,1.994563,2.991845,1.202365
2,578,1.966468,2.949702,1.272723
2,579,1.988740,2.983109,1.217276
2,580,1.998131,2.997196,1.210783
2,581,2.019458,3.029187,1.190444
2,582,2.028535,3.042803,1.158977
2,583,2.003539,3.005308,1.188647
2,584,2.001211,3.001816,1.177085
2,585,2.000830,3.001245,1.196456
2,586,1.990705,2.986057,1.216012
2,587,1.976142,2.964213,1.239852
2,588,1.989964,2.984946,1.205378
2,589,2.003113,3.004670,1.186474
2,590,2.012947,3.019420,1.171143
2,591,1.969598,2.954397,1.240548
2,592,2.012105,3.018158,1.195056
2,593,2.016806,3.025210,1.164326
2,594,2.016867,3.025300,1.172195
2,595,1.996469,2.994703,1.194262
2,596,2.012824,3.019235,1.168109
2,597,1.976470,2.964705,1.234691
2,598,2.020580,3.030871,1.175902
2,599,1.977576,2.966364,1.244365
2,600,1.982935,2.974403,1.227391
2,601,2.011293,3.016939,1.202027
2,602,2.023112,3.034668,1.152050
2,603,2.010998,3.016497,1.181001
2,604,2.001670,3.002505,1.194842
2,605,1.957755,2.936632,1.280306
2,606,1.986365,2.979547,1.239646
2,607,1.996353,2.994530,1.212728
2,608,2.009995,3.014992,1.193236
2,609,2.008259,3.012388,1.197406
2,610,2.010341,3.015511,1.183485
2,611,1.996645,2.994967,1.202353
2,612,1.980501,2.970752,1.233237
2,613,2.004847,3.007271,1.213548
2,614,1.971836,2.957754,1.259662
2,615,2.009828,3.014742,1.165937
2,616,2.014462,3.021693,1.150865
2,617,1.979241,2.968861,1.213596
2,618,1.988092,2.982138,1.218186
2,619,2.009369,3.014053,1.184589
2,620,2.021601,3.032401,1.176146
2,621,2.005319,3.007978,1.190222
2,622,1.998987,2.998480,1.217841
2,623,2.006712,3.010068,1.188692
2,624,1.995103,2.992655,1.218228
2,625,2.005318,3.007977,1.198500
2,626,2.024455,3.036683,1.167608
2,627,1.992938,2.989406,1.201264
2,628,2.019006,3.028510,1.156178
2,629,1.977270,2.965906,1.218053
2,630,1.997316,2.995974,1.170583
2,631,1.973486,2.960229,1.254507
2,632,2.024830,3.037246,1.152886
2,633,2.017504,3.026255,1.179030
2,634,2.024451,3.036676,1.146572
2,635,2.005549,3.008324,1.192231
2,636,2.003379,3.005069,1.188963
2,637,2.032937,3.049405,1.154785
2,638,2.035037,3.052555,1.142174
2,639,2.019946,3.029920,1.189814
2,640,2.014679,3.022019,1.194204
2,641,2.018471,3.027707,1.165008
2,642,1.972601,2.958902,1.245343
2,643,2.015023,3.022535,1.181836
2,644,2.000432,3.000648,1.190245
2,645,1.992627,2.988941,1.241662
2,646,2.024980,3.037470,1.183513
2,647,2.010806,3.016209,1.173498
2,648,2.005822,3.008733,1.201651
2,649,2.014124,3.021186,1.172557
2,650,2.006021,3.009031,1.159785
2,651,2.021180,3.031770,1.152569
2,652,1.999272,2.998908,1.169555
2,653,1.981737,2.972606,1.220920
2,654,2.006169,3.009253,1.161620
2,655,2.007337,3.011005,1.154517
2,656,1.992230,2.988345,1.176264
2,657,1.987232,2.980848,1.192799
2,658,2.015182,3.022772,1.206593
2,659,1.973531,2.960296,1.242453
2,660,2.008310,3.012466,1.189715
2,661,2.033849,3.050774,1.137994
2,662,1.994098,2.991148,1.206146
2,663,2.019181,3.028771,1.148162
2,664,2.025676,3.038515,1.150607
2,665,1.972640,2.958961,1.240188
2,666,2.028305,3.042458,1.143430
2,667,1.974794,2.962191,1.234440
2,668,2.021647,3.032470,1.177680
2,669,1.984300,2.976450,1.233368
2,670,2.023467,3.035201,1.131624
2,671,1.994715,2.992073,1.203496
2,672,2.007979,3.011968,1.163379
2,673,2.007828,3.011742,1.184455
2,674,1.974775,2.962162,1.233741
2,675,2.000689,3.001033,1.187236
2,676,1.975860,2.963789,1.232574
2,677,1.987046,2.980569,1.200426
2,678,1.993082,2.989623,1.183305
2,679,1.998665,2.997998,1.182024
2,680,1.977821,2.966731,1.224795
2,681,2.010820,3.016230,1.189880
2,682,2.016571,3.024856,1.170568
2,683,2.013862,3.020794,1.143313
2,684,2.005986,3.008980,1.172299
2,685,2.003225,3.004837,1.156430
2,686,1.996763,2.995144,1.180517
2,687,1.990241,2.985361,1.211220
2,688,1.991010,2.986514,1.231080
2,689,2.014023,3.021034,1.207521
2,690,2.008613,3.012919,1.214432
2,691,2.005718,3.008577,1.206389
2,692,2.002945,3.004418,1.201467
2,693,1.994369,2.991553,1.200716
2,694,1.991116,2.986674,1.232784
2,695,2.019670,3.029506,1.176448
2,696,2.006415,3.009622,1.182277
2,697,2.007680,3.011520,1.190010
2,698,2.009033,3.013550,1.160196
2,699,1.965341,2.948011,1.260872
2,700,2.024565,3.036847,1.181273
2,701,1.988241,2.982362,1.223426
2,702,1.996588,2.994882,1.208868
2,703,2.006399,3.009599,1.174068
2,704,1.931446,2.897169,1.323916
2,705,2.005229,3.007844,1.180879
2,706,1.961621,2.942432,1.283698
2,707,2.009972,3.014958,1.198818
2,708,2.015150,3.022725,1.196921
2,709,2.022343,3.033515,1.161233
2,710,2.002490,3.003736,1.183411
2,711,1.979594,2.969391,1.228690
2,712,2.029172,3.043759,1.185594
2,713,2.006307,3.009461,1.165186
2,714,2.013500,3.020250,1.152014
2,715,1.988931,2.983396,1.187293
2,716,1.971827,2.957740,1.220713
2,717,2.028072,3.042109,1.171227
2,718,2.002732,3.004098,1.205008
2,719,2.002992,3.004488,1.206283
2,720,1.975049,2.962573,1.257444
2,721,2.033297,3.049945,1.135715
2,722,2.022297,3.033446,1.139068
2,723,1.977777,2.966665,1.236862
2,724,2.020657,3.030986,1.173238
2,725,2.009665,3.014497,1.181028
2,726,1.978130,2.967195,1.215785
2,727,2.009277,3.013916,1.177544
2,728,2.001126,3.001689,1.167065
2,729,1.994891,2.992337,1.180999
2,730,2.022982,3.034473,1.155787
2,731,2.016773,3.025159,1.144635
2,732,1.987917,2.981875,1.201670
2,733,2.026475,3.039712,1.159043
2,734,1.927445,2.891168,1.319291
2,735,2.001091,3.001637,1.223954
2,736,2.007143,3.010714,1.204162
2,737,2.005460,3.008190,1.195640
2,738,1.983550,2.975325,1.238275
2,739,2.020852,3.031278,1.171306
2,740,2.013622,3.020434,1.185418
2,741,2.030384,3.045575,1.138826
2,742,2.017437,3.026155,1.164140
2,743,1.997682,2.996523,1.182300
2,744,1.986030,2.979045,1.224456
2,745,2.000432,3.000648,1.186992
2,746,2.016568,3.024852,1.155583
2,747,2.015218,3.022827,1.161449
2,748,1.985247,2.977870,1.223355
2,749,2.018696,3.028043,1.161646
2,750,2.034888,3.052333,1.150212
2,751,1.986593,2.979889,1.243451
2,752,2.007759,3.011639,1.203407
2,753,1.989365,2.984048,1.226906
2,754,1.999509,2.999263,1.201638
2,755,1.947236,2.920854,1.286243
2,756,1.971594,2.957391,1.267123
2,757,2.006638,3.009956,1.196320
2,758,1.968772,2.953158,1.270142
2,759,1.991279,2.986919,1.236946
2,760,2.038317,3.057476,1.159612
2,761,1.996977,2.995465,1.192498
2,762,2.000985,3.001477,1.190240
2,763,1.966739,2.950109,1.231621
2,764,1.958839,2.938259,1.240241
2,765,2.007243,3.010864,1.183696
2,766,2.007104,3.010656,1.165590
2,767,1.983379,2.975069,1.203660
2,768,2.013704,3.020556,1.157737
2,769,2.004620,3.006930,1.205823
2,770,2.028222,3.042333,1.142499
2,771,2.011941,3.017912,1.171272
2,772,2.015311,3.022967,1.162239
2,773,1.992908,2.989362,1.207070
2,774,2.010358,3.015537,1.189861
2,775,1.994042,2.991063,1.216923
2,776,1.966090,2.949135,1.270596
2,777,2.007404,3.011106,1.193868
2,778,2.019605,3.029408,1.182377
2,779,2.000951,3.001427,1.202022
2,780,1.967353,2.951029,1.264872
2,781,1.998204,2.997306,1.227376
2,782,2.008204,3.012306,1.207249
2,783,2.011095,3.016642,1.189992
2,784,2.015181,3.022771,1.190192
2,785,1.989956,2.984934,1.216187
2,786,2.010069,3.015104,1.192081
2,787,1.995611,2.993417,1.227154
2,788,2.016472,3.024707,1.176864
2,789,2.007091,3.010637,1.182130
2,790,2.011394,3.017092,1.190934
2,791,2.020909,3.031363,1.166913
2,792,1.974496,2.961744,1.228752
2,793,2.027016,3.040524,1.170328
2,794,2.024102,3.036153,1.190623
2,795,2.008195,3.012292,1.194021
2,796,2.016609,3.024913,1.176301
2,797,2.005567,3.008350,1.172702
2,798,1.983361,2.975042,1.200491
2,799,2.020702,3.031053,1.183377
2,800,2.022954,3.034431,1.203933
2,801,2.000211,3.000316,1.198373
2,802,2.000244,3.000367,1.219802
2,803,2.000746,3.001120,1.194087
2,804,2.009246,3.013869,1.174226
2,805,2.004580,3.006870,1.186433
2,806,2.014923,3.022385,1.172889
2,807,1.987131,2.980696,1.219322
2,808,2.018315,3.027472,1.168718
2,809,1.991351,2.987026,1.205195
2,810,1.927569,2.891353,1.330875
2,811,1.979665,2.969498,1.246790
2,812,2.020195,3.030293,1.182297
2,813,2.001092,3.001638,1.215656
2,814,1.988749,2.983124,1.224534
2,815,2.033515,3.050273,1.152917
2,816,2.035311,3.052967,1.142432
2,817,2.004114,3.006172,1.175090
2,818,2.005999,3.008999,1.203060
2,819,1.983835,2.975753,1.216033
2,820,1.992835,2.989252,1.215954
2,821,2.000122,3.000183,1.194183
2,822,1.987103,2.980655,1.211933
2,823,2.015638,3.023457,1.164492
2,824,1.980139,2.970209,1.219364
2,825,1.979320,2.968979,1.220994
2,826,2.003284,3.004925,1.170867
2,827,2.036032,3.054048,1.142445
2,828,1.982566,2.973850,1.224958
2,829,1.981580,2.972370,1.220819
2,830,2.005822,3.008733,1.168668
2,831,1.994199,2.991298,1.183497
2,832,1.990803,2.986204,1.203155
2,833,2.015412,3.023118,1.144565
2,834,2.001612,3.002418,1.157665
2,835,1.994484,2.991726,1.172600
2,836,1.987729,2.981594,1.204525
2,837,1.987397,2.981096,1.250805
2,838,2.012575,3.018863,1.176076
2,839,1.985010,2.977516,1.211557
2,840,1.987548,2.981322,1.225779
2,841,2.043090,3.064635,1.140131
2,842,1.995804,2.993706,1.218981
2,843,1.996012,2.994018,1.196236
2,844,1.979973,2.969960,1.241596
2,845,2.042300,3.063450,1.163811
2,846,2.023457,3.035185,1.183859
2,847,2.012730,3.019095,1.196213
2,848,2.034263,3.051395,1.154172
2,849,1.961241,2.941861,1.284353
2,850,2.027278,3.040917,1.188190
2,851,2.030166,3.045249,1.157658
2,852,1.999147,2.998721,1.204369
2,853,2.013228,3.019842,1.175944
2,854,1.996820,2.995229,1.195088
2,855,2.011475,3.017213,1.169302
2,856,2.008958,3.013438,1.156745
2,857,2.009767,3.014650,1.156495
2,858,1.980266,2.970399,1.238425
2,859,1.982903,2.974355,1.241774
2,860,2.010560,3.015840,1.195060
2,861,1.989457,2.984185,1.211246
2,862,2.047668,3.071502,1.130914
2,863,2.001268,3.001902,1.193061
2,864,1.975163,2.962745,1.218677
2,865,2.019908,3.029861,1.171766
2,866,2.013808,3.020712,1.179460
2,867,1.988166,2.982249,1.223634
2,868,1.995471,2.993207,1.220770
2,869,2.027551,3.041327,1.159515
2,870,1.978912,2.968368,1.218495
2,871,2.003853,3.005780,1.179685
2,872,1.982601,2.973902,1.232702
2,873,2.014773,3.022159,1.205119
2,874,2.026268,3.039401,1.157466
2,875,2.010389,3.015584,1.193535
2,876,2.006784,3.010175,1.182510
2,877,2.020391,3.030586,1.165889
2,878,1.981774,2.972661,1.227183
2,879,1.978556,2.967833,1.229834
2,880,2.008983,3.013475,1.194500
2,881,1.995965,2.993947,1.205293
2,882,2.018523,3.027785,1.175785
2,883,2.015794,3.023691,1.176991
2,884,2.005182,3.007773,1.187922
2,885,2.020925,3.031387,1.178852
2,886,1.995418,2.993127,1.208509
2,887,2.021248,3.031873,1.142657
2,888,2.012143,3.018215,1.193446
2,889,2.040283,3.060425,1.133198
2,890,1.990707,2.986060,1.211932
2,891,2.021240,3.031861,1.162527
2,892,1.974871,2.962307,1.241850
2,893,1.959507,2.939261,1.244679
2,894,2.009419,3.014128,1.169651
2,895,2.006587,3.009880,1.168296
2,896,2.006436,3.009654,1.167545
2,897,1.982558,2.973836,1.234260
2,898,1.962883,2.944325,1.245637
2,899,2.038931,3.058396,1.124906
2,900,1.991651,2.987476,1.205924
2,901,1.969083,2.953625,1.276344
2,902,2.022016,3.033025,1.152036
2,903,2.018358,3.027537,1.173317
2,904,1.994782,2.992174,1.188110
2,905,2.015689,3.023533,1.157204
2,906,1.992221,2.988331,1.201320
2,907,2.015885,3.023827,1.155077
2,908,2.000364,3.000547,1.173554
2,909,2.030851,3.046277,1.147775
2,910,2.003917,3.005875,1.196507
2,911,2.014833,3.022250,1.162398
2,912,1.999777,2.999665,1.218818
2,913,1.967639,2.951458,1.253029
2,914,2.000653,3.000979,1.199429
2,915,1.997187,2.995781,1.187451
2,916,2.015955,3.023932,1.153483
2,917,2.009142,3.013712,1.165563
2,918,1.985632,2.978448,1.196906
2,919,1.977038,2.965557,1.242155
2,920,2.011428,3.017142,1.193557
2,921,2.019928,3.029892,1.157121
2,922,1.968292,2.952438,1.229420
2,923,1.996559,2.994838,1.222861
2,924,2.016697,3.025045,1.177844
2,925,2.016459,3.024688,1.164391
2,926,2.000835,3.001252,1.181419
2,927,1.982943,2.974414,1.197193
2,928,2.003895,3.005842,1.189484
2,929,2.006975,3.010462,1.177131
2,930,2.032067,3.048101,1.148491
2,931,1.984925,2.977388,1.209401
2,932,1.992735,2.989103,1.184920
2,933,1.987825,2.981738,1.224570
2,934,2.020992,3.031488,1.159360
2,935,1.998366,2.997549,1.191881
2,936,1.984176,2.976264,1.214442
2,937,2.016785,3.025177,1.193411
2,938,2.010055,3.015082,1.178939
2,939,2.005265,3.007898,1.159587
2,940,2.001383,3.002075,1.168259
2,941,1.993891,2.990836,1.177879
2,942,1.960899,2.941349,1.226265
2,943,1.995530,2.993295,1.212711
2,944,2.004612,3.006918,1.189683
2,945,1.990492,2.985738,1.233773
2,946,2.014354,3.021531,1.180050
2,947,1.993601,2.990401,1.212438
2,948,2.031136,3.046704,1.149375
2,949,2.027834,3.041752,1.154306
2,950,1.958483,2.937725,1.280901
2,951,2.018344,3.027516,1.181446
2,952,2.020211,3.030316,1.154837
2,953,1.999325,2.998987,1.182958
2,954,2.014908,3.022362,1.175793
2,955,2.021020,3.031530,1.164057
2,956,1.990858,2.986286,1.208504
2,957,2.013001,3.019501,1.164574
2,958,2.019606,3.029408,1.158874
2,959,1.987205,2.980807,1.244017
2,960,1.973247,2.959871,1.257896
2,961,1.964194,2.946290,1.283701
2,962,2.003105,3.004658,1.206472
2,963,1.979116,2.968674,1.239982
2,964,2.026462,3.039693,1.181599
2,965,1.981300,2.971949,1.222075
2,966,2.010992,3.016488,1.184777
2,967,2.001778,3.002668,1.175028
2,968,2.005609,3.008414,1.198617
2,969,1.947451,2.921176,1.323769
2,970,2.024129,3.036193,1.176633
2,971,2.001477,3.002216,1.189766
2,972,1.982773,2.974160,1.229407
2,973,1.984901,2.977351,1.237553
2,974,1.985911,2.978867,1.221340
2,975,1.998406,2.997608,1.230582
2,976,2.011170,3.016756,1.169651
2,977,1.965466,2.948199,1.245027
2,978,2.015145,3.022718,1.169022
2,979,2.002333,3.003500,1.198744
2,980,1.995044,2.992566,1.207184
2,981,2.035235,3.052852,1.147149
2,982,2.001834,3.002751,1.179871
2,983,1.967041,2.950562,1.252488
2,984,1.951960,2.927939,1.282945
2,985,2.033062,3.049592,1.172507
2,986,1.997020,2.995530,1.201825
2,987,2.024160,3.036241,1.143923
2,988,2.016941,3.025411,1.168471
2,989,1.992007,2.988011,1.186729
2,990,1.939182,2.908773,1.286344
2,991,2.006094,3.009141,1.193923
2,992,2.010640,3.015960,1.192563
2,993,1.973492,2.960238,1.268457
2,994,2.041609,3.062414,1.194377
2,995,2.017436,3.026155,1.174411
2,996,2.005823,3.008735,1.209096
2,997,2.030669,3.046004,1.148311
2,998,2.000933,3.001400,1.192247
2,999,1.962194,2.943291,1.280346
2,1000,1.969524,2.954287,1.260680
3,1,1.997781,2.996671,1.203780
3,2,2.029579,3.044368,1.158913
3,3,2.010834,3.016251,1.185543
3,4,1.975504,2.963256,1.260109
3,5,1.950349,2.925523,1.300220
3,6,2.017157,3.025735,1.171402
3,7,1.987200,2.980800,1.245877
3,8,2.014652,3.021979,1.175991
3,9,2.006327,3.009490,1.161345
3,10,1.989333,2.983999,1.223125
3,11,1.992836,2.989254,1.231932
3,12,1.999363,2.999045,1.196890
3,13,2.009564,3.014346,1.188372
3,14,1.989478,2.984217,1.211283
3,15,2.009533,3.014299,1.186182
3,16,1.997860,2.996790,1.209646
3,17,2.011354,3.017031,1.174957
3,18,1.982124,2.973185,1.216454
3,19,2.004725,3.007088,1.171665
3,20,1.970201,2.955301,1.235534
3,21,2.010419,3.015628,1.198390
3,22,1.978444,2.967667,1.235507
3,23,2.036438,3.054657,1.139864
3,24,2.009064,3.013595,1.171078
3,25,2.013516,3.020274,1.175942
3,26,1.970140,2.955210,1.222435
3,27,2.024245,3.036368,1.134925
3,28,1.974372,2.961558,1.227983
3,29,1.992998,2.989498,1.207572
3,30,1.994978,2.992467,1.216430
3,31,2.000087,3.000131,1.182964
3,32,2.006489,3.009734,1.173206
3,33,2.025490,3.038235,1.136747
3,34,1.994704,2.992055,1.192700
3,35,2.015433,3.023150,1.168260
3,36,1.988427,2.982640,1.197623
3,37,2.010010,3.015016,1.169550
3,38,1.996599,2.994899,1.191326
3,39,1.989299,2.983948,1.220393
3,40,2.025977,3.038966,1.200112
3,41,2.006850,3.010275,1.209427
3,42,2.018533,3.027800,1.166594
3,43,2.018679,3.028018,1.158084
3,44,1.986637,2.979956,1.199072
3,45,1.997387,2.996080,1.192964
3,46,2.004360,3.006541,1.170807
3,47,1.975122,2.962683,1.214094
3,48,1.979879,2.969818,1.210106
3,49,1.994251,2.991376,1.188419
3,50,1.979249,2.968874,1.208266
3,51,2.002974,3.004461,1.185376
3,52,2.019153,3.028730,1.147501
3,53,2.001299,3.001948,1.198429
3,54,2.023295,3.034942,1.147314
3,55,1.999375,2.999062,1.188282
3,56,1.987369,2.981054,1.232916
3,57,2.008066,3.012099,1.185883
3,58,1.983184,2.974776,1.216471
3,59,1.991559,2.987339,1.197977
3,60,1.984381,2.976571,1.245651
3,61,2.009322,3.013983,1.185278
3,62,1.961211,2.941816,1.281538
3,63,2.022582,3.033872,1.162966
3,64,1.966579,2.949869,1.258987
3,65,2.008654,3.012980,1.203472
3,66,2.012732,3.019099,1.176743
3,67,1.995346,2.993020,1.189129
3,68,1.995087,2.992631,1.185568
3,69,2.001307,3.001960,1.186888
3,70,1.998150,2.997226,1.208350
3,71,2.007888,3.011832,1.191014
3,72,2.032225,3.048338,1.140132
3,73,2.008611,3.012917,1.182660
3,74,1.995762,2.993644,1.178932
3,75,1.997765,2.996647,1.198845
3,76,1.988671,2.983006,1.205498
3,77,2.005023,3.007535,1.182860
3,78,1.990985,2.986477,1.215802
3,79,2.020037,3.030056,1.157306
3,80,1.973500,2.960250,1.232801
3,81,2.003488,3.005233,1.187867
3,82,2.015820,3.023729,1.172434
3,83,1.989739,2.984609,1.209649
3,84,2.013325,3.019987,1.165250
3,85,1.966236,2.949354,1.243744
3,86,2.002942,3.004413,1.179161
3,87,1.989535,2.984302,1.227107
3,88,2.029964,3.044946,1.139718
3,89,2.001016,3.001524,1.202271
3,90,1.974792,2.962188,1.243827
3,91,2.013415,3.020123,1.213104
3,92,2.012135,3.018202,1.192135
3,93,2.008798,3.013197,1.188515
3,94,2.018046,3.027069,1.170052
3,95,2.021634,3.032452,1.174667
3,96,2.031572,3.047358,1.134935
3,97,1.998175,2.997263,1.185947
3,98,2.023318,3.034978,1.159454
3,99,2.004198,3.006296,1.166231
3,100,1.996943,2.995414,1.194840
3,101,2.015620,3.023430,1.176750
3,102,1.971436,2.957154,1.272512
3,103,2.012202,3.018302,1.214869
3,104,2.020547,3.030820,1.181009
3,105,2.005930,3.008895,1.207725
3,106,1.977312,2.965968,1.246332
3,107,1.989093,2.983640,1.228044
3,108,2.013022,3.019532,1.199776
3,109,1.986857,2.980286,1.229465
3,110,2.025520,3.038279,1.152755
3,111,1.969133,2.953699,1.268287
3,112,2.006774,3.010161,1.207269
3,113,1.981917,2.972876,1.239400
3,114,2.017457,3.026186,1.193769
3,115,2.018735,3.028103,1.168826
3,116,2.017661,3.026492,1.156047
3,117,1.972350,2.958525,1.232265
3,118,1.949488,2.924232,1.287423
3,119,2.026222,3.039333,1.190262
3,120,2.023478,3.035217,1.159183
3,121,1.995076,2.992613,1.193988
3,122,1.978536,2.967804,1.239202
3,123,1.972697,2.959046,1.252623
3,124,2.031886,3.047829,1.155867
3,125,2.009102,3.013653,1.183816
3,126,2.012887,3.019330,1.175618
3,127,1.993552,2.990328,1.201692
3,128,1.980986,2.971479,1.246983
3,129,2.024199,3.036298,1.158638
3,130,1.984759,2.977139,1.232012
3,131,1.982849,2.974273,1.246453
3,132,1.984183,2.976274,1.237199
3,133,2.023547,3.035321,1.169234
3,134,2.021356,3.032034,1.157459
3,135,2.011476,3.017214,1.189476
3,136,1.999839,2.999758,1.191218
3,137,1.986843,2.980265,1.222396
3,138,2.022356,3.033534,1.162517
3,139,2.009986,3.014979,1.180015
3,140,1.979499,2.969249,1.244161
3,141,2.028510,3.042766,1.164059
3,142,2.007463,3.011195,1.192766
3,143,1.985529,2.978294,1.220702
3,144,1.981307,2.971960,1.213971
3,145,2.018837,3.028255,1.169693
3,146,1.997865,2.996797,1.198135
3,147,2.009357,3.014035,1.191068
3,148,1.991345,2.987018,1.227249
3,149,1.968183,2.952275,1.257841
3,150,2.012609,3.018913,1.176178
3,151,1.996821,2.995232,1.223891
3,152,2.024251,3.036377,1.190115
3,153,1.999736,2.999604,1.196185
3,154,2.012524,3.018787,1.194682
3,155,1.996867,2.995301,1.212356
3,156,2.026999,3.040498,1.182666
3,157,2.023768,3.035652,1.142978
3,158,1.994894,2.992341,1.183122
3,159,2.019470,3.029204,1.159713
3,160,2.022531,3.033797,1.140754
3,161,1.985576,2.978364,1.212873
3,162,2.009872,3.014808,1.184206
3,163,2.003865,3.005797,1.180362
3,164,2.021377,3.032065,1.148224
3,165,2.009050,3.013575,1.192419
3,166,2.011197,3.016795,1.157424
3,167,1.988387,2.982581,1.187705
3,168,2.018501,3.027751,1.176820
3,169,2.008177,3.012266,1.176201
3,170,1.991163,2.986744,1.209181
3,171,2.007960,3.011940,1.168764
3,172,1.992242,2.988363,1.200982
3,173,1.982101,2.973151,1.212580
3,174,1.979052,2.968579,1.234432
3,175,1.982602,2.973902,1.227479
3,176,2.017398,3.026097,1.190849
3,177,1.981253,2.971879,1.272898
3,178,2.013520,3.020280,1.197172
3,179,2.003559,3.005338,1.199281
3,180,2.000303,3.000455,1.218262
3,181,1.997792,2.996689,1.189067
3,182,2.019328,3.028992,1.146395
3,183,2.003146,3.004719,1.185714
3,184,1.960460,2.940690,1.261434
3,185,2.029567,3.044351,1.150234
3,186,1.995843,2.993765,1.209935
3,187,1.990202,2.985304,1.215065
3,188,2.010004,3.015006,1.171086
3,189,2.005535,3.008303,1.178078
3,190,1.997435,2.996153,1.194982
3,191,2.003577,3.005366,1.184419
3,192,2.040384,3.060576,1.153865
3,193,2.037700,3.056551,1.124235
3,194,1.966740,2.950109,1.239807
3,195,2.012026,3.018038,1.209175
3,196,2.027072,3.040608,1.179648
3,197,2.024755,3.037133,1.179755
3,198,1.989125,2.983688,1.211661
3,199,1.999402,2.999103,1.185299
3,200,2.001449,3.002174,1.200711
3,201,2.007534,3.011301,1.173671
3,202,1.985809,2.978713,1.246110
3,203,2.015757,3.023636,1.188683
3,204,1.960365,2.940547,1.252530
3,205,2.013719,3.020579,1.149845
3,206,1.981300,2.971949,1.227645
3,207,2.006609,3.009913,1.170357
3,208,1.984855,2.977283,1.229401
3,209,2.021785,3.032678,1.148524
3,210,2.011095,3.016643,1.180159
3,211,2.013849,3.020773,1.171543
3,212,2.006276,3.009413,1.184029
3,213,2.020686,3.031029,1.155271
3,214,2.014744,3.022116,1.164236
3,215,1.971676,2.957514,1.255927
3,216,2.001668,3.002502,1.216067
3,217,2.025473,3.038209,1.180314
3,218,1.985172,2.977759,1.230074
3,219,1.987221,2.980832,1.220848
3,220,1.986294,2.979441,1.251673
3,221,2.009256,3.013884,1.196937
3,222,2.012744,3.019116,1.168514
3,223,2.025442,3.038164,1.166195
3,224,1.996419,2.994628,1.193029
3,225,1.962681,2.944021,1.261202
3,226,1.986526,2.979789,1.225288
3,227,2.004395,3.006593,1.205154
3,228,1.966196,2.949294,1.255433
3,229,2.002120,3.003180,1.191741
3,230,1.973177,2.959765,1.227954
3,231,2.007351,3.011027,1.221663
3,232,2.022813,3.034220,1.144505
3,233,1.987179,2.980768,1.198225
3,234,1.994163,2.991245,1.206623
3,235,2.015111,3.022667,1.178066
3,236,1.971449,2.957174,1.223484
3,237,1.996745,2.995117,1.195513
3,238,2.024304,3.036456,1.138914
3,239,1.992309,2.988463,1.197968
3,240,1.998333,2.997500,1.192728
3,241,1.988872,2.983309,1.212054
3,242,2.023067,3.034600,1.156377
3,243,2.008204,3.012306,1.179120
3,244,2.009158,3.013738,1.176764
3,245,2.032317,3.048475,1.157139
3,246,2.002963,3.004445,1.176687
3,247,1.994274,2.991411,1.183883
3,248,1.987675,2.981512,1.183277
3,249,2.014439,3.021658,1.154533
3,250,1.988452,2.982678,1.191205
3,251,1.981367,2.972051,1.212414
3,252,1.999490,2.999235,1.196128
3,253,1.992743,2.989114,1.200613
3,254,1.964157,2.946236,1.268355
3,255,2.025984,3.038976,1.165645
3,256,1.992837,2.989256,1.206401
3,257,2.020348,3.030521,1.172417
3,258,1.993429,2.990144,1.201132
3,259,2.035862,3.053794,1.164787
3,260,2.005266,3.007900,1.168432
3,261,1.992079,2.988119,1.190617
3,262,1.991820,2.987729,1.188768
3,263,2.014863,3.022294,1.155122
3,264,2.000428,3.000641,1.164002
3,265,1.993332,2.989998,1.197248
3,266,2.005881,3.008821,1.164710
3,267,2.001330,3.001995,1.168251
3,268,2.018138,3.027208,1.148536
3,269,1.987264,2.980897,1.207271
3,270,2.026431,3.039647,1.150936
3,271,2.008047,3.012071,1.149286
3,272,1.988731,2.983096,1.189521
3,273,2.029821,3.044732,1.146322
3,274,1.990032,2.985048,1.194373
3,275,1.971010,2.956515,1.214038
3,276,2.005751,3.008627,1.179755
3,277,2.015866,3.023800,1.157078
3,278,1.989868,2.984802,1.195074
3,279,1.990629,2.985944,1.194512
3,280,2.003064,3.004596,1.177845
3,281,1.975619,2.963429,1.227768
3,282,2.036710,3.055066,1.158042
3,283,2.014960,3.022440,1.163988
3,284,1.992463,2.988695,1.233765
3,285,2.021209,3.031813,1.159496
3,286,2.001197,3.001795,1.216647
3,287,2.009868,3.014803,1.201646
3,288,1.999823,2.999734,1.216428
3,289,2.049616,3.074425,1.132980
3,290,2.003932,3.005897,1.191671
3,291,2.009016,3.013524,1.189347
3,292,1.984519,2.976778,1.209636
3,293,1.990237,2.985356,1.224596
3,294,2.014743,3.022114,1.156838
3,295,1.990185,2.985277,1.203630
3,296,2.000714,3.001072,1.195443
3,297,1.994449,2.991673,1.215632
3,298,1.995111,2.992667,1.200611
3,299,1.976549,2.964823,1.243248
3,300,1.953787,2.930680,1.281686
3,301,1.964603,2.946904,1.265648
3,302,2.009755,3.014633,1.189790
3,303,2.021108,3.031663,1.151499
3,304,1.989618,2.984427,1.215874
3,305,1.998277,2.997415,1.211194
3,306,2.009952,3.014928,1.165086
3,307,1.960380,2.940570,1.258729
3,308,1.982994,2.974491,1.239157
3,309,1.999573,2.999359,1.205316
3,310,2.031037,3.046555,1.163238
3,311,2.012627,3.018941,1.187005
3,312,2.018753,3.028129,1.185396
3,313,1.974383,2.961574,1.247509
3,314,2.009378,3.014066,1.172490
3,315,2.006482,3.009723,1.200809
3,316,1.989475,2.984212,1.222460
3,317,1.992637,2.988956,1.221692
3,318,2.013469,3.020204,1.164512
3,319,1.958760,2.938140,1.250890
3,320,2.014117,3.021175,1.174981
3,321,2.007447,3.011170,1.186577
3,322,2.007078,3.010617,1.184086
3,323,1.986729,2.980094,1.205790
3,324,1.945495,2.918242,1.280905
3,325,1.998027,2.997040,1.208191
3,326,1.999086,2.998628,1.200776
3,327,2.002369,3.003554,1.183322
3,328,2.004922,3.007383,1.183001
3,329,1.999657,2.999486,1.205109
3,330,2.021058,3.031587,1.174363
3,331,2.008986,3.013479,1.179948
3,332,1.995257,2.992885,1.196724
3,333,1.978222,2.967334,1.256957
3,334,2.021529,3.032294,1.188013
3,335,2.000602,3.000903,1.203231
3,336,1.996138,2.994207,1.213943
3,337,2.018237,3.027355,1.164124
3,338,2.013496,3.020245,1.176622
3,339,2.010668,3.016002,1.169368
3,340,2.022954,3.034431,1.136212
3,341,1.992221,2.988331,1.194777
3,342,1.995333,2.993000,1.203274
3,343,1.990229,2.985344,1.202675
3,344,1.996875,2.995313,1.209854
3,345,1.981819,2.972728,1.218038
3,346,1.999613,2.999419,1.179552
3,347,1.986671,2.980007,1.199362
3,348,2.007054,3.010581,1.179360
3,349,1.985075,2.977613,1.222003
3,350,1.989957,2.984935,1.208410
3,351,2.034020,3.051029,1.129137
3,352,2.011172,3.016758,1.177628
3,353,2.003966,3.005948,1.188231
3,354,1.955065,2.932598,1.283514
3,355,1.961395,2.942093,1.276829
3,356,2.034700,3.052050,1.174855
3,357,2.000456,3.000684,1.209897
3,358,1.977054,2.965581,1.257471
3,359,2.012986,3.019479,1.201538
3,360,2.009552,3.014328,1.178673
3,361,2.006299,3.009448,1.171492
3,362,2.013317,3.019975,1.165841
3,363,2.017088,3.025633,1.183346
3,364,2.011366,3.017049,1.172670
3,365,2.013253,3.019879,1.167616
3,366,1.992280,2.988419,1.210723
3,367,1.980823,2.971235,1.235617
3,368,2.004920,3.007381,1.217371
3,369,2.013790,3.020686,1.210377
3,370,2.007981,3.011972,1.177550
3,371,1.990376,2.985564,1.201337
3,372,1.999169,2.998753,1.184514
3,373,1.963263,2.944894,1.275598
3,374,2.022904,3.034357,1.165131
3,375,2.008459,3.012689,1.164928
3,376,2.002997,3.004495,1.175761
3,377,1.993999,2.990999,1.212028
3,378,2.003219,3.004828,1.166235
3,379,2.014659,3.021989,1.157357
3,380,2.009703,3.014554,1.167150
3,381,2.015609,3.023414,1.166735
3,382,2.011172,3.016758,1.185276
3,383,2.007529,3.011293,1.197442
3,384,2.000615,3.000922,1.207822
3,385,2.019645,3.029467,1.173248
3,386,1.995726,2.993589,1.201523
3,387,1.995455,2.993182,1.200805
3,388,2.019581,3.029371,1.172463
3,389,2.015532,3.023299,1.168351
3,390,2.023727,3.035591,1.137579
3,391,1.970761,2.956142,1.264069
3,392,1.990911,2.986367,1.208077
3,393,2.010509,3.015763,1.158794
3,394,2.012137,3.018206,1.164890
3,395,1.997111,2.995667,1.206156
3,396,2.032134,3.048201,1.161857
3,397,1.994269,2.991404,1.202371
3,398,1.964350,2.946525,1.250313
3,399,2.026660,3.039990,1.158911
3,400,1.988055,2.982082,1.219881
3,401,2.037392,3.056088,1.147030
3,402,1.997120,2.995679,1.193815
3,403,1.997631,2.996446,1.166404
3,404,2.025687,3.038530,1.178980
3,405,2.014486,3.021728,1.160019
3,406,1.999182,2.998773,1.188732
3,407,2.007274,3.010911,1.183116
3,408,2.017595,3.026392,1.198784
3,409,2.038625,3.057938,1.149807
3,410,2.028841,3.043261,1.141345
3,411,1.990085,2.985128,1.215096
3,412,1.980651,2.970976,1.228743
3,413,2.011416,3.017125,1.166217
3,414,2.016616,3.024924,1.135789
3,415,1.976620,2.964929,1.226641
3,416,1.980265,2.970397,1.203266
3,417,1.989370,2.984055,1.201389
3,418,1.976398,2.964598,1.237111
3,419,1.976825,2.965238,1.241031
3,420,1.996268,2.994402,1.194900
3,421,2.034181,3.051272,1.147702
3,422,2.012830,3.019245,1.189949
3,423,2.022429,3.033644,1.168887
3,424,2.003749,3.005624,1.169808
3,425,1.995902,2.993853,1.186537
3,426,1.983075,2.974613,1.223252
3,427,2.024268,3.036402,1.151681
3,428,1.996763,2.995145,1.186634
3,429,1.993853,2.990780,1.194211
3,430,1.994954,2.992431,1.196144
3,431,2.005620,3.008430,1.168101
3,432,1.977109,2.965663,1.220983
3,433,2.014979,3.022468,1.175522
3,434,2.011774,3.017661,1.176564
3,435,2.013153,3.019729,1.173500
3,436,2.031933,3.047899,1.149859
3,437,2.032877,3.049316,1.152800
3,438,1.998788,2.998182,1.191442
3,439,1.988513,2.982769,1.198920
3,440,1.971399,2.957099,1.235820
3,441,2.015397,3.023095,1.167153
3,442,2.022233,3.033349,1.150798
3,443,2.000003,3.000005,1.197043
3,444,1.999832,2.999747,1.201070
3,445,1.967201,2.950801,1.263678
3,446,1.990612,2.985918,1.206793
3,447,2.012186,3.018279,1.169139
3,448,1.983022,2.974533,1.255281
3,449,2.009501,3.014252,1.173877
3,450,2.001232,3.001847,1.196726
3,451,1.990096,2.985144,1.213482
3,452,2.016464,3.024696,1.157900
3,453,1.995542,2.993313,1.190866
3,454,1.953714,2.930571,1.268544
3,455,2.005279,3.007918,1.205499
3,456,2.013408,3.020111,1.188993
3,457,1.996376,2.994564,1.208264
3,458,2.016015,3.024023,1.165204
3,459,2.006210,3.009315,1.196391
3,460,1.981385,2.972077,1.216374
3,461,1.974146,2.961219,1.235527
3,462,1.989920,2.984880,1.210014
3,463,2.015014,3.022521,1.192154
3,464,1.982891,2.974337,1.228080
3,465,2.007086,3.010629,1.200451
3,466,2.010272,3.015408,1.166273
3,467,2.013201,3.019802,1.170980
3,468,1.992808,2.989213,1.202141
3,469,2.012038,3.018057,1.176009
3,470,1.986836,2.980254,1.217484
3,471,2.000435,3.000652,1.190572
3,472,1.997670,2.996504,1.194053
3,473,1.999903,2.999855,1.190280
3,474,2.031039,3.046558,1.137466
3,475,2.007735,3.011602,1.169113
3,476,2.025642,3.038463,1.129497
3,477,1.947929,2.921893,1.272826
3,478,2.034789,3.052184,1.167386
3,479,2.009987,3.014981,1.177144
3,480,1.995896,2.993845,1.217088
3,481,2.019931,3.029897,1.153792
3,482,1.976575,2.964863,1.233303
3,483,1.996001,2.994001,1.209950
3,484,2.006946,3.010419,1.185723
3,485,1.979382,2.969072,1.213461
3,486,1.977766,2.966649,1.208645
3,487,2.026592,3.039887,1.136749
3,488,2.021226,3.031839,1.152010
3,489,1.976948,2.965423,1.219338
3,490,1.985809,2.978713,1.222052
3,491,2.013107,3.019660,1.167269
3,492,1.971547,2.957321,1.219527
3,493,2.011688,3.017533,1.169035
3,494,1.993815,2.990722,1.195250
3,495,2.005634,3.008451,1.201363
3,496,1.965939,2.948908,1.264879
3,497,2.026754,3.040131,1.174738
3,498,2.036987,3.055480,1.140613
3,499,2.008851,3.013276,1.158043
3,500,1.967036,2.950554,1.236409
3,501,1.989408,2.984112,1.235326
3,502,2.010599,3.015899,1.188162
3,503,2.031244,3.046867,1.135805
3,504,1.974847,2.962271,1.236266
3,505,2.022893,3.034339,1.159507
3,506,2.017381,3.026072,1.139532
3,507,2.009957,3.014936,1.167899
3,508,1.971054,2.956581,1.259685
3,509,1.980651,2.970977,1.250643
3,510,2.037757,3.056636,1.151451
3,511,2.021547,3.032321,1.167789
3,512,1.991829,2.987744,1.223219
3,513,2.007802,3.011703,1.204005
3,514,2.027110,3.040665,1.161966
3,515,2.007110,3.010665,1.166578
3,516,1.995323,2.992985,1.176149
3,517,2.013222,3.019832,1.182095
3,518,1.997540,2.996310,1.200079
3,519,1.988490,2.982736,1.204195
3,520,2.000308,3.000462,1.163949
3,521,1.995874,2.993811,1.212981
3,522,2.016191,3.024286,1.198007
3,523,2.013836,3.020754,1.191172
3,524,2.016476,3.024714,1.163437
3,525,1.968026,2.952040,1.249455
3,526,2.013377,3.020065,1.197467
3,527,2.010588,3.015882,1.181076
3,528,2.019127,3.028691,1.161153
3,529,1.968242,2.952363,1.232491
3,530,2.029563,3.044344,1.151681
3,531,1.974275,2.961412,1.242723
3,532,2.013922,3.020883,1.186601
3,533,2.033462,3.050193,1.153566
3,534,2.026423,3.039634,1.148557
3,535,2.007757,3.011635,1.161821
3,536,1.990714,2.986072,1.191473
3,537,2.018278,3.027417,1.172039
3,538,1.969746,2.954619,1.249568
3,539,2.006458,3.009687,1.186996
3,540,1.994361,2.991542,1.197095
3,541,1.992141,2.988212,1.198420
3,542,1.960548,2.940821,1.250110
3,543,2.018196,3.027295,1.156124
3,544,2.006227,3.009340,1.164895
3,545,1.992014,2.988021,1.198911
3,546,1.970457,2.955685,1.255766
3,547,2.013642,3.020462,1.173488
3,548,2.033720,3.050580,1.191031
3,549,2.002809,3.004213,1.202167
3,550,2.010805,3.016208,1.190150
3,551,1.978802,2.968203,1.210959
3,552,2.023169,3.034754,1.168278
3,553,2.007713,3.011570,1.196721
3,554,1.979295,2.968942,1.238256
3,555,2.006564,3.009846,1.191071
3,556,2.025808,3.038712,1.148445
3,557,1.994396,2.991594,1.200027
3,558,1.977297,2.965945,1.227745
3,559,2.016547,3.024821,1.173927
3,560,2.001959,3.002938,1.212923
3,561,2.033186,3.049779,1.157015
3,562,1.974300,2.961450,1.227042
3,563,1.979962,2.969943,1.232644
3,564,1.985648,2.978472,1.208522
3,565,2.021794,3.032690,1.157955
3,566,2.013323,3.019984,1.173362
3,567,1.999120,2.998680,1.183402
3,568,1.966962,2.950443,1.256356
3,569,2.011860,3.017790,1.191679
3,570,1.964051,2.946077,1.241614
3,571,1.999929,2.999893,1.195836
3,572,1.993418,2.990127,1.218678
3,573,2.010893,3.016339,1.182139
3,574,2.019189,3.028783,1.137308
3,575,1.994376,2.991564,1.175579
3,576,2.020857,3.031285,1.147190
3,577,1.976310,2.964465,1.212214
3,578,2.011094,3.016641,1.170368
3,579,1.984615,2.976922,1.211752
3,580,2.005801,3.008701,1.187814
3,581,2.010664,3.015996,1.168192
3,582,1.997730,2.996595,1.181692
3,583,1.942577,2.913865,1.285178
3,584,2.018452,3.027678,1.181421
3,585,1.989800,2.984700,1.225462
3,586,1.973492,2.960239,1.252210
3,587,2.027457,3.041185,1.158977
3,588,2.019449,3.029174,1.185054
3,589,2.016200,3.024300,1.164870
3,590,1.986422,2.979633,1.216243
3,591,1.988585,2.982878,1.248824
3,592,2.011242,3.016863,1.170000
3,593,2.014155,3.021233,1.163013
3,594,2.001063,3.001595,1.202920
3,595,1.988178,2.982267,1.228377
3,596,2.011652,3.017478,1.189882
3,597,2.019826,3.029739,1.185690
3,598,1.995969,2.993954,1.183055
3,599,2.026872,3.040307,1.154753
3,600,2.010215,3.015322,1.170511
3,601,2.007047,3.010570,1.180745
3,602,2.009906,3.014858,1.165582
3,603,2.001757,3.002635,1.184705
3,604,1.993168,2.989751,1.213438
3,605,1.982811,2.974216,1.236417
3,606,1.980617,2.970925,1.223766
3,607,2.000597,3.000896,1.201058
3,608,1.997387,2.996080,1.201719
3,609,2.001583,3.002375,1.192388
3,610,1.993387,2.990080,1.200404
3,611,2.027164,3.040746,1.149772
3,612,1.975894,2.963842,1.246306
3,613,2.007988,3.011982,1.188759
3,614,1.986139,2.979208,1.211825
3,615,2.009385,3.014078,1.177569
3,616,2.011751,3.017627,1.187501
3,617,1.997427,2.996140,1.213719
3,618,1.996277,2.994415,1.207095
3,619,1.962496,2.943743,1.276108
3,620,2.032361,3.048542,1.157872
3,621,2.030865,3.046297,1.144145
3,622,1.982535,2.973802,1.221099
3,623,2.020222,3.030332,1.168699
3,624,2.016233,3.024349,1.177692
3,625,2.000505,3.000758,1.199740
3,626,2.005865,3.008797,1.227806
3,627,2.011436,3.017155,1.195589
3,628,1.992087,2.988131,1.221037
3,629,1.984881,2.977322,1.225964
3,630,2.028750,3.043125,1.143356
3,631,1.987166,2.980750,1.232225
3,632,2.028897,3.043345,1.172307
3,633,2.017285,3.025927,1.173071
3,634,2.010915,3.016372,1.151524
3,635,2.000529,3.000794,1.177082
3,636,2.015828,3.023742,1.175001
3,637,2.005744,3.008616,1.193310
3,638,2.017066,3.025598,1.162850
3,639,2.003520,3.005279,1.192438
3,640,2.018271,3.027406,1.184554
3,641,2.006756,3.010134,1.167464
3,642,2.021211,3.031817,1.172125
3,643,2.010027,3.015040,1.191578
3,644,1.995748,2.993622,1.218173
3,645,2.001169,3.001753,1.205990
3,646,2.007955,3.011933,1.195051
3,647,2.009320,3.013979,1.209969
3,648,1.995741,2.993612,1.214807
3,649,1.992300,2.988451,1.225209
3,650,2.010092,3.015138,1.177869
3,651,2.022077,3.033115,1.145646
3,652,1.986591,2.979886,1.212508
3,653,1.970256,2.955384,1.227409
3,654,1.978965,2.968447,1.214443
3,655,2.017535,3.026302,1.186890
3,656,2.004676,3.007015,1.178408
3,657,2.011225,3.016838,1.162073
3,658,2.011378,3.017066,1.168774
3,659,1.959080,2.938619,1.252534
3,660,1.943042,2.914563,1.278596
3,661,2.025082,3.037623,1.150647
3,662,2.002780,3.004170,1.176721
3,663,1.992792,2.989188,1.189404
3,664,1.979954,2.969931,1.229131
3,665,1.981587,2.972381,1.227304
3,666,2.016212,3.024317,1.166100
3,667,2.000233,3.000350,1.178011
3,668,1.974467,2.961700,1.246878
3,669,2.018529,3.027794,1.176471
3,670,1.990212,2.985317,1.209827
3,671,2.020397,3.030596,1.168030
3,672,2.008311,3.012466,1.207346
3,673,2.010674,3.016011,1.200384
3,674,2.014384,3.021575,1.196112
3,675,1.971614,2.957422,1.282112
3,676,1.996083,2.994124,1.228388
3,677,1.973766,2.960649,1.263331
3,678,2.031803,3.047704,1.158789
3,679,1.978036,2.967054,1.241423
3,680,1.995842,2.993763,1.218435
3,681,1.989789,2.984684,1.229143
3,682,2.007161,3.010741,1.200426
3,683,2.031902,3.047853,1.148554
3,684,1.959205,2.938808,1.276569
3,685,2.024366,3.036548,1.189227
3,686,1.998631,2.997947,1.219515
3,687,1.966708,2.950062,1.267962
3,688,2.023330,3.034995,1.222032
3,689,2.007511,3.011266,1.199936
3,690,1.982063,2.973095,1.245969
3,691,2.015145,3.022717,1.181251
3,692,1.987010,2.980514,1.213861
3,693,1.993493,2.990240,1.210426
3,694,2.009478,3.014217,1.202884
3,695,1.990730,2.986095,1.207324
3,696,1.972506,2.958759,1.280103
3,697,1.983273,2.974909,1.258164
3,698,2.029944,3.044916,1.150440
3,699,1.984617,2.976926,1.225884
3,700,2.016537,3.024806,1.172429
3,701,2.024163,3.036245,1.153835
3,702,2.016600,3.024900,1.167121
3,703,2.001671,3.002507,1.190507
3,704,1.989413,2.984120,1.234626
3,705,2.007518,3.011277,1.202738
3,706,1.976735,2.965102,1.258417
3,707,1.997569,2.996353,1.205086
3,708,2.007817,3.011726,1.210254
3,709,2.018022,3.027034,1.168650
3,710,1.997032,2.995547,1.185402
3,711,1.997948,2.996922,1.178336
3,712,2.024525,3.036787,1.168102
3,713,2.001666,3.002499,1.182395
3,714,1.993518,2.990277,1.187231
3,715,1.988894,2.983342,1.203998
3,716,2.000090,3.000136,1.198803
3,717,2.026056,3.039085,1.150938
3,718,1.998152,2.997228,1.181714
3,719,1.990936,2.986404,1.210290
3,720,1.992054,2.988082,1.225863
3,721,2.008861,3.013292,1.166326
3,722,1.967085,2.950627,1.243930
3,723,2.011829,3.017744,1.198386
3,724,2.005858,3.008788,1.189287
3,725,2.030571,3.045857,1.157832
3,726,1.999183,2.998774,1.190608
3,727,1.997018,2.995527,1.198537
3,728,1.986653,2.979980,1.221042
3,729,2.007651,3.011476,1.203635
3,730,2.002021,3.003031,1.205887
3,731,2.001754,3.002631,1.206654
3,732,2.022718,3.034077,1.161118
3,733,2.010072,3.015108,1.185030
3,734,2.011280,3.016920,1.187604
3,735,1.980812,2.971218,1.242429
3,736,2.013383,3.020075,1.176492
3,737,2.022210,3.033315,1.155315
3,738,1.997461,2.996192,1.204927
3,739,2.034221,3.051332,1.160957
3,740,2.021594,3.032391,1.190237
3,741,2.031414,3.047120,1.148232
3,742,2.002333,3.003499,1.168246
3,743,2.002138,3.003208,1.174873
3,744,2.008137,3.012205,1.187826
3,745,2.012031,3.018046,1.158189
3,746,2.022957,3.034436,1.146257
3,747,2.009381,3.014072,1.194921
3,748,1.993842,2.990762,1.210231
3,749,1.997505,2.996258,1.182353
3,750,2.001632,3.002448,1.193095
3,751,1.993868,2.990802,1.214207
3,752,2.007568,3.011352,1.201870
3,753,1.991038,2.986557,1.211312
3,754,1.997063,2.995595,1.204964
3,755,1.993473,2.990209,1.206580
3,756,1.989564,2.984347,1.217557
3,757,2.013568,3.020352,1.164492
3,758,2.005790,3.008685,1.193036
3,759,2.008802,3.013203,1.151916
3,760,1.988231,2.982347,1.186203
3,761,2.012516,3.018774,1.169756
3,762,2.010062,3.015093,1.167056
3,763,1.980625,2.970938,1.242471
3,764,2.020320,3.030480,1.174954
3,765,2.014706,3.022058,1.191010
3,766,1.994705,2.992057,1.219193
3,767,2.021527,3.032291,1.179219
3,768,2.002108,3.003162,1.175038
3,769,2.003188,3.004783,1.175497
3,770,2.000589,3.000884,1.195677
3,771,2.011996,3.017994,1.161101
3,772,2.009086,3.013629,1.155866
3,773,1.963318,2.944977,1.248877
3,774,2.006306,3.009458,1.223862
3,775,1.991890,2.987835,1.238925
3,776,2.019759,3.029638,1.177332
3,777,1.998528,2.997792,1.238062
3,778,2.028764,3.043146,1.164584
3,779,2.022768,3.034152,1.173069
3,780,2.002300,3.003450,1.204198
3,781,1.978136,2.967203,1.237364
3,782,2.012149,3.018223,1.165983
3,783,2.019752,3.029629,1.181390
3,784,2.012135,3.018202,1.156572
3,785,1.980804,2.971206,1.220238
3,786,2.014978,3.022467,1.166949
3,787,2.008325,3.012488,1.200209
3,788,2.009197,3.013795,1.211579
3,789,2.031594,3.047391,1.160574
3,790,1.997745,2.996617,1.182410
3,791,2.001603,3.002404,1.181335
3,792,1.988735,2.983103,1.205127
3,793,2.008709,3.013064,1.174738
3,794,1.984185,2.976278,1.224300
3,795,2.040004,3.060006,1.144258
3,796,1.999790,2.999685,1.207351
3,797,2.024896,3.037344,1.174143
3,798,1.978488,2.967732,1.230604
3,799,2.005850,3.008776,1.178555
3,800,2.002140,3.003209,1.173783
3,801,1.983598,2.975397,1.208407
3,802,1.979875,2.969813,1.228132
3,803,1.984056,2.976085,1.207077
3,804,1.997895,2.996843,1.204598
3,805,1.999835,2.999753,1.199353
3,806,2.008159,3.012239,1.213215
3,807,1.989274,2.983911,1.237947
3,808,2.002023,3.003034,1.191135
3,809,1.995077,2.992615,1.198560
3,810,2.011572,3.017358,1.201520
3,811,2.010635,3.015953,1.216411
3,812,2.007923,3.011885,1.180281
3,813,2.006901,3.010352,1.188615
3,814,2.002098,3.003147,1.196151
3,815,2.004494,3.006742,1.165040
3,816,1.978204,2.967306,1.234064
3,817,2.001173,3.001760,1.203152
3,818,2.005937,3.008905,1.179240
3,819,2.014010,3.021015,1.137913
3,820,1.974244,2.961367,1.199421
3,821,2.005429,3.008144,1.181055
3,822,2.000712,3.001068,1.170579
3,823,2.018396,3.027594,1.207342
3,824,2.038766,3.058149,1.140631
3,825,2.019196,3.028794,1.156851
3,826,1.998771,2.998156,1.175395
3,827,2.011349,3.017023,1.153941
3,828,1.993898,2.990847,1.185228
3,829,2.002983,3.004475,1.183077
3,830,2.025232,3.037847,1.159037
3,831,1.999523,2.999285,1.209914
3,832,2.012180,3.018270,1.160478
3,833,2.016997,3.025495,1.161970
3,834,2.011611,3.017417,1.177902
3,835,1.998366,2.997549,1.215172
3,836,1.996304,2.994457,1.230435
3,837,2.005602,3.008403,1.187938
3,838,1.983542,2.975312,1.208040
3,839,2.015743,3.023614,1.180911
3,840,2.009495,3.014243,1.181860
3,841,2.017708,3.026561,1.171253
3,842,2.009237,3.013856,1.202222
3,843,2.011272,3.016907,1.176175
3,844,2.008334,3.012501,1.183587
3,845,1.973488,2.960232,1.221846
3,846,1.977624,2.966435,1.222201
3,847,2.020688,3.031032,1.161234
3,848,1.991770,2.987654,1.209508
3,849,1.994317,2.991475,1.212792
3,850,2.002678,3.004017,1.197642
3,851,2.004812,3.007219,1.188152
3,852,1.953400,2.930099,1.274997
3,853,2.019199,3.028798,1.178942
3,854,2.001231,3.001846,1.190751
3,855,2.007391,3.011086,1.161079
3,856,2.019097,3.028645,1.158361
3,857,1.997382,2.996074,1.199011
3,858,2.021678,3.032517,1.164683
3,859,2.020820,3.031230,1.154090
3,860,1.998973,2.998459,1.189148
3,861,1.994443,2.991664,1.191807
3,862,2.002758,3.004137,1.184972
3,863,1.973952,2.960928,1.227653
3,864,1.981733,2.972600,1.232796
3,865,1.992514,2.988771,1.215125
3,866,2.011636,3.017455,1.171139
3,867,2.002422,3.003632,1.170737
3,868,1.998636,2.997954,1.175002
3,869,2.005226,3.007839,1.161779
3,870,1.974209,2.961313,1.234917
3,871,2.004679,3.007018,1.199455
3,872,2.003719,3.005579,1.182557
3,873,2.015228,3.022842,1.144093
3,874,1.987267,2.980901,1.201272
3,875,1.999805,2.999708,1.180484
3,876,1.998452,2.997678,1.181107
3,877,1.998774,2.998162,1.216455
3,878,2.024908,3.037361,1.165194
3,879,2.030119,3.045178,1.157837
3,880,1.994125,2.991188,1.202707
3,881,2.019397,3.029095,1.157613
3,882,2.013031,3.019546,1.152948
3,883,1.979638,2.969457,1.220898
3,884,2.025409,3.038113,1.141043
3,885,1.988257,2.982386,1.226646
3,886,2.009352,3.014027,1.185906
3,887,2.028301,3.042451,1.154043
3,888,1.985199,2.977799,1.229157
3,889,2.010800,3.016199,1.183791
3,890,2.002997,3.004496,1.217185
3,891,2.004594,3.006891,1.199960
3,892,2.009045,3.013567,1.190934
3,893,2.004706,3.007059,1.193538
3,894,2.017554,3.026331,1.153921
3,895,2.000794,3.001191,1.175940
3,896,2.000679,3.001018,1.172438
3,897,2.004752,3.007129,1.204055
3,898,1.982890,2.974335,1.226006
3,899,2.029305,3.043958,1.153290
3,900,2.013902,3.020853,1.176432
3,901,2.010249,3.015374,1.174052
3,902,2.005680,3.008520,1.182313
3,903,1.970666,2.956000,1.225015
3,904,1.967970,2.951955,1.257625
3,905,2.026507,3.039761,1.172912
3,906,1.987756,2.981635,1.256192
3,907,2.028837,3.043256,1.170619
3,908,2.007322,3.010983,1.195042
3,909,2.030592,3.045889,1.161240
3,910,1.992943,2.989414,1.202790
3,911,1.999402,2.999102,1.187060
3,912,2.014950,3.022425,1.175308
3,913,2.030220,3.045330,1.140882
3,914,2.016562,3.024843,1.167701
3,915,1.974421,2.961631,1.225364
3,916,1.983642,2.975463,1.207923
3,917,2.016666,3.024999,1.147460
3,918,2.007633,3.011449,1.167229
3,919,1.992393,2.988590,1.200370
3,920,2.023764,3.035646,1.147817
3,921,2.001274,3.001911,1.200811
3,922,2.011706,3.017559,1.185624
3,923,2.009205,3.013808,1.174116
3,924,2.000471,3.000707,1.174129
3,925,1.985668,2.978502,1.211594
3,926,2.006299,3.009449,1.178141
3,927,1.992945,2.989418,1.200274
3,928,2.011636,3.017455,1.154769
3,929,2.019429,3.029143,1.145395
3,930,2.014483,3.021724,1.166847
3,931,1.998051,2.997077,1.178032
3,932,1.992988,2.989482,1.193586
3,933,2.007185,3.010778,1.185475
3,934,1.990771,2.986156,1.194038
3,935,2.006053,3.009079,1.186787
3,936,1.978862,2.968293,1.244412
3,937,2.015866,3.023799,1.178148
3,938,2.001809,3.002713,1.189488
3,939,1.978366,2.967549,1.215126
3,940,1.998649,2.997974,1.220482
3,941,1.997530,2.996294,1.215002
3,942,1.977534,2.966301,1.243369
3,943,2.000792,3.001188,1.187160
3,944,1.990755,2.986132,1.216892
3,945,2.002122,3.003183,1.206756
3,946,2.025971,3.038956,1.152602
3,947,1.975571,2.963357,1.237994
3,948,2.017771,3.026657,1.163666
3,949,1.920270,2.880406,1.345516
3,950,2.007376,3.011064,1.189851
3,951,1.960056,2.940084,1.282124
3,952,1.987298,2.980946,1.244423
3,953,2.022277,3.033416,1.191420
3,954,2.009377,3.014065,1.182440
3,955,1.975090,2.962635,1.245331
3,956,2.019219,3.028829,1.185525
3,957,2.027951,3.041927,1.168421
3,958,2.018271,3.027406,1.207123
3,959,2.060727,3.091091,1.134448
3,960,2.002471,3.003707,1.172745
3,961,2.017290,3.025935,1.138365
3,962,1.977832,2.966747,1.232919
3,963,1.993690,2.990534,1.227817
3,964,2.025664,3.038496,1.165497
3,965,1.986540,2.979810,1.224237
3,966,2.001851,3.002777,1.180746
3,967,2.005233,3.007849,1.162849
3,968,2.019066,3.028599,1.151580
3,969,2.006918,3.010376,1.169169
3,970,1.977816,2.966724,1.229283
3,971,2.020295,3.030442,1.163854
3,972,1.996587,2.994881,1.203843
3,973,1.985006,2.977509,1.224637
3,974,2.023534,3.035301,1.163088
3,975,1.990819,2.986228,1.217243
3,976,1.989711,2.984567,1.208243
3,977,1.978715,2.968072,1.216270
3,978,2.004108,3.006162,1.204311
3,979,1.977505,2.966258,1.272871
3,980,1.998800,2.998200,1.218825
3,981,2.022848,3.034272,1.161387
3,982,2.007250,3.010875,1.198157
3,983,2.005721,3.008581,1.175656
3,984,2.008459,3.012689,1.156702
3,985,2.004483,3.006724,1.156336
3,986,1.999774,2.999662,1.195275
3,987,2.012192,3.018288,1.168784
3,988,1.998830,2.998246,1.178338
3,989,2.014673,3.022009,1.182746
3,990,1.983737,2.975605,1.244183
3,991,2.005439,3.008158,1.204635
3,992,2.040417,3.060626,1.160621
3,993,2.022754,3.034132,1.162632
3,994,2.005643,3.008465,1.176438
3,995,1.991556,2.987334,1.190822
3,996,1.985820,2.978730,1.216488
3,997,1.992914,2.989371,1.237431
3,998,2.006118,3.009177,1.178864
3,999,2.005296,3.007944,1.200278
3,1000,2.005251,3.007876,1.182726
4,1,2.024138,3.036207,1.178524
4,2,2.017924,3.026887,1.168593
4,3,2.012899,3.019348,1.171087
4,4,2.015024,3.022536,1.159207
4,5,2.023644,3.035467,1.136373
4,6,1.970961,2.956442,1.215433
4,7,2.005914,3.008872,1.187333
4,8,1.964978,2.947468,1.257322
4,9,2.001057,3.001585,1.214358
4,10,2.018339,3.027509,1.188212
4,11,1.972063,2.958095,1.253714
4,12,1.993909,2.990864,1.214161
4,13,2.036471,3.054706,1.123476
4,14,2.004508,3.006762,1.200082
4,15,2.001837,3.002755,1.188619
4,16,1.993979,2.990968,1.213341
4,17,2.000405,3.000608,1.205298
4,18,2.001622,3.002433,1.212854
4,19,1.997330,2.995994,1.193021
4,20,1.994189,2.991284,1.192964
4,21,2.009260,3.013890,1.166680
4,22,2.013664,3.020496,1.171179
4,23,2.004407,3.006610,1.178510
4,24,1.976507,2.964760,1.235337
4,25,2.019382,3.029073,1.163803
4,26,1.998557,2.997835,1.178496
4,27,2.016921,3.025381,1.158682
4,28,1.963142,2.944714,1.244893
4,29,2.018234,3.027351,1.154511
4,30,2.016774,3.025161,1.173865
4,31,1.994048,2.991072,1.192784
4,32,2.010844,3.016266,1.191251
4,33,1.997800,2.996700,1.183465
4,34,1.988283,2.982424,1.217753
4,35,1.974818,2.962227,1.238093
4,36,2.014710,3.022064,1.179262
4,37,2.012362,3.018543,1.154038
4,38,2.008186,3.012279,1.161892
4,39,2.010592,3.015888,1.178922
4,40,1.991511,2.987266,1.225564
4,41,2.014387,3.021580,1.162025
4,42,2.031719,3.047579,1.147381
4,43,2.003120,3.004680,1.177517
4,44,1.991749,2.987624,1.186779
4,45,2.028479,3.042718,1.156577
4,46,2.004845,3.007268,1.177223
4,47,1.997707,2.996560,1.189052
4,48,2.010785,3.016178,1.188578
4,49,1.990887,2.986330,1.220469
4,50,2.037563,3.056345,1.130670
4,51,2.006930,3.010395,1.175400
4,52,2.021986,3.032978,1.160555
4,53,2.001082,3.001623,1.192264
4,54,2.006143,3.009214,1.191993
4,55,2.005460,3.008190,1.186310
4,56,1.998791,2.998186,1.194428
4,57,2.001621,3.002432,1.190137
4,58,2.019853,3.029780,1.155575
4,59,1.980273,2.970410,1.220192
4,60,2.007520,3.011280,1.186515
4,61,1.968137,2.952206,1.247731
4,62,1.998959,2.998439,1.206547
4,63,2.010441,3.015662,1.199881
4,64,2.001266,3.001898,1.206389
4,65,2.035120,3.052680,1.139530
4,66,2.011878,3.017816,1.174271
4,67,2.001109,3.001663,1.180957
4,68,1.976181,2.964272,1.232640
4,69,1.996222,2.994334,1.177340
4,70,1.981650,2.972475,1.227146
4,71,2.038168,3.057253,1.130420
4,72,2.001863,3.002794,1.186456
4,73,1.989745,2.984618,1.200746
4,74,2.006910,3.010366,1.209335
4,75,2.018035,3.027053,1.191172
4,76,1.994024,2.991036,1.215340
4,77,1.995582,2.993373,1.184003
4,78,2.015908,3.023862,1.150639
4,79,1.988767,2.983151,1.184066
4,80,1.986313,2.979469,1.207199
4,81,2.014094,3.021141,1.170315
4,82,2.003803,3.005704,1.188467
4,83,1.960086,2.940129,1.267408
4,84,1.993239,2.989858,1.262339
4,85,2.020409,3.030614,1.174178
4,86,1.987236,2.980854,1.238722
4,87,2.005583,3.008375,1.201576
4,88,1.994601,2.991901,1.220273
4,89,1.975664,2.963496,1.261158
4,90,2.025200,3.037801,1.173840
4,91,2.006590,3.009886,1.169143
4,92,1.971392,2.957089,1.247669
4,93,1.995251,2.992877,1.214426
4,94,2.017186,3.025780,1.162639
4,95,2.001818,3.002728,1.180130
4,96,2.022261,3.033392,1.147714
4,97,2.015861,3.023791,1.185588
4,98,1.986164,2.979246,1.209815
4,99,1.973895,2.960843,1.259125
4,100,2.020936,3.031404,1.175419
4,101,1.971374,2.957060,1.251512
4,102,2.013381,3.020072,1.183297
4,103,2.000992,3.001488,1.202877
4,104,1.963349,2.945023,1.250832
4,105,1.989668,2.984502,1.221108
4,106,2.025220,3.037831,1.152375
4,107,1.997009,2.995514,1.187520
4,108,1.998773,2.998160,1.189632
4,109,1.987334,2.981002,1.203127
4,110,1.995989,2.993984,1.192810
4,111,1.989010,2.983515,1.242989
4,112,1.994805,2.992208,1.240272
4,113,2.030779,3.046168,1.163731
4,114,1.975956,2.963934,1.251041
4,115,2.007373,3.011059,1.209318
4,116,2.032795,3.049193,1.162793
4,117,2.025272,3.037909,1.154529
4,118,2.003567,3.005350,1.175076
4,119,1.993177,2.989765,1.193771
4,120,1.958263,2.937394,1.253607
4,121,2.024457,3.036685,1.157445
4,122,2.001017,3.001526,1.210216
4,123,2.011592,3.017387,1.167905
4,124,1.983240,2.974861,1.226811
4,125,2.014022,3.021032,1.183689
4,126,2.014969,3.022454,1.167594
4,127,2.004730,3.007094,1.182524
4,128,2.007770,3.011655,1.201478
4,129,1.996722,2.995083,1.207936
4,130,2.010842,3.016263,1.170374
4,131,1.985114,2.977670,1.243583
4,132,1.933649,2.900474,1.331325
4,133,2.002966,3.004449,1.221301
4,134,2.018532,3.027797,1.169806
4,135,1.969451,2.954177,1.273186
4,136,2.024987,3.037480,1.171248
4,137,2.007730,3.011595,1.184263
4,138,1.983639,2.975458,1.217688
4,139,1.971874,2.957811,1.258450
4,140,1.978834,2.968251,1.246169
4,141,1.988903,2.983354,1.226683
4,142,2.012056,3.018084,1.182508
4,143,1.991392,2.987088,1.220128
4,144,2.014068,3.021101,1.169542
4,145,2.011434,3.017151,1.196500
4,146,2.023130,3.034695,1.166820
4,147,1.930744,2.896116,1.315454
4,148,2.047324,3.070986,1.147940
4,149,2.015706,3.023559,1.161607
4,150,2.031791,3.047687,1.155686
4,151,2.007422,3.011133,1.172867
4,152,1.979967,2.969951,1.215540
4,153,2.000971,3.001456,1.206070
4,154,1.983399,2.975098,1.223150
4,155,1.995679,2.993519,1.200827
4,156,2.003837,3.005755,1.176889
4,157,1.952594,2.928891,1.262036
4,158,2.009318,3.013976,1.185237
4,159,1.998452,2.997678,1.197565
4,160,2.010549,3.015824,1.173907
4,161,2.006213,3.009320,1.173698
4,162,1.992984,2.989476,1.207668
4,163,1.964651,2.946976,1.264990
4,164,1.996531,2.994797,1.202841
4,165,1.981748,2.972622,1.230677
4,166,2.020454,3.030680,1.194976
4,167,2.027749,3.041624,1.168290
4,168,1.993215,2.989823,1.216661
4,169,2.013333,3.019999,1.175918
4,170,2.018752,3.028127,1.151220
4,171,2.002907,3.004361,1.179822
4,172,1.990691,2.986036,1.208222
4,173,2.001965,3.002947,1.181517
4,174,1.987766,2.981649,1.217968
4,175,2.015477,3.023215,1.200496
4,176,2.003650,3.005476,1.203519
4,177,1.974035,2.961053,1.255090
4,178,1.980330,2.970495,1.244238
4,179,2.022431,3.033646,1.178269
4,180,2.008521,3.012781,1.193155
4,181,2.014805,3.022208,1.168610
4,182,2.032977,3.049465,1.126988
4,183,1.996015,2.994022,1.169873
4,184,1.965655,2.948483,1.238660
4,185,2.017768,3.026652,1.150997
4,186,2.006912,3.010367,1.174997
4,187,2.014728,3.022092,1.167713
4,188,1.983535,2.975303,1.200438
4,189,1.985632,2.978448,1.240946
4,190,1.987427,2.981141,1.245503
4,191,2.013098,3.019647,1.202732
4,192,1.992531,2.988797,1.224501
4,193,2.011415,3.017123,1.187216
4,194,2.004975,3.007463,1.178547
4,195,1.954043,2.931064,1.273846
4,196,1.981347,2.972021,1.265234
4,197,2.006760,3.010140,1.213251
4,198,2.010269,3.015404,1.172370
4,199,1.975732,2.963598,1.235640
4,200,1.985161,2.977742,1.226918
4,201,2.018928,3.028392,1.176182
4,202,2.029223,3.043834,1.143864
4,203,2.001826,3.002739,1.191646
4,204,2.012377,3.018565,1.174391
4,205,1.982370,2.973555,1.208863
4,206,2.031427,3.047140,1.144429
4,207,2.005653,3.008479,1.181130
4,208,1.976448,2.964673,1.236650
4,209,1.962901,2.944352,1.249928
4,210,2.025786,3.038679,1.152769
4,211,1.987946,2.981920,1.219999
4,212,2.027127,3.040690,1.166303
4,213,2.021507,3.032261,1.182173
4,214,2.004051,3.006076,1.183032
4,215,1.985260,2.977889,1.217820
4,216,1.985346,2.978018,1.216689
4,217,1.994978,2.992467,1.187385
4,218,1.993067,2.989601,1.213430
4,219,2.000202,3.000304,1.202252
4,220,2.008225,3.012338,1.169886
4,221,1.970885,2.956328,1.230799
4,222,2.024553,3.036829,1.165608
4,223,1.996220,2.994330,1.195200
4,224,1.981984,2.972976,1.230487
4,225,2.027939,3.041908,1.178760
4,226,2.032507,3.048760,1.156214
4,227,2.014036,3.021054,1.164357
4,228,1.986119,2.979178,1.204944
4,229,1.992629,2.988944,1.227562
4,230,2.007013,3.010519,1.178694
4,231,1.989756,2.984634,1.231112
4,232,2.002066,3.003098,1.191906
4,233,1.978466,2.967698,1.232247
4,234,2.024830,3.037244,1.174715
4,235,1.995177,2.992765,1.208263
4,236,2.013843,3.020764,1.167025
4,237,1.999903,2.999855,1.182790
4,238,2.008183,3.012274,1.168753
4,239,2.004323,3.006484,1.186342
4,240,1.997410,2.996115,1.179860
4,241,1.989621,2.984432,1.205082
4,242,2.024880,3.037320,1.128883
4,243,1.940878,2.911316,1.280689
4,244,2.006136,3.009204,1.167465
4,245,1.995201,2.992802,1.178463
4,246,1.973509,2.960263,1.224564
4,247,1.990523,2.985785,1.185779
4,248,1.979736,2.969604,1.223246
4,249,1.990674,2.986010,1.203073
4,250,1.994795,2.992193,1.218325
4,251,2.014211,3.021316,1.179072
4,252,1.975518,2.963278,1.238370
4,253,2.020122,3.030183,1.172430
4,254,1.983854,2.975782,1.234948
4,255,1.996867,2.995300,1.220783
4,256,2.027115,3.040673,1.171120
4,257,1.979458,2.969187,1.228043
4,258,2.018340,3.027510,1.181089
4,259,2.030617,3.045925,1.160395
4,260,1.980643,2.970965,1.202546
4,261,2.015999,3.023999,1.194149
4,262,2.038065,3.057098,1.142588
4,263,2.015904,3.023856,1.154716
4,264,1.999253,2.998879,1.173823
4,265,2.001096,3.001645,1.179176
4,266,1.997066,2.995600,1.175518
4,267,1.976839,2.965258,1.239346
4,268,2.007526,3.011290,1.181782
4,269,1.977537,2.966306,1.228705
4,270,1.989566,2.984348,1.207264
4,271,1.976800,2.965199,1.228949
4,272,2.009550,3.014325,1.191678
4,273,1.995736,2.993604,1.198818
4,274,2.024796,3.037193,1.151131
4,275,1.995944,2.993916,1.210760
4,276,1.990773,2.986160,1.214904
4,277,2.001891,3.002836,1.209386
4,278,2.031325,3.046987,1.132947
4,279,1.996437,2.994655,1.189291
4,280,2.001101,3.001651,1.191392
4,281,1.984999,2.977499,1.211890
4,282,2.025690,3.038535,1.144011
4,283,1.958475,2.937713,1.271697
4,284,2.004278,3.006416,1.197332
4,285,1.998914,2.998370,1.176429
4,286,1.984509,2.976763,1.222522
4,287,2.016979,3.025469,1.162960
4,288,2.009880,3.014820,1.147255
4,289,1.985568,2.978353,1.204843
4,290,2.024839,3.037258,1.148886
4,291,1.997281,2.995922,1.196253
4,292,2.024314,3.036470,1.155050
4,293,2.012186,3.018279,1.156221
4,294,1.980163,2.970244,1.204235
4,295,2.002975,3.004463,1.192819
4,296,2.021213,3.031820,1.168348
4,297,1.980708,2.971062,1.252857
4,298,2.010382,3.015573,1.197687
4,299,1.997335,2.996002,1.217560
4,300,1.998125,2.997187,1.213266
4,301,2.004703,3.007055,1.193208
4,302,1.985942,2.978913,1.231003
4,303,2.026650,3.039976,1.166077
4,304,1.959044,2.938565,1.285915
4,305,2.029885,3.044827,1.158205
4,306,1.999293,2.998940,1.191730
4,307,2.022477,3.033716,1.175462
4,308,1.996234,2.994351,1.220631
4,309,1.990422,2.985633,1.214155
4,310,2.011292,3.016938,1.196043
4,311,1.997141,2.995711,1.197244
4,312,2.043014,3.064520,1.137392
4,313,1.985127,2.977691,1.232838
4,314,2.032252,3.048379,1.161673
4,315,2.035588,3.053382,1.152066
4,316,1.988161,2.982241,1.227473
4,317,2.009248,3.013872,1.208402
4,318,2.016354,3.024532,1.197926
4,319,1.975536,2.963304,1.264690
4,320,1.998582,2.997873,1.215260
4,321,1.990721,2.986082,1.222840
4,322,1.993526,2.990288,1.235399
4,323,2.007757,3.011635,1.205027
4,324,2.005058,3.007587,1.210606
4,325,2.036761,3.055142,1.155045
4,326,1.990712,2.986067,1.233954
4,327,1.984255,2.976383,1.233782
4,328,1.998749,2.998123,1.182793
4,329,1.941507,2.912260,1.341859
4,330,2.030406,3.045610,1.182995
4,331,1.985155,2.977733,1.256463
4,332,2.016975,3.025462,1.192669
4,333,1.977430,2.966145,1.282418
4,334,2.012805,3.019207,1.175878
4,335,2.002582,3.003873,1.204135
4,336,2.029155,3.043732,1.153191
4,337,2.013323,3.019985,1.178499
4,338,1.998757,2.998136,1.187772
4,339,2.021739,3.032609,1.152181
4,340,2.012429,3.018643,1.152657
4,341,1.981823,2.972734,1.231669
4,342,1.997890,2.996835,1.208783
4,343,1.996003,2.994004,1.198457
4,344,2.001916,3.002874,1.191193
4,345,2.005669,3.008503,1.189835
4,346,1.991984,2.987976,1.199762
4,347,2.000473,3.000709,1.203655
4,348,2.013736,3.020604,1.182023
4,349,1.977285,2.965928,1.246636
4,350,2.025437,3.038156,1.210167
4,351,2.045787,3.068680,1.156539
4,352,1.993682,2.990523,1.224323
4,353,2.005589,3.008383,1.189034
4,354,2.018332,3.027499,1.151382
4,355,2.010139,3.015208,1.179491
4,356,1.981013,2.971519,1.224511
4,357,1.988716,2.983074,1.202939
4,358,2.003633,3.005449,1.183876
4,359,1.986378,2.979568,1.222777
4,360,2.025643,3.038465,1.146262
4,361,1.997302,2.995953,1.194739
4,362,2.030253,3.045379,1.134993
4,363,2.040513,3.060769,1.144563
4,364,2.035134,3.052701,1.142533
4,365,1.994457,2.991686,1.232371
4,366,1.998786,2.998179,1.236898
4,367,1.969618,2.954427,1.273386
4,368,1.961397,2.942096,1.267303
4,369,2.007344,3.011017,1.204295
4,370,1.997020,2.995530,1.209575
4,371,2.006554,3.009830,1.188652
4,372,2.001995,3.002993,1.213498
4,373,1.999425,2.999138,1.245580
4,374,2.042639,3.063958,1.143926
4,375,2.002596,3.003894,1.167058
4,376,1.982058,2.973086,1.196325
4,377,1.978200,2.967299,1.219840
4,378,1.970227,2.955341,1.265180
4,379,2.028782,3.043173,1.171415
4,380,2.033027,3.049540,1.150662
4,381,2.032732,3.049098,1.189235
4,382,2.019728,3.029592,1.161327
4,383,2.005224,3.007836,1.185811
4,384,2.022764,3.034146,1.161926
4,385,1.990155,2.985232,1.204490
4,386,1.989839,2.984759,1.189090
4,387,2.000283,3.000424,1.202656
4,388,2.025939,3.038909,1.149761
4,389,2.007401,3.011101,1.163126
4,390,2.001796,3.002694,1.212017
4,391,1.981707,2.972560,1.235908
4,392,1.987035,2.980553,1.210010
4,393,1.961832,2.942748,1.276066
4,394,2.020878,3.031317,1.173530
4,395,2.005441,3.008161,1.182348
4,396,1.984068,2.976102,1.218108
4,397,1.997508,2.996262,1.212721
4,398,1.983436,2.975154,1.247309
4,399,1.989976,2.984964,1.239213
4,400,2.022093,3.033140,1.168119
4,401,1.971607,2.957411,1.263898
4,402,2.001945,3.002917,1.240808
4,403,1.995777,2.993665,1.203196
4,404,2.023570,3.035354,1.160170
4,405,2.004049,3.006073,1.164370
4,406,1.965172,2.947757,1.236001
4,407,1.994971,2.992456,1.199658
4,408,2.007429,3.011143,1.170834
4,409,2.002072,3.003109,1.181216
4,410,2.000783,3.001174,1.187562
4,411,1.985444,2.978166,1.203916
4,412,2.013034,3.019551,1.181291
4,413,2.008466,3.012699,1.170488
4,414,2.012965,3.019448,1.161914
4,415,2.003538,3.005307,1.221884
4,416,2.026595,3.039893,1.166881
4,417,1.998154,2.997231,1.191280
4,418,1.952615,2.928922,1.286601
4,419,1.993815,2.990722,1.204142
4,420,1.988588,2.982882,1.213204
4,421,2.031941,3.047912,1.141404
4,422,1.979357,2.969036,1.209036
4,423,1.979083,2.968625,1.219807
4,424,2.011750,3.017625,1.184962
4,425,2.001706,3.002559,1.168235
4,426,1.989198,2.983797,1.204455
4,427,2.004628,3.006943,1.192316
4,428,2.008194,3.012290,1.195766
4,429,1.983460,2.975189,1.212397
4,430,2.027060,3.040590,1.162077
4,431,1.984793,2.977189,1.213916
4,432,2.018555,3.027832,1.163223
4,433,2.000041,3.000061,1.203652
4,434,2.007298,3.010946,1.184580
4,435,1.991305,2.986957,1.202866
4,436,2.013010,3.019516,1.198404
4,437,2.005779,3.008668,1.196183
4,438,2.009389,3.014083,1.184101
4,439,1.987851,2.981776,1.197534
4,440,2.003657,3.005486,1.198127
4,441,2.025364,3.038047,1.160731
4,442,2.010406,3.015609,1.156551
4,443,1.982569,2.973853,1.227646
4,444,1.987424,2.981136,1.217236
4,445,2.007964,3.011947,1.178338
4,446,1.992522,2.988782,1.197631
4,447,1.995951,2.993927,1.200910
4,448,2.017943,3.026914,1.152600
4,449,2.000676,3.001014,1.182869
4,450,1.989427,2.984141,1.200594
4,451,1.995239,2.992858,1.192854
4,452,2.003418,3.005126,1.187676
4,453,2.023487,3.035230,1.168980
4,454,2.004953,3.007430,1.192103
4,455,1.983183,2.974775,1.225478
4,456,2.004993,3.007489,1.186494
4,457,1.991863,2.987795,1.217715
4,458,2.016934,3.025400,1.187224
4,459,2.030293,3.045440,1.148949
4,460,1.984828,2.977242,1.224750
4,461,2.011029,3.016543,1.189290
4,462,2.011268,3.016902,1.176208
4,463,1.998081,2.997122,1.201441
4,464,1.997726,2.996589,1.179465
4,465,2.012511,3.018767,1.184424
4,466,1.991887,2.987830,1.197945
4,467,2.025480,3.038220,1.155143
4,468,2.013709,3.020563,1.166986
4,469,1.996143,2.994214,1.202354
4,470,2.015870,3.023805,1.177537
4,471,1.985281,2.977921,1.221367
4,472,2.003100,3.004649,1.183302
4,473,2.000932,3.001398,1.198690
4,474,2.005297,3.007946,1.199966
4,475,2.026408,3.039612,1.190968
4,476,2.015725,3.023587,1.200818
4,477,1.988945,2.983417,1.220377
4,478,2.021745,3.032618,1.171303
4,479,2.002907,3.004360,1.201670
4,480,2.000626,3.000939,1.209849
4,481,2.016766,3.025149,1.164175
4,482,1.999635,2.999452,1.193829
4,483,2.020158,3.030237,1.166325
4,484,2.000167,3.000250,1.182690
4,485,1.987983,2.981974,1.214776
4,486,2.015142,3.022713,1.168219
4,487,1.948407,2.922610,1.271333
4,488,2.007636,3.011455,1.191940
4,489,1.972713,2.959070,1.282019
4,490,1.998242,2.997364,1.209266
4,491,1.974115,2.961173,1.247199
4,492,1.996877,2.995316,1.195750
4,493,1.995820,2.993730,1.216996
4,494,2.038152,3.057228,1.172526
4,495,2.015528,3.023292,1.179162
4,496,2.002676,3.004014,1.216407
4,497,2.003299,3.004948,1.195652
4,498,2.008823,3.013235,1.166383
4,499,1.965413,2.948119,1.255840
4,500,2.007241,3.010862,1.202093
4,501,1.998989,2.998483,1.208577
4,502,2.012326,3.018488,1.190665
4,503,2.022104,3.033155,1.183235
4,504,2.008111,3.012166,1.190528
4,505,2.014342,3.021513,1.181022
4,506,1.992042,2.988064,1.196633
4,507,1.983876,2.975813,1.208573
4,508,2.004966,3.007449,1.191540
4,509,2.018046,3.027069,1.157551
4,510,2.012245,3.018368,1.153643
4,511,1.971542,2.957312,1.248853
4,512,2.025811,3.038716,1.159126
4,513,1.984357,2.976535,1.211822
4,514,1.992347,2.988520,1.211511
4,515,2.009126,3.013689,1.170642
4,516,2.013690,3.020535,1.146997
4,517,1.995905,2.993857,1.194900
4,518,2.020143,3.030214,1.163877
4,519,1.991158,2.986737,1.193685
4,520,1.985482,2.978223,1.198286
4,521,1.993364,2.990047,1.191764
4,522,2.008150,3.012225,1.169651
4,523,1.996358,2.994537,1.196091
4,524,2.002327,3.003490,1.198357
4,525,2.017584,3.026376,1.167882
4,526,2.010471,3.015706,1.162790
4,527,2.008267,3.012400,1.191003
4,528,1.999959,2.999939,1.205086
4,529,1.953577,2.930365,1.311611
4,530,2.021193,3.031790,1.170331
4,531,2.004677,3.007015,1.185911
4,532,1.998148,2.997222,1.255890
4,533,2.025216,3.037825,1.184368
4,534,2.006945,3.010417,1.185606
4,535,1.973653,2.960479,1.249988
4,536,2.024554,3.036832,1.154452
4,537,2.002738,3.004107,1.172782
4,538,1.987443,2.981165,1.208903
4,539,2.010513,3.015769,1.180804
4,540,2.019964,3.029946,1.169142
4,541,2.021723,3.032584,1.155036
4,542,1.971934,2.957901,1.218883
4,543,1.958676,2.938014,1.261950
4,544,2.013448,3.020171,1.194030
4,545,2.017978,3.026967,1.162798
4,546,2.019920,3.029880,1.177968
4,547,1.989128,2.983693,1.214050
4,548,1.974064,2.961096,1.262464
4,549,2.015975,3.023963,1.171429
4,550,1.995808,2.993712,1.211170
4,551,2.009185,3.013778,1.176870
4,552,1.970988,2.956482,1.229959
4,553,1.990860,2.986290,1.212037
4,554,1.998657,2.997985,1.192802
4,555,2.025887,3.038830,1.122242
4,556,2.007439,3.011159,1.156516
4,557,2.015110,3.022665,1.156542
4,558,2.013561,3.020342,1.154789
4,559,1.937391,2.906087,1.284055
4,560,2.023766,3.035650,1.190845
4,561,2.010953,3.016429,1.194562
4,562,1.998847,2.998270,1.197634
4,563,1.997816,2.996724,1.202528
4,564,1.984526,2.976788,1.226716
4,565,1.977688,2.966531,1.254829
4,566,2.060001,3.090001,1.153037
4,567,1.985587,2.978381,1.229782
4,568,2.025277,3.037915,1.173942
4,569,1.996295,2.994443,1.187463
4,570,1.978663,2.967994,1.241418
4,571,2.017160,3.025740,1.190774
4,572,1.941922,2.912883,1.323386
4,573,1.985834,2.978751,1.243182
4,574,1.992740,2.989110,1.232417
4,575,1.995734,2.993601,1.239956
4,576,2.021874,3.032812,1.196232
4,577,2.031846,3.047769,1.192450
4,578,2.029918,3.044877,1.160314
4,579,2.014343,3.021514,1.179294
4,580,2.015220,3.022831,1.152482
4,581,1.997959,2.996938,1.191250
4,582,2.019172,3.028757,1.172104
4,583,1.984603,2.976904,1.203173
4,584,1.982650,2.973976,1.239794
4,585,2.013191,3.019787,1.176629
4,586,2.000609,3.000914,1.195980
4,587,2.024379,3.036568,1.171968
4,588,1.985490,2.978236,1.233274
4,589,2.005343,3.008015,1.189286
4,590,1.991950,2.987926,1.233605
4,591,2.002840,3.004260,1.182944
4,592,1.974649,2.961974,1.263046
4,593,2.013484,3.020227,1.192443
4,594,1.994287,2.991431,1.208548
4,595,1.986118,2.979178,1.226705
4,596,2.003886,3.005829,1.207219
4,597,2.014950,3.022425,1.203338
4,598,1.996590,2.994885,1.238781
4,599,1.959178,2.938767,1.281645
4,600,2.021434,3.032151,1.177317
4,601,1.995684,2.993526,1.227166
4,602,2.002283,3.003425,1.208739
4,603,2.004055,3.006082,1.175891
4,604,2.006299,3.009448,1.174441
4,605,1.985431,2.978146,1.221241
4,606,2.022695,3.034042,1.134898
4,607,1.996627,2.994941,1.171726
4,608,1.981341,2.972012,1.222818
4,609,1.989068,2.983601,1.228121
4,610,2.026838,3.040257,1.169236
4,611,2.018358,3.027536,1.163034
4,612,2.006150,3.009225,1.183623
4,613,1.991787,2.987681,1.193373
4,614,1.990256,2.985384,1.201410
4,615,1.995063,2.992595,1.176371
4,616,1.979590,2.969384,1.215967
4,617,2.012093,3.018140,1.180300
4,618,2.003871,3.005807,1.183007
4,619,1.981488,2.972232,1.218402
4,620,2.013530,3.020295,1.175487
4,621,2.028056,3.042084,1.146147
4,622,2.002326,3.003488,1.169604
4,623,1.927101,2.890652,1.325325
4,624,2.035020,3.052530,1.145832
4,625,1.982127,2.973190,1.212957
4,626,1.973680,2.960520,1.280639
4,627,2.035213,3.052820,1.171481
4,628,1.988738,2.983107,1.205159
4,629,1.999199,2.998799,1.205673
4,630,2.003009,3.004513,1.220066
4,631,2.009504,3.014256,1.195849
4,632,2.006053,3.009079,1.188451
4,633,2.001378,3.002066,1.188322
4,634,2.007038,3.010558,1.180527
4,635,2.012770,3.019154,1.171146
4,636,1.969883,2.954825,1.249093
4,637,2.004895,3.007342,1.210419
4,638,2.002443,3.003665,1.209766
4,639,1.996076,2.994113,1.188895
4,640,1.996565,2.994848,1.174805
4,641,2.001296,3.001944,1.168953
4,642,1.993257,2.989886,1.192130
4,643,2.017490,3.026234,1.148223
4,644,1.997177,2.995765,1.196780
4,645,1.999045,2.998568,1.222960
4,646,1.995163,2.992744,1.207425
4,647,2.012041,3.018062,1.198310
4,648,1.997103,2.995654,1.211444
4,649,2.026863,3.040294,1.158845
4,650,1.999247,2.998870,1.185072
4,651,1.994711,2.992067,1.202445
4,652,2.023587,3.035381,1.143707
4,653,1.992097,2.988146,1.213101
4,654,1.974114,2.961171,1.229049
4,655,2.028220,3.042329,1.175348
4,656,2.023736,3.035604,1.155206
4,657,2.005703,3.008555,1.187439
4,658,1.989312,2.983967,1.213062
4,659,1.992865,2.989298,1.195043
4,660,1.991505,2.987258,1.196599
4,661,2.008099,3.012149,1.181645
4,662,1.979449,2.969173,1.221332
4,663,2.008975,3.013462,1.171127
4,664,1.989953,2.984930,1.202446
4,665,2.019591,3.029387,1.168122
4,666,2.008212,3.012318,1.177059
4,667,2.006587,3.009880,1.181921
4,668,1.981134,2.971701,1.220957
4,669,2.014364,3.021546,1.171280
4,670,2.003319,3.004979,1.190313
4,671,2.014865,3.022298,1.161748
4,672,2.000645,3.000968,1.203239
4,673,2.019180,3.028770,1.193707
4,674,2.025412,3.038119,1.157868
4,675,2.020578,3.030866,1.180409
4,676,2.024593,3.036890,1.148930
4,677,1.972765,2.959147,1.224274
4,678,2.015712,3.023568,1.156477
4,679,2.015487,3.023231,1.159048
4,680,1.980560,2.970840,1.247972
4,681,2.013097,3.019645,1.213871
4,682,1.991102,2.986653,1.228154
4,683,1.993120,2.989680,1.226814
4,684,2.001630,3.002446,1.225351
4,685,1.998168,2.997252,1.201530
4,686,2.011059,3.016589,1.200740
4,687,1.995137,2.992705,1.208484
4,688,2.000122,3.000183,1.186080
4,689,1.989817,2.984725,1.221619
4,690,2.012263,3.018395,1.177425
4,691,1.997547,2.996321,1.198145
4,692,2.018319,3.027478,1.184708
4,693,1.976766,2.965149,1.251619
4,694,2.022708,3.034062,1.193439
4,695,2.027576,3.041364,1.157119
4,696,2.012937,3.019405,1.187093
4,697,2.018589,3.027883,1.172486
4,698,2.024557,3.036836,1.141740
4,699,1.979753,2.969630,1.239893
4,700,2.029642,3.044463,1.152142
4,701,1.980209,2.970314,1.214177
4,702,2.001258,3.001887,1.189012
4,703,2.004633,3.006950,1.172659
4,704,1.989693,2.984539,1.199737
4,705,1.995876,2.993813,1.215860
4,706,2.004541,3.006812,1.175722
4,707,1.977524,2.966287,1.222801
4,708,2.008354,3.012530,1.193613
4,709,2.012441,3.018661,1.173114
4,710,1.982887,2.974330,1.215806
4,711,1.987230,2.980844,1.204801
4,712,1.991407,2.987110,1.234856
4,713,2.000449,3.000673,1.210095
4,714,2.012307,3.018461,1.170739
4,715,2.000210,3.000315,1.178494
4,716,1.993140,2.989710,1.219208
4,717,2.015248,3.022872,1.189044
4,718,2.036967,3.055450,1.140250
4,719,2.011405,3.017107,1.195446
4,720,2.002220,3.003330,1.198462
4,721,2.008019,3.012028,1.185530
4,722,2.007230,3.010845,1.165998
4,723,1.978249,2.967374,1.243350
4,724,2.016161,3.024241,1.148216
4,725,1.966452,2.949677,1.227305
4,726,1.992720,2.989079,1.198950
4,727,1.994611,2.991917,1.212368
4,728,2.017548,3.026322,1.162798
4,729,2.008279,3.012418,1.184215
4,730,1.997026,2.995538,1.191372
4,731,2.020691,3.031036,1.170502
4,732,1.999114,2.998671,1.219197
4,733,2.023521,3.035282,1.161435
4,734,2.002446,3.003670,1.202018
4,735,2.015165,3.022747,1.190334
4,736,2.013631,3.020446,1.177687
4,737,2.016030,3.024045,1.177897
4,738,1.958281,2.937421,1.273221
4,739,2.001303,3.001954,1.219311
4,740,2.011950,3.017925,1.167940
4,741,1.981892,2.972838,1.205318
4,742,2.023866,3.035799,1.128374
4,743,1.960768,2.941152,1.254714
4,744,1.982871,2.974306,1.258724
4,745,2.015089,3.022634,1.185416
4,746,2.008287,3.012431,1.187016
4,747,1.992139,2.988208,1.241510
4,748,1.993404,2.990105,1.207807
4,749,2.012237,3.018355,1.183360
4,750,1.986818,2.980227,1.222908
4,751,2.011871,3.017807,1.204353
4,752,1.983185,2.974778,1.225686
4,753,2.010349,3.015524,1.204888
4,754,2.017626,3.026439,1.171957
4,755,2.010982,3.016472,1.174624
4,756,1.981578,2.972366,1.225082
4,757,1.996103,2.994154,1.200505
4,758,2.015215,3.022823,1.165177
4,759,1.993586,2.990379,1.191214
4,760,1.980354,2.970530,1.220732
4,761,1.972813,2.959220,1.246339
4,762,1.981584,2.972375,1.254573
4,763,2.036050,3.054075,1.153169
4,764,2.019809,3.029713,1.148058
4,765,1.997925,2.996887,1.185172
4,766,2.013729,3.020594,1.208434
4,767,1.996653,2.994979,1.210114
4,768,1.993544,2.990316,1.189532
4,769,1.973079,2.959619,1.225601
4,770,1.994372,2.991559,1.193597
4,771,2.020984,3.031477,1.164333
4,772,2.012676,3.019014,1.168810
4,773,2.005396,3.008093,1.172167
4,774,1.970163,2.955245,1.239381
4,775,1.957026,2.935539,1.283470
4,776,2.032969,3.049453,1.143891
4,777,1.982909,2.974364,1.226699
4,778,2.000622,3.000932,1.197328
4,779,2.014619,3.021929,1.174770
4,780,2.021117,3.031676,1.179998
4,781,2.006695,3.010042,1.181265
4,782,1.996886,2.995329,1.199421
4,783,2.016966,3.025449,1.204325
4,784,2.013543,3.020315,1.187694
4,785,1.982413,2.973620,1.239012
4,786,1.972771,2.959156,1.247397
4,787,1.997319,2.995979,1.214924
4,788,1.990399,2.985598,1.213660
4,789,1.969207,2.953811,1.251677
4,790,2.004654,3.006981,1.201535
4,791,2.032064,3.048095,1.159405
4,792,2.012487,3.018731,1.177369
4,793,2.002884,3.004326,1.176739
4,794,1.959892,2.939838,1.251823
4,795,1.994788,2.992181,1.209572
4,796,2.016646,3.024969,1.159695
4,797,1.967816,2.951724,1.238963
4,798,1.955789,2.933684,1.298039
4,799,1.991221,2.986831,1.243017
4,800,2.002682,3.004023,1.194929
4,801,1.991653,2.987479,1.200437
4,802,2.014413,3.021620,1.166963
4,803,2.003125,3.004688,1.171655
4,804,1.997521,2.996282,1.177286
4,805,1.997227,2.995840,1.175502
4,806,1.990764,2.986147,1.206224
4,807,1.982294,2.973441,1.211209
4,808,2.029617,3.044426,1.159899
4,809,2.006366,3.009549,1.194942
4,810,1.959413,2.939120,1.279788
4,811,2.028054,3.042082,1.170165
4,812,2.017148,3.025722,1.170146
4,813,1.996187,2.994281,1.215093
4,814,2.026777,3.040165,1.149249
4,815,2.001494,3.002241,1.180560
4,816,2.002440,3.003659,1.161546
4,817,1.997737,2.996606,1.175059
4,818,2.001644,3.002466,1.177091
4,819,1.986394,2.979591,1.210524
4,820,1.998692,2.998037,1.197746
4,821,1.980411,2.970616,1.238901
4,822,2.011150,3.016725,1.184261
4,823,2.018573,3.027859,1.168996
4,824,2.005928,3.008892,1.191159
4,825,2.026130,3.039195,1.152786
4,826,2.010250,3.015376,1.159791
4,827,1.992124,2.988186,1.211750
4,828,2.017286,3.025929,1.187657
4,829,2.007227,3.010841,1.188202
4,830,1.944507,2.916760,1.320628
4,831,2.016593,3.024890,1.161258
4,832,1.981018,2.971528,1.226166
4,833,1.979713,2.969570,1.260921
4,834,1.976952,2.965428,1.242068
4,835,1.981087,2.971630,1.260534
4,836,1.993219,2.989828,1.219425
4,837,1.998782,2.998173,1.239128
4,838,2.007965,3.011947,1.198474
4,839,2.019097,3.028646,1.177685
4,840,2.012050,3.018074,1.186478
4,841,2.014970,3.022455,1.164266
4,842,1.987210,2.980815,1.208869
4,843,1.986837,2.980256,1.234099
4,844,2.014911,3.022366,1.166439
4,845,2.019875,3.029812,1.186336
4,846,2.013696,3.020545,1.188465
4,847,1.996302,2.994453,1.216232
4,848,1.986024,2.979036,1.224079
4,849,1.965596,2.948393,1.277313
4,850,2.029531,3.044297,1.183495
4,851,1.996544,2.994817,1.214184
4,852,1.999352,2.999028,1.229598
4,853,2.025437,3.038156,1.150174
4,854,1.996503,2.994755,1.188322
4,855,2.013706,3.020560,1.161640
4,856,1.996334,2.994501,1.184955
4,857,2.020715,3.031072,1.153924
4,858,2.026955,3.040432,1.165159
4,859,1.991513,2.987269,1.215664
4,860,2.023534,3.035302,1.143338
4,861,1.979836,2.969753,1.239800
4,862,2.051637,3.077456,1.125693
4,863,2.020573,3.030859,1.140407
4,864,2.002472,3.003708,1.180580
4,865,2.019224,3.028835,1.177762
4,866,2.001093,3.001640,1.201084
4,867,1.992933,2.989399,1.187249
4,868,2.004575,3.006863,1.196454
4,869,2.011432,3.017148,1.167640
4,870,2.012199,3.018298,1.172027
4,871,2.005234,3.007852,1.195789
4,872,1.999520,2.999280,1.195206
4,873,2.045380,3.068070,1.155420
4,874,2.009000,3.013499,1.181543
4,875,1.965121,2.947681,1.255700
4,876,1.960875,2.941312,1.272342
4,877,2.010422,3.015632,1.183688
4,878,1.982208,2.973312,1.209486
4,879,1.989904,2.984856,1.198444
4,880,2.013538,3.020307,1.146339
4,881,1.986459,2.979688,1.190936
4,882,1.940395,2.910592,1.298441
4,883,2.004151,3.006226,1.235584
4,884,1.993864,2.990796,1.239030
4,885,2.012131,3.018197,1.211537
4,886,1.987883,2.981824,1.249068
4,887,2.018850,3.028275,1.166140
4,888,1.986514,2.979772,1.224960
4,889,1.971685,2.957528,1.253752
4,890,2.001748,3.002622,1.221178
4,891,1.995239,2.992859,1.229731
4,892,2.028715,3.043072,1.154709
4,893,2.002300,3.003450,1.191370
4,894,2.001311,3.001967,1.189586
4,895,2.005227,3.007841,1.199805
4,896,1.993895,2.990842,1.201727
4,897,1.972949,2.959424,1.257093
4,898,2.019940,3.029909,1.165843
4,899,2.012889,3.019334,1.175534
4,900,2.008450,3.012676,1.161318
4,901,1.992410,2.988615,1.198336
4,902,2.001222,3.001833,1.195525
4,903,1.990788,2.986182,1.198061
4,904,2.025898,3.038848,1.127926
4,905,1.982268,2.973402,1.225362
4,906,1.998005,2.997008,1.208446
4,907,1.983751,2.975626,1.238496
4,908,2.011492,3.017238,1.183207
4,909,1.998276,2.997413,1.201830
4,910,1.975852,2.963778,1.237798
4,911,1.975673,2.963509,1.258981
4,912,2.018367,3.027550,1.194618
4,913,1.998734,2.998101,1.206676
4,914,1.986041,2.979062,1.219959
4,915,2.005655,3.008482,1.203192
4,916,2.022640,3.033960,1.171489
4,917,1.994951,2.992426,1.237295
4,918,2.018579,3.027868,1.186533
4,919,2.010643,3.015964,1.215660
4,920,2.005995,3.008993,1.179259
4,921,1.981756,2.972633,1.215173
4,922,1.993853,2.990779,1.204799
4,923,2.003072,3.004607,1.173830
4,924,1.978598,2.967898,1.218798
4,925,2.022575,3.033863,1.162686
4,926,1.992958,2.989437,1.198713
4,927,1.999721,2.999582,1.202398
4,928,1.993996,2.990994,1.237420
4,929,2.017639,3.026458,1.175254
4,930,2.010772,3.016158,1.170054
4,931,2.016586,3.024879,1.158080
4,932,1.999987,2.999981,1.182393
4,933,1.996607,2.994910,1.187421
4,934,1.986171,2.979257,1.222632
4,935,1.996994,2.995491,1.215684
4,936,1.986563,2.979844,1.233790
4,937,2.018593,3.027889,1.169235
4,938,1.998906,2.998359,1.190708
4,939,2.006903,3.010355,1.154904
4,940,1.974392,2.961588,1.224357
4,941,1.984143,2.976214,1.226210
4,942,1.996308,2.994462,1.191821
4,943,1.996518,2.994777,1.192380
4,944,1.993981,2.990971,1.214085
4,945,1.979700,2.969551,1.234805
4,946,1.984293,2.976440,1.238863
4,947,2.002719,3.004079,1.221862
4,948,2.007215,3.010822,1.187074
4,949,2.007514,3.011272,1.199544
4,950,2.018649,3.027974,1.185257
4,951,1.991135,2.986703,1.239274
4,952,1.980708,2.971062,1.239447
4,953,2.002373,3.003559,1.186429
4,954,2.005091,3.007636,1.189661
4,955,2.026820,3.040230,1.163751
4,956,2.004057,3.006086,1.194416
4,957,2.013668,3.020502,1.170518
4,958,2.021894,3.032841,1.170577
4,959,2.027060,3.040589,1.144793
4,960,1.993940,2.990910,1.184033
4,961,1.990422,2.985633,1.215515
4,962,2.015596,3.023394,1.161466
4,963,2.011843,3.017764,1.154025
4,964,1.997357,2.996035,1.184985
4,965,2.018673,3.028010,1.165041
4,966,1.977822,2.966734,1.236799
4,967,1.978962,2.968443,1.258491
4,968,2.027926,3.041889,1.161287
4,969,2.022512,3.033769,1.158567
4,970,1.974829,2.962244,1.233029
4,971,1.991608,2.987412,1.218279
4,972,2.004191,3.006286,1.178368
4,973,1.987539,2.981309,1.208797
4,974,2.022761,3.034142,1.150900
4,975,2.000558,3.000837,1.189568
4,976,1.991390,2.987085,1.208191
4,977,1.995745,2.993618,1.185737
4,978,2.000752,3.001128,1.181712
4,979,2.025001,3.037501,1.149751
4,980,1.998652,2.997978,1.178659
4,981,2.000859,3.001288,1.161943
4,982,1.993265,2.989897,1.209116
4,983,2.007606,3.011409,1.187580
4,984,2.014662,3.021993,1.175738
4,985,2.005020,3.007530,1.186772
4,986,1.971324,2.956986,1.242627
4,987,2.028137,3.042205,1.153237
4,988,2.015116,3.022675,1.167829
4,989,2.022126,3.033189,1.144686
4,990,2.021697,3.032545,1.142715
4,991,1.970979,2.956469,1.239757
4,992,2.007706,3.011559,1.180749
4,993,2.013224,3.019835,1.156044
4,994,1.991612,2.987418,1.223582
4,995,1.987968,2.981952,1.219906
4,996,2.026764,3.040146,1.167956
4,997,1.996526,2.994789,1.194459
4,998,2.001277,3.001915,1.208282
4,999,2.023706,3.035559,1.148385
4,1000,2.017919,3.026879,1.177972
5,1,2.008559,3.012838,1.174155
5,2,2.004838,3.007257,1.172242
5,3,1.991645,2.987468,1.200782
5,4,2.014048,3.021073,1.166119
5,5,2.019677,3.029515,1.177237
5,6,2.010401,3.015601,1.184753
5,7,2.004250,3.006375,1.198989
5,8,1.994595,2.991892,1.199713
5,9,1.979161,2.968742,1.225815
5,10,2.022781,3.034172,1.160341
5,11,1.916518,2.874777,1.335253
5,12,1.991570,2.987355,1.217607
5,13,2.024741,3.037111,1.157057
5,14,1.915632,2.873448,1.350806
5,15,2.034365,3.051547,1.168368
5,16,1.996154,2.994232,1.217696
5,17,1.987920,2.981880,1.216746
5,18,2.008605,3.012907,1.187634
5,19,2.018729,3.028094,1.164302
5,20,2.020679,3.031018,1.157928
5,21,1.985911,2.978867,1.230104
5,22,2.017012,3.025517,1.167543
5,23,2.020055,3.030083,1.181966
5,24,2.011386,3.017079,1.171398
5,25,1.999741,2.999612,1.183633
5,26,1.938676,2.908014,1.303508
5,27,1.992088,2.988131,1.228269
5,28,2.020185,3.030277,1.191843
5,29,1.966341,2.949512,1.284138
5,30,2.023368,3.035052,1.174641
5,31,2.016208,3.024312,1.163224
5,32,1.986392,2.979589,1.205090
5,33,2.008717,3.013075,1.163768
5,34,2.016392,3.024589,1.146588
5,35,2.033144,3.049715,1.138870
5,36,2.002040,3.003060,1.191238
5,37,2.002433,3.003650,1.179633
5,38,2.018169,3.027253,1.154934
5,39,1.958571,2.937857,1.257059
5,40,2.009449,3.014173,1.168797
5,41,2.028150,3.042226,1.149765
5,42,2.022232,3.033349,1.166879
5,43,2.014754,3.022131,1.172725
5,44,2.009141,3.013711,1.174105
5,45,2.026805,3.040207,1.155234
5,46,2.007071,3.010606,1.194614
5,47,1.985436,2.978154,1.207201
5,48,2.013067,3.019600,1.161266
5,49,2.001908,3.002862,1.198918
5,50,1.993884,2.990825,1.228322
5,51,1.999639,2.999459,1.223679
5,52,2.012500,3.018750,1.181717
5,53,1.990880,2.986319,1.216166
5,54,1.986331,2.979496,1.213176
5,55,2.016927,3.025390,1.159293
5,56,1.924595,2.886892,1.335372
5,57,2.019689,3.029534,1.176656
5,58,1.991038,2.986557,1.199196
5,59,1.994958,2.992438,1.213030
5,60,2.012211,3.018316,1.184387
5,61,1.994283,2.991424,1.223478
5,62,1.996120,2.994179,1.229642
5,63,2.017543,3.026314,1.178630
5,64,1.974503,2.961754,1.222729
5,65,2.005261,3.007891,1.186253
5,66,1.966994,2.950491,1.246706
5,67,2.026326,3.039489,1.160737
5,68,2.003558,3.005337,1.191665
5,69,1.959914,2.939872,1.282141
5,70,2.028883,3.043325,1.152273
5,71,2.002007,3.003010,1.159876
5,72,1.992169,2.988253,1.214935
5,73,1.989438,2.984157,1.216449
5,74,1.977941,2.966912,1.219811
5,75,2.012105,3.018158,1.200806
5,76,1.987835,2.981752,1.212881
5,77,2.010853,3.016280,1.169148
5,78,2.009713,3.014569,1.176738
5,79,1.993929,2.990894,1.198599
5,80,1.996328,2.994492,1.194113
5,81,1.996222,2.994332,1.212070
5,82,1.993730,2.990594,1.210672
5,83,2.013874,3.020811,1.160847
5,84,1.985044,2.977566,1.224952
5,85,2.029315,3.043973,1.166710
5,86,2.012966,3.019449,1.172292
5,87,1.992737,2.989105,1.209189
5,88,2.020442,3.030663,1.167302
5,89,2.003413,3.005119,1.175814
5,90,2.013096,3.019644,1.167973
5,91,2.005388,3.008083,1.177549
5,92,2.025018,3.037527,1.147203
5,93,1.951248,2.926871,1.252362
5,94,2.002378,3.003567,1.185708
5,95,2.021153,3.031729,1.193902
5,96,1.989267,2.983901,1.227262
5,97,1.943096,2.914645,1.297164
5,98,2.019166,3.028748,1.152209
5,99,1.998362,2.997542,1.192017
5,100,2.022027,3.033040,1.150472
5,101,2.025510,3.038265,1.141293
5,102,2.008552,3.012829,1.149898
5,103,1.995466,2.993199,1.201157
5,104,1.997046,2.995569,1.193558
5,105,1.992529,2.988793,1.204725
5,106,1.994280,2.991420,1.232352
5,107,1.992655,2.988983,1.230074
5,108,1.990942,2.986414,1.235198
5,109,2.024135,3.036202,1.166128
5,110,2.005793,3.008690,1.199270
5,111,1.995710,2.993565,1.220776
5,112,2.004707,3.007060,1.186047
5,113,1.986377,2.979566,1.237054
5,114,1.975717,2.963576,1.256346
5,115,1.997327,2.995991,1.202630
5,116,1.978957,2.968435,1.234990
5,117,1.980141,2.970211,1.209203
5,118,2.008760,3.013140,1.177547
5,119,2.001789,3.002683,1.168240
5,120,2.013181,3.019772,1.189281
5,121,2.005358,3.008036,1.202978
5,122,1.967296,2.950945,1.270518
5,123,2.008378,3.012566,1.212523
5,124,1.996820,2.995230,1.215183
5,125,2.001590,3.002386,1.204293
5,126,2.018557,3.027836,1.176036
5,127,2.009324,3.013986,1.157185
5,128,2.014369,3.021554,1.150913
5,129,2.004868,3.007301,1.182492
5,130,1.995966,2.993949,1.192838
5,131,2.038336,3.057504,1.131643
5,132,1.995808,2.993712,1.193247
5,133,2.014708,3.022062,1.161410
5,134,2.009439,3.014159,1.182735
5,135,2.008576,3.012864,1.177318
5,136,2.020061,3.030091,1.145940
5,137,2.017918,3.026877,1.156532
5,138,2.008098,3.012148,1.183880
5,139,1.982416,2.973625,1.222395
5,140,1.996844,2.995266,1.187542
5,141,1.975388,2.963082,1.240050
5,142,2.025804,3.038706,1.154614
5,143,2.003554,3.005331,1.174457
5,144,2.009359,3.014039,1.193123
5,145,1.997816,2.996724,1.209090
5,146,1.999129,2.998694,1.198794
5,147,2.008540,3.012810,1.214513
5,148,2.018273,3.027410,1.195768
5,149,2.016626,3.024938,1.186837
5,150,2.030981,3.046471,1.140918
5,151,2.011243,3.016865,1.163031
5,152,2.018723,3.028084,1.151611
5,153,1.971268,2.956902,1.229317
5,154,2.000594,3.000891,1.187685
5,155,1.992956,2.989433,1.185975
5,156,2.018413,3.027620,1.154680
5,157,1.982423,2.973635,1.210846
5,158,2.016995,3.025492,1.165028
5,159,1.999086,2.998629,1.186656
5,160,2.019796,3.029693,1.171178
5,161,1.990467,2.985701,1.245626
5,162,2.005199,3.007799,1.210651
5,163,2.003473,3.005210,1.192685
5,164,1.984048,2.976073,1.220936
5,165,2.015220,3.022830,1.162509
5,166,1.986479,2.979718,1.205878
5,167,1.988983,2.983475,1.203057
5,168,2.007891,3.011836,1.192478
5,169,2.002228,3.003343,1.219265
5,170,1.996501,2.994752,1.233806
5,171,2.026525,3.039788,1.157034
5,172,2.008598,3.012896,1.163567
5,173,1.990122,2.985183,1.207689
5,174,2.013183,3.019775,1.175177
5,175,1.983357,2.975035,1.228370
5,176,1.999795,2.999692,1.205890
5,177,2.022517,3.033775,1.148441
5,178,2.008195,3.012293,1.184290
5,179,2.006103,3.009155,1.180319
5,180,1.986923,2.980385,1.201813
5,181,1.982363,2.973545,1.216146
5,182,2.021980,3.032970,1.146075
5,183,1.924156,2.886234,1.330608
5,184,2.020583,3.030875,1.170375
5,185,2.034382,3.051574,1.129395
5,186,1.995006,2.992510,1.199018
5,187,2.001987,3.002981,1.189332
5,188,2.017116,3.025674,1.170927
5,189,2.010764,3.016145,1.179911
5,190,1.991833,2.987750,1.178896
5,191,2.006377,3.009565,1.165384
5,192,1.984870,2.977305,1.238296
5,193,2.019308,3.028961,1.158699
5,194,1.999561,2.999342,1.196081
5,195,2.011406,3.017109,1.197978
5,196,1.972600,2.958899,1.249820
5,197,2.002020,3.003030,1.204255
5,198,2.022749,3.034123,1.169129
5,199,1.984556,2.976834,1.211475
5,200,1.997144,2.995716,1.203157
5,201,2.020459,3.030688,1.167789
5,202,2.013882,3.020823,1.161775
5,203,1.970521,2.955782,1.261717
5,204,1.971677,2.957515,1.253364
5,205,2.031837,3.047756,1.178871
5,206,2.019492,3.029238,1.194362
5,207,1.966486,2.949729,1.282401
5,208,2.039194,3.058792,1.158985
5,209,2.025124,3.037686,1.173412
5,210,2.032374,3.048561,1.144751
5,211,1.996646,2.994969,1.196752
5,212,1.994515,2.991773,1.203701
5,213,2.016479,3.024718,1.164983
5,214,2.000241,3.000362,1.211774
5,215,2.010688,3.016031,1.187256
5,216,1.990202,2.985302,1.191845
5,217,1.982945,2.974417,1.239124
5,218,1.999829,2.999743,1.202655
5,219,2.033200,3.049800,1.146984
5,220,2.017200,3.025800,1.163429
5,221,2.027533,3.041299,1.169047
5,222,2.011495,3.017243,1.166856
5,223,1.999779,2.999668,1.170990
5,224,2.029869,3.044804,1.139119
5,225,2.019729,3.029593,1.149279
5,226,1.988921,2.983381,1.209056
5,227,2.005345,3.008018,1.197156
5,228,2.027430,3.041146,1.169277
5,229,2.007244,3.010866,1.193860
5,230,2.012701,3.019052,1.183316
5,231,1.993743,2.990614,1.189374
5,232,1.983040,2.974560,1.240975
5,233,2.015400,3.023100,1.176906
5,234,1.982598,2.973897,1.236067
5,235,2.000424,3.000636,1.210562
5,236,2.021888,3.032831,1.133796
5,237,1.949571,2.924357,1.270746
5,238,2.028190,3.042285,1.158445
5,239,2.005366,3.008049,1.193779
5,240,2.030087,3.045131,1.160264
5,241,2.012476,3.018714,1.192034
5,242,2.022630,3.033945,1.171101
5,243,2.012555,3.018832,1.164797
5,244,2.004652,3.006978,1.178817
5,245,2.004627,3.006940,1.189739
5,246,1.990518,2.985777,1.240140
5,247,1.981291,2.971937,1.261434
5,248,2.017594,3.026391,1.196081
5,249,2.002821,3.004232,1.210815
5,250,2.017854,3.026780,1.171716
5,251,2.017350,3.026025,1.180319
5,252,1.991366,2.987050,1.218858
5,253,1.992184,2.988275,1.235077
5,254,2.040999,3.061498,1.135544
5,255,1.972255,2.958383,1.250593
5,256,2.033721,3.050581,1.150001
5,257,2.025595,3.038393,1.155746
5,258,1.951404,2.927106,1.275966
5,259,1.992135,2.988202,1.225356
5,260,2.020202,3.030303,1.169886
5,261,1.983849,2.975774,1.223356
5,262,1.995685,2.993528,1.227599
5,263,1.961552,2.942328,1.276168
5,264,2.018995,3.028493,1.184692
5,265,2.003571,3.005356,1.212561
5,266,1.986066,2.979098,1.232223
5,267,2.022262,3.033393,1.144712
5,268,1.996229,2.994343,1.215588
5,269,2.012209,3.018313,1.189389
5,270,1.978125,2.967187,1.237123
5,271,1.999634,2.999452,1.219317
5,272,2.027120,3.040679,1.144693
5,273,1.991714,2.987571,1.189542
5,274,2.000273,3.000409,1.195442
5,275,1.999033,2.998550,1.225183
5,276,1.982829,2.974243,1.245183
5,277,1.987075,2.980612,1.226588
5,278,2.018327,3.027490,1.149998
5,279,2.001230,3.001845,1.184727
5,280,2.016784,3.025176,1.147277
5,281,1.981724,2.972586,1.201843
5,282,1.984118,2.976177,1.226846
5,283,2.005831,3.008746,1.179968
5,284,1.966611,2.949916,1.269440
5,285,2.026232,3.039348,1.144322
5,286,1.987911,2.981867,1.190848
5,287,2.027621,3.041431,1.167508
5,288,2.018775,3.028162,1.179584
5,289,1.976453,2.964679,1.233674
5,290,2.016237,3.024355,1.200220
5,291,1.997588,2.996382,1.219244
5,292,2.011316,3.016974,1.204589
5,293,2.044456,3.066684,1.127571
5,294,2.008442,3.012664,1.156223
5,295,2.004653,3.006979,1.174643
5,296,1.986937,2.980405,1.207956
5,297,2.021741,3.032612,1.147798
5,298,2.013340,3.020011,1.154296
5,299,1.971479,2.957218,1.228967
5,300,2.003539,3.005309,1.169203
5,301,2.021510,3.032265,1.173985
5,302,2.007994,3.011990,1.188062
5,303,1.957340,2.936010,1.262735
5,304,2.019224,3.028836,1.151908
5,305,2.023186,3.034779,1.152055
5,306,2.007368,3.011052,1.188251
5,307,2.000505,3.000757,1.198749
5,308,1.997115,2.995673,1.217359
5,309,2.019202,3.028804,1.191593
5,310,2.023684,3.035525,1.148815
5,311,1.949801,2.924702,1.289998
5,312,1.997883,2.996824,1.214474
5,313,2.018288,3.027432,1.178649
5,314,1.987403,2.981105,1.219017
5,315,2.019377,3.029066,1.167273
5,316,1.975366,2.963050,1.227099
5,317,2.011676,3.017514,1.183846
5,318,2.011339,3.017008,1.179024
5,319,1.979406,2.969109,1.245483
5,320,2.041325,3.061987,1.154690
5,321,2.003211,3.004816,1.193753
5,322,2.037798,3.056697,1.140865
5,323,1.978012,2.967018,1.243425
5,324,2.008930,3.013395,1.191991
5,325,1.991201,2.986802,1.197270
5,326,2.020108,3.030162,1.181013
5,327,1.999637,2.999456,1.194954
5,328,1.998319,2.997479,1.214528
5,329,1.982862,2.974292,1.228259
5,330,2.016769,3.025153,1.170286
5,331,2.004437,3.006656,1.178107
5,332,1.986052,2.979078,1.233251
5,333,2.015974,3.023961,1.205324
5,334,2.006449,3.009674,1.191256
5,335,2.009251,3.013877,1.189890
5,336,2.001630,3.002446,1.188180
5,337,2.021231,3.031847,1.148256
5,338,1.991750,2.987625,1.185884
5,339,1.968292,2.952438,1.250060
5,340,1.989720,2.984580,1.208411
5,341,2.005755,3.008633,1.201596
5,342,2.003188,3.004782,1.172642
5,343,1.995374,2.993061,1.188511
5,344,2.011536,3.017303,1.158445
5,345,2.007691,3.011537,1.166197
5,346,2.017652,3.026478,1.155461
5,347,1.974210,2.961315,1.235926
5,348,1.949228,2.923842,1.324379
5,349,2.032211,3.048316,1.155557
5,350,2.002420,3.003630,1.211745
5,351,2.021064,3.031596,1.174448
5,352,2.026114,3.039172,1.139882
5,353,1.980451,2.970676,1.226825
5,354,2.025069,3.037603,1.157169
5,355,1.965897,2.948846,1.262461
5,356,2.013591,3.020386,1.188535
5,357,2.010948,3.016422,1.169691
5,358,2.009085,3.013627,1.197559
5,359,2.029815,3.044722,1.161380
5,360,1.983708,2.975563,1.246814
5,361,2.020112,3.030167,1.169988
5,362,1.991879,2.987818,1.211030
5,363,2.035826,3.053739,1.162172
5,364,1.994175,2.991262,1.201437
5,365,2.018504,3.027756,1.181657
5,366,2.014462,3.021693,1.182799
5,367,2.024105,3.036158,1.164621
5,368,1.991306,2.986960,1.233126
5,369,2.028462,3.042693,1.164745
5,370,1.989858,2.984786,1.202584
5,371,1.984930,2.977396,1.216925
5,372,2.023237,3.034855,1.157963
5,373,2.030216,3.045323,1.148721
5,374,1.982503,2.973754,1.253503
5,375,2.057750,3.086624,1.128938
5,376,1.975719,2.963579,1.258864
5,377,2.001062,3.001593,1.180268
5,378,1.992675,2.989013,1.194418
5,379,1.973725,2.960587,1.251140
5,380,1.998449,2.997674,1.219752
5,381,2.016465,3.024698,1.189144
5,382,2.009238,3.013857,1.195020
5,383,2.009234,3.013851,1.216223
5,384,2.032407,3.048611,1.180451
5,385,1.976887,2.965330,1.249196
5,386,2.012600,3.018900,1.179345
5,387,1.982407,2.973610,1.246263
5,388,1.974919,2.962379,1.263984
5,389,1.934912,2.902368,1.349470
5,390,2.026448,3.039672,1.183323
5,391,2.015851,3.023776,1.160559
5,392,1.987956,2.981933,1.223896
5,393,2.020185,3.030277,1.176560
5,394,2.009000,3.013499,1.186861
5,395,2.010649,3.015973,1.174452
5,396,1.974154,2.961231,1.228218
5,397,1.988771,2.983157,1.222113
5,398,1.993782,2.990673,1.228236
5,399,2.025782,3.038672,1.161278
5,400,1.981822,2.972733,1.218928
5,401,2.029127,3.043690,1.130158
5,402,1.994715,2.992072,1.199979
5,403,1.990060,2.985091,1.213379
5,404,2.007145,3.010718,1.166217
5,405,1.988712,2.983068,1.199333
5,406,1.968537,2.952806,1.256139
5,407,2.010818,3.016226,1.187882
5,408,2.013180,3.019770,1.188948
5,409,2.005479,3.008218,1.176427
5,410,1.987296,2.980944,1.193919
5,411,2.007980,3.011971,1.167249
5,412,1.964970,2.947456,1.258904
5,413,2.031774,3.047661,1.149308
5,414,2.003105,3.004657,1.182978
5,415,2.016782,3.025174,1.167643
5,416,1.988182,2.982273,1.215756
5,417,2.009504,3.014256,1.167362
5,418,2.023725,3.035588,1.147758
5,419,1.994817,2.992226,1.193729
5,420,2.013220,3.019830,1.163029
5,421,1.994580,2.991871,1.209708
5,422,2.008176,3.012265,1.181716
5,423,1.983681,2.975522,1.247785
5,424,2.023036,3.034555,1.190800
5,425,1.989725,2.984587,1.231679
5,426,2.018727,3.028090,1.175573
5,427,2.028844,3.043265,1.151343
5,428,2.020970,3.031456,1.163117
5,429,1.997763,2.996644,1.182634
5,430,2.013457,3.020185,1.179680
5,431,2.011014,3.016522,1.191914
5,432,2.010987,3.016480,1.185733
5,433,2.002375,3.003562,1.235215
5,434,2.000326,3.000489,1.224099
5,435,2.000602,3.000902,1.223176
5,436,2.025039,3.037559,1.147903
5,437,2.000822,3.001233,1.182903
5,438,2.021380,3.032069,1.155401
5,439,1.981813,2.972720,1.194199
5,440,2.012238,3.018357,1.170208
5,441,2.020264,3.030396,1.141124
5,442,1.986401,2.979602,1.187696
5,443,1.983402,2.975103,1.219424
5,444,2.011473,3.017209,1.182807
5,445,2.023679,3.035518,1.168757
5,446,1.999794,2.999690,1.213217
5,447,2.008511,3.012767,1.183352
5,448,1.996930,2.995394,1.189942
5,449,1.997229,2.995844,1.191941
5,450,1.959701,2.939552,1.258964
5,451,2.023827,3.035740,1.187219
5,452,2.003489,3.005234,1.218013
5,453,2.017080,3.025620,1.195869
5,454,2.026638,3.039957,1.147316
5,455,2.010295,3.015442,1.176219
5,456,2.005000,3.007501,1.181567
5,457,2.006200,3.009300,1.171585
5,458,1.980110,2.970165,1.229444
5,459,1.995366,2.993050,1.230253
5,460,2.022972,3.034458,1.159681
5,461,2.017873,3.026809,1.148431
5,462,2.005554,3.008331,1.173506
5,463,1.989812,2.984718,1.201188
5,464,2.023650,3.035474,1.157397
5,465,1.951994,2.927991,1.273216
5,466,2.024629,3.036944,1.136965
5,467,1.996177,2.994266,1.182770
5,468,2.007269,3.010904,1.170847
5,469,2.019028,3.028542,1.180258
5,470,1.993630,2.990445,1.197333
5,471,1.978754,2.968131,1.243954
5,472,1.991789,2.987683,1.197187
5,473,2.013240,3.019861,1.181708
5,474,2.018352,3.027528,1.140468
5,475,1.955320,2.932981,1.259684
5,476,2.003285,3.004927,1.174305
5,477,1.991290,2.986936,1.220980
5,478,2.007326,3.010989,1.173847
5,479,2.015382,3.023073,1.157388
5,480,2.022486,3.033730,1.163853
5,481,2.026863,3.040295,1.168381
5,482,2.026231,3.039346,1.147944
5,483,2.017862,3.026793,1.152801
5,484,1.989728,2.984591,1.210337
5,485,1.988206,2.982309,1.202937
5,486,1.991402,2.987103,1.212522
5,487,2.006459,3.009688,1.208065
5,488,2.002294,3.003441,1.179421
5,489,2.028425,3.042638,1.156845
5,490,2.004041,3.006062,1.158348
5,491,2.002721,3.004081,1.163565
5,492,2.019435,3.029152,1.140116
5,493,2.023316,3.034974,1.133797
5,494,1.971524,2.957285,1.211333
5,495,2.008671,3.013007,1.169511
5,496,2.012591,3.018887,1.186561
5,497,2.000157,3.000236,1.202425
5,498,2.012940,3.019410,1.182876
5,499,2.022312,3.033468,1.179179
5,500,1.963283,2.944924,1.275223
5,501,2.013433,3.020149,1.200130
5,502,2.001480,3.002221,1.211112
5,503,2.011391,3.017087,1.213137
5,504,1.996623,2.994935,1.217893
5,505,2.011823,3.017734,1.169753
5,506,1.985640,2.978460,1.212379
5,507,1.993548,2.990323,1.192475
5,508,1.994478,2.991718,1.194952
5,509,1.989002,2.983503,1.212815
5,510,2.014328,3.021492,1.179876
5,511,1.973281,2.959921,1.271524
5,512,2.039005,3.058507,1.154307
5,513,2.007979,3.011968,1.214231
5,514,2.028674,3.043011,1.199878
5,515,2.030999,3.046498,1.149460
5,516,2.009680,3.014520,1.188069
5,517,2.014164,3.021246,1.207194
5,518,2.009094,3.013642,1.193463
5,519,2.001234,3.001851,1.192798
5,520,2.004581,3.006871,1.209620
5,521,2.028942,3.043413,1.143265
5,522,2.009758,3.014637,1.177145
5,523,2.006004,3.009006,1.189342
5,524,2.003627,3.005440,1.174530
5,525,2.004243,3.006364,1.179907
5,526,2.009362,3.014043,1.177024
5,527,2.010522,3.015782,1.185337
5,528,1.999158,2.998737,1.196071
5,529,1.996830,2.995244,1.204656
5,530,2.006240,3.009360,1.189201
5,531,1.994492,2.991737,1.201868
5,532,1.990831,2.986246,1.206665
5,533,2.026291,3.039437,1.164030
5,534,2.024106,3.036159,1.152219
5,535,1.999503,2.999255,1.185357
5,536,2.026999,3.040499,1.172046
5,537,1.981657,2.972485,1.239350
5,538,2.028586,3.042879,1.170408
5,539,1.980601,2.970902,1.223897
5,540,2.014260,3.021390,1.189660
5,541,2.004659,3.006989,1.188385
5,542,1.984425,2.976638,1.213616
5,543,2.016818,3.025227,1.157341
5,544,1.996147,2.994221,1.185612
5,545,1.975637,2.963455,1.233478
5,546,2.030449,3.045673,1.156935
5,547,2.019256,3.028884,1.152220
5,548,1.999972,2.999957,1.171812
5,549,2.008208,3.012311,1.153654
5,550,1.959141,2.938712,1.268589
5,551,1.969322,2.953982,1.279789
5,552,2.017828,3.026742,1.186172
5,553,2.021388,3.032082,1.167767
5,554,2.002163,3.003245,1.187442
5,555,2.020451,3.030676,1.161211
5,556,1.988123,2.982184,1.200698
5,557,2.028590,3.042885,1.171354
5,558,2.011242,3.016863,1.169529
5,559,1.972257,2.958385,1.240736
5,560,2.036169,3.054254,1.134844
5,561,1.991788,2.987682,1.199347
5,562,2.017826,3.026739,1.178751
5,563,1.976175,2.964262,1.223006
5,564,1.990258,2.985387,1.224515
5,565,1.989539,2.984309,1.205448
5,566,2.013223,3.019835,1.170882
5,567,2.007671,3.011506,1.189844
5,568,1.989192,2.983788,1.207903
5,569,1.972694,2.959040,1.241214
5,570,2.006251,3.009377,1.169652
5,571,1.985563,2.978344,1.202418
5,572,2.021233,3.031849,1.139885
5,573,1.987022,2.980533,1.179088
5,574,1.998265,2.997398,1.218303
5,575,2.017498,3.026246,1.179870
5,576,2.016281,3.024422,1.166267
5,577,2.024309,3.036464,1.146514
5,578,1.990582,2.985873,1.200404
5,579,2.018009,3.027013,1.167906
5,580,2.001272,3.001908,1.184104
5,581,2.012944,3.019416,1.177257
5,582,2.027346,3.041019,1.149392
5,583,2.013647,3.020470,1.174139
5,584,2.010047,3.015070,1.141758
5,585,1.981309,2.971963,1.207601
5,586,1.969975,2.954962,1.255820
5,587,2.026309,3.039464,1.181443
5,588,2.041052,3.061578,1.146526
5,589,2.000136,3.000204,1.201558
5,590,2.021875,3.032812,1.178738
5,591,2.007950,3.011925,1.208920
5,592,2.000186,3.000279,1.200511
5,593,1.983213,2.974820,1.221518
5,594,1.987734,2.981600,1.200182
5,595,2.002088,3.003131,1.183574
5,596,2.006414,3.009620,1.181449
5,597,1.995396,2.993094,1.201845
5,598,2.033435,3.050153,1.145178
5,599,2.023784,3.035676,1.183402
5,600,1.975146,2.962720,1.245442
5,601,2.017251,3.025877,1.147455
5,602,1.972683,2.959024,1.206222
5,603,1.975312,2.962969,1.216487
5,604,1.980342,2.970514,1.227555
5,605,2.013606,3.020409,1.189654
5,606,2.014629,3.021944,1.184679
5,607,1.984425,2.976637,1.226643
5,608,2.025406,3.038109,1.142047
5,609,2.004092,3.006138,1.186593
5,610,1.997902,2.996852,1.211643
5,611,1.933478,2.900217,1.359314
5,612,2.023432,3.035148,1.187731
5,613,2.021590,3.032385,1.174810
5,614,2.008804,3.013206,1.192235
5,615,1.985554,2.978331,1.222709
5,616,2.030462,3.045693,1.147137
5,617,1.978420,2.967630,1.221539
5,618,2.009846,3.014769,1.175272
5,619,1.990286,2.985429,1.201923
5,620,2.007205,3.010808,1.179784
5,621,2.004262,3.006394,1.190396
5,622,2.025009,3.037513,1.164177
5,623,2.027705,3.041557,1.179821
5,624,2.008283,3.012425,1.190630
5,625,1.996277,2.994415,1.213885
5,626,2.004055,3.006082,1.193466
5,627,2.014729,3.022093,1.182955
5,628,1.979224,2.968837,1.244445
5,629,1.997699,2.996548,1.213064
5,630,2.018811,3.028217,1.150462
5,631,1.982849,2.974274,1.240611
5,632,1.998290,2.997434,1.217571
5,633,2.015352,3.023028,1.187512
5,634,2.028857,3.043285,1.142705
5,635,1.950410,2.925615,1.262728
5,636,2.002224,3.003336,1.204553
5,637,1.966528,2.949792,1.259870
5,638,2.033158,3.049736,1.181212
5,639,1.995005,2.992507,1.203260
5,640,1.999049,2.998573,1.184041
5,641,2.000372,3.000558,1.171833
5,642,1.983792,2.975688,1.209438
5,643,2.008882,3.013324,1.196321
5,644,2.022237,3.033356,1.146831
5,645,1.988622,2.982932,1.226320
5,646,2.002936,3.004405,1.205174
5,647,2.000821,3.001231,1.213068
5,648,2.012208,3.018311,1.194191
5,649,2.008179,3.012268,1.177895
5,650,1.990530,2.985795,1.224148
5,651,2.001563,3.002344,1.194671
5,652,1.998811,2.998217,1.185775
5,653,1.996485,2.994728,1.194970
5,654,2.007431,3.011146,1.194766
5,655,1.976725,2.965087,1.240906
5,656,2.026172,3.039258,1.143130
5,657,1.983088,2.974632,1.215274
5,658,2.007303,3.010955,1.210202
5,659,2.022266,3.033398,1.141296
5,660,1.998957,2.998436,1.184715
5,661,2.006029,3.009043,1.187166
5,662,2.022885,3.034328,1.157663
5,663,2.016265,3.024397,1.155854
5,664,1.971824,2.957737,1.219812
5,665,1.968066,2.952099,1.235096
5,666,2.003519,3.005278,1.194782
5,667,2.005587,3.008380,1.190146
5,668,2.003113,3.004670,1.196581
5,669,2.012892,3.019338,1.169181
5,670,1.976693,2.965040,1.236550
5,671,2.007626,3.011439,1.180129
5,672,1.983986,2.975979,1.224958
5,673,2.000086,3.000129,1.225337
5,674,2.011062,3.016592,1.172306
5,675,2.019961,3.029942,1.163022
5,676,2.021447,3.032170,1.192147
5,677,2.006967,3.010451,1.195843
5,678,1.998267,2.997401,1.205915
5,679,2.007093,3.010639,1.163794
5,680,1.986469,2.979703,1.198237
5,681,1.987462,2.981192,1.189587
5,682,1.988218,2.982327,1.204072
5,683,1.950633,2.925949,1.276476
5,684,2.015150,3.022725,1.182234
5,685,1.998551,2.997827,1.205577
5,686,1.989418,2.984126,1.210672
5,687,2.011657,3.017486,1.190831
5,688,1.996196,2.994295,1.208898
5,689,2.009307,3.013960,1.185369
5,690,1.979390,2.969084,1.246741
5,691,1.977375,2.966062,1.239059
5,692,1.977567,2.966350,1.234713
5,693,1.972627,2.958940,1.245367
5,694,2.014477,3.021716,1.163813
5,695,2.016588,3.024883,1.136609
5,696,2.000786,3.001180,1.176186
5,697,2.013509,3.020263,1.166123
5,698,2.017859,3.026788,1.156050
5,699,2.009658,3.014487,1.165993
5,700,1.975496,2.963243,1.240158
5,701,2.023936,3.035904,1.157653
5,702,2.020105,3.030157,1.169987
5,703,1.989579,2.984368,1.209469
5,704,2.022152,3.033228,1.160408
5,705,1.987474,2.981212,1.195798
5,706,1.953333,2.929999,1.303174
5,707,2.037340,3.056010,1.164385
5,708,2.020905,3.031357,1.163525
5,709,1.958013,2.937020,1.261092
5,710,2.017427,3.026141,1.187210
5,711,2.009409,3.014113,1.196744
5,712,2.012474,3.018710,1.173937
5,713,1.979425,2.969138,1.228663
5,714,1.987521,2.981281,1.229911
5,715,1.991474,2.987211,1.205287
5,716,2.011572,3.017358,1.193555
5,717,1.999734,2.999602,1.202961
5,718,2.001582,3.002373,1.184766
5,719,2.005359,3.008039,1.200220
5,720,2.002461,3.003691,1.191373
5,721,1.993788,2.990682,1.201411
5,722,2.027894,3.041841,1.139218
5,723,1.964257,2.946385,1.226025
5,724,2.007398,3.011097,1.170105
5,725,1.959300,2.938951,1.283581
5,726,1.953444,2.930166,1.306327
5,727,2.034584,3.051876,1.159592
5,728,1.985910,2.978865,1.233936
5,729,1.989840,2.984760,1.238732
5,730,2.003137,3.004706,1.210004
5,731,2.016887,3.025330,1.171672
5,732,1.999493,2.999240,1.202535
5,733,2.007285,3.010928,1.189494
5,734,2.010116,3.015174,1.169479
5,735,1.985341,2.978012,1.202093
5,736,1.989360,2.984040,1.230923
5,737,1.982922,2.974382,1.237173
5,738,2.024467,3.036701,1.168276
5,739,2.005603,3.008405,1.179301
5,740,2.002823,3.004234,1.210344
5,741,1.986318,2.979477,1.219285
5,742,2.006609,3.009914,1.183409
5,743,1.977025,2.965537,1.234490
5,744,1.998906,2.998359,1.219744
5,745,1.990523,2.985785,1.205711
5,746,1.970262,2.955393,1.254530
5,747,2.023341,3.035011,1.152640
5,748,1.973913,2.960869,1.243829
5,749,1.974330,2.961494,1.241916
5,750,2.018495,3.027743,1.162990
5,751,1.993080,2.989620,1.210527
5,752,2.021387,3.032081,1.172840
5,753,2.003437,3.005155,1.194618
5,754,1.990339,2.985509,1.221650
5,755,2.004100,3.006150,1.197611
5,756,1.986805,2.980208,1.229204
5,757,2.003845,3.005767,1.200700
5,758,2.008110,3.012165,1.169287
5,759,1.994751,2.992126,1.179061
5,760,1.995858,2.993786,1.172909
5,761,1.990754,2.986130,1.206506
5,762,2.004803,3.007204,1.189581
5,763,2.026805,3.040207,1.157117
5,764,2.006172,3.009259,1.210874
5,765,2.020626,3.030939,1.165297
5,766,2.021245,3.031867,1.163889
5,767,2.027371,3.041057,1.129036
5,768,2.031592,3.047389,1.140115
5,769,1.999967,2.999951,1.192861
5,770,2.013648,3.020472,1.200847
5,771,2.013972,3.020958,1.172235
5,772,2.004368,3.006552,1.190209
5,773,2.009664,3.014497,1.176189
5,774,2.012463,3.018695,1.184003
5,775,2.019515,3.029273,1.161203
5,776,2.012129,3.018194,1.172312
5,777,2.016609,3.024913,1.169703
5,778,1.985412,2.978118,1.224733
5,779,2.014244,3.021367,1.171021
5,780,1.998893,2.998339,1.224268
5,781,2.016536,3.024804,1.165996
5,782,1.963611,2.945417,1.255567
5,783,2.003677,3.005516,1.168716
5,784,2.002418,3.003627,1.170394
5,785,2.015858,3.023786,1.141618
5,786,1.971751,2.957627,1.214494
5,787,1.961147,2.941720,1.272409
5,788,2.016591,3.024886,1.188979
5,789,1.996539,2.994809,1.219787
5,790,2.012060,3.018090,1.190390
5,791,1.984144,2.976216,1.218079
5,792,2.012387,3.018580,1.191940
5,793,2.018381,3.027571,1.180648
5,794,2.018080,3.027121,1.150341
5,795,1.975440,2.963160,1.253728
5,796,2.023482,3.035223,1.179924
5,797,2.012780,3.019170,1.176310
5,798,2.022596,3.033894,1.167907
5,799,2.008536,3.012804,1.187410
5,800,1.990258,2.985387,1.204991
5,801,1.995842,2.993763,1.216682
5,802,2.042153,3.063229,1.127597
5,803,1.987893,2.981840,1.188277
5,804,1.968137,2.952206,1.238477
5,805,1.999497,2.999246,1.170194
5,806,1.995351,2.993027,1.181377
5,807,2.000149,3.000223,1.165198
5,808,1.990018,2.985027,1.219883
5,809,2.016018,3.024028,1.174047
5,810,2.005777,3.008665,1.202594
5,811,2.034430,3.051645,1.145893
5,812,1.997019,2.995528,1.173752
5,813,1.958324,2.937486,1.271526
5,814,2.001620,3.002429,1.215527
5,815,2.002473,3.003709,1.190589
5,816,2.013631,3.020447,1.187734
5,817,1.993464,2.990195,1.205466
5,818,1.991291,2.986937,1.228423
5,819,2.024177,3.036266,1.155337
5,820,1.977823,2.966735,1.213127
5,821,1.991965,2.987948,1.215792
5,822,2.022264,3.033396,1.176468
5,823,2.012823,3.019234,1.162674
5,824,1.995004,2.992506,1.202843
5,825,2.016277,3.024416,1.196559
5,826,2.020722,3.031084,1.166067
5,827,2.011789,3.017684,1.184203
5,828,2.031681,3.047521,1.146215
5,829,1.996637,2.994956,1.182292
5,830,1.990776,2.986164,1.202004
5,831,1.978684,2.968026,1.217915
5,832,1.995700,2.993551,1.196372
5,833,2.017479,3.026219,1.158361
5,834,2.015391,3.023086,1.184200
5,835,2.004690,3.007035,1.187729
5,836,1.990661,2.985991,1.223300
5,837,2.003003,3.004505,1.181936
5,838,1.995817,2.993726,1.192279
5,839,2.029816,3.044724,1.153811
5,840,2.001313,3.001969,1.175728
5,841,1.988464,2.982697,1.214811
5,842,2.003672,3.005509,1.198070
5,843,1.979834,2.969750,1.214547
5,844,1.942086,2.913129,1.283898
5,845,2.019974,3.029962,1.187362
5,846,2.007459,3.011189,1.202641
5,847,2.014820,3.022230,1.172908
5,848,2.005112,3.007668,1.196104
5,849,1.984642,2.976963,1.245310
5,850,2.019400,3.029100,1.202545
5,851,2.029693,3.044540,1.175800
5,852,1.997037,2.995555,1.230098
5,853,2.009644,3.014466,1.203410
5,854,2.004935,3.007402,1.189333
5,855,1.972519,2.958778,1.259881
5,856,2.012683,3.019024,1.194992
5,857,2.007247,3.010870,1.194511
5,858,2.014925,3.022387,1.160769
5,859,2.006918,3.010377,1.145367
5,860,1.965486,2.948228,1.228393
5,861,2.003208,3.004813,1.182667
5,862,1.998319,2.997479,1.217804
5,863,1.984678,2.977017,1.222503
5,864,1.980643,2.970964,1.234881
5,865,2.013862,3.020793,1.169231
5,866,2.011069,3.016604,1.161373
5,867,1.983260,2.974890,1.231962
5,868,2.002255,3.003383,1.201659
5,869,1.969501,2.954251,1.260199
5,870,2.022206,3.033309,1.161414
5,871,1.983289,2.974933,1.224118
5,872,1.972874,2.959312,1.250067
5,873,1.993719,2.990579,1.240444
5,874,1.994878,2.992318,1.225278
5,875,2.032276,3.048414,1.152400
5,876,2.002037,3.003056,1.217078
5,877,1.979340,2.969009,1.245832
5,878,1.991777,2.987665,1.249793
5,879,2.007541,3.011312,1.195435
5,880,1.986870,2.980305,1.220428
5,881,2.003021,3.004532,1.207923
5,882,2.010716,3.016073,1.171795
5,883,1.967939,2.951909,1.258242
5,884,2.003841,3.005761,1.203863
5,885,1.984455,2.976682,1.220980
5,886,2.018674,3.028011,1.176154
5,887,1.989615,2.984422,1.210389
5,888,1.987886,2.981829,1.204367
5,889,1.997476,2.996214,1.208013
5,890,2.037175,3.055763,1.142167
5,891,1.994355,2.991533,1.190558
5,892,2.005374,3.008062,1.164079
5,893,1.984464,2.976696,1.206281
5,894,1.981926,2.972889,1.221409
5,895,2.000823,3.001234,1.188958
5,896,1.974784,2.962175,1.227905
5,897,1.954750,2.932125,1.287370
5,898,2.018365,3.027547,1.196116
5,899,2.022784,3.034176,1.167809
5,900,2.003070,3.004605,1.182223
5,901,2.009015,3.013523,1.194485
5,902,2.014082,3.021123,1.153348
5,903,1.970089,2.955134,1.271916
5,904,2.007182,3.010773,1.215881
5,905,1.993891,2.990837,1.220854
5,906,2.009158,3.013736,1.171964
5,907,2.015662,3.023492,1.173026
5,908,1.994838,2.992258,1.214429
5,909,2.005095,3.007642,1.209297
5,910,2.027522,3.041282,1.163358
5,911,2.010143,3.015215,1.169324
5,912,1.982476,2.973715,1.227867
5,913,2.013325,3.019988,1.198336
5,914,1.991732,2.987599,1.245740
5,915,1.990738,2.986107,1.246684
5,916,2.031993,3.047989,1.164715
5,917,2.010120,3.015180,1.182896
5,918,1.980181,2.970272,1.221131
5,919,2.003419,3.005129,1.211239
5,920,1.987346,2.981019,1.213153
5,921,1.985996,2.978994,1.230688
5,922,1.998228,2.997343,1.207505
5,923,2.001250,3.001874,1.172296
5,924,1.988381,2.982572,1.214757
5,925,1.998735,2.998102,1.223138
5,926,2.008725,3.013087,1.192629
5,927,2.014109,3.021164,1.211183
5,928,2.055627,3.083440,1.146517
5,929,1.996870,2.995305,1.211249
5,930,1.988135,2.982202,1.250220
5,931,2.020332,3.030498,1.160759
5,932,2.008886,3.013329,1.168940
5,933,1.966649,2.949973,1.221971
5,934,1.999604,2.999406,1.186117
5,935,1.951634,2.927451,1.273256
5,936,2.026466,3.039700,1.145721
5,937,1.984719,2.977078,1.211251
5,938,1.997798,2.996697,1.194398
5,939,1.976553,2.964829,1.233836
5,940,2.003073,3.004610,1.170966
5,941,1.992873,2.989310,1.217082
5,942,1.953312,2.929969,1.273966
5,943,2.001687,3.002531,1.203153
5,944,2.025629,3.038443,1.166857
5,945,2.009744,3.014615,1.171120
5,946,1.975495,2.963242,1.222974
5,947,1.998005,2.997008,1.209533
5,948,1.988899,2.983348,1.198986
5,949,1.999552,2.999327,1.192055
5,950,1.975620,2.963430,1.234611
5,951,1.997352,2.996029,1.182667
5,952,1.999024,2.998536,1.191786
5,953,1.968380,2.952571,1.240415
5,954,1.999616,2.999424,1.200024
5,955,1.974666,2.962000,1.227019
5,956,1.980446,2.970668,1.245609
5,957,2.034054,3.051081,1.158972
5,958,1.955434,2.933150,1.263929
5,959,2.018173,3.027260,1.174606
5,960,2.019417,3.029126,1.146384
5,961,2.030003,3.045005,1.130714
5,962,1.996509,2.994763,1.184699
5,963,1.997559,2.996339,1.200890
5,964,1.976596,2.964894,1.247761
5,965,2.041724,3.062586,1.141299
5,966,1.994035,2.991052,1.195906
5,967,1.988497,2.982746,1.208311
5,968,2.013115,3.019672,1.173088
5,969,2.021860,3.032790,1.161079
5,970,2.023217,3.034825,1.161808
5,971,2.004483,3.006725,1.170866
5,972,1.980103,2.970155,1.207364
5,973,1.978853,2.968279,1.205996
5,974,2.019300,3.028950,1.189054
5,975,2.010782,3.016173,1.206257
5,976,2.013786,3.020679,1.192621
5,977,1.982796,2.974194,1.254365
5,978,2.025756,3.038634,1.182026
5,979,2.002186,3.003279,1.201019
5,980,2.015969,3.023954,1.177118
5,981,2.023618,3.035428,1.149058
5,982,2.000179,3.000269,1.194637
5,983,1.948634,2.922951,1.294325
5,984,2.009344,3.014016,1.178738
5,985,1.983648,2.975471,1.230845
5,986,1.980188,2.970282,1.235164
5,987,1.998264,2.997397,1.205422
5,988,1.971276,2.956913,1.262363
5,989,1.993841,2.990762,1.226798
5,990,2.007792,3.011689,1.188730
5,991,1.970218,2.955326,1.259443
5,992,2.002315,3.003472,1.198857
5,993,2.031471,3.047207,1.155131
5,994,1.961256,2.941884,1.252341
5,995,1.994912,2.992369,1.190952
5,996,1.999323,2.998985,1.169955
5,997,1.999527,2.999291,1.179174
5,998,1.980549,2.970823,1.227063
5,999,2.012763,3.019145,1.198470
5,1000,2.011231,3.016847,1.181253
6,1,1.991358,2.987036,1.199303
6,2,2.023399,3.035099,1.164053
6,3,2.019300,3.028950,1.163223
6,4,1.983951,2.975926,1.207558
6,5,2.010130,3.015195,1.172184
6,6,1.994310,2.991464,1.198761
6,7,2.009536,3.014304,1.177241
6,8,1.991941,2.987912,1.191287
6,9,2.006100,3.009150,1.162547
6,10,1.982191,2.973287,1.236292
6,11,2.000068,3.000103,1.197747
6,12,1.982007,2.973010,1.233971
6,13,1.994900,2.992350,1.218896
6,14,2.012960,3.019439,1.202343
6,15,2.009634,3.014451,1.189318
6,16,2.033378,3.050066,1.167496
6,17,2.008708,3.013062,1.192198
6,18,2.024968,3.037453,1.164426
6,19,2.013172,3.019758,1.176637
6,20,2.001375,3.002063,1.190069
6,21,1.984420,2.976630,1.222771
6,22,2.004171,3.006256,1.196190
6,23,2.008098,3.012147,1.182119
6,24,1.975429,2.963143,1.215819
6,25,1.982307,2.973461,1.221055
6,26,2.025036,3.037554,1.177802
6,27,1.907122,2.860683,1.366976
6,28,2.028381,3.042571,1.167100
6,29,1.963356,2.945034,1.275841
6,30,1.981279,2.971918,1.272495
6,31,2.011613,3.017419,1.200058
6,32,1.997887,2.996831,1.204501
6,33,2.017513,3.026269,1.171619
6,34,1.972000,2.958000,1.236705
6,35,1.983747,2.975620,1.221563
6,36,1.989099,2.983648,1.219233
6,37,2.021909,3.032863,1.173717
6,38,2.015329,3.022994,1.169150
6,39,1.980947,2.971420,1.215942
6,40,2.012771,3.019156,1.178448
6,41,2.024492,3.036738,1.138293
6,42,1.990075,2.985113,1.185084
6,43,1.994905,2.992358,1.194753
6,44,2.006364,3.009546,1.178258
6,45,1.976543,2.964814,1.233871
6,46,2.005189,3.007784,1.196105
6,47,2.028865,3.043297,1.143908
6,48,1.989780,2.984670,1.203227
6,49,2.016292,3.024439,1.175963
6,50,1.964462,2.946693,1.252924
6,51,2.018914,3.028371,1.173179
6,52,1.980514,2.970771,1.237717
6,53,2.027850,3.041774,1.141391
6,54,2.012971,3.019457,1.195688
6,55,2.022482,3.033723,1.167054
6,56,2.002080,3.003119,1.222035
6,57,2.019001,3.028501,1.177936
6,58,1.995647,2.993471,1.189712
6,59,2.014752,3.022128,1.172795
6,60,1.975483,2.963225,1.237007
6,61,2.010718,3.016077,1.211272
6,62,2.038948,3.058422,1.151890
6,63,1.992056,2.988084,1.205533
6,64,1.989781,2.984671,1.222415
6,65,2.029391,3.044086,1.188502
6,66,2.021606,3.032409,1.176668
6,67,2.025929,3.038894,1.158925
6,68,1.986545,2.979818,1.209753
6,69,2.004799,3.007198,1.192248
6,70,1.978422,2.967633,1.244270
6,71,2.034511,3.051767,1.147209
6,72,2.005630,3.008445,1.169852
6,73,1.997192,2.995788,1.199929
6,74,1.994035,2.991052,1.206545
6,75,2.009314,3.013971,1.186056
6,76,1.998619,2.997928,1.216663
6,77,2.008745,3.013118,1.183227
6,78,2.005829,3.008743,1.175108
6,79,2.038677,3.058016,1.128479
6,80,1.960717,2.941076,1.260553
6,81,1.987011,2.980517,1.218820
6,82,2.030407,3.045611,1.135057
6,83,2.017389,3.026084,1.156583
6,84,1.981433,2.972149,1.224898
6,85,2.014868,3.022303,1.193601
6,86,1.961770,2.942655,1.270598
6,87,2.003158,3.004736,1.187837
6,88,2.013438,3.020157,1.162984
6,89,2.008797,3.013195,1.174514
6,90,2.005684,3.008526,1.204720
6,91,2.008201,3.012301,1.204898
6,92,2.002585,3.003877,1.185867
6,93,1.997967,2.996951,1.231678
6,94,2.001787,3.002680,1.211762
6,95,1.995640,2.993460,1.199053
6,96,1.997934,2.996901,1.190173
6,97,2.011025,3.016538,1.170369
6,98,1.977939,2.966909,1.218598
6,99,2.005475,3.008212,1.176161
6,100,1.972537,2.958806,1.232904
6,101,2.053291,3.079937,1.129344
6,102,1.992958,2.989436,1.205106
6,103,1.985432,2.978148,1.201567
6,104,2.013095,3.019642,1.184352
6,105,2.020614,3.030920,1.176748
6,106,2.003470,3.005205,1.189378
6,107,2.017389,3.026083,1.185610
6,108,1.968318,2.952476,1.275238
6,109,2.044698,3.067046,1.136239
6,110,1.984371,2.976557,1.219568
6,111,2.013673,3.020509,1.179002
6,112,2.009157,3.013735,1.170533
6,113,2.022270,3.033405,1.154020
6,114,2.024019,3.036029,1.179944
6,115,2.014716,3.022074,1.191073
6,116,1.988107,2.982160,1.238377
6,117,2.000565,3.000847,1.188557
6,118,2.015698,3.023547,1.168215
6,119,1.997239,2.995858,1.187271
6,120,1.990640,2.985960,1.219270
6,121,1.983158,2.974737,1.231995
6,122,1.989338,2.984007,1.235045
6,123,2.047659,3.071489,1.139049
6,124,2.013906,3.020859,1.174955
6,125,2.004654,3.006981,1.169759
6,126,2.014780,3.022170,1.160664
6,127,1.995423,2.993135,1.186087
6,128,1.994458,2.991687,1.219830
6,129,2.028165,3.042248,1.160831
6,130,2.000695,3.001042,1.182353
6,131,1.986807,2.980210,1.224875
6,132,1.994357,2.991536,1.192715
6,133,1.961797,2.942695,1.246835
6,134,2.011539,3.017309,1.180497
6,135,2.012989,3.019484,1.177235
6,136,2.020467,3.030701,1.141795
6,137,2.006663,3.009994,1.174952
6,138,1.954773,2.932160,1.291292
6,139,1.980938,2.971407,1.254415
6,140,2.038617,3.057925,1.177425
6,141,2.019767,3.029650,1.178114
6,142,1.983118,2.974678,1.225922
6,143,1.993310,2.989965,1.216204
6,144,2.014920,3.022380,1.180529
6,145,1.978744,2.968116,1.235382
6,146,2.000691,3.001037,1.195481
6,147,2.025948,3.038922,1.145240
6,148,1.998255,2.997382,1.203810
6,149,1.979199,2.968799,1.223751
6,150,2.000044,3.000066,1.219838
6,151,1.998604,2.997906,1.200365
6,152,2.005007,3.007510,1.170721
6,153,1.969598,2.954397,1.237037
6,154,1.988247,2.982371,1.208557
6,155,2.009123,3.013684,1.186186
6,156,2.005707,3.008560,1.193193
6,157,1.969790,2.954685,1.249580
6,158,2.008828,3.013242,1.188577
6,159,1.991015,2.986522,1.198291
6,160,2.028221,3.042332,1.163129
6,161,1.990060,2.985091,1.202044
6,162,1.995443,2.993165,1.202464
6,163,2.035901,3.053851,1.153317
6,164,1.990645,2.985968,1.190730
6,165,1.993545,2.990318,1.202929
6,166,1.964254,2.946381,1.299098
6,167,1.974966,2.962448,1.266031
6,168,2.005325,3.007988,1.213115
6,169,2.010570,3.015856,1.181573
6,170,2.000716,3.001074,1.174733
6,171,2.015066,3.022599,1.159425
6,172,2.007333,3.010999,1.161525
6,173,2.000423,3.000635,1.169817
6,174,1.989953,2.984930,1.196969
6,175,1.975248,2.962872,1.254186
6,176,1.995919,2.993878,1.224884
6,177,2.011712,3.017567,1.177220
6,178,2.006019,3.009028,1.192578
6,179,2.017859,3.026788,1.175559
6,180,2.011304,3.016956,1.182043
6,181,1.991600,2.987400,1.191504
6,182,2.009226,3.013839,1.174004
6,183,2.027892,3.041838,1.145043
6,184,1.988166,2.982250,1.196227
6,185,2.039415,3.059123,1.131627
6,186,1.987391,2.981087,1.198962
6,187,1.998294,2.997441,1.168536
6,188,1.977518,2.966277,1.225855
6,189,2.013214,3.019821,1.156620
6,190,2.007254,3.010882,1.168388
6,191,2.027883,3.041825,1.156864
6,192,1.958634,2.937951,1.248831
6,193,1.950839,2.926258,1.272412
6,194,2.016363,3.024545,1.180069
6,195,2.009429,3.014144,1.174704
6,196,2.017878,3.026818,1.148860
6,197,1.984081,2.976121,1.211358
6,198,1.998859,2.998289,1.190740
6,199,1.996529,2.994794,1.178070
6,200,1.992176,2.988265,1.174640
6,201,1.966708,2.950061,1.240285
6,202,2.020647,3.030971,1.160035
6,203,2.006924,3.010385,1.169084
6,204,1.990312,2.985468,1.204384
6,205,1.995216,2.992824,1.213807
6,206,1.995114,2.992671,1.222812
6,207,2.027801,3.041702,1.137306
6,208,1.986297,2.979445,1.220595
6,209,1.990198,2.985297,1.214159
6,210,1.983618,2.975427,1.235782
6,211,2.019265,3.028897,1.181521
6,212,2.036090,3.054135,1.139661
6,213,2.004332,3.006497,1.182264
6,214,1.989002,2.983502,1.215070
6,215,2.011632,3.017449,1.197164
6,216,2.000940,3.001410,1.204099
6,217,2.003480,3.005219,1.206351
6,218,2.015016,3.022524,1.168818
6,219,1.991006,2.986510,1.224271
6,220,2.019817,3.029725,1.161937
6,221,1.987456,2.981184,1.201186
6,222,2.027397,3.041096,1.147812
6,223,1.989610,2.984415,1.209767
6,224,1.998209,2.997313,1.189858
6,225,2.017719,3.026578,1.180570
6,226,2.016932,3.025398,1.154772
6,227,1.981361,2.972041,1.221129
6,228,2.031419,3.047129,1.183284
6,229,2.000660,3.000990,1.203812
6,230,2.032802,3.049203,1.178661
6,231,2.003466,3.005199,1.193767
6,232,2.005953,3.008930,1.170630
6,233,2.011336,3.017004,1.188201
6,234,2.001705,3.002558,1.212194
6,235,2.014773,3.022160,1.187089
6,236,2.004775,3.007162,1.196159
6,237,2.034801,3.052201,1.146661
6,238,2.013476,3.020213,1.172962
6,239,1.994612,2.991918,1.188345
6,240,1.999065,2.998598,1.192366
6,241,2.028362,3.042544,1.146527
6,242,1.988680,2.983020,1.209638
6,243,2.026700,3.040049,1.168553
6,244,2.023707,3.035561,1.156441
6,245,2.000968,3.001453,1.223448
6,246,2.004735,3.007103,1.190858
6,247,1.987993,2.981990,1.198618
6,248,2.012021,3.018031,1.146594
6,249,1.973232,2.959848,1.218803
6,250,2.008073,3.012109,1.166978
6,251,2.017936,3.026903,1.172041
6,252,1.978303,2.967454,1.230958
6,253,2.032813,3.049219,1.139788
6,254,1.980793,2.971189,1.214998
6,255,2.026793,3.040190,1.174314
6,256,2.034123,3.051185,1.171179
6,257,1.990957,2.986435,1.210143
6,258,1.999500,2.999250,1.191882
6,259,2.022099,3.033149,1.152699
6,260,2.021262,3.031892,1.158050
6,261,1.961925,2.942887,1.241717
6,262,1.957462,2.936193,1.271158
6,263,2.012825,3.019238,1.194128
6,264,2.005610,3.008415,1.185042
6,265,2.016238,3.024358,1.158258
6,266,2.012474,3.018711,1.208293
6,267,2.024776,3.037164,1.151048
6,268,1.978161,2.967242,1.218612
6,269,1.977583,2.966374,1.211255
6,270,2.002593,3.003890,1.189044
6,271,1.990432,2.985649,1.223265
6,272,1.996362,2.994543,1.206390
6,273,2.021100,3.031651,1.181314
6,274,2.012503,3.018755,1.175720
6,275,2.009203,3.013804,1.197169
6,276,2.030044,3.045066,1.158536
6,277,2.038601,3.057901,1.144096
6,278,1.979074,2.968611,1.222843
6,279,2.000075,3.000112,1.190228
6,280,2.011104,3.016656,1.178548
6,281,1.983678,2.975517,1.218516
6,282,2.005484,3.008226,1.213085
6,283,1.993979,2.990968,1.201727
6,284,1.991693,2.987540,1.226729
6,285,2.025517,3.038275,1.176783
6,286,2.020955,3.031432,1.158008
6,287,2.002746,3.004119,1.206705
6,288,1.989102,2.983653,1.212625
6,289,2.016328,3.024492,1.156165
6,290,1.990023,2.985034,1.198354
6,291,2.004660,3.006990,1.168751
6,292,1.996549,2.994823,1.220355
6,293,2.001228,3.001841,1.216683
6,294,2.026900,3.040350,1.158281
6,295,2.023099,3.034648,1.144077
6,296,2.002567,3.003851,1.165103
6,297,1.986584,2.979876,1.207222
6,298,1.947167,2.920750,1.265341
6,299,2.000693,3.001040,1.190742
6,300,1.990168,2.985253,1.219624
6,301,1.993964,2.990945,1.204811
6,302,1.954075,2.931113,1.289431
6,303,1.998178,2.997268,1.208194
6,304,1.978603,2.967904,1.227045
6,305,2.027031,3.040546,1.145749
6,306,1.984055,2.976082,1.215248
6,307,1.987775,2.981662,1.220000
6,308,2.012967,3.019450,1.194033
6,309,2.014991,3.022487,1.180022
6,310,1.991666,2.987498,1.201676
6,311,2.011230,3.016845,1.187063
6,312,2.018571,3.027857,1.178914
6,313,1.995011,2.992516,1.187048
6,314,1.973509,2.960263,1.253636
6,315,2.003228,3.004841,1.188050
6,316,2.002023,3.003034,1.186778
6,317,1.988971,2.983457,1.220782
6,318,1.982613,2.973919,1.221901
6,319,1.969946,2.954919,1.235469
6,320,1.981654,2.972481,1.215372
6,321,2.001856,3.002785,1.186754
6,322,2.006302,3.009453,1.167781
6,323,2.023282,3.034923,1.143359
6,324,2.001474,3.002210,1.189871
6,325,1.992410,2.988615,1.218816
6,326,2.017235,3.025852,1.187991
6,327,1.966220,2.949331,1.262062
6,328,1.990595,2.985892,1.216858
6,329,2.017332,3.025998,1.161115
6,330,1.977332,2.965997,1.222822
6,331,2.016780,3.025170,1.152455
6,332,1.993052,2.989578,1.217421
6,333,2.006340,3.009509,1.205721
6,334,2.006024,3.009036,1.229594
6,335,1.993841,2.990761,1.222479
6,336,2.016343,3.024515,1.219010
6,337,2.014084,3.021126,1.181047
6,338,2.014321,3.021481,1.170632
6,339,1.990355,2.985533,1.212271
6,340,2.025880,3.038820,1.150200
6,341,2.006046,3.009069,1.166308
6,342,2.012946,3.019419,1.162601
6,343,1.986341,2.979512,1.207329
6,344,2.001590,3.002384,1.212042
6,345,1.991759,2.987638,1.203662
6,346,2.007112,3.010668,1.219996
6,347,2.021653,3.032480,1.167335
6,348,2.013684,3.020526,1.161881
6,349,2.011792,3.017688,1.155123
6,350,1.962768,2.944152,1.256108
6,351,2.034189,3.051283,1.131201
6,352,1.939265,2.908898,1.304124
6,353,2.021707,3.032561,1.174007
6,354,2.006078,3.009118,1.185735
6,355,1.987707,2.981561,1.257892
6,356,2.007952,3.011928,1.217848
6,357,2.002287,3.003431,1.209439
6,358,2.009532,3.014298,1.192540
6,359,2.016325,3.024488,1.175995
6,360,1.987445,2.981168,1.223501
6,361,1.970081,2.955121,1.277680
6,362,2.005711,3.008566,1.227333
6,363,1.990990,2.986484,1.231997
6,364,2.030346,3.045518,1.166973
6,365,1.975815,2.963722,1.269246
6,366,1.960884,2.941326,1.273293
6,367,2.009659,3.014489,1.172115
6,368,2.013614,3.020421,1.173698
6,369,1.986228,2.979341,1.230704
6,370,2.009294,3.013940,1.189116
6,371,1.977892,2.966839,1.252307
6,372,2.021562,3.032343,1.182841
6,373,1.984339,2.976509,1.230332
6,374,1.995679,2.993519,1.232105
6,375,2.029741,3.044611,1.178175
6,376,2.019634,3.029450,1.135769
6,377,1.985836,2.978754,1.221530
6,378,2.010159,3.015238,1.198044
6,379,1.984753,2.977130,1.218370
6,380,1.996404,2.994607,1.196137
6,381,1.987734,2.981601,1.194424
6,382,2.005882,3.008823,1.191119
6,383,1.998651,2.997977,1.184327
6,384,1.989810,2.984715,1.204732
6,385,1.989397,2.984096,1.224888
6,386,1.989174,2.983761,1.223376
6,387,2.027687,3.041530,1.175769
6,388,1.962527,2.943790,1.269582
6,389,2.001979,3.002969,1.206430
6,390,1.995967,2.993950,1.198675
6,391,2.006852,3.010278,1.170740
6,392,2.040058,3.060086,1.174515
6,393,1.976352,2.964528,1.250418
6,394,2.037439,3.056158,1.160656
6,395,2.006655,3.009982,1.211050
6,396,1.994223,2.991334,1.213789
6,397,2.018467,3.027700,1.162545
6,398,2.018989,3.028484,1.169304
6,399,2.007376,3.011064,1.171513
6,400,2.002176,3.003265,1.189442
6,401,1.998924,2.998385,1.203734
6,402,2.033283,3.049925,1.149130
6,403,2.020244,3.030366,1.172394
6,404,1.992832,2.989248,1.214645
6,405,1.990108,2.985162,1.224393
6,406,1.981985,2.972977,1.226473
6,407,2.012263,3.018395,1.190890
6,408,1.994675,2.992012,1.210921
6,409,1.968887,2.953330,1.264895
6,410,1.994742,2.992113,1.204175
6,411,2.027658,3.041487,1.186505
6,412,2.028638,3.042957,1.180332
6,413,1.986199,2.979298,1.242671
6,414,2.016718,3.025077,1.163894
6,415,1.999508,2.999262,1.211066
6,416,2.005210,3.007815,1.178622
6,417,2.000756,3.001133,1.184805
6,418,2.012421,3.018632,1.165029
6,419,2.002145,3.003218,1.198069
6,420,1.993824,2.990736,1.187043
6,421,2.023835,3.035752,1.176083
6,422,2.012342,3.018513,1.157231
6,423,1.984594,2.976890,1.192977
6,424,1.983830,2.975745,1.205227
6,425,1.983268,2.974902,1.211414
6,426,1.982335,2.973502,1.226751
6,427,1.979458,2.969187,1.239828
6,428,2.025238,3.037857,1.157173
6,429,1.984274,2.976411,1.207150
6,430,2.006845,3.010267,1.187423
6,431,2.019008,3.028512,1.151217
6,432,1.996996,2.995494,1.192295
6,433,2.028559,3.042839,1.164614
6,434,1.998894,2.998341,1.189838
6,435,2.009761,3.014641,1.159789
6,436,2.000468,3.000703,1.177690
6,437,1.991773,2.987659,1.203218
6,438,1.990221,2.985332,1.216183
6,439,2.025749,3.038624,1.160229
6,440,1.945581,2.918372,1.305879
6,441,2.001058,3.001586,1.221845
6,442,2.016223,3.024334,1.154897
6,443,1.966038,2.949056,1.241450
6,444,2.011026,3.016539,1.189702
6,445,1.993424,2.990136,1.209203
6,446,2.024741,3.037112,1.162882
6,447,2.013079,3.019618,1.152818
6,448,1.999865,2.999798,1.217129
6,449,2.004496,3.006743,1.214023
6,450,2.026541,3.039812,1.153519
6,451,2.026530,3.039795,1.174693
6,452,1.953601,2.930401,1.284024
6,453,2.010179,3.015269,1.173664
6,454,2.004103,3.006154,1.194159
6,455,2.028681,3.043021,1.173875
6,456,2.015924,3.023886,1.152592
6,457,2.030437,3.045656,1.148656
6,458,2.003965,3.005948,1.185347
6,459,2.019574,3.029361,1.169248
6,460,2.009026,3.013539,1.189650
6,461,1.986716,2.980074,1.233923
6,462,2.009081,3.013621,1.189051
6,463,1.990926,2.986388,1.208251
6,464,2.020030,3.030045,1.138840
6,465,1.999039,2.998558,1.188928
6,466,2.026573,3.039860,1.166873
6,467,2.012237,3.018355,1.192115
6,468,1.996511,2.994766,1.223629
6,469,1.988944,2.983416,1.214828
6,470,2.011498,3.017247,1.189173
6,471,2.000708,3.001062,1.182966
6,472,2.003299,3.004948,1.179805
6,473,1.995824,2.993736,1.212958
6,474,2.003108,3.004663,1.201671
6,475,2.005308,3.007961,1.173675
6,476,1.970088,2.955132,1.262689
6,477,2.018455,3.027682,1.172921
6,478,1.996116,2.994174,1.204806
6,479,2.027456,3.041184,1.176369
6,480,1.990088,2.985133,1.235240
6,481,2.028091,3.042136,1.168741
6,482,2.017657,3.026486,1.162279
6,483,1.996080,2.994121,1.211080
6,484,2.018670,3.028005,1.187644
6,485,2.032457,3.048686,1.165310
6,486,2.000161,3.000242,1.213561
6,487,1.991543,2.987314,1.207914
6,488,1.985985,2.978978,1.227563
6,489,1.992266,2.988399,1.206463
6,490,2.026711,3.040066,1.157938
6,491,2.007252,3.010878,1.214558
6,492,2.000067,3.000100,1.201109
6,493,1.998023,2.997035,1.179281
6,494,2.002381,3.003572,1.177162
6,495,2.003722,3.005582,1.179385
6,496,2.003839,3.005759,1.182068
6,497,1.994741,2.992111,1.193568
6,498,1.959589,2.939383,1.252093
6,499,2.024112,3.036168,1.173332
6,500,1.989012,2.983519,1.235434
6,501,2.014170,3.021255,1.169952
6,502,1.963388,2.945082,1.249269
6,503,1.982691,2.974036,1.213510
6,504,2.004841,3.007262,1.193859
6,505,2.032826,3.049239,1.152618
6,506,2.026949,3.040424,1.151453
6,507,1.981512,2.972269,1.206571
6,508,1.991944,2.987917,1.229665
6,509,1.982836,2.974253,1.213802
6,510,2.014818,3.022227,1.175074
6,511,2.011653,3.017480,1.203573
6,512,2.009249,3.013874,1.194780
6,513,1.983937,2.975906,1.248365
6,514,2.020054,3.030081,1.175446
6,515,1.989080,2.983621,1.210530
6,516,2.014506,3.021758,1.175782
6,517,2.030667,3.046000,1.144853
6,518,1.991116,2.986674,1.211109
6,519,2.014510,3.021764,1.168213
6,520,1.980414,2.970621,1.225581
6,521,1.986842,2.980263,1.230097
6,522,2.014929,3.022394,1.200978
6,523,1.988512,2.982768,1.224190
6,524,2.013964,3.020946,1.202563
6,525,1.979985,2.969977,1.252840
6,526,1.998056,2.997085,1.208780
6,527,2.015099,3.022649,1.204602
6,528,1.993331,2.989997,1.239978
6,529,2.008700,3.013050,1.203753
6,530,2.012969,3.019453,1.204157
6,531,2.015814,3.023721,1.176120
6,532,1.992231,2.988347,1.195788
6,533,1.998180,2.997270,1.220900
6,534,2.018177,3.027266,1.159358
6,535,1.981007,2.971510,1.213603
6,536,1.992703,2.989055,1.192233
6,537,2.001643,3.002464,1.201990
6,538,1.995525,2.993288,1.230436
6,539,1.988336,2.982503,1.232766
6,540,2.006893,3.010340,1.175722
6,541,2.003804,3.005705,1.179693
6,542,1.993436,2.990154,1.209569
6,543,1.983088,2.974632,1.215227
6,544,1.959054,2.938581,1.258038
6,545,2.014778,3.022167,1.163280
6,546,2.016312,3.024468,1.185208
6,547,1.980390,2.970585,1.232990
6,548,1.977998,2.966998,1.212504
6,549,2.024247,3.036370,1.154673
6,550,1.992634,2.988950,1.204165
6,551,1.978467,2.967701,1.214982
6,552,2.002756,3.004134,1.205632
6,553,2.012677,3.019016,1.185425
6,554,1.994707,2.992060,1.203443
6,555,1.996355,2.994533,1.194192
6,556,1.997750,2.996624,1.176333
6,557,1.998674,2.998010,1.195354
6,558,1.984708,2.977062,1.193154
6,559,1.987219,2.980828,1.186496
6,560,1.973268,2.959902,1.216664
6,561,1.958874,2.938311,1.259191
6,562,1.997186,2.995779,1.202794
6,563,2.002171,3.003256,1.188571
6,564,1.967283,2.950924,1.243059
6,565,2.012042,3.018063,1.193352
6,566,1.998577,2.997865,1.213009
6,567,2.012721,3.019081,1.186761
6,568,1.991071,2.986606,1.229423
6,569,2.017966,3.026949,1.174712
6,570,1.996763,2.995145,1.190867
6,571,1.996730,2.995094,1.194906
6,572,1.999947,2.999921,1.205266
6,573,2.024693,3.037039,1.166009
6,574,1.979067,2.968600,1.234138
6,575,1.975781,2.963671,1.233410
6,576,2.028146,3.042219,1.167482
6,577,2.016733,3.025099,1.176116
6,578,2.030018,3.045027,1.150275
6,579,1.999298,2.998946,1.207222
6,580,2.015199,3.022799,1.197075
6,581,2.021519,3.032278,1.171933
6,582,2.016400,3.024600,1.190655
6,583,2.000324,3.000486,1.184654
6,584,2.007460,3.011189,1.190299
6,585,2.006058,3.009087,1.194118
6,586,1.990153,2.985229,1.238767
6,587,2.000250,3.000374,1.198882
6,588,2.004253,3.006379,1.202468
6,589,2.001831,3.002747,1.204221
6,590,2.025688,3.038531,1.172169
6,591,1.997912,2.996869,1.208138
6,592,1.996858,2.995287,1.200650
6,593,2.023935,3.035902,1.138303
6,594,2.009269,3.013904,1.177208
6,595,2.000329,3.000493,1.224734
6,596,1.957110,2.935664,1.265897
6,597,2.013177,3.019765,1.160521
6,598,1.997093,2.995640,1.197724
6,599,1.991184,2.986776,1.246896
6,600,2.024773,3.037159,1.187492
6,601,1.994747,2.992120,1.227403
6,602,2.026393,3.039589,1.163603
6,603,1.978978,2.968467,1.239241
6,604,2.000813,3.001220,1.216061
6,605,2.003316,3.004974,1.204760
6,606,2.020422,3.030633,1.144316
6,607,1.995631,2.993446,1.187155
6,608,1.989020,2.983530,1.226542
6,609,2.008882,3.013323,1.186021
6,610,2.014954,3.022431,1.163739
6,611,2.009373,3.014059,1.161140
6,612,1.999525,2.999288,1.172094
6,613,1.963559,2.945339,1.249583
6,614,1.986268,2.979403,1.222220
6,615,1.983839,2.975759,1.227341
6,616,2.014595,3.021892,1.199183
6,617,2.023605,3.035407,1.157954
6,618,2.007677,3.011516,1.197904
6,619,2.030530,3.045795,1.172533
6,620,2.011761,3.017642,1.193004
6,621,2.019400,3.029099,1.184332
6,622,2.009782,3.014672,1.156785
6,623,1.982905,2.974358,1.207405
6,624,1.998242,2.997362,1.207501
6,625,2.019978,3.029967,1.146658
6,626,1.943838,2.915757,1.271786
6,627,2.012497,3.018745,1.186142
6,628,1.994305,2.991458,1.193443
6,629,2.008135,3.012203,1.173973
6,630,1.994830,2.992246,1.178602
6,631,1.984657,2.976985,1.206887
6,632,2.008996,3.013493,1.166747
6,633,2.002933,3.004399,1.181383
6,634,2.000211,3.000317,1.189890
6,635,2.002742,3.004114,1.178527
6,636,2.020017,3.030026,1.149656
6,637,1.981692,2.972538,1.229906
6,638,1.981117,2.971675,1.224911
6,639,1.989729,2.984594,1.207557
6,640,2.017718,3.026577,1.171104
6,641,2.011897,3.017846,1.160064
6,642,1.988880,2.983320,1.211285
6,643,1.990641,2.985961,1.220509
6,644,2.026058,3.039088,1.175789
6,645,1.998357,2.997535,1.231466
6,646,2.014762,3.022143,1.175765
6,647,1.989074,2.983611,1.241509
6,648,2.011792,3.017689,1.215135
6,649,2.018779,3.028169,1.168486
6,650,2.024671,3.037006,1.150311
6,651,1.994810,2.992215,1.185774
6,652,1.913968,2.870952,1.355443
6,653,1.996594,2.994891,1.223400
6,654,2.018794,3.028191,1.180624
6,655,2.007581,3.011371,1.232850
6,656,2.039625,3.059438,1.169142
6,657,2.002927,3.004390,1.180461
6,658,2.022503,3.033754,1.149961
6,659,2.011477,3.017216,1.166049
6,660,2.009506,3.014258,1.157873
6,661,2.019751,3.029627,1.159818
6,662,2.025494,3.038241,1.147823
6,663,2.006769,3.010153,1.162878
6,664,1.996841,2.995262,1.189288
6,665,1.983917,2.975876,1.217708
6,666,2.005889,3.008833,1.180764
6,667,1.967950,2.951926,1.253086
6,668,1.996006,2.994009,1.196412
6,669,1.991224,2.986836,1.219569
6,670,1.998609,2.997914,1.216213
6,671,2.025043,3.037564,1.192001
6,672,2.010517,3.015775,1.195899
6,673,1.998355,2.997532,1.213300
6,674,1.997868,2.996802,1.213611
6,675,2.001146,3.001719,1.215004
6,676,2.010545,3.015817,1.184162
6,677,1.986004,2.979006,1.227614
6,678,2.035264,3.052896,1.154859
6,679,2.007928,3.011892,1.158424
6,680,1.999920,2.999880,1.193500
6,681,2.011166,3.016750,1.201213
6,682,1.970960,2.956439,1.260605
6,683,2.022687,3.034030,1.176638
6,684,2.016634,3.024951,1.179719
6,685,1.971056,2.956584,1.250266
6,686,1.995791,2.993686,1.219722
6,687,1.977932,2.966898,1.254888
6,688,1.972232,2.958348,1.247785
6,689,2.015134,3.022701,1.207910
6,690,2.000199,3.000298,1.217950
6,691,2.020813,3.031219,1.181551
6,692,2.009932,3.014897,1.168777
6,693,1.995131,2.992696,1.181474
6,694,1.996669,2.995003,1.195270
6,695,1.977391,2.966086,1.225795
6,696,1.996986,2.995479,1.181029
6,697,2.008604,3.012906,1.185188
6,698,1.982055,2.973083,1.213826
6,699,2.019740,3.029610,1.159534
6,700,1.998122,2.997183,1.181516
6,701,1.994218,2.991327,1.170161
6,702,1.981586,2.972379,1.231204
6,703,2.010729,3.016094,1.171073
6,704,1.973542,2.960313,1.232091
6,705,2.009149,3.013723,1.186861
6,706,2.009436,3.014154,1.187282
6,707,2.016363,3.024544,1.177357
6,708,1.985172,2.977757,1.238060
6,709,1.998855,2.998282,1.185811
6,710,2.019420,3.029130,1.172862
6,711,2.015945,3.023917,1.168310
6,712,1.998339,2.997508,1.195616
6,713,1.983034,2.974551,1.215170
6,714,2.024197,3.036295,1.142389
6,715,1.982526,2.973789,1.203558
6,716,2.006843,3.010265,1.157259
6,717,1.974703,2.962054,1.228513
6,718,2.002003,3.003004,1.189502
6,719,2.013266,3.019899,1.175708
6,720,1.985688,2.978532,1.220562
6,721,2.026461,3.039691,1.166381
6,722,2.032599,3.048898,1.150391
6,723,2.001751,3.002627,1.202786
6,724,2.007271,3.010907,1.190856
6,725,2.001389,3.002083,1.219028
6,726,2.016077,3.024115,1.172181
6,727,1.978647,2.967970,1.242182
6,728,2.009764,3.014646,1.193816
6,729,1.963458,2.945187,1.255461
6,730,1.998363,2.997544,1.184525
6,731,1.979629,2.969444,1.225567
6,732,2.021371,3.032056,1.154629
6,733,1.991962,2.987942,1.203502
6,734,2.013724,3.020586,1.180580
6,735,2.005112,3.007668,1.191184
6,736,2.024079,3.036118,1.142313
6,737,1.992047,2.988071,1.208169
6,738,2.009654,3.014482,1.218824
6,739,2.027215,3.040822,1.171087
6,740,2.010678,3.016018,1.181840
6,741,1.988998,2.983498,1.207639
6,742,2.003044,3.004567,1.189161
6,743,1.983638,2.975457,1.208116
6,744,1.989698,2.984547,1.233925
6,745,1.987971,2.981957,1.225299
6,746,2.010269,3.015403,1.169161
6,747,2.005931,3.008896,1.229799
6,748,2.010254,3.015381,1.209743
6,749,2.008788,3.013181,1.166692
6,750,1.986465,2.979698,1.243105
6,751,1.986861,2.980291,1.246381
6,752,2.005490,3.008234,1.175360
6,753,1.996380,2.994570,1.227553
6,754,2.031995,3.047992,1.150324
6,755,1.981908,2.972863,1.238139
6,756,2.000023,3.000034,1.190683
6,757,2.013042,3.019563,1.170699
6,758,2.011911,3.017867,1.170533
6,759,1.978878,2.968317,1.220573
6,760,2.007711,3.011567,1.187758
6,761,2.000910,3.001364,1.187237
6,762,2.006916,3.010373,1.185937
6,763,1.988862,2.983293,1.204588
6,764,1.985401,2.978102,1.207256
6,765,1.995594,2.993391,1.194751
6,766,2.001651,3.002477,1.202171
6,767,1.999536,2.999305,1.194671
6,768,1.994737,2.992106,1.180759
6,769,1.964396,2.946593,1.256687
6,770,2.001499,3.002248,1.195929
6,771,1.985733,2.978600,1.266456
6,772,1.987921,2.981881,1.244166
6,773,2.036098,3.054148,1.158892
6,774,2.006027,3.009041,1.193314
6,775,2.007852,3.011779,1.225582
6,776,1.989532,2.984299,1.233606
6,777,1.997314,2.995972,1.208732
6,778,2.012897,3.019346,1.184758
6,779,1.980527,2.970791,1.228972
6,780,2.006354,3.009531,1.168799
6,781,1.997712,2.996567,1.181002
6,782,2.029724,3.044585,1.141770
6,783,1.963090,2.944635,1.236129
6,784,1.992246,2.988370,1.209293
6,785,2.016335,3.024503,1.169546
6,786,1.987960,2.981940,1.206460
6,787,2.017310,3.025965,1.154925
6,788,1.989643,2.984465,1.208830
6,789,2.003212,3.004818,1.174704
6,790,2.006869,3.010304,1.185236
6,791,2.004764,3.007147,1.181383
6,792,2.030379,3.045568,1.153499
6,793,1.976134,2.964202,1.238933
6,794,2.001844,3.002766,1.197336
6,795,1.999138,2.998708,1.199253
6,796,2.006141,3.009211,1.200344
6,797,1.999684,2.999526,1.204277
6,798,2.001467,3.002201,1.186333
6,799,1.971293,2.956939,1.278550
6,800,2.040548,3.060823,1.155894
6,801,1.986276,2.979414,1.215050
6,802,1.996780,2.995170,1.220404
6,803,2.003511,3.005266,1.213430
6,804,2.013127,3.019690,1.188263
6,805,1.998679,2.998018,1.196960
6,806,2.024271,3.036407,1.166967
6,807,1.994031,2.991047,1.219515
6,808,2.028956,3.043433,1.154162
6,809,2.020959,3.031439,1.157993
6,810,2.010415,3.015622,1.176350
6,811,1.959496,2.939244,1.255928
6,812,2.032557,3.048835,1.133977
6,813,1.992669,2.989004,1.210446
6,814,1.984922,2.977384,1.219288
6,815,2.031508,3.047261,1.201871
6,816,2.003661,3.005491,1.222422
6,817,2.022472,3.033708,1.176871
6,818,2.000310,3.000465,1.194097
6,819,2.021444,3.032166,1.144418
6,820,2.003895,3.005843,1.199443
6,821,2.007124,3.010686,1.219448
6,822,2.007669,3.011503,1.183775
6,823,2.020711,3.031067,1.193907
6,824,1.991389,2.987084,1.227246
6,825,2.020714,3.031071,1.177107
6,826,2.012229,3.018343,1.162619
6,827,2.005839,3.008758,1.207027
6,828,2.023507,3.035260,1.195185
6,829,2.038362,3.057543,1.140918
6,830,2.028583,3.042874,1.157991
6,831,2.000195,3.000292,1.185728
6,832,1.985613,2.978419,1.210080
6,833,2.020243,3.030365,1.152090
6,834,1.993354,2.990031,1.178422
6,835,1.973289,2.959933,1.211247
6,836,1.993261,2.989891,1.214914
6,837,2.009361,3.014042,1.184373
6,838,1.979098,2.968648,1.232730
6,839,1.979629,2.969444,1.223574
6,840,1.998362,2.997543,1.182697
6,841,1.983490,2.975236,1.224826
6,842,2.022329,3.033494,1.182693
6,843,2.009836,3.014754,1.189811
6,844,1.993658,2.990487,1.233732
6,845,2.021750,3.032626,1.170910
6,846,2.000301,3.000452,1.193134
6,847,1.997766,2.996649,1.201010
6,848,1.982775,2.974162,1.259307
6,849,2.015270,3.022904,1.184115
6,850,2.001076,3.001615,1.195271
6,851,2.004961,3.007442,1.177878
6,852,2.029400,3.044100,1.162270
6,853,2.025548,3.038322,1.189584
6,854,2.031066,3.046599,1.171208
6,855,1.985030,2.977546,1.218089
6,856,2.004990,3.007485,1.198558
6,857,2.018703,3.028054,1.154462
6,858,1.986117,2.979176,1.217813
6,859,1.993326,2.989989,1.217535
6,860,2.010115,3.015173,1.193113
6,861,1.988535,2.982802,1.228826
6,862,1.991712,2.987567,1.226866
6,863,2.012448,3.018672,1.179788
6,864,1.972247,2.958371,1.230200
6,865,1.997606,2.996408,1.179786
6,866,1.988236,2.982353,1.197272
6,867,2.010381,3.015571,1.160314
6,868,2.016043,3.024065,1.161650
6,869,1.964825,2.947238,1.219838
6,870,2.001803,3.002705,1.190127
6,871,1.981290,2.971935,1.238039
6,872,2.029201,3.043801,1.184468
6,873,2.021465,3.032197,1.179424
6,874,1.998099,2.997149,1.215698
6,875,1.985063,2.977595,1.228845
6,876,2.006257,3.009386,1.203321
6,877,1.980350,2.970524,1.259280
6,878,2.002031,3.003047,1.230335
6,879,2.009776,3.014664,1.200644
6,880,1.991537,2.987305,1.230651
6,881,2.026912,3.040369,1.149250
6,882,1.993181,2.989771,1.190325
6,883,2.024700,3.037050,1.145002
6,884,2.010027,3.015040,1.184823
6,885,1.987466,2.981199,1.206246
6,886,1.995452,2.993178,1.199911
6,887,2.020927,3.031390,1.154985
6,888,2.002512,3.003768,1.185181
6,889,2.008107,3.012161,1.171216
6,890,1.975339,2.963009,1.259493
6,891,1.991009,2.986514,1.216701
6,892,1.988547,2.982821,1.233552
6,893,2.018242,3.027363,1.186109
6,894,1.966081,2.949122,1.247063
6,895,1.994653,2.991980,1.215454
6,896,2.029004,3.043506,1.172064
6,897,2.011134,3.016701,1.199586
6,898,2.011601,3.017402,1.189885
6,899,2.005682,3.008523,1.194369
6,900,2.002120,3.003181,1.183456
6,901,1.999076,2.998614,1.181922
6,902,1.984726,2.977089,1.193473
6,903,2.006291,3.009437,1.174343
6,904,1.981752,2.972628,1.226771
6,905,2.009230,3.013845,1.169184
6,906,1.984948,2.977422,1.210781
6,907,2.014907,3.022360,1.165965
6,908,1.998509,2.997763,1.191555
6,909,1.993272,2.989907,1.187496
6,910,2.008986,3.013480,1.171137
6,911,1.997828,2.996742,1.196830
6,912,1.977507,2.966260,1.247392
6,913,1.999602,2.999402,1.198476
6,914,1.983706,2.975559,1.225547
6,915,2.020969,3.031453,1.186205
6,916,2.015168,3.022752,1.188663
6,917,2.001816,3.002724,1.217350
6,918,1.995284,2.992925,1.217896
6,919,2.003135,3.004703,1.211782
6,920,2.033717,3.050575,1.153663
6,921,2.008872,3.013307,1.157149
6,922,1.985979,2.978969,1.194688
6,923,2.012152,3.018228,1.177348
6,924,2.025158,3.037737,1.144302
6,925,1.982671,2.974007,1.206022
6,926,1.997386,2.996079,1.195425
6,927,2.004873,3.007309,1.171370
6,928,1.977340,2.966010,1.244247
6,929,2.035930,3.053895,1.188414
6,930,2.005872,3.008807,1.202107
6,931,2.002761,3.004142,1.207036
6,932,2.031929,3.047893,1.171017
6,933,1.973485,2.960227,1.235801
6,934,1.964246,2.946368,1.256750
6,935,1.985816,2.978723,1.210039
6,936,2.020002,3.030003,1.181650
6,937,1.987587,2.981380,1.237932
6,938,2.008183,3.012274,1.221882
6,939,2.029362,3.044042,1.170579
6,940,2.000442,3.000663,1.206765
6,941,2.011441,3.017161,1.197082
6,942,2.004717,3.007076,1.193592
6,943,2.008891,3.013337,1.182895
6,944,2.002116,3.003174,1.165509
6,945,1.999814,2.999721,1.209053
6,946,1.996514,2.994771,1.215323
6,947,2.028388,3.042582,1.164941
6,948,2.009495,3.014243,1.171619
6,949,1.990795,2.986192,1.211844
6,950,2.036312,3.054468,1.152240
6,951,1.999016,2.998524,1.225490
6,952,2.018662,3.027993,1.161039
6,953,2.006806,3.010209,1.184449
6,954,1.994095,2.991142,1.203588
6,955,1.977207,2.965811,1.236095
6,956,2.021771,3.032656,1.162457
6,957,1.982081,2.973121,1.218414
6,958,2.008370,3.012554,1.192190
6,959,1.993664,2.990497,1.205639
6,960,2.013853,3.020779,1.170448
6,961,2.007389,3.011083,1.187819
6,962,1.987241,2.980861,1.207645
6,963,1.993109,2.989663,1.200738
6,964,1.937367,2.906051,1.312255
6,965,1.988567,2.982850,1.234286
6,966,1.993284,2.989926,1.217573
6,967,2.041032,3.061548,1.123888
6,968,1.998051,2.997077,1.195010
6,969,2.000813,3.001220,1.203089
6,970,1.989269,2.983903,1.222280
6,971,1.993190,2.989785,1.228422
6,972,2.022143,3.033215,1.152887
6,973,1.998330,2.997495,1.201824
6,974,1.962047,2.943071,1.269003
6,975,2.018616,3.027924,1.157048
6,976,1.982265,2.973397,1.210783
6,977,2.020814,3.031221,1.155474
6,978,2.004082,3.006123,1.158516
6,979,2.009460,3.014191,1.158922
6,980,1.993535,2.990302,1.218967
6,981,1.967705,2.951557,1.266199
6,982,2.017262,3.025893,1.188818
6,983,2.008748,3.013122,1.194719
6,984,1.994549,2.991824,1.226761
6,985,2.018797,3.028196,1.165534
6,986,2.005333,3.008000,1.192461
6,987,1.990986,2.986480,1.221693
6,988,2.001882,3.002822,1.204376
6,989,1.981650,2.972474,1.233807
6,990,1.994451,2.991676,1.205107
6,991,1.998127,2.997191,1.203550
6,992,2.007955,3.011933,1.185041
6,993,1.974016,2.961024,1.223375
6,994,2.008456,3.012685,1.179194
6,995,2.018525,3.027788,1.158823
6,996,1.966962,2.950444,1.233685
6,997,2.036984,3.055477,1.157486
6,998,2.004734,3.007100,1.193965
6,999,1.988612,2.982918,1.224863
6,1000,1.954016,2.931023,1.265881
7,1,2.019628,3.029442,1.164733
7,2,2.006549,3.009824,1.182386
7,3,2.010876,3.016314,1.165167
7,4,1.996608,2.994911,1.209407
7,5,2.026825,3.040238,1.146983
7,6,1.990281,2.985421,1.194681
7,7,1.975377,2.963065,1.225165
7,8,2.010935,3.016402,1.180239
7,9,2.006794,3.010191,1.155604
7,10,2.017840,3.026761,1.149670
7,11,2.005381,3.008072,1.174656
7,12,1.991331,2.986996,1.206049
7,13,2.013198,3.019796,1.164472
7,14,2.003330,3.004994,1.184869
7,15,1.983984,2.975977,1.215681
7,16,2.017875,3.026813,1.165073
7,17,2.005119,3.007679,1.199875
7,18,1.964987,2.947480,1.281559
7,19,2.033279,3.049919,1.164242
7,20,2.010267,3.015400,1.168785
7,21,2.008184,3.012276,1.176441
7,22,1.978865,2.968298,1.239792
7,23,1.984332,2.976498,1.237764
7,24,2.011639,3.017459,1.162165
7,25,2.012514,3.018771,1.191194
7,26,2.006992,3.010488,1.200251
7,27,2.031653,3.047480,1.172197
7,28,2.011224,3.016836,1.185095
7,29,2.029522,3.044283,1.152546
7,30,1.954015,2.931022,1.281038
7,31,2.012951,3.019427,1.172243
7,32,2.005552,3.008329,1.173052
7,33,1.993888,2.990832,1.193518
7,34,1.991364,2.987046,1.220995
7,35,2.004131,3.006196,1.195099
7,36,1.977015,2.965522,1.224765
7,37,1.994156,2.991234,1.216071
7,38,2.035900,3.053850,1.175416
7,39,1.988516,2.982774,1.242877
7,40,2.022032,3.033048,1.194760
7,41,1.999279,2.998919,1.238230
7,42,2.010159,3.015238,1.229003
7,43,2.022099,3.033149,1.186231
7,44,2.001403,3.002104,1.177802
7,45,2.003120,3.004679,1.212094
7,46,2.037200,3.055801,1.162780
7,47,1.986916,2.980374,1.223551
7,48,2.034658,3.051988,1.135548
7,49,2.023450,3.035175,1.160801
7,50,2.006840,3.010260,1.177363
7,51,1.977910,2.966865,1.277316
7,52,2.017642,3.026464,1.180775
7,53,2.021662,3.032493,1.150094
7,54,2.020330,3.030494,1.159285
7,55,2.023252,3.034879,1.187685
7,56,2.032545,3.048817,1.157770
7,57,1.996254,2.994382,1.189173
7,58,1.977241,2.965862,1.238767
7,59,1.998088,2.997132,1.214715
7,60,1.976806,2.965209,1.232757
7,61,2.013394,3.020091,1.160063
7,62,1.983891,2.975836,1.212025
7,63,1.996439,2.994659,1.193352
7,64,2.002127,3.003191,1.188462
7,65,1.983647,2.975471,1.222201
7,66,2.047068,3.070601,1.137611
7,67,1.987579,2.981368,1.201984
7,68,1.999685,2.999527,1.192961
7,69,2.029345,3.044018,1.155862
7,70,1.973385,2.960078,1.249846
7,71,2.047036,3.070554,1.173678
7,72,1.996845,2.995268,1.220931
7,73,2.019134,3.028702,1.182587
7,74,1.997001,2.995501,1.223865
7,75,2.007987,3.011980,1.222790
7,76,2.023376,3.035064,1.165211
7,77,2.021375,3.032062,1.154394
7,78,2.010099,3.015149,1.182445
7,79,2.028233,3.042349,1.153345
7,80,1.968091,2.952136,1.242801
7,81,2.018735,3.028103,1.190338
7,82,2.026739,3.040109,1.145649
7,83,2.002253,3.003379,1.186859
7,84,2.008849,3.013274,1.192209
7,85,2.034274,3.051411,1.163429
7,86,2.003927,3.005891,1.196075
7,87,1.987334,2.981001,1.259607
7,88,1.987837,2.981756,1.240135
7,89,2.007460,3.011190,1.199553
7,90,1.994315,2.991472,1.204305
7,91,2.034102,3.051153,1.172454
7,92,2.010897,3.016346,1.192972
7,93,1.994184,2.991276,1.219421
7,94,2.007767,3.011651,1.232599
7,95,2.017570,3.026355,1.185218
7,96,2.030037,3.045056,1.148438
7,97,2.011213,3.016820,1.160581
7,98,1.986418,2.979627,1.204372
7,99,1.987834,2.981750,1.206452
7,100,1.986273,2.979410,1.246981
7,101,1.981577,2.972366,1.241656
7,102,1.983293,2.974940,1.235563
7,103,2.014764,3.022145,1.185422
7,104,1.979423,2.969135,1.248427
7,105,1.966997,2.950495,1.269468
7,106,2.038290,3.057434,1.137098
7,107,2.004906,3.007359,1.200214
7,108,2.015196,3.022794,1.163573
7,109,2.008396,3.012594,1.180806
7,110,2.018903,3.028355,1.157525
7,111,1.996303,2.994455,1.192271
7,112,2.018577,3.027866,1.164719
7,113,1.991632,2.987448,1.223588
7,114,2.016255,3.024382,1.170860
7,115,2.010890,3.016336,1.152761
7,116,1.990719,2.986079,1.187706
7,117,2.008366,3.012550,1.160816
7,118,1.968887,2.953331,1.232368
7,119,2.016263,3.024395,1.178000
7,120,2.000393,3.000590,1.197937
7,121,2.027325,3.040988,1.157759
7,122,2.001611,3.002416,1.206575
7,123,2.004229,3.006344,1.196662
7,124,2.003571,3.005357,1.195054
7,125,1.988354,2.982532,1.225036
7,126,2.027572,3.041358,1.168306
7,127,2.012055,3.018082,1.190966
7,128,2.038042,3.057064,1.144301
7,129,2.022276,3.033414,1.170021
7,130,2.007724,3.011586,1.174370
7,131,2.003978,3.005966,1.174547
7,132,1.975302,2.962953,1.233163
7,133,2.006734,3.010102,1.195132
7,134,2.006150,3.009225,1.176307
7,135,1.956269,2.934404,1.278918
7,136,1.985485,2.978227,1.218491
7,137,2.035693,3.053540,1.130856
7,138,1.966472,2.949708,1.243716
7,139,1.998734,2.998101,1.199305
7,140,2.039398,3.059097,1.144214
7,141,1.974510,2.961765,1.253986
7,142,2.013171,3.019757,1.162057
7,143,1.998909,2.998363,1.199728
7,144,2.017733,3.026599,1.163289
7,145,2.030952,3.046429,1.122515
7,146,2.029821,3.044732,1.157092
7,147,2.003462,3.005193,1.197975
7,148,2.013498,3.020247,1.166140
7,149,1.975758,2.963636,1.238034
7,150,2.000375,3.000563,1.216571
7,151,2.021421,3.032132,1.155277
7,152,2.003617,3.005425,1.199445
7,153,1.984233,2.976349,1.238638
7,154,2.009591,3.014386,1.197173
7,155,2.004996,3.007494,1.189350
7,156,2.011372,3.017057,1.161172
7,157,2.009412,3.014118,1.175033
7,158,1.992217,2.988326,1.226289
7,159,2.000729,3.001093,1.191970
7,160,1.992030,2.988045,1.204680
7,161,1.990286,2.985429,1.199006
7,162,1.978306,2.967459,1.245447
7,163,2.021444,3.032165,1.179962
7,164,2.033202,3.049804,1.143910
7,165,1.997602,2.996403,1.180111
7,166,1.995020,2.992529,1.179705
7,167,2.000621,3.000931,1.180222
7,168,1.975732,2.963597,1.224912
7,169,1.996107,2.994161,1.209567
7,170,2.005571,3.008356,1.213322
7,171,2.014856,3.022283,1.170898
7,172,1.994349,2.991524,1.210451
7,173,2.009565,3.014348,1.167254
7,174,1.990731,2.986097,1.191054
7,175,1.988530,2.982795,1.208962
7,176,2.021092,3.031638,1.185063
7,177,2.012954,3.019431,1.216593
7,178,1.989251,2.983876,1.226532
7,179,2.011974,3.017962,1.197726
7,180,1.980864,2.971296,1.226281
7,181,2.040017,3.060026,1.149765
7,182,2.023794,3.035691,1.158991
7,183,2.003280,3.004921,1.191211
7,184,2.027981,3.041972,1.164462
7,185,1.992670,2.989004,1.201017
7,186,1.965343,2.948015,1.252968
7,187,2.018977,3.028465,1.172481
7,188,2.026321,3.039482,1.173430
7,189,1.999167,2.998751,1.206953
7,190,1.934082,2.901124,1.308611
7,191,2.002300,3.003451,1.206870
7,192,2.001839,3.002758,1.194297
7,193,1.953536,2.930305,1.256095
7,194,1.994908,2.992362,1.220267
7,195,2.002034,3.003051,1.220061
7,196,2.008544,3.012816,1.188570
7,197,2.010653,3.015980,1.169893
7,198,2.000667,3.001000,1.201371
7,199,2.017917,3.026875,1.162267
7,200,1.998896,2.998344,1.171937
7,201,1.990294,2.985441,1.211658
7,202,2.004786,3.007179,1.182919
7,203,1.991312,2.986968,1.187877
7,204,2.003080,3.004621,1.195079
7,205,1.971601,2.957402,1.265083
7,206,1.999227,2.998841,1.204908
7,207,2.019989,3.029983,1.168350
7,208,1.992250,2.988375,1.194176
7,209,1.984501,2.976751,1.234303
7,210,2.017247,3.025871,1.200696
7,211,2.023742,3.035613,1.167348
7,212,1.983351,2.975027,1.234234
7,213,2.005150,3.007725,1.209080
7,214,2.032370,3.048555,1.174799
7,215,2.021961,3.032941,1.140549
7,216,1.980295,2.970443,1.223901
7,217,2.004501,3.006752,1.183219
7,218,2.003764,3.005646,1.187497
7,219,1.982597,2.973896,1.266168
7,220,1.993693,2.990539,1.234038
7,221,1.989095,2.983643,1.226904
7,222,1.969436,2.954154,1.265975
7,223,2.029819,3.044728,1.152653
7,224,2.027212,3.040819,1.149410
7,225,2.001555,3.002332,1.189114
7,226,2.007427,3.011140,1.197495
7,227,2.010743,3.016115,1.202585
7,228,2.024989,3.037484,1.158361
7,229,2.010826,3.016240,1.176530
7,230,1.997797,2.996695,1.206131
7,231,1.975504,2.963256,1.233739
7,232,2.007536,3.011305,1.183300
7,233,2.006490,3.009735,1.163476
7,234,2.009329,3.013993,1.183098
7,235,2.011038,3.016558,1.190316
7,236,2.029675,3.044512,1.149967
7,237,2.012795,3.019193,1.184308
7,238,2.013224,3.019836,1.166720
7,239,1.997218,2.995827,1.188175
7,240,2.017017,3.025526,1.155538
7,241,1.983404,2.975106,1.224440
7,242,1.957946,2.936920,1.282660
7,243,2.019012,3.028519,1.171845
7,244,1.996652,2.994978,1.236851
7,245,1.987018,2.980527,1.245502
7,246,1.985054,2.977581,1.217950
7,247,1.999927,2.999890,1.203788
7,248,2.002432,3.003649,1.190717
7,249,2.007733,3.011599,1.200761
7,250,1.981256,2.971883,1.223110
7,251,1.974882,2.962323,1.231449
7,252,1.981193,2.971790,1.222207
7,253,2.015650,3.023475,1.204203
7,254,1.993389,2.990084,1.215985
7,255,2.019299,3.028948,1.173880
7,256,1.999905,2.999858,1.191090
7,257,2.008330,3.012494,1.182856
7,258,1.977844,2.966767,1.210438
7,259,1.997271,2.995906,1.222004
7,260,1.996059,2.994089,1.213825
7,261,1.984961,2.977441,1.195766
7,262,1.969141,2.953712,1.240283
7,263,2.017570,3.026355,1.198717
7,264,2.006874,3.010311,1.203686
7,265,1.992416,2.988624,1.218453
7,266,1.991791,2.987687,1.228788
7,267,2.026436,3.039654,1.150027
7,268,1.987803,2.981704,1.216572
7,269,2.000953,3.001430,1.206576
7,270,2.017881,3.026821,1.180479
7,271,2.021733,3.032599,1.190967
7,272,1.997423,2.996134,1.205161
7,273,2.034732,3.052097,1.142562
7,274,2.000966,3.001448,1.206825
7,275,1.999153,2.998729,1.180803
7,276,1.984045,2.976068,1.221630
7,277,1.907723,2.861585,1.368212
7,278,2.026347,3.039520,1.197402
7,279,1.993167,2.989751,1.225700
7,280,2.021037,3.031555,1.171850
7,281,2.012579,3.018869,1.150897
7,282,2.003905,3.005857,1.194574
7,283,2.015585,3.023378,1.178844
7,284,2.024828,3.037243,1.161571
7,285,1.985609,2.978413,1.202355
7,286,2.017639,3.026458,1.153047
7,287,2.022293,3.033440,1.152331
7,288,2.007845,3.011767,1.194860
7,289,2.026875,3.040312,1.187715
7,290,2.032997,3.049496,1.146307
7,291,1.980442,2.970663,1.236660
7,292,2.012385,3.018577,1.161780
7,293,1.967208,2.950812,1.271469
7,294,2.014010,3.021016,1.180698
7,295,1.954547,2.931820,1.291906
7,296,1.996558,2.994837,1.230221
7,297,2.022541,3.033812,1.178846
7,298,2.038174,3.057261,1.143000
7,299,2.025518,3.038276,1.156754
7,300,1.998467,2.997700,1.205036
7,301,2.025797,3.038695,1.170474
7,302,2.002228,3.003343,1.177870
7,303,1.997806,2.996709,1.196853
7,304,2.017109,3.025664,1.147511
7,305,1.973732,2.960598,1.234170
7,306,2.013104,3.019656,1.189062
7,307,2.022005,3.033007,1.172461
7,308,2.011687,3.017530,1.176453
7,309,2.043466,3.065198,1.141532
7,310,1.996050,2.994075,1.237802
7,311,1.983320,2.974980,1.239040
7,312,2.030861,3.046292,1.152994
7,313,2.018878,3.028317,1.170933
7,314,1.997238,2.995857,1.179418
7,315,1.991716,2.987573,1.170195
7,316,1.978154,2.967231,1.210102
7,317,1.978390,2.967585,1.219713
7,318,2.013943,3.020914,1.161220
7,319,1.985747,2.978621,1.190356
7,320,1.989677,2.984515,1.190122
7,321,1.980182,2.970273,1.205805
7,322,2.009833,3.014750,1.171268
7,323,2.005507,3.008260,1.165746
7,324,2.005614,3.008420,1.171894
7,325,2.015332,3.022997,1.193249
7,326,2.011943,3.017915,1.157584
7,327,1.995618,2.993427,1.182513
7,328,2.014229,3.021344,1.168335
7,329,1.953395,2.930093,1.272785
7,330,1.981465,2.972198,1.228839
7,331,1.978495,2.967743,1.224637
7,332,2.004761,3.007142,1.205560
7,333,1.991248,2.986871,1.215322
7,334,2.002016,3.003024,1.190471
7,335,1.997547,2.996321,1.191295
7,336,2.002702,3.004053,1.187431
7,337,1.971902,2.957853,1.247516
7,338,1.993701,2.990551,1.213101
7,339,1.987182,2.980773,1.225694
7,340,2.027313,3.040969,1.138366
7,341,2.005697,3.008545,1.175643
7,342,1.990780,2.986169,1.211481
7,343,2.015746,3.023619,1.173670
7,344,2.026427,3.039641,1.133204
7,345,1.991806,2.987709,1.172512
7,346,2.003780,3.005670,1.176985
7,347,2.001381,3.002072,1.188311
7,348,2.004195,3.006293,1.191275
7,349,1.972398,2.958597,1.247638
7,350,1.996453,2.994679,1.203665
7,351,1.992768,2.989152,1.191948
7,352,1.998960,2.998439,1.190885
7,353,2.017525,3.026288,1.174321
7,354,2.000881,3.001322,1.200948
7,355,2.005881,3.008822,1.197850
7,356,2.028591,3.042887,1.153229
7,357,2.000043,3.000064,1.182203
7,358,1.993372,2.990058,1.194303
7,359,1.973125,2.959687,1.262102
7,360,2.022381,3.033572,1.175438
7,361,1.971069,2.956604,1.263880
7,362,2.026156,3.039234,1.156996
7,363,2.014629,3.021944,1.161338
7,364,1.992873,2.989310,1.184969
7,365,2.009054,3.013581,1.150589
7,366,1.985176,2.977765,1.200344
7,367,1.984331,2.976497,1.190250
7,368,1.992476,2.988714,1.179030
7,369,1.991460,2.987190,1.185681
7,370,2.028772,3.043159,1.157003
7,371,2.022833,3.034249,1.159070
7,372,1.972949,2.959424,1.230415
7,373,1.989533,2.984299,1.213333
7,374,2.012033,3.018049,1.179524
7,375,2.013431,3.020146,1.175087
7,376,1.997565,2.996348,1.176124
7,377,2.003817,3.005726,1.198400
7,378,2.014645,3.021968,1.167477
7,379,2.002854,3.004281,1.165799
7,380,2.012088,3.018132,1.157213
7,381,1.998723,2.998084,1.183738
7,382,1.991917,2.987876,1.204228
7,383,2.003672,3.005507,1.192606
7,384,2.025126,3.037689,1.160846
7,385,2.011045,3.016568,1.177022
7,386,2.026605,3.039907,1.155629
7,387,1.997884,2.996825,1.184803
7,388,1.982947,2.974420,1.223673
7,389,1.998591,2.997886,1.190053
7,390,2.017362,3.026043,1.155247
7,391,1.961866,2.942799,1.274822
7,392,2.028595,3.042892,1.159759
7,393,1.976181,2.964272,1.236533
7,394,2.007421,3.011131,1.200597
7,395,1.992473,2.988710,1.242168
7,396,2.003036,3.004554,1.231103
7,397,2.029922,3.044883,1.159965
7,398,2.011120,3.016681,1.175574
7,399,1.995373,2.993060,1.189433
7,400,2.021430,3.032144,1.163025
7,401,2.013541,3.020312,1.168534
7,402,1.976001,2.964001,1.232785
7,403,2.004483,3.006725,1.211982
7,404,2.001043,3.001565,1.187034
7,405,2.013779,3.020668,1.157649
7,406,2.001551,3.002326,1.174947
7,407,1.991380,2.987070,1.205768
7,408,1.979045,2.968567,1.243228
7,409,2.003755,3.005633,1.204817
7,410,1.977516,2.966274,1.245573
7,411,1.991496,2.987244,1.215052
7,412,2.004595,3.006892,1.189540
7,413,2.013445,3.020167,1.164423
7,414,1.985271,2.977906,1.232383
7,415,1.979837,2.969755,1.238938
7,416,2.051500,3.077250,1.143279
7,417,2.025643,3.038464,1.163665
7,418,1.939194,2.908791,1.285071
7,419,1.950993,2.926489,1.300953
7,420,1.999953,2.999930,1.216041
7,421,2.005248,3.007873,1.187969
7,422,1.981221,2.971832,1.226253
7,423,2.033242,3.049863,1.154344
7,424,1.985823,2.978735,1.208839
7,425,2.020124,3.030186,1.132901
7,426,2.002872,3.004308,1.190616
7,427,2.014957,3.022435,1.168984
7,428,2.012782,3.019173,1.145293
7,429,1.980239,2.970359,1.228879
7,430,1.981051,2.971576,1.203640
7,431,1.992121,2.988181,1.199783
7,432,2.008904,3.013355,1.167893
7,433,1.955268,2.932902,1.259688
7,434,1.993214,2.989821,1.191074
7,435,2.038257,3.057386,1.130376
7,436,1.977985,2.966978,1.219564
7,437,2.007161,3.010742,1.172166
7,438,1.992756,2.989134,1.197482
7,439,2.000546,3.000818,1.190200
7,440,2.015645,3.023467,1.178602
7,441,2.007619,3.011428,1.166759
7,442,1.980422,2.970633,1.208036
7,443,2.011171,3.016756,1.199715
7,444,2.014885,3.022328,1.179795
7,445,2.017902,3.026853,1.164013
7,446,1.992292,2.988438,1.220572
7,447,2.005066,3.007599,1.188326
7,448,1.989678,2.984517,1.209541
7,449,2.010873,3.016309,1.182023
7,450,1.980916,2.971374,1.218405
7,451,2.002594,3.003891,1.192586
7,452,2.006782,3.010173,1.185775
7,453,2.014627,3.021940,1.177933
7,454,1.971997,2.957995,1.226261
7,455,2.034157,3.051235,1.177795
7,456,1.999454,2.999181,1.209928
7,457,2.021906,3.032859,1.194447
7,458,2.027068,3.040601,1.199887
7,459,2.010924,3.016385,1.180361
7,460,2.003937,3.005905,1.194590
7,461,1.973487,2.960231,1.251661
7,462,2.030209,3.045313,1.187534
7,463,1.995839,2.993758,1.241194
7,464,2.011005,3.016508,1.208329
7,465,2.006699,3.010049,1.189562
7,466,2.011130,3.016694,1.185084
7,467,2.009772,3.014658,1.203611
7,468,1.986274,2.979411,1.231782
7,469,1.987180,2.980771,1.220669
7,470,2.019009,3.028514,1.150104
7,471,1.987195,2.980793,1.184548
7,472,2.019408,3.029111,1.167003
7,473,1.989812,2.984719,1.226240
7,474,2.031753,3.047629,1.175026
7,475,2.012133,3.018200,1.159153
7,476,1.999989,2.999984,1.174454
7,477,1.999781,2.999671,1.173981
7,478,2.012571,3.018856,1.168954
7,479,1.976969,2.965454,1.207848
7,480,2.003215,3.004823,1.171817
7,481,2.014365,3.021547,1.158476
7,482,2.005532,3.008298,1.167010
7,483,1.969352,2.954028,1.250601
7,484,1.992271,2.988407,1.233543
7,485,1.967825,2.951737,1.273823
7,486,2.005499,3.008248,1.226733
7,487,2.020440,3.030659,1.174119
7,488,1.996736,2.995104,1.207067
7,489,2.009494,3.014242,1.184722
7,490,1.999240,2.998859,1.203691
7,491,1.995544,2.993316,1.179514
7,492,2.017410,3.026116,1.169518
7,493,2.001409,3.002113,1.216153
7,494,1.990926,2.986388,1.248200
7,495,1.996106,2.994159,1.220166
7,496,2.010280,3.015420,1.174853
7,497,2.000794,3.001191,1.192994
7,498,2.031346,3.047019,1.148667
7,499,1.994626,2.991939,1.212764
7,500,1.985812,2.978718,1.210828
7,501,1.976244,2.964366,1.254960
7,502,2.010693,3.016040,1.192857
7,503,2.025684,3.038526,1.173424
7,504,2.013558,3.020336,1.167875
7,505,2.010783,3.016175,1.190378
7,506,1.995168,2.992752,1.252337
7,507,2.020650,3.030975,1.180290
7,508,1.999683,2.999525,1.203547
7,509,2.000111,3.000166,1.204354
7,510,2.010976,3.016463,1.186007
7,511,1.972648,2.958973,1.247832
7,512,2.001102,3.001654,1.219624
7,513,2.034761,3.052141,1.144344
7,514,1.932252,2.898378,1.326770
7,515,2.011552,3.017328,1.183747
7,516,1.994112,2.991169,1.196770
7,517,2.019327,3.028990,1.163391
7,518,1.989303,2.983954,1.188449
7,519,2.018169,3.027253,1.168203
7,520,2.002978,3.004467,1.198990
7,521,2.003313,3.004970,1.194543
7,522,2.037113,3.055669,1.153879
7,523,1.998633,2.997949,1.216820
7,524,2.006742,3.010113,1.220153
7,525,2.001330,3.001995,1.231080
7,526,2.008634,3.012951,1.186017
7,527,2.011575,3.017362,1.165850
7,528,2.006594,3.009891,1.171152
7,529,2.004409,3.006613,1.166036
7,530,2.017399,3.026099,1.170521
7,531,2.020269,3.030403,1.175314
7,532,2.004606,3.006909,1.191054
7,533,1.990008,2.985011,1.230808
7,534,2.020403,3.030605,1.194571
7,535,1.963125,2.944688,1.302462
7,536,2.047884,3.071825,1.136317
7,537,1.983900,2.975850,1.207203
7,538,1.997786,2.996679,1.200448
7,539,2.003820,3.005730,1.189887
7,540,2.021666,3.032500,1.138762
7,541,1.966850,2.950275,1.231445
7,542,1.988133,2.982199,1.218844
7,543,1.992341,2.988511,1.222359
7,544,1.992357,2.988535,1.218122
7,545,1.993366,2.990049,1.179747
7,546,2.012600,3.018900,1.151018
7,547,2.021525,3.032288,1.154874
7,548,2.015336,3.023004,1.171986
7,549,1.975401,2.963102,1.220449
7,550,2.005224,3.007836,1.198468
7,551,1.995507,2.993261,1.231967
7,552,2.019197,3.028796,1.173716
7,553,2.001829,3.002744,1.186912
7,554,1.995392,2.993088,1.200367
7,555,2.019537,3.029305,1.175977
7,556,2.011354,3.017031,1.156195
7,557,1.997335,2.996002,1.182416
7,558,2.015000,3.022500,1.157560
7,559,1.960084,2.940127,1.255363
7,560,2.018062,3.027093,1.163251
7,561,1.989610,2.984415,1.218052
7,562,2.014237,3.021356,1.184765
7,563,2.011274,3.016911,1.177124
7,564,2.014358,3.021537,1.165869
7,565,1.985658,2.978487,1.225881
7,566,2.000597,3.000895,1.212537
7,567,2.011616,3.017425,1.192754
7,568,1.993665,2.990497,1.214442
7,569,1.998742,2.998113,1.218708
7,570,2.027187,3.040781,1.154845
7,571,1.979459,2.969189,1.246263
7,572,2.018219,3.027328,1.167714
7,573,2.020747,3.031121,1.175221
7,574,2.008455,3.012682,1.190416
7,575,2.004310,3.006465,1.179023
7,576,1.995370,2.993055,1.205929
7,577,2.010226,3.015339,1.162313
7,578,2.005543,3.008314,1.161253
7,579,2.027324,3.040985,1.151133
7,580,2.005868,3.008802,1.187952
7,581,2.019837,3.029756,1.173653
7,582,1.986062,2.979092,1.214586
7,583,2.052337,3.078506,1.131548
7,584,2.020544,3.030817,1.144452
7,585,1.975084,2.962626,1.234988
7,586,2.004972,3.007458,1.164938
7,587,1.992249,2.988373,1.192905
7,588,1.983528,2.975293,1.223822
7,589,2.004101,3.006151,1.196707
7,590,2.008341,3.012512,1.186543
7,591,1.998133,2.997200,1.175561
7,592,1.989993,2.984990,1.230752
7,593,2.013707,3.020561,1.192226
7,594,1.995294,2.992941,1.193829
7,595,1.985119,2.977678,1.232824
7,596,2.012968,3.019451,1.192545
7,597,2.011334,3.017001,1.203473
7,598,2.009425,3.014138,1.197182
7,599,2.010918,3.016377,1.204098
7,600,2.014075,3.021113,1.178243
7,601,1.980570,2.970855,1.205950
7,602,2.006269,3.009404,1.172737
7,603,2.020998,3.031497,1.171462
7,604,2.014283,3.021424,1.177574
7,605,2.037491,3.056237,1.154376
7,606,2.016361,3.024541,1.141564
7,607,1.992263,2.988395,1.182539
7,608,1.993160,2.989739,1.192431
7,609,2.017863,3.026795,1.173400
7,610,2.019454,3.029181,1.142190
7,611,2.017282,3.025924,1.148195
7,612,2.000136,3.000205,1.198618
7,613,2.018031,3.027046,1.183745
7,614,1.989746,2.984619,1.222423
7,615,2.012020,3.018030,1.160988
7,616,2.003475,3.005212,1.186605
7,617,2.007401,3.011101,1.193867
7,618,2.008235,3.012352,1.191692
7,619,2.008173,3.012259,1.188426
7,620,2.004422,3.006633,1.174054
7,621,1.992459,2.988689,1.211683
7,622,2.021260,3.031890,1.150925
7,623,1.978729,2.968093,1.234042
7,624,1.997518,2.996276,1.203169
7,625,2.013178,3.019767,1.181929
7,626,1.981535,2.972303,1.230799
7,627,2.001875,3.002813,1.201886
7,628,1.981555,2.972332,1.248170
7,629,1.999817,2.999726,1.199005
7,630,1.994523,2.991785,1.211011
7,631,1.969475,2.954212,1.242950
7,632,2.011609,3.017414,1.173878
7,633,1.996461,2.994691,1.199002
7,634,1.988413,2.982619,1.231367
7,635,2.009032,3.013548,1.173417
7,636,2.019627,3.029441,1.152010
7,637,1.968672,2.953009,1.267543
7,638,2.024336,3.036504,1.152374
7,639,2.000215,3.000322,1.188981
7,640,2.015404,3.023105,1.220530
7,641,2.015142,3.022713,1.210825
7,642,2.006833,3.010250,1.210123
7,643,1.998909,2.998364,1.226053
7,644,2.037294,3.055940,1.147774
7,645,1.988598,2.982897,1.243256
7,646,2.007730,3.011595,1.190348
7,647,2.024929,3.037393,1.143838
7,648,2.013316,3.019974,1.169594
7,649,2.007717,3.011576,1.176255
7,650,1.997889,2.996833,1.191615
7,651,1.973160,2.959740,1.238689
7,652,2.007877,3.011816,1.187333
7,653,2.008451,3.012676,1.175129
7,654,2.017215,3.025822,1.132534
7,655,2.006697,3.010046,1.176203
7,656,2.000685,3.001028,1.181343
7,657,2.007029,3.010543,1.178895
7,658,2.023092,3.034638,1.169199
7,659,1.984450,2.976676,1.216560
7,660,2.002311,3.003467,1.193314
7,661,1.983780,2.975670,1.209773
7,662,2.012769,3.019153,1.173837
7,663,2.018685,3.028027,1.184775
7,664,1.999320,2.998979,1.189785
7,665,2.008295,3.012442,1.172273
7,666,1.983218,2.974826,1.251592
7,667,2.006822,3.010233,1.175745
7,668,1.982036,2.973055,1.211136
7,669,2.005507,3.008261,1.202834
7,670,2.009975,3.014963,1.172225
7,671,2.014772,3.022158,1.163273
7,672,1.921685,2.882527,1.342586
7,673,2.001205,3.001808,1.243407
7,674,2.014149,3.021223,1.192426
7,675,2.020116,3.030174,1.185521
7,676,2.012323,3.018485,1.193674
7,677,2.002457,3.003686,1.208505
7,678,1.986708,2.980062,1.224382
7,679,2.005612,3.008418,1.213139
7,680,1.942524,2.913786,1.313603
7,681,2.017540,3.026311,1.195230
7,682,2.015826,3.023739,1.181221
7,683,2.006590,3.009885,1.189427
7,684,2.005850,3.008775,1.192468
7,685,1.987403,2.981105,1.221655
7,686,1.992940,2.989410,1.222243
7,687,1.996112,2.994167,1.201389
7,688,2.039517,3.059276,1.131647
7,689,1.954237,2.931355,1.258285
7,690,2.001155,3.001733,1.205358
7,691,1.988012,2.982019,1.221302
7,692,1.995634,2.993451,1.204611
7,693,1.990434,2.985651,1.199745
7,694,1.999224,2.998837,1.183398
7,695,2.001109,3.001664,1.169202
7,696,1.987024,2.980537,1.216241
7,697,1.997694,2.996541,1.229033
7,698,1.990932,2.986397,1.243082
7,699,2.030230,3.045344,1.180034
7,700,1.986189,2.979283,1.216029
7,701,2.014375,3.021563,1.172085
7,702,2.001703,3.002555,1.212097
7,703,2.005578,3.008368,1.185253
7,704,1.981389,2.972083,1.274898
7,705,2.004512,3.006768,1.201364
7,706,2.021157,3.031736,1.181059
7,707,2.002908,3.004363,1.230878
7,708,2.031645,3.047467,1.163789
7,709,2.001386,3.002079,1.192489
7,710,2.023531,3.035296,1.167766
7,711,2.020514,3.030771,1.174527
7,712,1.965980,2.948971,1.271665
7,713,2.005267,3.007900,1.219314
7,714,2.014491,3.021736,1.204843
7,715,2.015173,3.022759,1.164915
7,716,1.981965,2.972948,1.242046
7,717,2.010015,3.015022,1.187636
7,718,1.991030,2.986546,1.205697
7,719,2.023541,3.035311,1.145048
7,720,1.994051,2.991077,1.183864
7,721,2.007032,3.010548,1.183697
7,722,2.000278,3.000417,1.179258
7,723,2.021322,3.031983,1.145833
7,724,2.012441,3.018662,1.148248
7,725,2.001336,3.002005,1.196387
7,726,2.015989,3.023983,1.145167
7,727,2.003888,3.005832,1.170288
7,728,2.028213,3.042320,1.130594
7,729,1.977655,2.966482,1.261649
7,730,2.015369,3.023054,1.218581
7,731,1.997632,2.996447,1.215245
7,732,2.009339,3.014009,1.180598
7,733,2.014251,3.021377,1.172356
7,734,2.002404,3.003605,1.215494
7,735,2.002518,3.003777,1.198124
7,736,1.981154,2.971732,1.231797
7,737,2.043130,3.064694,1.140262
7,738,1.971686,2.957528,1.254185
7,739,2.005951,3.008927,1.180028
7,740,2.017890,3.026835,1.144981
7,741,1.986499,2.979749,1.216528
7,742,2.009998,3.014998,1.182099
7,743,1.995673,2.993509,1.206259
7,744,1.967503,2.951254,1.253614
7,745,1.984627,2.976940,1.223730
7,746,2.028171,3.042257,1.179907
7,747,2.004459,3.006688,1.175467
7,748,1.987713,2.981570,1.226634
7,749,2.028980,3.043471,1.173353
7,750,2.002131,3.003196,1.229846
7,751,2.018815,3.028223,1.169499
7,752,2.009595,3.014393,1.209374
7,753,2.026487,3.039730,1.175782
7,754,2.031446,3.047168,1.148792
7,755,1.999349,2.999024,1.181028
7,756,2.007624,3.011436,1.175768
7,757,1.980531,2.970796,1.226755
7,758,1.999284,2.998927,1.198838
7,759,2.027696,3.041544,1.137776
7,760,2.002707,3.004061,1.204161
7,761,1.981237,2.971855,1.228222
7,762,1.993890,2.990835,1.230713
7,763,1.976751,2.965126,1.247851
7,764,2.025806,3.038709,1.148495
7,765,1.986407,2.979610,1.221901
7,766,2.037231,3.055846,1.148839
7,767,1.989917,2.984875,1.208967
7,768,2.005942,3.008913,1.191691
7,769,2.013924,3.020887,1.173359
7,770,2.012965,3.019448,1.169048
7,771,1.975776,2.963665,1.241548
7,772,1.974735,2.962102,1.236702
7,773,2.008726,3.013088,1.190676
7,774,2.007262,3.010893,1.212390
7,775,2.032499,3.048748,1.152941
7,776,2.003354,3.005031,1.201946
7,777,2.015443,3.023165,1.178789
7,778,2.008888,3.013332,1.169324
7,779,2.005376,3.008064,1.183095
7,780,1.973803,2.960705,1.263990
7,781,2.023782,3.035672,1.180547
7,782,2.008285,3.012428,1.185439
7,783,1.971201,2.956801,1.273734
7,784,2.001824,3.002735,1.195380
7,785,1.998382,2.997574,1.217537
7,786,2.016567,3.024851,1.170411
7,787,2.017510,3.026264,1.176901
7,788,1.991652,2.987478,1.192522
7,789,2.003283,3.004924,1.171606
7,790,2.023477,3.035216,1.173500
7,791,2.005574,3.008361,1.183601
7,792,2.000983,3.001474,1.192218
7,793,1.988045,2.982068,1.236120
7,794,1.994595,2.991892,1.228903
7,795,1.999075,2.998612,1.202805
7,796,1.966288,2.949432,1.270781
7,797,2.019160,3.028741,1.202913
7,798,2.012666,3.018999,1.193181
7,799,1.984388,2.976583,1.232057
7,800,1.984432,2.976647,1.260325
7,801,2.025718,3.038576,1.185994
7,802,2.003637,3.005455,1.190496
7,803,2.010145,3.015218,1.208552
7,804,2.027750,3.041625,1.140973
7,805,1.981791,2.972686,1.217823
7,806,1.972509,2.958763,1.234474
7,807,1.998571,2.997856,1.207118
7,808,2.031740,3.047609,1.135126
7,809,1.999090,2.998635,1.199009
7,810,1.975515,2.963273,1.248840
7,811,2.020674,3.031011,1.164291
7,812,2.004197,3.006296,1.179051
7,813,1.972384,2.958576,1.234024
7,814,2.024810,3.037215,1.173787
7,815,2.008082,3.012123,1.184920
7,816,2.007946,3.011919,1.180761
7,817,1.987941,2.981911,1.193437
7,818,2.005532,3.008298,1.177957
7,819,1.978644,2.967966,1.228512
7,820,1.984153,2.976229,1.220498
7,821,2.008671,3.013007,1.206901
7,822,2.034971,3.052456,1.162894
7,823,1.982025,2.973038,1.212622
7,824,2.001182,3.001772,1.195361
7,825,1.980587,2.970880,1.251645
7,826,1.990041,2.985061,1.201610
7,827,1.988171,2.982256,1.186354
7,828,2.007704,3.011557,1.167715
7,829,1.960121,2.940182,1.252638
7,830,1.988730,2.983094,1.205219
7,831,2.016950,3.025425,1.196157
7,832,2.032527,3.048791,1.144376
7,833,2.000007,3.000011,1.190662
7,834,2.006906,3.010359,1.178771
7,835,1.995796,2.993694,1.197566
7,836,2.014736,3.022104,1.180863
7,837,2.001918,3.002877,1.177924
7,838,1.987075,2.980612,1.193318
7,839,1.979264,2.968895,1.254580
7,840,2.015080,3.022621,1.169949
7,841,2.014650,3.021975,1.158598
7,842,2.002548,3.003822,1.183767
7,843,1.992993,2.989489,1.222740
7,844,1.987121,2.980681,1.231151
7,845,2.028899,3.043348,1.167041
7,846,2.000264,3.000396,1.185582
7,847,2.006444,3.009667,1.212227
7,848,2.011772,3.017658,1.164358
7,849,1.977472,2.966207,1.218993
7,850,2.020172,3.030259,1.179465
7,851,2.016883,3.025324,1.202904
7,852,1.996438,2.994657,1.210907
7,853,2.029014,3.043522,1.171154
7,854,1.966340,2.949509,1.276433
7,855,2.025738,3.038607,1.151645
7,856,1.984382,2.976574,1.214676
7,857,1.996629,2.994943,1.188270
7,858,1.981037,2.971556,1.245194
7,859,2.013369,3.020054,1.196973
7,860,2.011682,3.017523,1.197143
7,861,1.985889,2.978833,1.234610
7,862,2.001330,3.001995,1.213171
7,863,2.023103,3.034655,1.154343
7,864,1.993969,2.990953,1.193375
7,865,2.014693,3.022040,1.179589
7,866,2.016128,3.024192,1.183458
7,867,1.999716,2.999574,1.208187
7,868,2.003486,3.005230,1.217295
7,869,2.003790,3.005685,1.192632
7,870,1.987722,2.981584,1.224301
7,871,1.972509,2.958764,1.253451
7,872,1.993958,2.990938,1.229042
7,873,1.988135,2.982203,1.248660
7,874,2.043118,3.064677,1.168495
7,875,2.005385,3.008078,1.190782
7,876,2.018526,3.027789,1.158262
7,877,1.995856,2.993784,1.186209
7,878,1.996848,2.995273,1.229458
7,879,2.000686,3.001029,1.197026
7,880,2.014896,3.022344,1.167210
7,881,2.009907,3.014861,1.187591
7,882,2.025957,3.038935,1.175524
7,883,1.983429,2.975144,1.237853
7,884,2.004099,3.006148,1.165113
7,885,1.993164,2.989747,1.200913
7,886,1.969662,2.954494,1.257287
7,887,2.023308,3.034962,1.183621
7,888,1.995741,2.993611,1.237435
7,889,2.010017,3.015025,1.172514
7,890,1.986120,2.979180,1.217300
7,891,2.019246,3.028870,1.151867
7,892,1.952089,2.928134,1.258465
7,893,1.990978,2.986466,1.219652
7,894,1.998463,2.997695,1.199132
7,895,2.026990,3.040484,1.152883
7,896,2.011344,3.017016,1.163561
7,897,2.021723,3.032585,1.155745
7,898,2.018193,3.027289,1.135799
7,899,1.992681,2.989022,1.186257
7,900,2.010711,3.016066,1.170433
7,901,2.005555,3.008333,1.169465
7,902,2.000452,3.000678,1.179479
7,903,1.972501,2.958752,1.221937
7,904,1.996101,2.994151,1.190108
7,905,2.013722,3.020583,1.192618
7,906,2.014779,3.022168,1.214864
7,907,1.989357,2.984035,1.248419
7,908,2.019314,3.028971,1.183523
7,909,2.019343,3.029015,1.185995
7,910,2.009603,3.014404,1.176044
7,911,1.984608,2.976911,1.229692
7,912,2.012512,3.018768,1.183403
7,913,1.990960,2.986439,1.210324
7,914,2.021202,3.031803,1.171822
7,915,2.018410,3.027616,1.170322
7,916,2.011287,3.016931,1.191694
7,917,1.991493,2.987239,1.212235
7,918,1.988040,2.982060,1.245662
7,919,2.020720,3.031079,1.173127
7,920,2.010879,3.016319,1.179555
7,921,2.001644,3.002466,1.203170
7,922,1.997954,2.996931,1.189640
7,923,2.011640,3.017459,1.185005
7,924,1.975785,2.963678,1.233142
7,925,1.997883,2.996824,1.194394
7,926,1.985915,2.978872,1.216938
7,927,2.021293,3.031939,1.191296
7,928,2.009550,3.014325,1.184273
7,929,2.008465,3.012698,1.164680
7,930,1.987806,2.981709,1.195363
7,931,2.000577,3.000865,1.181902
7,932,1.999901,2.999851,1.196061
7,933,1.988692,2.983037,1.199382
7,934,1.975336,2.963004,1.237322
7,935,1.990280,2.985420,1.219742
7,936,2.026659,3.039988,1.149234
7,937,1.971467,2.957201,1.235250
7,938,1.993437,2.990155,1.229707
7,939,2.037104,3.055656,1.173045
7,940,1.944388,2.916582,1.318414
7,941,1.997100,2.995650,1.214649
7,942,2.012772,3.019159,1.201257
7,943,2.008432,3.012648,1.190414
7,944,2.036436,3.054653,1.169013
7,945,1.997578,2.996367,1.194748
7,946,2.031845,3.047768,1.130971
7,947,1.984410,2.976615,1.212770
7,948,1.992873,2.989310,1.214363
7,949,2.001651,3.002476,1.192875
7,950,2.003026,3.004539,1.193450
7,951,2.008574,3.012861,1.199368
7,952,2.019969,3.029954,1.180544
7,953,2.007824,3.011736,1.180734
7,954,1.992603,2.988904,1.190469
7,955,2.015567,3.023351,1.187687
7,956,1.970375,2.955563,1.258339
7,957,2.012902,3.019352,1.174597
7,958,2.000645,3.000967,1.187896
7,959,1.985978,2.978967,1.233772
7,960,2.002354,3.003531,1.209801
7,961,2.034391,3.051586,1.158905
7,962,1.978449,2.967674,1.265733
7,963,2.025565,3.038347,1.163165
7,964,2.021500,3.032249,1.170717
7,965,2.010493,3.015740,1.187446
7,966,2.023763,3.035644,1.173047
7,967,2.008582,3.012873,1.203204
7,968,2.024583,3.036874,1.164279
7,969,2.032914,3.049370,1.173692
7,970,2.025884,3.038826,1.161463
7,971,2.038090,3.057134,1.152666
7,972,2.009331,3.013996,1.175358
7,973,2.008227,3.012340,1.153586
7,974,1.982734,2.974101,1.201677
7,975,2.008586,3.012879,1.195458
7,976,2.016233,3.024349,1.157962
7,977,1.983756,2.975634,1.209030
7,978,1.990985,2.986478,1.182710
7,979,2.002986,3.004479,1.177611
7,980,1.997829,2.996744,1.170636
7,981,2.004317,3.006475,1.214729
7,982,1.988732,2.983098,1.215790
7,983,2.030681,3.046021,1.161476
7,984,2.010501,3.015751,1.184079
7,985,2.004934,3.007401,1.184867
7,986,2.023385,3.035078,1.154492
7,987,2.006533,3.009800,1.162883
7,988,2.022520,3.033780,1.148159
7,989,1.986374,2.979561,1.206904
7,990,2.009411,3.014116,1.181952
7,991,1.988124,2.982186,1.200303
7,992,1.994368,2.991553,1.203145
7,993,1.987179,2.980769,1.217554
7,994,2.019197,3.028796,1.150154
7,995,1.997173,2.995760,1.193643
7,996,1.990350,2.985525,1.207731
7,997,1.969364,2.954046,1.234661
7,998,1.981142,2.971714,1.219259
7,999,1.977731,2.966596,1.225245
7,1000,2.014281,3.021421,1.167571
8,1,1.994148,2.991222,1.219914
8,2,1.991759,2.987639,1.203945
8,3,1.995663,2.993494,1.192015
8,4,2.022012,3.033019,1.182245
8,5,1.999814,2.999721,1.175973
8,6,1.989521,2.984281,1.204704
8,7,1.970431,2.955646,1.230145
8,8,1.980027,2.970041,1.225129
8,9,1.990724,2.986086,1.224243
8,10,2.028282,3.042423,1.152988
8,11,2.020695,3.031043,1.139241
8,12,1.984595,2.976892,1.217696
8,13,2.014525,3.021787,1.169201
8,14,2.032846,3.049268,1.131942
8,15,2.006945,3.010418,1.184000
8,16,1.993910,2.990864,1.204622
8,17,1.992632,2.988948,1.226623
8,18,2.024804,3.037206,1.147012
8,19,1.997252,2.995878,1.209619
8,20,2.015616,3.023424,1.166889
8,21,1.984593,2.976890,1.218855
8,22,2.014861,3.022292,1.165408
8,23,1.997763,2.996645,1.205949
8,24,1.965011,2.947517,1.267413
8,25,1.994708,2.992062,1.204705
8,26,2.001274,3.001911,1.186336
8,27,1.992109,2.988164,1.198399
8,28,2.003946,3.005919,1.176619
8,29,1.991262,2.986893,1.203708
8,30,1.996170,2.994255,1.196500
8,31,1.996533,2.994799,1.224126
8,32,2.024975,3.037462,1.155817
8,33,1.995109,2.992664,1.203986
8,34,2.002777,3.004165,1.184563
8,35,2.005631,3.008447,1.181432
8,36,2.028364,3.042545,1.148302
8,37,1.996631,2.994947,1.176686
8,38,2.001426,3.002139,1.184252
8,39,1.994368,2.991551,1.196081
8,40,2.009782,3.014673,1.166617
8,41,1.999460,2.999190,1.181473
8,42,1.995267,2.992900,1.221844
8,43,2.015901,3.023851,1.165842
8,44,2.003856,3.005784,1.189352
8,45,2.007434,3.011151,1.198139
8,46,2.008856,3.013283,1.164163
8,47,1.990901,2.986351,1.202078
8,48,2.001484,3.002226,1.204208
8,49,1.981688,2.972532,1.262148
8,50,2.035968,3.053953,1.173804
8,51,2.018556,3.027835,1.180457
8,52,2.013507,3.020261,1.205831
8,53,2.030150,3.045225,1.160640
8,54,2.029222,3.043832,1.157054
8,55,2.002926,3.004389,1.192254
8,56,1.986724,2.980086,1.217620
8,57,2.024520,3.036781,1.181117
8,58,1.999705,2.999558,1.197720
8,59,1.988252,2.982377,1.216827
8,60,1.991608,2.987412,1.243934
8,61,2.028472,3.042709,1.156166
8,62,1.970413,2.955620,1.242126
8,63,1.993696,2.990544,1.218952
8,64,1.998367,2.997550,1.194609
8,65,2.006443,3.009664,1.215588
8,66,1.990625,2.985937,1.224672
8,67,2.035128,3.052692,1.155185
8,68,2.002081,3.003122,1.188225
8,69,2.014562,3.021843,1.172147
8,70,2.011292,3.016938,1.201863
8,71,2.021173,3.031760,1.167094
8,72,1.982444,2.973665,1.251207
8,73,2.035226,3.052839,1.174121
8,74,1.993079,2.989619,1.209987
8,75,1.980919,2.971379,1.220898
8,76,1.996661,2.994991,1.196263
8,77,1.972656,2.958984,1.229235
8,78,2.039713,3.059570,1.143755
8,79,2.024878,3.037316,1.159614
8,80,2.004895,3.007342,1.178978
8,81,1.987557,2.981336,1.215496
8,82,1.988463,2.982694,1.226298
8,83,1.990448,2.985672,1.201070
8,84,2.001095,3.001643,1.174234
8,85,1.982838,2.974257,1.207125
8,86,1.994964,2.992446,1.199655
8,87,1.990716,2.986075,1.216911
8,88,2.001930,3.002894,1.195968
8,89,2.015992,3.023989,1.172515
8,90,2.017541,3.026311,1.162763
8,91,2.017786,3.026679,1.189053
8,92,2.027474,3.041211,1.168062
8,93,2.013619,3.020429,1.211366
8,94,2.003802,3.005703,1.194413
8,95,1.979667,2.969501,1.252051
8,96,2.007751,3.011627,1.177157
8,97,1.986786,2.980179,1.248501
8,98,1.990426,2.985639,1.230147
8,99,2.003087,3.004631,1.204817
8,100,2.026710,3.040065,1.158334
8,101,1.984697,2.977045,1.217073
8,102,1.991681,2.987521,1.201801
8,103,2.000362,3.000544,1.194642
8,104,2.008860,3.013290,1.202649
8,105,1.982392,2.973589,1.217185
8,106,2.021816,3.032724,1.188442
8,107,1.984713,2.977070,1.252581
8,108,2.027487,3.041230,1.158766
8,109,2.013203,3.019804,1.180007
8,110,1.979816,2.969724,1.238611
8,111,2.011163,3.016744,1.176913
8,112,2.001470,3.002206,1.209455
8,113,2.007713,3.011569,1.203301
8,114,2.019918,3.029876,1.160062
8,115,2.019397,3.029096,1.179153
8,116,1.994888,2.992332,1.176040
8,117,2.001678,3.002517,1.155059
8,118,2.009352,3.014027,1.209190
8,119,1.996791,2.995186,1.218625
8,120,1.991312,2.986968,1.237421
8,121,2.047753,3.071630,1.131319
8,122,1.986999,2.980499,1.206783
8,123,2.027615,3.041422,1.173550
8,124,2.006031,3.009046,1.187097
8,125,2.005182,3.007774,1.180960
8,126,1.979882,2.969822,1.226499
8,127,1.997830,2.996746,1.207349
8,128,1.992047,2.988071,1.198338
8,129,1.994606,2.991909,1.192688
8,130,2.017982,3.026973,1.154661
8,131,2.009507,3.014260,1.192081
8,132,1.996557,2.994835,1.239038
8,133,2.018825,3.028237,1.198781
8,134,2.020873,3.031310,1.162985
8,135,2.005812,3.008718,1.162297
8,136,1.994961,2.992441,1.209277
8,137,1.997735,2.996602,1.219351
8,138,2.001002,3.001503,1.196462
8,139,2.019681,3.029522,1.150591
8,140,2.014262,3.021393,1.178321
8,141,1.990411,2.985617,1.228776
8,142,2.022793,3.034189,1.166146
8,143,1.976519,2.964779,1.239376
8,144,1.945434,2.918151,1.315311
8,145,1.986206,2.979309,1.236516
8,146,2.020691,3.031036,1.163640
8,147,2.013043,3.019565,1.184901
8,148,2.003824,3.005736,1.176225
8,149,2.008040,3.012059,1.186188
8,150,2.009072,3.013608,1.202542
8,151,2.011996,3.017995,1.172140
8,152,1.987601,2.981401,1.204465
8,153,1.987207,2.980810,1.227777
8,154,2.037433,3.056150,1.139410
8,155,1.976328,2.964492,1.238028
8,156,2.008420,3.012631,1.198320
8,157,1.990145,2.985218,1.251761
8,158,1.989674,2.984511,1.231209
8,159,2.022283,3.033424,1.189030
8,160,1.986152,2.979228,1.204170
8,161,2.007274,3.010911,1.175788
8,162,1.997037,2.995556,1.202924
8,163,2.017092,3.025637,1.170715
8,164,2.001884,3.002827,1.225774
8,165,2.001987,3.002981,1.232438
8,166,1.981676,2.972513,1.239074
8,167,1.985717,2.978576,1.265943
8,168,2.042065,3.063097,1.172361
8,169,2.007173,3.010760,1.186747
8,170,2.000604,3.000905,1.177688
8,171,1.983842,2.975763,1.213265
8,172,2.000249,3.000374,1.201660
8,173,1.992905,2.989358,1.205081
8,174,2.000479,3.000718,1.193262
8,175,2.022192,3.033288,1.155093
8,176,2.009171,3.013757,1.158072
8,177,2.023009,3.034514,1.134073
8,178,1.997218,2.995827,1.188425
8,179,2.012523,3.018785,1.185070
8,180,2.016471,3.024706,1.170091
8,181,1.993512,2.990268,1.200527
8,182,1.989334,2.984002,1.212393
8,183,2.003631,3.005446,1.189392
8,184,2.008429,3.012643,1.200014
8,185,1.990269,2.985403,1.201908
8,186,2.002052,3.003078,1.169209
8,187,2.008767,3.013150,1.195547
8,188,1.992151,2.988226,1.231925
8,189,1.998103,2.997154,1.222127
8,190,2.009076,3.013614,1.178869
8,191,1.977337,2.966006,1.240923
8,192,1.985729,2.978593,1.231721
8,193,1.998843,2.998265,1.222849
8,194,2.033518,3.050277,1.167702
8,195,1.986921,2.980381,1.213702
8,196,2.004107,3.006160,1.182911
8,197,2.027292,3.040938,1.176522
8,198,2.013334,3.020000,1.175670
8,199,1.998667,2.998001,1.215524
8,200,2.008762,3.013143,1.176820
8,201,2.019403,3.029104,1.152946
8,202,1.982900,2.974350,1.200798
8,203,1.994492,2.991739,1.209229
8,204,2.007027,3.010541,1.187846
8,205,1.976897,2.965345,1.212447
8,206,1.997507,2.996260,1.201959
8,207,2.016390,3.024585,1.171760
8,208,1.989523,2.984284,1.227290
8,209,2.004094,3.006141,1.196337
8,210,1.992023,2.988034,1.207064
8,211,1.991114,2.986671,1.195711
8,212,1.994217,2.991326,1.220776
8,213,2.016853,3.025280,1.171367
8,214,1.997685,2.996528,1.206747
8,215,2.023034,3.034551,1.167932
8,216,1.992767,2.989151,1.196686
8,217,1.996147,2.994220,1.186193
8,218,2.039197,3.058795,1.152174
8,219,1.998912,2.998368,1.179151
8,220,1.992620,2.988930,1.219818
8,221,1.978125,2.967187,1.260577
8,222,2.030132,3.045198,1.163201
8,223,1.998492,2.997738,1.216035
8,224,1.969115,2.953672,1.265392
8,225,2.007140,3.010710,1.179984
8,226,2.035869,3.053804,1.180907
8,227,1.982252,2.973377,1.254699
8,228,2.001303,3.001954,1.195415
8,229,1.988602,2.982903,1.227134
8,230,2.000173,3.000259,1.212044
8,231,1.964037,2.946055,1.257258
8,232,2.007163,3.010745,1.186911
8,233,2.007473,3.011209,1.182039
8,234,2.010097,3.015146,1.171004
8,235,1.975768,2.963652,1.238267
8,236,2.013535,3.020303,1.186623
8,237,1.993944,2.990916,1.198403
8,238,1.989974,2.984960,1.181809
8,239,1.998445,2.997668,1.191949
8,240,1.985115,2.977673,1.222400
8,241,2.015132,3.022698,1.149031
8,242,1.991855,2.987782,1.198395
8,243,1.995156,2.992735,1.209091
8,244,2.010080,3.015119,1.167899
8,245,1.962715,2.944073,1.255893
8,246,1.972419,2.958629,1.239032
8,247,2.012590,3.018885,1.159085
8,248,2.021821,3.032731,1.169991
8,249,1.983757,2.975635,1.241719
8,250,2.025724,3.038586,1.158310
8,251,2.000132,3.000197,1.203891
8,252,2.002256,3.003385,1.197793
8,253,2.025244,3.037866,1.192480
8,254,2.032593,3.048890,1.160134
8,255,1.989030,2.983546,1.201846
8,256,2.005413,3.008120,1.184328
8,257,1.992320,2.988479,1.220630
8,258,2.010723,3.016085,1.174847
8,259,1.997017,2.995525,1.188373
8,260,1.988286,2.982429,1.198132
8,261,1.983120,2.974681,1.211888
8,262,1.979455,2.969183,1.207031
8,263,2.007613,3.011420,1.182169
8,264,2.001902,3.002853,1.203877
8,265,1.994323,2.991484,1.200782
8,266,1.991330,2.986996,1.213503
8,267,2.003433,3.005149,1.200971
8,268,2.028527,3.042791,1.157795
8,269,2.025994,3.038991,1.145716
8,270,2.003033,3.004550,1.167217
8,271,2.036975,3.055462,1.150062
8,272,1.997666,2.996500,1.216283
8,273,2.006268,3.009403,1.210219
8,274,1.990615,2.985923,1.213580
8,275,2.016558,3.024837,1.173146
8,276,1.988219,2.982328,1.217083
8,277,2.014692,3.022039,1.165352
8,278,2.003977,3.005965,1.212769
8,279,2.025965,3.038947,1.219049
8,280,2.013281,3.019922,1.186630
8,281,2.003553,3.005329,1.190449
8,282,1.996495,2.994743,1.200980
8,283,1.969278,2.953917,1.237419
8,284,1.962790,2.944185,1.272169
8,285,1.970760,2.956140,1.258223
8,286,2.016392,3.024589,1.177459
8,287,2.000905,3.001357,1.185096
8,288,2.018940,3.028411,1.184214
8,289,1.957008,2.935512,1.279359
8,290,1.993737,2.990605,1.214738
8,291,1.977373,2.966059,1.255119
8,292,2.009027,3.013540,1.171754
8,293,1.993239,2.989859,1.234228
8,294,2.006611,3.009916,1.194568
8,295,1.979053,2.968580,1.223343
8,296,2.015964,3.023946,1.186407
8,297,1.999647,2.999470,1.199026
8,298,2.041313,3.061970,1.139466
8,299,1.988600,2.982901,1.224276
8,300,1.969428,2.954142,1.262277
8,301,1.995952,2.993928,1.227749
8,302,1.999340,2.999010,1.202059
8,303,2.005491,3.008236,1.166900
8,304,1.994016,2.991024,1.216898
8,305,2.008421,3.012632,1.158116
8,306,1.983253,2.974880,1.219757
8,307,1.999130,2.998695,1.214050
8,308,2.016162,3.024242,1.177035
8,309,2.016409,3.024613,1.169030
8,310,2.006740,3.010110,1.159468
8,311,2.003180,3.004769,1.169778
8,312,1.993438,2.990158,1.185945
8,313,1.997947,2.996920,1.175985
8,314,1.983726,2.975590,1.203838
8,315,1.992418,2.988627,1.199514
8,316,1.965914,2.948870,1.244991
8,317,1.993802,2.990703,1.188849
8,318,2.011459,3.017189,1.171512
8,319,1.987186,2.980780,1.227926
8,320,1.959043,2.938565,1.280045
8,321,2.043695,3.065542,1.154434
8,322,2.014639,3.021958,1.187019
8,323,2.009995,3.014993,1.166934
8,324,2.006720,3.010080,1.160861
8,325,1.984626,2.976938,1.197406
8,326,1.991893,2.987840,1.231505
8,327,2.024483,3.036724,1.185105
8,328,1.984562,2.976843,1.245733
8,329,2.020964,3.031447,1.153389
8,330,1.993616,2.990424,1.209529
8,331,2.000894,3.001341,1.207752
8,332,1.992287,2.988430,1.212368
8,333,2.010100,3.015150,1.163918
8,334,2.031572,3.047358,1.122551
8,335,1.994123,2.991185,1.183637
8,336,2.017205,3.025807,1.169719
8,337,1.909965,2.864947,1.367210
8,338,2.038230,3.057345,1.157425
8,339,2.018748,3.028122,1.185035
8,340,1.987432,2.981148,1.215083
8,341,1.990825,2.986238,1.223637
8,342,2.002564,3.003846,1.198812
8,343,1.976861,2.965291,1.279881
8,344,2.030225,3.045337,1.185696
8,345,2.017647,3.026471,1.178419
8,346,1.993127,2.989691,1.202803
8,347,2.011725,3.017588,1.159919
8,348,2.000258,3.000386,1.164473
8,349,2.010866,3.016299,1.164187
8,350,2.002431,3.003646,1.179503
8,351,2.021349,3.032023,1.169397
8,352,1.992704,2.989056,1.231316
8,353,2.017719,3.026578,1.174861
8,354,1.988332,2.982498,1.182229
8,355,2.015440,3.023160,1.153119
8,356,1.993202,2.989804,1.193562
8,357,1.972686,2.959029,1.263106
8,358,2.032558,3.048837,1.132806
8,359,1.989410,2.984114,1.198010
8,360,2.007216,3.010823,1.199653
8,361,2.044376,3.066564,1.128624
8,362,1.992804,2.989206,1.204074
8,363,1.985511,2.978267,1.215659
8,364,2.015245,3.022867,1.163071
8,365,2.008936,3.013405,1.177021
8,366,2.028387,3.042581,1.154280
8,367,1.978504,2.967756,1.222246
8,368,1.992070,2.988104,1.209785
8,369,1.995348,2.993023,1.188169
8,370,1.989967,2.984950,1.196878
8,371,1.987608,2.981412,1.200965
8,372,1.999917,2.999875,1.192101
8,373,1.997759,2.996639,1.168095
8,374,2.003892,3.005838,1.166872
8,375,2.013684,3.020527,1.153969
8,376,2.004356,3.006534,1.183154
8,377,1.993207,2.989811,1.208546
8,378,1.991653,2.987480,1.208932
8,379,2.018576,3.027864,1.156053
8,380,1.998485,2.997728,1.189929
8,381,2.011064,3.016596,1.189795
8,382,2.023790,3.035685,1.155721
8,383,1.998176,2.997264,1.177744
8,384,2.007625,3.011437,1.170186
8,385,1.986567,2.979850,1.214387
8,386,2.008085,3.012128,1.176195
8,387,1.991957,2.987936,1.194806
8,388,2.010161,3.015242,1.183975
8,389,2.008057,3.012085,1.180735
8,390,1.988440,2.982661,1.206677
8,391,2.006221,3.009331,1.193925
8,392,2.007801,3.011701,1.187649
8,393,2.003893,3.005839,1.185634
8,394,1.969957,2.954936,1.258475
8,395,2.017754,3.026632,1.188752
8,396,2.004296,3.006444,1.180349
8,397,1.994881,2.992321,1.198690
8,398,1.996493,2.994739,1.182840
8,399,2.008753,3.013130,1.185471
8,400,2.012360,3.018540,1.158899
8,401,1.988325,2.982488,1.226268
8,402,2.000591,3.000887,1.202663
8,403,2.013703,3.020554,1.189252
8,404,1.999843,2.999764,1.188433
8,405,1.994536,2.991803,1.188093
8,406,1.997799,2.996699,1.186224
8,407,2.003645,3.005467,1.179618
8,408,2.007934,3.011901,1.177811
8,409,1.983532,2.975298,1.219518
8,410,2.007481,3.011222,1.178215
8,411,2.013654,3.020481,1.205054
8,412,2.027341,3.041011,1.194299
8,413,2.003821,3.005731,1.181029
8,414,2.014095,3.021143,1.177897
8,415,1.990853,2.986280,1.204016
8,416,1.989424,2.984136,1.199042
8,417,1.999491,2.999237,1.185307
8,418,1.998425,2.997638,1.161500
8,419,2.005185,3.007777,1.165457
8,420,2.016398,3.024597,1.165661
8,421,1.995278,2.992918,1.193402
8,422,2.024694,3.037042,1.164916
8,423,2.005994,3.008990,1.173956
8,424,2.007644,3.011467,1.151974
8,425,1.971730,2.957595,1.225890
8,426,1.998128,2.997193,1.229013
8,427,1.990749,2.986123,1.245263
8,428,2.030829,3.046243,1.153874
8,429,2.003997,3.005996,1.174369
8,430,2.007821,3.011731,1.190308
8,431,2.016497,3.024745,1.155874
8,432,1.983594,2.975390,1.218776
8,433,2.025769,3.038654,1.162907
8,434,1.958577,2.937866,1.296969
8,435,1.998635,2.997953,1.230259
8,436,1.990872,2.986309,1.251616
8,437,2.022970,3.034454,1.191734
8,438,2.024069,3.036103,1.164849
8,439,2.020084,3.030126,1.164884
8,440,1.997348,2.996022,1.174999
8,441,2.010784,3.016176,1.194891
8,442,1.970512,2.955768,1.243835
8,443,1.990942,2.986413,1.214204
8,444,2.010990,3.016485,1.169525
8,445,2.004611,3.006917,1.191953
8,446,1.982465,2.973698,1.239970
8,447,2.007043,3.010564,1.198613
8,448,1.947226,2.920838,1.269443
8,449,2.003100,3.004651,1.196267
8,450,2.006887,3.010330,1.186935
8,451,2.020651,3.030976,1.146216
8,452,2.010008,3.015012,1.168644
8,453,1.978969,2.968453,1.221392
8,454,2.011304,3.016956,1.169596
8,455,2.021337,3.032006,1.162053
8,456,2.015427,3.023140,1.148383
8,457,1.962112,2.943169,1.281562
8,458,2.031783,3.047674,1.154726
8,459,1.983580,2.975369,1.248672
8,460,2.015856,3.023784,1.171916
8,461,2.027270,3.040905,1.173343
8,462,1.996427,2.994640,1.215709
8,463,2.023555,3.035332,1.185517
8,464,1.991192,2.986788,1.222349
8,465,2.031844,3.047767,1.168084
8,466,1.996532,2.994797,1.258178
8,467,2.015929,3.023893,1.231281
8,468,1.998739,2.998109,1.258507
8,469,2.029455,3.044182,1.174995
8,470,2.009343,3.014015,1.182127
8,471,2.025008,3.037511,1.200292
8,472,1.999437,2.999156,1.231767
8,473,1.957178,2.935766,1.281107
8,474,2.019915,3.029872,1.170623
8,475,2.015414,3.023120,1.161360
8,476,1.994382,2.991573,1.194245
8,477,2.010824,3.016236,1.174911
8,478,1.986766,2.980149,1.223925
8,479,2.020376,3.030565,1.170974
8,480,1.995629,2.993443,1.199960
8,481,1.985720,2.978580,1.216296
8,482,2.013696,3.020544,1.162790
8,483,1.966854,2.950281,1.288152
8,484,2.015407,3.023111,1.178838
8,485,1.972198,2.958297,1.260636
8,486,2.022512,3.033769,1.163768
8,487,2.010809,3.016213,1.158212
8,488,1.963618,2.945427,1.249377
8,489,2.011365,3.017047,1.177123
8,490,2.004838,3.007257,1.199078
8,491,2.027576,3.041364,1.182635
8,492,2.009235,3.013852,1.176174
8,493,2.003922,3.005883,1.213396
8,494,1.999229,2.998843,1.222548
8,495,2.005227,3.007841,1.214751
8,496,2.019159,3.028738,1.150299
8,497,2.015325,3.022987,1.158231
8,498,2.015704,3.023556,1.129523
8,499,2.011744,3.017616,1.157481
8,500,1.995277,2.992915,1.187311
8,501,1.989416,2.984124,1.194936
8,502,1.986783,2.980174,1.228215
8,503,2.028015,3.042023,1.138071
8,504,1.999750,2.999625,1.185051
8,505,1.990602,2.985903,1.214694
8,506,2.021068,3.031602,1.188796
8,507,1.987308,2.980962,1.259434
8,508,2.010594,3.015890,1.176610
8,509,1.998423,2.997634,1.190550
8,510,1.996873,2.995309,1.212488
8,511,2.014809,3.022213,1.179301
8,512,2.016740,3.025110,1.156321
8,513,2.006344,3.009517,1.172698
8,514,2.006263,3.009394,1.193269
8,515,1.970775,2.956163,1.262995
8,516,2.012937,3.019405,1.173783
8,517,1.983334,2.975001,1.222009
8,518,1.985816,2.978723,1.239506
8,519,2.010896,3.016343,1.173176
8,520,2.002459,3.003688,1.186981
8,521,1.999360,2.999040,1.199497
8,522,2.000385,3.000578,1.172444
8,523,1.992058,2.988087,1.192930
8,524,2.019283,3.028924,1.151709
8,525,1.988288,2.982432,1.221585
8,526,2.007708,3.011562,1.166102
8,527,1.986322,2.979483,1.222285
8,528,2.010942,3.016412,1.169017
8,529,1.986961,2.980441,1.219502
8,530,2.023501,3.035252,1.152522
8,531,1.992850,2.989276,1.174594
8,532,2.004881,3.007321,1.201869
8,533,2.014859,3.022288,1.211623
8,534,1.992265,2.988397,1.235193
8,535,2.035849,3.053774,1.155567
8,536,1.998540,2.997810,1.182939
8,537,1.992140,2.988209,1.211724
8,538,1.998822,2.998232,1.234245
8,539,1.966893,2.950340,1.271025
8,540,1.974340,2.961510,1.249506
8,541,2.031468,3.047201,1.165404
8,542,2.012823,3.019234,1.198435
8,543,1.973242,2.959863,1.245793
8,544,1.994489,2.991733,1.203716
8,545,1.996639,2.994958,1.201861
8,546,1.992208,2.988312,1.240199
8,547,2.029040,3.043561,1.172310
8,548,1.978390,2.967585,1.224933
8,549,2.002819,3.004228,1.187523
8,550,1.988355,2.982532,1.233743
8,551,2.008398,3.012597,1.198825
8,552,2.018059,3.027088,1.156278
8,553,1.973170,2.959754,1.233304
8,554,2.022645,3.033968,1.175249
8,555,1.960984,2.941476,1.272845
8,556,2.022673,3.034009,1.153658
8,557,2.021074,3.031611,1.161794
8,558,1.986062,2.979093,1.221982
8,559,2.024616,3.036924,1.170208
8,560,2.028223,3.042335,1.161342
8,561,2.027815,3.041723,1.156376
8,562,2.002186,3.003279,1.199689
8,563,1.992999,2.989499,1.214537
8,564,1.971722,2.957583,1.256686
8,565,2.028713,3.043070,1.158972
8,566,2.005658,3.008486,1.185987
8,567,2.003310,3.004965,1.214502
8,568,1.999004,2.998506,1.195298
8,569,2.013515,3.020273,1.161292
8,570,1.997554,2.996331,1.199294
8,571,1.966440,2.949661,1.260970
8,572,2.038369,3.057554,1.153880
8,573,1.960247,2.940370,1.263774
8,574,1.995239,2.992858,1.194375
8,575,1.995996,2.993994,1.202419
8,576,1.983234,2.974850,1.237044
8,577,2.002195,3.003292,1.202699
8,578,2.013773,3.020659,1.192353
8,579,2.005004,3.007505,1.186292
8,580,1.992546,2.988818,1.217715
8,581,1.994237,2.991356,1.228407
8,582,1.939240,2.908860,1.297509
8,583,2.027238,3.040857,1.159717
8,584,1.994716,2.992074,1.203521
8,585,1.968218,2.952327,1.246018
8,586,1.996814,2.995220,1.198046
8,587,2.027250,3.040876,1.136814
8,588,1.985544,2.978316,1.222467
8,589,1.990334,2.985501,1.218442
8,590,2.013300,3.019950,1.199750
8,591,2.020135,3.030202,1.181064
8,592,2.020212,3.030318,1.178400
8,593,2.020430,3.030645,1.158056
8,594,1.994563,2.991845,1.220615
8,595,2.011373,3.017059,1.174894
8,596,1.997288,2.995931,1.183885
8,597,1.980930,2.971396,1.216202
8,598,2.009059,3.013589,1.168261
8,599,1.988273,2.982409,1.204449
8,600,2.008096,3.012144,1.160795
8,601,2.020728,3.031092,1.155858
8,602,2.023172,3.034758,1.143864
8,603,1.994506,2.991759,1.169345
8,604,2.013138,3.019706,1.185042
8,605,2.006044,3.009066,1.194417
8,606,1.989089,2.983633,1.227684
8,607,2.002823,3.004234,1.176206
8,608,1.982652,2.973977,1.240066
8,609,1.984981,2.977472,1.232710
8,610,1.989012,2.983519,1.240553
8,611,2.026470,3.039706,1.184969
8,612,2.013963,3.020945,1.178911
8,613,1.950182,2.925272,1.282582
8,614,1.997564,2.996347,1.184141
8,615,1.985237,2.977856,1.237793
8,616,2.012415,3.018623,1.175237
8,617,1.973828,2.960742,1.239148
8,618,1.993173,2.989759,1.219337
8,619,2.011208,3.016811,1.184750
8,620,1.992627,2.988940,1.202747
8,621,2.006166,3.009249,1.178283
8,622,1.973317,2.959976,1.246548
8,623,2.004310,3.006465,1.190923
8,624,2.008599,3.012898,1.181690
8,625,2.008928,3.013391,1.190083
8,626,2.002709,3.004063,1.183387
8,627,2.003551,3.005327,1.184222
8,628,1.978971,2.968457,1.231445
8,629,1.986153,2.979229,1.223367
8,630,1.991704,2.987556,1.235720
8,631,2.003718,3.005576,1.202198
8,632,2.039404,3.059105,1.126331
8,633,2.022607,3.033910,1.155671
8,634,2.007469,3.011203,1.199095
8,635,1.992253,2.988379,1.225258
8,636,1.995653,2.993479,1.183212
8,637,1.990111,2.985166,1.211573
8,638,2.029088,3.043633,1.138272
8,639,2.015423,3.023134,1.157538
8,640,1.968491,2.952737,1.249335
8,641,2.026318,3.039477,1.159946
8,642,2.010090,3.015135,1.162047
8,643,1.988830,2.983245,1.203724
8,644,1.988601,2.982901,1.218766
8,645,2.006826,3.010239,1.199336
8,646,2.002463,3.003694,1.202147
8,647,1.989176,2.983765,1.222449
8,648,1.997028,2.995542,1.208590
8,649,2.019116,3.028674,1.169382
8,650,2.026933,3.040399,1.155026
8,651,2.001925,3.002888,1.208139
8,652,2.015685,3.023527,1.173440
8,653,1.992153,2.988229,1.198685
8,654,2.033920,3.050879,1.136325
8,655,2.001292,3.001938,1.188385
8,656,1.984264,2.976397,1.240779
8,657,1.999735,2.999603,1.216512
8,658,2.021480,3.032220,1.152576
8,659,2.022554,3.033830,1.172137
8,660,2.022118,3.033177,1.157454
8,661,1.987635,2.981453,1.217514
8,662,2.014306,3.021459,1.170150
8,663,1.992936,2.989404,1.207412
8,664,2.023174,3.034761,1.149430
8,665,2.004632,3.006948,1.162147
8,666,2.005780,3.008670,1.199900
8,667,1.977136,2.965703,1.242905
8,668,1.988811,2.983216,1.228388
8,669,2.028068,3.042101,1.151915
8,670,2.012198,3.018297,1.188563
8,671,2.004501,3.006751,1.214616
8,672,2.015870,3.023805,1.178658
8,673,2.014897,3.022345,1.214753
8,674,1.999466,2.999199,1.224229
8,675,2.029811,3.044716,1.144743
8,676,2.002752,3.004128,1.176500
8,677,2.012794,3.019191,1.173731
8,678,1.978988,2.968481,1.215926
8,679,2.002128,3.003193,1.195608
8,680,1.989661,2.984492,1.206181
8,681,1.975370,2.963055,1.239306
8,682,1.988538,2.982807,1.245847
8,683,2.027474,3.041211,1.153387
8,684,1.972483,2.958724,1.237789
8,685,2.032646,3.048969,1.165158
8,686,2.017856,3.026783,1.162188
8,687,1.995339,2.993009,1.192448
8,688,1.978815,2.968223,1.224030
8,689,2.000055,3.000083,1.201361
8,690,1.997891,2.996837,1.208666
8,691,2.013086,3.019630,1.181589
8,692,2.008299,3.012449,1.172544
8,693,2.012546,3.018819,1.193070
8,694,2.014281,3.021422,1.162218
8,695,2.000330,3.000495,1.217922
8,696,1.993474,2.990210,1.235734
8,697,2.010246,3.015370,1.200095
8,698,2.029580,3.044370,1.158475
8,699,2.032126,3.048189,1.138329
8,700,1.991164,2.986746,1.207668
8,701,1.974144,2.961216,1.239821
8,702,2.016344,3.024515,1.204501
8,703,1.999381,2.999071,1.196977
8,704,1.971253,2.956880,1.248630
8,705,2.006735,3.010103,1.198031
8,706,2.022306,3.033458,1.167073
8,707,2.001574,3.002361,1.185882
8,708,1.990058,2.985087,1.200781
8,709,2.008963,3.013444,1.169655
8,710,2.005600,3.008400,1.163579
8,711,1.991664,2.987495,1.176698
8,712,2.027214,3.040821,1.148379
8,713,2.001209,3.001813,1.176887
8,714,1.977933,2.966899,1.221246
8,715,1.984070,2.976104,1.216265
8,716,2.020205,3.030308,1.147823
8,717,2.006505,3.009758,1.187865
8,718,1.985814,2.978720,1.244040
8,719,2.027946,3.041920,1.150333
8,720,2.007695,3.011542,1.179588
8,721,1.978820,2.968231,1.238446
8,722,1.992744,2.989116,1.213950
8,723,1.980702,2.971052,1.234107
8,724,2.025462,3.038193,1.184761
8,725,1.989652,2.984478,1.208300
8,726,2.015216,3.022824,1.188114
8,727,1.997630,2.996444,1.206434
8,728,1.980054,2.970081,1.234737
8,729,2.009579,3.014368,1.176501
8,730,2.008072,3.012108,1.189829
8,731,2.015001,3.022501,1.161649
8,732,1.996503,2.994754,1.173835
8,733,1.984784,2.977176,1.215825
8,734,1.971387,2.957081,1.241069
8,735,2.035136,3.052704,1.152314
8,736,2.016812,3.025219,1.150258
8,737,1.994841,2.992262,1.209333
8,738,2.018663,3.027995,1.155473
8,739,2.013662,3.020493,1.166382
8,740,1.998504,2.997756,1.189453
8,741,2.001966,3.002949,1.177808
8,742,1.999706,2.999559,1.196545
8,743,2.010629,3.015943,1.164064
8,744,1.986610,2.979915,1.195499
8,745,1.976987,2.965480,1.229146
8,746,1.962879,2.944319,1.272316
8,747,2.042616,3.063925,1.135498
8,748,2.002160,3.003240,1.186307
8,749,2.003728,3.005593,1.175559
8,750,2.015820,3.023730,1.143482
8,751,1.992952,2.989427,1.177140
8,752,2.000508,3.000762,1.201352
8,753,1.992062,2.988092,1.209016
8,754,1.989078,2.983617,1.214900
8,755,2.010502,3.015753,1.179984
8,756,1.999137,2.998706,1.194331
8,757,1.985320,2.977980,1.227083
8,758,1.986377,2.979565,1.230058
8,759,2.020956,3.031434,1.164634
8,760,2.004142,3.006212,1.176070
8,761,1.987734,2.981601,1.224728
8,762,2.009319,3.013978,1.167422
8,763,1.993261,2.989892,1.190214
8,764,2.015318,3.022978,1.197466
8,765,1.974560,2.961839,1.274709
8,766,2.015944,3.023917,1.202946
8,767,1.984324,2.976486,1.244739
8,768,2.011888,3.017832,1.182169
8,769,1.992968,2.989452,1.198509
8,770,1.988901,2.983351,1.219695
8,771,1.978247,2.967371,1.236354
8,772,1.986425,2.979638,1.233995
8,773,2.001403,3.002104,1.189424
8,774,2.004225,3.006337,1.204185
8,775,2.006354,3.009532,1.188261
8,776,2.011239,3.016858,1.166754
8,777,1.969843,2.954765,1.225973
8,778,2.016810,3.025215,1.166380
8,779,2.021427,3.032141,1.143454
8,780,1.956719,2.935078,1.250530
8,781,1.984595,2.976893,1.221833
8,782,2.003918,3.005877,1.225725
8,783,2.030351,3.045526,1.142228
8,784,2.008139,3.012209,1.179553
8,785,1.991541,2.987312,1.189704
8,786,2.012169,3.018254,1.181799
8,787,2.006087,3.009131,1.183195
8,788,2.015771,3.023656,1.174158
8,789,2.017508,3.026261,1.171659
8,790,2.003253,3.004880,1.185775
8,791,2.004070,3.006105,1.184760
8,792,2.003464,3.005195,1.209519
8,793,1.989743,2.984615,1.232231
8,794,1.962147,2.943220,1.272115
8,795,1.975628,2.963442,1.267486
8,796,1.988551,2.982826,1.251374
8,797,2.017021,3.025532,1.185887
8,798,1.993267,2.989900,1.210019
8,799,2.012398,3.018597,1.167009
8,800,1.972820,2.959230,1.222882
8,801,1.979259,2.968888,1.214449
8,802,2.030293,3.045440,1.149214
8,803,1.982128,2.973192,1.235114
8,804,1.994480,2.991721,1.226105
8,805,2.021907,3.032861,1.162795
8,806,1.999483,2.999224,1.194393
8,807,1.993935,2.990902,1.214657
8,808,1.987482,2.981224,1.205370
8,809,2.020737,3.031106,1.176325
8,810,2.003235,3.004852,1.189173
8,811,1.982486,2.973730,1.221656
8,812,2.005038,3.007557,1.181239
8,813,2.005635,3.008453,1.173038
8,814,2.007148,3.010721,1.185644
8,815,2.022043,3.033065,1.161237
8,816,1.990274,2.985411,1.196304
8,817,1.974187,2.961281,1.212346
8,818,1.944405,2.916608,1.279258
8,819,2.002449,3.003673,1.197687
8,820,2.004430,3.006644,1.182301
8,821,1.978407,2.967610,1.224202
8,822,2.004828,3.007242,1.194235
8,823,2.007577,3.011365,1.185568
8,824,2.008142,3.012213,1.190576
8,825,2.008242,3.012364,1.197702
8,826,2.028996,3.043494,1.167552
8,827,1.976361,2.964541,1.228131
8,828,2.012306,3.018459,1.180817
8,829,2.019024,3.028536,1.151492
8,830,1.997764,2.996646,1.193854
8,831,1.994595,2.991893,1.216272
8,832,2.019230,3.028845,1.170533
8,833,2.009391,3.014086,1.194011
8,834,1.998141,2.997211,1.214158
8,835,2.021380,3.032070,1.174824
8,836,2.041988,3.062982,1.146035
8,837,1.988418,2.982628,1.231093
8,838,2.019503,3.029254,1.165856
8,839,1.991320,2.986980,1.203708
8,840,1.995444,2.993166,1.213540
8,841,2.009223,3.013835,1.200295
8,842,2.002263,3.003395,1.203855
8,843,1.990312,2.985468,1.223921
8,844,2.012592,3.018888,1.206277
8,845,2.006860,3.010290,1.192944
8,846,1.991857,2.987785,1.250480
8,847,2.012329,3.018494,1.187082
8,848,2.015187,3.022781,1.168582
8,849,1.968424,2.952636,1.266421
8,850,2.044123,3.066185,1.171648
8,851,1.992508,2.988762,1.227056
8,852,2.022596,3.033894,1.184293
8,853,2.032315,3.048473,1.154807
8,854,2.006654,3.009981,1.188759
8,855,2.000190,3.000285,1.187093
8,856,2.017892,3.026838,1.205657
8,857,2.006380,3.009570,1.219526
8,858,1.999035,2.998552,1.216734
8,859,2.016844,3.025266,1.168584
8,860,2.000103,3.000154,1.202108
8,861,1.973272,2.959908,1.254647
8,862,1.998930,2.998395,1.219744
8,863,1.981910,2.972866,1.248396
8,864,1.977615,2.966423,1.239417
8,865,2.012576,3.018863,1.201723
8,866,2.012439,3.018659,1.199459
8,867,1.975613,2.963420,1.236219
8,868,1.998751,2.998127,1.195291
8,869,1.988682,2.983024,1.228129
8,870,1.994762,2.992142,1.227655
8,871,1.997414,2.996122,1.219630
8,872,2.042889,3.064334,1.147722
8,873,1.958938,2.938408,1.271852
8,874,1.991665,2.987497,1.221334
8,875,1.995447,2.993171,1.219698
8,876,2.029845,3.044768,1.158777
8,877,1.986420,2.979630,1.222943
8,878,2.011223,3.016835,1.170998
8,879,1.963153,2.944730,1.270204
8,880,2.003300,3.004950,1.210984
8,881,2.007913,3.011869,1.183259
8,882,2.022541,3.033811,1.153908
8,883,2.007017,3.010525,1.159641
8,884,1.988197,2.982296,1.191769
8,885,1.997479,2.996218,1.207754
8,886,2.004718,3.007077,1.181005
8,887,1.980963,2.971445,1.235021
8,888,1.995974,2.993961,1.230672
8,889,2.015068,3.022602,1.196239
8,890,2.009060,3.013590,1.184648
8,891,1.988567,2.982850,1.196856
8,892,1.983671,2.975506,1.191674
8,893,1.984191,2.976287,1.246538
8,894,2.006522,3.009783,1.205795
8,895,2.001937,3.002905,1.190887
8,896,1.996613,2.994920,1.204692
8,897,2.006596,3.009894,1.186494
8,898,1.996458,2.994687,1.225236
8,899,2.018342,3.027514,1.152036
8,900,1.998382,2.997572,1.205170
8,901,1.998150,2.997225,1.193410
8,902,2.002926,3.004389,1.189064
8,903,1.982150,2.973225,1.224736
8,904,2.026222,3.039333,1.141382
8,905,1.979337,2.969006,1.220641
8,906,1.978781,2.968171,1.219848
8,907,2.003118,3.004677,1.186422
8,908,1.999978,2.999967,1.196875
8,909,1.997363,2.996044,1.182873
8,910,1.985556,2.978334,1.205502
8,911,2.008001,3.012001,1.176777
8,912,2.024293,3.036439,1.156462
8,913,2.013304,3.019956,1.165251
8,914,2.018334,3.027502,1.161344
8,915,1.978439,2.967658,1.213551
8,916,1.985722,2.978583,1.213610
8,917,1.966058,2.949087,1.262399
8,918,2.020308,3.030462,1.155920
8,919,1.988457,2.982686,1.211412
8,920,2.001984,3.002976,1.198990
8,921,2.006511,3.009767,1.202643
8,922,1.988504,2.982757,1.222783
8,923,1.999306,2.998959,1.200116
8,924,2.026588,3.039881,1.169763
8,925,2.008544,3.012817,1.192801
8,926,1.988858,2.983287,1.191832
8,927,2.024830,3.037245,1.160716
8,928,2.006896,3.010343,1.202054
8,929,2.032571,3.048856,1.157456
8,930,1.989474,2.984211,1.216278
8,931,2.005420,3.008130,1.191506
8,932,2.024284,3.036427,1.163671
8,933,1.990718,2.986077,1.209361
8,934,1.984439,2.976659,1.229588
8,935,1.981937,2.972906,1.230697
8,936,2.011268,3.016902,1.177795
8,937,1.992409,2.988614,1.204179
8,938,2.018718,3.028077,1.185729
8,939,1.997394,2.996091,1.209340
8,940,2.007838,3.011758,1.192902
8,941,2.014201,3.021301,1.181270
8,942,1.986086,2.979129,1.204393
8,943,1.999994,2.999991,1.203310
8,944,2.040448,3.060672,1.139700
8,945,2.025478,3.038217,1.155206
8,946,2.004205,3.006307,1.178042
8,947,2.002672,3.004009,1.188764
8,948,2.005766,3.008649,1.171524
8,949,2.016618,3.024927,1.151565
8,950,2.014008,3.021012,1.156992
8,951,2.031435,3.047152,1.164804
8,952,2.014628,3.021942,1.181325
8,953,2.012414,3.018621,1.180577
8,954,2.008183,3.012275,1.181905
8,955,2.027724,3.041586,1.151968
8,956,2.022067,3.033101,1.166442
8,957,2.009422,3.014134,1.163546
8,958,1.987522,2.981283,1.227274
8,959,2.019263,3.028894,1.163828
8,960,1.964142,2.946214,1.263525
8,961,2.009890,3.014835,1.211071
8,962,1.997957,2.996936,1.212702
8,963,2.037880,3.056820,1.147090
8,964,1.994800,2.992200,1.213840
8,965,1.999049,2.998573,1.218419
8,966,2.008267,3.012401,1.204338
8,967,2.015539,3.023308,1.186207
8,968,2.006613,3.009920,1.188139
8,969,1.999108,2.998662,1.196992
8,970,2.013086,3.019629,1.159601
8,971,2.011026,3.016538,1.184424
8,972,2.001768,3.002652,1.190818
8,973,1.985278,2.977917,1.231341
8,974,1.987198,2.980797,1.237090
8,975,2.008788,3.013181,1.168819
8,976,2.022664,3.033996,1.129589
8,977,1.980410,2.970615,1.222030
8,978,2.011538,3.017307,1.190672
8,979,1.995584,2.993375,1.220179
8,980,2.015272,3.022909,1.181286
8,981,1.965864,2.948797,1.266358
8,982,2.016310,3.024465,1.168719
8,983,1.991293,2.986940,1.196984
8,984,2.006194,3.009292,1.162962
8,985,1.977059,2.965589,1.227539
8,986,2.014234,3.021352,1.212752
8,987,2.022596,3.033894,1.161395
8,988,2.015814,3.023720,1.140414
8,989,1.977110,2.965665,1.231564
8,990,1.987809,2.981713,1.212166
8,991,2.006041,3.009062,1.191465
8,992,2.015318,3.022977,1.206892
8,993,2.028012,3.042018,1.145236
8,994,2.001526,3.002289,1.174391
8,995,1.997842,2.996763,1.182996
8,996,2.013912,3.020869,1.171295
8,997,2.016604,3.024905,1.164182
8,998,1.990904,2.986356,1.221009
8,999,2.016319,3.024478,1.194159
8,1000,2.024821,3.037232,1.173756
9,1,1.995974,2.993962,1.191017
9,2,1.995844,2.993766,1.185911
9,3,2.004919,3.007378,1.188633
9,4,2.008506,3.012759,1.188562
9,5,1.961490,2.942235,1.258489
9,6,2.001238,3.001858,1.204801
9,7,2.014132,3.021197,1.181518
9,8,1.997554,2.996331,1.177610
9,9,2.003339,3.005009,1.201533
9,10,2.010392,3.015589,1.180022
9,11,2.009476,3.014214,1.185700
9,12,2.012407,3.018611,1.153770
9,13,2.018127,3.027191,1.153956
9,14,1.987844,2.981766,1.187131
9,15,2.010391,3.015586,1.176291
9,16,1.964039,2.946058,1.262879
9,17,2.020583,3.030874,1.168188
9,18,1.985677,2.978515,1.230536
9,19,2.024051,3.036077,1.179025
9,20,1.999169,2.998753,1.209060
9,21,2.040155,3.060233,1.135732
9,22,2.017944,3.026916,1.174869
9,23,1.981236,2.971854,1.218517
9,24,2.006074,3.009111,1.174870
9,25,2.004717,3.007076,1.214595
9,26,2.035831,3.053746,1.160301
9,27,2.020609,3.030914,1.154055
9,28,2.009429,3.014144,1.167502
9,29,2.027805,3.041707,1.156880
9,30,2.003377,3.005065,1.186990
9,31,2.019816,3.029724,1.169820
9,32,1.982114,2.973171,1.210894
9,33,2.024517,3.036775,1.159882
9,34,1.994691,2.992037,1.203712
9,35,1.979898,2.969847,1.238673
9,36,2.014703,3.022055,1.177008
9,37,2.000242,3.000362,1.214070
9,38,2.026269,3.039403,1.167380
9,39,1.986404,2.979605,1.202819
9,40,1.990598,2.985896,1.226704
9,41,2.031563,3.047345,1.157253
9,42,1.988316,2.982474,1.214694
9,43,2.021728,3.032593,1.178945
9,44,2.023799,3.035698,1.160726
9,45,2.010670,3.016005,1.174910
9,46,2.013740,3.020610,1.171449
9,47,2.020549,3.030824,1.131276
9,48,2.003469,3.005203,1.205255
9,49,2.022677,3.034015,1.186117
9,50,2.004377,3.006565,1.207236
9,51,1.997261,2.995891,1.208518
9,52,1.991566,2.987349,1.214669
9,53,2.019118,3.028677,1.178039
9,54,2.010913,3.016369,1.169949
9,55,2.023643,3.035465,1.160661
9,56,2.007803,3.011704,1.177342
9,57,2.021456,3.032184,1.140995
9,58,2.005968,3.008952,1.152343
9,59,1.989541,2.984312,1.189092
9,60,2.012300,3.018451,1.167616
9,61,2.005905,3.008858,1.169722
9,62,2.006677,3.010016,1.187313
9,63,1.994572,2.991858,1.206212
9,64,2.032735,3.049103,1.145193
9,65,1.983235,2.974852,1.225352
9,66,2.007193,3.010790,1.198473
9,67,1.987121,2.980681,1.224434
9,68,2.020288,3.030432,1.156827
9,69,2.008507,3.012760,1.165675
9,70,1.963777,2.945665,1.240340
9,71,2.015057,3.022586,1.190140
9,72,2.018119,3.027178,1.211389
9,73,2.013943,3.020915,1.200415
9,74,2.005713,3.008569,1.212089
9,75,1.994116,2.991175,1.211539
9,76,1.957596,2.936394,1.250408
9,77,2.034025,3.051038,1.161899
9,78,1.941166,2.911749,1.297843
9,79,2.010194,3.015291,1.169119
9,80,2.009066,3.013599,1.174021
9,81,1.983269,2.974904,1.216740
9,82,1.988723,2.983085,1.193162
9,83,2.009129,3.013694,1.172137
9,84,2.006612,3.009917,1.182663
9,85,2.022080,3.033120,1.142956
9,86,1.960413,2.940620,1.252982
9,87,1.980267,2.970400,1.213672
9,88,1.975645,2.963468,1.238911
9,89,2.001981,3.002971,1.193896
9,90,2.000207,3.000310,1.180062
9,91,2.010651,3.015977,1.157442
9,92,1.978383,2.967575,1.216048
9,93,1.995575,2.993363,1.189010
9,94,1.989571,2.984357,1.190873
9,95,2.004827,3.007240,1.179471
9,96,2.017173,3.025759,1.146461
9,97,2.006133,3.009200,1.177948
9,98,1.986974,2.980461,1.230591
9,99,1.998206,2.997309,1.209943
9,100,2.018754,3.028132,1.190854
9,101,2.020417,3.030626,1.165035
9,102,1.989910,2.984864,1.215831
9,103,2.012402,3.018602,1.209059
9,104,2.020768,3.031152,1.184638
9,105,2.023397,3.035096,1.184186
9,106,1.954719,2.932079,1.288343
9,107,2.026322,3.039483,1.174917
9,108,1.998475,2.997712,1.211233
9,109,2.016149,3.024224,1.179621
9,110,1.981228,2.971843,1.236780
9,111,1.996897,2.995346,1.202117
9,112,2.018813,3.028219,1.173853
9,113,1.984729,2.977093,1.213243
9,114,1.991807,2.987710,1.205842
9,115,2.013575,3.020362,1.176382
9,116,2.017820,3.026730,1.174035
9,117,2.016124,3.024187,1.180795
9,118,1.966356,2.949534,1.271404
9,119,2.024105,3.036157,1.161600
9,120,1.991262,2.986893,1.198996
9,121,2.047407,3.071110,1.142457
9,122,2.002602,3.003903,1.186363
9,123,2.002363,3.003544,1.183421
9,124,2.002452,3.003678,1.186355
9,125,2.000626,3.000939,1.168537
9,126,2.010159,3.015239,1.153504
9,127,1.991041,2.986561,1.201366
9,128,1.980843,2.971265,1.218729
9,129,2.032267,3.048401,1.166521
9,130,1.974581,2.961871,1.242571
9,131,2.032266,3.048399,1.164580
9,132,1.996796,2.995194,1.230797
9,133,2.008202,3.012303,1.189817
9,134,2.003639,3.005458,1.215739
9,135,2.004086,3.006130,1.183045
9,136,1.989415,2.984122,1.212564
9,137,2.015456,3.023184,1.168412
9,138,1.971045,2.956568,1.236364
9,139,2.010068,3.015102,1.184132
9,140,1.998773,2.998160,1.189727
9,141,1.962225,2.943338,1.238803
9,142,2.006337,3.009505,1.191404
9,143,2.001136,3.001705,1.212181
9,144,1.995016,2.992524,1.244456
9,145,2.002113,3.003170,1.213198
9,146,1.999900,2.999850,1.219371
9,147,2.016867,3.025300,1.182215
9,148,2.016005,3.024008,1.166754
9,149,2.005640,3.008460,1.169074
9,150,2.012709,3.019063,1.165633
9,151,1.978323,2.967484,1.222251
9,152,2.003754,3.005630,1.192422
9,153,1.997527,2.996290,1.188301
9,154,1.979812,2.969718,1.234495
9,155,1.984632,2.976948,1.237643
9,156,2.000001,3.000002,1.205038
9,157,2.012938,3.019408,1.171622
9,158,1.989961,2.984941,1.228501
9,159,2.013838,3.020757,1.184532
9,160,2.002019,3.003029,1.186172
9,161,2.003938,3.005907,1.187632
9,162,2.009775,3.014663,1.162953
9,163,2.006468,3.009701,1.188100
9,164,2.017697,3.026545,1.173043
9,165,2.045315,3.067972,1.124419
9,166,1.996755,2.995133,1.187668
9,167,2.025766,3.038649,1.144657
9,168,2.005593,3.008390,1.191766
9,169,2.002383,3.003575,1.173124
9,170,2.013153,3.019729,1.167231
9,171,1.991465,2.987198,1.198542
9,172,1.972336,2.958504,1.220855
9,173,1.995145,2.992718,1.213119
9,174,2.013593,3.020389,1.183015
9,175,2.021750,3.032624,1.145553
9,176,2.006671,3.010007,1.171090
9,177,1.997082,2.995623,1.182174
9,178,1.982460,2.973690,1.241540
9,179,1.966827,2.950241,1.323843
9,180,2.003918,3.005877,1.240737
9,181,1.972252,2.958379,1.275692
9,182,2.025471,3.038207,1.191394
9,183,1.988150,2.982225,1.220320
9,184,1.995446,2.993170,1.238603
9,185,2.030082,3.045124,1.162408
9,186,2.022225,3.033338,1.172294
9,187,2.004482,3.006723,1.186017
9,188,1.978473,2.967710,1.235185
9,189,2.011890,3.017834,1.191266
9,190,2.026576,3.039865,1.184595
9,191,1.990939,2.986408,1.210323
9,192,1.998539,2.997809,1.201472
9,193,1.952128,2.928192,1.263577
9,194,1.993008,2.989512,1.229471
9,195,2.023623,3.035434,1.177986
9,196,1.992288,2.988431,1.231539
9,197,2.014309,3.021463,1.180516
9,198,1.999533,2.999299,1.198216
9,199,1.978695,2.968042,1.228932
9,200,2.045233,3.067849,1.134854
9,201,2.025507,3.038261,1.127053
9,202,1.961661,2.942492,1.241053
9,203,1.981085,2.971627,1.218938
9,204,2.003956,3.005934,1.181428
9,205,2.012482,3.018724,1.163303
9,206,2.008110,3.012165,1.171222
9,207,1.999771,2.999657,1.186789
9,208,1.992558,2.988837,1.203241
9,209,2.015350,3.023025,1.166319
9,210,2.006070,3.009105,1.170582
9,211,2.011280,3.016920,1.156226
9,212,2.020100,3.030149,1.147154
9,213,1.999505,2.999257,1.198765
9,214,1.997288,2.995931,1.178649
9,215,1.957354,2.936031,1.266151
9,216,1.949707,2.924561,1.295405
9,217,2.010858,3.016287,1.181018
9,218,2.018339,3.027508,1.151290
9,219,1.990078,2.985117,1.212004
9,220,2.012544,3.018816,1.186482
9,221,1.995131,2.992697,1.199042
9,222,2.021485,3.032228,1.163123
9,223,1.996682,2.995024,1.199783
9,224,1.965922,2.948883,1.249417
9,225,2.006375,3.009563,1.175385
9,226,2.004900,3.007349,1.163070
9,227,1.984414,2.976621,1.196899
9,228,1.969353,2.954030,1.261749
9,229,2.014010,3.021014,1.174768
9,230,2.004158,3.006237,1.194950
9,231,1.998256,2.997384,1.219803
9,232,1.986061,2.979091,1.232793
9,233,2.014734,3.022100,1.190569
9,234,2.012737,3.019106,1.192761
9,235,1.995751,2.993626,1.233933
9,236,1.988733,2.983099,1.220260
9,237,2.006597,3.009895,1.169893
9,238,1.993775,2.990662,1.204600
9,239,2.024186,3.036279,1.163777
9,240,1.996363,2.994545,1.197970
9,241,1.949307,2.923960,1.289216
9,242,2.020657,3.030985,1.175894
9,243,1.984382,2.976574,1.220539
9,244,1.981578,2.972366,1.206862
9,245,2.005182,3.007773,1.184047
9,246,1.988886,2.983329,1.222684
9,247,1.977542,2.966313,1.232441
9,248,2.007288,3.010931,1.164140
9,249,2.018699,3.028049,1.161359
9,250,1.987422,2.981133,1.205909
9,251,2.018415,3.027623,1.181756
9,252,2.028824,3.043236,1.151925
9,253,1.991829,2.987743,1.204279
9,254,2.033883,3.050825,1.143654
9,255,2.021109,3.031664,1.143654
9,256,1.981506,2.972259,1.220774
9,257,1.993438,2.990156,1.198517
9,258,2.007432,3.011148,1.169335
9,259,2.019678,3.029517,1.159594
9,260,1.988544,2.982816,1.226596
9,261,2.025679,3.038519,1.151120
9,262,1.983252,2.974878,1.225715
9,263,2.012587,3.018881,1.177608
9,264,1.983635,2.975453,1.212303
9,265,2.018359,3.027539,1.157257
9,266,1.975489,2.963233,1.238226
9,267,1.998730,2.998096,1.217141
9,268,2.034174,3.051261,1.168018
9,269,2.025282,3.037923,1.192430
9,270,1.996305,2.994457,1.210814
9,271,2.011215,3.016823,1.193701
9,272,1.983116,2.974674,1.268444
9,273,2.008777,3.013166,1.203898
9,274,2.009071,3.013607,1.187015
9,275,2.009255,3.013883,1.164607
9,276,2.013523,3.020285,1.154152
9,277,2.005535,3.008303,1.183014
9,278,2.008223,3.012335,1.188187
9,279,1.997827,2.996741,1.217923
9,280,2.009242,3.013863,1.167098
9,281,2.003756,3.005634,1.176735
9,282,1.997818,2.996727,1.190903
9,283,2.023282,3.034923,1.164223
9,284,1.992490,2.988736,1.214183
9,285,1.966008,2.949011,1.240506
9,286,2.013474,3.020211,1.193937
9,287,2.023502,3.035253,1.174506
9,288,1.999962,2.999943,1.195858
9,289,2.014343,3.021515,1.179209
9,290,1.972422,2.958633,1.228900
9,291,1.995328,2.992992,1.206495
9,292,1.987136,2.980705,1.231342
9,293,2.015474,3.023211,1.157941
9,294,1.992876,2.989313,1.220652
9,295,2.037513,3.056269,1.166159
9,296,2.014040,3.021060,1.179310
9,297,2.021647,3.032470,1.140016
9,298,2.004198,3.006297,1.178685
9,299,1.969928,2.954892,1.238963
9,300,1.989424,2.984136,1.229935
9,301,2.024634,3.036951,1.179500
9,302,2.032486,3.048730,1.149073
9,303,2.004297,3.006446,1.159376
9,304,1.981844,2.972766,1.211328
9,305,1.990369,2.985554,1.196018
9,306,2.009364,3.014046,1.188439
9,307,2.021332,3.031998,1.188812
9,308,2.011331,3.016997,1.197625
9,309,2.005961,3.008942,1.197651
9,310,2.007408,3.011112,1.167242
9,311,2.003501,3.005252,1.196070
9,312,2.015897,3.023845,1.187807
9,313,2.003596,3.005394,1.203246
9,314,1.983444,2.975166,1.233828
9,315,2.029292,3.043937,1.144985
9,316,1.999940,2.999911,1.193643
9,317,2.014414,3.021621,1.165690
9,318,1.986691,2.980036,1.233009
9,319,2.001974,3.002960,1.217633
9,320,2.005033,3.007549,1.201055
9,321,1.992759,2.989139,1.195409
9,322,2.022744,3.034116,1.139045
9,323,1.984674,2.977012,1.216299
9,324,1.993612,2.990419,1.194440
9,325,1.969791,2.954687,1.248687
9,326,2.018360,3.027540,1.160709
9,327,1.986767,2.980151,1.206661
9,328,2.008884,3.013326,1.192438
9,329,2.011354,3.017031,1.152372
9,330,1.964969,2.947454,1.252723
9,331,2.002379,3.003569,1.175906
9,332,1.996217,2.994326,1.187508
9,333,1.984896,2.977344,1.221482
9,334,1.977335,2.966002,1.241219
9,335,2.001042,3.001563,1.195023
9,336,2.000980,3.001470,1.183980
9,337,2.007496,3.011245,1.172076
9,338,2.012041,3.018062,1.159346
9,339,1.993034,2.989552,1.192810
9,340,2.006444,3.009665,1.182483
9,341,2.000666,3.000999,1.204177
9,342,2.007428,3.011142,1.183455
9,343,2.014789,3.022184,1.173145
9,344,2.023916,3.035874,1.155764
9,345,1.991423,2.987134,1.210846
9,346,1.985038,2.977557,1.220158
9,347,1.985094,2.977640,1.252139
9,348,1.999487,2.999231,1.229926
9,349,2.023018,3.034526,1.204261
9,350,2.012181,3.018271,1.180937
9,351,1.988047,2.982071,1.208939
9,352,2.012952,3.019429,1.160992
9,353,1.979484,2.969226,1.221431
9,354,2.027902,3.041853,1.164894
9,355,1.982776,2.974164,1.230733
9,356,2.000963,3.001444,1.169887
9,357,2.007309,3.010964,1.159139
9,358,2.005331,3.007996,1.154611
9,359,1.984987,2.977481,1.209884
9,360,1.973244,2.959867,1.233294
9,361,2.009562,3.014343,1.174903
9,362,2.015699,3.023549,1.172184
9,363,1.936309,2.904463,1.316523
9,364,2.022261,3.033391,1.187908
9,365,1.953899,2.930849,1.275295
9,366,1.988191,2.982287,1.210620
9,367,2.019144,3.028716,1.163097
9,368,1.996475,2.994712,1.200999
9,369,1.979060,2.968590,1.226452
9,370,2.009829,3.014743,1.184881
9,371,2.004526,3.006789,1.181988
9,372,2.020787,3.031181,1.171269
9,373,1.984462,2.976694,1.238740
9,374,2.002637,3.003955,1.197648
9,375,1.999210,2.998815,1.186437
9,376,2.012101,3.018151,1.167941
9,377,1.988803,2.983205,1.225233
9,378,1.977894,2.966842,1.246846
9,379,1.941193,2.911790,1.307911
9,380,1.992517,2.988776,1.223214
9,381,1.995314,2.992971,1.209694
9,382,1.989010,2.983515,1.247464
9,383,1.988059,2.982088,1.246243
9,384,1.993106,2.989658,1.225583
9,385,2.000566,3.000849,1.207609
9,386,1.982364,2.973546,1.242178
9,387,2.006948,3.010423,1.204898
9,388,2.027513,3.041270,1.137710
9,389,1.998975,2.998462,1.188291
9,390,2.005286,3.007928,1.175864
9,391,1.999858,2.999788,1.175475
9,392,1.985447,2.978170,1.219597
9,393,2.018601,3.027902,1.159823
9,394,1.949317,2.923975,1.278741
9,395,2.008651,3.012977,1.200192
9,396,2.019487,3.029231,1.166877
9,397,2.025518,3.038277,1.137340
9,398,1.997471,2.996206,1.191308
9,399,1.965696,2.948544,1.292403
9,400,2.044458,3.066688,1.145200
9,401,1.996202,2.994303,1.191099
9,402,2.013008,3.019513,1.172467
9,403,2.009884,3.014826,1.188161
9,404,1.991207,2.986810,1.225330
9,405,2.001832,3.002748,1.196862
9,406,2.025904,3.038856,1.173938
9,407,2.017514,3.026271,1.167357
9,408,1.972273,2.958410,1.237803
9,409,2.003243,3.004865,1.183982
9,410,1.984198,2.976297,1.239341
9,411,2.020667,3.031001,1.171675
9,412,1.983550,2.975325,1.191822
9,413,1.998829,2.998244,1.202615
9,414,2.013174,3.019762,1.153182
9,415,1.984768,2.977153,1.211586
9,416,1.993567,2.990350,1.218507
9,417,2.001837,3.002755,1.208561
9,418,2.024987,3.037480,1.152375
9,419,2.010789,3.016183,1.168672
9,420,1.987182,2.980773,1.212837
9,421,1.981733,2.972600,1.223160
9,422,1.982824,2.974236,1.221540
9,423,2.016756,3.025134,1.178119
9,424,2.000318,3.000477,1.189642
9,425,2.003598,3.005396,1.186154
9,426,2.019818,3.029727,1.125747
9,427,1.977139,2.965708,1.221553
9,428,2.028301,3.042451,1.141316
9,429,1.989886,2.984828,1.185452
9,430,1.989563,2.984344,1.189766
9,431,2.031118,3.046677,1.157787
9,432,1.997796,2.996694,1.193366
9,433,2.020994,3.031491,1.162147
9,434,2.000097,3.000146,1.192550
9,435,1.987263,2.980894,1.215511
9,436,2.001788,3.002681,1.203597
9,437,1.994771,2.992156,1.197058
9,438,2.009786,3.014679,1.177977
9,439,1.970941,2.956411,1.255278
9,440,2.017326,3.025989,1.174842
9,441,1.994137,2.991206,1.200569
9,442,1.958474,2.937711,1.270121
9,443,1.974775,2.962163,1.245757
9,444,1.993520,2.990279,1.205708
9,445,2.007325,3.010988,1.190181
9,446,1.995741,2.993612,1.187377
9,447,2.004925,3.007388,1.167871
9,448,1.984385,2.976578,1.214091
9,449,2.002217,3.003326,1.192552
9,450,2.025749,3.038624,1.147295
9,451,2.016725,3.025088,1.143225
9,452,2.007164,3.010746,1.179738
9,453,2.011003,3.016504,1.169227
9,454,1.960944,2.941415,1.276886
9,455,2.014326,3.021489,1.170927
9,456,1.980843,2.971265,1.222501
9,457,2.017908,3.026863,1.155023
9,458,1.953312,2.929969,1.278115
9,459,2.012695,3.019042,1.172870
9,460,2.022212,3.033317,1.164499
9,461,2.011481,3.017222,1.185471
9,462,1.985060,2.977591,1.214165
9,463,1.966960,2.950440,1.250674
9,464,2.016908,3.025362,1.171678
9,465,1.986692,2.980038,1.218793
9,466,1.985818,2.978727,1.220203
9,467,2.030056,3.045084,1.167040
9,468,1.986574,2.979861,1.227192
9,469,2.026605,3.039907,1.172062
9,470,1.968847,2.953271,1.269690
9,471,2.010643,3.015964,1.197659
9,472,1.987288,2.980932,1.216061
9,473,2.020597,3.030896,1.176421
9,474,1.986816,2.980224,1.222785
9,475,2.029027,3.043541,1.140439
9,476,2.005617,3.008425,1.160963
9,477,2.025333,3.038000,1.153801
9,478,2.021117,3.031676,1.184140
9,479,2.007541,3.011312,1.190311
9,480,2.008787,3.013181,1.197981
9,481,2.005960,3.008940,1.191685
9,482,1.958523,2.937785,1.287266
9,483,2.005351,3.008027,1.215493
9,484,2.018048,3.027072,1.159202
9,485,1.979433,2.969150,1.250384
9,486,1.992474,2.988711,1.226206
9,487,1.987282,2.980923,1.249128
9,488,2.000686,3.001029,1.199081
9,489,2.001255,3.001883,1.223878
9,490,2.031494,3.047241,1.121925
9,491,1.982473,2.973710,1.197921
9,492,1.981901,2.972852,1.223269
9,493,2.017033,3.025550,1.189929
9,494,2.003243,3.004865,1.204196
9,495,1.994451,2.991676,1.240835
9,496,2.038834,3.058252,1.165224
9,497,2.006069,3.009104,1.183504
9,498,2.001580,3.002370,1.195909
9,499,1.972098,2.958147,1.251905
9,500,1.955573,2.933360,1.323722
9,501,2.025299,3.037949,1.188716
9,502,1.966736,2.950105,1.267271
9,503,1.947615,2.921422,1.275624
9,504,2.028327,3.042490,1.164467
9,505,2.006621,3.009931,1.206548
9,506,2.013120,3.019681,1.168602
9,507,2.011809,3.017714,1.141224
9,508,1.982609,2.973913,1.194561
9,509,2.013722,3.020582,1.143292
9,510,1.993406,2.990109,1.183220
9,511,2.009816,3.014725,1.176654
9,512,2.013439,3.020159,1.161960
9,513,1.965626,2.948439,1.252791
9,514,2.025225,3.037838,1.179674
9,515,2.004736,3.007104,1.200811
9,516,2.001509,3.002264,1.194848
9,517,1.974320,2.961480,1.246532
9,518,2.015051,3.022576,1.153363
9,519,1.992411,2.988616,1.192857
9,520,2.002755,3.004133,1.203548
9,521,1.983442,2.975163,1.231054
9,522,1.991510,2.987265,1.202854
9,523,1.987859,2.981789,1.229221
9,524,1.978467,2.967700,1.246026
9,525,2.028923,3.043385,1.151248
9,526,2.015781,3.023672,1.176107
9,527,2.010238,3.015357,1.190869
9,528,1.993960,2.990939,1.198997
9,529,2.008129,3.012194,1.162713
9,530,2.012576,3.018864,1.176327
9,531,2.035946,3.053919,1.147455
9,532,2.005318,3.007977,1.206437
9,533,2.012217,3.018325,1.194433
9,534,2.041134,3.061701,1.141370
9,535,2.011010,3.016515,1.150061
9,536,1.995005,2.992507,1.186008
9,537,2.017668,3.026501,1.181355
9,538,2.023464,3.035196,1.142114
9,539,1.956591,2.934886,1.255516
9,540,1.958372,2.937558,1.275422
9,541,2.007815,3.011722,1.220825
9,542,2.009440,3.014159,1.212981
9,543,1.996785,2.995178,1.229139
9,544,2.001531,3.002297,1.205412
9,545,2.037101,3.055651,1.147498
9,546,2.016130,3.024195,1.159759
9,547,1.996017,2.994026,1.210340
9,548,1.981233,2.971850,1.237678
9,549,2.038541,3.057812,1.155315
9,550,2.016585,3.024878,1.156519
9,551,1.975799,2.963699,1.208394
9,552,1.983463,2.975195,1.213596
9,553,2.007954,3.011931,1.179317
9,554,2.015564,3.023346,1.171899
9,555,2.005963,3.008945,1.177161
9,556,2.031139,3.046709,1.155402
9,557,2.022512,3.033768,1.158084
9,558,1.990665,2.985997,1.203762
9,559,1.984743,2.977115,1.249065
9,560,2.007395,3.011093,1.203646
9,561,2.000144,3.000216,1.204825
9,562,1.995834,2.993750,1.212068
9,563,2.005774,3.008661,1.182619
9,564,2.003561,3.005342,1.235465
9,565,1.994842,2.992263,1.201026
9,566,1.985498,2.978247,1.234365
9,567,1.991375,2.987063,1.212414
9,568,2.024666,3.036999,1.159996
9,569,2.017973,3.026959,1.175205
9,570,2.016403,3.024605,1.194229
9,571,2.013650,3.020475,1.152553
9,572,2.010980,3.016471,1.160689
9,573,2.000746,3.001120,1.183681
9,574,1.984373,2.976559,1.205324
9,575,1.997628,2.996443,1.213051
9,576,2.023518,3.035277,1.172477
9,577,1.992360,2.988539,1.196957
9,578,1.957072,2.935608,1.277807
9,579,1.986748,2.980123,1.240722
9,580,1.999573,2.999359,1.249707
9,581,2.020628,3.030943,1.177575
9,582,1.982951,2.974427,1.224110
9,583,2.015721,3.023581,1.185234
9,584,2.021629,3.032444,1.171909
9,585,1.998012,2.997019,1.223367
9,586,2.002901,3.004352,1.187139
9,587,2.012037,3.018056,1.158547
9,588,2.008820,3.013230,1.200785
9,589,2.018096,3.027145,1.151641
9,590,1.996416,2.994624,1.211988
9,591,2.013214,3.019821,1.153072
9,592,1.969260,2.953890,1.233474
9,593,2.007941,3.011911,1.181413
9,594,2.014626,3.021938,1.172152
9,595,1.980862,2.971293,1.224230
9,596,2.007294,3.010942,1.177074
9,597,1.990329,2.985493,1.200941
9,598,1.990869,2.986303,1.195957
9,599,1.996088,2.994132,1.215044
9,600,2.003783,3.005674,1.189251
9,601,2.011700,3.017550,1.190251
9,602,2.018212,3.027317,1.186059
9,603,2.003166,3.004749,1.208370
9,604,1.979899,2.969848,1.241215
9,605,2.014060,3.021091,1.157975
9,606,1.966327,2.949490,1.244199
9,607,2.018049,3.027074,1.173532
9,608,2.013649,3.020473,1.182804
9,609,1.972839,2.959259,1.239992
9,610,2.003384,3.005076,1.179447
9,611,1.990596,2.985894,1.215215
9,612,2.006363,3.009544,1.189361
9,613,1.991276,2.986914,1.203064
9,614,1.984848,2.977272,1.236983
9,615,2.013601,3.020402,1.174102
9,616,2.011943,3.017914,1.177506
9,617,2.019578,3.029367,1.174367
9,618,2.017679,3.026519,1.176541
9,619,1.990804,2.986206,1.213786
9,620,1.999319,2.998979,1.189688
9,621,1.999709,2.999564,1.211718
9,622,1.978526,2.967788,1.239252
9,623,2.012774,3.019161,1.202223
9,624,2.007952,3.011927,1.191119
9,625,1.990499,2.985749,1.206316
9,626,2.023139,3.034708,1.148186
9,627,2.004461,3.006692,1.189356
9,628,2.020393,3.030590,1.171756
9,629,2.032099,3.048149,1.150273
9,630,2.037321,3.055982,1.168995
9,631,2.006520,3.009781,1.185842
9,632,2.021862,3.032792,1.137884
9,633,2.004028,3.006041,1.183581
9,634,2.012303,3.018455,1.169082
9,635,2.009986,3.014979,1.163439
9,636,1.999016,2.998524,1.193306
9,637,2.026249,3.039374,1.165359
9,638,2.017971,3.026957,1.179560
9,639,2.016531,3.024796,1.182603
9,640,1.999691,2.999537,1.212166
9,641,1.994119,2.991178,1.232943
9,642,2.023442,3.035163,1.159268
9,643,2.019248,3.028873,1.173236
9,644,2.001149,3.001723,1.183193
9,645,1.988618,2.982928,1.204716
9,646,2.010285,3.015428,1.178181
9,647,1.937149,2.905723,1.330606
9,648,1.996308,2.994462,1.243776
9,649,2.008910,3.013365,1.200845
9,650,1.999963,2.999945,1.215753
9,651,2.015146,3.022719,1.212207
9,652,2.012434,3.018651,1.196043
9,653,2.014735,3.022103,1.200345
9,654,1.988124,2.982186,1.237994
9,655,2.008936,3.013403,1.197224
9,656,2.022041,3.033062,1.180027
9,657,2.015006,3.022508,1.180812
9,658,2.011443,3.017164,1.201394
9,659,1.992654,2.988981,1.200185
9,660,2.012474,3.018712,1.158562
9,661,2.015291,3.022937,1.167326
9,662,1.962014,2.943022,1.262018
9,663,2.007462,3.011193,1.232204
9,664,2.021605,3.032407,1.186459
9,665,2.013162,3.019743,1.159069
9,666,1.954389,2.931583,1.253703
9,667,1.984579,2.976869,1.246193
9,668,2.027920,3.041881,1.163772
9,669,1.989459,2.984188,1.224994
9,670,2.024426,3.036639,1.163484
9,671,2.007330,3.010995,1.177644
9,672,1.977277,2.965915,1.266664
9,673,2.021100,3.031649,1.178653
9,674,1.957873,2.936810,1.259792
9,675,2.038601,3.057901,1.139312
9,676,1.987867,2.981800,1.198424
9,677,1.999254,2.998881,1.182606
9,678,1.934395,2.901593,1.301899
9,679,1.990120,2.985180,1.228008
9,680,1.994268,2.991402,1.227272
9,681,2.042284,3.063427,1.139279
9,682,2.011673,3.017509,1.172099
9,683,2.014782,3.022173,1.147141
9,684,1.984884,2.977326,1.202595
9,685,2.011218,3.016828,1.156724
9,686,1.981864,2.972796,1.204668
9,687,2.003251,3.004877,1.190255
9,688,2.016774,3.025161,1.157586
9,689,2.017657,3.026485,1.158801
9,690,1.996186,2.994279,1.199331
9,691,1.999961,2.999941,1.187643
9,692,1.974380,2.961570,1.240817
9,693,2.005705,3.008557,1.194814
9,694,1.978102,2.967153,1.219356
9,695,2.007263,3.010894,1.163832
9,696,2.020343,3.030515,1.154839
9,697,1.985500,2.978250,1.206347
9,698,2.022511,3.033767,1.165731
9,699,2.007159,3.010738,1.159794
9,700,1.981994,2.972991,1.202178
9,701,1.986246,2.979370,1.206123
9,702,1.978951,2.968426,1.238734
9,703,1.993331,2.989996,1.213462
9,704,2.009278,3.013917,1.173642
9,705,2.000230,3.000345,1.211003
9,706,2.008762,3.013144,1.198091
9,707,2.016661,3.024992,1.176140
9,708,2.001960,3.002940,1.186211
9,709,1.961126,2.941689,1.255290
9,710,2.016823,3.025235,1.167092
9,711,1.991579,2.987369,1.208147
9,712,1.945101,2.917651,1.300971
9,713,2.035823,3.053735,1.156997
9,714,2.030264,3.045395,1.157017
9,715,1.998239,2.997358,1.231167
9,716,1.963498,2.945247,1.283230
9,717,2.010564,3.015845,1.187327
9,718,2.014233,3.021350,1.168191
9,719,2.010860,3.016290,1.159252
9,720,2.008443,3.012665,1.172965
9,721,2.007054,3.010581,1.167115
9,722,1.973384,2.960076,1.212585
9,723,1.968593,2.952889,1.245787
9,724,2.012904,3.019356,1.149793
9,725,1.981463,2.972195,1.221288
9,726,1.997280,2.995920,1.186313
9,727,1.960476,2.940715,1.264482
9,728,2.034792,3.052188,1.158013
9,729,1.979271,2.968906,1.241520
9,730,1.995121,2.992682,1.204252
9,731,1.970312,2.955468,1.258567
9,732,1.986230,2.979345,1.227376
9,733,2.013360,3.020040,1.178429
9,734,1.983582,2.975373,1.217703
9,735,1.975534,2.963301,1.251335
9,736,1.991951,2.987927,1.226652
9,737,2.009574,3.014360,1.193383
9,738,2.029114,3.043672,1.164172
9,739,2.027654,3.041481,1.163411
9,740,2.017017,3.025526,1.156684
9,741,1.998627,2.997940,1.190962
9,742,2.014671,3.022006,1.187438
9,743,2.024715,3.037072,1.167230
9,744,2.016197,3.024296,1.181457
9,745,2.001221,3.001832,1.201274
9,746,2.018049,3.027073,1.176445
9,747,1.965982,2.948972,1.246752
9,748,2.008847,3.013270,1.178985
9,749,2.023570,3.035355,1.169697
9,750,1.993100,2.989651,1.223199
9,751,2.013416,3.020124,1.216896
9,752,1.975726,2.963590,1.256043
9,753,2.003060,3.004590,1.193906
9,754,2.009692,3.014537,1.192088
9,755,2.008605,3.012908,1.192858
9,756,2.018441,3.027661,1.165453
9,757,1.978758,2.968137,1.220044
9,758,2.000996,3.001494,1.208322
9,759,2.018378,3.027567,1.186276
9,760,2.013051,3.019577,1.178836
9,761,2.012071,3.018107,1.179833
9,762,2.012707,3.019061,1.235027
9,763,2.028521,3.042781,1.165234
9,764,1.988327,2.982490,1.228528
9,765,2.006388,3.009582,1.211748
9,766,2.003067,3.004600,1.207866
9,767,2.031278,3.046916,1.184426
9,768,2.029999,3.044999,1.142812
9,769,1.993990,2.990985,1.228566
9,770,1.988643,2.982964,1.221775
9,771,1.992111,2.988167,1.235288
9,772,2.008007,3.012010,1.189458
9,773,2.031231,3.046846,1.134465
9,774,2.012021,3.018031,1.166198
9,775,2.016775,3.025163,1.189730
9,776,1.955286,2.932928,1.265635
9,777,2.004425,3.006638,1.202875
9,778,1.977157,2.965736,1.250049
9,779,2.017913,3.026869,1.170474
9,780,2.006956,3.010434,1.181388
9,781,1.988344,2.982516,1.186464
9,782,1.985294,2.977941,1.199533
9,783,2.001607,3.002411,1.191574
9,784,1.997918,2.996877,1.194726
9,785,1.990949,2.986424,1.207635
9,786,1.998565,2.997847,1.202219
9,787,1.966578,2.949867,1.271500
9,788,2.013834,3.020751,1.209472
9,789,1.999110,2.998664,1.216611
9,790,2.021105,3.031657,1.176742
9,791,1.975453,2.963179,1.222670
9,792,1.999361,2.999042,1.190125
9,793,2.024271,3.036406,1.179463
9,794,2.029749,3.044624,1.163435
9,795,1.993966,2.990948,1.200470
9,796,1.978978,2.968467,1.215975
9,797,1.990369,2.985553,1.227630
9,798,2.006844,3.010265,1.186920
9,799,2.031812,3.047718,1.176944
9,800,2.005865,3.008798,1.203922
9,801,2.008266,3.012398,1.195209
9,802,1.993853,2.990779,1.205200
9,803,1.995369,2.993053,1.207006
9,804,2.014785,3.022178,1.162585
9,805,1.968496,2.952744,1.240890
9,806,2.004447,3.006670,1.180999
9,807,1.966822,2.950234,1.242296
9,808,1.977189,2.965784,1.236715
9,809,2.033273,3.049909,1.147624
9,810,2.025643,3.038464,1.137152
9,811,2.017373,3.026059,1.135370
9,812,1.973973,2.960959,1.202348
9,813,1.997868,2.996802,1.156928
9,814,1.962472,2.943707,1.257537
9,815,1.963083,2.944624,1.264628
9,816,1.950419,2.925628,1.306881
9,817,2.053416,3.080124,1.155772
9,818,1.999295,2.998943,1.202220
9,819,2.019890,3.029836,1.166601
9,820,1.992139,2.988209,1.200284
9,821,2.021078,3.031617,1.169388
9,822,1.961671,2.942506,1.259947
9,823,2.009879,3.014819,1.194835
9,824,1.994567,2.991850,1.193036
9,825,2.003872,3.005808,1.186100
9,826,1.990893,2.986339,1.201600
9,827,2.003679,3.005518,1.196225
9,828,2.033273,3.049910,1.159907
9,829,2.016704,3.025057,1.163005
9,830,1.976380,2.964570,1.234120
9,831,2.001462,3.002193,1.194804
9,832,1.967706,2.951558,1.254509
9,833,1.994258,2.991387,1.218735
9,834,2.023973,3.035960,1.165606
9,835,2.021427,3.032141,1.140518
9,836,2.004276,3.006413,1.173501
9,837,2.012317,3.018476,1.163813
9,838,2.019677,3.029515,1.152661
9,839,1.953673,2.930510,1.271175
9,840,1.988791,2.983187,1.221097
9,841,2.011075,3.016613,1.178782
9,842,1.976749,2.965124,1.225242
9,843,2.026833,3.040250,1.167143
9,844,1.991581,2.987372,1.210909
9,845,2.021763,3.032645,1.160052
9,846,1.998142,2.997213,1.187718
9,847,1.989154,2.983731,1.221329
9,848,1.975629,2.963444,1.226087
9,849,2.014280,3.021420,1.140266
9,850,2.005104,3.007656,1.179458
9,851,1.980451,2.970676,1.212867
9,852,1.995520,2.993281,1.207011
9,853,1.952652,2.928979,1.262479
9,854,2.019842,3.029762,1.155304
9,855,1.990949,2.986423,1.197542
9,856,2.011163,3.016744,1.188267
9,857,2.001355,3.002033,1.205046
9,858,2.000128,3.000193,1.207581
9,859,2.027283,3.040925,1.141614
9,860,2.012597,3.018895,1.179385
9,861,2.011249,3.016874,1.181073
9,862,1.999386,2.999079,1.187078
9,863,1.983691,2.975537,1.210906
9,864,2.004331,3.006496,1.186145
9,865,1.988151,2.982226,1.219066
9,866,1.958846,2.938269,1.254074
9,867,1.979783,2.969675,1.216014
9,868,1.998710,2.998064,1.184823
9,869,1.954763,2.932144,1.276449
9,870,1.997976,2.996965,1.203502
9,871,2.021265,3.031897,1.201878
9,872,2.020271,3.030407,1.156274
9,873,1.980934,2.971401,1.226413
9,874,2.009239,3.013858,1.203758
9,875,2.027062,3.040593,1.167232
9,876,2.005712,3.008568,1.178488
9,877,2.008990,3.013485,1.205534
9,878,2.001046,3.001568,1.191838
9,879,2.005508,3.008261,1.172036
9,880,2.004115,3.006172,1.174636
9,881,2.002209,3.003314,1.177638
9,882,2.011028,3.016542,1.143033
9,883,1.993034,2.989550,1.180117
9,884,1.981345,2.972017,1.254656
9,885,2.011180,3.016770,1.196623
9,886,1.994349,2.991524,1.208497
9,887,2.004749,3.007123,1.192905
9,888,2.017814,3.026721,1.156081
9,889,1.978785,2.968178,1.214792
9,890,1.998325,2.997488,1.189318
9,891,2.002866,3.004299,1.192451
9,892,2.017012,3.025518,1.165741
9,893,2.026292,3.039438,1.166213
9,894,1.995886,2.993829,1.217754
9,895,2.009287,3.013931,1.190781
9,896,2.015736,3.023604,1.166510
9,897,1.990897,2.986345,1.205192
9,898,2.025471,3.038207,1.151943
9,899,2.008382,3.012572,1.183938
9,900,2.020829,3.031244,1.184453
9,901,1.985637,2.978455,1.205872
9,902,1.999796,2.999694,1.188654
9,903,2.000408,3.000613,1.173435
9,904,2.013327,3.019991,1.163944
9,905,1.987351,2.981027,1.209457
9,906,1.982448,2.973672,1.236341
9,907,1.984782,2.977174,1.236973
9,908,2.006658,3.009988,1.223559
9,909,2.001711,3.002566,1.206066
9,910,1.999566,2.999348,1.182597
9,911,2.006402,3.009604,1.224099
9,912,2.016791,3.025187,1.200644
9,913,2.038604,3.057906,1.142071
9,914,1.976174,2.964261,1.230750
9,915,2.020201,3.030301,1.186106
9,916,2.006094,3.009140,1.198826
9,917,1.998009,2.997013,1.197035
9,918,2.004348,3.006521,1.198594
9,919,1.986541,2.979811,1.238290
9,920,1.996524,2.994787,1.215520
9,921,1.986001,2.979002,1.232583
9,922,2.032334,3.048501,1.168405
9,923,2.007158,3.010737,1.208030
9,924,2.005474,3.008212,1.171083
9,925,1.986866,2.980299,1.212535
9,926,2.001937,3.002905,1.178262
9,927,1.988495,2.982743,1.219926
9,928,1.978964,2.968446,1.242697
9,929,1.999270,2.998906,1.220093
9,930,2.011834,3.017751,1.185769
9,931,2.021565,3.032347,1.173866
9,932,1.995928,2.993892,1.197041
9,933,2.012081,3.018121,1.146128
9,934,1.970757,2.956135,1.224289
9,935,1.969917,2.954876,1.242249
9,936,1.982256,2.973384,1.254439
9,937,2.018838,3.028257,1.203682
9,938,2.017647,3.026470,1.172074
9,939,1.995165,2.992747,1.177716
9,940,1.975976,2.963964,1.214742
9,941,2.039559,3.059338,1.144583
9,942,1.996233,2.994349,1.214013
9,943,2.004228,3.006342,1.199760
9,944,1.958713,2.938070,1.289348
9,945,1.972047,2.958070,1.252138
9,946,2.001636,3.002454,1.211397
9,947,1.983588,2.975382,1.244603
9,948,1.998385,2.997577,1.199169
9,949,2.003432,3.005148,1.206952
9,950,2.004786,3.007179,1.203074
9,951,2.002327,3.003490,1.203523
9,952,2.017942,3.026913,1.162949
9,953,2.004618,3.006926,1.185086
9,954,2.006352,3.009528,1.180710
9,955,2.007940,3.011910,1.177394
9,956,1.991411,2.987116,1.197812
9,957,2.020892,3.031339,1.143473
9,958,1.997335,2.996003,1.197339
9,959,1.995700,2.993551,1.198063
9,960,2.015092,3.022638,1.179979
9,961,1.999295,2.998942,1.205373
9,962,2.032698,3.049047,1.147659
9,963,1.970454,2.955680,1.245276
9,964,2.017435,3.026153,1.171761
9,965,1.986859,2.980288,1.208583
9,966,1.978256,2.967383,1.241649
9,967,2.027911,3.041867,1.164727
9,968,2.007550,3.011325,1.180590
9,969,1.979252,2.968879,1.250638
9,970,2.036123,3.054184,1.139083
9,971,1.998204,2.997307,1.204873
9,972,2.019719,3.029578,1.162324
9,973,2.006891,3.010336,1.191317
9,974,2.013651,3.020477,1.163006
9,975,1.991457,2.987186,1.203734
9,976,1.999218,2.998827,1.185476
9,977,2.001989,3.002983,1.202440
9,978,2.007580,3.011371,1.186493
9,979,1.973304,2.959955,1.238225
9,980,2.025326,3.037989,1.151860
9,981,2.021635,3.032453,1.167503
9,982,2.016195,3.024292,1.172823
9,983,1.993190,2.989785,1.210211
9,984,1.994542,2.991813,1.211332
9,985,2.008283,3.012424,1.187145
9,986,2.000992,3.001488,1.194426
9,987,1.995365,2.993048,1.198867
9,988,2.014747,3.022120,1.158108
9,989,2.018726,3.028089,1.152298
9,990,1.984173,2.976260,1.216168
9,991,2.002563,3.003844,1.181443
9,992,1.984306,2.976458,1.225734
9,993,2.009659,3.014488,1.179208
9,994,2.002144,3.003216,1.192820
9,995,1.999865,2.999797,1.203925
9,996,1.987385,2.981077,1.203911
9,997,1.995391,2.993086,1.185422
9,998,1.998963,2.998444,1.199044
9,999,2.006615,3.009922,1.201840
9,1000,2.009039,3.013559,1.168133
10,1,2.007360,3.011040,1.170646
10,2,1.996819,2.995229,1.202477
10,3,2.001988,3.002981,1.182005
10,4,1.951841,2.927761,1.300990
10,5,2.024531,3.036797,1.179385
10,6,1.998998,2.998497,1.188065
10,7,2.006056,3.009084,1.195043
10,8,2.004775,3.007163,1.173129
10,9,1.997314,2.995971,1.215547
10,10,2.020546,3.030819,1.164115
10,11,1.991620,2.987431,1.203239
10,12,2.016126,3.024189,1.155621
10,13,1.979130,2.968695,1.229729
10,14,2.005855,3.008783,1.202310
10,15,1.991224,2.986836,1.212856
10,16,2.007542,3.011312,1.178224
10,17,2.002929,3.004393,1.203091
10,18,1.994996,2.992495,1.210842
10,19,1.986541,2.979812,1.247135
10,20,2.037028,3.055543,1.163426
10,21,1.981379,2.972069,1.226503
10,22,2.007408,3.011112,1.210363
10,23,2.028340,3.042510,1.184859
10,24,1.986334,2.979502,1.241130
10,25,2.010622,3.015933,1.199255
10,26,2.010586,3.015879,1.161986
10,27,2.003724,3.005586,1.183774
10,28,2.006022,3.009033,1.198017
10,29,2.009092,3.013638,1.165157
10,30,2.000381,3.000572,1.182484
10,31,1.992882,2.989323,1.200458
10,32,1.989956,2.984934,1.229862
10,33,2.018146,3.027220,1.198004
10,34,1.987333,2.980999,1.234653
10,35,2.012187,3.018281,1.177436
10,36,1.985015,2.977523,1.222268
10,37,1.999246,2.998869,1.179887
10,38,1.978400,2.967599,1.211290
10,39,2.012466,3.018699,1.182945
10,40,2.006943,3.010415,1.197743
10,41,2.032930,3.049394,1.166738
10,42,2.006812,3.010218,1.180847
10,43,1.998887,2.998330,1.178033
10,44,1.953660,2.930490,1.259187
10,45,1.982065,2.973098,1.249449
10,46,2.039331,3.058997,1.142418
10,47,2.006616,3.009924,1.192051
10,48,2.015259,3.022888,1.168125
10,49,2.013104,3.019656,1.163617
10,50,1.995239,2.992859,1.206031
10,51,1.993872,2.990807,1.191102
10,52,2.012907,3.019361,1.183305
10,53,1.966224,2.949336,1.257208
10,54,2.000544,3.000816,1.198994
10,55,2.020915,3.031373,1.187606
10,56,1.989482,2.984223,1.212029
10,57,1.997187,2.995780,1.194033
10,58,2.015836,3.023754,1.170078
10,59,2.018878,3.028316,1.153971
10,60,2.000902,3.001353,1.186025
10,61,1.989680,2.984521,1.189675
10,62,1.979150,2.968725,1.234351
10,63,2.023009,3.034513,1.148240
10,64,1.970847,2.956270,1.229377
10,65,2.011337,3.017006,1.176635
10,66,2.008552,3.012828,1.173791
10,67,2.006572,3.009858,1.172368
10,68,1.991643,2.987465,1.180128
10,69,1.998806,2.998210,1.196163
10,70,1.985722,2.978582,1.249144
10,71,2.007553,3.011329,1.201576
10,72,1.984899,2.977348,1.216757
10,73,2.035438,3.053157,1.136531
10,74,1.991379,2.987068,1.198971
10,75,2.019311,3.028967,1.175082
10,76,1.993380,2.990070,1.187428
10,77,1.982775,2.974162,1.230138
10,78,2.018407,3.027611,1.148099
10,79,1.976935,2.965403,1.233667
10,80,1.994789,2.992184,1.197672
10,81,2.016927,3.025391,1.173802
10,82,1.998593,2.997889,1.204279
10,83,1.940610,2.910915,1.307955
10,84,2.010731,3.016097,1.186120
10,85,2.001376,3.002063,1.199175
10,86,2.001495,3.002242,1.185306
10,87,2.012393,3.018590,1.176080
10,88,2.008650,3.012975,1.170197
10,89,1.970995,2.956493,1.252877
10,90,2.029054,3.043581,1.161621
10,91,2.009264,3.013895,1.164582
10,92,1.968264,2.952396,1.272270
10,93,2.021210,3.031815,1.187832
10,94,1.964848,2.947271,1.256851
10,95,2.017720,3.026581,1.164457
10,96,1.972258,2.958387,1.242280
10,97,2.000412,3.000618,1.206140
10,98,1.979057,2.968586,1.244458
10,99,2.015915,3.023872,1.160508
10,100,2.005123,3.007685,1.174656
10,101,1.973999,2.960998,1.229046
10,102,2.017965,3.026947,1.184404
10,103,2.027326,3.040989,1.181862
10,104,2.005746,3.008619,1.196138
10,105,1.995811,2.993716,1.215259
10,106,2.031533,3.047300,1.155146
10,107,1.999248,2.998872,1.201406
10,108,2.001365,3.002048,1.223610
10,109,1.982813,2.974220,1.225359
10,110,2.007250,3.010875,1.214619
10,111,2.011162,3.016743,1.185670
10,112,1.960496,2.940744,1.261065
10,113,1.964292,2.946439,1.261390
10,114,2.022995,3.034492,1.182029
10,115,1.997044,2.995566,1.207161
10,116,1.997526,2.996288,1.226483
10,117,2.000717,3.001075,1.196938
10,118,2.000577,3.000866,1.220313
10,119,2.012315,3.018472,1.176964
10,120,2.020620,3.030929,1.153407
10,121,2.009079,3.013619,1.162063
10,122,1.978323,2.967484,1.233182
10,123,1.997840,2.996760,1.197566
10,124,1.943246,2.914869,1.288958
10,125,2.023004,3.034507,1.158916
10,126,1.996449,2.994674,1.204812
10,127,2.000669,3.001004,1.206006
10,128,2.038235,3.057353,1.160845
10,129,2.010290,3.015435,1.187337
10,130,1.999194,2.998791,1.241951
10,131,2.000645,3.000968,1.208329
10,132,2.025656,3.038484,1.143014
10,133,1.968839,2.953259,1.253363
10,134,2.022140,3.033210,1.180700
10,135,1.994402,2.991603,1.204109
10,136,2.008473,3.012709,1.177325
10,137,1.990624,2.985937,1.212693
10,138,2.001869,3.002804,1.184378
10,139,1.992871,2.989306,1.200760
10,140,2.004389,3.006583,1.180273
10,141,1.997922,2.996883,1.166512
10,142,2.002216,3.003324,1.195114
10,143,2.015824,3.023736,1.170515
10,144,1.965541,2.948311,1.266188
10,145,2.006017,3.009026,1.225453
10,146,1.993042,2.989563,1.222100
10,147,2.006107,3.009161,1.188865
10,148,2.034546,3.051819,1.163100
10,149,1.998070,2.997105,1.201333
10,150,1.994992,2.992487,1.202786
10,151,2.012677,3.019015,1.200701
10,152,1.985067,2.977600,1.216613
10,153,2.017897,3.026845,1.181449
10,154,2.023191,3.034787,1.159519
10,155,2.004526,3.006789,1.149650
10,156,2.002746,3.004120,1.167996
10,157,1.969667,2.954501,1.219483
10,158,2.003063,3.004595,1.175087
10,159,2.027523,3.041284,1.137160
10,160,1.977646,2.966468,1.189487
10,161,1.995882,2.993822,1.213267
10,162,1.985732,2.978597,1.203001
10,163,1.999099,2.998648,1.215813
10,164,1.993120,2.989680,1.214196
10,165,1.992393,2.988589,1.215769
10,166,2.016407,3.024611,1.169477
10,167,2.002887,3.004331,1.169251
10,168,1.972028,2.958042,1.224337
10,169,1.987280,2.980919,1.208575
10,170,1.991252,2.986878,1.234757
10,171,2.000933,3.001399,1.205278
10,172,1.997370,2.996055,1.207309
10,173,2.019204,3.028806,1.159546
10,174,1.952659,2.928988,1.250852
10,175,1.976871,2.965307,1.217286
10,176,2.011332,3.016997,1.165410
10,177,2.008273,3.012409,1.174057
10,178,1.990321,2.985482,1.213005
10,179,1.988953,2.983429,1.208674
10,180,1.999804,2.999705,1.200917
10,181,1.964366,2.946548,1.259672
10,182,1.999207,2.998810,1.177442
10,183,1.987933,2.981900,1.223232
10,184,2.004014,3.006020,1.211897
10,185,1.993960,2.990939,1.215416
10,186,2.025215,3.037822,1.171669
10,187,2.010917,3.016376,1.176567
10,188,2.010889,3.016334,1.175359
10,189,1.994392,2.991588,1.222226
10,190,1.996626,2.994940,1.239670
10,191,1.996942,2.995413,1.218923
10,192,1.983605,2.975407,1.219628
10,193,1.988976,2.983464,1.220522
10,194,2.014237,3.021356,1.183233
10,195,2.009857,3.014785,1.155914
10,196,2.007132,3.010698,1.155256
10,197,2.010780,3.016169,1.159540
10,198,1.996102,2.994153,1.199814
10,199,2.024956,3.037434,1.155369
10,200,1.987285,2.980928,1.208529
10,201,2.026398,3.039597,1.168671
10,202,1.998734,2.998100,1.189796
10,203,1.992602,2.988903,1.198913
10,204,1.991826,2.987738,1.226677
10,205,2.005881,3.008821,1.219436
10,206,2.040798,3.061197,1.152880
10,207,1.979263,2.968894,1.245549
10,208,2.013367,3.020051,1.190662
10,209,2.009942,3.014912,1.198895
10,210,1.986911,2.980366,1.227090
10,211,1.991346,2.987020,1.226228
10,212,2.032029,3.048044,1.174638
10,213,2.007440,3.011159,1.202944
10,214,2.008563,3.012844,1.175199
10,215,1.980356,2.970535,1.225469
10,216,2.012658,3.018987,1.186138
10,217,2.010448,3.015672,1.210659
10,218,1.978203,2.967305,1.272870
10,219,2.011162,3.016743,1.200616
10,220,2.031906,3.047860,1.158784
10,221,1.980400,2.970600,1.221444
10,222,2.015194,3.022790,1.177909
10,223,1.993310,2.989964,1.202252
10,224,1.993411,2.990117,1.203471
10,225,2.006583,3.009875,1.199192
10,226,2.022468,3.033702,1.187381
10,227,1.998442,2.997663,1.232604
10,228,2.008264,3.012396,1.188497
10,229,2.022414,3.033621,1.148256
10,230,2.027683,3.041525,1.134988
10,231,2.005473,3.008209,1.184764
10,232,2.027219,3.040829,1.163400
10,233,1.955983,2.933974,1.264474
10,234,1.995689,2.993534,1.235669
10,235,2.025055,3.037583,1.148274
10,236,2.014137,3.021205,1.164084
10,237,1.997179,2.995769,1.199979
10,238,2.030015,3.045023,1.137889
10,239,1.965547,2.948321,1.246945
10,240,2.027464,3.041196,1.190016
10,241,1.994428,2.991643,1.242730
10,242,2.014313,3.021469,1.195607
10,243,2.004489,3.006734,1.200340
10,244,2.027459,3.041189,1.145184
10,245,2.003696,3.005543,1.191091
10,246,1.999390,2.999085,1.188347
10,247,2.003864,3.005796,1.194353
10,248,1.999810,2.999715,1.206154
10,249,1.985044,2.977566,1.234965
10,250,1.979760,2.969640,1.244945
10,251,2.018428,3.027642,1.159892
10,252,1.991112,2.986668,1.184365
10,253,1.973347,2.960020,1.244072
10,254,2.021750,3.032625,1.173803
10,255,2.007871,3.011807,1.204500
10,256,2.000081,3.000122,1.186242
10,257,2.007240,3.010860,1.176034
10,258,1.983192,2.974788,1.206331
10,259,1.973921,2.960881,1.231296
10,260,1.989059,2.983588,1.220318
10,261,2.023006,3.034509,1.165660
10,262,1.975622,2.963433,1.245249
10,263,2.000971,3.001456,1.198761
10,264,2.028735,3.043103,1.155088
10,265,1.961763,2.942644,1.259097
10,266,2.006345,3.009517,1.173652
10,267,2.021344,3.032016,1.162813
10,268,1.968488,2.952732,1.233373
10,269,1.970025,2.955037,1.270198
10,270,2.026008,3.039011,1.170605
10,271,1.996992,2.995488,1.196807
10,272,2.028977,3.043465,1.131939
10,273,2.025731,3.038596,1.147201
10,274,2.014018,3.021028,1.165003
10,275,1.971195,2.956793,1.246209
10,276,2.010108,3.015162,1.174803
10,277,1.995014,2.992520,1.212598
10,278,2.014203,3.021305,1.158199
10,279,1.986802,2.980204,1.212889
10,280,1.981009,2.971513,1.218910
10,281,2.014825,3.022237,1.172829
10,282,1.969341,2.954012,1.259780
10,283,2.034449,3.051673,1.141097
10,284,2.018735,3.028102,1.153602
10,285,2.007490,3.011235,1.166229
10,286,2.020382,3.030573,1.161179
10,287,2.015146,3.022719,1.164930
10,288,2.002033,3.003049,1.180173
10,289,2.007935,3.011903,1.197819
10,290,2.006999,3.010498,1.207209
10,291,2.003400,3.005100,1.195137
10,292,1.988352,2.982529,1.217508
10,293,2.009742,3.014613,1.188786
10,294,1.950788,2.926183,1.289923
10,295,2.015551,3.023327,1.189853
10,296,1.990916,2.986374,1.225450
10,297,2.017357,3.026035,1.182326
10,298,2.001026,3.001538,1.164333
10,299,1.995830,2.993744,1.162349
10,300,2.024407,3.036610,1.153098
10,301,2.008054,3.012082,1.165838
10,302,1.997961,2.996942,1.193309
10,303,2.000269,3.000403,1.199069
10,304,1.976180,2.964269,1.238846
10,305,1.992090,2.988134,1.224055
10,306,1.975994,2.963991,1.238096
10,307,1.997916,2.996873,1.213278
10,308,2.021248,3.031872,1.169696
10,309,2.011855,3.017782,1.154502
10,310,1.972888,2.959331,1.233118
10,311,2.010657,3.015986,1.173100
10,312,1.989633,2.984450,1.217703
10,313,2.025211,3.037817,1.152645
10,314,1.992241,2.988362,1.181339
10,315,1.988995,2.983492,1.175952
10,316,1.999713,2.999570,1.206450
10,317,1.992097,2.988145,1.247689
10,318,2.013828,3.020742,1.205569
10,319,2.021086,3.031629,1.154416
10,320,1.954980,2.932469,1.272510
10,321,2.018502,3.027753,1.188540
10,322,2.040279,3.060418,1.158448
10,323,1.975253,2.962879,1.260486
10,324,1.986236,2.979354,1.224783
10,325,2.030408,3.045612,1.156315
10,326,2.028228,3.042342,1.154773
10,327,2.006530,3.009794,1.169961
10,328,2.018424,3.027637,1.140333
10,329,1.991965,2.987947,1.195972
10,330,2.008439,3.012659,1.182428
10,331,1.982834,2.974250,1.215764
10,332,2.008076,3.012114,1.171466
10,333,2.001603,3.002404,1.172788
10,334,1.975222,2.962834,1.225526
10,335,2.009763,3.014645,1.162552
10,336,1.975672,2.963508,1.233597
10,337,1.997274,2.995911,1.194185
10,338,1.979379,2.969069,1.221114
10,339,1.987472,2.981208,1.225609
10,340,2.016579,3.024869,1.156501
10,341,1.984207,2.976310,1.221104
10,342,1.977091,2.965637,1.274499
10,343,2.012964,3.019446,1.195320
10,344,2.010023,3.015035,1.192123
10,345,2.006076,3.009115,1.197867
10,346,1.994350,2.991525,1.229353
10,347,1.994684,2.992025,1.206698
10,348,1.969088,2.953632,1.252892
10,349,1.999442,2.999163,1.186078
10,350,2.001398,3.002097,1.184925
10,351,2.013422,3.020133,1.187689
10,352,2.019542,3.029313,1.182042
10,353,1.956141,2.934212,1.256207
10,354,2.011081,3.016621,1.175418
10,355,1.982046,2.973069,1.240013
10,356,2.024651,3.036977,1.224689
10,357,2.030591,3.045886,1.162153
10,358,1.983296,2.974944,1.244072
10,359,1.985534,2.978301,1.247395
10,360,2.012956,3.019434,1.186821
10,361,1.983655,2.975483,1.258953
10,362,2.032249,3.048373,1.159509
10,363,1.986534,2.979801,1.226462
10,364,2.009006,3.013509,1.196563
10,365,2.015926,3.023889,1.177730
10,366,2.006085,3.009127,1.176450
10,367,1.992483,2.988725,1.189210
10,368,1.997175,2.995762,1.180739
10,369,1.994885,2.992327,1.169701
10,370,1.990792,2.986188,1.185615
10,371,1.985936,2.978904,1.222007
10,372,2.006589,3.009883,1.203927
10,373,2.016569,3.024854,1.203498
10,374,2.004468,3.006701,1.192135
10,375,1.957127,2.935690,1.288703
10,376,1.974910,2.962366,1.248069
10,377,1.971549,2.957324,1.259479
10,378,1.971866,2.957799,1.267751
10,379,2.010400,3.015600,1.190551
10,380,2.015733,3.023599,1.180348
10,381,2.027122,3.040683,1.163097
10,382,2.013687,3.020530,1.178918
10,383,2.019002,3.028504,1.164464
10,384,2.007595,3.011393,1.198127
10,385,2.021271,3.031907,1.181025
10,386,2.012463,3.018695,1.184634
10,387,2.013055,3.019582,1.192647
10,388,1.978050,2.967074,1.249071
10,389,1.984383,2.976574,1.236224
10,390,2.022572,3.033858,1.159222
10,391,1.998499,2.997749,1.197902
10,392,1.964205,2.946307,1.254313
10,393,1.991931,2.987897,1.215904
10,394,1.993434,2.990151,1.228014
10,395,2.027346,3.041019,1.159449
10,396,1.999007,2.998510,1.188075
10,397,2.011668,3.017503,1.182501
10,398,2.027493,3.041239,1.143818
10,399,2.003001,3.004502,1.203780
10,400,1.996401,2.994601,1.206289
10,401,2.006428,3.009642,1.214665
10,402,1.975243,2.962865,1.268665
10,403,1.981708,2.972561,1.250724
10,404,2.003138,3.004707,1.185469
10,405,1.956566,2.934849,1.254184
10,406,1.994324,2.991486,1.220456
10,407,2.010188,3.015281,1.187834
10,408,1.998258,2.997387,1.216726
10,409,1.978055,2.967082,1.242137
10,410,2.026117,3.039176,1.160139
10,411,1.991358,2.987036,1.200297
10,412,2.020035,3.030052,1.141680
10,413,2.007489,3.011234,1.159511
10,414,2.008527,3.012791,1.179724
10,415,2.001578,3.002368,1.216192
10,416,1.983686,2.975528,1.228302
10,417,1.987902,2.981852,1.221220
10,418,2.025483,3.038224,1.175121
10,419,2.028850,3.043275,1.142438
10,420,1.972188,2.958282,1.205582
10,421,1.990815,2.986222,1.196128
10,422,1.976107,2.964161,1.241763
10,423,2.004664,3.006996,1.188287
10,424,2.011802,3.017703,1.177473
10,425,1.994929,2.992393,1.218828
10,426,2.018229,3.027343,1.162503
10,427,2.023173,3.034760,1.147117
10,428,1.971362,2.957043,1.252268
10,429,2.034830,3.052245,1.153413
10,430,1.988829,2.983243,1.212028
10,431,1.997991,2.996986,1.188156
10,432,1.964805,2.947207,1.264402
10,433,1.977686,2.966528,1.249746
10,434,2.041206,3.061809,1.142085
10,435,2.030716,3.046074,1.136960
10,436,1.984055,2.976083,1.207398
10,437,2.011398,3.017098,1.174044
10,438,1.993457,2.990186,1.199852
10,439,2.021654,3.032481,1.163159
10,440,2.028275,3.042413,1.159898
10,441,2.026754,3.040131,1.128959
10,442,2.008631,3.012947,1.177774
10,443,1.975031,2.962547,1.243297
10,444,1.934115,2.901173,1.329311
10,445,2.014057,3.021086,1.192360
10,446,2.010753,3.016130,1.211355
10,447,2.018034,3.027050,1.186172
10,448,2.005619,3.008428,1.192574
10,449,1.994376,2.991564,1.217101
10,450,1.981650,2.972475,1.224571
10,451,2.001827,3.002740,1.173703
10,452,2.011645,3.017467,1.152652
10,453,1.950168,2.925251,1.262338
10,454,1.999687,2.999530,1.179999
10,455,2.008447,3.012671,1.178156
10,456,1.979230,2.968844,1.243924
10,457,1.997293,2.995940,1.207422
10,458,2.019059,3.028589,1.178639
10,459,2.027797,3.041696,1.141998
10,460,1.999225,2.998838,1.202112
10,461,2.027207,3.040811,1.151326
10,462,2.003431,3.005146,1.186814
10,463,2.021346,3.032019,1.158258
10,464,2.027293,3.040940,1.154294
10,465,1.969080,2.953620,1.277509
10,466,2.005406,3.008109,1.204829
10,467,1.986736,2.980104,1.251437
10,468,2.012451,3.018677,1.187708
10,469,1.989485,2.984228,1.219105
10,470,2.011610,3.017416,1.178107
10,471,2.008830,3.013246,1.163924
10,472,1.967335,2.951002,1.246970
10,473,2.026574,3.039860,1.149767
10,474,1.958731,2.938097,1.267610
10,475,2.002214,3.003322,1.203429
10,476,2.014888,3.022333,1.179088
10,477,1.981336,2.972004,1.236834
10,478,1.987648,2.981472,1.212933
10,479,1.998326,2.997489,1.214670
10,480,1.962582,2.943873,1.261335
10,481,2.013512,3.020268,1.174491
10,482,1.980867,2.971301,1.218706
10,483,1.964760,2.947140,1.260521
10,484,1.996794,2.995191,1.191672
10,485,2.024600,3.036900,1.145699
10,486,1.995994,2.993991,1.204390
10,487,2.014014,3.021021,1.172480
10,488,1.997911,2.996866,1.202769
10,489,1.975981,2.963972,1.245427
10,490,2.029722,3.044583,1.150455
10,491,1.960425,2.940637,1.248146
10,492,2.006987,3.010480,1.175698
10,493,1.992787,2.989181,1.198242
10,494,2.025606,3.038409,1.160793
10,495,2.019823,3.029735,1.184452
10,496,2.015535,3.023302,1.172790
10,497,1.999010,2.998515,1.204152
10,498,1.998846,2.998270,1.197721
10,499,2.001745,3.002617,1.202564
10,500,2.006483,3.009725,1.203895
10,501,2.005746,3.008619,1.194656
10,502,1.966951,2.950427,1.263771
10,503,2.031970,3.047955,1.178272
10,504,2.006821,3.010231,1.187441
10,505,2.012590,3.018885,1.159567
10,506,1.996222,2.994333,1.183623
10,507,2.003697,3.005546,1.186199
10,508,1.979448,2.969173,1.222314
10,509,2.012353,3.018529,1.189255
10,510,2.009804,3.014707,1.190489
10,511,2.017315,3.025973,1.200067
10,512,2.022161,3.033241,1.188527
10,513,2.018908,3.028362,1.170239
10,514,1.996572,2.994858,1.208683
10,515,2.034987,3.052481,1.164134
10,516,2.007037,3.010555,1.186530
10,517,2.000166,3.000249,1.204592
10,518,2.005212,3.007818,1.202536
10,519,2.016996,3.025494,1.159609
10,520,1.995547,2.993320,1.205085
10,521,1.956019,2.934028,1.281786
10,522,1.994587,2.991881,1.238608
10,523,2.042647,3.063971,1.147194
10,524,1.974699,2.962049,1.221486
10,525,1.975892,2.963838,1.245101
10,526,2.018865,3.028297,1.178788
10,527,2.009293,3.013940,1.188908
10,528,1.984853,2.977279,1.217399
10,529,2.015391,3.023086,1.170328
10,530,1.998949,2.998423,1.197923
10,531,2.012243,3.018365,1.171290
10,532,1.980064,2.970096,1.238465
10,533,2.030388,3.045582,1.164067
10,534,1.986323,2.979484,1.228812
10,535,2.021006,3.031510,1.156445
10,536,1.980256,2.970384,1.225491
10,537,2.031769,3.047653,1.154101
10,538,2.004174,3.006261,1.203222
10,539,1.991833,2.987749,1.221552
10,540,2.043490,3.065235,1.134021
10,541,2.015672,3.023508,1.182173
10,542,2.021088,3.031632,1.168397
10,543,2.003155,3.004732,1.179504
10,544,1.997463,2.996195,1.195210
10,545,2.017729,3.026593,1.144212
10,546,1.984945,2.977417,1.201189
10,547,1.902809,2.854214,1.402232
10,548,2.041283,3.061925,1.141050
10,549,2.015505,3.023257,1.173634
10,550,2.012244,3.018366,1.203317
10,551,2.003186,3.004780,1.222871
10,552,2.002427,3.003640,1.224110
10,553,2.011859,3.017788,1.176285
10,554,2.014021,3.021032,1.177168
10,555,1.997391,2.996087,1.180363
10,556,2.010368,3.015552,1.188646
10,557,2.007635,3.011453,1.185873
10,558,1.992108,2.988161,1.223339
10,559,2.033081,3.049621,1.135421
10,560,1.996621,2.994932,1.185004
10,561,1.982681,2.974022,1.206005
10,562,1.997059,2.995589,1.196462
10,563,1.991329,2.986994,1.213050
10,564,1.984132,2.976197,1.237632
10,565,2.021364,3.032047,1.204373
10,566,2.020705,3.031057,1.168945
10,567,1.992614,2.988921,1.219371
10,568,2.025305,3.037957,1.167251
10,569,2.024381,3.036571,1.180365
10,570,1.993269,2.989903,1.227780
10,571,1.977660,2.966490,1.245936
10,572,1.983524,2.975285,1.258658
10,573,2.005123,3.007684,1.199918
10,574,1.982794,2.974191,1.235173
10,575,1.996555,2.994833,1.224791
10,576,1.989686,2.984530,1.225728
10,577,2.022893,3.034339,1.168099
10,578,1.996104,2.994156,1.212732
10,579,1.996908,2.995362,1.198309
10,580,2.015485,3.023227,1.169010
10,581,2.016654,3.024981,1.159099
10,582,1.996085,2.994127,1.192280
10,583,2.013202,3.019803,1.156350
10,584,1.981892,2.972838,1.223627
10,585,2.002768,3.004152,1.172424
10,586,2.000493,3.000740,1.183545
10,587,1.955456,2.933185,1.246552
10,588,2.000276,3.000413,1.218285
10,589,2.021647,3.032470,1.163144
10,590,2.001800,3.002700,1.190865
10,591,1.991082,2.986623,1.219557
10,592,2.004393,3.006590,1.213581
10,593,2.021879,3.032818,1.174925
10,594,2.004507,3.006760,1.192334
10,595,2.005753,3.008629,1.164394
10,596,1.988906,2.983360,1.214969
10,597,2.009478,3.014217,1.174526
10,598,1.988235,2.982352,1.207963
10,599,1.994346,2.991518,1.218225
10,600,2.014404,3.021606,1.175857
10,601,2.003195,3.004792,1.194746
10,602,2.006928,3.010391,1.181016
10,603,2.008022,3.012032,1.178967
10,604,1.987074,2.980610,1.198421
10,605,1.958780,2.938170,1.261768
10,606,1.967888,2.951832,1.260845
10,607,2.004779,3.007169,1.173155
10,608,2.006195,3.009293,1.167898
10,609,1.980943,2.971414,1.223109
10,610,2.007090,3.010635,1.172059
10,611,1.990462,2.985693,1.189244
10,612,1.999571,2.999356,1.167827
10,613,1.974745,2.962117,1.227497
10,614,1.983855,2.975782,1.205931
10,615,2.017176,3.025764,1.173679
10,616,2.006933,3.010399,1.199255
10,617,1.969571,2.954357,1.258109
10,618,1.970206,2.955309,1.245517
10,619,1.965855,2.948782,1.277415
10,620,1.991199,2.986798,1.236891
10,621,2.032377,3.048565,1.178356
10,622,2.025583,3.038375,1.160092
10,623,2.007174,3.010761,1.168786
10,624,2.010880,3.016321,1.195074
10,625,2.017327,3.025990,1.205913
10,626,1.991884,2.987826,1.228023
10,627,2.027253,3.040879,1.146598
10,628,1.955478,2.933218,1.270361
10,629,1.997202,2.995803,1.231051
10,630,1.994922,2.992383,1.200536
10,631,2.026893,3.040340,1.151194
10,632,2.006670,3.010005,1.162777
10,633,1.962142,2.943214,1.229911
10,634,1.963111,2.944667,1.249615
10,635,1.998780,2.998170,1.188429
10,636,1.994568,2.991852,1.223009
10,637,2.031764,3.047646,1.188919
10,638,2.043233,3.064850,1.147739
10,639,1.999878,2.999817,1.205040
10,640,1.990258,2.985387,1.203374
10,641,1.966584,2.949875,1.274409
10,642,2.019261,3.028892,1.178885
10,643,2.024248,3.036372,1.162142
10,644,2.001400,3.002100,1.191554
10,645,2.001378,3.002067,1.186165
10,646,2.018006,3.027009,1.160407
10,647,1.987705,2.981557,1.221917
10,648,1.998769,2.998153,1.197778
10,649,2.025785,3.038678,1.163557
10,650,1.990565,2.985848,1.213910
10,651,2.015037,3.022555,1.172638
10,652,2.021846,3.032769,1.169359
10,653,1.999751,2.999627,1.183950
10,654,2.012263,3.018395,1.151117
10,655,1.972467,2.958701,1.213813
10,656,2.006866,3.010298,1.179192
10,657,2.001091,3.001636,1.184085
10,658,1.993416,2.990124,1.214764
10,659,2.005921,3.008882,1.190186
10,660,2.007701,3.011551,1.189628
10,661,1.993913,2.990870,1.199959
10,662,1.984410,2.976615,1.216145
10,663,1.986477,2.979716,1.194692
10,664,1.982311,2.973467,1.196304
10,665,1.982471,2.973707,1.249303
10,666,1.980286,2.970429,1.253901
10,667,2.015900,3.023850,1.160675
10,668,2.012580,3.018870,1.176515
10,669,1.988941,2.983412,1.208702
10,670,2.014388,3.021582,1.165784
10,671,2.001257,3.001886,1.199464
10,672,2.006414,3.009621,1.197642
10,673,2.024329,3.036494,1.168416
10,674,2.029534,3.044301,1.149940
10,675,1.949870,2.924805,1.290776
10,676,2.006350,3.009525,1.249409
10,677,2.003454,3.005181,1.231967
10,678,2.025777,3.038665,1.156656
10,679,2.013319,3.019978,1.147062
10,680,1.988295,2.982442,1.198586
10,681,2.008995,3.013492,1.150264
10,682,1.987472,2.981208,1.209386
10,683,2.003060,3.004590,1.169825
10,684,1.974922,2.962383,1.229885
10,685,2.022139,3.033208,1.174230
10,686,2.019383,3.029074,1.184788
10,687,2.019765,3.029648,1.175069
10,688,2.010790,3.016185,1.186353
10,689,2.020837,3.031256,1.150618
10,690,1.995314,2.992971,1.211855
10,691,2.019552,3.029328,1.162301
10,692,1.999325,2.998988,1.182995
10,693,1.995930,2.993895,1.198868
10,694,2.003029,3.004543,1.177386
10,695,1.998789,2.998184,1.205664
10,696,2.022030,3.033045,1.168342
10,697,2.021946,3.032920,1.169455
10,698,2.010563,3.015844,1.188691
10,699,2.019507,3.029260,1.183543
10,700,2.020247,3.030370,1.173577
10,701,2.000624,3.000936,1.202612
10,702,2.012965,3.019447,1.183804
10,703,2.018560,3.027840,1.198531
10,704,1.960306,2.940458,1.285520
10,705,2.005312,3.007968,1.204081
10,706,2.013676,3.020514,1.167845
10,707,1.998167,2.997250,1.214713
10,708,1.992590,2.988885,1.211881
10,709,2.001060,3.001590,1.187401
10,710,1.992990,2.989485,1.192274
10,711,1.998817,2.998226,1.174794
10,712,1.975940,2.963910,1.219829
10,713,1.965142,2.947713,1.278990
10,714,1.989940,2.984911,1.229156
10,715,2.015535,3.023303,1.189576
10,716,1.981460,2.972190,1.246490
10,717,2.014552,3.021828,1.195498
10,718,1.956147,2.934220,1.312938
10,719,2.000519,3.000779,1.208861
10,720,2.008430,3.012646,1.183023
10,721,2.001959,3.002939,1.190500
10,722,2.000418,3.000627,1.179001
10,723,2.027086,3.040630,1.142356
10,724,2.014678,3.022016,1.156267
10,725,1.954248,2.931372,1.267278
10,726,2.028282,3.042424,1.156357
10,727,1.983276,2.974914,1.220052
10,728,2.030849,3.046273,1.151519
10,729,2.010427,3.015640,1.153885
10,730,2.012297,3.018445,1.167378
10,731,2.023433,3.035150,1.129998
10,732,1.998344,2.997516,1.177241
10,733,1.948395,2.922592,1.278930
10,734,2.004177,3.006266,1.223124
10,735,2.012671,3.019006,1.196811
10,736,2.023649,3.035474,1.173766
10,737,2.014579,3.021868,1.170567
10,738,1.978372,2.967558,1.206380
10,739,2.000151,3.000227,1.189277
10,740,1.999867,2.999800,1.221079
10,741,2.022284,3.033426,1.171729
10,742,1.999243,2.998864,1.183196
10,743,1.994937,2.992406,1.215219
10,744,1.979559,2.969338,1.226987
10,745,2.025538,3.038306,1.154231
10,746,1.991230,2.986845,1.204535
10,747,1.989641,2.984461,1.222367
10,748,1.993263,2.989894,1.213174
10,749,1.976158,2.964237,1.219864
10,750,2.004743,3.007115,1.201189
10,751,2.031751,3.047626,1.172108
10,752,1.996175,2.994263,1.208074
10,753,2.020845,3.031268,1.177841
10,754,2.007779,3.011668,1.188725
10,755,2.015364,3.023046,1.167210
10,756,2.020000,3.030000,1.156387
10,757,2.006595,3.009893,1.200603
10,758,2.024071,3.036107,1.172703
10,759,2.009540,3.014311,1.176381
10,760,1.998317,2.997475,1.190073
10,761,1.981716,2.972574,1.237191
10,762,2.018714,3.028070,1.160982
10,763,1.988833,2.983250,1.207980
10,764,1.989936,2.984905,1.197943
10,765,2.009298,3.013947,1.178427
10,766,1.988079,2.982118,1.217363
10,767,1.990007,2.985010,1.228157
10,768,2.028840,3.043260,1.159445
10,769,1.974279,2.961418,1.260681
10,770,1.995836,2.993754,1.202388
10,771,2.022586,3.033880,1.172312
10,772,2.008946,3.013418,1.170378
10,773,2.010249,3.015374,1.197873
10,774,1.990571,2.985856,1.217136
10,775,2.014025,3.021037,1.189039
10,776,2.017047,3.025571,1.180784
10,777,2.006027,3.009040,1.195153
10,778,2.006599,3.009898,1.211801
10,779,2.022770,3.034154,1.159824
10,780,1.973062,2.959593,1.251551
10,781,2.012316,3.018474,1.184323
10,782,1.979788,2.969682,1.254801
10,783,2.026250,3.039375,1.151498
10,784,1.997326,2.995989,1.189995
10,785,2.016588,3.024881,1.170552
10,786,1.986255,2.979383,1.210722
10,787,2.015517,3.023275,1.177878
10,788,1.993225,2.989838,1.194616
10,789,2.017293,3.025939,1.181773
10,790,2.015901,3.023852,1.196853
10,791,1.981200,2.971800,1.266224
10,792,1.995477,2.993216,1.209617
10,793,1.999392,2.999088,1.190896
10,794,2.011797,3.017695,1.178220
10,795,1.985441,2.978161,1.202775
10,796,1.994692,2.992037,1.183522
10,797,2.021654,3.032481,1.153736
10,798,1.995609,2.993414,1.166743
10,799,1.981977,2.972965,1.227289
10,800,2.011872,3.017808,1.195733
10,801,2.024641,3.036962,1.152635
10,802,2.017171,3.025756,1.175141
10,803,2.014584,3.021875,1.174045
10,804,2.002323,3.003485,1.225478
10,805,2.019087,3.028630,1.204414
10,806,2.002547,3.003821,1.192844
10,807,2.006658,3.009987,1.187081
10,808,2.029076,3.043614,1.145471
10,809,2.001695,3.002543,1.176320
10,810,2.023545,3.035318,1.171092
10,811,1.981877,2.972816,1.228723
10,812,2.032598,3.048896,1.152815
10,813,1.990568,2.985852,1.202641
10,814,2.001782,3.002673,1.217085
10,815,2.021714,3.032571,1.188592
10,816,2.011549,3.017323,1.187472
10,817,1.975675,2.963513,1.234392
10,818,1.993621,2.990431,1.200008
10,819,2.003196,3.004795,1.190630
10,820,2.016443,3.024664,1.153790
10,821,1.976197,2.964296,1.220142
10,822,2.006574,3.009861,1.171877
10,823,1.973821,2.960732,1.219389
10,824,1.996653,2.994980,1.187198
10,825,1.998245,2.997368,1.179557
10,826,2.010776,3.016163,1.174448
10,827,1.992755,2.989133,1.197439
10,828,1.979623,2.969434,1.247185
10,829,2.011585,3.017378,1.174590
10,830,1.977624,2.966436,1.225802
10,831,2.011546,3.017320,1.178862
10,832,1.984770,2.977155,1.220254
10,833,2.012448,3.018672,1.178711
10,834,1.998086,2.997129,1.193303
10,835,2.035179,3.052769,1.136680
10,836,2.012808,3.019212,1.149412
10,837,2.001849,3.002774,1.193893
10,838,2.008995,3.013492,1.162426
10,839,1.991599,2.987398,1.218313
10,840,2.014853,3.022279,1.188783
10,841,2.012115,3.018172,1.181645
10,842,1.998423,2.997635,1.171766
10,843,1.966876,2.950314,1.241020
10,844,1.948685,2.923027,1.298703
10,845,1.991667,2.987501,1.239443
10,846,2.046920,3.070379,1.172856
10,847,2.000274,3.000410,1.216019
10,848,2.032500,3.048750,1.144777
10,849,2.002681,3.004021,1.178886
10,850,2.028651,3.042977,1.144919
10,851,1.981665,2.972498,1.213385
10,852,1.954912,2.932369,1.277186
10,853,2.020234,3.030350,1.199649
10,854,2.012344,3.018516,1.191821
10,855,2.038634,3.057951,1.139426
10,856,2.025101,3.037651,1.151976
10,857,2.008348,3.012522,1.161170
10,858,2.018859,3.028288,1.143078
10,859,1.981744,2.972615,1.239780
10,860,1.997332,2.995997,1.219058
10,861,2.019864,3.029796,1.190422
10,862,2.002494,3.003741,1.217155
10,863,2.010417,3.015626,1.188184
10,864,1.960640,2.940960,1.242753
10,865,1.972641,2.958962,1.223755
10,866,2.000906,3.001360,1.217280
10,867,2.006650,3.009975,1.178602
10,868,1.990410,2.985615,1.225529
10,869,2.012520,3.018780,1.176390
10,870,2.001845,3.002767,1.184262
10,871,2.019846,3.029770,1.165191
10,872,1.993155,2.989732,1.204466
10,873,2.023884,3.035825,1.146212
10,874,1.993546,2.990318,1.188441
10,875,1.965394,2.948091,1.230147
10,876,2.006979,3.010468,1.164152
10,877,2.001925,3.002888,1.180594
10,878,2.010139,3.015209,1.173281
10,879,2.014258,3.021387,1.175886
10,880,1.998718,2.998077,1.182429
10,881,1.990179,2.985268,1.229750
10,882,2.007736,3.011604,1.177871
10,883,1.992387,2.988581,1.198635
10,884,1.983950,2.975925,1.198073
10,885,1.993594,2.990391,1.204753
10,886,1.967843,2.951765,1.254814
10,887,1.984363,2.976545,1.238737
10,888,2.008594,3.012891,1.203373
10,889,2.011092,3.016639,1.181874
10,890,2.045242,3.067863,1.130820
10,891,1.939203,2.908805,1.307965
10,892,2.027892,3.041837,1.173543
10,893,1.988605,2.982907,1.212731
10,894,2.011581,3.017372,1.159215
10,895,1.990255,2.985382,1.199619
10,896,1.999380,2.999069,1.212219
10,897,2.006462,3.009693,1.185585
10,898,2.008372,3.012559,1.173222
10,899,1.993909,2.990864,1.209776
10,900,2.015890,3.023836,1.153762
10,901,1.993816,2.990724,1.178092
10,902,2.009771,3.014657,1.166058
10,903,1.994575,2.991863,1.198750
10,904,2.009139,3.013709,1.174474
10,905,1.977713,2.966569,1.238305
10,906,2.030758,3.046137,1.179428
10,907,2.018854,3.028280,1.190911
10,908,2.007430,3.011144,1.205779
10,909,2.011992,3.017988,1.217759
10,910,2.005373,3.008059,1.211990
10,911,1.988425,2.982638,1.215184
10,912,2.027349,3.041023,1.145114
10,913,1.995815,2.993723,1.191258
10,914,2.012704,3.019057,1.157169
10,915,2.002594,3.003891,1.169459
10,916,1.998813,2.998219,1.178644
10,917,1.975414,2.963121,1.257821
10,918,1.985904,2.978856,1.239047
10,919,2.024788,3.037181,1.156630
10,920,1.969328,2.953992,1.224325
10,921,2.018796,3.028195,1.161690
10,922,2.020420,3.030630,1.163891
10,923,2.020346,3.030520,1.154543
10,924,1.982157,2.973235,1.214367
10,925,2.014930,3.022395,1.191040
10,926,2.006805,3.010208,1.192266
10,927,2.010478,3.015716,1.204421
10,928,1.969257,2.953886,1.279104
10,929,2.011320,3.016980,1.178486
10,930,2.015277,3.022916,1.164754
10,931,1.968508,2.952763,1.256688
10,932,2.017205,3.025807,1.179626
10,933,2.016150,3.024226,1.174782
10,934,2.005462,3.008193,1.202225
10,935,1.972514,2.958771,1.279780
10,936,2.022726,3.034089,1.182396
10,937,1.996355,2.994533,1.193379
10,938,1.986100,2.979150,1.217599
10,939,1.982187,2.973281,1.225664
10,940,1.993406,2.990108,1.202801
10,941,2.009559,3.014339,1.183733
10,942,1.999625,2.999437,1.202238
10,943,1.993666,2.990498,1.192037
10,944,2.025792,3.038688,1.169467
10,945,2.008076,3.012114,1.199699
10,946,2.017988,3.026983,1.176086
10,947,2.030936,3.046404,1.138795
10,948,1.989048,2.983572,1.183001
10,949,1.984924,2.977385,1.190423
10,950,1.993510,2.990264,1.203420
10,951,1.975742,2.963613,1.264932
10,952,2.011549,3.017323,1.195892
10,953,1.964742,2.947114,1.266668
10,954,2.009790,3.014684,1.195741
10,955,1.997058,2.995587,1.215686
10,956,2.032113,3.048170,1.155621
10,957,1.992773,2.989159,1.216001
10,958,1.984460,2.976690,1.231400
10,959,2.025190,3.037785,1.159870
10,960,1.986924,2.980387,1.223791
10,961,2.011565,3.017347,1.173036
10,962,2.011457,3.017186,1.172125
10,963,2.039394,3.059092,1.134726
10,964,2.019512,3.029267,1.142956
10,965,1.987912,2.981867,1.204948
10,966,1.976980,2.965470,1.232757
10,967,2.011120,3.016679,1.185199
10,968,1.996364,2.994546,1.218331
10,969,1.986140,2.979209,1.209307
10,970,1.989471,2.984206,1.233501
10,971,1.999092,2.998638,1.229892
10,972,2.030053,3.045079,1.144566
10,973,2.016729,3.025093,1.164407
10,974,2.032910,3.049365,1.141056
10,975,2.001010,3.001515,1.194210
10,976,1.994170,2.991255,1.217290
10,977,2.015009,3.022513,1.170769
10,978,2.002232,3.003347,1.206656
10,979,2.001317,3.001976,1.214551
10,980,1.999802,2.999703,1.184072
10,981,2.000931,3.001397,1.158937
10,982,2.000862,3.001294,1.181691
10,983,1.983522,2.975284,1.239444
10,984,2.036026,3.054039,1.149261
10,985,2.006424,3.009636,1.186600
10,986,1.998117,2.997175,1.219745
10,987,1.994631,2.991946,1.227743
10,988,2.028861,3.043291,1.179149
10,989,2.013176,3.019764,1.179504
10,990,2.009878,3.014817,1.186287
10,991,2.000328,3.000492,1.183058
10,992,2.022685,3.034028,1.140839
10,993,1.994490,2.991735,1.182151
10,994,1.977477,2.966215,1.212015
10,995,2.026061,3.039092,1.161213
10,996,2.007082,3.010624,1.177156
10,997,2.025642,3.038463,1.133625
10,998,2.019378,3.029067,1.159743
10,999,2.042353,3.063530,1.137424
10,1000,2.027047,3.040570,1.167844
